veh_id,t_depart,origin,dest
0,0,12,22
1,0,23,16
2,1,21,14
3,1,19,1
4,1,19,15
5,1,1,16
6,2,7,22
7,2,5,8
8,2,4,21
9,2,19,4
10,2,22,5
11,2,12,3
12,2,4,20
13,3,12,3
14,3,21,4
15,3,24,11
16,3,9,7
17,4,2,23
18,4,20,10
19,4,16,12
20,5,7,0
21,5,4,10
22,5,13,9
23,5,1,22
24,5,11,19
25,6,15,6
26,6,16,13
27,6,12,3
28,7,4,2
29,7,0,18
30,7,13,15
31,7,9,1
32,8,10,24
33,8,6,0
34,8,14,10
35,8,23,8
36,8,18,7
37,8,18,20
38,8,4,7
39,8,15,5
40,9,2,24
41,9,20,16
42,9,13,1
43,9,21,15
44,10,7,0
45,10,17,11
46,10,23,20
47,10,6,23
48,11,4,24
49,11,9,7
50,11,23,12
51,11,1,13
52,11,20,10
53,11,9,7
54,12,20,7
55,12,16,19
56,12,6,2
57,12,8,0
58,13,1,10
59,13,1,11
60,13,7,17
61,14,17,7
62,15,16,22
63,15,5,8
64,15,11,1
65,15,19,0
66,16,6,20
67,16,17,13
68,16,17,2
69,16,17,1
70,17,10,24
71,17,19,10
72,17,5,4
73,17,2,13
74,17,4,10
75,18,11,13
76,18,19,16
77,18,16,13
78,18,18,14
79,18,10,3
80,18,14,17
81,18,8,6
82,19,21,2
83,19,15,12
84,19,4,22
85,19,14,23
86,20,17,4
87,20,16,1
88,21,1,10
89,21,20,4
90,22,4,10
91,22,10,12
92,22,18,9
93,22,8,17
94,22,10,8
95,22,12,10
96,22,22,20
97,23,14,0
98,23,15,17
99,24,17,7
100,25,1,10
101,25,12,2
102,25,1,10
103,25,20,19
104,25,5,23
105,25,10,24
106,25,22,1
107,25,5,4
108,26,15,21
109,26,6,4
110,26,17,23
111,26,12,14
112,26,3,17
113,27,21,17
114,27,10,23
115,27,14,4
116,27,14,11
117,27,13,9
118,27,22,10
119,28,12,1
120,28,1,19
121,28,12,9
122,28,20,0
123,28,23,15
124,28,20,8
125,29,8,15
126,29,4,2
127,29,0,23
128,29,7,17
129,30,14,17
130,30,18,21
131,30,9,7
132,31,3,19
133,31,14,6
134,31,12,10
135,32,20,11
136,33,18,15
137,33,8,4
138,33,16,23
139,34,10,3
140,34,12,5
141,34,10,6
142,34,7,19
143,34,1,4
144,34,2,5
145,34,16,4
146,35,13,3
147,35,21,6
148,35,1,24
149,35,19,20
150,36,9,0
151,36,11,20
152,36,16,9
153,36,3,12
154,36,24,9
155,37,4,20
156,37,7,15
157,37,0,2
158,38,12,5
159,38,7,15
160,38,19,12
161,38,15,3
162,38,17,8
163,38,11,23
164,39,24,14
165,39,6,10
166,39,18,21
167,39,1,23
168,39,7,10
169,40,7,15
170,40,11,4
171,41,2,9
172,42,12,21
173,42,17,11
174,42,2,22
175,42,10,19
176,43,4,1
177,43,18,16
178,44,11,13
179,44,12,10
180,44,4,17
181,44,4,7
182,44,2,11
183,44,16,8
184,45,6,8
185,45,19,10
186,45,4,13
187,45,0,10
188,46,12,24
189,46,14,18
190,46,11,21
191,47,22,16
192,47,9,1
193,47,0,9
194,47,22,6
195,48,1,24
196,48,18,15
197,49,2,18
198,49,18,9
199,49,20,3
200,49,20,12
201,50,17,9
202,51,9,5
203,51,10,8
204,52,24,6
205,52,2,20
206,52,5,13
207,52,3,18
208,53,4,8
209,53,5,23
210,53,16,18
211,53,21,2
212,54,22,24
213,54,6,20
214,54,14,8
215,54,23,9
216,54,17,7
217,55,24,8
218,55,4,16
219,56,22,13
220,56,13,21
221,56,12,5
222,56,18,2
223,57,21,18
224,57,4,11
225,57,19,12
226,57,3,1
227,57,18,21
228,57,15,6
229,58,13,2
230,58,23,21
231,58,9,6
232,59,11,9
233,59,20,5
234,60,23,5
235,60,6,2
236,60,12,0
237,60,10,8
238,61,14,17
239,61,6,21
240,61,7,5
241,62,8,15
242,62,0,17
243,62,5,24
244,63,24,4
245,63,21,9
246,64,1,11
247,64,20,16
248,64,0,16
249,64,19,23
250,64,15,18
251,64,17,24
252,64,20,6
253,64,3,1
254,65,1,21
255,65,2,14
256,65,21,0
257,65,21,9
258,65,22,18
259,66,17,14
260,66,20,23
261,66,17,0
262,67,24,9
263,67,15,12
264,67,20,3
265,68,10,18
266,69,17,14
267,69,3,16
268,69,13,0
269,70,3,0
270,70,7,22
271,70,23,11
272,70,11,19
273,70,9,21
274,70,3,12
275,71,5,11
276,71,10,6
277,71,6,12
278,72,2,14
279,72,9,7
280,72,14,8
281,72,14,10
282,72,0,11
283,73,19,7
284,73,0,11
285,73,24,1
286,73,17,21
287,73,10,4
288,74,7,16
289,74,9,7
290,74,0,10
291,75,21,5
292,75,17,13
293,75,24,5
294,75,12,1
295,76,20,14
296,76,4,14
297,76,3,9
298,76,1,17
299,76,13,23
300,76,2,13
301,77,15,12
302,77,18,3
303,77,2,8
304,77,23,11
305,78,23,20
306,78,7,24
307,78,13,4
308,78,11,18
309,79,19,5
310,79,1,10
311,79,23,11
312,79,18,2
313,79,23,8
314,80,0,19
315,80,10,24
316,80,15,18
317,80,10,6
318,80,10,19
319,81,16,0
320,81,17,20
321,81,15,12
322,82,5,8
323,82,12,23
324,83,6,12
325,84,19,0
326,84,15,1
327,84,5,12
328,85,10,19
329,85,23,11
330,85,16,20
331,85,18,24
332,85,11,18
333,85,22,11
334,86,7,10
335,86,17,0
336,87,24,13
337,87,16,14
338,88,7,1
339,88,4,5
340,88,24,2
341,88,23,7
342,88,9,1
343,88,23,9
344,88,16,10
345,89,5,20
346,89,4,5
347,89,2,22
348,89,11,22
349,89,2,15
350,89,10,21
351,90,13,11
352,91,20,19
353,91,12,5
354,91,17,6
355,92,22,11
356,92,9,15
357,92,10,23
358,92,3,22
359,93,14,5
360,94,5,19
361,94,19,16
362,94,14,0
363,94,11,21
364,94,21,3
365,94,15,12
366,95,12,19
367,95,17,24
368,95,2,22
369,95,11,23
370,95,20,11
371,95,20,13
372,95,16,22
373,96,22,5
374,97,20,12
375,98,7,20
376,98,15,3
377,98,19,15
378,99,6,13
379,99,12,19
380,99,19,22
381,99,14,15
382,99,8,19
383,100,16,6
384,100,0,19
385,100,3,12
386,101,9,12
387,102,2,11
388,102,4,21
389,102,7,4
390,102,8,19
391,102,0,21
392,102,3,9
393,103,21,13
394,103,4,20
395,104,13,4
396,104,20,18
397,104,20,5
398,104,4,7
399,104,22,14
400,104,21,13
401,105,15,11
402,105,10,14
403,105,3,5
404,106,16,22
405,106,6,22
406,106,15,9
407,107,12,22
408,107,23,15
409,107,20,23
410,107,16,18
411,107,23,20
412,107,19,6
413,107,1,5
414,108,8,12
415,108,22,9
416,108,17,7
417,108,6,3
418,108,22,16
419,109,14,24
420,109,6,20
421,109,23,3
422,110,4,12
423,110,22,3
424,111,24,14
425,111,9,10
426,111,15,9
427,112,1,15
428,112,16,6
429,112,7,24
430,113,11,22
431,113,4,20
432,113,4,18
433,113,23,8
434,114,0,22
435,114,16,10
436,114,17,11
437,114,10,18
438,114,7,1
439,114,24,21
440,115,11,24
441,115,19,13
442,115,2,4
443,115,23,6
444,116,4,12
445,116,19,5
446,116,7,24
447,117,0,7
448,117,15,12
449,117,17,2
450,118,19,12
451,118,1,10
452,119,10,16
453,119,18,14
454,119,4,17
455,119,12,3
456,120,24,8
457,120,21,9
458,120,11,23
459,121,17,4
460,121,0,2
461,121,16,9
462,121,15,3
463,121,3,12
464,123,10,7
465,125,0,13
466,125,7,15
467,125,24,7
468,125,16,22
469,126,24,5
470,126,14,24
471,126,22,7
472,126,1,4
473,126,5,12
474,127,6,18
475,127,1,23
476,127,2,0
477,128,0,6
478,128,2,14
479,128,19,20
480,128,20,24
481,128,4,7
482,128,4,22
483,129,24,18
484,130,21,17
485,130,20,11
486,130,15,1
487,130,15,1
488,130,3,7
489,131,14,4
490,131,2,10
491,131,10,14
492,131,4,11
493,131,18,1
494,132,10,0
495,132,14,5
496,133,0,9
497,133,18,24
498,134,0,18
499,134,14,10
500,134,15,13
501,134,5,8
502,135,7,23
503,135,16,9
504,135,1,3
505,136,10,23
506,136,4,11
507,136,21,10
508,136,7,22
509,137,16,9
510,137,23,15
511,137,17,20
512,137,20,23
513,137,21,15
514,138,4,17
515,138,0,12
516,138,13,4
517,138,14,5
518,138,3,13
519,138,1,4
520,140,12,4
521,140,11,5
522,140,8,19
523,140,13,16
524,140,2,24
525,141,18,15
526,141,4,13
527,141,21,14
528,142,6,16
529,142,22,11
530,142,21,4
531,142,23,20
532,142,9,5
533,142,21,6
534,142,23,1
535,143,8,21
536,143,2,14
537,143,21,5
538,143,23,19
539,144,12,16
540,144,6,8
541,144,15,14
542,144,5,17
543,145,22,24
544,145,19,3
545,145,20,8
546,145,15,5
547,146,17,9
548,146,24,5
549,146,18,9
550,147,3,17
551,147,15,21
552,147,10,8
553,148,5,3
554,148,19,23
555,148,23,8
556,148,22,24
557,148,4,6
558,148,11,2
559,149,8,16
560,149,14,11
561,149,18,0
562,149,7,13
563,150,11,2
564,150,19,12
565,151,9,6
566,151,7,9
567,151,5,15
568,152,12,14
569,152,11,7
570,153,11,5
571,153,17,14
572,153,9,1
573,153,9,11
574,153,13,11
575,153,20,0
576,153,8,16
577,154,2,18
578,154,5,21
579,154,2,10
580,155,3,15
581,155,4,7
582,156,9,2
583,157,1,14
584,157,2,21
585,158,9,7
586,158,22,6
587,158,14,5
588,158,19,1
589,158,4,6
590,159,2,24
591,159,10,2
592,160,23,12
593,160,7,24
594,160,0,13
595,160,12,14
596,160,2,19
597,160,23,6
598,161,21,1
599,162,13,21
600,162,16,7
601,162,8,1
602,162,15,2
603,163,23,7
604,163,3,7
605,163,2,21
606,163,19,7
607,163,19,22
608,163,0,6
609,163,18,16
610,164,19,4
611,164,10,19
612,164,2,0
613,164,7,20
614,164,0,10
615,165,3,23
616,165,11,8
617,166,13,0
618,166,20,1
619,166,6,17
620,166,11,18
621,166,18,24
622,167,4,20
623,167,13,6
624,167,13,11
625,168,6,21
626,168,13,21
627,169,13,20
628,169,16,20
629,169,0,13
630,170,23,2
631,170,23,20
632,170,18,12
633,170,24,4
634,171,11,24
635,171,2,14
636,171,22,13
637,171,7,1
638,171,19,22
639,172,14,22
640,172,16,3
641,172,23,14
642,173,20,9
643,173,12,22
644,173,13,11
645,173,3,11
646,173,2,20
647,174,13,5
648,174,19,3
649,174,23,11
650,174,16,1
651,174,17,11
652,174,1,24
653,174,23,17
654,175,12,18
655,175,1,22
656,175,1,13
657,175,4,10
658,175,21,8
659,175,9,0
660,176,5,2
661,176,12,10
662,176,8,19
663,176,20,11
664,176,5,20
665,177,8,6
666,177,18,14
667,177,12,14
668,178,6,10
669,178,10,0
670,179,20,10
671,179,6,20
672,179,11,14
673,179,8,19
674,180,0,20
675,180,8,22
676,180,15,18
677,180,20,18
678,180,12,18
679,180,4,7
680,180,1,23
681,180,2,18
682,181,17,8
683,181,2,23
684,181,0,14
685,182,1,12
686,182,11,20
687,182,2,10
688,183,15,7
689,184,21,23
690,184,22,16
691,185,9,13
692,186,20,6
693,187,12,8
694,188,11,24
695,188,23,4
696,188,13,19
697,188,15,21
698,188,14,17
699,188,21,10
700,189,17,8
701,189,4,5
702,189,24,20
703,190,4,14
704,190,21,7
705,190,10,12
706,190,9,23
707,190,1,5
708,190,12,19
709,190,3,16
710,191,18,22
711,191,0,9
712,191,23,6
713,192,3,23
714,192,23,2
715,193,2,18
716,193,15,9
717,193,8,22
718,193,12,0
719,194,16,10
720,194,9,3
721,194,21,7
722,194,0,3
723,195,20,9
724,195,14,6
725,195,20,2
726,195,2,10
727,195,3,21
728,196,10,23
729,197,3,24
730,197,6,13
731,198,0,24
732,198,21,17
733,198,6,15
734,198,11,4
735,198,10,18
736,199,4,12
737,199,20,5
738,200,3,6
739,200,17,10
740,200,19,23
741,200,19,15
742,200,20,18
743,201,18,14
744,201,7,4
745,201,20,2
746,202,2,6
747,203,7,23
748,203,17,10
749,203,6,19
750,205,0,4
751,205,22,11
752,205,15,9
753,205,21,19
754,205,19,12
755,205,8,15
756,206,10,12
757,206,22,20
758,206,11,24
759,206,7,5
760,206,3,7
761,206,21,1
762,206,24,1
763,207,12,21
764,207,17,7
765,207,15,8
766,207,9,21
767,208,5,2
768,208,4,8
769,209,1,11
770,209,12,19
771,209,23,2
772,209,0,24
773,209,22,20
774,209,5,13
775,210,7,16
776,210,16,23
777,210,9,10
778,210,18,20
779,211,20,6
780,211,10,3
781,212,18,20
782,213,8,20
783,213,1,7
784,213,15,1
785,214,2,16
786,214,15,18
787,214,18,7
788,215,4,19
789,215,2,9
790,215,14,22
791,216,12,20
792,216,23,8
793,216,19,6
794,216,21,8
795,217,22,13
796,217,21,1
797,217,16,4
798,217,1,3
799,217,20,16
800,218,13,24
801,219,1,22
802,219,21,13
803,219,2,17
804,219,19,12
805,219,4,20
806,220,23,5
807,220,0,14
808,220,1,10
809,221,9,2
810,221,15,17
811,221,20,6
812,221,11,19
813,221,15,0
814,221,24,21
815,221,3,19
816,221,4,7
817,222,23,8
818,222,9,21
819,222,0,20
820,222,15,21
821,222,10,1
822,223,14,8
823,223,7,24
824,224,17,6
825,224,15,21
826,224,2,24
827,224,9,17
828,224,24,7
829,225,19,21
830,225,13,15
831,225,24,20
832,225,14,15
833,225,0,9
834,225,11,24
835,227,5,8
836,228,8,14
837,228,5,12
838,228,24,14
839,229,4,15
840,230,19,5
841,230,14,22
842,231,15,24
843,231,4,23
844,231,0,17
845,232,8,19
846,232,3,18
847,232,5,7
848,233,12,15
849,233,9,10
850,233,18,3
851,233,2,11
852,234,22,8
853,234,3,11
854,234,20,7
855,234,21,9
856,235,8,11
857,235,5,4
858,235,1,10
859,236,18,1
860,236,19,5
861,236,3,21
862,236,8,10
863,237,2,13
864,237,2,24
865,237,15,3
866,237,11,19
867,237,12,23
868,238,16,2
869,238,1,7
870,238,6,18
871,238,12,18
872,238,1,3
873,239,15,18
874,239,9,12
875,239,12,22
876,240,24,22
877,240,6,15
878,240,5,14
879,240,24,0
880,240,22,8
881,241,4,10
882,241,16,10
883,241,24,16
884,241,5,11
885,241,20,6
886,241,0,23
887,241,15,5
888,242,2,20
889,242,4,11
890,243,5,4
891,243,3,19
892,243,6,18
893,244,2,18
894,244,14,15
895,244,7,18
896,244,6,13
897,245,13,2
898,245,2,22
899,245,9,17
900,245,7,10
901,245,17,9
902,246,5,24
903,246,18,21
904,246,16,9
905,247,1,13
906,247,7,9
907,247,19,12
908,247,11,19
909,247,15,13
910,247,18,22
911,248,10,1
912,248,17,15
913,248,0,13
914,248,5,20
915,249,15,23
916,249,14,10
917,249,19,16
918,250,19,1
919,250,17,1
920,251,20,24
921,251,11,7
922,252,6,10
923,252,5,3
924,252,4,0
925,253,21,2
926,253,7,11
927,253,21,19
928,253,6,13
929,254,14,4
930,254,2,19
931,254,3,5
932,254,4,18
933,255,9,11
934,255,0,10
935,255,11,17
936,255,3,6
937,256,5,13
938,256,11,3
939,256,20,8
940,256,9,15
941,257,20,13
942,257,13,22
943,257,21,12
944,257,7,20
945,257,20,11
946,257,18,16
947,257,7,4
948,258,22,0
949,258,3,0
950,258,5,24
951,258,2,6
952,259,24,22
953,259,22,2
954,259,8,24
955,259,11,14
956,259,7,0
957,259,9,10
958,259,3,13
959,259,6,17
960,259,21,7
961,259,12,23
962,259,20,8
963,260,1,17
964,260,23,11
965,260,8,20
966,260,7,4
967,260,1,20
968,260,14,0
969,261,22,20
970,261,10,7
971,262,7,16
972,262,22,0
973,262,13,7
974,262,18,21
975,262,8,0
976,263,5,3
977,263,4,13
978,264,23,17
979,264,13,2
980,264,17,1
981,264,14,2
982,264,7,16
983,264,17,24
984,264,19,5
985,265,23,21
986,265,16,14
987,265,21,10
988,265,19,20
989,265,2,22
990,265,7,10
991,265,5,7
992,265,10,17
993,266,1,17
994,266,20,23
995,266,4,13
996,267,4,5
997,267,11,24
998,267,24,9
999,267,4,23
1000,267,22,9
1001,267,6,2
1002,267,19,3
1003,268,23,21
1004,268,4,13
1005,269,23,10
1006,269,22,10
1007,270,19,21
1008,270,1,11
1009,270,15,24
1010,270,5,1
1011,270,20,4
1012,271,18,10
1013,271,15,11
1014,271,13,15
1015,271,8,12
1016,271,13,19
1017,272,21,14
1018,272,7,15
1019,272,22,16
1020,272,4,14
1021,272,24,1
1022,273,13,10
1023,273,18,12
1024,273,2,17
1025,273,0,14
1026,273,23,7
1027,274,19,13
1028,274,21,17
1029,275,19,15
1030,275,21,24
1031,276,18,15
1032,276,12,24
1033,276,5,3
1034,276,7,10
1035,276,3,21
1036,276,17,5
1037,277,15,14
1038,277,14,1
1039,277,18,1
1040,277,12,24
1041,278,5,13
1042,278,24,4
1043,278,17,2
1044,278,24,11
1045,279,2,16
1046,279,14,15
1047,280,13,21
1048,281,10,13
1049,281,22,14
1050,281,3,15
1051,281,3,5
1052,282,15,2
1053,282,20,1
1054,282,12,9
1055,282,10,22
1056,283,17,0
1057,283,5,13
1058,283,8,5
1059,284,4,21
1060,284,24,15
1061,284,1,18
1062,284,11,3
1063,284,24,5
1064,284,9,16
1065,284,17,11
1066,285,4,15
1067,285,21,5
1068,285,0,23
1069,285,2,17
1070,286,10,24
1071,286,23,15
1072,286,21,4
1073,286,24,8
1074,286,11,9
1075,286,20,10
1076,287,20,7
1077,287,6,9
1078,287,11,21
1079,287,17,5
1080,288,12,1
1081,288,11,20
1082,288,15,1
1083,289,22,15
1084,289,5,2
1085,290,3,18
1086,290,5,23
1087,290,11,13
1088,290,8,12
1089,290,23,3
1090,290,11,19
1091,290,23,6
1092,291,4,6
1093,291,9,18
1094,291,18,4
1095,291,18,20
1096,292,17,10
1097,292,15,13
1098,292,3,24
1099,292,14,17
1100,292,14,7
1101,292,21,24
1102,293,6,20
1103,293,16,13
1104,293,0,14
1105,293,18,11
1106,294,17,2
1107,294,20,23
1108,294,15,24
1109,294,9,21
1110,295,14,10
1111,295,22,8
1112,295,1,14
1113,295,13,21
1114,296,6,9
1115,296,9,6
1116,296,1,7
1117,296,21,8
1118,296,12,20
1119,297,2,5
1120,297,13,3
1121,297,14,3
1122,298,16,3
1123,298,10,24
1124,298,19,6
1125,298,1,15
1126,299,2,4
1127,299,24,14
1128,299,10,12
1129,300,10,3
1130,300,2,22
1131,300,15,5
1132,300,2,9
1133,300,12,18
1134,300,12,1
1135,300,1,17
1136,300,4,13
1137,301,11,1
1138,301,6,21
1139,301,7,10
1140,301,11,14
1141,301,2,6
1142,301,11,14
1143,301,7,19
1144,302,0,13
1145,302,1,12
1146,302,13,23
1147,302,6,23
1148,303,7,15
1149,303,6,14
1150,303,18,1
1151,303,1,5
1152,304,10,17
1153,304,8,15
1154,305,15,14
1155,305,18,6
1156,305,7,3
1157,305,19,10
1158,305,7,16
1159,305,22,14
1160,305,2,21
1161,305,13,20
1162,305,15,3
1163,306,20,13
1164,306,23,9
1165,306,3,21
1166,306,17,3
1167,307,5,13
1168,307,13,2
1169,307,8,10
1170,307,12,8
1171,308,10,3
1172,308,3,24
1173,308,2,9
1174,308,20,14
1175,309,22,24
1176,309,20,5
1177,309,18,4
1178,309,5,24
1179,309,23,0
1180,310,8,12
1181,310,22,0
1182,310,7,19
1183,310,0,7
1184,310,4,17
1185,310,18,22
1186,311,8,4
1187,311,3,11
1188,311,13,6
1189,311,2,18
1190,312,20,4
1191,312,24,9
1192,312,21,3
1193,313,20,19
1194,313,20,16
1195,313,5,2
1196,314,7,5
1197,314,4,20
1198,314,13,22
1199,314,14,10
1200,314,3,12
1201,314,5,22
1202,315,20,23
1203,315,17,0
1204,315,18,15
1205,316,22,24
1206,316,22,1
1207,317,22,15
1208,317,2,12
1209,317,16,13
1210,317,9,15
1211,318,15,11
1212,318,6,14
1213,318,19,9
1214,319,12,8
1215,319,7,9
1216,319,23,1
1217,319,6,3
1218,319,14,18
1219,319,7,4
1220,319,9,5
1221,319,1,16
1222,319,11,7
1223,320,9,5
1224,320,23,19
1225,320,3,6
1226,320,22,2
1227,321,3,13
1228,321,24,12
1229,321,1,21
1230,322,2,5
1231,322,19,9
1232,322,16,12
1233,322,0,2
1234,322,8,24
1235,322,7,13
1236,322,21,2
1237,322,20,11
1238,322,2,4
1239,323,6,19
1240,323,23,19
1241,323,2,17
1242,324,17,0
1243,324,17,24
1244,324,1,23
1245,324,3,22
1246,324,14,18
1247,324,4,20
1248,325,7,17
1249,325,8,0
1250,325,8,2
1251,325,18,16
1252,326,17,21
1253,326,9,15
1254,326,19,2
1255,326,18,7
1256,327,10,8
1257,327,5,16
1258,328,21,4
1259,329,2,18
1260,329,6,2
1261,330,2,5
1262,330,23,9
1263,330,11,17
1264,330,0,2
1265,330,18,6
1266,330,8,0
1267,331,18,3
1268,331,16,2
1269,332,20,12
1270,332,7,5
1271,333,3,17
1272,333,4,6
1273,333,10,7
1274,333,23,12
1275,333,21,5
1276,333,22,2
1277,333,1,19
1278,333,19,9
1279,333,21,14
1280,334,9,24
1281,334,23,17
1282,335,15,13
1283,335,8,4
1284,335,3,24
1285,335,5,1
1286,336,14,23
1287,336,5,22
1288,336,12,2
1289,336,19,16
1290,336,19,4
1291,336,3,11
1292,336,23,7
1293,336,24,22
1294,337,20,1
1295,337,4,6
1296,338,14,2
1297,338,22,9
1298,338,9,6
1299,338,0,10
1300,339,13,21
1301,339,22,5
1302,339,8,19
1303,339,12,19
1304,339,6,14
1305,340,9,0
1306,340,13,7
1307,341,12,5
1308,341,23,0
1309,341,17,5
1310,342,7,22
1311,343,8,14
1312,343,1,24
1313,343,17,13
1314,343,1,8
1315,343,12,9
1316,343,20,5
1317,343,19,5
1318,344,2,14
1319,345,10,21
1320,345,1,18
1321,345,22,10
1322,345,4,5
1323,345,0,14
1324,345,1,17
1325,346,8,4
1326,346,0,13
1327,346,2,22
1328,346,16,19
1329,346,0,8
1330,346,8,23
1331,346,3,20
1332,346,17,15
1333,347,1,11
1334,347,1,5
1335,347,6,13
1336,347,3,9
1337,348,18,16
1338,348,1,16
1339,348,19,6
1340,348,21,18
1341,348,18,6
1342,348,13,2
1343,348,12,6
1344,349,9,24
1345,349,17,19
1346,349,15,14
1347,349,2,22
1348,349,1,21
1349,349,22,18
1350,349,4,5
1351,349,4,16
1352,349,0,7
1353,350,17,5
1354,350,20,14
1355,350,8,19
1356,350,23,1
1357,351,17,11
1358,351,19,13
1359,351,15,5
1360,352,18,5
1361,352,0,16
1362,352,11,8
1363,352,18,8
1364,352,5,24
1365,352,24,18
1366,353,12,14
1367,353,12,16
1368,353,24,12
1369,354,4,16
1370,354,16,9
1371,355,23,19
1372,355,3,0
1373,355,2,5
1374,355,22,2
1375,355,0,24
1376,356,5,16
1377,356,15,14
1378,356,2,6
1379,357,19,3
1380,357,24,21
1381,358,4,24
1382,358,23,19
1383,358,9,18
1384,358,1,10
1385,358,19,22
1386,359,9,3
1387,359,7,9
1388,359,20,1
1389,360,18,4
1390,360,1,21
1391,360,8,21
1392,360,14,10
1393,361,0,10
1394,361,0,14
1395,361,7,21
1396,361,0,8
1397,361,8,24
1398,361,7,19
1399,361,22,9
1400,361,9,10
1401,361,15,13
1402,362,7,24
1403,362,16,7
1404,362,12,1
1405,362,17,1
1406,363,19,13
1407,363,12,5
1408,364,11,3
1409,364,18,6
1410,364,22,4
1411,364,7,14
1412,364,21,23
1413,364,0,6
1414,365,13,19
1415,365,1,5
1416,365,23,11
1417,367,10,9
1418,367,3,10
1419,367,3,18
1420,367,4,22
1421,367,22,19
1422,368,21,5
1423,368,9,21
1424,369,2,6
1425,370,14,12
1426,370,0,9
1427,370,13,19
1428,370,15,3
1429,371,18,12
1430,371,10,1
1431,371,14,16
1432,371,23,10
1433,371,24,8
1434,372,4,8
1435,373,12,14
1436,373,21,12
1437,373,9,1
1438,373,0,11
1439,373,18,8
1440,373,7,16
1441,373,19,11
1442,373,14,1
1443,374,17,7
1444,374,14,6
1445,374,0,18
1446,374,2,0
1447,374,7,19
1448,374,10,24
1449,374,17,5
1450,374,5,7
1451,375,12,22
1452,375,5,2
1453,375,9,12
1454,376,6,17
1455,376,22,16
1456,377,19,8
1457,377,15,19
1458,377,1,15
1459,377,3,24
1460,377,11,22
1461,378,9,21
1462,378,23,1
1463,378,15,19
1464,378,8,11
1465,378,18,4
1466,378,18,5
1467,379,16,20
1468,379,23,2
1469,379,0,22
1470,379,7,4
1471,380,14,18
1472,380,1,15
1473,380,24,14
1474,380,22,10
1475,381,14,5
1476,381,14,7
1477,381,12,14
1478,381,24,7
1479,382,17,3
1480,382,20,13
1481,382,16,1
1482,382,8,22
1483,382,8,4
1484,383,0,2
1485,383,24,22
1486,383,12,0
1487,383,8,15
1488,384,5,7
1489,384,16,23
1490,384,21,23
1491,384,18,2
1492,386,21,11
1493,386,10,4
1494,386,1,4
1495,386,11,0
1496,386,18,0
1497,386,7,17
1498,386,16,5
1499,386,20,9
1500,387,13,6
1501,387,23,13
1502,387,7,4
1503,387,9,23
1504,387,23,19
1505,388,14,0
1506,388,4,14
1507,388,3,18
1508,389,6,8
1509,389,15,6
1510,389,15,14
1511,389,22,14
1512,389,14,7
1513,389,21,4
1514,389,4,6
1515,390,1,18
1516,390,19,5
1517,391,1,23
1518,391,22,13
1519,391,22,0
1520,391,12,16
1521,392,18,5
1522,392,1,10
1523,392,2,20
1524,392,14,1
1525,392,4,19
1526,393,16,2
1527,393,2,16
1528,393,2,5
1529,393,0,22
1530,394,21,13
1531,394,2,24
1532,394,21,1
1533,394,24,3
1534,394,17,23
1535,394,10,14
1536,394,8,5
1537,395,9,12
1538,395,22,6
1539,395,1,10
1540,396,10,18
1541,396,11,17
1542,396,13,5
1543,396,7,22
1544,396,1,15
1545,396,4,17
1546,396,12,2
1547,397,4,15
1548,397,18,11
1549,397,12,21
1550,397,22,18
1551,397,17,19
1552,397,4,8
1553,397,22,14
1554,397,1,7
1555,398,13,19
1556,398,24,8
1557,398,4,1
1558,398,12,1
1559,398,4,1
1560,399,21,13
1561,399,14,6
1562,399,17,13
1563,399,4,1
1564,399,2,21
1565,399,4,10
1566,400,9,23
1567,400,19,8
1568,400,13,1
1569,400,8,10
1570,400,5,24
1571,400,19,21
1572,401,5,11
1573,401,2,10
1574,401,19,21
1575,401,23,11
1576,402,4,2
1577,402,14,18
1578,402,8,24
1579,402,4,22
1580,403,22,7
1581,403,3,24
1582,403,17,6
1583,404,18,21
1584,404,22,9
1585,404,9,2
1586,404,8,12
1587,405,16,18
1588,405,21,9
1589,405,13,21
1590,406,23,12
1591,406,6,2
1592,406,7,21
1593,407,13,23
1594,407,0,6
1595,407,5,8
1596,407,4,0
1597,407,15,3
1598,408,6,18
1599,408,4,13
1600,408,10,14
1601,408,0,23
1602,408,3,10
1603,409,13,23
1604,409,15,14
1605,410,22,7
1606,410,3,9
1607,411,1,3
1608,411,22,24
1609,411,15,11
1610,411,1,23
1611,411,18,7
1612,411,12,0
1613,412,7,24
1614,412,7,3
1615,412,12,19
1616,412,5,19
1617,412,18,2
1618,413,23,17
1619,413,10,4
1620,413,1,10
1621,413,0,7
1622,414,23,4
1623,414,13,15
1624,414,12,21
1625,414,8,19
1626,415,9,24
1627,415,2,16
1628,415,5,12
1629,415,17,10
1630,415,12,18
1631,415,12,2
1632,416,17,10
1633,416,1,11
1634,416,6,24
1635,417,18,5
1636,417,0,11
1637,417,19,4
1638,417,5,20
1639,417,7,1
1640,417,3,6
1641,418,21,9
1642,418,14,21
1643,418,18,22
1644,418,19,22
1645,419,6,14
1646,419,5,22
1647,419,7,22
1648,419,1,17
1649,419,19,5
1650,419,0,22
1651,420,20,2
1652,420,6,3
1653,420,20,12
1654,420,19,7
1655,421,12,3
1656,421,20,16
1657,421,10,21
1658,421,12,24
1659,421,9,15
1660,422,8,5
1661,422,13,19
1662,422,0,23
1663,422,23,13
1664,422,23,4
1665,422,24,6
1666,423,5,12
1667,423,24,16
1668,424,9,18
1669,424,9,23
1670,424,16,3
1671,424,19,9
1672,425,11,3
1673,425,19,1
1674,425,24,9
1675,427,15,14
1676,427,5,16
1677,427,21,11
1678,427,17,0
1679,427,14,18
1680,427,14,3
1681,428,18,6
1682,428,22,12
1683,429,3,15
1684,429,23,6
1685,429,10,19
1686,430,4,10
1687,430,7,10
1688,430,5,20
1689,430,18,11
1690,430,6,22
1691,430,8,20
1692,430,24,8
1693,432,1,8
1694,432,23,4
1695,432,8,22
1696,432,19,16
1697,432,1,8
1698,432,12,8
1699,432,0,6
1700,433,12,22
1701,433,14,17
1702,433,9,0
1703,433,2,0
1704,434,1,23
1705,434,19,8
1706,434,8,6
1707,434,6,10
1708,434,2,18
1709,434,15,2
1710,434,11,7
1711,435,4,0
1712,435,8,2
1713,436,3,24
1714,436,9,19
1715,436,9,2
1716,436,17,24
1717,437,5,15
1718,437,19,10
1719,437,8,22
1720,438,11,3
1721,438,1,12
1722,438,9,24
1723,439,12,1
1724,439,3,9
1725,440,23,7
1726,440,12,0
1727,440,20,1
1728,440,7,16
1729,441,24,0
1730,441,21,19
1731,441,11,22
1732,442,18,14
1733,442,11,3
1734,442,14,21
1735,442,14,15
1736,443,14,20
1737,443,23,9
1738,443,0,24
1739,443,11,22
1740,443,12,8
1741,444,11,5
1742,444,6,21
1743,444,8,19
1744,444,13,3
1745,445,0,22
1746,445,7,11
1747,446,10,2
1748,446,24,3
1749,446,5,16
1750,447,24,22
1751,447,20,23
1752,447,23,10
1753,447,17,4
1754,447,11,8
1755,448,0,12
1756,449,2,14
1757,450,8,5
1758,450,19,23
1759,450,0,23
1760,450,6,10
1761,451,1,5
1762,451,19,0
1763,451,7,23
1764,451,18,6
1765,451,21,14
1766,452,16,1
1767,452,4,8
1768,453,16,19
1769,453,6,19
1770,453,14,3
1771,453,22,16
1772,453,0,19
1773,453,13,22
1774,453,23,9
1775,454,4,10
1776,454,12,9
1777,454,0,18
1778,454,22,3
1779,455,19,21
1780,455,2,6
1781,455,6,15
1782,456,22,11
1783,456,8,6
1784,456,15,12
1785,457,0,14
1786,457,9,18
1787,457,23,3
1788,457,23,0
1789,457,22,16
1790,458,2,12
1791,458,18,15
1792,458,0,2
1793,458,0,12
1794,459,0,9
1795,459,19,9
1796,459,4,1
1797,460,15,18
1798,460,8,11
1799,460,20,22
1800,460,3,10
1801,460,2,12
1802,460,3,11
1803,461,18,15
1804,462,19,0
1805,462,4,17
1806,462,0,16
1807,463,4,14
1808,463,17,24
1809,464,14,0
1810,465,22,0
1811,465,12,23
1812,465,22,15
1813,466,7,10
1814,466,21,3
1815,466,0,21
1816,467,19,6
1817,467,19,1
1818,467,16,14
1819,468,1,11
1820,468,19,22
1821,468,20,5
1822,468,14,22
1823,468,6,0
1824,468,13,15
1825,469,4,20
1826,469,6,16
1827,469,16,10
1828,469,13,7
1829,469,5,19
1830,469,21,24
1831,469,23,4
1832,470,6,18
1833,470,19,1
1834,470,16,7
1835,470,19,1
1836,470,18,1
1837,471,13,6
1838,471,19,2
1839,471,2,14
1840,471,17,4
1841,472,16,9
1842,472,24,6
1843,472,12,20
1844,472,18,14
1845,472,2,20
1846,472,10,8
1847,473,20,0
1848,473,21,9
1849,473,23,13
1850,474,9,24
1851,474,5,9
1852,474,11,9
1853,474,12,22
1854,474,0,22
1855,474,8,11
1856,475,15,23
1857,475,24,0
1858,475,14,11
1859,475,15,8
1860,475,16,12
1861,475,12,3
1862,475,19,20
1863,475,20,23
1864,476,3,23
1865,476,7,15
1866,476,19,11
1867,478,20,7
1868,478,9,7
1869,479,3,24
1870,479,13,21
1871,479,6,9
1872,479,5,16
1873,479,14,15
1874,479,0,8
1875,479,2,11
1876,480,6,12
1877,481,5,22
1878,481,23,10
1879,481,19,3
1880,481,20,8
1881,481,17,10
1882,482,17,2
1883,482,14,5
1884,482,9,10
1885,482,1,9
1886,482,21,13
1887,483,17,19
1888,483,3,11
1889,483,19,23
1890,484,16,0
1891,484,9,0
1892,485,14,8
1893,485,7,15
1894,486,18,22
1895,486,11,13
1896,486,12,8
1897,486,7,17
1898,487,5,22
1899,487,6,0
1900,488,17,2
1901,488,9,10
1902,488,20,12
1903,488,8,23
1904,488,2,8
1905,488,24,15
1906,489,1,19
1907,489,5,17
1908,490,5,3
1909,491,7,4
1910,491,20,24
1911,492,9,15
1912,492,18,2
1913,493,7,4
1914,493,12,2
1915,493,17,19
1916,493,0,4
1917,493,22,9
1918,493,13,3
1919,493,23,20
1920,494,21,12
1921,494,2,16
1922,494,15,7
1923,495,0,19
1924,495,5,7
1925,495,8,1
1926,495,4,24
1927,495,4,6
1928,496,7,3
1929,496,7,21
1930,496,6,14
1931,497,11,20
1932,497,21,8
1933,497,7,4
1934,497,20,0
1935,498,5,3
1936,498,0,8
1937,498,13,2
1938,498,10,21
1939,499,15,9
1940,499,18,9
1941,499,14,17
1942,499,15,24
1943,501,1,9
1944,501,9,22
1945,501,21,2
1946,502,9,6
1947,502,7,14
1948,503,21,7
1949,503,21,4
1950,504,13,6
1951,504,5,8
1952,504,10,12
1953,504,22,5
1954,505,17,2
1955,506,7,16
1956,506,10,21
1957,506,9,7
1958,506,1,16
1959,506,15,24
1960,506,23,7
1961,507,20,1
1962,507,16,8
1963,507,21,8
1964,507,8,19
1965,508,8,12
1966,508,13,1
1967,508,3,1
1968,509,5,1
1969,509,17,6
1970,509,6,23
1971,509,15,7
1972,509,6,21
1973,511,19,5
1974,511,18,1
1975,511,8,17
1976,511,15,8
1977,512,8,4
1978,512,24,5
1979,512,6,24
1980,512,10,0
1981,512,22,16
1982,512,3,22
1983,513,0,20
1984,513,6,12
1985,513,23,0
1986,513,16,6
1987,514,3,7
1988,514,22,6
1989,514,21,5
1990,515,1,7
1991,515,7,11
1992,515,21,18
1993,515,12,18
1994,515,0,24
1995,516,8,2
1996,516,20,17
1997,516,1,9
1998,516,1,15
1999,516,10,22
2000,516,8,15
2001,517,23,11
2002,517,1,9
2003,517,0,15
2004,517,13,21
2005,517,4,6
2006,517,15,18
2007,518,7,10
2008,518,11,3
2009,518,19,10
2010,518,4,22
2011,518,13,23
2012,519,24,16
2013,519,21,2
2014,520,8,4
2015,520,21,18
2016,520,5,24
2017,520,10,20
2018,520,4,21
2019,520,4,1
2020,521,12,4
2021,521,0,14
2022,521,17,11
2023,521,0,18
2024,522,1,7
2025,522,10,19
2026,523,2,24
2027,523,1,5
2028,523,9,5
2029,523,24,18
2030,523,20,1
2031,523,4,6
2032,523,5,17
2033,524,17,10
2034,524,5,20
2035,524,23,14
2036,524,10,20
2037,524,10,4
2038,524,24,11
2039,524,20,6
2040,525,6,19
2041,525,22,6
2042,525,12,16
2043,525,6,10
2044,525,7,5
2045,525,1,19
2046,526,18,12
2047,526,18,24
2048,527,21,19
2049,527,0,6
2050,527,15,12
2051,527,15,24
2052,527,10,12
2053,527,0,2
2054,527,11,19
2055,528,2,10
2056,528,0,11
2057,528,3,0
2058,528,22,0
2059,529,11,20
2060,529,8,10
2061,529,13,9
2062,529,4,0
2063,529,17,24
2064,529,0,14
2065,530,1,21
2066,530,17,9
2067,531,20,11
2068,531,3,13
2069,531,23,1
2070,532,10,0
2071,532,22,14
2072,532,15,24
2073,532,6,17
2074,532,9,0
2075,533,15,19
2076,533,10,4
2077,533,7,4
2078,534,20,6
2079,534,8,19
2080,535,6,2
2081,535,0,17
2082,535,23,21
2083,536,19,12
2084,536,4,2
2085,537,8,18
2086,537,19,1
2087,537,9,2
2088,537,19,23
2089,537,15,1
2090,537,7,10
2091,538,10,8
2092,540,12,22
2093,540,14,22
2094,540,21,7
2095,540,17,9
2096,540,12,24
2097,541,5,22
2098,541,10,12
2099,541,10,14
2100,541,7,9
2101,542,1,20
2102,542,4,13
2103,542,12,8
2104,543,20,5
2105,543,0,19
2106,543,16,10
2107,543,22,10
2108,543,10,9
2109,544,14,2
2110,544,6,22
2111,544,11,8
2112,544,8,24
2113,545,3,17
2114,546,4,10
2115,546,23,7
2116,546,5,19
2117,547,18,20
2118,547,8,2
2119,547,6,13
2120,547,23,17
2121,547,7,17
2122,548,10,19
2123,548,14,1
2124,548,10,7
2125,548,23,15
2126,549,2,16
2127,549,12,0
2128,549,12,8
2129,549,6,3
2130,550,15,23
2131,550,11,9
2132,550,15,23
2133,550,12,4
2134,551,22,2
2135,551,18,3
2136,551,19,10
2137,552,12,0
2138,552,18,9
2139,552,6,8
2140,553,5,14
2141,553,16,19
2142,553,18,14
2143,553,13,10
2144,553,17,2
2145,554,21,0
2146,554,23,19
2147,554,23,13
2148,554,22,3
2149,555,19,17
2150,555,16,22
2151,555,20,19
2152,555,13,10
2153,555,8,17
2154,555,24,1
2155,556,11,3
2156,557,23,0
2157,557,5,21
2158,557,0,9
2159,558,6,0
2160,558,8,11
2161,558,24,16
2162,558,14,15
2163,558,7,21
2164,558,23,17
2165,559,17,1
2166,559,18,21
2167,559,11,21
2168,559,7,15
2169,560,18,22
2170,560,19,11
2171,560,20,0
2172,560,3,21
2173,560,0,22
2174,560,17,11
2175,561,17,23
2176,561,4,14
2177,561,9,6
2178,562,5,23
2179,562,18,6
2180,562,1,11
2181,562,5,1
2182,562,0,15
2183,563,17,21
2184,563,19,12
2185,563,9,17
2186,563,16,18
2187,563,16,6
2188,564,12,21
2189,564,9,15
2190,564,20,6
2191,566,6,3
2192,566,4,5
2193,566,19,10
2194,566,3,16
2195,566,19,1
2196,566,22,14
2197,566,21,6
2198,567,9,16
2199,567,23,9
2200,567,5,12
2201,567,6,9
2202,567,6,13
2203,567,8,22
2204,567,24,12
2205,567,22,14
2206,567,20,5
2207,568,11,14
2208,568,4,1
2209,568,3,1
2210,569,0,14
2211,569,20,8
2212,569,15,7
2213,570,14,18
2214,570,21,1
2215,570,21,1
2216,571,14,24
2217,571,0,20
2218,571,7,16
2219,572,0,20
2220,572,0,23
2221,572,5,3
2222,573,18,7
2223,573,16,0
2224,574,16,5
2225,574,0,6
2226,574,5,2
2227,574,5,1
2228,574,12,9
2229,575,22,12
2230,575,20,7
2231,575,4,16
2232,575,5,21
2233,575,10,20
2234,575,23,16
2235,575,12,21
2236,576,10,13
2237,576,7,16
2238,576,24,14
2239,576,24,8
2240,577,19,0
2241,577,18,14
2242,577,5,15
2243,578,21,2
2244,578,11,17
2245,578,13,23
2246,578,6,2
2247,578,23,9
2248,578,3,22
2249,578,24,9
2250,579,10,9
2251,579,9,0
2252,579,8,14
2253,579,7,17
2254,579,17,21
2255,579,7,14
2256,580,16,1
2257,580,15,8
2258,580,15,2
2259,581,1,19
2260,581,15,24
2261,581,4,10
2262,581,7,5
2263,582,18,3
2264,582,13,20
2265,582,6,18
2266,582,12,20
2267,583,8,1
2268,583,6,12
2269,583,14,18
2270,583,12,3
2271,584,0,22
2272,584,8,4
2273,584,14,11
2274,584,17,9
2275,584,3,6
2276,584,11,5
2277,585,20,6
2278,585,5,4
2279,585,0,12
2280,586,10,23
2281,586,19,13
2282,586,0,13
2283,587,3,0
2284,587,5,22
2285,587,19,11
2286,587,14,4
2287,588,16,18
2288,588,23,9
2289,588,10,13
2290,588,0,12
2291,589,20,7
2292,589,8,11
2293,589,4,7
2294,589,8,1
2295,590,11,8
2296,590,19,13
2297,590,11,17
2298,591,1,20
2299,591,15,4
2300,591,7,21
2301,591,24,12
2302,591,3,17
2303,592,11,23
2304,592,6,14
2305,592,4,23
2306,593,13,16
2307,593,20,14
2308,593,3,12
2309,593,21,4
2310,593,22,2
2311,593,22,7
2312,594,18,3
2313,594,12,9
2314,594,1,22
2315,595,5,22
2316,595,6,23
2317,595,21,8
2318,595,16,19
2319,596,6,8
2320,596,17,14
2321,596,2,10
2322,596,12,16
2323,596,9,17
2324,597,7,4
2325,597,22,4
2326,597,10,21
2327,598,11,9
2328,598,6,8
2329,598,18,3
2330,598,8,11
2331,599,21,6
2332,599,11,20
2333,600,0,10
2334,600,1,3
2335,600,22,10
2336,600,23,20
2337,600,16,5
2338,601,22,14
2339,601,1,16
2340,601,15,11
2341,601,19,7
2342,601,1,10
2343,601,19,10
2344,601,6,22
2345,602,1,11
2346,602,21,0
2347,602,24,0
2348,603,15,1
2349,603,18,20
2350,603,15,14
2351,603,1,18
2352,603,7,1
2353,603,19,12
2354,604,5,15
2355,604,8,18
2356,605,24,3
2357,605,5,18
2358,606,13,17
2359,606,15,14
2360,606,9,10
2361,606,0,3
2362,606,8,0
2363,607,18,11
2364,607,19,2
2365,607,18,15
2366,607,1,8
2367,607,13,5
2368,608,20,14
2369,608,21,18
2370,608,6,12
2371,608,8,4
2372,609,1,14
2373,609,20,18
2374,609,6,8
2375,609,13,24
2376,609,10,0
2377,609,3,19
2378,610,20,6
2379,610,4,21
2380,610,12,22
2381,610,24,13
2382,610,5,3
2383,611,15,8
2384,611,17,8
2385,611,5,23
2386,611,18,11
2387,611,2,23
2388,611,17,6
2389,611,18,8
2390,612,5,17
2391,612,21,18
2392,612,11,14
2393,612,3,20
2394,612,17,13
2395,612,22,15
2396,613,0,11
2397,614,15,19
2398,614,23,13
2399,614,19,21
2400,614,21,5
2401,614,8,12
2402,615,7,1
2403,615,0,7
2404,615,4,23
2405,615,23,12
2406,616,3,11
2407,616,15,12
2408,616,4,21
2409,616,17,6
2410,617,20,2
2411,617,3,15
2412,617,19,15
2413,617,22,6
2414,618,1,11
2415,618,13,16
2416,618,10,17
2417,618,17,0
2418,618,11,4
2419,620,1,24
2420,620,0,3
2421,621,20,7
2422,621,15,14
2423,621,16,9
2424,622,8,1
2425,622,9,10
2426,622,0,7
2427,623,2,13
2428,623,8,20
2429,623,12,3
2430,623,10,14
2431,623,9,21
2432,623,0,15
2433,623,0,11
2434,624,19,17
2435,624,20,10
2436,624,0,3
2437,624,19,10
2438,624,24,7
2439,625,13,21
2440,625,17,20
2441,625,24,10
2442,625,16,8
2443,625,20,6
2444,625,20,8
2445,625,7,19
2446,625,4,21
2447,626,6,19
2448,626,18,3
2449,626,23,7
2450,626,2,17
2451,626,2,17
2452,626,24,22
2453,627,13,6
2454,627,2,5
2455,627,9,7
2456,627,15,12
2457,627,3,13
2458,627,4,11
2459,628,6,14
2460,628,1,4
2461,628,12,0
2462,628,22,3
2463,628,22,15
2464,629,17,3
2465,629,0,14
2466,629,7,14
2467,629,17,10
2468,629,15,24
2469,630,9,11
2470,630,11,2
2471,630,22,3
2472,630,23,19
2473,630,4,12
2474,631,19,9
2475,631,22,5
2476,631,24,3
2477,632,5,4
2478,632,0,11
2479,632,24,11
2480,632,12,10
2481,632,13,15
2482,633,1,13
2483,633,12,8
2484,633,1,22
2485,633,23,3
2486,634,3,23
2487,634,12,0
2488,635,17,7
2489,635,24,7
2490,635,18,15
2491,635,19,21
2492,635,8,2
2493,636,7,9
2494,636,11,15
2495,636,2,4
2496,636,0,4
2497,637,19,15
2498,637,4,8
2499,638,15,4
2500,638,19,1
2501,638,7,13
2502,638,12,22
2503,638,23,19
2504,638,19,21
2505,638,14,16
2506,639,17,14
2507,639,5,17
2508,639,19,2
2509,640,20,5
2510,640,14,8
2511,640,6,16
2512,640,2,11
2513,640,13,19
2514,640,5,20
2515,640,0,7
2516,640,8,12
2517,641,10,8
2518,641,12,2
2519,641,17,1
2520,641,8,6
2521,641,22,19
2522,641,24,7
2523,641,12,6
2524,641,6,16
2525,642,23,15
2526,642,19,13
2527,642,11,3
2528,642,13,17
2529,643,8,24
2530,643,21,24
2531,643,8,19
2532,643,23,3
2533,643,3,20
2534,643,13,22
2535,643,17,5
2536,643,10,14
2537,643,19,3
2538,644,8,5
2539,644,1,13
2540,644,5,17
2541,644,15,1
2542,644,23,20
2543,644,21,8
2544,644,5,2
2545,645,18,1
2546,645,5,21
2547,645,15,11
2548,645,12,9
2549,646,14,15
2550,646,9,17
2551,646,8,16
2552,646,16,24
2553,646,20,16
2554,647,0,19
2555,647,10,23
2556,648,10,18
2557,648,4,16
2558,648,9,1
2559,649,19,6
2560,649,14,4
2561,649,11,9
2562,649,11,24
2563,649,1,18
2564,649,7,16
2565,649,14,11
2566,650,10,20
2567,650,13,19
2568,650,18,0
2569,651,23,17
2570,651,14,11
2571,651,7,21
2572,651,23,19
2573,651,17,23
2574,652,16,10
2575,653,21,12
2576,653,24,7
2577,653,6,19
2578,653,14,8
2579,653,20,14
2580,653,11,4
2581,653,9,1
2582,654,11,20
2583,654,16,23
2584,655,5,15
2585,655,3,15
2586,655,12,9
2587,655,21,6
2588,655,8,1
2589,655,24,5
2590,655,14,21
2591,655,16,20
2592,656,4,13
2593,656,5,12
2594,657,5,12
2595,658,15,0
2596,658,14,21
2597,658,13,19
2598,658,0,15
2599,658,17,20
2600,659,22,12
2601,659,15,23
2602,659,5,19
2603,659,1,4
2604,660,13,2
2605,660,22,15
2606,660,1,16
2607,661,4,8
2608,661,18,15
2609,661,0,9
2610,662,7,9
2611,662,11,15
2612,662,14,12
2613,662,20,24
2614,662,10,2
2615,662,16,1
2616,662,11,22
2617,662,16,23
2618,663,1,11
2619,664,13,0
2620,664,23,20
2621,664,2,0
2622,664,21,0
2623,664,20,23
2624,665,22,14
2625,665,4,20
2626,665,3,21
2627,665,7,14
2628,665,23,10
2629,665,11,9
2630,666,6,23
2631,667,24,15
2632,667,7,14
2633,667,16,4
2634,668,8,5
2635,668,23,14
2636,668,10,23
2637,668,2,6
2638,668,14,7
2639,669,24,8
2640,669,16,22
2641,669,9,2
2642,669,20,16
2643,669,13,10
2644,670,15,19
2645,670,18,7
2646,670,10,21
2647,670,5,1
2648,670,15,9
2649,670,2,11
2650,670,21,17
2651,670,23,2
2652,671,14,16
2653,671,20,12
2654,671,5,19
2655,671,19,15
2656,672,4,17
2657,672,15,11
2658,672,19,20
2659,673,5,2
2660,674,12,10
2661,674,9,19
2662,675,8,24
2663,676,7,0
2664,676,4,6
2665,676,23,9
2666,676,13,21
2667,676,5,18
2668,677,10,3
2669,677,23,6
2670,678,14,6
2671,678,4,11
2672,678,6,24
2673,679,10,20
2674,679,5,20
2675,679,10,23
2676,679,14,1
2677,679,20,19
2678,680,15,2
2679,680,4,6
2680,680,7,4
2681,680,6,18
2682,681,16,13
2683,681,5,2
2684,681,19,2
2685,681,16,13
2686,682,18,15
2687,682,17,1
2688,682,7,3
2689,682,6,22
2690,682,21,2
2691,683,23,1
2692,684,15,8
2693,684,15,5
2694,684,11,23
2695,685,5,19
2696,685,17,10
2697,685,6,24
2698,685,20,18
2699,685,15,4
2700,685,5,7
2701,686,23,0
2702,686,22,13
2703,686,13,24
2704,687,7,21
2705,687,15,11
2706,687,4,14
2707,687,16,12
2708,687,21,23
2709,687,9,15
2710,687,22,24
2711,688,1,16
2712,688,5,9
2713,688,0,23
2714,688,7,19
2715,689,0,8
2716,689,14,11
2717,689,19,2
2718,689,4,1
2719,689,24,0
2720,689,20,2
2721,690,15,13
2722,690,11,13
2723,690,11,21
2724,691,12,20
2725,691,13,9
2726,691,23,8
2727,691,18,9
2728,691,6,16
2729,692,15,1
2730,692,1,8
2731,692,18,22
2732,692,19,16
2733,692,10,2
2734,693,19,0
2735,693,10,20
2736,693,14,15
2737,694,9,11
2738,694,1,3
2739,694,12,3
2740,694,5,22
2741,695,12,19
2742,695,4,12
2743,695,10,9
2744,696,22,16
2745,696,12,3
2746,696,2,4
2747,696,19,1
2748,697,9,18
2749,697,20,8
2750,697,1,24
2751,697,11,18
2752,697,22,8
2753,697,5,19
2754,698,19,6
2755,698,18,15
2756,698,20,19
2757,698,5,23
2758,698,15,21
2759,698,20,13
2760,699,16,24
2761,699,6,2
2762,699,22,6
2763,699,2,24
2764,699,10,4
2765,699,2,24
2766,700,9,21
2767,700,12,22
2768,700,0,21
2769,701,2,6
2770,701,8,18
2771,702,13,16
2772,702,18,4
2773,702,3,14
2774,702,22,9
2775,702,16,2
2776,702,18,21
2777,702,0,10
2778,702,8,1
2779,703,21,8
2780,703,3,0
2781,703,19,22
2782,703,19,9
2783,703,17,10
2784,703,20,4
2785,703,23,19
2786,704,3,5
2787,704,11,13
2788,705,6,9
2789,705,19,0
2790,705,9,21
2791,705,20,12
2792,705,22,9
2793,706,2,17
2794,706,0,8
2795,706,15,11
2796,706,16,2
2797,706,12,22
2798,706,8,14
2799,706,5,16
2800,706,9,6
2801,707,23,4
2802,707,4,0
2803,707,22,20
2804,707,14,4
2805,708,7,0
2806,708,10,19
2807,709,15,24
2808,709,8,2
2809,709,3,6
2810,709,8,2
2811,710,23,17
2812,710,15,5
2813,712,8,23
2814,714,23,13
2815,714,23,17
2816,714,17,24
2817,715,16,0
2818,715,7,5
2819,715,0,21
2820,715,10,7
2821,715,11,21
2822,716,4,14
2823,716,3,17
2824,716,2,22
2825,717,9,22
2826,717,0,18
2827,717,7,21
2828,718,0,4
2829,718,3,21
2830,718,8,12
2831,718,10,19
2832,719,20,23
2833,719,12,16
2834,720,9,10
2835,720,7,17
2836,720,7,24
2837,720,6,20
2838,720,18,15
2839,721,15,1
2840,721,10,7
2841,721,12,15
2842,721,9,3
2843,721,16,12
2844,721,19,3
2845,722,3,18
2846,722,13,1
2847,722,10,4
2848,722,11,7
2849,722,7,14
2850,722,14,24
2851,723,8,5
2852,723,7,13
2853,723,10,21
2854,724,9,21
2855,724,15,4
2856,724,0,3
2857,724,16,23
2858,724,1,16
2859,725,18,1
2860,725,5,22
2861,725,14,23
2862,725,16,9
2863,726,14,22
2864,726,20,8
2865,726,24,20
2866,726,3,19
2867,726,3,17
2868,726,6,17
2869,727,18,21
2870,727,2,11
2871,727,20,16
2872,727,16,5
2873,727,5,9
2874,728,6,16
2875,728,20,7
2876,728,15,2
2877,728,15,17
2878,728,10,7
2879,729,14,15
2880,729,4,2
2881,730,19,7
2882,730,5,11
2883,731,14,23
2884,731,15,19
2885,731,0,15
2886,732,1,17
2887,732,13,5
2888,732,7,3
2889,732,18,2
2890,732,24,16
2891,733,11,4
2892,733,3,9
2893,734,15,22
2894,734,22,8
2895,734,21,13
2896,734,3,12
2897,735,5,22
2898,735,22,0
2899,735,8,17
2900,735,3,1
2901,735,12,2
2902,735,13,4
2903,735,1,10
2904,737,16,9
2905,737,1,15
2906,737,9,0
2907,737,15,24
2908,737,9,1
2909,737,15,13
2910,738,9,16
2911,738,4,15
2912,738,12,15
2913,739,3,21
2914,739,18,21
2915,739,18,14
2916,739,2,16
2917,739,3,5
2918,740,18,1
2919,740,12,16
2920,740,20,23
2921,740,9,22
2922,740,16,2
2923,741,20,10
2924,741,22,12
2925,742,22,6
2926,742,8,4
2927,742,16,24
2928,742,1,16
2929,742,13,4
2930,742,23,9
2931,742,23,11
2932,742,3,16
2933,743,24,9
2934,743,21,10
2935,743,21,9
2936,743,8,21
2937,743,13,7
2938,744,4,14
2939,744,13,2
2940,744,4,18
2941,745,9,6
2942,745,21,2
2943,745,22,20
2944,746,4,21
2945,746,22,5
2946,746,2,17
2947,747,5,12
2948,748,3,9
2949,748,18,24
2950,748,6,4
2951,748,21,3
2952,748,15,1
2953,748,15,8
2954,749,4,10
2955,749,13,2
2956,749,8,10
2957,749,10,13
2958,749,21,24
2959,749,18,7
2960,750,5,15
2961,750,14,23
2962,750,0,21
2963,750,0,3
2964,750,0,14
2965,750,10,16
2966,750,4,8
2967,750,10,18
2968,750,15,3
2969,750,10,9
2970,751,18,21
2971,752,11,5
2972,752,21,0
2973,752,24,21
2974,753,20,4
2975,753,24,20
2976,753,10,6
2977,753,14,7
2978,754,14,23
2979,754,18,20
2980,754,24,21
2981,754,3,6
2982,754,23,20
2983,754,17,15
2984,754,0,8
2985,755,3,18
2986,755,14,8
2987,755,5,7
2988,755,17,23
2989,756,1,15
2990,756,5,20
2991,757,18,7
2992,757,11,19
2993,757,15,9
2994,757,0,6
2995,757,6,4
2996,757,4,24
2997,758,5,16
2998,758,0,16
2999,758,16,19
3000,758,19,16
3001,759,4,15
3002,759,21,5
3003,759,3,17
3004,759,21,17
3005,759,22,11
3006,759,15,13
3007,759,18,12
3008,760,21,14
3009,760,9,12
3010,760,7,13
3011,761,21,2
3012,761,0,11
3013,762,11,3
3014,762,16,8
3015,762,3,10
3016,762,14,1
3017,762,5,4
3018,763,19,23
3019,763,13,6
3020,763,14,23
3021,763,17,14
3022,764,7,22
3023,764,19,6
3024,764,4,23
3025,764,11,14
3026,764,4,5
3027,765,19,6
3028,765,23,11
3029,765,6,20
3030,766,22,2
3031,767,13,16
3032,767,13,1
3033,767,22,18
3034,768,2,15
3035,768,16,19
3036,768,16,1
3037,769,7,10
3038,769,1,20
3039,769,0,9
3040,769,24,0
3041,769,11,3
3042,769,16,10
3043,769,6,20
3044,769,11,5
3045,770,6,0
3046,770,2,14
3047,770,9,23
3048,770,19,1
3049,770,2,15
3050,770,2,0
3051,770,20,19
3052,771,22,19
3053,771,3,23
3054,771,24,2
3055,771,6,2
3056,772,20,16
3057,773,4,18
3058,774,15,0
3059,774,20,9
3060,774,15,18
3061,774,13,21
3062,775,18,2
3063,775,19,23
3064,775,8,1
3065,775,6,10
3066,776,8,23
3067,776,4,16
3068,776,10,20
3069,776,9,10
3070,777,8,4
3071,777,0,22
3072,777,5,13
3073,777,16,14
3074,777,7,17
3075,777,5,8
3076,778,17,11
3077,778,16,3
3078,778,24,7
3079,779,11,23
3080,779,5,17
3081,779,23,20
3082,780,1,10
3083,780,22,18
3084,780,14,0
3085,780,3,22
3086,781,0,3
3087,781,1,3
3088,781,2,5
3089,781,8,17
3090,781,16,22
3091,781,10,20
3092,781,15,21
3093,782,4,16
3094,782,1,11
3095,782,7,16
3096,783,4,10
3097,783,24,15
3098,783,16,3
3099,783,22,4
3100,785,0,7
3101,785,16,23
3102,785,21,14
3103,785,19,22
3104,788,0,19
3105,788,2,13
3106,788,3,18
3107,788,17,11
3108,788,20,14
3109,788,18,20
3110,789,16,10
3111,789,16,13
3112,790,4,17
3113,790,24,2
3114,790,11,23
3115,790,10,1
3116,791,6,18
3117,791,18,15
3118,791,4,13
3119,791,9,17
3120,791,20,3
3121,791,10,6
3122,791,4,24
3123,791,0,16
3124,791,14,3
3125,791,20,1
3126,791,13,10
3127,791,17,11
3128,792,19,10
3129,792,12,1
3130,792,13,5
3131,792,14,21
3132,792,19,7
3133,792,9,11
3134,793,0,9
3135,793,0,21
3136,793,16,6
3137,794,12,20
3138,794,6,16
3139,794,18,12
3140,794,24,9
3141,795,20,23
3142,795,0,10
3143,795,5,14
3144,795,15,1
3145,795,2,16
3146,796,9,16
3147,796,9,18
3148,796,4,7
3149,796,8,22
3150,797,22,4
3151,797,0,3
3152,797,5,11
3153,797,14,7
3154,797,6,21
3155,798,3,5
3156,798,11,5
3157,798,12,16
3158,799,14,21
3159,799,6,16
3160,800,9,13
3161,800,17,4
3162,800,9,3
3163,801,15,4
3164,801,9,17
3165,802,6,17
3166,802,8,17
3167,802,10,13
3168,802,21,11
3169,802,19,16
3170,804,10,9
3171,804,17,7
3172,804,23,1
3173,805,11,8
3174,805,3,13
3175,805,7,19
3176,805,6,14
3177,806,10,16
3178,806,0,7
3179,806,2,24
3180,806,2,6
3181,807,12,0
3182,807,24,11
3183,807,15,14
3184,807,0,4
3185,807,18,1
3186,808,4,14
3187,808,20,3
3188,808,2,19
3189,809,19,21
3190,809,18,0
3191,809,16,5
3192,810,4,8
3193,810,21,23
3194,810,6,9
3195,811,15,19
3196,811,22,14
3197,811,24,20
3198,811,15,2
3199,811,5,12
3200,812,8,24
3201,812,14,16
3202,812,9,7
3203,812,5,3
3204,813,12,22
3205,813,5,3
3206,813,0,11
3207,813,19,12
3208,814,3,12
3209,814,9,24
3210,815,24,10
3211,816,19,11
3212,816,21,9
3213,816,10,1
3214,818,19,13
3215,818,14,8
3216,818,18,4
3217,818,13,22
3218,819,2,15
3219,819,19,6
3220,819,5,24
3221,819,5,2
3222,819,18,0
3223,819,7,4
3224,820,23,0
3225,820,10,20
3226,820,12,9
3227,820,17,21
3228,820,10,12
3229,820,13,19
3230,820,12,19
3231,820,19,23
3232,821,5,2
3233,821,10,22
3234,821,5,3
3235,821,6,12
3236,822,24,22
3237,822,22,18
3238,823,1,12
3239,823,10,6
3240,823,0,11
3241,823,17,15
3242,823,9,3
3243,823,7,3
3244,823,2,24
3245,824,1,21
3246,824,14,21
3247,825,3,7
3248,825,21,4
3249,825,23,13
3250,825,10,12
3251,826,5,15
3252,826,20,0
3253,826,15,3
3254,826,18,7
3255,826,4,17
3256,827,16,23
3257,828,22,13
3258,828,13,7
3259,828,12,21
3260,828,2,20
3261,828,21,15
3262,828,15,17
3263,828,9,10
3264,829,20,11
3265,829,16,6
3266,829,20,1
3267,830,0,7
3268,830,23,3
3269,830,21,4
3270,830,11,14
3271,831,0,4
3272,831,8,23
3273,831,15,1
3274,831,13,17
3275,831,5,18
3276,832,7,24
3277,832,2,10
3278,832,21,15
3279,833,16,5
3280,833,15,3
3281,833,16,20
3282,833,13,4
3283,833,22,11
3284,834,6,20
3285,834,3,10
3286,834,11,23
3287,834,2,20
3288,834,13,15
3289,835,22,10
3290,835,5,17
3291,835,7,16
3292,836,22,19
3293,837,4,1
3294,837,9,15
3295,837,1,23
3296,837,8,12
3297,837,23,1
3298,837,2,9
3299,837,23,11
3300,837,16,13
3301,838,1,4
3302,838,11,1
3303,838,21,2
3304,838,3,22
3305,839,1,12
3306,839,22,12
3307,839,5,14
3308,840,22,16
3309,840,1,4
3310,840,12,1
3311,840,11,20
3312,841,11,8
3313,841,8,17
3314,841,24,0
3315,841,22,2
3316,841,8,5
3317,841,20,3
3318,842,14,15
3319,842,1,21
3320,842,2,5
3321,843,24,3
3322,843,9,12
3323,843,10,8
3324,843,8,10
3325,844,16,1
3326,844,22,2
3327,844,9,22
3328,844,24,7
3329,844,7,11
3330,844,19,4
3331,845,14,16
3332,845,13,11
3333,845,17,24
3334,845,21,15
3335,845,10,8
3336,845,12,9
3337,845,16,6
3338,846,7,11
3339,847,17,6
3340,847,23,1
3341,847,14,8
3342,847,23,2
3343,847,22,1
3344,847,22,24
3345,847,21,0
3346,849,6,23
3347,849,12,16
3348,849,3,14
3349,849,19,6
3350,850,23,4
3351,850,23,2
3352,850,8,21
3353,850,9,10
3354,850,2,20
3355,850,13,1
3356,851,14,22
3357,851,21,4
3358,851,5,3
3359,851,3,19
3360,852,6,20
3361,853,12,19
3362,853,7,11
3363,853,8,17
3364,853,15,23
3365,854,6,18
3366,854,11,21
3367,854,0,18
3368,854,5,9
3369,854,1,22
3370,855,17,7
3371,855,12,20
3372,855,22,8
3373,855,13,20
3374,855,1,12
3375,855,5,3
3376,856,17,24
3377,856,11,5
3378,856,15,2
3379,857,15,21
3380,857,1,5
3381,857,0,11
3382,857,13,2
3383,857,1,24
3384,858,16,7
3385,858,17,10
3386,858,1,14
3387,858,8,23
3388,859,18,9
3389,859,12,1
3390,859,14,7
3391,859,20,11
3392,859,3,11
3393,860,7,14
3394,860,17,4
3395,860,9,16
3396,861,10,3
3397,861,11,18
3398,861,8,23
3399,861,13,22
3400,861,23,1
3401,861,23,14
3402,862,19,21
3403,862,19,16
3404,863,0,7
3405,863,0,4
3406,863,24,16
3407,864,21,14
3408,864,18,9
3409,864,11,15
3410,864,21,19
3411,864,0,16
3412,864,12,6
3413,864,18,20
3414,864,12,22
3415,864,5,7
3416,865,24,2
3417,865,18,24
3418,865,16,8
3419,865,12,6
3420,865,23,0
3421,866,20,3
3422,866,10,9
3423,866,4,16
3424,866,9,16
3425,866,16,1
3426,866,22,15
3427,866,24,15
3428,866,4,12
3429,866,21,9
3430,866,8,15
3431,866,13,9
3432,867,11,17
3433,868,23,8
3434,868,12,14
3435,868,9,13
3436,868,2,15
3437,869,20,24
3438,869,9,18
3439,869,12,18
3440,870,22,1
3441,870,2,4
3442,870,24,0
3443,870,3,23
3444,871,17,9
3445,871,4,14
3446,871,9,20
3447,871,14,10
3448,871,0,10
3449,872,5,18
3450,872,21,12
3451,872,14,4
3452,872,16,7
3453,873,24,13
3454,873,10,13
3455,873,21,5
3456,874,2,6
3457,874,17,2
3458,874,4,21
3459,874,2,10
3460,874,10,7
3461,874,10,0
3462,875,10,1
3463,875,13,5
3464,875,4,18
3465,875,15,13
3466,876,7,14
3467,876,20,17
3468,876,19,20
3469,876,23,20
3470,876,20,22
3471,876,22,7
3472,877,20,23
3473,877,11,5
3474,877,2,20
3475,877,1,23
3476,877,9,24
3477,878,15,18
3478,878,16,9
3479,878,11,3
3480,878,0,18
3481,878,3,6
3482,879,2,16
3483,879,9,21
3484,879,14,5
3485,879,1,11
3486,879,21,3
3487,879,24,7
3488,879,7,10
3489,880,10,16
3490,880,24,1
3491,880,6,13
3492,880,15,5
3493,881,5,14
3494,881,11,2
3495,881,17,20
3496,881,16,18
3497,881,3,10
3498,881,13,17
3499,881,6,23
3500,881,13,6
3501,882,4,15
3502,882,9,19
3503,882,0,10
3504,883,15,1
3505,883,14,22
3506,883,10,12
3507,883,23,19
3508,883,23,14
3509,883,11,15
3510,883,16,19
3511,884,5,22
3512,884,13,11
3513,884,23,20
3514,884,19,23
3515,884,8,1
3516,884,4,2
3517,885,13,19
3518,885,15,22
3519,885,14,21
3520,886,8,17
3521,886,8,24
3522,886,14,3
3523,886,24,0
3524,886,21,0
3525,886,8,14
3526,887,17,7
3527,887,13,22
3528,887,23,8
3529,887,14,12
3530,887,23,5
3531,888,24,1
3532,888,5,8
3533,888,7,4
3534,889,19,1
3535,890,20,5
3536,890,10,16
3537,890,19,20
3538,890,17,6
3539,890,13,23
3540,890,22,5
3541,891,20,8
3542,891,20,7
3543,891,18,15
3544,891,0,22
3545,892,21,3
3546,892,21,24
3547,892,9,1
3548,892,23,15
3549,892,17,3
3550,893,15,5
3551,893,22,14
3552,894,22,3
3553,894,15,9
3554,894,8,15
3555,894,19,17
3556,894,12,6
3557,894,14,5
3558,895,13,20
3559,895,11,0
3560,895,15,3
3561,895,10,0
3562,895,14,24
3563,895,20,9
3564,895,19,9
3565,896,9,21
3566,896,13,23
3567,896,7,18
3568,896,17,5
3569,896,11,21
3570,897,22,0
3571,897,3,1
3572,897,12,24
3573,897,9,24
3574,898,16,23
3575,898,18,3
3576,898,20,12
3577,898,17,21
3578,898,6,18
3579,899,13,7
3580,899,9,20
3581,899,9,12
3582,899,8,5
3583,900,5,21
3584,901,3,14
3585,901,22,13
3586,901,3,23
3587,901,2,10
3588,902,15,13
3589,902,21,1
3590,902,12,4
3591,902,14,12
3592,902,21,0
3593,903,13,22
3594,904,7,14
3595,906,5,12
3596,906,19,10
3597,906,12,0
3598,906,2,8
3599,906,22,9
3600,906,7,11
3601,907,21,0
3602,907,9,6
3603,907,19,8
3604,908,24,1
3605,908,10,19
3606,909,18,0
3607,909,3,24
3608,909,14,3
3609,909,23,14
3610,909,7,16
3611,910,1,23
3612,910,19,5
3613,910,20,1
3614,911,14,4
3615,911,18,6
3616,911,8,5
3617,912,4,10
3618,912,24,14
3619,913,8,19
3620,913,23,21
3621,913,9,6
3622,913,7,5
3623,914,18,12
3624,914,2,15
3625,914,14,15
3626,914,5,24
3627,914,16,10
3628,915,22,14
3629,916,7,23
3630,916,21,14
3631,916,24,3
3632,917,23,19
3633,917,0,10
3634,917,20,8
3635,917,18,14
3636,917,2,10
3637,917,10,17
3638,918,2,4
3639,919,12,8
3640,919,9,13
3641,919,21,7
3642,919,5,24
3643,920,20,14
3644,920,13,10
3645,920,8,12
3646,920,16,22
3647,921,5,15
3648,921,11,9
3649,921,15,1
3650,921,17,0
3651,921,1,10
3652,922,8,15
3653,922,17,23
3654,922,8,4
3655,922,23,4
3656,923,2,5
3657,923,24,2
3658,923,2,9
3659,923,2,15
3660,924,10,14
3661,924,1,9
3662,924,6,2
3663,924,12,22
3664,924,10,20
3665,924,20,12
3666,924,10,3
3667,924,12,22
3668,925,8,5
3669,925,5,14
3670,925,4,19
3671,925,15,7
3672,925,4,16
3673,925,7,20
3674,925,1,15
3675,926,21,23
3676,926,16,1
3677,926,22,24
3678,926,12,8
3679,926,6,16
3680,927,6,22
3681,927,8,0
3682,927,18,15
3683,928,20,6
3684,928,12,22
3685,928,23,3
3686,928,17,13
3687,928,24,7
3688,928,14,1
3689,928,4,6
3690,928,3,11
3691,929,15,17
3692,929,8,21
3693,929,17,19
3694,930,24,12
3695,930,2,9
3696,930,16,5
3697,930,17,15
3698,931,0,19
3699,932,24,9
3700,932,4,20
3701,933,15,17
3702,933,9,24
3703,933,19,2
3704,933,12,9
3705,933,20,22
3706,934,5,14
3707,934,15,2
3708,934,1,10
3709,935,20,18
3710,935,1,14
3711,935,18,9
3712,935,17,5
3713,935,3,5
3714,935,19,8
3715,935,10,21
3716,936,24,18
3717,936,2,5
3718,936,22,13
3719,936,16,1
3720,937,5,9
3721,937,3,14
3722,937,16,23
3723,937,11,1
3724,938,16,5
3725,938,21,3
3726,938,16,23
3727,938,19,4
3728,939,21,18
3729,939,5,9
3730,940,7,0
3731,940,4,17
3732,940,3,5
3733,940,1,13
3734,940,6,15
3735,940,24,17
3736,940,0,2
3737,940,1,14
3738,940,14,17
3739,941,12,21
3740,941,23,9
3741,941,20,23
3742,941,9,16
3743,941,9,22
3744,941,13,1
3745,941,7,20
3746,942,0,14
3747,942,12,21
3748,942,1,12
3749,943,15,17
3750,943,23,3
3751,943,12,19
3752,943,16,0
3753,943,22,11
3754,944,20,13
3755,944,24,11
3756,944,14,15
3757,944,15,0
3758,945,3,12
3759,946,12,9
3760,946,14,2
3761,946,22,7
3762,947,8,18
3763,947,23,0
3764,947,14,3
3765,948,14,24
3766,948,14,17
3767,948,14,3
3768,948,4,5
3769,949,1,24
3770,949,23,9
3771,949,8,17
3772,949,23,14
3773,950,4,10
3774,950,13,23
3775,950,3,21
3776,950,14,15
3777,950,2,20
3778,951,3,19
3779,951,23,0
3780,952,21,1
3781,952,19,9
3782,952,3,15
3783,952,18,20
3784,952,6,12
3785,953,24,21
3786,953,4,12
3787,953,3,6
3788,953,24,10
3789,953,14,21
3790,953,13,0
3791,953,5,23
3792,954,18,0
3793,954,5,17
3794,955,0,15
3795,956,8,15
3796,956,17,9
3797,956,24,7
3798,956,21,24
3799,956,21,0
3800,957,11,17
3801,957,11,20
3802,957,5,16
3803,957,20,19
3804,957,1,17
3805,957,16,23
3806,957,2,5
3807,958,4,19
3808,958,8,6
3809,958,24,0
3810,958,18,20
3811,958,19,20
3812,959,20,13
3813,959,18,12
3814,959,23,21
3815,959,3,19
3816,959,13,0
3817,960,16,3
3818,960,20,1
3819,960,20,14
3820,960,24,5
3821,960,4,23
3822,961,0,12
3823,961,8,5
3824,961,10,21
3825,961,17,21
3826,961,16,12
3827,961,9,3
3828,962,20,18
3829,962,13,15
3830,962,10,18
3831,962,4,1
3832,962,21,2
3833,962,14,22
3834,962,8,12
3835,963,8,18
3836,963,7,10
3837,963,22,5
3838,963,4,6
3839,964,22,9
3840,964,8,4
3841,964,6,15
3842,964,11,14
3843,964,6,14
3844,965,12,6
3845,965,20,1
3846,965,12,15
3847,965,2,20
3848,965,5,8
3849,965,17,5
3850,966,14,11
3851,966,15,6
3852,966,13,3
3853,966,13,3
3854,967,10,12
3855,967,18,16
3856,968,13,17
3857,968,2,20
3858,968,6,3
3859,969,2,13
3860,969,4,16
3861,969,0,17
3862,970,4,2
3863,970,4,23
3864,970,24,11
3865,970,22,1
3866,971,19,20
3867,971,20,10
3868,971,18,5
3869,971,4,5
3870,972,18,15
3871,972,7,0
3872,973,15,4
3873,973,4,8
3874,973,13,19
3875,973,0,15
3876,974,15,14
3877,974,8,18
3878,974,15,4
3879,974,14,18
3880,974,13,23
3881,974,13,23
3882,974,7,1
3883,975,0,16
3884,975,7,24
3885,975,6,15
3886,975,4,5
3887,975,11,5
3888,975,14,6
3889,975,16,4
3890,975,12,5
3891,976,14,23
3892,976,14,4
3893,976,4,19
3894,976,2,23
3895,977,0,8
3896,977,12,9
3897,977,23,15
3898,977,3,24
3899,977,16,20
3900,977,11,15
3901,977,0,13
3902,977,15,24
3903,977,4,11
3904,978,2,19
3905,978,3,6
3906,979,20,23
3907,979,2,18
3908,979,8,10
3909,979,16,7
3910,980,16,0
3911,980,1,23
3912,980,18,9
3913,980,13,6
3914,981,16,12
3915,981,12,15
3916,981,14,17
3917,981,7,18
3918,982,13,5
3919,983,15,11
3920,983,4,5
3921,983,12,20
3922,983,5,24
3923,983,20,7
3924,983,14,15
3925,984,19,15
3926,984,8,10
3927,984,20,22
3928,985,24,20
3929,985,4,10
3930,985,15,19
3931,985,7,3
3932,986,16,3
3933,986,17,9
3934,986,4,7
3935,986,0,11
3936,987,2,8
3937,987,4,16
3938,987,16,24
3939,989,14,4
3940,989,2,21
3941,989,12,23
3942,990,12,2
3943,990,1,16
3944,990,12,20
3945,990,12,3
3946,991,15,8
3947,991,17,0
3948,991,18,22
3949,991,15,5
3950,991,24,6
3951,991,0,23
3952,991,16,23
3953,991,12,4
3954,992,22,7
3955,992,19,21
3956,992,2,16
3957,992,11,4
3958,992,15,11
3959,993,21,19
3960,993,8,2
3961,993,12,2
3962,994,4,10
3963,994,3,6
3964,994,6,19
3965,994,10,4
3966,994,11,14
3967,995,15,17
3968,995,15,9
3969,995,4,6
3970,996,3,10
3971,996,13,1
3972,996,10,18
3973,996,9,10
3974,997,5,3
3975,997,19,23
3976,998,21,6
3977,998,17,7
3978,998,18,20
3979,998,0,6
3980,999,7,13
3981,999,21,18
3982,999,6,17
3983,999,5,11
3984,999,18,16
3985,1000,11,0
3986,1000,18,11
3987,1000,12,4
3988,1000,1,17
3989,1000,9,2
3990,1000,21,7
3991,1000,4,5
3992,1001,8,22
3993,1001,17,3
3994,1001,16,18
3995,1001,2,10
3996,1002,16,14
3997,1002,1,20
3998,1002,23,21
3999,1002,11,24
4000,1002,0,14
4001,1002,8,19
4002,1002,11,17
4003,1002,12,22
4004,1003,11,17
4005,1003,3,20
4006,1003,7,0
4007,1004,0,20
4008,1004,12,4
4009,1004,4,0
4010,1004,2,9
4011,1004,14,12
4012,1004,17,15
4013,1005,22,19
4014,1005,18,0
4015,1005,11,18
4016,1005,5,18
4017,1007,8,2
4018,1008,12,8
4019,1008,14,16
4020,1008,7,22
4021,1008,11,18
4022,1009,6,8
4023,1009,17,0
4024,1009,13,10
4025,1009,2,23
4026,1009,0,15
4027,1010,15,7
4028,1010,18,4
4029,1010,18,3
4030,1011,16,6
4031,1011,4,7
4032,1011,24,22
4033,1012,10,13
4034,1012,0,8
4035,1012,5,1
4036,1012,23,5
4037,1013,24,3
4038,1013,21,15
4039,1013,8,1
4040,1013,9,18
4041,1013,6,2
4042,1013,14,10
4043,1013,2,12
4044,1013,12,6
4045,1015,1,9
4046,1015,22,9
4047,1016,21,6
4048,1016,16,23
4049,1017,10,16
4050,1017,1,24
4051,1017,20,2
4052,1017,18,7
4053,1018,19,6
4054,1018,22,8
4055,1018,16,20
4056,1018,11,24
4057,1019,4,8
4058,1019,17,0
4059,1019,12,6
4060,1019,24,1
4061,1020,6,22
4062,1021,16,18
4063,1021,3,11
4064,1021,1,21
4065,1021,19,5
4066,1022,19,9
4067,1022,17,0
4068,1022,22,9
4069,1022,23,16
4070,1022,21,12
4071,1022,3,15
4072,1023,17,5
4073,1023,4,12
4074,1023,3,11
4075,1024,23,5
4076,1024,16,3
4077,1024,15,22
4078,1024,24,0
4079,1024,16,13
4080,1025,0,12
4081,1025,10,7
4082,1025,1,5
4083,1025,3,10
4084,1026,4,8
4085,1026,2,10
4086,1026,18,3
4087,1027,21,7
4088,1027,22,5
4089,1027,5,22
4090,1027,6,9
4091,1028,3,12
4092,1028,20,16
4093,1028,22,11
4094,1028,12,19
4095,1029,19,7
4096,1029,3,21
4097,1029,13,4
4098,1029,13,21
4099,1029,15,23
4100,1029,18,5
4101,1029,20,10
4102,1030,18,8
4103,1030,11,5
4104,1030,10,2
4105,1031,4,12
4106,1031,21,8
4107,1031,16,1
4108,1032,20,5
4109,1032,14,2
4110,1032,6,13
4111,1033,23,16
4112,1033,24,21
4113,1033,0,19
4114,1033,7,9
4115,1033,22,12
4116,1034,20,11
4117,1034,8,12
4118,1034,20,8
4119,1034,14,4
4120,1034,20,6
4121,1034,17,4
4122,1035,10,20
4123,1035,3,5
4124,1035,4,21
4125,1036,9,7
4126,1036,8,4
4127,1036,8,2
4128,1036,13,17
4129,1036,11,5
4130,1036,5,24
4131,1036,2,10
4132,1036,16,2
4133,1037,5,7
4134,1037,6,12
4135,1037,1,15
4136,1037,16,24
4137,1038,22,10
4138,1038,7,14
4139,1038,20,10
4140,1038,21,23
4141,1039,20,6
4142,1039,16,0
4143,1039,7,20
4144,1040,7,21
4145,1040,22,3
4146,1040,20,12
4147,1040,13,1
4148,1040,2,10
4149,1040,11,20
4150,1041,14,20
4151,1041,19,20
4152,1041,4,11
4153,1041,13,10
4154,1041,17,0
4155,1042,22,16
4156,1042,17,13
4157,1042,21,13
4158,1042,1,11
4159,1042,23,13
4160,1042,24,8
4161,1042,9,10
4162,1043,24,11
4163,1043,19,5
4164,1043,11,7
4165,1043,9,18
4166,1043,6,15
4167,1043,21,19
4168,1045,22,4
4169,1045,19,9
4170,1045,21,14
4171,1045,24,0
4172,1045,19,13
4173,1046,18,8
4174,1046,1,20
4175,1046,20,10
4176,1046,17,10
4177,1046,7,23
4178,1046,21,24
4179,1047,23,17
4180,1047,9,0
4181,1048,5,16
4182,1048,11,8
4183,1048,24,18
4184,1049,16,3
4185,1049,6,17
4186,1049,2,10
4187,1050,24,14
4188,1050,19,15
4189,1050,12,18
4190,1050,5,24
4191,1050,15,5
4192,1051,16,0
4193,1051,0,21
4194,1052,3,1
4195,1053,22,18
4196,1053,4,23
4197,1053,4,21
4198,1053,8,24
4199,1053,12,22
4200,1053,6,16
4201,1053,3,12
4202,1054,14,16
4203,1054,20,5
4204,1054,4,16
4205,1054,14,16
4206,1055,21,23
4207,1055,19,9
4208,1055,9,17
4209,1055,10,1
4210,1056,5,8
4211,1056,19,13
4212,1056,1,20
4213,1056,2,11
4214,1056,6,13
4215,1056,14,15
4216,1056,22,7
4217,1057,22,2
4218,1057,16,24
4219,1057,12,22
4220,1057,10,23
4221,1058,3,18
4222,1058,23,10
4223,1059,22,6
4224,1059,4,22
4225,1059,0,14
4226,1059,6,2
4227,1060,13,21
4228,1060,5,3
4229,1060,0,20
4230,1060,14,5
4231,1060,8,6
4232,1061,17,24
4233,1061,12,18
4234,1061,18,2
4235,1061,2,6
4236,1061,13,23
4237,1061,17,1
4238,1062,19,10
4239,1062,23,7
4240,1062,23,14
4241,1062,22,12
4242,1063,11,9
4243,1063,6,20
4244,1063,3,24
4245,1063,10,18
4246,1063,2,21
4247,1063,16,3
4248,1064,12,24
4249,1064,3,22
4250,1064,13,4
4251,1064,17,10
4252,1065,18,7
4253,1065,11,14
4254,1066,14,6
4255,1066,16,22
4256,1066,20,16
4257,1066,23,6
4258,1067,5,2
4259,1067,23,0
4260,1067,2,19
4261,1068,13,23
4262,1068,10,3
4263,1068,6,12
4264,1069,9,5
4265,1069,2,13
4266,1069,3,14
4267,1069,8,0
4268,1069,4,16
4269,1069,8,2
4270,1070,9,7
4271,1070,24,4
4272,1070,7,3
4273,1071,16,18
4274,1072,22,18
4275,1072,22,0
4276,1072,9,19
4277,1073,11,5
4278,1073,3,1
4279,1073,11,19
4280,1073,4,8
4281,1073,7,0
4282,1073,23,9
4283,1073,5,16
4284,1074,13,5
4285,1074,0,17
4286,1074,7,11
4287,1074,20,3
4288,1075,13,10
4289,1075,16,22
4290,1075,13,16
4291,1075,10,20
4292,1076,20,24
4293,1076,5,19
4294,1076,2,15
4295,1076,23,21
4296,1077,21,1
4297,1077,20,22
4298,1077,14,23
4299,1077,6,10
4300,1078,23,9
4301,1078,21,4
4302,1078,10,1
4303,1078,6,16
4304,1078,16,8
4305,1079,14,22
4306,1079,4,7
4307,1079,15,11
4308,1079,10,8
4309,1079,22,3
4310,1079,20,7
4311,1080,8,2
4312,1080,12,18
4313,1080,22,16
4314,1080,15,0
4315,1080,21,3
4316,1081,23,12
4317,1081,14,8
4318,1081,16,14
4319,1081,20,23
4320,1081,4,1
4321,1081,2,21
4322,1082,5,15
4323,1082,19,5
4324,1082,21,3
4325,1082,22,13
4326,1082,16,7
4327,1082,15,24
4328,1082,13,2
4329,1083,11,2
4330,1084,15,21
4331,1084,12,3
4332,1084,21,8
4333,1084,14,0
4334,1084,17,1
4335,1085,17,19
4336,1085,5,16
4337,1085,4,23
4338,1085,1,10
4339,1085,6,0
4340,1086,12,20
4341,1087,15,1
4342,1087,13,24
4343,1087,20,18
4344,1087,6,4
4345,1087,8,16
4346,1087,22,1
4347,1088,20,5
4348,1088,24,10
4349,1088,13,0
4350,1088,16,0
4351,1088,13,9
4352,1088,13,10
4353,1089,24,12
4354,1089,10,18
4355,1089,11,2
4356,1090,6,12
4357,1090,7,17
4358,1090,22,1
4359,1091,2,11
4360,1091,3,13
4361,1091,10,18
4362,1092,16,13
4363,1092,18,15
4364,1092,8,5
4365,1092,12,0
4366,1092,21,2
4367,1093,8,19
4368,1093,3,11
4369,1093,19,4
4370,1094,9,1
4371,1094,6,19
4372,1094,19,20
4373,1095,0,20
4374,1095,12,24
4375,1095,13,21
4376,1096,13,5
4377,1096,5,9
4378,1096,16,13
4379,1096,24,13
4380,1097,24,9
4381,1097,5,12
4382,1098,20,9
4383,1098,19,22
4384,1098,14,0
4385,1098,13,6
4386,1099,24,5
4387,1099,20,13
4388,1099,22,20
4389,1100,14,8
4390,1100,24,3
4391,1100,10,9
4392,1100,12,4
4393,1100,4,11
4394,1100,15,0
4395,1101,5,17
4396,1102,7,13
4397,1102,21,11
4398,1102,22,7
4399,1102,23,8
4400,1102,6,4
4401,1102,24,1
4402,1102,11,20
4403,1102,14,2
4404,1103,14,1
4405,1104,1,18
4406,1104,13,9
4407,1104,13,2
4408,1104,24,13
4409,1104,5,9
4410,1104,13,10
4411,1104,24,17
4412,1104,1,20
4413,1105,7,0
4414,1105,21,2
4415,1105,11,0
4416,1105,5,15
4417,1105,2,16
4418,1105,9,5
4419,1105,1,5
4420,1106,5,19
4421,1106,11,4
4422,1106,7,15
4423,1107,10,13
4424,1107,24,7
4425,1107,0,14
4426,1107,13,7
4427,1108,5,24
4428,1108,4,23
4429,1108,22,7
4430,1109,10,24
4431,1109,0,11
4432,1109,16,4
4433,1109,19,5
4434,1109,9,15
4435,1110,22,2
4436,1110,3,7
4437,1110,1,18
4438,1111,2,10
4439,1111,18,3
4440,1111,4,0
4441,1111,19,13
4442,1112,15,22
4443,1112,16,19
4444,1112,0,19
4445,1112,13,5
4446,1112,11,1
4447,1113,19,0
4448,1113,18,11
4449,1113,10,13
4450,1113,17,1
4451,1114,15,4
4452,1114,23,17
4453,1114,21,23
4454,1114,17,4
4455,1115,23,2
4456,1115,1,16
4457,1115,15,2
4458,1115,22,6
4459,1115,21,5
4460,1116,15,19
4461,1116,16,3
4462,1116,19,3
4463,1117,15,2
4464,1117,1,18
4465,1117,8,17
4466,1118,21,10
4467,1118,3,22
4468,1118,2,21
4469,1119,13,19
4470,1119,15,6
4471,1119,14,10
4472,1119,17,3
4473,1119,7,9
4474,1119,8,17
4475,1119,5,13
4476,1120,14,22
4477,1120,19,10
4478,1120,4,21
4479,1121,11,20
4480,1121,12,4
4481,1121,19,21
4482,1121,7,14
4483,1122,4,21
4484,1122,0,21
4485,1122,18,20
4486,1123,18,2
4487,1123,8,5
4488,1123,13,20
4489,1123,20,6
4490,1124,10,20
4491,1125,14,4
4492,1125,16,18
4493,1125,22,9
4494,1126,1,8
4495,1126,8,22
4496,1126,23,17
4497,1126,20,18
4498,1127,19,2
4499,1127,12,19
4500,1127,22,1
4501,1128,11,24
4502,1128,1,24
4503,1128,7,11
4504,1128,2,12
4505,1128,18,21
4506,1128,17,8
4507,1129,24,17
4508,1129,23,1
4509,1129,22,11
4510,1130,8,18
4511,1130,3,16
4512,1130,24,5
4513,1131,23,10
4514,1131,6,3
4515,1131,16,19
4516,1132,6,3
4517,1133,22,1
4518,1133,9,22
4519,1133,5,23
4520,1133,24,22
4521,1133,20,6
4522,1133,2,8
4523,1133,21,1
4524,1133,10,23
4525,1133,11,7
4526,1134,15,24
4527,1134,21,8
4528,1134,18,22
4529,1134,13,7
4530,1134,18,11
4531,1134,4,1
4532,1134,21,0
4533,1134,4,16
4534,1135,7,3
4535,1135,10,4
4536,1135,4,8
4537,1135,12,3
4538,1135,13,0
4539,1136,14,10
4540,1137,17,14
4541,1137,14,16
4542,1137,1,13
4543,1137,20,14
4544,1138,2,12
4545,1138,7,23
4546,1139,14,20
4547,1139,24,13
4548,1139,1,20
4549,1140,22,1
4550,1140,9,16
4551,1141,13,9
4552,1141,4,11
4553,1141,11,9
4554,1141,10,20
4555,1141,17,13
4556,1142,1,8
4557,1143,4,10
4558,1143,6,3
4559,1143,2,23
4560,1143,19,22
4561,1143,5,3
4562,1144,12,24
4563,1144,1,7
4564,1145,22,19
4565,1145,6,13
4566,1145,12,1
4567,1146,21,0
4568,1146,3,9
4569,1146,2,17
4570,1147,23,10
4571,1147,22,5
4572,1147,11,22
4573,1147,15,11
4574,1148,1,21
4575,1149,20,16
4576,1149,22,5
4577,1149,0,19
4578,1149,9,17
4579,1150,21,18
4580,1150,3,21
4581,1150,22,14
4582,1151,16,19
4583,1151,1,13
4584,1152,24,10
4585,1152,15,3
4586,1152,10,17
4587,1153,14,12
4588,1154,5,3
4589,1154,21,13
4590,1154,14,5
4591,1154,24,18
4592,1155,9,20
4593,1155,2,8
4594,1155,3,18
4595,1156,14,17
4596,1156,7,15
4597,1156,10,20
4598,1157,17,4
4599,1157,21,4
4600,1157,19,4
4601,1158,7,5
4602,1158,13,3
4603,1158,14,16
4604,1158,1,15
4605,1158,9,19
4606,1159,12,6
4607,1159,14,11
4608,1159,16,8
4609,1159,4,18
4610,1159,22,14
4611,1159,0,11
4612,1160,11,23
4613,1161,8,17
4614,1161,24,8
4615,1161,17,21
4616,1161,3,21
4617,1162,0,3
4618,1162,8,20
4619,1162,5,21
4620,1162,14,24
4621,1162,20,18
4622,1163,9,18
4623,1163,11,13
4624,1163,12,23
4625,1163,16,22
4626,1163,17,15
4627,1163,20,9
4628,1163,5,15
4629,1163,7,10
4630,1164,19,4
4631,1164,18,4
4632,1165,16,19
4633,1165,14,18
4634,1165,22,6
4635,1166,24,11
4636,1166,14,10
4637,1166,7,4
4638,1167,2,19
4639,1167,10,0
4640,1167,16,5
4641,1168,9,1
4642,1168,2,14
4643,1168,3,7
4644,1168,0,18
4645,1168,24,20
4646,1168,13,2
4647,1169,0,3
4648,1169,11,21
4649,1169,6,15
4650,1169,0,17
4651,1170,5,18
4652,1170,10,13
4653,1171,2,10
4654,1171,19,20
4655,1171,9,5
4656,1172,5,14
4657,1172,12,24
4658,1172,9,19
4659,1172,21,8
4660,1173,12,6
4661,1173,24,2
4662,1173,4,15
4663,1173,20,10
4664,1174,1,12
4665,1174,18,11
4666,1174,12,6
4667,1174,20,18
4668,1174,9,1
4669,1174,20,5
4670,1175,8,14
4671,1175,4,12
4672,1175,19,17
4673,1175,8,15
4674,1175,5,19
4675,1176,2,24
4676,1176,0,20
4677,1176,13,1
4678,1176,4,10
4679,1176,10,2
4680,1176,15,22
4681,1177,7,22
4682,1177,5,13
4683,1177,12,22
4684,1177,21,5
4685,1177,13,4
4686,1177,23,10
4687,1178,21,5
4688,1179,0,22
4689,1179,13,9
4690,1179,19,2
4691,1179,15,7
4692,1179,4,21
4693,1180,19,6
4694,1180,6,2
4695,1181,16,7
4696,1181,7,11
4697,1181,22,6
4698,1182,7,22
4699,1182,15,21
4700,1182,11,3
4701,1182,13,11
4702,1183,7,5
4703,1183,4,17
4704,1183,11,22
4705,1183,0,23
4706,1184,4,5
4707,1184,0,14
4708,1184,1,12
4709,1184,4,22
4710,1185,21,0
4711,1185,7,23
4712,1185,19,12
4713,1186,19,2
4714,1187,20,24
4715,1187,24,20
4716,1187,24,10
4717,1187,23,19
4718,1187,19,5
4719,1188,9,16
4720,1188,16,20
4721,1188,7,1
4722,1188,2,17
4723,1189,3,17
4724,1189,11,23
4725,1189,10,12
4726,1189,5,7
4727,1190,7,21
4728,1190,16,18
4729,1191,17,11
4730,1191,6,4
4731,1191,0,6
4732,1192,22,10
4733,1192,19,2
4734,1192,5,20
4735,1192,3,21
4736,1193,7,13
4737,1193,23,5
4738,1193,8,18
4739,1193,22,12
4740,1194,16,4
4741,1194,10,1
4742,1194,0,8
4743,1195,1,7
4744,1195,9,24
4745,1195,14,18
4746,1195,7,15
4747,1196,5,21
4748,1196,14,1
4749,1196,14,1
4750,1197,16,7
4751,1197,24,0
4752,1198,7,9
4753,1198,11,3
4754,1198,21,7
4755,1199,10,1
4756,1199,7,9
4757,1199,8,24
4758,1200,0,21
4759,1200,14,12
4760,1200,14,7
4761,1200,16,6
4762,1200,11,14
4763,1200,20,5
4764,1200,24,0
4765,1200,1,22
4766,1201,0,7
4767,1201,3,13
4768,1201,14,20
4769,1201,2,21
4770,1202,12,14
4771,1202,24,12
4772,1203,20,17
4773,1203,5,16
4774,1203,15,0
4775,1203,15,11
4776,1203,6,17
4777,1204,1,19
4778,1204,1,14
4779,1204,0,16
4780,1204,14,7
4781,1204,14,24
4782,1205,16,12
4783,1205,23,19
4784,1205,10,20
4785,1206,23,8
4786,1206,24,15
4787,1206,11,8
4788,1206,16,9
4789,1207,19,23
4790,1207,21,1
4791,1208,0,7
4792,1208,8,24
4793,1208,9,3
4794,1208,7,18
4795,1209,9,15
4796,1209,13,10
4797,1209,6,10
4798,1209,7,24
4799,1209,23,6
4800,1209,7,22
4801,1210,13,10
4802,1211,5,16
4803,1212,21,6
4804,1212,17,4
4805,1212,20,3
4806,1213,24,11
4807,1213,12,20
4808,1213,18,15
4809,1214,20,16
4810,1214,22,9
4811,1214,1,8
4812,1214,17,23
4813,1214,16,3
4814,1215,15,12
4815,1215,20,18
4816,1215,14,12
4817,1215,12,15
4818,1215,21,1
4819,1215,11,20
4820,1215,19,3
4821,1216,18,14
4822,1216,13,3
4823,1216,17,8
4824,1216,3,17
4825,1216,22,3
4826,1216,15,3
4827,1216,10,20
4828,1216,17,2
4829,1217,8,20
4830,1217,19,2
4831,1217,4,8
4832,1218,1,17
4833,1218,2,14
4834,1218,15,0
4835,1219,1,11
4836,1219,17,14
4837,1219,6,8
4838,1219,22,6
4839,1220,6,19
4840,1220,16,9
4841,1220,16,18
4842,1220,14,4
4843,1221,6,20
4844,1221,4,24
4845,1221,9,6
4846,1222,11,21
4847,1222,7,22
4848,1222,1,22
4849,1223,18,21
4850,1223,11,19
4851,1223,16,0
4852,1223,17,8
4853,1224,15,22
4854,1224,14,11
4855,1224,14,7
4856,1225,12,18
4857,1225,10,4
4858,1225,19,12
4859,1225,3,5
4860,1225,10,23
4861,1225,6,9
4862,1226,13,2
4863,1226,12,0
4864,1226,24,7
4865,1226,15,1
4866,1227,22,6
4867,1227,20,0
4868,1227,19,23
4869,1228,4,7
4870,1228,10,8
4871,1229,18,22
4872,1229,11,4
4873,1229,14,20
4874,1229,4,14
4875,1229,16,12
4876,1229,2,6
4877,1229,6,2
4878,1230,11,20
4879,1230,18,5
4880,1230,17,7
4881,1230,12,10
4882,1230,23,7
4883,1230,2,10
4884,1231,19,1
4885,1231,15,4
4886,1231,9,1
4887,1231,4,13
4888,1231,18,0
4889,1231,19,10
4890,1232,20,14
4891,1232,24,10
4892,1232,0,2
4893,1232,4,23
4894,1232,0,4
4895,1232,24,8
4896,1233,9,18
4897,1233,11,15
4898,1233,2,6
4899,1233,24,22
4900,1233,14,1
4901,1234,13,3
4902,1234,24,5
4903,1234,13,20
4904,1234,5,2
4905,1234,18,15
4906,1234,23,15
4907,1234,4,17
4908,1235,15,17
4909,1235,7,16
4910,1235,4,18
4911,1235,0,21
4912,1235,24,0
4913,1236,17,23
4914,1236,20,6
4915,1236,7,18
4916,1236,6,16
4917,1236,24,0
4918,1236,16,4
4919,1236,16,22
4920,1236,0,7
4921,1236,12,16
4922,1236,4,7
4923,1237,6,23
4924,1237,12,3
4925,1237,15,19
4926,1237,4,0
4927,1237,1,21
4928,1238,17,11
4929,1238,22,10
4930,1238,11,8
4931,1239,6,0
4932,1239,18,12
4933,1239,11,23
4934,1239,15,2
4935,1239,11,2
4936,1240,22,19
4937,1241,5,14
4938,1241,20,13
4939,1242,13,6
4940,1242,20,14
4941,1242,5,15
4942,1243,11,15
4943,1243,21,0
4944,1243,3,13
4945,1244,1,4
4946,1244,13,3
4947,1244,16,3
4948,1244,8,24
4949,1244,20,5
4950,1245,19,4
4951,1245,0,8
4952,1245,10,9
4953,1245,13,5
4954,1245,14,5
4955,1246,3,17
4956,1247,1,13
4957,1247,8,23
4958,1247,8,24
4959,1247,4,12
4960,1247,13,24
4961,1247,9,19
4962,1247,8,16
4963,1248,13,0
4964,1248,1,20
4965,1248,17,13
4966,1248,13,21
4967,1248,17,8
4968,1249,1,7
4969,1249,13,7
4970,1249,24,2
4971,1249,7,4
4972,1249,10,19
4973,1249,16,3
4974,1249,8,0
4975,1249,24,3
4976,1249,6,24
4977,1250,24,11
4978,1250,0,22
4979,1250,1,20
4980,1250,14,24
4981,1250,10,21
4982,1251,14,7
4983,1251,4,0
4984,1251,24,12
4985,1251,24,3
4986,1251,23,14
4987,1251,8,2
4988,1251,12,19
4989,1251,23,4
4990,1251,1,24
4991,1252,14,1
4992,1252,9,24
4993,1252,12,5
4994,1252,8,0
4995,1252,7,21
4996,1252,0,11
4997,1252,2,4
4998,1253,22,15
4999,1253,4,11
5000,1253,19,21
5001,1254,0,20
5002,1254,20,13
5003,1254,22,10
5004,1254,17,13
5005,1254,18,0
5006,1255,24,20
5007,1255,10,17
5008,1255,0,4
5009,1255,24,7
5010,1255,20,16
5011,1256,19,12
5012,1256,13,21
5013,1256,16,7
5014,1256,22,5
5015,1257,23,13
5016,1257,17,9
5017,1257,12,4
5018,1257,1,7
5019,1258,17,1
5020,1258,2,8
5021,1258,8,16
5022,1258,0,19
5023,1259,18,20
5024,1259,21,5
5025,1259,12,22
5026,1260,16,23
5027,1260,7,16
5028,1260,0,20
5029,1260,16,1
5030,1261,15,12
5031,1261,1,7
5032,1261,13,10
5033,1261,11,0
5034,1261,2,16
5035,1262,21,6
5036,1262,5,1
5037,1263,1,10
5038,1263,12,4
5039,1263,6,15
5040,1263,6,9
5041,1263,0,18
5042,1264,4,20
5043,1264,19,12
5044,1264,0,24
5045,1264,4,19
5046,1264,4,17
5047,1264,23,20
5048,1264,7,24
5049,1265,10,17
5050,1265,5,18
5051,1265,6,16
5052,1266,7,15
5053,1266,13,15
5054,1266,13,1
5055,1266,14,17
5056,1267,8,23
5057,1267,8,10
5058,1267,7,23
5059,1268,17,11
5060,1268,3,18
5061,1268,18,21
5062,1268,16,18
5063,1269,20,17
5064,1269,7,14
5065,1269,5,19
5066,1269,4,14
5067,1269,7,17
5068,1269,17,6
5069,1270,18,21
5070,1270,1,8
5071,1270,3,7
5072,1270,18,10
5073,1271,3,16
5074,1271,11,7
5075,1271,0,19
5076,1272,23,13
5077,1272,17,23
5078,1273,8,4
5079,1273,14,11
5080,1274,17,4
5081,1274,6,2
5082,1274,2,21
5083,1275,22,6
5084,1275,4,8
5085,1275,8,11
5086,1275,4,23
5087,1276,5,7
5088,1276,4,17
5089,1276,7,11
5090,1276,23,21
5091,1277,23,8
5092,1277,12,4
5093,1277,7,0
5094,1277,0,14
5095,1277,0,8
5096,1277,17,24
5097,1277,5,22
5098,1278,15,0
5099,1278,3,15
5100,1278,21,24
5101,1278,16,4
5102,1278,19,5
5103,1278,8,17
5104,1279,19,5
5105,1279,4,16
5106,1279,5,19
5107,1280,6,21
5108,1280,13,4
5109,1280,7,0
5110,1281,9,22
5111,1281,4,22
5112,1281,9,1
5113,1281,8,6
5114,1281,2,18
5115,1282,16,10
5116,1282,23,3
5117,1282,2,20
5118,1282,2,15
5119,1282,20,18
5120,1282,19,9
5121,1283,21,1
5122,1283,24,7
5123,1283,9,7
5124,1283,21,9
5125,1283,4,7
5126,1284,14,10
5127,1284,21,24
5128,1284,17,3
5129,1284,2,14
5130,1284,14,5
5131,1284,13,2
5132,1285,23,6
5133,1285,21,13
5134,1285,20,3
5135,1285,22,3
5136,1286,4,20
5137,1286,17,0
5138,1287,12,19
5139,1287,7,20
5140,1288,24,12
5141,1288,0,6
5142,1288,15,13
5143,1289,11,0
5144,1289,3,9
5145,1289,11,24
5146,1289,14,24
5147,1289,20,5
5148,1289,21,17
5149,1289,8,0
5150,1289,10,13
5151,1290,7,3
5152,1290,13,1
5153,1290,21,8
5154,1291,24,11
5155,1291,11,15
5156,1291,4,16
5157,1291,0,6
5158,1291,6,9
5159,1291,11,19
5160,1291,7,15
5161,1292,20,10
5162,1292,5,12
5163,1292,17,0
5164,1293,9,1
5165,1293,14,7
5166,1294,16,8
5167,1294,14,5
5168,1294,9,21
5169,1294,21,0
5170,1294,15,23
5171,1294,12,20
5172,1295,2,17
5173,1295,5,14
5174,1295,9,23
5175,1297,18,9
5176,1297,2,21
5177,1297,11,21
5178,1297,10,13
5179,1297,13,6
5180,1298,6,13
5181,1298,14,23
5182,1299,17,9
5183,1299,17,14
5184,1299,8,18
5185,1299,17,19
5186,1300,9,19
5187,1300,8,24
5188,1300,17,21
5189,1300,2,8
5190,1301,17,9
5191,1302,16,20
5192,1302,0,19
5193,1303,20,12
5194,1303,16,4
5195,1303,18,5
5196,1304,6,8
5197,1304,0,24
5198,1304,1,4
5199,1304,15,8
5200,1304,9,1
5201,1304,12,9
5202,1305,1,14
5203,1305,7,21
5204,1305,9,24
5205,1305,19,23
5206,1305,9,21
5207,1305,7,5
5208,1306,7,0
5209,1306,0,16
5210,1306,2,18
5211,1307,8,18
5212,1307,12,8
5213,1308,10,2
5214,1308,22,10
5215,1309,22,13
5216,1309,22,19
5217,1310,10,4
5218,1310,0,10
5219,1310,17,1
5220,1310,19,6
5221,1311,22,1
5222,1311,16,22
5223,1311,6,12
5224,1312,15,19
5225,1312,3,0
5226,1312,1,14
5227,1312,13,23
5228,1313,9,3
5229,1313,5,9
5230,1313,17,6
5231,1314,19,5
5232,1314,19,10
5233,1314,21,3
5234,1314,1,24
5235,1314,20,6
5236,1315,7,0
5237,1315,7,4
5238,1315,24,9
5239,1315,10,4
5240,1316,13,11
5241,1316,2,18
5242,1316,4,1
5243,1317,14,7
5244,1317,15,3
5245,1317,2,17
5246,1318,18,5
5247,1318,13,20
5248,1318,0,16
5249,1319,6,23
5250,1320,5,7
5251,1320,1,13
5252,1320,7,20
5253,1320,3,0
5254,1321,2,16
5255,1321,14,4
5256,1321,0,11
5257,1321,17,8
5258,1321,19,23
5259,1321,20,17
5260,1321,4,16
5261,1322,12,14
5262,1322,20,19
5263,1322,21,2
5264,1323,19,22
5265,1323,11,15
5266,1323,7,13
5267,1324,22,6
5268,1324,20,23
5269,1324,6,19
5270,1325,3,10
5271,1325,24,6
5272,1325,12,5
5273,1325,12,1
5274,1326,13,20
5275,1326,1,7
5276,1326,21,6
5277,1326,22,8
5278,1327,14,2
5279,1327,23,15
5280,1327,15,22
5281,1327,0,18
5282,1328,2,13
5283,1328,22,24
5284,1328,23,6
5285,1328,1,12
5286,1328,3,16
5287,1329,17,24
5288,1329,3,5
5289,1329,24,1
5290,1329,2,6
5291,1330,6,13
5292,1330,10,1
5293,1330,9,0
5294,1330,21,6
5295,1331,15,17
5296,1331,14,22
5297,1331,18,5
5298,1331,16,19
5299,1331,1,14
5300,1332,20,23
5301,1332,23,17
5302,1332,17,2
5303,1332,1,12
5304,1333,4,0
5305,1333,1,3
5306,1333,20,13
5307,1333,16,23
5308,1334,24,13
5309,1334,3,22
5310,1334,13,11
5311,1334,20,8
5312,1334,14,8
5313,1334,13,23
5314,1335,15,19
5315,1335,21,17
5316,1335,22,2
5317,1335,23,19
5318,1336,4,15
5319,1336,15,12
5320,1336,9,19
5321,1336,14,23
5322,1337,22,3
5323,1337,22,7
5324,1338,7,13
5325,1338,10,0
5326,1338,24,17
5327,1338,3,16
5328,1338,8,24
5329,1339,9,17
5330,1339,23,4
5331,1340,17,3
5332,1340,5,4
5333,1341,10,2
5334,1341,0,4
5335,1341,6,18
5336,1342,21,10
5337,1342,22,5
5338,1342,17,10
5339,1342,18,21
5340,1343,23,19
5341,1343,7,23
5342,1344,8,24
5343,1344,9,22
5344,1345,10,20
5345,1345,19,11
5346,1346,11,19
5347,1346,21,14
5348,1347,4,20
5349,1347,13,20
5350,1347,21,2
5351,1347,7,13
5352,1347,3,10
5353,1349,6,10
5354,1349,1,18
5355,1349,22,1
5356,1349,23,12
5357,1349,2,20
5358,1349,11,0
5359,1350,5,1
5360,1350,3,7
5361,1350,1,9
5362,1350,10,12
5363,1350,24,0
5364,1351,7,9
5365,1351,14,11
5366,1351,7,24
5367,1351,15,21
5368,1352,20,2
5369,1352,19,5
5370,1352,23,14
5371,1352,2,8
5372,1353,21,18
5373,1353,13,6
5374,1353,7,17
5375,1353,12,18
5376,1354,24,7
5377,1354,10,20
5378,1354,22,4
5379,1354,0,20
5380,1354,13,11
5381,1355,1,7
5382,1355,0,19
5383,1355,0,22
5384,1355,22,20
5385,1355,4,13
5386,1355,5,9
5387,1356,18,3
5388,1356,15,11
5389,1356,23,13
5390,1356,4,2
5391,1356,23,0
5392,1356,1,16
5393,1356,24,22
5394,1357,24,8
5395,1357,2,12
5396,1357,7,24
5397,1357,10,12
5398,1357,14,15
5399,1358,7,21
5400,1358,9,1
5401,1358,22,6
5402,1359,23,6
5403,1359,11,4
5404,1360,16,10
5405,1361,5,13
5406,1361,0,11
5407,1361,21,19
5408,1361,14,1
5409,1361,19,5
5410,1362,19,16
5411,1363,16,20
5412,1363,24,4
5413,1363,0,10
5414,1363,15,2
5415,1363,11,3
5416,1364,9,24
5417,1364,11,15
5418,1364,5,14
5419,1365,19,21
5420,1365,12,2
5421,1366,6,23
5422,1366,23,4
5423,1366,3,18
5424,1366,12,8
5425,1366,18,7
5426,1367,18,9
5427,1368,17,1
5428,1368,7,11
5429,1368,16,18
5430,1368,11,23
5431,1369,24,22
5432,1369,2,4
5433,1369,20,2
5434,1369,20,0
5435,1369,13,10
5436,1369,20,17
5437,1369,1,19
5438,1370,7,14
5439,1370,16,23
5440,1370,3,18
5441,1371,6,24
5442,1371,18,21
5443,1372,6,17
5444,1372,23,9
5445,1373,7,17
5446,1373,1,11
5447,1374,9,24
5448,1374,10,1
5449,1374,15,17
5450,1374,13,22
5451,1375,20,10
5452,1375,4,20
5453,1375,1,17
5454,1375,24,18
5455,1375,3,1
5456,1375,8,11
5457,1376,17,11
5458,1376,18,21
5459,1376,23,19
5460,1376,1,5
5461,1376,0,9
5462,1377,8,18
5463,1377,16,6
5464,1377,2,4
5465,1378,21,11
5466,1378,15,23
5467,1378,14,1
5468,1378,14,8
5469,1379,23,6
5470,1379,23,12
5471,1379,17,11
5472,1380,22,5
5473,1380,1,11
5474,1381,14,10
5475,1381,22,14
5476,1381,20,1
5477,1383,17,14
5478,1383,3,14
5479,1383,7,17
5480,1384,14,11
5481,1384,20,0
5482,1384,15,8
5483,1385,14,24
5484,1385,13,24
5485,1386,10,24
5486,1386,22,20
5487,1386,17,10
5488,1386,21,4
5489,1386,4,21
5490,1386,9,6
5491,1386,22,15
5492,1386,3,6
5493,1386,14,8
5494,1387,23,20
5495,1387,9,2
5496,1387,22,12
5497,1388,14,22
5498,1388,19,11
5499,1388,24,8
5500,1389,21,17
5501,1389,24,11
5502,1390,21,2
5503,1390,11,9
5504,1390,15,13
5505,1390,16,3
5506,1390,14,3
5507,1390,3,7
5508,1391,3,7
5509,1391,20,19
5510,1391,8,14
5511,1392,7,14
5512,1392,23,2
5513,1392,20,13
5514,1392,5,7
5515,1392,15,8
5516,1393,21,0
5517,1393,2,22
5518,1393,9,2
5519,1393,14,5
5520,1394,4,2
5521,1394,3,23
5522,1394,14,15
5523,1394,10,22
5524,1394,0,18
5525,1394,1,17
5526,1395,1,7
5527,1395,7,20
5528,1395,16,5
5529,1395,0,20
5530,1396,13,2
5531,1396,22,2
5532,1396,4,16
5533,1396,5,24
5534,1397,12,24
5535,1397,17,21
5536,1397,22,24
5537,1397,9,23
5538,1398,15,5
5539,1398,3,19
5540,1399,2,14
5541,1399,3,16
5542,1399,2,4
5543,1400,3,9
5544,1400,7,20
5545,1401,0,24
5546,1401,7,14
5547,1401,1,13
5548,1401,22,19
5549,1401,24,21
5550,1402,18,3
5551,1402,13,5
5552,1402,16,1
5553,1402,11,5
5554,1402,16,14
5555,1404,19,16
5556,1404,1,3
5557,1404,11,21
5558,1404,8,11
5559,1404,6,15
5560,1404,1,4
5561,1404,0,17
5562,1405,12,14
5563,1405,21,6
5564,1406,22,11
5565,1406,24,21
5566,1406,21,10
5567,1406,23,4
5568,1406,23,0
5569,1407,1,5
5570,1407,19,5
5571,1407,17,3
5572,1408,9,2
5573,1408,14,21
5574,1409,10,19
5575,1409,16,22
5576,1409,17,5
5577,1409,17,0
5578,1410,3,23
5579,1410,11,21
5580,1411,23,6
5581,1411,22,1
5582,1412,13,24
5583,1412,18,2
5584,1412,24,10
5585,1413,20,10
5586,1413,20,11
5587,1413,8,18
5588,1413,5,24
5589,1413,1,13
5590,1413,22,10
5591,1414,9,17
5592,1414,21,2
5593,1414,0,8
5594,1414,7,5
5595,1414,22,2
5596,1415,11,1
5597,1415,6,0
5598,1415,12,2
5599,1416,4,19
5600,1416,22,7
5601,1416,19,7
5602,1416,7,14
5603,1417,7,19
5604,1417,15,2
5605,1417,13,11
5606,1417,24,0
5607,1418,3,22
5608,1418,15,24
5609,1418,15,2
5610,1418,10,23
5611,1418,22,0
5612,1418,16,0
5613,1419,9,1
5614,1419,18,24
5615,1419,4,17
5616,1420,22,20
5617,1420,23,19
5618,1420,12,21
5619,1420,18,14
5620,1420,8,16
5621,1420,4,11
5622,1421,17,7
5623,1421,13,22
5624,1421,20,6
5625,1422,16,2
5626,1422,0,23
5627,1422,11,13
5628,1422,7,3
5629,1423,15,2
5630,1424,11,22
5631,1424,19,7
5632,1424,12,10
5633,1424,17,20
5634,1424,23,1
5635,1424,23,13
5636,1424,4,0
5637,1425,11,20
5638,1425,11,8
5639,1425,24,15
5640,1425,23,3
5641,1425,16,4
5642,1426,12,24
5643,1426,11,15
5644,1426,17,7
5645,1426,3,10
5646,1427,21,7
5647,1427,16,19
5648,1427,20,9
5649,1427,22,16
5650,1427,18,1
5651,1428,2,9
5652,1428,12,15
5653,1428,4,5
5654,1429,20,14
5655,1429,15,14
5656,1430,2,10
5657,1430,18,8
5658,1430,19,1
5659,1430,3,12
5660,1431,16,22
5661,1431,2,24
5662,1432,21,15
5663,1432,23,12
5664,1432,8,14
5665,1433,0,19
5666,1433,14,20
5667,1433,15,5
5668,1433,11,20
5669,1433,11,20
5670,1434,24,12
5671,1434,6,2
5672,1434,23,19
5673,1434,3,12
5674,1434,18,22
5675,1434,13,17
5676,1435,10,17
5677,1435,11,5
5678,1435,13,21
5679,1435,9,13
5680,1436,2,6
5681,1436,12,4
5682,1437,9,6
5683,1437,10,13
5684,1437,4,7
5685,1438,20,0
5686,1438,12,10
5687,1438,4,1
5688,1438,23,2
5689,1438,2,9
5690,1439,10,9
5691,1439,12,14
5692,1440,18,20
5693,1440,21,7
5694,1440,12,19
5695,1440,0,11
5696,1440,8,23
5697,1440,23,8
5698,1440,18,15
5699,1440,14,7
5700,1440,16,18
5701,1441,5,16
5702,1441,14,15
5703,1441,9,1
5704,1442,15,21
5705,1442,4,23
5706,1442,7,11
5707,1443,10,23
5708,1443,14,1
5709,1443,13,15
5710,1443,0,9
5711,1444,7,10
5712,1444,13,6
5713,1445,0,21
5714,1445,7,23
5715,1445,7,1
5716,1445,18,14
5717,1446,0,19
5718,1446,19,16
5719,1447,3,5
5720,1447,8,6
5721,1448,6,22
5722,1448,3,9
5723,1449,0,12
5724,1449,22,8
5725,1449,5,24
5726,1449,0,24
5727,1450,8,5
5728,1450,12,23
5729,1450,18,9
5730,1451,4,21
5731,1451,6,9
5732,1451,11,7
5733,1451,8,15
5734,1451,17,10
5735,1451,4,2
5736,1451,3,20
5737,1451,21,1
5738,1451,3,16
5739,1451,10,19
5740,1452,5,22
5741,1452,5,20
5742,1452,18,0
5743,1453,24,13
5744,1453,17,23
5745,1453,2,5
5746,1453,13,3
5747,1453,13,6
5748,1453,19,11
5749,1454,12,0
5750,1454,21,5
5751,1454,7,13
5752,1454,23,15
5753,1454,5,16
5754,1454,14,8
5755,1454,7,20
5756,1455,24,9
5757,1455,21,5
5758,1455,3,14
5759,1456,1,23
5760,1456,24,21
5761,1456,2,14
5762,1457,23,3
5763,1457,8,0
5764,1457,0,15
5765,1457,18,3
5766,1457,17,5
5767,1458,24,11
5768,1458,8,23
5769,1458,16,14
5770,1458,3,17
5771,1459,12,4
5772,1459,22,1
5773,1459,18,12
5774,1460,7,18
5775,1460,18,14
5776,1460,13,2
5777,1461,16,5
5778,1461,3,13
5779,1461,24,14
5780,1462,23,2
5781,1462,19,7
5782,1462,4,16
5783,1463,3,12
5784,1463,6,4
5785,1463,7,16
5786,1463,10,0
5787,1463,19,2
5788,1463,5,19
5789,1464,13,24
5790,1464,16,14
5791,1464,18,15
5792,1464,10,7
5793,1464,21,17
5794,1465,24,22
5795,1465,12,10
5796,1465,17,8
5797,1466,20,9
5798,1466,14,5
5799,1466,22,9
5800,1466,24,11
5801,1466,24,21
5802,1467,15,22
5803,1467,5,16
5804,1467,12,8
5805,1467,2,21
5806,1467,5,2
5807,1468,13,23
5808,1468,17,21
5809,1468,11,22
5810,1468,0,24
5811,1468,18,20
5812,1469,14,10
5813,1469,8,21
5814,1469,9,11
5815,1470,7,14
5816,1470,8,23
5817,1470,21,18
5818,1471,19,15
5819,1471,6,14
5820,1471,7,21
5821,1471,17,9
5822,1472,0,17
5823,1472,23,16
5824,1472,4,19
5825,1472,6,24
5826,1473,18,14
5827,1474,20,16
5828,1474,11,20
5829,1474,5,14
5830,1474,6,0
5831,1474,23,9
5832,1475,7,20
5833,1475,23,5
5834,1476,17,8
5835,1476,17,7
5836,1476,0,2
5837,1476,9,3
5838,1476,22,2
5839,1476,17,21
5840,1477,19,7
5841,1477,3,15
5842,1477,6,12
5843,1477,6,8
5844,1477,1,13
5845,1477,18,1
5846,1478,5,18
5847,1478,2,14
5848,1478,18,20
5849,1478,16,5
5850,1479,18,4
5851,1479,13,5
5852,1479,22,7
5853,1479,4,20
5854,1479,18,5
5855,1480,12,15
5856,1480,7,22
5857,1480,20,1
5858,1481,3,20
5859,1481,23,0
5860,1481,21,14
5861,1482,19,0
5862,1483,0,23
5863,1484,23,1
5864,1484,20,0
5865,1484,8,16
5866,1484,17,10
5867,1484,8,24
5868,1486,12,10
5869,1487,1,13
5870,1487,10,6
5871,1487,22,14
5872,1487,1,4
5873,1488,13,19
5874,1488,9,17
5875,1489,14,20
5876,1489,8,24
5877,1490,2,8
5878,1490,20,16
5879,1490,6,21
5880,1491,24,17
5881,1491,4,7
5882,1491,15,19
5883,1491,2,18
5884,1491,15,3
5885,1491,1,9
5886,1491,4,11
5887,1491,17,11
5888,1491,7,10
5889,1492,17,15
5890,1492,12,24
5891,1492,7,14
5892,1492,24,15
5893,1493,10,17
5894,1493,24,0
5895,1493,14,4
5896,1493,13,19
5897,1493,20,10
5898,1494,18,1
5899,1495,6,19
5900,1495,21,15
5901,1495,20,10
5902,1495,15,11
5903,1495,15,18
5904,1496,23,2
5905,1496,10,6
5906,1496,4,13
5907,1496,4,12
5908,1496,14,7
5909,1497,1,8
5910,1497,17,20
5911,1497,7,19
5912,1497,20,7
5913,1497,17,11
5914,1497,16,22
5915,1497,17,5
5916,1497,3,24
5917,1498,11,0
5918,1498,22,15
5919,1498,14,24
5920,1499,17,6
5921,1499,18,24
5922,1499,9,0
5923,1500,24,18
5924,1500,2,18
5925,1500,4,19
5926,1500,7,0
5927,1501,5,9
5928,1501,2,8
5929,1502,17,4
5930,1502,18,5
5931,1502,20,18
5932,1503,4,10
5933,1503,21,19
5934,1503,7,19
5935,1503,22,9
5936,1503,9,20
5937,1503,7,24
5938,1503,12,14
5939,1504,8,20
5940,1504,5,17
5941,1504,7,17
5942,1506,8,17
5943,1506,3,0
5944,1506,0,15
5945,1507,20,1
5946,1507,19,6
5947,1507,6,3
5948,1507,24,8
5949,1508,13,17
5950,1508,23,8
5951,1509,17,24
5952,1509,18,11
5953,1509,10,14
5954,1509,4,6
5955,1509,20,1
5956,1509,9,20
5957,1509,21,10
5958,1509,1,21
5959,1510,24,21
5960,1510,3,23
5961,1510,2,21
5962,1510,16,3
5963,1511,21,3
5964,1511,18,8
5965,1511,4,18
5966,1511,20,18
5967,1512,2,21
5968,1512,5,7
5969,1512,20,3
5970,1512,3,9
5971,1512,15,6
5972,1512,22,18
5973,1513,20,6
5974,1513,22,7
5975,1513,16,2
5976,1513,15,23
5977,1513,18,10
5978,1513,3,19
5979,1514,2,8
5980,1514,22,24
5981,1515,18,20
5982,1515,20,13
5983,1515,22,19
5984,1515,24,9
5985,1515,19,15
5986,1516,11,4
5987,1516,3,24
5988,1517,8,15
5989,1517,3,20
5990,1517,24,21
5991,1517,22,8
5992,1517,4,17
5993,1518,17,9
5994,1518,11,7
5995,1518,3,22
5996,1519,2,11
5997,1520,1,14
5998,1520,19,6
5999,1520,1,14
6000,1520,6,10
6001,1521,2,20
6002,1521,10,18
6003,1521,19,5
6004,1521,0,23
6005,1522,6,8
6006,1522,22,19
6007,1522,10,23
6008,1522,13,24
6009,1522,22,3
6010,1523,3,10
6011,1523,21,24
6012,1523,15,13
6013,1523,18,6
6014,1525,19,9
6015,1526,22,16
6016,1526,14,20
6017,1526,4,15
6018,1526,0,9
6019,1527,7,5
6020,1527,16,24
6021,1527,2,0
6022,1528,11,15
6023,1529,0,7
6024,1529,24,20
6025,1529,22,11
6026,1529,14,2
6027,1529,23,10
6028,1530,22,3
6029,1530,17,19
6030,1530,10,14
6031,1531,18,8
6032,1531,0,13
6033,1531,11,21
6034,1531,11,22
6035,1531,12,23
6036,1531,22,16
6037,1532,14,21
6038,1534,16,6
6039,1534,8,10
6040,1534,16,18
6041,1534,15,21
6042,1535,16,12
6043,1535,22,8
6044,1535,14,16
6045,1535,16,18
6046,1536,24,10
6047,1536,21,11
6048,1536,24,13
6049,1536,4,16
6050,1536,22,10
6051,1537,8,20
6052,1537,10,9
6053,1537,24,8
6054,1537,1,14
6055,1537,15,6
6056,1538,23,14
6057,1538,16,14
6058,1539,17,1
6059,1539,24,17
6060,1539,10,9
6061,1539,24,7
6062,1539,24,22
6063,1540,8,22
6064,1540,19,1
6065,1540,7,13
6066,1540,15,8
6067,1540,3,14
6068,1540,22,13
6069,1541,14,10
6070,1541,12,18
6071,1541,14,3
6072,1541,16,3
6073,1541,5,16
6074,1542,21,11
6075,1543,2,13
6076,1543,1,4
6077,1543,17,24
6078,1544,14,16
6079,1544,21,10
6080,1544,19,17
6081,1545,10,2
6082,1545,23,10
6083,1545,15,11
6084,1545,22,2
6085,1545,14,6
6086,1545,18,24
6087,1546,12,14
6088,1547,22,3
6089,1547,19,7
6090,1548,6,15
6091,1548,9,22
6092,1549,19,2
6093,1549,18,22
6094,1549,16,5
6095,1549,4,17
6096,1550,1,21
6097,1550,17,3
6098,1550,10,8
6099,1551,2,16
6100,1552,19,7
6101,1552,18,24
6102,1553,21,5
6103,1553,11,24
6104,1553,8,17
6105,1553,11,19
6106,1553,1,9
6107,1554,5,13
6108,1554,4,18
6109,1554,21,4
6110,1555,10,17
6111,1555,8,12
6112,1555,8,14
6113,1555,0,8
6114,1556,4,13
6115,1556,5,16
6116,1557,4,23
6117,1557,6,24
6118,1557,24,5
6119,1558,12,22
6120,1558,18,20
6121,1558,6,4
6122,1559,5,12
6123,1559,19,21
6124,1559,12,23
6125,1559,13,10
6126,1559,3,18
6127,1560,0,8
6128,1560,23,8
6129,1560,1,7
6130,1560,10,18
6131,1561,15,18
6132,1561,16,0
6133,1561,20,16
6134,1561,6,23
6135,1562,2,12
6136,1562,8,4
6137,1563,5,18
6138,1563,16,24
6139,1563,2,17
6140,1563,5,14
6141,1564,19,8
6142,1564,13,0
6143,1564,5,12
6144,1564,3,5
6145,1565,18,6
6146,1565,15,11
6147,1565,8,16
6148,1566,14,22
6149,1566,0,17
6150,1566,15,8
6151,1567,14,20
6152,1567,13,1
6153,1567,1,20
6154,1567,8,15
6155,1568,14,15
6156,1568,12,1
6157,1568,16,4
6158,1569,5,12
6159,1569,20,5
6160,1569,18,12
6161,1569,10,8
6162,1569,10,4
6163,1569,16,10
6164,1569,13,6
6165,1570,19,10
6166,1570,13,21
6167,1570,17,23
6168,1571,15,2
6169,1571,5,2
6170,1571,12,6
6171,1571,17,19
6172,1571,17,4
6173,1572,7,19
6174,1572,8,0
6175,1573,19,1
6176,1573,1,23
6177,1574,23,9
6178,1574,3,7
6179,1574,5,22
6180,1574,8,11
6181,1574,22,0
6182,1574,16,19
6183,1575,14,16
6184,1575,0,24
6185,1575,13,0
6186,1575,6,14
6187,1575,3,9
6188,1575,21,6
6189,1576,5,12
6190,1576,16,7
6191,1576,22,14
6192,1576,8,14
6193,1577,13,23
6194,1578,23,13
6195,1579,3,7
6196,1579,16,8
6197,1579,12,24
6198,1579,17,8
6199,1579,21,19
6200,1579,14,12
6201,1580,5,24
6202,1580,3,21
6203,1580,20,24
6204,1580,15,12
6205,1581,20,11
6206,1581,22,6
6207,1581,14,11
6208,1581,6,21
6209,1582,8,6
6210,1582,15,0
6211,1583,5,9
6212,1583,3,0
6213,1584,21,10
6214,1584,7,4
6215,1584,8,17
6216,1584,16,23
6217,1584,23,17
6218,1585,18,10
6219,1585,18,11
6220,1585,8,19
6221,1585,17,14
6222,1586,20,11
6223,1586,18,3
6224,1586,18,21
6225,1587,17,21
6226,1587,22,5
6227,1587,14,18
6228,1587,16,3
6229,1587,12,1
6230,1588,18,24
6231,1588,11,9
6232,1588,9,11
6233,1589,3,24
6234,1589,21,8
6235,1589,10,17
6236,1589,15,12
6237,1589,8,2
6238,1589,14,2
6239,1590,2,20
6240,1591,9,19
6241,1591,2,19
6242,1591,8,23
6243,1592,12,0
6244,1592,1,16
6245,1592,14,21
6246,1592,3,0
6247,1592,24,6
6248,1592,0,15
6249,1592,21,10
6250,1593,7,23
6251,1593,3,9
6252,1593,16,13
6253,1595,6,13
6254,1595,8,1
6255,1595,20,23
6256,1595,7,20
6257,1596,3,24
6258,1596,17,5
6259,1596,19,6
6260,1596,2,9
6261,1596,4,5
6262,1596,23,7
6263,1596,3,12
6264,1596,15,21
6265,1597,24,11
6266,1597,5,1
6267,1597,3,19
6268,1597,3,18
6269,1597,4,17
6270,1597,6,23
6271,1598,6,16
6272,1598,15,9
6273,1598,4,0
6274,1598,23,19
6275,1599,10,14
6276,1599,14,23
6277,1599,13,16
6278,1600,4,12
6279,1600,22,7
6280,1600,12,1
6281,1600,23,4
6282,1600,23,16
6283,1601,19,7
6284,1602,10,12
6285,1602,12,23
6286,1602,4,12
6287,1602,6,4
6288,1602,2,8
6289,1602,1,24
6290,1602,23,11
6291,1603,20,11
6292,1603,7,4
6293,1604,10,3
6294,1604,4,23
6295,1604,24,7
6296,1605,22,16
6297,1605,9,11
6298,1606,24,11
6299,1607,0,9
6300,1607,0,21
6301,1607,24,22
6302,1607,20,11
6303,1607,7,5
6304,1608,7,17
6305,1609,0,21
6306,1609,1,16
6307,1609,18,8
6308,1609,19,13
6309,1609,13,7
6310,1610,16,2
6311,1610,20,16
6312,1610,22,14
6313,1610,11,17
6314,1610,2,6
6315,1610,22,8
6316,1610,11,3
6317,1610,2,17
6318,1611,1,19
6319,1611,20,4
6320,1611,11,20
6321,1611,10,13
6322,1611,13,10
6323,1611,20,13
6324,1612,13,17
6325,1612,9,19
6326,1613,0,22
6327,1613,7,20
6328,1613,16,0
6329,1613,8,15
6330,1613,2,8
6331,1613,6,16
6332,1613,6,16
6333,1613,14,16
6334,1614,6,21
6335,1614,6,21
6336,1614,17,1
6337,1614,13,3
6338,1614,6,9
6339,1614,5,9
6340,1614,2,5
6341,1615,12,21
6342,1615,2,17
6343,1615,17,2
6344,1616,0,2
6345,1616,5,7
6346,1617,2,19
6347,1617,13,10
6348,1617,18,2
6349,1618,15,9
6350,1618,5,23
6351,1619,14,23
6352,1619,21,13
6353,1620,11,13
6354,1620,11,0
6355,1620,1,21
6356,1620,7,1
6357,1620,12,2
6358,1621,13,11
6359,1621,7,15
6360,1621,10,7
6361,1621,8,2
6362,1622,9,5
6363,1622,19,12
6364,1622,1,3
6365,1622,23,11
6366,1622,18,22
6367,1623,10,7
6368,1623,2,5
6369,1623,21,12
6370,1624,22,3
6371,1624,13,7
6372,1624,17,5
6373,1624,7,0
6374,1625,10,18
6375,1625,20,22
6376,1626,11,1
6377,1626,24,6
6378,1626,6,9
6379,1627,21,18
6380,1627,22,1
6381,1627,14,6
6382,1627,16,9
6383,1628,7,14
6384,1628,19,4
6385,1629,24,8
6386,1630,23,12
6387,1630,0,16
6388,1630,2,11
6389,1631,20,2
6390,1631,7,5
6391,1631,8,20
6392,1631,10,19
6393,1631,6,9
6394,1632,23,12
6395,1632,3,11
6396,1632,5,15
6397,1632,11,13
6398,1633,17,8
6399,1633,13,19
6400,1634,14,5
6401,1634,17,6
6402,1634,16,12
6403,1635,13,21
6404,1635,16,9
6405,1635,22,19
6406,1635,17,5
6407,1636,18,9
6408,1636,2,24
6409,1636,11,7
6410,1636,14,2
6411,1636,0,19
6412,1637,10,6
6413,1637,18,5
6414,1637,2,19
6415,1637,8,16
6416,1638,11,7
6417,1638,16,9
6418,1638,0,6
6419,1638,7,5
6420,1639,12,19
6421,1639,6,3
6422,1640,23,2
6423,1641,22,15
6424,1642,0,7
6425,1642,20,6
6426,1642,13,0
6427,1642,4,12
6428,1642,4,13
6429,1643,16,9
6430,1643,3,20
6431,1643,6,0
6432,1643,4,20
6433,1643,3,15
6434,1644,18,10
6435,1644,2,9
6436,1644,6,20
6437,1644,12,9
6438,1645,2,5
6439,1645,21,8
6440,1645,0,8
6441,1645,13,22
6442,1645,15,17
6443,1645,13,5
6444,1646,0,4
6445,1646,2,9
6446,1647,10,7
6447,1647,5,14
6448,1647,14,0
6449,1647,5,11
6450,1647,21,8
6451,1647,10,19
6452,1648,5,18
6453,1648,20,23
6454,1648,22,3
6455,1648,21,24
6456,1648,6,8
6457,1648,5,17
6458,1648,20,13
6459,1649,10,19
6460,1649,2,21
6461,1649,9,10
6462,1649,13,5
6463,1650,11,20
6464,1650,12,20
6465,1650,18,0
6466,1650,6,24
6467,1650,17,24
6468,1650,21,17
6469,1651,13,23
6470,1651,2,15
6471,1651,6,8
6472,1652,8,21
6473,1652,18,9
6474,1652,8,18
6475,1652,24,8
6476,1652,16,19
6477,1653,4,19
6478,1653,4,12
6479,1653,21,19
6480,1653,15,0
6481,1653,5,24
6482,1653,23,15
6483,1653,24,15
6484,1653,12,9
6485,1654,8,14
6486,1655,1,24
6487,1655,5,2
6488,1655,10,3
6489,1655,9,17
6490,1655,22,0
6491,1656,17,4
6492,1656,15,6
6493,1656,4,10
6494,1656,9,2
6495,1656,23,1
6496,1657,14,8
6497,1657,0,24
6498,1658,8,1
6499,1658,5,21
6500,1658,7,17
6501,1659,7,22
6502,1659,23,6
6503,1660,17,8
6504,1660,23,6
6505,1661,9,6
6506,1661,15,24
6507,1661,3,5
6508,1661,13,11
6509,1661,15,23
6510,1661,2,18
6511,1662,11,8
6512,1662,13,1
6513,1662,9,3
6514,1662,3,0
6515,1663,11,14
6516,1663,21,15
6517,1663,1,12
6518,1663,22,2
6519,1663,14,3
6520,1663,14,18
6521,1664,19,13
6522,1664,10,7
6523,1664,10,19
6524,1664,17,13
6525,1665,2,13
6526,1665,1,17
6527,1665,11,13
6528,1665,1,23
6529,1666,3,14
6530,1666,9,19
6531,1666,22,20
6532,1666,9,0
6533,1666,13,15
6534,1667,3,23
6535,1668,9,24
6536,1668,1,16
6537,1668,21,14
6538,1669,15,1
6539,1669,16,1
6540,1669,14,23
6541,1670,3,11
6542,1670,3,16
6543,1670,0,11
6544,1670,22,8
6545,1670,6,14
6546,1670,22,8
6547,1671,18,12
6548,1671,1,23
6549,1671,2,22
6550,1671,24,3
6551,1671,0,2
6552,1671,21,10
6553,1671,7,4
6554,1671,4,0
6555,1671,1,22
6556,1671,6,17
6557,1672,11,9
6558,1672,22,11
6559,1672,24,1
6560,1672,10,16
6561,1672,8,21
6562,1673,5,11
6563,1673,1,3
6564,1674,21,6
6565,1674,13,11
6566,1674,14,2
6567,1674,13,17
6568,1674,16,6
6569,1675,6,0
6570,1675,0,18
6571,1675,7,15
6572,1675,10,14
6573,1676,3,9
6574,1676,20,22
6575,1676,14,2
6576,1676,5,11
6577,1676,8,6
6578,1677,13,5
6579,1677,9,0
6580,1677,12,20
6581,1678,9,15
6582,1678,22,18
6583,1678,23,2
6584,1678,19,15
6585,1678,8,4
6586,1678,8,0
6587,1678,8,11
6588,1679,16,20
6589,1679,15,9
6590,1679,4,15
6591,1679,16,14
6592,1680,18,7
6593,1680,21,8
6594,1680,10,16
6595,1680,3,18
6596,1680,18,22
6597,1681,15,3
6598,1681,12,1
6599,1681,20,14
6600,1681,12,4
6601,1681,12,18
6602,1681,4,13
6603,1681,9,0
6604,1682,8,14
6605,1682,9,0
6606,1682,20,22
6607,1682,5,14
6608,1683,16,20
6609,1683,16,18
6610,1684,7,19
6611,1684,18,1
6612,1684,8,4
6613,1684,3,16
6614,1684,3,13
6615,1685,12,3
6616,1685,19,11
6617,1686,2,24
6618,1686,21,7
6619,1686,9,7
6620,1686,13,4
6621,1687,16,22
6622,1687,15,4
6623,1687,16,22
6624,1687,16,10
6625,1688,7,17
6626,1688,5,1
6627,1688,9,11
6628,1688,1,12
6629,1688,2,17
6630,1688,3,18
6631,1688,21,14
6632,1689,7,24
6633,1690,22,9
6634,1690,17,23
6635,1690,24,17
6636,1691,4,6
6637,1691,22,2
6638,1691,1,10
6639,1692,7,21
6640,1693,12,18
6641,1693,8,22
6642,1693,24,0
6643,1693,24,14
6644,1694,11,4
6645,1694,24,6
6646,1694,3,14
6647,1694,23,20
6648,1694,21,7
6649,1695,12,1
6650,1695,13,24
6651,1696,5,16
6652,1696,4,21
6653,1696,6,0
6654,1697,0,2
6655,1697,20,11
6656,1697,17,21
6657,1697,7,21
6658,1697,17,8
6659,1697,9,11
6660,1698,19,22
6661,1698,3,14
6662,1698,14,2
6663,1699,1,19
6664,1699,16,1
6665,1699,16,18
6666,1700,17,19
6667,1700,19,15
6668,1700,9,6
6669,1700,5,23
6670,1701,9,21
6671,1702,19,20
6672,1702,24,9
6673,1702,21,11
6674,1702,20,9
6675,1703,15,9
6676,1703,4,15
6677,1703,19,5
6678,1703,23,16
6679,1703,2,15
6680,1704,3,22
6681,1705,11,2
6682,1705,2,19
6683,1705,14,18
6684,1705,14,21
6685,1705,19,22
6686,1706,3,15
6687,1706,7,13
6688,1706,10,7
6689,1706,23,4
6690,1706,15,23
6691,1706,22,10
6692,1707,20,2
6693,1707,9,22
6694,1708,23,21
6695,1708,0,10
6696,1708,1,18
6697,1708,13,7
6698,1708,12,23
6699,1709,10,12
6700,1709,24,15
6701,1709,0,2
6702,1709,6,10
6703,1709,7,15
6704,1709,13,5
6705,1709,2,11
6706,1710,11,21
6707,1710,19,11
6708,1710,15,0
6709,1710,13,5
6710,1711,20,14
6711,1711,6,3
6712,1711,11,17
6713,1711,22,15
6714,1711,12,15
6715,1712,22,6
6716,1712,17,20
6717,1712,2,8
6718,1713,16,24
6719,1713,0,3
6720,1713,5,13
6721,1714,8,0
6722,1715,18,24
6723,1715,5,20
6724,1716,21,11
6725,1716,15,18
6726,1716,3,12
6727,1716,22,0
6728,1717,21,11
6729,1717,21,10
6730,1717,5,8
6731,1718,12,10
6732,1718,4,8
6733,1718,7,16
6734,1718,17,13
6735,1719,0,23
6736,1719,8,20
6737,1719,16,12
6738,1720,14,4
6739,1720,6,15
6740,1721,21,3
6741,1721,20,4
6742,1721,24,17
6743,1721,13,1
6744,1722,18,16
6745,1722,19,22
6746,1722,17,19
6747,1722,12,19
6748,1722,6,16
6749,1722,2,5
6750,1722,13,22
6751,1722,11,20
6752,1723,2,21
6753,1723,17,23
6754,1723,0,12
6755,1723,5,3
6756,1724,22,24
6757,1724,15,22
6758,1724,7,14
6759,1725,10,1
6760,1725,16,7
6761,1725,11,3
6762,1725,18,20
6763,1725,11,17
6764,1726,13,23
6765,1726,0,7
6766,1727,22,24
6767,1727,10,21
6768,1727,10,12
6769,1727,15,5
6770,1728,22,20
6771,1728,1,8
6772,1728,0,7
6773,1729,16,3
6774,1729,16,1
6775,1730,2,11
6776,1730,9,22
6777,1731,12,5
6778,1731,18,8
6779,1732,20,14
6780,1732,0,9
6781,1732,2,9
6782,1733,6,2
6783,1733,20,4
6784,1733,18,7
6785,1733,22,14
6786,1734,5,2
6787,1734,12,10
6788,1734,14,17
6789,1734,16,2
6790,1735,1,4
6791,1735,5,12
6792,1735,6,19
6793,1736,3,21
6794,1736,17,10
6795,1736,6,24
6796,1736,5,15
6797,1736,3,19
6798,1736,1,11
6799,1737,6,17
6800,1737,6,21
6801,1737,17,5
6802,1738,18,22
6803,1739,15,6
6804,1739,3,22
6805,1739,18,4
6806,1740,3,16
6807,1740,22,0
6808,1740,20,4
6809,1740,17,9
6810,1741,3,17
6811,1741,22,0
6812,1741,8,11
6813,1741,3,6
6814,1742,19,4
6815,1742,7,15
6816,1743,9,0
6817,1743,15,14
6818,1743,14,21
6819,1743,17,9
6820,1743,14,0
6821,1744,13,7
6822,1744,10,16
6823,1744,20,11
6824,1744,6,0
6825,1744,0,16
6826,1745,24,13
6827,1745,4,11
6828,1745,22,24
6829,1745,5,11
6830,1746,0,14
6831,1746,2,0
6832,1746,22,16
6833,1746,7,9
6834,1748,18,14
6835,1749,24,6
6836,1749,6,21
6837,1750,22,10
6838,1750,22,1
6839,1750,1,24
6840,1751,10,19
6841,1751,7,23
6842,1751,13,9
6843,1751,7,21
6844,1751,10,8
6845,1751,11,19
6846,1752,3,17
6847,1752,4,19
6848,1753,17,9
6849,1753,7,3
6850,1753,6,19
6851,1753,13,4
6852,1753,20,13
6853,1754,7,5
6854,1754,15,24
6855,1754,14,23
6856,1755,4,5
6857,1755,2,16
6858,1755,10,24
6859,1755,19,2
6860,1756,4,5
6861,1756,8,17
6862,1756,21,6
6863,1756,23,12
6864,1756,15,2
6865,1757,9,17
6866,1757,23,1
6867,1757,8,11
6868,1757,5,13
6869,1758,5,7
6870,1758,7,9
6871,1759,8,11
6872,1759,4,23
6873,1759,20,22
6874,1759,12,5
6875,1760,14,16
6876,1760,0,10
6877,1760,22,12
6878,1760,23,3
6879,1760,14,3
6880,1761,0,14
6881,1761,8,0
6882,1762,12,16
6883,1762,11,5
6884,1762,18,3
6885,1762,10,12
6886,1763,20,1
6887,1763,18,10
6888,1764,9,23
6889,1764,7,1
6890,1764,15,21
6891,1765,6,24
6892,1765,12,22
6893,1765,3,19
6894,1765,12,9
6895,1765,4,20
6896,1766,12,14
6897,1766,23,7
6898,1766,24,2
6899,1766,11,9
6900,1767,6,24
6901,1768,16,22
6902,1768,2,16
6903,1768,4,14
6904,1769,3,16
6905,1769,19,16
6906,1769,24,4
6907,1769,12,6
6908,1769,24,22
6909,1770,18,5
6910,1770,14,16
6911,1770,18,20
6912,1770,1,10
6913,1771,3,20
6914,1771,19,8
6915,1772,24,16
6916,1772,21,14
6917,1772,3,17
6918,1773,17,23
6919,1773,2,22
6920,1773,12,4
6921,1774,5,21
6922,1774,2,18
6923,1774,15,7
6924,1775,11,15
6925,1775,13,10
6926,1775,6,15
6927,1775,14,23
6928,1775,3,21
6929,1776,10,3
6930,1776,1,17
6931,1776,18,0
6932,1776,13,5
6933,1777,5,17
6934,1777,0,10
6935,1777,22,7
6936,1777,2,8
6937,1778,20,22
6938,1778,5,12
6939,1778,3,12
6940,1778,19,8
6941,1779,15,24
6942,1779,6,23
6943,1779,13,5
6944,1779,22,12
6945,1780,11,5
6946,1780,19,12
6947,1780,0,14
6948,1780,20,14
6949,1781,17,11
6950,1781,3,12
6951,1781,9,20
6952,1781,4,21
6953,1781,6,8
6954,1782,11,9
6955,1782,9,23
6956,1782,0,6
6957,1782,17,14
6958,1782,20,4
6959,1782,18,4
6960,1783,1,16
6961,1783,4,22
6962,1783,12,1
6963,1783,22,1
6964,1784,10,6
6965,1784,4,5
6966,1784,20,6
6967,1784,13,9
6968,1784,12,15
6969,1784,17,13
6970,1785,6,10
6971,1786,23,20
6972,1786,0,17
6973,1786,23,12
6974,1787,16,8
6975,1787,3,18
6976,1787,23,20
6977,1788,16,4
6978,1788,10,6
6979,1788,9,7
6980,1788,19,5
6981,1788,11,7
6982,1788,10,19
6983,1788,1,20
6984,1789,9,16
6985,1789,19,7
6986,1789,8,24
6987,1789,20,23
6988,1789,18,1
6989,1789,11,8
6990,1790,2,9
6991,1790,7,17
6992,1790,20,19
6993,1791,15,1
6994,1791,2,24
6995,1792,22,4
6996,1793,19,17
6997,1793,20,2
6998,1793,11,24
6999,1793,2,16
7000,1793,9,1
7001,1793,2,20
7002,1793,20,1
7003,1793,12,24
7004,1794,4,24
7005,1794,4,24
7006,1794,16,19
7007,1795,13,11
7008,1795,23,6
7009,1795,0,17
7010,1795,20,10
7011,1795,21,1
7012,1796,6,23
7013,1796,12,24
7014,1796,16,10
7015,1796,20,3
7016,1796,16,3
7017,1797,10,22
7018,1798,15,13
7019,1798,5,13
7020,1798,8,21
7021,1798,17,13
7022,1798,22,15
7023,1799,8,19
7024,1799,10,17
7025,1799,21,18
7026,1799,5,16
7027,1799,23,9
7028,1799,14,2
