veh_id,t_depart,origin,dest
0,0,1,18
1,0,8,20
2,1,22,0
3,1,13,10
4,1,20,12
5,1,21,13
6,2,17,5
7,3,20,17
8,4,3,9
9,4,22,11
10,4,21,6
11,4,10,8
12,4,20,5
13,4,17,3
14,4,0,20
15,5,5,4
16,5,9,13
17,5,9,2
18,5,2,23
19,5,10,14
20,6,15,21
21,6,21,7
22,7,18,7
23,7,11,18
24,7,8,21
25,7,22,14
26,8,5,4
27,8,24,7
28,8,1,8
29,9,9,17
30,9,13,2
31,9,10,20
32,9,16,12
33,9,9,23
34,9,4,1
35,10,10,23
36,10,10,21
37,11,13,9
38,11,20,7
39,11,18,4
40,11,13,11
41,12,2,20
42,14,12,9
43,15,15,24
44,15,15,17
45,15,14,7
46,15,8,24
47,15,16,8
48,15,14,7
49,16,9,7
50,16,16,3
51,16,20,17
52,16,3,23
53,16,14,4
54,16,19,2
55,16,9,15
56,17,5,11
57,17,2,4
58,17,11,7
59,17,21,14
60,17,13,1
61,17,23,8
62,18,19,7
63,18,10,20
64,18,8,5
65,18,18,7
66,19,9,1
67,19,10,8
68,19,18,1
69,19,1,13
70,19,22,16
71,20,8,24
72,21,23,13
73,21,0,16
74,21,13,10
75,21,3,21
76,21,2,14
77,22,7,4
78,22,0,3
79,22,1,24
80,22,5,17
81,22,6,0
82,23,19,20
83,24,23,21
84,24,0,23
85,24,8,10
86,24,17,10
87,24,21,5
88,24,8,21
89,24,22,15
90,24,0,19
91,24,16,7
92,25,16,20
93,25,2,11
94,25,3,20
95,26,1,7
96,26,11,1
97,26,0,8
98,26,7,5
99,26,3,6
100,26,13,17
101,27,22,10
102,27,22,24
103,27,23,1
104,27,20,5
105,27,11,18
106,28,22,20
107,28,1,23
108,28,20,24
109,29,1,10
110,29,22,0
111,29,2,0
112,29,4,16
113,30,6,18
114,30,12,1
115,30,8,2
116,31,22,19
117,31,23,5
118,31,9,15
119,31,24,5
120,32,23,21
121,33,2,8
122,33,14,7
123,33,15,2
124,33,3,20
125,33,19,21
126,33,16,0
127,34,17,24
128,34,13,1
129,34,20,6
130,34,2,19
131,35,9,0
132,35,21,19
133,35,5,12
134,35,7,20
135,37,6,14
136,37,0,22
137,37,2,14
138,38,3,11
139,38,19,10
140,38,3,1
141,38,1,8
142,38,2,21
143,38,18,15
144,40,21,1
145,40,3,18
146,40,2,11
147,40,5,4
148,40,9,1
149,40,16,1
150,40,15,0
151,41,21,9
152,41,5,19
153,41,13,1
154,41,23,17
155,42,10,2
156,42,10,22
157,42,2,18
158,42,19,5
159,42,12,19
160,42,0,16
161,43,16,2
162,44,7,22
163,44,16,22
164,44,10,23
165,44,2,10
166,44,1,3
167,44,0,21
168,44,23,2
169,45,20,12
170,45,23,13
171,45,8,21
172,45,8,24
173,45,12,22
174,46,9,22
175,46,14,2
176,46,18,4
177,46,16,10
178,46,7,5
179,46,16,9
180,47,24,22
181,47,14,1
182,47,23,21
183,47,9,7
184,49,1,19
185,49,6,21
186,50,22,6
187,50,24,4
188,51,24,22
189,51,11,9
190,52,7,4
191,53,22,12
192,54,2,10
193,54,5,7
194,54,15,7
195,54,21,18
196,55,21,19
197,56,9,7
198,56,16,12
199,56,18,20
200,56,24,18
201,57,24,9
202,57,22,24
203,57,23,0
204,57,4,20
205,57,23,2
206,57,5,24
207,57,11,2
208,57,5,23
209,58,13,20
210,59,1,21
211,59,11,22
212,59,18,7
213,59,22,0
214,59,14,4
215,59,4,19
216,59,1,23
217,59,15,24
218,60,4,6
219,60,4,17
220,60,21,19
221,60,22,7
222,61,16,2
223,61,2,13
224,61,24,7
225,61,24,9
226,61,24,13
227,62,22,12
228,62,6,14
229,62,13,4
230,63,7,5
231,63,20,6
232,63,8,0
233,63,12,8
234,64,17,7
235,64,17,14
236,64,3,9
237,64,9,12
238,64,10,0
239,64,23,21
240,64,22,15
241,65,0,22
242,65,13,24
243,65,5,11
244,65,14,4
245,66,12,21
246,67,17,0
247,67,2,12
248,67,7,9
249,67,24,2
250,67,7,20
251,67,6,14
252,68,4,1
253,68,8,17
254,68,7,23
255,68,4,22
256,68,4,24
257,69,12,22
258,69,10,4
259,69,9,16
260,69,17,14
261,69,12,10
262,70,4,12
263,70,4,13
264,70,6,18
265,71,12,22
266,71,14,10
267,71,17,4
268,72,13,24
269,72,24,14
270,73,7,1
271,73,22,13
272,73,15,24
273,73,0,24
274,73,22,10
275,74,9,20
276,74,4,21
277,74,18,21
278,76,19,4
279,76,20,14
280,76,5,24
281,77,9,22
282,77,7,24
283,77,17,0
284,78,22,8
285,78,14,21
286,78,10,9
287,79,14,12
288,79,1,21
289,79,5,4
290,79,21,23
291,79,6,2
292,79,14,1
293,79,10,9
294,80,22,18
295,80,1,22
296,80,8,15
297,80,23,14
298,80,6,12
299,80,17,5
300,80,11,8
301,80,2,23
302,81,13,6
303,81,9,18
304,81,19,5
305,82,20,11
306,82,19,15
307,82,11,21
308,82,5,4
309,82,7,5
310,83,1,15
311,83,9,12
312,83,12,9
313,84,11,4
314,84,15,3
315,84,9,15
316,85,9,5
317,85,19,7
318,86,24,17
319,86,12,14
320,86,9,16
321,86,15,6
322,86,13,21
323,87,2,12
324,87,12,2
325,87,15,1
326,87,4,0
327,88,14,4
328,88,23,3
329,89,12,8
330,89,1,20
331,89,5,11
332,89,21,23
333,89,21,15
334,90,19,4
335,90,6,4
336,90,17,23
337,90,16,12
338,91,5,15
339,91,17,15
340,91,5,1
341,91,9,19
342,91,17,14
343,91,7,11
344,91,3,19
345,92,20,24
346,92,19,3
347,92,12,9
348,92,15,8
349,92,17,14
350,92,18,21
351,93,21,7
352,93,14,15
353,93,0,8
354,93,5,7
355,93,13,3
356,93,10,12
357,93,17,13
358,94,18,15
359,94,22,20
360,94,16,23
361,94,7,14
362,94,10,16
363,94,22,18
364,95,16,8
365,95,14,23
366,95,8,17
367,95,20,13
368,95,18,8
369,95,3,0
370,96,22,16
371,96,1,17
372,96,4,0
373,96,17,10
374,97,8,21
375,97,11,20
376,97,12,23
377,97,7,0
378,97,6,13
379,97,20,14
380,97,23,12
381,98,11,21
382,98,7,23
383,98,8,17
384,98,23,21
385,98,6,17
386,99,14,15
387,99,0,22
388,99,6,17
389,99,8,5
390,99,7,13
391,99,20,11
392,99,14,12
393,100,14,2
394,101,23,17
395,101,3,21
396,101,1,21
397,101,12,2
398,101,10,7
399,102,15,22
400,102,14,12
401,102,24,5
402,102,19,20
403,102,14,11
404,102,19,7
405,103,12,9
406,103,8,18
407,103,15,7
408,103,12,4
409,103,19,15
410,104,0,2
411,104,17,14
412,104,11,13
413,104,5,21
414,104,0,20
415,104,13,10
416,105,17,15
417,105,12,19
418,106,8,6
419,106,6,19
420,106,2,4
421,106,5,17
422,106,2,4
423,106,4,18
424,106,6,4
425,106,11,3
426,107,20,13
427,107,2,23
428,107,5,13
429,107,23,4
430,107,24,11
431,108,18,4
432,109,12,4
433,109,4,17
434,110,19,10
435,110,16,22
436,110,22,10
437,110,24,15
438,110,11,7
439,110,24,0
440,111,8,14
441,111,11,9
442,111,1,19
443,111,3,16
444,112,12,8
445,112,14,7
446,112,14,1
447,112,15,7
448,112,15,3
449,113,17,9
450,113,22,8
451,113,19,21
452,113,18,0
453,113,6,10
454,113,17,8
455,113,10,14
456,114,3,10
457,114,0,17
458,114,18,0
459,114,9,18
460,114,17,20
461,115,11,18
462,115,2,23
463,115,19,15
464,116,16,7
465,116,22,12
466,116,18,8
467,116,23,8
468,116,4,2
469,117,19,3
470,117,9,15
471,118,4,24
472,119,12,10
473,119,1,22
474,119,1,3
475,119,23,8
476,119,20,18
477,120,1,22
478,120,2,19
479,120,24,3
480,120,5,20
481,120,13,23
482,121,22,12
483,121,5,14
484,121,1,18
485,121,17,15
486,121,17,0
487,122,2,9
488,122,7,9
489,122,3,14
490,122,0,15
491,122,17,21
492,123,7,20
493,123,4,17
494,123,12,1
495,123,18,14
496,123,7,0
497,123,22,20
498,124,18,4
499,124,18,0
500,124,14,20
501,124,16,14
502,125,10,23
503,125,14,21
504,125,17,19
505,126,23,2
506,126,14,11
507,126,10,13
508,127,1,16
509,127,3,20
510,127,23,17
511,127,8,4
512,127,4,17
513,128,15,17
514,128,2,17
515,128,10,14
516,128,4,19
517,128,3,22
518,129,2,23
519,129,22,7
520,129,12,21
521,129,1,11
522,129,5,7
523,130,8,5
524,130,9,3
525,131,15,6
526,131,11,23
527,132,0,2
528,133,16,2
529,133,17,7
530,133,8,15
531,133,5,8
532,133,16,10
533,133,13,0
534,133,8,21
535,133,17,14
536,134,3,23
537,134,6,10
538,134,11,13
539,134,1,3
540,135,19,10
541,135,8,24
542,135,13,4
543,136,17,9
544,136,4,13
545,137,0,11
546,137,11,24
547,137,7,9
548,137,16,8
549,137,22,4
550,137,22,16
551,137,18,12
552,137,22,12
553,139,14,20
554,139,22,10
555,139,7,17
556,139,18,4
557,139,19,16
558,139,4,7
559,139,21,9
560,139,6,0
561,139,22,14
562,139,4,14
563,140,15,8
564,141,1,8
565,141,21,0
566,141,13,22
567,141,6,10
568,141,21,1
569,141,19,22
570,142,23,5
571,142,18,9
572,143,10,8
573,144,3,0
574,144,8,17
575,144,3,5
576,144,9,16
577,144,22,8
578,144,24,2
579,144,8,2
580,145,17,20
581,145,14,2
582,145,15,5
583,145,15,19
584,145,17,15
585,146,23,13
586,146,16,22
587,146,11,24
588,146,8,0
589,147,21,4
590,147,13,21
591,148,24,11
592,148,10,24
593,149,6,16
594,150,20,3
595,150,17,15
596,150,23,9
597,150,22,2
598,150,3,11
599,151,9,3
600,151,18,16
601,151,17,24
602,151,22,4
603,151,1,14
604,152,2,19
605,152,20,9
606,152,16,19
607,152,13,23
608,152,21,24
609,152,13,11
610,153,18,9
611,153,5,18
612,153,11,14
613,153,24,18
614,153,14,23
615,154,21,23
616,154,16,14
617,154,23,6
618,154,9,3
619,155,20,11
620,155,5,15
621,155,5,22
622,155,16,24
623,155,15,13
624,156,3,18
625,156,23,16
626,156,10,1
627,157,13,21
628,158,18,3
629,159,14,22
630,159,20,18
631,159,23,4
632,159,14,11
633,159,3,12
634,161,21,10
635,161,24,14
636,161,24,2
637,162,14,16
638,162,11,1
639,162,16,3
640,162,21,7
641,162,2,21
642,162,8,21
643,162,21,6
644,163,6,8
645,163,18,22
646,163,12,2
647,163,3,9
648,163,10,3
649,164,18,10
650,164,19,12
651,164,3,5
652,165,17,6
653,165,13,4
654,165,6,15
655,165,20,11
656,165,5,15
657,166,19,12
658,166,23,6
659,166,8,23
660,166,9,12
661,166,0,20
662,166,7,22
663,167,12,10
664,167,23,20
665,167,20,8
666,168,2,9
667,168,3,7
668,168,24,22
669,168,4,5
670,168,1,19
671,169,18,20
672,169,5,11
673,169,23,8
674,170,20,0
675,170,9,6
676,171,5,18
677,171,21,14
678,172,22,2
679,172,5,2
680,173,5,16
681,173,2,17
682,173,23,6
683,173,7,21
684,173,16,23
685,173,19,23
686,173,16,4
687,174,21,13
688,175,22,4
689,175,4,24
690,175,2,19
691,176,23,5
692,176,8,18
693,176,19,4
694,176,12,4
695,176,20,9
696,176,5,14
697,176,8,19
698,177,3,19
699,177,18,12
700,178,12,16
701,178,13,23
702,178,18,3
703,179,16,10
704,179,4,13
705,179,4,0
706,180,8,20
707,181,20,12
708,181,10,17
709,181,21,11
710,182,15,17
711,182,11,23
712,182,22,19
713,183,16,6
714,183,18,24
715,183,10,0
716,184,3,14
717,184,10,20
718,184,23,7
719,184,6,24
720,185,8,5
721,185,0,8
722,185,2,6
723,185,12,8
724,185,15,12
725,186,5,13
726,186,23,15
727,186,0,18
728,186,14,1
729,186,8,12
730,186,0,12
731,186,10,9
732,187,22,18
733,187,3,13
734,187,22,13
735,187,3,1
736,187,3,16
737,187,23,1
738,189,21,13
739,190,13,0
740,190,14,0
741,190,0,18
742,190,23,16
743,190,24,0
744,190,24,22
745,191,19,9
746,191,5,20
747,191,15,2
748,191,8,20
749,191,16,5
750,192,20,5
751,192,4,21
752,192,21,13
753,192,10,20
754,193,23,4
755,193,4,16
756,193,7,21
757,193,12,0
758,194,14,1
759,194,14,10
760,194,16,4
761,195,18,9
762,195,18,1
763,195,6,15
764,195,20,22
765,195,7,19
766,195,17,13
767,196,19,8
768,196,19,17
769,196,6,24
770,196,9,13
771,196,3,0
772,196,2,8
773,197,8,15
774,198,1,22
775,199,6,15
776,199,15,7
777,199,14,0
778,199,7,16
779,199,10,24
780,199,1,20
781,200,2,9
782,200,2,12
783,200,6,22
784,200,20,3
785,201,20,6
786,201,9,16
787,201,4,8
788,201,12,8
789,202,11,9
790,202,1,5
791,202,14,7
792,203,18,12
793,203,12,20
794,203,6,8
795,203,4,14
796,203,15,9
797,204,21,13
798,204,15,21
799,204,19,2
800,205,19,9
801,205,11,1
802,205,3,17
803,206,11,20
804,206,17,4
805,206,10,13
806,206,22,16
807,207,11,13
808,207,21,0
809,208,14,22
810,208,24,17
811,209,20,24
812,209,5,3
813,209,4,22
814,210,15,6
815,210,0,22
816,210,1,11
817,211,21,3
818,211,7,3
819,212,19,15
820,212,24,6
821,212,22,4
822,212,17,20
823,213,11,22
824,214,2,15
825,214,12,0
826,214,16,7
827,214,24,22
828,215,1,13
829,215,4,23
830,215,24,1
831,215,6,15
832,215,19,20
833,216,5,15
834,216,17,14
835,216,5,19
836,216,5,9
837,216,16,19
838,217,12,19
839,217,2,10
840,217,21,8
841,217,20,14
842,217,20,0
843,218,2,19
844,218,15,7
845,219,8,24
846,219,6,14
847,219,20,23
848,219,8,24
849,221,21,11
850,221,11,8
851,221,17,20
852,221,24,6
853,221,19,3
854,221,0,19
855,222,10,20
856,222,8,14
857,222,10,23
858,222,22,8
859,222,0,3
860,222,18,24
861,223,0,8
862,223,18,11
863,224,0,12
864,224,5,14
865,224,10,22
866,225,20,19
867,225,17,2
868,225,3,13
869,225,22,20
870,226,18,9
871,226,20,14
872,226,1,11
873,226,11,7
874,227,21,3
875,227,22,8
876,227,15,3
877,229,9,23
878,229,0,11
879,231,17,4
880,232,16,6
881,232,16,7
882,232,18,24
883,232,18,8
884,232,13,4
885,232,24,1
886,233,11,8
887,233,19,23
888,233,2,9
889,233,7,0
890,233,5,21
891,233,4,10
892,233,8,2
893,234,23,6
894,234,8,1
895,234,15,0
896,234,17,2
897,234,16,13
898,235,22,9
899,235,6,15
900,235,16,6
901,235,6,12
902,235,3,0
903,236,15,23
904,236,12,3
905,237,5,18
906,237,8,0
907,237,15,0
908,238,22,24
909,238,18,22
910,238,10,6
911,238,3,7
912,238,22,15
913,239,4,11
914,239,5,1
915,239,7,9
916,239,0,17
917,239,17,9
918,239,15,6
919,240,9,2
920,240,23,2
921,240,19,6
922,240,20,8
923,240,1,17
924,240,3,1
925,241,7,23
926,241,14,22
927,241,0,6
928,241,18,15
929,241,0,8
930,242,4,21
931,242,4,14
932,242,18,8
933,243,14,12
934,243,19,1
935,243,7,21
936,243,24,8
937,243,19,9
938,243,6,16
939,244,13,15
940,244,23,21
941,245,11,22
942,245,16,20
943,245,20,12
944,245,9,10
945,246,14,4
946,246,8,0
947,246,17,8
948,246,19,8
949,246,12,4
950,247,24,1
951,247,9,10
952,248,2,20
953,248,3,11
954,248,19,0
955,248,20,4
956,248,17,23
957,248,17,24
958,249,24,16
959,249,10,3
960,249,11,21
961,249,8,15
962,250,19,1
963,250,9,1
964,250,21,7
965,250,15,23
966,250,12,14
967,251,19,13
968,251,13,16
969,251,5,18
970,251,10,14
971,251,23,20
972,251,20,8
973,251,15,7
974,252,16,2
975,252,2,18
976,253,23,13
977,253,4,21
978,253,17,5
979,253,10,12
980,254,13,20
981,254,0,15
982,254,2,14
983,254,0,22
984,254,7,16
985,255,22,2
986,255,18,8
987,255,8,16
988,255,13,17
989,255,22,11
990,255,21,12
991,256,21,2
992,256,18,8
993,256,23,7
994,256,17,9
995,257,11,17
996,257,10,1
997,257,22,18
998,257,24,12
999,258,23,7
1000,258,9,20
1001,258,12,8
1002,258,3,17
1003,259,22,7
1004,259,23,10
1005,259,15,19
1006,260,12,8
1007,260,15,9
1008,260,8,5
1009,260,12,8
1010,261,7,3
1011,261,3,16
1012,261,14,0
1013,261,21,6
1014,262,9,6
1015,262,14,5
1016,262,2,10
1017,263,15,5
1018,263,4,0
1019,263,14,6
1020,263,1,15
1021,264,22,13
1022,264,10,1
1023,264,8,1
1024,265,14,17
1025,266,15,24
1026,266,16,3
1027,266,21,3
1028,267,22,9
1029,267,24,8
1030,267,11,21
1031,267,9,17
1032,267,3,20
1033,267,0,15
1034,269,11,17
1035,269,16,12
1036,269,2,16
1037,269,3,16
1038,270,19,20
1039,270,8,24
1040,270,23,19
1041,270,3,21
1042,271,23,7
1043,271,12,2
1044,271,11,0
1045,271,18,12
1046,271,2,13
1047,271,9,12
1048,272,24,8
1049,272,3,11
1050,273,14,10
1051,273,5,18
1052,274,0,23
1053,274,19,4
1054,275,20,23
1055,275,11,7
1056,275,0,11
1057,275,9,7
1058,275,21,6
1059,276,24,14
1060,276,10,4
1061,276,8,22
1062,276,5,22
1063,277,3,19
1064,277,24,18
1065,278,1,3
1066,278,11,22
1067,278,19,6
1068,278,2,21
1069,278,20,2
1070,278,6,13
1071,279,21,11
1072,279,2,21
1073,280,3,0
1074,280,9,23
1075,280,5,14
1076,280,7,3
1077,280,4,22
1078,280,7,5
1079,281,22,16
1080,281,23,2
1081,282,2,10
1082,282,21,7
1083,282,1,16
1084,282,14,22
1085,283,15,24
1086,283,9,18
1087,284,4,13
1088,284,9,7
1089,284,8,4
1090,285,9,22
1091,285,18,3
1092,285,6,15
1093,285,19,16
1094,285,6,24
1095,286,12,1
1096,286,9,15
1097,286,4,22
1098,286,8,19
1099,286,23,12
1100,286,2,0
1101,287,9,6
1102,287,2,12
1103,287,0,11
1104,287,6,8
1105,287,19,6
1106,288,23,21
1107,288,7,20
1108,288,16,5
1109,288,24,1
1110,288,11,9
1111,289,20,11
1112,289,0,15
1113,289,1,8
1114,289,16,0
1115,290,4,16
1116,290,15,19
1117,291,13,5
1118,291,24,5
1119,291,18,2
1120,291,18,10
1121,291,20,9
1122,292,16,13
1123,292,13,5
1124,292,13,17
1125,292,10,4
1126,292,23,21
1127,293,15,4
1128,293,4,1
1129,293,18,15
1130,294,5,1
1131,294,0,23
1132,294,9,0
1133,294,2,22
1134,295,1,11
1135,295,7,3
1136,295,9,13
1137,296,24,8
1138,296,12,6
1139,296,17,24
1140,296,14,7
1141,296,24,2
1142,297,15,13
1143,297,19,9
1144,297,10,7
1145,297,0,11
1146,298,3,5
1147,298,3,21
1148,298,18,4
1149,298,6,0
1150,299,21,2
1151,299,20,6
1152,299,14,24
1153,300,24,10
1154,300,9,5
1155,300,16,1
1156,300,22,6
1157,300,17,7
1158,300,22,15
1159,300,4,19
1160,301,6,12
1161,301,20,11
1162,301,7,20
1163,302,17,9
1164,302,14,18
1165,302,8,12
1166,302,22,7
1167,303,3,23
1168,304,23,3
1169,304,4,11
1170,304,14,18
1171,304,14,3
1172,304,2,19
1173,305,22,7
1174,305,20,24
1175,306,15,19
1176,306,21,11
1177,306,11,14
1178,306,22,12
1179,307,11,1
1180,307,13,3
1181,307,7,11
1182,307,18,22
1183,308,3,22
1184,308,19,17
1185,308,8,1
1186,308,12,4
1187,308,4,6
1188,308,9,5
1189,309,19,8
1190,309,8,19
1191,310,22,12
1192,310,3,14
1193,311,5,15
1194,311,16,20
1195,311,2,8
1196,311,23,12
1197,312,12,10
1198,312,9,15
1199,312,23,7
1200,312,20,10
1201,314,2,12
1202,314,17,21
1203,314,20,10
1204,314,20,8
1205,315,5,3
1206,315,21,7
1207,315,22,9
1208,316,10,8
1209,316,21,13
1210,316,0,7
1211,316,21,6
1212,316,20,2
1213,316,4,21
1214,316,1,20
1215,316,4,5
1216,317,4,5
1217,317,1,10
1218,317,11,14
1219,317,6,20
1220,317,18,0
1221,318,0,12
1222,319,20,3
1223,319,12,5
1224,319,7,14
1225,319,22,18
1226,319,9,24
1227,319,18,2
1228,320,3,16
1229,320,10,16
1230,320,14,1
1231,320,17,4
1232,321,7,24
1233,321,18,6
1234,322,23,3
1235,322,18,1
1236,322,13,4
1237,323,10,9
1238,325,8,24
1239,325,17,9
1240,325,22,10
1241,325,12,14
1242,325,10,4
1243,325,23,17
1244,325,4,11
1245,326,6,24
1246,326,10,6
1247,327,13,3
1248,327,14,24
1249,327,10,23
1250,328,24,1
1251,328,20,23
1252,328,8,4
1253,328,0,19
1254,328,18,4
1255,329,11,20
1256,329,3,6
1257,329,20,13
1258,330,6,24
1259,330,19,0
1260,330,17,14
1261,330,12,4
1262,331,3,19
1263,331,5,11
1264,331,16,6
1265,331,2,19
1266,332,16,0
1267,332,4,2
1268,332,20,23
1269,332,9,22
1270,332,19,5
1271,333,8,12
1272,333,12,0
1273,333,1,14
1274,334,19,8
1275,334,11,20
1276,334,4,0
1277,335,2,23
1278,335,24,5
1279,335,16,9
1280,335,18,16
1281,335,4,8
1282,335,8,11
1283,336,3,18
1284,337,16,24
1285,337,1,20
1286,337,4,2
1287,337,17,5
1288,338,5,4
1289,338,13,9
1290,338,20,23
1291,338,4,5
1292,338,20,9
1293,338,15,4
1294,339,18,14
1295,340,24,10
1296,340,11,19
1297,341,15,17
1298,341,4,2
1299,341,15,6
1300,341,4,19
1301,342,14,16
1302,342,24,10
1303,342,5,24
1304,343,6,14
1305,343,13,23
1306,343,14,15
1307,343,23,9
1308,343,19,7
1309,344,6,16
1310,344,11,1
1311,345,22,14
1312,345,23,13
1313,345,13,10
1314,345,15,3
1315,345,9,15
1316,345,13,23
1317,345,19,0
1318,346,6,2
1319,346,18,3
1320,346,2,5
1321,346,22,13
1322,346,16,19
1323,346,11,0
1324,347,0,7
1325,347,7,16
1326,347,1,18
1327,347,7,13
1328,347,17,3
1329,347,14,15
1330,348,8,16
1331,349,9,17
1332,349,13,1
1333,349,4,14
1334,350,10,1
1335,350,24,22
1336,351,5,13
1337,351,7,10
1338,351,14,23
1339,351,17,1
1340,351,4,19
1341,352,6,13
1342,352,17,5
1343,353,7,1
1344,353,1,18
1345,354,8,10
1346,354,14,6
1347,354,1,14
1348,354,19,0
1349,354,5,9
1350,354,9,20
1351,354,6,0
1352,355,6,16
1353,355,8,5
1354,355,24,8
1355,356,7,20
1356,356,12,15
1357,356,23,6
1358,357,7,22
1359,357,21,5
1360,358,3,21
1361,358,5,8
1362,358,15,18
1363,358,1,13
1364,358,5,15
1365,359,9,15
1366,359,24,5
1367,359,5,8
1368,359,12,4
1369,359,10,23
1370,359,4,23
1371,359,16,10
1372,360,10,3
1373,360,9,20
1374,360,15,21
1375,360,5,12
1376,361,12,5
1377,361,0,15
1378,361,4,12
1379,362,4,18
1380,362,3,9
1381,362,13,3
1382,362,24,2
1383,362,8,4
1384,364,2,16
1385,365,23,8
1386,365,1,21
1387,366,8,21
1388,366,8,1
1389,366,16,9
1390,366,24,6
1391,366,24,7
1392,366,18,0
1393,366,20,2
1394,367,19,7
1395,367,1,18
1396,367,13,2
1397,367,21,13
1398,368,23,6
1399,368,10,14
1400,368,13,21
1401,368,21,23
1402,368,23,4
1403,368,6,18
1404,369,22,18
1405,370,8,6
1406,370,5,22
1407,370,18,0
1408,371,20,22
1409,371,23,1
1410,371,17,21
1411,371,1,23
1412,371,1,15
1413,372,21,6
1414,372,9,13
1415,372,2,16
1416,372,18,22
1417,373,9,3
1418,373,18,20
1419,373,17,11
1420,373,18,20
1421,374,19,22
1422,374,8,2
1423,374,1,17
1424,374,12,0
1425,374,5,22
1426,375,23,13
1427,375,5,7
1428,375,16,6
1429,375,18,20
1430,376,22,18
1431,376,21,18
1432,376,1,13
1433,376,12,16
1434,377,22,16
1435,377,12,24
1436,377,13,3
1437,377,9,10
1438,378,24,2
1439,378,4,8
1440,379,7,22
1441,379,18,2
1442,379,19,4
1443,379,4,17
1444,379,1,11
1445,380,12,24
1446,380,8,14
1447,380,17,4
1448,380,17,21
1449,380,10,20
1450,380,4,5
1451,380,6,15
1452,380,15,4
1453,380,14,20
1454,381,3,10
1455,381,11,20
1456,382,7,15
1457,382,5,12
1458,382,16,7
1459,382,9,20
1460,383,6,10
1461,383,0,10
1462,383,1,21
1463,384,10,20
1464,384,23,2
1465,385,4,2
1466,385,1,5
1467,385,11,21
1468,385,20,4
1469,385,10,24
1470,386,3,19
1471,386,15,5
1472,386,10,23
1473,386,8,20
1474,386,14,8
1475,386,0,18
1476,387,5,8
1477,388,19,5
1478,388,13,17
1479,388,2,23
1480,389,0,20
1481,389,8,24
1482,389,7,24
1483,389,14,23
1484,390,6,13
1485,390,0,9
1486,390,24,10
1487,390,20,14
1488,390,23,2
1489,391,14,1
1490,391,16,9
1491,391,18,12
1492,391,0,10
1493,391,20,17
1494,391,17,8
1495,392,20,3
1496,392,2,4
1497,392,20,18
1498,392,23,12
1499,392,20,6
1500,393,16,1
1501,394,23,17
1502,394,8,11
1503,394,8,15
1504,395,10,7
1505,395,9,20
1506,395,14,15
1507,395,9,22
1508,395,10,22
1509,395,22,7
1510,396,20,2
1511,396,20,4
1512,396,24,10
1513,396,4,14
1514,396,3,17
1515,397,24,9
1516,397,2,24
1517,397,18,1
1518,398,9,19
1519,398,12,21
1520,398,7,20
1521,398,15,11
1522,398,11,15
1523,398,11,2
1524,398,2,9
1525,398,14,23
1526,398,6,4
1527,399,21,14
1528,399,12,23
1529,399,15,3
1530,399,5,4
1531,400,0,8
1532,400,2,23
1533,400,1,22
1534,400,6,19
1535,401,10,16
1536,401,11,21
1537,401,4,5
1538,402,16,3
1539,402,7,18
1540,402,5,9
1541,402,12,21
1542,402,4,8
1543,402,17,6
1544,403,19,8
1545,403,11,8
1546,403,6,21
1547,403,7,14
1548,403,19,10
1549,403,0,10
1550,404,24,22
1551,404,3,14
1552,404,23,1
1553,404,23,0
1554,404,11,1
1555,405,14,23
1556,405,15,21
1557,406,6,23
1558,406,6,13
1559,406,23,19
1560,406,20,3
1561,406,17,8
1562,406,17,2
1563,407,5,8
1564,407,6,23
1565,407,14,15
1566,408,6,8
1567,408,6,14
1568,408,3,21
1569,409,3,23
1570,409,3,21
1571,409,8,21
1572,410,16,22
1573,410,2,16
1574,410,13,7
1575,410,15,5
1576,410,10,4
1577,411,5,1
1578,411,19,23
1579,411,10,24
1580,411,20,6
1581,412,13,19
1582,412,23,20
1583,412,20,9
1584,412,2,11
1585,412,4,19
1586,413,11,8
1587,414,0,4
1588,414,6,4
1589,414,8,15
1590,415,18,14
1591,415,19,20
1592,415,8,10
1593,415,12,24
1594,415,2,22
1595,415,19,11
1596,415,18,2
1597,415,24,12
1598,416,24,2
1599,416,23,0
1600,416,24,18
1601,416,23,7
1602,417,17,0
1603,417,20,8
1604,417,1,24
1605,417,10,4
1606,418,5,21
1607,418,9,24
1608,418,12,23
1609,418,5,21
1610,418,18,10
1611,419,13,3
1612,419,2,14
1613,419,13,5
1614,419,1,24
1615,420,9,15
1616,420,5,23
1617,421,17,2
1618,422,11,2
1619,422,22,14
1620,422,8,16
1621,422,7,5
1622,423,12,6
1623,423,5,2
1624,424,13,17
1625,424,24,16
1626,424,24,2
1627,424,7,23
1628,424,23,11
1629,424,8,17
1630,424,22,0
1631,425,10,19
1632,425,15,9
1633,425,16,14
1634,425,0,24
1635,425,23,9
1636,426,16,14
1637,426,5,9
1638,426,21,12
1639,426,18,6
1640,426,19,10
1641,426,13,0
1642,427,12,5
1643,427,24,21
1644,428,0,23
1645,429,8,5
1646,429,13,9
1647,429,22,11
1648,430,6,23
1649,430,20,5
1650,430,2,0
1651,430,21,13
1652,430,8,22
1653,430,9,23
1654,432,8,10
1655,432,23,14
1656,432,4,14
1657,433,6,18
1658,433,23,12
1659,433,4,17
1660,434,14,7
1661,434,0,11
1662,434,4,19
1663,434,0,10
1664,434,10,20
1665,434,1,21
1666,435,14,15
1667,435,5,23
1668,435,7,5
1669,435,21,23
1670,435,14,3
1671,436,1,24
1672,436,13,9
1673,437,14,22
1674,437,4,17
1675,437,2,17
1676,437,6,12
1677,438,2,5
1678,438,20,13
1679,438,18,24
1680,438,6,18
1681,438,1,23
1682,438,17,24
1683,438,23,5
1684,438,20,11
1685,438,11,23
1686,439,9,20
1687,439,23,14
1688,439,6,0
1689,439,23,9
1690,439,20,1
1691,440,15,0
1692,440,4,11
1693,440,6,18
1694,440,15,13
1695,440,6,10
1696,440,0,10
1697,441,12,3
1698,441,1,3
1699,442,5,23
1700,442,10,21
1701,442,16,5
1702,442,2,16
1703,442,24,18
1704,443,14,7
1705,443,12,20
1706,443,9,21
1707,443,22,13
1708,443,10,22
1709,444,0,21
1710,445,8,1
1711,445,17,6
1712,446,20,7
1713,446,8,17
1714,446,16,7
1715,446,2,5
1716,447,14,0
1717,447,20,0
1718,447,6,24
1719,447,11,9
1720,448,10,2
1721,448,15,13
1722,448,7,20
1723,448,3,24
1724,448,2,20
1725,448,4,0
1726,448,23,2
1727,449,17,10
1728,449,17,11
1729,450,18,7
1730,450,3,10
1731,450,22,6
1732,450,2,22
1733,451,0,8
1734,451,22,20
1735,451,10,18
1736,452,4,22
1737,452,4,12
1738,452,21,9
1739,452,0,15
1740,452,7,4
1741,452,6,15
1742,453,24,12
1743,454,0,2
1744,454,22,24
1745,454,2,14
1746,454,17,4
1747,455,2,15
1748,455,20,11
1749,455,14,11
1750,456,10,12
1751,456,5,13
1752,456,4,12
1753,456,14,24
1754,457,5,11
1755,457,2,16
1756,458,3,20
1757,458,2,22
1758,458,20,14
1759,458,18,0
1760,459,19,11
1761,459,21,3
1762,460,11,8
1763,460,12,8
1764,460,1,20
1765,460,6,16
1766,460,3,20
1767,461,14,8
1768,462,5,1
1769,462,20,24
1770,463,3,15
1771,463,23,9
1772,463,14,10
1773,463,20,7
1774,463,10,19
1775,463,10,14
1776,463,0,11
1777,464,13,17
1778,464,2,11
1779,464,8,0
1780,464,22,3
1781,464,3,20
1782,464,17,5
1783,464,14,8
1784,464,11,8
1785,465,4,21
1786,465,24,12
1787,465,20,3
1788,465,22,12
1789,465,13,5
1790,466,23,9
1791,466,23,1
1792,466,3,1
1793,466,12,18
1794,466,22,16
1795,467,15,11
1796,467,23,11
1797,467,23,12
1798,467,20,8
1799,467,6,15
1800,467,20,17
1801,468,5,20
1802,468,23,11
1803,468,15,9
1804,469,9,10
1805,469,7,14
1806,469,20,23
1807,469,13,23
1808,469,1,18
1809,469,0,24
1810,469,21,8
1811,469,10,0
1812,470,24,8
1813,470,1,20
1814,470,0,22
1815,470,24,14
1816,470,2,10
1817,470,10,0
1818,470,18,2
1819,471,18,7
1820,471,5,7
1821,471,19,2
1822,471,10,1
1823,472,16,18
1824,472,1,9
1825,473,8,5
1826,473,24,20
1827,473,9,22
1828,474,5,12
1829,474,14,20
1830,474,24,13
1831,475,19,7
1832,476,21,6
1833,476,0,22
1834,476,22,5
1835,476,15,22
1836,476,15,4
1837,477,2,22
1838,477,11,24
1839,478,11,24
1840,478,6,19
1841,479,3,23
1842,479,24,4
1843,479,14,6
1844,479,19,3
1845,480,3,13
1846,480,6,22
1847,480,0,24
1848,481,24,1
1849,481,19,20
1850,481,24,10
1851,481,1,18
1852,482,9,20
1853,482,13,4
1854,482,3,19
1855,482,0,13
1856,482,12,19
1857,482,12,23
1858,483,9,17
1859,483,17,15
1860,483,21,23
1861,483,1,12
1862,483,15,13
1863,483,16,12
1864,483,5,19
1865,483,18,12
1866,485,1,11
1867,485,23,21
1868,485,2,6
1869,486,14,18
1870,486,14,11
1871,486,6,20
1872,486,4,0
1873,487,6,13
1874,487,16,4
1875,487,19,7
1876,487,23,14
1877,487,1,20
1878,487,4,7
1879,488,13,21
1880,488,13,6
1881,488,12,23
1882,488,20,16
1883,489,15,17
1884,489,5,17
1885,489,22,6
1886,490,1,4
1887,490,14,16
1888,490,0,20
1889,491,12,19
1890,491,14,0
1891,491,11,23
1892,491,8,23
1893,491,3,0
1894,491,3,22
1895,491,23,3
1896,491,10,2
1897,492,20,6
1898,492,13,7
1899,493,9,7
1900,493,8,15
1901,493,23,14
1902,493,17,24
1903,493,16,2
1904,494,16,13
1905,494,14,3
1906,494,19,16
1907,495,24,0
1908,495,23,0
1909,495,9,2
1910,496,20,5
1911,497,6,18
1912,497,2,22
1913,497,5,14
1914,497,3,15
1915,497,7,4
1916,498,15,14
1917,498,21,24
1918,498,21,1
1919,498,5,19
1920,498,15,17
1921,498,6,22
1922,499,20,7
1923,499,13,0
1924,499,16,3
1925,499,23,4
1926,499,5,20
1927,500,23,20
1928,500,16,8
1929,500,6,13
1930,501,14,24
1931,501,6,18
1932,501,5,2
1933,501,23,12
1934,502,20,0
1935,502,17,8
1936,502,22,0
1937,502,23,21
1938,503,6,24
1939,503,1,4
1940,503,21,6
1941,504,14,16
1942,504,8,12
1943,504,9,15
1944,504,17,11
1945,504,24,6
1946,505,3,21
1947,505,6,16
1948,505,17,20
1949,505,1,18
1950,505,5,2
1951,506,6,24
1952,506,7,1
1953,506,0,16
1954,506,3,22
1955,506,17,13
1956,506,0,23
1957,506,0,7
1958,506,10,13
1959,506,23,21
1960,507,18,1
1961,507,7,9
1962,507,22,10
1963,508,9,2
1964,508,2,17
1965,508,23,4
1966,508,20,2
1967,508,6,21
1968,509,23,15
1969,509,19,1
1970,509,14,22
1971,509,1,15
1972,509,10,3
1973,509,10,16
1974,509,11,4
1975,510,13,17
1976,510,22,14
1977,510,4,7
1978,511,20,11
1979,511,21,11
1980,511,10,2
1981,511,0,4
1982,511,19,23
1983,512,8,1
1984,512,24,8
1985,512,1,19
1986,512,16,0
1987,512,10,6
1988,513,0,20
1989,513,6,14
1990,513,4,11
1991,514,4,22
1992,514,9,16
1993,514,15,8
1994,514,11,20
1995,515,6,22
1996,515,24,0
1997,515,13,2
1998,515,22,14
1999,515,15,3
2000,515,6,14
2001,515,14,1
2002,516,19,21
2003,516,11,23
2004,516,7,3
2005,516,24,7
2006,516,11,17
2007,516,9,2
2008,516,20,22
2009,516,21,6
2010,516,15,19
2011,517,2,22
2012,517,24,5
2013,517,10,13
2014,517,21,24
2015,517,12,3
2016,518,10,14
2017,518,22,3
2018,518,8,23
2019,518,16,4
2020,518,17,8
2021,518,15,9
2022,518,16,0
2023,519,10,0
2024,519,17,20
2025,519,11,17
2026,519,6,17
2027,520,6,16
2028,520,23,10
2029,520,7,22
2030,521,24,8
2031,521,16,19
2032,521,6,19
2033,521,24,9
2034,521,6,21
2035,522,23,0
2036,522,13,5
2037,522,18,16
2038,522,3,19
2039,522,4,16
2040,522,23,6
2041,522,4,1
2042,523,7,14
2043,523,8,23
2044,523,12,19
2045,524,11,3
2046,524,8,14
2047,524,8,24
2048,524,0,2
2049,524,9,10
2050,524,18,22
2051,525,2,13
2052,526,15,21
2053,526,22,3
2054,526,8,17
2055,526,3,11
2056,526,8,17
2057,527,20,22
2058,527,8,15
2059,527,7,11
2060,527,7,3
2061,528,6,4
2062,528,19,1
2063,528,4,8
2064,528,1,5
2065,528,13,22
2066,529,11,1
2067,529,16,4
2068,529,15,1
2069,529,23,14
2070,530,23,15
2071,530,11,14
2072,530,7,18
2073,530,10,0
2074,531,5,16
2075,531,0,9
2076,531,13,17
2077,531,8,23
2078,531,6,17
2079,531,24,7
2080,531,19,21
2081,532,0,15
2082,532,21,6
2083,532,15,5
2084,533,10,6
2085,533,23,20
2086,533,20,7
2087,533,4,14
2088,534,22,8
2089,534,9,23
2090,534,10,23
2091,534,3,7
2092,535,16,9
2093,535,22,7
2094,535,12,4
2095,535,2,13
2096,535,18,15
2097,536,18,21
2098,536,16,6
2099,536,10,2
2100,536,4,1
2101,536,11,19
2102,536,1,19
2103,536,16,24
2104,537,13,23
2105,537,0,16
2106,537,21,4
2107,537,16,13
2108,538,2,21
2109,538,20,2
2110,540,4,13
2111,540,6,14
2112,540,23,4
2113,540,19,12
2114,541,18,7
2115,541,2,11
2116,541,0,17
2117,541,11,8
2118,541,22,3
2119,542,3,16
2120,542,5,4
2121,543,24,4
2122,543,5,3
2123,543,17,8
2124,544,3,19
2125,545,19,2
2126,545,17,2
2127,546,16,9
2128,546,2,17
2129,546,3,20
2130,547,2,16
2131,548,3,19
2132,548,3,16
2133,548,2,18
2134,549,18,14
2135,549,13,6
2136,550,11,2
2137,550,5,9
2138,550,10,22
2139,551,14,1
2140,551,22,20
2141,551,13,0
2142,551,23,15
2143,552,21,24
2144,552,22,4
2145,552,11,23
2146,552,4,16
2147,552,24,10
2148,552,19,11
2149,553,13,6
2150,553,20,7
2151,553,3,15
2152,553,15,21
2153,553,14,11
2154,553,8,15
2155,553,22,11
2156,553,22,18
2157,554,16,6
2158,554,24,14
2159,554,19,3
2160,554,3,20
2161,554,6,9
2162,555,16,10
2163,555,22,5
2164,555,13,24
2165,555,18,11
2166,555,2,15
2167,556,8,19
2168,556,3,15
2169,556,21,3
2170,557,8,24
2171,557,7,17
2172,557,22,6
2173,557,1,16
2174,557,10,20
2175,557,11,13
2176,558,5,3
2177,558,20,9
2178,558,17,3
2179,558,9,20
2180,558,16,19
2181,558,22,16
2182,559,21,8
2183,559,4,22
2184,559,5,3
2185,560,0,10
2186,560,7,20
2187,561,1,11
2188,561,19,15
2189,562,9,15
2190,562,8,18
2191,562,24,4
2192,562,22,2
2193,562,14,24
2194,562,10,20
2195,563,10,0
2196,563,9,20
2197,563,21,3
2198,564,4,24
2199,564,14,6
2200,565,3,24
2201,565,3,17
2202,565,3,7
2203,565,11,9
2204,565,7,17
2205,566,10,14
2206,566,5,19
2207,566,1,19
2208,566,2,19
2209,566,15,5
2210,567,14,24
2211,567,19,2
2212,567,14,5
2213,568,7,11
2214,569,14,18
2215,569,21,12
2216,569,10,19
2217,569,11,4
2218,569,16,3
2219,569,19,2
2220,570,18,6
2221,571,16,10
2222,571,11,22
2223,571,12,23
2224,571,19,2
2225,571,24,21
2226,572,22,1
2227,572,11,22
2228,572,1,8
2229,572,10,12
2230,572,1,24
2231,572,1,8
2232,573,18,12
2233,573,3,12
2234,574,12,14
2235,574,23,5
2236,574,14,0
2237,574,2,5
2238,574,18,14
2239,574,3,16
2240,574,23,17
2241,574,3,15
2242,575,4,20
2243,575,13,24
2244,575,1,16
2245,575,19,3
2246,575,23,13
2247,575,24,14
2248,576,20,5
2249,577,10,21
2250,577,16,9
2251,578,22,11
2252,578,6,23
2253,579,1,3
2254,579,9,24
2255,579,5,19
2256,579,8,24
2257,580,23,5
2258,580,0,7
2259,580,18,15
2260,580,4,13
2261,581,22,13
2262,581,20,24
2263,581,2,18
2264,581,14,15
2265,581,8,11
2266,581,23,10
2267,581,16,22
2268,582,20,10
2269,582,13,3
2270,583,20,18
2271,583,16,22
2272,583,11,7
2273,583,15,22
2274,583,0,12
2275,584,24,13
2276,584,15,18
2277,584,5,20
2278,584,17,7
2279,584,0,7
2280,585,18,9
2281,585,13,16
2282,585,12,6
2283,586,20,1
2284,586,12,2
2285,586,2,10
2286,586,22,6
2287,586,8,2
2288,587,23,20
2289,587,13,4
2290,587,23,5
2291,588,8,2
2292,588,11,0
2293,588,24,8
2294,588,13,21
2295,589,12,2
2296,589,18,16
2297,590,3,16
2298,591,17,1
2299,591,17,0
2300,591,13,0
2301,591,24,8
2302,592,23,4
2303,592,6,12
2304,592,8,4
2305,592,23,15
2306,593,8,11
2307,593,20,8
2308,594,9,3
2309,594,21,14
2310,594,22,0
2311,594,21,5
2312,594,15,19
2313,595,2,15
2314,595,5,4
2315,596,3,5
2316,596,16,23
2317,597,22,13
2318,597,12,5
2319,597,0,6
2320,597,18,20
2321,597,19,17
2322,597,19,7
2323,597,17,20
2324,598,23,4
2325,598,18,9
2326,598,8,0
2327,598,20,6
2328,598,11,19
2329,598,14,7
2330,598,23,13
2331,600,24,11
2332,600,7,0
2333,600,3,15
2334,600,10,21
2335,600,1,12
2336,601,18,5
2337,601,11,5
2338,602,14,6
2339,602,15,12
2340,602,5,8
2341,602,1,11
2342,602,24,7
2343,602,22,0
2344,602,23,10
2345,603,19,3
2346,603,11,1
2347,604,18,21
2348,604,1,18
2349,605,21,17
2350,605,6,8
2351,605,11,4
2352,606,4,16
2353,606,3,7
2354,606,10,19
2355,606,6,13
2356,606,6,3
2357,606,20,5
2358,607,7,11
2359,607,8,16
2360,607,17,11
2361,608,12,3
2362,608,6,16
2363,608,6,19
2364,608,21,1
2365,608,16,8
2366,609,5,18
2367,610,1,20
2368,610,10,1
2369,611,5,15
2370,612,7,0
2371,613,5,4
2372,613,11,0
2373,613,18,15
2374,613,5,21
2375,613,3,5
2376,613,6,2
2377,614,1,8
2378,615,19,13
2379,615,15,2
2380,615,17,15
2381,615,2,9
2382,616,19,2
2383,616,16,1
2384,616,8,14
2385,616,7,0
2386,616,24,14
2387,616,4,1
2388,616,24,20
2389,616,2,4
2390,617,7,9
2391,617,4,22
2392,618,6,18
2393,618,1,15
2394,619,2,22
2395,619,10,12
2396,619,4,23
2397,619,4,16
2398,620,13,4
2399,620,10,21
2400,621,8,15
2401,621,12,22
2402,621,21,8
2403,621,16,12
2404,621,24,8
2405,621,17,19
2406,622,16,13
2407,622,22,0
2408,622,7,9
2409,622,7,16
2410,622,19,6
2411,623,11,5
2412,623,12,6
2413,623,22,11
2414,624,14,8
2415,624,22,16
2416,624,15,8
2417,625,9,16
2418,625,18,16
2419,625,22,14
2420,625,20,19
2421,625,18,12
2422,625,24,6
2423,626,4,21
2424,626,2,20
2425,626,3,20
2426,626,23,1
2427,627,22,5
2428,628,17,2
2429,628,0,19
2430,628,10,0
2431,628,7,5
2432,629,19,8
2433,629,20,11
2434,629,9,24
2435,629,4,17
2436,629,6,10
2437,630,18,24
2438,630,24,10
2439,630,4,16
2440,631,8,15
2441,631,8,2
2442,631,24,2
2443,631,5,9
2444,632,1,3
2445,632,2,24
2446,632,6,3
2447,632,24,17
2448,632,6,15
2449,632,3,12
2450,633,23,8
2451,633,20,11
2452,633,7,24
2453,633,3,20
2454,634,16,18
2455,634,20,16
2456,634,12,0
2457,635,2,18
2458,635,13,11
2459,635,15,7
2460,635,14,22
2461,635,9,5
2462,635,21,18
2463,635,8,12
2464,636,23,1
2465,636,16,19
2466,636,12,19
2467,637,9,16
2468,637,22,16
2469,637,8,6
2470,637,15,23
2471,637,3,0
2472,638,20,6
2473,638,14,21
2474,638,5,19
2475,639,21,8
2476,639,16,18
2477,639,2,13
2478,639,22,6
2479,639,24,13
2480,639,6,21
2481,639,19,9
2482,640,20,19
2483,640,6,14
2484,640,15,13
2485,641,2,11
2486,641,23,15
2487,641,3,1
2488,641,14,24
2489,642,24,2
2490,643,17,1
2491,643,24,13
2492,643,2,24
2493,643,18,5
2494,644,4,8
2495,644,8,17
2496,644,3,15
2497,645,15,14
2498,645,16,20
2499,645,19,11
2500,645,12,22
2501,645,21,13
2502,645,5,13
2503,645,8,23
2504,645,9,19
2505,645,14,22
2506,645,19,11
2507,645,1,5
2508,645,3,5
2509,645,4,7
2510,646,8,12
2511,647,0,8
2512,647,3,11
2513,647,8,6
2514,648,3,23
2515,648,2,12
2516,648,10,13
2517,648,11,21
2518,648,19,22
2519,648,13,17
2520,648,8,22
2521,649,21,17
2522,649,8,14
2523,650,19,21
2524,651,24,2
2525,651,22,4
2526,651,8,2
2527,651,1,10
2528,651,3,18
2529,651,16,6
2530,652,12,10
2531,652,21,3
2532,652,14,20
2533,652,12,20
2534,652,18,12
2535,652,23,12
2536,653,13,15
2537,653,10,7
2538,654,6,24
2539,654,20,13
2540,654,21,7
2541,655,22,20
2542,655,8,22
2543,655,1,22
2544,655,10,24
2545,655,21,4
2546,655,11,23
2547,656,1,17
2548,656,5,18
2549,656,3,14
2550,657,21,2
2551,657,13,4
2552,657,11,1
2553,657,15,24
2554,657,10,23
2555,657,24,21
2556,657,19,4
2557,658,6,12
2558,658,12,19
2559,658,6,9
2560,658,6,12
2561,658,15,18
2562,658,0,22
2563,659,4,11
2564,660,6,10
2565,660,11,23
2566,660,16,1
2567,660,4,23
2568,661,20,14
2569,661,22,13
2570,661,21,7
2571,662,1,20
2572,662,11,22
2573,662,1,5
2574,662,23,13
2575,663,1,5
2576,663,9,7
2577,663,10,24
2578,664,5,7
2579,664,7,19
2580,664,17,7
2581,664,24,16
2582,664,24,21
2583,665,14,15
2584,665,6,18
2585,665,24,9
2586,665,0,17
2587,665,2,13
2588,666,14,12
2589,666,19,12
2590,666,6,9
2591,666,22,15
2592,666,22,14
2593,667,11,1
2594,667,13,20
2595,667,2,18
2596,667,7,1
2597,667,24,10
2598,668,23,11
2599,668,1,8
2600,668,21,17
2601,669,6,14
2602,669,24,21
2603,670,12,19
2604,670,2,10
2605,670,18,9
2606,670,22,15
2607,671,0,24
2608,671,21,18
2609,671,16,14
2610,671,8,12
2611,671,22,20
2612,672,18,1
2613,672,17,15
2614,672,0,19
2615,672,1,9
2616,673,21,18
2617,673,22,19
2618,674,5,9
2619,674,22,13
2620,675,4,16
2621,677,2,18
2622,677,23,17
2623,677,11,0
2624,678,2,4
2625,678,14,6
2626,678,6,17
2627,679,21,19
2628,679,4,13
2629,679,3,11
2630,679,12,0
2631,680,24,7
2632,680,18,6
2633,681,17,6
2634,681,6,20
2635,681,20,6
2636,681,2,5
2637,681,20,10
2638,681,20,2
2639,682,8,6
2640,682,23,4
2641,683,8,21
2642,683,1,19
2643,683,9,2
2644,684,7,11
2645,685,0,4
2646,685,17,4
2647,685,10,12
2648,685,10,6
2649,685,13,4
2650,686,1,18
2651,686,2,8
2652,686,14,15
2653,686,4,19
2654,686,15,8
2655,686,15,0
2656,687,22,1
2657,687,0,19
2658,687,20,4
2659,687,20,9
2660,687,3,13
2661,689,6,12
2662,689,11,9
2663,689,24,6
2664,689,15,1
2665,689,19,7
2666,689,16,10
2667,690,12,0
2668,690,23,1
2669,690,22,19
2670,690,24,0
2671,690,7,15
2672,690,17,5
2673,690,14,18
2674,691,4,7
2675,692,3,5
2676,692,4,2
2677,692,6,10
2678,692,6,15
2679,693,3,20
2680,693,12,0
2681,693,24,14
2682,693,5,19
2683,693,23,8
2684,693,14,1
2685,694,5,20
2686,694,11,19
2687,694,11,15
2688,695,2,0
2689,695,2,6
2690,696,8,19
2691,696,0,19
2692,696,16,0
2693,696,23,9
2694,696,12,9
2695,696,20,0
2696,697,14,2
2697,697,23,11
2698,697,10,18
2699,698,11,18
2700,698,14,24
2701,698,22,7
2702,698,19,13
2703,699,19,10
2704,699,9,16
2705,699,1,7
2706,699,0,6
2707,699,23,15
2708,700,11,24
2709,701,3,23
2710,701,5,9
2711,701,18,3
2712,701,5,11
2713,701,7,19
2714,702,15,8
2715,702,19,21
2716,702,21,0
2717,702,12,4
2718,702,4,13
2719,703,17,10
2720,703,7,18
2721,703,15,14
2722,704,19,16
2723,704,2,16
2724,704,9,21
2725,704,9,1
2726,705,15,13
2727,705,15,17
2728,705,16,0
2729,707,10,13
2730,707,7,5
2731,707,16,23
2732,707,21,17
2733,708,4,14
2734,708,3,11
2735,708,14,11
2736,709,5,14
2737,709,2,17
2738,710,0,14
2739,710,3,1
2740,710,7,21
2741,711,10,18
2742,711,2,23
2743,711,15,8
2744,711,9,17
2745,711,11,5
2746,711,10,18
2747,711,23,20
2748,712,4,20
2749,712,8,1
2750,712,6,21
2751,712,6,22
2752,712,5,3
2753,712,19,16
2754,712,6,18
2755,712,2,0
2756,713,23,4
2757,713,24,3
2758,713,15,12
2759,714,7,19
2760,714,24,16
2761,714,16,3
2762,714,0,10
2763,714,12,1
2764,714,24,10
2765,714,11,13
2766,715,12,14
2767,716,16,8
2768,716,17,23
2769,716,6,13
2770,716,19,10
2771,716,4,23
2772,716,1,13
2773,716,13,3
2774,716,8,24
2775,717,15,14
2776,717,11,0
2777,717,11,9
2778,717,2,20
2779,717,11,4
2780,718,0,12
2781,718,12,14
2782,719,5,18
2783,719,24,16
2784,719,11,1
2785,719,16,8
2786,719,23,6
2787,720,6,9
2788,720,16,19
2789,720,1,11
2790,721,23,12
2791,721,1,14
2792,721,6,8
2793,721,0,11
2794,722,9,12
2795,722,2,12
2796,723,20,3
2797,723,0,23
2798,723,18,20
2799,723,20,19
2800,723,10,22
2801,724,10,19
2802,724,1,19
2803,724,2,15
2804,724,23,14
2805,724,4,5
2806,725,0,10
2807,725,3,16
2808,725,17,23
2809,725,7,4
2810,725,23,19
2811,725,22,15
2812,725,1,15
2813,726,6,4
2814,726,23,2
2815,727,17,0
2816,727,18,12
2817,727,10,16
2818,727,1,21
2819,727,7,13
2820,728,18,11
2821,728,21,4
2822,729,10,23
2823,729,6,22
2824,729,2,9
2825,729,21,11
2826,730,18,22
2827,730,9,3
2828,730,14,21
2829,730,8,22
2830,730,21,11
2831,730,4,2
2832,731,21,2
2833,731,17,2
2834,731,6,4
2835,731,21,2
2836,731,21,3
2837,731,23,5
2838,732,10,14
2839,732,19,9
2840,732,6,19
2841,732,14,8
2842,732,15,0
2843,732,18,21
2844,734,7,24
2845,734,8,24
2846,735,15,22
2847,735,7,0
2848,736,11,14
2849,736,20,13
2850,736,4,6
2851,736,23,0
2852,737,20,6
2853,737,6,15
2854,737,22,14
2855,737,4,14
2856,737,6,16
2857,738,3,21
2858,738,15,4
2859,738,7,3
2860,738,18,16
2861,738,18,15
2862,739,7,0
2863,739,6,14
2864,739,23,6
2865,739,15,14
2866,739,0,2
2867,739,4,8
2868,739,20,24
2869,739,0,24
2870,739,23,20
2871,740,7,17
2872,740,10,24
2873,740,23,12
2874,740,23,16
2875,740,21,1
2876,741,7,24
2877,741,15,1
2878,741,14,1
2879,741,18,21
2880,741,15,11
2881,741,20,4
2882,742,20,14
2883,743,20,18
2884,743,2,0
2885,743,12,15
2886,744,15,12
2887,744,13,4
2888,744,6,2
2889,744,15,4
2890,744,7,19
2891,744,14,4
2892,744,13,23
2893,745,18,9
2894,745,6,15
2895,745,9,0
2896,746,13,5
2897,746,13,24
2898,747,11,0
2899,747,19,20
2900,747,10,1
2901,747,13,3
2902,747,6,14
2903,747,17,5
2904,747,18,7
2905,748,17,13
2906,748,22,24
2907,748,24,20
2908,749,9,7
2909,749,4,18
2910,749,4,24
2911,749,12,2
2912,749,2,18
2913,749,21,23
2914,749,0,24
2915,749,22,3
2916,749,9,18
2917,750,13,19
2918,750,14,18
2919,751,4,19
2920,751,18,21
2921,751,5,23
2922,751,19,8
2923,751,23,21
2924,752,17,19
2925,752,23,0
2926,753,11,19
2927,754,11,19
2928,754,8,19
2929,755,15,11
2930,755,17,9
2931,756,8,2
2932,756,3,15
2933,756,22,4
2934,756,18,22
2935,757,23,0
2936,757,1,23
2937,757,24,9
2938,758,15,14
2939,758,15,0
2940,758,7,19
2941,759,18,1
2942,759,20,22
2943,759,3,23
2944,759,5,17
2945,760,19,11
2946,760,16,22
2947,761,1,23
2948,761,7,19
2949,761,4,2
2950,761,0,10
2951,761,2,8
2952,762,2,6
2953,762,20,11
2954,762,2,18
2955,762,7,9
2956,762,22,0
2957,763,14,15
2958,763,21,6
2959,764,7,3
2960,764,1,16
2961,764,24,7
2962,764,15,8
2963,765,15,23
2964,765,21,11
2965,765,6,15
2966,765,16,22
2967,765,21,4
2968,766,14,2
2969,766,7,13
2970,767,7,3
2971,767,9,16
2972,767,15,23
2973,767,16,1
2974,767,16,1
2975,767,2,23
2976,767,17,14
2977,768,1,20
2978,768,22,19
2979,768,22,11
2980,769,20,18
2981,769,3,20
2982,769,21,11
2983,769,0,19
2984,769,4,19
2985,770,15,12
2986,770,6,14
2987,770,20,5
2988,770,1,4
2989,770,13,19
2990,770,17,11
2991,771,19,11
2992,771,22,2
2993,772,13,4
2994,772,4,13
2995,772,5,18
2996,772,10,17
2997,773,23,19
2998,773,23,10
2999,773,20,9
3000,773,2,18
3001,773,20,13
3002,773,17,5
3003,773,8,0
3004,774,10,6
3005,774,19,6
3006,775,1,16
3007,776,8,10
3008,776,13,7
3009,776,19,8
3010,776,7,11
3011,776,4,16
3012,777,22,1
3013,777,2,24
3014,777,9,3
3015,777,6,0
3016,777,18,21
3017,778,2,22
3018,778,4,21
3019,778,12,9
3020,778,5,18
3021,778,24,17
3022,778,3,10
3023,779,19,7
3024,779,0,22
3025,779,3,5
3026,780,15,2
3027,780,8,24
3028,780,14,4
3029,780,19,5
3030,780,15,18
3031,780,17,9
3032,780,19,3
3033,781,6,8
3034,781,12,23
3035,781,1,7
3036,782,11,7
3037,782,20,1
3038,782,18,0
3039,782,18,12
3040,783,5,24
3041,783,16,18
3042,783,1,3
3043,783,2,16
3044,783,21,4
3045,783,9,7
3046,784,23,14
3047,784,21,14
3048,784,18,7
3049,784,16,20
3050,784,11,9
3051,785,3,16
3052,785,23,3
3053,785,8,23
3054,785,2,20
3055,785,24,12
3056,786,23,15
3057,786,22,12
3058,787,13,10
3059,787,7,18
3060,787,21,3
3061,787,23,16
3062,787,22,5
3063,787,12,22
3064,787,20,0
3065,788,12,4
3066,788,11,0
3067,788,6,4
3068,789,22,15
3069,789,6,13
3070,789,10,3
3071,790,1,4
3072,790,11,8
3073,791,0,2
3074,791,19,0
3075,792,21,6
3076,792,5,14
3077,792,21,5
3078,793,16,22
3079,793,11,2
3080,794,3,21
3081,794,8,11
3082,794,9,15
3083,795,19,1
3084,795,23,14
3085,795,9,13
3086,795,7,10
3087,796,24,5
3088,797,14,8
3089,797,0,12
3090,797,2,15
3091,797,11,19
3092,797,20,0
3093,797,3,6
3094,797,20,11
3095,797,7,22
3096,798,15,19
3097,798,5,2
3098,798,1,22
3099,798,12,19
3100,798,14,4
3101,799,18,3
3102,799,18,14
3103,800,2,8
3104,800,4,24
3105,800,13,1
3106,800,0,4
3107,800,23,11
3108,800,1,3
3109,801,13,0
3110,801,5,1
3111,801,2,22
3112,801,22,8
3113,801,8,22
3114,801,10,6
3115,801,5,16
3116,802,15,1
3117,802,0,14
3118,802,8,15
3119,802,9,6
3120,802,16,4
3121,802,23,19
3122,802,11,20
3123,803,13,9
3124,803,8,0
3125,803,0,17
3126,804,23,16
3127,804,24,13
3128,804,24,6
3129,804,0,24
3130,805,19,13
3131,805,12,24
3132,805,24,0
3133,806,11,24
3134,807,2,21
3135,807,0,11
3136,808,17,3
3137,808,13,15
3138,808,13,9
3139,809,10,18
3140,809,23,0
3141,809,7,11
3142,809,19,0
3143,810,19,3
3144,810,13,23
3145,810,8,1
3146,810,13,1
3147,810,9,11
3148,811,2,4
3149,811,1,14
3150,811,5,1
3151,811,22,0
3152,811,24,0
3153,812,6,23
3154,812,7,0
3155,814,14,23
3156,814,20,12
3157,815,18,11
3158,815,10,22
3159,815,0,21
3160,815,13,15
3161,816,2,22
3162,816,0,8
3163,816,12,10
3164,816,12,10
3165,817,12,20
3166,817,17,21
3167,817,24,21
3168,818,13,22
3169,818,21,23
3170,818,3,7
3171,818,11,1
3172,818,24,10
3173,818,16,23
3174,819,10,14
3175,819,17,19
3176,819,12,5
3177,820,19,6
3178,820,17,23
3179,820,8,21
3180,820,2,19
3181,820,14,10
3182,820,24,17
3183,820,6,2
3184,820,15,23
3185,821,0,22
3186,821,21,15
3187,821,13,24
3188,821,5,19
3189,821,0,4
3190,821,17,2
3191,821,14,3
3192,821,8,21
3193,821,3,14
3194,822,12,1
3195,822,11,9
3196,822,16,20
3197,822,6,24
3198,822,7,23
3199,822,0,16
3200,822,2,15
3201,822,20,8
3202,823,24,7
3203,823,19,7
3204,823,14,23
3205,824,15,23
3206,825,13,4
3207,825,8,2
3208,825,16,8
3209,825,22,3
3210,826,4,24
3211,826,15,7
3212,826,19,11
3213,827,16,4
3214,827,20,12
3215,828,24,20
3216,828,7,11
3217,828,16,13
3218,828,3,20
3219,829,8,14
3220,829,14,10
3221,829,8,15
3222,829,20,6
3223,830,1,12
3224,830,22,5
3225,830,16,13
3226,830,22,5
3227,830,13,23
3228,830,2,8
3229,831,12,16
3230,831,0,18
3231,832,13,7
3232,832,1,3
3233,832,20,5
3234,832,1,11
3235,833,0,7
3236,834,13,7
3237,834,0,22
3238,834,17,2
3239,835,8,14
3240,835,16,10
3241,836,2,8
3242,836,4,11
3243,836,0,9
3244,836,24,5
3245,837,10,19
3246,837,2,0
3247,837,17,19
3248,837,18,24
3249,838,15,4
3250,838,4,17
3251,838,20,17
3252,838,8,16
3253,838,5,16
3254,839,16,14
3255,839,7,0
3256,840,18,3
3257,840,4,13
3258,840,3,12
3259,841,9,21
3260,841,4,14
3261,841,7,13
3262,841,21,2
3263,842,12,0
3264,842,0,3
3265,842,4,24
3266,842,1,11
3267,843,15,4
3268,843,1,22
3269,843,20,3
3270,843,20,7
3271,843,13,10
3272,843,19,3
3273,843,13,15
3274,844,8,16
3275,844,5,16
3276,845,23,8
3277,845,5,9
3278,846,14,22
3279,846,17,23
3280,846,19,10
3281,846,17,11
3282,846,13,16
3283,847,5,12
3284,847,19,10
3285,847,5,17
3286,847,9,16
3287,848,24,14
3288,848,15,21
3289,848,5,1
3290,850,9,18
3291,851,12,16
3292,851,18,14
3293,851,15,6
3294,851,16,4
3295,851,21,24
3296,852,14,20
3297,852,15,18
3298,852,1,20
3299,852,7,19
3300,852,5,4
3301,852,21,14
3302,853,3,16
3303,853,22,20
3304,853,5,14
3305,854,8,20
3306,854,17,1
3307,854,23,0
3308,855,2,15
3309,855,1,7
3310,855,1,10
3311,857,16,7
3312,857,19,20
3313,857,2,0
3314,857,1,20
3315,857,16,19
3316,857,19,0
3317,858,19,16
3318,858,16,4
3319,858,19,8
3320,858,12,16
3321,858,3,6
3322,858,16,13
3323,858,4,1
3324,859,17,6
3325,859,7,23
3326,859,23,3
3327,859,18,3
3328,859,8,2
3329,860,18,9
3330,861,0,20
3331,862,10,13
3332,862,17,24
3333,862,5,24
3334,862,2,21
3335,862,3,18
3336,863,7,17
3337,863,4,12
3338,863,24,5
3339,863,24,18
3340,863,15,2
3341,864,7,13
3342,864,19,17
3343,864,13,9
3344,865,0,12
3345,865,16,22
3346,865,24,12
3347,865,7,16
3348,865,13,3
3349,866,23,14
3350,867,9,18
3351,867,20,2
3352,867,10,21
3353,867,21,2
3354,868,14,21
3355,868,1,17
3356,868,9,5
3357,868,10,4
3358,868,15,11
3359,868,10,16
3360,869,7,1
3361,869,15,18
3362,869,10,7
3363,869,8,6
3364,869,23,0
3365,870,4,11
3366,870,12,4
3367,870,22,7
3368,870,1,15
3369,870,9,11
3370,870,23,10
3371,870,15,6
3372,871,2,20
3373,871,4,13
3374,871,21,5
3375,871,12,10
3376,871,22,4
3377,871,0,24
3378,872,23,21
3379,872,0,7
3380,874,5,8
3381,874,24,7
3382,874,21,13
3383,875,0,8
3384,875,17,5
3385,875,11,18
3386,875,21,24
3387,875,9,18
3388,876,0,9
3389,876,8,10
3390,876,7,13
3391,876,14,12
3392,876,23,7
3393,876,24,9
3394,877,22,20
3395,877,11,4
3396,877,10,16
3397,877,17,7
3398,877,13,4
3399,877,10,18
3400,878,10,1
3401,878,2,17
3402,878,2,14
3403,879,10,9
3404,879,0,23
3405,880,23,13
3406,880,24,7
3407,880,24,14
3408,880,16,0
3409,880,24,13
3410,880,3,23
3411,881,2,12
3412,881,13,24
3413,881,11,20
3414,881,15,2
3415,881,16,2
3416,881,24,4
3417,881,4,15
3418,881,5,3
3419,882,16,2
3420,882,21,11
3421,882,23,0
3422,883,23,16
3423,883,17,10
3424,883,19,5
3425,883,16,18
3426,883,21,10
3427,883,19,9
3428,883,6,16
3429,883,3,9
3430,883,0,4
3431,884,1,17
3432,884,13,2
3433,885,8,21
3434,885,17,20
3435,885,14,7
3436,886,13,0
3437,886,10,17
3438,886,19,5
3439,886,10,23
3440,886,14,5
3441,886,17,23
3442,886,11,23
3443,887,21,13
3444,887,4,18
3445,887,17,3
3446,888,20,6
3447,888,1,13
3448,888,15,19
3449,888,8,4
3450,889,24,16
3451,889,18,7
3452,889,15,12
3453,889,14,20
3454,890,11,19
3455,890,15,19
3456,890,20,16
3457,890,23,9
3458,891,20,19
3459,891,21,24
3460,891,9,0
3461,891,24,4
3462,891,2,5
3463,892,17,21
3464,892,23,10
3465,892,24,11
3466,892,13,3
3467,893,23,19
3468,893,19,20
3469,893,6,24
3470,893,4,19
3471,893,14,4
3472,893,7,24
3473,894,12,2
3474,894,5,23
3475,894,16,23
3476,894,1,11
3477,894,0,18
3478,894,17,7
3479,895,0,23
3480,895,24,22
3481,895,19,7
3482,896,19,13
3483,896,13,10
3484,896,16,22
3485,896,9,22
3486,897,6,14
3487,898,10,13
3488,898,13,3
3489,898,8,23
3490,898,14,17
3491,899,14,1
3492,899,20,24
3493,900,12,18
3494,900,4,20
3495,900,24,13
3496,900,23,19
3497,900,13,3
3498,900,14,3
3499,900,2,18
3500,901,9,15
3501,901,20,13
3502,901,16,8
3503,901,10,13
3504,901,24,0
3505,902,23,14
3506,902,17,1
3507,902,1,5
3508,903,0,13
3509,903,1,18
3510,903,6,10
3511,903,15,5
3512,903,16,20
3513,903,0,14
3514,904,6,10
3515,904,5,15
3516,904,19,20
3517,905,11,23
3518,905,9,7
3519,905,0,23
3520,905,17,21
3521,907,9,23
3522,907,21,14
3523,907,11,2
3524,907,12,24
3525,907,5,1
3526,908,9,2
3527,908,11,24
3528,909,0,4
3529,909,9,1
3530,909,0,4
3531,910,13,19
3532,911,17,4
3533,912,3,10
3534,912,2,4
3535,912,22,15
3536,913,8,21
3537,913,23,4
3538,914,10,7
3539,915,18,6
3540,915,18,16
3541,915,9,12
3542,915,21,4
3543,915,8,15
3544,915,3,20
3545,916,0,24
3546,916,4,12
3547,916,21,24
3548,916,4,17
3549,917,10,20
3550,917,10,12
3551,918,15,6
3552,918,10,24
3553,918,24,20
3554,918,1,11
3555,919,7,9
3556,919,20,13
3557,919,7,16
3558,919,9,22
3559,920,24,7
3560,920,17,4
3561,921,1,13
3562,922,11,8
3563,922,5,18
3564,922,0,14
3565,922,4,22
3566,922,5,9
3567,922,18,15
3568,923,21,10
3569,923,20,18
3570,923,11,17
3571,923,2,9
3572,924,9,12
3573,924,22,1
3574,924,5,24
3575,925,3,17
3576,925,14,11
3577,925,1,3
3578,925,21,6
3579,925,12,22
3580,925,13,7
3581,926,20,23
3582,926,12,14
3583,927,13,19
3584,927,19,21
3585,927,15,8
3586,927,0,8
3587,927,9,19
3588,927,23,2
3589,928,24,2
3590,928,13,20
3591,928,17,24
3592,928,10,9
3593,928,0,16
3594,928,16,6
3595,929,24,0
3596,929,16,0
3597,929,16,24
3598,929,9,12
3599,929,9,16
3600,930,16,18
3601,930,19,23
3602,930,1,15
3603,931,8,11
3604,931,22,24
3605,931,23,1
3606,932,3,19
3607,932,7,10
3608,932,18,11
3609,932,22,10
3610,932,23,2
3611,933,13,21
3612,933,14,11
3613,933,17,2
3614,933,20,16
3615,933,19,22
3616,934,13,11
3617,934,18,10
3618,934,24,5
3619,934,0,12
3620,934,8,16
3621,935,0,8
3622,935,15,14
3623,936,8,1
3624,937,9,13
3625,937,3,14
3626,937,12,16
3627,937,20,8
3628,937,14,18
3629,938,22,10
3630,938,13,6
3631,938,14,15
3632,939,15,23
3633,939,14,0
3634,939,3,0
3635,939,0,13
3636,939,13,17
3637,939,5,4
3638,939,23,9
3639,939,4,0
3640,940,11,17
3641,940,19,9
3642,940,3,11
3643,940,12,3
3644,940,23,3
3645,941,12,9
3646,941,1,15
3647,942,19,2
3648,943,23,15
3649,943,19,21
3650,944,10,19
3651,944,12,8
3652,944,13,4
3653,944,22,19
3654,944,24,13
3655,944,5,17
3656,945,10,17
3657,945,17,13
3658,946,2,11
3659,946,4,23
3660,947,11,22
3661,947,2,21
3662,947,20,1
3663,947,19,1
3664,947,5,19
3665,948,6,24
3666,948,22,4
3667,948,11,14
3668,948,2,18
3669,948,15,7
3670,948,2,15
3671,948,3,5
3672,949,16,0
3673,949,1,7
3674,949,23,0
3675,949,14,3
3676,950,20,18
3677,950,19,6
3678,950,11,23
3679,951,5,4
3680,951,20,8
3681,953,13,11
3682,953,10,6
3683,953,13,4
3684,954,12,6
3685,954,7,14
3686,954,16,19
3687,954,15,8
3688,954,19,17
3689,954,11,5
3690,954,19,9
3691,954,13,10
3692,954,24,21
3693,955,4,8
3694,955,22,9
3695,955,3,0
3696,955,7,1
3697,956,22,11
3698,956,9,17
3699,956,8,18
3700,956,22,3
3701,956,12,1
3702,956,8,10
3703,956,3,24
3704,957,20,3
3705,957,11,18
3706,957,1,15
3707,959,22,12
3708,960,8,22
3709,960,21,17
3710,961,4,20
3711,961,13,7
3712,961,9,17
3713,961,6,16
3714,961,16,2
3715,962,11,19
3716,962,5,24
3717,962,23,21
3718,962,2,4
3719,963,18,7
3720,963,3,23
3721,963,0,9
3722,964,10,7
3723,964,12,8
3724,964,22,16
3725,964,6,4
3726,964,2,0
3727,964,8,0
3728,965,6,18
3729,965,20,23
3730,965,23,11
3731,966,6,16
3732,966,20,1
3733,966,4,16
3734,966,3,22
3735,967,0,13
3736,967,16,20
3737,967,0,17
3738,967,23,14
3739,968,12,2
3740,968,8,21
3741,968,4,2
3742,968,16,6
3743,968,2,16
3744,969,11,3
3745,969,11,3
3746,969,17,11
3747,969,10,2
3748,969,24,6
3749,970,22,19
3750,970,21,10
3751,970,17,10
3752,972,11,3
3753,972,11,20
3754,972,12,23
3755,972,4,19
3756,973,20,16
3757,973,22,11
3758,973,12,19
3759,974,3,22
3760,975,1,12
3761,975,14,4
3762,975,3,18
3763,975,1,21
3764,975,2,4
3765,976,3,23
3766,976,0,4
3767,976,0,15
3768,976,1,12
3769,977,8,22
3770,977,24,16
3771,977,14,10
3772,977,2,5
3773,978,9,19
3774,979,15,21
3775,979,1,7
3776,979,20,6
3777,979,4,14
3778,979,18,6
3779,979,7,20
3780,979,0,22
3781,979,10,6
3782,979,24,7
3783,979,15,7
3784,980,19,22
3785,980,5,8
3786,980,23,14
3787,980,13,23
3788,980,8,6
3789,981,20,12
3790,981,0,6
3791,981,24,21
3792,981,15,19
3793,982,2,11
3794,982,5,16
3795,982,23,16
3796,983,5,17
3797,983,6,20
3798,983,12,9
3799,983,20,12
3800,983,23,8
3801,984,23,7
3802,984,1,12
3803,984,8,0
3804,984,0,4
3805,985,19,17
3806,985,1,24
3807,985,16,23
3808,985,2,19
3809,985,16,4
3810,985,23,2
3811,985,7,24
3812,986,19,16
3813,986,11,24
3814,987,13,24
3815,987,1,18
3816,987,16,4
3817,987,22,16
3818,988,5,11
3819,988,22,24
3820,989,22,5
3821,989,18,21
3822,989,23,10
3823,989,13,16
3824,990,4,16
3825,990,24,5
3826,990,1,16
3827,990,24,11
3828,990,13,19
3829,990,15,7
3830,991,14,7
3831,991,2,8
3832,991,24,22
3833,991,7,5
3834,991,9,11
3835,991,0,15
3836,992,16,22
3837,992,18,20
3838,993,7,13
3839,993,6,23
3840,993,21,5
3841,993,7,13
3842,993,8,2
3843,993,6,2
3844,993,18,9
3845,993,7,15
3846,993,18,4
3847,993,22,10
3848,994,12,22
3849,994,24,11
3850,995,4,7
3851,995,17,6
3852,995,2,22
3853,995,19,4
3854,995,17,11
3855,995,20,10
3856,996,22,5
3857,996,22,16
3858,997,6,8
3859,997,24,10
3860,997,7,1
3861,997,1,22
3862,997,5,24
3863,998,20,24
3864,998,15,6
3865,998,17,11
3866,998,10,0
3867,999,15,18
3868,999,1,12
3869,999,3,14
3870,999,3,9
3871,1000,14,5
3872,1000,7,20
3873,1000,5,21
3874,1000,1,15
3875,1000,7,4
3876,1000,7,16
3877,1000,5,4
3878,1000,12,1
3879,1001,4,2
3880,1001,11,9
3881,1001,0,10
3882,1002,21,12
3883,1002,11,0
3884,1003,8,5
3885,1004,9,23
3886,1004,2,17
3887,1004,3,16
3888,1005,13,24
3889,1005,7,18
3890,1006,0,20
3891,1006,4,10
3892,1006,8,22
3893,1006,24,22
3894,1007,21,1
3895,1007,23,16
3896,1007,18,14
3897,1007,4,15
3898,1008,3,17
3899,1008,23,21
3900,1008,18,2
3901,1008,12,22
3902,1008,7,0
3903,1008,11,4
3904,1008,2,12
3905,1009,10,3
3906,1009,19,12
3907,1009,4,19
3908,1010,7,0
3909,1010,0,19
3910,1010,1,14
3911,1011,6,20
3912,1011,10,2
3913,1011,14,5
3914,1011,10,22
3915,1011,21,13
3916,1011,9,22
3917,1011,3,16
3918,1012,20,4
3919,1012,5,7
3920,1012,9,1
3921,1012,12,9
3922,1013,2,6
3923,1013,0,11
3924,1014,13,22
3925,1014,18,4
3926,1014,9,20
3927,1015,18,22
3928,1015,21,11
3929,1015,8,17
3930,1015,17,11
3931,1016,10,21
3932,1016,14,8
3933,1016,21,4
3934,1017,3,15
3935,1017,24,2
3936,1017,22,13
3937,1017,15,21
3938,1017,9,11
3939,1017,10,22
3940,1018,1,15
3941,1018,17,10
3942,1018,4,22
3943,1018,6,18
3944,1018,16,18
3945,1018,3,1
3946,1018,24,16
3947,1019,12,2
3948,1019,16,7
3949,1020,15,12
3950,1020,1,10
3951,1020,4,17
3952,1020,2,8
3953,1021,7,23
3954,1021,21,12
3955,1021,23,11
3956,1022,19,7
3957,1022,21,17
3958,1022,17,1
3959,1022,13,7
3960,1022,18,11
3961,1022,22,15
3962,1023,7,19
3963,1023,6,16
3964,1023,10,23
3965,1023,11,4
3966,1023,22,11
3967,1023,21,9
3968,1024,23,14
3969,1024,10,20
3970,1025,21,15
3971,1025,13,17
3972,1025,20,24
3973,1025,18,0
3974,1025,17,0
3975,1026,2,22
3976,1026,15,21
3977,1026,4,12
3978,1026,3,18
3979,1026,7,5
3980,1027,9,24
3981,1028,16,3
3982,1028,15,11
3983,1028,4,17
3984,1029,19,13
3985,1030,22,18
3986,1030,10,13
3987,1030,13,16
3988,1031,12,4
3989,1031,18,16
3990,1031,21,8
3991,1031,3,20
3992,1031,20,14
3993,1031,8,17
3994,1031,24,17
3995,1032,3,0
3996,1032,22,3
3997,1032,20,5
3998,1033,14,1
3999,1033,2,12
4000,1033,20,10
4001,1034,0,13
4002,1034,2,20
4003,1034,11,15
4004,1035,11,8
4005,1036,19,22
4006,1036,1,22
4007,1036,12,8
4008,1036,24,3
4009,1036,1,13
4010,1036,8,18
4011,1036,17,19
4012,1037,10,1
4013,1037,19,8
4014,1037,9,10
4015,1038,18,8
4016,1038,9,24
4017,1038,11,24
4018,1039,2,17
4019,1039,10,8
4020,1039,22,20
4021,1039,7,22
4022,1039,0,23
4023,1039,15,13
4024,1039,20,8
4025,1040,23,15
4026,1040,24,12
4027,1040,3,1
4028,1040,19,3
4029,1040,1,14
4030,1040,3,24
4031,1040,16,13
4032,1041,20,19
4033,1042,9,19
4034,1042,10,21
4035,1042,11,23
4036,1043,8,0
4037,1043,24,21
4038,1043,0,13
4039,1043,24,12
4040,1043,6,22
4041,1043,9,20
4042,1044,0,9
4043,1044,9,20
4044,1044,11,20
4045,1044,21,4
4046,1044,8,12
4047,1045,20,7
4048,1045,11,13
4049,1045,17,2
4050,1045,4,1
4051,1045,17,15
4052,1046,3,15
4053,1046,3,23
4054,1046,19,15
4055,1046,8,5
4056,1047,18,12
4057,1047,6,14
4058,1048,19,23
4059,1048,23,9
4060,1048,19,22
4061,1049,3,18
4062,1049,14,10
4063,1049,5,19
4064,1050,0,12
4065,1050,4,12
4066,1050,21,2
4067,1050,13,7
4068,1050,5,17
4069,1050,11,2
4070,1051,2,5
4071,1051,18,6
4072,1051,17,14
4073,1052,15,3
4074,1052,23,16
4075,1052,11,2
4076,1052,13,6
4077,1052,18,8
4078,1052,4,11
4079,1052,11,24
4080,1052,15,3
4081,1053,4,16
4082,1053,19,8
4083,1053,20,23
4084,1053,6,8
4085,1053,7,16
4086,1053,19,16
4087,1053,9,11
4088,1053,3,14
4089,1053,10,22
4090,1054,20,19
4091,1054,3,23
4092,1054,16,2
4093,1054,15,19
4094,1055,17,23
4095,1055,18,7
4096,1055,1,11
4097,1055,12,3
4098,1055,13,16
4099,1055,15,7
4100,1055,15,6
4101,1055,19,7
4102,1056,2,8
4103,1056,9,21
4104,1056,22,12
4105,1056,19,4
4106,1056,8,24
4107,1056,19,5
4108,1057,12,24
4109,1057,18,15
4110,1057,10,3
4111,1058,6,18
4112,1058,14,23
4113,1059,24,22
4114,1059,23,16
4115,1059,7,22
4116,1059,24,13
4117,1059,21,1
4118,1060,22,16
4119,1061,5,8
4120,1061,22,19
4121,1061,17,20
4122,1062,13,24
4123,1062,10,16
4124,1062,7,24
4125,1062,12,16
4126,1062,2,23
4127,1063,17,24
4128,1064,24,21
4129,1064,24,16
4130,1064,3,18
4131,1065,11,2
4132,1066,13,5
4133,1066,19,6
4134,1067,9,20
4135,1067,11,1
4136,1068,11,20
4137,1068,17,19
4138,1068,4,17
4139,1068,20,11
4140,1068,12,5
4141,1068,9,23
4142,1069,19,7
4143,1069,4,11
4144,1069,3,21
4145,1069,18,12
4146,1069,1,13
4147,1069,7,19
4148,1070,10,18
4149,1070,8,1
4150,1070,19,8
4151,1070,2,11
4152,1070,3,16
4153,1071,20,8
4154,1071,16,0
4155,1071,4,14
4156,1071,4,8
4157,1071,2,20
4158,1072,24,7
4159,1072,19,16
4160,1072,12,16
4161,1072,5,19
4162,1073,9,7
4163,1073,19,23
4164,1073,14,12
4165,1073,20,24
4166,1073,12,22
4167,1073,7,9
4168,1073,2,16
4169,1074,8,18
4170,1075,11,15
4171,1075,17,21
4172,1075,1,12
4173,1075,4,17
4174,1075,6,24
4175,1076,16,9
4176,1076,23,13
4177,1077,2,20
4178,1077,23,14
4179,1077,21,6
4180,1077,10,7
4181,1078,8,21
4182,1078,2,13
4183,1078,13,9
4184,1079,11,17
4185,1079,7,20
4186,1079,1,4
4187,1079,18,6
4188,1079,4,13
4189,1080,4,5
4190,1080,11,8
4191,1080,2,21
4192,1080,10,2
4193,1080,7,16
4194,1080,8,10
4195,1080,3,20
4196,1081,15,24
4197,1081,16,6
4198,1081,17,8
4199,1082,13,21
4200,1082,0,2
4201,1082,6,2
4202,1082,1,10
4203,1082,9,21
4204,1082,0,20
4205,1083,5,19
4206,1083,16,1
4207,1083,20,11
4208,1084,7,17
4209,1084,5,7
4210,1084,16,4
4211,1084,9,20
4212,1085,0,18
4213,1085,16,23
4214,1085,9,1
4215,1085,23,10
4216,1085,5,21
4217,1086,24,13
4218,1086,11,13
4219,1086,14,8
4220,1086,4,6
4221,1087,0,3
4222,1087,17,23
4223,1087,10,9
4224,1087,10,2
4225,1087,8,20
4226,1087,21,2
4227,1088,23,4
4228,1088,20,2
4229,1088,8,5
4230,1088,3,19
4231,1089,15,4
4232,1091,24,6
4233,1091,0,2
4234,1092,12,23
4235,1092,13,6
4236,1092,11,13
4237,1092,22,3
4238,1093,21,11
4239,1093,14,17
4240,1093,19,20
4241,1093,3,19
4242,1093,4,19
4243,1094,17,13
4244,1094,20,14
4245,1094,6,4
4246,1095,16,6
4247,1095,4,6
4248,1095,24,2
4249,1096,24,9
4250,1096,0,23
4251,1097,3,10
4252,1097,12,22
4253,1097,2,22
4254,1097,8,0
4255,1097,18,21
4256,1097,21,11
4257,1097,4,15
4258,1098,22,2
4259,1098,15,2
4260,1098,4,2
4261,1098,1,20
4262,1099,18,14
4263,1099,15,19
4264,1099,0,2
4265,1099,15,24
4266,1100,4,7
4267,1100,3,5
4268,1100,21,13
4269,1100,19,0
4270,1100,18,11
4271,1101,6,3
4272,1101,4,24
4273,1101,8,22
4274,1101,17,5
4275,1102,11,9
4276,1102,20,16
4277,1102,2,4
4278,1103,12,8
4279,1103,21,5
4280,1104,24,7
4281,1104,6,10
4282,1104,21,3
4283,1104,19,22
4284,1104,24,5
4285,1104,5,8
4286,1104,23,4
4287,1104,19,1
4288,1104,3,14
4289,1105,1,13
4290,1106,19,4
4291,1106,0,16
4292,1106,12,2
4293,1106,0,3
4294,1107,6,12
4295,1107,16,4
4296,1108,5,8
4297,1108,2,6
4298,1108,12,20
4299,1108,24,1
4300,1109,24,9
4301,1109,4,1
4302,1109,6,22
4303,1109,15,7
4304,1109,3,24
4305,1109,17,21
4306,1109,16,18
4307,1109,15,3
4308,1110,4,0
4309,1110,16,14
4310,1110,9,17
4311,1111,3,1
4312,1111,17,19
4313,1111,20,18
4314,1111,16,19
4315,1111,6,21
4316,1111,24,8
4317,1111,13,19
4318,1111,2,8
4319,1111,0,21
4320,1112,3,10
4321,1112,1,14
4322,1112,0,2
4323,1112,21,4
4324,1112,21,15
4325,1113,14,2
4326,1114,15,12
4327,1114,5,7
4328,1114,20,0
4329,1114,10,19
4330,1114,13,5
4331,1114,21,6
4332,1115,10,14
4333,1115,2,6
4334,1115,15,8
4335,1115,3,14
4336,1116,3,22
4337,1116,21,15
4338,1116,24,10
4339,1116,19,6
4340,1116,13,2
4341,1117,24,11
4342,1117,3,21
4343,1117,0,11
4344,1117,6,2
4345,1118,3,20
4346,1118,4,5
4347,1118,9,11
4348,1118,17,3
4349,1119,1,12
4350,1119,20,22
4351,1119,4,5
4352,1119,8,0
4353,1120,12,10
4354,1120,17,0
4355,1120,24,13
4356,1121,13,17
4357,1122,1,7
4358,1122,11,22
4359,1123,14,23
4360,1123,2,11
4361,1124,17,24
4362,1124,21,24
4363,1124,13,20
4364,1124,5,12
4365,1124,9,1
4366,1124,4,6
4367,1124,21,18
4368,1124,5,8
4369,1125,24,3
4370,1125,15,8
4371,1125,16,24
4372,1126,13,24
4373,1126,12,4
4374,1127,4,21
4375,1127,20,8
4376,1127,19,2
4377,1127,11,19
4378,1127,16,8
4379,1127,0,24
4380,1128,6,4
4381,1128,8,23
4382,1128,7,15
4383,1128,20,9
4384,1128,7,21
4385,1128,5,24
4386,1129,12,22
4387,1129,23,10
4388,1129,18,1
4389,1129,12,23
4390,1130,24,2
4391,1130,7,11
4392,1130,10,1
4393,1130,12,21
4394,1130,17,15
4395,1131,1,20
4396,1131,2,19
4397,1131,1,21
4398,1132,8,15
4399,1132,13,21
4400,1132,7,13
4401,1132,6,23
4402,1132,7,16
4403,1133,2,0
4404,1133,0,20
4405,1134,5,22
4406,1134,13,23
4407,1134,10,9
4408,1134,10,9
4409,1134,23,10
4410,1134,4,11
4411,1135,23,17
4412,1136,9,22
4413,1136,2,24
4414,1136,6,19
4415,1137,9,12
4416,1137,19,1
4417,1138,17,14
4418,1138,6,24
4419,1138,18,22
4420,1139,6,4
4421,1139,14,4
4422,1139,10,16
4423,1139,12,5
4424,1139,7,19
4425,1139,9,7
4426,1140,21,5
4427,1140,21,10
4428,1140,8,19
4429,1141,22,3
4430,1141,2,22
4431,1141,1,23
4432,1141,17,13
4433,1141,19,3
4434,1142,1,11
4435,1142,5,16
4436,1142,0,24
4437,1142,1,16
4438,1142,11,18
4439,1143,12,9
4440,1144,24,7
4441,1145,0,23
4442,1146,16,8
4443,1146,10,14
4444,1146,24,6
4445,1146,2,10
4446,1146,20,18
4447,1146,21,8
4448,1146,16,10
4449,1147,16,3
4450,1147,15,23
4451,1147,21,15
4452,1148,15,23
4453,1148,20,18
4454,1149,6,3
4455,1149,17,21
4456,1149,21,14
4457,1149,14,1
4458,1149,23,1
4459,1149,22,20
4460,1150,11,9
4461,1150,2,15
4462,1151,22,11
4463,1151,16,1
4464,1151,21,14
4465,1151,3,10
4466,1151,3,17
4467,1151,11,4
4468,1151,1,16
4469,1151,13,22
4470,1151,18,14
4471,1151,12,18
4472,1152,13,9
4473,1152,24,6
4474,1152,9,5
4475,1152,15,7
4476,1152,18,21
4477,1153,1,5
4478,1153,15,11
4479,1153,19,4
4480,1154,6,4
4481,1154,6,18
4482,1154,15,3
4483,1154,16,24
4484,1154,20,17
4485,1154,1,22
4486,1155,7,24
4487,1155,12,10
4488,1155,14,22
4489,1155,13,4
4490,1155,2,10
4491,1156,19,12
4492,1156,17,8
4493,1156,24,9
4494,1156,21,15
4495,1156,17,24
4496,1156,21,10
4497,1156,23,19
4498,1156,22,19
4499,1157,17,0
4500,1157,18,15
4501,1157,7,11
4502,1157,18,20
4503,1157,2,15
4504,1158,13,10
4505,1158,21,15
4506,1158,23,5
4507,1159,14,0
4508,1159,2,18
4509,1159,22,16
4510,1160,17,21
4511,1161,9,16
4512,1161,13,0
4513,1161,11,19
4514,1161,19,23
4515,1161,20,1
4516,1161,21,17
4517,1161,24,21
4518,1162,6,15
4519,1162,13,20
4520,1162,15,24
4521,1163,16,19
4522,1163,0,4
4523,1163,19,3
4524,1163,1,20
4525,1163,1,15
4526,1164,22,14
4527,1164,16,18
4528,1164,15,12
4529,1164,3,22
4530,1165,20,23
4531,1165,16,7
4532,1166,11,24
4533,1166,0,8
4534,1166,3,13
4535,1166,5,18
4536,1167,3,1
4537,1167,10,12
4538,1167,7,15
4539,1168,2,10
4540,1168,14,17
4541,1169,5,7
4542,1169,14,22
4543,1169,23,8
4544,1170,15,19
4545,1170,22,19
4546,1170,24,13
4547,1170,24,7
4548,1170,20,11
4549,1170,19,9
4550,1171,21,12
4551,1171,22,11
4552,1171,18,4
4553,1171,4,18
4554,1171,4,19
4555,1171,11,7
4556,1172,15,17
4557,1172,5,13
4558,1172,23,19
4559,1172,17,9
4560,1173,13,9
4561,1173,1,24
4562,1173,1,16
4563,1174,24,14
4564,1175,19,13
4565,1175,14,15
4566,1175,9,22
4567,1175,9,15
4568,1176,8,0
4569,1176,4,8
4570,1176,11,17
4571,1176,4,18
4572,1176,9,16
4573,1176,20,16
4574,1177,15,11
4575,1177,2,10
4576,1177,3,20
4577,1177,9,12
4578,1177,7,13
4579,1178,4,8
4580,1178,1,23
4581,1178,22,14
4582,1178,1,8
4583,1178,7,23
4584,1178,23,13
4585,1178,16,0
4586,1179,23,7
4587,1179,22,11
4588,1179,12,18
4589,1179,14,18
4590,1179,0,13
4591,1180,2,20
4592,1180,20,10
4593,1180,12,18
4594,1180,0,12
4595,1180,12,8
4596,1181,7,0
4597,1181,14,23
4598,1181,14,5
4599,1181,18,15
4600,1181,8,23
4601,1181,19,13
4602,1182,16,22
4603,1182,1,18
4604,1182,1,16
4605,1182,13,21
4606,1182,13,7
4607,1182,14,10
4608,1182,7,0
4609,1182,10,9
4610,1182,14,16
4611,1182,5,24
4612,1183,0,17
4613,1183,5,3
4614,1183,20,18
4615,1183,2,19
4616,1183,11,7
4617,1183,1,21
4618,1184,18,4
4619,1184,5,22
4620,1184,15,24
4621,1184,22,4
4622,1184,21,17
4623,1184,15,9
4624,1184,19,21
4625,1185,20,2
4626,1185,12,21
4627,1185,20,18
4628,1186,18,9
4629,1186,14,12
4630,1186,6,13
4631,1186,19,4
4632,1186,18,20
4633,1186,10,17
4634,1186,19,4
4635,1187,24,3
4636,1187,8,0
4637,1187,22,6
4638,1187,12,16
4639,1187,8,11
4640,1187,21,12
4641,1188,22,2
4642,1188,6,12
4643,1188,10,24
4644,1188,14,24
4645,1189,22,13
4646,1189,3,14
4647,1189,15,2
4648,1189,4,22
4649,1189,24,13
4650,1189,17,3
4651,1190,11,3
4652,1190,18,10
4653,1191,23,13
4654,1191,17,21
4655,1191,3,15
4656,1191,14,7
4657,1192,7,19
4658,1192,10,1
4659,1192,9,16
4660,1192,12,3
4661,1192,16,8
4662,1193,20,17
4663,1193,3,21
4664,1193,3,17
4665,1193,24,2
4666,1193,16,12
4667,1193,0,12
4668,1194,13,15
4669,1194,4,6
4670,1195,13,7
4671,1196,23,11
4672,1196,24,1
4673,1196,10,16
4674,1196,17,19
4675,1196,13,16
4676,1196,4,24
4677,1197,8,0
4678,1197,20,2
4679,1197,14,20
4680,1197,17,3
4681,1198,12,4
4682,1199,24,10
4683,1199,2,8
4684,1199,0,2
4685,1199,6,9
4686,1199,18,2
4687,1199,14,20
4688,1200,9,6
4689,1201,3,6
4690,1201,7,1
4691,1201,12,24
4692,1202,10,13
4693,1202,14,24
4694,1203,9,19
4695,1203,2,13
4696,1203,16,20
4697,1203,22,14
4698,1203,13,21
4699,1203,2,21
4700,1204,24,11
4701,1204,17,14
4702,1204,1,4
4703,1204,10,24
4704,1204,18,6
4705,1205,22,3
4706,1205,3,0
4707,1205,0,23
4708,1205,16,14
4709,1205,20,24
4710,1206,20,0
4711,1206,4,21
4712,1206,13,17
4713,1206,24,9
4714,1206,7,22
4715,1207,2,10
4716,1207,22,24
4717,1207,22,13
4718,1208,18,7
4719,1208,1,3
4720,1208,6,8
4721,1208,12,14
4722,1209,1,13
4723,1209,19,7
4724,1209,20,11
4725,1210,19,4
4726,1210,17,0
4727,1211,22,16
4728,1211,20,9
4729,1211,22,2
4730,1211,7,1
4731,1211,5,22
4732,1211,2,17
4733,1211,9,0
4734,1211,16,22
4735,1212,16,24
4736,1213,11,13
4737,1213,13,5
4738,1213,8,17
4739,1213,4,5
4740,1213,8,11
4741,1214,8,5
4742,1214,12,8
4743,1214,1,12
4744,1214,6,19
4745,1214,16,22
4746,1214,8,19
4747,1215,20,4
4748,1215,1,22
4749,1216,7,15
4750,1216,2,18
4751,1216,0,10
4752,1217,8,17
4753,1217,7,11
4754,1217,10,12
4755,1218,3,6
4756,1218,20,2
4757,1218,24,6
4758,1218,6,4
4759,1218,23,0
4760,1219,15,8
4761,1219,2,16
4762,1219,11,8
4763,1220,4,10
4764,1221,5,17
4765,1221,22,20
4766,1221,0,10
4767,1221,8,22
4768,1222,6,0
4769,1222,20,16
4770,1222,9,17
4771,1223,3,13
4772,1223,19,10
4773,1223,20,22
4774,1224,24,21
4775,1224,24,16
4776,1224,6,20
4777,1224,1,15
4778,1224,18,11
4779,1225,16,7
4780,1225,9,6
4781,1225,7,19
4782,1226,16,9
4783,1227,16,5
4784,1227,18,5
4785,1227,12,1
4786,1227,20,13
4787,1227,24,4
4788,1227,21,12
4789,1227,15,13
4790,1227,14,7
4791,1228,15,0
4792,1228,2,14
4793,1228,11,3
4794,1229,10,22
4795,1229,9,10
4796,1229,17,9
4797,1229,24,22
4798,1229,17,21
4799,1229,16,5
4800,1229,8,16
4801,1229,3,19
4802,1230,0,8
4803,1230,17,24
4804,1231,5,11
4805,1231,23,13
4806,1231,8,14
4807,1231,17,1
4808,1232,24,21
4809,1232,7,19
4810,1232,3,10
4811,1232,11,15
4812,1233,9,22
4813,1233,22,11
4814,1233,7,23
4815,1233,8,18
4816,1233,23,10
4817,1233,23,8
4818,1234,0,17
4819,1234,9,6
4820,1234,24,5
4821,1234,17,7
4822,1235,12,8
4823,1236,16,5
4824,1236,21,8
4825,1236,3,12
4826,1236,9,18
4827,1236,9,24
4828,1237,7,24
4829,1238,6,20
4830,1238,12,21
4831,1238,16,1
4832,1238,0,19
4833,1238,11,8
4834,1239,6,10
4835,1239,19,6
4836,1239,6,21
4837,1239,0,19
4838,1239,13,11
4839,1239,2,13
4840,1239,6,15
4841,1240,19,16
4842,1240,13,9
4843,1240,7,14
4844,1240,1,21
4845,1240,10,16
4846,1240,12,4
4847,1240,17,15
4848,1240,6,21
4849,1241,4,14
4850,1241,9,12
4851,1241,2,24
4852,1241,16,12
4853,1241,14,4
4854,1241,23,8
4855,1241,4,18
4856,1242,16,18
4857,1242,1,12
4858,1243,20,13
4859,1243,13,21
4860,1243,3,19
4861,1243,24,21
4862,1244,12,22
4863,1244,22,14
4864,1245,19,9
4865,1245,16,2
4866,1246,21,10
4867,1247,11,14
4868,1247,5,4
4869,1247,4,21
4870,1247,1,4
4871,1247,2,0
4872,1248,1,5
4873,1248,13,16
4874,1248,1,20
4875,1248,10,0
4876,1248,13,17
4877,1248,5,17
4878,1249,6,20
4879,1249,13,23
4880,1249,17,13
4881,1249,21,15
4882,1249,15,8
4883,1250,0,17
4884,1250,0,20
4885,1250,11,22
4886,1250,16,22
4887,1250,9,13
4888,1251,21,23
4889,1251,22,8
4890,1252,14,15
4891,1252,19,1
4892,1252,18,11
4893,1252,24,11
4894,1253,3,1
4895,1253,13,9
4896,1253,9,18
4897,1253,9,0
4898,1254,1,4
4899,1254,22,14
4900,1255,12,3
4901,1255,20,10
4902,1255,4,22
4903,1255,1,23
4904,1256,23,9
4905,1256,24,12
4906,1256,6,2
4907,1256,10,4
4908,1256,20,22
4909,1256,12,14
4910,1256,4,2
4911,1257,13,7
4912,1257,22,5
4913,1258,10,23
4914,1258,9,13
4915,1258,3,19
4916,1258,0,22
4917,1258,1,4
4918,1259,23,6
4919,1259,4,12
4920,1261,21,6
4921,1261,14,15
4922,1261,1,12
4923,1261,0,23
4924,1262,5,13
4925,1262,21,24
4926,1263,18,24
4927,1263,20,3
4928,1263,1,3
4929,1264,7,17
4930,1264,18,10
4931,1264,6,19
4932,1266,1,20
4933,1266,15,4
4934,1267,11,22
4935,1267,6,24
4936,1268,17,23
4937,1269,12,14
4938,1269,13,21
4939,1269,14,12
4940,1269,14,21
4941,1269,21,12
4942,1269,24,8
4943,1270,18,15
4944,1271,14,16
4945,1271,4,7
4946,1271,12,18
4947,1272,15,18
4948,1272,6,24
4949,1272,7,23
4950,1273,16,4
4951,1273,12,18
4952,1273,10,23
4953,1273,19,21
4954,1274,6,19
4955,1274,21,8
4956,1274,10,14
4957,1274,13,17
4958,1275,6,9
4959,1276,22,7
4960,1276,7,19
4961,1276,15,11
4962,1276,22,2
4963,1276,5,20
4964,1277,24,5
4965,1277,2,5
4966,1277,7,17
4967,1277,18,8
4968,1277,9,1
4969,1277,6,2
4970,1278,3,5
4971,1278,0,10
4972,1278,14,12
4973,1278,2,0
4974,1278,6,21
4975,1279,16,18
4976,1279,3,10
4977,1279,3,13
4978,1279,19,1
4979,1279,8,20
4980,1279,12,2
4981,1281,11,9
4982,1282,13,22
4983,1282,12,5
4984,1282,16,13
4985,1283,17,2
4986,1283,4,0
4987,1283,22,13
4988,1283,6,24
4989,1284,8,6
4990,1284,14,4
4991,1284,23,15
4992,1285,24,0
4993,1285,13,3
4994,1285,21,1
4995,1286,8,20
4996,1286,6,4
4997,1286,18,6
4998,1286,6,3
4999,1286,20,4
5000,1287,18,12
5001,1287,21,8
5002,1287,19,8
5003,1287,11,14
5004,1288,14,6
5005,1288,22,4
5006,1288,17,24
5007,1288,8,6
5008,1288,24,22
5009,1288,0,7
5010,1289,11,2
5011,1289,23,11
5012,1290,15,12
5013,1291,11,21
5014,1291,20,10
5015,1291,1,17
5016,1291,11,17
5017,1292,13,5
5018,1292,21,3
5019,1293,21,9
5020,1293,12,9
5021,1293,21,0
5022,1294,17,2
5023,1294,19,13
5024,1294,10,22
5025,1294,21,24
5026,1294,0,21
5027,1295,2,5
5028,1295,14,18
5029,1295,8,19
5030,1296,21,19
5031,1296,18,11
5032,1297,5,24
5033,1297,19,12
5034,1297,7,3
5035,1297,0,19
5036,1297,5,21
5037,1297,4,0
5038,1298,23,20
5039,1298,19,8
5040,1298,24,0
5041,1298,19,20
5042,1298,7,21
5043,1299,23,5
5044,1299,18,2
5045,1300,8,19
5046,1300,18,0
5047,1300,23,11
5048,1300,18,2
5049,1301,16,1
5050,1301,20,2
5051,1301,13,3
5052,1301,20,24
5053,1301,5,9
5054,1301,3,15
5055,1302,10,13
5056,1302,8,6
5057,1302,12,3
5058,1304,8,6
5059,1304,19,22
5060,1304,4,18
5061,1304,2,19
5062,1304,5,22
5063,1304,20,3
5064,1304,17,13
5065,1305,14,15
5066,1305,18,10
5067,1305,4,14
5068,1305,3,15
5069,1305,1,12
5070,1306,0,20
5071,1306,12,21
5072,1306,13,19
5073,1306,3,12
5074,1307,12,0
5075,1307,21,6
5076,1308,9,20
5077,1308,8,5
5078,1308,11,0
5079,1309,0,10
5080,1309,11,9
5081,1310,14,3
5082,1310,20,14
5083,1310,21,7
5084,1310,6,2
5085,1311,9,20
5086,1311,14,7
5087,1311,13,19
5088,1312,4,17
5089,1312,18,22
5090,1313,18,6
5091,1313,8,14
5092,1313,0,15
5093,1313,13,3
5094,1314,24,14
5095,1314,16,22
5096,1314,8,1
5097,1314,0,20
5098,1315,20,1
5099,1315,19,6
5100,1315,13,19
5101,1316,7,16
5102,1316,22,2
5103,1316,3,5
5104,1316,13,19
5105,1316,17,8
5106,1316,16,22
5107,1316,16,3
5108,1316,13,6
5109,1317,13,9
5110,1317,9,16
5111,1317,16,14
5112,1317,24,6
5113,1318,3,1
5114,1318,8,17
5115,1318,20,0
5116,1318,15,3
5117,1318,12,3
5118,1318,15,4
5119,1318,23,3
5120,1319,5,18
5121,1319,12,5
5122,1319,8,5
5123,1320,4,16
5124,1320,6,23
5125,1320,24,7
5126,1320,23,11
5127,1320,0,6
5128,1320,16,5
5129,1320,13,10
5130,1320,1,14
5131,1321,6,19
5132,1321,8,2
5133,1321,11,23
5134,1321,6,18
5135,1321,12,21
5136,1321,7,22
5137,1322,14,15
5138,1322,23,2
5139,1322,8,12
5140,1322,17,4
5141,1323,5,17
5142,1323,14,1
5143,1323,15,6
5144,1323,7,3
5145,1324,21,7
5146,1324,1,7
5147,1324,19,3
5148,1325,21,14
5149,1325,16,24
5150,1325,16,12
5151,1325,13,11
5152,1325,14,21
5153,1325,11,5
5154,1325,9,21
5155,1325,9,16
5156,1325,9,6
5157,1325,7,17
5158,1325,23,20
5159,1326,2,19
5160,1326,10,4
5161,1326,0,8
5162,1326,18,16
5163,1326,11,13
5164,1326,23,10
5165,1327,23,7
5166,1328,17,13
5167,1328,12,9
5168,1328,10,13
5169,1328,18,15
5170,1328,0,10
5171,1328,11,7
5172,1328,10,16
5173,1328,11,23
5174,1329,1,19
5175,1329,23,9
5176,1329,0,10
5177,1329,19,17
5178,1329,7,1
5179,1329,2,19
5180,1329,13,15
5181,1329,24,9
5182,1329,11,8
5183,1330,20,19
5184,1330,18,21
5185,1330,20,11
5186,1330,14,12
5187,1330,8,17
5188,1330,1,14
5189,1331,2,19
5190,1331,13,17
5191,1331,5,15
5192,1332,24,16
5193,1332,9,6
5194,1332,7,10
5195,1332,5,24
5196,1333,2,18
5197,1334,12,15
5198,1334,6,4
5199,1334,19,17
5200,1334,15,4
5201,1334,14,16
5202,1334,3,6
5203,1335,14,3
5204,1335,19,15
5205,1335,1,4
5206,1335,18,3
5207,1335,8,12
5208,1335,19,21
5209,1336,15,1
5210,1336,14,16
5211,1336,2,4
5212,1336,24,0
5213,1336,2,21
5214,1336,17,1
5215,1337,20,24
5216,1337,23,11
5217,1337,6,20
5218,1337,9,1
5219,1337,10,12
5220,1337,16,6
5221,1337,15,1
5222,1337,17,2
5223,1337,20,24
5224,1337,0,23
5225,1338,11,19
5226,1338,11,2
5227,1339,9,6
5228,1339,8,22
5229,1339,8,1
5230,1339,11,23
5231,1339,10,18
5232,1340,2,17
5233,1340,24,9
5234,1340,13,21
5235,1340,5,23
5236,1341,20,2
5237,1341,21,8
5238,1341,1,18
5239,1341,15,1
5240,1342,3,5
5241,1342,17,4
5242,1343,6,15
5243,1343,20,6
5244,1343,12,2
5245,1344,9,16
5246,1344,4,17
5247,1344,19,21
5248,1345,3,19
5249,1345,19,21
5250,1345,1,11
5251,1345,22,7
5252,1345,6,4
5253,1345,4,19
5254,1345,14,22
5255,1345,4,11
5256,1346,1,5
5257,1346,22,20
5258,1346,1,24
5259,1346,18,10
5260,1346,24,6
5261,1347,8,4
5262,1347,15,13
5263,1347,19,1
5264,1347,11,20
5265,1347,18,22
5266,1348,9,20
5267,1348,5,22
5268,1348,14,24
5269,1348,8,11
5270,1348,5,7
5271,1348,0,20
5272,1348,9,10
5273,1349,17,21
5274,1349,4,8
5275,1349,11,23
5276,1349,15,11
5277,1349,4,7
5278,1350,3,9
5279,1350,21,2
5280,1350,14,3
5281,1350,10,1
5282,1350,17,10
5283,1350,20,3
5284,1351,22,12
5285,1351,20,11
5286,1351,8,18
5287,1351,5,3
5288,1351,9,7
5289,1351,22,24
5290,1352,1,17
5291,1352,22,8
5292,1352,5,23
5293,1353,5,22
5294,1353,20,18
5295,1353,7,20
5296,1353,4,20
5297,1353,9,23
5298,1354,16,2
5299,1354,13,10
5300,1354,6,18
5301,1354,0,20
5302,1354,5,24
5303,1355,4,1
5304,1355,24,9
5305,1355,4,1
5306,1356,1,16
5307,1356,5,7
5308,1356,5,19
5309,1356,8,22
5310,1356,2,19
5311,1356,15,3
5312,1356,21,4
5313,1356,23,10
5314,1357,17,7
5315,1357,19,16
5316,1357,1,9
5317,1357,13,21
5318,1357,2,17
5319,1358,19,2
5320,1358,24,10
5321,1358,24,6
5322,1358,22,8
5323,1358,8,5
5324,1358,24,2
5325,1359,21,11
5326,1359,15,18
5327,1359,14,4
5328,1360,0,10
5329,1360,16,9
5330,1360,22,8
5331,1360,1,18
5332,1360,9,11
5333,1360,9,22
5334,1360,24,20
5335,1361,18,9
5336,1361,3,17
5337,1361,23,5
5338,1362,7,4
5339,1362,18,9
5340,1362,16,1
5341,1362,24,18
5342,1362,13,23
5343,1363,10,1
5344,1363,17,5
5345,1363,20,11
5346,1363,11,18
5347,1363,20,14
5348,1364,15,0
5349,1364,6,14
5350,1364,14,4
5351,1364,21,9
5352,1364,19,16
5353,1364,5,3
5354,1365,10,12
5355,1365,6,8
5356,1365,22,5
5357,1365,4,14
5358,1366,5,21
5359,1366,22,4
5360,1366,2,19
5361,1366,12,16
5362,1366,7,23
5363,1367,1,8
5364,1367,22,13
5365,1367,8,11
5366,1367,18,3
5367,1367,16,13
5368,1368,10,21
5369,1368,6,0
5370,1369,7,13
5371,1369,15,23
5372,1370,3,0
5373,1370,5,2
5374,1371,13,17
5375,1371,19,0
5376,1371,16,19
5377,1371,6,17
5378,1371,15,17
5379,1371,8,11
5380,1371,13,7
5381,1373,10,17
5382,1373,15,6
5383,1373,23,12
5384,1373,20,22
5385,1373,22,20
5386,1374,23,16
5387,1375,17,6
5388,1375,2,10
5389,1376,24,15
5390,1376,3,7
5391,1376,0,24
5392,1377,18,5
5393,1377,23,16
5394,1377,24,16
5395,1378,15,5
5396,1379,1,11
5397,1379,8,5
5398,1380,17,4
5399,1380,20,2
5400,1380,7,5
5401,1380,0,10
5402,1380,22,9
5403,1380,0,9
5404,1380,1,15
5405,1381,5,4
5406,1381,24,5
5407,1381,15,23
5408,1382,6,15
5409,1382,1,13
5410,1382,23,14
5411,1382,3,10
5412,1383,24,0
5413,1383,6,23
5414,1383,13,9
5415,1384,10,3
5416,1384,3,23
5417,1384,20,16
5418,1385,19,4
5419,1385,1,16
5420,1385,17,8
5421,1385,21,13
5422,1385,0,8
5423,1385,16,2
5424,1385,5,18
5425,1386,18,10
5426,1386,16,22
5427,1386,8,21
5428,1387,18,6
5429,1387,12,18
5430,1387,10,9
5431,1387,7,11
5432,1388,11,13
5433,1389,24,18
5434,1389,18,16
5435,1389,24,11
5436,1389,20,8
5437,1389,16,18
5438,1390,19,22
5439,1390,13,1
5440,1390,6,3
5441,1390,3,20
5442,1390,1,10
5443,1390,22,16
5444,1391,7,14
5445,1391,18,0
5446,1392,24,16
5447,1392,1,10
5448,1393,21,1
5449,1393,19,1
5450,1393,21,3
5451,1393,8,19
5452,1393,21,9
5453,1393,19,3
5454,1393,8,23
5455,1393,12,3
5456,1394,8,12
5457,1394,24,3
5458,1394,0,18
5459,1394,22,11
5460,1395,14,23
5461,1395,5,16
5462,1395,18,15
5463,1395,7,21
5464,1395,4,16
5465,1395,5,20
5466,1395,2,5
5467,1395,8,14
5468,1395,24,17
5469,1396,0,3
5470,1396,5,1
5471,1396,8,16
5472,1396,9,19
5473,1396,18,9
5474,1398,15,22
5475,1398,4,23
5476,1398,17,15
5477,1399,2,16
5478,1399,6,19
5479,1399,21,17
5480,1399,8,17
5481,1399,9,10
5482,1399,1,14
5483,1400,19,12
5484,1400,23,21
5485,1400,16,0
5486,1401,17,23
5487,1402,24,18
5488,1402,13,0
5489,1402,7,4
5490,1402,21,3
5491,1402,16,7
5492,1402,9,16
5493,1402,14,8
5494,1402,16,19
5495,1402,23,16
5496,1403,7,9
5497,1403,16,8
5498,1403,0,8
5499,1403,18,4
5500,1404,7,3
5501,1404,23,21
5502,1405,10,14
5503,1405,21,5
5504,1405,5,12
5505,1406,5,11
5506,1406,1,7
5507,1407,15,5
5508,1407,22,15
5509,1407,17,3
5510,1407,3,23
5511,1407,1,14
5512,1408,0,9
5513,1408,3,7
5514,1409,21,1
5515,1410,12,21
5516,1410,9,21
5517,1410,1,5
5518,1410,18,6
5519,1411,7,24
5520,1411,13,11
5521,1411,12,3
5522,1411,3,21
5523,1411,13,11
5524,1412,24,9
5525,1412,3,14
5526,1412,6,23
5527,1412,12,21
5528,1412,24,14
5529,1412,12,20
5530,1414,7,3
5531,1414,17,7
5532,1414,23,15
5533,1414,13,23
5534,1415,2,8
5535,1415,17,0
5536,1416,5,23
5537,1416,9,21
5538,1417,12,21
5539,1417,0,11
5540,1417,6,23
5541,1417,0,21
5542,1418,1,8
5543,1418,19,3
5544,1418,22,13
5545,1419,3,7
5546,1419,18,14
5547,1420,15,0
5548,1420,11,13
5549,1420,20,3
5550,1420,6,9
5551,1420,2,19
5552,1421,24,15
5553,1421,0,14
5554,1422,17,1
5555,1422,17,10
5556,1422,21,8
5557,1423,15,6
5558,1423,14,4
5559,1423,13,15
5560,1423,12,0
5561,1423,12,21
5562,1424,4,7
5563,1424,12,3
5564,1424,5,15
5565,1424,7,19
5566,1425,24,8
5567,1425,23,13
5568,1425,6,21
5569,1426,8,18
5570,1426,19,9
5571,1426,9,10
5572,1426,13,10
5573,1426,9,6
5574,1426,1,8
5575,1426,0,13
5576,1427,22,7
5577,1427,12,2
5578,1427,12,15
5579,1427,21,15
5580,1427,13,16
5581,1427,21,15
5582,1427,4,15
5583,1427,17,5
5584,1428,6,3
5585,1428,17,8
5586,1429,10,19
5587,1430,18,12
5588,1431,4,10
5589,1432,11,23
5590,1433,1,12
5591,1433,16,7
5592,1434,14,6
5593,1434,11,8
5594,1434,5,9
5595,1435,13,3
5596,1435,9,23
5597,1435,13,11
5598,1435,8,18
5599,1435,6,8
5600,1435,5,7
5601,1435,3,6
5602,1435,24,0
5603,1436,19,11
5604,1436,13,5
5605,1437,21,11
5606,1437,3,5
5607,1437,17,20
5608,1437,1,21
5609,1437,1,20
5610,1437,12,10
5611,1438,6,18
5612,1438,13,24
5613,1438,22,24
5614,1438,12,18
5615,1440,12,23
5616,1441,21,3
5617,1441,12,3
5618,1441,9,21
5619,1441,4,6
5620,1441,23,9
5621,1442,0,18
5622,1442,7,19
5623,1442,8,6
5624,1442,7,13
5625,1443,10,20
5626,1443,17,13
5627,1443,12,21
5628,1443,24,0
5629,1444,4,14
5630,1444,10,19
5631,1444,0,3
5632,1445,13,15
5633,1445,6,20
5634,1446,14,12
5635,1446,7,3
5636,1446,23,16
5637,1447,10,23
5638,1447,11,5
5639,1447,13,19
5640,1448,16,3
5641,1448,24,4
5642,1448,21,2
5643,1448,10,20
5644,1448,8,2
5645,1448,8,20
5646,1449,8,19
5647,1449,4,12
5648,1449,15,21
5649,1449,17,13
5650,1449,0,21
5651,1449,18,0
5652,1449,2,16
5653,1450,23,2
5654,1450,11,17
5655,1450,23,15
5656,1450,13,11
5657,1450,22,24
5658,1451,3,15
5659,1451,23,3
5660,1451,16,13
5661,1451,7,4
5662,1452,9,19
5663,1452,1,17
5664,1453,16,4
5665,1454,11,5
5666,1454,5,3
5667,1454,0,14
5668,1454,19,3
5669,1454,11,17
5670,1454,6,4
5671,1455,10,3
5672,1455,21,9
5673,1455,22,8
5674,1456,3,21
5675,1456,21,2
5676,1456,22,18
5677,1456,1,15
5678,1456,12,6
5679,1457,7,21
5680,1457,23,16
5681,1457,21,9
5682,1457,22,14
5683,1457,6,9
5684,1458,4,12
5685,1458,9,12
5686,1458,17,4
5687,1458,22,10
5688,1459,6,8
5689,1459,1,22
5690,1459,9,22
5691,1460,17,11
5692,1460,18,14
5693,1460,7,4
5694,1460,4,19
5695,1461,18,20
5696,1461,22,13
5697,1461,15,17
5698,1461,10,16
5699,1461,5,11
5700,1462,2,4
5701,1462,23,0
5702,1462,6,23
5703,1462,24,14
5704,1463,7,24
5705,1463,3,5
5706,1463,18,21
5707,1464,3,6
5708,1465,4,1
5709,1465,6,18
5710,1465,10,7
5711,1465,24,4
5712,1466,12,23
5713,1466,16,2
5714,1467,3,6
5715,1467,13,1
5716,1467,22,18
5717,1468,17,14
5718,1468,20,0
5719,1468,21,2
5720,1468,8,6
5721,1469,11,22
5722,1469,10,0
5723,1469,0,17
5724,1469,4,7
5725,1469,0,7
5726,1470,15,14
5727,1470,12,5
5728,1470,0,20
5729,1470,6,12
5730,1471,16,8
5731,1471,18,12
5732,1471,1,5
5733,1471,21,17
5734,1471,22,20
5735,1471,23,17
5736,1471,9,11
5737,1472,2,15
5738,1472,4,18
5739,1472,15,11
5740,1472,24,20
5741,1472,1,10
5742,1472,23,1
5743,1473,0,11
5744,1473,18,8
5745,1473,4,0
5746,1474,20,7
5747,1474,0,6
5748,1474,16,19
5749,1474,1,16
5750,1475,12,9
5751,1475,23,21
5752,1475,13,16
5753,1476,21,19
5754,1476,17,9
5755,1476,11,19
5756,1476,10,4
5757,1476,10,17
5758,1477,12,4
5759,1477,5,17
5760,1477,0,17
5761,1477,19,8
5762,1477,6,18
5763,1477,8,11
5764,1479,5,17
5765,1479,6,19
5766,1479,5,13
5767,1479,1,8
5768,1479,14,1
5769,1480,20,0
5770,1480,11,23
5771,1480,0,20
5772,1480,6,10
5773,1481,9,5
5774,1481,13,10
5775,1481,10,18
5776,1481,13,11
5777,1481,9,23
5778,1481,5,19
5779,1481,7,11
5780,1481,24,12
5781,1481,0,20
5782,1482,19,12
5783,1482,22,1
5784,1482,2,12
5785,1482,23,17
5786,1482,4,12
5787,1483,16,5
5788,1483,15,22
5789,1483,11,7
5790,1484,8,12
5791,1484,24,15
5792,1484,7,22
5793,1484,4,11
5794,1484,1,8
5795,1485,12,18
5796,1485,17,8
5797,1485,19,16
5798,1486,0,22
5799,1486,17,7
5800,1486,10,1
5801,1487,18,24
5802,1487,2,9
5803,1488,15,0
5804,1489,21,24
5805,1489,15,14
5806,1489,5,22
5807,1489,14,6
5808,1489,22,14
5809,1490,8,17
5810,1490,20,13
5811,1490,6,2
5812,1490,18,20
5813,1491,7,20
5814,1492,18,12
5815,1492,10,23
5816,1492,11,22
5817,1492,23,21
5818,1493,18,7
5819,1493,24,9
5820,1494,16,2
5821,1494,20,23
5822,1495,24,13
5823,1495,24,10
5824,1495,8,22
5825,1495,2,23
5826,1496,12,6
5827,1496,16,19
5828,1496,0,15
5829,1497,20,5
5830,1497,16,6
5831,1497,2,21
5832,1497,20,17
5833,1497,13,4
5834,1498,20,24
5835,1498,5,8
5836,1498,10,20
5837,1498,18,11
5838,1499,1,5
5839,1499,11,9
5840,1499,13,15
5841,1499,13,2
5842,1499,16,8
5843,1499,19,20
5844,1499,14,23
5845,1499,22,11
5846,1499,2,12
5847,1500,24,0
5848,1500,10,7
5849,1500,21,4
5850,1501,11,7
5851,1503,21,4
5852,1503,10,20
5853,1503,14,22
5854,1503,23,2
5855,1503,24,9
5856,1503,16,9
5857,1504,12,21
5858,1504,23,19
5859,1504,14,20
5860,1504,9,12
5861,1504,20,23
5862,1504,21,6
5863,1505,8,4
5864,1505,21,8
5865,1505,10,18
5866,1505,9,17
5867,1506,18,22
5868,1507,2,23
5869,1508,15,14
5870,1508,1,22
5871,1508,21,24
5872,1508,0,7
5873,1508,8,12
5874,1509,6,2
5875,1509,15,6
5876,1509,17,20
5877,1510,21,10
5878,1510,12,18
5879,1510,17,4
5880,1510,8,10
5881,1510,24,11
5882,1511,8,0
5883,1511,20,4
5884,1511,12,4
5885,1511,5,14
5886,1511,10,2
5887,1511,9,6
5888,1511,19,9
5889,1512,17,3
5890,1512,14,22
5891,1513,8,12
5892,1513,12,1
5893,1513,20,9
5894,1513,19,12
5895,1513,1,17
5896,1513,16,6
5897,1513,9,17
5898,1513,12,24
5899,1514,15,19
5900,1514,19,20
5901,1514,19,0
5902,1514,14,24
5903,1514,5,15
5904,1514,22,4
5905,1515,3,7
5906,1515,21,1
5907,1515,14,6
5908,1515,12,24
5909,1515,18,0
5910,1516,18,9
5911,1517,0,3
5912,1517,18,2
5913,1517,15,0
5914,1517,20,7
5915,1517,12,14
5916,1518,12,8
5917,1518,23,15
5918,1518,20,18
5919,1518,4,22
5920,1519,10,12
5921,1519,14,0
5922,1519,24,6
5923,1520,8,1
5924,1520,3,16
5925,1520,3,0
5926,1521,5,12
5927,1522,15,19
5928,1522,9,17
5929,1523,0,22
5930,1523,23,10
5931,1523,0,9
5932,1524,14,2
5933,1524,5,20
5934,1524,14,1
5935,1524,13,23
5936,1525,21,2
5937,1525,10,1
5938,1525,15,7
5939,1525,22,1
5940,1525,21,8
5941,1525,23,6
5942,1526,20,4
5943,1526,16,14
5944,1526,24,3
5945,1526,15,8
5946,1526,23,5
5947,1526,14,21
5948,1527,6,9
5949,1527,19,12
5950,1527,5,14
5951,1527,2,9
5952,1528,0,19
5953,1528,0,18
5954,1528,13,9
5955,1528,1,22
5956,1528,16,9
5957,1529,12,21
5958,1529,9,18
5959,1530,9,23
5960,1530,11,1
5961,1531,17,13
5962,1531,19,12
5963,1531,3,6
5964,1532,15,4
5965,1532,17,1
5966,1532,19,13
5967,1532,19,10
5968,1533,6,8
5969,1533,17,19
5970,1534,7,3
5971,1534,10,7
5972,1534,14,24
5973,1534,14,2
5974,1535,20,7
5975,1535,14,20
5976,1535,3,20
5977,1535,13,3
5978,1535,15,21
5979,1536,5,21
5980,1536,15,19
5981,1536,9,10
5982,1537,11,18
5983,1537,10,6
5984,1538,19,15
5985,1538,11,5
5986,1538,11,4
5987,1538,10,6
5988,1539,0,16
5989,1539,17,24
5990,1539,5,15
5991,1539,5,16
5992,1539,9,20
5993,1539,21,18
5994,1540,12,21
5995,1540,9,17
5996,1540,22,15
5997,1540,19,13
5998,1541,7,18
5999,1541,15,9
6000,1542,0,19
6001,1542,5,22
6002,1542,24,5
6003,1542,3,18
6004,1542,19,0
6005,1542,4,8
6006,1542,23,10
6007,1542,20,12
6008,1542,8,23
6009,1543,23,4
6010,1543,9,10
6011,1543,22,20
6012,1543,15,8
6013,1543,16,8
6014,1543,20,11
6015,1544,0,10
6016,1544,13,22
6017,1544,14,18
6018,1544,17,23
6019,1545,24,11
6020,1545,13,20
6021,1545,23,19
6022,1545,16,3
6023,1546,4,18
6024,1546,8,5
6025,1546,7,10
6026,1547,3,9
6027,1547,14,12
6028,1548,16,22
6029,1548,7,17
6030,1549,12,15
6031,1549,21,1
6032,1549,3,1
6033,1549,5,12
6034,1549,9,11
6035,1550,3,9
6036,1551,19,1
6037,1551,2,15
6038,1551,0,23
6039,1551,6,23
6040,1551,15,5
6041,1552,3,18
6042,1552,21,12
6043,1552,7,15
6044,1552,21,8
6045,1552,20,22
6046,1552,20,5
6047,1553,13,22
6048,1553,18,11
6049,1554,18,7
6050,1554,9,20
6051,1554,13,6
6052,1554,15,3
6053,1554,2,4
6054,1555,21,13
6055,1555,2,5
6056,1555,21,7
6057,1556,9,11
6058,1556,23,20
6059,1556,20,16
6060,1556,8,24
6061,1557,21,23
6062,1557,17,21
6063,1557,22,11
6064,1557,18,24
6065,1557,9,10
6066,1558,2,24
6067,1558,16,13
6068,1558,20,2
6069,1558,24,13
6070,1559,6,23
6071,1559,7,9
6072,1560,3,19
6073,1561,2,17
6074,1561,24,9
6075,1561,20,11
6076,1561,21,2
6077,1561,5,14
6078,1562,18,11
6079,1562,7,22
6080,1562,16,18
6081,1562,8,5
6082,1563,3,1
6083,1563,7,14
6084,1563,0,15
6085,1563,6,17
6086,1563,6,19
6087,1563,21,2
6088,1564,13,3
6089,1564,11,15
6090,1564,8,21
6091,1564,11,20
6092,1564,24,8
6093,1565,7,22
6094,1565,18,10
6095,1565,14,11
6096,1565,19,4
6097,1565,1,9
6098,1566,3,10
6099,1566,13,21
6100,1566,10,21
6101,1566,14,7
6102,1566,17,10
6103,1566,22,8
6104,1567,5,7
6105,1567,15,7
6106,1567,1,19
6107,1567,1,20
6108,1567,23,13
6109,1567,15,9
6110,1567,15,17
6111,1567,17,6
6112,1568,6,23
6113,1569,16,4
6114,1569,8,2
6115,1569,5,1
6116,1569,24,0
6117,1570,11,2
6118,1571,16,19
6119,1571,10,16
6120,1571,22,13
6121,1572,0,13
6122,1572,11,20
6123,1572,23,13
6124,1573,23,19
6125,1573,18,14
6126,1573,2,17
6127,1574,0,9
6128,1574,16,5
6129,1574,21,17
6130,1574,10,9
6131,1574,19,6
6132,1575,14,6
6133,1575,15,24
6134,1575,2,21
6135,1575,15,17
6136,1575,13,1
6137,1575,1,9
6138,1575,10,21
6139,1575,24,0
6140,1576,17,23
6141,1576,8,23
6142,1576,5,13
6143,1576,4,11
6144,1576,6,19
6145,1577,15,4
6146,1577,16,24
6147,1577,2,21
6148,1577,6,21
6149,1578,2,0
6150,1578,10,8
6151,1579,24,9
6152,1579,6,14
6153,1579,2,8
6154,1579,24,16
6155,1579,24,14
6156,1579,9,17
6157,1580,18,16
6158,1580,21,9
6159,1580,13,23
6160,1580,23,19
6161,1581,1,20
6162,1581,20,14
6163,1581,23,12
6164,1581,1,19
6165,1581,9,17
6166,1582,13,10
6167,1582,24,1
6168,1582,6,10
6169,1583,20,6
6170,1584,20,23
6171,1585,18,21
6172,1585,21,15
6173,1585,0,22
6174,1585,22,1
6175,1585,18,21
6176,1586,7,19
6177,1587,5,22
6178,1587,22,18
6179,1587,21,1
6180,1588,14,7
6181,1588,0,13
6182,1588,6,18
6183,1588,10,14
6184,1588,22,0
6185,1589,17,10
6186,1589,10,3
6187,1589,12,15
6188,1590,14,23
6189,1590,13,2
6190,1590,6,15
6191,1590,0,24
6192,1590,13,22
6193,1590,8,6
6194,1590,13,20
6195,1590,16,0
6196,1590,1,18
6197,1591,14,17
6198,1591,24,12
6199,1591,8,17
6200,1591,20,17
6201,1591,9,5
6202,1591,20,23
6203,1591,3,20
6204,1591,24,18
6205,1592,12,14
6206,1592,1,15
6207,1593,1,24
6208,1593,8,11
6209,1593,22,10
6210,1594,4,6
6211,1594,9,0
6212,1594,19,8
6213,1595,3,20
6214,1595,13,3
6215,1595,14,20
6216,1595,16,9
6217,1595,21,10
6218,1595,19,20
6219,1595,11,22
6220,1595,2,16
6221,1597,2,0
6222,1598,22,4
6223,1598,21,8
6224,1599,1,21
6225,1599,18,2
6226,1600,8,16
6227,1600,9,15
6228,1600,4,0
6229,1600,0,14
6230,1600,12,2
6231,1601,14,10
6232,1601,22,12
6233,1601,18,0
6234,1601,0,22
6235,1601,2,10
6236,1602,13,3
6237,1602,3,24
6238,1602,10,22
6239,1602,14,16
6240,1602,24,2
6241,1603,14,2
6242,1603,9,13
6243,1603,24,15
6244,1604,22,5
6245,1605,11,0
6246,1605,8,10
6247,1605,11,5
6248,1605,12,14
6249,1605,22,3
6250,1605,14,20
6251,1606,0,11
6252,1606,2,8
6253,1606,17,9
6254,1606,14,16
6255,1607,8,1
6256,1607,23,11
6257,1607,6,15
6258,1607,3,21
6259,1607,5,4
6260,1608,0,19
6261,1609,2,24
6262,1609,11,3
6263,1609,2,4
6264,1609,7,14
6265,1609,22,10
6266,1609,12,0
6267,1609,8,23
6268,1609,13,21
6269,1609,2,12
6270,1610,3,5
6271,1610,23,12
6272,1610,3,22
6273,1610,4,14
6274,1610,2,4
6275,1610,6,23
6276,1611,11,18
6277,1611,12,14
6278,1611,6,13
6279,1611,19,2
6280,1611,23,0
6281,1611,18,22
6282,1611,23,6
6283,1611,24,6
6284,1611,23,20
6285,1612,22,11
6286,1612,16,22
6287,1612,1,19
6288,1613,8,12
6289,1613,10,24
6290,1613,2,10
6291,1614,20,8
6292,1614,2,15
6293,1614,17,6
6294,1614,5,12
6295,1614,13,11
6296,1614,17,10
6297,1615,22,12
6298,1615,6,19
6299,1615,20,14
6300,1616,11,7
6301,1616,8,14
6302,1616,18,22
6303,1616,1,24
6304,1617,12,1
6305,1617,5,18
6306,1617,10,12
6307,1618,12,1
6308,1618,18,22
6309,1618,0,6
6310,1618,11,18
6311,1618,17,5
6312,1619,21,14
6313,1619,6,13
6314,1619,22,6
6315,1620,1,23
6316,1620,16,13
6317,1620,3,7
6318,1620,6,13
6319,1621,23,12
6320,1621,11,24
6321,1621,8,16
6322,1622,6,19
6323,1622,1,13
6324,1622,24,13
6325,1622,6,15
6326,1622,13,20
6327,1623,6,10
6328,1623,24,9
6329,1623,5,23
6330,1623,10,3
6331,1623,3,22
6332,1623,1,24
6333,1623,22,9
6334,1623,10,4
6335,1623,7,3
6336,1624,8,21
6337,1624,7,24
6338,1624,1,3
6339,1625,11,14
6340,1625,23,20
6341,1625,3,18
6342,1625,19,2
6343,1626,24,21
6344,1626,17,23
6345,1626,18,9
6346,1627,17,23
6347,1627,21,11
6348,1627,20,18
6349,1627,16,12
6350,1627,7,1
6351,1627,23,4
6352,1628,8,4
6353,1628,2,6
6354,1628,4,10
6355,1629,18,9
6356,1629,17,8
6357,1629,20,0
6358,1630,0,19
6359,1630,15,7
6360,1630,9,17
6361,1630,17,1
6362,1631,11,21
6363,1631,16,3
6364,1631,14,4
6365,1631,6,0
6366,1631,11,20
6367,1631,20,19
6368,1632,14,15
6369,1632,0,4
6370,1632,19,12
6371,1632,23,15
6372,1633,15,19
6373,1633,19,20
6374,1633,20,3
6375,1634,14,0
6376,1634,20,9
6377,1634,22,6
6378,1634,13,4
6379,1634,17,3
6380,1635,22,13
6381,1635,19,22
6382,1635,17,6
6383,1635,6,14
6384,1635,19,2
6385,1635,16,3
6386,1635,11,4
6387,1635,11,5
6388,1635,17,24
6389,1635,9,23
6390,1636,15,19
6391,1636,2,4
6392,1637,3,21
6393,1637,16,4
6394,1637,12,10
6395,1637,8,19
6396,1637,1,20
6397,1638,4,19
6398,1639,21,17
6399,1639,6,10
6400,1639,14,17
6401,1639,19,21
6402,1639,3,24
6403,1639,11,14
6404,1640,23,6
6405,1640,19,9
6406,1640,6,14
6407,1640,1,20
6408,1640,22,1
6409,1640,21,14
6410,1640,11,23
6411,1640,2,9
6412,1641,0,15
6413,1641,3,24
6414,1641,1,18
6415,1641,24,9
6416,1642,23,5
6417,1642,17,21
6418,1642,24,12
6419,1642,2,17
6420,1643,17,9
6421,1643,10,0
6422,1644,22,0
6423,1644,12,21
6424,1644,14,0
6425,1644,15,0
6426,1644,4,15
6427,1644,22,11
6428,1644,15,1
6429,1645,3,20
6430,1645,4,0
6431,1645,6,24
6432,1646,2,22
6433,1646,2,12
6434,1646,3,6
6435,1646,22,2
6436,1647,10,17
6437,1647,22,1
6438,1647,13,7
6439,1647,8,4
6440,1648,16,14
6441,1648,5,7
6442,1648,22,24
6443,1649,9,12
6444,1649,17,1
6445,1649,23,21
6446,1649,5,7
6447,1649,24,18
6448,1649,21,23
6449,1649,17,3
6450,1649,4,5
6451,1650,19,10
6452,1650,0,9
6453,1650,12,4
6454,1650,14,15
6455,1650,17,15
6456,1650,17,13
6457,1650,3,5
6458,1651,24,7
6459,1651,0,4
6460,1652,17,8
6461,1652,4,13
6462,1652,11,8
6463,1652,7,5
6464,1652,24,21
6465,1653,11,3
6466,1653,23,7
6467,1653,4,7
6468,1653,19,16
6469,1653,6,2
6470,1654,6,20
6471,1654,20,24
6472,1654,5,20
6473,1655,5,19
6474,1655,20,3
6475,1655,21,19
6476,1655,23,13
6477,1655,19,7
6478,1655,12,3
6479,1655,11,5
6480,1655,1,7
6481,1656,10,23
6482,1657,5,19
6483,1657,14,18
6484,1658,17,13
6485,1658,1,17
6486,1658,14,24
6487,1658,3,18
6488,1658,2,17
6489,1659,6,16
6490,1659,0,18
6491,1659,9,3
6492,1659,15,21
6493,1659,9,16
6494,1659,1,18
6495,1660,15,7
6496,1660,10,18
6497,1660,13,22
6498,1660,5,9
6499,1660,6,23
6500,1661,2,6
6501,1661,17,19
6502,1661,19,9
6503,1661,15,11
6504,1661,24,16
6505,1661,0,7
6506,1661,9,15
6507,1661,20,23
6508,1662,20,3
6509,1662,14,20
6510,1662,13,9
6511,1662,3,24
6512,1663,13,0
6513,1663,4,18
6514,1663,24,17
6515,1664,1,20
6516,1664,8,1
6517,1664,3,7
6518,1665,9,0
6519,1665,14,8
6520,1665,24,13
6521,1666,13,20
6522,1666,1,21
6523,1666,7,18
6524,1666,6,17
6525,1667,20,16
6526,1668,2,9
6527,1668,14,1
6528,1668,1,12
6529,1669,7,15
6530,1669,20,17
6531,1669,14,0
6532,1669,13,1
6533,1670,0,9
6534,1670,10,0
6535,1670,9,5
6536,1671,1,21
6537,1671,18,1
6538,1671,3,16
6539,1672,13,7
6540,1672,2,17
6541,1672,17,4
6542,1673,1,9
6543,1673,6,20
6544,1673,18,21
6545,1674,19,5
6546,1674,10,13
6547,1674,17,1
6548,1675,17,23
6549,1675,20,7
6550,1675,1,22
6551,1675,8,12
6552,1675,19,9
6553,1676,1,18
6554,1677,20,10
6555,1678,24,22
6556,1678,5,24
6557,1678,9,5
6558,1678,19,8
6559,1678,4,5
6560,1678,24,14
6561,1678,14,18
6562,1678,18,3
6563,1678,15,6
6564,1679,19,13
6565,1679,24,21
6566,1679,18,2
6567,1679,18,2
6568,1680,14,5
6569,1680,2,16
6570,1680,0,11
6571,1681,16,6
6572,1681,21,0
6573,1683,23,2
6574,1683,22,8
6575,1683,13,23
6576,1683,15,7
6577,1683,10,24
6578,1683,1,7
6579,1683,4,6
6580,1683,6,22
6581,1683,24,18
6582,1683,23,3
6583,1684,6,20
6584,1685,6,10
6585,1685,15,23
6586,1685,17,9
6587,1685,6,19
6588,1685,7,21
6589,1685,18,1
6590,1685,1,24
6591,1685,21,23
6592,1685,7,10
6593,1686,19,8
6594,1686,24,6
6595,1686,12,24
6596,1686,16,12
6597,1686,19,3
6598,1687,17,23
6599,1687,9,7
6600,1687,13,15
6601,1687,3,11
6602,1687,18,2
6603,1688,20,8
6604,1688,21,0
6605,1688,22,7
6606,1689,10,23
6607,1689,6,0
6608,1689,8,24
6609,1689,2,18
6610,1690,5,1
6611,1690,14,18
6612,1690,3,18
6613,1690,8,5
6614,1691,9,15
6615,1691,7,10
6616,1691,22,9
6617,1691,16,3
6618,1692,2,19
6619,1692,2,20
6620,1692,24,21
6621,1692,20,0
6622,1693,9,0
6623,1693,13,19
6624,1693,16,1
6625,1693,6,9
6626,1693,23,5
6627,1693,9,2
6628,1693,23,14
6629,1693,9,12
6630,1693,12,15
6631,1693,22,20
6632,1693,2,17
6633,1693,20,22
6634,1693,2,21
6635,1694,23,12
6636,1694,24,6
6637,1694,5,17
6638,1694,16,3
6639,1694,19,12
6640,1694,1,21
6641,1695,4,23
6642,1695,21,2
6643,1695,11,24
6644,1696,21,5
6645,1696,2,20
6646,1696,11,24
6647,1697,15,14
6648,1697,16,2
6649,1697,1,19
6650,1697,23,5
6651,1698,19,8
6652,1698,18,22
6653,1698,8,17
6654,1699,22,6
6655,1699,0,2
6656,1699,0,16
6657,1699,23,2
6658,1700,22,12
6659,1700,13,15
6660,1700,4,24
6661,1700,1,4
6662,1700,18,2
6663,1701,18,0
6664,1701,0,16
6665,1702,14,8
6666,1703,16,24
6667,1703,15,1
6668,1703,3,20
6669,1703,1,8
6670,1704,21,24
6671,1704,15,12
6672,1704,1,13
6673,1704,3,16
6674,1705,2,8
6675,1705,17,15
6676,1705,16,14
6677,1705,2,12
6678,1706,18,3
6679,1706,12,10
6680,1706,13,11
6681,1706,22,4
6682,1706,20,17
6683,1706,21,7
6684,1707,15,13
6685,1707,12,15
6686,1707,10,1
6687,1707,0,3
6688,1707,4,21
6689,1708,18,14
6690,1708,1,5
6691,1708,10,3
6692,1708,18,10
6693,1708,18,12
6694,1708,1,20
6695,1708,1,15
6696,1708,14,16
6697,1708,15,1
6698,1709,2,24
6699,1709,17,23
6700,1709,4,7
6701,1710,2,10
6702,1711,9,15
6703,1711,1,23
6704,1711,3,5
6705,1711,5,21
6706,1712,15,19
6707,1712,14,0
6708,1713,20,18
6709,1713,15,19
6710,1713,7,10
6711,1713,1,7
6712,1714,4,5
6713,1714,8,24
6714,1714,15,6
6715,1714,14,0
6716,1715,23,6
6717,1715,13,9
6718,1715,14,23
6719,1715,9,20
6720,1715,16,3
6721,1715,4,14
6722,1715,14,7
6723,1715,18,0
6724,1716,15,4
6725,1716,23,1
6726,1717,14,3
6727,1717,24,11
6728,1717,5,11
6729,1717,13,5
6730,1718,14,17
6731,1718,14,20
6732,1718,0,16
6733,1718,9,0
6734,1718,16,9
6735,1718,11,20
6736,1720,22,16
6737,1720,14,12
6738,1720,24,14
6739,1720,20,9
6740,1721,17,14
6741,1721,21,1
6742,1721,6,2
6743,1721,7,0
6744,1721,14,11
6745,1721,10,3
6746,1723,4,24
6747,1723,16,3
6748,1723,16,2
6749,1723,18,4
6750,1723,11,7
6751,1723,3,19
6752,1723,24,10
6753,1723,15,12
6754,1724,15,3
6755,1724,8,22
6756,1725,20,17
6757,1725,10,12
6758,1725,16,7
6759,1725,16,3
6760,1725,20,6
6761,1725,11,19
6762,1726,22,3
6763,1726,20,4
6764,1726,20,19
6765,1726,4,7
6766,1726,3,0
6767,1726,19,7
6768,1727,15,9
6769,1727,1,12
6770,1727,13,10
6771,1727,14,15
6772,1728,16,2
6773,1728,12,20
6774,1728,6,2
6775,1728,2,20
6776,1729,18,16
6777,1729,20,17
6778,1729,14,1
6779,1729,16,0
6780,1730,12,16
6781,1731,19,8
6782,1731,1,16
6783,1731,2,24
6784,1731,4,17
6785,1731,4,23
6786,1732,17,10
6787,1732,13,6
6788,1732,24,10
6789,1732,8,23
6790,1733,16,2
6791,1733,7,14
6792,1734,0,22
6793,1734,14,12
6794,1734,16,6
6795,1734,4,16
6796,1734,11,9
6797,1734,14,16
6798,1735,20,6
6799,1735,12,4
6800,1735,11,5
6801,1735,0,8
6802,1736,16,3
6803,1736,21,6
6804,1736,13,7
6805,1737,18,2
6806,1737,7,1
6807,1737,17,7
6808,1737,7,19
6809,1738,24,4
6810,1738,22,3
6811,1738,5,12
6812,1738,21,4
6813,1738,6,4
6814,1739,23,17
6815,1739,21,7
6816,1740,8,20
6817,1740,22,1
6818,1740,8,19
6819,1741,3,1
6820,1741,24,14
6821,1742,5,13
6822,1742,4,12
6823,1742,17,3
6824,1742,6,4
6825,1742,11,3
6826,1743,20,3
6827,1743,22,15
6828,1743,11,15
6829,1744,14,10
6830,1744,16,2
6831,1744,4,23
6832,1744,17,11
6833,1745,8,16
6834,1745,5,7
6835,1745,15,19
6836,1745,16,9
6837,1746,0,22
6838,1746,11,9
6839,1747,15,17
6840,1747,24,3
6841,1747,5,14
6842,1747,0,3
6843,1747,7,5
6844,1748,9,23
6845,1748,24,7
6846,1748,17,9
6847,1749,1,3
6848,1749,14,23
6849,1749,23,1
6850,1750,7,1
6851,1750,23,10
6852,1750,7,17
6853,1750,4,18
6854,1751,6,12
6855,1751,14,10
6856,1751,9,7
6857,1751,5,2
6858,1751,12,1
6859,1751,3,13
6860,1752,2,15
6861,1752,16,3
6862,1752,18,3
6863,1752,23,21
6864,1752,20,8
6865,1752,11,1
6866,1753,6,3
6867,1754,7,10
6868,1754,17,14
6869,1754,10,21
6870,1754,7,16
6871,1754,4,6
6872,1754,1,5
6873,1754,4,24
6874,1755,11,0
6875,1756,14,10
6876,1756,15,8
6877,1756,16,18
6878,1757,11,22
6879,1757,9,2
6880,1757,15,18
6881,1757,2,13
6882,1757,17,24
6883,1758,15,1
6884,1758,8,23
6885,1758,22,6
6886,1759,15,21
6887,1759,13,22
6888,1759,20,24
6889,1759,21,12
6890,1760,22,11
6891,1760,17,7
6892,1760,0,14
6893,1760,20,22
6894,1760,17,21
6895,1761,4,2
6896,1761,2,6
6897,1761,21,23
6898,1762,17,21
6899,1763,19,20
6900,1763,13,3
6901,1764,17,7
6902,1764,17,14
6903,1764,17,21
6904,1765,12,4
6905,1765,5,14
6906,1765,24,3
6907,1765,10,7
6908,1765,24,6
6909,1765,14,23
6910,1766,3,15
6911,1767,0,3
6912,1767,14,10
6913,1767,17,7
6914,1767,3,13
6915,1767,15,23
6916,1768,18,16
6917,1768,9,6
6918,1769,9,1
6919,1769,2,21
6920,1769,5,14
6921,1770,4,0
6922,1771,16,5
6923,1771,4,20
6924,1771,20,17
6925,1771,24,4
6926,1772,2,13
6927,1772,22,7
6928,1772,12,5
6929,1772,16,19
6930,1773,11,18
6931,1773,2,11
6932,1774,0,22
6933,1774,1,5
6934,1775,20,23
6935,1775,18,1
6936,1776,15,18
6937,1776,7,14
6938,1776,15,0
6939,1777,20,24
6940,1777,11,9
6941,1777,0,18
6942,1777,19,15
6943,1778,18,8
6944,1778,12,18
6945,1778,4,6
6946,1778,7,9
6947,1778,6,21
6948,1778,3,18
6949,1779,7,23
6950,1779,7,0
6951,1779,0,7
6952,1779,5,14
6953,1779,17,2
6954,1780,23,10
6955,1780,9,15
6956,1780,6,23
6957,1781,1,9
6958,1781,20,17
6959,1782,24,11
6960,1782,1,18
6961,1782,15,7
6962,1782,16,18
6963,1782,5,24
6964,1782,12,2
6965,1783,3,5
6966,1783,18,7
6967,1783,12,14
6968,1783,15,4
6969,1783,12,8
6970,1784,7,3
6971,1784,20,2
6972,1784,0,7
6973,1784,12,3
6974,1785,12,10
6975,1785,12,6
6976,1785,11,7
6977,1785,21,14
6978,1785,11,3
6979,1785,19,17
6980,1785,15,0
6981,1785,2,16
6982,1786,10,8
6983,1786,18,21
6984,1786,5,11
6985,1786,3,1
6986,1787,21,13
6987,1787,23,15
6988,1787,17,13
6989,1787,24,14
6990,1788,12,4
6991,1788,17,13
6992,1788,1,18
6993,1788,12,4
6994,1788,3,0
6995,1788,23,19
6996,1789,0,19
6997,1789,9,5
6998,1789,15,6
6999,1789,10,17
7000,1790,19,3
7001,1790,6,15
7002,1790,8,0
7003,1791,22,10
7004,1791,18,20
7005,1792,11,20
7006,1792,14,12
7007,1793,19,7
7008,1793,4,6
7009,1793,16,20
7010,1793,4,17
7011,1793,0,10
7012,1794,0,4
7013,1794,7,23
7014,1794,8,12
7015,1794,10,2
7016,1795,7,4
7017,1795,20,1
7018,1795,1,14
7019,1796,8,4
7020,1796,16,20
7021,1797,7,18
7022,1797,19,2
7023,1797,12,10
7024,1797,16,18
7025,1797,22,13
7026,1797,12,14
7027,1797,16,23
7028,1797,4,24
7029,1798,16,2
7030,1798,14,2
7031,1798,17,20
7032,1799,15,8
7033,1799,8,0
