veh_id,t_depart,origin,dest
0,0,18,24
1,0,19,0
2,0,5,4
3,0,18,9
4,1,18,16
5,1,12,5
6,2,9,17
7,2,1,9
8,2,2,13
9,2,20,24
10,3,16,7
11,3,23,14
12,3,12,9
13,3,4,22
14,4,10,0
15,4,2,17
16,4,21,8
17,4,24,10
18,5,7,14
19,5,11,19
20,6,9,17
21,6,4,1
22,6,21,9
23,6,10,17
24,6,5,22
25,6,23,8
26,6,20,17
27,6,4,23
28,7,16,1
29,7,16,2
30,7,14,23
31,7,9,24
32,7,7,0
33,8,5,23
34,8,18,21
35,8,14,18
36,8,11,17
37,9,17,14
38,9,21,11
39,10,17,24
40,11,5,8
41,11,20,5
42,12,8,21
43,12,7,16
44,12,13,11
45,13,15,4
46,13,17,23
47,13,8,18
48,14,12,20
49,14,2,10
50,14,20,10
51,14,23,11
52,14,13,3
53,15,17,3
54,15,0,23
55,15,9,23
56,15,16,22
57,15,19,2
58,16,5,8
59,16,23,10
60,16,1,16
61,16,10,16
62,16,19,17
63,16,10,14
64,17,14,5
65,17,10,2
66,18,16,24
67,18,1,9
68,18,20,17
69,18,14,10
70,18,16,0
71,18,16,19
72,18,4,6
73,18,20,6
74,19,2,13
75,19,0,22
76,19,11,22
77,19,21,4
78,19,1,11
79,19,7,21
80,19,4,2
81,19,18,24
82,19,0,21
83,20,1,19
84,20,23,11
85,20,12,3
86,20,12,10
87,20,15,3
88,21,5,12
89,21,12,5
90,21,7,16
91,22,9,0
92,22,1,21
93,22,7,15
94,22,24,22
95,23,4,8
96,23,3,0
97,23,1,4
98,23,8,22
99,23,23,8
100,24,11,0
101,24,2,11
102,24,20,7
103,24,9,21
104,24,14,24
105,25,16,23
106,25,20,0
107,25,10,12
108,26,7,9
109,27,0,10
110,28,13,21
111,29,16,23
112,29,22,5
113,30,18,16
114,30,18,22
115,31,6,2
116,31,15,6
117,31,23,19
118,31,22,3
119,31,1,5
120,32,3,18
121,32,24,2
122,33,19,7
123,33,2,6
124,33,23,20
125,34,6,19
126,34,7,24
127,36,2,10
128,36,15,6
129,36,21,17
130,36,20,23
131,37,22,3
132,37,14,5
133,37,6,0
134,37,20,24
135,37,17,10
136,38,17,8
137,38,3,5
138,38,5,16
139,39,9,3
140,39,20,2
141,39,1,8
142,40,21,17
143,40,13,19
144,40,12,9
145,41,16,8
146,42,5,15
147,42,8,16
148,42,10,16
149,42,20,13
150,42,17,13
151,43,9,20
152,43,6,20
153,44,17,3
154,44,9,6
155,44,13,3
156,44,4,15
157,44,17,19
158,45,24,6
159,45,7,18
160,45,22,7
161,45,16,3
162,46,8,2
163,46,7,5
164,46,5,22
165,46,9,20
166,46,17,1
167,46,3,10
168,46,21,1
169,46,10,9
170,47,22,18
171,47,24,16
172,47,18,1
173,47,14,21
174,47,17,13
175,47,11,15
176,48,1,20
177,48,18,20
178,48,18,14
179,48,6,24
180,49,23,4
181,49,7,15
182,49,19,6
183,50,12,18
184,50,1,10
185,50,16,20
186,50,3,6
187,50,4,22
188,51,14,22
189,51,13,24
190,51,7,10
191,52,10,7
192,52,9,1
193,52,4,17
194,52,3,22
195,52,23,16
196,53,4,0
197,53,20,11
198,54,9,0
199,54,1,10
200,55,3,24
201,55,24,12
202,55,20,18
203,55,12,21
204,55,6,18
205,55,19,8
206,56,1,23
207,56,9,10
208,56,18,12
209,57,20,22
210,57,2,18
211,57,11,8
212,58,14,11
213,58,2,18
214,58,15,7
215,58,7,1
216,58,9,2
217,59,11,24
218,59,17,3
219,59,18,11
220,59,24,7
221,60,18,24
222,60,20,7
223,60,7,13
224,60,0,20
225,60,15,0
226,61,13,0
227,62,21,2
228,63,3,19
229,63,1,17
230,63,13,4
231,64,7,21
232,64,23,14
233,65,9,11
234,65,8,24
235,65,18,24
236,65,4,24
237,65,9,11
238,66,15,17
239,66,24,22
240,67,3,24
241,67,5,22
242,67,20,24
243,67,2,5
244,68,0,19
245,68,12,19
246,68,19,11
247,68,23,17
248,68,13,21
249,68,13,10
250,68,16,9
251,68,9,0
252,69,4,18
253,69,4,18
254,69,0,21
255,70,20,17
256,70,23,6
257,70,21,9
258,70,20,1
259,71,10,21
260,71,5,18
261,71,0,13
262,71,12,18
263,71,11,19
264,71,0,15
265,72,17,21
266,73,2,24
267,73,4,5
268,73,5,9
269,73,18,21
270,73,21,5
271,74,6,2
272,74,23,16
273,74,12,20
274,74,9,17
275,75,13,6
276,75,23,6
277,75,14,8
278,75,21,7
279,75,16,3
280,75,2,4
281,76,16,3
282,76,3,24
283,76,2,9
284,77,4,18
285,77,21,7
286,78,11,1
287,78,2,18
288,78,18,24
289,79,18,6
290,79,18,5
291,79,22,14
292,79,2,24
293,79,15,9
294,79,16,0
295,79,11,14
296,79,5,24
297,80,22,11
298,80,24,15
299,80,2,13
300,80,5,14
301,80,17,14
302,81,4,2
303,82,1,18
304,82,10,2
305,82,2,19
306,82,18,9
307,82,23,9
308,83,13,3
309,83,16,13
310,83,1,9
311,83,4,20
312,83,18,21
313,83,15,9
314,84,20,0
315,84,7,1
316,84,5,24
317,84,16,18
318,85,22,10
319,85,17,24
320,85,1,12
321,85,5,2
322,85,0,4
323,85,0,6
324,85,15,8
325,85,20,0
326,85,24,15
327,86,18,15
328,86,2,0
329,86,23,19
330,86,1,17
331,86,20,5
332,86,16,10
333,87,14,22
334,87,21,2
335,87,4,13
336,87,9,24
337,88,22,10
338,88,4,11
339,88,11,24
340,89,5,24
341,89,21,0
342,89,6,19
343,89,22,8
344,89,5,2
345,89,24,5
346,89,11,3
347,89,15,8
348,89,7,1
349,90,1,24
350,90,24,5
351,90,21,3
352,90,4,0
353,90,17,0
354,91,16,9
355,91,12,10
356,91,12,15
357,92,24,11
358,92,20,13
359,92,19,4
360,92,24,18
361,92,8,20
362,93,1,9
363,93,11,21
364,93,3,15
365,93,9,1
366,94,8,10
367,94,11,24
368,94,0,16
369,94,20,23
370,94,4,13
371,94,9,10
372,94,21,14
373,95,9,17
374,95,21,1
375,95,8,15
376,95,4,7
377,96,17,0
378,96,15,5
379,96,3,14
380,96,22,20
381,96,17,20
382,96,13,22
383,96,23,3
384,96,21,0
385,97,19,0
386,97,0,22
387,97,5,17
388,97,11,2
389,97,12,23
390,97,17,11
391,97,15,2
392,98,8,24
393,99,6,24
394,100,3,20
395,100,4,11
396,100,11,3
397,100,11,8
398,101,3,14
399,101,2,11
400,101,7,17
401,101,3,1
402,102,1,10
403,102,9,2
404,102,19,3
405,102,3,22
406,102,3,16
407,102,15,0
408,102,8,17
409,103,17,21
410,103,13,2
411,103,8,19
412,103,22,16
413,104,1,10
414,104,18,14
415,105,9,0
416,105,11,22
417,105,9,16
418,105,11,2
419,105,11,8
420,105,7,21
421,105,19,15
422,105,20,4
423,106,6,13
424,106,4,23
425,107,2,16
426,107,3,15
427,107,5,4
428,107,3,11
429,108,12,24
430,109,3,1
431,109,21,1
432,109,17,24
433,110,6,23
434,110,20,16
435,110,22,2
436,110,12,14
437,110,6,17
438,110,0,2
439,111,0,3
440,111,13,1
441,111,5,16
442,111,5,4
443,112,19,7
444,112,7,23
445,112,2,24
446,113,0,2
447,113,11,15
448,113,19,22
449,114,0,4
450,114,15,23
451,114,1,8
452,114,4,19
453,114,11,13
454,114,24,22
455,115,15,17
456,115,0,7
457,115,10,0
458,115,17,1
459,115,14,15
460,115,9,11
461,116,11,4
462,116,15,22
463,116,7,22
464,116,13,19
465,116,23,5
466,117,6,20
467,117,6,4
468,117,10,7
469,117,11,22
470,117,17,11
471,117,23,3
472,117,5,18
473,118,11,9
474,118,20,5
475,118,14,20
476,118,8,12
477,119,10,13
478,119,22,10
479,119,4,7
480,119,19,17
481,119,22,2
482,119,0,24
483,120,4,20
484,120,14,8
485,120,15,9
486,121,5,24
487,121,5,18
488,121,8,0
489,121,22,15
490,122,11,24
491,122,18,22
492,122,7,15
493,122,16,6
494,123,4,24
495,123,14,17
496,123,4,2
497,123,8,21
498,123,10,21
499,123,7,14
500,124,19,13
501,124,11,1
502,125,3,1
503,126,16,10
504,126,4,5
505,126,23,19
506,126,14,8
507,126,17,8
508,126,14,20
509,127,13,16
510,127,24,15
511,129,3,12
512,129,9,0
513,129,23,3
514,129,10,19
515,129,21,23
516,130,10,20
517,130,8,5
518,130,23,1
519,130,17,6
520,130,2,15
521,130,5,4
522,130,11,20
523,130,20,24
524,130,11,5
525,131,10,21
526,131,5,21
527,131,6,14
528,131,20,18
529,132,22,16
530,132,22,9
531,132,8,17
532,132,20,4
533,132,8,18
534,133,7,1
535,134,14,1
536,134,10,24
537,134,22,0
538,134,18,14
539,135,13,4
540,135,10,20
541,135,0,11
542,135,18,15
543,135,14,0
544,135,7,21
545,136,14,11
546,136,9,15
547,136,7,9
548,136,23,12
549,137,2,16
550,137,3,14
551,137,5,14
552,138,15,11
553,138,23,20
554,138,4,8
555,138,24,4
556,138,24,9
557,139,1,13
558,139,11,24
559,139,3,9
560,140,23,21
561,140,23,6
562,140,11,13
563,140,17,2
564,141,23,13
565,141,12,14
566,141,12,4
567,141,15,19
568,141,11,1
569,142,11,15
570,142,24,6
571,142,0,13
572,142,3,15
573,142,14,1
574,142,19,23
575,143,11,4
576,143,12,20
577,144,21,19
578,144,1,17
579,145,22,13
580,145,3,15
581,145,1,5
582,145,17,8
583,145,12,14
584,145,10,21
585,146,0,17
586,146,21,17
587,146,9,2
588,146,21,4
589,146,12,1
590,146,9,15
591,147,6,20
592,147,10,24
593,147,13,0
594,148,2,19
595,148,11,22
596,148,13,7
597,148,7,0
598,149,3,14
599,149,24,22
600,149,18,14
601,149,21,2
602,150,10,13
603,150,11,23
604,150,15,2
605,150,20,19
606,150,17,19
607,151,17,24
608,151,9,17
609,152,20,5
610,152,15,11
611,152,10,16
612,153,14,16
613,153,5,20
614,153,24,10
615,154,23,15
616,154,22,6
617,154,12,23
618,154,12,10
619,154,16,8
620,155,10,1
621,155,8,23
622,156,12,1
623,157,6,9
624,157,2,19
625,158,12,20
626,158,15,14
627,158,9,18
628,158,7,1
629,158,16,6
630,159,10,6
631,159,10,21
632,159,3,0
633,159,20,19
634,159,1,21
635,159,15,13
636,159,7,19
637,159,17,24
638,159,8,5
639,160,3,5
640,161,0,10
641,161,14,8
642,161,13,7
643,162,19,11
644,162,24,5
645,162,3,21
646,163,2,11
647,163,16,10
648,163,24,21
649,163,16,0
650,163,20,16
651,163,0,16
652,163,16,23
653,163,22,0
654,164,3,5
655,164,20,7
656,164,19,0
657,164,6,12
658,164,21,8
659,165,2,16
660,165,2,23
661,165,9,16
662,165,14,24
663,165,16,23
664,166,18,6
665,166,23,7
666,167,16,2
667,168,5,18
668,168,16,12
669,168,10,23
670,169,9,10
671,169,1,15
672,169,15,6
673,170,13,3
674,170,22,4
675,170,21,9
676,170,19,12
677,170,2,23
678,170,18,20
679,171,15,9
680,171,17,15
681,171,9,12
682,172,20,18
683,172,12,4
684,172,8,16
685,172,11,9
686,172,10,7
687,172,24,12
688,172,7,21
689,172,9,15
690,173,17,14
691,173,8,16
692,173,1,21
693,174,15,18
694,174,1,23
695,174,7,21
696,175,5,19
697,176,21,11
698,176,20,2
699,176,10,6
700,177,9,13
701,177,15,23
702,177,7,13
703,178,11,7
704,178,18,16
705,178,7,11
706,178,20,14
707,179,19,21
708,179,21,7
709,179,22,15
710,179,11,24
711,180,8,20
712,181,16,4
713,181,23,5
714,181,9,2
715,181,13,0
716,181,5,16
717,181,23,6
718,181,4,11
719,182,20,9
720,182,17,24
721,183,9,10
722,183,18,4
723,183,7,11
724,183,11,0
725,184,10,6
726,184,7,21
727,184,9,23
728,184,11,7
729,185,17,3
730,185,6,21
731,185,0,18
732,185,1,14
733,186,8,14
734,187,9,1
735,187,24,11
736,187,21,12
737,187,19,17
738,187,24,7
739,187,12,15
740,188,13,5
741,188,14,2
742,189,5,9
743,189,16,1
744,190,11,21
745,190,24,22
746,190,17,8
747,190,15,17
748,191,1,10
749,191,24,17
750,191,15,9
751,191,12,4
752,191,10,24
753,191,5,1
754,191,24,15
755,192,2,22
756,192,15,22
757,192,12,21
758,192,11,1
759,192,21,3
760,193,2,10
761,193,19,7
762,193,24,4
763,193,12,1
764,193,1,8
765,193,12,19
766,193,9,21
767,194,13,7
768,194,16,6
769,194,24,1
770,194,6,12
771,194,24,18
772,194,17,21
773,195,21,14
774,196,23,4
775,196,5,11
776,196,11,4
777,196,6,19
778,196,5,13
779,196,2,11
780,196,6,8
781,196,1,18
782,197,8,20
783,197,21,2
784,197,20,1
785,198,22,4
786,198,8,18
787,198,18,24
788,199,8,2
789,199,14,15
790,199,14,7
791,199,5,23
792,200,11,23
793,200,12,24
794,200,24,15
795,201,11,8
796,202,8,11
797,202,3,10
798,202,1,14
799,202,12,3
800,203,11,0
801,203,21,2
802,203,1,11
803,203,18,12
804,204,19,17
805,204,9,23
806,204,15,14
807,204,24,2
808,204,4,12
809,205,2,24
810,205,10,8
811,205,15,9
812,205,15,8
813,205,1,16
814,205,2,16
815,205,4,22
816,205,2,9
817,206,20,14
818,206,9,12
819,207,14,1
820,207,12,3
821,207,6,8
822,207,7,0
823,207,13,11
824,208,16,9
825,208,10,18
826,208,18,5
827,208,24,5
828,208,13,3
829,208,16,19
830,209,4,10
831,209,20,8
832,209,3,7
833,209,22,9
834,209,10,4
835,210,15,14
836,210,23,17
837,210,5,3
838,210,21,15
839,210,1,5
840,210,24,14
841,211,23,1
842,211,1,14
843,211,6,12
844,212,16,10
845,212,21,7
846,212,21,4
847,212,17,21
848,212,18,7
849,213,7,17
850,213,21,4
851,214,4,24
852,214,18,22
853,214,5,21
854,214,1,3
855,214,7,18
856,214,2,23
857,214,12,2
858,214,11,24
859,215,12,24
860,216,1,7
861,216,21,12
862,216,22,11
863,216,10,21
864,216,0,3
865,217,22,3
866,217,7,1
867,218,0,18
868,218,17,7
869,218,10,4
870,219,22,5
871,219,1,12
872,219,12,21
873,221,19,23
874,221,6,23
875,221,0,22
876,221,9,20
877,221,9,16
878,221,18,16
879,222,0,2
880,222,8,5
881,222,8,20
882,222,18,8
883,223,4,19
884,223,8,15
885,223,10,21
886,223,18,21
887,223,13,5
888,223,24,12
889,223,24,12
890,224,5,19
891,224,24,15
892,224,8,19
893,224,22,6
894,224,2,14
895,225,5,15
896,225,19,10
897,225,15,24
898,225,8,21
899,225,14,3
900,226,24,7
901,226,19,16
902,226,4,23
903,227,4,0
904,227,2,12
905,227,3,16
906,228,2,5
907,228,19,3
908,228,5,8
909,229,8,2
910,229,12,0
911,229,22,11
912,229,0,11
913,229,16,22
914,230,0,16
915,230,7,13
916,230,20,12
917,230,19,3
918,230,14,6
919,230,23,21
920,231,15,19
921,231,4,5
922,231,24,2
923,231,0,16
924,232,0,8
925,232,19,11
926,232,1,22
927,232,15,9
928,233,0,13
929,233,11,23
930,233,20,11
931,234,17,6
932,234,6,12
933,234,9,0
934,234,6,0
935,234,7,4
936,234,23,5
937,235,13,15
938,235,9,16
939,236,14,3
940,236,7,20
941,236,22,7
942,236,11,19
943,236,1,18
944,236,13,0
945,237,8,12
946,237,4,11
947,238,0,20
948,238,22,1
949,238,20,19
950,238,6,19
951,239,17,1
952,239,1,20
953,239,12,10
954,239,14,4
955,239,9,22
956,240,3,10
957,240,1,10
958,241,7,10
959,241,6,2
960,241,0,6
961,241,6,23
962,241,14,21
963,242,9,12
964,242,4,17
965,243,3,21
966,243,8,10
967,243,7,4
968,243,10,21
969,243,3,22
970,244,16,9
971,244,0,21
972,244,11,15
973,244,4,18
974,245,5,20
975,245,7,1
976,245,24,5
977,245,16,22
978,245,9,3
979,246,21,11
980,246,23,2
981,246,4,2
982,246,16,24
983,247,9,18
984,247,2,9
985,247,13,10
986,247,10,18
987,247,7,19
988,248,17,21
989,249,8,4
990,249,20,3
991,249,0,8
992,249,3,14
993,249,19,3
994,249,5,18
995,250,3,6
996,250,9,23
997,250,1,14
998,251,4,5
999,251,15,11
1000,251,0,13
1001,252,24,18
1002,252,11,5
1003,252,11,3
1004,252,11,22
1005,253,10,1
1006,253,12,14
1007,254,21,12
1008,254,24,13
1009,255,16,12
1010,255,9,16
1011,255,16,2
1012,256,18,22
1013,256,11,14
1014,256,9,15
1015,256,20,9
1016,257,11,22
1017,258,10,19
1018,258,15,19
1019,259,5,20
1020,259,6,8
1021,259,22,6
1022,259,4,20
1023,259,21,8
1024,260,13,17
1025,260,19,22
1026,261,18,6
1027,261,15,3
1028,261,19,22
1029,261,1,4
1030,262,4,11
1031,263,13,20
1032,263,0,13
1033,263,8,24
1034,264,9,1
1035,264,4,16
1036,264,24,11
1037,264,24,9
1038,264,18,14
1039,265,11,23
1040,265,10,6
1041,265,1,11
1042,265,9,7
1043,266,8,22
1044,266,2,0
1045,266,24,15
1046,266,10,0
1047,266,14,6
1048,266,0,6
1049,266,20,17
1050,267,2,16
1051,267,5,2
1052,267,23,5
1053,268,12,9
1054,268,3,16
1055,268,3,0
1056,268,13,23
1057,268,6,14
1058,269,6,9
1059,269,20,6
1060,269,19,4
1061,270,21,13
1062,270,17,15
1063,270,13,15
1064,271,13,22
1065,271,22,11
1066,271,3,7
1067,271,22,2
1068,271,6,4
1069,272,4,8
1070,272,3,16
1071,272,3,7
1072,272,19,6
1073,272,15,8
1074,272,13,10
1075,273,7,0
1076,273,7,13
1077,274,17,13
1078,274,12,1
1079,274,13,0
1080,274,11,19
1081,275,23,17
1082,275,11,0
1083,275,6,4
1084,275,24,6
1085,275,8,19
1086,275,6,17
1087,276,9,24
1088,276,24,10
1089,277,14,3
1090,277,24,1
1091,277,18,8
1092,277,21,5
1093,278,22,19
1094,278,7,22
1095,278,14,23
1096,278,22,1
1097,278,20,19
1098,279,9,6
1099,279,19,21
1100,279,24,16
1101,280,14,0
1102,280,7,9
1103,280,13,0
1104,280,13,7
1105,280,8,10
1106,281,8,4
1107,281,9,17
1108,281,5,1
1109,281,17,10
1110,281,1,11
1111,281,12,18
1112,282,23,15
1113,282,8,5
1114,282,1,19
1115,282,14,2
1116,283,19,9
1117,283,1,17
1118,283,9,12
1119,283,17,14
1120,284,21,0
1121,284,17,0
1122,284,24,0
1123,285,10,14
1124,285,18,1
1125,285,1,8
1126,285,2,0
1127,285,2,23
1128,286,24,12
1129,286,17,14
1130,286,8,2
1131,286,23,11
1132,286,8,1
1133,286,7,11
1134,287,4,12
1135,287,17,15
1136,287,3,17
1137,288,7,3
1138,288,1,11
1139,288,23,14
1140,288,7,16
1141,289,15,22
1142,289,12,2
1143,289,4,11
1144,289,6,20
1145,290,13,4
1146,290,5,19
1147,290,2,22
1148,290,5,16
1149,290,23,13
1150,290,2,5
1151,290,19,4
1152,290,10,14
1153,291,13,10
1154,291,1,14
1155,291,1,9
1156,293,19,20
1157,293,17,23
1158,294,15,5
1159,295,19,17
1160,296,17,4
1161,296,23,17
1162,296,7,18
1163,296,8,18
1164,296,18,22
1165,297,16,5
1166,297,21,17
1167,297,11,20
1168,298,8,21
1169,298,10,0
1170,298,17,0
1171,299,10,20
1172,299,15,12
1173,299,8,19
1174,299,20,19
1175,299,5,2
1176,299,0,7
1177,300,17,13
1178,300,0,23
1179,300,0,19
1180,300,24,12
1181,301,21,18
1182,301,16,1
1183,301,20,23
1184,301,12,1
1185,301,10,1
1186,302,4,1
1187,302,20,17
1188,302,9,13
1189,302,6,4
1190,302,12,2
1191,302,18,3
1192,303,8,20
1193,303,10,20
1194,304,9,22
1195,305,6,10
1196,305,5,14
1197,305,6,16
1198,305,18,3
1199,305,6,17
1200,305,21,17
1201,306,18,4
1202,307,15,1
1203,307,23,5
1204,308,1,21
1205,308,4,13
1206,308,24,18
1207,308,7,16
1208,309,15,11
1209,309,3,14
1210,309,4,5
1211,309,13,5
1212,309,14,15
1213,310,11,13
1214,310,22,13
1215,310,6,8
1216,310,22,24
1217,311,13,24
1218,311,2,22
1219,311,23,17
1220,312,4,24
1221,312,10,2
1222,312,7,22
1223,312,7,4
1224,313,17,3
1225,314,6,23
1226,314,16,22
1227,314,16,12
1228,314,6,17
1229,314,6,13
1230,315,9,20
1231,315,1,24
1232,315,1,24
1233,316,4,0
1234,316,0,9
1235,316,11,7
1236,316,23,6
1237,317,22,3
1238,317,16,7
1239,317,20,17
1240,317,24,11
1241,317,22,13
1242,317,24,10
1243,317,20,4
1244,318,23,16
1245,318,15,1
1246,318,11,19
1247,319,24,8
1248,319,1,4
1249,319,13,20
1250,319,5,24
1251,319,2,8
1252,320,3,23
1253,320,6,17
1254,320,4,22
1255,321,24,15
1256,322,11,9
1257,322,4,20
1258,322,8,5
1259,323,15,19
1260,323,8,12
1261,324,15,7
1262,324,17,11
1263,324,18,16
1264,324,24,7
1265,324,20,14
1266,325,4,22
1267,325,11,14
1268,325,8,22
1269,326,3,11
1270,326,21,19
1271,327,18,7
1272,327,17,10
1273,327,18,3
1274,327,1,20
1275,327,13,24
1276,328,9,16
1277,328,2,15
1278,328,23,7
1279,329,2,12
1280,329,15,11
1281,329,9,2
1282,329,13,5
1283,329,16,9
1284,330,0,9
1285,330,9,1
1286,330,6,21
1287,330,16,4
1288,330,24,0
1289,330,5,21
1290,331,18,3
1291,331,6,8
1292,331,9,23
1293,332,14,20
1294,332,16,14
1295,332,18,6
1296,332,15,7
1297,332,22,8
1298,332,19,8
1299,333,7,17
1300,333,0,20
1301,333,9,11
1302,333,7,4
1303,333,6,22
1304,333,7,20
1305,333,2,8
1306,334,10,0
1307,334,24,17
1308,334,14,15
1309,334,15,18
1310,334,9,1
1311,335,22,9
1312,335,2,16
1313,336,23,10
1314,336,24,0
1315,336,2,19
1316,337,1,11
1317,337,0,4
1318,337,11,9
1319,337,3,13
1320,337,0,23
1321,338,4,12
1322,338,21,10
1323,338,19,4
1324,338,24,12
1325,338,16,12
1326,339,22,10
1327,339,10,3
1328,340,13,7
1329,340,23,7
1330,340,15,0
1331,340,17,2
1332,340,16,2
1333,341,10,9
1334,341,20,6
1335,341,23,1
1336,341,6,18
1337,341,23,16
1338,342,23,14
1339,342,3,15
1340,342,10,6
1341,343,24,6
1342,343,24,4
1343,343,5,17
1344,344,12,21
1345,344,24,6
1346,345,18,5
1347,345,3,24
1348,345,23,3
1349,347,2,15
1350,348,3,15
1351,348,1,12
1352,348,5,9
1353,348,7,9
1354,348,20,3
1355,349,11,21
1356,349,6,14
1357,349,21,7
1358,350,24,10
1359,350,1,10
1360,350,15,12
1361,351,15,13
1362,351,14,18
1363,351,1,11
1364,351,23,1
1365,351,3,11
1366,351,4,20
1367,352,12,21
1368,353,24,22
1369,353,22,6
1370,353,21,12
1371,353,6,12
1372,353,12,20
1373,354,8,15
1374,354,5,14
1375,354,16,3
1376,354,13,17
1377,355,24,5
1378,355,10,6
1379,355,1,20
1380,356,17,19
1381,356,4,24
1382,356,13,10
1383,356,0,23
1384,356,0,9
1385,357,5,15
1386,357,4,22
1387,357,12,0
1388,358,10,4
1389,358,19,17
1390,358,0,2
1391,359,8,22
1392,359,15,4
1393,359,5,16
1394,359,13,23
1395,360,6,16
1396,360,22,13
1397,360,6,8
1398,361,5,14
1399,361,2,16
1400,362,17,3
1401,362,20,23
1402,363,5,12
1403,363,18,16
1404,363,2,22
1405,364,17,8
1406,364,6,20
1407,364,10,3
1408,365,9,1
1409,365,6,24
1410,365,7,13
1411,365,2,23
1412,365,1,21
1413,366,13,22
1414,366,21,14
1415,366,22,20
1416,366,4,20
1417,367,13,6
1418,367,4,15
1419,367,16,13
1420,367,21,6
1421,367,23,0
1422,368,13,16
1423,368,23,6
1424,368,10,6
1425,369,24,18
1426,369,11,19
1427,369,5,16
1428,369,21,13
1429,369,6,22
1430,370,16,22
1431,370,18,0
1432,370,23,9
1433,370,1,10
1434,370,1,13
1435,370,2,14
1436,371,13,11
1437,371,15,22
1438,372,3,11
1439,372,11,24
1440,372,23,3
1441,372,16,24
1442,372,5,9
1443,372,11,14
1444,372,5,14
1445,373,6,3
1446,373,20,24
1447,373,20,13
1448,373,22,3
1449,373,15,17
1450,373,20,3
1451,374,22,12
1452,374,23,3
1453,374,16,5
1454,374,9,21
1455,375,2,15
1456,375,21,10
1457,375,6,2
1458,376,11,0
1459,376,22,7
1460,376,6,8
1461,376,16,4
1462,377,2,8
1463,377,10,6
1464,378,23,20
1465,378,8,14
1466,378,6,4
1467,378,21,24
1468,379,16,2
1469,379,16,1
1470,379,7,0
1471,379,2,6
1472,380,20,7
1473,380,15,0
1474,380,13,10
1475,380,1,5
1476,380,9,13
1477,380,11,9
1478,380,8,2
1479,381,10,24
1480,381,3,10
1481,382,19,1
1482,382,2,15
1483,382,7,9
1484,383,17,8
1485,383,7,14
1486,383,10,24
1487,383,0,6
1488,384,14,3
1489,384,17,7
1490,384,15,17
1491,384,1,9
1492,385,0,6
1493,385,18,4
1494,385,5,18
1495,386,24,16
1496,386,20,12
1497,386,23,0
1498,386,6,23
1499,387,20,13
1500,387,8,23
1501,387,6,15
1502,388,14,6
1503,388,15,9
1504,388,16,2
1505,388,2,22
1506,388,17,3
1507,388,11,2
1508,389,11,7
1509,389,6,8
1510,389,10,18
1511,389,19,11
1512,390,1,13
1513,390,5,15
1514,391,21,23
1515,391,20,7
1516,391,12,10
1517,391,15,3
1518,391,18,15
1519,391,7,16
1520,391,6,15
1521,391,1,3
1522,391,19,13
1523,392,14,18
1524,392,5,7
1525,392,0,4
1526,393,7,24
1527,393,4,21
1528,393,22,19
1529,393,2,18
1530,393,23,15
1531,394,14,1
1532,394,5,14
1533,394,22,11
1534,394,1,22
1535,395,23,17
1536,395,10,9
1537,395,20,11
1538,395,16,20
1539,395,0,9
1540,396,12,24
1541,396,15,23
1542,397,3,12
1543,398,17,8
1544,398,6,10
1545,399,22,24
1546,399,1,3
1547,399,23,17
1548,400,0,13
1549,400,8,10
1550,400,16,23
1551,400,19,5
1552,400,1,8
1553,401,5,11
1554,401,15,0
1555,402,17,13
1556,402,10,17
1557,402,13,7
1558,402,12,4
1559,402,21,11
1560,403,22,5
1561,403,5,16
1562,403,20,13
1563,403,18,10
1564,404,0,12
1565,404,1,4
1566,404,10,20
1567,405,2,6
1568,405,7,23
1569,406,17,3
1570,406,18,7
1571,407,9,2
1572,407,24,16
1573,407,20,14
1574,407,7,13
1575,407,15,17
1576,408,2,10
1577,408,10,20
1578,408,24,3
1579,408,22,0
1580,408,7,15
1581,409,0,15
1582,409,2,16
1583,409,18,0
1584,409,4,14
1585,410,4,18
1586,410,16,24
1587,410,19,16
1588,411,23,5
1589,411,2,4
1590,411,21,2
1591,412,1,12
1592,413,18,20
1593,413,17,2
1594,413,11,14
1595,413,13,5
1596,413,7,3
1597,414,0,23
1598,414,2,13
1599,414,18,15
1600,415,21,23
1601,415,18,9
1602,415,9,13
1603,416,22,0
1604,417,2,22
1605,417,14,5
1606,417,4,19
1607,418,16,20
1608,418,13,3
1609,418,19,12
1610,418,3,0
1611,418,19,23
1612,418,2,23
1613,418,23,10
1614,419,0,9
1615,419,1,10
1616,419,8,1
1617,419,24,13
1618,419,15,6
1619,420,13,11
1620,420,20,9
1621,420,21,7
1622,421,23,13
1623,421,4,7
1624,421,6,0
1625,421,8,17
1626,421,5,11
1627,422,19,15
1628,422,20,7
1629,422,2,21
1630,423,15,9
1631,423,22,19
1632,423,10,18
1633,423,5,20
1634,423,10,20
1635,424,4,2
1636,424,13,4
1637,424,17,8
1638,424,15,2
1639,424,15,9
1640,424,5,22
1641,425,1,5
1642,425,13,5
1643,425,14,4
1644,425,15,22
1645,425,9,21
1646,425,6,21
1647,425,9,20
1648,425,15,21
1649,425,5,11
1650,426,10,22
1651,426,2,17
1652,426,18,15
1653,426,9,0
1654,427,10,4
1655,427,5,23
1656,427,17,4
1657,427,24,11
1658,427,2,22
1659,427,23,4
1660,427,3,15
1661,427,20,24
1662,427,9,20
1663,427,14,16
1664,428,1,9
1665,428,6,4
1666,428,11,8
1667,428,14,15
1668,428,16,20
1669,429,9,10
1670,429,1,4
1671,429,9,17
1672,430,15,1
1673,430,11,15
1674,430,2,23
1675,430,3,20
1676,431,5,2
1677,431,24,11
1678,431,4,12
1679,431,0,13
1680,431,23,8
1681,432,2,19
1682,432,17,19
1683,432,12,18
1684,432,16,0
1685,432,13,10
1686,432,5,1
1687,433,5,21
1688,433,5,12
1689,433,5,2
1690,433,8,6
1691,433,0,4
1692,433,17,19
1693,433,8,16
1694,433,5,21
1695,434,23,15
1696,434,11,2
1697,434,7,15
1698,434,8,17
1699,435,8,20
1700,435,23,12
1701,435,20,6
1702,436,14,12
1703,436,22,11
1704,436,2,18
1705,436,6,12
1706,438,22,1
1707,438,10,21
1708,438,24,21
1709,438,14,5
1710,438,12,14
1711,439,10,20
1712,439,4,18
1713,439,9,1
1714,439,20,22
1715,440,22,24
1716,441,4,13
1717,441,6,20
1718,441,20,1
1719,441,22,12
1720,442,10,6
1721,443,23,2
1722,443,21,11
1723,443,7,13
1724,443,14,17
1725,443,9,6
1726,444,11,20
1727,444,14,0
1728,444,20,7
1729,444,15,5
1730,445,2,5
1731,445,7,24
1732,445,9,17
1733,445,12,20
1734,445,20,18
1735,445,1,20
1736,446,20,17
1737,446,18,14
1738,446,2,16
1739,446,1,19
1740,446,13,6
1741,447,7,11
1742,447,14,2
1743,447,23,3
1744,448,1,3
1745,448,17,3
1746,448,0,3
1747,448,3,19
1748,448,21,2
1749,448,12,1
1750,448,4,18
1751,449,5,9
1752,449,16,0
1753,450,23,12
1754,450,18,16
1755,451,0,7
1756,451,12,9
1757,451,19,3
1758,451,21,6
1759,451,20,0
1760,451,20,5
1761,452,4,5
1762,452,11,9
1763,452,11,23
1764,452,12,24
1765,452,6,24
1766,453,19,6
1767,453,9,16
1768,453,12,10
1769,453,0,4
1770,453,18,6
1771,454,21,1
1772,454,3,12
1773,454,4,11
1774,454,6,4
1775,454,18,5
1776,455,0,10
1777,455,23,13
1778,455,0,21
1779,455,1,13
1780,455,12,1
1781,455,10,23
1782,456,15,12
1783,456,9,5
1784,456,12,23
1785,456,16,13
1786,457,10,1
1787,457,8,4
1788,457,20,14
1789,457,3,16
1790,457,0,13
1791,457,21,2
1792,457,13,0
1793,457,3,17
1794,458,22,0
1795,458,20,1
1796,458,6,12
1797,458,24,21
1798,458,23,5
1799,458,22,18
1800,458,19,5
1801,458,7,19
1802,459,15,5
1803,460,8,14
1804,460,20,7
1805,461,23,0
1806,461,11,18
1807,461,2,18
1808,462,20,10
1809,462,6,2
1810,462,6,0
1811,462,11,2
1812,462,2,0
1813,462,24,8
1814,462,7,19
1815,463,24,13
1816,463,5,15
1817,463,13,22
1818,463,19,21
1819,463,17,24
1820,463,1,3
1821,464,0,18
1822,464,20,0
1823,464,5,11
1824,464,24,13
1825,465,21,10
1826,465,18,0
1827,466,3,18
1828,467,20,0
1829,467,16,12
1830,467,15,6
1831,467,14,18
1832,467,19,21
1833,468,11,17
1834,468,16,20
1835,468,4,23
1836,469,13,4
1837,469,22,12
1838,469,5,21
1839,469,7,14
1840,469,18,16
1841,469,19,5
1842,470,12,14
1843,470,1,16
1844,470,3,11
1845,470,8,23
1846,470,9,1
1847,470,23,11
1848,471,24,4
1849,471,24,4
1850,471,19,1
1851,471,14,3
1852,471,21,9
1853,472,1,23
1854,472,6,17
1855,472,12,18
1856,473,22,13
1857,473,7,16
1858,474,5,23
1859,475,23,19
1860,475,0,6
1861,475,14,5
1862,476,0,11
1863,476,9,21
1864,476,12,0
1865,477,14,6
1866,477,2,13
1867,478,22,2
1868,479,4,20
1869,479,3,18
1870,480,4,2
1871,480,2,21
1872,480,11,19
1873,481,24,10
1874,481,10,2
1875,481,10,3
1876,481,7,18
1877,481,24,6
1878,481,18,10
1879,482,8,20
1880,482,9,1
1881,482,16,14
1882,482,10,16
1883,482,14,8
1884,482,23,13
1885,483,20,18
1886,483,15,9
1887,483,4,1
1888,483,14,5
1889,484,11,4
1890,484,3,24
1891,484,19,2
1892,484,5,11
1893,485,2,8
1894,485,6,13
1895,485,3,21
1896,486,5,22
1897,486,3,18
1898,486,24,4
1899,487,17,10
1900,487,3,19
1901,487,3,6
1902,487,6,12
1903,487,19,8
1904,487,5,1
1905,488,1,10
1906,488,19,4
1907,488,24,15
1908,488,4,11
1909,489,0,23
1910,489,6,16
1911,489,11,7
1912,491,21,3
1913,491,20,22
1914,491,20,9
1915,491,7,9
1916,491,19,11
1917,492,24,21
1918,493,1,14
1919,493,2,0
1920,493,4,11
1921,493,7,17
1922,493,16,7
1923,493,0,14
1924,493,12,20
1925,493,13,2
1926,493,22,13
1927,494,14,16
1928,494,18,22
1929,494,16,12
1930,494,4,12
1931,494,2,10
1932,494,16,14
1933,495,24,2
1934,495,23,8
1935,495,21,6
1936,496,1,17
1937,496,22,0
1938,497,13,23
1939,497,23,0
1940,497,6,14
1941,498,17,0
1942,498,23,19
1943,498,12,20
1944,499,21,1
1945,499,3,19
1946,500,22,18
1947,500,1,20
1948,500,17,4
1949,500,3,17
1950,500,9,3
1951,501,11,3
1952,501,9,15
1953,501,8,15
1954,501,0,3
1955,501,16,20
1956,502,18,0
1957,502,5,2
1958,502,19,3
1959,502,9,18
1960,503,18,11
1961,503,6,24
1962,503,14,5
1963,504,24,12
1964,504,21,13
1965,504,23,0
1966,505,13,0
1967,505,22,16
1968,505,24,10
1969,506,24,8
1970,507,18,8
1971,507,7,19
1972,507,13,17
1973,508,14,21
1974,509,0,10
1975,509,22,15
1976,509,11,3
1977,510,12,15
1978,510,4,11
1979,510,8,23
1980,510,4,13
1981,511,1,8
1982,511,12,23
1983,511,14,17
1984,511,2,16
1985,512,11,5
1986,513,6,14
1987,513,12,0
1988,513,18,0
1989,513,20,10
1990,513,4,23
1991,514,19,22
1992,514,24,21
1993,514,22,13
1994,514,5,7
1995,515,20,8
1996,515,6,9
1997,515,22,2
1998,515,15,22
1999,515,0,6
2000,515,0,15
2001,515,9,22
2002,516,7,23
2003,516,5,13
2004,516,12,2
2005,517,5,17
2006,517,18,6
2007,518,24,2
2008,518,20,24
2009,519,7,4
2010,519,12,5
2011,519,8,15
2012,519,13,4
2013,519,14,15
2014,519,7,10
2015,519,24,2
2016,519,0,10
2017,519,0,11
2018,519,8,10
2019,520,7,0
2020,520,6,0
2021,520,18,7
2022,520,6,12
2023,520,6,15
2024,520,6,23
2025,521,20,23
2026,521,18,9
2027,521,8,1
2028,521,12,19
2029,521,12,1
2030,521,10,19
2031,521,16,20
2032,521,19,0
2033,521,3,14
2034,522,13,5
2035,522,4,5
2036,522,14,23
2037,523,15,18
2038,523,5,18
2039,523,0,9
2040,523,22,15
2041,523,21,23
2042,523,22,19
2043,523,16,10
2044,523,19,20
2045,523,16,1
2046,523,1,12
2047,523,10,13
2048,523,14,21
2049,523,0,8
2050,524,19,10
2051,525,22,2
2052,525,21,2
2053,525,21,24
2054,525,17,24
2055,526,20,10
2056,526,17,20
2057,526,23,3
2058,526,5,1
2059,527,23,5
2060,527,4,15
2061,527,6,8
2062,527,22,14
2063,527,17,8
2064,528,4,17
2065,528,21,24
2066,528,9,17
2067,530,13,21
2068,530,3,24
2069,530,20,14
2070,531,10,14
2071,531,16,22
2072,531,22,10
2073,531,24,0
2074,532,11,9
2075,532,6,22
2076,532,11,20
2077,532,21,13
2078,532,7,24
2079,532,15,14
2080,532,9,2
2081,532,0,24
2082,533,1,3
2083,533,24,12
2084,533,17,2
2085,533,11,7
2086,533,8,6
2087,533,6,20
2088,533,9,23
2089,534,6,22
2090,535,12,18
2091,535,17,2
2092,536,4,13
2093,536,2,0
2094,537,9,15
2095,537,4,22
2096,537,13,3
2097,538,3,1
2098,538,3,9
2099,538,6,20
2100,538,20,4
2101,538,24,18
2102,538,10,12
2103,538,19,20
2104,538,15,12
2105,539,16,22
2106,539,15,17
2107,540,20,13
2108,540,18,12
2109,540,16,7
2110,540,4,19
2111,540,3,18
2112,540,9,22
2113,541,24,18
2114,541,4,15
2115,542,15,6
2116,542,22,5
2117,542,17,5
2118,542,17,4
2119,543,2,19
2120,543,23,7
2121,543,4,18
2122,544,8,24
2123,544,21,8
2124,544,23,4
2125,545,1,22
2126,545,6,4
2127,545,6,8
2128,546,22,4
2129,546,11,21
2130,546,14,8
2131,546,0,9
2132,546,2,20
2133,546,17,0
2134,547,10,7
2135,547,10,0
2136,547,17,2
2137,547,19,8
2138,547,13,21
2139,547,8,24
2140,548,21,9
2141,548,12,19
2142,549,21,14
2143,549,19,10
2144,549,13,17
2145,549,3,13
2146,549,21,5
2147,549,15,11
2148,550,1,8
2149,550,1,4
2150,551,17,3
2151,551,20,17
2152,551,0,8
2153,551,18,20
2154,551,4,0
2155,551,13,0
2156,551,22,4
2157,551,3,9
2158,552,2,6
2159,552,18,4
2160,552,0,16
2161,552,3,21
2162,553,16,7
2163,553,17,4
2164,553,10,4
2165,554,0,22
2166,555,9,19
2167,555,22,10
2168,555,11,20
2169,556,24,22
2170,556,6,9
2171,556,12,1
2172,557,21,3
2173,557,0,11
2174,557,11,4
2175,558,6,0
2176,558,10,23
2177,558,13,17
2178,558,7,21
2179,558,16,18
2180,558,14,17
2181,558,18,1
2182,558,0,15
2183,558,22,19
2184,558,20,8
2185,559,7,5
2186,559,18,24
2187,559,0,24
2188,560,8,14
2189,560,7,19
2190,561,10,19
2191,561,13,16
2192,561,7,11
2193,561,24,15
2194,561,8,17
2195,561,16,7
2196,562,14,22
2197,563,21,23
2198,563,15,11
2199,563,22,10
2200,563,4,22
2201,564,10,17
2202,564,18,12
2203,565,5,8
2204,565,18,9
2205,565,2,4
2206,565,6,2
2207,565,3,11
2208,566,1,18
2209,566,15,5
2210,566,22,0
2211,567,10,23
2212,567,9,7
2213,568,2,6
2214,568,20,4
2215,568,10,4
2216,569,7,13
2217,569,22,0
2218,569,20,10
2219,570,20,18
2220,570,12,14
2221,570,4,21
2222,570,7,22
2223,570,13,19
2224,571,4,15
2225,571,3,18
2226,572,3,5
2227,573,19,17
2228,573,4,20
2229,573,20,2
2230,574,0,3
2231,574,14,8
2232,574,16,2
2233,574,17,9
2234,575,3,22
2235,575,22,11
2236,575,14,11
2237,575,9,5
2238,575,4,23
2239,576,19,3
2240,576,24,2
2241,576,11,23
2242,577,0,16
2243,577,23,7
2244,577,23,11
2245,577,16,3
2246,577,21,19
2247,577,5,23
2248,578,5,12
2249,578,23,14
2250,578,5,9
2251,578,18,8
2252,578,10,21
2253,579,9,6
2254,580,0,6
2255,580,3,14
2256,580,15,2
2257,581,11,23
2258,581,16,23
2259,581,1,22
2260,582,5,11
2261,582,20,13
2262,583,10,1
2263,583,0,24
2264,583,9,1
2265,583,23,11
2266,583,8,10
2267,584,21,23
2268,584,21,24
2269,584,23,14
2270,584,15,24
2271,584,17,7
2272,584,2,22
2273,585,12,19
2274,585,4,1
2275,585,12,21
2276,585,21,2
2277,586,24,11
2278,587,15,22
2279,587,13,22
2280,587,13,19
2281,588,23,8
2282,588,14,21
2283,588,3,12
2284,588,5,18
2285,589,14,11
2286,589,6,17
2287,589,21,12
2288,589,11,8
2289,589,16,4
2290,589,0,17
2291,589,20,13
2292,590,18,6
2293,590,21,6
2294,590,1,5
2295,590,7,0
2296,590,6,14
2297,590,17,13
2298,591,14,20
2299,591,22,9
2300,591,12,5
2301,592,14,21
2302,592,14,4
2303,593,1,13
2304,593,23,2
2305,593,17,10
2306,594,17,11
2307,594,14,16
2308,595,19,6
2309,595,8,18
2310,595,15,3
2311,595,5,4
2312,595,2,20
2313,596,23,16
2314,596,24,2
2315,596,9,19
2316,597,22,9
2317,597,14,3
2318,597,15,11
2319,598,10,14
2320,598,13,4
2321,598,6,9
2322,598,12,24
2323,598,19,16
2324,598,9,10
2325,598,4,17
2326,598,14,7
2327,599,4,18
2328,600,21,9
2329,600,14,0
2330,600,0,6
2331,600,4,14
2332,601,23,11
2333,601,8,10
2334,601,4,2
2335,601,19,10
2336,601,1,15
2337,601,0,23
2338,602,2,22
2339,602,20,10
2340,602,12,2
2341,602,23,6
2342,603,20,9
2343,603,20,9
2344,603,16,12
2345,603,16,14
2346,603,19,22
2347,604,23,11
2348,604,4,11
2349,604,11,4
2350,604,19,4
2351,604,14,2
2352,605,18,5
2353,605,15,19
2354,605,7,4
2355,605,24,5
2356,607,6,21
2357,607,18,10
2358,607,2,18
2359,607,0,13
2360,607,9,7
2361,607,2,0
2362,608,15,19
2363,608,22,11
2364,608,18,14
2365,608,0,19
2366,609,8,22
2367,609,11,5
2368,609,18,22
2369,609,0,15
2370,609,17,21
2371,610,5,8
2372,610,14,21
2373,610,5,8
2374,610,16,8
2375,611,0,10
2376,611,2,8
2377,611,17,6
2378,611,0,2
2379,612,13,17
2380,612,15,6
2381,613,5,19
2382,613,6,4
2383,613,15,8
2384,613,24,1
2385,613,8,16
2386,614,13,22
2387,614,13,9
2388,614,11,18
2389,614,12,2
2390,615,0,4
2391,615,11,19
2392,615,19,6
2393,616,21,24
2394,616,6,8
2395,616,24,5
2396,616,10,4
2397,617,2,20
2398,617,18,7
2399,617,20,2
2400,618,4,17
2401,618,10,13
2402,618,5,11
2403,619,6,24
2404,619,2,24
2405,619,9,15
2406,619,8,24
2407,619,0,11
2408,620,13,15
2409,620,21,3
2410,620,16,23
2411,620,0,18
2412,621,18,21
2413,621,22,18
2414,622,4,5
2415,622,22,2
2416,623,6,4
2417,624,22,12
2418,624,17,9
2419,624,8,22
2420,625,15,21
2421,625,3,17
2422,625,22,3
2423,626,3,21
2424,626,18,24
2425,626,4,14
2426,626,2,21
2427,626,16,14
2428,627,5,12
2429,627,17,6
2430,628,2,0
2431,628,16,20
2432,628,16,19
2433,629,21,12
2434,629,18,7
2435,629,9,2
2436,629,20,7
2437,630,4,1
2438,630,1,18
2439,630,4,17
2440,630,9,1
2441,630,22,16
2442,630,7,3
2443,631,11,17
2444,631,24,6
2445,631,14,15
2446,631,15,4
2447,631,20,14
2448,631,18,2
2449,631,0,15
2450,632,19,2
2451,632,9,21
2452,632,16,3
2453,633,21,7
2454,633,2,23
2455,634,6,4
2456,634,17,20
2457,634,1,23
2458,634,2,11
2459,634,20,19
2460,634,24,1
2461,635,11,13
2462,635,2,0
2463,635,9,15
2464,635,9,19
2465,636,14,4
2466,636,22,13
2467,636,20,6
2468,636,13,6
2469,636,14,7
2470,637,24,18
2471,637,23,15
2472,637,18,11
2473,638,16,7
2474,638,17,15
2475,638,12,9
2476,638,3,16
2477,638,19,0
2478,638,11,13
2479,638,24,2
2480,639,12,16
2481,639,2,19
2482,640,16,12
2483,640,7,1
2484,640,3,14
2485,640,11,9
2486,640,21,15
2487,641,11,24
2488,641,19,23
2489,641,18,2
2490,641,7,15
2491,641,4,12
2492,642,0,2
2493,642,16,4
2494,642,22,3
2495,644,24,12
2496,644,20,1
2497,644,23,17
2498,645,17,0
2499,645,0,21
2500,645,16,7
2501,647,3,24
2502,648,18,20
2503,648,18,24
2504,648,22,4
2505,648,12,4
2506,649,10,7
2507,649,14,2
2508,649,3,22
2509,649,20,23
2510,650,20,11
2511,650,11,8
2512,651,23,19
2513,651,21,6
2514,652,18,7
2515,652,22,4
2516,652,21,23
2517,652,10,12
2518,652,21,24
2519,652,16,8
2520,653,11,24
2521,653,21,8
2522,653,17,6
2523,653,21,9
2524,654,11,21
2525,654,0,10
2526,654,8,22
2527,655,6,14
2528,655,5,22
2529,655,9,19
2530,655,9,23
2531,656,1,19
2532,656,10,2
2533,656,7,14
2534,656,22,24
2535,657,23,7
2536,657,11,8
2537,658,11,0
2538,658,8,11
2539,658,13,17
2540,658,19,10
2541,658,22,1
2542,658,5,2
2543,658,18,7
2544,658,10,4
2545,658,3,19
2546,658,11,1
2547,659,15,21
2548,659,17,8
2549,659,12,14
2550,659,10,20
2551,659,12,8
2552,660,11,15
2553,660,24,18
2554,660,5,13
2555,661,2,17
2556,661,14,17
2557,661,13,6
2558,661,13,20
2559,661,16,12
2560,662,13,7
2561,662,19,7
2562,663,7,9
2563,663,13,5
2564,663,6,0
2565,663,18,7
2566,663,13,24
2567,664,22,9
2568,664,18,22
2569,664,8,6
2570,664,4,10
2571,665,12,21
2572,665,4,17
2573,665,1,8
2574,665,7,24
2575,665,20,19
2576,665,19,7
2577,665,6,9
2578,665,23,11
2579,665,16,5
2580,665,1,10
2581,666,20,17
2582,666,19,2
2583,666,5,21
2584,667,17,5
2585,667,6,23
2586,667,1,18
2587,667,5,21
2588,667,23,7
2589,667,7,0
2590,668,8,16
2591,669,16,6
2592,670,17,0
2593,670,14,17
2594,670,22,15
2595,671,0,2
2596,672,20,13
2597,672,3,16
2598,672,9,6
2599,672,7,20
2600,673,14,4
2601,673,7,5
2602,673,24,12
2603,673,13,0
2604,673,24,15
2605,673,16,1
2606,675,16,24
2607,676,19,15
2608,676,4,10
2609,677,0,22
2610,677,6,0
2611,677,17,8
2612,677,10,4
2613,677,8,18
2614,677,22,4
2615,678,16,8
2616,678,15,21
2617,678,20,17
2618,678,11,8
2619,679,23,9
2620,679,21,11
2621,679,10,1
2622,679,9,16
2623,680,10,23
2624,680,21,17
2625,680,6,17
2626,681,20,7
2627,681,6,17
2628,681,5,1
2629,681,22,12
2630,681,20,16
2631,681,3,21
2632,682,14,8
2633,682,1,5
2634,682,10,19
2635,683,15,18
2636,683,7,18
2637,683,20,12
2638,683,4,13
2639,683,11,13
2640,684,17,9
2641,684,8,10
2642,685,5,3
2643,685,11,15
2644,685,4,10
2645,686,1,9
2646,686,17,19
2647,687,12,2
2648,687,19,11
2649,687,4,0
2650,688,0,18
2651,688,20,13
2652,688,4,20
2653,688,15,23
2654,688,5,21
2655,688,3,22
2656,688,19,20
2657,689,15,8
2658,689,20,23
2659,689,19,8
2660,689,8,10
2661,691,11,23
2662,691,18,9
2663,691,15,5
2664,691,17,11
2665,691,23,0
2666,691,7,22
2667,692,19,6
2668,692,22,8
2669,692,4,18
2670,692,6,0
2671,692,24,8
2672,692,21,7
2673,692,6,21
2674,692,1,8
2675,692,8,23
2676,693,8,18
2677,693,1,16
2678,693,21,24
2679,693,20,22
2680,693,23,3
2681,693,15,0
2682,694,5,23
2683,694,21,23
2684,694,3,23
2685,694,5,9
2686,694,21,8
2687,694,17,23
2688,695,7,10
2689,695,19,9
2690,695,14,4
2691,695,19,17
2692,695,18,14
2693,696,19,20
2694,696,1,5
2695,696,21,24
2696,696,6,15
2697,696,12,24
2698,696,5,8
2699,697,5,20
2700,697,5,18
2701,697,19,21
2702,697,9,6
2703,697,13,15
2704,698,15,21
2705,698,4,10
2706,698,23,12
2707,698,0,22
2708,699,9,21
2709,699,19,1
2710,699,10,9
2711,699,5,18
2712,699,21,18
2713,699,10,2
2714,700,6,13
2715,700,11,24
2716,701,22,20
2717,701,23,17
2718,701,23,13
2719,702,2,18
2720,703,2,13
2721,703,7,11
2722,703,2,13
2723,705,24,3
2724,705,15,1
2725,705,5,8
2726,705,16,10
2727,705,20,23
2728,706,0,19
2729,707,0,15
2730,707,21,2
2731,707,0,11
2732,707,10,19
2733,708,14,18
2734,709,8,22
2735,709,10,18
2736,709,8,10
2737,709,23,3
2738,709,19,8
2739,709,9,11
2740,710,7,24
2741,710,3,19
2742,710,16,18
2743,710,4,19
2744,711,2,17
2745,711,22,12
2746,711,17,2
2747,712,4,15
2748,712,15,17
2749,712,2,23
2750,712,23,7
2751,713,11,21
2752,713,11,0
2753,713,6,12
2754,714,12,14
2755,714,23,0
2756,715,0,3
2757,715,0,18
2758,715,15,2
2759,715,21,19
2760,715,22,15
2761,716,2,14
2762,716,21,19
2763,716,15,22
2764,716,12,4
2765,716,22,12
2766,717,17,2
2767,717,9,7
2768,717,14,1
2769,717,11,8
2770,718,16,19
2771,718,21,18
2772,718,22,10
2773,719,11,9
2774,719,19,20
2775,719,4,5
2776,719,7,10
2777,720,16,5
2778,720,22,2
2779,720,3,1
2780,720,24,15
2781,720,8,14
2782,721,7,9
2783,722,12,23
2784,722,0,4
2785,722,5,8
2786,722,20,19
2787,722,15,21
2788,722,19,0
2789,722,13,3
2790,722,7,13
2791,723,4,1
2792,723,17,4
2793,723,17,10
2794,724,18,11
2795,724,21,8
2796,724,18,2
2797,724,4,7
2798,725,24,9
2799,725,6,22
2800,725,18,5
2801,725,22,19
2802,725,24,3
2803,725,22,13
2804,726,24,6
2805,726,10,17
2806,726,12,3
2807,726,14,17
2808,726,20,17
2809,726,14,16
2810,727,3,23
2811,728,6,23
2812,728,2,17
2813,728,2,13
2814,728,18,15
2815,729,10,19
2816,729,18,10
2817,729,24,10
2818,729,24,16
2819,729,18,12
2820,730,11,7
2821,730,23,12
2822,730,5,14
2823,730,22,19
2824,731,11,17
2825,731,10,4
2826,731,11,14
2827,731,6,9
2828,731,8,4
2829,731,19,20
2830,731,1,12
2831,731,17,7
2832,732,22,18
2833,732,8,0
2834,732,22,8
2835,732,13,0
2836,733,11,5
2837,734,22,5
2838,734,4,6
2839,734,22,3
2840,734,15,5
2841,734,3,14
2842,735,5,11
2843,735,12,20
2844,735,4,2
2845,735,18,8
2846,735,24,20
2847,735,14,17
2848,736,19,4
2849,736,12,21
2850,736,6,15
2851,736,5,12
2852,736,23,10
2853,736,19,0
2854,737,11,18
2855,737,0,2
2856,737,3,9
2857,737,9,3
2858,737,16,18
2859,738,3,21
2860,738,3,7
2861,738,8,22
2862,738,11,18
2863,739,14,8
2864,739,0,16
2865,739,7,16
2866,739,3,6
2867,740,22,8
2868,740,10,2
2869,740,23,7
2870,741,15,8
2871,741,14,10
2872,741,6,12
2873,741,21,6
2874,741,5,8
2875,742,13,15
2876,742,15,3
2877,743,6,14
2878,744,20,19
2879,744,24,21
2880,744,5,2
2881,745,4,2
2882,745,21,13
2883,745,7,21
2884,745,8,20
2885,745,16,1
2886,746,19,2
2887,746,8,4
2888,746,15,24
2889,746,24,8
2890,746,10,2
2891,747,15,5
2892,747,1,17
2893,748,24,14
2894,748,17,4
2895,748,3,1
2896,749,23,17
2897,749,11,1
2898,749,23,12
2899,749,19,0
2900,750,3,12
2901,750,1,20
2902,750,0,19
2903,750,20,2
2904,751,18,14
2905,751,5,14
2906,751,20,13
2907,751,7,14
2908,751,4,1
2909,752,20,8
2910,752,14,17
2911,753,6,17
2912,753,22,13
2913,753,13,2
2914,753,11,19
2915,753,3,10
2916,753,4,15
2917,753,14,18
2918,753,5,3
2919,754,12,15
2920,754,10,22
2921,754,8,16
2922,754,0,24
2923,754,6,8
2924,754,1,23
2925,755,1,22
2926,755,1,8
2927,755,20,6
2928,755,9,18
2929,755,5,13
2930,756,23,5
2931,756,21,9
2932,756,0,10
2933,756,1,18
2934,757,6,20
2935,757,6,15
2936,757,8,6
2937,757,18,5
2938,757,3,21
2939,757,4,12
2940,757,10,19
2941,758,1,3
2942,758,18,16
2943,758,0,21
2944,758,14,16
2945,758,10,24
2946,759,20,3
2947,759,13,17
2948,760,9,23
2949,760,13,10
2950,760,6,21
2951,760,14,6
2952,761,9,11
2953,761,15,18
2954,761,17,7
2955,761,7,16
2956,762,15,4
2957,762,0,9
2958,762,0,2
2959,762,12,20
2960,762,22,7
2961,763,4,6
2962,763,5,21
2963,763,2,20
2964,763,12,21
2965,763,5,22
2966,763,3,19
2967,764,23,16
2968,764,24,15
2969,764,17,19
2970,765,9,17
2971,767,16,18
2972,767,11,21
2973,767,7,4
2974,767,3,7
2975,767,12,5
2976,768,6,20
2977,769,0,4
2978,769,20,7
2979,769,13,24
2980,770,7,13
2981,770,22,11
2982,770,16,14
2983,771,21,18
2984,771,0,13
2985,771,5,23
2986,772,23,13
2987,772,0,3
2988,772,20,6
2989,772,6,24
2990,772,4,6
2991,772,18,16
2992,773,6,20
2993,773,0,14
2994,773,21,17
2995,773,7,23
2996,773,16,5
2997,773,18,20
2998,773,23,19
2999,774,5,3
3000,774,10,17
3001,774,9,18
3002,775,11,2
3003,775,8,16
3004,776,5,24
3005,776,16,20
3006,776,15,11
3007,777,11,8
3008,777,15,24
3009,777,5,13
3010,777,11,2
3011,778,13,10
3012,778,5,22
3013,779,8,18
3014,779,8,0
3015,779,21,9
3016,779,24,18
3017,779,7,21
3018,779,11,13
3019,780,24,16
3020,780,10,1
3021,780,11,18
3022,780,15,4
3023,780,18,4
3024,781,17,19
3025,781,4,13
3026,781,17,24
3027,782,4,5
3028,782,7,23
3029,782,7,24
3030,782,21,2
3031,782,20,19
3032,782,10,22
3033,782,20,7
3034,782,8,24
3035,783,8,16
3036,783,6,8
3037,783,0,12
3038,783,21,1
3039,783,0,9
3040,783,3,1
3041,783,6,23
3042,783,4,14
3043,783,3,19
3044,783,23,9
3045,783,20,6
3046,783,0,17
3047,784,0,7
3048,784,19,22
3049,784,6,20
3050,784,24,21
3051,785,1,13
3052,785,21,11
3053,785,5,24
3054,785,17,21
3055,785,11,20
3056,786,10,14
3057,786,18,4
3058,786,6,22
3059,787,1,13
3060,787,21,6
3061,788,13,9
3062,788,0,9
3063,789,1,16
3064,790,11,24
3065,790,22,19
3066,791,0,16
3067,791,14,2
3068,791,15,0
3069,791,18,12
3070,792,23,3
3071,792,0,9
3072,792,1,24
3073,792,13,19
3074,792,12,6
3075,792,18,0
3076,792,4,0
3077,792,1,4
3078,793,7,10
3079,793,15,8
3080,793,22,16
3081,793,8,21
3082,794,9,0
3083,794,15,14
3084,794,8,19
3085,794,24,21
3086,794,19,16
3087,794,18,22
3088,795,10,9
3089,795,16,9
3090,795,15,23
3091,795,0,6
3092,795,1,4
3093,795,16,1
3094,795,19,23
3095,796,13,1
3096,796,23,9
3097,796,9,19
3098,796,2,0
3099,796,13,6
3100,796,20,23
3101,797,9,5
3102,797,23,6
3103,797,16,0
3104,797,17,21
3105,797,8,1
3106,797,24,17
3107,798,4,1
3108,798,3,10
3109,798,23,9
3110,798,0,23
3111,798,4,23
3112,799,10,7
3113,799,24,8
3114,799,17,14
3115,799,8,16
3116,799,8,20
3117,800,0,8
3118,800,15,9
3119,800,9,11
3120,800,14,4
3121,801,15,12
3122,802,1,3
3123,802,17,19
3124,802,24,17
3125,802,23,0
3126,802,22,13
3127,803,14,3
3128,803,1,15
3129,803,0,24
3130,803,24,10
3131,804,22,24
3132,804,5,1
3133,804,13,23
3134,804,22,6
3135,805,14,4
3136,805,17,6
3137,806,3,15
3138,806,4,11
3139,806,13,23
3140,806,4,5
3141,806,24,10
3142,807,9,22
3143,807,24,3
3144,808,3,21
3145,808,3,18
3146,808,3,6
3147,809,24,21
3148,810,0,14
3149,810,0,3
3150,810,1,7
3151,811,11,0
3152,811,13,20
3153,811,19,1
3154,811,24,3
3155,812,11,4
3156,812,5,1
3157,812,12,22
3158,813,14,7
3159,813,11,20
3160,813,10,20
3161,813,17,21
3162,813,15,0
3163,813,15,18
3164,813,8,18
3165,813,22,10
3166,814,24,2
3167,814,20,12
3168,815,17,20
3169,815,7,23
3170,815,13,23
3171,815,23,21
3172,815,1,12
3173,816,11,13
3174,816,18,6
3175,816,8,2
3176,816,5,7
3177,816,17,24
3178,817,10,18
3179,817,10,2
3180,817,16,20
3181,817,6,19
3182,817,9,24
3183,818,9,3
3184,818,11,4
3185,818,15,22
3186,818,12,10
3187,819,21,6
3188,819,14,3
3189,820,20,6
3190,820,20,24
3191,820,10,12
3192,821,6,16
3193,821,20,18
3194,821,10,24
3195,821,6,13
3196,822,16,10
3197,822,6,18
3198,823,6,10
3199,823,15,19
3200,823,15,19
3201,823,23,5
3202,823,4,0
3203,824,12,20
3204,824,2,11
3205,824,20,12
3206,824,9,15
3207,825,20,24
3208,825,5,23
3209,825,16,19
3210,825,6,4
3211,826,15,23
3212,826,16,14
3213,826,5,15
3214,826,21,18
3215,826,15,13
3216,826,11,2
3217,827,18,12
3218,827,13,1
3219,827,24,3
3220,827,3,12
3221,828,9,1
3222,828,22,3
3223,828,19,23
3224,828,22,9
3225,828,1,15
3226,829,10,24
3227,829,3,22
3228,829,9,15
3229,830,14,17
3230,830,0,24
3231,830,24,3
3232,831,14,11
3233,831,19,20
3234,832,11,13
3235,832,0,4
3236,832,24,20
3237,833,2,8
3238,833,10,13
3239,834,8,18
3240,834,23,2
3241,834,5,7
3242,834,3,16
3243,834,24,0
3244,834,6,10
3245,834,0,13
3246,834,12,0
3247,835,21,15
3248,835,6,20
3249,835,20,16
3250,835,23,10
3251,835,6,3
3252,835,23,14
3253,836,18,10
3254,837,16,18
3255,837,2,20
3256,837,1,4
3257,837,8,20
3258,837,4,16
3259,838,2,12
3260,838,15,9
3261,838,10,6
3262,838,19,6
3263,838,9,21
3264,839,21,7
3265,839,18,3
3266,839,6,13
3267,839,14,17
3268,839,20,8
3269,840,21,4
3270,840,15,8
3271,840,15,13
3272,840,1,20
3273,841,17,8
3274,843,2,0
3275,843,20,1
3276,844,2,22
3277,844,6,0
3278,845,0,7
3279,846,11,7
3280,846,18,6
3281,846,20,2
3282,846,3,22
3283,846,15,2
3284,846,21,19
3285,846,16,8
3286,846,8,19
3287,846,10,18
3288,847,9,12
3289,847,24,1
3290,848,0,3
3291,848,0,12
3292,849,16,24
3293,849,9,6
3294,849,12,3
3295,849,13,5
3296,849,17,8
3297,849,2,14
3298,849,14,11
3299,849,15,2
3300,849,2,10
3301,849,14,6
3302,850,8,15
3303,850,12,14
3304,850,1,3
3305,852,15,22
3306,852,17,7
3307,852,15,22
3308,852,4,14
3309,853,20,13
3310,854,16,4
3311,855,13,17
3312,855,1,22
3313,856,5,22
3314,856,2,12
3315,856,3,13
3316,856,1,4
3317,856,16,18
3318,856,18,9
3319,857,0,14
3320,857,7,14
3321,858,15,7
3322,858,3,0
3323,859,0,20
3324,859,16,8
3325,859,14,0
3326,860,15,9
3327,860,15,21
3328,860,9,3
3329,861,9,0
3330,861,23,1
3331,861,2,11
3332,861,13,21
3333,861,16,7
3334,861,24,15
3335,862,2,9
3336,862,4,21
3337,862,10,20
3338,863,11,18
3339,863,21,11
3340,863,3,15
3341,863,10,21
3342,864,5,13
3343,864,24,11
3344,864,14,24
3345,864,12,3
3346,864,10,21
3347,865,7,18
3348,865,24,6
3349,865,3,17
3350,865,4,17
3351,865,0,6
3352,865,16,14
3353,866,9,24
3354,866,21,7
3355,866,20,7
3356,866,15,1
3357,866,13,16
3358,867,10,17
3359,868,21,1
3360,868,9,1
3361,868,11,0
3362,868,23,4
3363,869,1,10
3364,869,16,8
3365,869,9,11
3366,869,5,3
3367,869,0,21
3368,870,20,22
3369,870,0,2
3370,870,3,18
3371,871,8,19
3372,871,12,2
3373,871,16,4
3374,871,0,17
3375,871,8,4
3376,871,2,20
3377,872,1,8
3378,872,20,18
3379,872,6,9
3380,872,19,22
3381,872,22,10
3382,873,21,0
3383,873,1,14
3384,873,1,11
3385,873,18,7
3386,874,15,11
3387,874,5,24
3388,874,17,19
3389,874,21,11
3390,874,14,6
3391,875,21,17
3392,876,1,14
3393,876,18,0
3394,876,3,24
3395,876,24,2
3396,876,7,21
3397,876,0,2
3398,877,14,23
3399,877,4,14
3400,878,10,1
3401,878,13,6
3402,878,12,21
3403,878,10,2
3404,878,20,3
3405,878,2,18
3406,879,17,4
3407,880,24,22
3408,880,4,5
3409,880,4,7
3410,880,9,2
3411,880,4,18
3412,881,10,14
3413,881,9,2
3414,882,8,23
3415,882,7,3
3416,882,5,18
3417,884,21,7
3418,884,17,0
3419,884,24,21
3420,884,2,6
3421,885,12,0
3422,887,10,23
3423,887,10,7
3424,887,22,6
3425,887,0,16
3426,887,3,11
3427,887,7,16
3428,887,0,14
3429,888,4,14
3430,888,3,14
3431,888,15,21
3432,889,21,6
3433,889,21,4
3434,889,10,18
3435,889,18,20
3436,890,23,9
3437,890,13,22
3438,890,4,7
3439,891,19,12
3440,891,22,7
3441,891,23,7
3442,892,4,1
3443,892,10,8
3444,892,0,2
3445,892,13,21
3446,892,11,9
3447,893,21,24
3448,893,18,11
3449,894,6,9
3450,894,6,12
3451,894,11,14
3452,895,9,0
3453,896,23,6
3454,896,23,6
3455,896,1,20
3456,896,20,3
3457,896,20,3
3458,896,10,3
3459,896,5,4
3460,896,2,5
3461,897,21,24
3462,897,1,18
3463,898,22,8
3464,898,6,3
3465,898,2,22
3466,898,6,16
3467,899,18,11
3468,899,18,8
3469,899,7,13
3470,899,0,4
3471,900,18,21
3472,901,9,6
3473,901,9,3
3474,901,10,21
3475,901,18,5
3476,901,24,14
3477,902,3,24
3478,902,15,24
3479,902,20,0
3480,902,23,5
3481,902,1,4
3482,903,7,5
3483,903,5,23
3484,904,18,15
3485,904,1,17
3486,904,10,9
3487,904,11,8
3488,904,15,21
3489,904,16,13
3490,904,24,13
3491,906,20,2
3492,906,5,2
3493,906,19,20
3494,906,6,2
3495,906,21,4
3496,906,12,23
3497,907,9,2
3498,907,7,19
3499,907,16,6
3500,907,6,15
3501,907,11,24
3502,907,22,16
3503,907,11,23
3504,907,10,14
3505,907,17,3
3506,908,24,0
3507,909,15,23
3508,910,11,21
3509,910,16,3
3510,910,5,22
3511,910,24,17
3512,910,10,14
3513,910,1,5
3514,910,20,5
3515,910,7,16
3516,911,18,22
3517,911,11,13
3518,911,18,2
3519,911,16,8
3520,911,18,6
3521,911,11,1
3522,912,13,4
3523,912,7,3
3524,913,15,18
3525,913,1,10
3526,913,14,15
3527,913,11,14
3528,913,14,10
3529,914,8,24
3530,914,2,9
3531,914,24,10
3532,915,11,8
3533,915,4,7
3534,915,11,14
3535,915,11,23
3536,916,15,2
3537,916,22,24
3538,916,5,14
3539,917,9,18
3540,917,10,13
3541,917,19,16
3542,917,21,18
3543,917,22,1
3544,917,15,13
3545,918,12,0
3546,919,21,0
3547,919,1,19
3548,919,24,7
3549,919,21,2
3550,919,7,3
3551,920,10,22
3552,920,5,22
3553,920,11,4
3554,920,11,1
3555,920,14,12
3556,920,0,12
3557,921,0,10
3558,921,0,15
3559,921,12,20
3560,921,2,14
3561,921,8,6
3562,921,20,9
3563,922,8,4
3564,922,10,20
3565,922,11,4
3566,923,8,5
3567,923,19,0
3568,924,22,14
3569,924,14,11
3570,924,24,16
3571,924,7,15
3572,925,14,16
3573,925,10,16
3574,925,13,23
3575,925,10,21
3576,926,9,17
3577,927,3,17
3578,927,21,15
3579,927,0,17
3580,927,7,22
3581,927,6,9
3582,927,23,15
3583,929,5,9
3584,929,6,2
3585,929,1,20
3586,929,22,14
3587,930,10,19
3588,930,5,21
3589,930,20,10
3590,930,18,11
3591,931,22,24
3592,931,4,20
3593,932,22,4
3594,932,10,23
3595,932,6,21
3596,932,2,4
3597,932,12,20
3598,932,21,11
3599,933,3,10
3600,933,20,8
3601,933,20,17
3602,933,20,3
3603,934,19,7
3604,934,4,7
3605,934,11,8
3606,934,11,7
3607,934,17,21
3608,934,19,12
3609,934,9,2
3610,934,23,1
3611,935,17,19
3612,935,10,6
3613,936,8,11
3614,936,16,4
3615,936,7,17
3616,936,2,16
3617,936,12,10
3618,936,8,0
3619,937,23,1
3620,937,19,22
3621,937,18,22
3622,937,13,1
3623,937,8,2
3624,938,2,17
3625,938,10,14
3626,938,3,18
3627,939,16,18
3628,939,5,4
3629,939,2,9
3630,939,20,11
3631,939,4,17
3632,939,20,23
3633,940,2,6
3634,940,6,19
3635,940,24,8
3636,940,15,23
3637,941,11,4
3638,941,16,24
3639,941,8,18
3640,942,0,22
3641,942,22,9
3642,942,17,4
3643,942,24,21
3644,942,1,22
3645,943,16,18
3646,943,19,1
3647,943,7,19
3648,943,22,24
3649,943,21,18
3650,943,17,13
3651,943,18,22
3652,943,10,13
3653,944,14,12
3654,944,23,13
3655,944,10,1
3656,945,20,4
3657,945,9,13
3658,945,14,17
3659,945,3,16
3660,946,21,1
3661,946,7,18
3662,946,3,24
3663,946,1,8
3664,946,15,12
3665,946,4,21
3666,946,14,10
3667,947,7,0
3668,947,13,22
3669,947,9,5
3670,947,23,0
3671,948,5,20
3672,948,17,10
3673,948,5,18
3674,948,16,0
3675,948,8,15
3676,948,20,9
3677,949,17,8
3678,949,12,6
3679,949,5,18
3680,949,1,14
3681,949,1,5
3682,949,22,16
3683,950,0,14
3684,950,19,20
3685,950,11,18
3686,950,15,6
3687,950,14,21
3688,951,4,10
3689,951,19,0
3690,951,10,17
3691,951,8,18
3692,952,0,15
3693,952,9,2
3694,952,21,23
3695,952,11,13
3696,953,1,24
3697,953,13,21
3698,953,20,22
3699,953,20,14
3700,953,19,7
3701,953,4,5
3702,953,2,9
3703,953,8,2
3704,954,7,1
3705,954,20,22
3706,955,7,10
3707,955,20,5
3708,955,9,18
3709,955,16,12
3710,956,1,23
3711,956,14,8
3712,956,22,15
3713,956,5,9
3714,956,15,22
3715,957,9,0
3716,957,18,11
3717,958,19,15
3718,958,24,16
3719,958,1,15
3720,961,8,4
3721,961,24,14
3722,961,16,3
3723,961,18,16
3724,961,6,15
3725,961,3,13
3726,962,13,7
3727,962,4,14
3728,963,17,9
3729,963,7,0
3730,963,1,5
3731,963,5,1
3732,964,2,17
3733,964,19,2
3734,965,23,10
3735,965,18,24
3736,965,14,21
3737,965,23,8
3738,965,10,3
3739,965,5,1
3740,966,0,16
3741,966,0,10
3742,967,13,23
3743,967,14,23
3744,967,21,19
3745,968,2,24
3746,968,14,7
3747,968,11,23
3748,968,2,5
3749,968,22,24
3750,968,17,24
3751,969,15,7
3752,969,19,11
3753,969,11,8
3754,970,16,20
3755,970,8,15
3756,971,9,18
3757,971,0,4
3758,971,6,4
3759,971,1,14
3760,971,18,22
3761,972,17,8
3762,972,0,12
3763,972,5,8
3764,973,3,6
3765,974,14,22
3766,974,13,23
3767,975,13,20
3768,975,15,14
3769,975,21,10
3770,975,12,8
3771,975,15,22
3772,975,2,19
3773,976,23,9
3774,976,10,1
3775,976,23,11
3776,978,7,4
3777,979,18,0
3778,979,7,18
3779,979,22,11
3780,980,17,4
3781,980,16,9
3782,980,15,14
3783,980,4,1
3784,980,4,1
3785,981,19,17
3786,981,21,15
3787,981,18,0
3788,981,10,21
3789,982,17,15
3790,982,24,6
3791,982,7,13
3792,982,18,9
3793,982,7,1
3794,982,18,10
3795,984,6,19
3796,984,23,13
3797,984,13,6
3798,984,23,8
3799,984,24,5
3800,984,6,24
3801,985,13,22
3802,985,2,10
3803,985,17,19
3804,986,23,21
3805,986,12,0
3806,986,1,14
3807,987,7,5
3808,988,23,4
3809,988,1,11
3810,989,1,21
3811,989,8,16
3812,989,10,7
3813,989,10,4
3814,989,1,10
3815,990,13,20
3816,990,8,20
3817,990,16,8
3818,991,3,19
3819,991,17,24
3820,991,4,24
3821,991,2,10
3822,992,21,15
3823,992,22,10
3824,993,21,2
3825,993,12,18
3826,994,1,20
3827,994,5,18
3828,994,10,18
3829,995,8,14
3830,995,13,6
3831,995,8,11
3832,996,11,23
3833,996,14,8
3834,996,6,9
3835,996,11,21
3836,996,4,12
3837,996,8,19
3838,996,4,15
3839,996,4,7
3840,997,8,15
3841,997,22,24
3842,997,0,10
3843,998,2,9
3844,998,5,13
3845,998,4,18
3846,999,18,6
3847,1000,21,14
3848,1000,14,12
3849,1000,4,24
3850,1001,23,11
3851,1001,20,7
3852,1001,19,7
3853,1001,8,15
3854,1001,12,24
3855,1002,7,20
3856,1002,20,7
3857,1002,13,6
3858,1002,8,19
3859,1003,0,12
3860,1003,24,20
3861,1003,16,12
3862,1004,1,21
3863,1004,2,23
3864,1004,11,18
3865,1004,11,8
3866,1004,4,19
3867,1005,12,10
3868,1005,16,23
3869,1005,2,15
3870,1005,20,4
3871,1006,14,0
3872,1007,14,8
3873,1007,12,9
3874,1007,17,1
3875,1008,23,15
3876,1008,0,19
3877,1008,22,12
3878,1009,23,11
3879,1009,0,13
3880,1009,2,8
3881,1009,19,4
3882,1010,12,5
3883,1010,8,20
3884,1010,6,15
3885,1010,15,17
3886,1010,0,4
3887,1010,1,7
3888,1011,4,8
3889,1011,4,20
3890,1011,0,10
3891,1011,18,4
3892,1011,13,10
3893,1011,2,23
3894,1011,8,12
3895,1012,1,14
3896,1013,8,1
3897,1013,2,23
3898,1013,24,15
3899,1013,0,21
3900,1013,24,11
3901,1014,20,24
3902,1014,1,9
3903,1014,2,0
3904,1015,14,4
3905,1015,8,12
3906,1015,23,9
3907,1016,2,15
3908,1016,9,15
3909,1016,20,1
3910,1017,10,18
3911,1017,5,7
3912,1017,8,20
3913,1017,13,4
3914,1017,1,21
3915,1018,10,4
3916,1018,23,7
3917,1018,11,8
3918,1018,16,12
3919,1018,8,11
3920,1018,10,23
3921,1018,15,24
3922,1019,12,15
3923,1019,7,3
3924,1019,4,0
3925,1019,21,13
3926,1019,4,14
3927,1020,19,12
3928,1021,21,19
3929,1021,1,9
3930,1021,24,2
3931,1021,1,24
3932,1021,9,24
3933,1021,22,9
3934,1021,16,9
3935,1022,7,0
3936,1022,17,9
3937,1022,12,4
3938,1022,6,21
3939,1023,20,8
3940,1023,21,19
3941,1023,0,23
3942,1023,17,1
3943,1023,19,20
3944,1023,20,24
3945,1024,4,16
3946,1024,9,22
3947,1025,3,17
3948,1025,24,21
3949,1025,19,7
3950,1025,10,14
3951,1025,14,16
3952,1025,0,22
3953,1026,9,5
3954,1027,20,8
3955,1027,11,2
3956,1027,18,12
3957,1028,14,12
3958,1028,3,14
3959,1029,9,2
3960,1029,0,22
3961,1029,5,24
3962,1029,24,22
3963,1030,13,5
3964,1030,4,12
3965,1030,8,10
3966,1030,6,10
3967,1030,4,6
3968,1030,8,17
3969,1030,8,23
3970,1031,20,23
3971,1031,16,2
3972,1031,7,13
3973,1032,20,8
3974,1032,21,24
3975,1032,6,9
3976,1033,2,16
3977,1033,21,14
3978,1034,3,20
3979,1034,8,20
3980,1034,0,16
3981,1034,22,19
3982,1034,24,15
3983,1034,5,13
3984,1035,2,8
3985,1035,19,0
3986,1035,15,21
3987,1035,6,23
3988,1036,24,20
3989,1036,24,4
3990,1036,21,15
3991,1037,11,7
3992,1037,15,22
3993,1037,4,17
3994,1037,10,4
3995,1037,15,23
3996,1038,3,21
3997,1039,4,1
3998,1039,6,0
3999,1039,13,21
4000,1039,8,24
4001,1040,22,3
4002,1040,24,11
4003,1040,15,3
4004,1040,11,13
4005,1041,22,3
4006,1041,21,10
4007,1042,7,21
4008,1042,22,20
4009,1042,11,13
4010,1042,16,23
4011,1042,6,17
4012,1042,16,20
4013,1042,2,14
4014,1043,22,4
4015,1043,13,20
4016,1043,23,7
4017,1043,1,14
4018,1043,20,0
4019,1043,19,13
4020,1044,2,13
4021,1044,5,11
4022,1044,10,20
4023,1044,2,14
4024,1044,22,13
4025,1045,21,10
4026,1046,0,22
4027,1046,3,12
4028,1046,10,17
4029,1046,17,14
4030,1046,10,12
4031,1047,14,12
4032,1047,8,23
4033,1047,21,3
4034,1047,3,24
4035,1047,5,4
4036,1048,20,9
4037,1048,6,14
4038,1048,17,20
4039,1048,23,11
4040,1048,14,4
4041,1048,19,1
4042,1048,3,15
4043,1049,17,19
4044,1049,11,5
4045,1050,2,11
4046,1050,12,16
4047,1050,22,14
4048,1050,13,24
4049,1050,17,13
4050,1050,11,0
4051,1050,15,14
4052,1051,16,12
4053,1051,8,22
4054,1051,24,21
4055,1051,18,10
4056,1051,8,20
4057,1051,18,2
4058,1052,14,20
4059,1052,12,5
4060,1052,9,20
4061,1052,5,20
4062,1052,20,9
4063,1053,6,24
4064,1053,17,4
4065,1053,11,17
4066,1053,5,1
4067,1053,12,4
4068,1053,18,21
4069,1054,23,2
4070,1054,18,9
4071,1054,7,9
4072,1054,5,22
4073,1054,18,8
4074,1055,8,18
4075,1056,2,16
4076,1056,15,17
4077,1056,19,9
4078,1057,8,11
4079,1057,4,0
4080,1057,3,22
4081,1057,2,15
4082,1057,18,10
4083,1058,13,10
4084,1059,24,12
4085,1059,1,4
4086,1059,24,22
4087,1059,24,10
4088,1059,2,24
4089,1059,16,7
4090,1059,21,13
4091,1060,22,19
4092,1060,18,3
4093,1060,16,20
4094,1060,22,13
4095,1061,14,5
4096,1061,6,8
4097,1061,5,3
4098,1061,7,15
4099,1062,8,20
4100,1062,13,10
4101,1062,4,15
4102,1063,5,14
4103,1063,2,11
4104,1063,4,19
4105,1063,24,10
4106,1063,4,20
4107,1063,20,22
4108,1064,22,5
4109,1064,14,11
4110,1064,19,20
4111,1064,7,15
4112,1065,6,3
4113,1065,13,23
4114,1065,10,6
4115,1066,16,6
4116,1066,10,21
4117,1066,10,19
4118,1066,19,23
4119,1066,21,24
4120,1066,24,5
4121,1067,18,22
4122,1067,0,15
4123,1067,17,14
4124,1067,2,15
4125,1067,7,23
4126,1067,13,6
4127,1067,21,9
4128,1068,12,8
4129,1068,6,20
4130,1068,2,8
4131,1068,5,24
4132,1068,9,10
4133,1068,21,17
4134,1069,8,0
4135,1069,19,1
4136,1070,21,9
4137,1070,2,19
4138,1070,19,4
4139,1070,19,6
4140,1071,11,14
4141,1071,5,8
4142,1071,0,4
4143,1071,21,23
4144,1071,2,23
4145,1072,24,10
4146,1072,9,19
4147,1072,16,23
4148,1072,12,23
4149,1073,19,10
4150,1073,11,13
4151,1073,23,19
4152,1073,15,18
4153,1074,10,22
4154,1074,1,24
4155,1074,16,22
4156,1074,7,9
4157,1075,4,19
4158,1075,23,14
4159,1075,2,23
4160,1075,0,13
4161,1075,10,23
4162,1077,18,24
4163,1077,4,5
4164,1077,9,2
4165,1077,3,15
4166,1078,10,2
4167,1078,7,18
4168,1078,10,16
4169,1079,18,9
4170,1079,22,13
4171,1079,2,23
4172,1079,0,20
4173,1080,5,11
4174,1080,15,4
4175,1080,24,3
4176,1080,12,21
4177,1080,8,11
4178,1080,18,24
4179,1080,0,14
4180,1081,15,2
4181,1082,20,7
4182,1082,20,14
4183,1083,23,0
4184,1083,8,11
4185,1083,2,5
4186,1083,1,17
4187,1084,7,24
4188,1084,21,1
4189,1085,2,8
4190,1085,12,8
4191,1085,3,17
4192,1085,13,3
4193,1086,18,1
4194,1086,12,9
4195,1086,19,2
4196,1086,1,15
4197,1087,6,19
4198,1087,24,21
4199,1087,12,1
4200,1087,10,8
4201,1087,5,24
4202,1087,13,21
4203,1088,13,16
4204,1088,3,7
4205,1089,22,15
4206,1089,16,3
4207,1089,21,15
4208,1089,17,6
4209,1090,20,7
4210,1090,21,0
4211,1090,7,11
4212,1090,10,6
4213,1091,23,4
4214,1091,9,6
4215,1091,9,5
4216,1091,11,20
4217,1092,1,5
4218,1092,20,0
4219,1092,19,0
4220,1092,17,2
4221,1092,16,0
4222,1092,6,19
4223,1092,20,7
4224,1092,14,3
4225,1092,13,20
4226,1093,5,23
4227,1093,17,14
4228,1094,6,14
4229,1094,12,16
4230,1094,23,0
4231,1094,24,11
4232,1095,6,0
4233,1095,15,1
4234,1095,5,8
4235,1095,9,18
4236,1095,20,14
4237,1096,0,17
4238,1096,19,1
4239,1096,16,20
4240,1096,23,10
4241,1096,3,7
4242,1097,10,8
4243,1097,20,8
4244,1097,24,2
4245,1098,0,23
4246,1098,13,23
4247,1098,13,1
4248,1098,18,8
4249,1099,15,4
4250,1099,12,24
4251,1099,8,20
4252,1099,15,9
4253,1099,7,0
4254,1099,3,15
4255,1100,8,2
4256,1100,3,24
4257,1100,11,13
4258,1100,6,8
4259,1100,12,10
4260,1101,20,18
4261,1101,22,15
4262,1101,17,8
4263,1102,17,23
4264,1102,18,10
4265,1102,23,10
4266,1102,8,14
4267,1102,3,5
4268,1102,4,13
4269,1103,1,23
4270,1103,4,2
4271,1103,11,8
4272,1103,19,1
4273,1103,0,13
4274,1103,4,6
4275,1103,15,17
4276,1103,18,0
4277,1103,19,17
4278,1104,3,17
4279,1105,10,19
4280,1105,0,22
4281,1105,15,23
4282,1105,1,20
4283,1105,13,22
4284,1105,19,15
4285,1106,15,7
4286,1106,8,2
4287,1106,7,14
4288,1106,1,18
4289,1106,10,21
4290,1106,17,7
4291,1106,18,4
4292,1106,3,16
4293,1107,21,4
4294,1107,12,6
4295,1108,3,13
4296,1108,18,5
4297,1108,10,6
4298,1109,4,19
4299,1109,7,14
4300,1109,21,3
4301,1110,17,20
4302,1110,13,16
4303,1110,17,19
4304,1110,9,7
4305,1110,11,23
4306,1111,13,17
4307,1111,15,18
4308,1111,22,1
4309,1112,1,23
4310,1112,9,12
4311,1112,2,0
4312,1113,12,2
4313,1113,19,17
4314,1113,3,18
4315,1113,5,21
4316,1113,9,16
4317,1114,20,14
4318,1114,3,22
4319,1115,5,20
4320,1115,1,14
4321,1115,16,14
4322,1115,1,12
4323,1116,20,23
4324,1116,8,20
4325,1117,1,12
4326,1117,3,17
4327,1117,9,1
4328,1117,1,4
4329,1118,8,6
4330,1118,12,15
4331,1118,23,21
4332,1119,16,10
4333,1119,1,9
4334,1119,19,2
4335,1119,13,3
4336,1119,22,13
4337,1120,3,0
4338,1120,2,9
4339,1120,4,14
4340,1120,10,14
4341,1121,21,24
4342,1121,2,19
4343,1122,10,9
4344,1122,7,11
4345,1122,22,5
4346,1122,11,22
4347,1122,15,4
4348,1122,19,13
4349,1123,12,0
4350,1123,21,18
4351,1123,4,11
4352,1123,7,14
4353,1123,20,6
4354,1124,24,13
4355,1124,1,20
4356,1124,1,5
4357,1124,16,20
4358,1125,20,23
4359,1126,15,3
4360,1126,4,22
4361,1126,6,13
4362,1126,3,19
4363,1126,21,0
4364,1127,13,6
4365,1127,8,14
4366,1127,12,24
4367,1128,1,24
4368,1128,10,14
4369,1128,4,6
4370,1129,24,16
4371,1129,10,18
4372,1129,18,24
4373,1129,21,14
4374,1130,7,16
4375,1130,17,11
4376,1130,8,20
4377,1130,20,12
4378,1131,2,16
4379,1131,1,9
4380,1131,13,1
4381,1131,6,16
4382,1131,1,24
4383,1131,9,5
4384,1131,9,15
4385,1131,19,3
4386,1132,24,14
4387,1132,15,19
4388,1132,4,7
4389,1132,16,14
4390,1133,12,14
4391,1133,4,12
4392,1133,3,9
4393,1133,19,7
4394,1133,12,15
4395,1133,24,8
4396,1133,8,0
4397,1134,5,22
4398,1134,17,2
4399,1134,21,24
4400,1134,3,20
4401,1135,10,14
4402,1135,10,4
4403,1136,4,8
4404,1136,13,7
4405,1136,18,12
4406,1136,6,21
4407,1137,15,0
4408,1137,13,1
4409,1137,21,8
4410,1137,20,9
4411,1137,23,16
4412,1138,17,3
4413,1138,21,17
4414,1138,16,2
4415,1138,3,0
4416,1138,12,2
4417,1139,24,4
4418,1139,5,12
4419,1139,3,10
4420,1139,3,17
4421,1139,21,2
4422,1139,11,17
4423,1140,20,16
4424,1141,11,13
4425,1141,18,9
4426,1142,14,16
4427,1142,9,24
4428,1142,22,11
4429,1142,20,6
4430,1142,6,22
4431,1142,5,1
4432,1143,20,14
4433,1143,16,19
4434,1143,15,14
4435,1143,10,6
4436,1143,10,8
4437,1144,4,5
4438,1144,19,0
4439,1144,21,13
4440,1145,18,10
4441,1145,20,23
4442,1145,7,21
4443,1146,19,5
4444,1146,8,20
4445,1146,18,21
4446,1146,5,21
4447,1147,23,9
4448,1147,13,5
4449,1147,7,1
4450,1148,5,11
4451,1149,17,23
4452,1149,2,4
4453,1149,2,21
4454,1149,10,24
4455,1149,10,9
4456,1149,23,6
4457,1149,23,8
4458,1150,3,20
4459,1150,15,3
4460,1150,8,21
4461,1151,5,16
4462,1151,22,18
4463,1151,22,5
4464,1152,11,17
4465,1152,0,3
4466,1152,24,12
4467,1153,4,23
4468,1155,23,3
4469,1156,23,3
4470,1156,15,24
4471,1156,21,3
4472,1157,12,18
4473,1157,11,21
4474,1157,1,13
4475,1157,1,19
4476,1157,23,3
4477,1158,6,0
4478,1158,19,8
4479,1158,7,14
4480,1158,14,24
4481,1158,16,24
4482,1159,22,11
4483,1159,3,16
4484,1159,22,4
4485,1159,10,13
4486,1160,2,5
4487,1160,16,6
4488,1160,8,1
4489,1160,12,3
4490,1161,2,23
4491,1161,7,10
4492,1161,14,20
4493,1162,14,22
4494,1162,21,19
4495,1162,12,18
4496,1162,21,13
4497,1162,9,6
4498,1162,7,23
4499,1163,1,19
4500,1163,7,21
4501,1163,4,24
4502,1164,7,9
4503,1164,11,14
4504,1164,9,24
4505,1164,8,18
4506,1165,3,5
4507,1165,9,5
4508,1165,24,17
4509,1166,18,15
4510,1166,19,5
4511,1166,2,4
4512,1166,20,7
4513,1166,21,23
4514,1166,23,5
4515,1167,24,20
4516,1167,14,11
4517,1167,2,20
4518,1168,24,8
4519,1168,14,24
4520,1169,24,6
4521,1169,17,5
4522,1169,22,12
4523,1169,7,0
4524,1169,9,18
4525,1169,5,11
4526,1169,18,14
4527,1170,15,24
4528,1170,20,6
4529,1170,14,12
4530,1171,24,5
4531,1171,20,23
4532,1171,3,1
4533,1171,10,16
4534,1171,17,1
4535,1171,22,1
4536,1171,2,14
4537,1172,15,2
4538,1172,2,13
4539,1172,8,20
4540,1172,0,9
4541,1173,21,23
4542,1173,20,19
4543,1173,21,12
4544,1173,21,13
4545,1173,16,9
4546,1174,0,20
4547,1174,17,2
4548,1174,4,5
4549,1175,2,12
4550,1175,9,18
4551,1175,4,11
4552,1175,17,10
4553,1175,12,8
4554,1175,19,0
4555,1175,22,19
4556,1176,24,1
4557,1176,20,19
4558,1177,12,2
4559,1178,1,22
4560,1178,4,17
4561,1179,9,24
4562,1179,1,13
4563,1179,24,13
4564,1180,24,5
4565,1180,18,6
4566,1180,11,7
4567,1180,19,0
4568,1181,7,14
4569,1181,6,10
4570,1181,15,21
4571,1182,10,24
4572,1182,22,16
4573,1183,19,20
4574,1183,23,19
4575,1183,13,16
4576,1183,24,2
4577,1183,7,0
4578,1183,13,23
4579,1184,23,11
4580,1184,11,9
4581,1184,8,19
4582,1185,18,20
4583,1185,17,5
4584,1185,6,0
4585,1185,8,16
4586,1186,11,24
4587,1186,11,19
4588,1186,16,19
4589,1186,6,15
4590,1186,9,7
4591,1187,6,3
4592,1187,3,11
4593,1187,10,21
4594,1187,12,19
4595,1188,13,6
4596,1188,1,9
4597,1188,20,13
4598,1189,17,3
4599,1189,15,11
4600,1189,22,1
4601,1189,19,4
4602,1190,8,1
4603,1190,10,12
4604,1190,20,8
4605,1191,24,9
4606,1191,23,10
4607,1191,18,15
4608,1191,12,8
4609,1191,3,24
4610,1191,0,19
4611,1191,0,13
4612,1192,0,12
4613,1192,17,3
4614,1192,2,20
4615,1192,4,21
4616,1192,20,2
4617,1192,11,22
4618,1192,3,15
4619,1193,20,0
4620,1193,11,0
4621,1193,13,20
4622,1193,20,7
4623,1194,7,10
4624,1194,8,24
4625,1194,23,1
4626,1194,1,18
4627,1194,6,3
4628,1195,8,15
4629,1195,6,16
4630,1195,18,8
4631,1196,10,17
4632,1196,18,20
4633,1196,17,3
4634,1197,12,6
4635,1198,23,12
4636,1198,18,1
4637,1198,24,11
4638,1198,11,13
4639,1198,6,17
4640,1198,20,2
4641,1199,4,2
4642,1199,24,21
4643,1199,3,19
4644,1199,8,2
4645,1200,21,15
4646,1200,11,22
4647,1201,24,3
4648,1201,13,17
4649,1201,10,23
4650,1202,23,19
4651,1202,5,15
4652,1203,10,6
4653,1203,16,1
4654,1203,1,18
4655,1203,1,8
4656,1204,3,16
4657,1204,22,16
4658,1204,15,17
4659,1205,13,17
4660,1206,23,19
4661,1206,18,21
4662,1206,21,7
4663,1206,5,9
4664,1207,16,13
4665,1208,10,3
4666,1208,6,24
4667,1208,17,24
4668,1208,6,21
4669,1208,1,4
4670,1209,22,10
4671,1210,24,9
4672,1210,2,18
4673,1210,1,24
4674,1210,3,1
4675,1210,14,8
4676,1211,13,3
4677,1211,10,2
4678,1211,20,24
4679,1212,2,6
4680,1212,12,22
4681,1212,23,13
4682,1212,17,11
4683,1213,9,0
4684,1213,2,8
4685,1213,16,14
4686,1213,17,0
4687,1213,17,24
4688,1213,2,22
4689,1213,17,14
4690,1214,18,3
4691,1214,15,17
4692,1215,7,21
4693,1215,5,8
4694,1216,2,13
4695,1216,12,15
4696,1216,5,20
4697,1216,13,1
4698,1216,20,6
4699,1216,2,9
4700,1216,23,9
4701,1216,4,24
4702,1217,23,8
4703,1217,3,18
4704,1217,9,6
4705,1217,20,12
4706,1218,7,16
4707,1218,0,7
4708,1218,14,12
4709,1219,10,16
4710,1219,3,0
4711,1219,23,3
4712,1219,1,9
4713,1219,12,10
4714,1219,16,4
4715,1220,11,2
4716,1220,6,4
4717,1220,22,0
4718,1221,6,8
4719,1221,5,7
4720,1221,22,3
4721,1221,21,3
4722,1221,16,8
4723,1222,2,6
4724,1222,21,6
4725,1222,5,23
4726,1223,6,3
4727,1223,8,5
4728,1223,0,18
4729,1224,16,9
4730,1224,8,2
4731,1224,24,11
4732,1224,12,22
4733,1225,2,18
4734,1225,8,16
4735,1225,7,21
4736,1225,1,5
4737,1226,9,23
4738,1226,22,15
4739,1226,4,13
4740,1227,7,10
4741,1227,9,5
4742,1227,2,17
4743,1227,18,24
4744,1227,7,10
4745,1227,10,7
4746,1227,0,17
4747,1228,22,2
4748,1228,16,0
4749,1228,24,11
4750,1229,18,20
4751,1229,11,18
4752,1229,8,6
4753,1230,18,3
4754,1231,13,22
4755,1231,0,21
4756,1231,13,15
4757,1231,23,3
4758,1232,20,2
4759,1232,1,21
4760,1232,15,6
4761,1232,11,1
4762,1232,10,19
4763,1233,14,1
4764,1233,11,0
4765,1233,10,19
4766,1233,9,22
4767,1233,20,16
4768,1234,10,16
4769,1234,2,20
4770,1234,23,1
4771,1234,7,1
4772,1234,21,10
4773,1235,13,20
4774,1235,6,16
4775,1235,17,4
4776,1236,21,19
4777,1236,4,21
4778,1236,24,20
4779,1236,14,17
4780,1236,2,11
4781,1236,21,10
4782,1237,8,0
4783,1237,19,2
4784,1237,14,21
4785,1238,2,10
4786,1238,7,22
4787,1238,16,18
4788,1238,18,12
4789,1238,10,23
4790,1238,17,21
4791,1239,22,19
4792,1239,22,13
4793,1239,11,24
4794,1240,4,2
4795,1240,1,3
4796,1240,22,15
4797,1240,4,24
4798,1240,16,24
4799,1240,0,2
4800,1240,10,9
4801,1241,1,5
4802,1241,22,18
4803,1242,5,18
4804,1242,16,10
4805,1243,22,1
4806,1243,2,21
4807,1243,16,7
4808,1243,3,13
4809,1244,14,7
4810,1244,20,7
4811,1245,21,12
4812,1245,10,16
4813,1245,2,21
4814,1245,10,13
4815,1246,0,23
4816,1246,2,18
4817,1246,4,10
4818,1246,6,19
4819,1247,11,17
4820,1248,13,19
4821,1248,4,13
4822,1249,11,1
4823,1249,24,4
4824,1250,15,2
4825,1251,24,2
4826,1251,21,10
4827,1251,5,3
4828,1251,13,20
4829,1251,12,3
4830,1252,17,9
4831,1252,4,18
4832,1253,21,0
4833,1253,16,0
4834,1253,8,15
4835,1253,11,8
4836,1254,7,18
4837,1254,10,2
4838,1254,24,6
4839,1254,5,17
4840,1254,5,17
4841,1255,8,22
4842,1256,4,22
4843,1256,8,16
4844,1256,15,22
4845,1256,17,4
4846,1256,11,0
4847,1256,3,18
4848,1257,9,24
4849,1257,5,8
4850,1257,24,16
4851,1257,24,20
4852,1258,23,17
4853,1258,21,17
4854,1259,21,23
4855,1259,3,23
4856,1259,12,5
4857,1260,10,7
4858,1260,3,1
4859,1260,12,8
4860,1260,17,8
4861,1260,14,16
4862,1260,15,1
4863,1261,17,1
4864,1261,4,15
4865,1261,23,11
4866,1261,18,7
4867,1262,18,5
4868,1262,1,8
4869,1262,15,19
4870,1262,3,10
4871,1262,2,6
4872,1263,22,1
4873,1263,16,14
4874,1263,1,9
4875,1263,8,19
4876,1263,10,16
4877,1264,13,3
4878,1264,7,15
4879,1264,14,1
4880,1264,4,12
4881,1264,21,2
4882,1265,4,15
4883,1265,2,17
4884,1265,20,16
4885,1265,6,0
4886,1265,0,2
4887,1266,0,16
4888,1266,20,19
4889,1266,7,16
4890,1266,18,4
4891,1266,3,14
4892,1266,10,19
4893,1267,23,4
4894,1267,21,3
4895,1267,3,1
4896,1267,4,22
4897,1268,3,13
4898,1268,21,19
4899,1268,17,20
4900,1268,21,2
4901,1268,12,18
4902,1268,0,3
4903,1268,9,0
4904,1269,24,16
4905,1270,18,24
4906,1270,20,22
4907,1271,20,8
4908,1271,14,7
4909,1271,14,12
4910,1271,0,16
4911,1272,17,3
4912,1272,16,18
4913,1272,4,5
4914,1272,24,8
4915,1272,1,10
4916,1272,22,5
4917,1273,23,9
4918,1273,23,11
4919,1273,15,1
4920,1273,6,21
4921,1273,21,14
4922,1274,18,12
4923,1274,9,13
4924,1274,12,23
4925,1275,19,3
4926,1275,5,1
4927,1275,3,0
4928,1276,1,20
4929,1276,13,0
4930,1276,20,9
4931,1276,21,1
4932,1276,7,5
4933,1277,8,5
4934,1277,24,9
4935,1277,16,14
4936,1277,1,20
4937,1277,10,1
4938,1277,24,13
4939,1278,1,3
4940,1278,24,16
4941,1278,19,13
4942,1279,16,22
4943,1280,10,24
4944,1280,23,12
4945,1280,3,6
4946,1280,16,23
4947,1281,22,2
4948,1281,15,14
4949,1281,10,12
4950,1281,4,21
4951,1282,15,6
4952,1282,24,8
4953,1282,14,12
4954,1282,23,3
4955,1282,22,4
4956,1282,6,4
4957,1282,15,7
4958,1282,4,24
4959,1282,18,21
4960,1283,2,24
4961,1283,17,4
4962,1283,6,17
4963,1283,15,14
4964,1284,8,15
4965,1284,6,13
4966,1284,12,9
4967,1285,3,16
4968,1285,0,4
4969,1285,15,8
4970,1286,23,1
4971,1286,0,23
4972,1286,0,11
4973,1287,6,17
4974,1287,9,19
4975,1288,19,3
4976,1288,22,24
4977,1288,15,13
4978,1289,0,24
4979,1289,14,21
4980,1289,11,7
4981,1290,4,11
4982,1290,9,1
4983,1290,8,15
4984,1291,15,11
4985,1291,14,5
4986,1291,5,4
4987,1291,1,7
4988,1292,8,4
4989,1292,19,23
4990,1292,16,0
4991,1292,17,0
4992,1292,0,13
4993,1292,22,19
4994,1292,4,15
4995,1293,7,10
4996,1294,5,2
4997,1294,7,11
4998,1294,23,2
4999,1294,17,13
5000,1294,20,24
5001,1294,4,5
5002,1294,1,18
5003,1295,14,21
5004,1295,17,7
5005,1295,21,7
5006,1295,3,21
5007,1295,13,4
5008,1295,5,21
5009,1295,20,4
5010,1296,13,15
5011,1296,10,0
5012,1296,0,24
5013,1296,21,24
5014,1296,17,8
5015,1296,19,3
5016,1297,24,13
5017,1297,24,0
5018,1297,21,1
5019,1297,18,7
5020,1298,9,0
5021,1298,10,3
5022,1298,0,24
5023,1299,8,16
5024,1299,22,2
5025,1299,2,15
5026,1299,15,1
5027,1299,9,5
5028,1300,20,3
5029,1300,7,3
5030,1301,15,7
5031,1301,6,23
5032,1301,18,5
5033,1301,10,20
5034,1301,8,14
5035,1301,4,17
5036,1302,12,3
5037,1302,5,21
5038,1302,17,13
5039,1302,22,8
5040,1302,0,6
5041,1302,14,3
5042,1302,18,2
5043,1303,21,11
5044,1303,22,15
5045,1304,7,11
5046,1304,15,2
5047,1305,21,8
5048,1305,1,9
5049,1305,13,2
5050,1306,19,21
5051,1307,5,12
5052,1307,4,6
5053,1307,23,10
5054,1307,3,18
5055,1308,3,17
5056,1308,8,17
5057,1308,13,4
5058,1308,4,12
5059,1309,17,7
5060,1309,8,10
5061,1309,0,6
5062,1309,9,21
5063,1309,5,22
5064,1310,8,15
5065,1310,13,17
5066,1310,5,21
5067,1310,3,24
5068,1310,10,9
5069,1311,0,4
5070,1312,4,1
5071,1312,7,17
5072,1312,5,17
5073,1312,17,0
5074,1312,13,15
5075,1312,23,15
5076,1312,1,22
5077,1312,18,10
5078,1313,23,2
5079,1313,17,11
5080,1313,5,8
5081,1313,10,21
5082,1313,8,18
5083,1313,1,18
5084,1314,3,18
5085,1314,14,20
5086,1314,13,9
5087,1314,23,10
5088,1314,23,14
5089,1315,5,15
5090,1315,18,16
5091,1315,21,12
5092,1316,10,17
5093,1316,19,0
5094,1316,2,13
5095,1316,0,15
5096,1317,6,2
5097,1317,14,0
5098,1317,21,19
5099,1317,5,1
5100,1317,1,20
5101,1318,14,11
5102,1318,16,1
5103,1318,4,17
5104,1318,4,0
5105,1318,2,4
5106,1318,17,6
5107,1318,15,17
5108,1319,0,24
5109,1319,14,6
5110,1319,3,10
5111,1321,4,20
5112,1322,22,14
5113,1322,1,8
5114,1322,14,8
5115,1322,6,2
5116,1322,14,18
5117,1322,0,4
5118,1323,1,7
5119,1323,20,22
5120,1324,2,22
5121,1324,23,1
5122,1324,0,8
5123,1324,13,17
5124,1325,7,1
5125,1325,19,20
5126,1325,22,13
5127,1325,7,5
5128,1325,2,0
5129,1326,4,10
5130,1326,24,22
5131,1326,22,18
5132,1326,20,11
5133,1326,1,10
5134,1327,23,21
5135,1327,0,24
5136,1327,24,21
5137,1328,3,0
5138,1328,4,17
5139,1328,6,4
5140,1328,2,24
5141,1329,22,14
5142,1329,9,5
5143,1329,3,16
5144,1329,9,15
5145,1330,0,14
5146,1330,14,6
5147,1330,15,0
5148,1330,3,22
5149,1331,12,3
5150,1331,18,14
5151,1331,18,14
5152,1331,24,21
5153,1331,22,7
5154,1331,20,7
5155,1331,4,0
5156,1332,9,21
5157,1332,6,17
5158,1332,0,3
5159,1332,24,15
5160,1332,12,20
5161,1332,9,1
5162,1332,23,1
5163,1332,22,4
5164,1333,19,1
5165,1333,10,6
5166,1333,3,14
5167,1334,20,3
5168,1334,14,3
5169,1334,10,7
5170,1334,15,24
5171,1334,24,3
5172,1334,21,8
5173,1334,1,19
5174,1335,19,22
5175,1335,12,5
5176,1335,24,4
5177,1335,7,17
5178,1336,0,16
5179,1336,20,7
5180,1336,7,24
5181,1336,21,19
5182,1336,4,0
5183,1336,18,5
5184,1337,15,18
5185,1337,24,10
5186,1337,0,3
5187,1337,2,17
5188,1337,21,3
5189,1337,18,6
5190,1337,17,2
5191,1338,6,13
5192,1338,24,2
5193,1338,1,11
5194,1338,6,8
5195,1339,10,14
5196,1339,15,5
5197,1340,11,9
5198,1341,14,5
5199,1342,24,15
5200,1342,22,3
5201,1343,1,11
5202,1343,1,4
5203,1343,12,3
5204,1343,13,11
5205,1343,11,17
5206,1344,13,3
5207,1344,14,11
5208,1344,12,8
5209,1344,1,7
5210,1344,3,5
5211,1345,17,8
5212,1346,22,14
5213,1346,24,5
5214,1346,8,4
5215,1346,19,10
5216,1346,24,0
5217,1346,17,7
5218,1346,12,15
5219,1347,1,9
5220,1347,3,11
5221,1347,10,9
5222,1347,24,7
5223,1347,3,24
5224,1347,9,15
5225,1347,2,17
5226,1348,10,17
5227,1348,2,18
5228,1348,18,21
5229,1348,5,2
5230,1348,3,24
5231,1348,19,23
5232,1349,15,23
5233,1349,23,8
5234,1349,1,10
5235,1350,7,18
5236,1351,17,20
5237,1351,10,18
5238,1351,15,7
5239,1351,14,8
5240,1351,20,23
5241,1352,13,19
5242,1352,2,0
5243,1353,24,9
5244,1353,2,9
5245,1353,14,16
5246,1353,19,1
5247,1354,9,15
5248,1354,21,11
5249,1354,1,3
5250,1354,15,2
5251,1354,22,1
5252,1354,15,0
5253,1355,4,10
5254,1355,20,9
5255,1355,12,20
5256,1355,13,10
5257,1356,8,18
5258,1356,23,13
5259,1357,7,24
5260,1357,4,11
5261,1357,20,16
5262,1357,9,6
5263,1357,2,4
5264,1358,5,7
5265,1358,24,9
5266,1358,12,9
5267,1358,3,23
5268,1358,4,12
5269,1359,5,22
5270,1359,2,0
5271,1359,1,19
5272,1359,19,20
5273,1359,21,11
5274,1359,4,5
5275,1359,8,10
5276,1359,12,2
5277,1360,9,18
5278,1360,16,20
5279,1360,19,20
5280,1361,21,14
5281,1361,4,10
5282,1361,6,19
5283,1362,7,5
5284,1362,15,5
5285,1362,13,21
5286,1363,1,18
5287,1363,20,6
5288,1363,20,19
5289,1363,8,23
5290,1363,10,20
5291,1363,9,13
5292,1364,15,11
5293,1364,17,15
5294,1364,4,14
5295,1365,24,14
5296,1365,11,19
5297,1365,15,19
5298,1365,20,2
5299,1365,21,12
5300,1365,10,14
5301,1365,16,24
5302,1365,9,18
5303,1366,15,23
5304,1366,22,6
5305,1367,23,15
5306,1367,8,5
5307,1367,1,18
5308,1368,11,17
5309,1368,13,21
5310,1368,15,19
5311,1368,5,14
5312,1369,15,7
5313,1369,3,13
5314,1371,21,23
5315,1371,20,17
5316,1372,20,5
5317,1372,2,6
5318,1372,21,0
5319,1372,11,18
5320,1372,0,14
5321,1373,23,7
5322,1373,12,3
5323,1373,12,18
5324,1373,20,14
5325,1373,20,22
5326,1374,15,9
5327,1375,14,0
5328,1375,2,14
5329,1375,19,0
5330,1376,22,14
5331,1376,7,10
5332,1376,23,5
5333,1376,19,4
5334,1376,24,15
5335,1376,17,1
5336,1376,12,2
5337,1376,20,12
5338,1377,22,13
5339,1377,21,13
5340,1378,4,0
5341,1378,1,23
5342,1378,16,19
5343,1379,0,22
5344,1379,22,5
5345,1380,19,20
5346,1380,22,12
5347,1381,8,17
5348,1381,9,13
5349,1381,1,19
5350,1382,21,13
5351,1382,3,19
5352,1383,9,22
5353,1383,24,21
5354,1383,9,11
5355,1383,22,12
5356,1383,21,10
5357,1383,7,5
5358,1383,12,10
5359,1384,1,19
5360,1386,5,9
5361,1386,22,12
5362,1387,0,4
5363,1387,0,22
5364,1387,11,3
5365,1387,22,13
5366,1387,9,24
5367,1388,14,7
5368,1388,22,4
5369,1389,20,17
5370,1389,23,15
5371,1389,14,1
5372,1389,20,13
5373,1389,8,0
5374,1389,13,21
5375,1390,5,22
5376,1390,22,20
5377,1390,19,9
5378,1391,23,8
5379,1391,11,14
5380,1391,8,20
5381,1391,22,18
5382,1391,15,21
5383,1391,22,1
5384,1391,13,5
5385,1391,14,23
5386,1392,18,24
5387,1392,11,23
5388,1392,0,11
5389,1392,20,8
5390,1393,4,1
5391,1393,19,4
5392,1393,7,21
5393,1393,16,23
5394,1393,22,14
5395,1394,22,10
5396,1394,1,3
5397,1395,0,23
5398,1395,6,15
5399,1396,3,5
5400,1396,16,22
5401,1397,0,9
5402,1398,7,23
5403,1398,22,3
5404,1399,22,5
5405,1399,14,1
5406,1399,15,1
5407,1399,11,5
5408,1399,14,21
5409,1399,20,19
5410,1399,15,17
5411,1400,8,11
5412,1400,16,6
5413,1400,22,13
5414,1401,0,17
5415,1401,4,18
5416,1401,7,3
5417,1402,3,5
5418,1402,1,14
5419,1402,1,20
5420,1402,2,4
5421,1403,15,17
5422,1403,4,5
5423,1403,24,12
5424,1404,5,20
5425,1404,3,13
5426,1405,9,13
5427,1405,10,4
5428,1405,9,24
5429,1406,23,5
5430,1407,13,17
5431,1407,10,9
5432,1407,22,18
5433,1408,19,1
5434,1408,2,19
5435,1409,5,11
5436,1410,6,0
5437,1410,2,14
5438,1410,18,10
5439,1410,24,4
5440,1411,0,17
5441,1411,0,14
5442,1411,17,0
5443,1411,8,24
5444,1411,21,7
5445,1411,23,6
5446,1412,18,20
5447,1412,3,1
5448,1412,1,7
5449,1412,11,8
5450,1413,12,18
5451,1413,4,20
5452,1413,14,12
5453,1413,16,2
5454,1414,4,17
5455,1414,6,14
5456,1414,0,7
5457,1414,23,11
5458,1415,23,17
5459,1415,12,20
5460,1415,9,5
5461,1416,21,11
5462,1416,20,14
5463,1416,21,24
5464,1417,22,20
5465,1417,0,6
5466,1417,24,9
5467,1418,15,2
5468,1418,17,7
5469,1418,15,7
5470,1418,15,6
5471,1418,10,24
5472,1418,8,2
5473,1419,23,17
5474,1419,2,0
5475,1419,20,8
5476,1419,22,12
5477,1419,8,11
5478,1420,24,11
5479,1420,20,2
5480,1420,14,15
5481,1420,17,13
5482,1420,8,12
5483,1420,14,22
5484,1420,1,10
5485,1421,17,23
5486,1422,15,18
5487,1422,15,1
5488,1423,18,7
5489,1423,16,13
5490,1423,24,5
5491,1424,4,18
5492,1424,13,23
5493,1424,0,22
5494,1424,2,8
5495,1425,5,13
5496,1425,1,18
5497,1425,2,19
5498,1425,5,21
5499,1426,9,17
5500,1426,10,16
5501,1426,2,14
5502,1426,7,9
5503,1426,22,16
5504,1427,11,4
5505,1427,3,18
5506,1427,4,16
5507,1427,16,19
5508,1427,6,3
5509,1428,18,9
5510,1429,6,19
5511,1429,19,12
5512,1429,13,24
5513,1429,1,13
5514,1429,13,19
5515,1429,12,23
5516,1430,19,21
5517,1430,19,0
5518,1430,5,20
5519,1430,3,5
5520,1430,8,4
5521,1430,18,20
5522,1430,6,10
5523,1430,7,5
5524,1430,22,14
5525,1431,21,7
5526,1431,7,4
5527,1431,21,19
5528,1431,15,8
5529,1431,14,2
5530,1432,4,17
5531,1432,8,10
5532,1432,14,22
5533,1432,0,14
5534,1433,20,18
5535,1433,14,23
5536,1433,21,12
5537,1433,1,14
5538,1434,17,6
5539,1434,10,2
5540,1434,5,1
5541,1434,18,10
5542,1434,8,22
5543,1434,24,21
5544,1435,23,4
5545,1435,9,5
5546,1436,12,22
5547,1436,18,10
5548,1436,15,1
5549,1436,20,23
5550,1436,3,1
5551,1437,15,11
5552,1437,15,5
5553,1437,5,21
5554,1437,5,17
5555,1437,14,10
5556,1437,20,16
5557,1438,24,4
5558,1438,18,12
5559,1439,10,14
5560,1439,21,14
5561,1439,23,5
5562,1439,7,18
5563,1439,21,24
5564,1439,23,8
5565,1439,17,2
5566,1440,8,18
5567,1440,16,0
5568,1441,2,10
5569,1441,22,7
5570,1441,3,18
5571,1442,4,0
5572,1442,19,7
5573,1443,16,24
5574,1443,23,7
5575,1443,2,21
5576,1444,11,3
5577,1444,18,10
5578,1444,15,22
5579,1445,8,24
5580,1445,13,17
5581,1445,7,14
5582,1445,13,15
5583,1445,24,6
5584,1445,17,4
5585,1446,8,0
5586,1446,2,22
5587,1446,22,24
5588,1446,24,1
5589,1446,22,5
5590,1446,21,6
5591,1447,24,13
5592,1447,15,22
5593,1447,18,7
5594,1447,11,9
5595,1447,18,7
5596,1447,0,22
5597,1447,15,24
5598,1447,24,1
5599,1447,4,2
5600,1448,23,13
5601,1449,11,22
5602,1449,18,24
5603,1449,12,16
5604,1449,21,6
5605,1449,15,11
5606,1450,10,12
5607,1451,6,13
5608,1452,19,1
5609,1452,9,18
5610,1452,8,15
5611,1452,13,6
5612,1452,2,10
5613,1452,14,12
5614,1452,12,24
5615,1452,24,6
5616,1453,23,9
5617,1453,1,18
5618,1454,13,21
5619,1454,16,10
5620,1454,19,3
5621,1455,9,6
5622,1456,4,22
5623,1456,9,0
5624,1456,12,4
5625,1456,11,4
5626,1456,4,1
5627,1456,2,9
5628,1456,1,16
5629,1457,23,3
5630,1457,3,16
5631,1457,12,1
5632,1457,0,15
5633,1457,4,1
5634,1457,24,0
5635,1457,14,8
5636,1457,10,3
5637,1458,22,5
5638,1458,24,0
5639,1458,9,22
5640,1458,13,15
5641,1458,10,16
5642,1458,5,22
5643,1459,9,15
5644,1459,13,24
5645,1460,4,1
5646,1460,10,7
5647,1461,14,20
5648,1461,7,22
5649,1461,12,24
5650,1461,5,17
5651,1462,1,14
5652,1462,2,11
5653,1462,0,18
5654,1463,0,4
5655,1463,24,21
5656,1464,1,23
5657,1464,4,20
5658,1465,13,10
5659,1465,0,9
5660,1465,21,1
5661,1465,7,16
5662,1465,7,15
5663,1465,11,18
5664,1466,16,5
5665,1466,9,10
5666,1466,0,21
5667,1466,13,16
5668,1466,7,4
5669,1467,1,21
5670,1467,1,14
5671,1468,11,9
5672,1468,20,18
5673,1468,24,17
5674,1469,17,9
5675,1469,10,17
5676,1469,24,15
5677,1470,13,0
5678,1470,21,8
5679,1471,21,19
5680,1471,2,14
5681,1471,1,21
5682,1471,4,18
5683,1472,22,12
5684,1472,10,14
5685,1472,16,24
5686,1472,18,6
5687,1473,19,16
5688,1473,24,12
5689,1473,3,9
5690,1473,24,0
5691,1473,9,15
5692,1473,10,14
5693,1474,14,21
5694,1474,0,20
5695,1475,3,11
5696,1475,14,12
5697,1476,17,1
5698,1476,5,18
5699,1476,1,18
5700,1477,12,24
5701,1477,23,11
5702,1477,24,16
5703,1477,16,9
5704,1478,19,22
5705,1478,17,19
5706,1478,11,2
5707,1479,0,23
5708,1479,16,7
5709,1479,3,19
5710,1480,10,23
5711,1480,8,15
5712,1480,12,9
5713,1480,19,5
5714,1480,22,14
5715,1481,10,7
5716,1481,9,22
5717,1481,2,11
5718,1481,7,18
5719,1481,21,12
5720,1481,17,24
5721,1481,14,17
5722,1482,16,8
5723,1482,14,12
5724,1483,16,24
5725,1484,12,10
5726,1484,18,2
5727,1485,22,24
5728,1485,0,16
5729,1486,20,7
5730,1486,7,4
5731,1486,20,14
5732,1487,23,9
5733,1488,23,15
5734,1488,19,7
5735,1488,20,4
5736,1489,20,14
5737,1489,8,23
5738,1489,14,11
5739,1489,2,13
5740,1489,21,9
5741,1489,0,4
5742,1490,0,4
5743,1490,19,22
5744,1490,0,10
5745,1490,9,24
5746,1491,5,4
5747,1491,19,12
5748,1491,17,13
5749,1491,6,10
5750,1491,15,24
5751,1491,9,23
5752,1492,23,19
5753,1492,3,21
5754,1492,0,15
5755,1492,19,4
5756,1492,24,12
5757,1493,4,22
5758,1493,14,20
5759,1493,9,2
5760,1493,16,14
5761,1493,13,6
5762,1493,17,9
5763,1493,23,12
5764,1494,4,21
5765,1494,2,24
5766,1494,15,7
5767,1494,12,4
5768,1494,1,4
5769,1494,10,7
5770,1494,7,20
5771,1494,4,7
5772,1495,11,8
5773,1495,4,16
5774,1495,20,17
5775,1495,0,21
5776,1495,6,8
5777,1495,8,4
5778,1496,2,6
5779,1496,20,17
5780,1496,5,12
5781,1496,6,16
5782,1496,20,6
5783,1497,16,24
5784,1497,8,2
5785,1497,1,15
5786,1498,16,7
5787,1498,10,0
5788,1498,3,10
5789,1498,5,15
5790,1498,11,17
5791,1499,4,2
5792,1499,0,4
5793,1500,13,11
5794,1500,11,1
5795,1500,23,16
5796,1500,18,11
5797,1500,18,5
5798,1500,9,21
5799,1501,15,24
5800,1501,10,18
5801,1501,20,1
5802,1501,10,19
5803,1501,10,6
5804,1502,19,21
5805,1502,9,17
5806,1502,11,19
5807,1502,17,23
5808,1503,21,8
5809,1503,0,24
5810,1503,22,8
5811,1503,19,9
5812,1503,9,22
5813,1503,3,0
5814,1504,24,0
5815,1505,21,6
5816,1505,21,0
5817,1505,0,8
5818,1507,8,15
5819,1507,5,21
5820,1507,3,10
5821,1508,10,19
5822,1508,23,17
5823,1508,22,12
5824,1508,16,13
5825,1508,10,6
5826,1508,7,21
5827,1508,4,14
5828,1509,24,11
5829,1509,14,1
5830,1509,15,23
5831,1510,6,21
5832,1510,10,12
5833,1510,3,23
5834,1510,16,4
5835,1510,9,6
5836,1511,11,5
5837,1511,13,6
5838,1511,12,24
5839,1511,18,16
5840,1511,14,23
5841,1511,1,4
5842,1511,17,4
5843,1512,17,8
5844,1512,20,7
5845,1512,6,2
5846,1512,1,19
5847,1512,14,22
5848,1512,0,18
5849,1513,9,13
5850,1513,4,13
5851,1513,8,2
5852,1513,23,19
5853,1513,20,18
5854,1513,13,1
5855,1513,5,14
5856,1514,22,5
5857,1514,2,6
5858,1514,17,11
5859,1514,20,7
5860,1515,13,1
5861,1515,2,12
5862,1516,24,5
5863,1516,18,11
5864,1516,8,22
5865,1517,19,7
5866,1517,24,13
5867,1517,5,24
5868,1517,10,22
5869,1518,22,20
5870,1518,14,24
5871,1518,14,8
5872,1518,7,19
5873,1519,0,10
5874,1519,4,19
5875,1519,10,22
5876,1519,0,2
5877,1519,23,20
5878,1519,6,20
5879,1520,5,18
5880,1520,19,7
5881,1520,2,10
5882,1521,4,0
5883,1521,5,22
5884,1522,10,23
5885,1522,14,5
5886,1523,4,11
5887,1523,5,16
5888,1523,21,9
5889,1523,3,24
5890,1523,17,1
5891,1523,5,22
5892,1524,17,7
5893,1524,19,2
5894,1524,22,6
5895,1524,21,11
5896,1525,23,17
5897,1525,24,17
5898,1525,23,15
5899,1525,12,24
5900,1525,7,21
5901,1526,19,2
5902,1526,10,14
5903,1527,10,23
5904,1527,7,20
5905,1527,23,14
5906,1528,22,3
5907,1528,7,22
5908,1528,17,5
5909,1528,20,17
5910,1529,7,9
5911,1529,11,0
5912,1530,6,13
5913,1530,17,13
5914,1531,19,13
5915,1531,14,17
5916,1532,24,4
5917,1532,9,7
5918,1532,19,23
5919,1532,15,8
5920,1533,22,0
5921,1533,13,22
5922,1534,3,16
5923,1534,18,15
5924,1534,1,3
5925,1534,19,10
5926,1534,6,16
5927,1534,11,2
5928,1534,10,14
5929,1534,7,9
5930,1535,17,14
5931,1535,3,17
5932,1535,4,7
5933,1535,1,13
5934,1536,6,18
5935,1536,7,16
5936,1536,1,13
5937,1536,1,23
5938,1536,1,21
5939,1537,10,14
5940,1537,8,11
5941,1537,7,23
5942,1537,22,16
5943,1538,19,17
5944,1538,12,23
5945,1538,2,21
5946,1538,11,14
5947,1538,12,4
5948,1538,20,13
5949,1538,0,10
5950,1538,14,2
5951,1538,7,19
5952,1538,4,0
5953,1539,1,11
5954,1539,2,0
5955,1539,17,2
5956,1540,13,24
5957,1540,19,10
5958,1541,8,15
5959,1541,9,19
5960,1542,18,5
5961,1542,22,15
5962,1543,21,13
5963,1543,24,3
5964,1543,23,15
5965,1544,8,24
5966,1544,11,18
5967,1544,9,24
5968,1544,10,14
5969,1544,9,24
5970,1544,19,23
5971,1544,0,3
5972,1545,6,24
5973,1545,22,10
5974,1545,16,22
5975,1545,4,22
5976,1546,1,19
5977,1546,9,0
5978,1546,13,19
5979,1548,24,18
5980,1548,6,8
5981,1549,1,7
5982,1549,11,7
5983,1550,6,23
5984,1551,0,6
5985,1551,14,24
5986,1551,16,14
5987,1552,15,7
5988,1552,7,3
5989,1552,24,6
5990,1552,10,24
5991,1553,5,19
5992,1553,4,21
5993,1553,21,11
5994,1554,2,10
5995,1554,24,4
5996,1554,8,24
5997,1554,1,11
5998,1554,0,9
5999,1555,14,3
6000,1555,2,21
6001,1555,22,4
6002,1555,17,1
6003,1555,7,22
6004,1556,1,20
6005,1556,0,24
6006,1556,13,2
6007,1556,15,17
6008,1556,23,21
6009,1557,12,14
6010,1557,2,5
6011,1557,10,13
6012,1558,20,0
6013,1558,24,16
6014,1558,24,0
6015,1559,20,3
6016,1559,0,18
6017,1559,18,24
6018,1559,2,5
6019,1559,17,21
6020,1559,12,2
6021,1559,15,11
6022,1560,10,16
6023,1560,22,6
6024,1560,9,19
6025,1561,23,5
6026,1561,7,1
6027,1561,5,12
6028,1562,22,6
6029,1562,5,11
6030,1562,11,18
6031,1562,18,10
6032,1562,22,0
6033,1562,14,2
6034,1562,9,18
6035,1563,4,2
6036,1563,23,12
6037,1563,9,15
6038,1563,24,5
6039,1563,18,2
6040,1564,3,17
6041,1565,2,10
6042,1565,9,7
6043,1565,12,4
6044,1565,16,18
6045,1566,3,6
6046,1566,8,14
6047,1566,14,8
6048,1566,2,5
6049,1566,4,0
6050,1566,4,10
6051,1566,3,17
6052,1566,21,1
6053,1566,15,19
6054,1567,12,19
6055,1567,12,16
6056,1567,24,11
6057,1567,24,1
6058,1567,22,7
6059,1568,1,5
6060,1568,9,16
6061,1568,2,13
6062,1568,9,20
6063,1569,1,4
6064,1569,7,14
6065,1570,9,0
6066,1570,3,21
6067,1570,14,0
6068,1570,6,15
6069,1570,3,10
6070,1571,7,17
6071,1571,2,0
6072,1572,10,24
6073,1572,4,24
6074,1572,2,0
6075,1573,16,2
6076,1573,24,13
6077,1573,21,1
6078,1573,9,21
6079,1573,3,11
6080,1573,14,23
6081,1573,11,9
6082,1574,15,19
6083,1574,6,22
6084,1575,13,9
6085,1576,17,6
6086,1576,14,5
6087,1576,0,20
6088,1576,19,21
6089,1577,3,7
6090,1577,22,7
6091,1578,5,23
6092,1578,3,13
6093,1578,1,19
6094,1578,4,20
6095,1578,14,15
6096,1579,11,1
6097,1579,23,4
6098,1579,24,15
6099,1579,21,18
6100,1579,23,5
6101,1579,3,20
6102,1579,21,8
6103,1580,20,22
6104,1580,15,14
6105,1580,7,4
6106,1581,6,17
6107,1581,9,6
6108,1581,23,14
6109,1581,6,12
6110,1581,20,11
6111,1581,7,10
6112,1581,4,24
6113,1581,19,16
6114,1581,1,12
6115,1582,22,19
6116,1582,23,15
6117,1582,23,20
6118,1583,12,8
6119,1583,14,8
6120,1584,14,5
6121,1584,9,24
6122,1585,22,5
6123,1585,22,15
6124,1585,23,20
6125,1585,10,13
6126,1585,8,23
6127,1585,19,7
6128,1585,7,15
6129,1586,9,13
6130,1586,5,9
6131,1586,0,14
6132,1587,0,19
6133,1587,18,16
6134,1587,12,24
6135,1587,21,18
6136,1588,8,24
6137,1588,7,11
6138,1588,9,24
6139,1588,21,24
6140,1588,7,24
6141,1588,6,19
6142,1588,5,8
6143,1589,8,5
6144,1589,7,19
6145,1589,14,17
6146,1589,8,23
6147,1590,10,20
6148,1590,7,22
6149,1590,19,20
6150,1590,10,21
6151,1590,4,1
6152,1590,19,16
6153,1590,8,5
6154,1591,13,24
6155,1591,22,15
6156,1592,15,3
6157,1592,22,10
6158,1592,24,14
6159,1592,13,23
6160,1592,7,4
6161,1593,2,0
6162,1593,21,10
6163,1593,15,6
6164,1593,4,0
6165,1593,17,0
6166,1593,5,9
6167,1593,23,11
6168,1594,24,6
6169,1594,20,4
6170,1594,18,21
6171,1594,9,13
6172,1594,6,24
6173,1595,18,2
6174,1595,21,12
6175,1595,23,9
6176,1595,7,0
6177,1596,17,23
6178,1596,20,6
6179,1596,21,3
6180,1597,16,24
6181,1597,21,2
6182,1597,11,4
6183,1597,4,10
6184,1597,14,0
6185,1597,6,24
6186,1597,3,23
6187,1598,24,6
6188,1598,22,12
6189,1598,14,7
6190,1598,20,6
6191,1598,21,7
6192,1598,1,16
6193,1598,20,18
6194,1599,19,20
6195,1599,14,2
6196,1599,4,11
6197,1599,7,15
6198,1599,6,4
6199,1599,23,7
6200,1599,11,17
6201,1600,3,11
6202,1600,6,4
6203,1600,19,1
6204,1600,9,0
6205,1600,11,0
6206,1601,12,15
6207,1601,4,19
6208,1601,6,2
6209,1602,22,10
6210,1602,12,8
6211,1602,11,3
6212,1603,4,11
6213,1603,23,9
6214,1603,17,15
6215,1603,2,15
6216,1603,19,15
6217,1604,19,13
6218,1604,16,5
6219,1604,14,0
6220,1604,12,14
6221,1605,3,23
6222,1605,20,5
6223,1605,2,0
6224,1605,10,0
6225,1606,16,18
6226,1606,13,10
6227,1606,7,19
6228,1606,6,23
6229,1606,16,22
6230,1607,2,5
6231,1607,4,21
6232,1607,6,15
6233,1607,10,4
6234,1608,10,18
6235,1608,10,21
6236,1608,18,16
6237,1608,4,12
6238,1608,17,6
6239,1608,22,10
6240,1608,8,2
6241,1608,19,1
6242,1609,10,16
6243,1609,12,6
6244,1610,19,3
6245,1610,4,21
6246,1610,10,23
6247,1610,1,15
6248,1610,16,4
6249,1611,12,15
6250,1611,14,2
6251,1611,4,15
6252,1611,23,2
6253,1612,14,6
6254,1612,13,10
6255,1613,19,7
6256,1613,22,24
6257,1613,17,21
6258,1613,20,4
6259,1613,23,6
6260,1614,24,18
6261,1614,19,2
6262,1614,23,1
6263,1614,3,16
6264,1615,24,18
6265,1616,3,12
6266,1616,6,23
6267,1617,24,2
6268,1617,22,5
6269,1617,13,21
6270,1617,17,21
6271,1617,17,7
6272,1617,24,20
6273,1618,1,17
6274,1618,15,4
6275,1618,16,4
6276,1619,11,1
6277,1619,19,20
6278,1619,14,21
6279,1620,5,3
6280,1620,18,1
6281,1621,15,11
6282,1621,7,1
6283,1622,23,12
6284,1622,5,17
6285,1622,18,6
6286,1622,4,21
6287,1622,15,4
6288,1622,1,17
6289,1623,5,23
6290,1623,3,11
6291,1623,1,9
6292,1623,8,20
6293,1623,8,6
6294,1624,0,22
6295,1624,4,23
6296,1624,11,18
6297,1625,4,2
6298,1625,13,22
6299,1625,8,16
6300,1625,18,10
6301,1626,9,7
6302,1626,8,24
6303,1626,2,15
6304,1626,1,20
6305,1627,23,14
6306,1627,24,5
6307,1627,24,16
6308,1627,12,6
6309,1627,18,15
6310,1627,6,24
6311,1627,13,4
6312,1628,6,18
6313,1628,11,8
6314,1628,2,23
6315,1629,9,19
6316,1629,11,19
6317,1630,1,15
6318,1631,18,21
6319,1631,19,11
6320,1631,4,17
6321,1632,5,15
6322,1632,22,9
6323,1632,18,12
6324,1632,14,15
6325,1632,22,1
6326,1632,5,22
6327,1632,24,18
6328,1632,7,18
6329,1633,0,24
6330,1633,19,17
6331,1633,2,21
6332,1633,12,23
6333,1633,11,17
6334,1633,20,11
6335,1633,22,6
6336,1634,12,20
6337,1634,19,7
6338,1634,16,19
6339,1634,23,8
6340,1635,0,15
6341,1635,13,21
6342,1635,8,11
6343,1635,18,1
6344,1635,23,17
6345,1636,1,5
6346,1636,1,11
6347,1636,20,18
6348,1636,4,14
6349,1636,11,3
6350,1636,6,8
6351,1637,3,10
6352,1637,9,16
6353,1637,14,10
6354,1637,12,2
6355,1637,1,14
6356,1638,7,1
6357,1638,17,3
6358,1638,20,11
6359,1639,21,4
6360,1639,8,12
6361,1639,23,21
6362,1639,20,5
6363,1639,5,11
6364,1639,12,24
6365,1640,2,4
6366,1640,0,13
6367,1641,20,8
6368,1641,13,6
6369,1641,22,15
6370,1641,6,22
6371,1641,11,7
6372,1641,4,23
6373,1642,15,14
6374,1642,11,7
6375,1642,12,5
6376,1642,6,22
6377,1642,12,19
6378,1642,9,7
6379,1643,1,19
6380,1643,23,6
6381,1643,22,15
6382,1643,6,15
6383,1644,2,4
6384,1644,11,22
6385,1644,8,22
6386,1645,18,21
6387,1645,13,7
6388,1645,0,22
6389,1645,12,2
6390,1645,10,22
6391,1646,22,14
6392,1646,16,1
6393,1647,18,24
6394,1647,20,19
6395,1647,6,17
6396,1648,7,13
6397,1648,1,16
6398,1649,1,10
6399,1649,7,1
6400,1649,4,21
6401,1649,11,13
6402,1649,0,3
6403,1649,19,16
6404,1650,17,2
6405,1651,20,4
6406,1652,21,18
6407,1652,3,19
6408,1652,1,5
6409,1653,17,14
6410,1653,18,8
6411,1653,6,4
6412,1653,2,4
6413,1653,19,7
6414,1653,17,6
6415,1653,3,0
6416,1654,7,22
6417,1654,0,10
6418,1654,8,23
6419,1654,20,14
6420,1655,13,23
6421,1655,13,23
6422,1655,17,4
6423,1656,12,4
6424,1656,19,23
6425,1656,5,16
6426,1657,18,7
6427,1657,21,7
6428,1657,4,16
6429,1657,16,3
6430,1657,6,8
6431,1658,3,7
6432,1658,7,4
6433,1658,21,5
6434,1658,9,22
6435,1658,24,2
6436,1658,13,20
6437,1658,9,18
6438,1658,3,22
6439,1659,0,16
6440,1660,14,1
6441,1660,7,19
6442,1660,19,9
6443,1661,10,6
6444,1661,6,0
6445,1662,5,9
6446,1662,21,23
6447,1662,11,17
6448,1662,17,15
6449,1662,20,11
6450,1663,7,11
6451,1663,22,7
6452,1663,15,3
6453,1664,21,6
6454,1664,12,16
6455,1664,8,15
6456,1664,3,9
6457,1664,2,12
6458,1664,0,23
6459,1665,23,3
6460,1665,5,12
6461,1665,8,5
6462,1666,2,0
6463,1666,18,8
6464,1667,20,17
6465,1667,16,8
6466,1667,3,13
6467,1667,20,2
6468,1668,9,6
6469,1668,6,12
6470,1668,13,21
6471,1668,3,21
6472,1668,12,23
6473,1668,4,6
6474,1669,8,21
6475,1669,22,12
6476,1669,9,19
6477,1669,17,2
6478,1669,21,4
6479,1670,12,8
6480,1670,4,12
6481,1670,24,15
6482,1671,15,18
6483,1671,13,19
6484,1671,15,4
6485,1672,11,18
6486,1672,9,2
6487,1673,23,20
6488,1673,6,15
6489,1673,22,14
6490,1673,12,4
6491,1673,8,14
6492,1674,11,18
6493,1674,1,15
6494,1674,14,5
6495,1674,4,24
6496,1674,5,2
6497,1674,11,19
6498,1674,18,4
6499,1674,22,13
6500,1675,1,8
6501,1675,3,10
6502,1675,13,7
6503,1675,3,18
6504,1676,24,3
6505,1676,0,21
6506,1677,18,10
6507,1677,10,21
6508,1677,14,24
6509,1678,1,16
6510,1678,20,24
6511,1678,8,0
6512,1678,16,12
6513,1678,7,3
6514,1678,8,15
6515,1679,18,8
6516,1679,0,2
6517,1679,3,6
6518,1679,14,23
6519,1680,15,4
6520,1680,0,13
6521,1680,12,3
6522,1680,1,12
6523,1681,17,8
6524,1681,13,23
6525,1681,13,16
6526,1681,24,21
6527,1682,5,20
6528,1682,14,20
6529,1682,23,11
6530,1682,1,12
6531,1682,9,7
6532,1682,20,1
6533,1682,8,23
6534,1682,19,17
6535,1682,24,4
6536,1682,9,6
6537,1682,15,5
6538,1683,19,15
6539,1683,11,15
6540,1683,0,4
6541,1684,6,9
6542,1684,24,17
6543,1684,22,15
6544,1684,3,22
6545,1684,20,8
6546,1685,23,10
6547,1685,22,10
6548,1685,14,23
6549,1685,6,14
6550,1686,6,2
6551,1686,12,23
6552,1686,3,14
6553,1687,11,5
6554,1687,22,9
6555,1688,7,18
6556,1688,1,9
6557,1688,17,2
6558,1688,17,14
6559,1688,14,23
6560,1689,20,7
6561,1689,22,19
6562,1689,23,7
6563,1689,17,24
6564,1690,24,15
6565,1691,10,21
6566,1691,16,7
6567,1691,19,1
6568,1691,15,19
6569,1691,0,24
6570,1692,8,21
6571,1692,5,8
6572,1692,19,3
6573,1692,18,12
6574,1692,6,24
6575,1693,15,12
6576,1693,7,11
6577,1693,9,11
6578,1693,12,21
6579,1694,24,6
6580,1694,2,15
6581,1695,4,17
6582,1695,17,11
6583,1695,16,20
6584,1695,21,8
6585,1696,24,12
6586,1696,7,0
6587,1696,4,7
6588,1696,14,12
6589,1696,10,16
6590,1697,0,2
6591,1697,6,23
6592,1697,5,12
6593,1697,8,15
6594,1698,12,3
6595,1698,14,5
6596,1698,14,23
6597,1698,13,15
6598,1699,24,8
6599,1699,3,5
6600,1699,12,3
6601,1699,15,13
6602,1699,17,14
6603,1700,4,0
6604,1700,24,4
6605,1700,14,10
6606,1700,21,4
6607,1700,2,9
6608,1701,1,22
6609,1701,6,19
6610,1702,10,20
6611,1702,11,0
6612,1702,1,4
6613,1704,24,21
6614,1704,8,4
6615,1704,0,10
6616,1704,13,10
6617,1704,9,0
6618,1704,12,23
6619,1704,11,5
6620,1705,4,11
6621,1706,10,7
6622,1706,10,3
6623,1706,4,6
6624,1706,1,22
6625,1706,20,24
6626,1706,18,12
6627,1707,0,24
6628,1707,12,21
6629,1708,19,10
6630,1708,24,5
6631,1708,6,8
6632,1709,24,5
6633,1709,9,12
6634,1710,2,11
6635,1710,13,4
6636,1710,11,24
6637,1710,7,24
6638,1710,18,3
6639,1710,8,20
6640,1711,0,2
6641,1711,9,20
6642,1711,6,0
6643,1712,14,0
6644,1712,20,3
6645,1712,14,22
6646,1712,14,12
6647,1712,14,20
6648,1712,2,6
6649,1712,15,9
6650,1712,24,18
6651,1712,0,6
6652,1713,15,4
6653,1713,4,5
6654,1714,6,24
6655,1714,11,23
6656,1714,15,22
6657,1714,18,10
6658,1714,15,0
6659,1714,3,10
6660,1715,13,4
6661,1715,2,21
6662,1715,19,22
6663,1715,15,22
6664,1715,2,5
6665,1715,24,18
6666,1715,14,2
6667,1716,16,10
6668,1716,2,15
6669,1716,5,17
6670,1717,20,12
6671,1717,6,23
6672,1717,19,15
6673,1717,14,0
6674,1717,13,11
6675,1717,1,16
6676,1717,24,16
6677,1717,2,6
6678,1718,0,8
6679,1718,13,2
6680,1718,8,15
6681,1718,3,19
6682,1718,24,10
6683,1719,11,22
6684,1719,11,13
6685,1719,11,19
6686,1720,23,21
6687,1720,5,9
6688,1720,24,10
6689,1721,24,18
6690,1721,11,5
6691,1721,4,2
6692,1721,15,19
6693,1721,23,3
6694,1722,20,10
6695,1722,2,19
6696,1722,5,24
6697,1722,9,22
6698,1722,16,7
6699,1722,6,20
6700,1722,13,0
6701,1723,3,14
6702,1723,3,23
6703,1723,6,20
6704,1723,10,20
6705,1723,0,15
6706,1723,19,1
6707,1724,16,12
6708,1724,21,4
6709,1724,5,24
6710,1724,9,5
6711,1725,22,14
6712,1725,0,4
6713,1725,4,10
6714,1725,20,4
6715,1725,9,20
6716,1726,5,24
6717,1726,2,9
6718,1727,6,22
6719,1727,12,5
6720,1727,22,15
6721,1728,16,10
6722,1729,5,17
6723,1729,23,20
6724,1729,16,18
6725,1729,7,10
6726,1729,20,2
6727,1729,9,17
6728,1730,16,18
6729,1730,2,10
6730,1730,11,0
6731,1731,10,17
6732,1731,22,19
6733,1731,8,2
6734,1732,1,21
6735,1732,4,18
6736,1732,24,5
6737,1732,22,10
6738,1732,21,3
6739,1732,7,1
6740,1733,7,11
6741,1734,18,22
6742,1734,6,12
6743,1734,21,15
6744,1734,18,9
6745,1734,16,3
6746,1734,19,3
6747,1735,3,21
6748,1735,0,20
6749,1735,10,19
6750,1736,18,14
6751,1736,21,23
6752,1736,9,2
6753,1736,15,7
6754,1737,6,3
6755,1737,2,5
6756,1737,2,20
6757,1738,20,4
6758,1738,23,16
6759,1738,1,3
6760,1739,13,24
6761,1739,19,23
6762,1740,17,9
6763,1740,14,24
6764,1740,11,23
6765,1740,12,19
6766,1741,8,2
6767,1742,4,7
6768,1742,7,24
6769,1743,10,22
6770,1743,14,7
6771,1743,24,10
6772,1744,24,21
6773,1745,18,7
6774,1745,11,20
6775,1745,24,2
6776,1745,19,7
6777,1746,19,22
6778,1746,16,2
6779,1746,24,6
6780,1746,22,2
6781,1746,18,6
6782,1747,18,9
6783,1747,22,15
6784,1747,23,5
6785,1747,17,2
6786,1747,14,23
6787,1747,24,17
6788,1748,16,0
6789,1748,4,15
6790,1748,22,8
6791,1748,2,16
6792,1748,22,4
6793,1749,4,21
6794,1749,17,0
6795,1749,10,3
6796,1749,8,2
6797,1750,11,0
6798,1750,8,21
6799,1750,6,4
6800,1750,6,15
6801,1751,20,18
6802,1751,23,7
6803,1751,22,14
6804,1751,19,20
6805,1751,18,9
6806,1751,0,14
6807,1751,10,24
6808,1752,9,11
6809,1752,9,6
6810,1752,9,22
6811,1752,21,4
6812,1752,8,2
6813,1752,8,11
6814,1753,16,7
6815,1753,14,2
6816,1753,23,16
6817,1753,5,19
6818,1753,21,11
6819,1753,1,9
6820,1754,22,4
6821,1754,6,15
6822,1754,6,12
6823,1754,7,19
6824,1754,0,14
6825,1755,7,17
6826,1755,2,11
6827,1755,13,23
6828,1755,20,5
6829,1755,9,23
6830,1755,0,22
6831,1755,4,19
6832,1756,21,7
6833,1756,17,7
6834,1756,23,15
6835,1757,24,8
6836,1757,24,17
6837,1757,11,18
6838,1757,19,3
6839,1757,23,4
6840,1758,10,1
6841,1758,11,4
6842,1758,13,1
6843,1758,1,7
6844,1759,16,23
6845,1759,8,0
6846,1759,8,19
6847,1759,20,24
6848,1760,23,21
6849,1760,24,18
6850,1760,15,4
6851,1762,4,20
6852,1762,20,1
6853,1762,17,0
6854,1763,10,23
6855,1763,1,10
6856,1763,3,0
6857,1763,0,10
6858,1764,22,4
6859,1765,8,10
6860,1765,12,22
6861,1765,1,5
6862,1765,19,16
6863,1765,8,21
6864,1765,2,22
6865,1765,21,7
6866,1766,23,11
6867,1766,6,17
6868,1766,4,5
6869,1766,14,22
6870,1767,24,13
6871,1767,7,20
6872,1768,19,8
6873,1768,7,1
6874,1768,12,23
6875,1768,9,15
6876,1768,4,17
6877,1769,9,6
6878,1769,12,10
6879,1770,2,5
6880,1770,1,24
6881,1770,3,13
6882,1770,24,15
6883,1771,12,8
6884,1771,23,15
6885,1771,3,9
6886,1772,12,24
6887,1772,4,20
6888,1772,16,10
6889,1772,2,10
6890,1773,3,9
6891,1774,12,14
6892,1774,2,11
6893,1774,16,24
6894,1774,16,7
6895,1774,23,5
6896,1774,0,17
6897,1775,20,0
6898,1775,18,24
6899,1775,13,7
6900,1775,6,2
6901,1776,19,1
6902,1776,0,9
6903,1776,0,4
6904,1776,9,22
6905,1777,20,3
6906,1777,20,3
6907,1777,0,16
6908,1777,4,7
6909,1778,21,2
6910,1778,20,16
6911,1779,10,13
6912,1779,10,6
6913,1779,3,7
6914,1779,21,6
6915,1779,16,10
6916,1780,1,9
6917,1780,8,24
6918,1780,8,20
6919,1780,5,4
6920,1781,15,24
6921,1781,4,19
6922,1781,16,10
6923,1782,2,10
6924,1782,7,1
6925,1782,13,3
6926,1782,6,20
6927,1782,0,14
6928,1782,17,8
6929,1782,19,13
6930,1783,6,8
6931,1783,1,7
6932,1783,22,7
6933,1784,5,17
6934,1784,4,13
6935,1785,3,24
6936,1785,10,21
6937,1786,21,19
6938,1786,7,16
6939,1786,2,4
6940,1786,19,8
6941,1786,17,10
6942,1787,11,2
6943,1787,4,19
6944,1787,14,15
6945,1787,11,3
6946,1787,5,13
6947,1788,0,20
6948,1788,17,10
6949,1789,14,8
6950,1789,14,23
6951,1789,16,3
6952,1789,24,20
6953,1789,22,18
6954,1790,7,20
6955,1790,17,11
6956,1791,12,8
6957,1791,0,22
6958,1791,4,18
6959,1792,18,15
6960,1792,5,22
6961,1793,12,0
6962,1793,2,19
6963,1793,23,11
6964,1794,3,12
6965,1794,10,0
6966,1794,11,0
6967,1794,15,1
6968,1795,2,16
6969,1795,12,20
6970,1795,9,24
6971,1795,14,8
6972,1795,5,14
6973,1795,24,12
6974,1795,24,2
6975,1796,11,22
6976,1797,11,5
6977,1797,10,13
6978,1797,0,14
6979,1797,20,22
6980,1798,2,6
6981,1798,4,12
6982,1798,16,18
6983,1799,15,0
6984,1799,19,21
6985,1799,6,14
6986,1799,4,10
6987,1799,4,5
