veh_id,t_depart,origin,dest
0,0,22,11
1,0,1,10
2,0,14,20
3,1,1,7
4,1,14,11
5,1,9,5
6,2,9,0
7,2,14,4
8,2,14,21
9,2,4,11
10,3,3,22
11,3,3,13
12,4,21,24
13,4,6,18
14,4,22,16
15,5,20,3
16,5,18,21
17,5,1,21
18,5,4,1
19,5,17,10
20,6,14,24
21,6,16,2
22,6,19,2
23,6,13,16
24,6,24,14
25,7,9,3
26,7,24,11
27,7,14,1
28,7,2,19
29,7,5,12
30,8,19,15
31,8,14,18
32,9,14,7
33,9,24,18
34,9,4,7
35,9,1,8
36,9,22,9
37,9,0,21
38,9,22,3
39,10,8,21
40,10,8,6
41,10,13,4
42,10,2,11
43,11,14,0
44,11,12,0
45,11,13,4
46,11,5,1
47,11,10,23
48,11,1,23
49,12,6,20
50,12,18,3
51,12,22,1
52,12,15,9
53,12,12,15
54,12,20,5
55,14,14,22
56,14,0,15
57,14,6,22
58,15,17,7
59,15,13,2
60,15,23,15
61,15,6,3
62,16,20,11
63,16,10,14
64,16,13,3
65,16,12,1
66,16,3,14
67,17,3,14
68,17,7,18
69,17,20,4
70,17,22,8
71,18,22,11
72,18,13,0
73,18,0,23
74,19,17,20
75,19,0,9
76,19,12,23
77,20,12,4
78,20,14,22
79,21,14,12
80,22,3,18
81,22,1,21
82,22,16,3
83,23,11,3
84,23,9,13
85,23,14,3
86,23,1,20
87,23,15,12
88,24,8,0
89,24,1,15
90,24,10,3
91,25,21,11
92,26,11,1
93,26,9,17
94,26,0,15
95,26,22,18
96,26,15,11
97,26,1,10
98,27,18,6
99,27,14,0
100,27,20,0
101,28,1,14
102,28,12,22
103,28,1,5
104,28,1,7
105,29,17,0
106,29,18,5
107,30,23,10
108,30,5,11
109,30,2,18
110,31,7,11
111,31,18,11
112,31,10,22
113,32,3,16
114,32,6,3
115,32,1,12
116,33,10,4
117,33,23,17
118,33,1,20
119,33,19,4
120,33,21,13
121,33,1,10
122,33,19,12
123,34,21,14
124,34,7,13
125,34,7,17
126,34,4,18
127,35,13,20
128,35,5,15
129,35,15,5
130,36,7,16
131,37,19,13
132,37,11,17
133,37,13,9
134,38,3,14
135,38,0,14
136,39,17,20
137,39,9,22
138,39,12,14
139,39,7,13
140,40,23,6
141,40,15,9
142,41,14,17
143,42,17,7
144,42,4,17
145,42,1,11
146,42,5,9
147,43,14,2
148,43,12,4
149,43,3,20
150,43,7,23
151,43,6,2
152,43,11,13
153,43,11,3
154,44,15,9
155,44,22,24
156,44,11,22
157,44,23,19
158,44,9,3
159,45,11,1
160,45,2,15
161,46,3,23
162,46,7,5
163,46,1,19
164,46,15,14
165,47,2,8
166,47,12,1
167,48,1,10
168,48,19,17
169,49,20,1
170,49,3,16
171,49,9,7
172,50,15,13
173,50,20,2
174,50,17,6
175,50,24,12
176,50,6,18
177,50,9,18
178,51,16,18
179,51,13,3
180,51,3,14
181,52,9,12
182,52,21,11
183,52,4,13
184,52,22,6
185,53,12,24
186,53,4,24
187,53,5,21
188,54,5,18
189,54,3,13
190,54,10,13
191,54,12,1
192,55,7,10
193,55,18,2
194,56,1,17
195,56,15,18
196,56,13,4
197,56,2,19
198,56,2,20
199,56,4,22
200,56,5,13
201,56,11,3
202,57,17,19
203,57,15,8
204,57,22,10
205,58,0,21
206,58,12,16
207,58,16,0
208,58,21,11
209,58,12,6
210,58,11,17
211,58,4,12
212,58,17,23
213,59,6,17
214,59,1,22
215,59,24,16
216,60,12,15
217,60,24,6
218,60,19,9
219,60,9,3
220,60,5,14
221,60,23,5
222,60,9,15
223,61,1,12
224,61,6,4
225,61,16,10
226,62,12,6
227,62,22,4
228,62,22,4
229,62,16,14
230,63,10,6
231,63,24,2
232,63,11,4
233,63,8,19
234,63,3,0
235,63,2,22
236,63,3,10
237,64,0,20
238,64,5,16
239,64,5,16
240,64,22,5
241,64,20,18
242,65,3,14
243,66,11,13
244,66,12,23
245,66,14,23
246,66,24,2
247,67,17,10
248,67,15,2
249,67,18,2
250,67,24,1
251,67,1,21
252,68,13,21
253,68,15,0
254,69,10,21
255,69,11,21
256,70,19,9
257,70,20,10
258,70,11,19
259,70,8,4
260,70,13,15
261,71,2,13
262,71,4,11
263,71,14,3
264,72,20,10
265,72,5,13
266,72,8,5
267,73,14,22
268,73,7,21
269,73,0,3
270,73,9,23
271,73,3,11
272,73,2,19
273,74,10,3
274,74,10,23
275,74,9,19
276,75,2,21
277,75,24,20
278,75,21,5
279,75,6,9
280,75,18,15
281,76,8,11
282,76,10,2
283,76,18,24
284,76,22,7
285,77,11,5
286,77,19,16
287,77,16,4
288,77,7,16
289,77,13,1
290,78,9,11
291,78,24,0
292,78,4,13
293,78,20,19
294,78,0,3
295,78,24,9
296,79,4,19
297,79,9,1
298,79,21,12
299,79,18,10
300,79,12,16
301,79,20,5
302,79,16,13
303,80,24,15
304,80,20,0
305,80,4,24
306,80,10,8
307,80,16,2
308,80,24,14
309,81,21,17
310,81,0,12
311,82,14,21
312,82,0,8
313,82,14,22
314,82,5,3
315,83,0,7
316,83,14,15
317,83,24,22
318,83,24,6
319,83,15,0
320,83,21,7
321,83,22,10
322,83,18,1
323,84,7,1
324,84,14,10
325,84,18,12
326,84,5,3
327,84,18,6
328,84,16,5
329,85,9,22
330,85,14,10
331,85,8,16
332,85,3,22
333,85,14,1
334,85,4,0
335,86,15,14
336,86,16,18
337,86,21,5
338,86,12,4
339,86,21,17
340,87,17,3
341,87,8,22
342,88,4,19
343,88,8,22
344,88,19,9
345,89,18,1
346,89,3,15
347,89,3,22
348,89,8,0
349,90,3,0
350,90,18,2
351,90,8,20
352,90,19,7
353,90,16,5
354,90,22,12
355,90,19,8
356,91,12,23
357,91,24,3
358,92,19,5
359,92,19,5
360,92,22,24
361,92,9,18
362,93,10,14
363,93,1,17
364,93,13,9
365,93,19,16
366,93,14,24
367,93,15,1
368,94,19,3
369,94,24,13
370,94,11,20
371,94,13,2
372,95,7,11
373,95,4,16
374,95,4,6
375,95,6,20
376,95,17,5
377,95,22,4
378,95,3,7
379,96,14,16
380,96,23,17
381,96,15,22
382,96,16,1
383,97,4,1
384,97,20,23
385,97,7,20
386,97,14,11
387,97,1,17
388,97,4,0
389,98,12,23
390,98,8,16
391,98,24,22
392,98,22,24
393,99,16,8
394,99,20,22
395,99,11,9
396,99,7,9
397,99,7,16
398,100,18,3
399,100,6,19
400,101,8,21
401,101,22,16
402,101,20,8
403,101,11,20
404,102,22,9
405,102,14,21
406,102,16,8
407,102,13,19
408,103,24,11
409,103,3,15
410,103,6,24
411,103,4,1
412,104,12,3
413,105,8,17
414,105,20,23
415,105,10,23
416,105,15,7
417,106,3,0
418,106,0,11
419,106,5,16
420,106,21,17
421,106,0,12
422,107,7,24
423,107,12,14
424,107,8,19
425,108,6,21
426,108,20,22
427,108,24,6
428,108,8,15
429,109,19,15
430,109,7,16
431,109,11,4
432,109,1,4
433,109,14,4
434,110,8,21
435,110,22,0
436,111,22,13
437,111,5,18
438,111,22,18
439,112,10,17
440,112,2,24
441,112,23,14
442,112,8,0
443,113,16,1
444,113,0,18
445,113,2,11
446,113,17,15
447,114,5,7
448,114,24,8
449,114,10,2
450,115,13,23
451,115,4,1
452,116,15,24
453,116,2,11
454,116,18,12
455,116,23,6
456,117,7,10
457,118,21,9
458,118,17,1
459,119,0,9
460,119,5,24
461,119,20,23
462,120,9,13
463,120,24,17
464,120,14,3
465,121,23,20
466,122,4,7
467,122,0,10
468,123,8,24
469,123,1,3
470,123,6,0
471,123,19,11
472,124,24,13
473,124,13,22
474,124,13,24
475,125,2,5
476,125,5,13
477,125,20,4
478,126,22,20
479,126,2,17
480,127,15,1
481,128,6,14
482,128,22,15
483,129,11,19
484,129,15,24
485,129,8,14
486,129,0,18
487,130,12,20
488,130,0,11
489,130,14,2
490,130,24,12
491,130,4,21
492,130,2,16
493,130,12,15
494,130,12,18
495,130,10,12
496,131,19,21
497,131,9,22
498,131,22,11
499,131,13,7
500,132,7,10
501,132,23,2
502,132,11,22
503,132,16,18
504,132,23,0
505,133,9,5
506,133,19,5
507,134,23,19
508,134,2,11
509,134,1,17
510,135,6,18
511,135,3,23
512,135,4,23
513,135,9,2
514,135,21,6
515,135,14,23
516,136,12,2
517,136,22,12
518,136,23,6
519,136,15,1
520,136,8,15
521,136,5,13
522,137,11,17
523,137,7,14
524,137,8,15
525,137,23,11
526,137,24,14
527,138,12,19
528,138,15,9
529,139,18,7
530,139,10,9
531,139,2,5
532,140,19,12
533,140,14,15
534,140,2,22
535,140,20,19
536,140,5,7
537,141,8,5
538,141,8,1
539,141,24,17
540,141,2,5
541,142,15,3
542,143,24,1
543,143,4,21
544,143,12,21
545,144,7,22
546,144,12,5
547,144,10,4
548,144,12,8
549,144,4,2
550,145,10,24
551,145,0,8
552,145,14,12
553,146,24,2
554,146,5,2
555,146,16,14
556,146,5,18
557,147,16,13
558,147,0,22
559,147,24,8
560,147,11,15
561,147,9,12
562,147,18,20
563,147,3,24
564,147,17,5
565,148,18,2
566,148,23,16
567,148,14,0
568,148,2,22
569,148,19,13
570,148,20,11
571,149,21,1
572,149,21,23
573,149,19,12
574,150,12,14
575,150,20,10
576,150,17,4
577,150,4,2
578,151,4,21
579,151,12,19
580,152,15,8
581,152,5,14
582,152,18,24
583,152,8,14
584,153,15,21
585,153,21,24
586,153,0,22
587,154,10,18
588,154,24,12
589,154,15,1
590,154,13,9
591,154,16,6
592,155,17,5
593,155,18,7
594,155,0,24
595,155,1,14
596,156,19,11
597,156,11,8
598,156,14,24
599,156,24,0
600,157,14,11
601,157,10,14
602,157,12,18
603,158,16,8
604,159,11,19
605,159,10,23
606,159,18,21
607,160,17,13
608,160,24,16
609,160,11,24
610,160,9,23
611,160,3,12
612,162,12,18
613,162,21,6
614,162,6,17
615,162,22,1
616,162,8,12
617,162,20,24
618,162,19,11
619,163,14,3
620,163,24,16
621,163,16,14
622,163,19,15
623,164,5,1
624,164,8,2
625,164,22,4
626,164,0,4
627,165,1,18
628,165,11,5
629,165,18,3
630,165,16,3
631,165,11,17
632,166,14,16
633,166,14,16
634,166,0,22
635,167,16,13
636,168,21,18
637,168,14,4
638,168,4,2
639,169,1,12
640,169,10,18
641,169,1,8
642,170,5,7
643,170,23,16
644,170,16,4
645,170,22,3
646,171,4,22
647,171,6,21
648,171,19,4
649,171,8,18
650,172,8,22
651,172,2,13
652,172,23,4
653,172,20,6
654,172,13,17
655,172,8,20
656,173,20,19
657,173,20,8
658,173,24,3
659,173,24,15
660,173,20,7
661,174,5,19
662,174,22,8
663,174,13,19
664,174,12,4
665,175,0,11
666,175,2,23
667,176,7,4
668,176,15,11
669,177,11,1
670,177,19,15
671,177,8,22
672,177,24,15
673,177,8,5
674,177,21,0
675,178,24,4
676,178,12,22
677,178,5,16
678,178,23,0
679,178,24,9
680,178,9,23
681,179,22,8
682,179,1,20
683,179,21,15
684,179,21,14
685,180,0,7
686,180,11,21
687,180,17,21
688,180,5,16
689,181,6,9
690,181,3,7
691,181,0,24
692,181,11,19
693,181,6,17
694,182,16,12
695,182,9,11
696,183,22,2
697,183,15,8
698,183,1,5
699,183,2,22
700,184,7,20
701,184,20,24
702,185,8,1
703,186,21,10
704,186,12,24
705,186,15,8
706,186,12,2
707,187,21,19
708,187,12,1
709,187,16,6
710,187,21,24
711,187,24,14
712,188,11,2
713,188,23,14
714,188,13,20
715,188,2,19
716,188,9,3
717,188,1,8
718,188,10,20
719,188,8,16
720,188,3,20
721,189,19,21
722,189,2,11
723,189,23,16
724,189,18,16
725,190,6,8
726,190,23,19
727,190,12,5
728,191,23,12
729,191,5,16
730,191,23,20
731,192,21,19
732,193,3,16
733,194,24,14
734,194,20,10
735,194,4,22
736,195,9,13
737,195,15,17
738,196,8,5
739,196,21,19
740,196,12,4
741,196,9,19
742,196,18,7
743,197,4,21
744,197,21,13
745,197,18,14
746,197,15,6
747,197,10,16
748,197,17,13
749,197,23,8
750,198,9,23
751,198,22,11
752,198,6,22
753,198,5,1
754,201,16,18
755,201,4,21
756,201,19,16
757,201,1,3
758,201,16,2
759,202,11,22
760,202,1,11
761,202,22,19
762,202,7,17
763,202,2,14
764,202,0,4
765,203,10,13
766,203,19,23
767,203,18,1
768,204,22,19
769,204,12,20
770,204,0,21
771,205,19,4
772,205,19,15
773,205,1,19
774,206,0,18
775,206,24,4
776,206,3,5
777,207,3,17
778,207,3,7
779,207,23,19
780,207,19,23
781,207,21,14
782,207,23,8
783,207,14,8
784,208,3,15
785,208,2,10
786,208,21,4
787,209,1,18
788,209,10,18
789,209,4,7
790,210,13,19
791,210,13,9
792,210,18,22
793,210,15,2
794,210,7,22
795,210,20,5
796,211,11,7
797,211,16,6
798,211,10,9
799,211,15,11
800,211,11,20
801,212,5,8
802,212,23,4
803,212,4,15
804,212,20,10
805,212,17,19
806,212,18,16
807,213,21,15
808,213,13,24
809,213,9,18
810,213,7,14
811,213,15,3
812,214,0,9
813,215,24,10
814,216,13,17
815,216,10,19
816,216,4,7
817,217,17,13
818,217,21,7
819,217,10,0
820,217,11,4
821,218,15,19
822,218,7,21
823,218,1,17
824,218,19,15
825,218,17,13
826,219,19,17
827,219,0,22
828,220,13,15
829,220,24,1
830,221,5,20
831,221,11,14
832,222,13,20
833,222,24,7
834,222,3,18
835,222,4,19
836,222,23,20
837,222,14,10
838,223,7,10
839,223,8,11
840,223,19,12
841,224,2,6
842,224,24,2
843,224,9,6
844,224,1,12
845,224,21,0
846,224,13,7
847,225,3,16
848,225,4,13
849,225,21,10
850,226,1,19
851,226,10,20
852,226,15,5
853,227,8,19
854,227,14,22
855,227,7,21
856,227,19,20
857,227,3,23
858,228,14,10
859,228,14,16
860,228,16,5
861,228,15,7
862,228,11,14
863,228,1,11
864,229,17,0
865,229,9,17
866,229,7,24
867,229,17,2
868,230,21,3
869,230,10,17
870,230,11,23
871,230,15,17
872,231,15,12
873,231,19,21
874,231,12,24
875,231,17,21
876,232,4,12
877,232,14,21
878,232,19,8
879,232,15,0
880,232,0,24
881,233,13,23
882,233,3,9
883,233,15,2
884,234,14,6
885,234,9,12
886,234,4,19
887,235,19,4
888,236,11,14
889,236,12,3
890,237,11,9
891,237,7,10
892,237,14,5
893,237,5,8
894,237,23,5
895,238,19,21
896,238,22,8
897,238,15,7
898,239,9,16
899,239,12,9
900,239,6,22
901,239,21,7
902,239,18,16
903,239,3,7
904,240,14,24
905,240,23,10
906,240,6,12
907,241,9,13
908,241,18,4
909,242,6,8
910,242,9,10
911,242,24,10
912,242,9,17
913,243,0,21
914,243,8,14
915,243,19,17
916,243,11,23
917,243,6,13
918,244,23,0
919,244,9,5
920,244,3,15
921,244,1,8
922,244,12,8
923,244,17,9
924,244,19,17
925,245,22,0
926,245,1,17
927,245,18,6
928,246,5,24
929,247,1,10
930,247,18,6
931,248,4,22
932,248,21,3
933,249,19,13
934,249,12,8
935,249,5,12
936,249,6,4
937,250,2,13
938,250,16,6
939,251,19,6
940,251,15,12
941,251,11,23
942,251,23,17
943,251,6,12
944,251,18,22
945,252,12,4
946,252,0,6
947,253,2,10
948,253,19,1
949,253,11,19
950,254,10,13
951,255,1,4
952,256,7,13
953,256,24,15
954,257,13,16
955,257,17,3
956,257,19,3
957,257,1,10
958,257,9,3
959,257,11,17
960,257,15,21
961,258,3,0
962,258,19,17
963,258,13,20
964,258,11,23
965,258,8,24
966,259,1,13
967,259,1,17
968,259,1,7
969,259,14,1
970,259,8,12
971,259,21,23
972,260,10,7
973,260,3,15
974,260,2,12
975,260,6,10
976,260,24,5
977,260,13,7
978,261,11,17
979,261,24,8
980,261,6,8
981,261,3,14
982,261,9,5
983,261,13,22
984,261,0,8
985,261,15,2
986,261,7,3
987,262,12,19
988,262,18,3
989,262,13,4
990,262,1,19
991,262,1,16
992,262,7,13
993,263,6,15
994,263,7,1
995,263,20,22
996,263,1,4
997,263,5,2
998,263,15,6
999,263,17,7
1000,264,0,8
1001,264,24,10
1002,264,16,14
1003,264,17,7
1004,264,4,21
1005,264,23,8
1006,265,13,19
1007,265,4,1
1008,265,15,19
1009,266,18,15
1010,266,21,14
1011,266,20,1
1012,266,13,6
1013,266,21,6
1014,266,4,16
1015,267,6,2
1016,268,17,9
1017,268,15,14
1018,268,19,11
1019,269,20,9
1020,269,18,20
1021,269,8,2
1022,269,3,18
1023,270,20,24
1024,270,1,7
1025,270,0,21
1026,271,3,20
1027,271,7,15
1028,271,13,4
1029,271,15,0
1030,271,4,6
1031,272,20,0
1032,272,14,8
1033,272,6,0
1034,272,21,2
1035,273,3,21
1036,273,12,24
1037,273,2,19
1038,273,16,19
1039,274,22,3
1040,275,8,12
1041,275,8,15
1042,275,20,17
1043,275,1,12
1044,275,8,24
1045,275,13,11
1046,276,7,19
1047,276,7,13
1048,276,22,8
1049,276,0,21
1050,276,13,22
1051,276,22,7
1052,277,16,6
1053,277,12,8
1054,277,23,13
1055,277,17,24
1056,277,5,16
1057,278,16,1
1058,278,14,1
1059,278,13,3
1060,279,24,17
1061,279,9,17
1062,279,11,1
1063,279,14,4
1064,279,13,21
1065,279,14,7
1066,279,5,8
1067,279,18,24
1068,279,20,18
1069,279,20,11
1070,279,0,15
1071,279,12,0
1072,280,21,11
1073,280,21,9
1074,280,2,4
1075,280,18,3
1076,280,6,18
1077,281,23,0
1078,281,14,3
1079,281,5,15
1080,281,7,11
1081,281,6,19
1082,281,9,21
1083,281,4,18
1084,281,13,19
1085,282,1,13
1086,282,3,11
1087,283,4,11
1088,283,21,0
1089,283,1,10
1090,283,24,3
1091,284,0,15
1092,284,6,9
1093,284,4,6
1094,285,16,24
1095,285,2,20
1096,285,12,18
1097,285,12,3
1098,286,3,9
1099,286,23,15
1100,287,13,20
1101,287,1,24
1102,287,13,15
1103,287,0,13
1104,288,13,24
1105,288,0,7
1106,288,2,6
1107,288,4,5
1108,288,8,11
1109,289,13,3
1110,290,1,24
1111,290,9,10
1112,290,5,17
1113,290,5,14
1114,290,21,12
1115,291,0,20
1116,292,20,13
1117,292,3,15
1118,292,8,12
1119,292,7,17
1120,292,18,10
1121,293,6,24
1122,293,12,8
1123,293,12,10
1124,293,22,13
1125,293,24,20
1126,293,9,5
1127,293,22,5
1128,294,0,14
1129,294,14,18
1130,294,1,4
1131,294,20,17
1132,295,3,13
1133,295,6,21
1134,295,18,0
1135,295,15,12
1136,296,21,9
1137,296,0,11
1138,296,16,22
1139,297,19,9
1140,297,6,14
1141,298,15,7
1142,298,12,4
1143,298,15,14
1144,298,3,23
1145,298,24,10
1146,298,24,9
1147,299,19,3
1148,299,16,19
1149,299,5,19
1150,299,24,0
1151,299,23,15
1152,300,4,16
1153,300,22,2
1154,300,6,20
1155,300,16,9
1156,301,11,3
1157,301,17,23
1158,301,21,14
1159,301,21,8
1160,301,3,5
1161,301,20,12
1162,302,19,9
1163,302,16,1
1164,303,15,7
1165,303,19,9
1166,303,22,2
1167,304,12,6
1168,305,23,5
1169,305,8,6
1170,305,22,24
1171,306,9,11
1172,306,0,4
1173,307,16,2
1174,307,15,17
1175,308,1,23
1176,308,13,9
1177,308,21,5
1178,308,8,1
1179,308,11,8
1180,308,12,18
1181,309,21,9
1182,309,13,11
1183,309,8,4
1184,309,23,2
1185,309,19,13
1186,310,21,5
1187,310,15,18
1188,311,19,10
1189,312,10,2
1190,313,18,5
1191,313,8,10
1192,313,23,12
1193,314,5,15
1194,314,3,15
1195,314,15,19
1196,314,13,16
1197,314,7,11
1198,315,14,6
1199,316,2,6
1200,316,5,21
1201,317,11,4
1202,317,9,0
1203,317,2,14
1204,318,5,21
1205,318,11,5
1206,318,5,9
1207,318,6,24
1208,318,24,5
1209,318,22,10
1210,319,14,8
1211,319,12,14
1212,319,10,23
1213,319,11,17
1214,319,8,5
1215,319,5,3
1216,319,17,3
1217,319,12,23
1218,319,19,21
1219,319,16,6
1220,320,22,5
1221,320,1,20
1222,320,22,2
1223,321,17,1
1224,321,7,3
1225,321,1,5
1226,322,20,19
1227,322,16,3
1228,322,13,0
1229,323,8,24
1230,323,0,3
1231,323,5,13
1232,323,0,19
1233,323,10,17
1234,324,20,23
1235,324,4,8
1236,324,18,12
1237,324,4,21
1238,324,21,0
1239,325,23,4
1240,325,11,18
1241,325,18,0
1242,326,11,5
1243,326,15,17
1244,326,23,16
1245,326,19,1
1246,327,5,24
1247,327,13,20
1248,327,18,16
1249,327,0,14
1250,327,22,1
1251,328,1,7
1252,328,18,14
1253,328,0,21
1254,329,1,17
1255,329,4,24
1256,330,10,23
1257,330,15,11
1258,331,24,6
1259,332,15,6
1260,332,11,15
1261,332,20,12
1262,332,7,18
1263,332,1,19
1264,333,24,7
1265,333,0,17
1266,333,24,12
1267,333,16,4
1268,333,8,14
1269,334,17,24
1270,334,22,15
1271,334,6,12
1272,335,17,19
1273,335,10,19
1274,336,6,4
1275,336,12,6
1276,336,6,14
1277,336,8,22
1278,336,22,24
1279,337,1,14
1280,337,3,15
1281,337,23,5
1282,337,12,3
1283,337,22,14
1284,337,24,21
1285,337,18,16
1286,338,14,2
1287,338,15,7
1288,338,11,5
1289,339,9,15
1290,339,2,9
1291,340,13,4
1292,340,14,18
1293,340,10,0
1294,340,16,1
1295,341,21,0
1296,341,2,15
1297,341,2,0
1298,341,12,22
1299,341,21,2
1300,342,1,11
1301,342,5,19
1302,342,4,22
1303,342,13,4
1304,342,13,11
1305,342,23,16
1306,342,21,11
1307,343,22,19
1308,343,13,6
1309,343,13,3
1310,343,20,9
1311,343,4,21
1312,343,5,23
1313,344,13,20
1314,344,23,9
1315,344,14,22
1316,344,3,21
1317,344,9,2
1318,345,7,0
1319,345,9,3
1320,346,2,5
1321,346,3,5
1322,346,18,10
1323,347,7,19
1324,347,12,19
1325,347,1,9
1326,347,23,2
1327,348,2,14
1328,348,10,3
1329,348,15,19
1330,348,15,11
1331,348,13,20
1332,348,18,16
1333,349,9,12
1334,349,19,0
1335,349,7,5
1336,350,16,14
1337,350,2,18
1338,350,11,3
1339,350,15,23
1340,351,7,24
1341,351,14,3
1342,351,1,8
1343,351,24,18
1344,351,10,14
1345,352,9,20
1346,352,14,20
1347,352,13,24
1348,352,8,17
1349,353,4,24
1350,353,21,12
1351,354,19,17
1352,355,15,24
1353,355,18,5
1354,355,1,11
1355,355,14,22
1356,356,3,16
1357,356,10,20
1358,356,6,12
1359,356,8,10
1360,356,5,22
1361,356,11,7
1362,356,17,7
1363,357,19,12
1364,357,4,13
1365,357,6,13
1366,357,10,2
1367,357,4,2
1368,358,15,5
1369,358,11,18
1370,358,6,9
1371,358,22,0
1372,358,15,21
1373,358,8,21
1374,359,23,7
1375,359,23,8
1376,359,17,0
1377,359,17,13
1378,359,9,2
1379,359,18,1
1380,359,19,16
1381,359,20,11
1382,359,24,4
1383,359,14,17
1384,360,10,14
1385,360,20,10
1386,360,10,21
1387,360,17,0
1388,360,0,19
1389,360,12,15
1390,360,7,24
1391,360,1,16
1392,361,19,0
1393,361,0,22
1394,361,5,9
1395,361,23,13
1396,361,5,11
1397,362,2,19
1398,362,2,20
1399,362,21,2
1400,362,20,22
1401,363,9,19
1402,363,10,1
1403,363,5,18
1404,363,2,18
1405,363,10,24
1406,363,17,11
1407,363,24,7
1408,364,23,17
1409,364,13,7
1410,364,17,24
1411,364,14,20
1412,365,4,13
1413,365,5,21
1414,365,3,19
1415,365,24,10
1416,365,22,13
1417,366,6,8
1418,366,1,14
1419,366,16,5
1420,366,18,3
1421,367,4,1
1422,367,11,17
1423,367,14,18
1424,368,12,4
1425,368,19,5
1426,368,3,14
1427,368,17,0
1428,368,9,22
1429,369,10,22
1430,369,6,18
1431,370,21,9
1432,370,0,6
1433,370,23,16
1434,370,21,5
1435,370,4,24
1436,371,16,4
1437,371,3,17
1438,372,3,23
1439,372,10,0
1440,372,0,2
1441,373,15,24
1442,373,8,6
1443,373,15,5
1444,373,22,5
1445,373,18,3
1446,373,0,19
1447,373,11,17
1448,374,14,4
1449,374,15,3
1450,374,0,9
1451,374,24,22
1452,374,3,15
1453,375,22,19
1454,375,1,5
1455,375,4,11
1456,375,18,6
1457,376,9,13
1458,377,7,16
1459,377,20,11
1460,377,22,4
1461,377,22,6
1462,378,14,24
1463,378,17,8
1464,379,23,8
1465,379,11,2
1466,379,24,20
1467,380,23,12
1468,380,13,7
1469,381,23,13
1470,381,2,10
1471,381,15,0
1472,381,15,8
1473,381,17,0
1474,382,18,7
1475,382,18,10
1476,383,1,9
1477,384,24,22
1478,384,10,3
1479,384,14,16
1480,385,15,4
1481,385,9,23
1482,385,14,5
1483,386,11,14
1484,387,24,12
1485,387,13,0
1486,387,10,9
1487,387,6,24
1488,387,15,12
1489,387,14,12
1490,387,12,1
1491,387,7,5
1492,388,8,17
1493,388,21,4
1494,388,24,10
1495,388,9,18
1496,388,17,14
1497,389,9,1
1498,389,18,8
1499,389,20,14
1500,389,0,20
1501,389,9,15
1502,390,3,22
1503,390,9,3
1504,390,12,18
1505,390,12,0
1506,391,9,3
1507,391,0,13
1508,391,10,7
1509,392,23,7
1510,392,1,22
1511,392,20,2
1512,393,21,13
1513,393,23,0
1514,393,17,19
1515,393,6,19
1516,393,21,19
1517,393,20,23
1518,393,5,1
1519,394,5,21
1520,394,15,6
1521,394,20,9
1522,394,1,14
1523,394,10,4
1524,394,13,20
1525,394,16,1
1526,395,17,1
1527,395,23,21
1528,396,5,23
1529,396,5,9
1530,397,13,21
1531,397,15,5
1532,398,24,10
1533,398,13,21
1534,398,1,19
1535,398,6,9
1536,399,17,5
1537,399,13,11
1538,399,0,16
1539,399,1,15
1540,400,1,12
1541,400,24,11
1542,400,14,7
1543,400,12,16
1544,401,11,18
1545,401,0,24
1546,401,7,1
1547,402,14,0
1548,402,15,22
1549,402,4,22
1550,403,20,2
1551,403,14,8
1552,403,4,17
1553,403,17,1
1554,404,4,22
1555,405,17,4
1556,405,3,11
1557,405,4,0
1558,405,6,16
1559,405,15,13
1560,406,24,5
1561,406,5,3
1562,406,21,4
1563,406,14,2
1564,407,20,9
1565,407,13,11
1566,407,0,21
1567,407,7,10
1568,407,22,24
1569,408,11,0
1570,408,0,3
1571,408,21,13
1572,408,21,7
1573,408,5,16
1574,408,12,3
1575,408,23,12
1576,409,10,22
1577,409,3,21
1578,409,3,19
1579,409,7,21
1580,409,12,6
1581,410,0,17
1582,411,8,10
1583,411,9,20
1584,411,22,24
1585,411,21,5
1586,411,23,11
1587,411,14,23
1588,412,14,10
1589,412,23,8
1590,412,23,15
1591,412,9,11
1592,412,11,14
1593,412,12,21
1594,413,12,8
1595,413,19,12
1596,413,9,1
1597,414,13,10
1598,414,6,22
1599,414,8,22
1600,414,11,2
1601,414,11,24
1602,414,4,16
1603,415,23,20
1604,416,20,1
1605,416,23,1
1606,416,22,6
1607,416,14,4
1608,416,19,16
1609,416,3,13
1610,417,22,10
1611,417,11,14
1612,418,15,21
1613,418,19,16
1614,418,14,4
1615,418,16,19
1616,419,20,5
1617,419,1,4
1618,419,10,1
1619,419,9,19
1620,420,1,15
1621,420,8,22
1622,420,21,24
1623,421,21,13
1624,421,21,12
1625,422,24,10
1626,422,0,14
1627,422,23,1
1628,423,2,24
1629,423,20,1
1630,423,10,4
1631,423,0,2
1632,424,12,9
1633,424,17,19
1634,424,1,20
1635,425,9,0
1636,425,23,5
1637,426,18,10
1638,427,5,7
1639,428,15,19
1640,428,19,11
1641,428,22,10
1642,429,20,9
1643,429,22,2
1644,429,7,23
1645,430,10,23
1646,430,1,7
1647,430,13,21
1648,430,6,8
1649,431,14,10
1650,431,4,15
1651,431,17,14
1652,431,16,23
1653,431,14,12
1654,431,13,10
1655,432,23,4
1656,432,12,0
1657,432,10,4
1658,432,2,12
1659,432,11,17
1660,432,22,8
1661,432,20,17
1662,432,18,7
1663,433,5,18
1664,433,24,3
1665,433,13,7
1666,433,15,14
1667,433,18,0
1668,434,1,9
1669,434,22,7
1670,434,10,7
1671,434,11,4
1672,434,4,10
1673,435,18,0
1674,435,5,11
1675,435,14,0
1676,435,15,19
1677,435,7,10
1678,436,13,21
1679,437,0,6
1680,437,2,16
1681,437,7,3
1682,437,3,16
1683,438,24,22
1684,438,2,16
1685,438,8,2
1686,439,12,15
1687,439,24,4
1688,440,15,2
1689,440,21,9
1690,441,19,7
1691,441,14,17
1692,441,0,21
1693,441,13,6
1694,441,17,8
1695,441,19,5
1696,442,15,1
1697,442,8,17
1698,442,16,19
1699,442,21,11
1700,442,12,24
1701,443,11,13
1702,443,21,3
1703,443,4,2
1704,443,15,13
1705,444,1,15
1706,444,15,13
1707,444,20,0
1708,445,11,3
1709,445,13,4
1710,445,14,12
1711,447,0,6
1712,447,3,11
1713,447,16,13
1714,447,3,14
1715,448,13,11
1716,448,12,8
1717,448,11,22
1718,448,4,5
1719,448,0,6
1720,448,9,2
1721,448,14,3
1722,448,23,1
1723,449,20,7
1724,449,8,17
1725,449,16,7
1726,449,20,7
1727,449,13,19
1728,450,2,13
1729,450,13,16
1730,450,12,1
1731,450,18,9
1732,450,12,21
1733,450,12,5
1734,451,8,17
1735,451,7,15
1736,452,21,17
1737,452,21,13
1738,452,6,0
1739,452,24,4
1740,453,21,12
1741,453,3,17
1742,454,1,5
1743,454,8,23
1744,454,10,23
1745,454,19,11
1746,454,0,19
1747,455,7,4
1748,455,19,22
1749,455,3,13
1750,456,1,24
1751,456,11,17
1752,457,19,23
1753,457,0,14
1754,457,15,12
1755,457,7,22
1756,457,18,14
1757,458,14,16
1758,458,13,20
1759,459,12,2
1760,459,20,2
1761,459,14,1
1762,460,13,16
1763,460,4,17
1764,460,5,17
1765,460,1,14
1766,460,11,19
1767,461,24,14
1768,461,15,11
1769,461,20,9
1770,461,8,12
1771,461,12,2
1772,462,18,0
1773,462,3,22
1774,462,18,24
1775,462,9,5
1776,462,8,18
1777,462,14,16
1778,462,15,21
1779,462,18,12
1780,463,10,21
1781,463,15,17
1782,463,20,7
1783,464,6,12
1784,464,21,4
1785,464,19,11
1786,464,4,22
1787,464,19,5
1788,464,3,17
1789,464,13,16
1790,465,21,17
1791,465,17,14
1792,465,13,2
1793,466,15,3
1794,466,9,12
1795,466,21,24
1796,466,16,20
1797,466,10,23
1798,467,15,0
1799,467,15,18
1800,467,12,15
1801,468,22,14
1802,469,12,8
1803,469,14,1
1804,469,15,18
1805,469,3,12
1806,469,20,12
1807,469,15,7
1808,470,5,20
1809,470,20,13
1810,470,20,23
1811,470,10,20
1812,470,4,20
1813,471,16,8
1814,471,16,18
1815,471,6,17
1816,471,10,7
1817,472,0,21
1818,472,16,22
1819,472,22,4
1820,472,3,13
1821,472,4,10
1822,472,17,8
1823,472,17,2
1824,472,18,15
1825,473,1,23
1826,474,22,9
1827,474,8,11
1828,474,7,14
1829,474,23,1
1830,474,20,9
1831,474,17,0
1832,475,22,9
1833,475,0,24
1834,475,2,4
1835,475,20,18
1836,476,2,8
1837,476,6,2
1838,476,18,14
1839,477,5,19
1840,477,20,16
1841,477,3,10
1842,477,12,23
1843,478,9,19
1844,478,10,8
1845,478,0,8
1846,478,16,2
1847,478,22,1
1848,478,15,9
1849,479,5,24
1850,479,14,23
1851,479,10,17
1852,479,6,3
1853,480,2,17
1854,480,12,6
1855,480,5,23
1856,480,23,8
1857,480,0,14
1858,480,12,22
1859,480,0,2
1860,481,7,15
1861,481,12,10
1862,482,7,20
1863,482,17,0
1864,483,11,3
1865,483,8,16
1866,483,18,15
1867,483,2,17
1868,483,12,21
1869,484,17,2
1870,484,10,8
1871,484,3,20
1872,484,19,23
1873,484,19,5
1874,484,4,6
1875,485,17,1
1876,485,17,6
1877,485,20,12
1878,485,9,0
1879,485,10,22
1880,485,21,10
1881,486,19,9
1882,486,14,24
1883,486,7,5
1884,486,6,13
1885,486,11,23
1886,487,22,8
1887,487,6,4
1888,488,21,1
1889,488,11,19
1890,488,6,23
1891,488,9,3
1892,489,3,18
1893,489,23,5
1894,489,22,16
1895,489,14,4
1896,489,4,5
1897,490,8,24
1898,490,7,5
1899,490,1,14
1900,490,1,24
1901,491,7,13
1902,491,6,2
1903,491,19,23
1904,491,14,17
1905,492,12,5
1906,492,7,1
1907,492,5,20
1908,492,15,5
1909,493,21,14
1910,493,4,2
1911,493,15,8
1912,493,1,11
1913,494,7,10
1914,494,20,5
1915,495,19,16
1916,495,2,18
1917,495,7,4
1918,496,13,7
1919,496,2,10
1920,496,10,24
1921,496,3,18
1922,496,4,16
1923,496,5,12
1924,496,14,15
1925,496,18,10
1926,496,11,3
1927,496,17,19
1928,497,7,10
1929,497,8,11
1930,497,15,14
1931,497,14,0
1932,499,22,12
1933,499,19,7
1934,499,22,20
1935,499,10,24
1936,500,7,20
1937,500,4,14
1938,500,17,9
1939,500,6,22
1940,501,17,13
1941,501,2,9
1942,501,7,0
1943,501,21,14
1944,502,11,24
1945,502,6,18
1946,502,18,9
1947,502,4,24
1948,502,7,23
1949,503,0,13
1950,503,20,17
1951,503,16,9
1952,503,19,8
1953,504,9,7
1954,504,11,5
1955,504,24,17
1956,504,15,12
1957,504,5,8
1958,504,24,0
1959,504,19,5
1960,505,6,10
1961,505,3,14
1962,505,22,14
1963,505,3,20
1964,505,15,4
1965,505,2,9
1966,506,3,20
1967,506,20,22
1968,506,24,1
1969,507,9,23
1970,507,0,8
1971,508,13,20
1972,509,15,5
1973,509,3,0
1974,509,7,10
1975,510,9,17
1976,510,21,13
1977,510,18,4
1978,510,12,24
1979,510,20,24
1980,511,3,15
1981,511,22,11
1982,511,0,11
1983,512,20,12
1984,512,21,0
1985,512,16,19
1986,512,17,11
1987,512,21,2
1988,513,21,8
1989,513,16,6
1990,513,19,17
1991,513,5,12
1992,513,12,9
1993,514,15,22
1994,514,9,22
1995,514,23,7
1996,515,5,13
1997,515,7,14
1998,515,12,2
1999,516,3,7
2000,516,7,19
2001,516,20,9
2002,516,23,17
2003,516,8,16
2004,516,16,5
2005,516,22,1
2006,517,16,1
2007,517,9,6
2008,518,23,9
2009,518,3,17
2010,518,16,10
2011,519,10,3
2012,519,5,2
2013,519,21,23
2014,519,5,22
2015,520,4,11
2016,521,3,0
2017,521,10,14
2018,521,5,12
2019,521,8,4
2020,521,10,16
2021,522,11,9
2022,522,15,21
2023,522,15,4
2024,522,8,4
2025,522,8,16
2026,522,13,9
2027,523,18,21
2028,523,15,11
2029,523,17,6
2030,524,6,10
2031,524,5,23
2032,524,8,4
2033,524,20,4
2034,524,14,6
2035,524,15,24
2036,524,12,5
2037,525,12,1
2038,525,17,7
2039,525,15,1
2040,526,2,17
2041,526,0,21
2042,526,11,9
2043,526,18,5
2044,526,0,7
2045,527,23,13
2046,527,20,4
2047,527,16,22
2048,527,9,15
2049,528,9,11
2050,528,21,15
2051,528,2,15
2052,528,15,11
2053,528,9,21
2054,528,2,21
2055,528,7,15
2056,528,5,3
2057,529,4,16
2058,529,5,4
2059,529,8,22
2060,530,21,18
2061,530,22,0
2062,530,20,11
2063,531,20,4
2064,531,2,9
2065,531,17,10
2066,532,4,1
2067,532,21,12
2068,532,23,2
2069,533,9,21
2070,533,23,12
2071,533,1,12
2072,533,12,21
2073,533,20,13
2074,533,9,15
2075,534,4,13
2076,534,20,3
2077,535,7,10
2078,535,18,9
2079,535,11,0
2080,535,3,10
2081,536,11,9
2082,536,21,1
2083,536,3,0
2084,536,12,3
2085,537,6,14
2086,537,9,3
2087,537,15,18
2088,537,22,0
2089,537,23,11
2090,537,24,1
2091,537,15,22
2092,537,21,3
2093,537,17,4
2094,538,11,22
2095,538,4,6
2096,538,13,4
2097,538,17,2
2098,539,18,15
2099,539,19,3
2100,539,24,2
2101,539,17,14
2102,540,2,8
2103,540,23,1
2104,540,14,4
2105,540,4,14
2106,541,14,23
2107,541,18,20
2108,541,20,22
2109,541,18,8
2110,542,7,13
2111,542,11,9
2112,543,2,21
2113,544,16,9
2114,544,20,23
2115,544,4,16
2116,544,23,13
2117,544,17,2
2118,545,15,17
2119,545,16,23
2120,545,4,15
2121,545,1,20
2122,546,6,2
2123,546,23,7
2124,546,3,15
2125,546,21,0
2126,546,8,12
2127,546,5,23
2128,547,10,19
2129,547,23,20
2130,547,15,13
2131,548,4,15
2132,548,9,18
2133,548,18,20
2134,549,9,23
2135,549,2,19
2136,549,14,24
2137,549,13,19
2138,550,22,18
2139,550,20,23
2140,550,24,2
2141,550,19,7
2142,550,7,19
2143,550,0,24
2144,550,11,14
2145,551,14,11
2146,551,13,11
2147,551,23,5
2148,551,15,3
2149,551,2,20
2150,551,11,23
2151,552,3,18
2152,552,24,10
2153,552,0,9
2154,552,0,24
2155,552,18,22
2156,553,4,24
2157,553,17,23
2158,554,9,11
2159,554,9,16
2160,554,0,12
2161,554,14,0
2162,556,10,24
2163,556,13,23
2164,556,20,17
2165,556,12,3
2166,557,15,19
2167,557,17,9
2168,557,18,9
2169,557,8,4
2170,557,4,12
2171,557,19,20
2172,558,8,11
2173,558,4,0
2174,558,14,11
2175,558,15,8
2176,559,9,20
2177,559,13,6
2178,559,3,19
2179,559,6,2
2180,559,13,22
2181,559,23,19
2182,559,21,18
2183,560,18,8
2184,560,7,24
2185,560,10,14
2186,561,20,4
2187,561,22,7
2188,561,22,6
2189,563,16,7
2190,563,3,10
2191,563,6,22
2192,564,19,12
2193,564,15,14
2194,564,18,9
2195,564,18,7
2196,564,19,13
2197,564,15,6
2198,564,15,23
2199,564,22,5
2200,565,2,21
2201,566,15,8
2202,566,6,22
2203,567,9,0
2204,567,20,11
2205,567,18,21
2206,567,17,21
2207,567,6,0
2208,568,24,10
2209,568,24,20
2210,569,0,8
2211,569,0,11
2212,569,6,2
2213,569,21,1
2214,570,24,20
2215,570,6,9
2216,570,3,0
2217,571,20,16
2218,571,7,16
2219,571,5,24
2220,571,3,17
2221,571,4,0
2222,571,20,8
2223,571,22,6
2224,572,1,24
2225,572,21,3
2226,572,4,7
2227,572,4,12
2228,573,15,7
2229,574,5,7
2230,574,7,10
2231,575,23,11
2232,575,3,20
2233,575,21,2
2234,575,14,10
2235,575,5,8
2236,575,20,10
2237,575,11,14
2238,575,23,16
2239,575,19,10
2240,576,3,12
2241,576,8,17
2242,576,23,13
2243,576,8,17
2244,576,3,24
2245,576,11,9
2246,576,19,7
2247,576,11,1
2248,576,24,1
2249,577,11,0
2250,577,19,5
2251,577,9,5
2252,578,23,16
2253,578,23,3
2254,578,16,23
2255,578,20,13
2256,578,9,15
2257,579,1,13
2258,579,7,14
2259,579,23,8
2260,579,12,5
2261,579,1,16
2262,580,10,4
2263,580,0,12
2264,580,23,10
2265,580,4,5
2266,580,22,12
2267,580,9,13
2268,581,2,19
2269,582,20,12
2270,583,18,9
2271,583,15,2
2272,583,4,11
2273,583,14,23
2274,583,1,8
2275,584,10,2
2276,584,6,18
2277,585,1,11
2278,585,24,18
2279,585,14,17
2280,585,9,19
2281,585,6,13
2282,586,13,10
2283,586,17,24
2284,586,6,14
2285,586,3,15
2286,587,4,17
2287,587,20,19
2288,588,17,21
2289,588,6,13
2290,588,9,2
2291,588,11,0
2292,588,13,0
2293,588,4,5
2294,588,20,2
2295,589,21,13
2296,590,15,4
2297,590,4,20
2298,590,13,15
2299,590,14,23
2300,590,4,15
2301,590,12,22
2302,590,14,0
2303,591,11,14
2304,591,17,1
2305,591,10,14
2306,592,0,19
2307,592,18,15
2308,592,7,4
2309,593,12,9
2310,593,4,11
2311,593,15,19
2312,593,13,20
2313,593,2,6
2314,594,14,7
2315,594,8,10
2316,594,23,17
2317,594,13,23
2318,594,6,19
2319,594,11,4
2320,595,4,20
2321,595,8,16
2322,595,1,21
2323,596,6,20
2324,596,9,10
2325,596,16,18
2326,597,14,23
2327,597,6,8
2328,597,23,21
2329,597,2,8
2330,597,14,6
2331,598,6,16
2332,598,0,11
2333,598,24,11
2334,599,18,21
2335,599,12,2
2336,600,13,6
2337,600,11,19
2338,600,8,14
2339,600,23,19
2340,600,0,6
2341,601,6,4
2342,601,16,19
2343,601,19,17
2344,601,24,0
2345,601,1,23
2346,601,0,19
2347,601,12,5
2348,602,3,20
2349,602,2,13
2350,602,21,3
2351,602,13,20
2352,602,17,2
2353,602,6,15
2354,602,9,19
2355,602,0,15
2356,602,3,24
2357,603,15,1
2358,603,3,18
2359,603,0,11
2360,603,22,5
2361,604,20,16
2362,604,11,9
2363,604,24,8
2364,604,7,5
2365,604,13,17
2366,605,22,18
2367,605,24,1
2368,605,19,17
2369,605,16,8
2370,606,6,12
2371,606,10,6
2372,607,6,0
2373,607,5,9
2374,608,21,18
2375,608,0,11
2376,608,16,6
2377,608,2,18
2378,609,1,4
2379,609,21,19
2380,609,11,13
2381,609,22,2
2382,609,5,12
2383,609,3,14
2384,610,16,22
2385,610,14,10
2386,610,22,20
2387,610,23,10
2388,610,6,20
2389,611,12,24
2390,611,0,9
2391,611,17,14
2392,611,13,1
2393,611,10,21
2394,612,10,21
2395,613,22,2
2396,613,18,16
2397,613,16,20
2398,613,4,17
2399,613,4,7
2400,613,10,16
2401,613,13,3
2402,613,2,24
2403,614,20,11
2404,614,4,13
2405,614,15,18
2406,614,16,3
2407,614,5,15
2408,614,3,9
2409,615,10,22
2410,615,11,14
2411,615,19,20
2412,616,6,19
2413,616,22,13
2414,616,11,2
2415,617,1,15
2416,617,23,17
2417,617,24,6
2418,617,21,12
2419,617,4,13
2420,617,3,24
2421,617,6,12
2422,618,11,4
2423,618,9,1
2424,618,15,9
2425,619,18,7
2426,619,24,15
2427,619,7,11
2428,619,19,4
2429,620,5,12
2430,620,0,20
2431,620,24,16
2432,620,9,16
2433,620,23,11
2434,621,20,2
2435,621,19,22
2436,621,2,17
2437,621,17,8
2438,621,8,19
2439,621,15,8
2440,621,9,1
2441,622,5,2
2442,622,22,8
2443,622,24,4
2444,622,16,5
2445,623,14,15
2446,623,0,13
2447,623,21,23
2448,623,12,10
2449,623,24,15
2450,623,2,10
2451,624,5,20
2452,624,11,4
2453,625,4,11
2454,625,20,5
2455,625,7,9
2456,625,8,23
2457,625,6,17
2458,625,18,22
2459,625,15,18
2460,625,0,11
2461,625,2,5
2462,625,6,17
2463,625,19,8
2464,626,18,10
2465,626,15,4
2466,626,2,19
2467,626,22,3
2468,626,8,15
2469,626,10,12
2470,626,18,4
2471,627,1,18
2472,627,11,17
2473,627,7,22
2474,627,3,21
2475,627,24,7
2476,627,3,16
2477,628,6,17
2478,628,15,19
2479,628,12,10
2480,628,7,9
2481,628,17,19
2482,628,24,22
2483,628,15,24
2484,628,23,0
2485,629,3,5
2486,629,2,8
2487,629,10,4
2488,629,9,1
2489,629,20,3
2490,629,13,19
2491,630,18,8
2492,630,14,3
2493,630,15,3
2494,630,13,11
2495,631,1,5
2496,632,6,13
2497,632,5,16
2498,632,21,24
2499,633,6,13
2500,633,19,2
2501,634,1,12
2502,634,3,23
2503,634,10,24
2504,634,9,23
2505,634,23,4
2506,635,24,20
2507,635,0,23
2508,636,17,7
2509,636,3,17
2510,636,9,0
2511,636,20,4
2512,636,24,11
2513,636,12,23
2514,636,12,14
2515,637,7,21
2516,637,21,14
2517,637,3,9
2518,637,11,18
2519,639,17,11
2520,639,22,20
2521,639,20,4
2522,640,0,17
2523,640,7,11
2524,640,2,6
2525,640,12,9
2526,641,18,3
2527,642,20,11
2528,642,13,19
2529,642,3,18
2530,642,22,1
2531,642,21,10
2532,642,16,13
2533,642,4,23
2534,642,11,15
2535,643,8,6
2536,643,17,20
2537,643,18,2
2538,643,16,14
2539,643,12,18
2540,643,7,1
2541,644,23,0
2542,644,7,4
2543,644,16,19
2544,644,16,22
2545,644,14,3
2546,644,18,6
2547,645,5,16
2548,645,12,0
2549,645,3,0
2550,645,0,21
2551,646,23,19
2552,646,24,14
2553,646,20,19
2554,646,23,11
2555,647,10,7
2556,647,9,15
2557,648,8,24
2558,648,21,18
2559,648,22,12
2560,648,5,23
2561,649,20,8
2562,649,22,4
2563,649,24,22
2564,649,1,10
2565,649,18,12
2566,649,5,2
2567,649,23,8
2568,650,18,9
2569,650,9,3
2570,650,16,9
2571,651,14,1
2572,651,21,24
2573,651,13,10
2574,651,1,17
2575,652,12,23
2576,652,16,10
2577,652,2,22
2578,652,7,22
2579,653,10,18
2580,653,5,4
2581,653,1,23
2582,654,3,21
2583,654,7,16
2584,654,5,1
2585,655,11,14
2586,655,24,6
2587,655,15,22
2588,655,15,7
2589,655,12,16
2590,655,13,21
2591,655,11,14
2592,655,12,5
2593,655,8,5
2594,656,8,18
2595,657,6,13
2596,657,15,22
2597,657,8,6
2598,657,3,24
2599,658,10,3
2600,658,23,9
2601,658,22,11
2602,658,24,18
2603,658,18,11
2604,658,10,8
2605,659,15,0
2606,659,19,7
2607,659,16,3
2608,660,1,11
2609,660,0,7
2610,660,9,23
2611,660,0,2
2612,660,4,11
2613,660,0,24
2614,660,2,21
2615,661,13,9
2616,661,0,11
2617,661,18,8
2618,662,15,0
2619,662,9,0
2620,662,3,21
2621,662,16,7
2622,662,20,2
2623,662,22,3
2624,662,24,20
2625,662,20,8
2626,663,18,11
2627,663,23,12
2628,663,11,20
2629,664,12,0
2630,664,2,12
2631,664,10,20
2632,664,20,18
2633,664,15,12
2634,664,5,4
2635,665,0,15
2636,665,5,21
2637,665,11,14
2638,666,14,3
2639,666,0,19
2640,666,22,10
2641,666,22,4
2642,666,1,5
2643,666,9,5
2644,666,20,19
2645,666,3,16
2646,667,14,8
2647,667,17,15
2648,667,4,7
2649,667,2,22
2650,668,0,23
2651,668,17,21
2652,668,20,1
2653,669,1,19
2654,669,3,5
2655,670,24,2
2656,670,24,22
2657,670,18,24
2658,670,17,24
2659,671,14,23
2660,671,21,23
2661,671,24,10
2662,671,1,17
2663,671,22,16
2664,672,20,14
2665,672,20,16
2666,672,23,14
2667,672,20,4
2668,672,7,20
2669,672,4,16
2670,673,0,8
2671,673,18,10
2672,673,4,0
2673,673,7,5
2674,673,8,18
2675,673,12,18
2676,673,9,19
2677,674,1,5
2678,674,18,1
2679,674,7,9
2680,674,14,18
2681,674,20,24
2682,675,10,18
2683,675,12,1
2684,675,24,20
2685,675,1,24
2686,675,20,16
2687,676,15,14
2688,676,1,21
2689,677,2,0
2690,677,8,11
2691,677,10,0
2692,678,23,17
2693,678,13,20
2694,678,1,8
2695,679,14,22
2696,679,22,14
2697,679,21,12
2698,679,3,18
2699,679,5,20
2700,679,13,24
2701,680,0,4
2702,680,3,11
2703,680,17,21
2704,680,1,12
2705,682,1,7
2706,682,24,16
2707,682,15,9
2708,683,9,6
2709,683,17,9
2710,683,23,4
2711,684,24,17
2712,684,15,9
2713,684,9,15
2714,684,19,13
2715,685,24,7
2716,685,9,0
2717,685,15,9
2718,685,17,21
2719,685,19,2
2720,685,23,20
2721,686,0,12
2722,686,9,24
2723,686,19,23
2724,686,3,10
2725,687,7,0
2726,687,4,1
2727,687,16,24
2728,688,15,9
2729,688,22,7
2730,688,20,19
2731,688,13,17
2732,688,7,14
2733,688,7,17
2734,688,19,17
2735,689,5,4
2736,689,8,4
2737,689,0,11
2738,689,17,2
2739,689,2,23
2740,689,13,22
2741,690,6,10
2742,691,18,14
2743,691,23,9
2744,691,13,2
2745,691,13,16
2746,691,22,5
2747,692,4,18
2748,692,11,14
2749,692,3,22
2750,692,7,9
2751,692,12,19
2752,693,7,20
2753,693,5,11
2754,693,24,21
2755,693,3,11
2756,693,19,6
2757,693,21,18
2758,693,1,14
2759,693,12,15
2760,693,10,16
2761,693,2,16
2762,694,17,20
2763,694,14,4
2764,694,18,4
2765,695,12,22
2766,696,16,19
2767,696,22,5
2768,697,5,11
2769,698,12,19
2770,698,4,24
2771,698,3,0
2772,698,3,18
2773,699,14,7
2774,699,15,19
2775,699,9,13
2776,700,23,9
2777,700,21,15
2778,700,1,9
2779,700,13,3
2780,701,16,12
2781,701,8,12
2782,702,18,5
2783,702,5,21
2784,702,5,22
2785,703,12,21
2786,703,2,19
2787,703,23,9
2788,703,7,21
2789,703,24,20
2790,704,22,3
2791,705,13,15
2792,706,14,24
2793,706,11,24
2794,706,9,21
2795,706,23,9
2796,707,19,8
2797,707,20,5
2798,707,18,11
2799,707,10,0
2800,707,13,5
2801,707,4,19
2802,707,0,23
2803,708,18,6
2804,708,22,16
2805,708,6,2
2806,708,7,18
2807,708,10,9
2808,708,16,2
2809,708,6,23
2810,708,10,8
2811,709,15,18
2812,710,14,21
2813,710,7,1
2814,710,15,1
2815,710,5,11
2816,711,5,18
2817,711,13,7
2818,711,19,15
2819,712,22,12
2820,712,21,14
2821,712,10,14
2822,712,15,9
2823,713,0,9
2824,713,1,17
2825,713,15,3
2826,713,7,4
2827,713,23,16
2828,713,24,20
2829,713,0,4
2830,713,13,2
2831,713,23,7
2832,714,19,15
2833,714,3,21
2834,714,11,4
2835,715,16,14
2836,715,18,15
2837,715,6,20
2838,715,23,7
2839,715,19,16
2840,716,8,6
2841,716,22,24
2842,716,21,1
2843,716,24,22
2844,716,12,16
2845,717,7,3
2846,717,24,5
2847,718,5,9
2848,719,1,19
2849,719,23,7
2850,719,13,2
2851,720,3,22
2852,720,6,8
2853,721,5,20
2854,721,4,8
2855,721,15,23
2856,722,11,13
2857,722,15,11
2858,722,10,20
2859,722,10,19
2860,722,16,7
2861,723,5,12
2862,723,24,10
2863,723,0,18
2864,724,14,2
2865,724,5,4
2866,724,21,9
2867,724,12,14
2868,724,7,23
2869,724,1,7
2870,725,1,16
2871,725,19,20
2872,725,22,14
2873,726,17,2
2874,726,24,20
2875,726,13,17
2876,726,24,1
2877,726,4,22
2878,726,4,6
2879,727,14,23
2880,727,2,20
2881,727,11,18
2882,728,1,7
2883,728,18,4
2884,728,0,19
2885,729,5,20
2886,729,14,8
2887,729,16,6
2888,730,12,20
2889,730,1,13
2890,730,23,6
2891,730,21,0
2892,731,24,14
2893,731,11,17
2894,731,9,20
2895,731,19,23
2896,732,14,20
2897,732,17,10
2898,732,16,1
2899,732,20,2
2900,733,18,16
2901,733,12,20
2902,734,15,14
2903,734,4,6
2904,734,24,7
2905,734,0,14
2906,735,20,13
2907,735,2,12
2908,735,21,0
2909,735,9,17
2910,735,23,13
2911,735,4,7
2912,736,20,6
2913,736,1,15
2914,736,8,21
2915,736,2,20
2916,736,10,19
2917,736,19,10
2918,736,18,8
2919,737,7,9
2920,738,5,13
2921,738,19,21
2922,738,8,5
2923,739,2,19
2924,739,21,24
2925,739,15,12
2926,739,17,21
2927,740,8,18
2928,740,4,8
2929,740,16,1
2930,740,12,23
2931,741,21,1
2932,742,6,9
2933,742,5,17
2934,742,11,0
2935,742,6,12
2936,742,13,23
2937,742,12,19
2938,743,23,12
2939,744,1,20
2940,744,9,18
2941,744,13,6
2942,744,0,10
2943,744,13,15
2944,744,4,16
2945,745,15,24
2946,745,11,4
2947,745,24,11
2948,746,23,2
2949,746,17,6
2950,746,19,13
2951,746,24,21
2952,746,0,8
2953,747,9,2
2954,747,8,11
2955,747,16,9
2956,747,12,14
2957,747,9,23
2958,748,1,3
2959,748,24,22
2960,748,4,22
2961,748,7,14
2962,749,13,2
2963,749,3,17
2964,749,24,20
2965,749,16,2
2966,749,12,24
2967,749,11,0
2968,749,0,17
2969,749,0,14
2970,750,20,23
2971,750,11,19
2972,750,1,10
2973,750,18,2
2974,751,9,18
2975,751,11,9
2976,751,16,19
2977,751,0,10
2978,751,11,8
2979,752,9,10
2980,752,10,7
2981,752,15,4
2982,752,3,17
2983,753,8,0
2984,753,24,0
2985,753,15,21
2986,753,13,4
2987,753,21,11
2988,754,5,24
2989,754,2,9
2990,754,1,5
2991,754,12,4
2992,755,16,10
2993,755,6,24
2994,755,22,16
2995,757,2,0
2996,757,8,14
2997,759,2,11
2998,759,17,20
2999,759,5,4
3000,759,9,10
3001,759,4,23
3002,761,12,8
3003,761,10,17
3004,761,3,14
3005,761,13,24
3006,761,8,20
3007,762,15,5
3008,762,0,16
3009,762,19,13
3010,763,3,13
3011,763,20,4
3012,763,22,13
3013,764,0,10
3014,764,1,19
3015,764,2,16
3016,764,8,12
3017,764,23,15
3018,764,12,19
3019,765,16,22
3020,765,3,18
3021,765,2,24
3022,765,17,11
3023,765,17,10
3024,765,3,12
3025,765,10,2
3026,766,0,15
3027,766,20,6
3028,766,5,1
3029,766,8,24
3030,766,9,17
3031,767,13,10
3032,767,1,16
3033,767,19,16
3034,768,12,2
3035,768,23,15
3036,768,22,14
3037,768,1,14
3038,768,7,9
3039,768,24,6
3040,769,22,24
3041,769,11,17
3042,769,18,22
3043,770,6,14
3044,770,12,1
3045,770,24,8
3046,771,10,19
3047,771,4,20
3048,771,11,9
3049,771,4,1
3050,771,20,1
3051,771,4,16
3052,771,20,11
3053,771,17,19
3054,771,22,8
3055,771,1,23
3056,772,15,23
3057,772,24,14
3058,772,11,20
3059,772,3,16
3060,772,12,4
3061,773,18,2
3062,773,11,2
3063,773,19,7
3064,773,2,17
3065,774,7,4
3066,774,11,13
3067,774,15,23
3068,774,22,24
3069,774,5,14
3070,774,14,8
3071,776,0,23
3072,776,17,11
3073,777,6,12
3074,777,24,16
3075,778,12,0
3076,778,15,0
3077,778,8,6
3078,778,22,11
3079,778,20,8
3080,779,19,13
3081,779,16,6
3082,780,22,11
3083,780,8,15
3084,780,23,19
3085,780,8,16
3086,780,23,10
3087,781,24,8
3088,781,20,18
3089,781,23,21
3090,782,3,21
3091,783,16,9
3092,783,6,20
3093,783,17,1
3094,784,21,2
3095,784,22,20
3096,785,16,6
3097,785,5,16
3098,785,7,16
3099,785,15,13
3100,785,15,13
3101,785,23,1
3102,785,17,24
3103,785,2,16
3104,786,24,4
3105,786,21,10
3106,786,10,7
3107,787,16,3
3108,787,11,4
3109,787,7,23
3110,787,23,16
3111,787,0,22
3112,788,8,4
3113,788,17,10
3114,789,5,17
3115,789,14,23
3116,789,12,3
3117,789,21,11
3118,789,16,12
3119,789,14,12
3120,790,13,16
3121,790,23,8
3122,790,20,18
3123,790,16,6
3124,790,6,15
3125,791,0,14
3126,791,7,19
3127,791,11,13
3128,792,3,1
3129,792,5,1
3130,792,17,3
3131,792,20,0
3132,793,14,1
3133,793,24,9
3134,794,6,4
3135,794,17,11
3136,794,14,22
3137,795,0,10
3138,795,9,24
3139,795,9,3
3140,795,6,17
3141,795,13,17
3142,795,7,17
3143,795,1,19
3144,796,12,6
3145,796,3,9
3146,796,11,0
3147,796,3,9
3148,796,11,13
3149,796,5,22
3150,796,17,13
3151,796,6,17
3152,797,0,21
3153,797,7,21
3154,797,14,24
3155,799,17,19
3156,799,5,9
3157,799,4,8
3158,800,19,0
3159,800,23,17
3160,800,13,11
3161,800,4,10
3162,800,14,10
3163,800,11,13
3164,800,5,8
3165,800,16,18
3166,800,10,7
3167,801,23,14
3168,801,4,22
3169,801,2,11
3170,802,2,18
3171,802,6,17
3172,802,1,12
3173,803,10,14
3174,803,10,21
3175,803,6,17
3176,803,15,18
3177,803,2,8
3178,803,19,22
3179,804,19,23
3180,804,17,20
3181,804,1,18
3182,804,16,19
3183,805,13,17
3184,805,15,9
3185,805,16,24
3186,805,18,3
3187,805,0,4
3188,805,2,14
3189,805,5,24
3190,806,14,8
3191,806,10,19
3192,806,8,5
3193,807,16,20
3194,807,5,4
3195,807,21,19
3196,807,24,0
3197,808,18,9
3198,808,20,13
3199,809,15,1
3200,809,23,20
3201,809,5,20
3202,810,7,16
3203,810,22,7
3204,810,4,5
3205,811,20,23
3206,811,16,3
3207,811,18,16
3208,812,3,13
3209,812,1,24
3210,812,12,4
3211,812,13,0
3212,813,21,5
3213,813,24,12
3214,813,13,3
3215,813,22,11
3216,813,5,23
3217,813,0,7
3218,813,19,10
3219,814,22,13
3220,814,18,15
3221,814,4,6
3222,814,7,19
3223,814,6,12
3224,815,10,16
3225,815,4,21
3226,815,2,4
3227,815,19,10
3228,815,10,1
3229,815,3,15
3230,816,11,2
3231,816,11,9
3232,816,2,12
3233,816,19,1
3234,816,15,17
3235,816,0,10
3236,817,12,2
3237,817,2,24
3238,817,4,18
3239,817,12,10
3240,817,9,17
3241,817,20,2
3242,818,2,8
3243,818,15,18
3244,818,20,23
3245,818,23,11
3246,818,3,12
3247,819,23,6
3248,819,7,0
3249,819,7,1
3250,819,5,1
3251,819,12,22
3252,819,11,17
3253,820,19,6
3254,820,13,6
3255,821,14,15
3256,821,20,12
3257,821,10,0
3258,822,21,23
3259,822,15,19
3260,822,20,0
3261,822,12,18
3262,822,19,20
3263,823,17,2
3264,823,9,24
3265,823,8,17
3266,823,5,8
3267,823,23,6
3268,824,23,14
3269,824,14,5
3270,824,13,23
3271,825,1,8
3272,825,24,3
3273,826,15,6
3274,827,7,20
3275,827,9,1
3276,827,0,23
3277,827,15,3
3278,827,14,4
3279,827,11,20
3280,827,19,15
3281,827,20,1
3282,828,11,3
3283,828,3,10
3284,829,20,6
3285,829,22,14
3286,830,5,3
3287,831,17,10
3288,831,24,4
3289,831,13,10
3290,831,8,17
3291,832,5,4
3292,833,0,6
3293,833,12,9
3294,833,11,7
3295,833,4,24
3296,833,9,6
3297,834,13,20
3298,834,17,21
3299,834,18,21
3300,834,4,5
3301,834,22,20
3302,835,19,23
3303,835,24,1
3304,835,12,16
3305,835,19,11
3306,835,20,2
3307,835,4,21
3308,836,3,6
3309,836,4,2
3310,837,22,8
3311,837,11,17
3312,837,23,19
3313,837,15,18
3314,837,0,14
3315,838,18,24
3316,838,21,14
3317,838,22,15
3318,838,0,13
3319,838,8,17
3320,838,22,19
3321,839,1,22
3322,839,6,3
3323,839,4,16
3324,839,2,6
3325,839,1,22
3326,839,7,15
3327,839,9,22
3328,839,4,7
3329,839,7,17
3330,839,13,1
3331,839,10,13
3332,839,13,19
3333,839,8,5
3334,840,9,24
3335,841,0,2
3336,841,11,5
3337,841,18,16
3338,841,12,22
3339,842,21,7
3340,842,9,6
3341,842,19,2
3342,842,23,2
3343,842,21,24
3344,842,19,0
3345,843,0,24
3346,843,20,11
3347,843,10,3
3348,843,7,19
3349,843,11,23
3350,843,8,22
3351,844,1,18
3352,844,9,3
3353,844,23,14
3354,844,2,22
3355,844,16,1
3356,846,0,4
3357,846,22,1
3358,846,4,7
3359,846,17,8
3360,847,9,12
3361,847,4,8
3362,847,19,7
3363,848,10,21
3364,848,12,16
3365,848,16,0
3366,848,8,18
3367,848,23,1
3368,848,2,16
3369,848,20,3
3370,848,19,16
3371,848,19,2
3372,848,20,18
3373,849,9,2
3374,849,21,18
3375,849,9,1
3376,849,0,16
3377,850,12,8
3378,850,20,13
3379,850,18,8
3380,850,18,8
3381,851,5,23
3382,851,1,16
3383,851,4,15
3384,851,23,16
3385,851,8,17
3386,852,20,7
3387,852,11,19
3388,852,7,0
3389,853,24,9
3390,853,17,20
3391,853,8,22
3392,853,8,16
3393,853,22,8
3394,853,23,1
3395,854,22,1
3396,854,6,19
3397,854,24,4
3398,854,8,18
3399,854,13,15
3400,855,24,6
3401,855,18,16
3402,855,7,15
3403,856,22,14
3404,856,5,14
3405,856,3,21
3406,856,9,3
3407,856,8,15
3408,857,22,4
3409,857,16,9
3410,857,5,16
3411,857,17,24
3412,858,0,21
3413,859,11,18
3414,859,21,5
3415,859,4,22
3416,859,1,3
3417,859,13,3
3418,859,15,19
3419,860,4,12
3420,860,18,5
3421,860,18,12
3422,861,3,15
3423,861,19,7
3424,861,11,0
3425,861,9,2
3426,861,3,20
3427,861,13,21
3428,862,1,7
3429,862,0,20
3430,862,17,8
3431,862,7,9
3432,863,12,14
3433,863,3,17
3434,863,18,3
3435,863,15,11
3436,863,15,22
3437,863,21,12
3438,863,4,24
3439,864,9,6
3440,865,5,19
3441,865,21,1
3442,865,5,4
3443,866,22,7
3444,867,21,2
3445,867,4,17
3446,867,11,8
3447,868,7,11
3448,868,16,0
3449,868,6,23
3450,868,13,2
3451,869,9,23
3452,869,20,14
3453,870,16,14
3454,870,18,16
3455,870,1,9
3456,870,5,15
3457,870,8,23
3458,870,14,18
3459,870,23,2
3460,870,6,20
3461,870,10,21
3462,870,4,18
3463,872,5,15
3464,872,19,21
3465,872,14,1
3466,873,8,1
3467,874,23,9
3468,874,5,15
3469,874,23,6
3470,874,16,14
3471,875,16,5
3472,875,11,20
3473,875,13,21
3474,875,15,6
3475,875,15,12
3476,876,21,6
3477,876,7,11
3478,876,2,5
3479,876,20,9
3480,877,18,3
3481,877,1,14
3482,877,11,18
3483,877,0,13
3484,878,10,19
3485,878,6,17
3486,878,4,24
3487,878,24,1
3488,879,5,17
3489,879,23,21
3490,879,3,12
3491,879,14,6
3492,879,13,0
3493,879,13,21
3494,880,23,8
3495,880,21,8
3496,880,18,11
3497,880,14,15
3498,881,14,6
3499,881,17,5
3500,881,9,12
3501,881,14,12
3502,882,6,13
3503,882,5,21
3504,882,24,5
3505,882,24,4
3506,882,21,11
3507,883,3,22
3508,884,22,24
3509,884,23,12
3510,884,14,0
3511,884,13,9
3512,885,8,22
3513,885,13,3
3514,886,6,23
3515,886,0,9
3516,886,6,19
3517,886,18,2
3518,887,4,5
3519,887,19,20
3520,887,7,10
3521,887,4,0
3522,887,13,9
3523,888,18,8
3524,888,1,17
3525,889,20,13
3526,889,15,2
3527,889,10,0
3528,890,19,22
3529,890,16,2
3530,890,10,21
3531,890,12,5
3532,890,5,3
3533,890,10,18
3534,890,23,1
3535,890,8,18
3536,891,0,17
3537,891,8,4
3538,891,11,14
3539,892,9,23
3540,892,13,15
3541,892,1,19
3542,892,20,19
3543,893,6,24
3544,893,10,6
3545,893,13,21
3546,894,21,8
3547,894,6,12
3548,894,7,20
3549,894,12,10
3550,895,6,2
3551,895,18,7
3552,895,13,9
3553,895,3,13
3554,896,16,9
3555,896,17,0
3556,896,24,20
3557,896,15,19
3558,896,1,13
3559,897,2,4
3560,897,23,0
3561,897,19,2
3562,898,15,4
3563,898,23,11
3564,898,22,16
3565,898,19,17
3566,899,2,14
3567,899,4,10
3568,899,15,22
3569,899,18,10
3570,900,7,20
3571,901,16,10
3572,902,20,11
3573,902,17,1
3574,903,21,2
3575,904,0,19
3576,904,0,6
3577,904,24,1
3578,905,22,4
3579,905,15,4
3580,905,1,19
3581,905,13,15
3582,905,22,3
3583,906,20,22
3584,906,19,1
3585,906,5,1
3586,906,17,13
3587,906,5,20
3588,907,17,15
3589,908,2,18
3590,908,9,6
3591,908,6,19
3592,908,7,9
3593,909,2,5
3594,909,17,2
3595,909,7,21
3596,910,12,20
3597,910,22,5
3598,910,20,9
3599,911,24,20
3600,911,12,19
3601,911,20,1
3602,911,12,15
3603,911,3,14
3604,911,12,20
3605,911,10,18
3606,911,8,23
3607,911,12,22
3608,911,5,3
3609,911,21,14
3610,912,24,14
3611,912,2,24
3612,913,15,22
3613,913,9,13
3614,914,10,2
3615,914,22,10
3616,914,2,11
3617,914,7,22
3618,915,20,23
3619,915,14,1
3620,915,18,10
3621,915,2,21
3622,916,21,3
3623,916,12,4
3624,916,19,16
3625,916,20,7
3626,916,13,20
3627,916,8,4
3628,917,21,9
3629,918,19,3
3630,918,3,23
3631,918,22,7
3632,918,18,2
3633,918,16,1
3634,918,24,11
3635,918,11,5
3636,918,13,24
3637,919,18,21
3638,919,12,18
3639,919,3,11
3640,919,9,5
3641,920,16,8
3642,920,18,15
3643,920,3,24
3644,920,19,15
3645,920,21,8
3646,920,1,19
3647,921,17,11
3648,922,2,13
3649,922,24,22
3650,922,6,18
3651,922,7,24
3652,922,18,6
3653,922,16,6
3654,923,5,9
3655,923,19,20
3656,923,3,19
3657,923,21,11
3658,924,20,18
3659,924,0,11
3660,924,6,17
3661,924,22,20
3662,924,9,13
3663,925,17,0
3664,925,5,9
3665,925,0,16
3666,925,5,1
3667,925,16,23
3668,925,20,24
3669,926,19,16
3670,926,20,0
3671,927,2,0
3672,927,12,0
3673,927,14,2
3674,927,23,20
3675,927,20,17
3676,927,13,7
3677,928,10,12
3678,928,17,19
3679,928,4,11
3680,929,15,3
3681,929,6,3
3682,929,24,13
3683,929,9,7
3684,929,10,24
3685,929,3,5
3686,930,8,4
3687,930,23,9
3688,930,22,7
3689,931,18,22
3690,931,3,9
3691,932,16,7
3692,932,9,23
3693,933,10,18
3694,933,3,24
3695,933,6,9
3696,933,14,6
3697,934,21,6
3698,935,21,19
3699,935,17,21
3700,935,17,6
3701,935,3,23
3702,935,13,1
3703,936,10,9
3704,936,5,17
3705,936,23,13
3706,937,18,22
3707,937,4,21
3708,937,10,1
3709,937,20,1
3710,937,3,6
3711,937,3,11
3712,937,19,15
3713,938,8,15
3714,938,21,23
3715,939,7,15
3716,939,21,9
3717,939,13,20
3718,939,13,15
3719,939,0,16
3720,940,2,13
3721,940,10,13
3722,940,12,0
3723,940,4,16
3724,941,16,8
3725,942,6,20
3726,942,9,22
3727,942,21,23
3728,942,23,17
3729,942,6,14
3730,942,22,6
3731,943,19,15
3732,943,0,16
3733,943,12,5
3734,943,1,17
3735,944,12,9
3736,944,18,21
3737,944,20,4
3738,944,3,16
3739,944,15,9
3740,945,8,10
3741,945,17,1
3742,946,17,5
3743,947,16,18
3744,947,8,6
3745,947,12,10
3746,948,24,6
3747,948,3,12
3748,949,16,24
3749,950,9,7
3750,950,16,1
3751,950,3,1
3752,950,0,8
3753,950,9,6
3754,950,5,23
3755,951,0,20
3756,951,5,22
3757,951,17,23
3758,951,14,23
3759,952,1,5
3760,952,13,9
3761,952,16,8
3762,952,15,11
3763,953,9,20
3764,954,16,24
3765,954,18,8
3766,954,18,0
3767,954,7,24
3768,954,8,23
3769,955,5,24
3770,955,18,12
3771,955,3,13
3772,955,13,17
3773,955,8,17
3774,955,2,23
3775,955,5,22
3776,955,10,4
3777,955,0,24
3778,956,12,9
3779,956,23,0
3780,956,10,20
3781,956,0,14
3782,956,14,2
3783,957,23,17
3784,957,13,5
3785,958,15,7
3786,958,6,9
3787,958,23,1
3788,959,5,12
3789,959,7,18
3790,959,5,14
3791,959,7,15
3792,959,20,1
3793,959,18,7
3794,960,18,6
3795,960,11,21
3796,961,1,23
3797,961,10,1
3798,962,18,4
3799,962,9,21
3800,962,22,9
3801,962,3,1
3802,962,14,21
3803,962,20,18
3804,962,10,20
3805,963,10,20
3806,963,12,16
3807,963,15,11
3808,963,8,12
3809,963,19,20
3810,964,23,20
3811,964,5,20
3812,965,3,0
3813,965,22,2
3814,965,1,7
3815,965,20,17
3816,965,3,1
3817,965,2,4
3818,965,4,8
3819,966,14,6
3820,966,5,13
3821,967,6,24
3822,967,0,11
3823,967,6,9
3824,967,9,19
3825,967,22,18
3826,967,0,20
3827,968,4,13
3828,968,5,13
3829,968,15,12
3830,969,10,6
3831,969,22,5
3832,969,0,19
3833,970,17,13
3834,970,10,8
3835,970,11,3
3836,970,1,15
3837,970,19,17
3838,970,7,20
3839,970,20,5
3840,971,19,4
3841,971,22,19
3842,971,9,13
3843,971,18,8
3844,972,8,5
3845,972,11,18
3846,973,7,9
3847,973,21,0
3848,973,11,15
3849,974,18,20
3850,974,23,6
3851,974,0,19
3852,974,10,1
3853,974,20,13
3854,974,17,23
3855,974,17,4
3856,974,3,9
3857,975,9,18
3858,975,21,13
3859,975,24,17
3860,975,21,10
3861,975,23,10
3862,975,0,19
3863,975,23,10
3864,976,17,4
3865,976,17,0
3866,976,10,24
3867,976,22,8
3868,976,16,7
3869,976,15,9
3870,976,10,3
3871,977,19,7
3872,977,5,22
3873,977,8,20
3874,978,2,8
3875,978,11,15
3876,979,4,16
3877,979,0,17
3878,979,4,10
3879,979,23,17
3880,979,1,13
3881,979,15,22
3882,979,6,17
3883,979,6,10
3884,979,14,10
3885,980,9,23
3886,980,16,23
3887,980,22,10
3888,981,21,3
3889,981,6,4
3890,981,15,0
3891,982,19,23
3892,982,21,18
3893,982,24,5
3894,982,0,3
3895,983,20,10
3896,983,8,1
3897,983,8,24
3898,984,17,8
3899,984,19,3
3900,984,4,16
3901,984,9,16
3902,984,14,8
3903,984,20,22
3904,984,18,14
3905,985,22,19
3906,986,5,22
3907,986,16,7
3908,987,16,3
3909,987,11,18
3910,987,14,18
3911,987,13,21
3912,987,18,5
3913,987,3,6
3914,988,11,18
3915,988,5,3
3916,988,13,22
3917,988,12,20
3918,988,4,11
3919,988,14,1
3920,989,15,19
3921,989,24,17
3922,989,24,21
3923,989,24,22
3924,989,9,11
3925,990,16,6
3926,990,5,23
3927,990,4,22
3928,990,23,8
3929,990,1,21
3930,990,2,22
3931,990,15,12
3932,990,16,5
3933,991,18,10
3934,991,11,14
3935,991,14,15
3936,991,10,13
3937,992,19,8
3938,992,15,11
3939,992,6,3
3940,992,9,2
3941,993,8,17
3942,993,11,22
3943,993,16,5
3944,993,2,6
3945,993,8,4
3946,993,13,16
3947,993,6,2
3948,994,4,14
3949,994,20,22
3950,994,24,14
3951,994,13,19
3952,994,11,14
3953,995,3,23
3954,995,2,12
3955,995,10,8
3956,995,7,20
3957,996,3,9
3958,996,6,22
3959,996,5,14
3960,996,13,1
3961,996,5,15
3962,996,20,0
3963,996,4,12
3964,996,0,2
3965,997,24,22
3966,997,12,19
3967,997,14,15
3968,997,3,1
3969,997,4,7
3970,997,2,8
3971,997,5,9
3972,998,15,12
3973,998,10,7
3974,998,2,21
3975,998,11,17
3976,998,21,14
3977,998,5,11
3978,999,0,19
3979,1000,0,2
3980,1000,21,15
3981,1000,12,3
3982,1000,3,15
3983,1001,24,20
3984,1001,20,17
3985,1002,14,23
3986,1002,23,5
3987,1002,0,13
3988,1002,0,9
3989,1002,23,15
3990,1003,3,20
3991,1003,23,16
3992,1004,19,3
3993,1004,23,8
3994,1004,15,21
3995,1004,9,10
3996,1004,7,0
3997,1004,18,21
3998,1005,8,19
3999,1005,11,23
4000,1005,5,9
4001,1005,20,0
4002,1005,14,7
4003,1005,10,0
4004,1006,12,15
4005,1006,17,10
4006,1006,23,20
4007,1006,14,21
4008,1006,16,22
4009,1007,21,8
4010,1007,24,3
4011,1007,4,6
4012,1008,5,20
4013,1008,9,3
4014,1008,10,24
4015,1008,20,5
4016,1008,23,20
4017,1009,11,4
4018,1009,21,19
4019,1010,7,4
4020,1010,17,5
4021,1010,1,13
4022,1011,2,6
4023,1011,21,9
4024,1011,22,5
4025,1011,21,15
4026,1011,15,24
4027,1011,10,12
4028,1011,13,19
4029,1011,6,14
4030,1011,24,4
4031,1012,10,21
4032,1012,7,18
4033,1012,24,6
4034,1012,4,20
4035,1013,15,1
4036,1013,1,11
4037,1013,8,1
4038,1013,5,4
4039,1013,14,10
4040,1013,4,14
4041,1014,15,18
4042,1014,19,20
4043,1014,10,9
4044,1014,9,11
4045,1014,23,11
4046,1015,14,21
4047,1015,13,5
4048,1016,9,3
4049,1016,10,6
4050,1016,15,22
4051,1016,3,0
4052,1016,12,10
4053,1017,23,11
4054,1017,20,3
4055,1017,3,13
4056,1017,24,9
4057,1017,4,12
4058,1018,6,13
4059,1018,21,11
4060,1018,8,20
4061,1018,11,14
4062,1018,8,5
4063,1019,4,12
4064,1019,16,19
4065,1019,18,6
4066,1020,21,7
4067,1020,3,10
4068,1020,18,10
4069,1021,5,17
4070,1021,8,16
4071,1021,14,18
4072,1022,6,20
4073,1022,11,19
4074,1022,2,0
4075,1023,24,5
4076,1024,3,10
4077,1024,15,5
4078,1025,0,21
4079,1025,6,15
4080,1025,10,16
4081,1025,2,11
4082,1026,22,1
4083,1027,23,1
4084,1027,16,4
4085,1027,19,22
4086,1027,5,13
4087,1027,13,20
4088,1028,12,20
4089,1028,2,11
4090,1028,5,14
4091,1029,14,11
4092,1029,8,0
4093,1029,11,14
4094,1030,20,17
4095,1031,0,24
4096,1031,5,13
4097,1031,20,16
4098,1031,19,7
4099,1032,3,15
4100,1032,23,13
4101,1032,19,15
4102,1033,16,9
4103,1033,3,15
4104,1034,7,23
4105,1034,0,4
4106,1034,6,17
4107,1034,13,23
4108,1035,5,16
4109,1035,14,1
4110,1035,21,18
4111,1036,10,17
4112,1036,20,1
4113,1037,1,5
4114,1037,20,13
4115,1038,18,6
4116,1038,15,8
4117,1038,11,4
4118,1038,6,9
4119,1038,18,10
4120,1038,15,14
4121,1038,14,4
4122,1038,20,16
4123,1039,8,11
4124,1039,2,16
4125,1039,17,8
4126,1039,14,2
4127,1039,14,20
4128,1039,24,3
4129,1040,20,1
4130,1041,15,8
4131,1042,23,19
4132,1042,0,9
4133,1042,9,11
4134,1042,12,0
4135,1044,3,9
4136,1044,9,13
4137,1044,12,24
4138,1044,15,7
4139,1044,0,15
4140,1044,17,21
4141,1045,6,12
4142,1045,0,20
4143,1045,22,3
4144,1045,7,23
4145,1045,14,3
4146,1046,16,19
4147,1046,10,19
4148,1046,21,23
4149,1046,9,19
4150,1047,22,16
4151,1047,23,15
4152,1047,18,12
4153,1048,2,6
4154,1048,14,17
4155,1048,12,19
4156,1048,1,5
4157,1048,15,18
4158,1049,18,1
4159,1049,3,6
4160,1049,1,4
4161,1049,3,7
4162,1050,6,8
4163,1050,10,1
4164,1051,9,10
4165,1051,2,18
4166,1051,3,15
4167,1052,14,22
4168,1052,21,9
4169,1053,1,9
4170,1053,19,15
4171,1053,8,15
4172,1053,7,18
4173,1054,19,9
4174,1054,11,21
4175,1054,17,5
4176,1055,16,2
4177,1055,12,5
4178,1055,20,14
4179,1056,22,9
4180,1056,7,17
4181,1056,2,12
4182,1056,5,8
4183,1056,11,8
4184,1056,2,8
4185,1056,5,9
4186,1057,6,20
4187,1057,6,10
4188,1057,23,6
4189,1058,19,17
4190,1058,15,14
4191,1058,22,14
4192,1059,11,7
4193,1059,10,17
4194,1059,22,10
4195,1059,6,2
4196,1060,14,22
4197,1060,12,6
4198,1060,20,17
4199,1060,0,8
4200,1060,16,24
4201,1060,24,12
4202,1061,24,8
4203,1061,11,19
4204,1061,2,19
4205,1061,0,21
4206,1061,6,2
4207,1062,7,23
4208,1062,3,0
4209,1062,7,22
4210,1062,14,20
4211,1064,7,19
4212,1064,21,8
4213,1064,19,23
4214,1064,14,10
4215,1064,11,24
4216,1064,9,12
4217,1064,9,11
4218,1065,10,22
4219,1065,6,23
4220,1065,14,1
4221,1065,12,3
4222,1065,13,20
4223,1065,12,18
4224,1065,2,23
4225,1066,12,19
4226,1066,14,21
4227,1066,22,14
4228,1067,2,15
4229,1067,8,23
4230,1067,21,2
4231,1067,11,19
4232,1067,1,7
4233,1067,19,7
4234,1068,21,8
4235,1068,19,6
4236,1068,0,7
4237,1068,3,15
4238,1068,1,20
4239,1068,10,20
4240,1068,4,18
4241,1069,24,4
4242,1069,3,17
4243,1069,2,5
4244,1070,2,8
4245,1070,18,11
4246,1070,21,17
4247,1070,0,20
4248,1071,1,16
4249,1071,12,10
4250,1071,8,23
4251,1071,22,9
4252,1071,24,7
4253,1072,3,5
4254,1073,15,4
4255,1073,19,13
4256,1073,9,0
4257,1073,20,7
4258,1074,17,4
4259,1074,16,8
4260,1074,1,19
4261,1074,22,0
4262,1075,4,1
4263,1075,1,9
4264,1075,13,23
4265,1075,4,14
4266,1076,9,7
4267,1076,6,17
4268,1076,8,5
4269,1076,10,7
4270,1077,10,4
4271,1077,19,20
4272,1077,19,3
4273,1077,20,9
4274,1078,23,19
4275,1078,22,6
4276,1078,13,4
4277,1079,13,9
4278,1079,22,19
4279,1079,4,0
4280,1079,23,15
4281,1079,16,2
4282,1080,17,0
4283,1080,23,19
4284,1080,18,22
4285,1080,10,24
4286,1080,17,10
4287,1081,17,13
4288,1081,3,7
4289,1081,12,18
4290,1082,10,6
4291,1082,21,0
4292,1083,2,8
4293,1083,0,2
4294,1083,24,18
4295,1083,16,3
4296,1083,12,14
4297,1084,9,6
4298,1084,12,16
4299,1084,7,18
4300,1085,8,24
4301,1085,7,9
4302,1085,17,15
4303,1085,20,7
4304,1086,14,18
4305,1086,10,4
4306,1086,5,24
4307,1086,23,4
4308,1087,21,24
4309,1087,9,13
4310,1087,24,0
4311,1088,5,15
4312,1088,23,21
4313,1088,20,9
4314,1088,13,0
4315,1088,19,13
4316,1089,2,16
4317,1089,13,10
4318,1089,14,22
4319,1090,5,16
4320,1090,5,4
4321,1090,21,6
4322,1090,13,17
4323,1091,12,2
4324,1091,17,8
4325,1091,2,12
4326,1091,20,17
4327,1091,4,1
4328,1092,15,6
4329,1092,3,9
4330,1092,12,24
4331,1092,2,23
4332,1092,19,5
4333,1092,13,15
4334,1092,7,17
4335,1092,17,19
4336,1092,4,12
4337,1093,2,22
4338,1093,23,8
4339,1093,7,16
4340,1093,11,24
4341,1093,22,19
4342,1094,9,10
4343,1094,2,9
4344,1094,8,14
4345,1094,19,8
4346,1094,12,3
4347,1094,14,6
4348,1094,23,11
4349,1095,24,0
4350,1095,10,12
4351,1095,8,18
4352,1096,0,15
4353,1096,10,9
4354,1096,18,2
4355,1096,4,24
4356,1096,4,12
4357,1097,19,8
4358,1097,8,4
4359,1098,2,24
4360,1098,3,14
4361,1098,9,19
4362,1098,13,22
4363,1098,8,19
4364,1098,24,16
4365,1098,23,16
4366,1098,16,3
4367,1099,5,17
4368,1099,0,6
4369,1099,8,23
4370,1099,1,20
4371,1100,18,7
4372,1100,6,17
4373,1100,1,11
4374,1100,23,6
4375,1101,2,15
4376,1101,22,16
4377,1102,24,13
4378,1102,5,2
4379,1102,2,6
4380,1102,21,10
4381,1102,22,24
4382,1102,19,0
4383,1103,13,11
4384,1103,2,11
4385,1103,17,3
4386,1103,18,14
4387,1103,24,15
4388,1103,2,17
4389,1104,0,15
4390,1104,5,3
4391,1104,15,3
4392,1105,10,16
4393,1105,22,3
4394,1105,21,12
4395,1105,20,23
4396,1106,21,9
4397,1106,5,3
4398,1106,16,19
4399,1107,4,0
4400,1107,8,10
4401,1107,9,5
4402,1108,24,20
4403,1108,8,24
4404,1108,19,8
4405,1109,8,12
4406,1109,0,4
4407,1109,24,15
4408,1110,3,16
4409,1110,2,4
4410,1111,16,4
4411,1112,0,22
4412,1112,13,1
4413,1112,21,24
4414,1112,5,22
4415,1113,14,0
4416,1114,3,13
4417,1114,0,19
4418,1115,23,2
4419,1115,2,15
4420,1115,17,0
4421,1115,4,21
4422,1115,8,2
4423,1116,10,6
4424,1116,9,23
4425,1116,17,21
4426,1117,19,9
4427,1117,17,21
4428,1117,3,5
4429,1117,22,13
4430,1118,13,16
4431,1119,4,8
4432,1119,20,17
4433,1119,7,10
4434,1120,11,18
4435,1120,0,3
4436,1120,20,5
4437,1120,1,13
4438,1121,7,16
4439,1122,16,4
4440,1122,24,3
4441,1122,5,9
4442,1122,21,17
4443,1122,8,17
4444,1122,4,16
4445,1123,5,15
4446,1123,10,24
4447,1123,24,2
4448,1123,22,19
4449,1125,1,22
4450,1125,5,11
4451,1125,15,19
4452,1125,14,6
4453,1126,6,21
4454,1126,12,16
4455,1126,3,20
4456,1126,1,22
4457,1126,0,8
4458,1126,0,20
4459,1127,2,14
4460,1127,21,15
4461,1127,3,1
4462,1127,15,14
4463,1127,4,23
4464,1128,15,5
4465,1128,15,22
4466,1128,14,0
4467,1128,5,15
4468,1128,14,15
4469,1129,20,12
4470,1129,21,0
4471,1129,1,20
4472,1129,3,15
4473,1130,15,7
4474,1131,1,18
4475,1131,6,2
4476,1131,23,16
4477,1131,16,9
4478,1131,5,23
4479,1132,4,24
4480,1132,12,8
4481,1132,10,4
4482,1132,9,1
4483,1133,0,17
4484,1133,24,13
4485,1133,6,22
4486,1134,14,3
4487,1134,4,8
4488,1134,0,23
4489,1134,16,5
4490,1134,22,24
4491,1134,19,23
4492,1135,9,16
4493,1135,5,2
4494,1135,21,12
4495,1135,16,18
4496,1135,23,0
4497,1135,12,10
4498,1136,16,10
4499,1136,21,18
4500,1137,3,23
4501,1137,8,20
4502,1138,11,5
4503,1138,0,8
4504,1138,16,14
4505,1139,2,14
4506,1139,16,2
4507,1140,4,19
4508,1140,10,20
4509,1140,12,16
4510,1140,0,3
4511,1140,17,6
4512,1140,22,19
4513,1140,5,17
4514,1140,9,11
4515,1141,12,14
4516,1141,10,0
4517,1141,19,4
4518,1142,21,19
4519,1142,24,20
4520,1142,9,2
4521,1142,6,14
4522,1142,7,20
4523,1143,5,11
4524,1143,15,0
4525,1143,24,13
4526,1143,23,6
4527,1143,11,13
4528,1144,15,0
4529,1144,6,9
4530,1144,13,7
4531,1144,11,7
4532,1144,14,23
4533,1145,23,19
4534,1145,2,5
4535,1146,17,21
4536,1146,15,6
4537,1146,9,6
4538,1146,14,15
4539,1147,15,4
4540,1147,13,5
4541,1147,22,1
4542,1147,23,16
4543,1147,8,19
4544,1147,19,16
4545,1148,13,19
4546,1148,7,19
4547,1148,4,15
4548,1148,18,20
4549,1149,15,2
4550,1149,9,16
4551,1149,20,24
4552,1150,3,11
4553,1150,19,3
4554,1150,7,20
4555,1150,15,22
4556,1151,5,1
4557,1151,12,24
4558,1152,11,23
4559,1152,8,10
4560,1152,12,8
4561,1152,5,2
4562,1152,6,21
4563,1153,6,15
4564,1153,16,19
4565,1153,4,15
4566,1153,21,19
4567,1154,14,24
4568,1154,24,2
4569,1155,5,16
4570,1155,15,14
4571,1155,24,11
4572,1155,9,0
4573,1155,10,7
4574,1155,23,6
4575,1155,0,12
4576,1156,0,17
4577,1156,6,17
4578,1157,14,1
4579,1157,4,21
4580,1157,5,24
4581,1157,6,2
4582,1157,22,20
4583,1157,21,17
4584,1158,19,4
4585,1158,19,1
4586,1158,13,17
4587,1158,9,12
4588,1158,8,0
4589,1158,16,6
4590,1158,0,18
4591,1158,9,10
4592,1159,1,17
4593,1159,5,4
4594,1160,19,17
4595,1160,8,17
4596,1160,21,12
4597,1160,6,0
4598,1160,14,22
4599,1161,16,14
4600,1161,3,17
4601,1162,0,22
4602,1162,24,2
4603,1163,10,12
4604,1163,15,3
4605,1163,19,22
4606,1163,0,15
4607,1164,22,6
4608,1164,4,23
4609,1164,17,3
4610,1164,1,16
4611,1164,5,8
4612,1164,14,3
4613,1166,11,2
4614,1166,19,6
4615,1166,19,7
4616,1166,17,9
4617,1167,14,23
4618,1167,19,5
4619,1167,16,2
4620,1168,17,8
4621,1168,4,13
4622,1168,7,19
4623,1168,20,2
4624,1169,22,7
4625,1169,11,0
4626,1169,4,23
4627,1169,10,3
4628,1169,21,17
4629,1169,15,11
4630,1169,2,4
4631,1169,1,11
4632,1169,15,3
4633,1170,16,13
4634,1170,20,16
4635,1170,4,20
4636,1170,6,17
4637,1170,20,0
4638,1171,2,17
4639,1171,5,19
4640,1172,8,22
4641,1172,6,9
4642,1172,6,10
4643,1172,14,22
4644,1172,19,4
4645,1172,18,20
4646,1172,13,7
4647,1172,12,22
4648,1173,2,16
4649,1173,11,9
4650,1174,0,4
4651,1174,10,16
4652,1174,20,17
4653,1174,10,17
4654,1175,11,21
4655,1175,14,22
4656,1175,19,20
4657,1175,11,21
4658,1175,5,8
4659,1176,6,13
4660,1176,4,15
4661,1176,3,15
4662,1177,12,14
4663,1177,15,2
4664,1177,24,21
4665,1177,1,12
4666,1177,17,1
4667,1177,0,24
4668,1178,8,2
4669,1178,21,19
4670,1178,13,22
4671,1178,23,5
4672,1178,7,9
4673,1178,15,0
4674,1178,24,15
4675,1179,6,24
4676,1179,3,7
4677,1179,23,3
4678,1179,6,23
4679,1179,6,24
4680,1180,22,2
4681,1180,6,2
4682,1181,1,21
4683,1181,22,9
4684,1181,0,15
4685,1181,15,19
4686,1181,21,13
4687,1182,4,13
4688,1182,4,20
4689,1183,21,0
4690,1183,23,7
4691,1183,3,24
4692,1184,18,21
4693,1184,3,7
4694,1184,5,23
4695,1184,17,5
4696,1184,6,8
4697,1185,19,2
4698,1185,3,19
4699,1185,17,2
4700,1185,16,5
4701,1186,8,10
4702,1187,7,1
4703,1188,17,1
4704,1188,4,17
4705,1188,11,18
4706,1188,9,21
4707,1188,14,18
4708,1189,5,1
4709,1189,24,12
4710,1189,18,6
4711,1189,3,16
4712,1190,24,10
4713,1190,17,10
4714,1190,15,2
4715,1191,22,5
4716,1191,21,10
4717,1191,6,18
4718,1191,16,18
4719,1191,3,23
4720,1192,0,7
4721,1192,21,7
4722,1192,12,24
4723,1192,8,10
4724,1192,6,10
4725,1193,19,6
4726,1194,5,23
4727,1194,21,18
4728,1194,0,22
4729,1194,6,8
4730,1194,1,21
4731,1194,8,0
4732,1195,19,21
4733,1195,9,5
4734,1195,14,15
4735,1196,16,9
4736,1196,3,22
4737,1196,6,17
4738,1196,7,16
4739,1197,2,10
4740,1197,6,12
4741,1197,2,13
4742,1197,2,12
4743,1198,13,16
4744,1198,7,14
4745,1198,13,7
4746,1198,19,1
4747,1198,5,14
4748,1199,23,20
4749,1199,16,5
4750,1200,5,9
4751,1200,15,23
4752,1200,10,22
4753,1201,15,3
4754,1201,12,15
4755,1201,19,10
4756,1202,19,21
4757,1202,17,8
4758,1202,3,0
4759,1202,1,7
4760,1202,16,14
4761,1203,18,22
4762,1203,11,22
4763,1203,6,4
4764,1204,20,24
4765,1204,21,12
4766,1204,8,2
4767,1204,22,7
4768,1204,6,20
4769,1204,16,22
4770,1204,23,6
4771,1204,8,12
4772,1205,13,2
4773,1205,21,15
4774,1205,8,11
4775,1206,15,14
4776,1206,20,0
4777,1207,15,22
4778,1208,14,10
4779,1208,11,3
4780,1208,10,2
4781,1208,3,17
4782,1208,10,7
4783,1209,3,21
4784,1209,12,18
4785,1209,17,13
4786,1209,5,7
4787,1209,9,23
4788,1209,22,1
4789,1210,0,8
4790,1210,4,13
4791,1210,15,17
4792,1210,18,14
4793,1211,8,1
4794,1211,6,17
4795,1211,1,14
4796,1211,6,14
4797,1211,2,16
4798,1212,7,14
4799,1212,20,8
4800,1212,19,7
4801,1212,23,15
4802,1213,3,17
4803,1213,3,22
4804,1213,24,9
4805,1213,24,14
4806,1214,12,15
4807,1214,17,20
4808,1215,8,12
4809,1215,17,5
4810,1215,4,8
4811,1215,6,3
4812,1215,21,0
4813,1215,6,14
4814,1216,11,13
4815,1216,19,22
4816,1217,11,18
4817,1218,9,17
4818,1218,9,15
4819,1218,20,8
4820,1218,10,8
4821,1219,20,14
4822,1219,8,22
4823,1219,16,19
4824,1219,15,24
4825,1220,1,15
4826,1220,7,10
4827,1220,19,13
4828,1220,3,24
4829,1220,13,1
4830,1221,2,19
4831,1221,19,1
4832,1221,0,22
4833,1222,1,9
4834,1222,22,0
4835,1222,2,4
4836,1222,9,24
4837,1222,16,19
4838,1222,8,1
4839,1223,15,1
4840,1223,14,8
4841,1223,10,18
4842,1224,1,19
4843,1225,8,11
4844,1225,14,15
4845,1225,11,24
4846,1225,10,7
4847,1226,20,9
4848,1226,15,6
4849,1227,4,24
4850,1227,0,3
4851,1227,4,7
4852,1228,10,16
4853,1228,12,16
4854,1228,15,0
4855,1228,0,18
4856,1229,4,10
4857,1229,0,2
4858,1229,17,4
4859,1230,11,22
4860,1230,0,9
4861,1230,0,23
4862,1230,24,22
4863,1231,0,4
4864,1231,16,12
4865,1231,1,23
4866,1231,3,9
4867,1231,10,24
4868,1232,14,10
4869,1232,0,8
4870,1232,2,8
4871,1232,18,22
4872,1232,19,9
4873,1232,20,23
4874,1233,2,19
4875,1233,21,17
4876,1234,6,17
4877,1234,19,16
4878,1234,1,16
4879,1234,7,10
4880,1234,12,0
4881,1235,12,2
4882,1235,3,21
4883,1235,17,2
4884,1235,18,9
4885,1236,8,19
4886,1236,8,1
4887,1236,20,24
4888,1236,6,15
4889,1236,13,20
4890,1237,8,16
4891,1237,12,20
4892,1237,20,18
4893,1237,6,16
4894,1238,6,15
4895,1238,22,15
4896,1238,6,16
4897,1238,12,9
4898,1238,9,1
4899,1238,22,16
4900,1239,23,21
4901,1239,5,9
4902,1239,11,1
4903,1239,24,6
4904,1240,17,5
4905,1240,1,11
4906,1240,15,22
4907,1240,6,23
4908,1240,17,15
4909,1240,23,2
4910,1241,20,8
4911,1241,3,19
4912,1241,16,0
4913,1241,18,0
4914,1241,1,15
4915,1241,24,1
4916,1241,2,11
4917,1241,2,5
4918,1241,24,2
4919,1242,13,22
4920,1242,4,10
4921,1242,16,10
4922,1242,6,8
4923,1242,8,22
4924,1242,5,14
4925,1243,3,16
4926,1243,6,3
4927,1243,12,5
4928,1243,21,8
4929,1243,2,18
4930,1243,16,3
4931,1243,5,7
4932,1243,2,19
4933,1244,10,22
4934,1244,24,10
4935,1244,18,5
4936,1245,17,23
4937,1245,8,11
4938,1246,18,22
4939,1246,12,18
4940,1246,4,5
4941,1246,3,5
4942,1246,6,12
4943,1246,14,22
4944,1246,20,16
4945,1247,16,10
4946,1247,7,1
4947,1247,16,2
4948,1247,4,22
4949,1248,12,4
4950,1248,8,19
4951,1248,22,1
4952,1248,9,13
4953,1248,20,10
4954,1248,19,8
4955,1248,15,18
4956,1248,17,2
4957,1248,21,19
4958,1249,22,9
4959,1249,17,2
4960,1249,5,8
4961,1249,13,1
4962,1250,24,17
4963,1250,11,18
4964,1251,11,2
4965,1251,15,18
4966,1251,16,22
4967,1251,14,20
4968,1251,11,23
4969,1251,11,2
4970,1251,14,22
4971,1251,1,24
4972,1251,15,1
4973,1251,1,21
4974,1251,8,16
4975,1251,3,5
4976,1252,13,23
4977,1252,11,4
4978,1253,0,4
4979,1253,7,19
4980,1253,3,14
4981,1253,2,11
4982,1254,0,14
4983,1254,23,1
4984,1254,21,10
4985,1254,23,17
4986,1255,4,18
4987,1255,4,16
4988,1255,14,11
4989,1256,9,1
4990,1256,6,20
4991,1257,11,18
4992,1257,5,16
4993,1257,17,4
4994,1257,4,19
4995,1258,19,5
4996,1258,18,20
4997,1259,16,20
4998,1259,1,9
4999,1259,0,2
5000,1260,11,13
5001,1260,5,7
5002,1260,5,7
5003,1260,23,10
5004,1260,7,4
5005,1261,19,12
5006,1261,10,13
5007,1262,16,0
5008,1262,11,23
5009,1262,17,11
5010,1262,4,6
5011,1262,11,7
5012,1262,20,8
5013,1262,12,0
5014,1263,2,15
5015,1263,8,14
5016,1263,5,22
5017,1263,12,22
5018,1264,24,16
5019,1264,14,18
5020,1264,21,14
5021,1264,16,4
5022,1264,0,11
5023,1265,9,24
5024,1265,9,12
5025,1265,1,3
5026,1265,4,5
5027,1265,3,12
5028,1266,1,16
5029,1266,3,12
5030,1266,6,23
5031,1266,10,13
5032,1267,15,23
5033,1267,7,17
5034,1267,9,0
5035,1267,13,5
5036,1267,23,8
5037,1267,18,22
5038,1267,13,22
5039,1267,9,5
5040,1267,0,16
5041,1268,21,15
5042,1268,10,6
5043,1268,23,15
5044,1269,5,20
5045,1269,10,0
5046,1269,4,14
5047,1269,4,23
5048,1270,21,0
5049,1270,17,0
5050,1271,19,11
5051,1271,9,17
5052,1271,4,0
5053,1271,1,8
5054,1272,10,1
5055,1272,21,2
5056,1272,23,2
5057,1273,21,13
5058,1273,5,14
5059,1273,13,3
5060,1273,19,11
5061,1274,10,6
5062,1275,8,19
5063,1275,6,14
5064,1275,17,4
5065,1275,1,18
5066,1275,17,1
5067,1276,15,4
5068,1276,0,18
5069,1276,12,3
5070,1277,11,3
5071,1277,19,9
5072,1277,1,19
5073,1277,17,6
5074,1278,11,2
5075,1278,4,10
5076,1278,2,20
5077,1278,13,1
5078,1279,6,8
5079,1279,2,13
5080,1279,9,12
5081,1279,9,2
5082,1280,0,22
5083,1280,15,0
5084,1281,8,24
5085,1282,2,16
5086,1282,5,4
5087,1282,19,1
5088,1282,5,11
5089,1282,21,5
5090,1283,22,2
5091,1283,20,9
5092,1283,21,18
5093,1283,11,14
5094,1284,9,3
5095,1284,14,17
5096,1284,9,6
5097,1284,23,5
5098,1284,6,8
5099,1284,8,20
5100,1284,4,18
5101,1285,9,10
5102,1285,1,18
5103,1285,24,21
5104,1286,3,17
5105,1287,6,24
5106,1287,15,22
5107,1287,4,15
5108,1288,16,24
5109,1288,16,24
5110,1288,2,16
5111,1289,3,15
5112,1289,20,4
5113,1290,23,10
5114,1291,5,3
5115,1291,2,5
5116,1291,22,16
5117,1291,17,23
5118,1291,15,1
5119,1291,6,15
5120,1291,18,8
5121,1292,22,18
5122,1292,5,13
5123,1292,5,1
5124,1292,8,15
5125,1292,7,11
5126,1293,14,12
5127,1293,8,11
5128,1293,22,9
5129,1293,14,12
5130,1294,3,12
5131,1294,22,13
5132,1294,14,6
5133,1294,19,21
5134,1295,21,11
5135,1295,18,21
5136,1295,14,2
5137,1295,2,24
5138,1295,20,17
5139,1295,8,10
5140,1295,17,0
5141,1296,10,12
5142,1296,9,3
5143,1297,3,13
5144,1297,20,9
5145,1297,7,13
5146,1298,11,14
5147,1298,13,17
5148,1298,3,22
5149,1298,11,24
5150,1299,16,1
5151,1299,19,3
5152,1299,2,0
5153,1299,13,9
5154,1300,9,24
5155,1300,6,21
5156,1301,22,0
5157,1301,19,1
5158,1302,1,21
5159,1303,8,24
5160,1303,0,3
5161,1303,24,4
5162,1303,20,6
5163,1303,17,14
5164,1304,24,22
5165,1304,19,21
5166,1304,22,1
5167,1305,13,22
5168,1305,24,14
5169,1305,14,16
5170,1305,21,9
5171,1305,17,10
5172,1305,21,24
5173,1306,12,2
5174,1306,3,11
5175,1306,12,1
5176,1306,21,19
5177,1306,8,20
5178,1306,12,3
5179,1307,22,12
5180,1307,0,4
5181,1307,22,20
5182,1307,20,2
5183,1307,13,17
5184,1307,17,23
5185,1308,15,0
5186,1308,18,2
5187,1308,19,7
5188,1309,1,17
5189,1309,7,1
5190,1309,18,6
5191,1310,9,10
5192,1310,6,21
5193,1310,4,19
5194,1310,20,5
5195,1310,0,23
5196,1310,21,19
5197,1310,13,5
5198,1310,18,7
5199,1310,1,21
5200,1311,4,21
5201,1311,4,20
5202,1311,1,20
5203,1311,15,17
5204,1312,5,23
5205,1312,5,1
5206,1312,2,22
5207,1312,3,24
5208,1312,23,17
5209,1313,21,1
5210,1313,19,7
5211,1313,15,6
5212,1313,17,15
5213,1313,15,3
5214,1314,20,4
5215,1314,16,6
5216,1315,4,6
5217,1315,3,5
5218,1315,4,8
5219,1315,4,17
5220,1315,4,6
5221,1315,4,15
5222,1316,12,19
5223,1316,3,5
5224,1316,14,23
5225,1318,11,20
5226,1318,3,23
5227,1319,11,14
5228,1319,0,9
5229,1319,3,6
5230,1319,21,5
5231,1319,3,22
5232,1319,12,15
5233,1320,22,13
5234,1320,16,19
5235,1321,7,21
5236,1321,22,19
5237,1321,5,19
5238,1321,3,7
5239,1321,7,13
5240,1322,5,12
5241,1322,13,3
5242,1322,5,11
5243,1322,15,13
5244,1323,23,1
5245,1323,2,18
5246,1323,4,13
5247,1323,4,16
5248,1323,9,21
5249,1323,17,1
5250,1324,19,13
5251,1324,21,1
5252,1324,6,16
5253,1325,22,0
5254,1325,22,2
5255,1325,17,13
5256,1325,7,15
5257,1326,23,9
5258,1326,13,21
5259,1326,5,15
5260,1326,22,8
5261,1327,23,12
5262,1327,2,19
5263,1327,22,24
5264,1328,24,21
5265,1328,1,5
5266,1328,17,7
5267,1328,2,14
5268,1328,12,10
5269,1328,20,9
5270,1328,1,12
5271,1329,7,9
5272,1329,5,18
5273,1329,8,6
5274,1329,19,9
5275,1329,9,16
5276,1329,21,9
5277,1329,17,11
5278,1330,20,2
5279,1330,24,15
5280,1330,1,13
5281,1331,2,13
5282,1331,24,4
5283,1331,0,15
5284,1331,16,24
5285,1332,17,2
5286,1332,17,5
5287,1333,6,15
5288,1333,17,7
5289,1333,1,24
5290,1334,16,2
5291,1334,16,12
5292,1334,24,4
5293,1334,13,3
5294,1334,13,4
5295,1335,7,0
5296,1335,12,3
5297,1335,22,5
5298,1335,21,6
5299,1335,20,5
5300,1335,2,20
5301,1337,24,5
5302,1337,17,23
5303,1337,13,5
5304,1338,10,4
5305,1338,11,17
5306,1338,3,20
5307,1338,10,7
5308,1339,7,14
5309,1339,22,7
5310,1339,0,16
5311,1339,4,7
5312,1340,17,23
5313,1340,22,11
5314,1340,2,20
5315,1341,2,18
5316,1341,8,5
5317,1341,19,3
5318,1341,16,14
5319,1341,18,16
5320,1341,12,16
5321,1342,7,15
5322,1342,3,18
5323,1342,22,9
5324,1342,10,8
5325,1342,0,18
5326,1343,1,18
5327,1343,10,22
5328,1343,2,22
5329,1343,21,1
5330,1344,4,10
5331,1344,3,9
5332,1345,18,6
5333,1346,8,4
5334,1346,16,4
5335,1346,24,20
5336,1346,21,4
5337,1347,15,7
5338,1347,12,0
5339,1348,22,19
5340,1348,9,24
5341,1348,4,18
5342,1348,3,10
5343,1349,3,13
5344,1349,10,19
5345,1350,2,10
5346,1350,10,12
5347,1350,13,19
5348,1350,24,6
5349,1350,17,7
5350,1351,16,20
5351,1351,23,2
5352,1351,3,15
5353,1352,12,22
5354,1352,6,3
5355,1352,6,8
5356,1352,13,22
5357,1352,15,22
5358,1352,2,9
5359,1352,12,0
5360,1353,3,23
5361,1353,21,17
5362,1354,9,6
5363,1354,14,21
5364,1354,6,10
5365,1354,11,17
5366,1355,3,10
5367,1355,1,14
5368,1355,4,8
5369,1355,18,6
5370,1355,18,3
5371,1355,12,19
5372,1356,12,20
5373,1356,17,13
5374,1356,18,5
5375,1357,5,19
5376,1357,4,0
5377,1358,4,7
5378,1358,11,9
5379,1358,15,3
5380,1358,15,6
5381,1359,19,6
5382,1359,18,2
5383,1359,4,8
5384,1360,24,7
5385,1360,22,14
5386,1360,21,7
5387,1360,19,11
5388,1361,8,19
5389,1361,12,14
5390,1362,15,18
5391,1362,24,3
5392,1362,20,3
5393,1362,0,18
5394,1363,21,15
5395,1364,11,0
5396,1364,23,17
5397,1365,0,17
5398,1365,9,5
5399,1365,18,4
5400,1365,19,20
5401,1365,22,4
5402,1365,1,9
5403,1365,15,6
5404,1366,13,3
5405,1366,13,20
5406,1367,10,16
5407,1367,19,11
5408,1367,8,16
5409,1367,12,6
5410,1367,11,4
5411,1367,17,19
5412,1368,7,1
5413,1369,16,10
5414,1369,11,1
5415,1369,14,17
5416,1369,0,19
5417,1369,6,2
5418,1370,23,4
5419,1370,10,2
5420,1371,7,9
5421,1371,10,24
5422,1371,13,15
5423,1372,7,0
5424,1372,10,16
5425,1372,19,1
5426,1373,21,1
5427,1373,2,15
5428,1373,6,3
5429,1373,17,19
5430,1374,15,2
5431,1374,20,5
5432,1374,12,21
5433,1374,15,13
5434,1374,0,20
5435,1375,2,22
5436,1376,17,23
5437,1376,13,3
5438,1376,6,3
5439,1377,18,8
5440,1377,7,16
5441,1377,16,13
5442,1377,2,12
5443,1377,11,23
5444,1378,7,14
5445,1378,1,11
5446,1378,6,18
5447,1378,3,1
5448,1379,24,16
5449,1379,23,16
5450,1380,8,21
5451,1381,0,9
5452,1381,7,14
5453,1381,22,16
5454,1381,18,5
5455,1382,5,18
5456,1382,18,20
5457,1382,15,2
5458,1383,7,19
5459,1383,22,9
5460,1383,4,6
5461,1383,10,18
5462,1384,19,21
5463,1385,4,2
5464,1385,21,1
5465,1385,24,13
5466,1385,16,5
5467,1385,14,3
5468,1385,7,5
5469,1386,1,4
5470,1386,13,11
5471,1386,7,17
5472,1386,20,2
5473,1386,20,17
5474,1386,24,17
5475,1387,23,17
5476,1387,13,0
5477,1387,7,11
5478,1388,17,1
5479,1388,4,1
5480,1388,3,14
5481,1389,18,9
5482,1389,6,12
5483,1390,1,12
5484,1390,6,24
5485,1391,3,5
5486,1392,19,4
5487,1392,2,6
5488,1392,7,10
5489,1392,20,19
5490,1392,13,6
5491,1393,1,11
5492,1393,4,19
5493,1394,1,5
5494,1394,2,19
5495,1394,19,10
5496,1394,9,5
5497,1395,14,16
5498,1395,17,9
5499,1395,0,20
5500,1396,3,5
5501,1396,5,8
5502,1396,18,10
5503,1397,19,0
5504,1397,15,23
5505,1397,9,22
5506,1398,21,14
5507,1398,9,15
5508,1398,13,20
5509,1398,4,5
5510,1398,17,15
5511,1398,6,23
5512,1398,7,17
5513,1399,24,1
5514,1399,24,0
5515,1399,3,21
5516,1400,2,6
5517,1400,1,13
5518,1400,10,18
5519,1400,6,13
5520,1401,24,17
5521,1401,16,0
5522,1402,7,0
5523,1402,11,3
5524,1402,2,21
5525,1402,8,23
5526,1402,23,8
5527,1403,23,20
5528,1404,6,23
5529,1404,5,14
5530,1404,10,20
5531,1405,1,23
5532,1405,1,3
5533,1406,22,9
5534,1406,2,16
5535,1406,3,16
5536,1407,13,7
5537,1407,15,2
5538,1407,4,22
5539,1407,2,13
5540,1408,15,0
5541,1408,1,24
5542,1408,1,7
5543,1408,5,8
5544,1408,11,14
5545,1408,12,19
5546,1409,0,19
5547,1409,19,1
5548,1409,17,0
5549,1409,7,20
5550,1409,18,16
5551,1410,12,14
5552,1410,22,3
5553,1410,24,18
5554,1410,10,2
5555,1411,11,15
5556,1411,7,10
5557,1411,13,23
5558,1411,22,1
5559,1412,21,17
5560,1413,13,21
5561,1413,15,3
5562,1413,1,11
5563,1413,19,21
5564,1413,4,16
5565,1413,18,20
5566,1414,22,11
5567,1414,15,11
5568,1415,19,20
5569,1415,23,5
5570,1415,23,13
5571,1415,6,24
5572,1415,19,3
5573,1416,21,7
5574,1416,15,12
5575,1416,6,9
5576,1416,19,15
5577,1416,8,2
5578,1416,19,10
5579,1417,5,12
5580,1417,6,13
5581,1418,20,5
5582,1418,7,22
5583,1418,21,11
5584,1418,21,0
5585,1418,6,0
5586,1419,23,3
5587,1419,1,15
5588,1419,8,22
5589,1420,12,19
5590,1420,16,14
5591,1420,11,7
5592,1421,5,1
5593,1421,0,14
5594,1421,4,10
5595,1422,5,9
5596,1422,13,7
5597,1423,5,8
5598,1423,18,9
5599,1423,2,15
5600,1423,14,11
5601,1423,19,5
5602,1424,7,11
5603,1424,16,20
5604,1424,10,3
5605,1424,14,21
5606,1425,10,4
5607,1425,11,7
5608,1425,5,18
5609,1425,1,13
5610,1425,24,20
5611,1426,0,15
5612,1426,15,3
5613,1427,15,17
5614,1427,17,4
5615,1427,10,17
5616,1427,10,20
5617,1427,18,14
5618,1428,12,5
5619,1428,22,24
5620,1428,0,4
5621,1428,6,20
5622,1428,23,16
5623,1429,5,23
5624,1430,11,13
5625,1430,1,9
5626,1430,17,8
5627,1430,4,8
5628,1430,13,19
5629,1430,4,19
5630,1431,9,15
5631,1432,14,2
5632,1432,8,12
5633,1432,2,15
5634,1432,6,13
5635,1432,22,2
5636,1432,17,2
5637,1432,19,9
5638,1433,24,4
5639,1433,17,20
5640,1433,5,24
5641,1434,4,11
5642,1434,3,18
5643,1434,3,1
5644,1434,22,1
5645,1435,19,15
5646,1435,10,3
5647,1435,9,22
5648,1435,14,10
5649,1436,20,5
5650,1436,0,10
5651,1436,3,5
5652,1436,13,11
5653,1436,3,1
5654,1437,12,10
5655,1437,0,13
5656,1438,5,4
5657,1438,21,12
5658,1438,20,8
5659,1438,18,24
5660,1438,14,12
5661,1439,16,22
5662,1439,9,10
5663,1440,16,19
5664,1440,10,24
5665,1440,19,20
5666,1441,3,1
5667,1441,15,23
5668,1441,16,5
5669,1441,12,19
5670,1441,3,19
5671,1442,21,17
5672,1442,3,11
5673,1442,5,17
5674,1442,16,0
5675,1442,10,14
5676,1443,18,15
5677,1444,13,15
5678,1444,12,3
5679,1444,24,0
5680,1444,4,13
5681,1444,24,18
5682,1444,11,1
5683,1444,24,6
5684,1444,23,12
5685,1444,23,13
5686,1445,20,13
5687,1445,17,5
5688,1445,14,4
5689,1445,18,3
5690,1446,7,0
5691,1446,21,3
5692,1446,15,18
5693,1446,0,10
5694,1446,11,1
5695,1447,15,18
5696,1447,20,8
5697,1447,6,19
5698,1447,14,21
5699,1448,16,24
5700,1448,14,23
5701,1448,23,15
5702,1449,14,0
5703,1449,15,7
5704,1450,9,12
5705,1450,23,15
5706,1450,16,12
5707,1450,3,11
5708,1450,20,8
5709,1451,8,22
5710,1451,11,13
5711,1451,21,18
5712,1451,6,13
5713,1452,6,13
5714,1452,22,9
5715,1452,14,5
5716,1452,2,10
5717,1453,16,0
5718,1453,3,0
5719,1453,22,20
5720,1453,21,0
5721,1453,23,5
5722,1454,23,16
5723,1454,9,22
5724,1454,21,3
5725,1454,5,7
5726,1455,21,17
5727,1455,20,19
5728,1455,23,9
5729,1455,19,6
5730,1455,3,20
5731,1455,24,11
5732,1455,4,6
5733,1456,13,16
5734,1456,2,20
5735,1456,12,24
5736,1456,5,9
5737,1456,19,4
5738,1457,5,15
5739,1457,23,12
5740,1457,22,6
5741,1458,2,13
5742,1458,10,23
5743,1458,10,2
5744,1458,14,6
5745,1459,19,3
5746,1459,13,22
5747,1459,15,13
5748,1459,8,23
5749,1460,3,11
5750,1460,2,5
5751,1461,2,12
5752,1461,16,18
5753,1461,9,6
5754,1461,7,10
5755,1461,0,14
5756,1461,2,9
5757,1461,24,6
5758,1461,16,4
5759,1461,16,6
5760,1462,20,0
5761,1462,6,3
5762,1462,2,20
5763,1462,14,5
5764,1463,5,22
5765,1463,13,1
5766,1463,14,20
5767,1463,19,23
5768,1464,19,11
5769,1464,22,8
5770,1464,18,5
5771,1465,21,24
5772,1465,9,10
5773,1466,19,20
5774,1466,14,11
5775,1466,6,20
5776,1466,19,2
5777,1466,16,9
5778,1467,21,23
5779,1467,15,18
5780,1467,11,8
5781,1467,15,19
5782,1467,6,16
5783,1468,3,9
5784,1469,9,16
5785,1469,17,11
5786,1469,6,18
5787,1470,6,24
5788,1470,8,21
5789,1470,11,8
5790,1470,12,3
5791,1471,1,14
5792,1471,18,14
5793,1471,18,4
5794,1471,10,9
5795,1471,21,13
5796,1472,1,19
5797,1472,17,1
5798,1472,6,4
5799,1472,0,13
5800,1472,19,4
5801,1473,15,24
5802,1473,15,14
5803,1473,3,16
5804,1474,6,23
5805,1474,3,13
5806,1474,5,3
5807,1474,1,7
5808,1474,22,6
5809,1475,11,9
5810,1475,12,9
5811,1475,12,22
5812,1475,18,0
5813,1475,23,4
5814,1475,1,19
5815,1476,16,8
5816,1476,20,1
5817,1476,6,15
5818,1476,24,10
5819,1476,13,3
5820,1477,16,18
5821,1477,9,6
5822,1478,20,9
5823,1479,24,17
5824,1479,22,16
5825,1479,2,6
5826,1480,24,15
5827,1480,16,2
5828,1480,8,12
5829,1480,14,2
5830,1480,5,12
5831,1480,7,17
5832,1480,9,0
5833,1481,8,5
5834,1481,3,7
5835,1482,3,24
5836,1482,1,19
5837,1483,22,12
5838,1483,21,5
5839,1483,1,14
5840,1484,19,15
5841,1484,8,18
5842,1484,6,20
5843,1485,6,9
5844,1485,12,0
5845,1485,4,13
5846,1485,9,0
5847,1485,20,2
5848,1486,13,11
5849,1486,3,15
5850,1486,20,2
5851,1486,10,8
5852,1487,1,13
5853,1487,16,3
5854,1487,10,16
5855,1488,12,24
5856,1488,2,15
5857,1488,8,20
5858,1488,18,11
5859,1488,9,6
5860,1489,5,17
5861,1489,7,18
5862,1489,3,14
5863,1489,9,23
5864,1489,14,4
5865,1490,14,23
5866,1490,23,17
5867,1491,22,14
5868,1491,16,14
5869,1491,21,5
5870,1491,18,8
5871,1491,21,24
5872,1491,1,22
5873,1491,15,1
5874,1492,16,23
5875,1492,11,9
5876,1492,21,0
5877,1492,0,16
5878,1493,11,5
5879,1493,4,6
5880,1493,5,3
5881,1493,22,0
5882,1493,21,2
5883,1495,20,14
5884,1495,17,1
5885,1495,10,13
5886,1495,19,9
5887,1495,8,22
5888,1496,3,9
5889,1496,23,3
5890,1497,18,8
5891,1497,17,0
5892,1497,5,17
5893,1497,11,13
5894,1497,23,3
5895,1498,8,23
5896,1498,1,11
5897,1498,21,5
5898,1498,10,16
5899,1498,23,21
5900,1498,6,18
5901,1499,24,17
5902,1499,3,11
5903,1499,8,17
5904,1499,11,9
5905,1499,19,7
5906,1500,5,4
5907,1500,19,0
5908,1500,8,5
5909,1500,18,14
5910,1500,19,21
5911,1500,3,1
5912,1500,10,13
5913,1501,1,19
5914,1501,5,24
5915,1501,5,4
5916,1502,3,24
5917,1502,9,0
5918,1502,21,9
5919,1503,4,15
5920,1503,18,20
5921,1503,3,11
5922,1503,12,24
5923,1503,10,14
5924,1503,21,15
5925,1503,3,7
5926,1504,13,19
5927,1504,6,16
5928,1504,19,16
5929,1504,6,20
5930,1505,24,9
5931,1505,17,23
5932,1505,21,10
5933,1505,24,13
5934,1505,4,20
5935,1505,3,12
5936,1505,0,16
5937,1506,17,21
5938,1506,9,10
5939,1506,12,16
5940,1506,24,7
5941,1506,4,13
5942,1507,19,0
5943,1507,8,2
5944,1507,7,23
5945,1507,5,3
5946,1507,18,21
5947,1508,6,24
5948,1508,10,6
5949,1508,8,18
5950,1508,9,6
5951,1509,19,22
5952,1509,16,2
5953,1509,13,19
5954,1510,11,21
5955,1510,1,18
5956,1510,21,12
5957,1510,2,15
5958,1511,11,9
5959,1511,9,18
5960,1511,17,3
5961,1511,13,16
5962,1511,9,10
5963,1512,19,5
5964,1512,8,12
5965,1512,16,8
5966,1512,16,18
5967,1513,5,3
5968,1513,24,14
5969,1513,17,19
5970,1513,20,7
5971,1513,24,15
5972,1513,11,1
5973,1513,6,24
5974,1514,16,0
5975,1515,4,5
5976,1515,6,3
5977,1515,7,4
5978,1515,9,12
5979,1515,23,19
5980,1516,8,1
5981,1516,4,23
5982,1516,17,0
5983,1516,20,24
5984,1516,4,0
5985,1516,11,4
5986,1516,24,17
5987,1516,2,17
5988,1516,18,8
5989,1517,3,23
5990,1517,19,22
5991,1517,2,13
5992,1517,16,22
5993,1518,3,5
5994,1518,11,19
5995,1518,6,23
5996,1518,4,6
5997,1518,10,14
5998,1519,24,18
5999,1519,8,0
6000,1519,22,18
6001,1519,12,8
6002,1519,1,14
6003,1519,13,22
6004,1519,23,3
6005,1520,23,0
6006,1520,23,10
6007,1520,19,15
6008,1520,24,13
6009,1520,5,9
6010,1521,10,19
6011,1521,16,1
6012,1521,10,20
6013,1522,11,18
6014,1522,16,7
6015,1523,11,1
6016,1523,6,17
6017,1523,3,22
6018,1524,11,23
6019,1524,6,4
6020,1524,11,19
6021,1524,24,22
6022,1524,2,12
6023,1524,23,13
6024,1525,1,3
6025,1526,4,20
6026,1526,9,16
6027,1526,19,8
6028,1526,21,5
6029,1527,13,19
6030,1527,4,21
6031,1527,2,10
6032,1527,18,16
6033,1527,20,9
6034,1527,2,18
6035,1527,12,3
6036,1527,2,19
6037,1528,12,1
6038,1528,1,18
6039,1528,13,15
6040,1528,22,5
6041,1528,5,3
6042,1529,7,5
6043,1529,15,9
6044,1530,22,18
6045,1530,11,9
6046,1530,19,1
6047,1530,0,24
6048,1531,9,5
6049,1531,16,8
6050,1531,20,6
6051,1531,17,14
6052,1531,13,5
6053,1531,18,16
6054,1531,16,1
6055,1532,11,3
6056,1532,24,14
6057,1532,10,3
6058,1532,2,8
6059,1532,13,0
6060,1533,8,4
6061,1533,17,24
6062,1534,9,23
6063,1534,3,10
6064,1534,10,3
6065,1534,18,6
6066,1534,5,21
6067,1535,10,4
6068,1536,16,9
6069,1536,22,0
6070,1536,12,23
6071,1537,23,8
6072,1538,11,19
6073,1538,20,14
6074,1538,13,23
6075,1539,0,8
6076,1539,22,3
6077,1539,12,5
6078,1539,17,19
6079,1539,13,17
6080,1540,10,6
6081,1540,11,4
6082,1540,23,5
6083,1540,24,18
6084,1540,6,4
6085,1540,13,2
6086,1540,21,14
6087,1540,5,11
6088,1540,19,4
6089,1540,21,5
6090,1540,23,3
6091,1540,1,13
6092,1541,19,10
6093,1541,22,1
6094,1541,3,24
6095,1541,9,16
6096,1542,17,15
6097,1544,9,1
6098,1544,21,24
6099,1545,0,12
6100,1545,0,18
6101,1545,15,8
6102,1545,16,1
6103,1545,1,14
6104,1545,12,5
6105,1545,3,15
6106,1545,11,15
6107,1546,4,22
6108,1546,0,6
6109,1546,14,17
6110,1546,0,21
6111,1547,7,16
6112,1547,24,7
6113,1547,9,6
6114,1547,2,4
6115,1547,6,2
6116,1548,12,3
6117,1548,10,21
6118,1549,3,1
6119,1549,2,12
6120,1549,20,2
6121,1549,15,1
6122,1550,19,23
6123,1550,3,24
6124,1550,5,23
6125,1550,13,3
6126,1551,14,22
6127,1551,17,11
6128,1552,14,10
6129,1552,18,9
6130,1552,17,6
6131,1552,7,9
6132,1552,2,24
6133,1552,19,0
6134,1553,0,10
6135,1553,11,22
6136,1553,6,15
6137,1553,0,7
6138,1553,18,5
6139,1553,22,14
6140,1553,23,1
6141,1554,13,2
6142,1554,6,2
6143,1554,15,14
6144,1554,23,4
6145,1554,0,7
6146,1555,10,13
6147,1555,9,22
6148,1555,13,22
6149,1556,15,24
6150,1556,10,3
6151,1556,6,16
6152,1557,13,1
6153,1557,12,6
6154,1557,13,3
6155,1558,2,4
6156,1558,3,5
6157,1558,2,8
6158,1558,12,6
6159,1558,14,8
6160,1558,5,16
6161,1558,21,1
6162,1559,3,7
6163,1559,4,17
6164,1559,7,1
6165,1560,11,17
6166,1561,14,20
6167,1561,4,1
6168,1561,1,10
6169,1562,7,13
6170,1562,24,11
6171,1562,11,19
6172,1562,19,6
6173,1563,23,4
6174,1563,4,2
6175,1563,21,5
6176,1563,0,24
6177,1563,22,16
6178,1563,4,19
6179,1563,5,9
6180,1564,15,7
6181,1564,19,21
6182,1564,9,5
6183,1564,4,20
6184,1564,19,10
6185,1564,5,1
6186,1564,14,15
6187,1565,1,19
6188,1565,22,0
6189,1566,15,1
6190,1566,20,22
6191,1566,4,1
6192,1567,1,14
6193,1567,3,20
6194,1567,0,3
6195,1567,10,24
6196,1567,10,19
6197,1568,3,5
6198,1568,22,6
6199,1568,17,3
6200,1568,24,20
6201,1568,3,19
6202,1568,10,22
6203,1569,8,17
6204,1569,14,10
6205,1569,24,4
6206,1570,7,18
6207,1570,19,15
6208,1570,13,1
6209,1570,10,8
6210,1571,10,1
6211,1571,18,20
6212,1571,1,5
6213,1571,11,4
6214,1572,20,24
6215,1572,13,11
6216,1573,22,16
6217,1573,14,2
6218,1573,15,13
6219,1574,1,24
6220,1575,5,22
6221,1575,20,16
6222,1575,1,13
6223,1575,3,11
6224,1575,1,15
6225,1576,18,2
6226,1576,24,20
6227,1576,15,18
6228,1576,9,2
6229,1576,9,7
6230,1576,18,3
6231,1576,4,15
6232,1577,14,22
6233,1577,16,12
6234,1578,3,22
6235,1578,20,14
6236,1579,7,5
6237,1579,8,14
6238,1579,0,8
6239,1579,3,7
6240,1579,1,4
6241,1580,2,24
6242,1580,24,20
6243,1580,9,11
6244,1580,4,14
6245,1581,1,16
6246,1581,12,1
6247,1581,2,15
6248,1581,5,2
6249,1582,2,8
6250,1582,13,21
6251,1582,13,22
6252,1582,20,17
6253,1583,12,19
6254,1583,14,21
6255,1583,8,23
6256,1584,15,3
6257,1584,23,13
6258,1584,18,11
6259,1584,8,17
6260,1585,4,21
6261,1585,5,17
6262,1585,13,4
6263,1586,23,16
6264,1586,13,6
6265,1586,22,5
6266,1586,1,20
6267,1586,16,22
6268,1587,1,23
6269,1587,5,2
6270,1588,7,11
6271,1588,2,24
6272,1589,9,18
6273,1589,12,15
6274,1590,0,19
6275,1590,22,6
6276,1590,19,2
6277,1590,24,15
6278,1590,10,20
6279,1590,20,17
6280,1590,8,4
6281,1592,8,4
6282,1592,12,0
6283,1593,4,11
6284,1593,11,4
6285,1594,12,16
6286,1594,6,13
6287,1594,2,22
6288,1594,11,22
6289,1594,20,12
6290,1594,22,8
6291,1595,3,10
6292,1595,11,0
6293,1595,0,21
6294,1596,1,14
6295,1596,13,24
6296,1596,6,21
6297,1597,5,3
6298,1597,15,8
6299,1597,21,6
6300,1597,8,12
6301,1597,2,0
6302,1597,13,1
6303,1597,0,2
6304,1597,11,4
6305,1598,11,8
6306,1598,4,11
6307,1598,11,15
6308,1598,23,1
6309,1598,17,4
6310,1599,22,24
6311,1599,2,12
6312,1599,19,13
6313,1600,5,23
6314,1600,22,3
6315,1600,16,19
6316,1601,8,0
6317,1602,6,23
6318,1602,24,0
6319,1602,4,11
6320,1602,21,12
6321,1602,18,7
6322,1602,11,14
6323,1602,2,20
6324,1602,23,1
6325,1603,2,13
6326,1603,5,13
6327,1603,12,15
6328,1603,21,5
6329,1603,18,10
6330,1603,5,12
6331,1603,19,4
6332,1603,21,23
6333,1604,0,14
6334,1604,4,15
6335,1604,24,16
6336,1604,1,18
6337,1605,7,22
6338,1605,8,5
6339,1605,22,16
6340,1605,6,22
6341,1606,12,18
6342,1606,0,2
6343,1606,1,5
6344,1607,19,11
6345,1607,4,13
6346,1607,4,13
6347,1607,0,15
6348,1608,2,19
6349,1609,20,22
6350,1609,13,20
6351,1609,0,17
6352,1609,19,11
6353,1610,4,18
6354,1610,19,21
6355,1610,24,8
6356,1611,8,4
6357,1611,16,12
6358,1612,12,16
6359,1612,22,20
6360,1612,7,23
6361,1613,20,9
6362,1613,1,23
6363,1613,24,21
6364,1614,5,12
6365,1614,10,0
6366,1614,13,15
6367,1614,15,12
6368,1615,6,14
6369,1616,3,19
6370,1616,9,7
6371,1617,1,17
6372,1617,11,3
6373,1617,23,21
6374,1617,16,18
6375,1617,2,8
6376,1617,9,12
6377,1617,16,23
6378,1618,16,14
6379,1618,11,20
6380,1618,22,8
6381,1619,23,19
6382,1619,15,7
6383,1620,4,1
6384,1620,15,12
6385,1621,14,8
6386,1621,7,20
6387,1621,15,22
6388,1622,9,6
6389,1622,4,24
6390,1622,17,23
6391,1622,14,6
6392,1622,1,16
6393,1622,18,1
6394,1623,4,23
6395,1623,11,21
6396,1623,24,5
6397,1623,15,23
6398,1624,23,5
6399,1624,15,0
6400,1624,21,2
6401,1625,10,20
6402,1625,5,9
6403,1626,23,20
6404,1627,12,3
6405,1627,24,15
6406,1627,19,6
6407,1627,10,7
6408,1627,23,7
6409,1627,10,23
6410,1628,11,13
6411,1628,11,18
6412,1630,16,4
6413,1630,14,8
6414,1630,12,24
6415,1630,21,14
6416,1631,12,0
6417,1631,23,19
6418,1631,10,3
6419,1631,19,0
6420,1631,3,10
6421,1632,21,12
6422,1632,10,13
6423,1633,12,0
6424,1633,9,21
6425,1634,7,17
6426,1634,1,20
6427,1634,22,12
6428,1634,10,17
6429,1634,0,10
6430,1635,2,14
6431,1635,20,7
6432,1635,22,2
6433,1635,15,14
6434,1635,12,2
6435,1635,21,6
6436,1635,8,22
6437,1635,13,20
6438,1636,9,18
6439,1636,9,2
6440,1636,8,1
6441,1636,8,20
6442,1636,6,19
6443,1636,4,13
6444,1637,1,20
6445,1637,14,17
6446,1637,5,22
6447,1638,9,18
6448,1638,19,5
6449,1638,0,15
6450,1638,6,13
6451,1639,5,1
6452,1639,13,17
6453,1640,5,12
6454,1641,16,24
6455,1641,15,12
6456,1641,4,15
6457,1641,24,9
6458,1641,21,15
6459,1641,18,2
6460,1642,11,5
6461,1642,10,3
6462,1642,2,23
6463,1642,2,0
6464,1642,10,7
6465,1643,9,1
6466,1643,7,21
6467,1643,11,2
6468,1644,1,12
6469,1644,1,9
6470,1645,9,24
6471,1645,14,17
6472,1645,15,2
6473,1645,7,19
6474,1646,7,23
6475,1646,17,23
6476,1646,1,12
6477,1646,12,8
6478,1646,4,0
6479,1646,2,22
6480,1646,9,1
6481,1646,24,5
6482,1647,14,8
6483,1647,20,13
6484,1647,17,24
6485,1647,21,17
6486,1647,2,0
6487,1648,13,11
6488,1648,6,10
6489,1648,22,24
6490,1648,19,11
6491,1649,16,14
6492,1649,15,0
6493,1650,4,17
6494,1650,5,2
6495,1650,16,23
6496,1650,20,23
6497,1651,0,11
6498,1651,1,10
6499,1651,20,17
6500,1651,11,19
6501,1651,24,15
6502,1652,0,12
6503,1652,9,1
6504,1652,19,15
6505,1652,20,8
6506,1652,3,0
6507,1653,12,20
6508,1654,24,3
6509,1654,20,14
6510,1654,12,16
6511,1655,0,9
6512,1655,6,2
6513,1655,5,24
6514,1655,14,17
6515,1655,19,23
6516,1656,19,16
6517,1656,4,15
6518,1657,21,3
6519,1657,0,18
6520,1657,2,0
6521,1657,16,5
6522,1657,20,9
6523,1658,21,19
6524,1658,15,22
6525,1658,12,3
6526,1659,21,1
6527,1659,3,23
6528,1659,9,21
6529,1659,10,8
6530,1659,15,24
6531,1659,18,3
6532,1660,1,5
6533,1660,2,22
6534,1660,15,3
6535,1661,0,20
6536,1662,13,0
6537,1662,4,18
6538,1662,2,19
6539,1662,4,17
6540,1662,14,11
6541,1663,12,6
6542,1663,14,22
6543,1663,7,24
6544,1663,14,8
6545,1664,8,2
6546,1664,20,9
6547,1664,14,22
6548,1665,4,6
6549,1665,24,1
6550,1666,17,24
6551,1666,4,10
6552,1666,7,1
6553,1666,23,2
6554,1667,21,4
6555,1667,10,2
6556,1667,18,7
6557,1667,0,4
6558,1668,22,13
6559,1668,13,1
6560,1668,20,23
6561,1668,3,16
6562,1668,0,16
6563,1668,16,13
6564,1668,17,1
6565,1669,6,3
6566,1669,24,1
6567,1669,23,8
6568,1669,4,21
6569,1669,19,15
6570,1669,6,3
6571,1670,12,23
6572,1670,13,24
6573,1670,21,8
6574,1671,9,2
6575,1671,4,22
6576,1672,22,15
6577,1672,17,10
6578,1672,12,5
6579,1673,12,0
6580,1673,19,20
6581,1674,18,1
6582,1674,1,13
6583,1674,5,17
6584,1674,8,5
6585,1674,3,13
6586,1675,17,1
6587,1675,18,15
6588,1676,24,7
6589,1676,8,24
6590,1676,10,20
6591,1676,12,21
6592,1677,0,15
6593,1677,19,3
6594,1677,14,5
6595,1677,4,12
6596,1677,16,8
6597,1678,16,4
6598,1678,23,14
6599,1678,10,24
6600,1678,15,19
6601,1678,2,24
6602,1678,14,15
6603,1679,15,18
6604,1679,9,19
6605,1680,10,24
6606,1680,5,1
6607,1680,14,24
6608,1680,6,8
6609,1681,7,23
6610,1681,0,20
6611,1681,11,15
6612,1682,11,2
6613,1682,4,23
6614,1682,19,9
6615,1682,2,12
6616,1682,19,23
6617,1682,23,21
6618,1683,19,22
6619,1683,22,4
6620,1683,19,3
6621,1683,17,13
6622,1683,6,10
6623,1683,17,7
6624,1683,10,9
6625,1683,1,14
6626,1684,10,2
6627,1684,11,14
6628,1684,5,13
6629,1684,13,7
6630,1684,7,21
6631,1685,0,3
6632,1685,10,23
6633,1685,1,12
6634,1686,6,15
6635,1686,20,14
6636,1686,16,20
6637,1687,7,18
6638,1687,7,17
6639,1687,19,11
6640,1687,1,17
6641,1687,12,19
6642,1687,17,5
6643,1688,18,21
6644,1688,13,3
6645,1688,12,24
6646,1688,8,16
6647,1688,23,8
6648,1688,24,10
6649,1688,5,13
6650,1688,2,4
6651,1689,22,3
6652,1690,19,11
6653,1690,9,20
6654,1690,22,7
6655,1690,5,12
6656,1690,24,4
6657,1691,5,14
6658,1691,11,1
6659,1691,13,0
6660,1692,1,5
6661,1692,21,17
6662,1692,20,10
6663,1692,18,20
6664,1694,0,9
6665,1694,16,12
6666,1694,22,9
6667,1694,24,21
6668,1695,23,12
6669,1695,1,16
6670,1696,3,6
6671,1696,19,4
6672,1696,7,23
6673,1696,0,19
6674,1696,12,20
6675,1697,11,7
6676,1697,19,9
6677,1698,23,9
6678,1698,14,11
6679,1698,8,0
6680,1698,8,19
6681,1699,9,20
6682,1699,15,8
6683,1699,22,13
6684,1699,1,16
6685,1699,21,0
6686,1700,5,16
6687,1700,14,21
6688,1701,8,15
6689,1702,11,2
6690,1702,21,9
6691,1703,20,23
6692,1703,24,15
6693,1703,9,3
6694,1703,2,17
6695,1703,6,12
6696,1704,9,19
6697,1704,4,10
6698,1705,22,16
6699,1705,15,14
6700,1705,23,5
6701,1705,17,19
6702,1705,14,3
6703,1706,11,13
6704,1706,12,21
6705,1706,8,6
6706,1706,6,0
6707,1707,22,10
6708,1707,5,9
6709,1708,10,9
6710,1708,23,5
6711,1708,14,23
6712,1708,14,10
6713,1708,0,15
6714,1708,22,9
6715,1708,4,23
6716,1709,17,5
6717,1709,20,7
6718,1709,14,3
6719,1709,0,7
6720,1710,15,3
6721,1710,3,12
6722,1710,14,6
6723,1710,19,16
6724,1711,13,23
6725,1711,18,2
6726,1711,22,24
6727,1711,17,5
6728,1711,12,0
6729,1711,1,10
6730,1711,20,11
6731,1712,18,0
6732,1712,12,20
6733,1712,12,14
6734,1712,12,0
6735,1713,15,6
6736,1714,9,13
6737,1714,1,20
6738,1714,11,22
6739,1715,4,2
6740,1715,7,22
6741,1715,0,13
6742,1715,19,9
6743,1716,21,2
6744,1716,12,23
6745,1716,8,24
6746,1716,9,20
6747,1717,4,7
6748,1717,16,23
6749,1717,23,19
6750,1717,3,1
6751,1718,3,14
6752,1718,17,15
6753,1718,10,23
6754,1718,12,24
6755,1719,1,14
6756,1719,20,6
6757,1719,9,5
6758,1719,16,1
6759,1719,12,14
6760,1720,1,23
6761,1720,0,4
6762,1720,7,10
6763,1720,9,5
6764,1720,8,15
6765,1721,3,10
6766,1721,4,19
6767,1721,0,7
6768,1721,0,20
6769,1722,19,12
6770,1722,4,10
6771,1722,22,9
6772,1722,9,20
6773,1722,12,24
6774,1723,12,8
6775,1723,7,18
6776,1723,4,1
6777,1725,7,16
6778,1725,9,7
6779,1725,20,18
6780,1725,17,9
6781,1725,13,21
6782,1725,15,19
6783,1726,16,0
6784,1726,14,22
6785,1726,15,21
6786,1726,7,5
6787,1726,1,16
6788,1726,13,7
6789,1727,12,10
6790,1727,2,17
6791,1728,9,1
6792,1728,8,0
6793,1729,22,8
6794,1729,4,15
6795,1729,11,13
6796,1729,0,10
6797,1729,17,4
6798,1729,22,9
6799,1729,7,11
6800,1729,15,14
6801,1729,11,19
6802,1730,13,2
6803,1730,16,7
6804,1730,20,0
6805,1731,16,19
6806,1731,1,24
6807,1731,17,3
6808,1731,0,14
6809,1731,3,1
6810,1731,7,21
6811,1732,23,19
6812,1732,11,2
6813,1732,20,8
6814,1733,19,12
6815,1733,10,19
6816,1733,22,14
6817,1733,16,20
6818,1733,18,2
6819,1733,3,0
6820,1735,5,20
6821,1735,2,20
6822,1735,11,3
6823,1736,4,23
6824,1736,16,23
6825,1736,16,7
6826,1737,9,0
6827,1737,15,4
6828,1737,23,6
6829,1737,23,11
6830,1738,11,15
6831,1738,0,9
6832,1739,8,5
6833,1739,4,6
6834,1740,4,2
6835,1740,12,2
6836,1741,13,17
6837,1741,5,11
6838,1741,1,8
6839,1741,5,9
6840,1741,4,22
6841,1741,14,16
6842,1741,13,3
6843,1742,7,16
6844,1742,14,3
6845,1743,14,11
6846,1743,1,15
6847,1743,24,20
6848,1743,2,23
6849,1744,8,17
6850,1744,12,1
6851,1744,3,21
6852,1745,21,24
6853,1745,23,13
6854,1745,15,17
6855,1745,1,12
6856,1745,14,8
6857,1746,13,2
6858,1746,11,5
6859,1746,21,5
6860,1746,10,23
6861,1746,2,9
6862,1747,1,15
6863,1747,12,9
6864,1747,6,15
6865,1747,18,6
6866,1747,11,9
6867,1747,20,0
6868,1748,6,3
6869,1748,2,16
6870,1748,14,16
6871,1748,1,20
6872,1748,3,19
6873,1749,18,1
6874,1749,7,19
6875,1749,1,23
6876,1749,6,14
6877,1749,16,12
6878,1749,23,7
6879,1749,18,7
6880,1750,15,14
6881,1750,19,21
6882,1750,5,21
6883,1750,8,2
6884,1751,15,4
6885,1751,5,1
6886,1751,1,19
6887,1751,11,22
6888,1752,7,20
6889,1752,18,6
6890,1752,21,9
6891,1752,18,8
6892,1752,3,17
6893,1752,17,5
6894,1752,14,2
6895,1753,23,19
6896,1753,12,20
6897,1753,18,14
6898,1754,24,5
6899,1755,8,10
6900,1755,14,12
6901,1755,24,2
6902,1755,3,18
6903,1755,23,21
6904,1756,7,3
6905,1756,8,16
6906,1757,0,12
6907,1757,13,15
6908,1757,18,0
6909,1758,12,1
6910,1758,2,12
6911,1758,17,21
6912,1758,9,22
6913,1758,22,10
6914,1758,22,16
6915,1759,24,9
6916,1759,15,22
6917,1759,21,14
6918,1760,3,9
6919,1760,18,10
6920,1760,19,10
6921,1760,6,3
6922,1760,15,17
6923,1761,10,9
6924,1761,1,24
6925,1761,19,6
6926,1762,0,17
6927,1762,3,6
6928,1762,22,3
6929,1762,19,23
6930,1762,17,21
6931,1762,18,12
6932,1763,22,13
6933,1763,22,0
6934,1764,2,5
6935,1764,0,14
6936,1764,4,10
6937,1765,9,0
6938,1765,12,10
6939,1765,18,20
6940,1765,19,21
6941,1765,9,20
6942,1765,20,6
6943,1766,9,0
6944,1766,6,9
6945,1767,13,7
6946,1767,15,9
6947,1767,5,3
6948,1767,6,18
6949,1767,14,15
6950,1768,0,22
6951,1768,17,19
6952,1769,2,24
6953,1769,3,12
6954,1769,11,7
6955,1769,6,14
6956,1769,1,14
6957,1769,10,13
6958,1770,12,1
6959,1770,23,17
6960,1770,12,18
6961,1770,10,24
6962,1770,4,7
6963,1770,12,0
6964,1771,14,22
6965,1771,8,15
6966,1771,8,1
6967,1772,24,22
6968,1772,0,23
6969,1773,20,5
6970,1773,16,6
6971,1773,9,1
6972,1773,24,3
6973,1774,19,5
6974,1774,22,16
6975,1774,24,3
6976,1774,24,21
6977,1775,0,19
6978,1775,6,21
6979,1775,14,15
6980,1776,16,18
6981,1777,23,2
6982,1777,19,9
6983,1777,6,21
6984,1777,8,10
6985,1778,7,14
6986,1778,8,19
6987,1778,3,11
6988,1778,20,9
6989,1778,23,15
6990,1779,9,16
6991,1779,1,9
6992,1780,9,18
6993,1780,18,10
6994,1780,6,9
6995,1780,12,24
6996,1780,13,4
6997,1780,11,17
6998,1780,2,10
6999,1780,0,24
7000,1781,22,19
7001,1781,22,3
7002,1782,8,0
7003,1783,5,18
7004,1783,6,22
7005,1783,11,5
7006,1784,21,5
7007,1785,17,13
7008,1785,8,11
7009,1785,17,13
7010,1786,2,9
7011,1786,17,1
7012,1787,23,21
7013,1787,1,21
7014,1787,14,16
7015,1787,6,10
7016,1787,12,0
7017,1787,19,23
7018,1788,6,20
7019,1788,3,14
7020,1788,15,14
7021,1788,18,21
7022,1788,13,20
7023,1789,16,22
7024,1790,19,20
7025,1790,23,2
7026,1790,0,21
7027,1790,1,5
7028,1790,12,21
7029,1790,21,3
7030,1791,10,19
7031,1791,2,19
7032,1791,15,5
7033,1791,24,7
7034,1791,14,22
7035,1792,22,8
7036,1792,19,5
7037,1793,9,15
7038,1793,20,22
7039,1793,6,4
7040,1794,17,13
7041,1794,5,22
7042,1794,8,22
7043,1795,1,15
7044,1795,20,11
7045,1796,5,9
7046,1796,5,23
7047,1796,16,18
7048,1797,23,3
7049,1797,23,8
7050,1797,15,3
7051,1798,20,2
7052,1798,4,10
7053,1798,9,2
7054,1798,8,21
7055,1798,2,16
7056,1799,24,21
