veh_id,t_depart,origin,dest
0,0,19,1
1,0,3,18
2,0,7,0
3,0,16,1
4,0,13,3
5,0,5,14
6,1,5,4
7,1,0,23
8,1,11,2
9,2,15,4
10,2,3,11
11,2,24,10
12,2,1,22
13,3,10,0
14,3,13,7
15,3,16,19
16,3,11,3
17,3,17,9
18,4,12,9
19,4,23,15
20,4,24,4
21,5,4,19
22,6,5,9
23,6,22,0
24,7,22,2
25,7,21,7
26,7,21,5
27,7,11,4
28,7,11,1
29,7,20,2
30,8,16,0
31,8,6,19
32,8,15,23
33,8,13,7
34,8,6,13
35,9,6,3
36,9,19,13
37,9,2,8
38,10,20,24
39,10,21,19
40,10,3,9
41,10,2,10
42,10,10,9
43,10,18,3
44,11,8,4
45,11,4,21
46,11,22,11
47,11,0,18
48,11,3,0
49,12,8,17
50,12,4,8
51,13,2,11
52,13,8,20
53,13,10,16
54,13,14,12
55,13,12,24
56,13,23,20
57,14,5,1
58,14,4,13
59,14,7,18
60,14,23,6
61,14,12,5
62,14,20,1
63,15,9,5
64,16,8,5
65,16,3,19
66,16,7,17
67,16,3,0
68,16,18,15
69,17,1,11
70,17,20,19
71,17,22,6
72,17,17,13
73,17,17,21
74,18,12,0
75,18,6,20
76,18,9,19
77,18,15,14
78,18,3,15
79,20,16,1
80,20,22,18
81,20,1,22
82,21,20,4
83,21,18,22
84,21,0,23
85,21,22,8
86,21,24,6
87,22,22,14
88,22,8,1
89,22,1,17
90,22,4,15
91,22,10,23
92,22,11,0
93,22,24,15
94,23,20,17
95,23,21,5
96,24,13,0
97,24,5,4
98,24,23,9
99,25,9,1
100,25,11,1
101,25,11,24
102,25,9,17
103,26,4,20
104,26,15,18
105,26,17,4
106,27,15,3
107,27,3,17
108,27,3,11
109,27,5,4
110,28,8,21
111,28,0,13
112,28,15,9
113,28,17,20
114,28,11,3
115,29,21,7
116,29,2,16
117,29,19,13
118,29,19,1
119,30,21,17
120,30,1,4
121,30,9,23
122,30,10,13
123,30,15,1
124,30,23,19
125,31,2,17
126,31,1,22
127,31,0,23
128,31,6,0
129,32,1,14
130,32,0,3
131,32,22,4
132,33,12,4
133,33,4,5
134,33,4,11
135,34,18,16
136,34,0,10
137,34,12,15
138,34,17,0
139,34,13,9
140,34,5,11
141,34,10,23
142,35,0,10
143,35,1,9
144,35,15,0
145,35,13,5
146,35,17,5
147,35,7,9
148,36,15,21
149,36,17,19
150,36,14,21
151,36,6,10
152,36,20,8
153,36,1,14
154,37,16,8
155,37,6,9
156,37,1,15
157,37,24,18
158,37,19,2
159,37,8,1
160,37,10,14
161,38,23,10
162,38,8,20
163,38,17,23
164,39,12,0
165,39,10,4
166,39,17,6
167,39,2,11
168,39,15,13
169,39,2,15
170,40,17,19
171,41,8,2
172,41,21,9
173,41,22,7
174,42,9,15
175,42,13,23
176,42,6,9
177,42,10,2
178,42,20,3
179,42,13,5
180,42,7,20
181,42,15,6
182,42,20,12
183,42,0,15
184,42,6,23
185,43,22,13
186,43,13,24
187,43,15,3
188,43,4,17
189,43,7,22
190,43,14,3
191,43,3,17
192,43,6,15
193,43,1,18
194,43,8,20
195,44,13,4
196,44,13,15
197,45,8,16
198,46,24,12
199,46,1,20
200,46,12,18
201,47,7,22
202,47,10,3
203,48,22,5
204,48,20,23
205,48,4,15
206,48,8,11
207,48,16,2
208,49,15,5
209,49,24,0
210,50,13,10
211,51,4,17
212,51,17,6
213,51,13,7
214,51,2,21
215,51,5,1
216,52,5,13
217,52,15,4
218,52,14,12
219,53,13,2
220,53,20,9
221,53,16,19
222,53,12,4
223,53,8,10
224,53,12,19
225,54,21,0
226,54,7,14
227,55,7,18
228,55,19,7
229,55,16,14
230,55,13,21
231,56,14,12
232,57,24,22
233,57,24,12
234,57,24,11
235,57,20,0
236,58,1,15
237,59,14,18
238,59,5,16
239,59,10,6
240,59,6,8
241,60,17,10
242,60,2,12
243,60,11,0
244,60,18,1
245,61,19,9
246,61,23,3
247,62,13,22
248,62,7,15
249,62,19,10
250,62,8,2
251,62,24,11
252,63,13,11
253,63,4,5
254,63,16,13
255,63,19,0
256,63,5,16
257,64,4,15
258,64,5,3
259,64,8,19
260,64,7,17
261,64,23,1
262,64,1,21
263,64,4,13
264,65,10,18
265,65,22,3
266,65,11,5
267,66,20,23
268,66,0,4
269,66,12,6
270,67,12,24
271,67,15,1
272,67,10,1
273,67,1,21
274,67,11,5
275,68,9,16
276,68,19,16
277,68,1,20
278,69,3,1
279,70,17,8
280,70,1,11
281,70,3,19
282,70,23,9
283,70,10,23
284,70,2,10
285,71,6,4
286,71,1,21
287,72,10,21
288,72,9,18
289,72,4,12
290,73,0,9
291,73,20,14
292,74,0,22
293,74,23,9
294,74,10,16
295,74,11,21
296,75,10,7
297,75,8,16
298,75,20,6
299,75,1,20
300,76,18,20
301,76,18,10
302,76,8,0
303,77,24,10
304,77,19,23
305,77,19,11
306,77,16,5
307,78,7,9
308,79,11,17
309,79,13,7
310,79,1,9
311,79,13,19
312,79,24,21
313,79,5,8
314,80,0,4
315,80,23,7
316,80,10,6
317,81,7,4
318,81,22,8
319,81,9,6
320,81,5,12
321,81,11,24
322,81,12,0
323,82,23,15
324,82,5,8
325,82,3,15
326,82,18,15
327,82,19,15
328,82,14,4
329,82,22,0
330,83,3,16
331,83,22,20
332,83,13,21
333,83,22,7
334,84,11,3
335,85,12,5
336,85,0,22
337,85,14,2
338,85,0,21
339,85,12,4
340,86,15,22
341,86,14,21
342,87,8,20
343,87,9,12
344,87,22,4
345,88,21,11
346,88,13,19
347,88,0,2
348,88,3,22
349,88,8,10
350,89,24,17
351,89,9,18
352,89,22,16
353,90,18,11
354,90,2,9
355,90,20,4
356,90,14,21
357,90,10,24
358,91,24,18
359,91,14,4
360,91,22,20
361,91,13,9
362,91,23,14
363,92,11,15
364,92,0,7
365,93,14,18
366,93,13,7
367,93,21,4
368,93,12,0
369,93,17,14
370,94,8,14
371,94,5,3
372,94,12,2
373,94,13,20
374,94,12,19
375,94,5,13
376,95,19,2
377,95,0,18
378,96,1,19
379,96,2,14
380,96,4,19
381,96,1,19
382,96,24,15
383,96,7,3
384,97,14,24
385,97,19,4
386,97,23,9
387,97,0,4
388,98,20,23
389,98,3,15
390,98,15,1
391,98,12,0
392,98,23,17
393,99,4,7
394,99,8,1
395,99,16,1
396,100,17,19
397,100,22,1
398,100,15,18
399,100,10,17
400,101,3,21
401,101,3,14
402,102,18,2
403,102,5,9
404,103,7,20
405,103,22,14
406,103,19,20
407,103,19,15
408,104,1,16
409,104,0,18
410,104,18,0
411,104,10,23
412,105,8,19
413,105,12,8
414,105,11,13
415,105,1,15
416,105,12,9
417,106,1,12
418,106,24,7
419,106,24,21
420,106,13,10
421,106,1,7
422,107,15,8
423,107,8,10
424,107,7,16
425,107,20,14
426,107,15,17
427,107,3,12
428,107,6,17
429,108,7,22
430,108,3,7
431,109,9,10
432,109,3,16
433,109,16,3
434,109,10,16
435,110,17,13
436,110,6,16
437,110,3,21
438,111,13,7
439,112,11,1
440,112,20,19
441,112,10,9
442,112,19,13
443,113,18,4
444,113,1,22
445,113,13,21
446,113,4,18
447,114,4,7
448,114,8,16
449,115,8,20
450,115,24,7
451,115,1,23
452,116,24,8
453,116,8,0
454,116,16,23
455,116,0,11
456,116,22,1
457,116,19,12
458,116,20,2
459,117,1,5
460,117,7,13
461,118,12,14
462,118,15,5
463,118,4,24
464,118,24,7
465,119,3,6
466,119,4,7
467,119,7,0
468,120,6,15
469,120,9,18
470,120,21,10
471,120,13,1
472,120,0,24
473,120,10,17
474,121,8,5
475,121,11,3
476,121,9,18
477,122,14,3
478,122,24,14
479,122,2,10
480,123,23,17
481,123,8,21
482,123,9,11
483,123,3,11
484,124,16,6
485,124,22,16
486,124,16,6
487,124,17,6
488,124,22,20
489,124,14,2
490,124,14,17
491,124,2,12
492,125,20,11
493,125,16,20
494,125,14,1
495,125,5,24
496,125,14,6
497,126,4,20
498,126,1,20
499,127,18,5
500,127,20,23
501,127,16,8
502,127,2,17
503,127,13,2
504,127,8,17
505,127,9,2
506,127,20,5
507,128,10,9
508,128,17,5
509,128,10,9
510,128,16,8
511,128,0,6
512,129,24,15
513,129,23,8
514,129,16,19
515,130,8,15
516,130,2,9
517,130,17,15
518,130,10,13
519,130,18,9
520,131,24,18
521,131,5,4
522,131,6,15
523,131,1,21
524,132,10,4
525,132,24,8
526,133,2,11
527,133,24,5
528,133,2,4
529,133,21,7
530,134,19,4
531,134,1,13
532,134,19,3
533,134,20,11
534,135,2,4
535,135,16,8
536,135,2,15
537,136,19,20
538,136,2,19
539,137,9,1
540,137,22,4
541,137,20,19
542,137,7,11
543,137,14,6
544,137,23,21
545,138,14,0
546,138,16,18
547,138,8,12
548,139,18,9
549,139,23,14
550,139,13,15
551,140,14,21
552,140,6,9
553,140,14,0
554,140,10,8
555,140,0,7
556,140,14,10
557,141,23,10
558,141,12,14
559,141,11,24
560,142,19,7
561,142,14,7
562,142,23,2
563,142,0,9
564,143,1,24
565,143,4,23
566,143,16,19
567,144,9,22
568,144,22,8
569,144,0,6
570,145,9,15
571,145,23,3
572,145,4,24
573,145,16,14
574,145,22,5
575,145,3,0
576,146,1,8
577,146,6,9
578,146,7,17
579,146,24,6
580,147,18,11
581,147,9,0
582,147,18,1
583,147,23,8
584,149,15,3
585,149,14,5
586,149,12,23
587,149,14,3
588,150,14,1
589,150,15,8
590,150,13,15
591,150,0,8
592,151,14,11
593,151,16,4
594,151,24,18
595,151,15,17
596,152,9,23
597,152,22,11
598,152,18,6
599,153,3,6
600,153,10,13
601,153,0,10
602,153,24,5
603,153,13,2
604,154,12,20
605,154,2,0
606,154,10,9
607,154,0,17
608,155,16,7
609,155,0,14
610,155,13,15
611,155,20,6
612,155,13,0
613,155,19,17
614,155,23,9
615,156,24,10
616,156,7,5
617,156,10,17
618,156,10,18
619,157,12,14
620,157,0,14
621,157,12,19
622,157,20,16
623,157,15,9
624,158,20,22
625,158,1,14
626,158,17,5
627,158,20,5
628,159,5,4
629,159,0,9
630,159,9,5
631,159,16,9
632,159,3,22
633,160,23,3
634,161,23,1
635,161,5,18
636,161,2,13
637,161,5,19
638,162,11,4
639,162,2,22
640,162,9,10
641,162,19,8
642,163,19,13
643,163,20,14
644,163,15,1
645,163,16,20
646,163,7,10
647,163,0,18
648,164,21,19
649,164,10,8
650,165,13,20
651,165,11,5
652,165,20,11
653,165,3,14
654,165,0,19
655,165,9,21
656,166,14,11
657,166,9,11
658,166,5,9
659,167,24,14
660,167,6,13
661,167,22,16
662,167,0,2
663,167,4,14
664,167,16,8
665,168,11,19
666,168,12,6
667,168,22,8
668,168,24,8
669,169,15,8
670,169,13,0
671,169,20,16
672,169,0,8
673,170,17,9
674,170,19,1
675,170,11,0
676,170,19,2
677,171,3,19
678,171,7,10
679,171,0,3
680,172,20,17
681,172,4,13
682,172,20,2
683,173,7,19
684,173,24,7
685,174,15,21
686,174,16,23
687,175,11,8
688,175,21,24
689,175,12,20
690,175,4,24
691,176,6,8
692,176,22,24
693,176,10,12
694,176,12,2
695,177,9,0
696,178,12,23
697,178,16,12
698,178,7,10
699,179,4,17
700,179,6,8
701,179,0,22
702,179,15,14
703,179,8,5
704,179,0,19
705,179,24,8
706,180,9,3
707,180,14,2
708,182,23,13
709,182,5,9
710,183,6,0
711,183,20,9
712,183,3,12
713,183,2,23
714,183,8,11
715,183,11,9
716,183,8,12
717,183,9,15
718,183,0,24
719,184,18,15
720,184,13,10
721,184,24,4
722,185,24,20
723,185,3,12
724,185,14,1
725,185,16,2
726,185,18,22
727,185,23,8
728,185,18,16
729,185,24,20
730,185,14,4
731,185,2,23
732,186,19,10
733,186,20,14
734,186,9,18
735,187,17,8
736,187,19,12
737,187,11,23
738,187,4,14
739,188,5,16
740,188,9,11
741,188,15,8
742,188,10,12
743,188,14,17
744,188,20,23
745,188,22,7
746,188,19,0
747,189,14,1
748,189,6,0
749,189,14,2
750,189,8,1
751,189,22,15
752,190,19,23
753,190,15,2
754,190,2,20
755,190,8,15
756,190,19,16
757,190,17,6
758,191,19,22
759,191,19,21
760,191,1,3
761,192,9,18
762,192,1,22
763,192,7,19
764,192,3,20
765,192,20,18
766,193,12,16
767,193,12,15
768,193,14,6
769,194,13,3
770,194,2,14
771,194,10,6
772,194,16,4
773,194,15,11
774,194,24,8
775,195,9,16
776,195,13,3
777,196,8,15
778,196,0,2
779,196,15,1
780,196,6,24
781,196,0,16
782,196,14,21
783,196,15,21
784,197,19,10
785,197,13,17
786,197,20,18
787,197,17,19
788,198,12,8
789,199,9,21
790,199,9,1
791,199,13,7
792,199,8,23
793,199,20,4
794,199,23,16
795,200,5,13
796,200,20,23
797,200,10,7
798,200,17,6
799,201,0,21
800,202,0,14
801,202,4,18
802,202,7,23
803,202,20,12
804,202,19,6
805,203,18,9
806,203,5,2
807,203,22,3
808,203,18,21
809,203,8,11
810,204,9,15
811,204,23,1
812,204,4,2
813,204,17,10
814,204,4,20
815,205,1,8
816,205,3,24
817,205,9,6
818,206,17,21
819,206,16,12
820,206,18,24
821,206,13,2
822,206,4,24
823,206,21,17
824,207,6,10
825,207,18,3
826,208,8,5
827,208,13,10
828,209,10,1
829,209,13,1
830,209,19,22
831,210,20,2
832,211,12,1
833,212,22,2
834,212,22,11
835,212,6,21
836,213,7,18
837,213,1,3
838,214,0,2
839,215,5,18
840,215,21,2
841,216,11,4
842,216,24,5
843,216,23,14
844,216,7,1
845,217,14,7
846,217,10,21
847,217,2,13
848,217,11,21
849,217,23,12
850,217,0,16
851,218,8,23
852,218,7,0
853,218,5,4
854,218,14,4
855,218,16,8
856,218,17,7
857,218,12,15
858,219,22,15
859,219,16,3
860,219,8,2
861,219,1,8
862,219,12,5
863,219,19,3
864,220,1,15
865,220,19,21
866,221,4,22
867,221,20,5
868,222,19,10
869,222,0,22
870,222,5,20
871,222,8,22
872,222,16,22
873,223,20,16
874,223,1,10
875,223,24,8
876,224,12,6
877,224,19,11
878,224,23,2
879,224,4,19
880,224,6,19
881,225,1,23
882,225,0,4
883,225,11,22
884,226,10,9
885,226,5,19
886,227,18,0
887,227,19,9
888,227,13,21
889,228,13,10
890,229,23,19
891,229,21,2
892,229,23,11
893,230,10,18
894,231,15,1
895,231,3,22
896,231,16,5
897,231,17,14
898,232,21,12
899,232,4,0
900,232,17,7
901,232,2,9
902,232,9,6
903,232,1,22
904,233,24,12
905,233,8,0
906,233,23,12
907,234,20,22
908,234,1,23
909,234,22,7
910,234,21,9
911,235,2,5
912,235,17,23
913,235,24,22
914,235,14,21
915,235,9,1
916,235,24,8
917,235,24,7
918,236,18,7
919,236,15,22
920,237,21,8
921,237,7,23
922,237,8,21
923,238,2,10
924,238,7,23
925,238,12,6
926,238,4,14
927,238,15,13
928,239,17,2
929,239,5,12
930,239,21,8
931,239,17,8
932,240,13,11
933,240,6,19
934,240,18,24
935,241,19,22
936,241,14,21
937,241,20,3
938,241,18,15
939,241,0,23
940,242,9,10
941,242,5,4
942,242,14,10
943,242,8,10
944,242,3,19
945,242,2,11
946,242,4,22
947,243,0,23
948,243,18,2
949,243,0,17
950,243,21,9
951,244,2,14
952,244,3,12
953,245,13,6
954,245,20,3
955,245,17,21
956,245,7,18
957,246,1,3
958,246,9,7
959,246,9,15
960,246,4,15
961,246,9,24
962,246,2,8
963,246,10,2
964,246,21,3
965,247,10,4
966,247,5,18
967,247,6,23
968,247,14,4
969,248,13,6
970,248,10,17
971,248,6,2
972,248,5,3
973,249,18,22
974,250,16,24
975,251,2,16
976,251,3,6
977,251,15,6
978,251,19,13
979,251,12,9
980,251,5,8
981,251,21,2
982,252,9,10
983,252,24,8
984,252,22,1
985,252,2,5
986,253,16,9
987,253,4,20
988,253,20,2
989,253,8,18
990,254,0,11
991,254,24,15
992,255,5,21
993,255,19,3
994,255,20,19
995,256,12,2
996,256,11,14
997,256,7,13
998,256,23,16
999,257,12,9
1000,257,8,4
1001,258,20,2
1002,258,10,23
1003,259,13,21
1004,259,17,19
1005,259,12,10
1006,259,4,16
1007,259,2,10
1008,260,4,17
1009,260,16,14
1010,260,9,0
1011,260,13,3
1012,260,22,11
1013,261,5,8
1014,261,21,19
1015,261,10,24
1016,261,6,24
1017,261,5,3
1018,262,6,8
1019,262,21,24
1020,262,20,22
1021,262,12,4
1022,262,17,3
1023,262,0,23
1024,262,19,17
1025,262,16,12
1026,263,21,23
1027,263,22,7
1028,264,2,4
1029,264,12,24
1030,264,3,1
1031,264,6,9
1032,265,9,2
1033,265,17,13
1034,265,4,7
1035,265,3,19
1036,265,13,10
1037,265,23,1
1038,266,10,24
1039,266,2,13
1040,266,7,16
1041,266,7,0
1042,267,12,8
1043,267,17,2
1044,267,5,22
1045,267,23,12
1046,267,10,6
1047,268,15,19
1048,269,9,15
1049,269,2,12
1050,269,12,15
1051,269,7,0
1052,269,10,1
1053,269,11,21
1054,270,15,17
1055,270,5,14
1056,270,9,15
1057,270,14,24
1058,270,6,8
1059,270,13,23
1060,271,4,2
1061,271,2,17
1062,271,15,19
1063,271,9,16
1064,272,23,0
1065,272,18,22
1066,272,20,1
1067,273,23,8
1068,273,1,14
1069,274,4,24
1070,274,17,24
1071,274,21,18
1072,274,17,14
1073,274,8,23
1074,274,2,5
1075,275,17,24
1076,276,5,17
1077,276,22,16
1078,276,17,1
1079,276,0,12
1080,276,5,14
1081,276,9,7
1082,277,9,0
1083,277,18,21
1084,277,3,7
1085,277,19,8
1086,278,7,14
1087,278,13,9
1088,279,20,19
1089,279,3,19
1090,279,15,0
1091,279,20,3
1092,280,19,11
1093,280,6,22
1094,280,1,13
1095,280,19,22
1096,281,13,0
1097,281,21,2
1098,282,10,17
1099,282,12,10
1100,282,7,10
1101,282,17,3
1102,282,23,3
1103,283,0,13
1104,283,3,16
1105,283,15,11
1106,283,18,12
1107,283,15,11
1108,284,2,0
1109,284,11,2
1110,284,1,21
1111,284,0,20
1112,285,4,15
1113,285,3,0
1114,285,11,24
1115,285,5,1
1116,285,11,22
1117,285,21,5
1118,285,10,1
1119,285,11,23
1120,286,18,8
1121,287,23,3
1122,287,7,17
1123,287,5,12
1124,288,18,6
1125,288,10,21
1126,288,18,4
1127,288,7,11
1128,288,7,16
1129,288,3,14
1130,288,21,14
1131,288,15,13
1132,289,6,0
1133,289,3,20
1134,289,16,24
1135,289,14,24
1136,289,3,21
1137,289,11,19
1138,289,23,3
1139,289,3,0
1140,290,1,11
1141,290,10,6
1142,290,16,8
1143,292,5,2
1144,292,20,7
1145,292,8,23
1146,292,7,3
1147,292,22,13
1148,293,24,14
1149,293,6,12
1150,293,23,12
1151,293,8,22
1152,293,20,11
1153,294,13,24
1154,294,9,18
1155,294,1,9
1156,294,12,15
1157,295,10,6
1158,295,24,17
1159,295,19,22
1160,295,3,13
1161,296,6,23
1162,296,12,23
1163,296,8,5
1164,296,23,1
1165,297,24,11
1166,297,22,2
1167,298,22,10
1168,298,6,16
1169,298,3,12
1170,298,0,23
1171,298,8,2
1172,298,11,19
1173,299,1,3
1174,299,22,9
1175,300,17,1
1176,300,16,10
1177,300,14,22
1178,300,5,4
1179,300,8,6
1180,301,24,22
1181,301,5,8
1182,301,10,12
1183,302,11,2
1184,302,10,22
1185,302,20,22
1186,303,4,1
1187,303,3,1
1188,303,20,18
1189,303,20,0
1190,303,22,7
1191,304,7,9
1192,304,17,11
1193,304,2,9
1194,304,5,22
1195,305,20,2
1196,305,5,8
1197,305,5,17
1198,305,7,1
1199,306,8,11
1200,306,24,11
1201,306,21,12
1202,306,24,20
1203,307,3,21
1204,307,17,5
1205,308,15,1
1206,308,12,4
1207,308,3,0
1208,309,10,4
1209,309,24,21
1210,309,19,20
1211,309,7,11
1212,309,6,21
1213,309,1,18
1214,309,4,16
1215,309,24,17
1216,310,3,16
1217,310,5,17
1218,310,20,24
1219,311,9,1
1220,311,23,15
1221,311,15,11
1222,311,15,21
1223,312,7,21
1224,312,0,22
1225,312,17,11
1226,312,10,19
1227,313,20,16
1228,313,10,4
1229,313,6,14
1230,313,23,11
1231,313,19,21
1232,314,24,12
1233,314,2,9
1234,314,2,21
1235,314,4,23
1236,314,16,13
1237,315,20,10
1238,315,17,23
1239,315,23,5
1240,315,2,11
1241,315,6,20
1242,316,3,9
1243,316,7,11
1244,316,15,17
1245,316,5,21
1246,317,24,2
1247,317,12,10
1248,317,1,12
1249,317,23,11
1250,317,19,6
1251,317,3,12
1252,318,8,4
1253,318,21,14
1254,318,18,2
1255,318,2,0
1256,318,20,0
1257,318,16,12
1258,319,14,18
1259,319,13,3
1260,319,0,2
1261,320,4,0
1262,321,5,3
1263,321,12,24
1264,322,23,15
1265,322,6,15
1266,322,23,14
1267,322,23,1
1268,322,14,15
1269,322,18,20
1270,323,14,22
1271,323,17,11
1272,323,6,10
1273,323,7,19
1274,323,20,12
1275,323,5,3
1276,324,7,21
1277,324,4,0
1278,324,21,24
1279,324,23,14
1280,325,7,16
1281,325,20,5
1282,325,3,14
1283,326,1,10
1284,326,18,16
1285,326,21,23
1286,326,11,20
1287,327,7,13
1288,328,17,8
1289,328,5,23
1290,328,16,5
1291,329,14,11
1292,329,22,12
1293,329,4,20
1294,330,17,20
1295,330,21,19
1296,330,20,24
1297,330,14,22
1298,330,14,17
1299,331,7,16
1300,332,6,13
1301,332,14,23
1302,332,11,20
1303,332,17,15
1304,333,14,4
1305,333,23,13
1306,333,10,16
1307,334,5,24
1308,334,6,24
1309,334,2,10
1310,334,11,13
1311,334,17,15
1312,335,20,6
1313,335,18,7
1314,335,19,9
1315,335,2,18
1316,337,17,4
1317,337,2,4
1318,337,15,23
1319,338,15,5
1320,338,7,5
1321,338,3,17
1322,338,19,13
1323,338,3,23
1324,339,9,7
1325,339,20,0
1326,340,20,7
1327,340,2,11
1328,340,0,10
1329,340,15,13
1330,340,22,24
1331,341,15,1
1332,341,4,21
1333,341,4,17
1334,341,21,24
1335,342,19,22
1336,342,11,18
1337,342,3,10
1338,343,20,9
1339,344,10,0
1340,344,8,1
1341,344,22,24
1342,344,6,21
1343,345,21,2
1344,346,13,20
1345,347,7,9
1346,347,0,4
1347,347,4,19
1348,347,13,7
1349,347,17,6
1350,347,5,8
1351,347,5,3
1352,347,19,6
1353,348,2,18
1354,348,22,19
1355,348,1,20
1356,348,3,18
1357,349,11,8
1358,349,22,15
1359,350,24,9
1360,350,13,17
1361,350,17,5
1362,350,23,0
1363,352,0,20
1364,352,13,1
1365,352,6,19
1366,352,1,12
1367,352,22,10
1368,353,2,24
1369,353,24,17
1370,353,22,4
1371,353,9,3
1372,353,20,13
1373,354,20,6
1374,354,22,13
1375,354,17,20
1376,354,3,13
1377,354,5,2
1378,355,14,10
1379,356,21,3
1380,356,5,11
1381,356,8,24
1382,356,10,3
1383,357,11,0
1384,357,7,17
1385,357,0,23
1386,357,5,15
1387,357,21,5
1388,358,8,2
1389,358,13,19
1390,358,19,2
1391,359,15,23
1392,359,0,18
1393,360,2,6
1394,360,7,22
1395,360,20,18
1396,360,9,11
1397,360,17,20
1398,360,24,12
1399,361,17,9
1400,361,8,2
1401,361,10,14
1402,361,17,2
1403,361,17,24
1404,361,3,17
1405,362,9,23
1406,362,11,20
1407,363,20,2
1408,363,24,7
1409,363,8,10
1410,363,9,17
1411,364,0,3
1412,364,16,2
1413,365,4,5
1414,366,21,4
1415,366,15,13
1416,366,1,23
1417,366,7,21
1418,366,21,7
1419,366,3,0
1420,366,21,1
1421,366,9,3
1422,366,0,9
1423,367,0,24
1424,367,14,12
1425,367,20,4
1426,367,18,24
1427,368,19,10
1428,368,12,23
1429,368,2,20
1430,369,22,14
1431,369,5,9
1432,369,12,4
1433,369,10,20
1434,369,8,11
1435,370,22,10
1436,370,10,19
1437,371,15,5
1438,371,17,9
1439,371,23,0
1440,372,6,14
1441,372,22,0
1442,372,16,2
1443,372,14,20
1444,372,4,19
1445,372,16,7
1446,372,21,19
1447,373,9,12
1448,373,11,5
1449,373,6,3
1450,373,6,19
1451,373,14,15
1452,374,9,20
1453,374,8,1
1454,374,8,23
1455,374,8,11
1456,374,22,11
1457,374,15,23
1458,375,12,9
1459,375,14,15
1460,375,8,18
1461,377,12,21
1462,377,22,24
1463,377,11,20
1464,378,8,16
1465,378,20,16
1466,378,21,3
1467,378,4,13
1468,378,16,2
1469,379,23,7
1470,379,12,20
1471,379,12,24
1472,379,8,24
1473,379,13,19
1474,379,6,21
1475,380,1,10
1476,380,13,5
1477,380,21,0
1478,381,3,16
1479,381,15,24
1480,381,2,18
1481,382,3,16
1482,382,11,8
1483,383,23,17
1484,384,10,19
1485,384,14,21
1486,384,24,9
1487,384,16,18
1488,385,2,8
1489,385,20,22
1490,385,12,4
1491,385,22,10
1492,386,20,12
1493,386,23,2
1494,386,13,10
1495,386,17,2
1496,387,17,3
1497,387,22,18
1498,387,13,2
1499,387,5,21
1500,387,10,16
1501,388,6,4
1502,388,0,9
1503,389,5,21
1504,389,12,19
1505,389,13,23
1506,389,17,13
1507,390,9,1
1508,390,14,11
1509,390,1,22
1510,390,16,0
1511,391,7,9
1512,391,3,7
1513,391,10,1
1514,391,17,1
1515,391,24,4
1516,391,24,21
1517,392,21,24
1518,392,21,14
1519,392,17,13
1520,393,14,0
1521,393,3,5
1522,393,7,18
1523,394,3,14
1524,394,8,2
1525,394,9,24
1526,394,2,19
1527,394,19,17
1528,394,24,13
1529,395,8,4
1530,395,16,19
1531,396,20,16
1532,396,4,15
1533,396,7,4
1534,396,17,15
1535,396,6,24
1536,396,10,13
1537,397,10,2
1538,397,15,13
1539,397,22,13
1540,397,10,24
1541,397,0,12
1542,397,4,18
1543,397,17,5
1544,397,21,15
1545,397,11,18
1546,397,18,16
1547,397,3,23
1548,397,24,11
1549,398,15,17
1550,398,23,8
1551,398,21,1
1552,398,3,1
1553,398,21,23
1554,399,20,5
1555,399,21,0
1556,399,2,22
1557,400,21,12
1558,400,17,13
1559,400,8,0
1560,401,11,23
1561,401,0,19
1562,402,15,24
1563,402,20,9
1564,403,10,8
1565,403,10,4
1566,403,3,7
1567,403,19,3
1568,403,20,8
1569,404,11,14
1570,404,22,4
1571,404,24,6
1572,405,16,7
1573,405,0,16
1574,405,19,2
1575,406,3,16
1576,406,7,18
1577,407,17,10
1578,407,15,5
1579,408,14,11
1580,408,20,10
1581,408,4,15
1582,408,8,21
1583,409,16,20
1584,409,0,4
1585,409,17,7
1586,409,24,20
1587,409,8,5
1588,410,11,19
1589,410,4,0
1590,410,21,11
1591,412,12,4
1592,412,2,14
1593,412,20,3
1594,412,21,3
1595,412,21,2
1596,412,7,24
1597,413,10,13
1598,413,18,14
1599,413,6,13
1600,413,24,0
1601,413,1,12
1602,414,24,7
1603,414,7,10
1604,414,13,5
1605,414,7,23
1606,414,11,13
1607,414,3,10
1608,415,18,15
1609,415,16,7
1610,415,3,22
1611,415,22,11
1612,415,1,23
1613,416,10,21
1614,416,24,7
1615,416,12,0
1616,416,1,11
1617,417,0,16
1618,417,11,24
1619,417,20,4
1620,417,20,3
1621,417,16,20
1622,418,13,2
1623,418,10,6
1624,419,5,21
1625,420,24,13
1626,421,11,15
1627,421,11,3
1628,421,23,8
1629,421,6,24
1630,421,23,7
1631,422,24,4
1632,422,1,19
1633,423,17,7
1634,423,19,17
1635,423,15,2
1636,423,2,10
1637,423,5,17
1638,423,3,11
1639,423,15,6
1640,423,13,4
1641,423,15,18
1642,424,14,21
1643,424,16,2
1644,424,5,4
1645,424,21,1
1646,424,20,23
1647,424,15,8
1648,425,15,6
1649,425,10,22
1650,425,16,2
1651,425,0,19
1652,425,6,12
1653,426,20,2
1654,426,19,21
1655,426,8,24
1656,426,23,19
1657,427,3,0
1658,427,16,12
1659,427,20,9
1660,427,21,4
1661,427,7,18
1662,428,11,22
1663,428,18,10
1664,428,15,23
1665,428,23,19
1666,428,3,24
1667,428,24,0
1668,429,20,11
1669,429,19,8
1670,429,24,1
1671,430,1,19
1672,430,10,23
1673,430,14,24
1674,430,3,10
1675,430,18,9
1676,430,5,19
1677,430,13,0
1678,431,16,14
1679,431,9,12
1680,431,12,14
1681,432,14,8
1682,432,19,0
1683,433,9,7
1684,433,2,11
1685,433,1,12
1686,433,21,19
1687,433,19,11
1688,433,11,17
1689,433,24,10
1690,434,14,16
1691,434,12,6
1692,434,9,2
1693,434,9,3
1694,435,15,21
1695,435,13,2
1696,435,17,14
1697,435,9,22
1698,436,4,7
1699,436,3,13
1700,436,0,21
1701,436,2,20
1702,436,5,22
1703,436,6,15
1704,437,23,3
1705,437,5,1
1706,437,0,21
1707,437,2,21
1708,437,24,10
1709,438,22,3
1710,438,13,3
1711,438,3,9
1712,438,9,1
1713,438,9,19
1714,439,2,0
1715,439,0,20
1716,439,7,17
1717,439,17,21
1718,439,20,14
1719,439,1,15
1720,440,10,4
1721,440,16,10
1722,440,1,21
1723,441,5,18
1724,441,15,1
1725,441,20,14
1726,442,14,12
1727,442,8,2
1728,442,22,4
1729,443,17,1
1730,443,15,23
1731,443,3,7
1732,444,19,12
1733,444,24,20
1734,444,0,20
1735,445,22,0
1736,445,23,12
1737,445,12,16
1738,445,2,21
1739,445,15,2
1740,445,11,15
1741,446,0,24
1742,446,9,17
1743,446,8,1
1744,446,16,13
1745,447,23,21
1746,447,12,8
1747,447,13,0
1748,447,24,12
1749,447,5,19
1750,448,19,21
1751,448,0,23
1752,448,21,24
1753,448,24,13
1754,448,5,24
1755,449,7,9
1756,449,4,2
1757,449,0,21
1758,450,0,4
1759,450,10,0
1760,450,10,6
1761,450,21,1
1762,450,11,22
1763,450,18,3
1764,451,1,8
1765,451,15,9
1766,451,13,17
1767,452,3,11
1768,452,11,18
1769,452,11,2
1770,452,0,11
1771,453,19,1
1772,453,16,4
1773,453,7,14
1774,453,16,10
1775,453,14,3
1776,453,16,3
1777,453,2,18
1778,454,19,22
1779,454,18,2
1780,454,7,4
1781,454,12,9
1782,454,22,18
1783,454,9,24
1784,455,20,2
1785,455,12,23
1786,455,18,10
1787,455,11,22
1788,455,5,15
1789,456,9,12
1790,457,19,21
1791,457,21,12
1792,457,5,12
1793,457,18,16
1794,458,16,22
1795,458,7,22
1796,458,15,1
1797,459,17,4
1798,459,22,7
1799,459,19,16
1800,459,0,19
1801,459,16,23
1802,460,19,1
1803,460,5,18
1804,460,2,10
1805,460,2,21
1806,460,14,17
1807,461,3,21
1808,461,14,3
1809,461,1,24
1810,461,3,1
1811,462,8,21
1812,462,14,16
1813,462,10,12
1814,462,0,7
1815,462,7,18
1816,463,20,4
1817,463,20,1
1818,463,5,18
1819,463,23,5
1820,463,12,14
1821,463,19,1
1822,463,24,8
1823,464,6,18
1824,464,13,0
1825,464,8,4
1826,464,10,18
1827,465,18,6
1828,465,13,24
1829,466,12,10
1830,466,10,19
1831,466,15,2
1832,466,17,7
1833,466,11,24
1834,466,4,21
1835,467,12,23
1836,467,12,23
1837,467,7,21
1838,467,21,15
1839,467,0,12
1840,468,12,15
1841,468,20,22
1842,469,8,2
1843,469,22,4
1844,469,16,18
1845,469,12,16
1846,469,24,9
1847,469,2,19
1848,469,0,14
1849,469,2,20
1850,470,15,22
1851,470,2,6
1852,470,2,15
1853,470,10,12
1854,470,21,5
1855,471,16,24
1856,471,17,10
1857,471,11,15
1858,472,11,23
1859,472,18,15
1860,472,17,5
1861,472,0,14
1862,472,14,2
1863,473,15,0
1864,473,20,2
1865,473,0,3
1866,473,24,11
1867,473,10,18
1868,473,5,12
1869,473,12,24
1870,473,9,2
1871,473,11,21
1872,474,3,1
1873,474,13,17
1874,474,6,3
1875,474,0,19
1876,474,15,19
1877,474,4,2
1878,474,6,8
1879,475,7,0
1880,475,15,18
1881,475,16,9
1882,475,20,5
1883,475,1,5
1884,475,4,22
1885,476,17,13
1886,476,4,24
1887,476,18,21
1888,476,12,24
1889,476,21,19
1890,477,1,23
1891,478,9,13
1892,478,18,24
1893,478,9,18
1894,478,2,4
1895,479,24,9
1896,479,15,19
1897,479,17,6
1898,479,2,13
1899,479,13,24
1900,479,17,19
1901,479,15,9
1902,479,9,24
1903,480,8,11
1904,481,23,3
1905,481,1,3
1906,481,11,13
1907,482,4,20
1908,482,12,0
1909,482,24,8
1910,482,13,3
1911,483,12,6
1912,484,24,11
1913,484,21,7
1914,484,16,4
1915,485,18,6
1916,485,11,0
1917,485,22,10
1918,485,12,15
1919,486,8,22
1920,486,22,14
1921,487,12,21
1922,487,20,4
1923,487,2,16
1924,488,4,24
1925,488,5,15
1926,488,19,20
1927,488,22,18
1928,489,18,0
1929,490,8,6
1930,490,22,20
1931,490,7,23
1932,490,22,11
1933,490,11,15
1934,491,17,7
1935,491,7,10
1936,491,20,9
1937,491,13,15
1938,492,6,10
1939,492,1,7
1940,492,1,23
1941,492,17,2
1942,492,21,14
1943,493,15,17
1944,493,0,18
1945,493,14,11
1946,493,9,11
1947,494,6,17
1948,494,0,13
1949,494,19,17
1950,494,0,14
1951,494,9,11
1952,494,13,19
1953,495,11,3
1954,495,14,3
1955,495,4,18
1956,496,21,9
1957,496,0,18
1958,497,3,15
1959,497,11,24
1960,497,20,18
1961,497,6,2
1962,497,2,15
1963,497,6,4
1964,498,10,0
1965,498,19,4
1966,498,11,0
1967,499,3,22
1968,500,9,18
1969,500,6,23
1970,500,22,9
1971,500,8,5
1972,501,20,5
1973,501,13,3
1974,502,21,3
1975,502,19,2
1976,502,5,16
1977,503,9,23
1978,503,17,11
1979,503,13,3
1980,503,16,1
1981,503,1,20
1982,504,4,2
1983,504,12,21
1984,505,23,7
1985,505,6,9
1986,505,2,24
1987,505,2,18
1988,505,12,15
1989,506,6,10
1990,506,7,5
1991,506,24,7
1992,506,10,6
1993,507,3,0
1994,507,10,8
1995,507,5,11
1996,507,24,21
1997,507,5,9
1998,507,17,3
1999,507,5,16
2000,508,5,20
2001,508,13,19
2002,508,14,3
2003,509,0,18
2004,509,17,9
2005,509,18,9
2006,509,7,20
2007,509,12,6
2008,510,17,13
2009,510,16,5
2010,510,13,0
2011,510,24,11
2012,510,8,6
2013,511,20,3
2014,511,7,10
2015,511,21,13
2016,511,10,13
2017,512,11,2
2018,512,13,22
2019,512,7,10
2020,513,10,3
2021,513,24,20
2022,514,2,13
2023,514,4,7
2024,515,15,1
2025,515,13,15
2026,515,2,24
2027,515,13,3
2028,515,0,7
2029,515,24,15
2030,516,21,8
2031,516,7,19
2032,516,9,24
2033,516,7,0
2034,517,3,7
2035,517,16,12
2036,517,0,2
2037,517,5,13
2038,517,14,18
2039,517,11,0
2040,517,16,5
2041,518,11,4
2042,518,15,2
2043,518,11,13
2044,518,4,19
2045,518,15,8
2046,518,7,4
2047,518,21,2
2048,518,24,17
2049,518,0,20
2050,518,20,4
2051,519,7,16
2052,519,18,2
2053,519,20,22
2054,519,22,3
2055,519,0,24
2056,520,15,14
2057,520,24,0
2058,520,21,13
2059,521,12,19
2060,521,13,11
2061,521,19,23
2062,521,22,15
2063,522,8,17
2064,522,17,8
2065,523,16,7
2066,523,10,2
2067,523,11,7
2068,523,21,7
2069,523,5,14
2070,523,15,13
2071,523,11,9
2072,524,4,0
2073,524,2,12
2074,524,11,19
2075,524,1,16
2076,525,8,0
2077,525,3,6
2078,525,3,13
2079,525,20,22
2080,526,7,19
2081,526,9,20
2082,526,12,0
2083,527,23,17
2084,527,14,7
2085,527,6,8
2086,527,3,24
2087,528,9,15
2088,528,22,6
2089,530,22,16
2090,530,23,15
2091,530,13,9
2092,530,4,13
2093,530,5,17
2094,531,8,17
2095,532,10,21
2096,532,22,19
2097,533,15,11
2098,533,9,10
2099,533,15,1
2100,534,1,24
2101,534,6,24
2102,534,19,11
2103,535,10,1
2104,535,12,21
2105,535,14,10
2106,536,9,6
2107,536,10,2
2108,536,20,2
2109,536,19,12
2110,536,2,8
2111,537,12,19
2112,538,12,5
2113,538,15,24
2114,538,13,19
2115,538,21,7
2116,539,10,18
2117,539,6,13
2118,539,15,23
2119,539,18,24
2120,540,5,3
2121,540,1,21
2122,540,6,12
2123,540,10,16
2124,540,12,24
2125,540,18,12
2126,540,5,1
2127,540,20,18
2128,541,15,8
2129,541,0,17
2130,541,22,8
2131,541,23,19
2132,541,24,13
2133,542,2,13
2134,542,14,15
2135,542,1,14
2136,542,1,3
2137,543,9,12
2138,543,11,14
2139,543,10,6
2140,543,20,1
2141,543,7,4
2142,544,13,3
2143,544,10,4
2144,545,18,11
2145,545,4,8
2146,545,4,19
2147,545,9,7
2148,546,9,19
2149,546,24,12
2150,546,24,11
2151,546,0,13
2152,546,1,20
2153,547,1,20
2154,547,1,10
2155,548,23,21
2156,548,6,19
2157,548,15,14
2158,548,4,20
2159,549,1,17
2160,549,11,23
2161,549,4,11
2162,549,15,22
2163,550,18,16
2164,550,17,1
2165,550,2,19
2166,550,6,9
2167,550,12,1
2168,551,22,5
2169,551,10,13
2170,551,10,17
2171,552,15,14
2172,552,2,0
2173,552,11,18
2174,553,5,3
2175,553,3,9
2176,553,12,1
2177,553,1,21
2178,553,5,16
2179,554,14,7
2180,554,21,13
2181,554,14,10
2182,554,22,12
2183,555,14,3
2184,555,18,10
2185,555,15,11
2186,556,11,9
2187,556,3,14
2188,556,22,7
2189,556,14,1
2190,556,22,3
2191,557,4,14
2192,557,18,0
2193,557,3,23
2194,558,0,11
2195,558,16,2
2196,558,14,7
2197,558,6,10
2198,558,6,15
2199,558,7,3
2200,558,11,3
2201,558,19,12
2202,558,17,7
2203,559,20,18
2204,559,12,3
2205,559,6,21
2206,559,15,1
2207,559,21,19
2208,559,1,16
2209,560,4,7
2210,560,9,24
2211,560,7,18
2212,561,17,15
2213,562,16,19
2214,562,12,22
2215,562,9,5
2216,562,21,10
2217,563,10,23
2218,563,1,10
2219,563,6,14
2220,563,10,1
2221,564,16,4
2222,565,16,2
2223,565,19,0
2224,565,10,16
2225,565,12,9
2226,566,19,20
2227,566,16,6
2228,567,23,11
2229,567,20,9
2230,567,21,6
2231,567,0,14
2232,568,24,14
2233,568,3,11
2234,569,11,13
2235,569,11,1
2236,569,13,15
2237,569,2,21
2238,570,13,0
2239,570,18,4
2240,570,14,7
2241,570,6,8
2242,571,11,24
2243,572,22,1
2244,572,2,20
2245,572,18,5
2246,573,10,7
2247,573,4,18
2248,573,14,2
2249,573,17,21
2250,573,9,16
2251,574,19,21
2252,574,19,17
2253,574,5,13
2254,574,13,24
2255,574,10,6
2256,574,19,12
2257,574,5,19
2258,575,13,7
2259,575,0,21
2260,575,11,20
2261,575,7,10
2262,575,2,13
2263,575,6,20
2264,575,20,8
2265,575,7,0
2266,576,8,11
2267,576,23,9
2268,576,15,22
2269,576,1,12
2270,576,21,1
2271,577,7,11
2272,577,13,21
2273,577,14,22
2274,577,8,18
2275,578,14,18
2276,578,10,9
2277,578,17,8
2278,578,7,15
2279,578,20,4
2280,578,24,6
2281,579,9,17
2282,579,0,15
2283,579,9,5
2284,579,22,7
2285,580,4,11
2286,580,20,16
2287,581,4,17
2288,581,9,19
2289,581,6,0
2290,581,3,13
2291,581,1,24
2292,581,17,14
2293,581,10,19
2294,582,22,24
2295,582,8,12
2296,582,13,17
2297,582,19,1
2298,582,20,19
2299,583,3,16
2300,583,14,6
2301,583,20,4
2302,583,18,7
2303,584,18,4
2304,584,10,7
2305,584,7,21
2306,584,16,0
2307,584,2,4
2308,584,17,24
2309,585,0,2
2310,585,17,6
2311,585,17,13
2312,585,12,16
2313,586,11,9
2314,586,22,18
2315,587,1,20
2316,587,0,20
2317,587,14,7
2318,587,23,1
2319,587,11,20
2320,587,20,3
2321,587,18,2
2322,588,12,0
2323,588,7,5
2324,588,5,3
2325,588,13,16
2326,589,6,14
2327,589,7,4
2328,589,0,21
2329,589,18,0
2330,590,15,6
2331,590,6,19
2332,590,22,1
2333,591,1,16
2334,591,18,16
2335,591,18,16
2336,591,21,9
2337,592,8,16
2338,592,19,23
2339,592,18,2
2340,593,18,2
2341,593,9,0
2342,593,14,0
2343,594,14,4
2344,595,13,21
2345,595,20,6
2346,595,23,3
2347,595,18,5
2348,595,21,10
2349,596,13,3
2350,596,16,7
2351,596,12,24
2352,596,15,7
2353,597,19,9
2354,597,16,24
2355,598,12,15
2356,598,13,20
2357,598,20,1
2358,598,15,19
2359,598,12,22
2360,598,19,23
2361,598,3,15
2362,599,12,14
2363,599,8,15
2364,600,2,18
2365,600,6,9
2366,600,0,18
2367,600,8,21
2368,600,4,12
2369,600,12,16
2370,600,13,4
2371,600,15,13
2372,600,9,21
2373,601,1,11
2374,601,18,1
2375,601,20,1
2376,601,22,7
2377,601,8,20
2378,601,16,20
2379,601,14,16
2380,601,22,12
2381,602,21,9
2382,602,9,20
2383,602,14,24
2384,602,0,23
2385,603,1,12
2386,603,2,21
2387,603,2,19
2388,604,12,6
2389,605,11,4
2390,605,11,0
2391,605,22,13
2392,605,8,11
2393,605,13,7
2394,606,0,22
2395,606,15,0
2396,606,10,21
2397,606,22,11
2398,606,6,22
2399,606,1,18
2400,607,21,18
2401,608,2,14
2402,608,17,21
2403,609,1,24
2404,609,6,22
2405,610,14,22
2406,610,1,21
2407,610,4,14
2408,610,6,0
2409,611,5,19
2410,611,19,21
2411,612,21,4
2412,612,16,9
2413,612,16,3
2414,612,15,0
2415,612,16,5
2416,612,7,0
2417,612,1,24
2418,612,19,5
2419,613,6,8
2420,613,14,2
2421,614,17,2
2422,615,14,7
2423,615,6,24
2424,615,21,6
2425,615,17,10
2426,616,23,16
2427,616,5,12
2428,616,0,20
2429,616,3,22
2430,616,17,1
2431,617,18,8
2432,617,4,16
2433,618,3,16
2434,618,16,10
2435,618,20,13
2436,618,22,5
2437,618,22,3
2438,618,12,18
2439,619,9,24
2440,619,17,2
2441,619,24,15
2442,619,8,22
2443,619,14,8
2444,619,12,19
2445,620,15,11
2446,620,4,0
2447,620,20,8
2448,620,12,10
2449,620,21,18
2450,620,14,8
2451,621,23,19
2452,622,1,5
2453,622,6,0
2454,622,0,19
2455,622,19,8
2456,623,2,19
2457,623,16,2
2458,623,19,13
2459,623,17,21
2460,623,14,15
2461,624,6,3
2462,624,22,9
2463,624,15,5
2464,625,11,21
2465,625,21,7
2466,625,15,4
2467,625,18,16
2468,626,7,20
2469,626,19,12
2470,626,1,12
2471,626,7,0
2472,626,1,9
2473,627,4,23
2474,627,19,21
2475,627,17,11
2476,627,21,5
2477,627,23,2
2478,628,2,8
2479,628,9,24
2480,629,5,16
2481,630,0,13
2482,630,4,16
2483,630,14,11
2484,630,1,14
2485,631,8,2
2486,631,24,1
2487,631,12,5
2488,631,16,18
2489,631,23,3
2490,633,9,20
2491,633,6,21
2492,633,0,12
2493,633,1,15
2494,633,1,4
2495,633,3,6
2496,634,2,21
2497,634,0,22
2498,634,14,17
2499,635,19,4
2500,635,9,5
2501,635,22,10
2502,635,24,14
2503,636,10,22
2504,636,10,4
2505,636,15,24
2506,636,17,0
2507,636,6,20
2508,637,22,16
2509,637,9,1
2510,637,9,12
2511,637,23,0
2512,638,17,8
2513,638,21,6
2514,638,15,11
2515,638,19,12
2516,638,15,1
2517,639,1,22
2518,639,20,4
2519,639,17,6
2520,639,14,16
2521,640,8,11
2522,640,6,12
2523,641,16,20
2524,641,18,22
2525,642,3,22
2526,642,0,6
2527,642,8,19
2528,642,21,24
2529,643,20,14
2530,643,16,7
2531,644,19,17
2532,645,12,20
2533,645,20,3
2534,645,3,24
2535,645,21,15
2536,645,18,0
2537,646,2,12
2538,647,18,21
2539,647,0,6
2540,647,23,8
2541,647,12,2
2542,647,12,4
2543,647,17,21
2544,647,11,20
2545,648,17,15
2546,648,1,13
2547,649,24,12
2548,649,7,18
2549,649,7,22
2550,649,16,13
2551,649,9,16
2552,649,21,18
2553,649,5,9
2554,650,15,2
2555,650,0,20
2556,650,6,3
2557,650,19,4
2558,650,20,1
2559,650,24,2
2560,651,4,5
2561,651,1,17
2562,651,11,20
2563,652,19,3
2564,652,4,18
2565,652,12,19
2566,652,8,24
2567,652,12,21
2568,653,14,8
2569,653,5,11
2570,653,23,5
2571,653,5,15
2572,653,19,10
2573,653,1,9
2574,654,19,16
2575,654,10,21
2576,654,0,20
2577,654,21,7
2578,654,10,14
2579,654,15,22
2580,655,16,7
2581,655,0,17
2582,656,20,12
2583,656,16,0
2584,656,19,3
2585,656,12,18
2586,656,14,21
2587,656,17,4
2588,657,6,20
2589,657,3,0
2590,658,16,3
2591,658,10,24
2592,658,3,24
2593,659,17,21
2594,659,20,2
2595,659,18,21
2596,659,9,19
2597,660,11,14
2598,660,9,13
2599,660,5,2
2600,660,12,6
2601,660,13,11
2602,661,8,16
2603,661,12,20
2604,661,4,19
2605,662,7,0
2606,662,15,2
2607,662,14,12
2608,663,20,12
2609,663,4,18
2610,663,2,12
2611,663,9,0
2612,663,17,19
2613,663,23,16
2614,663,22,10
2615,663,6,12
2616,663,12,23
2617,664,16,10
2618,664,12,4
2619,664,18,7
2620,664,19,13
2621,664,18,2
2622,664,19,11
2623,665,12,3
2624,665,14,5
2625,666,15,14
2626,666,18,4
2627,666,12,3
2628,666,23,21
2629,666,0,18
2630,667,21,13
2631,667,19,3
2632,668,11,23
2633,669,14,6
2634,670,8,18
2635,670,18,20
2636,670,4,18
2637,670,17,23
2638,670,23,1
2639,670,13,5
2640,670,0,16
2641,671,5,20
2642,671,8,19
2643,671,12,14
2644,672,1,16
2645,672,22,13
2646,672,1,21
2647,672,17,15
2648,672,20,5
2649,672,12,9
2650,673,17,23
2651,673,13,0
2652,673,13,0
2653,674,1,13
2654,675,9,2
2655,675,9,11
2656,676,22,24
2657,676,3,11
2658,676,13,1
2659,677,23,11
2660,677,21,2
2661,677,12,22
2662,677,3,23
2663,677,18,6
2664,678,15,7
2665,678,8,16
2666,678,4,1
2667,678,18,20
2668,678,15,3
2669,678,6,13
2670,678,5,7
2671,679,24,16
2672,679,14,5
2673,679,11,21
2674,679,10,14
2675,679,7,9
2676,679,13,6
2677,679,1,21
2678,680,21,14
2679,680,4,11
2680,680,12,6
2681,680,13,17
2682,680,23,10
2683,680,4,22
2684,681,11,1
2685,681,23,6
2686,681,8,6
2687,681,19,6
2688,681,15,14
2689,681,21,4
2690,681,20,4
2691,682,6,10
2692,682,1,3
2693,683,13,0
2694,683,5,21
2695,683,3,24
2696,683,12,15
2697,683,19,21
2698,684,16,20
2699,685,2,24
2700,685,1,12
2701,685,0,22
2702,685,24,11
2703,686,4,15
2704,686,8,17
2705,687,19,23
2706,687,16,8
2707,687,15,23
2708,687,22,19
2709,688,24,12
2710,688,20,12
2711,689,16,23
2712,689,11,18
2713,689,12,14
2714,689,7,13
2715,689,10,12
2716,690,7,11
2717,690,18,3
2718,691,2,22
2719,691,6,14
2720,691,12,16
2721,691,11,15
2722,691,4,11
2723,692,21,10
2724,692,15,8
2725,692,13,4
2726,692,17,2
2727,692,13,16
2728,693,17,14
2729,693,18,2
2730,693,4,10
2731,694,24,0
2732,694,13,0
2733,694,17,20
2734,694,20,11
2735,695,14,5
2736,695,19,2
2737,696,24,6
2738,696,22,11
2739,697,1,15
2740,697,2,8
2741,697,2,16
2742,697,9,17
2743,697,8,18
2744,697,12,19
2745,698,15,12
2746,698,9,5
2747,698,1,7
2748,699,5,2
2749,699,24,13
2750,699,11,5
2751,699,11,22
2752,699,2,6
2753,699,10,18
2754,700,20,18
2755,700,18,14
2756,701,3,24
2757,701,23,14
2758,701,10,24
2759,702,10,9
2760,702,14,3
2761,702,8,12
2762,702,12,10
2763,703,9,21
2764,703,4,18
2765,703,12,6
2766,703,13,10
2767,703,6,3
2768,704,0,2
2769,704,1,3
2770,704,1,17
2771,705,24,10
2772,705,3,6
2773,705,14,24
2774,705,9,24
2775,705,18,0
2776,706,18,24
2777,706,19,10
2778,706,24,4
2779,706,11,5
2780,706,9,15
2781,707,17,3
2782,707,16,4
2783,707,4,16
2784,707,11,19
2785,708,4,0
2786,708,19,2
2787,708,18,24
2788,708,20,11
2789,708,4,1
2790,709,14,24
2791,709,4,20
2792,709,6,15
2793,709,19,11
2794,710,24,12
2795,710,22,15
2796,711,23,21
2797,711,19,3
2798,711,17,1
2799,711,22,16
2800,712,12,8
2801,712,16,10
2802,712,9,22
2803,712,24,4
2804,712,9,24
2805,713,10,23
2806,713,4,18
2807,713,24,4
2808,714,24,10
2809,714,16,6
2810,714,22,13
2811,715,8,11
2812,715,4,18
2813,715,11,0
2814,715,10,0
2815,715,14,3
2816,716,10,23
2817,716,2,16
2818,716,12,23
2819,716,9,6
2820,716,11,21
2821,716,17,10
2822,717,6,12
2823,717,7,18
2824,717,5,3
2825,717,9,6
2826,718,20,11
2827,718,0,18
2828,718,3,1
2829,718,8,16
2830,718,9,5
2831,719,5,9
2832,719,3,14
2833,719,19,2
2834,719,16,20
2835,720,5,19
2836,720,20,0
2837,720,6,17
2838,720,24,14
2839,720,3,19
2840,721,21,6
2841,721,15,7
2842,722,8,2
2843,722,7,20
2844,722,20,1
2845,722,13,17
2846,723,21,24
2847,723,2,8
2848,723,6,16
2849,724,10,19
2850,724,19,3
2851,724,20,14
2852,726,2,20
2853,726,5,16
2854,726,24,22
2855,726,12,10
2856,727,15,11
2857,727,14,16
2858,727,17,9
2859,727,17,14
2860,727,0,19
2861,728,12,19
2862,728,11,8
2863,728,23,6
2864,728,24,16
2865,728,17,20
2866,728,17,4
2867,729,3,14
2868,729,24,15
2869,729,20,17
2870,729,13,22
2871,729,16,2
2872,730,17,11
2873,731,23,16
2874,731,23,7
2875,731,12,15
2876,731,14,5
2877,731,18,14
2878,731,22,8
2879,731,18,9
2880,732,14,24
2881,732,14,10
2882,733,6,3
2883,733,12,9
2884,733,4,18
2885,733,11,17
2886,733,16,4
2887,733,17,23
2888,734,13,7
2889,734,5,17
2890,734,0,6
2891,735,1,20
2892,735,19,1
2893,735,10,1
2894,735,18,11
2895,736,13,7
2896,737,11,2
2897,737,20,14
2898,737,0,17
2899,738,9,6
2900,738,22,15
2901,738,18,15
2902,738,0,24
2903,738,7,18
2904,739,6,24
2905,739,18,10
2906,739,18,24
2907,739,21,13
2908,739,12,14
2909,739,15,0
2910,740,20,5
2911,740,12,6
2912,740,10,17
2913,741,7,17
2914,741,23,7
2915,742,21,5
2916,742,1,10
2917,742,22,12
2918,742,19,10
2919,742,7,3
2920,742,10,8
2921,742,1,24
2922,742,5,24
2923,743,12,0
2924,743,20,24
2925,743,5,12
2926,743,23,1
2927,744,4,12
2928,744,5,16
2929,744,4,0
2930,744,3,15
2931,745,7,4
2932,745,10,7
2933,745,7,17
2934,746,11,3
2935,746,19,15
2936,746,3,22
2937,746,20,14
2938,746,17,15
2939,746,19,8
2940,747,7,22
2941,747,14,4
2942,747,15,1
2943,747,6,2
2944,748,14,3
2945,748,14,0
2946,749,7,23
2947,749,11,17
2948,749,23,9
2949,749,0,3
2950,749,17,19
2951,749,3,22
2952,749,22,10
2953,750,10,7
2954,750,14,4
2955,750,14,3
2956,751,12,24
2957,751,8,11
2958,751,22,19
2959,751,6,0
2960,751,18,8
2961,751,14,0
2962,751,2,19
2963,752,22,2
2964,752,5,11
2965,753,16,10
2966,753,10,9
2967,754,21,7
2968,754,16,19
2969,754,11,4
2970,754,7,21
2971,754,10,7
2972,754,10,8
2973,754,11,2
2974,754,9,22
2975,754,12,9
2976,754,4,16
2977,754,23,2
2978,755,7,0
2979,755,14,16
2980,755,17,4
2981,756,3,19
2982,756,13,1
2983,756,15,5
2984,757,0,17
2985,758,11,21
2986,758,5,8
2987,758,11,8
2988,759,5,17
2989,759,16,10
2990,759,20,14
2991,759,1,7
2992,759,5,2
2993,759,18,22
2994,759,10,7
2995,759,5,19
2996,759,18,15
2997,759,17,5
2998,759,2,24
2999,759,4,8
3000,760,22,16
3001,760,24,13
3002,760,1,4
3003,760,6,18
3004,761,13,10
3005,761,1,12
3006,762,17,5
3007,762,15,4
3008,762,0,24
3009,763,5,3
3010,763,13,4
3011,763,13,3
3012,763,16,18
3013,764,14,3
3014,764,2,17
3015,764,8,18
3016,764,20,13
3017,765,13,22
3018,765,5,9
3019,765,14,18
3020,766,12,24
3021,766,18,5
3022,766,23,21
3023,766,3,15
3024,766,16,3
3025,767,18,15
3026,767,23,14
3027,767,19,1
3028,767,1,19
3029,768,2,13
3030,768,10,6
3031,768,10,2
3032,768,11,23
3033,769,6,16
3034,769,2,17
3035,769,9,23
3036,769,1,13
3037,769,20,5
3038,769,5,17
3039,769,24,18
3040,770,14,3
3041,770,15,21
3042,770,21,6
3043,770,8,18
3044,770,8,0
3045,770,0,23
3046,770,15,6
3047,770,20,10
3048,770,2,19
3049,770,1,9
3050,771,24,4
3051,771,12,19
3052,771,8,11
3053,771,15,23
3054,772,12,5
3055,772,18,9
3056,773,21,3
3057,773,10,22
3058,773,8,21
3059,773,23,5
3060,774,0,17
3061,774,16,13
3062,774,23,17
3063,774,4,23
3064,775,5,2
3065,775,23,11
3066,775,14,0
3067,776,24,21
3068,776,19,11
3069,776,8,20
3070,776,1,14
3071,776,15,0
3072,777,0,11
3073,777,22,20
3074,777,12,0
3075,777,2,12
3076,777,20,2
3077,777,16,23
3078,778,11,1
3079,778,20,11
3080,778,6,10
3081,778,23,1
3082,778,22,2
3083,779,18,5
3084,779,16,24
3085,779,3,6
3086,779,3,12
3087,779,11,0
3088,779,3,17
3089,780,12,1
3090,780,3,19
3091,780,12,10
3092,781,22,11
3093,781,3,12
3094,781,5,24
3095,781,8,6
3096,781,6,9
3097,781,17,24
3098,781,24,1
3099,782,20,4
3100,782,22,10
3101,782,4,12
3102,783,22,1
3103,784,20,11
3104,784,13,20
3105,784,18,4
3106,784,17,24
3107,785,1,19
3108,785,5,12
3109,785,14,4
3110,786,16,3
3111,787,5,4
3112,787,2,5
3113,787,18,10
3114,787,4,10
3115,787,3,19
3116,788,5,13
3117,788,23,3
3118,788,11,14
3119,788,20,3
3120,788,0,3
3121,789,16,2
3122,789,0,4
3123,790,10,19
3124,790,19,7
3125,790,4,14
3126,790,2,11
3127,790,9,12
3128,790,4,13
3129,791,13,15
3130,791,3,7
3131,791,15,12
3132,791,8,0
3133,791,4,24
3134,792,22,6
3135,792,18,16
3136,792,19,21
3137,792,9,11
3138,792,13,24
3139,792,19,0
3140,793,13,20
3141,793,1,24
3142,793,5,24
3143,794,6,18
3144,794,21,18
3145,795,3,18
3146,795,15,9
3147,795,7,10
3148,795,24,13
3149,795,20,13
3150,796,13,0
3151,796,12,9
3152,796,24,9
3153,796,12,4
3154,797,20,24
3155,797,21,9
3156,797,1,10
3157,798,12,19
3158,798,21,7
3159,798,15,22
3160,799,13,3
3161,799,17,24
3162,799,4,18
3163,799,3,14
3164,799,4,17
3165,800,4,19
3166,800,13,0
3167,800,13,21
3168,800,14,16
3169,800,10,24
3170,800,15,6
3171,800,16,18
3172,800,12,3
3173,800,5,16
3174,801,19,7
3175,801,0,12
3176,801,11,24
3177,802,18,4
3178,802,10,6
3179,802,17,3
3180,803,13,23
3181,803,5,3
3182,803,0,4
3183,803,13,24
3184,804,20,17
3185,805,22,18
3186,805,13,19
3187,805,10,24
3188,805,24,6
3189,806,9,0
3190,806,9,15
3191,806,15,3
3192,807,24,8
3193,807,17,24
3194,808,17,5
3195,808,14,10
3196,808,20,13
3197,808,2,22
3198,809,5,14
3199,809,0,17
3200,809,7,13
3201,810,14,3
3202,810,9,3
3203,811,6,16
3204,811,15,21
3205,811,13,10
3206,811,11,0
3207,813,24,21
3208,813,2,12
3209,813,22,24
3210,813,4,15
3211,813,16,5
3212,814,12,6
3213,814,10,1
3214,814,5,8
3215,814,7,15
3216,814,1,9
3217,814,15,6
3218,814,13,22
3219,815,9,3
3220,815,17,13
3221,815,2,20
3222,816,9,13
3223,816,0,17
3224,816,1,12
3225,816,18,0
3226,816,1,12
3227,817,21,17
3228,817,19,6
3229,817,1,4
3230,817,8,21
3231,817,5,9
3232,817,20,19
3233,817,16,20
3234,818,19,4
3235,818,7,9
3236,818,12,20
3237,818,12,5
3238,819,15,9
3239,819,0,3
3240,819,19,23
3241,821,24,5
3242,821,4,15
3243,821,20,4
3244,821,5,7
3245,821,11,23
3246,822,2,6
3247,822,24,2
3248,823,20,12
3249,823,2,21
3250,823,0,12
3251,824,3,5
3252,824,1,22
3253,824,22,9
3254,824,10,13
3255,824,23,7
3256,824,17,23
3257,825,18,11
3258,825,6,0
3259,826,15,21
3260,826,14,10
3261,827,24,4
3262,827,10,22
3263,827,6,8
3264,827,12,6
3265,827,24,11
3266,827,14,0
3267,828,9,1
3268,829,17,1
3269,829,21,7
3270,829,9,23
3271,829,19,17
3272,829,24,15
3273,829,15,17
3274,829,22,4
3275,829,2,8
3276,830,2,17
3277,830,10,18
3278,831,0,23
3279,831,7,3
3280,832,8,16
3281,832,20,7
3282,832,11,3
3283,832,10,6
3284,833,8,0
3285,833,4,11
3286,833,5,17
3287,834,10,16
3288,835,1,18
3289,835,14,16
3290,835,2,16
3291,835,22,11
3292,836,14,2
3293,836,6,2
3294,836,24,4
3295,836,3,12
3296,837,0,10
3297,837,14,17
3298,837,13,24
3299,838,3,24
3300,838,21,14
3301,838,17,11
3302,838,19,23
3303,839,19,6
3304,840,15,23
3305,840,3,23
3306,840,11,24
3307,841,11,23
3308,841,15,7
3309,841,23,8
3310,841,13,0
3311,841,6,10
3312,841,8,0
3313,842,16,7
3314,842,15,6
3315,842,17,21
3316,843,1,20
3317,843,17,2
3318,843,18,0
3319,843,8,6
3320,843,22,19
3321,843,0,20
3322,844,20,3
3323,844,2,0
3324,844,17,8
3325,844,10,3
3326,844,4,18
3327,844,24,8
3328,844,24,14
3329,844,22,9
3330,845,5,1
3331,846,16,6
3332,846,2,0
3333,846,15,11
3334,846,3,11
3335,846,24,21
3336,847,8,17
3337,847,16,8
3338,847,14,10
3339,847,6,21
3340,848,21,13
3341,848,18,24
3342,849,5,19
3343,851,4,24
3344,851,15,11
3345,851,18,2
3346,851,12,15
3347,851,14,0
3348,852,18,4
3349,852,21,2
3350,852,10,6
3351,852,8,18
3352,853,22,9
3353,854,2,18
3354,855,2,21
3355,855,9,18
3356,855,4,20
3357,855,5,14
3358,856,13,21
3359,856,7,21
3360,856,20,24
3361,858,24,22
3362,858,22,16
3363,858,20,23
3364,859,15,24
3365,859,16,1
3366,859,14,8
3367,859,18,4
3368,859,11,2
3369,860,18,15
3370,860,3,14
3371,860,13,10
3372,861,12,21
3373,861,13,16
3374,861,17,0
3375,862,8,4
3376,862,23,11
3377,862,23,16
3378,862,2,8
3379,862,16,2
3380,862,16,14
3381,862,2,14
3382,862,5,18
3383,862,22,14
3384,862,12,4
3385,863,8,0
3386,863,15,22
3387,863,20,22
3388,864,23,10
3389,864,15,22
3390,865,18,6
3391,865,17,23
3392,865,18,24
3393,865,19,2
3394,865,19,4
3395,866,4,16
3396,866,16,20
3397,866,0,18
3398,866,0,4
3399,866,21,6
3400,866,9,23
3401,867,3,0
3402,867,6,20
3403,867,16,1
3404,867,21,12
3405,868,1,4
3406,868,8,24
3407,868,18,4
3408,868,13,19
3409,869,16,12
3410,869,3,18
3411,870,18,20
3412,870,18,24
3413,871,21,13
3414,871,18,16
3415,872,13,2
3416,872,9,11
3417,872,22,0
3418,872,6,16
3419,872,1,5
3420,872,24,12
3421,872,4,22
3422,873,23,11
3423,873,10,2
3424,873,1,14
3425,873,2,24
3426,874,19,10
3427,874,14,5
3428,874,18,21
3429,874,11,24
3430,874,10,24
3431,875,11,9
3432,875,8,12
3433,875,21,0
3434,875,20,6
3435,875,6,4
3436,875,10,6
3437,875,5,13
3438,876,0,19
3439,876,21,14
3440,876,13,11
3441,877,23,20
3442,877,14,3
3443,877,4,2
3444,877,10,4
3445,878,9,23
3446,878,4,22
3447,878,20,1
3448,878,7,13
3449,879,8,5
3450,879,17,3
3451,880,5,21
3452,880,16,0
3453,880,21,17
3454,881,22,19
3455,881,17,13
3456,882,12,23
3457,882,14,3
3458,882,4,13
3459,882,19,20
3460,882,15,0
3461,883,6,16
3462,884,21,0
3463,884,17,10
3464,884,22,13
3465,884,20,22
3466,884,23,11
3467,885,13,24
3468,885,15,11
3469,885,10,23
3470,886,9,2
3471,886,16,0
3472,886,15,7
3473,886,3,13
3474,886,1,9
3475,886,20,10
3476,886,24,12
3477,887,12,19
3478,887,9,5
3479,887,17,10
3480,887,3,0
3481,887,2,4
3482,887,17,19
3483,887,23,21
3484,887,10,2
3485,887,22,20
3486,887,24,14
3487,888,7,16
3488,888,20,16
3489,888,7,19
3490,888,21,4
3491,888,19,21
3492,888,24,5
3493,889,15,7
3494,889,15,17
3495,889,11,7
3496,889,3,15
3497,889,23,13
3498,890,3,5
3499,890,7,16
3500,891,13,11
3501,891,23,12
3502,891,22,18
3503,891,4,8
3504,892,11,23
3505,893,24,15
3506,893,0,15
3507,893,9,7
3508,893,4,1
3509,893,8,16
3510,893,23,11
3511,893,9,16
3512,893,10,12
3513,893,15,9
3514,893,2,18
3515,894,13,24
3516,894,24,2
3517,894,5,21
3518,895,23,19
3519,895,21,9
3520,895,15,18
3521,895,19,4
3522,895,20,2
3523,897,4,12
3524,897,21,4
3525,897,7,9
3526,897,8,18
3527,898,9,3
3528,898,12,23
3529,898,0,8
3530,898,5,17
3531,898,22,15
3532,898,24,20
3533,899,21,23
3534,899,16,6
3535,899,10,16
3536,899,22,13
3537,899,8,17
3538,899,0,14
3539,900,12,10
3540,900,3,14
3541,900,10,24
3542,900,24,5
3543,901,6,19
3544,901,10,9
3545,901,10,1
3546,902,15,5
3547,902,4,10
3548,902,4,23
3549,903,14,4
3550,903,8,2
3551,903,20,22
3552,903,3,18
3553,903,5,22
3554,904,15,23
3555,904,6,22
3556,904,21,9
3557,904,15,2
3558,904,18,20
3559,905,2,6
3560,905,17,24
3561,905,3,21
3562,906,5,16
3563,906,12,0
3564,907,15,4
3565,907,23,4
3566,907,20,13
3567,907,8,6
3568,908,24,3
3569,908,5,17
3570,908,10,16
3571,908,0,18
3572,908,15,6
3573,908,17,20
3574,908,4,15
3575,909,7,5
3576,909,18,9
3577,909,21,6
3578,910,6,23
3579,910,20,1
3580,911,7,9
3581,911,16,18
3582,911,24,13
3583,912,10,24
3584,912,1,21
3585,912,23,4
3586,913,11,9
3587,913,24,10
3588,913,16,19
3589,913,23,2
3590,913,1,7
3591,913,9,12
3592,913,20,22
3593,913,13,23
3594,914,2,20
3595,914,13,20
3596,914,5,2
3597,914,6,21
3598,914,13,20
3599,915,11,23
3600,915,14,1
3601,915,1,24
3602,915,19,2
3603,915,4,18
3604,915,4,6
3605,916,20,18
3606,916,24,15
3607,916,11,15
3608,917,11,1
3609,918,0,3
3610,918,4,7
3611,919,16,2
3612,919,10,20
3613,919,4,0
3614,920,7,9
3615,920,24,14
3616,921,22,1
3617,922,22,2
3618,922,13,5
3619,922,20,23
3620,922,11,2
3621,923,12,6
3622,923,7,17
3623,923,13,17
3624,924,8,24
3625,924,9,16
3626,924,15,18
3627,924,12,24
3628,924,10,18
3629,924,21,2
3630,925,14,0
3631,925,17,7
3632,926,20,18
3633,926,2,18
3634,927,6,3
3635,927,12,9
3636,927,15,4
3637,927,15,23
3638,927,18,7
3639,927,9,21
3640,928,2,15
3641,928,20,8
3642,928,24,14
3643,929,4,1
3644,929,16,24
3645,929,17,0
3646,929,18,4
3647,929,19,15
3648,930,0,3
3649,930,10,17
3650,930,9,22
3651,930,5,15
3652,930,22,9
3653,930,19,13
3654,931,19,22
3655,931,8,21
3656,931,7,0
3657,931,1,13
3658,931,24,9
3659,932,4,15
3660,932,2,0
3661,932,14,16
3662,932,2,23
3663,932,16,18
3664,932,0,15
3665,932,13,16
3666,932,21,23
3667,933,13,21
3668,933,23,10
3669,933,6,21
3670,933,22,7
3671,934,23,1
3672,934,23,8
3673,934,16,10
3674,934,12,10
3675,934,8,17
3676,935,12,22
3677,935,21,13
3678,935,20,9
3679,935,13,23
3680,936,8,19
3681,936,4,5
3682,937,3,19
3683,937,24,10
3684,937,21,15
3685,937,5,2
3686,937,0,16
3687,938,8,2
3688,938,19,8
3689,938,14,7
3690,938,16,1
3691,939,21,12
3692,940,21,3
3693,940,7,10
3694,940,0,4
3695,940,14,15
3696,941,7,9
3697,941,18,3
3698,941,22,24
3699,941,18,5
3700,941,19,13
3701,942,24,14
3702,943,15,6
3703,943,23,11
3704,943,6,14
3705,943,10,22
3706,944,14,1
3707,944,14,11
3708,944,1,5
3709,944,13,1
3710,945,24,7
3711,945,2,9
3712,945,22,10
3713,946,4,14
3714,946,2,21
3715,946,20,22
3716,946,1,9
3717,947,19,8
3718,947,22,9
3719,947,6,10
3720,948,22,0
3721,948,2,21
3722,949,4,11
3723,949,6,20
3724,949,14,1
3725,950,13,19
3726,950,9,18
3727,950,20,17
3728,950,22,8
3729,951,17,6
3730,951,3,18
3731,951,19,2
3732,951,6,13
3733,951,20,9
3734,951,18,12
3735,952,14,22
3736,952,11,15
3737,952,0,22
3738,953,18,4
3739,953,2,14
3740,953,22,20
3741,954,4,13
3742,954,13,22
3743,954,19,1
3744,955,16,22
3745,955,9,23
3746,955,0,20
3747,955,22,3
3748,956,9,0
3749,956,7,16
3750,956,18,22
3751,957,18,6
3752,957,9,19
3753,957,1,7
3754,957,5,24
3755,957,9,11
3756,957,20,11
3757,958,20,0
3758,958,15,11
3759,959,24,18
3760,959,0,12
3761,959,13,4
3762,959,24,4
3763,959,24,9
3764,960,13,23
3765,961,1,21
3766,961,11,4
3767,961,24,6
3768,961,19,3
3769,961,17,20
3770,961,19,20
3771,961,12,20
3772,961,8,10
3773,962,24,8
3774,962,1,14
3775,962,18,8
3776,963,8,16
3777,963,21,1
3778,963,21,15
3779,964,13,20
3780,964,22,10
3781,964,3,6
3782,964,15,18
3783,965,8,6
3784,965,22,3
3785,965,20,12
3786,966,16,19
3787,966,15,24
3788,966,24,2
3789,966,13,24
3790,967,5,3
3791,967,12,3
3792,968,19,3
3793,969,4,7
3794,969,3,19
3795,969,18,9
3796,969,4,8
3797,970,8,14
3798,970,16,8
3799,970,4,6
3800,970,3,17
3801,970,2,19
3802,970,9,1
3803,970,5,21
3804,970,8,4
3805,971,6,3
3806,971,9,16
3807,973,7,14
3808,973,16,6
3809,973,4,22
3810,973,20,22
3811,974,0,10
3812,974,12,21
3813,974,11,0
3814,974,5,12
3815,974,24,14
3816,974,16,7
3817,974,3,11
3818,975,19,1
3819,975,12,2
3820,975,7,11
3821,976,3,7
3822,976,8,6
3823,976,12,5
3824,976,0,18
3825,976,15,13
3826,976,4,5
3827,977,11,9
3828,977,12,19
3829,978,22,2
3830,979,5,8
3831,979,17,9
3832,979,8,12
3833,979,6,18
3834,979,7,1
3835,980,5,23
3836,980,23,11
3837,980,2,8
3838,980,10,12
3839,982,16,1
3840,982,13,20
3841,982,13,20
3842,982,10,9
3843,982,0,20
3844,982,4,7
3845,983,8,20
3846,983,8,4
3847,984,18,0
3848,984,3,15
3849,985,5,19
3850,985,10,3
3851,985,11,20
3852,985,24,22
3853,985,7,20
3854,986,20,3
3855,986,5,7
3856,988,19,23
3857,988,1,24
3858,988,1,3
3859,988,12,19
3860,988,20,22
3861,989,0,10
3862,990,20,24
3863,990,9,17
3864,990,13,1
3865,991,5,14
3866,991,16,2
3867,991,8,2
3868,992,6,10
3869,992,16,3
3870,993,22,12
3871,993,15,1
3872,993,24,14
3873,993,23,0
3874,993,3,20
3875,994,3,14
3876,994,3,9
3877,994,5,13
3878,994,16,19
3879,995,5,15
3880,995,1,12
3881,995,20,24
3882,995,16,6
3883,996,24,3
3884,996,11,8
3885,996,14,22
3886,996,22,15
3887,997,5,9
3888,997,24,5
3889,997,15,8
3890,997,9,16
3891,998,2,15
3892,998,8,0
3893,998,16,2
3894,998,8,11
3895,999,4,12
3896,999,10,3
3897,1000,22,18
3898,1000,13,6
3899,1001,17,11
3900,1001,24,15
3901,1001,8,19
3902,1001,22,14
3903,1001,6,21
3904,1002,3,6
3905,1002,13,23
3906,1002,7,19
3907,1003,2,5
3908,1003,10,0
3909,1004,14,6
3910,1004,12,21
3911,1004,1,11
3912,1004,19,22
3913,1005,0,22
3914,1005,24,11
3915,1005,0,23
3916,1005,14,11
3917,1005,9,18
3918,1005,24,16
3919,1005,23,20
3920,1006,17,8
3921,1006,1,12
3922,1006,7,22
3923,1006,7,24
3924,1007,7,16
3925,1007,9,18
3926,1007,24,14
3927,1008,24,5
3928,1008,3,11
3929,1008,7,10
3930,1009,0,4
3931,1009,15,4
3932,1010,14,16
3933,1010,22,18
3934,1010,0,9
3935,1010,14,1
3936,1010,14,4
3937,1010,18,20
3938,1010,20,22
3939,1010,22,24
3940,1010,21,23
3941,1011,10,8
3942,1011,24,21
3943,1011,4,1
3944,1011,15,11
3945,1011,3,17
3946,1012,21,3
3947,1012,4,15
3948,1012,20,12
3949,1012,3,7
3950,1012,13,16
3951,1013,13,9
3952,1013,5,19
3953,1013,15,13
3954,1013,12,23
3955,1013,1,5
3956,1014,20,11
3957,1015,5,22
3958,1015,5,3
3959,1016,24,12
3960,1016,3,9
3961,1016,24,15
3962,1016,5,7
3963,1017,10,16
3964,1017,4,1
3965,1017,22,1
3966,1017,22,16
3967,1017,3,14
3968,1018,17,23
3969,1018,14,11
3970,1018,14,23
3971,1018,14,11
3972,1018,19,0
3973,1018,6,3
3974,1019,16,3
3975,1019,12,21
3976,1020,0,22
3977,1020,0,20
3978,1020,4,1
3979,1020,8,23
3980,1021,23,1
3981,1021,9,21
3982,1021,4,0
3983,1021,15,12
3984,1021,10,20
3985,1021,4,11
3986,1022,0,3
3987,1022,16,8
3988,1022,5,13
3989,1022,11,14
3990,1022,13,9
3991,1022,2,9
3992,1023,3,12
3993,1023,8,18
3994,1024,13,23
3995,1024,21,5
3996,1024,20,17
3997,1024,21,1
3998,1025,18,1
3999,1026,19,6
4000,1026,9,5
4001,1026,2,8
4002,1027,14,12
4003,1027,23,21
4004,1027,20,10
4005,1027,17,11
4006,1027,12,0
4007,1027,13,21
4008,1028,16,18
4009,1028,15,2
4010,1028,19,17
4011,1028,5,12
4012,1028,20,0
4013,1028,15,17
4014,1029,23,10
4015,1029,18,22
4016,1030,18,0
4017,1030,1,24
4018,1030,15,6
4019,1031,23,10
4020,1031,21,6
4021,1031,18,14
4022,1031,13,0
4023,1031,3,11
4024,1031,11,9
4025,1031,18,5
4026,1032,3,10
4027,1032,20,16
4028,1033,7,21
4029,1033,24,16
4030,1033,13,24
4031,1033,20,24
4032,1034,8,4
4033,1034,20,9
4034,1034,6,24
4035,1034,11,14
4036,1034,6,16
4037,1034,1,21
4038,1034,8,21
4039,1035,3,13
4040,1035,19,21
4041,1035,18,5
4042,1035,21,7
4043,1035,5,13
4044,1036,2,23
4045,1036,6,19
4046,1036,5,11
4047,1037,2,5
4048,1037,20,13
4049,1037,2,18
4050,1038,17,0
4051,1038,13,3
4052,1038,9,5
4053,1039,8,12
4054,1039,5,21
4055,1039,4,0
4056,1040,1,10
4057,1040,14,11
4058,1040,15,0
4059,1040,9,15
4060,1041,14,21
4061,1041,5,20
4062,1041,8,6
4063,1042,6,19
4064,1042,6,20
4065,1042,24,17
4066,1043,1,7
4067,1044,11,9
4068,1044,3,13
4069,1044,7,23
4070,1044,24,17
4071,1044,12,24
4072,1045,18,16
4073,1045,1,13
4074,1045,11,21
4075,1046,5,23
4076,1046,15,4
4077,1046,16,7
4078,1046,23,20
4079,1046,5,20
4080,1047,19,21
4081,1047,3,1
4082,1047,2,10
4083,1047,14,4
4084,1048,20,24
4085,1048,13,2
4086,1048,5,22
4087,1049,23,7
4088,1049,3,5
4089,1050,13,20
4090,1050,20,10
4091,1050,2,4
4092,1050,12,6
4093,1050,6,3
4094,1050,14,11
4095,1051,19,16
4096,1051,16,20
4097,1052,24,13
4098,1052,13,9
4099,1053,4,15
4100,1053,8,5
4101,1053,13,16
4102,1053,17,9
4103,1053,20,12
4104,1053,2,16
4105,1054,16,14
4106,1054,22,8
4107,1054,22,9
4108,1054,6,9
4109,1054,18,6
4110,1054,13,24
4111,1054,5,23
4112,1055,8,23
4113,1056,13,22
4114,1056,18,8
4115,1056,9,22
4116,1056,4,1
4117,1056,13,10
4118,1057,10,20
4119,1057,15,7
4120,1057,8,23
4121,1058,22,1
4122,1058,24,20
4123,1058,23,1
4124,1058,15,5
4125,1058,16,22
4126,1059,24,15
4127,1060,11,18
4128,1060,13,22
4129,1061,24,14
4130,1062,24,0
4131,1062,18,3
4132,1062,0,20
4133,1062,8,15
4134,1063,24,13
4135,1063,14,20
4136,1063,4,21
4137,1063,15,22
4138,1063,21,14
4139,1063,18,11
4140,1064,14,23
4141,1064,6,24
4142,1064,18,10
4143,1064,18,8
4144,1064,15,5
4145,1064,1,9
4146,1064,8,24
4147,1064,11,4
4148,1064,5,8
4149,1064,5,19
4150,1065,2,12
4151,1065,22,16
4152,1066,23,20
4153,1066,21,15
4154,1066,15,22
4155,1066,18,1
4156,1067,10,6
4157,1067,20,23
4158,1067,9,7
4159,1067,3,11
4160,1067,0,2
4161,1068,14,17
4162,1068,14,17
4163,1068,4,22
4164,1068,9,20
4165,1068,3,0
4166,1068,18,1
4167,1069,12,19
4168,1069,8,6
4169,1069,12,15
4170,1069,2,20
4171,1070,20,14
4172,1070,19,22
4173,1070,8,21
4174,1070,23,1
4175,1071,17,21
4176,1071,1,8
4177,1072,12,21
4178,1072,24,5
4179,1072,10,9
4180,1072,4,19
4181,1072,6,12
4182,1073,20,2
4183,1073,9,16
4184,1073,5,4
4185,1073,24,6
4186,1073,4,23
4187,1074,15,12
4188,1074,23,16
4189,1074,16,9
4190,1075,3,5
4191,1075,23,21
4192,1075,12,19
4193,1075,1,19
4194,1075,12,1
4195,1075,20,13
4196,1075,24,9
4197,1076,13,16
4198,1076,23,9
4199,1076,7,17
4200,1076,8,18
4201,1077,10,2
4202,1077,21,14
4203,1077,19,5
4204,1078,1,22
4205,1079,11,23
4206,1079,1,15
4207,1079,21,11
4208,1080,5,14
4209,1080,10,14
4210,1080,2,11
4211,1080,1,4
4212,1080,20,22
4213,1080,14,20
4214,1080,0,11
4215,1081,4,12
4216,1081,15,12
4217,1081,1,11
4218,1082,8,2
4219,1082,10,18
4220,1082,11,18
4221,1082,24,21
4222,1082,18,5
4223,1082,7,10
4224,1083,8,17
4225,1083,3,15
4226,1083,20,8
4227,1083,14,20
4228,1084,19,1
4229,1084,2,18
4230,1084,13,23
4231,1084,2,0
4232,1084,6,16
4233,1084,8,16
4234,1085,0,13
4235,1085,5,8
4236,1085,1,13
4237,1085,4,12
4238,1086,23,10
4239,1086,13,24
4240,1086,4,8
4241,1087,10,3
4242,1087,16,3
4243,1087,24,1
4244,1087,7,4
4245,1088,7,24
4246,1088,0,23
4247,1088,9,20
4248,1088,16,24
4249,1088,1,20
4250,1088,4,24
4251,1089,20,10
4252,1089,14,15
4253,1089,17,4
4254,1090,7,23
4255,1090,18,11
4256,1090,13,19
4257,1090,15,14
4258,1090,24,18
4259,1090,10,19
4260,1090,22,15
4261,1091,21,10
4262,1091,12,3
4263,1091,2,24
4264,1092,19,11
4265,1092,16,0
4266,1092,1,16
4267,1092,3,16
4268,1092,1,13
4269,1093,3,18
4270,1093,22,15
4271,1094,16,6
4272,1094,9,15
4273,1094,21,11
4274,1094,22,2
4275,1094,1,8
4276,1094,0,19
4277,1095,5,14
4278,1095,9,24
4279,1095,6,15
4280,1096,3,6
4281,1096,13,22
4282,1096,13,23
4283,1096,21,14
4284,1096,7,20
4285,1097,24,21
4286,1098,4,12
4287,1098,6,18
4288,1098,22,4
4289,1098,17,1
4290,1098,4,11
4291,1099,21,7
4292,1099,3,10
4293,1099,3,23
4294,1099,3,19
4295,1100,11,14
4296,1100,12,18
4297,1100,1,17
4298,1100,2,16
4299,1100,16,13
4300,1101,15,12
4301,1101,2,8
4302,1101,8,2
4303,1101,22,0
4304,1101,0,2
4305,1101,5,3
4306,1101,11,23
4307,1101,0,10
4308,1102,9,3
4309,1102,0,18
4310,1103,20,23
4311,1103,22,14
4312,1103,0,20
4313,1103,3,18
4314,1104,21,0
4315,1104,3,10
4316,1104,23,20
4317,1105,4,2
4318,1105,16,0
4319,1105,19,1
4320,1105,19,1
4321,1105,17,14
4322,1106,21,11
4323,1106,3,15
4324,1106,11,14
4325,1106,1,14
4326,1107,8,10
4327,1107,17,0
4328,1108,24,8
4329,1108,13,19
4330,1108,16,0
4331,1108,2,5
4332,1109,2,24
4333,1109,8,6
4334,1109,24,12
4335,1109,10,3
4336,1109,24,22
4337,1109,15,4
4338,1109,3,16
4339,1109,24,17
4340,1110,2,21
4341,1110,13,22
4342,1110,0,11
4343,1110,20,14
4344,1110,8,16
4345,1111,21,19
4346,1111,15,14
4347,1111,13,19
4348,1112,6,16
4349,1112,21,12
4350,1113,16,2
4351,1113,9,15
4352,1113,19,22
4353,1113,10,4
4354,1113,10,13
4355,1113,10,20
4356,1114,0,6
4357,1114,4,13
4358,1114,17,6
4359,1114,15,3
4360,1115,7,24
4361,1115,9,16
4362,1115,4,18
4363,1115,5,20
4364,1115,10,14
4365,1115,5,13
4366,1116,5,15
4367,1116,20,11
4368,1116,21,19
4369,1116,3,20
4370,1116,24,12
4371,1116,15,0
4372,1117,23,13
4373,1117,0,17
4374,1117,10,21
4375,1118,9,1
4376,1118,3,18
4377,1118,3,24
4378,1118,16,9
4379,1119,20,0
4380,1119,4,19
4381,1120,12,21
4382,1120,5,20
4383,1120,24,14
4384,1121,17,7
4385,1121,18,0
4386,1121,6,16
4387,1121,7,5
4388,1121,12,9
4389,1121,9,1
4390,1121,18,14
4391,1122,24,2
4392,1122,14,18
4393,1122,9,15
4394,1122,21,19
4395,1122,7,22
4396,1123,11,13
4397,1123,0,10
4398,1123,7,21
4399,1123,8,5
4400,1123,23,1
4401,1123,0,10
4402,1123,19,23
4403,1124,1,8
4404,1124,4,10
4405,1124,15,4
4406,1124,8,0
4407,1125,2,19
4408,1125,11,18
4409,1125,11,5
4410,1125,18,21
4411,1126,17,21
4412,1126,24,10
4413,1126,24,5
4414,1127,11,2
4415,1127,7,13
4416,1127,12,0
4417,1127,21,3
4418,1128,14,18
4419,1128,1,16
4420,1128,19,0
4421,1129,9,3
4422,1129,21,2
4423,1129,13,21
4424,1130,18,5
4425,1130,6,9
4426,1130,23,1
4427,1131,13,3
4428,1131,22,12
4429,1131,5,13
4430,1131,22,8
4431,1131,5,2
4432,1132,4,15
4433,1132,23,10
4434,1132,12,24
4435,1132,2,6
4436,1132,8,11
4437,1132,2,16
4438,1132,7,21
4439,1132,16,24
4440,1132,22,14
4441,1132,3,23
4442,1132,23,8
4443,1133,24,2
4444,1134,18,14
4445,1134,18,2
4446,1134,4,5
4447,1134,16,6
4448,1134,16,12
4449,1135,3,5
4450,1135,5,2
4451,1136,11,19
4452,1136,21,15
4453,1136,19,15
4454,1137,10,16
4455,1137,3,0
4456,1137,23,9
4457,1138,19,5
4458,1138,1,5
4459,1138,10,17
4460,1138,10,19
4461,1139,20,24
4462,1139,12,14
4463,1139,7,15
4464,1140,19,16
4465,1140,15,0
4466,1140,10,6
4467,1140,9,1
4468,1141,18,1
4469,1141,17,1
4470,1141,0,7
4471,1141,21,6
4472,1142,14,23
4473,1142,3,15
4474,1142,22,16
4475,1142,8,14
4476,1142,23,7
4477,1143,23,19
4478,1143,24,11
4479,1143,23,5
4480,1143,20,14
4481,1143,5,12
4482,1144,8,15
4483,1144,11,0
4484,1144,6,17
4485,1144,14,8
4486,1144,17,3
4487,1145,14,16
4488,1145,17,24
4489,1145,13,7
4490,1145,5,17
4491,1145,15,9
4492,1146,15,21
4493,1146,0,23
4494,1146,9,11
4495,1146,21,4
4496,1146,24,6
4497,1146,19,10
4498,1146,12,0
4499,1147,9,15
4500,1147,19,4
4501,1148,17,11
4502,1148,13,3
4503,1148,13,11
4504,1148,21,7
4505,1148,12,18
4506,1149,21,7
4507,1149,16,10
4508,1149,2,11
4509,1149,8,22
4510,1149,1,23
4511,1149,8,14
4512,1149,4,12
4513,1149,7,24
4514,1151,23,6
4515,1151,5,2
4516,1151,18,16
4517,1151,14,1
4518,1152,0,20
4519,1152,9,11
4520,1152,17,14
4521,1152,11,21
4522,1153,21,1
4523,1153,8,12
4524,1154,21,12
4525,1154,12,4
4526,1154,12,16
4527,1154,14,6
4528,1154,7,18
4529,1154,4,23
4530,1154,24,20
4531,1155,18,0
4532,1155,24,15
4533,1155,18,8
4534,1155,6,14
4535,1155,18,15
4536,1156,23,15
4537,1156,5,21
4538,1156,14,22
4539,1156,2,9
4540,1156,16,7
4541,1157,5,11
4542,1157,10,17
4543,1157,4,17
4544,1157,13,16
4545,1157,16,24
4546,1157,0,18
4547,1157,6,0
4548,1157,8,23
4549,1158,22,6
4550,1158,23,9
4551,1158,10,1
4552,1158,4,6
4553,1158,16,14
4554,1158,6,21
4555,1159,14,6
4556,1159,8,10
4557,1159,17,19
4558,1159,16,24
4559,1159,15,11
4560,1160,15,11
4561,1160,6,10
4562,1160,22,15
4563,1160,3,11
4564,1160,9,6
4565,1161,2,9
4566,1161,4,11
4567,1161,14,20
4568,1161,7,17
4569,1162,23,2
4570,1162,24,6
4571,1162,19,0
4572,1162,6,18
4573,1163,4,5
4574,1163,20,23
4575,1163,12,1
4576,1163,10,14
4577,1163,21,12
4578,1164,3,13
4579,1164,6,10
4580,1164,0,15
4581,1165,12,18
4582,1165,9,5
4583,1165,24,14
4584,1165,3,14
4585,1166,13,4
4586,1166,10,16
4587,1166,4,18
4588,1166,14,20
4589,1166,19,12
4590,1167,23,13
4591,1167,9,1
4592,1167,0,3
4593,1167,7,1
4594,1167,12,5
4595,1167,8,6
4596,1167,12,20
4597,1167,21,13
4598,1168,19,17
4599,1168,7,21
4600,1168,8,6
4601,1168,11,14
4602,1169,17,4
4603,1170,3,7
4604,1170,22,7
4605,1170,3,16
4606,1170,24,5
4607,1170,24,12
4608,1171,10,8
4609,1171,4,7
4610,1171,16,8
4611,1171,8,1
4612,1172,5,20
4613,1172,15,19
4614,1173,20,10
4615,1173,10,3
4616,1173,5,3
4617,1173,10,23
4618,1173,4,7
4619,1173,20,18
4620,1174,7,5
4621,1174,14,16
4622,1174,6,0
4623,1174,8,4
4624,1174,12,5
4625,1175,18,20
4626,1175,3,15
4627,1175,8,10
4628,1175,16,3
4629,1176,5,9
4630,1176,5,15
4631,1176,11,9
4632,1177,10,14
4633,1177,12,8
4634,1177,10,8
4635,1177,15,24
4636,1177,9,18
4637,1177,20,3
4638,1177,22,16
4639,1178,7,17
4640,1178,19,11
4641,1178,12,24
4642,1178,16,20
4643,1179,19,21
4644,1179,2,4
4645,1179,6,3
4646,1179,10,20
4647,1179,0,9
4648,1180,18,21
4649,1180,22,19
4650,1181,21,14
4651,1181,17,11
4652,1181,14,21
4653,1181,13,19
4654,1181,13,23
4655,1181,14,10
4656,1181,4,6
4657,1181,16,10
4658,1182,22,2
4659,1182,18,21
4660,1182,17,8
4661,1182,6,16
4662,1182,13,21
4663,1182,0,4
4664,1182,22,10
4665,1182,6,17
4666,1183,2,0
4667,1183,15,0
4668,1183,4,16
4669,1184,7,10
4670,1184,9,5
4671,1184,1,7
4672,1184,16,13
4673,1185,0,11
4674,1185,19,3
4675,1185,0,6
4676,1186,14,12
4677,1186,5,7
4678,1186,20,16
4679,1187,24,3
4680,1187,0,17
4681,1187,24,18
4682,1188,3,16
4683,1189,9,19
4684,1189,10,24
4685,1189,14,18
4686,1189,11,5
4687,1190,8,22
4688,1190,19,1
4689,1191,2,12
4690,1191,23,20
4691,1191,6,9
4692,1191,6,10
4693,1191,1,22
4694,1191,19,3
4695,1192,3,23
4696,1192,9,1
4697,1193,11,14
4698,1194,2,9
4699,1194,1,12
4700,1195,3,13
4701,1196,14,10
4702,1196,15,19
4703,1197,7,4
4704,1197,7,3
4705,1197,14,4
4706,1198,2,18
4707,1198,1,23
4708,1198,23,17
4709,1199,13,6
4710,1199,10,2
4711,1199,4,0
4712,1199,2,17
4713,1199,13,22
4714,1199,3,0
4715,1199,12,10
4716,1200,11,7
4717,1200,14,7
4718,1200,0,2
4719,1200,3,11
4720,1200,17,14
4721,1201,17,15
4722,1201,1,24
4723,1201,17,1
4724,1202,24,8
4725,1202,0,18
4726,1203,20,13
4727,1203,22,18
4728,1203,15,12
4729,1203,11,20
4730,1203,20,23
4731,1203,17,10
4732,1203,5,4
4733,1203,23,21
4734,1204,10,22
4735,1204,5,18
4736,1205,10,16
4737,1205,8,10
4738,1206,4,10
4739,1206,17,4
4740,1206,22,13
4741,1206,21,10
4742,1207,11,9
4743,1207,11,7
4744,1208,5,3
4745,1208,2,21
4746,1208,24,5
4747,1208,9,12
4748,1209,15,13
4749,1209,21,12
4750,1209,0,24
4751,1210,11,17
4752,1210,15,13
4753,1210,5,13
4754,1210,6,21
4755,1211,6,22
4756,1211,9,21
4757,1211,1,16
4758,1212,20,11
4759,1212,13,10
4760,1212,24,8
4761,1212,8,5
4762,1212,8,12
4763,1213,4,21
4764,1213,3,9
4765,1213,22,16
4766,1214,18,12
4767,1214,3,24
4768,1214,21,2
4769,1214,11,0
4770,1214,20,7
4771,1215,22,19
4772,1215,3,6
4773,1215,12,8
4774,1216,12,20
4775,1217,19,13
4776,1217,5,14
4777,1217,22,24
4778,1217,18,1
4779,1217,21,12
4780,1217,3,9
4781,1218,24,2
4782,1218,16,18
4783,1218,11,2
4784,1218,17,19
4785,1219,1,18
4786,1220,9,12
4787,1220,21,2
4788,1221,2,13
4789,1221,1,7
4790,1221,4,1
4791,1221,13,5
4792,1221,23,11
4793,1222,12,16
4794,1222,23,17
4795,1222,3,14
4796,1222,19,0
4797,1223,13,5
4798,1223,21,13
4799,1223,24,3
4800,1223,15,1
4801,1224,11,8
4802,1224,3,7
4803,1224,6,8
4804,1224,23,2
4805,1224,15,18
4806,1225,22,1
4807,1225,24,8
4808,1226,16,1
4809,1226,6,8
4810,1226,3,5
4811,1226,11,8
4812,1226,3,1
4813,1227,9,6
4814,1227,10,14
4815,1227,17,24
4816,1227,13,1
4817,1228,19,2
4818,1228,7,21
4819,1228,11,3
4820,1229,21,3
4821,1229,7,22
4822,1230,17,21
4823,1230,16,14
4824,1230,23,1
4825,1231,18,10
4826,1231,0,23
4827,1231,16,20
4828,1231,7,13
4829,1231,10,2
4830,1231,15,22
4831,1232,13,0
4832,1232,10,21
4833,1232,0,3
4834,1232,8,4
4835,1232,17,23
4836,1232,21,10
4837,1232,9,15
4838,1233,16,23
4839,1233,9,2
4840,1233,2,0
4841,1233,13,2
4842,1233,10,14
4843,1234,22,24
4844,1235,4,1
4845,1235,23,10
4846,1236,21,17
4847,1236,22,20
4848,1236,24,13
4849,1236,17,13
4850,1237,7,19
4851,1237,3,7
4852,1237,8,10
4853,1237,4,12
4854,1237,13,24
4855,1237,12,15
4856,1237,17,19
4857,1237,14,5
4858,1238,8,12
4859,1238,14,0
4860,1238,17,13
4861,1239,20,6
4862,1239,16,3
4863,1240,23,3
4864,1240,10,20
4865,1241,21,19
4866,1241,12,22
4867,1241,17,4
4868,1241,21,7
4869,1241,13,20
4870,1242,6,0
4871,1242,0,9
4872,1242,18,24
4873,1242,16,22
4874,1242,2,13
4875,1243,16,3
4876,1243,14,17
4877,1243,15,3
4878,1243,22,10
4879,1244,18,22
4880,1244,20,4
4881,1244,24,11
4882,1245,1,14
4883,1245,14,4
4884,1246,7,0
4885,1246,15,14
4886,1246,19,3
4887,1247,22,13
4888,1247,22,2
4889,1247,7,22
4890,1248,11,13
4891,1248,16,14
4892,1248,4,19
4893,1248,16,6
4894,1248,19,16
4895,1248,3,0
4896,1249,1,7
4897,1249,22,0
4898,1249,12,6
4899,1249,5,20
4900,1249,9,2
4901,1249,10,2
4902,1249,14,10
4903,1249,20,5
4904,1250,8,11
4905,1250,23,12
4906,1250,8,4
4907,1250,19,5
4908,1251,1,22
4909,1251,2,4
4910,1251,17,10
4911,1252,10,22
4912,1252,3,17
4913,1253,3,18
4914,1254,0,22
4915,1254,5,22
4916,1254,18,10
4917,1255,19,8
4918,1255,8,1
4919,1256,23,20
4920,1256,6,14
4921,1256,3,17
4922,1256,13,22
4923,1257,3,14
4924,1257,6,15
4925,1257,3,15
4926,1257,10,13
4927,1258,22,11
4928,1258,21,24
4929,1258,24,4
4930,1259,2,5
4931,1259,1,20
4932,1259,11,19
4933,1259,21,5
4934,1259,16,18
4935,1260,1,10
4936,1260,5,4
4937,1260,8,12
4938,1260,8,18
4939,1260,3,24
4940,1260,5,4
4941,1261,7,13
4942,1261,2,22
4943,1261,22,14
4944,1261,20,4
4945,1262,0,3
4946,1262,21,11
4947,1262,9,2
4948,1262,2,17
4949,1262,1,13
4950,1262,6,22
4951,1262,24,18
4952,1262,18,5
4953,1262,12,20
4954,1262,13,24
4955,1263,11,7
4956,1263,15,14
4957,1264,8,10
4958,1264,8,19
4959,1264,5,17
4960,1264,5,7
4961,1265,2,8
4962,1265,0,15
4963,1265,0,3
4964,1265,14,18
4965,1265,12,15
4966,1265,22,12
4967,1266,8,22
4968,1266,20,1
4969,1266,11,5
4970,1266,9,23
4971,1266,19,3
4972,1267,8,23
4973,1267,14,4
4974,1267,14,23
4975,1267,11,8
4976,1268,0,16
4977,1268,18,20
4978,1268,20,10
4979,1268,24,3
4980,1268,24,16
4981,1268,23,5
4982,1269,14,16
4983,1269,7,14
4984,1270,11,2
4985,1271,20,23
4986,1271,24,3
4987,1271,21,8
4988,1271,14,17
4989,1272,10,3
4990,1272,5,23
4991,1272,1,22
4992,1272,15,4
4993,1272,13,17
4994,1272,1,10
4995,1273,4,19
4996,1273,7,17
4997,1273,17,10
4998,1274,7,18
4999,1274,13,19
5000,1274,11,20
5001,1275,23,2
5002,1275,22,7
5003,1275,3,0
5004,1275,14,17
5005,1275,12,19
5006,1275,5,2
5007,1275,3,10
5008,1275,11,22
5009,1275,24,12
5010,1276,9,18
5011,1276,3,1
5012,1276,13,17
5013,1277,17,5
5014,1277,0,6
5015,1277,6,13
5016,1277,23,7
5017,1278,10,9
5018,1278,4,18
5019,1278,12,2
5020,1278,17,14
5021,1278,12,4
5022,1279,23,1
5023,1279,9,3
5024,1279,6,23
5025,1280,3,1
5026,1280,5,22
5027,1281,9,21
5028,1281,0,8
5029,1282,20,10
5030,1282,17,15
5031,1282,24,13
5032,1282,24,1
5033,1283,23,2
5034,1283,24,13
5035,1283,15,7
5036,1284,24,21
5037,1284,9,17
5038,1285,3,17
5039,1285,16,23
5040,1286,14,8
5041,1286,14,7
5042,1286,8,22
5043,1286,9,16
5044,1286,1,12
5045,1287,14,2
5046,1287,9,22
5047,1288,5,20
5048,1288,13,6
5049,1288,23,13
5050,1288,7,21
5051,1289,8,2
5052,1289,2,18
5053,1289,19,16
5054,1289,16,6
5055,1289,12,19
5056,1289,2,18
5057,1290,14,1
5058,1290,5,20
5059,1290,11,17
5060,1291,3,11
5061,1291,16,7
5062,1291,7,22
5063,1291,8,15
5064,1291,0,20
5065,1292,9,6
5066,1292,2,4
5067,1292,2,24
5068,1293,21,3
5069,1293,15,24
5070,1293,20,13
5071,1293,19,23
5072,1293,20,3
5073,1293,5,3
5074,1294,3,0
5075,1294,22,1
5076,1294,16,24
5077,1294,16,0
5078,1294,1,13
5079,1295,9,12
5080,1295,18,15
5081,1295,9,5
5082,1296,15,0
5083,1296,17,20
5084,1296,2,14
5085,1297,8,17
5086,1297,14,8
5087,1297,3,10
5088,1298,22,0
5089,1298,5,22
5090,1298,21,23
5091,1298,16,18
5092,1298,17,9
5093,1299,23,11
5094,1299,20,24
5095,1299,15,14
5096,1299,5,12
5097,1299,20,1
5098,1300,11,9
5099,1300,17,7
5100,1300,3,9
5101,1300,14,17
5102,1300,22,3
5103,1301,18,5
5104,1301,5,4
5105,1301,4,2
5106,1302,18,10
5107,1302,20,12
5108,1302,10,4
5109,1302,2,21
5110,1302,21,17
5111,1303,24,16
5112,1304,22,18
5113,1304,7,9
5114,1304,14,21
5115,1304,16,8
5116,1305,2,20
5117,1306,15,14
5118,1306,2,24
5119,1306,3,5
5120,1307,10,9
5121,1307,7,3
5122,1307,2,18
5123,1307,16,13
5124,1307,1,3
5125,1307,4,13
5126,1308,0,3
5127,1309,19,9
5128,1309,15,22
5129,1309,12,21
5130,1310,8,0
5131,1310,22,11
5132,1311,10,22
5133,1311,8,0
5134,1311,18,21
5135,1311,17,21
5136,1311,9,22
5137,1311,2,17
5138,1311,16,14
5139,1312,19,21
5140,1312,18,0
5141,1312,11,15
5142,1312,20,8
5143,1312,14,2
5144,1312,14,11
5145,1313,6,9
5146,1313,21,1
5147,1314,11,3
5148,1314,4,6
5149,1314,19,0
5150,1314,7,11
5151,1315,17,8
5152,1315,21,8
5153,1316,8,6
5154,1316,10,9
5155,1316,13,4
5156,1316,23,8
5157,1316,16,10
5158,1317,18,0
5159,1317,16,6
5160,1317,12,18
5161,1318,6,4
5162,1318,4,16
5163,1318,15,1
5164,1318,24,17
5165,1318,3,0
5166,1318,3,15
5167,1318,6,0
5168,1318,2,24
5169,1319,12,5
5170,1319,16,0
5171,1319,15,4
5172,1319,7,17
5173,1320,6,10
5174,1320,22,0
5175,1321,5,7
5176,1321,5,20
5177,1322,2,6
5178,1322,23,3
5179,1323,4,11
5180,1323,14,20
5181,1323,17,13
5182,1323,23,17
5183,1323,21,8
5184,1324,5,16
5185,1324,20,7
5186,1325,7,5
5187,1325,2,11
5188,1325,21,5
5189,1325,10,24
5190,1326,21,8
5191,1326,11,8
5192,1326,8,15
5193,1326,5,17
5194,1327,8,14
5195,1327,23,17
5196,1327,9,22
5197,1327,10,21
5198,1327,9,2
5199,1327,11,3
5200,1328,9,5
5201,1328,0,19
5202,1328,17,21
5203,1329,23,2
5204,1329,19,3
5205,1329,4,15
5206,1329,5,7
5207,1330,23,0
5208,1330,9,23
5209,1330,24,20
5210,1330,16,5
5211,1330,10,12
5212,1330,7,14
5213,1330,17,0
5214,1330,18,16
5215,1331,18,1
5216,1331,13,10
5217,1331,8,19
5218,1332,16,1
5219,1333,6,14
5220,1333,11,18
5221,1333,10,23
5222,1333,1,20
5223,1333,8,5
5224,1334,14,7
5225,1334,1,20
5226,1334,6,2
5227,1335,12,8
5228,1335,21,8
5229,1335,16,2
5230,1335,5,7
5231,1336,11,8
5232,1336,18,11
5233,1337,0,6
5234,1337,10,24
5235,1337,7,20
5236,1338,6,13
5237,1338,10,0
5238,1338,13,9
5239,1338,8,19
5240,1339,11,20
5241,1339,6,14
5242,1340,10,22
5243,1341,23,15
5244,1342,3,1
5245,1342,20,0
5246,1342,18,10
5247,1343,4,11
5248,1343,11,20
5249,1343,20,24
5250,1343,18,24
5251,1343,1,15
5252,1343,19,8
5253,1343,13,19
5254,1344,0,21
5255,1344,11,18
5256,1344,8,5
5257,1345,1,23
5258,1345,7,15
5259,1345,24,12
5260,1345,24,7
5261,1345,24,9
5262,1345,5,11
5263,1345,11,15
5264,1345,22,2
5265,1346,22,7
5266,1346,16,12
5267,1346,8,24
5268,1346,24,14
5269,1346,10,0
5270,1346,4,18
5271,1346,20,13
5272,1346,8,12
5273,1347,8,16
5274,1348,0,14
5275,1348,9,19
5276,1348,4,12
5277,1348,0,23
5278,1348,6,21
5279,1349,16,24
5280,1349,22,3
5281,1349,10,7
5282,1349,0,4
5283,1349,3,9
5284,1350,14,12
5285,1350,10,7
5286,1350,20,18
5287,1350,11,18
5288,1352,9,7
5289,1352,1,12
5290,1352,11,19
5291,1352,9,24
5292,1352,3,6
5293,1353,23,5
5294,1353,19,12
5295,1353,13,5
5296,1353,12,21
5297,1354,1,8
5298,1354,20,7
5299,1354,21,4
5300,1354,15,6
5301,1355,4,19
5302,1355,9,16
5303,1355,7,9
5304,1355,5,24
5305,1355,15,17
5306,1356,19,9
5307,1356,23,15
5308,1356,13,16
5309,1357,4,13
5310,1357,23,2
5311,1358,0,17
5312,1358,7,14
5313,1358,9,21
5314,1359,16,6
5315,1359,14,23
5316,1360,20,7
5317,1360,15,21
5318,1360,17,19
5319,1360,19,20
5320,1361,16,13
5321,1361,4,5
5322,1361,24,4
5323,1361,9,15
5324,1362,13,24
5325,1362,15,23
5326,1362,6,0
5327,1362,21,4
5328,1363,18,2
5329,1363,15,19
5330,1363,0,12
5331,1363,18,8
5332,1363,10,8
5333,1364,19,7
5334,1364,8,23
5335,1364,13,20
5336,1365,13,4
5337,1366,5,16
5338,1366,10,6
5339,1366,6,22
5340,1367,18,2
5341,1367,3,18
5342,1367,4,5
5343,1367,10,4
5344,1367,19,9
5345,1367,8,16
5346,1367,10,17
5347,1368,4,22
5348,1368,3,15
5349,1368,6,12
5350,1368,24,1
5351,1369,6,24
5352,1369,0,3
5353,1369,22,12
5354,1369,18,7
5355,1369,10,20
5356,1370,23,1
5357,1370,4,16
5358,1370,3,1
5359,1370,23,9
5360,1370,24,1
5361,1370,13,5
5362,1371,19,21
5363,1371,24,1
5364,1371,4,8
5365,1371,7,17
5366,1371,1,14
5367,1371,17,24
5368,1372,14,6
5369,1372,17,3
5370,1372,18,12
5371,1373,3,19
5372,1373,11,22
5373,1373,15,22
5374,1373,8,15
5375,1373,0,10
5376,1373,5,2
5377,1374,0,12
5378,1374,23,1
5379,1375,14,17
5380,1376,19,11
5381,1376,10,4
5382,1376,24,5
5383,1376,17,8
5384,1376,22,0
5385,1377,17,2
5386,1377,10,7
5387,1377,16,19
5388,1377,12,19
5389,1378,3,22
5390,1378,3,9
5391,1378,16,14
5392,1378,2,16
5393,1379,12,9
5394,1379,5,1
5395,1379,23,0
5396,1379,17,11
5397,1379,9,5
5398,1380,17,15
5399,1380,7,24
5400,1380,20,2
5401,1380,21,0
5402,1380,5,8
5403,1381,24,7
5404,1381,8,4
5405,1381,16,18
5406,1381,21,0
5407,1381,12,6
5408,1382,4,10
5409,1382,12,24
5410,1382,7,4
5411,1382,7,0
5412,1382,21,3
5413,1383,7,13
5414,1383,3,1
5415,1384,3,1
5416,1384,16,0
5417,1384,4,17
5418,1384,20,22
5419,1384,6,3
5420,1385,17,10
5421,1385,17,15
5422,1385,1,12
5423,1386,11,1
5424,1386,5,20
5425,1386,5,7
5426,1386,12,6
5427,1386,22,7
5428,1387,5,12
5429,1387,24,16
5430,1387,2,17
5431,1387,7,9
5432,1387,23,15
5433,1388,7,17
5434,1388,14,1
5435,1388,17,8
5436,1388,2,9
5437,1388,17,10
5438,1388,1,8
5439,1389,19,12
5440,1389,19,22
5441,1389,16,7
5442,1391,5,8
5443,1391,14,23
5444,1392,21,10
5445,1392,17,21
5446,1392,12,24
5447,1392,11,21
5448,1392,3,16
5449,1392,5,7
5450,1393,0,22
5451,1393,22,10
5452,1393,10,8
5453,1393,6,20
5454,1393,13,24
5455,1393,0,14
5456,1394,11,21
5457,1395,9,7
5458,1395,23,9
5459,1395,6,21
5460,1395,19,21
5461,1395,10,24
5462,1396,20,7
5463,1396,16,14
5464,1396,22,9
5465,1396,24,18
5466,1396,12,2
5467,1396,24,0
5468,1397,8,6
5469,1397,6,18
5470,1397,7,14
5471,1398,7,20
5472,1398,7,20
5473,1398,23,3
5474,1398,24,4
5475,1398,19,5
5476,1398,20,10
5477,1399,24,1
5478,1399,23,3
5479,1400,1,4
5480,1400,20,6
5481,1400,0,21
5482,1401,19,1
5483,1401,6,0
5484,1401,24,2
5485,1401,10,8
5486,1402,8,22
5487,1403,10,0
5488,1403,20,7
5489,1403,7,5
5490,1403,21,3
5491,1403,14,15
5492,1403,21,17
5493,1404,3,0
5494,1404,5,7
5495,1404,22,8
5496,1404,11,8
5497,1404,21,13
5498,1404,5,21
5499,1404,6,24
5500,1405,2,6
5501,1405,0,15
5502,1405,6,23
5503,1405,5,3
5504,1405,24,5
5505,1405,14,7
5506,1406,12,20
5507,1406,17,2
5508,1406,1,20
5509,1406,19,12
5510,1406,3,6
5511,1406,11,17
5512,1407,4,21
5513,1407,3,20
5514,1407,16,7
5515,1407,11,19
5516,1407,1,3
5517,1408,14,6
5518,1408,19,11
5519,1409,23,21
5520,1409,15,24
5521,1409,4,15
5522,1409,10,12
5523,1409,1,10
5524,1409,17,19
5525,1409,0,11
5526,1410,14,16
5527,1410,3,23
5528,1410,18,9
5529,1410,19,15
5530,1411,17,1
5531,1412,19,1
5532,1412,3,22
5533,1412,4,2
5534,1413,8,10
5535,1413,7,0
5536,1413,24,1
5537,1413,19,5
5538,1413,5,11
5539,1413,11,13
5540,1413,23,2
5541,1413,13,9
5542,1413,22,10
5543,1414,16,19
5544,1414,5,2
5545,1414,24,8
5546,1414,14,23
5547,1414,14,3
5548,1414,19,8
5549,1415,14,7
5550,1415,17,1
5551,1415,15,3
5552,1416,8,1
5553,1416,9,17
5554,1417,5,22
5555,1417,23,9
5556,1417,2,22
5557,1417,0,4
5558,1417,14,16
5559,1417,24,22
5560,1418,9,13
5561,1418,2,9
5562,1418,18,1
5563,1418,3,12
5564,1418,0,23
5565,1419,7,14
5566,1419,23,1
5567,1419,23,6
5568,1419,22,8
5569,1419,20,18
5570,1419,1,22
5571,1419,10,2
5572,1420,5,20
5573,1420,2,18
5574,1420,2,15
5575,1420,10,8
5576,1421,23,9
5577,1421,17,1
5578,1421,9,6
5579,1422,0,21
5580,1422,0,15
5581,1422,9,5
5582,1422,23,15
5583,1422,21,0
5584,1422,12,3
5585,1422,2,5
5586,1423,10,0
5587,1423,2,12
5588,1423,12,23
5589,1423,18,20
5590,1423,22,15
5591,1424,14,24
5592,1424,0,9
5593,1424,21,18
5594,1424,8,5
5595,1425,24,9
5596,1425,4,7
5597,1425,19,10
5598,1426,8,14
5599,1426,11,24
5600,1426,20,4
5601,1426,4,19
5602,1426,18,9
5603,1427,17,6
5604,1427,21,12
5605,1427,13,17
5606,1427,6,16
5607,1428,10,1
5608,1428,8,16
5609,1428,9,19
5610,1428,22,24
5611,1429,4,13
5612,1430,19,9
5613,1430,1,24
5614,1430,2,20
5615,1430,14,24
5616,1430,10,13
5617,1431,21,23
5618,1431,8,12
5619,1431,3,5
5620,1431,14,2
5621,1431,4,8
5622,1431,19,15
5623,1431,19,13
5624,1431,2,17
5625,1431,16,6
5626,1432,7,13
5627,1432,21,23
5628,1432,2,15
5629,1433,19,12
5630,1433,11,24
5631,1433,2,6
5632,1433,24,2
5633,1433,23,12
5634,1434,0,18
5635,1434,5,8
5636,1434,15,13
5637,1434,21,19
5638,1434,22,18
5639,1434,14,23
5640,1434,7,10
5641,1434,23,15
5642,1434,18,11
5643,1435,2,8
5644,1435,19,10
5645,1436,22,15
5646,1436,23,1
5647,1436,24,11
5648,1436,0,16
5649,1437,20,3
5650,1438,14,22
5651,1438,0,2
5652,1438,0,20
5653,1439,2,9
5654,1439,10,18
5655,1439,15,3
5656,1439,2,22
5657,1439,16,0
5658,1439,15,11
5659,1440,7,16
5660,1440,4,12
5661,1440,2,17
5662,1440,16,6
5663,1440,7,17
5664,1440,15,2
5665,1440,14,10
5666,1440,23,1
5667,1441,5,22
5668,1441,14,8
5669,1442,3,18
5670,1442,12,9
5671,1442,15,24
5672,1443,7,23
5673,1443,10,22
5674,1443,12,10
5675,1443,1,14
5676,1443,9,1
5677,1444,18,0
5678,1444,12,22
5679,1445,6,19
5680,1445,14,5
5681,1445,12,0
5682,1445,11,1
5683,1445,22,9
5684,1446,23,14
5685,1447,6,22
5686,1447,14,24
5687,1447,14,21
5688,1447,21,19
5689,1447,2,9
5690,1447,6,18
5691,1447,21,5
5692,1447,5,4
5693,1448,13,17
5694,1448,14,10
5695,1448,18,16
5696,1449,22,8
5697,1449,17,5
5698,1450,9,11
5699,1450,21,3
5700,1450,1,12
5701,1450,6,19
5702,1451,23,15
5703,1451,3,13
5704,1451,6,4
5705,1452,1,14
5706,1452,3,15
5707,1453,22,16
5708,1453,10,2
5709,1453,0,18
5710,1453,22,12
5711,1454,2,8
5712,1454,5,20
5713,1454,10,8
5714,1456,14,1
5715,1456,20,2
5716,1456,15,22
5717,1457,0,4
5718,1457,1,21
5719,1457,24,16
5720,1457,4,6
5721,1457,0,24
5722,1457,13,0
5723,1457,16,2
5724,1457,18,24
5725,1457,24,3
5726,1457,7,4
5727,1458,3,17
5728,1458,24,20
5729,1458,20,23
5730,1458,4,21
5731,1458,8,14
5732,1459,18,20
5733,1459,0,9
5734,1459,14,2
5735,1460,3,0
5736,1460,13,19
5737,1460,2,23
5738,1460,16,1
5739,1461,22,4
5740,1461,22,16
5741,1461,9,0
5742,1461,13,7
5743,1461,17,4
5744,1461,13,15
5745,1461,14,3
5746,1461,1,5
5747,1462,1,14
5748,1462,21,2
5749,1462,8,19
5750,1462,4,10
5751,1462,6,24
5752,1463,10,9
5753,1463,5,19
5754,1464,12,21
5755,1464,14,7
5756,1464,11,2
5757,1465,20,22
5758,1465,11,22
5759,1465,22,24
5760,1465,11,2
5761,1465,10,18
5762,1465,14,15
5763,1465,20,16
5764,1465,7,16
5765,1466,23,8
5766,1466,22,0
5767,1466,9,11
5768,1466,7,17
5769,1467,16,1
5770,1468,1,21
5771,1468,4,15
5772,1468,23,15
5773,1468,2,17
5774,1468,13,5
5775,1468,9,2
5776,1469,14,12
5777,1469,14,23
5778,1469,9,2
5779,1469,21,7
5780,1469,8,12
5781,1470,4,1
5782,1470,1,15
5783,1470,23,4
5784,1470,9,5
5785,1470,0,4
5786,1470,4,11
5787,1471,5,2
5788,1471,4,13
5789,1471,12,9
5790,1471,19,5
5791,1471,0,15
5792,1472,22,14
5793,1472,17,7
5794,1472,4,2
5795,1472,8,6
5796,1472,20,24
5797,1472,22,7
5798,1472,16,8
5799,1472,24,5
5800,1473,2,17
5801,1473,22,14
5802,1474,19,23
5803,1474,17,4
5804,1474,18,7
5805,1474,13,22
5806,1474,10,14
5807,1475,21,1
5808,1475,6,17
5809,1476,23,4
5810,1476,0,12
5811,1476,15,3
5812,1476,21,24
5813,1476,24,12
5814,1477,21,24
5815,1477,15,0
5816,1477,23,11
5817,1477,9,24
5818,1477,15,22
5819,1478,13,19
5820,1478,22,6
5821,1479,24,16
5822,1479,18,11
5823,1479,2,4
5824,1480,24,1
5825,1480,21,24
5826,1480,14,22
5827,1480,24,10
5828,1480,14,16
5829,1481,13,11
5830,1481,14,18
5831,1481,18,21
5832,1481,4,24
5833,1482,22,4
5834,1482,19,4
5835,1482,19,9
5836,1483,15,3
5837,1483,1,23
5838,1483,21,15
5839,1483,24,20
5840,1483,10,9
5841,1485,6,20
5842,1485,4,24
5843,1485,8,22
5844,1485,20,18
5845,1485,6,22
5846,1486,9,1
5847,1486,20,7
5848,1486,0,11
5849,1486,9,5
5850,1487,18,21
5851,1487,2,18
5852,1487,18,6
5853,1487,17,0
5854,1487,1,12
5855,1487,11,2
5856,1487,20,18
5857,1487,15,2
5858,1488,22,5
5859,1488,20,17
5860,1488,8,20
5861,1489,7,4
5862,1489,2,17
5863,1489,23,21
5864,1489,21,9
5865,1489,15,2
5866,1490,18,8
5867,1490,19,5
5868,1490,23,0
5869,1491,24,5
5870,1491,8,20
5871,1491,17,14
5872,1491,22,9
5873,1492,14,8
5874,1492,21,2
5875,1492,0,17
5876,1493,8,20
5877,1493,7,13
5878,1493,24,14
5879,1493,14,22
5880,1493,0,13
5881,1493,6,4
5882,1494,4,15
5883,1494,3,14
5884,1494,4,24
5885,1494,12,24
5886,1494,6,8
5887,1494,20,18
5888,1494,16,9
5889,1494,20,23
5890,1494,2,16
5891,1495,18,22
5892,1495,3,24
5893,1495,8,10
5894,1495,7,1
5895,1495,8,22
5896,1496,0,16
5897,1497,6,22
5898,1497,23,1
5899,1497,4,1
5900,1497,13,24
5901,1497,7,1
5902,1497,16,1
5903,1498,17,15
5904,1498,7,18
5905,1498,16,8
5906,1498,16,22
5907,1498,16,12
5908,1499,14,8
5909,1499,9,23
5910,1499,22,14
5911,1500,21,17
5912,1500,20,4
5913,1500,9,24
5914,1500,11,3
5915,1500,12,21
5916,1501,18,0
5917,1501,18,11
5918,1501,17,13
5919,1501,24,8
5920,1501,9,2
5921,1501,10,3
5922,1501,9,2
5923,1501,23,16
5924,1502,11,1
5925,1502,13,23
5926,1503,7,3
5927,1503,8,6
5928,1503,18,22
5929,1503,8,20
5930,1503,13,10
5931,1503,21,14
5932,1504,15,23
5933,1504,16,3
5934,1504,4,5
5935,1504,7,17
5936,1504,18,3
5937,1504,20,1
5938,1506,20,24
5939,1506,17,4
5940,1506,2,23
5941,1506,5,7
5942,1507,7,10
5943,1507,12,9
5944,1507,14,6
5945,1507,5,12
5946,1508,24,4
5947,1508,7,11
5948,1508,23,7
5949,1508,14,20
5950,1508,17,23
5951,1509,15,13
5952,1509,8,24
5953,1509,24,17
5954,1509,15,23
5955,1509,24,8
5956,1509,12,19
5957,1510,2,14
5958,1510,10,20
5959,1510,21,13
5960,1511,8,21
5961,1511,21,14
5962,1511,4,22
5963,1511,6,19
5964,1511,3,17
5965,1512,23,6
5966,1512,7,10
5967,1512,19,10
5968,1513,16,0
5969,1513,1,3
5970,1515,0,20
5971,1515,8,16
5972,1515,20,14
5973,1515,22,7
5974,1515,3,13
5975,1515,15,9
5976,1515,11,15
5977,1515,24,20
5978,1516,18,11
5979,1516,14,1
5980,1516,14,11
5981,1516,16,19
5982,1516,22,13
5983,1516,9,16
5984,1517,16,14
5985,1517,22,10
5986,1517,10,22
5987,1517,5,11
5988,1517,21,5
5989,1518,17,4
5990,1518,11,0
5991,1518,18,2
5992,1519,20,8
5993,1519,7,23
5994,1519,0,14
5995,1519,1,15
5996,1519,6,23
5997,1520,20,1
5998,1521,16,19
5999,1521,11,4
6000,1521,6,16
6001,1522,14,7
6002,1522,22,6
6003,1522,13,23
6004,1523,21,13
6005,1523,12,19
6006,1524,20,24
6007,1524,21,24
6008,1524,0,13
6009,1524,16,18
6010,1524,8,11
6011,1525,8,17
6012,1525,9,13
6013,1525,0,4
6014,1526,13,4
6015,1526,5,11
6016,1527,19,13
6017,1527,4,12
6018,1527,11,19
6019,1528,10,24
6020,1528,6,23
6021,1528,24,16
6022,1528,20,24
6023,1528,8,15
6024,1530,3,18
6025,1530,18,24
6026,1530,19,0
6027,1531,5,3
6028,1531,9,2
6029,1531,24,16
6030,1531,3,23
6031,1531,13,0
6032,1532,8,5
6033,1532,9,20
6034,1532,12,22
6035,1533,24,1
6036,1533,20,5
6037,1533,1,14
6038,1533,9,6
6039,1534,20,7
6040,1534,23,17
6041,1535,19,1
6042,1535,12,9
6043,1535,18,8
6044,1536,24,0
6045,1536,5,21
6046,1536,4,2
6047,1536,23,11
6048,1536,21,10
6049,1537,7,4
6050,1537,19,22
6051,1537,7,4
6052,1537,12,9
6053,1537,2,21
6054,1537,14,11
6055,1537,16,8
6056,1537,4,12
6057,1537,15,2
6058,1537,16,9
6059,1538,16,20
6060,1538,19,7
6061,1538,16,22
6062,1539,6,12
6063,1539,9,5
6064,1539,0,17
6065,1539,2,13
6066,1540,0,24
6067,1540,0,4
6068,1540,18,22
6069,1540,12,23
6070,1541,23,6
6071,1541,0,3
6072,1541,3,11
6073,1541,4,14
6074,1542,21,4
6075,1542,1,24
6076,1543,5,18
6077,1543,18,4
6078,1543,18,7
6079,1543,15,3
6080,1543,3,10
6081,1543,12,0
6082,1544,6,4
6083,1544,9,15
6084,1544,15,9
6085,1544,17,24
6086,1544,13,17
6087,1544,0,20
6088,1544,24,15
6089,1545,8,21
6090,1545,1,16
6091,1545,11,3
6092,1545,9,7
6093,1545,1,10
6094,1546,13,0
6095,1546,4,14
6096,1547,7,16
6097,1548,21,15
6098,1548,6,13
6099,1548,18,21
6100,1548,14,10
6101,1549,5,17
6102,1549,5,13
6103,1549,2,6
6104,1549,16,3
6105,1550,17,19
6106,1550,8,16
6107,1550,9,7
6108,1550,17,3
6109,1551,1,16
6110,1551,2,21
6111,1552,19,6
6112,1552,3,18
6113,1552,5,16
6114,1552,2,22
6115,1552,7,4
6116,1552,0,7
6117,1552,24,11
6118,1553,1,21
6119,1554,10,7
6120,1554,0,9
6121,1554,16,20
6122,1554,2,6
6123,1554,8,6
6124,1555,0,14
6125,1556,12,4
6126,1556,7,24
6127,1556,9,13
6128,1556,21,10
6129,1556,23,12
6130,1557,9,16
6131,1557,15,0
6132,1557,19,2
6133,1557,5,19
6134,1557,10,19
6135,1558,8,18
6136,1558,0,21
6137,1558,0,13
6138,1558,6,4
6139,1559,14,12
6140,1559,3,18
6141,1559,10,13
6142,1559,13,7
6143,1559,24,13
6144,1560,6,14
6145,1560,1,8
6146,1560,13,17
6147,1561,4,8
6148,1561,9,13
6149,1562,10,18
6150,1562,2,8
6151,1562,18,16
6152,1563,12,23
6153,1563,19,20
6154,1564,9,17
6155,1564,7,24
6156,1564,22,14
6157,1564,22,24
6158,1564,1,5
6159,1564,1,8
6160,1565,23,9
6161,1565,19,20
6162,1565,0,16
6163,1565,19,22
6164,1566,23,6
6165,1567,9,19
6166,1567,12,6
6167,1567,12,24
6168,1567,10,2
6169,1567,7,14
6170,1568,14,5
6171,1568,23,0
6172,1569,8,23
6173,1569,17,15
6174,1569,0,13
6175,1569,14,11
6176,1569,7,5
6177,1570,21,24
6178,1570,4,11
6179,1570,5,16
6180,1571,15,1
6181,1571,18,14
6182,1571,17,9
6183,1571,18,11
6184,1571,11,23
6185,1572,8,19
6186,1572,24,22
6187,1572,17,14
6188,1572,5,17
6189,1572,9,1
6190,1572,5,11
6191,1572,5,17
6192,1572,14,23
6193,1573,11,14
6194,1573,3,10
6195,1573,24,9
6196,1574,7,22
6197,1574,2,20
6198,1574,21,24
6199,1574,13,9
6200,1574,7,0
6201,1575,6,23
6202,1575,15,8
6203,1575,4,15
6204,1575,2,10
6205,1575,5,12
6206,1576,4,21
6207,1576,18,22
6208,1576,6,24
6209,1576,16,20
6210,1577,14,0
6211,1577,24,10
6212,1577,14,7
6213,1578,11,3
6214,1578,14,2
6215,1578,3,24
6216,1578,6,4
6217,1578,22,6
6218,1578,13,23
6219,1579,15,12
6220,1579,2,13
6221,1579,2,17
6222,1579,17,24
6223,1579,6,9
6224,1580,14,12
6225,1580,8,15
6226,1581,10,3
6227,1581,20,3
6228,1581,11,21
6229,1581,18,21
6230,1581,3,16
6231,1581,22,11
6232,1581,22,11
6233,1582,8,24
6234,1582,14,5
6235,1583,3,14
6236,1583,24,4
6237,1583,24,10
6238,1583,23,1
6239,1583,11,14
6240,1583,17,4
6241,1583,23,20
6242,1584,7,9
6243,1585,5,21
6244,1585,23,13
6245,1585,9,1
6246,1585,0,3
6247,1585,3,18
6248,1586,6,4
6249,1586,13,16
6250,1586,24,10
6251,1586,3,10
6252,1586,6,21
6253,1586,15,3
6254,1586,0,20
6255,1587,21,15
6256,1587,8,19
6257,1587,0,15
6258,1588,1,21
6259,1588,3,0
6260,1588,5,2
6261,1589,24,4
6262,1589,2,6
6263,1589,10,22
6264,1589,3,0
6265,1589,4,18
6266,1590,19,13
6267,1590,20,24
6268,1590,20,2
6269,1590,24,8
6270,1591,23,9
6271,1591,24,13
6272,1591,3,5
6273,1592,22,24
6274,1592,5,3
6275,1592,17,7
6276,1592,1,5
6277,1593,11,4
6278,1593,13,9
6279,1593,12,15
6280,1594,6,2
6281,1594,19,8
6282,1594,23,8
6283,1595,19,11
6284,1595,8,15
6285,1595,3,9
6286,1595,2,20
6287,1595,21,1
6288,1595,9,1
6289,1596,5,9
6290,1596,14,4
6291,1596,22,12
6292,1596,10,0
6293,1596,1,22
6294,1597,18,7
6295,1597,15,9
6296,1597,22,6
6297,1598,18,15
6298,1598,16,12
6299,1598,11,3
6300,1599,22,9
6301,1599,23,16
6302,1599,5,14
6303,1599,12,2
6304,1600,12,24
6305,1600,24,15
6306,1600,16,12
6307,1600,15,1
6308,1600,12,15
6309,1601,13,10
6310,1602,13,0
6311,1602,17,1
6312,1602,8,21
6313,1603,23,2
6314,1603,11,3
6315,1603,10,24
6316,1603,23,16
6317,1603,0,12
6318,1603,19,5
6319,1604,18,15
6320,1604,13,22
6321,1604,11,9
6322,1604,14,22
6323,1604,22,11
6324,1605,8,21
6325,1605,4,6
6326,1605,16,8
6327,1605,13,9
6328,1606,20,10
6329,1606,11,18
6330,1606,13,3
6331,1606,15,7
6332,1606,2,18
6333,1607,8,1
6334,1607,8,4
6335,1607,21,10
6336,1608,8,16
6337,1608,15,12
6338,1608,17,13
6339,1609,2,20
6340,1609,7,18
6341,1610,15,5
6342,1610,16,4
6343,1610,24,9
6344,1610,9,23
6345,1611,21,23
6346,1611,11,21
6347,1611,18,15
6348,1612,19,1
6349,1612,0,8
6350,1612,0,4
6351,1612,20,24
6352,1612,19,22
6353,1612,6,15
6354,1613,0,20
6355,1613,3,21
6356,1614,12,6
6357,1614,18,16
6358,1614,19,10
6359,1615,12,6
6360,1615,17,9
6361,1615,19,8
6362,1616,19,3
6363,1616,16,0
6364,1616,0,3
6365,1616,3,10
6366,1617,22,1
6367,1617,22,9
6368,1617,16,0
6369,1617,21,0
6370,1617,10,12
6371,1618,13,6
6372,1618,6,10
6373,1618,12,21
6374,1618,0,7
6375,1618,14,5
6376,1618,23,9
6377,1619,19,20
6378,1619,21,8
6379,1619,6,2
6380,1619,15,22
6381,1619,1,8
6382,1619,15,23
6383,1620,6,16
6384,1620,22,13
6385,1620,0,21
6386,1620,11,17
6387,1620,24,13
6388,1620,11,15
6389,1621,2,23
6390,1622,18,1
6391,1622,10,23
6392,1622,21,17
6393,1622,9,0
6394,1622,17,6
6395,1624,16,10
6396,1624,9,16
6397,1624,17,5
6398,1624,1,21
6399,1624,14,6
6400,1624,18,21
6401,1625,24,11
6402,1625,17,10
6403,1625,16,8
6404,1626,23,6
6405,1626,16,23
6406,1626,15,13
6407,1626,3,14
6408,1627,4,8
6409,1627,24,21
6410,1627,3,9
6411,1627,13,23
6412,1627,2,10
6413,1627,20,7
6414,1627,14,17
6415,1627,9,21
6416,1627,6,20
6417,1628,21,14
6418,1628,3,18
6419,1628,20,9
6420,1628,22,19
6421,1628,15,0
6422,1628,4,1
6423,1629,12,22
6424,1629,16,4
6425,1629,10,2
6426,1629,16,23
6427,1629,5,8
6428,1629,3,11
6429,1629,19,2
6430,1629,2,20
6431,1629,17,4
6432,1629,4,12
6433,1629,23,2
6434,1629,16,3
6435,1630,19,5
6436,1630,5,12
6437,1631,9,10
6438,1631,6,20
6439,1632,0,13
6440,1632,4,13
6441,1632,22,7
6442,1632,17,11
6443,1632,4,1
6444,1633,3,5
6445,1633,19,22
6446,1633,15,18
6447,1633,19,12
6448,1634,10,8
6449,1634,12,4
6450,1634,13,11
6451,1635,15,9
6452,1635,16,7
6453,1635,8,10
6454,1635,24,2
6455,1636,11,22
6456,1636,12,9
6457,1636,19,17
6458,1636,23,13
6459,1637,10,19
6460,1637,13,3
6461,1637,17,21
6462,1637,10,18
6463,1638,19,4
6464,1638,19,17
6465,1638,17,24
6466,1639,5,11
6467,1640,2,5
6468,1640,21,9
6469,1640,2,24
6470,1640,10,12
6471,1641,14,6
6472,1641,23,4
6473,1641,1,4
6474,1641,2,17
6475,1641,2,5
6476,1641,1,12
6477,1641,22,9
6478,1642,6,10
6479,1642,0,17
6480,1642,17,15
6481,1643,11,5
6482,1643,8,2
6483,1643,0,21
6484,1643,17,15
6485,1644,19,16
6486,1644,0,7
6487,1645,1,22
6488,1645,0,14
6489,1645,17,1
6490,1646,2,5
6491,1646,3,9
6492,1646,9,1
6493,1646,0,14
6494,1646,19,21
6495,1646,14,0
6496,1646,1,10
6497,1647,13,4
6498,1647,12,19
6499,1647,8,12
6500,1648,11,1
6501,1648,16,0
6502,1649,17,19
6503,1649,9,6
6504,1650,8,10
6505,1650,2,16
6506,1650,6,4
6507,1650,11,21
6508,1651,19,8
6509,1651,24,9
6510,1652,2,14
6511,1652,24,13
6512,1652,2,8
6513,1653,15,8
6514,1653,10,19
6515,1653,22,9
6516,1654,17,5
6517,1654,6,17
6518,1654,22,3
6519,1655,14,7
6520,1656,6,19
6521,1656,16,8
6522,1656,4,7
6523,1656,9,7
6524,1656,4,16
6525,1656,13,17
6526,1657,12,18
6527,1657,1,7
6528,1657,8,1
6529,1658,3,7
6530,1658,4,17
6531,1658,5,19
6532,1658,18,5
6533,1659,20,11
6534,1659,10,12
6535,1660,19,1
6536,1660,16,5
6537,1660,12,4
6538,1660,12,5
6539,1660,11,4
6540,1660,22,18
6541,1661,2,12
6542,1661,23,8
6543,1661,13,0
6544,1661,6,12
6545,1661,24,2
6546,1662,21,15
6547,1662,16,19
6548,1662,10,20
6549,1662,16,10
6550,1662,13,16
6551,1662,3,7
6552,1662,2,4
6553,1662,16,12
6554,1662,0,6
6555,1663,17,4
6556,1663,14,15
6557,1663,2,20
6558,1664,3,20
6559,1664,3,13
6560,1664,21,7
6561,1664,1,9
6562,1665,15,6
6563,1666,14,21
6564,1666,1,8
6565,1666,12,23
6566,1666,10,0
6567,1667,1,16
6568,1667,12,16
6569,1667,5,4
6570,1667,17,4
6571,1667,11,14
6572,1667,21,24
6573,1668,14,15
6574,1668,19,4
6575,1668,18,21
6576,1668,21,9
6577,1669,2,0
6578,1669,13,23
6579,1669,1,3
6580,1670,7,9
6581,1670,9,11
6582,1670,21,11
6583,1670,15,9
6584,1670,14,11
6585,1670,5,8
6586,1670,9,10
6587,1671,7,4
6588,1671,23,14
6589,1671,8,1
6590,1671,12,15
6591,1671,8,23
6592,1672,23,14
6593,1672,22,15
6594,1672,14,1
6595,1672,3,1
6596,1672,11,18
6597,1672,7,19
6598,1672,24,21
6599,1673,17,24
6600,1673,10,0
6601,1673,10,24
6602,1674,3,7
6603,1674,2,22
6604,1674,11,1
6605,1674,15,1
6606,1675,1,5
6607,1675,1,11
6608,1675,7,17
6609,1675,1,13
6610,1676,17,1
6611,1676,21,17
6612,1676,16,18
6613,1676,3,0
6614,1676,22,7
6615,1676,21,19
6616,1676,12,15
6617,1676,19,7
6618,1677,10,16
6619,1677,10,4
6620,1677,1,5
6621,1677,6,20
6622,1677,3,21
6623,1678,4,0
6624,1679,3,22
6625,1680,21,4
6626,1680,1,18
6627,1680,0,3
6628,1680,21,12
6629,1680,10,1
6630,1680,10,21
6631,1680,10,21
6632,1680,17,7
6633,1681,6,21
6634,1681,4,8
6635,1681,0,20
6636,1681,5,2
6637,1681,18,6
6638,1681,2,5
6639,1682,18,15
6640,1682,6,9
6641,1682,10,17
6642,1683,21,23
6643,1683,15,9
6644,1684,22,16
6645,1684,0,20
6646,1684,0,2
6647,1685,19,22
6648,1685,0,6
6649,1685,11,13
6650,1685,11,9
6651,1686,10,18
6652,1686,2,11
6653,1686,7,1
6654,1686,8,12
6655,1686,11,23
6656,1687,2,11
6657,1687,16,13
6658,1687,21,14
6659,1687,16,0
6660,1688,14,16
6661,1689,13,22
6662,1689,3,22
6663,1689,24,16
6664,1689,19,11
6665,1690,16,1
6666,1690,20,19
6667,1690,11,22
6668,1690,17,2
6669,1690,20,13
6670,1690,11,15
6671,1691,10,14
6672,1691,23,17
6673,1691,18,4
6674,1692,6,4
6675,1692,9,18
6676,1692,20,9
6677,1693,2,12
6678,1693,2,9
6679,1694,13,21
6680,1694,14,17
6681,1695,24,12
6682,1695,3,22
6683,1695,10,16
6684,1696,14,17
6685,1696,19,4
6686,1696,14,7
6687,1696,21,19
6688,1697,4,5
6689,1697,1,8
6690,1697,17,21
6691,1697,23,13
6692,1698,20,17
6693,1698,13,5
6694,1698,12,10
6695,1698,1,3
6696,1699,1,24
6697,1699,6,19
6698,1699,23,2
6699,1700,21,11
6700,1700,0,2
6701,1700,23,9
6702,1701,9,18
6703,1701,21,8
6704,1701,5,23
6705,1701,20,17
6706,1701,18,0
6707,1701,8,24
6708,1701,24,12
6709,1701,3,17
6710,1701,8,16
6711,1702,15,6
6712,1702,1,17
6713,1702,9,17
6714,1702,21,13
6715,1702,6,24
6716,1703,1,23
6717,1703,15,5
6718,1703,5,14
6719,1703,14,0
6720,1704,14,0
6721,1704,4,21
6722,1704,16,6
6723,1704,4,15
6724,1706,10,16
6725,1707,3,15
6726,1707,2,13
6727,1707,19,2
6728,1707,13,21
6729,1708,1,9
6730,1708,5,19
6731,1708,10,1
6732,1708,3,5
6733,1708,8,20
6734,1708,20,3
6735,1708,22,14
6736,1708,6,23
6737,1709,4,2
6738,1709,10,24
6739,1710,17,10
6740,1710,11,21
6741,1710,2,0
6742,1710,3,19
6743,1711,14,4
6744,1712,11,14
6745,1712,6,14
6746,1712,13,20
6747,1712,23,20
6748,1713,17,8
6749,1713,14,21
6750,1714,9,24
6751,1714,8,14
6752,1714,5,7
6753,1715,1,24
6754,1715,15,2
6755,1715,20,3
6756,1715,21,0
6757,1715,7,0
6758,1716,13,20
6759,1716,4,13
6760,1716,10,7
6761,1716,12,15
6762,1716,3,23
6763,1716,1,3
6764,1717,7,24
6765,1717,9,22
6766,1717,16,5
6767,1717,21,24
6768,1718,15,19
6769,1718,21,19
6770,1718,17,20
6771,1719,7,0
6772,1719,5,11
6773,1719,16,5
6774,1719,9,13
6775,1720,6,15
6776,1720,16,22
6777,1721,10,9
6778,1721,11,18
6779,1722,9,11
6780,1722,5,12
6781,1722,13,15
6782,1722,2,16
6783,1722,12,15
6784,1722,10,20
6785,1722,1,4
6786,1722,7,22
6787,1723,8,15
6788,1723,9,17
6789,1723,19,16
6790,1723,3,12
6791,1724,14,11
6792,1724,3,21
6793,1724,6,12
6794,1725,3,19
6795,1725,24,15
6796,1725,3,9
6797,1725,7,4
6798,1725,17,21
6799,1726,23,19
6800,1727,20,22
6801,1727,14,5
6802,1727,18,4
6803,1727,24,4
6804,1728,11,22
6805,1729,4,24
6806,1729,4,22
6807,1729,10,16
6808,1729,7,22
6809,1729,1,19
6810,1729,11,22
6811,1730,9,24
6812,1730,12,15
6813,1730,1,24
6814,1730,13,3
6815,1730,8,4
6816,1731,20,13
6817,1731,1,19
6818,1731,22,11
6819,1732,20,11
6820,1732,11,19
6821,1732,16,19
6822,1733,14,18
6823,1733,7,21
6824,1734,1,4
6825,1734,15,1
6826,1734,3,6
6827,1734,2,21
6828,1734,16,10
6829,1734,20,16
6830,1735,22,2
6831,1735,20,17
6832,1735,14,23
6833,1735,0,9
6834,1735,4,5
6835,1735,22,19
6836,1736,5,19
6837,1736,9,3
6838,1736,9,5
6839,1736,8,0
6840,1736,0,14
6841,1736,12,18
6842,1736,21,0
6843,1736,17,1
6844,1736,4,18
6845,1737,4,17
6846,1737,17,9
6847,1737,18,9
6848,1738,8,11
6849,1738,8,20
6850,1739,15,2
6851,1739,12,19
6852,1740,11,4
6853,1740,2,5
6854,1740,6,10
6855,1740,16,2
6856,1741,16,22
6857,1741,3,18
6858,1741,10,22
6859,1741,14,23
6860,1741,15,13
6861,1742,2,16
6862,1742,18,3
6863,1742,3,21
6864,1742,10,12
6865,1743,15,2
6866,1743,3,20
6867,1744,20,5
6868,1744,18,8
6869,1744,22,24
6870,1744,17,3
6871,1744,19,1
6872,1744,23,13
6873,1744,24,6
6874,1745,6,17
6875,1745,3,19
6876,1746,5,23
6877,1746,2,4
6878,1746,14,15
6879,1746,11,17
6880,1746,17,19
6881,1746,19,12
6882,1746,6,8
6883,1746,6,14
6884,1747,5,4
6885,1747,21,11
6886,1748,21,12
6887,1748,1,7
6888,1748,4,19
6889,1748,20,17
6890,1748,1,22
6891,1749,3,1
6892,1749,24,14
6893,1749,13,11
6894,1749,10,6
6895,1749,10,14
6896,1749,21,8
6897,1749,20,1
6898,1750,17,11
6899,1750,13,23
6900,1750,23,4
6901,1750,21,7
6902,1751,2,18
6903,1751,5,23
6904,1751,23,1
6905,1752,17,3
6906,1752,15,14
6907,1753,6,17
6908,1753,20,12
6909,1754,14,18
6910,1754,19,6
6911,1754,24,6
6912,1754,16,5
6913,1755,14,15
6914,1755,22,15
6915,1755,9,17
6916,1755,18,10
6917,1756,8,20
6918,1756,12,24
6919,1756,13,5
6920,1756,13,2
6921,1756,2,20
6922,1756,6,0
6923,1756,3,9
6924,1757,8,1
6925,1757,17,0
6926,1757,23,3
6927,1757,4,20
6928,1757,5,19
6929,1757,7,9
6930,1758,15,1
6931,1759,16,0
6932,1759,2,18
6933,1759,17,9
6934,1760,17,3
6935,1760,17,6
6936,1760,2,24
6937,1760,3,11
6938,1760,16,19
6939,1760,19,10
6940,1761,4,15
6941,1761,19,10
6942,1761,9,18
6943,1761,11,9
6944,1761,8,10
6945,1761,12,23
6946,1762,3,20
6947,1762,5,2
6948,1762,22,0
6949,1762,16,5
6950,1762,11,14
6951,1762,21,18
6952,1762,20,16
6953,1763,2,24
6954,1763,10,24
6955,1763,1,16
6956,1764,15,17
6957,1764,22,6
6958,1765,16,8
6959,1765,18,0
6960,1765,20,9
6961,1765,9,12
6962,1766,11,18
6963,1766,12,4
6964,1766,8,5
6965,1766,14,21
6966,1766,5,19
6967,1767,3,12
6968,1767,22,1
6969,1767,23,7
6970,1768,11,4
6971,1768,12,1
6972,1768,5,14
6973,1769,7,1
6974,1769,11,22
6975,1769,23,19
6976,1770,15,24
6977,1770,4,18
6978,1771,16,5
6979,1771,0,10
6980,1771,18,11
6981,1771,7,16
6982,1771,7,15
6983,1771,6,9
6984,1772,1,21
6985,1772,7,23
6986,1772,17,3
6987,1772,6,10
6988,1772,14,3
6989,1772,21,14
6990,1772,12,21
6991,1773,23,16
6992,1773,8,5
6993,1773,15,11
6994,1774,21,17
6995,1774,8,22
6996,1774,3,20
6997,1775,16,5
6998,1775,18,9
6999,1775,7,23
7000,1775,14,18
7001,1776,3,16
7002,1776,15,21
7003,1776,6,0
7004,1776,19,1
7005,1776,13,7
7006,1776,7,17
7007,1776,14,20
7008,1776,18,4
7009,1777,2,10
7010,1777,16,14
7011,1777,4,24
7012,1777,4,1
7013,1777,12,10
7014,1777,14,11
7015,1778,6,14
7016,1778,7,14
7017,1778,1,20
7018,1778,14,6
7019,1778,7,21
7020,1779,16,10
7021,1779,12,22
7022,1779,19,15
7023,1780,11,23
7024,1780,18,15
7025,1780,18,10
7026,1780,5,12
7027,1781,5,22
7028,1781,2,19
7029,1782,2,11
7030,1783,2,9
7031,1783,13,0
7032,1783,1,15
7033,1784,3,20
7034,1784,8,17
7035,1784,6,19
7036,1784,2,13
7037,1784,6,3
7038,1784,4,20
7039,1784,10,14
7040,1784,13,6
7041,1785,9,0
7042,1785,5,4
7043,1785,17,2
7044,1786,4,0
7045,1786,18,21
7046,1786,22,3
7047,1786,9,18
7048,1787,0,19
7049,1787,15,8
7050,1788,22,8
7051,1788,5,19
7052,1788,10,14
7053,1789,6,21
7054,1789,17,0
7055,1789,21,7
7056,1789,14,2
7057,1789,15,8
7058,1790,14,11
7059,1790,14,18
7060,1790,8,16
7061,1790,17,23
7062,1790,0,8
7063,1791,12,3
7064,1791,20,19
7065,1791,14,4
7066,1791,18,16
7067,1791,9,16
7068,1792,3,17
7069,1792,20,0
7070,1792,11,7
7071,1792,24,4
7072,1793,8,10
7073,1793,14,6
7074,1793,0,18
7075,1793,13,9
7076,1794,3,22
7077,1794,11,13
7078,1794,2,9
7079,1794,13,2
7080,1794,13,3
7081,1794,17,2
7082,1794,18,20
7083,1795,10,22
7084,1795,8,2
7085,1795,1,19
7086,1795,7,3
7087,1796,0,22
7088,1796,2,0
7089,1796,2,24
7090,1796,7,16
7091,1796,7,4
7092,1796,16,24
7093,1797,6,3
7094,1797,20,16
7095,1797,14,3
7096,1797,6,22
7097,1797,2,22
7098,1797,12,24
7099,1797,15,7
7100,1798,2,24
7101,1798,0,23
7102,1798,18,0
7103,1798,0,24
7104,1798,23,15
7105,1798,23,10
7106,1799,13,10
7107,1799,13,24
