veh_id,t_depart,origin,dest
0,0,1,21
1,0,19,11
2,0,2,9
3,0,22,16
4,1,6,14
5,1,19,16
6,1,6,9
7,1,15,5
8,2,17,6
9,2,11,17
10,3,7,24
11,3,16,4
12,3,23,5
13,4,14,10
14,4,13,21
15,4,14,21
16,4,23,7
17,4,19,8
18,5,17,21
19,6,4,17
20,6,24,13
21,6,24,14
22,7,19,21
23,7,11,5
24,7,16,24
25,7,16,18
26,7,1,23
27,8,24,9
28,8,12,2
29,8,8,12
30,8,14,22
31,9,12,20
32,9,11,7
33,9,22,4
34,9,1,14
35,9,15,14
36,9,4,22
37,9,24,13
38,9,15,24
39,10,8,10
40,10,22,6
41,10,1,9
42,11,8,4
43,11,10,1
44,11,22,11
45,11,18,5
46,11,5,8
47,11,10,3
48,12,3,0
49,12,21,2
50,12,0,9
51,12,5,15
52,12,1,5
53,12,4,22
54,13,16,23
55,14,22,6
56,14,16,4
57,14,22,12
58,14,11,1
59,14,0,12
60,15,1,11
61,15,16,10
62,16,23,9
63,16,19,0
64,16,24,20
65,16,12,23
66,16,0,21
67,17,5,16
68,17,17,6
69,17,6,21
70,17,22,15
71,17,16,20
72,17,22,6
73,18,22,11
74,18,24,9
75,18,9,0
76,18,2,18
77,18,22,3
78,18,6,15
79,18,15,14
80,19,12,8
81,19,0,7
82,19,20,14
83,19,24,18
84,19,18,6
85,19,24,20
86,19,0,12
87,19,10,3
88,20,5,24
89,20,24,18
90,21,8,1
91,22,5,7
92,22,6,24
93,22,22,2
94,22,0,23
95,22,11,2
96,23,17,4
97,23,3,15
98,24,0,10
99,24,19,7
100,25,5,2
101,25,7,21
102,25,4,23
103,26,20,7
104,26,14,10
105,27,6,3
106,27,3,15
107,27,16,10
108,28,23,5
109,29,15,12
110,29,24,17
111,29,23,5
112,29,10,2
113,30,4,11
114,30,7,11
115,30,15,5
116,30,6,22
117,30,22,20
118,30,23,16
119,30,14,5
120,30,18,8
121,30,8,1
122,31,5,4
123,31,10,4
124,32,6,4
125,32,12,8
126,32,2,24
127,32,9,23
128,33,19,2
129,33,17,21
130,33,4,21
131,33,2,4
132,33,3,1
133,33,19,10
134,33,11,9
135,34,3,5
136,34,5,14
137,34,2,10
138,34,10,12
139,34,8,15
140,34,16,3
141,35,9,10
142,35,8,24
143,36,6,16
144,36,14,11
145,36,2,6
146,37,0,18
147,37,20,5
148,37,24,18
149,38,22,13
150,39,19,9
151,39,5,18
152,39,6,8
153,39,17,9
154,39,13,17
155,40,20,13
156,40,1,4
157,41,2,11
158,41,3,23
159,41,6,9
160,41,6,22
161,42,16,4
162,42,6,9
163,42,24,8
164,42,4,22
165,42,6,12
166,42,20,2
167,43,16,0
168,44,18,11
169,44,9,15
170,44,18,24
171,45,5,16
172,45,24,3
173,45,22,9
174,45,16,12
175,45,15,21
176,45,22,4
177,46,0,21
178,46,13,15
179,46,5,21
180,46,14,3
181,46,22,6
182,47,2,21
183,47,0,22
184,48,17,4
185,48,0,22
186,48,24,0
187,48,8,5
188,49,2,6
189,49,21,2
190,49,15,22
191,49,24,11
192,49,11,24
193,49,4,2
194,50,10,2
195,50,14,21
196,50,16,24
197,51,2,10
198,51,17,4
199,51,13,20
200,51,17,4
201,52,18,11
202,52,8,23
203,53,5,12
204,54,21,17
205,54,10,19
206,54,5,14
207,54,9,21
208,54,19,20
209,54,8,10
210,54,8,6
211,54,17,15
212,54,18,12
213,55,6,21
214,55,11,4
215,55,3,16
216,56,11,18
217,56,1,5
218,57,13,5
219,57,22,3
220,57,12,4
221,58,14,18
222,58,19,21
223,59,20,5
224,59,12,1
225,59,18,12
226,59,8,23
227,60,4,11
228,60,22,19
229,61,10,4
230,61,9,2
231,61,6,23
232,61,6,2
233,62,17,5
234,62,0,18
235,62,14,21
236,62,20,17
237,62,6,23
238,62,23,1
239,63,23,19
240,63,8,14
241,63,14,22
242,63,13,21
243,64,17,21
244,64,17,2
245,64,10,9
246,65,18,6
247,65,2,6
248,65,18,22
249,66,1,14
250,66,16,8
251,66,18,22
252,66,22,8
253,67,5,11
254,67,9,11
255,67,20,0
256,67,6,19
257,67,5,19
258,67,0,3
259,68,18,22
260,68,23,21
261,69,23,5
262,69,6,14
263,69,4,17
264,69,11,24
265,69,1,15
266,69,10,0
267,69,20,18
268,70,4,18
269,70,0,14
270,70,23,15
271,71,7,19
272,72,20,16
273,72,0,24
274,73,22,18
275,73,15,3
276,73,16,22
277,73,23,4
278,73,5,18
279,73,1,3
280,74,23,4
281,74,3,18
282,74,13,6
283,74,3,13
284,76,24,13
285,76,7,13
286,76,20,12
287,76,14,6
288,76,13,2
289,77,24,11
290,77,18,7
291,77,8,15
292,77,11,19
293,78,23,3
294,78,11,13
295,78,10,20
296,78,18,11
297,79,0,8
298,79,8,16
299,79,11,3
300,80,21,13
301,81,4,13
302,81,23,3
303,81,2,14
304,81,13,0
305,81,6,4
306,81,20,1
307,82,11,23
308,82,10,17
309,82,17,15
310,83,19,12
311,84,13,21
312,84,13,15
313,85,11,13
314,85,7,13
315,85,12,5
316,85,7,19
317,85,1,7
318,86,4,0
319,86,6,22
320,87,3,10
321,87,20,6
322,87,4,22
323,87,2,9
324,87,8,15
325,87,7,20
326,88,15,11
327,88,9,3
328,88,23,2
329,88,19,23
330,89,23,11
331,89,2,16
332,89,2,17
333,89,11,24
334,90,16,14
335,90,17,0
336,90,2,13
337,90,14,5
338,90,11,22
339,91,20,22
340,91,8,18
341,92,0,9
342,92,24,3
343,92,0,16
344,93,7,9
345,93,18,7
346,93,21,7
347,93,0,14
348,93,10,12
349,94,24,5
350,94,10,7
351,94,20,7
352,94,4,8
353,94,19,3
354,94,0,12
355,94,22,3
356,95,24,9
357,95,5,21
358,95,16,3
359,95,12,8
360,96,2,20
361,96,21,4
362,96,8,14
363,96,23,14
364,97,9,5
365,97,4,16
366,98,22,6
367,98,22,4
368,98,16,2
369,99,13,21
370,99,22,2
371,99,0,17
372,99,11,4
373,100,0,23
374,100,21,12
375,101,9,24
376,101,17,3
377,101,5,3
378,101,6,17
379,101,24,8
380,102,9,5
381,102,11,3
382,102,1,11
383,103,5,7
384,103,3,22
385,103,6,13
386,103,15,0
387,103,19,8
388,104,2,15
389,104,8,16
390,104,20,14
391,105,2,8
392,105,5,18
393,105,7,0
394,105,1,24
395,105,6,24
396,106,24,14
397,107,7,23
398,107,24,1
399,107,3,14
400,107,14,8
401,108,9,23
402,108,10,3
403,109,5,15
404,109,11,1
405,109,9,18
406,109,13,19
407,110,5,21
408,110,14,22
409,110,0,18
410,111,20,16
411,111,18,21
412,111,9,6
413,111,4,20
414,111,16,19
415,111,13,20
416,112,0,13
417,112,3,15
418,112,0,4
419,113,20,7
420,113,24,7
421,114,21,4
422,114,21,1
423,115,5,21
424,115,3,16
425,115,19,8
426,115,15,2
427,116,21,2
428,117,0,19
429,117,14,16
430,117,18,22
431,117,3,24
432,117,2,21
433,117,17,0
434,117,9,6
435,117,17,4
436,117,6,21
437,117,0,6
438,118,6,15
439,118,2,6
440,118,14,24
441,118,11,0
442,119,21,7
443,119,10,23
444,119,10,0
445,119,2,21
446,119,8,20
447,120,19,5
448,120,10,6
449,120,2,24
450,120,22,9
451,120,0,24
452,120,12,4
453,121,2,15
454,121,6,23
455,121,22,3
456,121,13,21
457,121,0,10
458,122,18,12
459,122,7,1
460,123,8,0
461,124,14,12
462,124,7,3
463,124,6,0
464,124,7,16
465,124,5,12
466,125,18,4
467,125,14,24
468,125,6,14
469,125,12,8
470,126,0,18
471,126,19,12
472,127,5,9
473,127,0,22
474,127,8,4
475,127,14,23
476,128,1,16
477,128,7,15
478,128,10,17
479,128,15,22
480,128,7,19
481,128,2,0
482,128,10,23
483,128,15,7
484,128,8,19
485,129,21,17
486,129,23,7
487,129,18,20
488,129,11,24
489,129,15,17
490,129,14,10
491,130,16,9
492,130,9,2
493,130,6,21
494,130,10,21
495,131,22,4
496,132,23,20
497,132,4,21
498,132,16,20
499,132,23,20
500,132,7,9
501,133,18,15
502,133,12,9
503,133,23,19
504,134,21,5
505,134,15,19
506,134,2,8
507,134,16,23
508,134,3,13
509,134,5,21
510,134,3,7
511,134,20,16
512,135,9,11
513,135,22,3
514,135,9,20
515,135,1,4
516,136,24,15
517,136,6,22
518,136,12,22
519,136,3,14
520,136,7,1
521,136,9,12
522,136,15,12
523,136,17,21
524,136,6,20
525,136,24,13
526,137,20,19
527,137,8,15
528,137,13,17
529,137,2,11
530,137,17,1
531,137,3,12
532,137,16,9
533,137,22,11
534,138,4,11
535,138,22,6
536,138,12,16
537,138,1,17
538,138,5,15
539,138,17,11
540,138,13,21
541,138,4,8
542,138,22,3
543,139,20,0
544,141,15,19
545,142,18,14
546,142,15,12
547,142,4,13
548,142,9,18
549,142,11,0
550,143,20,5
551,143,2,0
552,143,17,5
553,143,0,10
554,143,2,12
555,143,11,8
556,143,4,11
557,144,5,19
558,144,7,21
559,144,16,19
560,145,18,10
561,145,1,16
562,145,17,19
563,145,20,6
564,145,7,23
565,146,14,6
566,146,19,23
567,147,2,8
568,147,11,15
569,147,22,5
570,147,16,19
571,147,23,5
572,147,5,23
573,147,16,4
574,148,19,5
575,148,6,10
576,149,3,11
577,149,15,9
578,149,4,1
579,150,2,17
580,150,3,21
581,150,18,4
582,151,13,22
583,151,3,13
584,151,13,16
585,151,23,14
586,151,20,23
587,151,24,9
588,151,6,22
589,152,7,17
590,152,21,8
591,152,23,14
592,153,3,14
593,153,13,11
594,153,4,7
595,153,24,15
596,153,16,2
597,153,10,13
598,153,24,13
599,153,24,10
600,154,21,24
601,154,15,14
602,155,20,9
603,155,12,10
604,156,9,17
605,156,0,4
606,156,3,15
607,156,9,24
608,156,10,24
609,157,21,11
610,157,14,5
611,158,10,3
612,158,7,4
613,158,15,24
614,158,3,10
615,158,23,16
616,158,9,3
617,159,17,6
618,159,3,19
619,159,9,5
620,159,24,14
621,160,12,5
622,160,24,1
623,160,4,7
624,160,24,20
625,160,15,8
626,160,9,0
627,160,10,2
628,160,17,4
629,161,17,23
630,162,18,4
631,162,24,14
632,162,11,21
633,162,24,15
634,162,19,22
635,162,12,8
636,162,11,3
637,163,19,15
638,163,0,3
639,163,4,12
640,164,22,11
641,164,1,15
642,165,11,14
643,165,19,4
644,167,5,21
645,167,2,5
646,167,13,5
647,167,15,12
648,167,13,17
649,167,20,24
650,167,10,21
651,167,2,18
652,167,24,0
653,169,14,11
654,169,21,2
655,170,0,18
656,170,17,6
657,170,16,9
658,171,2,18
659,171,12,20
660,171,22,9
661,171,8,19
662,171,11,13
663,172,1,8
664,172,4,16
665,172,16,13
666,172,7,3
667,173,7,22
668,173,2,4
669,173,2,14
670,174,14,23
671,174,7,5
672,174,24,8
673,174,20,23
674,175,24,0
675,175,21,9
676,175,21,1
677,175,16,0
678,176,10,24
679,176,20,9
680,176,2,6
681,176,8,18
682,176,20,18
683,177,8,19
684,177,4,7
685,177,11,7
686,177,3,6
687,178,2,4
688,178,3,10
689,179,22,16
690,179,19,4
691,180,7,22
692,180,22,0
693,180,2,10
694,180,0,22
695,181,3,1
696,181,24,10
697,181,6,16
698,182,2,11
699,182,24,16
700,182,0,12
701,183,4,5
702,183,5,17
703,183,18,1
704,183,15,3
705,184,8,21
706,184,20,19
707,184,19,1
708,184,20,9
709,184,18,2
710,185,21,11
711,185,22,8
712,186,0,9
713,186,20,19
714,186,22,24
715,186,19,8
716,186,9,16
717,186,7,23
718,187,13,10
719,187,4,13
720,187,19,12
721,188,4,20
722,188,13,16
723,188,19,15
724,188,8,4
725,188,2,16
726,189,18,8
727,189,20,11
728,190,1,22
729,190,3,12
730,190,16,2
731,190,9,15
732,191,16,5
733,191,4,23
734,192,0,16
735,192,13,11
736,192,1,24
737,193,0,8
738,193,19,10
739,195,0,14
740,195,11,13
741,195,20,12
742,195,0,19
743,195,5,15
744,196,21,8
745,196,11,22
746,196,21,10
747,197,15,14
748,197,10,14
749,197,15,3
750,197,17,10
751,198,14,12
752,198,4,5
753,198,22,20
754,199,22,18
755,199,0,7
756,199,23,20
757,199,21,13
758,199,9,3
759,199,18,24
760,199,21,5
761,200,13,10
762,200,9,15
763,200,4,0
764,201,0,15
765,201,0,12
766,201,11,18
767,201,24,18
768,201,7,1
769,201,10,24
770,202,22,18
771,202,1,23
772,202,18,15
773,202,9,2
774,202,3,12
775,203,11,0
776,204,24,9
777,204,22,3
778,204,9,5
779,204,24,2
780,205,4,7
781,205,18,0
782,205,17,1
783,206,0,6
784,206,22,16
785,206,3,1
786,206,15,2
787,206,23,19
788,207,4,7
789,207,13,23
790,207,8,16
791,207,3,9
792,207,3,19
793,207,7,19
794,207,19,22
795,208,4,19
796,208,23,16
797,208,13,9
798,208,8,23
799,208,2,15
800,208,7,21
801,209,20,13
802,209,15,12
803,210,16,13
804,210,8,20
805,210,18,1
806,210,6,8
807,211,21,11
808,211,19,15
809,211,12,6
810,211,8,2
811,211,17,6
812,211,12,22
813,212,4,24
814,212,13,19
815,212,24,12
816,212,12,24
817,212,15,2
818,213,7,17
819,213,8,12
820,213,9,3
821,214,12,22
822,214,8,0
823,214,24,12
824,215,17,14
825,215,18,24
826,216,7,14
827,216,4,2
828,216,1,24
829,216,11,9
830,216,14,20
831,217,9,13
832,217,12,3
833,218,1,9
834,218,24,16
835,219,21,9
836,220,22,7
837,220,5,9
838,221,22,13
839,221,22,15
840,221,0,17
841,221,24,1
842,221,6,16
843,221,9,6
844,221,24,8
845,222,0,13
846,222,24,3
847,222,11,21
848,222,23,19
849,222,14,16
850,222,21,11
851,223,11,24
852,223,7,10
853,223,21,2
854,223,15,1
855,223,0,22
856,223,23,2
857,224,20,19
858,224,24,18
859,224,4,8
860,224,20,2
861,224,19,21
862,225,5,15
863,225,5,21
864,225,5,14
865,225,2,19
866,226,9,0
867,226,8,14
868,226,12,5
869,226,16,23
870,226,15,18
871,226,5,7
872,227,21,7
873,227,2,11
874,228,8,17
875,229,24,17
876,229,20,23
877,229,18,8
878,229,12,20
879,229,17,20
880,230,22,2
881,230,3,17
882,230,24,21
883,230,13,16
884,230,18,11
885,231,12,22
886,231,8,21
887,231,23,11
888,232,2,0
889,232,2,19
890,232,9,13
891,232,1,14
892,232,17,0
893,232,16,12
894,232,24,17
895,232,8,23
896,233,18,15
897,234,14,22
898,235,0,10
899,235,15,21
900,235,19,2
901,236,0,15
902,236,14,22
903,236,17,20
904,236,0,8
905,237,0,22
906,237,20,16
907,237,22,20
908,237,4,5
909,237,13,3
910,237,22,3
911,237,22,5
912,238,18,20
913,238,15,6
914,238,17,10
915,238,10,20
916,238,15,8
917,238,1,7
918,238,16,5
919,238,6,16
920,239,12,3
921,239,23,5
922,239,13,20
923,239,1,11
924,239,3,22
925,240,17,14
926,240,11,7
927,240,9,6
928,240,11,14
929,240,5,11
930,240,4,14
931,241,11,7
932,242,20,9
933,242,11,5
934,242,1,21
935,242,17,0
936,242,22,1
937,242,4,21
938,242,4,11
939,243,8,22
940,243,15,0
941,244,12,23
942,244,8,2
943,244,5,13
944,245,24,6
945,245,24,8
946,245,13,24
947,246,7,16
948,246,0,12
949,246,7,19
950,246,20,24
951,246,17,3
952,247,5,16
953,247,5,19
954,247,24,18
955,248,4,10
956,248,2,17
957,248,21,17
958,249,15,5
959,249,1,19
960,249,16,1
961,251,24,15
962,251,3,16
963,252,7,23
964,252,15,6
965,252,23,20
966,252,23,5
967,253,24,2
968,253,19,9
969,253,16,4
970,254,5,11
971,254,4,8
972,255,10,6
973,255,10,16
974,255,6,15
975,255,5,13
976,255,20,23
977,255,5,17
978,255,7,23
979,255,0,14
980,256,8,6
981,256,0,7
982,256,8,16
983,256,12,1
984,256,4,23
985,256,21,6
986,257,4,6
987,257,24,3
988,257,12,9
989,257,1,16
990,257,6,22
991,257,12,23
992,258,0,22
993,258,10,18
994,258,8,19
995,260,24,8
996,260,9,18
997,260,13,20
998,260,24,12
999,260,7,14
1000,260,3,13
1001,260,3,11
1002,260,21,12
1003,261,23,21
1004,261,24,1
1005,261,23,14
1006,261,5,23
1007,261,4,21
1008,261,6,4
1009,261,21,13
1010,262,8,5
1011,262,9,12
1012,262,7,5
1013,263,12,20
1014,263,10,4
1015,263,18,16
1016,263,8,10
1017,263,6,21
1018,264,10,21
1019,264,11,24
1020,264,19,8
1021,264,0,2
1022,265,5,7
1023,265,5,11
1024,266,8,14
1025,266,8,11
1026,266,2,24
1027,267,4,21
1028,267,13,24
1029,267,12,18
1030,268,17,8
1031,268,15,21
1032,269,1,3
1033,269,12,3
1034,270,24,6
1035,270,23,16
1036,270,19,1
1037,270,8,0
1038,270,5,12
1039,271,18,5
1040,272,16,1
1041,272,23,0
1042,273,6,3
1043,273,1,8
1044,273,1,22
1045,273,5,17
1046,273,20,4
1047,273,5,1
1048,273,15,21
1049,274,7,24
1050,274,22,20
1051,274,5,14
1052,274,19,16
1053,275,14,24
1054,275,6,13
1055,275,2,21
1056,276,21,18
1057,276,0,10
1058,276,4,24
1059,276,24,22
1060,276,6,10
1061,277,5,11
1062,277,20,18
1063,277,14,7
1064,278,3,17
1065,278,22,8
1066,278,7,3
1067,278,7,19
1068,278,6,24
1069,278,23,11
1070,278,19,5
1071,279,6,23
1072,279,24,10
1073,279,13,10
1074,279,21,5
1075,279,20,13
1076,279,17,6
1077,279,20,10
1078,280,2,19
1079,280,0,11
1080,281,19,20
1081,281,1,13
1082,281,17,8
1083,282,8,19
1084,282,14,17
1085,282,23,19
1086,283,6,9
1087,283,22,2
1088,283,3,16
1089,283,19,7
1090,283,20,12
1091,284,10,14
1092,284,11,22
1093,284,7,24
1094,284,3,14
1095,284,9,15
1096,284,3,0
1097,285,19,23
1098,285,23,4
1099,285,2,19
1100,285,24,15
1101,286,0,8
1102,287,17,2
1103,288,19,7
1104,288,21,17
1105,288,19,5
1106,288,18,24
1107,288,23,20
1108,288,7,15
1109,289,12,15
1110,289,1,17
1111,289,13,9
1112,290,13,1
1113,290,24,20
1114,290,15,2
1115,290,21,15
1116,290,1,10
1117,291,10,21
1118,291,0,20
1119,291,15,3
1120,292,2,20
1121,292,2,17
1122,292,21,10
1123,292,10,7
1124,292,15,9
1125,292,16,9
1126,293,23,0
1127,293,13,0
1128,293,15,11
1129,293,11,18
1130,294,13,3
1131,294,16,1
1132,295,21,11
1133,295,10,18
1134,295,18,0
1135,296,3,9
1136,296,8,23
1137,296,2,24
1138,296,14,4
1139,297,13,22
1140,297,0,21
1141,297,3,23
1142,298,4,1
1143,298,2,10
1144,298,13,1
1145,298,3,12
1146,298,17,11
1147,298,0,21
1148,298,20,19
1149,299,4,12
1150,299,22,12
1151,299,16,5
1152,300,14,1
1153,300,9,7
1154,300,6,2
1155,300,12,6
1156,300,15,14
1157,300,22,2
1158,301,4,17
1159,301,18,24
1160,301,14,21
1161,301,0,19
1162,302,14,12
1163,302,10,4
1164,302,3,7
1165,302,9,11
1166,302,2,10
1167,302,16,12
1168,302,24,1
1169,304,7,16
1170,304,18,12
1171,305,12,19
1172,305,8,10
1173,305,19,12
1174,305,2,6
1175,305,13,22
1176,305,0,20
1177,306,21,23
1178,306,17,2
1179,307,21,15
1180,307,15,0
1181,307,19,4
1182,308,22,10
1183,308,24,0
1184,308,7,21
1185,309,1,14
1186,309,5,21
1187,309,14,21
1188,309,23,6
1189,309,18,4
1190,310,13,10
1191,310,9,23
1192,310,3,11
1193,311,20,5
1194,311,4,7
1195,311,17,0
1196,311,2,4
1197,312,4,23
1198,312,10,0
1199,313,17,10
1200,313,0,3
1201,313,9,16
1202,313,21,5
1203,313,24,11
1204,314,7,10
1205,314,10,3
1206,314,2,8
1207,314,14,5
1208,315,16,4
1209,315,13,6
1210,315,21,5
1211,316,13,5
1212,316,22,3
1213,316,4,0
1214,316,2,6
1215,316,8,22
1216,316,13,0
1217,317,14,4
1218,317,8,12
1219,317,14,17
1220,317,7,13
1221,317,21,0
1222,317,15,19
1223,317,14,6
1224,317,5,9
1225,317,15,24
1226,317,22,5
1227,317,14,17
1228,318,6,13
1229,318,5,8
1230,318,18,3
1231,318,14,7
1232,319,20,11
1233,319,19,12
1234,319,0,2
1235,319,8,21
1236,319,0,7
1237,320,13,24
1238,320,4,24
1239,321,0,7
1240,321,22,7
1241,322,9,20
1242,322,18,8
1243,322,12,16
1244,323,10,3
1245,323,14,10
1246,324,8,4
1247,324,11,13
1248,324,3,16
1249,324,8,16
1250,324,0,19
1251,324,12,2
1252,324,0,16
1253,325,1,13
1254,325,15,7
1255,325,24,12
1256,325,14,2
1257,325,2,12
1258,326,2,6
1259,327,13,17
1260,327,10,8
1261,327,19,2
1262,327,6,10
1263,327,22,16
1264,328,5,1
1265,328,0,11
1266,328,3,16
1267,328,8,18
1268,328,19,13
1269,328,4,7
1270,328,17,14
1271,328,15,7
1272,329,11,4
1273,329,0,4
1274,329,17,14
1275,330,10,17
1276,330,1,20
1277,330,4,1
1278,330,21,24
1279,330,9,13
1280,331,5,12
1281,331,24,0
1282,332,1,10
1283,332,17,21
1284,332,16,12
1285,332,24,21
1286,332,5,7
1287,333,12,20
1288,333,17,19
1289,333,10,23
1290,334,3,12
1291,335,14,16
1292,335,23,16
1293,335,0,15
1294,335,5,16
1295,335,17,19
1296,335,19,0
1297,335,13,4
1298,335,5,8
1299,335,16,4
1300,336,0,6
1301,336,22,14
1302,336,7,22
1303,337,21,1
1304,337,10,8
1305,337,3,13
1306,337,11,3
1307,337,14,21
1308,337,3,0
1309,338,11,13
1310,338,18,12
1311,338,9,11
1312,340,5,17
1313,340,19,13
1314,340,23,20
1315,340,20,7
1316,340,10,9
1317,340,15,3
1318,341,16,2
1319,341,16,24
1320,341,2,22
1321,341,20,4
1322,341,4,22
1323,341,11,7
1324,342,5,22
1325,342,19,7
1326,342,2,21
1327,343,2,20
1328,343,20,6
1329,343,15,21
1330,343,7,10
1331,343,21,3
1332,344,4,7
1333,344,8,24
1334,344,24,17
1335,344,19,6
1336,344,11,0
1337,344,12,19
1338,344,16,2
1339,344,24,17
1340,344,19,17
1341,345,22,11
1342,345,9,17
1343,345,13,6
1344,345,8,18
1345,346,16,13
1346,346,14,0
1347,346,3,10
1348,347,5,18
1349,347,7,18
1350,347,16,3
1351,347,18,20
1352,347,5,3
1353,347,20,22
1354,347,24,0
1355,347,15,8
1356,347,2,14
1357,347,1,20
1358,348,14,24
1359,348,24,18
1360,348,7,18
1361,348,11,24
1362,348,10,12
1363,348,14,2
1364,349,22,16
1365,349,1,22
1366,349,23,13
1367,349,8,24
1368,349,1,13
1369,350,12,10
1370,350,22,10
1371,350,1,18
1372,350,7,1
1373,350,18,16
1374,351,0,7
1375,351,0,2
1376,351,7,10
1377,351,15,17
1378,351,19,1
1379,351,24,22
1380,351,20,19
1381,351,14,6
1382,352,15,2
1383,352,2,20
1384,352,9,19
1385,353,3,16
1386,353,15,11
1387,353,15,13
1388,353,12,8
1389,353,20,23
1390,353,12,9
1391,354,10,22
1392,354,22,24
1393,354,23,2
1394,354,23,10
1395,354,3,23
1396,354,18,20
1397,355,8,1
1398,355,2,18
1399,355,3,12
1400,356,12,22
1401,356,20,6
1402,357,6,20
1403,357,17,24
1404,357,21,19
1405,357,9,3
1406,357,24,12
1407,358,19,20
1408,358,1,8
1409,359,8,10
1410,359,4,23
1411,359,15,4
1412,360,6,17
1413,360,15,18
1414,360,11,22
1415,360,23,15
1416,361,4,7
1417,361,4,17
1418,362,20,16
1419,362,22,18
1420,362,12,3
1421,362,4,5
1422,362,22,12
1423,362,11,7
1424,363,4,10
1425,363,21,3
1426,363,9,20
1427,363,0,14
1428,364,5,13
1429,364,14,7
1430,365,20,1
1431,365,18,6
1432,365,14,24
1433,365,18,24
1434,365,8,19
1435,365,19,0
1436,365,14,1
1437,366,19,10
1438,366,10,3
1439,367,23,0
1440,367,23,13
1441,367,6,23
1442,367,11,5
1443,368,6,20
1444,369,4,12
1445,369,24,20
1446,369,22,8
1447,369,12,1
1448,369,22,12
1449,370,13,4
1450,370,23,7
1451,370,13,11
1452,370,5,8
1453,370,4,14
1454,370,2,5
1455,371,14,11
1456,371,9,12
1457,371,12,16
1458,371,0,16
1459,372,16,14
1460,372,9,13
1461,372,13,3
1462,372,19,7
1463,372,6,17
1464,372,22,4
1465,372,9,6
1466,372,6,23
1467,373,2,4
1468,373,20,6
1469,373,13,2
1470,373,15,6
1471,373,24,14
1472,374,18,22
1473,374,5,17
1474,374,16,18
1475,375,8,0
1476,375,21,15
1477,376,2,16
1478,376,14,24
1479,376,24,11
1480,376,4,16
1481,376,6,3
1482,377,20,13
1483,377,8,16
1484,377,24,2
1485,377,20,10
1486,377,12,23
1487,377,5,9
1488,377,10,8
1489,378,9,10
1490,378,8,6
1491,378,4,19
1492,378,7,20
1493,378,16,8
1494,378,23,4
1495,379,15,7
1496,379,12,18
1497,379,11,8
1498,379,14,11
1499,380,7,11
1500,380,21,3
1501,380,4,22
1502,380,16,7
1503,381,11,18
1504,381,10,20
1505,382,17,3
1506,382,21,6
1507,382,1,21
1508,383,12,20
1509,383,3,14
1510,383,11,0
1511,384,24,14
1512,385,8,16
1513,385,6,8
1514,385,1,8
1515,386,21,9
1516,386,6,21
1517,386,18,11
1518,386,11,18
1519,387,3,18
1520,387,9,10
1521,387,18,5
1522,388,0,22
1523,388,20,16
1524,388,13,7
1525,389,7,4
1526,389,23,16
1527,390,7,10
1528,390,22,9
1529,391,23,11
1530,391,17,20
1531,391,6,18
1532,391,0,16
1533,391,16,24
1534,391,14,21
1535,391,23,0
1536,392,10,1
1537,392,2,23
1538,392,2,9
1539,392,19,7
1540,392,9,0
1541,393,18,12
1542,393,4,11
1543,393,7,15
1544,393,19,0
1545,394,23,10
1546,394,19,6
1547,395,11,15
1548,395,21,17
1549,395,1,5
1550,396,18,21
1551,396,20,17
1552,397,16,8
1553,397,15,6
1554,397,10,20
1555,398,12,14
1556,398,24,1
1557,398,19,5
1558,399,24,18
1559,399,11,1
1560,399,13,21
1561,399,19,20
1562,399,23,11
1563,400,11,22
1564,400,0,18
1565,400,21,10
1566,400,8,0
1567,400,18,2
1568,400,4,19
1569,400,9,0
1570,401,6,15
1571,401,0,4
1572,401,21,6
1573,402,4,23
1574,402,7,9
1575,402,18,4
1576,402,9,11
1577,402,24,1
1578,403,20,13
1579,403,21,4
1580,404,12,2
1581,404,13,6
1582,404,18,14
1583,404,13,20
1584,405,16,22
1585,405,5,14
1586,406,1,24
1587,406,3,13
1588,406,10,19
1589,406,6,9
1590,407,24,4
1591,407,20,10
1592,407,19,22
1593,408,13,15
1594,408,22,5
1595,409,24,2
1596,409,3,18
1597,409,24,2
1598,409,9,7
1599,409,23,17
1600,409,5,8
1601,409,21,15
1602,409,24,3
1603,410,22,1
1604,410,1,12
1605,410,1,24
1606,410,17,24
1607,410,18,22
1608,410,21,1
1609,411,20,14
1610,411,14,12
1611,411,24,15
1612,411,1,8
1613,412,17,2
1614,412,23,19
1615,413,11,4
1616,413,17,6
1617,413,19,8
1618,413,24,21
1619,413,8,24
1620,413,5,23
1621,414,4,0
1622,414,11,13
1623,414,13,11
1624,415,1,19
1625,415,0,12
1626,415,22,6
1627,415,10,7
1628,415,5,11
1629,415,10,21
1630,415,18,6
1631,416,8,24
1632,416,0,13
1633,417,10,9
1634,417,19,4
1635,417,24,8
1636,417,2,11
1637,417,17,21
1638,418,5,7
1639,418,7,5
1640,418,20,24
1641,418,15,14
1642,418,19,10
1643,418,11,9
1644,419,20,5
1645,419,19,21
1646,419,18,9
1647,419,15,8
1648,420,20,1
1649,420,1,13
1650,421,22,13
1651,421,8,15
1652,421,11,4
1653,422,15,9
1654,422,24,7
1655,422,24,10
1656,422,23,1
1657,423,23,4
1658,423,18,7
1659,423,24,16
1660,423,11,23
1661,423,7,0
1662,423,7,11
1663,423,1,24
1664,423,16,22
1665,424,22,1
1666,424,7,0
1667,424,5,16
1668,424,9,5
1669,424,20,12
1670,425,3,10
1671,425,7,13
1672,425,5,4
1673,425,3,23
1674,426,18,4
1675,426,13,17
1676,426,7,3
1677,426,13,9
1678,427,24,20
1679,427,20,8
1680,428,4,6
1681,428,0,21
1682,429,8,17
1683,429,12,20
1684,429,4,18
1685,429,22,19
1686,430,20,12
1687,430,23,10
1688,431,1,21
1689,431,5,7
1690,431,6,14
1691,432,11,24
1692,432,16,9
1693,432,2,14
1694,432,20,4
1695,432,20,11
1696,433,13,23
1697,433,22,15
1698,433,19,22
1699,434,23,7
1700,434,8,2
1701,434,22,11
1702,434,3,13
1703,434,0,18
1704,435,6,0
1705,435,18,22
1706,435,19,11
1707,436,1,15
1708,436,8,23
1709,436,0,7
1710,437,7,9
1711,437,0,8
1712,437,21,2
1713,438,16,14
1714,438,20,4
1715,438,12,19
1716,438,12,0
1717,438,8,20
1718,438,13,4
1719,438,20,4
1720,438,5,9
1721,439,5,13
1722,439,24,0
1723,439,22,8
1724,439,10,16
1725,439,7,15
1726,439,1,12
1727,439,7,13
1728,439,20,1
1729,439,12,8
1730,439,12,5
1731,439,11,8
1732,441,4,17
1733,441,1,5
1734,441,13,17
1735,441,2,11
1736,441,13,22
1737,441,18,14
1738,442,4,11
1739,442,0,22
1740,443,24,17
1741,443,5,19
1742,443,3,22
1743,443,17,3
1744,443,4,23
1745,444,21,7
1746,444,3,19
1747,444,18,14
1748,444,3,20
1749,445,8,5
1750,445,5,7
1751,446,23,20
1752,446,8,11
1753,447,0,14
1754,447,24,8
1755,447,23,1
1756,447,11,1
1757,447,17,1
1758,447,0,8
1759,448,15,8
1760,448,4,0
1761,449,14,4
1762,449,7,0
1763,449,18,5
1764,449,7,16
1765,450,8,20
1766,450,15,2
1767,450,12,24
1768,450,24,12
1769,450,18,16
1770,450,11,7
1771,451,10,0
1772,451,17,14
1773,451,22,24
1774,451,20,14
1775,451,16,0
1776,451,2,23
1777,452,13,19
1778,452,7,18
1779,452,5,1
1780,453,10,8
1781,453,19,5
1782,453,16,19
1783,454,11,20
1784,454,18,22
1785,455,11,5
1786,455,16,3
1787,455,16,10
1788,455,22,6
1789,455,13,20
1790,456,21,13
1791,456,20,22
1792,456,23,13
1793,456,1,16
1794,456,21,2
1795,457,12,9
1796,457,15,9
1797,457,1,16
1798,458,13,21
1799,458,15,5
1800,458,2,22
1801,458,11,0
1802,458,16,24
1803,459,18,20
1804,459,11,7
1805,459,20,12
1806,459,24,7
1807,459,11,0
1808,459,21,4
1809,459,17,5
1810,460,8,19
1811,460,8,17
1812,460,6,13
1813,461,8,22
1814,461,7,9
1815,461,23,15
1816,461,0,8
1817,462,24,10
1818,462,11,18
1819,462,17,0
1820,462,6,21
1821,462,6,21
1822,463,22,1
1823,463,22,15
1824,463,3,20
1825,465,14,8
1826,466,10,6
1827,466,11,22
1828,466,15,1
1829,466,14,21
1830,467,10,8
1831,467,20,1
1832,467,16,22
1833,467,15,12
1834,467,13,16
1835,468,15,12
1836,468,14,12
1837,469,0,4
1838,469,2,14
1839,469,20,0
1840,469,1,3
1841,469,16,23
1842,469,4,14
1843,469,17,8
1844,470,15,21
1845,470,11,2
1846,470,7,19
1847,470,23,15
1848,470,2,21
1849,470,18,22
1850,470,11,22
1851,470,16,4
1852,471,6,18
1853,472,21,18
1854,472,1,16
1855,472,0,15
1856,472,23,13
1857,473,13,0
1858,474,23,2
1859,474,11,2
1860,474,2,22
1861,474,19,5
1862,474,11,2
1863,474,7,10
1864,475,8,24
1865,475,18,22
1866,475,23,0
1867,475,18,6
1868,476,15,24
1869,476,21,4
1870,476,18,5
1871,477,15,9
1872,477,17,3
1873,478,23,12
1874,479,12,24
1875,479,13,20
1876,480,17,9
1877,481,23,6
1878,481,5,15
1879,481,8,18
1880,482,24,0
1881,482,20,9
1882,482,23,4
1883,482,16,8
1884,482,5,21
1885,483,9,22
1886,483,21,23
1887,483,4,21
1888,484,17,14
1889,484,15,24
1890,484,10,2
1891,485,2,13
1892,485,14,16
1893,486,0,23
1894,486,2,20
1895,486,5,8
1896,487,22,19
1897,487,6,20
1898,487,13,24
1899,487,12,1
1900,487,18,4
1901,488,4,1
1902,488,14,5
1903,488,4,23
1904,489,19,10
1905,489,12,10
1906,489,10,24
1907,489,7,20
1908,489,20,23
1909,490,9,0
1910,491,14,23
1911,491,15,5
1912,491,23,1
1913,491,20,9
1914,491,24,11
1915,491,12,14
1916,492,15,3
1917,493,24,11
1918,494,5,19
1919,494,15,11
1920,494,8,18
1921,494,13,5
1922,494,3,12
1923,495,2,13
1924,495,1,24
1925,495,5,15
1926,495,18,9
1927,496,16,2
1928,496,2,16
1929,497,21,5
1930,497,7,5
1931,497,3,9
1932,497,1,7
1933,497,7,24
1934,497,0,8
1935,498,3,24
1936,499,22,6
1937,499,0,16
1938,499,2,23
1939,500,23,16
1940,500,20,12
1941,501,1,17
1942,501,16,4
1943,501,24,8
1944,502,9,12
1945,502,24,12
1946,502,20,13
1947,502,23,1
1948,502,7,24
1949,502,11,1
1950,503,13,16
1951,503,1,21
1952,504,11,9
1953,504,20,4
1954,504,23,21
1955,504,6,13
1956,504,14,3
1957,504,6,2
1958,505,5,3
1959,505,1,4
1960,505,10,6
1961,506,12,0
1962,506,24,8
1963,506,19,21
1964,506,5,15
1965,507,22,15
1966,507,22,11
1967,508,5,1
1968,508,1,14
1969,508,18,22
1970,508,18,22
1971,509,21,23
1972,509,20,5
1973,509,6,12
1974,509,13,0
1975,510,11,2
1976,511,15,18
1977,511,11,20
1978,511,5,4
1979,512,5,17
1980,512,12,18
1981,512,22,7
1982,512,11,24
1983,512,18,8
1984,513,2,18
1985,513,5,2
1986,513,16,3
1987,513,10,20
1988,514,20,4
1989,514,13,5
1990,514,18,3
1991,514,11,13
1992,515,15,2
1993,515,4,24
1994,515,8,6
1995,515,7,24
1996,515,3,7
1997,516,5,13
1998,516,10,4
1999,516,11,24
2000,516,4,5
2001,517,3,1
2002,517,3,15
2003,517,3,15
2004,518,21,18
2005,518,13,17
2006,518,1,20
2007,519,6,21
2008,519,5,16
2009,519,1,13
2010,520,24,5
2011,521,3,20
2012,521,8,17
2013,521,23,1
2014,521,2,12
2015,521,15,19
2016,522,4,19
2017,522,9,11
2018,522,7,1
2019,522,20,2
2020,523,10,2
2021,523,4,21
2022,523,17,8
2023,524,2,11
2024,524,21,15
2025,524,18,16
2026,525,24,11
2027,525,0,15
2028,525,9,19
2029,525,5,13
2030,527,10,0
2031,527,18,1
2032,527,5,17
2033,527,20,12
2034,527,23,12
2035,528,16,6
2036,528,10,0
2037,528,15,13
2038,528,4,24
2039,528,20,5
2040,529,6,14
2041,529,11,15
2042,529,17,13
2043,530,20,16
2044,530,22,7
2045,530,3,6
2046,531,2,13
2047,531,11,20
2048,531,13,0
2049,532,20,4
2050,532,5,3
2051,532,11,15
2052,532,13,23
2053,532,9,22
2054,533,4,7
2055,533,19,16
2056,533,17,9
2057,533,11,7
2058,533,20,22
2059,533,12,9
2060,533,24,20
2061,534,24,13
2062,534,1,15
2063,534,22,8
2064,534,16,23
2065,534,6,15
2066,535,7,9
2067,535,2,15
2068,535,8,19
2069,535,10,16
2070,536,7,1
2071,536,9,18
2072,536,12,6
2073,536,21,24
2074,536,7,15
2075,537,4,6
2076,537,7,3
2077,537,3,14
2078,537,13,0
2079,537,21,14
2080,538,19,12
2081,538,0,17
2082,538,14,1
2083,538,10,18
2084,538,20,9
2085,539,8,22
2086,539,2,21
2087,539,9,0
2088,539,19,13
2089,540,4,6
2090,540,2,18
2091,540,3,13
2092,540,19,13
2093,540,6,10
2094,541,0,4
2095,541,2,6
2096,541,24,16
2097,541,21,23
2098,541,21,4
2099,542,0,22
2100,542,23,6
2101,542,5,7
2102,542,21,11
2103,543,14,0
2104,543,14,4
2105,543,17,8
2106,544,22,6
2107,544,18,24
2108,544,12,10
2109,545,13,7
2110,545,22,18
2111,545,2,10
2112,545,9,13
2113,545,6,24
2114,546,9,13
2115,546,24,11
2116,546,8,20
2117,546,5,7
2118,546,17,8
2119,546,16,7
2120,546,2,19
2121,546,7,17
2122,547,23,12
2123,547,14,6
2124,547,20,13
2125,547,13,15
2126,548,23,15
2127,548,5,24
2128,548,10,14
2129,549,2,5
2130,549,19,12
2131,549,24,16
2132,549,15,11
2133,549,0,23
2134,549,23,19
2135,550,10,8
2136,550,21,17
2137,550,16,4
2138,551,1,7
2139,551,11,13
2140,551,17,3
2141,551,7,23
2142,552,13,7
2143,552,13,4
2144,552,13,10
2145,552,0,3
2146,552,12,20
2147,552,16,23
2148,552,8,12
2149,552,10,3
2150,553,3,17
2151,553,18,10
2152,553,4,5
2153,553,8,11
2154,554,2,23
2155,554,3,7
2156,555,10,20
2157,555,7,10
2158,555,24,21
2159,555,22,0
2160,555,16,19
2161,555,23,8
2162,555,4,17
2163,556,21,9
2164,556,6,20
2165,556,17,6
2166,556,17,20
2167,556,15,0
2168,556,15,18
2169,556,8,6
2170,556,24,0
2171,557,23,7
2172,557,10,24
2173,558,8,19
2174,558,24,18
2175,558,15,7
2176,558,1,4
2177,559,12,2
2178,559,11,23
2179,560,19,1
2180,560,16,4
2181,560,23,19
2182,560,24,6
2183,560,11,13
2184,560,5,16
2185,560,15,6
2186,560,3,21
2187,561,8,10
2188,561,15,2
2189,561,17,14
2190,561,7,9
2191,561,0,2
2192,561,15,1
2193,562,17,23
2194,563,13,1
2195,563,8,6
2196,564,11,1
2197,564,4,14
2198,564,19,4
2199,565,20,5
2200,565,13,24
2201,565,3,21
2202,565,18,20
2203,566,14,16
2204,566,4,8
2205,566,15,21
2206,566,15,18
2207,566,4,5
2208,566,24,12
2209,566,4,13
2210,566,21,13
2211,567,15,4
2212,567,13,22
2213,567,21,7
2214,567,9,24
2215,567,3,14
2216,567,8,12
2217,568,18,20
2218,568,20,6
2219,568,9,2
2220,569,13,6
2221,569,3,17
2222,570,0,12
2223,571,15,7
2224,571,7,21
2225,571,10,1
2226,572,12,0
2227,572,8,14
2228,572,24,9
2229,573,19,5
2230,573,3,12
2231,573,1,17
2232,573,22,16
2233,573,23,12
2234,574,9,19
2235,574,1,9
2236,574,13,17
2237,574,19,1
2238,574,15,9
2239,574,22,16
2240,574,1,20
2241,574,6,15
2242,575,18,0
2243,575,8,18
2244,575,23,16
2245,575,15,13
2246,576,14,0
2247,576,17,2
2248,576,6,0
2249,577,0,4
2250,577,2,8
2251,578,19,0
2252,578,14,5
2253,578,4,22
2254,579,9,24
2255,579,2,22
2256,580,23,2
2257,580,0,15
2258,581,18,21
2259,581,9,20
2260,581,3,17
2261,581,1,12
2262,581,6,17
2263,582,17,7
2264,582,4,2
2265,582,17,14
2266,582,21,11
2267,583,23,11
2268,583,9,12
2269,583,13,5
2270,584,9,19
2271,584,21,5
2272,584,22,20
2273,584,18,11
2274,584,2,12
2275,584,8,2
2276,585,2,19
2277,585,24,12
2278,585,3,0
2279,586,11,13
2280,586,12,2
2281,586,4,11
2282,586,5,4
2283,586,14,6
2284,586,19,0
2285,587,9,5
2286,587,19,7
2287,587,7,4
2288,587,5,21
2289,587,18,12
2290,587,15,18
2291,587,5,12
2292,587,22,24
2293,588,9,16
2294,588,19,22
2295,588,9,2
2296,588,5,7
2297,588,5,14
2298,588,23,2
2299,589,14,15
2300,589,17,13
2301,589,18,22
2302,589,8,10
2303,589,15,2
2304,589,2,21
2305,589,14,24
2306,590,0,22
2307,590,18,14
2308,590,6,24
2309,590,6,8
2310,590,24,17
2311,591,19,13
2312,591,24,5
2313,591,11,22
2314,592,10,19
2315,592,13,5
2316,592,23,9
2317,592,5,18
2318,592,14,16
2319,592,23,17
2320,592,4,17
2321,592,8,10
2322,592,0,24
2323,593,12,4
2324,593,16,24
2325,593,14,5
2326,594,0,18
2327,594,23,21
2328,594,5,21
2329,595,19,12
2330,595,10,3
2331,595,22,9
2332,595,21,12
2333,596,3,7
2334,596,3,18
2335,597,13,10
2336,597,3,19
2337,599,18,0
2338,599,0,3
2339,599,12,0
2340,599,5,15
2341,599,13,4
2342,599,13,0
2343,600,1,18
2344,600,21,14
2345,600,1,22
2346,600,0,8
2347,600,16,19
2348,601,24,6
2349,601,3,5
2350,601,3,10
2351,602,3,20
2352,602,6,0
2353,602,20,24
2354,603,3,5
2355,604,18,1
2356,604,1,12
2357,604,14,6
2358,605,21,6
2359,605,20,17
2360,605,6,8
2361,605,4,16
2362,605,8,10
2363,606,15,7
2364,606,2,6
2365,606,14,1
2366,606,1,18
2367,606,1,14
2368,607,22,20
2369,607,12,4
2370,607,20,12
2371,607,5,2
2372,607,10,16
2373,607,24,1
2374,607,0,11
2375,607,23,17
2376,608,23,4
2377,608,24,7
2378,608,15,12
2379,609,9,6
2380,609,13,4
2381,609,20,7
2382,609,12,3
2383,610,11,9
2384,610,19,4
2385,610,0,18
2386,610,20,18
2387,610,1,7
2388,610,17,10
2389,610,19,10
2390,611,23,6
2391,612,2,22
2392,612,20,17
2393,613,20,13
2394,614,12,0
2395,614,22,18
2396,615,24,12
2397,615,14,0
2398,615,8,10
2399,616,6,17
2400,616,2,16
2401,616,11,21
2402,617,21,4
2403,617,9,7
2404,617,8,15
2405,617,6,15
2406,617,11,7
2407,618,11,19
2408,618,20,16
2409,618,20,11
2410,618,18,16
2411,618,14,6
2412,618,1,20
2413,619,14,12
2414,619,19,12
2415,619,11,18
2416,619,1,20
2417,620,15,2
2418,620,18,8
2419,620,1,4
2420,620,11,14
2421,620,5,16
2422,620,15,24
2423,620,9,18
2424,620,15,12
2425,621,15,21
2426,621,13,17
2427,621,9,7
2428,621,20,14
2429,621,0,21
2430,622,11,19
2431,622,18,20
2432,622,18,11
2433,622,21,8
2434,623,20,2
2435,623,21,1
2436,623,13,10
2437,623,1,19
2438,623,10,8
2439,623,4,12
2440,623,3,5
2441,624,0,9
2442,624,19,3
2443,624,24,9
2444,624,0,2
2445,624,19,17
2446,624,22,15
2447,624,12,20
2448,625,0,3
2449,625,23,8
2450,625,12,9
2451,626,3,12
2452,626,11,4
2453,626,11,17
2454,626,22,8
2455,626,7,19
2456,626,22,20
2457,627,1,4
2458,627,17,1
2459,627,2,8
2460,627,23,20
2461,627,5,14
2462,627,19,13
2463,628,5,14
2464,628,17,14
2465,628,15,23
2466,628,2,9
2467,628,21,18
2468,628,7,21
2469,628,24,7
2470,628,13,20
2471,628,19,9
2472,629,22,13
2473,629,12,20
2474,629,18,22
2475,629,19,13
2476,630,4,2
2477,630,22,0
2478,631,24,0
2479,631,1,24
2480,631,14,4
2481,632,21,24
2482,632,7,11
2483,632,17,11
2484,632,6,4
2485,632,24,9
2486,634,18,16
2487,635,23,2
2488,636,24,4
2489,636,12,18
2490,636,24,9
2491,636,9,23
2492,637,7,16
2493,637,6,15
2494,638,14,1
2495,638,15,4
2496,638,0,19
2497,638,2,0
2498,639,7,15
2499,639,0,6
2500,639,17,4
2501,640,1,8
2502,640,14,0
2503,640,5,7
2504,640,13,10
2505,641,9,12
2506,641,24,8
2507,641,5,19
2508,641,21,3
2509,642,17,8
2510,642,15,11
2511,642,18,9
2512,642,18,0
2513,642,12,6
2514,643,13,3
2515,643,20,11
2516,643,15,23
2517,644,7,14
2518,644,18,14
2519,644,19,7
2520,644,9,23
2521,644,24,12
2522,645,18,3
2523,645,1,16
2524,645,15,1
2525,645,12,23
2526,645,9,15
2527,645,14,15
2528,646,16,12
2529,646,16,9
2530,646,10,17
2531,647,16,7
2532,647,11,18
2533,648,21,17
2534,648,21,15
2535,649,15,6
2536,649,3,6
2537,649,23,0
2538,649,21,9
2539,649,5,12
2540,650,11,0
2541,650,18,22
2542,650,13,21
2543,650,24,17
2544,650,20,0
2545,650,6,21
2546,650,4,15
2547,651,11,5
2548,651,10,7
2549,651,3,22
2550,652,15,22
2551,652,16,24
2552,652,18,4
2553,653,3,10
2554,653,24,12
2555,654,16,3
2556,654,21,3
2557,654,7,23
2558,654,22,15
2559,654,12,15
2560,654,3,24
2561,655,2,21
2562,656,24,7
2563,657,15,24
2564,657,3,12
2565,658,13,15
2566,658,13,0
2567,658,9,23
2568,658,14,15
2569,658,11,5
2570,659,2,19
2571,659,1,12
2572,659,12,23
2573,659,4,19
2574,659,1,11
2575,660,7,5
2576,660,18,9
2577,660,4,14
2578,660,23,6
2579,660,14,6
2580,661,12,15
2581,661,21,17
2582,661,15,23
2583,661,5,19
2584,661,10,22
2585,661,11,24
2586,662,12,18
2587,662,3,14
2588,662,17,15
2589,662,20,10
2590,662,21,17
2591,663,17,21
2592,663,12,1
2593,663,8,11
2594,663,7,9
2595,663,24,8
2596,663,8,22
2597,663,17,9
2598,664,6,8
2599,664,20,5
2600,664,17,11
2601,664,24,13
2602,665,8,11
2603,665,8,23
2604,665,7,18
2605,665,2,4
2606,666,4,17
2607,666,16,4
2608,666,5,7
2609,667,15,3
2610,667,22,20
2611,667,17,24
2612,667,8,5
2613,667,17,15
2614,667,5,18
2615,668,1,21
2616,668,18,21
2617,669,23,10
2618,669,21,4
2619,669,10,20
2620,670,14,16
2621,670,3,6
2622,670,22,18
2623,670,1,11
2624,671,10,2
2625,671,14,6
2626,671,9,13
2627,671,10,8
2628,671,20,5
2629,672,24,15
2630,672,5,9
2631,672,15,0
2632,672,15,23
2633,673,2,19
2634,673,17,21
2635,674,20,22
2636,674,0,12
2637,674,9,3
2638,675,8,6
2639,675,13,16
2640,676,2,10
2641,676,10,20
2642,676,8,16
2643,676,21,1
2644,676,22,5
2645,676,16,0
2646,676,15,12
2647,676,19,3
2648,677,16,0
2649,677,15,3
2650,677,21,12
2651,678,21,6
2652,678,17,13
2653,678,9,1
2654,678,15,3
2655,678,6,18
2656,679,23,5
2657,679,2,20
2658,679,10,9
2659,680,10,17
2660,680,23,21
2661,680,24,7
2662,680,13,3
2663,681,14,4
2664,681,2,6
2665,681,9,15
2666,681,9,10
2667,681,0,2
2668,681,20,1
2669,681,8,0
2670,682,8,12
2671,682,15,0
2672,682,5,13
2673,682,24,13
2674,683,3,16
2675,683,19,13
2676,684,0,17
2677,684,17,11
2678,684,23,0
2679,685,19,16
2680,686,3,24
2681,686,6,15
2682,686,18,5
2683,686,7,9
2684,687,6,14
2685,687,14,21
2686,688,19,5
2687,688,1,8
2688,688,17,15
2689,688,15,24
2690,688,18,24
2691,688,14,0
2692,689,8,21
2693,689,23,10
2694,689,13,15
2695,689,20,0
2696,689,8,24
2697,690,2,5
2698,691,2,14
2699,691,11,9
2700,691,0,8
2701,691,2,24
2702,691,5,3
2703,692,16,23
2704,692,19,3
2705,692,14,11
2706,692,21,6
2707,693,14,8
2708,693,17,9
2709,693,18,21
2710,693,12,14
2711,693,24,7
2712,694,11,15
2713,694,18,12
2714,694,3,13
2715,695,12,5
2716,695,16,8
2717,695,13,2
2718,695,16,3
2719,695,23,17
2720,695,9,6
2721,695,24,17
2722,696,19,1
2723,697,13,23
2724,697,9,1
2725,697,22,15
2726,697,1,16
2727,698,8,16
2728,698,9,22
2729,698,5,7
2730,700,24,21
2731,700,14,11
2732,701,11,14
2733,701,7,17
2734,701,12,9
2735,702,0,24
2736,702,8,5
2737,702,24,18
2738,702,19,20
2739,703,17,10
2740,703,13,5
2741,703,6,19
2742,703,12,19
2743,704,24,7
2744,704,11,24
2745,704,2,13
2746,704,4,22
2747,705,21,19
2748,705,21,6
2749,705,12,15
2750,705,22,2
2751,705,2,10
2752,705,14,20
2753,705,14,23
2754,705,22,15
2755,705,6,13
2756,706,22,8
2757,706,20,5
2758,706,10,18
2759,706,24,17
2760,706,5,21
2761,706,16,9
2762,707,0,4
2763,707,21,5
2764,707,9,21
2765,707,17,5
2766,707,8,15
2767,708,3,23
2768,708,21,4
2769,709,7,1
2770,709,19,20
2771,709,24,4
2772,710,13,7
2773,710,18,12
2774,710,5,13
2775,711,11,23
2776,711,16,10
2777,711,16,5
2778,712,1,9
2779,712,17,9
2780,712,12,16
2781,712,3,20
2782,712,5,23
2783,712,24,21
2784,712,20,9
2785,713,18,10
2786,713,4,13
2787,713,11,5
2788,713,13,11
2789,713,4,10
2790,713,13,24
2791,714,6,12
2792,714,19,15
2793,715,5,3
2794,715,3,12
2795,715,0,16
2796,715,6,19
2797,715,8,4
2798,715,5,22
2799,716,5,22
2800,716,19,6
2801,717,13,21
2802,717,10,19
2803,717,16,5
2804,717,12,4
2805,718,13,0
2806,718,0,3
2807,718,24,20
2808,718,21,18
2809,718,13,21
2810,718,15,4
2811,719,1,21
2812,720,1,19
2813,720,1,9
2814,720,6,17
2815,720,18,8
2816,720,23,16
2817,721,23,17
2818,721,9,11
2819,721,15,11
2820,721,8,18
2821,722,22,18
2822,722,14,3
2823,722,3,14
2824,722,19,5
2825,723,14,17
2826,723,1,14
2827,724,11,5
2828,724,23,1
2829,724,8,18
2830,725,14,21
2831,725,24,2
2832,726,8,5
2833,726,4,13
2834,727,9,5
2835,727,0,11
2836,727,13,21
2837,727,22,19
2838,727,13,9
2839,727,11,18
2840,727,4,7
2841,728,22,8
2842,728,16,19
2843,728,9,1
2844,728,15,21
2845,728,4,22
2846,728,13,19
2847,728,9,16
2848,729,19,10
2849,729,22,5
2850,729,20,18
2851,729,6,12
2852,729,21,6
2853,729,22,7
2854,729,21,6
2855,730,24,6
2856,730,19,2
2857,730,2,0
2858,730,6,22
2859,730,11,22
2860,730,0,19
2861,731,20,12
2862,731,23,13
2863,731,7,11
2864,731,6,14
2865,731,6,21
2866,731,21,11
2867,732,21,9
2868,732,20,11
2869,732,7,9
2870,733,0,16
2871,733,21,15
2872,733,4,23
2873,733,23,2
2874,733,17,4
2875,734,2,22
2876,734,12,24
2877,734,20,12
2878,734,18,24
2879,734,21,5
2880,734,21,7
2881,734,9,15
2882,734,12,2
2883,734,1,17
2884,734,18,20
2885,735,22,24
2886,735,24,11
2887,735,8,14
2888,735,23,4
2889,735,24,16
2890,735,10,4
2891,736,20,23
2892,736,15,17
2893,736,23,19
2894,736,2,21
2895,737,9,13
2896,737,19,16
2897,737,5,12
2898,737,21,10
2899,737,5,22
2900,738,18,0
2901,738,9,21
2902,738,1,9
2903,738,23,16
2904,738,6,2
2905,739,5,8
2906,739,7,19
2907,739,15,4
2908,739,22,12
2909,739,16,13
2910,740,24,8
2911,740,1,3
2912,740,1,24
2913,740,18,16
2914,740,0,15
2915,740,8,20
2916,741,14,18
2917,741,20,6
2918,741,8,15
2919,741,2,6
2920,742,1,3
2921,742,18,6
2922,742,18,8
2923,742,20,10
2924,742,18,2
2925,743,19,2
2926,743,3,24
2927,743,18,8
2928,743,22,20
2929,744,6,15
2930,744,7,13
2931,744,7,10
2932,744,23,5
2933,744,18,14
2934,745,5,7
2935,745,22,11
2936,746,9,5
2937,746,22,4
2938,746,10,16
2939,746,24,4
2940,747,24,8
2941,747,18,9
2942,748,3,23
2943,748,23,9
2944,748,20,14
2945,748,24,0
2946,748,17,5
2947,748,20,22
2948,749,1,24
2949,749,10,7
2950,749,16,20
2951,750,11,3
2952,750,12,24
2953,750,16,2
2954,750,19,22
2955,750,6,10
2956,751,14,2
2957,751,13,1
2958,752,24,5
2959,752,24,9
2960,752,10,13
2961,752,14,21
2962,752,13,3
2963,752,10,19
2964,752,18,24
2965,753,15,2
2966,753,13,7
2967,753,13,11
2968,753,4,24
2969,753,20,13
2970,754,9,5
2971,754,23,10
2972,754,24,18
2973,756,20,4
2974,756,4,17
2975,756,13,20
2976,756,6,22
2977,757,23,19
2978,757,24,18
2979,757,5,21
2980,757,2,18
2981,757,10,4
2982,757,19,15
2983,757,15,2
2984,758,11,5
2985,758,17,8
2986,758,0,13
2987,758,14,10
2988,758,14,1
2989,758,14,15
2990,758,18,8
2991,759,19,5
2992,759,6,4
2993,759,21,7
2994,759,12,6
2995,759,19,12
2996,759,22,7
2997,760,4,10
2998,760,9,22
2999,760,22,10
3000,761,12,19
3001,761,24,0
3002,761,8,22
3003,761,10,3
3004,761,19,2
3005,761,10,18
3006,761,10,9
3007,761,20,11
3008,762,18,11
3009,762,19,9
3010,762,20,0
3011,762,9,1
3012,763,20,14
3013,763,23,21
3014,763,23,4
3015,763,15,17
3016,763,9,17
3017,764,3,1
3018,765,13,4
3019,765,9,10
3020,765,12,15
3021,765,21,5
3022,766,12,5
3023,766,20,4
3024,767,4,14
3025,767,11,19
3026,768,0,6
3027,769,15,18
3028,769,20,12
3029,769,16,18
3030,769,23,19
3031,769,3,9
3032,769,1,21
3033,769,9,10
3034,769,3,22
3035,769,17,24
3036,770,12,5
3037,770,5,15
3038,770,4,17
3039,770,1,16
3040,771,4,22
3041,771,17,13
3042,772,12,6
3043,772,2,0
3044,772,17,20
3045,773,8,4
3046,773,22,19
3047,773,10,16
3048,773,13,24
3049,773,7,23
3050,773,20,0
3051,774,6,9
3052,774,1,24
3053,774,21,4
3054,775,20,2
3055,775,24,1
3056,775,2,17
3057,775,22,19
3058,775,24,3
3059,775,9,23
3060,775,10,12
3061,776,15,24
3062,776,11,14
3063,776,10,19
3064,776,7,18
3065,776,15,13
3066,777,4,14
3067,777,7,14
3068,777,11,21
3069,778,4,20
3070,778,20,16
3071,778,8,20
3072,778,21,3
3073,779,14,21
3074,780,20,23
3075,780,14,3
3076,780,11,5
3077,780,1,10
3078,780,13,0
3079,781,21,15
3080,781,2,9
3081,782,9,19
3082,782,5,7
3083,782,0,9
3084,782,5,23
3085,782,12,9
3086,783,10,14
3087,783,20,11
3088,784,9,16
3089,784,5,15
3090,784,12,16
3091,785,0,15
3092,785,16,5
3093,785,15,1
3094,786,17,21
3095,786,20,14
3096,786,19,23
3097,787,12,8
3098,787,24,3
3099,787,18,15
3100,788,7,5
3101,788,23,20
3102,788,9,22
3103,789,12,4
3104,789,24,3
3105,790,16,8
3106,790,15,21
3107,790,0,17
3108,790,8,10
3109,790,3,6
3110,791,10,3
3111,792,17,23
3112,792,14,20
3113,792,3,10
3114,792,7,24
3115,793,4,7
3116,793,24,5
3117,794,21,11
3118,794,22,24
3119,794,9,24
3120,794,8,19
3121,795,10,3
3122,795,16,9
3123,795,14,10
3124,795,3,11
3125,795,4,19
3126,797,19,16
3127,797,15,12
3128,797,19,1
3129,797,0,19
3130,797,12,10
3131,797,22,5
3132,797,11,7
3133,798,4,6
3134,798,5,8
3135,798,1,4
3136,798,2,18
3137,799,3,24
3138,799,19,4
3139,799,5,9
3140,799,24,8
3141,799,11,23
3142,800,13,5
3143,800,3,0
3144,800,10,20
3145,801,0,6
3146,801,15,13
3147,801,16,5
3148,801,11,17
3149,801,1,8
3150,801,17,24
3151,802,14,22
3152,802,19,12
3153,802,6,21
3154,802,5,11
3155,802,5,21
3156,803,22,24
3157,803,16,6
3158,804,20,16
3159,804,4,6
3160,804,1,21
3161,804,21,7
3162,804,0,8
3163,805,0,11
3164,805,22,24
3165,805,17,7
3166,806,24,12
3167,806,1,24
3168,806,7,13
3169,807,13,23
3170,807,6,19
3171,807,2,6
3172,807,1,5
3173,807,20,22
3174,807,4,8
3175,807,5,19
3176,808,14,7
3177,808,23,5
3178,808,15,24
3179,809,22,2
3180,809,5,8
3181,809,2,15
3182,809,15,3
3183,810,6,14
3184,810,1,24
3185,810,19,15
3186,810,15,3
3187,811,24,11
3188,811,24,2
3189,811,23,2
3190,811,8,14
3191,811,16,5
3192,811,15,23
3193,811,17,4
3194,811,13,24
3195,811,4,5
3196,812,12,20
3197,812,9,0
3198,812,6,20
3199,812,14,6
3200,813,17,24
3201,813,7,1
3202,813,2,6
3203,813,8,15
3204,813,16,23
3205,813,19,5
3206,814,14,20
3207,814,20,24
3208,814,19,12
3209,815,11,24
3210,815,4,14
3211,815,6,12
3212,815,6,15
3213,815,8,12
3214,815,20,12
3215,815,9,3
3216,816,6,17
3217,816,19,23
3218,816,19,0
3219,816,7,22
3220,817,10,9
3221,817,0,11
3222,818,23,5
3223,818,14,1
3224,818,9,17
3225,818,8,20
3226,819,8,17
3227,819,1,4
3228,819,19,0
3229,819,6,9
3230,820,15,11
3231,820,0,24
3232,820,24,18
3233,820,19,9
3234,821,9,10
3235,821,2,22
3236,821,16,14
3237,821,11,22
3238,821,3,20
3239,821,23,3
3240,821,11,21
3241,821,13,10
3242,821,23,8
3243,822,22,19
3244,823,13,5
3245,823,24,11
3246,823,20,4
3247,823,18,7
3248,823,9,23
3249,823,0,15
3250,823,24,6
3251,824,17,4
3252,824,4,21
3253,825,11,2
3254,825,2,15
3255,826,1,23
3256,826,19,0
3257,826,15,23
3258,827,7,21
3259,827,14,5
3260,827,20,9
3261,828,11,22
3262,828,8,18
3263,829,11,5
3264,829,12,23
3265,830,9,10
3266,830,21,2
3267,830,19,8
3268,830,6,0
3269,832,17,2
3270,832,15,9
3271,832,8,6
3272,832,0,18
3273,833,18,12
3274,833,10,20
3275,834,4,6
3276,834,20,23
3277,834,16,5
3278,834,24,22
3279,834,21,14
3280,835,18,22
3281,835,21,9
3282,835,20,1
3283,836,24,6
3284,837,18,22
3285,837,6,21
3286,837,16,14
3287,837,2,13
3288,838,0,11
3289,838,24,7
3290,838,24,6
3291,838,1,24
3292,838,0,19
3293,838,2,19
3294,839,19,23
3295,839,14,12
3296,839,0,23
3297,840,0,16
3298,841,9,16
3299,842,15,3
3300,842,9,17
3301,843,15,14
3302,843,21,7
3303,843,11,19
3304,843,17,23
3305,844,11,20
3306,844,15,17
3307,844,16,1
3308,844,2,5
3309,845,13,5
3310,845,6,19
3311,845,9,3
3312,845,23,14
3313,846,4,0
3314,846,20,14
3315,846,7,18
3316,846,12,14
3317,847,18,7
3318,848,9,19
3319,848,17,5
3320,848,5,15
3321,848,11,18
3322,848,13,7
3323,849,5,14
3324,849,1,21
3325,849,16,5
3326,849,13,15
3327,849,8,14
3328,850,24,22
3329,850,13,17
3330,850,12,19
3331,850,0,3
3332,850,18,3
3333,851,0,23
3334,851,0,20
3335,851,6,0
3336,851,13,11
3337,852,10,1
3338,852,21,24
3339,852,23,17
3340,852,21,23
3341,852,0,24
3342,852,21,14
3343,852,4,7
3344,853,4,16
3345,853,4,11
3346,853,16,5
3347,854,2,0
3348,854,11,20
3349,855,24,11
3350,855,6,15
3351,855,11,2
3352,856,9,17
3353,856,9,15
3354,857,22,20
3355,857,8,4
3356,857,7,9
3357,857,14,11
3358,858,21,11
3359,858,23,7
3360,858,24,0
3361,858,11,22
3362,859,14,4
3363,859,9,3
3364,859,8,10
3365,859,7,5
3366,860,2,15
3367,860,1,15
3368,861,15,3
3369,861,3,15
3370,861,17,10
3371,861,9,19
3372,861,17,2
3373,862,12,4
3374,862,12,0
3375,862,22,18
3376,862,9,16
3377,863,19,3
3378,863,18,2
3379,864,0,2
3380,864,5,2
3381,864,0,3
3382,864,16,19
3383,864,5,7
3384,864,13,20
3385,865,0,10
3386,865,14,4
3387,865,19,16
3388,866,9,18
3389,866,3,18
3390,866,11,7
3391,866,23,12
3392,866,5,2
3393,867,7,18
3394,867,20,5
3395,867,18,2
3396,867,4,15
3397,868,20,0
3398,868,4,5
3399,868,3,16
3400,868,5,18
3401,868,16,14
3402,869,12,0
3403,869,11,22
3404,869,9,13
3405,869,14,16
3406,869,5,20
3407,870,4,0
3408,870,7,18
3409,871,16,12
3410,871,17,5
3411,871,6,16
3412,871,6,10
3413,872,22,12
3414,872,20,2
3415,873,12,23
3416,873,3,12
3417,873,8,21
3418,873,20,22
3419,873,5,12
3420,873,0,12
3421,874,3,15
3422,874,14,22
3423,874,13,6
3424,874,3,5
3425,874,21,18
3426,874,5,12
3427,874,19,7
3428,874,0,18
3429,874,13,3
3430,875,15,6
3431,875,22,1
3432,875,15,1
3433,875,7,5
3434,876,4,14
3435,876,10,6
3436,876,7,23
3437,877,19,13
3438,877,15,19
3439,877,17,1
3440,877,12,9
3441,877,6,8
3442,877,3,22
3443,878,8,0
3444,878,16,24
3445,879,15,1
3446,879,17,7
3447,879,24,10
3448,879,19,7
3449,879,15,8
3450,880,22,4
3451,880,21,1
3452,880,22,16
3453,880,0,9
3454,880,23,17
3455,880,6,22
3456,881,15,18
3457,881,19,13
3458,881,3,9
3459,881,12,6
3460,882,5,19
3461,883,3,23
3462,883,15,18
3463,884,19,17
3464,884,15,17
3465,884,13,9
3466,884,1,21
3467,884,23,3
3468,884,11,1
3469,884,14,2
3470,884,11,21
3471,885,7,18
3472,885,20,5
3473,885,3,22
3474,886,20,5
3475,886,2,15
3476,887,5,22
3477,887,2,16
3478,887,18,5
3479,887,9,10
3480,887,8,16
3481,887,1,23
3482,888,20,17
3483,888,12,18
3484,888,9,6
3485,888,13,20
3486,888,19,11
3487,889,0,12
3488,889,23,13
3489,889,20,23
3490,889,0,22
3491,890,11,19
3492,890,23,5
3493,891,0,23
3494,891,3,18
3495,892,4,0
3496,892,0,9
3497,892,12,23
3498,893,0,16
3499,893,12,18
3500,893,24,1
3501,893,3,5
3502,893,4,13
3503,893,3,9
3504,894,1,10
3505,894,15,23
3506,895,9,15
3507,895,22,9
3508,895,22,0
3509,896,14,8
3510,896,20,9
3511,897,2,8
3512,897,16,10
3513,897,12,8
3514,897,5,24
3515,898,20,1
3516,898,13,7
3517,898,13,2
3518,898,2,10
3519,899,2,9
3520,899,20,11
3521,899,0,7
3522,899,8,6
3523,899,24,20
3524,899,21,7
3525,900,2,14
3526,900,15,2
3527,901,0,2
3528,901,6,20
3529,901,11,7
3530,901,7,16
3531,901,19,22
3532,902,20,5
3533,902,19,13
3534,902,9,5
3535,902,10,9
3536,902,22,7
3537,903,10,6
3538,903,7,3
3539,903,7,11
3540,903,6,18
3541,903,11,14
3542,904,14,7
3543,904,22,19
3544,905,4,15
3545,905,5,8
3546,905,11,17
3547,905,5,1
3548,906,18,12
3549,906,4,14
3550,907,9,10
3551,907,20,6
3552,907,2,21
3553,908,17,2
3554,908,20,11
3555,908,20,11
3556,908,7,15
3557,908,24,5
3558,909,18,8
3559,909,7,10
3560,909,13,6
3561,909,22,11
3562,909,0,24
3563,909,11,21
3564,910,4,19
3565,911,9,5
3566,911,3,13
3567,911,9,10
3568,911,17,24
3569,912,24,11
3570,912,18,21
3571,912,10,16
3572,912,23,0
3573,912,22,16
3574,912,21,4
3575,914,23,5
3576,914,9,6
3577,914,24,11
3578,915,9,20
3579,915,22,6
3580,916,4,23
3581,916,0,3
3582,917,15,1
3583,917,11,18
3584,917,21,5
3585,917,4,16
3586,917,18,8
3587,918,15,12
3588,918,18,8
3589,918,23,7
3590,918,10,7
3591,918,6,12
3592,918,13,24
3593,919,12,10
3594,919,12,16
3595,919,13,11
3596,920,0,8
3597,921,21,4
3598,921,1,13
3599,922,4,2
3600,922,23,0
3601,923,23,9
3602,923,6,22
3603,923,8,4
3604,924,20,4
3605,924,7,21
3606,925,18,15
3607,925,15,8
3608,925,6,2
3609,926,2,10
3610,926,7,15
3611,926,4,23
3612,926,2,9
3613,926,16,20
3614,926,21,23
3615,928,17,7
3616,928,6,16
3617,928,9,16
3618,929,11,0
3619,929,1,17
3620,929,11,20
3621,929,6,15
3622,929,7,0
3623,929,6,3
3624,929,2,14
3625,929,10,20
3626,929,16,13
3627,930,22,6
3628,930,2,10
3629,930,11,8
3630,930,16,2
3631,931,24,14
3632,932,23,21
3633,932,24,5
3634,932,9,3
3635,932,18,11
3636,932,21,23
3637,932,16,5
3638,933,21,0
3639,933,4,16
3640,933,19,21
3641,934,2,21
3642,934,1,4
3643,934,19,2
3644,935,6,19
3645,935,8,21
3646,935,23,20
3647,935,20,1
3648,936,9,2
3649,936,19,6
3650,936,11,0
3651,936,24,14
3652,936,18,5
3653,937,18,20
3654,937,24,14
3655,938,4,22
3656,938,11,13
3657,938,23,3
3658,938,2,4
3659,939,8,1
3660,940,1,13
3661,940,2,12
3662,940,3,18
3663,940,10,23
3664,941,23,19
3665,942,9,16
3666,942,8,15
3667,942,13,10
3668,942,17,6
3669,942,24,22
3670,943,17,1
3671,943,4,21
3672,943,24,16
3673,943,14,6
3674,943,21,13
3675,943,11,19
3676,943,19,7
3677,943,12,5
3678,944,17,10
3679,944,18,10
3680,944,13,9
3681,944,12,1
3682,944,10,14
3683,945,1,8
3684,945,0,7
3685,945,22,11
3686,946,22,10
3687,946,7,10
3688,946,8,11
3689,946,23,0
3690,947,20,11
3691,947,19,7
3692,947,18,20
3693,947,19,2
3694,948,12,20
3695,948,11,1
3696,948,21,23
3697,949,1,10
3698,949,11,17
3699,949,14,17
3700,949,6,18
3701,949,16,4
3702,950,2,20
3703,950,21,3
3704,950,22,5
3705,951,7,13
3706,952,10,8
3707,952,11,23
3708,952,1,20
3709,952,13,5
3710,952,19,17
3711,952,16,22
3712,952,4,8
3713,953,14,16
3714,953,6,17
3715,953,18,6
3716,953,8,12
3717,953,19,13
3718,953,7,3
3719,954,3,7
3720,954,0,21
3721,954,20,10
3722,955,8,0
3723,955,19,11
3724,956,3,11
3725,956,2,12
3726,956,10,22
3727,956,0,8
3728,957,7,22
3729,957,11,18
3730,957,0,3
3731,957,0,2
3732,957,3,5
3733,957,17,1
3734,957,18,6
3735,957,15,9
3736,958,24,22
3737,958,8,16
3738,959,6,17
3739,959,10,20
3740,959,8,1
3741,959,8,21
3742,960,19,21
3743,961,23,20
3744,961,4,16
3745,961,8,18
3746,961,23,1
3747,961,2,10
3748,961,0,2
3749,961,20,18
3750,961,5,14
3751,962,5,4
3752,962,22,2
3753,962,21,1
3754,963,12,22
3755,963,22,18
3756,964,8,0
3757,964,11,20
3758,964,12,0
3759,964,17,6
3760,964,11,21
3761,964,12,14
3762,964,11,4
3763,965,9,5
3764,965,0,6
3765,965,4,14
3766,966,9,13
3767,966,4,6
3768,966,17,14
3769,966,21,4
3770,967,0,6
3771,967,4,17
3772,968,10,17
3773,968,24,22
3774,968,3,7
3775,968,20,11
3776,968,8,15
3777,968,12,8
3778,968,2,11
3779,969,24,12
3780,969,3,14
3781,969,16,7
3782,970,22,13
3783,970,12,19
3784,970,23,0
3785,971,5,20
3786,971,11,7
3787,971,19,0
3788,971,22,16
3789,971,2,17
3790,971,10,14
3791,971,13,1
3792,971,14,22
3793,972,12,9
3794,972,14,1
3795,973,11,23
3796,973,18,15
3797,974,0,23
3798,974,1,19
3799,974,6,20
3800,974,4,13
3801,974,15,21
3802,975,3,17
3803,975,12,4
3804,975,6,2
3805,975,24,7
3806,975,3,20
3807,976,15,22
3808,976,5,19
3809,976,23,14
3810,976,21,4
3811,976,19,6
3812,976,3,24
3813,976,20,8
3814,976,19,15
3815,976,19,16
3816,976,11,2
3817,977,6,0
3818,978,16,7
3819,978,21,3
3820,978,9,2
3821,978,15,19
3822,978,16,12
3823,978,17,7
3824,978,17,11
3825,978,21,2
3826,979,24,18
3827,979,12,16
3828,979,5,1
3829,980,7,17
3830,980,2,24
3831,980,20,1
3832,981,24,4
3833,982,13,5
3834,982,21,18
3835,982,6,14
3836,982,24,20
3837,983,8,0
3838,983,3,15
3839,983,14,15
3840,983,19,6
3841,983,19,4
3842,984,23,20
3843,984,18,15
3844,985,3,11
3845,985,23,4
3846,985,22,7
3847,986,7,18
3848,986,11,23
3849,986,15,1
3850,986,4,18
3851,986,24,14
3852,987,4,17
3853,988,8,20
3854,988,9,1
3855,988,0,12
3856,989,3,22
3857,990,9,5
3858,990,23,15
3859,990,17,5
3860,990,10,6
3861,990,24,4
3862,991,12,2
3863,991,4,5
3864,991,13,16
3865,991,21,1
3866,991,22,24
3867,992,7,11
3868,992,5,15
3869,992,22,16
3870,992,24,22
3871,992,5,14
3872,993,9,20
3873,994,1,23
3874,994,24,6
3875,994,9,6
3876,994,8,14
3877,994,20,6
3878,994,12,6
3879,995,11,23
3880,995,0,14
3881,995,4,6
3882,995,12,18
3883,996,5,15
3884,996,5,1
3885,996,16,14
3886,996,24,20
3887,996,7,23
3888,997,0,10
3889,997,14,12
3890,998,0,12
3891,998,20,17
3892,998,10,2
3893,998,4,21
3894,998,21,15
3895,999,7,11
3896,999,14,4
3897,999,1,24
3898,1000,8,17
3899,1000,24,9
3900,1000,21,9
3901,1000,10,2
3902,1000,10,14
3903,1000,16,0
3904,1001,17,5
3905,1002,23,2
3906,1002,14,10
3907,1002,11,0
3908,1003,7,13
3909,1003,20,23
3910,1003,12,9
3911,1003,17,2
3912,1003,14,3
3913,1003,14,6
3914,1003,8,11
3915,1003,11,2
3916,1004,14,4
3917,1004,14,6
3918,1004,13,10
3919,1004,16,8
3920,1004,4,16
3921,1005,12,5
3922,1005,13,20
3923,1005,8,2
3924,1006,3,12
3925,1006,23,3
3926,1007,3,1
3927,1007,19,15
3928,1007,2,23
3929,1008,8,11
3930,1008,15,6
3931,1008,12,19
3932,1009,18,8
3933,1009,5,20
3934,1009,20,4
3935,1009,2,13
3936,1010,5,12
3937,1010,22,6
3938,1010,20,14
3939,1010,3,24
3940,1010,6,10
3941,1011,22,20
3942,1011,9,15
3943,1012,0,17
3944,1012,11,14
3945,1012,14,2
3946,1012,18,15
3947,1013,11,17
3948,1014,16,18
3949,1014,2,9
3950,1014,12,20
3951,1016,24,14
3952,1016,15,9
3953,1016,13,20
3954,1016,13,7
3955,1017,21,8
3956,1017,11,19
3957,1017,0,15
3958,1017,13,21
3959,1018,22,0
3960,1018,24,4
3961,1018,22,18
3962,1018,22,13
3963,1018,11,19
3964,1018,18,2
3965,1018,2,22
3966,1018,14,2
3967,1018,24,9
3968,1018,16,9
3969,1019,1,9
3970,1019,19,9
3971,1019,7,15
3972,1019,1,19
3973,1020,2,6
3974,1020,12,22
3975,1020,8,4
3976,1020,18,14
3977,1020,13,9
3978,1021,16,19
3979,1021,10,12
3980,1022,16,20
3981,1022,9,19
3982,1022,23,2
3983,1022,17,6
3984,1022,9,3
3985,1023,11,4
3986,1023,6,8
3987,1023,21,19
3988,1023,4,14
3989,1023,1,14
3990,1023,16,7
3991,1023,2,12
3992,1023,22,5
3993,1023,24,20
3994,1023,15,9
3995,1023,24,12
3996,1024,22,24
3997,1024,14,24
3998,1024,1,9
3999,1024,8,5
4000,1024,14,18
4001,1025,6,0
4002,1025,8,4
4003,1026,7,22
4004,1026,15,13
4005,1026,24,21
4006,1027,5,12
4007,1027,9,18
4008,1027,5,8
4009,1027,9,11
4010,1028,9,0
4011,1028,11,21
4012,1028,10,6
4013,1028,12,18
4014,1028,6,0
4015,1028,9,0
4016,1028,6,0
4017,1029,5,8
4018,1029,19,16
4019,1029,11,1
4020,1029,14,5
4021,1029,22,6
4022,1029,12,21
4023,1029,7,15
4024,1030,22,16
4025,1031,16,19
4026,1031,20,3
4027,1032,0,20
4028,1032,5,13
4029,1032,6,13
4030,1032,10,7
4031,1032,21,18
4032,1032,12,2
4033,1033,22,9
4034,1033,14,22
4035,1033,6,8
4036,1033,2,20
4037,1033,7,14
4038,1033,18,20
4039,1034,15,14
4040,1034,21,13
4041,1034,17,9
4042,1034,1,3
4043,1034,15,24
4044,1034,2,18
4045,1034,6,0
4046,1034,1,19
4047,1034,20,19
4048,1034,15,1
4049,1034,8,2
4050,1034,12,19
4051,1035,0,3
4052,1035,3,12
4053,1035,14,17
4054,1036,7,22
4055,1036,11,4
4056,1036,22,2
4057,1036,22,11
4058,1037,23,2
4059,1037,15,5
4060,1037,17,3
4061,1037,9,21
4062,1037,6,2
4063,1038,21,5
4064,1038,2,12
4065,1038,6,9
4066,1038,19,4
4067,1038,0,11
4068,1040,11,23
4069,1040,7,23
4070,1040,23,15
4071,1040,8,18
4072,1041,8,4
4073,1041,9,19
4074,1042,3,20
4075,1042,9,17
4076,1042,0,13
4077,1043,22,13
4078,1044,13,24
4079,1044,17,24
4080,1044,10,17
4081,1044,6,3
4082,1044,21,19
4083,1044,10,1
4084,1044,22,12
4085,1044,7,18
4086,1045,12,0
4087,1045,16,20
4088,1045,21,13
4089,1046,18,4
4090,1047,14,18
4091,1047,7,9
4092,1047,7,17
4093,1047,21,10
4094,1047,3,18
4095,1047,2,19
4096,1048,22,8
4097,1048,24,8
4098,1048,8,21
4099,1048,21,3
4100,1048,18,24
4101,1048,18,21
4102,1049,10,9
4103,1049,0,21
4104,1049,24,3
4105,1049,24,13
4106,1049,3,6
4107,1050,6,14
4108,1050,19,0
4109,1051,16,18
4110,1051,21,13
4111,1051,21,18
4112,1051,24,7
4113,1052,18,16
4114,1052,19,4
4115,1052,23,2
4116,1052,7,21
4117,1053,23,5
4118,1053,6,0
4119,1053,5,15
4120,1053,14,24
4121,1053,4,20
4122,1053,24,13
4123,1053,17,6
4124,1054,9,13
4125,1054,22,1
4126,1054,5,23
4127,1054,11,23
4128,1054,0,16
4129,1054,1,19
4130,1054,19,9
4131,1055,5,3
4132,1055,8,5
4133,1056,2,17
4134,1056,14,4
4135,1056,18,15
4136,1056,22,1
4137,1056,8,4
4138,1057,17,23
4139,1057,11,0
4140,1057,7,17
4141,1058,12,23
4142,1058,24,8
4143,1058,10,0
4144,1058,13,10
4145,1058,8,11
4146,1058,7,18
4147,1059,18,5
4148,1059,2,13
4149,1059,0,19
4150,1059,13,20
4151,1060,12,9
4152,1060,10,8
4153,1061,16,23
4154,1061,4,24
4155,1061,7,24
4156,1061,11,4
4157,1061,24,1
4158,1061,11,24
4159,1062,5,8
4160,1062,1,17
4161,1062,4,24
4162,1062,21,5
4163,1062,18,15
4164,1062,22,3
4165,1062,18,22
4166,1062,7,10
4167,1063,20,23
4168,1063,6,17
4169,1063,20,3
4170,1063,0,17
4171,1063,9,3
4172,1063,15,6
4173,1064,21,2
4174,1064,23,2
4175,1064,4,20
4176,1065,23,16
4177,1066,16,23
4178,1067,23,16
4179,1067,14,7
4180,1067,10,7
4181,1067,24,22
4182,1068,23,3
4183,1068,0,6
4184,1068,0,7
4185,1068,9,20
4186,1069,19,5
4187,1069,6,18
4188,1070,22,7
4189,1070,22,9
4190,1070,6,3
4191,1070,5,15
4192,1071,7,5
4193,1071,24,6
4194,1071,10,17
4195,1071,9,5
4196,1071,11,22
4197,1071,9,18
4198,1071,12,9
4199,1071,22,15
4200,1071,11,21
4201,1072,14,0
4202,1072,15,0
4203,1072,22,10
4204,1072,21,14
4205,1072,20,16
4206,1073,13,3
4207,1073,3,23
4208,1073,11,21
4209,1073,5,18
4210,1073,22,16
4211,1074,8,22
4212,1074,11,23
4213,1074,10,2
4214,1074,9,2
4215,1074,16,0
4216,1075,21,24
4217,1075,3,14
4218,1075,11,24
4219,1075,23,12
4220,1075,11,24
4221,1076,10,18
4222,1076,13,3
4223,1076,3,1
4224,1076,0,24
4225,1076,16,0
4226,1077,7,10
4227,1077,20,11
4228,1077,8,24
4229,1077,8,10
4230,1078,15,11
4231,1078,4,16
4232,1078,19,7
4233,1078,7,24
4234,1079,0,14
4235,1079,14,7
4236,1080,11,3
4237,1080,20,14
4238,1080,19,2
4239,1080,6,4
4240,1081,24,15
4241,1081,14,12
4242,1081,17,7
4243,1081,18,4
4244,1081,15,7
4245,1081,1,14
4246,1082,23,3
4247,1082,22,3
4248,1082,13,21
4249,1082,3,0
4250,1082,15,5
4251,1082,16,19
4252,1082,7,18
4253,1082,1,24
4254,1082,6,19
4255,1083,17,0
4256,1083,3,15
4257,1083,0,22
4258,1083,11,8
4259,1083,22,18
4260,1084,24,0
4261,1084,3,13
4262,1084,13,11
4263,1084,8,10
4264,1084,0,17
4265,1085,4,19
4266,1085,6,9
4267,1086,10,6
4268,1086,16,10
4269,1086,18,16
4270,1087,14,18
4271,1087,10,19
4272,1087,17,11
4273,1087,13,20
4274,1088,7,21
4275,1088,2,8
4276,1088,13,16
4277,1088,9,1
4278,1089,3,13
4279,1089,10,8
4280,1089,1,12
4281,1090,12,9
4282,1090,15,14
4283,1090,16,14
4284,1090,15,17
4285,1090,2,20
4286,1091,18,14
4287,1091,1,11
4288,1092,23,2
4289,1092,0,3
4290,1092,13,5
4291,1092,10,7
4292,1092,7,23
4293,1092,23,0
4294,1093,15,5
4295,1093,17,14
4296,1093,2,11
4297,1093,6,23
4298,1093,5,24
4299,1094,3,17
4300,1094,20,22
4301,1094,14,16
4302,1094,13,23
4303,1095,19,2
4304,1095,14,3
4305,1096,0,8
4306,1096,8,21
4307,1096,23,12
4308,1096,3,1
4309,1096,11,13
4310,1097,14,8
4311,1097,13,4
4312,1097,11,19
4313,1098,19,6
4314,1098,5,9
4315,1098,4,21
4316,1099,14,24
4317,1100,6,0
4318,1100,1,17
4319,1100,6,4
4320,1100,7,3
4321,1100,14,3
4322,1100,6,16
4323,1101,21,13
4324,1102,13,3
4325,1102,1,12
4326,1102,9,22
4327,1102,0,9
4328,1102,11,4
4329,1103,18,21
4330,1103,13,19
4331,1103,16,8
4332,1103,19,21
4333,1103,14,16
4334,1103,23,8
4335,1103,3,11
4336,1104,2,0
4337,1104,8,21
4338,1105,12,15
4339,1105,9,23
4340,1106,20,8
4341,1106,1,17
4342,1106,24,4
4343,1106,19,5
4344,1106,1,17
4345,1106,14,6
4346,1107,2,13
4347,1107,0,9
4348,1107,20,0
4349,1107,4,7
4350,1107,14,4
4351,1107,3,24
4352,1108,13,20
4353,1108,15,8
4354,1108,8,2
4355,1109,14,2
4356,1109,4,0
4357,1109,15,21
4358,1109,6,16
4359,1110,14,1
4360,1112,17,13
4361,1112,16,6
4362,1112,2,9
4363,1113,1,22
4364,1113,24,20
4365,1113,5,23
4366,1113,6,8
4367,1114,23,15
4368,1114,16,7
4369,1114,14,7
4370,1115,10,20
4371,1115,18,20
4372,1115,19,0
4373,1116,13,10
4374,1116,18,16
4375,1116,3,24
4376,1116,15,5
4377,1116,0,20
4378,1117,24,7
4379,1117,19,7
4380,1117,7,22
4381,1118,4,19
4382,1118,14,16
4383,1118,12,5
4384,1118,16,24
4385,1119,23,1
4386,1119,18,1
4387,1119,19,4
4388,1120,16,5
4389,1121,23,12
4390,1121,11,3
4391,1121,5,14
4392,1121,15,13
4393,1122,6,14
4394,1122,22,13
4395,1122,13,2
4396,1123,8,18
4397,1123,3,11
4398,1124,11,4
4399,1125,23,21
4400,1125,14,4
4401,1126,12,2
4402,1126,14,15
4403,1127,13,23
4404,1127,14,12
4405,1127,22,14
4406,1127,0,9
4407,1128,8,1
4408,1128,3,14
4409,1129,17,19
4410,1129,6,0
4411,1129,0,7
4412,1129,14,18
4413,1129,1,5
4414,1130,10,17
4415,1130,10,2
4416,1130,24,17
4417,1131,9,23
4418,1131,1,22
4419,1131,14,6
4420,1131,5,21
4421,1132,19,2
4422,1132,4,18
4423,1133,12,4
4424,1133,0,9
4425,1133,4,11
4426,1133,2,15
4427,1134,8,11
4428,1134,23,16
4429,1134,6,9
4430,1134,0,19
4431,1134,7,3
4432,1135,4,8
4433,1135,20,16
4434,1135,1,22
4435,1135,7,19
4436,1135,8,17
4437,1135,0,17
4438,1135,22,11
4439,1135,8,16
4440,1136,17,14
4441,1136,24,16
4442,1136,16,12
4443,1136,21,23
4444,1137,21,24
4445,1137,1,13
4446,1138,12,16
4447,1138,24,9
4448,1138,8,24
4449,1138,23,2
4450,1138,19,8
4451,1139,7,18
4452,1139,7,10
4453,1139,3,9
4454,1139,10,14
4455,1139,22,20
4456,1140,12,3
4457,1141,20,6
4458,1141,2,16
4459,1141,24,16
4460,1142,23,6
4461,1142,20,22
4462,1142,15,19
4463,1143,15,21
4464,1143,14,15
4465,1143,24,7
4466,1143,14,1
4467,1143,11,9
4468,1143,8,22
4469,1144,22,6
4470,1144,18,16
4471,1144,24,18
4472,1145,16,22
4473,1145,18,5
4474,1145,17,8
4475,1145,21,7
4476,1145,4,7
4477,1145,1,8
4478,1146,8,21
4479,1146,23,15
4480,1146,21,24
4481,1147,21,2
4482,1147,6,19
4483,1147,5,24
4484,1147,13,24
4485,1147,23,2
4486,1147,20,14
4487,1148,18,0
4488,1148,6,3
4489,1148,10,9
4490,1149,23,2
4491,1149,0,9
4492,1149,16,9
4493,1149,4,6
4494,1149,8,24
4495,1150,18,4
4496,1150,17,20
4497,1150,5,3
4498,1151,8,6
4499,1151,9,15
4500,1151,0,10
4501,1152,17,6
4502,1152,21,1
4503,1152,19,12
4504,1152,2,15
4505,1153,1,17
4506,1153,21,8
4507,1153,16,14
4508,1153,4,12
4509,1153,5,11
4510,1154,21,12
4511,1154,22,24
4512,1155,2,5
4513,1155,14,12
4514,1156,14,7
4515,1156,15,23
4516,1157,10,16
4517,1157,18,6
4518,1157,10,8
4519,1157,5,12
4520,1157,19,10
4521,1158,19,2
4522,1158,20,5
4523,1158,14,17
4524,1159,24,7
4525,1159,21,2
4526,1160,2,10
4527,1160,20,18
4528,1160,23,9
4529,1160,8,0
4530,1161,0,13
4531,1161,7,17
4532,1161,22,9
4533,1161,11,20
4534,1161,3,5
4535,1162,7,16
4536,1162,16,24
4537,1162,5,11
4538,1163,15,2
4539,1163,21,11
4540,1163,0,22
4541,1163,1,14
4542,1163,22,24
4543,1164,13,21
4544,1164,23,8
4545,1164,15,23
4546,1164,19,15
4547,1165,23,9
4548,1165,4,11
4549,1165,3,12
4550,1165,4,6
4551,1166,13,19
4552,1166,7,18
4553,1166,19,17
4554,1167,24,12
4555,1167,14,2
4556,1167,21,18
4557,1167,2,8
4558,1168,15,3
4559,1168,6,22
4560,1168,0,11
4561,1169,18,22
4562,1169,9,16
4563,1169,21,15
4564,1169,23,3
4565,1169,21,5
4566,1169,19,21
4567,1170,18,22
4568,1170,18,6
4569,1170,1,14
4570,1170,17,13
4571,1170,16,10
4572,1170,4,0
4573,1170,21,4
4574,1171,13,24
4575,1171,14,2
4576,1171,11,20
4577,1171,23,16
4578,1172,0,21
4579,1172,20,8
4580,1172,3,17
4581,1173,2,11
4582,1173,20,4
4583,1173,4,8
4584,1173,15,19
4585,1173,1,24
4586,1174,5,19
4587,1174,0,21
4588,1175,10,22
4589,1175,8,23
4590,1175,23,17
4591,1175,4,5
4592,1175,0,14
4593,1176,16,2
4594,1176,19,7
4595,1176,7,23
4596,1176,8,19
4597,1177,22,19
4598,1177,20,17
4599,1177,15,19
4600,1177,14,3
4601,1177,11,24
4602,1177,14,10
4603,1178,19,10
4604,1178,11,22
4605,1178,3,16
4606,1179,24,20
4607,1179,20,6
4608,1179,6,14
4609,1179,14,7
4610,1180,19,12
4611,1180,21,14
4612,1180,10,23
4613,1180,24,20
4614,1180,15,24
4615,1180,24,1
4616,1180,6,18
4617,1180,11,2
4618,1180,2,16
4619,1181,20,12
4620,1181,8,18
4621,1181,4,21
4622,1182,23,4
4623,1182,10,19
4624,1183,2,18
4625,1183,7,9
4626,1183,18,9
4627,1184,0,12
4628,1184,0,19
4629,1184,17,13
4630,1184,11,20
4631,1185,10,16
4632,1186,10,4
4633,1186,23,5
4634,1186,13,19
4635,1186,19,7
4636,1186,15,11
4637,1187,1,22
4638,1187,11,17
4639,1187,1,11
4640,1187,20,17
4641,1187,18,14
4642,1187,18,15
4643,1187,16,23
4644,1187,0,12
4645,1188,9,3
4646,1188,9,11
4647,1188,2,17
4648,1188,7,9
4649,1188,10,16
4650,1188,10,19
4651,1189,2,0
4652,1190,13,20
4653,1190,16,1
4654,1190,21,24
4655,1190,0,18
4656,1190,6,17
4657,1190,7,5
4658,1191,11,2
4659,1192,14,21
4660,1192,21,5
4661,1193,6,17
4662,1193,14,16
4663,1193,5,4
4664,1193,6,16
4665,1193,1,17
4666,1193,21,13
4667,1193,1,15
4668,1194,17,2
4669,1194,5,9
4670,1194,21,0
4671,1194,18,20
4672,1195,12,24
4673,1195,3,1
4674,1195,21,13
4675,1196,16,1
4676,1196,23,2
4677,1196,6,13
4678,1196,14,20
4679,1196,24,20
4680,1197,12,14
4681,1197,4,15
4682,1197,17,6
4683,1197,20,7
4684,1197,17,11
4685,1197,21,3
4686,1198,6,15
4687,1198,13,23
4688,1198,13,10
4689,1198,4,13
4690,1198,8,22
4691,1199,19,3
4692,1199,18,0
4693,1200,22,15
4694,1200,5,3
4695,1200,6,17
4696,1200,14,8
4697,1201,2,22
4698,1202,18,21
4699,1202,24,5
4700,1202,0,16
4701,1202,16,6
4702,1203,10,12
4703,1203,9,16
4704,1203,24,16
4705,1203,3,0
4706,1203,9,17
4707,1204,5,17
4708,1204,20,16
4709,1204,22,3
4710,1205,5,16
4711,1205,13,5
4712,1205,1,18
4713,1206,1,5
4714,1206,23,0
4715,1206,13,4
4716,1206,22,7
4717,1206,21,17
4718,1206,17,15
4719,1207,10,24
4720,1207,18,6
4721,1209,16,1
4722,1209,23,2
4723,1209,15,1
4724,1209,2,19
4725,1210,21,7
4726,1211,7,21
4727,1211,7,15
4728,1211,17,20
4729,1212,14,21
4730,1213,2,11
4731,1214,24,12
4732,1214,0,10
4733,1215,5,16
4734,1215,1,8
4735,1215,15,12
4736,1215,14,10
4737,1216,14,10
4738,1217,10,20
4739,1217,0,11
4740,1217,13,9
4741,1217,19,15
4742,1217,3,15
4743,1217,9,23
4744,1218,16,5
4745,1218,5,7
4746,1218,10,0
4747,1218,7,22
4748,1218,15,22
4749,1219,7,15
4750,1219,10,1
4751,1219,13,22
4752,1219,0,22
4753,1219,10,20
4754,1219,18,2
4755,1219,3,12
4756,1219,16,22
4757,1219,15,8
4758,1219,3,14
4759,1220,0,9
4760,1220,14,16
4761,1220,21,3
4762,1221,12,19
4763,1221,2,20
4764,1221,2,14
4765,1222,16,10
4766,1222,22,2
4767,1223,7,5
4768,1223,12,6
4769,1223,18,10
4770,1223,16,19
4771,1223,7,9
4772,1224,3,7
4773,1225,21,13
4774,1225,17,1
4775,1225,21,8
4776,1225,13,22
4777,1226,9,16
4778,1227,6,20
4779,1227,2,15
4780,1227,18,15
4781,1227,7,0
4782,1227,7,5
4783,1227,15,12
4784,1227,4,20
4785,1228,0,11
4786,1228,15,1
4787,1228,5,20
4788,1228,21,10
4789,1228,9,11
4790,1228,8,6
4791,1228,2,8
4792,1228,13,7
4793,1228,16,14
4794,1229,20,2
4795,1229,18,24
4796,1229,21,13
4797,1229,5,14
4798,1229,7,4
4799,1230,3,20
4800,1230,3,14
4801,1230,5,16
4802,1231,4,10
4803,1231,8,23
4804,1232,11,0
4805,1232,7,24
4806,1232,2,18
4807,1232,23,10
4808,1232,15,22
4809,1233,8,21
4810,1233,2,14
4811,1233,7,10
4812,1234,7,15
4813,1234,8,18
4814,1234,23,19
4815,1234,10,22
4816,1235,1,12
4817,1235,9,2
4818,1235,3,20
4819,1235,1,15
4820,1235,3,17
4821,1235,21,18
4822,1236,16,9
4823,1236,15,23
4824,1236,6,17
4825,1236,17,19
4826,1236,21,11
4827,1236,4,21
4828,1236,21,4
4829,1237,5,8
4830,1237,14,1
4831,1238,8,19
4832,1238,3,19
4833,1238,6,21
4834,1238,10,12
4835,1238,0,11
4836,1238,6,19
4837,1238,5,20
4838,1238,14,16
4839,1238,12,8
4840,1239,11,2
4841,1239,20,14
4842,1239,0,8
4843,1239,7,1
4844,1240,3,15
4845,1241,18,9
4846,1242,14,1
4847,1242,24,4
4848,1242,19,17
4849,1242,19,21
4850,1243,6,9
4851,1243,20,7
4852,1243,18,5
4853,1244,3,5
4854,1244,21,17
4855,1245,14,0
4856,1245,16,1
4857,1245,11,0
4858,1245,23,16
4859,1246,24,18
4860,1246,12,23
4861,1246,20,8
4862,1247,9,11
4863,1247,20,0
4864,1248,20,6
4865,1248,0,17
4866,1248,11,21
4867,1248,5,21
4868,1249,15,6
4869,1249,22,15
4870,1249,19,17
4871,1250,2,4
4872,1250,22,16
4873,1251,9,22
4874,1251,17,15
4875,1251,18,5
4876,1251,6,3
4877,1251,16,13
4878,1251,8,15
4879,1251,20,13
4880,1252,2,17
4881,1252,18,15
4882,1252,10,13
4883,1252,3,5
4884,1252,1,17
4885,1253,4,13
4886,1253,11,7
4887,1253,4,19
4888,1253,20,11
4889,1254,6,3
4890,1254,18,15
4891,1254,13,6
4892,1255,17,7
4893,1255,3,5
4894,1255,6,12
4895,1255,22,20
4896,1255,4,5
4897,1255,6,17
4898,1256,19,22
4899,1256,3,10
4900,1257,18,2
4901,1257,8,0
4902,1257,13,7
4903,1258,20,12
4904,1258,24,11
4905,1258,17,2
4906,1258,4,6
4907,1258,3,5
4908,1259,22,15
4909,1259,21,7
4910,1259,24,16
4911,1259,1,10
4912,1259,10,23
4913,1259,10,17
4914,1260,16,9
4915,1260,9,11
4916,1260,7,21
4917,1260,21,4
4918,1260,21,0
4919,1260,3,13
4920,1260,3,22
4921,1261,10,24
4922,1261,3,24
4923,1261,9,7
4924,1261,12,18
4925,1262,16,14
4926,1262,4,7
4927,1262,16,18
4928,1262,14,15
4929,1263,23,7
4930,1263,4,16
4931,1263,16,3
4932,1264,12,19
4933,1264,22,4
4934,1265,5,8
4935,1265,12,6
4936,1265,7,22
4937,1265,19,3
4938,1266,9,24
4939,1266,7,21
4940,1266,15,18
4941,1266,24,0
4942,1266,3,9
4943,1266,8,23
4944,1266,24,12
4945,1266,19,23
4946,1267,3,21
4947,1267,17,19
4948,1268,16,8
4949,1268,1,13
4950,1268,14,1
4951,1268,10,13
4952,1268,3,7
4953,1268,23,7
4954,1268,19,11
4955,1269,16,24
4956,1270,23,8
4957,1270,19,6
4958,1270,22,10
4959,1271,13,10
4960,1271,4,12
4961,1271,10,16
4962,1272,12,24
4963,1272,9,10
4964,1272,10,8
4965,1272,2,22
4966,1272,7,19
4967,1272,19,0
4968,1273,2,24
4969,1273,16,14
4970,1273,11,4
4971,1273,21,12
4972,1274,22,20
4973,1274,3,24
4974,1274,4,21
4975,1275,18,0
4976,1275,22,0
4977,1276,21,7
4978,1276,13,17
4979,1276,5,7
4980,1276,24,20
4981,1278,7,0
4982,1278,5,3
4983,1278,19,20
4984,1278,1,22
4985,1278,0,23
4986,1278,5,12
4987,1279,4,13
4988,1279,22,13
4989,1280,20,5
4990,1280,3,19
4991,1280,17,11
4992,1280,1,14
4993,1280,13,15
4994,1280,4,6
4995,1281,23,15
4996,1281,24,0
4997,1281,18,6
4998,1282,10,9
4999,1282,11,13
5000,1282,0,9
5001,1282,10,20
5002,1282,16,19
5003,1283,4,11
5004,1284,15,3
5005,1284,12,5
5006,1284,15,8
5007,1285,22,2
5008,1285,22,4
5009,1285,11,24
5010,1285,4,1
5011,1285,8,5
5012,1285,9,23
5013,1285,6,9
5014,1285,11,8
5015,1285,5,24
5016,1286,24,5
5017,1286,20,13
5018,1286,23,0
5019,1286,14,20
5020,1286,10,17
5021,1287,12,2
5022,1287,15,14
5023,1287,11,5
5024,1288,16,7
5025,1288,15,19
5026,1288,8,4
5027,1289,13,5
5028,1289,4,10
5029,1289,17,13
5030,1289,11,24
5031,1290,7,5
5032,1290,2,5
5033,1290,9,5
5034,1290,2,17
5035,1290,9,18
5036,1291,16,0
5037,1291,17,5
5038,1291,1,20
5039,1291,1,8
5040,1292,17,23
5041,1292,10,20
5042,1292,14,10
5043,1292,6,9
5044,1293,11,3
5045,1293,10,23
5046,1293,22,15
5047,1294,0,4
5048,1294,18,22
5049,1294,6,9
5050,1294,6,15
5051,1295,19,13
5052,1296,5,19
5053,1296,3,18
5054,1296,18,3
5055,1296,3,11
5056,1296,24,21
5057,1296,16,7
5058,1296,24,8
5059,1297,2,23
5060,1297,7,19
5061,1298,21,12
5062,1298,4,23
5063,1298,6,20
5064,1299,10,17
5065,1299,17,9
5066,1299,9,6
5067,1300,17,4
5068,1300,17,19
5069,1300,0,20
5070,1301,22,12
5071,1301,17,9
5072,1301,10,22
5073,1301,5,1
5074,1302,6,0
5075,1302,8,6
5076,1302,22,10
5077,1303,14,24
5078,1303,17,3
5079,1303,23,5
5080,1303,11,7
5081,1303,14,16
5082,1303,0,22
5083,1304,18,24
5084,1304,3,17
5085,1304,6,18
5086,1305,11,21
5087,1305,24,0
5088,1305,22,0
5089,1305,23,9
5090,1305,13,15
5091,1306,22,6
5092,1306,14,21
5093,1306,2,20
5094,1306,12,1
5095,1306,0,14
5096,1306,7,1
5097,1306,24,2
5098,1307,17,15
5099,1307,23,14
5100,1308,14,21
5101,1308,20,17
5102,1308,17,8
5103,1308,8,20
5104,1308,8,0
5105,1308,1,11
5106,1309,1,16
5107,1309,9,2
5108,1309,17,13
5109,1309,0,24
5110,1309,24,14
5111,1310,3,21
5112,1310,8,17
5113,1310,11,23
5114,1310,24,15
5115,1310,0,21
5116,1310,14,20
5117,1311,4,2
5118,1312,24,18
5119,1312,3,9
5120,1312,23,8
5121,1312,11,22
5122,1313,23,21
5123,1313,24,4
5124,1314,22,6
5125,1314,18,16
5126,1314,18,12
5127,1314,7,10
5128,1314,2,9
5129,1315,13,0
5130,1315,23,1
5131,1315,15,9
5132,1315,17,9
5133,1316,21,5
5134,1316,20,11
5135,1317,15,19
5136,1317,1,8
5137,1318,19,3
5138,1318,19,16
5139,1318,18,15
5140,1318,2,0
5141,1319,7,17
5142,1319,6,14
5143,1320,10,7
5144,1320,8,6
5145,1320,5,17
5146,1320,9,23
5147,1320,20,14
5148,1321,24,2
5149,1321,4,5
5150,1321,1,14
5151,1322,14,3
5152,1322,12,15
5153,1323,18,3
5154,1324,21,23
5155,1324,17,0
5156,1324,12,18
5157,1324,4,1
5158,1324,7,10
5159,1324,9,0
5160,1324,18,24
5161,1325,2,8
5162,1325,4,13
5163,1325,2,23
5164,1325,4,5
5165,1325,12,8
5166,1325,6,4
5167,1325,15,19
5168,1326,11,20
5169,1326,10,22
5170,1326,20,2
5171,1326,16,10
5172,1327,14,4
5173,1327,11,9
5174,1327,20,19
5175,1327,9,17
5176,1328,20,12
5177,1328,2,10
5178,1328,24,14
5179,1329,19,21
5180,1329,16,7
5181,1329,4,20
5182,1329,15,17
5183,1330,16,4
5184,1330,9,0
5185,1330,7,1
5186,1330,2,15
5187,1331,20,24
5188,1332,7,0
5189,1332,4,14
5190,1332,21,6
5191,1332,11,22
5192,1333,18,22
5193,1333,6,21
5194,1333,10,14
5195,1333,0,10
5196,1334,17,13
5197,1335,12,16
5198,1335,21,3
5199,1335,23,2
5200,1335,17,15
5201,1335,3,9
5202,1335,3,14
5203,1336,18,12
5204,1336,16,10
5205,1336,7,9
5206,1336,21,0
5207,1337,0,3
5208,1337,4,7
5209,1337,3,17
5210,1337,14,11
5211,1338,4,23
5212,1338,18,2
5213,1338,2,5
5214,1338,16,10
5215,1338,0,17
5216,1339,21,11
5217,1339,2,5
5218,1339,11,21
5219,1339,2,12
5220,1339,13,10
5221,1339,7,16
5222,1339,7,4
5223,1339,0,21
5224,1340,2,13
5225,1341,12,5
5226,1341,18,22
5227,1341,19,6
5228,1341,20,19
5229,1341,12,2
5230,1341,17,5
5231,1342,22,11
5232,1342,11,3
5233,1342,10,4
5234,1342,11,4
5235,1343,22,10
5236,1343,20,11
5237,1343,10,9
5238,1343,1,21
5239,1343,23,7
5240,1344,23,12
5241,1344,20,12
5242,1344,9,19
5243,1345,22,12
5244,1345,13,10
5245,1345,12,14
5246,1345,12,16
5247,1346,24,4
5248,1346,23,4
5249,1346,0,21
5250,1346,4,2
5251,1346,8,22
5252,1346,13,7
5253,1346,20,12
5254,1346,6,0
5255,1347,24,20
5256,1347,6,4
5257,1348,10,14
5258,1348,22,5
5259,1348,7,4
5260,1348,23,16
5261,1348,18,9
5262,1349,3,19
5263,1349,8,24
5264,1349,10,0
5265,1349,18,16
5266,1350,9,10
5267,1350,10,18
5268,1350,18,8
5269,1350,4,24
5270,1350,23,11
5271,1350,16,7
5272,1350,5,15
5273,1350,22,11
5274,1351,22,2
5275,1351,2,16
5276,1351,2,20
5277,1351,1,15
5278,1352,1,17
5279,1352,3,10
5280,1352,1,20
5281,1353,10,3
5282,1353,7,0
5283,1353,5,22
5284,1353,5,11
5285,1353,12,3
5286,1354,22,9
5287,1354,22,5
5288,1354,11,3
5289,1354,6,22
5290,1355,0,13
5291,1355,19,7
5292,1355,4,8
5293,1355,11,14
5294,1355,4,7
5295,1355,17,2
5296,1355,3,22
5297,1356,19,1
5298,1356,11,5
5299,1356,6,22
5300,1356,13,16
5301,1356,15,9
5302,1356,23,16
5303,1357,3,15
5304,1358,3,9
5305,1359,9,18
5306,1359,7,20
5307,1359,7,17
5308,1359,24,13
5309,1359,22,2
5310,1359,10,17
5311,1359,6,14
5312,1360,6,24
5313,1360,14,5
5314,1360,9,7
5315,1361,14,4
5316,1361,4,8
5317,1361,10,3
5318,1361,15,5
5319,1361,13,15
5320,1362,7,23
5321,1362,3,15
5322,1362,9,2
5323,1362,8,14
5324,1362,23,8
5325,1362,9,11
5326,1362,13,22
5327,1362,20,17
5328,1363,4,5
5329,1363,0,14
5330,1363,10,23
5331,1364,10,24
5332,1364,24,7
5333,1364,22,12
5334,1365,14,1
5335,1365,2,4
5336,1365,17,14
5337,1366,13,0
5338,1366,20,9
5339,1366,1,12
5340,1367,13,9
5341,1367,22,5
5342,1367,7,10
5343,1367,1,13
5344,1368,17,15
5345,1368,18,9
5346,1369,15,18
5347,1369,15,8
5348,1369,5,9
5349,1369,16,12
5350,1370,13,15
5351,1370,6,0
5352,1370,14,12
5353,1370,22,24
5354,1371,12,15
5355,1371,24,15
5356,1372,21,13
5357,1372,2,24
5358,1372,10,18
5359,1372,2,19
5360,1372,8,16
5361,1373,19,4
5362,1373,14,12
5363,1374,24,12
5364,1374,19,12
5365,1374,14,5
5366,1374,23,11
5367,1374,16,19
5368,1375,16,22
5369,1375,9,7
5370,1375,9,5
5371,1376,3,16
5372,1376,21,9
5373,1377,16,1
5374,1377,7,1
5375,1377,19,23
5376,1377,7,11
5377,1378,23,12
5378,1378,15,4
5379,1378,2,24
5380,1378,1,8
5381,1379,3,0
5382,1379,3,17
5383,1379,23,12
5384,1380,8,17
5385,1380,19,17
5386,1380,2,15
5387,1380,21,18
5388,1381,5,4
5389,1382,10,6
5390,1382,24,1
5391,1382,19,21
5392,1382,20,23
5393,1382,23,9
5394,1382,22,10
5395,1383,13,0
5396,1383,22,3
5397,1383,3,12
5398,1383,6,17
5399,1383,0,10
5400,1383,7,21
5401,1384,0,12
5402,1384,0,11
5403,1384,11,18
5404,1384,2,9
5405,1385,2,6
5406,1385,1,22
5407,1385,22,1
5408,1385,10,2
5409,1385,19,20
5410,1385,12,20
5411,1386,18,5
5412,1386,12,20
5413,1386,6,20
5414,1386,16,3
5415,1386,20,14
5416,1386,14,8
5417,1387,14,8
5418,1387,5,8
5419,1387,6,24
5420,1388,21,17
5421,1388,7,4
5422,1388,10,7
5423,1388,24,0
5424,1388,15,11
5425,1389,10,18
5426,1389,2,20
5427,1389,17,21
5428,1389,17,23
5429,1389,2,9
5430,1390,9,12
5431,1390,19,20
5432,1391,24,2
5433,1391,0,12
5434,1391,0,15
5435,1391,15,12
5436,1391,2,8
5437,1391,20,16
5438,1391,22,0
5439,1391,13,2
5440,1392,14,20
5441,1392,12,22
5442,1392,14,0
5443,1392,5,7
5444,1392,6,22
5445,1392,16,12
5446,1392,0,16
5447,1392,17,13
5448,1393,13,20
5449,1393,10,19
5450,1394,19,8
5451,1394,14,5
5452,1394,10,2
5453,1394,18,9
5454,1394,5,12
5455,1395,4,11
5456,1395,9,0
5457,1395,13,5
5458,1395,9,21
5459,1395,14,18
5460,1396,17,0
5461,1396,11,14
5462,1396,6,16
5463,1397,16,4
5464,1397,18,10
5465,1397,5,3
5466,1397,0,18
5467,1397,18,5
5468,1397,24,22
5469,1398,19,4
5470,1399,17,24
5471,1399,6,2
5472,1399,18,4
5473,1399,17,4
5474,1399,9,20
5475,1400,2,20
5476,1400,4,5
5477,1400,10,20
5478,1400,5,9
5479,1400,15,7
5480,1401,23,1
5481,1401,11,24
5482,1401,13,17
5483,1401,17,1
5484,1401,19,5
5485,1402,12,10
5486,1402,3,18
5487,1403,5,2
5488,1403,14,23
5489,1403,8,16
5490,1404,5,2
5491,1404,19,17
5492,1404,9,0
5493,1404,10,24
5494,1404,2,19
5495,1404,7,10
5496,1406,3,10
5497,1406,10,7
5498,1406,22,8
5499,1406,0,13
5500,1406,20,17
5501,1406,14,5
5502,1407,14,18
5503,1407,3,20
5504,1407,4,23
5505,1408,6,12
5506,1408,21,13
5507,1408,15,24
5508,1408,9,5
5509,1408,12,18
5510,1409,3,19
5511,1409,18,24
5512,1409,20,11
5513,1409,11,7
5514,1409,18,2
5515,1410,10,2
5516,1410,1,10
5517,1411,10,22
5518,1411,11,19
5519,1411,14,11
5520,1411,1,8
5521,1411,12,9
5522,1411,7,5
5523,1412,7,14
5524,1412,23,15
5525,1412,12,5
5526,1412,16,10
5527,1413,4,10
5528,1413,8,15
5529,1413,3,24
5530,1414,24,10
5531,1414,8,4
5532,1414,17,20
5533,1414,4,8
5534,1414,0,23
5535,1414,7,19
5536,1415,6,16
5537,1416,12,23
5538,1416,21,9
5539,1416,0,21
5540,1416,24,6
5541,1416,0,24
5542,1417,7,18
5543,1417,6,22
5544,1417,6,3
5545,1418,12,10
5546,1418,1,10
5547,1419,1,22
5548,1419,16,1
5549,1420,20,3
5550,1420,6,8
5551,1420,18,1
5552,1420,7,1
5553,1420,4,8
5554,1420,1,20
5555,1420,5,23
5556,1421,13,22
5557,1421,23,10
5558,1421,19,5
5559,1421,11,7
5560,1421,10,13
5561,1421,9,11
5562,1422,2,14
5563,1422,12,1
5564,1422,16,3
5565,1422,13,3
5566,1423,15,7
5567,1423,4,7
5568,1424,9,12
5569,1424,17,0
5570,1424,4,20
5571,1425,4,8
5572,1425,15,18
5573,1425,11,13
5574,1425,24,10
5575,1426,3,17
5576,1426,7,16
5577,1426,5,13
5578,1427,10,21
5579,1427,23,12
5580,1427,6,15
5581,1427,22,9
5582,1427,16,2
5583,1428,21,17
5584,1428,17,13
5585,1428,22,5
5586,1429,2,4
5587,1429,1,8
5588,1429,21,4
5589,1429,0,16
5590,1430,16,19
5591,1430,11,19
5592,1431,18,12
5593,1431,11,24
5594,1432,1,24
5595,1432,8,5
5596,1432,0,23
5597,1433,18,24
5598,1433,11,3
5599,1433,4,18
5600,1433,4,5
5601,1434,24,11
5602,1434,19,8
5603,1435,4,24
5604,1435,3,23
5605,1435,24,8
5606,1435,19,0
5607,1435,9,5
5608,1435,12,21
5609,1436,23,21
5610,1436,12,2
5611,1436,19,10
5612,1436,10,17
5613,1436,3,21
5614,1437,15,6
5615,1437,11,18
5616,1437,6,16
5617,1437,1,5
5618,1437,6,20
5619,1437,2,16
5620,1437,17,9
5621,1437,11,4
5622,1438,13,17
5623,1438,12,24
5624,1440,9,13
5625,1440,16,22
5626,1441,17,1
5627,1441,16,23
5628,1442,20,7
5629,1442,2,21
5630,1442,6,21
5631,1442,16,0
5632,1442,2,14
5633,1442,1,11
5634,1443,0,18
5635,1443,21,0
5636,1443,4,5
5637,1443,0,23
5638,1443,1,4
5639,1443,11,14
5640,1443,24,13
5641,1443,22,20
5642,1443,9,23
5643,1444,21,0
5644,1444,7,1
5645,1445,21,3
5646,1445,1,4
5647,1445,23,14
5648,1445,21,18
5649,1446,17,3
5650,1446,9,21
5651,1447,10,22
5652,1447,23,20
5653,1447,18,11
5654,1447,15,13
5655,1448,19,1
5656,1448,0,3
5657,1448,10,1
5658,1448,14,10
5659,1448,22,11
5660,1448,7,10
5661,1449,11,3
5662,1449,15,7
5663,1449,17,6
5664,1449,15,8
5665,1449,1,11
5666,1449,9,21
5667,1450,18,14
5668,1450,16,24
5669,1450,12,0
5670,1450,1,16
5671,1451,14,24
5672,1451,24,10
5673,1451,20,4
5674,1451,9,10
5675,1451,12,23
5676,1451,11,17
5677,1451,18,2
5678,1451,7,0
5679,1451,6,15
5680,1451,6,4
5681,1452,24,18
5682,1454,12,22
5683,1454,12,5
5684,1454,16,0
5685,1454,21,19
5686,1454,7,15
5687,1454,18,24
5688,1454,11,18
5689,1455,16,12
5690,1455,16,2
5691,1455,20,13
5692,1455,12,5
5693,1455,19,0
5694,1455,2,24
5695,1456,20,13
5696,1456,1,22
5697,1456,16,18
5698,1456,23,15
5699,1456,9,15
5700,1456,19,16
5701,1457,2,24
5702,1458,23,16
5703,1459,4,7
5704,1459,19,7
5705,1459,23,17
5706,1460,11,21
5707,1460,14,12
5708,1460,23,21
5709,1460,4,22
5710,1460,18,5
5711,1460,9,24
5712,1461,0,13
5713,1461,4,20
5714,1461,3,13
5715,1461,11,9
5716,1462,23,1
5717,1462,12,3
5718,1462,5,13
5719,1463,18,5
5720,1463,8,10
5721,1463,18,2
5722,1463,23,12
5723,1463,7,15
5724,1464,11,19
5725,1464,7,23
5726,1464,14,16
5727,1465,17,15
5728,1465,5,8
5729,1465,24,6
5730,1465,19,9
5731,1465,9,6
5732,1465,5,1
5733,1466,4,17
5734,1466,22,5
5735,1467,21,1
5736,1467,15,19
5737,1467,21,19
5738,1467,9,10
5739,1467,14,20
5740,1468,1,23
5741,1468,9,19
5742,1468,1,23
5743,1469,6,23
5744,1469,19,3
5745,1469,0,23
5746,1470,8,14
5747,1471,19,16
5748,1471,24,2
5749,1471,20,14
5750,1471,9,21
5751,1471,15,3
5752,1471,15,17
5753,1471,6,16
5754,1471,8,4
5755,1472,15,12
5756,1472,8,22
5757,1472,3,1
5758,1472,4,11
5759,1473,8,6
5760,1473,15,6
5761,1473,24,1
5762,1473,14,18
5763,1473,8,15
5764,1474,24,13
5765,1474,20,9
5766,1474,15,22
5767,1475,17,4
5768,1475,12,9
5769,1475,12,8
5770,1475,9,24
5771,1476,1,24
5772,1476,8,21
5773,1476,24,0
5774,1477,7,16
5775,1477,2,0
5776,1477,1,5
5777,1477,23,15
5778,1477,1,10
5779,1477,8,11
5780,1478,21,4
5781,1478,10,21
5782,1478,0,19
5783,1478,20,0
5784,1478,6,10
5785,1479,9,15
5786,1479,16,7
5787,1480,0,13
5788,1480,20,10
5789,1481,24,0
5790,1481,22,13
5791,1481,8,0
5792,1481,2,10
5793,1482,4,12
5794,1483,17,20
5795,1483,22,12
5796,1483,20,4
5797,1484,8,1
5798,1484,8,16
5799,1484,1,23
5800,1485,5,4
5801,1485,14,12
5802,1485,5,17
5803,1485,16,8
5804,1485,13,24
5805,1485,20,8
5806,1485,22,14
5807,1485,16,5
5808,1486,3,15
5809,1486,15,22
5810,1486,8,6
5811,1487,1,24
5812,1487,6,0
5813,1488,1,11
5814,1488,2,8
5815,1488,2,12
5816,1488,17,5
5817,1488,5,13
5818,1488,15,5
5819,1489,5,2
5820,1489,2,9
5821,1489,4,14
5822,1489,16,23
5823,1490,20,12
5824,1490,1,13
5825,1491,17,4
5826,1491,10,20
5827,1491,20,6
5828,1491,22,20
5829,1491,21,13
5830,1492,23,4
5831,1492,0,4
5832,1492,3,7
5833,1492,24,3
5834,1493,14,1
5835,1493,19,13
5836,1494,14,2
5837,1494,21,8
5838,1494,18,14
5839,1494,20,10
5840,1494,3,15
5841,1495,15,17
5842,1495,14,11
5843,1495,8,19
5844,1496,2,10
5845,1496,5,19
5846,1496,9,5
5847,1497,12,14
5848,1497,19,12
5849,1497,7,16
5850,1497,8,11
5851,1498,10,22
5852,1498,14,11
5853,1498,6,4
5854,1498,16,22
5855,1498,16,18
5856,1499,12,4
5857,1499,1,17
5858,1499,18,6
5859,1500,24,17
5860,1501,2,6
5861,1501,6,0
5862,1502,6,10
5863,1502,20,18
5864,1502,0,15
5865,1502,12,18
5866,1503,20,12
5867,1503,19,12
5868,1503,8,17
5869,1504,20,0
5870,1504,10,8
5871,1505,9,23
5872,1505,9,0
5873,1505,9,17
5874,1505,14,20
5875,1505,7,5
5876,1506,9,16
5877,1506,19,17
5878,1506,3,19
5879,1507,19,10
5880,1507,23,15
5881,1507,23,4
5882,1507,15,17
5883,1507,24,10
5884,1507,3,23
5885,1508,18,7
5886,1508,17,9
5887,1509,15,24
5888,1509,19,16
5889,1509,22,2
5890,1509,6,13
5891,1509,9,5
5892,1509,6,20
5893,1509,7,21
5894,1510,11,4
5895,1510,17,6
5896,1510,11,14
5897,1510,5,21
5898,1510,16,18
5899,1510,15,23
5900,1510,10,16
5901,1511,15,0
5902,1511,11,4
5903,1512,16,13
5904,1512,24,21
5905,1512,11,0
5906,1512,18,20
5907,1512,22,1
5908,1513,13,7
5909,1513,12,23
5910,1514,9,5
5911,1515,5,16
5912,1515,15,5
5913,1516,3,20
5914,1516,22,4
5915,1517,1,14
5916,1517,4,8
5917,1517,9,21
5918,1517,16,24
5919,1517,0,13
5920,1518,21,3
5921,1518,8,10
5922,1518,24,11
5923,1518,20,24
5924,1518,21,6
5925,1518,9,13
5926,1518,22,1
5927,1519,15,1
5928,1519,4,1
5929,1519,21,15
5930,1519,13,22
5931,1519,5,8
5932,1520,4,1
5933,1520,22,7
5934,1520,16,23
5935,1520,13,3
5936,1521,22,3
5937,1521,20,3
5938,1521,0,9
5939,1521,17,3
5940,1521,9,22
5941,1522,21,9
5942,1522,11,7
5943,1523,10,23
5944,1523,4,0
5945,1523,15,7
5946,1523,22,12
5947,1523,8,16
5948,1524,16,22
5949,1524,14,2
5950,1525,12,10
5951,1525,18,0
5952,1526,16,1
5953,1526,14,6
5954,1526,3,20
5955,1526,22,20
5956,1526,6,16
5957,1527,24,1
5958,1527,11,24
5959,1527,13,10
5960,1528,18,20
5961,1528,1,14
5962,1528,5,21
5963,1528,14,12
5964,1528,13,17
5965,1529,17,9
5966,1529,1,4
5967,1529,18,24
5968,1529,20,12
5969,1529,4,18
5970,1529,5,24
5971,1530,16,0
5972,1530,22,5
5973,1530,3,0
5974,1531,21,1
5975,1531,5,19
5976,1531,0,11
5977,1531,23,5
5978,1531,8,24
5979,1531,22,24
5980,1532,2,13
5981,1532,14,4
5982,1532,12,22
5983,1532,20,1
5984,1532,0,9
5985,1533,9,24
5986,1533,14,3
5987,1533,24,12
5988,1533,8,1
5989,1534,5,2
5990,1534,9,18
5991,1534,22,1
5992,1534,4,2
5993,1535,10,21
5994,1535,7,23
5995,1535,5,23
5996,1535,11,20
5997,1535,22,13
5998,1535,14,4
5999,1536,4,22
6000,1536,2,0
6001,1536,17,0
6002,1536,14,4
6003,1536,6,16
6004,1536,16,1
6005,1536,0,8
6006,1537,0,10
6007,1537,22,13
6008,1537,24,9
6009,1537,10,19
6010,1538,1,5
6011,1538,13,1
6012,1539,20,11
6013,1539,10,16
6014,1539,11,1
6015,1539,11,24
6016,1540,19,13
6017,1540,23,7
6018,1540,9,2
6019,1540,2,24
6020,1540,1,9
6021,1540,22,8
6022,1541,11,22
6023,1541,1,19
6024,1541,4,22
6025,1542,6,21
6026,1542,20,5
6027,1542,7,13
6028,1542,2,19
6029,1542,11,19
6030,1542,7,20
6031,1543,22,13
6032,1543,11,14
6033,1543,13,11
6034,1543,22,14
6035,1544,8,20
6036,1544,10,21
6037,1545,1,18
6038,1545,14,11
6039,1545,5,18
6040,1545,23,6
6041,1545,10,6
6042,1545,24,1
6043,1545,4,2
6044,1546,5,12
6045,1546,8,20
6046,1546,22,10
6047,1546,10,21
6048,1546,16,8
6049,1546,4,21
6050,1547,17,14
6051,1547,12,22
6052,1547,1,12
6053,1547,11,21
6054,1548,14,5
6055,1548,15,21
6056,1548,5,9
6057,1548,2,18
6058,1548,19,3
6059,1549,7,17
6060,1549,16,23
6061,1549,24,0
6062,1549,17,2
6063,1549,22,20
6064,1549,23,7
6065,1549,6,3
6066,1550,2,16
6067,1550,18,20
6068,1550,18,22
6069,1550,10,16
6070,1551,1,12
6071,1551,21,1
6072,1551,0,18
6073,1551,7,10
6074,1551,15,13
6075,1551,18,24
6076,1551,4,13
6077,1552,18,15
6078,1552,6,2
6079,1552,7,21
6080,1552,10,6
6081,1553,5,3
6082,1553,18,3
6083,1553,1,12
6084,1553,12,2
6085,1553,2,9
6086,1553,18,24
6087,1553,2,16
6088,1554,0,3
6089,1554,1,3
6090,1554,12,15
6091,1554,21,13
6092,1554,2,24
6093,1554,23,11
6094,1554,12,6
6095,1555,23,20
6096,1555,15,0
6097,1555,15,23
6098,1555,14,8
6099,1555,24,16
6100,1555,10,19
6101,1555,11,17
6102,1555,7,11
6103,1555,1,20
6104,1556,14,22
6105,1556,22,0
6106,1556,6,2
6107,1556,6,2
6108,1556,13,3
6109,1556,17,7
6110,1556,15,24
6111,1556,0,3
6112,1557,20,23
6113,1557,24,8
6114,1557,5,16
6115,1557,18,2
6116,1557,0,19
6117,1557,2,12
6118,1558,24,7
6119,1558,7,19
6120,1558,24,14
6121,1558,7,13
6122,1558,9,11
6123,1558,17,20
6124,1558,23,16
6125,1558,5,17
6126,1558,6,4
6127,1559,8,14
6128,1559,7,22
6129,1559,13,24
6130,1560,12,8
6131,1560,13,10
6132,1560,9,21
6133,1560,18,2
6134,1561,23,3
6135,1561,3,10
6136,1561,11,17
6137,1561,9,22
6138,1561,13,10
6139,1562,3,20
6140,1562,9,12
6141,1563,24,12
6142,1563,13,0
6143,1563,16,24
6144,1563,4,1
6145,1563,20,19
6146,1563,6,22
6147,1563,19,21
6148,1563,5,13
6149,1564,21,13
6150,1564,23,12
6151,1564,9,23
6152,1565,2,0
6153,1565,14,10
6154,1565,4,1
6155,1565,19,6
6156,1565,10,20
6157,1565,16,4
6158,1566,11,3
6159,1566,16,9
6160,1566,0,24
6161,1567,4,18
6162,1567,7,22
6163,1567,1,13
6164,1568,16,4
6165,1568,13,16
6166,1568,21,8
6167,1568,18,3
6168,1568,5,11
6169,1569,19,16
6170,1569,8,15
6171,1569,2,24
6172,1569,24,6
6173,1569,24,15
6174,1570,11,15
6175,1570,4,18
6176,1570,17,24
6177,1571,13,17
6178,1571,2,18
6179,1571,8,18
6180,1571,2,19
6181,1571,11,19
6182,1572,11,18
6183,1572,5,19
6184,1572,7,14
6185,1572,9,23
6186,1572,24,6
6187,1572,3,7
6188,1573,12,15
6189,1573,8,10
6190,1573,0,13
6191,1573,16,5
6192,1573,5,23
6193,1573,5,8
6194,1574,8,18
6195,1574,2,9
6196,1574,10,16
6197,1574,15,2
6198,1574,16,2
6199,1575,4,17
6200,1575,10,24
6201,1575,19,11
6202,1575,8,2
6203,1575,22,20
6204,1576,9,23
6205,1576,19,12
6206,1576,19,22
6207,1577,1,10
6208,1577,17,8
6209,1577,20,5
6210,1577,1,11
6211,1577,21,0
6212,1578,12,15
6213,1578,5,7
6214,1579,6,22
6215,1579,12,23
6216,1579,3,13
6217,1580,7,0
6218,1580,1,11
6219,1580,11,20
6220,1580,22,1
6221,1580,22,5
6222,1581,1,7
6223,1581,5,4
6224,1582,7,4
6225,1582,1,24
6226,1582,5,15
6227,1582,18,1
6228,1583,5,20
6229,1583,3,5
6230,1583,18,20
6231,1583,22,15
6232,1583,23,20
6233,1583,9,2
6234,1584,13,23
6235,1584,0,23
6236,1584,8,11
6237,1585,1,3
6238,1586,3,5
6239,1586,22,16
6240,1586,8,18
6241,1586,10,14
6242,1587,18,24
6243,1587,21,0
6244,1587,11,15
6245,1587,20,3
6246,1587,4,19
6247,1588,21,3
6248,1588,0,6
6249,1588,6,19
6250,1588,16,24
6251,1589,18,15
6252,1589,8,5
6253,1589,0,17
6254,1589,5,23
6255,1590,2,11
6256,1590,15,18
6257,1590,21,10
6258,1590,18,3
6259,1590,19,15
6260,1591,10,3
6261,1591,11,8
6262,1591,21,3
6263,1591,17,1
6264,1592,12,3
6265,1592,16,24
6266,1592,22,2
6267,1592,10,1
6268,1592,21,15
6269,1593,0,12
6270,1593,16,20
6271,1593,22,18
6272,1593,1,13
6273,1593,0,4
6274,1594,5,13
6275,1594,8,11
6276,1594,4,12
6277,1595,8,16
6278,1596,19,12
6279,1596,10,16
6280,1596,10,9
6281,1596,9,0
6282,1597,2,23
6283,1597,15,7
6284,1597,12,0
6285,1597,4,16
6286,1597,7,13
6287,1597,10,19
6288,1598,16,7
6289,1598,1,14
6290,1598,23,20
6291,1599,6,15
6292,1599,18,12
6293,1599,17,0
6294,1599,15,22
6295,1600,12,23
6296,1600,18,7
6297,1600,24,3
6298,1600,19,12
6299,1601,0,3
6300,1601,14,22
6301,1601,7,1
6302,1601,8,17
6303,1601,9,1
6304,1601,7,21
6305,1601,17,15
6306,1602,24,0
6307,1602,13,21
6308,1602,14,8
6309,1603,4,21
6310,1604,22,7
6311,1604,10,21
6312,1604,23,15
6313,1604,1,17
6314,1604,24,12
6315,1605,24,6
6316,1605,1,3
6317,1605,9,6
6318,1606,16,2
6319,1607,17,21
6320,1607,5,3
6321,1607,10,9
6322,1607,14,22
6323,1607,5,20
6324,1607,22,8
6325,1608,6,13
6326,1608,3,12
6327,1608,22,6
6328,1608,24,8
6329,1608,19,0
6330,1608,19,5
6331,1608,6,23
6332,1608,15,9
6333,1609,4,21
6334,1609,0,19
6335,1609,12,9
6336,1609,23,0
6337,1609,24,8
6338,1610,8,20
6339,1610,3,24
6340,1610,24,1
6341,1610,6,2
6342,1611,2,20
6343,1611,7,16
6344,1611,20,3
6345,1611,20,19
6346,1611,8,16
6347,1611,14,20
6348,1611,18,15
6349,1612,18,0
6350,1612,9,5
6351,1612,10,18
6352,1613,14,10
6353,1614,24,5
6354,1614,22,20
6355,1614,0,7
6356,1614,19,23
6357,1616,15,12
6358,1616,20,10
6359,1616,17,20
6360,1616,21,15
6361,1617,16,13
6362,1617,13,22
6363,1618,4,16
6364,1618,11,8
6365,1618,17,0
6366,1618,21,19
6367,1618,19,15
6368,1618,19,5
6369,1619,14,21
6370,1619,16,7
6371,1619,2,6
6372,1619,9,21
6373,1619,5,19
6374,1619,16,5
6375,1619,0,2
6376,1619,6,10
6377,1620,7,9
6378,1620,7,9
6379,1620,23,6
6380,1620,9,5
6381,1620,5,8
6382,1620,18,4
6383,1621,2,5
6384,1622,4,19
6385,1622,0,2
6386,1622,24,4
6387,1623,12,3
6388,1623,5,13
6389,1624,3,17
6390,1624,19,22
6391,1624,14,12
6392,1624,14,20
6393,1625,8,20
6394,1625,19,4
6395,1626,20,24
6396,1626,23,12
6397,1626,18,3
6398,1626,8,1
6399,1626,19,0
6400,1627,16,22
6401,1627,23,7
6402,1627,10,0
6403,1628,14,12
6404,1628,8,5
6405,1628,19,5
6406,1629,18,10
6407,1629,15,24
6408,1630,0,23
6409,1630,19,3
6410,1630,5,14
6411,1630,12,2
6412,1632,24,12
6413,1632,12,20
6414,1632,12,8
6415,1632,9,1
6416,1632,0,6
6417,1632,1,12
6418,1632,9,11
6419,1632,1,11
6420,1632,7,20
6421,1632,22,7
6422,1633,8,14
6423,1634,9,19
6424,1634,8,11
6425,1634,1,8
6426,1634,2,17
6427,1634,8,15
6428,1635,10,14
6429,1635,18,15
6430,1636,9,0
6431,1636,22,4
6432,1636,12,10
6433,1637,0,19
6434,1637,2,16
6435,1637,6,23
6436,1637,5,1
6437,1638,13,9
6438,1638,12,2
6439,1638,13,11
6440,1639,3,12
6441,1640,1,14
6442,1640,5,17
6443,1641,4,14
6444,1642,20,1
6445,1642,12,21
6446,1642,0,9
6447,1642,3,17
6448,1643,17,6
6449,1643,19,9
6450,1644,19,4
6451,1644,22,15
6452,1644,16,19
6453,1644,7,0
6454,1644,19,20
6455,1644,23,8
6456,1644,8,14
6457,1644,7,23
6458,1645,2,5
6459,1646,0,23
6460,1646,20,19
6461,1647,18,20
6462,1647,3,14
6463,1647,3,20
6464,1647,24,12
6465,1647,18,5
6466,1647,17,3
6467,1647,23,2
6468,1648,11,22
6469,1648,23,11
6470,1648,16,20
6471,1649,16,4
6472,1649,2,0
6473,1649,14,3
6474,1649,14,3
6475,1649,15,9
6476,1649,15,0
6477,1649,7,0
6478,1650,22,10
6479,1650,12,10
6480,1650,24,17
6481,1650,3,15
6482,1651,24,6
6483,1651,15,4
6484,1651,11,21
6485,1651,13,11
6486,1651,2,11
6487,1653,13,9
6488,1653,21,12
6489,1654,2,18
6490,1654,3,9
6491,1654,21,3
6492,1655,0,17
6493,1655,12,4
6494,1655,2,21
6495,1656,15,12
6496,1656,4,15
6497,1656,22,14
6498,1656,17,11
6499,1656,2,0
6500,1656,13,23
6501,1656,8,2
6502,1656,8,1
6503,1657,0,23
6504,1657,13,6
6505,1657,1,21
6506,1657,3,22
6507,1658,21,4
6508,1658,10,9
6509,1659,10,1
6510,1659,5,15
6511,1659,12,1
6512,1659,16,8
6513,1659,7,4
6514,1659,0,7
6515,1660,12,5
6516,1660,3,15
6517,1660,11,2
6518,1660,23,13
6519,1661,11,9
6520,1661,4,0
6521,1661,4,11
6522,1662,17,4
6523,1662,19,22
6524,1663,24,3
6525,1663,24,11
6526,1663,9,12
6527,1665,1,22
6528,1665,24,10
6529,1665,6,19
6530,1666,19,3
6531,1666,0,17
6532,1666,18,15
6533,1666,21,2
6534,1666,11,14
6535,1666,14,16
6536,1666,11,5
6537,1666,15,17
6538,1666,23,15
6539,1667,20,19
6540,1667,8,17
6541,1667,17,6
6542,1667,16,19
6543,1667,22,0
6544,1667,0,10
6545,1667,18,4
6546,1668,9,16
6547,1668,21,12
6548,1668,6,14
6549,1668,2,6
6550,1669,24,9
6551,1669,8,5
6552,1670,16,19
6553,1670,6,10
6554,1670,7,23
6555,1671,3,7
6556,1671,15,8
6557,1671,1,9
6558,1671,0,20
6559,1671,16,4
6560,1671,23,19
6561,1672,20,16
6562,1672,7,1
6563,1672,24,14
6564,1672,7,10
6565,1672,19,8
6566,1672,2,5
6567,1673,14,15
6568,1673,20,11
6569,1673,20,5
6570,1674,2,6
6571,1674,8,6
6572,1674,0,13
6573,1674,4,2
6574,1674,3,14
6575,1675,10,13
6576,1675,16,2
6577,1675,4,22
6578,1675,17,6
6579,1675,5,17
6580,1675,18,10
6581,1676,2,13
6582,1676,14,3
6583,1676,0,16
6584,1676,13,0
6585,1677,7,20
6586,1677,8,20
6587,1677,22,19
6588,1677,14,5
6589,1678,18,9
6590,1678,6,18
6591,1678,16,8
6592,1679,10,13
6593,1679,0,17
6594,1679,1,18
6595,1679,8,11
6596,1679,24,20
6597,1680,8,18
6598,1680,20,10
6599,1680,22,9
6600,1680,3,17
6601,1680,9,1
6602,1681,21,18
6603,1681,13,10
6604,1682,20,6
6605,1682,24,13
6606,1682,12,10
6607,1682,19,8
6608,1682,19,8
6609,1682,11,19
6610,1683,12,16
6611,1683,1,11
6612,1683,3,23
6613,1683,10,3
6614,1683,20,18
6615,1683,17,15
6616,1683,14,7
6617,1684,19,12
6618,1684,19,22
6619,1684,3,13
6620,1684,0,18
6621,1685,22,1
6622,1685,17,7
6623,1685,18,14
6624,1686,3,24
6625,1686,1,4
6626,1686,3,0
6627,1686,15,2
6628,1686,8,24
6629,1686,24,2
6630,1687,20,4
6631,1688,13,17
6632,1688,21,24
6633,1688,1,16
6634,1688,7,21
6635,1688,2,14
6636,1688,3,20
6637,1689,23,9
6638,1689,5,2
6639,1689,17,24
6640,1690,23,10
6641,1690,2,22
6642,1690,13,10
6643,1691,4,18
6644,1691,15,9
6645,1691,9,1
6646,1692,10,6
6647,1692,16,18
6648,1692,4,5
6649,1692,18,24
6650,1692,5,4
6651,1692,13,6
6652,1693,12,5
6653,1693,7,10
6654,1694,15,1
6655,1694,24,16
6656,1694,2,18
6657,1694,20,4
6658,1694,14,16
6659,1694,4,7
6660,1694,23,3
6661,1694,10,6
6662,1695,10,16
6663,1695,1,19
6664,1696,4,18
6665,1696,17,19
6666,1696,10,19
6667,1696,11,0
6668,1696,0,24
6669,1697,14,21
6670,1697,23,21
6671,1698,18,0
6672,1698,7,24
6673,1698,11,22
6674,1698,6,19
6675,1699,5,18
6676,1699,13,19
6677,1699,16,6
6678,1699,22,0
6679,1699,9,7
6680,1700,12,23
6681,1700,13,6
6682,1700,6,14
6683,1700,19,17
6684,1700,13,0
6685,1700,20,9
6686,1701,2,18
6687,1701,22,19
6688,1701,19,17
6689,1701,8,15
6690,1701,3,1
6691,1702,6,0
6692,1702,24,2
6693,1702,22,15
6694,1703,4,11
6695,1703,5,3
6696,1703,15,13
6697,1704,3,5
6698,1704,3,12
6699,1704,22,14
6700,1705,2,4
6701,1705,12,23
6702,1705,6,19
6703,1705,4,11
6704,1706,13,17
6705,1706,7,16
6706,1706,17,5
6707,1706,2,16
6708,1707,0,4
6709,1707,17,6
6710,1708,17,7
6711,1708,7,1
6712,1708,17,4
6713,1709,17,11
6714,1709,16,20
6715,1709,11,7
6716,1709,24,1
6717,1709,1,20
6718,1710,8,11
6719,1710,12,3
6720,1711,16,9
6721,1711,0,3
6722,1711,19,17
6723,1711,24,2
6724,1711,19,22
6725,1712,7,13
6726,1712,9,18
6727,1712,6,2
6728,1713,17,24
6729,1713,10,13
6730,1713,14,2
6731,1714,24,20
6732,1714,2,16
6733,1714,3,13
6734,1714,4,17
6735,1714,2,24
6736,1715,4,2
6737,1715,22,24
6738,1715,16,3
6739,1715,21,23
6740,1715,22,2
6741,1715,21,15
6742,1716,14,23
6743,1716,7,11
6744,1717,14,7
6745,1717,22,19
6746,1717,14,24
6747,1717,5,7
6748,1717,7,11
6749,1717,11,24
6750,1717,4,10
6751,1718,20,10
6752,1718,20,0
6753,1718,17,9
6754,1718,23,21
6755,1718,0,15
6756,1718,15,18
6757,1719,11,18
6758,1719,6,24
6759,1719,6,13
6760,1720,23,16
6761,1720,2,23
6762,1720,20,9
6763,1720,14,7
6764,1721,10,9
6765,1721,17,9
6766,1721,2,21
6767,1721,14,10
6768,1721,7,24
6769,1722,16,10
6770,1722,13,7
6771,1722,10,16
6772,1722,18,5
6773,1723,17,19
6774,1723,4,10
6775,1723,23,9
6776,1723,6,12
6777,1724,17,9
6778,1725,4,24
6779,1725,3,21
6780,1725,13,9
6781,1726,9,6
6782,1726,20,11
6783,1726,3,15
6784,1727,16,1
6785,1727,23,13
6786,1727,1,18
6787,1727,22,16
6788,1727,18,6
6789,1727,10,22
6790,1728,5,14
6791,1729,7,21
6792,1729,12,6
6793,1729,4,17
6794,1730,3,20
6795,1730,15,0
6796,1731,15,19
6797,1731,13,23
6798,1731,20,17
6799,1731,4,5
6800,1731,21,3
6801,1732,20,7
6802,1732,24,13
6803,1732,19,15
6804,1732,22,15
6805,1733,17,21
6806,1733,5,7
6807,1733,18,2
6808,1733,17,3
6809,1734,3,5
6810,1734,22,6
6811,1734,17,20
6812,1734,18,4
6813,1734,4,6
6814,1734,14,5
6815,1734,22,6
6816,1735,7,20
6817,1736,1,22
6818,1737,11,13
6819,1737,9,15
6820,1737,3,24
6821,1737,10,23
6822,1738,5,2
6823,1739,15,7
6824,1739,1,15
6825,1739,16,6
6826,1740,22,14
6827,1740,19,22
6828,1740,2,24
6829,1740,1,15
6830,1741,15,22
6831,1741,22,11
6832,1741,20,13
6833,1741,24,22
6834,1742,22,0
6835,1742,4,23
6836,1742,16,9
6837,1742,6,24
6838,1742,20,14
6839,1742,0,4
6840,1742,13,16
6841,1742,24,12
6842,1743,7,4
6843,1743,14,6
6844,1743,12,24
6845,1743,14,8
6846,1744,8,14
6847,1744,4,16
6848,1744,8,1
6849,1744,23,0
6850,1744,20,24
6851,1744,15,11
6852,1744,0,9
6853,1745,22,11
6854,1745,16,0
6855,1746,6,4
6856,1746,4,16
6857,1746,20,2
6858,1746,23,6
6859,1746,0,16
6860,1746,7,0
6861,1747,24,13
6862,1747,10,17
6863,1747,7,4
6864,1748,6,22
6865,1748,4,5
6866,1748,2,5
6867,1748,2,19
6868,1748,8,5
6869,1749,13,22
6870,1749,10,6
6871,1749,11,17
6872,1749,15,9
6873,1750,21,19
6874,1750,18,21
6875,1751,7,4
6876,1751,17,19
6877,1751,21,12
6878,1751,17,23
6879,1751,13,1
6880,1751,15,3
6881,1752,13,11
6882,1752,9,11
6883,1752,21,11
6884,1753,7,15
6885,1753,10,19
6886,1753,1,5
6887,1753,12,1
6888,1753,18,0
6889,1753,1,16
6890,1754,12,5
6891,1755,5,7
6892,1755,22,13
6893,1755,23,20
6894,1755,5,8
6895,1755,6,20
6896,1756,9,11
6897,1756,16,6
6898,1756,10,12
6899,1756,14,11
6900,1756,15,12
6901,1757,15,4
6902,1757,0,22
6903,1757,5,18
6904,1757,0,10
6905,1758,0,4
6906,1758,7,1
6907,1758,13,6
6908,1758,24,7
6909,1758,0,15
6910,1758,15,0
6911,1759,22,18
6912,1759,5,13
6913,1760,18,8
6914,1760,4,1
6915,1760,12,14
6916,1761,8,5
6917,1761,4,6
6918,1762,14,15
6919,1762,19,13
6920,1762,2,4
6921,1762,3,23
6922,1762,1,7
6923,1762,14,0
6924,1762,23,15
6925,1763,9,21
6926,1764,4,19
6927,1764,12,21
6928,1764,15,23
6929,1764,14,4
6930,1764,22,13
6931,1764,18,12
6932,1764,15,24
6933,1765,17,2
6934,1765,17,15
6935,1766,5,14
6936,1766,18,6
6937,1766,20,7
6938,1766,2,10
6939,1767,10,0
6940,1767,13,11
6941,1767,9,17
6942,1767,18,2
6943,1768,4,16
6944,1768,16,0
6945,1769,11,1
6946,1769,9,21
6947,1769,14,5
6948,1769,2,8
6949,1769,23,4
6950,1769,20,24
6951,1769,21,17
6952,1769,18,7
6953,1770,13,17
6954,1770,6,15
6955,1770,24,16
6956,1770,13,7
6957,1770,21,10
6958,1770,22,13
6959,1770,14,6
6960,1771,12,20
6961,1771,18,14
6962,1771,13,21
6963,1771,14,17
6964,1771,12,5
6965,1771,1,19
6966,1772,11,13
6967,1772,22,5
6968,1772,20,7
6969,1772,3,16
6970,1772,23,19
6971,1773,20,9
6972,1773,10,16
6973,1773,11,1
6974,1774,21,17
6975,1775,21,2
6976,1775,6,10
6977,1775,14,20
6978,1775,20,5
6979,1775,11,24
6980,1775,7,20
6981,1776,21,7
6982,1776,8,14
6983,1776,9,24
6984,1776,10,2
6985,1777,24,17
6986,1777,7,16
6987,1778,0,24
6988,1778,0,18
6989,1779,4,6
6990,1779,19,0
6991,1779,19,4
6992,1779,24,20
6993,1780,22,18
6994,1781,14,18
6995,1781,21,12
6996,1781,20,14
6997,1781,16,22
6998,1781,4,5
6999,1781,20,23
7000,1782,9,17
7001,1782,14,18
7002,1782,2,24
7003,1782,2,24
7004,1782,7,9
7005,1782,6,20
7006,1782,19,9
7007,1783,1,16
7008,1783,2,16
7009,1783,21,17
7010,1783,6,15
7011,1783,20,18
7012,1784,16,5
7013,1784,10,1
7014,1784,17,5
7015,1784,14,15
7016,1784,22,20
7017,1785,12,19
7018,1785,10,8
7019,1785,6,20
7020,1785,10,12
7021,1785,1,17
7022,1786,5,14
7023,1786,12,24
7024,1786,17,10
7025,1786,24,8
7026,1786,3,21
7027,1787,20,1
7028,1787,3,10
7029,1787,10,0
7030,1787,11,13
7031,1788,6,22
7032,1788,0,14
7033,1789,0,16
7034,1789,10,0
7035,1789,19,12
7036,1790,22,13
7037,1790,3,23
7038,1790,11,23
7039,1791,22,16
7040,1791,22,10
7041,1791,24,0
7042,1791,21,10
7043,1792,19,4
7044,1792,10,22
7045,1792,18,11
7046,1792,5,8
7047,1792,5,20
7048,1792,0,19
7049,1792,16,3
7050,1793,24,11
7051,1793,18,3
7052,1793,18,14
7053,1794,22,12
7054,1794,6,19
7055,1794,13,24
7056,1795,22,20
7057,1795,5,18
7058,1795,1,24
7059,1795,1,7
7060,1796,23,21
7061,1796,16,20
7062,1796,14,8
7063,1796,20,9
7064,1796,20,9
7065,1796,7,11
7066,1796,13,0
7067,1797,7,10
7068,1797,4,5
7069,1797,16,12
7070,1798,9,10
7071,1798,23,5
7072,1798,2,19
7073,1799,24,3
7074,1799,22,20
7075,1799,19,17
