veh_id,t_depart,origin,dest
0,0,24,14
1,0,15,14
2,1,9,3
3,1,0,24
4,1,19,17
5,1,4,18
6,1,12,19
7,1,20,24
8,1,7,10
9,1,12,2
10,2,14,15
11,2,12,23
12,2,12,14
13,2,2,15
14,2,13,2
15,2,20,13
16,3,13,0
17,3,10,18
18,3,16,5
19,4,13,17
20,4,19,23
21,4,3,21
22,4,21,23
23,4,15,7
24,4,20,23
25,4,18,0
26,4,7,0
27,4,15,9
28,4,3,16
29,4,12,24
30,5,3,18
31,5,13,15
32,5,11,17
33,5,8,1
34,5,20,11
35,5,22,0
36,6,9,6
37,6,7,16
38,6,8,10
39,7,11,8
40,7,23,9
41,7,4,23
42,7,21,9
43,7,21,14
44,7,23,13
45,7,7,9
46,7,0,9
47,7,15,13
48,7,20,23
49,7,20,4
50,7,7,20
51,8,19,5
52,8,6,12
53,8,24,21
54,8,19,20
55,8,14,2
56,8,10,7
57,9,1,20
58,9,7,15
59,9,18,1
60,9,13,2
61,9,3,1
62,10,12,21
63,10,3,21
64,10,21,17
65,10,24,1
66,11,20,23
67,11,17,2
68,11,17,20
69,11,14,21
70,11,20,2
71,11,3,21
72,12,4,23
73,12,12,3
74,13,9,12
75,13,5,4
76,13,6,3
77,13,4,17
78,13,14,3
79,13,24,13
80,14,20,23
81,14,20,11
82,14,14,11
83,14,9,24
84,15,1,21
85,15,5,11
86,15,19,17
87,15,17,2
88,15,9,22
89,15,2,9
90,16,20,22
91,16,2,19
92,16,17,24
93,16,5,16
94,16,10,12
95,16,14,3
96,17,0,7
97,17,11,8
98,17,17,1
99,17,24,1
100,17,12,5
101,17,10,20
102,17,11,13
103,18,6,18
104,18,14,4
105,18,7,1
106,18,8,11
107,19,0,16
108,19,12,14
109,19,16,6
110,19,13,0
111,19,14,20
112,19,24,4
113,20,17,9
114,20,23,6
115,21,12,3
116,21,19,7
117,21,20,1
118,21,16,8
119,21,12,22
120,21,2,0
121,21,20,1
122,22,11,3
123,22,14,12
124,22,9,11
125,22,11,9
126,22,23,8
127,23,3,18
128,23,9,23
129,23,0,16
130,23,9,1
131,23,11,24
132,24,10,0
133,24,22,5
134,24,15,23
135,24,13,5
136,24,2,10
137,24,19,6
138,24,3,5
139,25,2,24
140,25,16,22
141,25,22,14
142,25,24,2
143,25,19,15
144,26,20,5
145,26,17,19
146,26,13,11
147,26,22,15
148,26,0,6
149,27,24,7
150,27,12,16
151,27,3,16
152,28,18,15
153,28,16,1
154,29,22,11
155,29,1,17
156,29,23,17
157,29,13,15
158,29,4,14
159,29,6,0
160,30,22,24
161,30,4,14
162,30,11,1
163,30,11,23
164,30,17,2
165,31,17,3
166,31,21,11
167,31,8,2
168,32,9,17
169,32,17,13
170,32,9,21
171,33,11,18
172,33,2,0
173,33,23,1
174,33,14,18
175,33,20,5
176,33,11,0
177,33,0,20
178,33,10,17
179,33,23,5
180,34,20,11
181,34,10,22
182,34,14,7
183,35,3,9
184,35,6,8
185,35,13,4
186,35,16,14
187,35,20,14
188,35,3,11
189,35,22,11
190,35,7,20
191,35,0,20
192,35,13,19
193,36,0,13
194,36,0,10
195,36,17,14
196,36,12,18
197,36,9,23
198,36,14,4
199,36,10,0
200,37,15,4
201,37,7,9
202,37,11,22
203,37,5,13
204,37,16,6
205,37,8,4
206,37,7,5
207,37,6,16
208,38,4,19
209,38,12,24
210,38,4,0
211,38,20,12
212,38,22,13
213,38,2,20
214,38,15,13
215,38,15,14
216,38,23,5
217,38,20,6
218,39,6,23
219,39,7,21
220,39,3,19
221,39,7,18
222,40,1,4
223,40,18,24
224,40,17,3
225,40,13,1
226,40,15,1
227,40,17,14
228,40,3,12
229,41,17,24
230,41,24,17
231,42,1,5
232,42,1,17
233,42,6,8
234,42,4,23
235,42,12,9
236,42,24,20
237,42,22,15
238,43,8,11
239,43,6,22
240,43,19,13
241,43,8,17
242,43,24,15
243,43,6,4
244,43,1,4
245,44,18,4
246,44,19,2
247,44,20,6
248,44,18,7
249,44,9,20
250,44,2,17
251,44,5,22
252,44,4,22
253,44,12,20
254,45,14,7
255,45,0,23
256,45,1,22
257,45,5,23
258,45,23,21
259,45,17,3
260,46,3,0
261,46,7,15
262,46,7,24
263,46,3,7
264,46,14,18
265,47,18,20
266,47,7,20
267,47,9,13
268,47,1,16
269,47,15,17
270,47,14,11
271,47,2,8
272,47,9,24
273,47,0,20
274,47,5,3
275,47,16,4
276,48,9,19
277,48,12,22
278,48,20,19
279,48,16,9
280,48,16,19
281,48,2,11
282,49,11,17
283,49,12,16
284,49,1,22
285,49,8,6
286,50,10,18
287,50,18,8
288,50,12,16
289,50,18,2
290,50,6,8
291,50,18,21
292,51,14,3
293,51,9,15
294,51,21,4
295,52,15,3
296,52,22,2
297,52,4,6
298,52,10,6
299,52,17,8
300,52,21,8
301,52,15,6
302,52,5,18
303,52,13,9
304,52,20,5
305,52,10,17
306,53,13,16
307,53,4,13
308,53,9,20
309,53,8,1
310,53,0,7
311,53,8,2
312,54,14,20
313,54,17,19
314,54,22,15
315,54,16,12
316,54,16,3
317,54,19,4
318,54,20,8
319,55,18,16
320,55,1,20
321,55,24,11
322,55,2,14
323,55,4,2
324,56,2,8
325,56,16,23
326,56,1,7
327,56,23,6
328,57,13,11
329,57,22,19
330,57,12,18
331,57,0,22
332,57,24,13
333,57,14,6
334,58,11,8
335,58,3,0
336,58,0,17
337,58,4,24
338,59,10,7
339,59,17,24
340,60,24,10
341,60,9,1
342,60,9,1
343,60,20,7
344,60,9,18
345,60,12,2
346,60,6,8
347,60,19,0
348,60,15,14
349,61,1,19
350,61,6,16
351,61,19,13
352,62,4,19
353,62,11,7
354,62,9,17
355,62,4,14
356,63,22,15
357,63,6,22
358,63,16,20
359,63,12,2
360,63,12,0
361,63,4,15
362,63,0,12
363,63,7,14
364,63,23,5
365,64,8,24
366,64,0,18
367,64,5,18
368,64,7,18
369,65,9,22
370,65,0,21
371,65,24,5
372,65,21,6
373,65,12,8
374,65,14,24
375,65,5,21
376,65,6,10
377,65,15,22
378,65,11,17
379,66,20,8
380,66,22,19
381,66,24,18
382,66,17,11
383,66,20,1
384,66,2,17
385,66,13,6
386,66,17,9
387,66,18,15
388,67,17,23
389,67,18,20
390,67,11,9
391,67,13,21
392,67,6,2
393,68,0,22
394,68,10,3
395,68,10,6
396,68,15,24
397,69,8,22
398,69,11,14
399,70,21,10
400,70,11,9
401,70,8,22
402,70,22,9
403,70,19,3
404,71,22,4
405,71,0,18
406,72,8,24
407,72,9,11
408,72,7,1
409,72,8,12
410,73,14,11
411,73,6,18
412,73,13,6
413,73,20,12
414,74,16,22
415,74,1,9
416,74,8,5
417,74,4,21
418,74,3,5
419,75,21,14
420,76,13,24
421,76,8,1
422,76,12,2
423,76,19,12
424,76,2,12
425,76,3,9
426,76,15,18
427,77,23,5
428,77,19,16
429,77,19,23
430,77,18,16
431,77,9,24
432,77,22,2
433,78,5,14
434,78,1,4
435,78,13,6
436,78,4,14
437,78,15,24
438,79,10,24
439,79,2,18
440,79,9,20
441,80,8,18
442,80,2,20
443,80,2,9
444,80,12,16
445,80,20,3
446,80,6,19
447,80,14,5
448,80,13,3
449,80,20,11
450,80,15,1
451,81,11,1
452,81,11,0
453,81,18,6
454,81,21,7
455,81,8,10
456,81,12,10
457,81,19,3
458,82,17,5
459,82,6,0
460,82,20,8
461,82,21,11
462,82,24,13
463,82,3,0
464,82,10,19
465,83,22,12
466,83,19,11
467,83,23,13
468,83,12,10
469,83,0,19
470,83,12,18
471,84,7,16
472,85,20,5
473,85,15,11
474,85,10,0
475,85,13,10
476,85,7,0
477,85,14,0
478,86,23,6
479,86,24,14
480,86,3,12
481,86,16,6
482,86,1,22
483,86,13,11
484,86,3,21
485,86,18,16
486,86,0,17
487,86,20,10
488,86,21,9
489,86,0,11
490,86,13,11
491,87,4,2
492,87,12,3
493,87,15,2
494,87,13,17
495,87,4,5
496,87,5,4
497,87,18,11
498,88,23,17
499,88,0,18
500,88,17,8
501,88,9,22
502,88,15,4
503,89,15,6
504,89,19,9
505,89,11,15
506,89,13,20
507,90,1,8
508,90,16,18
509,90,19,22
510,90,17,13
511,90,22,14
512,90,20,23
513,90,11,17
514,90,22,13
515,90,2,17
516,91,7,20
517,91,24,3
518,91,16,7
519,91,17,4
520,91,19,13
521,92,6,0
522,92,17,9
523,92,5,14
524,92,9,24
525,92,12,19
526,92,4,21
527,93,12,24
528,93,22,20
529,93,13,15
530,93,15,11
531,94,11,5
532,94,9,5
533,94,6,20
534,94,18,24
535,95,6,21
536,95,9,20
537,95,7,9
538,95,2,22
539,95,12,0
540,95,1,10
541,95,21,0
542,96,0,10
543,96,24,6
544,96,11,7
545,96,1,11
546,97,21,24
547,97,20,5
548,97,6,3
549,97,22,18
550,97,14,4
551,97,17,1
552,98,7,14
553,98,24,5
554,98,2,18
555,99,13,4
556,99,15,5
557,99,5,17
558,99,2,12
559,99,1,10
560,99,13,15
561,100,16,22
562,100,20,5
563,100,20,5
564,100,22,16
565,100,7,19
566,100,21,6
567,100,8,4
568,100,19,15
569,101,9,10
570,101,22,14
571,101,7,0
572,101,24,11
573,102,3,11
574,102,12,15
575,102,11,5
576,102,20,8
577,102,17,20
578,102,10,20
579,102,14,6
580,102,7,17
581,102,16,9
582,103,18,16
583,103,22,9
584,103,3,10
585,103,21,12
586,103,5,11
587,104,8,23
588,104,4,7
589,104,14,18
590,104,19,10
591,105,24,14
592,105,16,10
593,105,1,22
594,105,16,12
595,105,17,0
596,106,0,2
597,106,12,21
598,106,0,6
599,106,20,14
600,106,6,15
601,106,22,15
602,106,13,15
603,106,18,16
604,107,19,15
605,107,2,5
606,107,23,3
607,107,4,22
608,107,15,0
609,107,11,24
610,107,6,12
611,107,10,4
612,108,16,7
613,108,20,23
614,108,0,13
615,108,1,10
616,109,0,10
617,109,5,3
618,109,14,7
619,109,24,20
620,109,18,10
621,109,1,24
622,109,8,5
623,109,16,6
624,109,19,16
625,109,7,19
626,110,19,9
627,110,10,20
628,110,2,9
629,110,16,10
630,111,21,14
631,111,13,19
632,111,12,15
633,111,22,15
634,111,9,3
635,111,16,23
636,112,12,0
637,112,24,14
638,113,23,11
639,113,23,17
640,113,17,8
641,113,22,10
642,113,7,9
643,113,17,14
644,114,9,5
645,114,6,12
646,114,11,15
647,114,23,5
648,114,13,7
649,114,20,10
650,114,21,23
651,115,16,10
652,115,5,2
653,115,1,13
654,115,13,22
655,116,13,5
656,116,5,7
657,116,12,14
658,116,4,7
659,117,16,22
660,117,24,22
661,117,7,21
662,117,24,7
663,117,11,7
664,117,7,19
665,117,0,6
666,117,24,6
667,117,18,4
668,117,1,22
669,118,22,11
670,118,16,7
671,118,20,23
672,119,17,11
673,119,14,15
674,119,11,24
675,119,15,12
676,119,0,21
677,119,10,16
678,119,18,4
679,120,15,4
680,120,21,2
681,120,11,24
682,120,20,4
683,120,18,21
684,121,2,24
685,121,6,2
686,121,4,22
687,122,20,4
688,122,15,21
689,122,21,9
690,122,2,21
691,122,10,8
692,122,7,19
693,122,19,7
694,122,12,1
695,122,23,19
696,122,5,14
697,123,16,1
698,123,5,1
699,123,19,21
700,123,12,21
701,124,21,6
702,124,2,16
703,124,24,6
704,124,22,15
705,124,0,9
706,124,0,24
707,124,14,10
708,125,16,8
709,125,3,6
710,125,2,17
711,125,17,14
712,125,4,15
713,125,13,6
714,126,21,4
715,126,17,20
716,126,2,10
717,126,15,14
718,126,3,10
719,127,21,14
720,127,23,16
721,127,2,24
722,127,24,11
723,127,9,23
724,128,12,20
725,128,7,5
726,128,14,11
727,128,3,13
728,128,11,0
729,129,12,16
730,129,6,17
731,129,11,0
732,129,4,17
733,130,1,12
734,130,19,2
735,130,5,13
736,130,1,5
737,130,6,14
738,130,21,17
739,131,14,11
740,131,14,23
741,131,18,0
742,131,20,18
743,131,18,20
744,131,24,11
745,131,12,3
746,131,9,10
747,131,17,20
748,131,10,12
749,132,5,3
750,132,15,4
751,132,18,8
752,132,8,14
753,132,23,21
754,133,12,19
755,133,12,9
756,133,12,20
757,133,19,5
758,133,4,1
759,133,2,15
760,134,4,21
761,134,21,19
762,134,18,8
763,134,7,23
764,135,5,13
765,135,11,5
766,135,23,16
767,135,24,3
768,135,10,0
769,135,15,19
770,135,15,6
771,135,15,19
772,136,23,12
773,136,7,15
774,136,10,6
775,136,12,2
776,136,15,14
777,136,10,17
778,137,22,19
779,137,10,2
780,137,22,2
781,137,20,0
782,137,19,16
783,137,5,24
784,137,2,14
785,137,3,20
786,138,11,3
787,138,21,19
788,138,19,13
789,138,21,13
790,139,10,7
791,139,0,24
792,139,18,21
793,140,18,10
794,140,20,23
795,140,18,8
796,140,5,8
797,140,6,17
798,140,2,15
799,140,0,6
800,140,10,12
801,141,22,13
802,141,19,15
803,141,3,21
804,141,14,21
805,141,5,11
806,141,13,7
807,141,1,22
808,141,19,16
809,141,21,1
810,142,19,7
811,142,3,6
812,142,2,17
813,142,1,15
814,143,24,11
815,143,12,5
816,143,4,11
817,143,5,14
818,143,5,7
819,143,9,13
820,143,4,16
821,144,12,14
822,144,6,16
823,144,3,15
824,144,13,4
825,145,19,1
826,145,15,22
827,145,15,17
828,146,5,20
829,146,10,24
830,146,1,12
831,146,12,19
832,146,23,10
833,147,16,20
834,147,9,10
835,147,14,15
836,147,9,16
837,147,16,8
838,147,23,0
839,147,19,21
840,147,12,14
841,147,0,2
842,148,7,4
843,148,2,5
844,148,14,20
845,148,22,11
846,148,23,13
847,148,12,20
848,149,7,17
849,149,7,10
850,149,12,8
851,149,1,4
852,149,10,6
853,149,7,0
854,149,12,1
855,149,20,3
856,150,17,13
857,150,17,2
858,151,7,5
859,151,10,20
860,151,10,1
861,151,20,9
862,151,14,21
863,151,13,20
864,151,21,15
865,151,9,19
866,152,18,1
867,152,13,9
868,152,20,16
869,152,24,0
870,152,10,2
871,152,0,20
872,152,1,17
873,152,15,8
874,153,6,10
875,153,1,14
876,153,2,16
877,153,12,2
878,153,13,11
879,153,10,7
880,154,0,12
881,154,14,16
882,154,21,1
883,154,21,12
884,154,14,10
885,154,21,12
886,154,10,1
887,154,22,24
888,154,0,18
889,155,13,7
890,155,20,1
891,155,24,20
892,155,6,18
893,155,15,21
894,155,20,14
895,156,22,1
896,156,4,7
897,156,10,1
898,156,4,8
899,156,16,13
900,156,5,4
901,156,11,1
902,156,22,10
903,157,3,18
904,157,17,5
905,157,4,7
906,157,18,21
907,157,19,16
908,158,0,23
909,158,17,15
910,158,2,5
911,159,13,19
912,159,12,14
913,159,0,24
914,159,15,5
915,159,15,8
916,159,9,7
917,160,2,20
918,160,17,7
919,160,2,14
920,160,22,14
921,160,23,16
922,160,2,9
923,160,1,16
924,161,13,9
925,161,4,22
926,161,13,24
927,161,14,18
928,162,5,8
929,162,17,19
930,162,23,19
931,162,13,4
932,162,16,2
933,162,23,20
934,163,20,12
935,163,24,15
936,163,24,18
937,163,13,22
938,163,20,6
939,164,8,17
940,164,21,9
941,164,12,5
942,164,6,23
943,164,13,22
944,165,11,8
945,165,2,5
946,165,4,20
947,165,9,1
948,166,9,10
949,166,1,7
950,166,12,14
951,166,0,6
952,166,0,2
953,167,18,8
954,167,3,0
955,167,6,19
956,167,17,6
957,168,20,17
958,168,7,10
959,168,1,24
960,168,22,14
961,168,4,12
962,168,6,10
963,169,15,19
964,169,20,23
965,169,12,20
966,169,1,12
967,169,4,16
968,169,14,7
969,169,17,5
970,169,20,5
971,169,22,18
972,169,7,1
973,170,2,0
974,170,19,6
975,170,5,3
976,170,24,2
977,170,7,22
978,170,21,24
979,170,22,14
980,170,10,18
981,170,5,9
982,170,19,10
983,171,6,23
984,171,1,19
985,171,6,23
986,171,23,3
987,172,23,20
988,172,10,17
989,172,17,7
990,172,11,13
991,172,20,23
992,173,12,22
993,173,21,0
994,174,2,8
995,174,24,11
996,174,2,0
997,174,20,0
998,174,0,12
999,174,23,0
1000,175,15,3
1001,175,23,19
1002,175,16,13
1003,175,17,10
1004,175,21,13
1005,176,9,10
1006,176,15,17
1007,176,7,4
1008,176,4,13
1009,176,16,13
1010,176,2,17
1011,176,13,2
1012,176,8,5
1013,177,17,10
1014,177,24,20
1015,177,10,4
1016,177,13,21
1017,177,6,14
1018,178,21,0
1019,178,14,2
1020,178,6,17
1021,178,0,15
1022,178,2,5
1023,178,20,3
1024,178,8,4
1025,178,13,24
1026,178,22,3
1027,178,3,17
1028,179,8,6
1029,179,2,24
1030,179,3,24
1031,179,22,4
1032,179,17,8
1033,180,5,7
1034,180,12,22
1035,180,11,4
1036,180,4,7
1037,181,19,20
1038,181,5,2
1039,181,4,23
1040,181,0,17
1041,181,2,15
1042,181,6,0
1043,181,10,0
1044,182,6,24
1045,182,3,6
1046,182,14,3
1047,182,4,8
1048,182,19,0
1049,182,1,5
1050,183,0,24
1051,183,24,11
1052,183,14,5
1053,183,15,21
1054,183,12,0
1055,184,20,0
1056,184,9,2
1057,184,1,12
1058,184,15,7
1059,185,0,19
1060,185,17,5
1061,186,23,8
1062,186,4,23
1063,186,0,11
1064,186,17,21
1065,186,9,15
1066,186,5,22
1067,186,12,3
1068,187,5,11
1069,187,17,13
1070,187,16,14
1071,188,17,14
1072,188,17,10
1073,188,3,19
1074,188,4,6
1075,188,18,24
1076,189,16,18
1077,189,19,7
1078,189,14,5
1079,189,5,3
1080,189,17,2
1081,189,18,10
1082,190,24,8
1083,190,4,5
1084,190,18,2
1085,190,24,3
1086,190,23,3
1087,191,0,23
1088,191,23,0
1089,191,2,15
1090,191,3,20
1091,191,19,5
1092,192,5,16
1093,192,1,3
1094,192,2,4
1095,192,1,19
1096,193,0,8
1097,193,11,0
1098,193,2,9
1099,193,0,11
1100,193,23,0
1101,193,21,11
1102,193,19,1
1103,194,11,0
1104,194,13,10
1105,194,22,1
1106,194,15,18
1107,194,7,1
1108,195,1,19
1109,195,4,21
1110,195,4,14
1111,195,11,24
1112,195,11,20
1113,196,2,4
1114,196,13,6
1115,196,12,21
1116,196,20,23
1117,196,16,23
1118,196,0,12
1119,196,19,8
1120,197,8,21
1121,197,23,21
1122,197,11,1
1123,197,1,7
1124,197,8,18
1125,198,18,8
1126,198,11,21
1127,198,22,0
1128,198,17,10
1129,198,13,19
1130,198,13,2
1131,198,13,10
1132,199,23,10
1133,199,13,11
1134,199,2,8
1135,199,5,21
1136,199,17,20
1137,199,19,4
1138,199,8,10
1139,199,4,14
1140,199,15,18
1141,200,10,12
1142,200,17,4
1143,200,5,18
1144,200,19,15
1145,201,11,0
1146,201,8,12
1147,201,4,5
1148,201,24,9
1149,201,16,24
1150,201,17,14
1151,201,10,18
1152,201,24,20
1153,201,16,8
1154,201,13,3
1155,202,6,2
1156,202,5,17
1157,202,8,19
1158,202,4,7
1159,202,23,1
1160,202,21,9
1161,202,23,19
1162,202,2,6
1163,202,9,7
1164,202,18,21
1165,203,24,18
1166,203,11,7
1167,203,10,19
1168,203,19,9
1169,203,0,10
1170,203,21,8
1171,203,4,16
1172,203,0,16
1173,203,14,22
1174,204,23,3
1175,204,20,12
1176,204,15,14
1177,204,2,22
1178,204,18,1
1179,205,3,19
1180,205,23,21
1181,205,0,3
1182,206,18,10
1183,206,0,14
1184,206,11,15
1185,207,20,8
1186,207,9,19
1187,207,21,19
1188,207,2,17
1189,208,1,7
1190,208,12,15
1191,208,11,7
1192,208,12,18
1193,208,0,24
1194,208,20,4
1195,208,0,24
1196,209,6,23
1197,209,0,22
1198,209,4,8
1199,210,6,3
1200,210,3,17
1201,210,13,4
1202,210,18,14
1203,211,1,14
1204,211,4,8
1205,212,15,22
1206,212,11,22
1207,212,16,3
1208,212,10,22
1209,212,0,20
1210,212,19,11
1211,212,22,14
1212,212,8,18
1213,212,7,16
1214,213,22,4
1215,213,4,11
1216,213,23,12
1217,214,3,11
1218,214,2,17
1219,214,4,0
1220,214,20,4
1221,214,5,20
1222,214,1,15
1223,214,22,0
1224,215,11,19
1225,215,17,21
1226,215,5,24
1227,215,16,6
1228,215,12,18
1229,215,9,3
1230,216,8,10
1231,216,16,20
1232,216,20,0
1233,216,0,6
1234,216,4,15
1235,216,16,2
1236,217,18,10
1237,217,14,23
1238,217,10,8
1239,217,18,8
1240,217,18,8
1241,217,14,18
1242,217,11,18
1243,217,13,21
1244,217,21,23
1245,218,8,23
1246,218,9,19
1247,218,10,17
1248,218,24,4
1249,218,4,24
1250,219,18,22
1251,219,10,21
1252,219,1,21
1253,219,16,24
1254,220,2,17
1255,220,11,8
1256,220,21,13
1257,220,12,10
1258,220,21,24
1259,221,24,9
1260,221,6,24
1261,221,4,12
1262,221,9,24
1263,222,17,4
1264,222,22,3
1265,222,16,14
1266,223,6,9
1267,223,9,19
1268,223,0,18
1269,223,9,17
1270,224,22,0
1271,224,7,10
1272,224,10,3
1273,225,17,3
1274,225,6,4
1275,225,19,16
1276,226,18,15
1277,226,19,20
1278,227,23,0
1279,227,5,4
1280,227,24,11
1281,227,17,5
1282,227,18,8
1283,227,23,4
1284,227,18,20
1285,228,3,6
1286,228,19,5
1287,228,17,2
1288,228,4,0
1289,228,10,7
1290,228,0,24
1291,228,22,12
1292,228,8,14
1293,229,1,7
1294,229,12,18
1295,229,12,6
1296,229,18,9
1297,229,21,18
1298,229,2,9
1299,229,5,19
1300,229,6,24
1301,229,6,0
1302,229,23,16
1303,230,5,7
1304,230,22,6
1305,230,15,12
1306,230,6,8
1307,231,24,6
1308,231,9,2
1309,231,17,5
1310,231,2,10
1311,231,4,6
1312,231,18,6
1313,231,9,12
1314,232,23,1
1315,232,4,0
1316,233,17,21
1317,233,23,1
1318,233,14,18
1319,233,6,13
1320,234,18,12
1321,234,4,17
1322,234,13,15
1323,234,0,21
1324,234,15,0
1325,234,0,2
1326,234,13,16
1327,234,19,15
1328,234,12,19
1329,235,16,19
1330,235,18,3
1331,235,16,20
1332,235,21,5
1333,235,12,9
1334,235,16,13
1335,236,18,10
1336,236,8,1
1337,236,8,1
1338,236,16,9
1339,236,2,10
1340,236,12,9
1341,236,24,18
1342,237,10,2
1343,237,9,19
1344,237,5,15
1345,237,19,23
1346,237,13,23
1347,237,14,8
1348,237,11,7
1349,238,13,23
1350,238,1,11
1351,238,17,13
1352,238,16,1
1353,239,16,24
1354,239,19,8
1355,239,11,5
1356,239,6,13
1357,239,11,5
1358,240,11,17
1359,240,23,4
1360,241,1,16
1361,241,6,19
1362,241,23,0
1363,241,13,3
1364,242,3,13
1365,242,17,11
1366,242,9,1
1367,242,21,15
1368,243,21,1
1369,243,0,22
1370,244,19,7
1371,244,10,18
1372,244,8,10
1373,244,0,12
1374,244,22,0
1375,244,3,12
1376,245,0,21
1377,245,10,3
1378,245,10,2
1379,245,1,14
1380,245,7,9
1381,246,20,0
1382,246,22,19
1383,246,21,12
1384,246,10,9
1385,246,11,22
1386,246,15,7
1387,246,24,9
1388,246,1,9
1389,247,22,18
1390,247,21,14
1391,247,16,22
1392,247,21,4
1393,248,13,9
1394,248,5,17
1395,248,15,7
1396,248,13,20
1397,248,14,21
1398,248,20,14
1399,248,6,3
1400,249,12,2
1401,249,12,24
1402,249,1,16
1403,249,14,18
1404,249,14,11
1405,250,11,4
1406,250,11,13
1407,250,5,16
1408,250,2,5
1409,250,11,8
1410,250,6,9
1411,251,19,8
1412,251,8,10
1413,251,16,0
1414,251,22,9
1415,251,8,19
1416,251,2,21
1417,251,12,9
1418,251,20,14
1419,252,3,20
1420,252,22,9
1421,252,3,16
1422,252,18,6
1423,253,20,18
1424,253,2,6
1425,253,5,18
1426,253,13,16
1427,253,11,3
1428,253,9,11
1429,253,4,10
1430,254,7,10
1431,254,24,7
1432,254,20,2
1433,254,17,4
1434,254,5,3
1435,254,21,18
1436,254,10,14
1437,255,14,10
1438,255,22,12
1439,255,16,14
1440,255,3,17
1441,256,15,5
1442,256,8,22
1443,256,17,21
1444,256,17,3
1445,256,10,0
1446,256,9,12
1447,256,4,23
1448,256,16,19
1449,256,14,20
1450,257,10,21
1451,257,2,13
1452,257,9,17
1453,257,8,1
1454,257,24,6
1455,257,11,1
1456,258,21,18
1457,258,7,10
1458,258,21,24
1459,258,23,7
1460,258,3,15
1461,258,1,19
1462,258,1,15
1463,259,0,6
1464,259,9,6
1465,259,4,19
1466,259,22,6
1467,259,3,5
1468,259,5,17
1469,259,10,20
1470,259,14,15
1471,260,2,19
1472,261,16,7
1473,261,3,14
1474,261,12,3
1475,261,10,20
1476,262,16,20
1477,262,14,17
1478,262,16,9
1479,262,5,1
1480,263,21,1
1481,263,15,19
1482,263,5,16
1483,263,2,20
1484,263,17,13
1485,263,19,21
1486,263,22,15
1487,263,7,19
1488,264,15,18
1489,264,15,18
1490,264,6,3
1491,264,2,0
1492,264,16,20
1493,264,8,6
1494,264,16,22
1495,265,18,4
1496,265,8,18
1497,265,5,16
1498,265,16,12
1499,265,21,2
1500,265,15,7
1501,266,18,8
1502,266,8,2
1503,266,21,0
1504,266,11,18
1505,266,6,4
1506,266,23,15
1507,267,15,17
1508,267,0,9
1509,267,24,0
1510,267,9,20
1511,267,6,15
1512,267,9,7
1513,267,14,24
1514,268,0,12
1515,268,21,9
1516,268,2,8
1517,268,7,18
1518,268,18,15
1519,268,10,12
1520,269,22,3
1521,269,6,22
1522,269,18,24
1523,269,20,9
1524,269,17,24
1525,270,23,7
1526,270,2,10
1527,270,13,6
1528,270,22,8
1529,270,17,24
1530,270,9,12
1531,270,19,21
1532,270,1,10
1533,270,10,3
1534,270,21,0
1535,271,15,19
1536,271,10,18
1537,271,21,2
1538,271,24,16
1539,271,0,9
1540,271,5,24
1541,272,17,23
1542,272,3,10
1543,272,21,4
1544,272,24,0
1545,273,20,24
1546,273,5,12
1547,273,3,1
1548,273,13,23
1549,274,24,6
1550,274,22,11
1551,274,18,8
1552,274,6,22
1553,275,13,20
1554,275,24,18
1555,275,4,24
1556,275,23,19
1557,275,0,8
1558,275,2,11
1559,275,9,21
1560,275,0,3
1561,275,1,22
1562,275,22,0
1563,276,20,10
1564,276,21,11
1565,276,10,1
1566,276,0,22
1567,276,16,5
1568,276,2,11
1569,277,20,14
1570,277,6,20
1571,277,3,19
1572,277,8,24
1573,277,15,3
1574,278,9,22
1575,278,13,11
1576,278,9,17
1577,279,10,8
1578,279,1,17
1579,279,4,10
1580,279,21,12
1581,279,8,20
1582,280,2,11
1583,280,19,11
1584,280,4,7
1585,281,9,15
1586,281,6,9
1587,281,6,4
1588,281,18,16
1589,281,9,0
1590,281,17,24
1591,281,1,21
1592,281,20,0
1593,282,24,16
1594,282,17,5
1595,282,16,2
1596,282,11,13
1597,282,2,12
1598,283,3,0
1599,283,13,15
1600,283,15,12
1601,283,16,8
1602,283,6,17
1603,284,18,12
1604,284,12,20
1605,284,7,4
1606,285,16,1
1607,285,3,15
1608,285,18,8
1609,285,4,1
1610,285,13,3
1611,285,17,19
1612,285,8,22
1613,285,24,11
1614,286,6,18
1615,286,1,10
1616,286,21,18
1617,286,19,16
1618,286,10,21
1619,286,8,4
1620,286,15,8
1621,286,10,12
1622,286,22,24
1623,287,16,13
1624,287,8,21
1625,287,13,0
1626,287,0,22
1627,287,23,8
1628,288,0,9
1629,288,21,3
1630,288,19,20
1631,288,19,9
1632,288,9,16
1633,288,16,24
1634,289,7,4
1635,289,1,10
1636,289,19,22
1637,289,4,0
1638,289,12,6
1639,289,23,16
1640,289,16,9
1641,290,15,6
1642,290,5,7
1643,290,24,6
1644,290,9,1
1645,290,13,21
1646,290,5,1
1647,290,2,19
1648,290,12,19
1649,291,24,12
1650,291,7,10
1651,291,23,4
1652,291,10,9
1653,291,3,23
1654,291,16,24
1655,291,23,9
1656,292,12,16
1657,292,13,2
1658,292,12,14
1659,292,20,7
1660,292,0,21
1661,292,16,24
1662,292,12,16
1663,292,10,3
1664,292,1,5
1665,292,4,21
1666,292,2,13
1667,292,8,15
1668,293,22,15
1669,293,4,18
1670,293,1,10
1671,293,23,2
1672,293,3,5
1673,294,19,8
1674,294,23,10
1675,294,2,21
1676,294,10,13
1677,294,22,8
1678,294,15,6
1679,294,7,1
1680,294,1,3
1681,295,20,5
1682,295,24,17
1683,295,21,9
1684,295,18,1
1685,295,18,6
1686,295,20,11
1687,295,23,14
1688,296,3,9
1689,296,8,5
1690,296,23,9
1691,296,3,23
1692,296,3,0
1693,296,17,2
1694,296,23,20
1695,296,1,16
1696,297,4,18
1697,297,22,5
1698,298,1,15
1699,298,15,22
1700,299,2,14
1701,299,19,21
1702,299,14,4
1703,299,6,4
1704,299,16,9
1705,299,11,3
1706,300,3,23
1707,300,8,18
1708,300,19,13
1709,300,20,6
1710,301,7,21
1711,301,9,2
1712,301,4,5
1713,301,0,21
1714,301,22,12
1715,302,3,17
1716,302,0,21
1717,302,21,23
1718,303,18,21
1719,303,7,16
1720,303,14,3
1721,303,17,20
1722,303,11,7
1723,303,4,21
1724,303,14,24
1725,303,23,4
1726,304,18,12
1727,304,18,2
1728,304,8,23
1729,304,8,20
1730,304,6,3
1731,304,19,10
1732,304,15,7
1733,304,23,9
1734,305,24,12
1735,305,18,4
1736,305,3,7
1737,305,16,1
1738,305,5,1
1739,305,15,7
1740,306,17,11
1741,306,11,18
1742,306,21,4
1743,306,12,18
1744,307,4,10
1745,307,4,14
1746,307,7,17
1747,307,11,19
1748,307,2,19
1749,307,8,0
1750,307,16,2
1751,307,1,20
1752,308,18,12
1753,308,13,6
1754,308,12,2
1755,308,19,8
1756,308,14,20
1757,308,20,11
1758,308,4,5
1759,308,7,3
1760,308,4,12
1761,308,22,20
1762,309,0,4
1763,309,20,11
1764,309,4,6
1765,309,21,11
1766,309,11,19
1767,309,15,13
1768,309,18,20
1769,309,21,15
1770,309,19,21
1771,309,7,20
1772,309,4,19
1773,310,15,12
1774,310,4,2
1775,310,10,4
1776,310,11,4
1777,310,13,2
1778,311,22,11
1779,311,18,16
1780,311,16,9
1781,311,14,3
1782,311,11,20
1783,311,5,15
1784,311,14,3
1785,311,5,18
1786,311,3,11
1787,312,18,8
1788,312,24,15
1789,312,2,16
1790,312,4,12
1791,312,14,1
1792,312,5,1
1793,313,8,19
1794,313,14,8
1795,313,24,15
1796,313,6,16
1797,313,10,24
1798,313,2,21
1799,314,7,9
1800,314,18,8
1801,314,3,20
1802,314,19,21
1803,314,14,16
1804,314,7,18
1805,314,22,8
1806,315,23,19
1807,315,22,20
1808,315,11,9
1809,315,1,24
1810,316,13,21
1811,316,22,24
1812,316,24,2
1813,317,4,5
1814,317,7,23
1815,317,7,24
1816,317,8,11
1817,318,7,17
1818,318,24,2
1819,318,10,22
1820,318,11,5
1821,318,14,3
1822,319,22,18
1823,319,11,8
1824,319,1,9
1825,319,4,21
1826,319,2,0
1827,320,6,16
1828,320,5,15
1829,320,23,19
1830,320,17,1
1831,320,14,15
1832,320,3,12
1833,320,24,3
1834,321,1,8
1835,321,4,13
1836,321,20,9
1837,322,23,10
1838,322,20,5
1839,322,17,10
1840,322,13,9
1841,322,9,15
1842,322,4,23
1843,322,9,11
1844,323,17,20
1845,323,4,8
1846,323,2,21
1847,324,14,21
1848,324,23,17
1849,324,10,9
1850,324,20,22
1851,324,0,10
1852,324,15,8
1853,324,8,24
1854,324,17,14
1855,324,13,9
1856,324,24,21
1857,325,16,2
1858,325,2,17
1859,325,12,18
1860,325,3,7
1861,325,6,24
1862,326,8,2
1863,326,12,2
1864,326,2,0
1865,326,9,10
1866,326,20,13
1867,326,21,17
1868,327,4,21
1869,327,3,12
1870,327,2,17
1871,327,2,4
1872,327,14,18
1873,327,22,2
1874,327,23,9
1875,328,9,12
1876,328,17,24
1877,328,19,0
1878,328,15,8
1879,329,7,16
1880,329,7,9
1881,329,18,24
1882,329,19,21
1883,329,21,14
1884,330,23,14
1885,330,12,2
1886,330,11,3
1887,330,5,4
1888,330,8,5
1889,331,10,9
1890,331,14,2
1891,331,7,20
1892,331,3,23
1893,331,17,5
1894,331,19,12
1895,331,11,1
1896,332,1,14
1897,332,4,6
1898,332,1,22
1899,332,4,12
1900,332,6,22
1901,333,7,19
1902,333,21,12
1903,333,17,4
1904,333,8,20
1905,333,18,14
1906,333,5,20
1907,334,13,15
1908,334,4,18
1909,334,6,14
1910,334,15,8
1911,334,13,16
1912,334,6,14
1913,334,20,11
1914,334,4,7
1915,334,21,23
1916,335,10,18
1917,335,22,16
1918,335,13,22
1919,335,1,22
1920,335,10,23
1921,335,1,7
1922,335,2,14
1923,336,22,1
1924,336,21,23
1925,336,14,15
1926,336,9,17
1927,336,24,22
1928,337,2,18
1929,337,18,7
1930,337,13,7
1931,338,20,24
1932,338,5,1
1933,338,8,23
1934,338,11,22
1935,338,23,11
1936,338,4,10
1937,338,5,12
1938,338,23,16
1939,338,13,23
1940,339,13,19
1941,339,24,17
1942,339,7,10
1943,339,20,7
1944,339,17,11
1945,339,5,11
1946,339,7,1
1947,339,17,19
1948,339,12,0
1949,339,8,19
1950,339,4,5
1951,340,1,7
1952,340,12,5
1953,340,19,0
1954,341,3,17
1955,341,5,2
1956,341,7,16
1957,341,16,9
1958,341,8,24
1959,342,14,17
1960,342,15,4
1961,342,19,0
1962,342,14,8
1963,342,16,13
1964,342,11,18
1965,342,7,24
1966,342,20,7
1967,343,24,20
1968,343,10,1
1969,343,7,11
1970,343,14,1
1971,343,15,6
1972,344,22,3
1973,344,13,19
1974,344,13,15
1975,344,4,11
1976,344,3,11
1977,344,8,5
1978,344,20,8
1979,345,17,21
1980,345,8,11
1981,345,7,23
1982,345,4,10
1983,345,24,5
1984,345,10,3
1985,345,15,1
1986,345,16,8
1987,346,21,17
1988,346,22,1
1989,346,8,6
1990,346,21,23
1991,346,22,16
1992,346,14,4
1993,347,12,22
1994,347,12,22
1995,347,2,5
1996,347,22,12
1997,347,10,7
1998,347,18,0
1999,347,22,14
2000,347,18,10
2001,348,18,22
2002,348,13,11
2003,348,21,4
2004,349,14,11
2005,349,5,1
2006,349,22,11
2007,349,22,5
2008,349,11,4
2009,349,4,2
2010,349,7,24
2011,349,6,14
2012,349,13,9
2013,349,4,2
2014,349,18,21
2015,350,20,4
2016,350,19,3
2017,350,12,10
2018,351,20,18
2019,351,6,4
2020,351,20,3
2021,352,9,10
2022,352,5,15
2023,352,23,1
2024,352,8,11
2025,352,14,18
2026,353,7,20
2027,353,0,19
2028,353,11,14
2029,353,17,23
2030,353,13,0
2031,353,6,14
2032,353,0,8
2033,353,10,2
2034,354,16,3
2035,354,16,12
2036,354,18,3
2037,354,9,24
2038,354,6,22
2039,355,0,23
2040,355,1,8
2041,355,16,12
2042,355,23,14
2043,356,17,6
2044,356,8,16
2045,356,20,12
2046,356,18,11
2047,356,1,23
2048,356,20,4
2049,356,6,16
2050,356,16,14
2051,356,22,1
2052,357,13,11
2053,357,1,16
2054,357,0,18
2055,357,20,0
2056,357,14,8
2057,358,11,22
2058,358,0,7
2059,358,11,22
2060,358,17,15
2061,359,8,17
2062,359,12,15
2063,359,16,7
2064,359,12,19
2065,359,17,8
2066,359,3,6
2067,359,23,12
2068,360,19,7
2069,360,3,17
2070,360,5,8
2071,360,18,22
2072,360,4,24
2073,360,13,2
2074,361,5,22
2075,361,1,5
2076,361,15,18
2077,361,1,8
2078,361,10,7
2079,361,20,5
2080,361,22,14
2081,361,4,24
2082,362,23,11
2083,362,5,11
2084,362,23,13
2085,362,5,14
2086,362,10,13
2087,362,2,15
2088,362,23,2
2089,363,23,16
2090,363,21,18
2091,363,24,5
2092,363,6,8
2093,363,9,16
2094,364,20,5
2095,364,8,15
2096,364,22,8
2097,364,3,21
2098,365,9,13
2099,365,2,19
2100,366,19,10
2101,366,0,24
2102,367,21,11
2103,367,14,18
2104,368,12,6
2105,368,7,16
2106,368,6,10
2107,369,8,4
2108,369,10,3
2109,369,16,23
2110,369,9,17
2111,369,10,1
2112,369,17,2
2113,369,24,10
2114,369,0,8
2115,369,9,22
2116,370,22,16
2117,370,11,3
2118,370,17,9
2119,370,22,20
2120,370,6,13
2121,370,24,0
2122,370,4,15
2123,371,8,1
2124,371,9,21
2125,371,14,23
2126,371,8,23
2127,372,4,14
2128,372,14,17
2129,372,14,5
2130,372,20,3
2131,372,17,24
2132,372,1,14
2133,372,11,17
2134,372,13,20
2135,372,8,18
2136,373,5,2
2137,373,6,23
2138,373,14,7
2139,373,22,1
2140,373,23,2
2141,373,0,6
2142,374,24,3
2143,374,24,15
2144,374,15,17
2145,374,9,20
2146,374,1,18
2147,375,19,0
2148,375,20,6
2149,375,22,18
2150,375,5,13
2151,375,4,19
2152,375,0,22
2153,375,21,24
2154,375,19,15
2155,375,2,11
2156,375,5,21
2157,375,3,21
2158,375,1,4
2159,375,23,6
2160,375,7,22
2161,376,21,19
2162,376,17,11
2163,376,5,8
2164,377,19,1
2165,377,7,19
2166,377,18,12
2167,377,12,0
2168,378,10,19
2169,378,3,13
2170,378,21,14
2171,378,4,7
2172,378,24,14
2173,378,17,24
2174,378,16,13
2175,379,20,2
2176,379,22,12
2177,379,0,3
2178,379,17,5
2179,379,9,2
2180,379,14,6
2181,380,4,8
2182,380,20,2
2183,380,22,15
2184,380,6,3
2185,380,16,8
2186,380,23,7
2187,380,13,11
2188,380,12,21
2189,381,1,24
2190,381,20,23
2191,381,16,12
2192,381,1,19
2193,381,2,21
2194,381,2,8
2195,381,2,14
2196,381,10,3
2197,382,17,10
2198,382,2,4
2199,382,23,5
2200,382,23,12
2201,382,21,0
2202,382,5,11
2203,382,5,7
2204,382,23,7
2205,382,20,1
2206,382,18,20
2207,383,13,24
2208,383,15,4
2209,384,4,11
2210,384,7,24
2211,384,6,16
2212,384,5,23
2213,384,21,15
2214,384,1,22
2215,384,6,8
2216,385,4,13
2217,385,22,6
2218,385,8,17
2219,385,5,9
2220,385,4,13
2221,385,20,23
2222,386,13,20
2223,386,15,13
2224,386,20,11
2225,386,24,21
2226,386,9,18
2227,386,1,23
2228,386,19,20
2229,387,9,15
2230,387,19,7
2231,387,8,21
2232,387,12,22
2233,387,24,18
2234,387,20,8
2235,388,9,17
2236,388,17,1
2237,388,17,4
2238,388,5,14
2239,388,0,8
2240,388,9,11
2241,389,18,16
2242,389,9,15
2243,389,23,6
2244,389,12,8
2245,389,10,14
2246,389,5,8
2247,389,15,13
2248,390,2,8
2249,390,0,13
2250,390,16,1
2251,390,2,17
2252,390,13,17
2253,391,18,5
2254,391,11,13
2255,391,8,11
2256,391,17,4
2257,392,15,1
2258,392,13,23
2259,392,8,20
2260,392,17,15
2261,392,22,10
2262,393,2,12
2263,393,9,3
2264,393,22,2
2265,393,20,11
2266,393,4,19
2267,393,15,5
2268,393,11,8
2269,394,2,22
2270,394,2,22
2271,394,4,24
2272,394,12,8
2273,394,5,1
2274,395,23,9
2275,395,2,22
2276,395,14,5
2277,395,24,10
2278,395,7,18
2279,395,24,5
2280,395,9,0
2281,396,15,9
2282,396,2,12
2283,397,18,21
2284,397,13,6
2285,397,24,18
2286,397,13,7
2287,397,23,21
2288,397,19,13
2289,398,23,10
2290,398,9,0
2291,398,22,16
2292,399,2,19
2293,399,24,8
2294,399,10,2
2295,399,8,12
2296,399,0,3
2297,399,3,22
2298,399,15,24
2299,399,23,3
2300,400,9,5
2301,400,15,1
2302,400,0,11
2303,400,24,3
2304,401,9,13
2305,401,14,3
2306,401,14,1
2307,401,4,20
2308,401,24,13
2309,401,8,14
2310,401,11,20
2311,401,13,20
2312,402,9,15
2313,402,16,22
2314,402,1,12
2315,402,12,22
2316,403,0,19
2317,403,12,0
2318,403,24,0
2319,403,8,12
2320,404,6,9
2321,404,21,9
2322,404,1,5
2323,404,24,0
2324,404,20,17
2325,404,14,18
2326,404,1,16
2327,404,3,15
2328,404,19,4
2329,405,9,20
2330,406,22,19
2331,406,20,18
2332,406,14,4
2333,406,1,19
2334,407,4,6
2335,407,23,21
2336,407,4,6
2337,407,0,2
2338,407,23,21
2339,407,5,11
2340,407,10,17
2341,408,13,2
2342,408,0,24
2343,408,24,3
2344,408,1,21
2345,408,8,11
2346,409,9,21
2347,409,20,12
2348,409,18,5
2349,409,13,17
2350,409,18,24
2351,409,3,20
2352,409,7,20
2353,409,12,8
2354,410,3,9
2355,410,3,11
2356,410,1,10
2357,410,4,2
2358,410,20,0
2359,410,5,16
2360,410,20,11
2361,410,5,7
2362,411,12,6
2363,411,13,1
2364,411,9,21
2365,412,24,7
2366,412,23,2
2367,412,14,2
2368,412,12,0
2369,412,17,19
2370,412,15,23
2371,413,1,3
2372,413,8,17
2373,413,15,1
2374,413,6,17
2375,413,7,22
2376,413,11,19
2377,413,21,0
2378,413,5,2
2379,413,1,9
2380,414,3,5
2381,414,1,8
2382,414,24,16
2383,414,4,14
2384,414,11,9
2385,414,3,13
2386,414,22,11
2387,415,8,15
2388,415,22,7
2389,415,13,3
2390,416,16,4
2391,416,16,5
2392,416,18,5
2393,416,10,0
2394,417,10,12
2395,417,21,8
2396,417,6,21
2397,417,17,3
2398,417,9,3
2399,417,4,24
2400,417,12,0
2401,417,12,16
2402,417,11,24
2403,417,20,22
2404,418,2,8
2405,418,13,1
2406,418,4,8
2407,418,10,9
2408,418,15,1
2409,418,21,8
2410,418,17,10
2411,418,2,10
2412,419,13,15
2413,419,24,10
2414,419,12,22
2415,419,12,6
2416,419,21,2
2417,419,3,5
2418,419,15,24
2419,419,2,15
2420,419,4,19
2421,420,8,24
2422,420,22,16
2423,420,10,9
2424,420,3,7
2425,420,2,16
2426,420,20,23
2427,420,6,22
2428,420,3,5
2429,420,6,17
2430,420,13,9
2431,421,17,15
2432,421,13,19
2433,421,6,10
2434,422,2,6
2435,422,2,19
2436,422,9,6
2437,422,9,20
2438,422,7,20
2439,423,17,9
2440,423,5,18
2441,423,15,23
2442,423,11,23
2443,423,11,9
2444,424,10,2
2445,424,17,4
2446,424,3,22
2447,424,12,3
2448,424,9,21
2449,424,7,1
2450,424,13,9
2451,425,12,22
2452,425,1,23
2453,426,14,4
2454,426,8,16
2455,426,22,6
2456,426,0,22
2457,426,0,8
2458,426,19,21
2459,426,18,7
2460,427,17,14
2461,427,19,8
2462,428,24,0
2463,428,14,23
2464,428,15,5
2465,429,10,6
2466,429,9,7
2467,429,7,21
2468,429,1,24
2469,429,13,6
2470,429,0,18
2471,430,14,2
2472,430,10,16
2473,430,1,14
2474,430,9,10
2475,430,1,24
2476,430,6,21
2477,430,12,21
2478,430,23,13
2479,430,1,10
2480,431,24,15
2481,431,10,18
2482,431,14,2
2483,431,1,7
2484,431,14,4
2485,431,1,3
2486,432,18,1
2487,432,3,17
2488,432,2,10
2489,433,18,4
2490,433,12,6
2491,433,12,21
2492,433,7,19
2493,433,0,2
2494,433,20,19
2495,434,15,14
2496,434,5,9
2497,434,15,22
2498,434,23,19
2499,434,15,12
2500,434,13,16
2501,435,18,2
2502,435,20,7
2503,435,6,21
2504,435,1,14
2505,435,16,1
2506,435,13,3
2507,436,2,8
2508,436,13,24
2509,436,9,20
2510,437,14,1
2511,437,7,20
2512,437,20,23
2513,437,1,9
2514,437,4,1
2515,437,18,10
2516,438,16,1
2517,438,21,8
2518,438,8,20
2519,438,2,22
2520,438,13,20
2521,438,13,9
2522,438,20,19
2523,439,14,20
2524,439,13,0
2525,439,14,12
2526,439,24,9
2527,440,3,7
2528,440,18,0
2529,440,3,24
2530,440,17,4
2531,440,10,23
2532,441,0,18
2533,441,17,9
2534,441,18,16
2535,441,21,1
2536,442,17,11
2537,442,7,19
2538,442,1,16
2539,442,22,16
2540,442,10,16
2541,443,5,18
2542,443,8,5
2543,443,11,13
2544,444,8,6
2545,444,11,5
2546,444,22,9
2547,445,19,12
2548,445,20,18
2549,445,22,12
2550,446,5,19
2551,446,5,8
2552,446,14,12
2553,446,19,4
2554,446,12,10
2555,446,17,9
2556,446,14,23
2557,447,21,14
2558,447,15,11
2559,447,7,19
2560,448,20,5
2561,448,3,9
2562,448,3,20
2563,448,19,21
2564,448,21,8
2565,448,22,6
2566,449,2,17
2567,449,8,5
2568,449,17,23
2569,449,12,2
2570,449,8,20
2571,450,20,18
2572,450,16,10
2573,450,15,18
2574,450,17,14
2575,450,9,22
2576,451,7,0
2577,451,15,8
2578,452,12,5
2579,452,2,23
2580,452,21,8
2581,452,9,23
2582,452,4,19
2583,452,9,6
2584,452,24,18
2585,453,22,5
2586,453,11,20
2587,453,15,21
2588,453,20,7
2589,453,14,24
2590,454,17,7
2591,454,5,12
2592,454,23,9
2593,455,10,9
2594,455,22,10
2595,455,23,8
2596,455,20,13
2597,455,8,24
2598,455,1,19
2599,455,14,20
2600,456,3,1
2601,456,14,7
2602,456,20,11
2603,456,17,6
2604,456,11,9
2605,457,17,5
2606,457,23,13
2607,457,20,3
2608,457,0,8
2609,457,21,2
2610,457,3,24
2611,457,13,3
2612,457,15,22
2613,458,10,13
2614,458,17,0
2615,459,0,8
2616,459,7,16
2617,459,18,14
2618,459,8,21
2619,459,0,6
2620,459,14,10
2621,459,14,1
2622,459,9,12
2623,459,14,3
2624,460,20,18
2625,460,18,7
2626,460,7,1
2627,460,21,7
2628,460,14,12
2629,461,17,15
2630,461,15,19
2631,461,23,16
2632,461,17,5
2633,462,22,10
2634,462,5,15
2635,463,23,0
2636,463,6,15
2637,463,21,9
2638,464,17,14
2639,464,12,16
2640,464,19,17
2641,464,8,0
2642,464,8,18
2643,464,7,13
2644,465,3,18
2645,465,11,7
2646,465,23,7
2647,465,13,16
2648,465,1,5
2649,465,22,13
2650,466,3,18
2651,466,10,20
2652,466,10,8
2653,466,0,2
2654,466,21,7
2655,466,21,1
2656,467,16,10
2657,467,3,23
2658,467,18,2
2659,467,14,21
2660,468,17,8
2661,468,15,6
2662,468,9,12
2663,469,7,0
2664,469,20,7
2665,469,21,10
2666,469,9,3
2667,470,9,21
2668,470,22,11
2669,470,13,11
2670,470,23,8
2671,470,4,5
2672,470,21,13
2673,471,21,19
2674,471,2,24
2675,472,18,7
2676,472,20,7
2677,472,9,24
2678,472,16,12
2679,473,9,7
2680,473,1,12
2681,473,9,0
2682,474,10,20
2683,474,8,23
2684,474,13,10
2685,474,18,5
2686,474,9,24
2687,474,19,23
2688,475,0,2
2689,475,5,20
2690,475,10,0
2691,475,23,0
2692,475,1,9
2693,475,21,11
2694,475,3,22
2695,475,5,19
2696,475,15,21
2697,475,9,13
2698,475,10,19
2699,476,9,23
2700,476,0,2
2701,476,6,8
2702,476,0,4
2703,476,19,12
2704,476,10,7
2705,476,20,23
2706,477,20,22
2707,477,13,2
2708,477,12,4
2709,477,3,5
2710,477,14,22
2711,477,4,21
2712,477,1,20
2713,478,6,10
2714,478,10,3
2715,478,20,0
2716,478,4,23
2717,478,7,17
2718,478,9,16
2719,479,11,1
2720,479,14,2
2721,479,6,16
2722,479,16,4
2723,479,16,8
2724,479,1,18
2725,479,24,13
2726,480,0,16
2727,480,0,24
2728,480,2,8
2729,480,10,3
2730,480,6,2
2731,480,8,5
2732,480,19,5
2733,480,12,16
2734,481,2,15
2735,481,5,20
2736,481,16,14
2737,481,2,23
2738,481,20,16
2739,481,16,6
2740,481,13,20
2741,481,1,17
2742,482,15,5
2743,482,14,5
2744,482,5,7
2745,482,19,12
2746,482,23,0
2747,482,17,23
2748,483,5,17
2749,483,24,9
2750,483,1,22
2751,483,12,18
2752,483,5,19
2753,483,14,4
2754,484,18,5
2755,484,13,5
2756,484,4,17
2757,484,10,8
2758,484,20,7
2759,484,23,13
2760,484,19,9
2761,484,16,1
2762,484,24,17
2763,485,0,2
2764,485,24,13
2765,485,23,7
2766,485,24,1
2767,485,15,5
2768,486,11,0
2769,486,15,2
2770,486,12,16
2771,487,4,12
2772,487,10,6
2773,487,7,22
2774,487,10,18
2775,487,11,4
2776,487,10,9
2777,488,11,1
2778,488,14,6
2779,488,23,12
2780,488,7,20
2781,488,11,4
2782,488,9,0
2783,489,7,20
2784,489,14,11
2785,489,13,2
2786,489,3,5
2787,489,7,22
2788,489,12,8
2789,489,17,0
2790,490,18,6
2791,490,0,24
2792,490,3,16
2793,490,13,19
2794,490,19,8
2795,491,14,21
2796,491,1,23
2797,491,5,11
2798,491,3,14
2799,492,11,19
2800,492,18,24
2801,492,12,0
2802,492,5,13
2803,492,4,20
2804,492,24,12
2805,493,15,5
2806,493,4,6
2807,493,9,7
2808,493,19,12
2809,493,15,17
2810,493,7,21
2811,493,0,4
2812,493,8,1
2813,494,3,22
2814,494,14,22
2815,494,16,13
2816,494,11,7
2817,495,12,20
2818,495,9,1
2819,495,7,15
2820,495,8,18
2821,495,4,17
2822,495,14,6
2823,495,19,3
2824,495,15,8
2825,495,20,16
2826,496,14,8
2827,496,14,10
2828,496,12,8
2829,496,14,16
2830,496,4,20
2831,496,19,10
2832,497,4,17
2833,497,5,16
2834,497,5,14
2835,497,8,6
2836,497,19,13
2837,497,6,23
2838,498,19,4
2839,498,8,14
2840,498,19,0
2841,498,10,4
2842,498,22,1
2843,498,7,21
2844,498,6,19
2845,498,24,20
2846,498,1,4
2847,498,0,23
2848,498,5,24
2849,498,19,8
2850,499,22,13
2851,499,1,15
2852,499,9,3
2853,500,6,20
2854,500,12,22
2855,500,0,10
2856,500,17,1
2857,501,6,14
2858,501,24,14
2859,501,14,8
2860,501,22,15
2861,501,6,20
2862,501,6,16
2863,501,14,21
2864,501,23,5
2865,502,20,14
2866,502,21,24
2867,502,10,24
2868,502,20,18
2869,502,2,8
2870,503,24,16
2871,503,8,5
2872,503,23,20
2873,503,22,20
2874,503,5,20
2875,504,8,10
2876,504,21,13
2877,504,15,1
2878,505,9,11
2879,505,10,24
2880,505,9,3
2881,505,10,20
2882,505,1,4
2883,505,1,3
2884,505,3,5
2885,505,12,23
2886,505,20,16
2887,505,1,8
2888,506,11,2
2889,506,2,0
2890,506,13,0
2891,506,24,1
2892,506,3,5
2893,506,24,0
2894,506,1,20
2895,507,22,4
2896,507,1,17
2897,507,13,21
2898,507,11,0
2899,507,15,6
2900,507,1,21
2901,507,10,9
2902,508,19,13
2903,508,5,23
2904,508,17,9
2905,508,12,4
2906,508,23,2
2907,508,19,6
2908,508,16,3
2909,508,12,21
2910,508,22,18
2911,509,19,3
2912,509,18,20
2913,509,0,22
2914,509,10,2
2915,510,24,17
2916,510,1,23
2917,510,7,16
2918,510,7,20
2919,510,10,13
2920,511,18,20
2921,511,19,22
2922,511,1,23
2923,511,16,1
2924,511,14,16
2925,512,15,13
2926,512,1,22
2927,512,2,10
2928,512,4,23
2929,512,5,20
2930,512,8,0
2931,512,15,17
2932,512,12,3
2933,513,18,3
2934,513,24,9
2935,513,9,13
2936,513,6,22
2937,513,22,12
2938,513,1,15
2939,513,11,1
2940,513,14,7
2941,514,15,1
2942,514,22,15
2943,514,0,18
2944,514,24,20
2945,514,8,5
2946,515,10,22
2947,515,0,23
2948,515,13,6
2949,515,0,12
2950,516,11,21
2951,516,3,9
2952,517,17,10
2953,517,0,9
2954,517,3,0
2955,518,7,14
2956,518,24,15
2957,518,7,1
2958,518,22,5
2959,518,10,17
2960,519,2,5
2961,519,20,5
2962,519,14,16
2963,519,11,18
2964,519,4,6
2965,520,5,23
2966,520,4,7
2967,520,14,16
2968,521,9,7
2969,521,21,12
2970,521,3,5
2971,521,0,11
2972,521,22,19
2973,521,15,7
2974,522,15,19
2975,522,15,13
2976,522,0,4
2977,522,14,12
2978,522,23,16
2979,522,16,20
2980,523,23,10
2981,523,12,8
2982,523,1,15
2983,523,11,9
2984,523,11,9
2985,523,14,18
2986,523,23,2
2987,523,4,17
2988,523,1,22
2989,523,12,9
2990,523,12,22
2991,524,6,13
2992,524,17,2
2993,524,15,2
2994,524,18,20
2995,524,18,10
2996,525,17,8
2997,525,22,10
2998,525,17,14
2999,525,11,0
3000,525,17,5
3001,525,0,20
3002,525,3,14
3003,525,4,2
3004,526,22,13
3005,526,18,11
3006,526,17,13
3007,526,14,23
3008,526,17,24
3009,526,19,2
3010,526,14,16
3011,527,24,18
3012,527,20,17
3013,527,5,3
3014,527,10,17
3015,527,7,3
3016,527,1,20
3017,527,3,10
3018,527,2,22
3019,528,4,12
3020,528,11,19
3021,528,3,13
3022,528,1,7
3023,528,1,17
3024,528,2,4
3025,528,19,20
3026,529,1,19
3027,529,14,10
3028,529,3,11
3029,529,8,16
3030,530,17,14
3031,530,11,19
3032,530,16,19
3033,530,1,13
3034,530,24,0
3035,530,11,1
3036,530,12,9
3037,530,19,17
3038,531,7,17
3039,531,5,12
3040,531,7,22
3041,531,0,15
3042,531,21,12
3043,531,17,20
3044,531,6,21
3045,531,14,15
3046,532,7,21
3047,532,2,14
3048,532,15,2
3049,532,19,1
3050,532,17,14
3051,532,17,21
3052,532,21,13
3053,533,17,8
3054,533,23,16
3055,534,8,12
3056,534,0,17
3057,534,13,17
3058,534,14,21
3059,534,8,18
3060,534,9,11
3061,534,2,12
3062,535,14,4
3063,535,10,14
3064,535,12,22
3065,535,3,24
3066,535,15,14
3067,536,14,24
3068,536,1,16
3069,536,12,19
3070,536,22,10
3071,536,6,22
3072,537,22,6
3073,537,6,15
3074,537,15,17
3075,538,8,21
3076,538,18,15
3077,538,0,19
3078,538,11,3
3079,538,7,9
3080,539,18,15
3081,539,7,5
3082,539,7,0
3083,539,3,19
3084,540,15,1
3085,540,11,21
3086,540,0,16
3087,541,3,20
3088,541,0,7
3089,541,5,21
3090,541,24,18
3091,541,22,6
3092,542,24,0
3093,542,21,19
3094,542,4,23
3095,542,1,8
3096,542,14,5
3097,543,15,5
3098,543,11,2
3099,543,9,2
3100,543,2,16
3101,544,7,3
3102,544,10,7
3103,544,7,10
3104,544,23,2
3105,545,3,0
3106,545,9,1
3107,545,0,22
3108,545,24,14
3109,545,12,5
3110,545,1,10
3111,545,11,4
3112,545,23,21
3113,545,20,22
3114,546,15,12
3115,546,8,19
3116,546,4,22
3117,546,8,4
3118,546,10,19
3119,546,12,6
3120,546,6,17
3121,547,11,4
3122,547,17,11
3123,547,7,13
3124,547,11,21
3125,547,24,11
3126,547,5,14
3127,548,10,7
3128,549,20,10
3129,550,11,19
3130,550,15,0
3131,550,14,17
3132,550,20,18
3133,550,11,13
3134,550,14,10
3135,550,10,18
3136,550,13,1
3137,551,3,6
3138,551,24,3
3139,551,6,17
3140,551,1,5
3141,551,8,11
3142,551,3,6
3143,551,0,9
3144,551,22,15
3145,551,14,18
3146,552,17,13
3147,553,13,17
3148,553,20,6
3149,553,13,6
3150,553,19,13
3151,553,13,2
3152,553,22,20
3153,553,19,6
3154,553,2,0
3155,553,0,12
3156,553,21,10
3157,553,3,19
3158,553,2,24
3159,554,19,20
3160,554,2,11
3161,554,9,19
3162,554,7,10
3163,555,0,4
3164,555,17,10
3165,555,6,23
3166,555,4,11
3167,555,2,24
3168,555,20,7
3169,555,9,17
3170,555,21,18
3171,555,21,6
3172,556,7,19
3173,556,10,12
3174,556,23,13
3175,556,18,14
3176,556,3,6
3177,556,4,19
3178,557,19,8
3179,557,13,22
3180,557,19,20
3181,557,16,23
3182,558,13,9
3183,559,5,22
3184,559,10,3
3185,559,13,19
3186,559,15,4
3187,559,20,8
3188,559,3,16
3189,559,1,23
3190,560,2,22
3191,560,10,13
3192,560,5,22
3193,560,11,5
3194,560,22,16
3195,560,12,5
3196,561,11,0
3197,561,16,12
3198,561,22,1
3199,561,15,0
3200,561,9,1
3201,562,2,23
3202,562,4,12
3203,562,8,18
3204,562,17,21
3205,562,8,20
3206,562,20,6
3207,562,17,1
3208,563,14,16
3209,563,18,24
3210,564,18,4
3211,564,2,9
3212,564,24,11
3213,564,18,14
3214,564,20,17
3215,565,0,17
3216,565,8,12
3217,565,22,10
3218,565,22,14
3219,565,17,6
3220,566,24,11
3221,566,12,9
3222,566,20,0
3223,566,15,0
3224,566,6,17
3225,566,6,15
3226,566,8,14
3227,567,6,16
3228,567,3,22
3229,567,16,7
3230,567,21,6
3231,567,15,6
3232,567,23,5
3233,568,15,13
3234,568,13,17
3235,568,18,8
3236,568,6,10
3237,568,5,12
3238,568,10,16
3239,568,1,3
3240,569,17,11
3241,569,8,24
3242,569,4,10
3243,570,18,11
3244,570,7,0
3245,570,4,15
3246,570,24,18
3247,570,18,3
3248,570,14,8
3249,571,24,13
3250,571,23,0
3251,571,13,3
3252,571,18,22
3253,571,15,4
3254,572,9,23
3255,572,7,21
3256,572,4,17
3257,572,21,6
3258,572,7,24
3259,573,5,9
3260,573,9,12
3261,573,17,11
3262,573,23,20
3263,573,9,5
3264,573,16,20
3265,573,16,4
3266,573,18,9
3267,574,14,22
3268,574,18,16
3269,574,22,19
3270,574,4,5
3271,574,18,8
3272,574,3,10
3273,574,15,4
3274,575,7,0
3275,575,3,12
3276,575,0,18
3277,575,5,20
3278,575,10,24
3279,576,5,18
3280,576,16,13
3281,576,5,1
3282,576,12,9
3283,577,22,6
3284,577,19,17
3285,577,21,7
3286,577,19,22
3287,577,3,17
3288,577,6,16
3289,577,3,13
3290,578,7,13
3291,578,24,18
3292,578,24,22
3293,578,11,1
3294,578,2,0
3295,578,6,21
3296,578,13,15
3297,579,14,3
3298,579,19,16
3299,579,20,4
3300,579,18,15
3301,580,9,6
3302,580,17,7
3303,581,4,11
3304,581,6,16
3305,581,12,23
3306,581,3,23
3307,581,3,5
3308,581,11,17
3309,581,13,20
3310,582,16,4
3311,582,10,24
3312,582,4,12
3313,582,21,8
3314,582,0,7
3315,582,18,20
3316,582,6,0
3317,583,13,4
3318,583,7,11
3319,583,3,17
3320,584,17,24
3321,584,11,1
3322,584,14,0
3323,585,9,12
3324,585,8,24
3325,585,20,23
3326,585,22,6
3327,585,6,14
3328,585,14,17
3329,585,22,4
3330,585,21,8
3331,585,15,9
3332,586,18,16
3333,586,17,24
3334,586,12,21
3335,587,4,20
3336,587,17,10
3337,587,12,14
3338,587,12,20
3339,587,14,3
3340,587,15,18
3341,588,13,5
3342,588,12,2
3343,588,8,24
3344,589,1,17
3345,589,18,15
3346,589,17,23
3347,589,22,16
3348,589,13,1
3349,590,15,0
3350,590,2,12
3351,590,18,3
3352,590,22,14
3353,590,13,22
3354,590,24,10
3355,590,17,4
3356,591,17,11
3357,591,0,16
3358,591,15,4
3359,591,20,23
3360,591,8,18
3361,591,17,0
3362,591,23,1
3363,591,15,11
3364,591,14,10
3365,591,24,10
3366,592,0,19
3367,592,17,19
3368,592,5,23
3369,592,20,13
3370,592,23,16
3371,593,5,15
3372,593,22,9
3373,593,3,1
3374,593,16,13
3375,593,8,19
3376,593,19,12
3377,593,6,15
3378,594,9,6
3379,594,4,24
3380,594,12,18
3381,594,4,13
3382,594,12,24
3383,594,12,0
3384,594,9,13
3385,594,17,10
3386,594,5,23
3387,594,19,23
3388,594,10,22
3389,594,16,3
3390,595,22,15
3391,595,10,2
3392,595,0,3
3393,595,13,19
3394,595,2,5
3395,596,11,23
3396,596,17,13
3397,596,13,6
3398,596,3,10
3399,596,21,24
3400,596,15,14
3401,596,12,4
3402,596,2,11
3403,596,15,0
3404,596,0,3
3405,597,9,11
3406,597,14,12
3407,597,22,16
3408,597,12,2
3409,597,22,1
3410,597,15,1
3411,597,1,23
3412,598,4,23
3413,598,3,23
3414,598,21,13
3415,598,17,9
3416,598,13,6
3417,598,14,20
3418,598,16,4
3419,599,11,15
3420,599,9,13
3421,599,22,7
3422,599,11,18
3423,599,21,1
3424,599,15,5
3425,599,19,16
3426,599,11,2
3427,599,15,3
3428,599,10,3
3429,600,11,22
3430,600,23,7
3431,600,3,22
3432,600,10,20
3433,600,23,15
3434,600,20,13
3435,601,2,19
3436,601,19,12
3437,601,3,18
3438,601,20,6
3439,601,5,20
3440,602,14,2
3441,602,14,16
3442,602,13,7
3443,602,6,17
3444,602,22,11
3445,602,7,19
3446,602,3,21
3447,603,20,13
3448,603,20,6
3449,603,11,8
3450,603,4,19
3451,603,5,7
3452,603,10,14
3453,604,12,21
3454,604,5,7
3455,604,10,13
3456,604,8,0
3457,604,6,2
3458,604,21,1
3459,605,7,0
3460,605,4,7
3461,605,0,2
3462,605,18,16
3463,605,10,7
3464,605,19,1
3465,605,2,22
3466,606,13,5
3467,606,10,3
3468,606,20,14
3469,607,24,22
3470,607,0,9
3471,607,22,18
3472,607,4,24
3473,607,9,19
3474,607,19,20
3475,607,10,0
3476,607,23,6
3477,608,23,5
3478,608,9,16
3479,608,3,23
3480,609,23,7
3481,609,7,13
3482,609,18,6
3483,609,12,24
3484,609,21,4
3485,610,8,0
3486,610,8,14
3487,610,7,10
3488,610,11,4
3489,610,24,12
3490,610,4,19
3491,611,18,9
3492,611,22,4
3493,612,18,3
3494,612,20,13
3495,612,23,17
3496,612,15,12
3497,612,8,0
3498,612,15,18
3499,613,22,9
3500,613,16,3
3501,613,20,24
3502,613,1,7
3503,613,24,12
3504,613,10,21
3505,614,15,12
3506,614,5,7
3507,614,13,23
3508,614,9,24
3509,614,4,22
3510,614,20,7
3511,614,10,1
3512,614,15,13
3513,615,5,4
3514,615,21,19
3515,615,19,2
3516,615,1,16
3517,615,14,4
3518,615,1,3
3519,616,15,9
3520,616,4,20
3521,616,9,16
3522,616,20,16
3523,616,8,6
3524,616,15,17
3525,616,16,13
3526,616,24,8
3527,617,15,22
3528,617,24,11
3529,617,5,12
3530,617,6,12
3531,618,7,23
3532,618,23,15
3533,618,17,9
3534,618,0,17
3535,619,24,1
3536,619,3,18
3537,619,13,4
3538,619,15,12
3539,619,2,0
3540,619,5,23
3541,619,6,24
3542,619,22,3
3543,619,17,19
3544,619,21,3
3545,620,7,0
3546,620,21,10
3547,620,17,10
3548,620,21,6
3549,620,8,19
3550,620,8,19
3551,620,12,6
3552,620,21,4
3553,620,2,15
3554,620,14,3
3555,620,2,24
3556,621,15,0
3557,621,11,4
3558,621,23,19
3559,621,3,24
3560,621,24,20
3561,621,5,14
3562,621,22,6
3563,622,11,5
3564,622,22,12
3565,622,11,4
3566,622,4,10
3567,622,17,13
3568,622,11,1
3569,623,6,22
3570,623,16,4
3571,623,11,21
3572,623,8,14
3573,623,10,24
3574,623,0,9
3575,623,10,4
3576,624,8,6
3577,624,17,14
3578,624,13,3
3579,624,24,3
3580,624,17,2
3581,624,7,23
3582,625,2,6
3583,625,18,3
3584,625,3,15
3585,625,19,3
3586,625,24,10
3587,626,21,6
3588,626,3,7
3589,626,17,7
3590,626,16,3
3591,627,18,10
3592,627,0,24
3593,627,0,15
3594,627,4,5
3595,627,24,20
3596,628,17,1
3597,628,14,18
3598,628,16,7
3599,628,8,1
3600,628,17,13
3601,628,9,22
3602,629,3,23
3603,629,12,9
3604,629,6,4
3605,629,3,11
3606,629,12,23
3607,630,13,11
3608,630,14,7
3609,630,24,9
3610,630,23,19
3611,630,19,12
3612,630,19,1
3613,630,16,1
3614,631,6,24
3615,631,16,14
3616,631,0,13
3617,632,9,5
3618,632,8,5
3619,632,18,15
3620,632,15,6
3621,632,12,9
3622,632,10,1
3623,632,6,0
3624,632,3,19
3625,632,5,21
3626,632,0,11
3627,632,24,13
3628,633,7,0
3629,634,14,16
3630,634,20,14
3631,634,22,3
3632,634,7,4
3633,634,0,16
3634,634,9,11
3635,635,1,16
3636,635,22,18
3637,635,20,10
3638,635,4,22
3639,635,5,3
3640,635,22,14
3641,635,2,6
3642,635,13,2
3643,635,6,10
3644,636,10,18
3645,636,13,1
3646,636,14,8
3647,636,16,14
3648,636,22,6
3649,637,0,19
3650,637,16,6
3651,637,11,21
3652,638,5,24
3653,638,1,13
3654,638,0,10
3655,638,1,14
3656,638,7,17
3657,638,5,21
3658,638,24,10
3659,638,9,15
3660,638,3,23
3661,639,20,12
3662,639,0,2
3663,639,12,1
3664,639,21,3
3665,639,0,9
3666,640,10,1
3667,640,6,13
3668,640,24,18
3669,640,14,4
3670,640,12,23
3671,640,7,22
3672,640,18,3
3673,641,12,4
3674,641,12,18
3675,641,19,8
3676,641,20,2
3677,641,11,21
3678,642,23,8
3679,642,1,19
3680,642,11,24
3681,642,13,23
3682,643,0,13
3683,643,0,22
3684,643,24,3
3685,643,7,9
3686,643,24,13
3687,643,4,20
3688,643,0,3
3689,643,22,7
3690,644,9,3
3691,644,8,12
3692,645,15,24
3693,645,3,21
3694,645,2,10
3695,645,24,10
3696,645,13,23
3697,645,16,2
3698,646,5,17
3699,646,5,21
3700,646,20,17
3701,646,17,4
3702,646,0,2
3703,646,7,23
3704,646,9,21
3705,646,1,23
3706,646,21,0
3707,646,12,10
3708,647,19,1
3709,647,24,22
3710,647,19,5
3711,647,19,21
3712,647,18,1
3713,647,24,3
3714,647,10,6
3715,648,15,13
3716,648,12,10
3717,648,6,19
3718,649,7,24
3719,649,4,24
3720,649,16,23
3721,649,19,8
3722,649,11,3
3723,650,24,16
3724,650,11,5
3725,650,19,15
3726,650,9,19
3727,650,23,10
3728,650,5,12
3729,651,19,8
3730,651,24,9
3731,651,17,0
3732,651,19,7
3733,652,23,19
3734,652,9,17
3735,652,10,24
3736,652,13,4
3737,652,17,9
3738,652,19,8
3739,652,0,18
3740,652,23,0
3741,653,19,10
3742,653,21,5
3743,653,22,7
3744,654,9,3
3745,654,0,13
3746,654,21,23
3747,654,21,0
3748,654,8,4
3749,654,12,24
3750,655,0,11
3751,655,7,21
3752,655,7,9
3753,655,0,7
3754,655,15,8
3755,655,15,17
3756,656,12,2
3757,656,13,11
3758,656,14,3
3759,656,1,15
3760,656,23,1
3761,656,21,13
3762,656,24,21
3763,657,21,4
3764,657,23,4
3765,657,16,12
3766,657,16,2
3767,657,2,15
3768,657,6,23
3769,657,1,10
3770,658,0,3
3771,658,15,8
3772,658,8,15
3773,658,7,18
3774,658,13,16
3775,658,5,9
3776,659,15,6
3777,659,4,19
3778,659,2,15
3779,659,17,10
3780,660,17,7
3781,660,16,0
3782,660,4,13
3783,660,3,13
3784,660,16,6
3785,660,13,17
3786,661,17,13
3787,661,23,0
3788,661,9,5
3789,661,20,0
3790,661,9,20
3791,661,8,16
3792,661,2,16
3793,661,9,13
3794,661,0,19
3795,661,20,12
3796,662,1,24
3797,662,13,0
3798,662,14,6
3799,662,21,17
3800,662,8,21
3801,662,17,1
3802,663,3,23
3803,663,14,22
3804,663,6,17
3805,663,4,24
3806,663,1,3
3807,663,24,18
3808,663,8,15
3809,663,14,8
3810,663,17,5
3811,664,24,21
3812,664,24,20
3813,664,20,19
3814,665,15,11
3815,665,12,19
3816,665,11,3
3817,665,0,15
3818,665,19,9
3819,665,23,0
3820,665,12,14
3821,665,23,14
3822,665,5,20
3823,666,15,23
3824,666,2,14
3825,666,10,20
3826,666,22,11
3827,667,23,14
3828,667,10,1
3829,667,10,0
3830,667,5,12
3831,667,10,12
3832,667,8,24
3833,667,6,20
3834,668,21,14
3835,668,3,21
3836,668,11,22
3837,668,22,1
3838,668,10,22
3839,668,2,6
3840,669,5,8
3841,669,23,14
3842,669,5,20
3843,669,1,9
3844,670,0,18
3845,670,1,5
3846,670,5,21
3847,670,4,12
3848,670,17,4
3849,670,15,18
3850,671,12,16
3851,671,17,23
3852,671,5,22
3853,671,4,10
3854,671,7,23
3855,671,10,21
3856,671,17,15
3857,672,6,3
3858,672,1,13
3859,672,19,16
3860,672,7,14
3861,672,20,0
3862,672,19,23
3863,673,14,11
3864,674,10,17
3865,674,23,1
3866,674,10,16
3867,674,3,13
3868,674,17,19
3869,674,13,20
3870,674,21,0
3871,675,8,6
3872,675,20,10
3873,675,21,6
3874,675,14,22
3875,675,20,22
3876,675,0,3
3877,675,5,3
3878,676,22,15
3879,676,22,3
3880,676,22,12
3881,676,22,12
3882,678,4,16
3883,678,17,14
3884,678,3,21
3885,678,10,17
3886,678,11,5
3887,678,16,12
3888,679,21,5
3889,679,15,6
3890,679,22,13
3891,679,23,10
3892,679,24,21
3893,679,1,22
3894,679,1,13
3895,679,9,13
3896,679,10,21
3897,679,3,5
3898,679,11,15
3899,680,16,8
3900,680,22,1
3901,680,11,3
3902,681,2,22
3903,681,15,18
3904,681,2,22
3905,681,6,12
3906,681,0,6
3907,681,15,6
3908,681,18,6
3909,682,22,15
3910,682,15,11
3911,682,1,5
3912,682,2,11
3913,682,7,11
3914,682,11,13
3915,683,24,22
3916,683,1,22
3917,683,12,14
3918,684,12,15
3919,684,19,7
3920,684,15,1
3921,684,24,12
3922,684,16,20
3923,684,5,18
3924,684,8,17
3925,684,16,14
3926,684,23,6
3927,684,18,4
3928,685,17,21
3929,685,20,22
3930,685,19,15
3931,685,4,21
3932,685,11,21
3933,685,1,5
3934,686,4,24
3935,686,9,21
3936,686,10,18
3937,686,10,8
3938,686,9,13
3939,686,20,10
3940,686,17,3
3941,686,11,24
3942,687,18,21
3943,687,10,13
3944,687,17,8
3945,687,17,7
3946,687,5,8
3947,687,19,4
3948,687,10,14
3949,687,22,18
3950,687,18,0
3951,687,7,22
3952,687,2,17
3953,688,22,15
3954,688,1,14
3955,688,8,11
3956,688,12,20
3957,689,13,22
3958,689,5,13
3959,689,3,11
3960,689,16,20
3961,690,16,19
3962,690,22,7
3963,690,19,11
3964,690,20,19
3965,690,16,8
3966,690,16,5
3967,690,14,18
3968,690,21,5
3969,690,20,7
3970,691,22,13
3971,691,3,6
3972,691,6,17
3973,691,14,20
3974,691,8,14
3975,691,13,15
3976,691,20,1
3977,692,21,8
3978,692,4,15
3979,692,22,2
3980,693,4,22
3981,693,16,7
3982,693,3,6
3983,693,2,21
3984,693,0,24
3985,694,7,23
3986,694,15,7
3987,694,19,11
3988,694,14,16
3989,694,7,13
3990,695,6,8
3991,695,0,11
3992,695,5,1
3993,695,10,21
3994,695,7,20
3995,695,24,21
3996,695,22,7
3997,696,19,3
3998,696,22,6
3999,696,9,11
4000,696,24,22
4001,696,11,18
4002,696,14,15
4003,696,22,8
4004,696,15,24
4005,696,12,4
4006,697,3,14
4007,697,7,20
4008,697,19,23
4009,697,2,15
4010,697,24,4
4011,697,2,5
4012,697,21,3
4013,698,20,16
4014,698,4,11
4015,699,23,16
4016,699,4,24
4017,699,19,17
4018,700,12,0
4019,700,22,19
4020,700,0,12
4021,700,21,3
4022,700,5,3
4023,700,11,2
4024,700,4,22
4025,701,13,5
4026,701,18,7
4027,701,5,4
4028,701,3,16
4029,701,19,22
4030,701,17,9
4031,702,5,22
4032,702,15,1
4033,702,17,3
4034,703,10,7
4035,703,2,18
4036,703,15,21
4037,703,20,7
4038,703,17,10
4039,703,11,7
4040,704,1,4
4041,704,24,0
4042,704,18,14
4043,704,16,7
4044,704,21,13
4045,705,19,9
4046,705,22,6
4047,705,10,21
4048,705,16,7
4049,705,16,12
4050,706,10,3
4051,706,21,7
4052,706,0,14
4053,706,22,24
4054,706,15,13
4055,707,12,9
4056,707,17,4
4057,707,2,16
4058,707,15,2
4059,707,8,15
4060,708,11,2
4061,708,7,15
4062,708,10,8
4063,708,8,11
4064,708,17,4
4065,708,0,13
4066,708,1,16
4067,708,1,11
4068,708,23,20
4069,708,7,20
4070,708,20,4
4071,709,10,16
4072,709,13,1
4073,709,16,19
4074,709,17,10
4075,709,7,14
4076,709,2,18
4077,710,20,19
4078,710,17,9
4079,710,2,15
4080,710,6,23
4081,711,21,9
4082,711,8,10
4083,711,20,19
4084,711,19,9
4085,711,19,2
4086,711,2,0
4087,712,5,24
4088,712,4,15
4089,712,5,24
4090,712,9,6
4091,712,10,0
4092,712,12,23
4093,712,19,10
4094,712,11,4
4095,712,14,7
4096,712,15,7
4097,712,22,10
4098,713,23,5
4099,713,18,16
4100,713,18,9
4101,713,9,23
4102,713,10,12
4103,713,6,23
4104,714,16,14
4105,714,4,10
4106,714,21,15
4107,715,13,7
4108,715,20,1
4109,715,14,8
4110,716,17,21
4111,716,17,9
4112,716,17,6
4113,716,19,1
4114,716,13,1
4115,717,23,2
4116,717,1,17
4117,717,9,18
4118,717,10,22
4119,717,2,4
4120,717,21,5
4121,718,6,13
4122,718,5,22
4123,718,4,19
4124,718,9,10
4125,718,13,16
4126,718,23,15
4127,718,19,9
4128,719,22,11
4129,719,14,22
4130,720,11,1
4131,720,2,11
4132,720,6,18
4133,720,20,14
4134,720,18,22
4135,720,8,12
4136,721,9,11
4137,721,14,0
4138,721,6,8
4139,721,21,18
4140,721,20,3
4141,721,21,3
4142,721,20,7
4143,721,7,4
4144,721,9,18
4145,722,15,5
4146,722,18,4
4147,722,11,17
4148,722,22,16
4149,722,2,20
4150,723,13,22
4151,723,16,0
4152,723,20,12
4153,723,24,16
4154,724,2,14
4155,724,5,9
4156,724,22,24
4157,724,6,3
4158,724,11,7
4159,724,6,17
4160,724,22,5
4161,725,4,10
4162,725,17,2
4163,725,20,6
4164,725,2,15
4165,725,5,24
4166,725,0,24
4167,725,16,22
4168,726,18,20
4169,726,0,4
4170,726,17,3
4171,727,6,17
4172,728,17,13
4173,728,7,9
4174,728,17,24
4175,728,24,22
4176,728,24,8
4177,728,13,16
4178,728,7,16
4179,729,15,21
4180,729,3,6
4181,729,22,6
4182,729,17,15
4183,729,11,23
4184,729,4,18
4185,729,19,6
4186,729,4,10
4187,729,11,13
4188,729,8,0
4189,730,17,3
4190,730,14,5
4191,730,22,19
4192,730,10,12
4193,730,1,15
4194,730,4,2
4195,730,2,0
4196,730,22,8
4197,731,4,23
4198,731,18,20
4199,731,20,2
4200,731,19,3
4201,731,11,3
4202,731,18,24
4203,731,23,20
4204,731,0,6
4205,732,20,1
4206,732,14,11
4207,732,17,3
4208,732,15,9
4209,732,10,13
4210,732,7,14
4211,732,14,18
4212,732,10,1
4213,733,4,23
4214,733,4,18
4215,733,4,11
4216,733,16,22
4217,733,0,2
4218,733,3,1
4219,733,0,12
4220,734,12,5
4221,734,23,7
4222,735,12,6
4223,735,11,3
4224,735,2,18
4225,735,9,2
4226,735,16,1
4227,736,22,4
4228,736,22,8
4229,736,5,8
4230,736,22,11
4231,736,3,6
4232,736,5,8
4233,737,2,18
4234,737,0,2
4235,737,0,7
4236,737,14,1
4237,738,17,7
4238,738,16,8
4239,738,5,19
4240,738,21,6
4241,738,17,15
4242,739,4,15
4243,739,8,2
4244,739,19,17
4245,739,3,0
4246,739,4,14
4247,739,21,10
4248,740,9,16
4249,740,8,1
4250,740,15,4
4251,740,2,0
4252,740,10,6
4253,740,3,9
4254,740,16,1
4255,740,24,11
4256,740,17,0
4257,741,13,11
4258,741,13,3
4259,742,7,0
4260,742,18,4
4261,742,24,7
4262,742,18,9
4263,742,13,23
4264,742,6,22
4265,742,0,18
4266,742,19,15
4267,743,9,5
4268,743,1,18
4269,743,7,5
4270,743,23,10
4271,743,10,14
4272,744,11,3
4273,744,7,4
4274,744,23,14
4275,744,5,23
4276,744,5,19
4277,744,16,12
4278,745,2,4
4279,745,12,5
4280,745,24,13
4281,745,17,10
4282,746,4,8
4283,746,19,4
4284,746,16,0
4285,746,18,11
4286,747,8,1
4287,747,18,0
4288,747,14,18
4289,748,10,1
4290,748,12,24
4291,748,15,23
4292,748,10,9
4293,749,11,8
4294,749,23,6
4295,749,2,8
4296,749,6,10
4297,749,21,2
4298,749,6,15
4299,749,0,8
4300,749,8,5
4301,749,4,13
4302,749,0,22
4303,750,9,23
4304,750,12,16
4305,750,5,2
4306,750,3,7
4307,750,5,8
4308,750,12,16
4309,751,24,9
4310,751,17,23
4311,751,19,2
4312,751,19,23
4313,751,3,20
4314,752,22,19
4315,752,3,17
4316,752,7,0
4317,752,5,7
4318,753,23,0
4319,753,6,17
4320,753,22,7
4321,753,23,15
4322,753,15,12
4323,753,12,24
4324,753,16,24
4325,754,14,10
4326,754,18,3
4327,754,9,23
4328,754,15,5
4329,754,5,13
4330,754,23,12
4331,754,17,5
4332,754,5,16
4333,755,11,15
4334,755,17,5
4335,755,6,0
4336,756,22,24
4337,756,10,17
4338,757,4,15
4339,757,1,21
4340,757,24,1
4341,757,19,20
4342,757,8,4
4343,757,6,0
4344,757,23,20
4345,758,5,4
4346,758,2,13
4347,758,3,24
4348,758,23,0
4349,758,0,16
4350,759,13,23
4351,759,16,13
4352,759,3,0
4353,759,2,14
4354,759,3,20
4355,759,19,5
4356,759,9,10
4357,760,24,21
4358,760,14,11
4359,760,24,15
4360,760,13,21
4361,761,11,18
4362,761,1,24
4363,761,0,4
4364,762,0,11
4365,762,0,15
4366,762,17,20
4367,762,20,0
4368,762,1,21
4369,763,3,11
4370,763,17,11
4371,763,10,8
4372,763,15,11
4373,763,16,8
4374,763,10,12
4375,763,24,12
4376,764,4,11
4377,764,11,0
4378,764,1,10
4379,764,18,22
4380,765,7,13
4381,765,22,16
4382,765,5,15
4383,765,7,23
4384,765,13,9
4385,765,10,7
4386,765,17,2
4387,765,1,20
4388,765,22,9
4389,766,12,14
4390,766,12,0
4391,766,20,12
4392,766,7,9
4393,767,13,6
4394,767,1,15
4395,767,6,9
4396,767,3,22
4397,768,15,0
4398,768,18,12
4399,768,19,7
4400,769,16,24
4401,769,17,8
4402,769,17,1
4403,769,18,8
4404,769,6,16
4405,769,15,5
4406,769,17,15
4407,770,12,9
4408,770,10,23
4409,770,6,0
4410,770,21,11
4411,770,3,10
4412,771,23,20
4413,771,20,7
4414,771,23,16
4415,771,21,23
4416,772,1,8
4417,772,20,16
4418,772,0,8
4419,773,19,22
4420,773,22,7
4421,773,24,5
4422,773,5,7
4423,773,11,22
4424,773,17,2
4425,773,13,6
4426,773,20,19
4427,773,21,6
4428,774,3,19
4429,774,0,3
4430,774,11,14
4431,774,3,12
4432,775,5,18
4433,775,5,22
4434,775,24,1
4435,775,4,10
4436,776,3,20
4437,776,3,7
4438,776,13,11
4439,776,20,22
4440,777,21,7
4441,777,15,7
4442,777,1,24
4443,777,22,24
4444,778,3,24
4445,778,1,7
4446,778,22,8
4447,778,19,20
4448,778,19,20
4449,779,18,7
4450,779,23,7
4451,779,24,0
4452,779,15,4
4453,779,18,11
4454,779,22,10
4455,779,0,17
4456,779,8,1
4457,780,20,10
4458,780,13,7
4459,780,4,11
4460,780,8,21
4461,781,18,20
4462,781,12,24
4463,781,20,2
4464,781,24,2
4465,782,24,8
4466,782,1,9
4467,782,19,23
4468,782,13,23
4469,783,1,10
4470,783,15,23
4471,783,17,6
4472,783,3,5
4473,784,22,12
4474,784,8,14
4475,784,1,7
4476,784,6,4
4477,784,19,17
4478,784,7,24
4479,784,13,17
4480,785,20,17
4481,785,12,22
4482,785,14,7
4483,785,6,20
4484,785,9,23
4485,786,21,4
4486,786,3,19
4487,786,14,3
4488,786,13,19
4489,786,12,16
4490,786,18,22
4491,786,9,18
4492,786,17,10
4493,786,18,14
4494,786,19,21
4495,787,2,23
4496,787,13,19
4497,787,13,11
4498,787,9,23
4499,788,15,13
4500,788,24,7
4501,788,4,10
4502,788,11,18
4503,788,15,13
4504,788,16,0
4505,788,1,15
4506,788,5,11
4507,788,13,6
4508,789,4,2
4509,789,23,8
4510,790,22,2
4511,790,2,14
4512,790,15,11
4513,790,21,23
4514,791,9,3
4515,791,23,13
4516,791,23,3
4517,791,17,24
4518,791,11,13
4519,791,0,17
4520,792,13,10
4521,792,5,12
4522,792,6,23
4523,792,15,14
4524,793,22,2
4525,793,22,20
4526,793,22,0
4527,793,2,5
4528,793,24,8
4529,793,20,13
4530,793,21,11
4531,794,2,0
4532,794,18,14
4533,794,5,1
4534,794,22,0
4535,794,3,20
4536,794,19,6
4537,794,11,19
4538,795,12,4
4539,795,10,24
4540,795,8,5
4541,795,22,20
4542,795,21,6
4543,796,5,9
4544,796,3,1
4545,796,10,19
4546,797,20,5
4547,797,0,3
4548,797,23,9
4549,798,8,19
4550,798,21,17
4551,798,14,0
4552,798,15,18
4553,798,20,14
4554,799,17,14
4555,799,23,2
4556,799,22,6
4557,800,5,7
4558,800,8,22
4559,800,20,13
4560,800,10,6
4561,800,11,17
4562,801,6,18
4563,801,8,2
4564,801,4,20
4565,801,24,9
4566,801,18,10
4567,801,13,11
4568,801,12,4
4569,801,23,20
4570,802,10,7
4571,802,4,20
4572,802,6,23
4573,802,19,15
4574,802,9,1
4575,802,10,23
4576,803,1,17
4577,803,20,12
4578,803,3,22
4579,803,9,21
4580,803,3,20
4581,804,18,14
4582,804,5,17
4583,804,15,17
4584,804,10,22
4585,804,14,5
4586,804,16,0
4587,804,16,9
4588,805,24,8
4589,805,20,10
4590,805,23,0
4591,805,21,4
4592,805,4,0
4593,805,16,6
4594,806,17,19
4595,806,4,5
4596,806,19,6
4597,806,20,23
4598,806,1,8
4599,806,4,1
4600,806,22,11
4601,807,22,13
4602,807,4,16
4603,807,22,7
4604,807,19,22
4605,807,14,22
4606,808,17,9
4607,808,19,17
4608,808,11,7
4609,808,10,18
4610,808,21,10
4611,808,20,22
4612,809,20,11
4613,809,6,10
4614,809,11,9
4615,809,3,20
4616,809,0,15
4617,809,16,14
4618,810,5,15
4619,810,21,13
4620,810,22,9
4621,810,20,17
4622,810,7,20
4623,810,5,13
4624,810,21,24
4625,810,22,2
4626,810,12,18
4627,811,1,5
4628,811,4,11
4629,811,7,4
4630,811,15,14
4631,811,12,4
4632,811,8,19
4633,811,18,22
4634,811,3,18
4635,812,20,22
4636,812,22,24
4637,812,0,11
4638,812,8,21
4639,812,20,18
4640,812,2,13
4641,813,16,12
4642,813,19,13
4643,813,17,9
4644,813,15,2
4645,813,21,17
4646,813,19,6
4647,813,17,9
4648,813,12,6
4649,813,14,6
4650,813,19,20
4651,813,12,0
4652,814,9,13
4653,814,7,17
4654,814,3,18
4655,814,13,16
4656,814,23,7
4657,814,19,6
4658,814,21,23
4659,814,10,6
4660,815,11,1
4661,815,20,10
4662,815,3,11
4663,815,10,2
4664,815,4,2
4665,815,6,12
4666,816,11,8
4667,816,2,23
4668,816,6,10
4669,816,21,13
4670,816,14,2
4671,816,4,14
4672,816,6,20
4673,816,5,13
4674,816,18,5
4675,816,17,2
4676,817,5,16
4677,817,12,16
4678,817,21,4
4679,817,11,3
4680,817,1,12
4681,817,23,0
4682,817,18,8
4683,818,22,0
4684,818,0,6
4685,818,11,17
4686,819,24,11
4687,819,0,13
4688,819,18,6
4689,820,17,24
4690,820,3,24
4691,820,1,23
4692,820,24,17
4693,820,23,3
4694,820,7,21
4695,820,7,4
4696,821,22,24
4697,821,11,13
4698,821,5,16
4699,822,4,13
4700,822,17,19
4701,822,0,2
4702,822,6,8
4703,823,22,20
4704,823,14,23
4705,823,2,17
4706,823,16,18
4707,823,0,11
4708,823,2,10
4709,824,4,2
4710,824,21,2
4711,824,21,13
4712,824,2,5
4713,824,11,20
4714,825,0,10
4715,825,21,9
4716,825,11,13
4717,825,7,23
4718,825,9,1
4719,825,16,8
4720,825,12,8
4721,825,20,7
4722,825,0,9
4723,825,14,3
4724,826,3,19
4725,826,8,20
4726,826,16,8
4727,827,10,1
4728,827,19,10
4729,827,16,10
4730,827,19,13
4731,827,7,19
4732,828,8,11
4733,828,11,22
4734,828,6,8
4735,828,18,15
4736,828,13,10
4737,828,23,12
4738,829,4,23
4739,829,16,9
4740,829,5,15
4741,829,3,17
4742,829,6,23
4743,829,14,6
4744,829,14,2
4745,829,19,7
4746,830,14,23
4747,830,21,10
4748,830,6,4
4749,830,20,0
4750,830,18,6
4751,831,15,3
4752,831,3,10
4753,831,3,20
4754,831,5,23
4755,831,16,10
4756,831,21,3
4757,831,24,4
4758,831,9,6
4759,832,10,17
4760,832,14,6
4761,832,14,22
4762,832,7,3
4763,832,15,22
4764,832,15,17
4765,832,24,21
4766,832,16,4
4767,832,1,24
4768,833,19,13
4769,833,10,23
4770,833,15,3
4771,833,5,15
4772,833,12,15
4773,833,18,5
4774,833,5,22
4775,834,14,21
4776,834,15,14
4777,834,9,13
4778,834,19,23
4779,834,9,20
4780,834,20,10
4781,835,17,20
4782,835,2,10
4783,835,19,22
4784,835,24,15
4785,835,4,10
4786,835,20,23
4787,835,18,11
4788,835,16,7
4789,836,13,21
4790,836,3,24
4791,836,21,23
4792,836,10,18
4793,836,11,9
4794,836,17,14
4795,836,5,2
4796,837,7,3
4797,837,14,16
4798,837,7,5
4799,837,18,0
4800,837,0,11
4801,837,0,3
4802,837,15,17
4803,838,4,2
4804,838,24,9
4805,838,14,11
4806,838,2,10
4807,838,14,12
4808,839,16,12
4809,839,7,0
4810,839,2,20
4811,839,16,18
4812,839,0,21
4813,839,13,3
4814,840,0,8
4815,840,0,15
4816,840,19,3
4817,840,1,14
4818,841,10,24
4819,841,24,14
4820,841,17,24
4821,841,9,7
4822,842,3,13
4823,842,4,14
4824,842,14,23
4825,842,22,5
4826,843,5,13
4827,843,7,14
4828,843,8,22
4829,843,22,11
4830,843,17,23
4831,843,20,11
4832,844,2,17
4833,844,3,14
4834,844,6,13
4835,844,19,23
4836,845,23,4
4837,846,14,18
4838,846,8,12
4839,846,1,9
4840,846,16,22
4841,846,21,11
4842,846,5,16
4843,846,0,22
4844,847,7,11
4845,847,9,19
4846,847,10,9
4847,847,17,3
4848,847,21,6
4849,847,23,3
4850,847,19,16
4851,847,15,5
4852,847,10,4
4853,848,6,0
4854,848,14,7
4855,848,20,5
4856,848,3,15
4857,848,10,13
4858,849,6,15
4859,849,13,15
4860,849,5,24
4861,849,5,4
4862,849,5,7
4863,849,15,4
4864,849,3,10
4865,849,10,12
4866,849,12,18
4867,849,10,20
4868,850,17,13
4869,851,16,5
4870,851,16,19
4871,851,15,2
4872,852,8,24
4873,852,14,2
4874,852,16,20
4875,852,6,24
4876,853,3,1
4877,853,8,20
4878,853,23,2
4879,853,23,10
4880,853,4,1
4881,853,1,13
4882,853,22,5
4883,853,14,22
4884,853,6,3
4885,853,14,1
4886,853,23,4
4887,854,13,5
4888,854,20,3
4889,854,0,22
4890,854,0,19
4891,854,11,13
4892,854,8,5
4893,854,11,22
4894,855,0,10
4895,855,4,10
4896,855,18,2
4897,856,7,18
4898,856,11,24
4899,856,9,12
4900,856,12,3
4901,856,11,8
4902,856,22,5
4903,856,12,6
4904,856,4,14
4905,856,10,0
4906,857,1,17
4907,857,16,3
4908,857,12,1
4909,857,0,11
4910,857,7,3
4911,857,2,20
4912,858,4,12
4913,858,24,7
4914,858,24,0
4915,858,12,19
4916,858,18,15
4917,858,21,3
4918,858,17,24
4919,858,2,18
4920,858,15,3
4921,858,14,21
4922,858,2,11
4923,858,11,7
4924,858,7,20
4925,858,24,11
4926,858,24,9
4927,859,18,20
4928,859,21,0
4929,859,20,8
4930,859,6,22
4931,859,23,16
4932,859,10,16
4933,859,7,17
4934,859,7,11
4935,859,11,20
4936,860,2,9
4937,860,1,10
4938,860,23,0
4939,860,13,20
4940,860,13,5
4941,860,4,22
4942,861,1,17
4943,861,11,14
4944,861,3,14
4945,861,24,15
4946,861,3,0
4947,861,19,12
4948,861,21,3
4949,861,10,19
4950,861,4,23
4951,861,11,4
4952,861,17,0
4953,861,6,12
4954,862,17,5
4955,862,4,1
4956,862,22,6
4957,862,11,8
4958,862,7,14
4959,862,7,21
4960,863,12,18
4961,863,23,21
4962,863,12,8
4963,863,4,11
4964,863,12,20
4965,864,13,24
4966,864,8,22
4967,864,8,11
4968,865,8,0
4969,865,6,4
4970,866,12,3
4971,866,20,11
4972,866,12,0
4973,867,13,22
4974,867,11,24
4975,867,20,12
4976,867,15,8
4977,867,2,23
4978,867,13,2
4979,868,11,9
4980,868,17,19
4981,868,22,18
4982,868,21,0
4983,868,24,11
4984,868,13,21
4985,869,9,12
4986,869,0,3
4987,869,14,0
4988,869,13,4
4989,869,11,20
4990,869,21,17
4991,869,12,8
4992,869,1,16
4993,869,2,17
4994,870,9,19
4995,870,18,8
4996,870,15,0
4997,870,18,10
4998,870,8,12
4999,870,9,20
5000,871,19,9
5001,871,12,15
5002,871,11,1
5003,872,23,10
5004,872,4,19
5005,872,7,5
5006,872,19,16
5007,872,17,9
5008,872,0,19
5009,872,10,1
5010,872,8,15
5011,873,4,22
5012,873,15,7
5013,873,10,12
5014,873,7,17
5015,873,7,16
5016,873,11,5
5017,873,22,7
5018,873,17,4
5019,874,15,2
5020,874,23,5
5021,874,14,1
5022,874,14,16
5023,874,18,11
5024,874,19,3
5025,874,20,3
5026,874,15,2
5027,874,2,18
5028,875,22,18
5029,875,11,20
5030,875,8,6
5031,875,9,12
5032,875,7,22
5033,875,23,12
5034,875,21,7
5035,875,5,21
5036,876,20,13
5037,876,18,8
5038,876,20,14
5039,876,13,7
5040,876,15,4
5041,876,9,15
5042,876,24,2
5043,877,7,5
5044,877,3,1
5045,877,2,13
5046,877,6,4
5047,877,24,17
5048,877,14,7
5049,878,14,5
5050,878,23,7
5051,878,7,23
5052,878,15,24
5053,878,24,16
5054,879,0,16
5055,879,11,13
5056,879,13,11
5057,879,18,21
5058,880,6,13
5059,880,14,22
5060,880,14,15
5061,880,17,11
5062,880,4,21
5063,880,1,15
5064,880,5,17
5065,880,13,4
5066,880,17,11
5067,880,1,23
5068,880,19,17
5069,880,15,14
5070,880,23,4
5071,881,7,16
5072,881,4,13
5073,882,23,15
5074,882,0,21
5075,882,5,13
5076,882,4,10
5077,883,1,23
5078,883,2,12
5079,883,12,5
5080,883,3,1
5081,883,2,23
5082,883,6,23
5083,883,5,14
5084,883,10,3
5085,883,8,14
5086,883,0,17
5087,884,21,9
5088,884,15,9
5089,884,2,17
5090,884,17,10
5091,884,17,21
5092,884,16,10
5093,884,16,8
5094,884,9,7
5095,884,21,1
5096,885,22,5
5097,885,2,20
5098,885,6,9
5099,885,11,21
5100,885,1,16
5101,885,24,9
5102,885,19,22
5103,885,12,14
5104,885,24,16
5105,885,3,13
5106,885,7,19
5107,886,21,2
5108,886,8,20
5109,886,18,3
5110,886,23,4
5111,886,20,22
5112,886,11,15
5113,886,16,23
5114,887,8,2
5115,887,8,14
5116,887,8,0
5117,887,13,11
5118,887,13,9
5119,887,3,14
5120,888,5,7
5121,888,3,17
5122,888,0,18
5123,889,1,9
5124,889,6,21
5125,889,23,2
5126,889,1,11
5127,890,14,17
5128,890,8,20
5129,890,13,17
5130,890,5,13
5131,890,13,17
5132,890,13,3
5133,890,23,5
5134,891,18,10
5135,891,10,12
5136,891,1,10
5137,891,18,20
5138,891,1,7
5139,891,7,14
5140,891,7,9
5141,892,7,5
5142,892,20,19
5143,892,17,24
5144,892,2,18
5145,892,0,3
5146,893,24,6
5147,893,19,15
5148,893,14,10
5149,893,16,24
5150,893,17,0
5151,893,19,8
5152,893,21,11
5153,893,13,24
5154,893,9,10
5155,893,9,19
5156,894,13,10
5157,894,2,19
5158,894,11,2
5159,894,20,0
5160,894,4,17
5161,895,22,3
5162,895,11,13
5163,895,24,15
5164,895,8,22
5165,895,19,22
5166,896,8,14
5167,896,11,3
5168,896,23,0
5169,896,4,10
5170,896,15,11
5171,896,17,23
5172,897,21,12
5173,897,19,2
5174,897,5,15
5175,897,5,4
5176,897,10,7
5177,897,22,9
5178,898,22,20
5179,898,21,8
5180,898,8,21
5181,898,14,24
5182,898,22,3
5183,899,21,0
5184,899,19,23
5185,899,1,17
5186,899,15,2
5187,899,12,8
5188,899,23,4
5189,900,1,5
5190,900,19,20
5191,900,9,18
5192,900,5,17
5193,900,17,6
5194,901,3,15
5195,901,20,16
5196,901,0,8
5197,901,9,7
5198,902,5,14
5199,902,10,1
5200,902,18,1
5201,902,10,9
5202,902,1,9
5203,903,0,21
5204,903,15,2
5205,903,24,9
5206,903,14,10
5207,904,13,21
5208,904,13,17
5209,904,2,23
5210,904,24,8
5211,904,5,4
5212,904,17,3
5213,904,17,21
5214,904,21,6
5215,904,21,24
5216,904,8,15
5217,904,23,3
5218,905,21,10
5219,905,21,11
5220,905,21,2
5221,905,7,22
5222,905,11,20
5223,905,3,13
5224,905,8,11
5225,905,20,8
5226,905,3,6
5227,906,3,12
5228,906,11,9
5229,906,3,9
5230,906,7,13
5231,906,10,20
5232,907,21,12
5233,907,15,1
5234,907,18,8
5235,907,20,23
5236,908,1,8
5237,908,4,15
5238,908,4,12
5239,908,7,17
5240,908,17,2
5241,908,6,24
5242,908,1,17
5243,909,24,8
5244,909,24,21
5245,909,10,14
5246,910,9,13
5247,910,13,20
5248,910,0,10
5249,910,17,4
5250,910,20,2
5251,910,17,19
5252,910,7,13
5253,910,22,10
5254,911,21,19
5255,911,7,21
5256,911,2,17
5257,911,17,5
5258,911,8,15
5259,911,23,14
5260,912,1,23
5261,912,11,13
5262,912,16,18
5263,912,14,12
5264,912,13,5
5265,912,20,13
5266,912,23,1
5267,912,2,23
5268,912,12,10
5269,912,23,13
5270,913,2,8
5271,913,13,15
5272,913,11,0
5273,913,7,22
5274,913,10,6
5275,913,10,2
5276,913,13,0
5277,913,7,20
5278,914,6,23
5279,914,9,24
5280,914,18,21
5281,914,18,4
5282,914,9,12
5283,914,15,1
5284,914,21,2
5285,915,12,5
5286,915,14,1
5287,915,6,21
5288,915,9,18
5289,915,9,10
5290,915,7,5
5291,915,10,19
5292,915,10,3
5293,915,13,6
5294,915,20,6
5295,916,0,11
5296,916,21,6
5297,916,2,8
5298,916,20,6
5299,916,9,18
5300,916,20,9
5301,916,10,22
5302,917,19,12
5303,917,5,12
5304,917,13,16
5305,917,23,5
5306,918,15,19
5307,918,7,1
5308,918,2,22
5309,918,2,12
5310,918,17,1
5311,919,4,15
5312,919,9,16
5313,919,4,17
5314,920,4,12
5315,920,6,12
5316,920,23,10
5317,920,7,0
5318,920,3,22
5319,920,7,14
5320,920,21,9
5321,921,20,3
5322,921,15,9
5323,921,1,11
5324,921,11,18
5325,922,22,1
5326,922,19,16
5327,922,10,6
5328,922,2,8
5329,923,6,0
5330,923,16,9
5331,923,24,3
5332,923,24,4
5333,923,10,16
5334,923,20,10
5335,923,9,23
5336,923,19,21
5337,923,13,20
5338,924,11,17
5339,924,4,17
5340,924,4,1
5341,924,1,8
5342,925,9,22
5343,925,0,16
5344,925,9,16
5345,925,4,13
5346,926,13,0
5347,926,10,24
5348,926,6,23
5349,926,6,2
5350,926,20,4
5351,926,6,18
5352,927,2,13
5353,927,0,11
5354,927,9,11
5355,927,1,13
5356,928,9,2
5357,928,21,3
5358,928,14,24
5359,928,22,2
5360,929,14,17
5361,929,9,2
5362,929,2,17
5363,930,3,11
5364,930,15,17
5365,930,0,24
5366,930,1,14
5367,930,7,3
5368,930,6,22
5369,930,11,22
5370,930,2,10
5371,930,10,18
5372,930,8,24
5373,930,4,5
5374,931,8,0
5375,931,14,12
5376,931,19,17
5377,931,6,21
5378,931,22,3
5379,931,24,1
5380,931,19,2
5381,931,14,16
5382,931,16,5
5383,931,24,9
5384,932,15,5
5385,932,17,23
5386,933,15,4
5387,933,4,12
5388,933,22,13
5389,933,8,23
5390,933,2,12
5391,933,1,14
5392,933,11,20
5393,933,0,17
5394,934,22,3
5395,934,23,13
5396,934,7,21
5397,934,17,5
5398,934,20,24
5399,934,20,11
5400,934,15,11
5401,934,18,22
5402,934,0,18
5403,934,17,1
5404,935,16,8
5405,935,19,5
5406,935,24,9
5407,935,23,15
5408,935,23,21
5409,936,7,23
5410,936,14,7
5411,936,5,14
5412,937,7,21
5413,937,2,4
5414,937,3,23
5415,938,16,1
5416,938,2,13
5417,938,11,13
5418,938,17,7
5419,939,1,22
5420,939,20,3
5421,939,1,5
5422,939,12,8
5423,939,14,17
5424,940,5,12
5425,940,20,8
5426,940,18,16
5427,940,13,6
5428,941,17,10
5429,941,14,24
5430,941,11,1
5431,941,8,1
5432,941,19,0
5433,941,3,1
5434,941,7,24
5435,941,6,10
5436,942,1,21
5437,942,5,19
5438,942,14,20
5439,942,11,14
5440,942,11,18
5441,942,11,23
5442,942,0,19
5443,942,20,18
5444,942,7,15
5445,942,17,21
5446,942,13,6
5447,942,9,10
5448,943,6,3
5449,943,8,21
5450,943,6,14
5451,943,12,5
5452,943,1,18
5453,943,9,21
5454,944,14,21
5455,944,4,14
5456,944,18,2
5457,944,12,3
5458,944,12,8
5459,944,1,14
5460,944,22,6
5461,944,8,10
5462,945,17,13
5463,945,1,7
5464,945,7,5
5465,945,24,20
5466,945,24,16
5467,945,18,16
5468,945,1,21
5469,946,11,15
5470,946,22,19
5471,946,0,12
5472,946,21,6
5473,946,13,19
5474,946,3,23
5475,947,9,7
5476,947,14,23
5477,947,2,16
5478,947,13,2
5479,947,3,16
5480,947,19,2
5481,947,3,15
5482,947,4,24
5483,947,12,10
5484,948,11,7
5485,948,12,24
5486,949,15,22
5487,949,19,16
5488,949,5,7
5489,949,22,0
5490,949,19,12
5491,950,21,13
5492,950,21,3
5493,950,1,4
5494,950,8,5
5495,950,19,15
5496,951,2,24
5497,951,21,11
5498,951,10,16
5499,951,22,3
5500,951,1,19
5501,951,15,5
5502,951,3,19
5503,951,1,8
5504,951,4,5
5505,951,19,6
5506,952,2,16
5507,952,3,12
5508,952,18,14
5509,952,1,12
5510,952,22,15
5511,952,11,8
5512,953,2,0
5513,953,8,11
5514,953,13,2
5515,953,5,22
5516,953,22,18
5517,954,9,23
5518,954,20,11
5519,954,9,2
5520,954,13,5
5521,955,7,15
5522,955,3,21
5523,955,4,5
5524,955,24,12
5525,955,22,11
5526,955,6,20
5527,955,17,14
5528,955,0,18
5529,955,6,10
5530,956,19,22
5531,956,9,19
5532,956,9,1
5533,956,4,8
5534,956,6,14
5535,956,23,20
5536,956,18,20
5537,956,4,16
5538,957,1,5
5539,957,18,4
5540,957,4,19
5541,957,7,3
5542,957,1,14
5543,958,17,7
5544,958,22,10
5545,958,3,6
5546,958,5,12
5547,958,0,21
5548,958,2,22
5549,959,1,12
5550,959,24,15
5551,959,11,3
5552,959,0,7
5553,960,1,8
5554,960,4,20
5555,960,24,2
5556,960,0,19
5557,960,11,0
5558,960,16,3
5559,960,18,1
5560,960,15,9
5561,960,8,22
5562,961,4,8
5563,961,20,12
5564,961,23,10
5565,961,8,12
5566,961,18,9
5567,961,2,24
5568,962,12,20
5569,962,0,19
5570,963,11,20
5571,963,14,7
5572,963,18,0
5573,963,22,19
5574,963,1,24
5575,963,13,10
5576,963,12,10
5577,963,15,3
5578,963,15,6
5579,964,19,16
5580,964,0,9
5581,964,15,0
5582,964,10,12
5583,965,21,19
5584,965,23,10
5585,965,14,22
5586,965,18,15
5587,965,7,9
5588,965,19,12
5589,966,24,10
5590,966,13,20
5591,966,1,3
5592,966,0,12
5593,966,17,8
5594,967,23,1
5595,967,0,20
5596,967,2,17
5597,967,12,23
5598,967,12,4
5599,968,22,15
5600,968,18,12
5601,968,24,22
5602,968,11,3
5603,968,7,23
5604,968,3,13
5605,968,20,16
5606,968,14,1
5607,968,23,3
5608,969,24,3
5609,969,3,16
5610,969,6,4
5611,969,4,20
5612,969,24,21
5613,969,0,16
5614,970,23,5
5615,970,15,19
5616,970,13,6
5617,971,1,9
5618,971,18,5
5619,971,15,17
5620,971,10,17
5621,971,23,0
5622,971,14,24
5623,972,1,24
5624,972,18,9
5625,972,3,1
5626,972,10,18
5627,972,17,21
5628,972,1,5
5629,972,10,6
5630,972,24,16
5631,972,0,21
5632,972,20,14
5633,972,12,24
5634,973,5,15
5635,973,5,17
5636,973,13,7
5637,973,23,4
5638,973,5,15
5639,973,11,1
5640,973,2,24
5641,973,18,15
5642,974,0,18
5643,974,22,14
5644,974,14,4
5645,974,11,13
5646,974,21,8
5647,974,20,19
5648,975,8,12
5649,975,6,24
5650,975,6,19
5651,975,24,8
5652,975,6,17
5653,975,22,13
5654,975,15,23
5655,975,7,3
5656,975,0,18
5657,975,12,10
5658,975,24,3
5659,975,22,19
5660,976,0,4
5661,976,20,23
5662,976,5,11
5663,976,24,16
5664,976,1,15
5665,977,8,19
5666,977,15,7
5667,977,14,7
5668,977,13,24
5669,977,19,2
5670,978,7,19
5671,978,6,20
5672,978,1,11
5673,978,8,5
5674,978,7,22
5675,979,15,21
5676,979,24,9
5677,979,20,1
5678,979,0,3
5679,980,1,11
5680,980,1,19
5681,980,17,0
5682,980,17,5
5683,980,21,24
5684,980,13,19
5685,980,19,1
5686,980,21,0
5687,981,23,9
5688,981,16,3
5689,981,9,21
5690,981,7,23
5691,981,14,8
5692,982,4,7
5693,982,21,2
5694,982,6,22
5695,982,22,24
5696,982,8,15
5697,982,4,18
5698,982,23,10
5699,982,16,9
5700,982,15,4
5701,982,10,1
5702,983,21,9
5703,983,20,24
5704,983,10,0
5705,984,18,24
5706,984,0,8
5707,984,22,15
5708,985,2,12
5709,985,5,18
5710,985,1,22
5711,985,7,19
5712,985,11,24
5713,985,18,4
5714,985,24,15
5715,985,24,10
5716,985,21,17
5717,985,12,9
5718,986,1,9
5719,986,5,14
5720,986,5,16
5721,986,20,16
5722,987,9,23
5723,987,22,9
5724,987,23,10
5725,987,3,15
5726,987,7,11
5727,988,8,10
5728,988,1,13
5729,988,15,1
5730,988,20,10
5731,988,15,13
5732,988,10,19
5733,988,21,0
5734,988,2,11
5735,988,12,15
5736,988,21,8
5737,988,4,23
5738,989,0,13
5739,989,0,16
5740,989,24,7
5741,989,20,0
5742,989,15,17
5743,990,24,15
5744,990,20,3
5745,990,12,16
5746,990,18,14
5747,990,8,12
5748,990,3,16
5749,990,13,21
5750,990,22,16
5751,991,10,12
5752,991,1,11
5753,991,17,1
5754,991,11,22
5755,991,2,9
5756,991,11,24
5757,991,22,14
5758,991,9,22
5759,991,23,2
5760,992,17,13
5761,992,6,20
5762,992,12,9
5763,992,12,9
5764,992,3,13
5765,992,23,17
5766,993,20,11
5767,993,22,18
5768,993,23,10
5769,993,8,6
5770,993,22,12
5771,993,13,11
5772,994,21,4
5773,994,22,2
5774,994,10,20
5775,994,12,6
5776,994,21,2
5777,994,22,20
5778,994,3,5
5779,995,2,4
5780,995,2,23
5781,995,9,15
5782,995,20,23
5783,995,15,23
5784,995,6,18
5785,995,5,3
5786,995,24,13
5787,995,20,0
5788,995,18,1
5789,995,14,8
5790,996,4,5
5791,996,13,22
5792,996,22,12
5793,996,13,6
5794,996,23,16
5795,996,14,0
5796,996,8,4
5797,996,21,0
5798,996,12,8
5799,996,18,6
5800,997,0,17
5801,997,1,12
5802,997,18,16
5803,998,19,0
5804,998,0,20
5805,998,19,9
5806,998,4,10
5807,998,6,17
5808,999,18,2
5809,999,20,7
5810,1000,22,10
5811,1000,17,3
5812,1000,19,0
5813,1000,15,17
5814,1000,21,18
5815,1000,18,9
5816,1000,7,1
5817,1000,17,19
5818,1001,4,18
5819,1001,8,5
5820,1001,17,21
5821,1001,10,8
5822,1001,3,9
5823,1002,12,24
5824,1002,14,24
5825,1002,24,17
5826,1002,8,22
5827,1003,22,6
5828,1003,4,2
5829,1003,22,8
5830,1004,19,3
5831,1004,1,16
5832,1004,18,22
5833,1004,3,0
5834,1004,6,3
5835,1004,13,11
5836,1004,0,17
5837,1004,19,15
5838,1004,8,11
5839,1004,24,12
5840,1005,13,21
5841,1005,18,16
5842,1005,10,23
5843,1005,18,20
5844,1005,3,9
5845,1005,11,24
5846,1005,8,0
5847,1005,21,19
5848,1005,8,10
5849,1006,16,23
5850,1006,19,3
5851,1006,5,15
5852,1006,13,9
5853,1006,2,21
5854,1007,8,24
5855,1007,0,4
5856,1007,1,16
5857,1007,6,2
5858,1008,10,18
5859,1008,21,23
5860,1008,19,11
5861,1008,15,23
5862,1008,4,0
5863,1008,2,9
5864,1008,14,8
5865,1008,19,23
5866,1008,23,3
5867,1008,20,5
5868,1009,3,1
5869,1009,12,24
5870,1009,20,18
5871,1009,23,21
5872,1009,14,24
5873,1009,3,1
5874,1009,2,13
5875,1009,8,23
5876,1010,8,4
5877,1010,23,3
5878,1010,15,2
5879,1010,10,22
5880,1010,0,3
5881,1010,5,8
5882,1010,22,20
5883,1010,21,2
5884,1010,3,16
5885,1011,17,1
5886,1011,9,24
5887,1011,16,22
5888,1011,6,22
5889,1011,0,11
5890,1011,8,6
5891,1011,13,7
5892,1011,24,6
5893,1012,10,22
5894,1012,9,20
5895,1012,22,24
5896,1012,23,13
5897,1012,2,19
5898,1012,13,17
5899,1013,2,17
5900,1013,8,23
5901,1013,12,0
5902,1013,24,20
5903,1013,11,18
5904,1013,20,3
5905,1013,0,16
5906,1013,6,23
5907,1014,6,3
5908,1014,4,15
5909,1014,4,22
5910,1014,20,3
5911,1014,17,24
5912,1014,1,3
5913,1015,14,20
5914,1015,24,11
5915,1015,12,24
5916,1015,2,8
5917,1015,1,8
5918,1015,20,9
5919,1016,3,10
5920,1016,18,11
5921,1016,23,14
5922,1016,21,18
5923,1016,11,0
5924,1016,18,1
5925,1017,17,9
5926,1017,2,23
5927,1017,20,16
5928,1017,17,20
5929,1017,18,24
5930,1017,8,12
5931,1017,4,0
5932,1017,15,11
5933,1018,17,7
5934,1018,12,20
5935,1019,22,14
5936,1019,23,21
5937,1019,4,10
5938,1019,1,20
5939,1019,16,23
5940,1019,8,19
5941,1020,11,5
5942,1020,22,9
5943,1020,24,20
5944,1021,23,16
5945,1021,18,24
5946,1021,0,12
5947,1021,21,13
5948,1021,16,0
5949,1022,1,24
5950,1022,18,14
5951,1022,17,10
5952,1022,16,14
5953,1022,20,23
5954,1022,0,19
5955,1022,6,20
5956,1022,13,6
5957,1022,13,15
5958,1023,10,4
5959,1023,18,22
5960,1023,5,14
5961,1023,23,9
5962,1023,13,1
5963,1023,23,16
5964,1024,17,0
5965,1024,6,18
5966,1024,23,17
5967,1024,14,3
5968,1024,11,22
5969,1025,0,4
5970,1025,16,9
5971,1025,21,1
5972,1025,19,4
5973,1025,0,22
5974,1025,12,8
5975,1025,9,18
5976,1025,8,16
5977,1026,0,16
5978,1026,12,5
5979,1026,9,17
5980,1027,0,6
5981,1027,16,2
5982,1027,5,2
5983,1027,24,6
5984,1028,19,3
5985,1028,24,16
5986,1028,17,6
5987,1028,15,18
5988,1028,22,12
5989,1028,9,2
5990,1028,21,15
5991,1028,20,14
5992,1028,6,23
5993,1029,21,19
5994,1029,9,3
5995,1029,9,7
5996,1029,2,23
5997,1029,14,12
5998,1029,12,19
5999,1029,13,2
6000,1029,9,19
6001,1029,20,12
6002,1029,17,4
6003,1030,6,9
6004,1030,15,1
6005,1030,3,17
6006,1030,5,19
6007,1030,24,20
6008,1030,17,9
6009,1030,19,15
6010,1030,2,0
6011,1031,6,0
6012,1031,2,21
6013,1031,21,15
6014,1031,12,22
6015,1031,23,6
6016,1031,5,9
6017,1031,21,9
6018,1031,16,24
6019,1032,21,18
6020,1032,4,22
6021,1032,20,22
6022,1032,15,6
6023,1032,15,23
6024,1033,23,5
6025,1033,10,24
6026,1033,23,12
6027,1033,14,22
6028,1033,21,12
6029,1033,8,22
6030,1033,16,12
6031,1033,9,19
6032,1034,17,5
6033,1034,23,13
6034,1034,20,13
6035,1034,12,18
6036,1034,12,24
6037,1035,24,0
6038,1035,4,15
6039,1035,11,23
6040,1035,18,20
6041,1035,3,15
6042,1035,3,10
6043,1035,24,21
6044,1036,10,9
6045,1036,6,23
6046,1036,14,8
6047,1036,22,16
6048,1037,13,21
6049,1037,24,14
6050,1037,17,23
6051,1037,0,3
6052,1037,11,23
6053,1038,12,6
6054,1038,9,6
6055,1038,13,7
6056,1039,9,1
6057,1039,1,24
6058,1039,4,2
6059,1040,13,1
6060,1040,21,6
6061,1040,4,17
6062,1040,17,7
6063,1040,9,2
6064,1040,1,5
6065,1040,16,9
6066,1040,22,13
6067,1040,8,21
6068,1040,19,17
6069,1040,15,3
6070,1040,20,8
6071,1040,21,14
6072,1041,19,21
6073,1041,11,1
6074,1041,7,15
6075,1041,11,15
6076,1041,4,2
6077,1041,7,3
6078,1041,16,13
6079,1041,24,13
6080,1042,8,23
6081,1042,1,21
6082,1042,5,15
6083,1042,22,16
6084,1042,12,1
6085,1042,3,10
6086,1042,14,7
6087,1043,21,10
6088,1043,1,18
6089,1043,16,22
6090,1043,8,11
6091,1043,10,20
6092,1043,17,11
6093,1044,3,21
6094,1044,5,2
6095,1044,9,12
6096,1044,2,10
6097,1044,0,7
6098,1045,13,4
6099,1045,15,4
6100,1045,14,2
6101,1045,10,23
6102,1046,7,4
6103,1046,5,2
6104,1046,8,0
6105,1046,2,22
6106,1046,15,17
6107,1046,24,16
6108,1046,16,3
6109,1047,18,20
6110,1047,11,2
6111,1047,24,18
6112,1047,9,20
6113,1048,13,9
6114,1048,4,18
6115,1048,18,21
6116,1048,14,2
6117,1048,14,1
6118,1049,17,1
6119,1049,11,19
6120,1049,15,8
6121,1049,12,23
6122,1049,0,3
6123,1049,10,14
6124,1049,21,6
6125,1049,22,4
6126,1049,23,7
6127,1049,13,6
6128,1050,17,2
6129,1050,9,7
6130,1050,3,9
6131,1050,24,9
6132,1050,6,3
6133,1050,8,18
6134,1050,16,20
6135,1051,10,9
6136,1051,18,16
6137,1051,7,19
6138,1051,8,15
6139,1051,12,6
6140,1051,18,9
6141,1051,22,4
6142,1052,17,15
6143,1052,10,23
6144,1053,2,12
6145,1053,17,4
6146,1053,16,10
6147,1053,17,2
6148,1053,6,20
6149,1053,1,11
6150,1054,0,12
6151,1054,3,18
6152,1054,3,18
6153,1054,6,3
6154,1054,22,1
6155,1054,10,17
6156,1054,17,15
6157,1054,5,9
6158,1054,14,7
6159,1054,3,16
6160,1054,11,21
6161,1054,3,22
6162,1054,13,19
6163,1054,7,20
6164,1054,22,14
6165,1055,17,21
6166,1055,5,11
6167,1055,9,6
6168,1055,3,23
6169,1055,2,12
6170,1056,1,23
6171,1056,2,22
6172,1056,13,16
6173,1056,2,15
6174,1056,2,24
6175,1057,0,9
6176,1057,1,10
6177,1057,16,20
6178,1057,2,13
6179,1057,10,1
6180,1057,17,8
6181,1057,7,21
6182,1057,24,15
6183,1057,22,19
6184,1057,22,3
6185,1058,7,11
6186,1058,17,10
6187,1058,8,19
6188,1058,5,3
6189,1058,2,8
6190,1059,10,4
6191,1059,22,14
6192,1060,20,18
6193,1060,3,19
6194,1060,7,0
6195,1060,23,11
6196,1060,12,8
6197,1061,6,18
6198,1061,8,24
6199,1061,16,18
6200,1061,8,14
6201,1061,8,24
6202,1061,7,22
6203,1062,13,2
6204,1062,2,21
6205,1062,5,15
6206,1063,21,9
6207,1063,0,17
6208,1063,10,4
6209,1063,23,7
6210,1064,7,1
6211,1064,9,7
6212,1064,21,13
6213,1064,21,12
6214,1064,21,23
6215,1064,3,1
6216,1064,1,13
6217,1064,10,4
6218,1064,9,23
6219,1064,17,14
6220,1065,8,4
6221,1065,20,16
6222,1065,19,5
6223,1065,22,10
6224,1065,14,15
6225,1065,0,21
6226,1065,19,4
6227,1066,15,24
6228,1066,9,15
6229,1066,13,15
6230,1066,19,0
6231,1066,6,0
6232,1066,12,14
6233,1067,22,11
6234,1067,14,3
6235,1067,0,15
6236,1067,7,21
6237,1067,10,8
6238,1068,2,12
6239,1068,0,4
6240,1068,24,12
6241,1068,21,10
6242,1068,2,20
6243,1069,10,6
6244,1069,21,5
6245,1069,21,6
6246,1069,5,13
6247,1069,9,0
6248,1069,12,18
6249,1069,18,20
6250,1070,16,9
6251,1070,8,22
6252,1070,17,0
6253,1070,9,24
6254,1070,9,18
6255,1070,19,17
6256,1070,12,24
6257,1070,20,3
6258,1070,6,17
6259,1071,8,4
6260,1071,6,14
6261,1072,5,15
6262,1072,1,11
6263,1072,3,0
6264,1072,8,17
6265,1072,8,18
6266,1072,16,23
6267,1072,1,22
6268,1072,1,15
6269,1072,9,24
6270,1073,15,13
6271,1073,20,24
6272,1073,0,24
6273,1073,12,15
6274,1073,6,21
6275,1073,23,7
6276,1073,17,15
6277,1073,6,3
6278,1074,8,1
6279,1074,14,22
6280,1074,24,21
6281,1074,21,0
6282,1074,11,14
6283,1075,10,1
6284,1075,23,6
6285,1075,23,7
6286,1075,8,6
6287,1075,20,18
6288,1075,20,13
6289,1075,23,2
6290,1075,1,21
6291,1076,5,19
6292,1076,3,14
6293,1076,18,7
6294,1076,9,5
6295,1076,9,6
6296,1076,7,17
6297,1076,14,7
6298,1077,4,16
6299,1077,13,6
6300,1077,5,16
6301,1077,11,8
6302,1078,15,5
6303,1078,21,23
6304,1078,10,1
6305,1078,4,15
6306,1079,8,0
6307,1079,24,9
6308,1079,7,3
6309,1079,7,18
6310,1079,17,24
6311,1080,19,9
6312,1080,14,2
6313,1080,0,15
6314,1080,14,0
6315,1080,11,9
6316,1081,19,21
6317,1081,12,6
6318,1081,2,21
6319,1081,21,3
6320,1081,18,21
6321,1082,22,2
6322,1082,13,22
6323,1082,6,2
6324,1083,8,23
6325,1083,21,13
6326,1083,16,10
6327,1083,17,1
6328,1083,18,12
6329,1083,9,13
6330,1083,13,11
6331,1084,10,22
6332,1084,7,9
6333,1084,20,6
6334,1085,14,23
6335,1085,1,18
6336,1085,16,19
6337,1085,14,10
6338,1085,23,19
6339,1085,16,19
6340,1086,10,20
6341,1086,14,2
6342,1086,7,1
6343,1086,24,18
6344,1086,15,7
6345,1086,6,14
6346,1086,3,0
6347,1087,22,16
6348,1087,6,14
6349,1087,2,17
6350,1087,7,0
6351,1087,4,0
6352,1087,12,3
6353,1087,17,2
6354,1088,16,13
6355,1088,0,17
6356,1088,22,14
6357,1088,24,15
6358,1089,8,19
6359,1089,11,8
6360,1089,24,6
6361,1089,11,3
6362,1089,1,8
6363,1090,23,7
6364,1090,11,14
6365,1090,6,14
6366,1090,4,1
6367,1091,5,13
6368,1091,9,5
6369,1091,19,3
6370,1091,9,22
6371,1091,10,9
6372,1091,20,16
6373,1091,20,13
6374,1092,13,1
6375,1092,20,4
6376,1092,17,20
6377,1092,20,4
6378,1093,7,17
6379,1094,22,3
6380,1094,16,4
6381,1094,11,13
6382,1094,0,7
6383,1094,19,9
6384,1094,6,0
6385,1094,6,10
6386,1094,19,8
6387,1094,0,9
6388,1094,18,16
6389,1095,0,10
6390,1095,9,12
6391,1095,2,22
6392,1095,3,21
6393,1095,24,9
6394,1095,4,20
6395,1095,4,21
6396,1096,16,12
6397,1096,0,23
6398,1096,5,17
6399,1096,14,3
6400,1096,1,7
6401,1096,22,20
6402,1097,4,1
6403,1097,1,9
6404,1097,18,16
6405,1097,21,9
6406,1097,5,2
6407,1097,15,18
6408,1098,19,6
6409,1098,1,14
6410,1098,23,11
6411,1098,1,12
6412,1098,0,20
6413,1099,24,12
6414,1099,6,2
6415,1099,12,3
6416,1099,2,19
6417,1099,7,10
6418,1099,0,14
6419,1099,17,8
6420,1099,3,10
6421,1100,22,24
6422,1100,10,7
6423,1100,11,8
6424,1100,11,0
6425,1100,18,3
6426,1101,17,6
6427,1101,17,9
6428,1101,22,14
6429,1101,6,14
6430,1101,4,14
6431,1101,19,10
6432,1101,10,13
6433,1101,16,3
6434,1102,4,23
6435,1102,7,16
6436,1102,24,22
6437,1102,11,13
6438,1102,11,4
6439,1102,10,24
6440,1102,3,22
6441,1102,22,5
6442,1102,21,5
6443,1103,24,14
6444,1103,6,23
6445,1103,0,4
6446,1103,2,14
6447,1104,24,0
6448,1104,3,19
6449,1104,4,24
6450,1104,20,23
6451,1104,2,14
6452,1104,19,0
6453,1104,22,6
6454,1105,18,5
6455,1105,6,10
6456,1105,24,8
6457,1105,18,1
6458,1105,2,9
6459,1105,16,2
6460,1105,16,12
6461,1105,10,20
6462,1106,21,17
6463,1106,2,16
6464,1106,5,15
6465,1106,14,8
6466,1106,7,21
6467,1106,1,23
6468,1107,6,22
6469,1107,18,1
6470,1107,17,13
6471,1107,14,7
6472,1107,14,4
6473,1108,1,17
6474,1108,13,4
6475,1108,5,11
6476,1108,6,16
6477,1108,17,23
6478,1108,9,12
6479,1108,10,13
6480,1108,24,15
6481,1109,12,3
6482,1109,10,2
6483,1109,8,0
6484,1109,0,4
6485,1109,0,3
6486,1109,18,2
6487,1109,17,6
6488,1110,14,3
6489,1110,19,4
6490,1110,5,17
6491,1110,14,22
6492,1110,14,21
6493,1110,14,1
6494,1111,10,23
6495,1111,6,12
6496,1111,10,6
6497,1111,14,22
6498,1112,21,1
6499,1112,19,5
6500,1112,24,10
6501,1112,16,18
6502,1112,22,18
6503,1113,12,5
6504,1113,8,15
6505,1113,9,23
6506,1113,2,11
6507,1114,0,4
6508,1114,4,7
6509,1114,14,15
6510,1115,7,13
6511,1115,18,14
6512,1115,7,4
6513,1115,16,8
6514,1115,17,15
6515,1116,6,12
6516,1116,4,15
6517,1116,9,7
6518,1116,21,24
6519,1116,15,12
6520,1116,14,17
6521,1116,17,23
6522,1116,14,4
6523,1117,22,8
6524,1117,0,21
6525,1117,20,16
6526,1117,16,6
6527,1117,1,5
6528,1117,7,23
6529,1117,9,5
6530,1118,21,14
6531,1118,22,18
6532,1118,15,18
6533,1118,19,4
6534,1118,17,13
6535,1118,2,24
6536,1118,17,21
6537,1118,1,18
6538,1118,0,3
6539,1119,20,22
6540,1119,14,16
6541,1119,6,22
6542,1119,5,22
6543,1119,3,22
6544,1120,23,5
6545,1120,20,7
6546,1120,16,5
6547,1120,14,1
6548,1121,20,7
6549,1121,19,7
6550,1121,1,9
6551,1122,7,24
6552,1122,16,19
6553,1122,1,20
6554,1122,5,13
6555,1122,8,17
6556,1123,9,3
6557,1123,11,14
6558,1123,23,10
6559,1123,2,11
6560,1124,22,9
6561,1124,3,20
6562,1124,21,0
6563,1124,5,18
6564,1124,14,24
6565,1124,16,4
6566,1124,12,6
6567,1124,4,11
6568,1125,10,16
6569,1125,20,7
6570,1125,15,12
6571,1125,5,2
6572,1125,6,10
6573,1126,24,9
6574,1126,2,24
6575,1126,24,22
6576,1126,19,5
6577,1126,11,13
6578,1127,10,3
6579,1127,20,14
6580,1127,22,6
6581,1128,0,22
6582,1128,12,6
6583,1128,0,3
6584,1128,1,5
6585,1129,11,19
6586,1129,20,13
6587,1129,15,8
6588,1129,15,12
6589,1130,22,9
6590,1130,14,21
6591,1130,23,17
6592,1130,11,7
6593,1130,5,15
6594,1131,10,14
6595,1131,0,23
6596,1131,10,20
6597,1131,3,7
6598,1131,18,21
6599,1131,5,19
6600,1131,13,6
6601,1131,21,0
6602,1131,17,19
6603,1131,0,18
6604,1131,16,22
6605,1132,12,19
6606,1132,12,1
6607,1132,2,6
6608,1132,21,13
6609,1133,23,3
6610,1133,12,15
6611,1133,5,19
6612,1133,3,13
6613,1133,17,5
6614,1133,4,20
6615,1133,7,23
6616,1133,3,23
6617,1134,8,17
6618,1134,20,14
6619,1134,22,20
6620,1134,12,3
6621,1134,13,20
6622,1134,23,1
6623,1134,9,0
6624,1134,9,15
6625,1135,23,20
6626,1135,17,5
6627,1135,20,23
6628,1136,19,6
6629,1136,18,7
6630,1136,4,20
6631,1136,3,9
6632,1136,17,24
6633,1136,21,3
6634,1136,11,20
6635,1136,20,18
6636,1137,21,13
6637,1138,11,9
6638,1138,7,20
6639,1138,18,21
6640,1138,16,12
6641,1138,10,12
6642,1138,21,2
6643,1139,23,13
6644,1139,21,6
6645,1139,4,7
6646,1139,13,22
6647,1139,9,23
6648,1139,18,22
6649,1139,6,13
6650,1139,7,15
6651,1140,3,6
6652,1140,17,10
6653,1140,2,11
6654,1140,22,0
6655,1140,20,0
6656,1140,0,11
6657,1140,6,10
6658,1141,16,5
6659,1141,21,24
6660,1141,8,0
6661,1141,5,7
6662,1142,16,5
6663,1142,4,20
6664,1142,1,10
6665,1142,20,7
6666,1142,22,11
6667,1142,16,8
6668,1142,16,2
6669,1143,12,23
6670,1143,19,11
6671,1143,0,15
6672,1143,5,2
6673,1144,7,22
6674,1145,13,3
6675,1145,21,10
6676,1145,7,9
6677,1146,16,0
6678,1146,3,11
6679,1146,16,0
6680,1146,22,5
6681,1146,11,13
6682,1146,12,16
6683,1147,8,24
6684,1147,9,19
6685,1147,21,9
6686,1148,7,20
6687,1148,23,11
6688,1148,20,19
6689,1148,12,4
6690,1149,17,23
6691,1149,10,18
6692,1149,19,8
6693,1149,7,3
6694,1149,17,14
6695,1149,0,18
6696,1149,20,18
6697,1149,22,10
6698,1149,19,9
6699,1149,17,20
6700,1149,19,13
6701,1149,0,7
6702,1150,8,12
6703,1150,12,4
6704,1150,1,22
6705,1150,24,22
6706,1150,14,7
6707,1150,11,22
6708,1150,3,7
6709,1151,10,4
6710,1151,16,9
6711,1151,1,4
6712,1151,14,11
6713,1151,3,14
6714,1151,1,10
6715,1152,2,18
6716,1152,20,5
6717,1152,6,18
6718,1152,14,21
6719,1152,15,0
6720,1152,24,22
6721,1152,8,15
6722,1152,23,2
6723,1152,4,12
6724,1152,8,22
6725,1153,21,5
6726,1153,0,19
6727,1153,14,22
6728,1153,15,6
6729,1153,24,21
6730,1153,8,5
6731,1154,18,14
6732,1154,1,13
6733,1154,21,3
6734,1154,0,21
6735,1155,24,6
6736,1155,2,24
6737,1155,6,12
6738,1155,5,4
6739,1155,1,22
6740,1156,24,21
6741,1156,5,18
6742,1156,12,3
6743,1156,14,21
6744,1156,6,17
6745,1157,9,12
6746,1157,14,11
6747,1158,5,4
6748,1158,5,19
6749,1158,14,17
6750,1158,1,10
6751,1158,15,9
6752,1158,18,20
6753,1159,1,11
6754,1159,0,23
6755,1159,24,13
6756,1159,3,21
6757,1159,19,4
6758,1159,4,18
6759,1159,11,19
6760,1159,11,3
6761,1160,2,13
6762,1160,6,3
6763,1160,8,23
6764,1160,8,15
6765,1160,12,24
6766,1160,8,10
6767,1160,4,13
6768,1160,5,18
6769,1160,3,7
6770,1160,7,0
6771,1160,18,1
6772,1161,19,17
6773,1161,6,15
6774,1161,2,16
6775,1161,14,10
6776,1161,22,20
6777,1162,18,24
6778,1162,10,9
6779,1164,23,9
6780,1164,20,2
6781,1164,14,24
6782,1164,23,16
6783,1164,9,2
6784,1165,2,20
6785,1165,16,5
6786,1165,14,15
6787,1165,16,8
6788,1165,23,16
6789,1165,18,16
6790,1166,9,23
6791,1166,22,10
6792,1166,22,20
6793,1166,3,11
6794,1166,5,11
6795,1166,14,8
6796,1166,15,24
6797,1166,18,2
6798,1166,24,14
6799,1166,2,16
6800,1167,13,23
6801,1167,16,2
6802,1167,9,17
6803,1167,3,15
6804,1167,9,0
6805,1168,16,20
6806,1168,18,22
6807,1168,11,14
6808,1168,3,6
6809,1168,5,14
6810,1168,14,20
6811,1168,4,10
6812,1169,13,3
6813,1169,11,5
6814,1169,10,23
6815,1169,14,8
6816,1169,17,15
6817,1170,16,0
6818,1170,5,20
6819,1170,9,15
6820,1170,19,20
6821,1170,18,7
6822,1170,16,13
6823,1170,15,14
6824,1170,17,10
6825,1170,15,6
6826,1170,5,20
6827,1170,17,2
6828,1171,8,19
6829,1171,15,1
6830,1171,6,20
6831,1171,10,17
6832,1171,22,5
6833,1172,24,21
6834,1172,13,2
6835,1172,4,11
6836,1172,9,2
6837,1173,13,10
6838,1173,12,5
6839,1173,8,18
6840,1173,22,1
6841,1173,13,3
6842,1173,13,24
6843,1174,4,12
6844,1174,20,14
6845,1174,13,11
6846,1174,10,14
6847,1174,16,6
6848,1175,5,16
6849,1175,5,11
6850,1175,20,24
6851,1175,22,9
6852,1175,16,23
6853,1175,3,21
6854,1175,2,6
6855,1175,9,22
6856,1175,8,15
6857,1175,2,22
6858,1176,10,9
6859,1176,13,11
6860,1176,10,2
6861,1176,13,20
6862,1176,7,13
6863,1177,7,11
6864,1177,22,13
6865,1177,0,15
6866,1177,20,16
6867,1178,10,17
6868,1178,6,18
6869,1178,6,22
6870,1178,17,3
6871,1178,4,7
6872,1178,16,6
6873,1178,14,22
6874,1178,18,0
6875,1178,22,10
6876,1179,16,0
6877,1179,0,14
6878,1179,7,22
6879,1179,17,13
6880,1179,0,8
6881,1179,22,8
6882,1179,12,9
6883,1179,9,19
6884,1179,5,14
6885,1180,3,23
6886,1180,19,7
6887,1180,23,19
6888,1180,4,7
6889,1180,21,17
6890,1180,10,21
6891,1181,2,21
6892,1181,1,14
6893,1181,12,6
6894,1181,16,22
6895,1181,9,21
6896,1182,15,21
6897,1182,12,14
6898,1182,7,16
6899,1182,12,16
6900,1182,11,24
6901,1182,21,9
6902,1182,10,3
6903,1183,2,22
6904,1184,24,13
6905,1184,7,11
6906,1184,3,24
6907,1184,0,10
6908,1184,23,10
6909,1184,3,0
6910,1185,2,21
6911,1185,9,17
6912,1185,24,8
6913,1185,17,14
6914,1185,1,19
6915,1186,2,13
6916,1186,4,20
6917,1186,3,18
6918,1186,1,9
6919,1186,16,20
6920,1187,15,13
6921,1187,11,14
6922,1187,3,6
6923,1188,1,7
6924,1188,20,16
6925,1188,22,13
6926,1189,21,11
6927,1189,1,8
6928,1189,15,13
6929,1189,16,6
6930,1189,12,8
6931,1189,24,10
6932,1189,19,10
6933,1190,5,3
6934,1190,18,6
6935,1190,20,13
6936,1191,0,9
6937,1191,24,16
6938,1192,9,23
6939,1192,9,20
6940,1193,3,14
6941,1193,3,5
6942,1193,4,20
6943,1193,6,13
6944,1193,24,21
6945,1193,3,7
6946,1193,9,23
6947,1193,21,7
6948,1193,3,9
6949,1193,15,24
6950,1194,21,23
6951,1194,8,20
6952,1194,18,12
6953,1194,9,5
6954,1195,5,14
6955,1195,23,20
6956,1195,23,6
6957,1195,24,10
6958,1195,12,21
6959,1196,24,3
6960,1196,7,5
6961,1196,16,20
6962,1196,15,9
6963,1196,12,23
6964,1197,8,14
6965,1197,10,9
6966,1197,5,9
6967,1197,20,9
6968,1197,5,12
6969,1197,3,20
6970,1198,21,12
6971,1198,12,19
6972,1199,9,21
6973,1199,15,14
6974,1200,10,12
6975,1200,12,0
6976,1200,21,12
6977,1200,24,17
6978,1200,1,5
6979,1201,2,19
6980,1201,11,8
6981,1201,18,1
6982,1201,18,16
6983,1201,13,6
6984,1201,20,17
6985,1201,24,0
6986,1202,14,10
6987,1202,11,0
6988,1202,8,5
6989,1202,9,16
6990,1202,10,6
6991,1202,23,10
6992,1202,11,19
6993,1202,6,8
6994,1202,1,7
6995,1202,2,4
6996,1203,12,21
6997,1203,20,5
6998,1203,13,16
6999,1203,4,20
7000,1203,14,23
7001,1203,15,5
7002,1203,6,13
7003,1204,5,14
7004,1204,24,8
7005,1204,10,3
7006,1204,21,23
7007,1204,9,16
7008,1205,19,2
7009,1205,23,0
7010,1205,19,3
7011,1205,4,5
7012,1205,1,23
7013,1205,5,13
7014,1205,16,3
7015,1206,8,20
7016,1206,3,21
7017,1206,11,2
7018,1206,21,6
7019,1206,17,20
7020,1206,14,16
7021,1206,2,22
7022,1206,22,19
7023,1206,8,22
7024,1206,9,11
7025,1207,8,15
7026,1207,7,0
7027,1207,23,17
7028,1207,2,12
7029,1207,12,20
7030,1207,11,17
7031,1207,8,24
7032,1207,3,9
7033,1207,3,0
7034,1208,19,16
7035,1208,5,2
7036,1208,5,22
7037,1208,13,9
7038,1209,24,18
7039,1209,16,23
7040,1209,0,15
7041,1209,21,6
7042,1209,9,6
7043,1209,21,18
7044,1209,10,2
7045,1209,20,1
7046,1210,14,1
7047,1210,13,2
7048,1210,3,18
7049,1210,20,2
7050,1210,20,4
7051,1210,15,18
7052,1211,2,21
7053,1211,22,12
7054,1211,12,6
7055,1211,10,2
7056,1211,14,6
7057,1211,23,2
7058,1211,4,14
7059,1211,4,7
7060,1212,7,15
7061,1212,8,11
7062,1212,22,6
7063,1212,1,4
7064,1212,10,7
7065,1212,8,24
7066,1213,10,21
7067,1213,3,1
7068,1213,13,20
7069,1213,0,22
7070,1213,11,4
7071,1213,10,24
7072,1214,11,3
7073,1214,7,10
7074,1215,22,24
7075,1215,10,4
7076,1215,20,23
7077,1215,5,22
7078,1216,12,3
7079,1216,20,9
7080,1216,13,15
7081,1216,12,8
7082,1216,19,6
7083,1216,16,12
7084,1217,11,15
7085,1217,24,18
7086,1217,10,19
7087,1217,4,20
7088,1217,3,5
7089,1217,1,15
7090,1217,10,24
7091,1218,4,21
7092,1218,3,17
7093,1218,13,7
7094,1218,6,2
7095,1218,23,13
7096,1218,19,9
7097,1218,5,17
7098,1218,22,0
7099,1218,0,24
7100,1219,14,0
7101,1219,11,8
7102,1219,7,3
7103,1219,19,22
7104,1219,2,20
7105,1220,9,3
7106,1220,12,1
7107,1220,14,23
7108,1220,13,20
7109,1220,13,24
7110,1220,16,4
7111,1220,2,6
7112,1220,6,22
7113,1220,5,20
7114,1220,1,19
7115,1220,15,19
7116,1220,22,8
7117,1220,23,19
7118,1220,21,4
7119,1220,11,18
7120,1221,19,22
7121,1221,12,10
7122,1221,12,6
7123,1221,14,15
7124,1222,21,9
7125,1222,19,11
7126,1222,19,4
7127,1222,1,3
7128,1222,21,0
7129,1222,24,6
7130,1223,17,0
7131,1223,14,22
7132,1223,6,8
7133,1223,0,8
7134,1223,12,1
7135,1223,19,2
7136,1223,6,9
7137,1224,10,24
7138,1224,14,21
7139,1224,10,6
7140,1224,24,3
7141,1224,13,9
7142,1224,9,12
7143,1224,8,10
7144,1225,11,23
7145,1225,23,16
7146,1225,2,16
7147,1225,8,5
7148,1225,20,16
7149,1225,15,18
7150,1225,15,7
7151,1225,0,8
7152,1226,3,16
7153,1226,19,3
7154,1226,14,21
7155,1226,21,15
7156,1226,14,11
7157,1226,13,24
7158,1226,5,15
7159,1226,16,4
7160,1226,23,14
7161,1226,14,6
7162,1227,5,24
7163,1227,18,11
7164,1227,5,15
7165,1227,12,3
7166,1227,14,12
7167,1227,4,12
7168,1227,17,7
7169,1227,16,6
7170,1227,20,13
7171,1227,24,9
7172,1228,20,2
7173,1228,18,8
7174,1228,6,18
7175,1228,4,5
7176,1228,14,4
7177,1228,15,24
7178,1228,6,8
7179,1229,19,1
7180,1229,2,11
7181,1229,9,13
7182,1229,7,15
7183,1229,1,24
7184,1229,11,8
7185,1230,22,0
7186,1230,10,3
7187,1230,14,11
7188,1231,24,20
7189,1231,12,22
7190,1231,0,17
7191,1231,11,13
7192,1231,22,20
7193,1232,14,6
7194,1232,16,7
7195,1233,8,5
7196,1233,4,23
7197,1233,4,7
7198,1233,8,2
7199,1233,12,8
7200,1233,22,2
7201,1233,13,21
7202,1233,15,7
7203,1234,5,7
7204,1234,18,7
7205,1234,7,18
7206,1234,3,18
7207,1235,9,18
7208,1235,16,2
7209,1236,14,11
7210,1236,22,15
7211,1236,6,0
7212,1236,2,19
7213,1236,12,24
7214,1236,23,8
7215,1236,23,11
7216,1236,4,2
7217,1237,5,23
7218,1237,18,24
7219,1237,19,13
7220,1237,3,12
7221,1237,4,1
7222,1237,23,15
7223,1237,0,16
7224,1238,8,4
7225,1238,3,24
7226,1238,23,15
7227,1238,13,10
7228,1238,13,9
7229,1239,6,13
7230,1239,5,2
7231,1239,2,8
7232,1240,0,14
7233,1240,22,13
7234,1240,24,22
7235,1240,15,19
7236,1240,20,7
7237,1240,4,7
7238,1240,19,7
7239,1241,22,20
7240,1241,8,6
7241,1241,24,1
7242,1241,24,13
7243,1241,7,0
7244,1241,19,10
7245,1241,16,13
7246,1241,18,5
7247,1241,1,24
7248,1242,12,15
7249,1242,14,11
7250,1242,15,4
7251,1242,7,3
7252,1243,21,18
7253,1243,12,23
7254,1243,3,12
7255,1243,4,23
7256,1243,11,1
7257,1243,8,12
7258,1243,23,21
7259,1243,2,23
7260,1244,11,21
7261,1244,12,18
7262,1244,19,9
7263,1244,22,24
7264,1244,6,13
7265,1244,21,2
7266,1244,15,12
7267,1244,23,20
7268,1245,10,0
7269,1245,12,15
7270,1245,18,20
7271,1245,8,22
7272,1245,11,9
7273,1245,4,22
7274,1245,16,22
7275,1245,14,6
7276,1246,18,6
7277,1246,18,9
7278,1246,16,1
7279,1246,4,16
7280,1246,10,12
7281,1246,5,3
7282,1246,2,20
7283,1246,14,21
7284,1246,8,10
7285,1246,10,13
7286,1247,20,9
7287,1247,0,19
7288,1247,15,0
7289,1248,11,15
7290,1248,18,7
7291,1248,5,1
7292,1248,14,10
7293,1248,2,5
7294,1248,1,19
7295,1249,23,9
7296,1249,5,17
7297,1249,7,9
7298,1250,17,2
7299,1250,14,16
7300,1250,1,20
7301,1250,16,14
7302,1250,2,13
7303,1250,15,4
7304,1251,5,19
7305,1251,6,3
7306,1251,12,10
7307,1252,8,12
7308,1252,24,12
7309,1252,18,6
7310,1252,2,20
7311,1252,22,24
7312,1253,4,7
7313,1253,21,2
7314,1253,18,4
7315,1253,3,6
7316,1253,13,17
7317,1253,22,8
7318,1253,18,24
7319,1253,21,11
7320,1253,1,7
7321,1253,21,12
7322,1254,9,7
7323,1254,3,19
7324,1254,8,19
7325,1254,13,9
7326,1254,17,13
7327,1254,1,4
7328,1254,21,15
7329,1255,15,7
7330,1255,19,17
7331,1255,7,0
7332,1255,1,14
7333,1255,20,24
7334,1255,9,7
7335,1256,13,17
7336,1256,14,10
7337,1256,12,2
7338,1257,21,3
7339,1257,20,6
7340,1257,20,12
7341,1257,17,3
7342,1257,10,21
7343,1258,8,2
7344,1258,21,9
7345,1258,6,12
7346,1258,0,16
7347,1258,16,6
7348,1259,18,3
7349,1259,16,20
7350,1259,1,24
7351,1261,5,22
7352,1261,24,13
7353,1261,19,2
7354,1261,7,11
7355,1261,5,7
7356,1261,2,23
7357,1261,10,7
7358,1262,24,6
7359,1262,7,23
7360,1262,21,17
7361,1262,5,9
7362,1262,2,21
7363,1262,11,7
7364,1262,16,4
7365,1262,9,15
7366,1262,3,18
7367,1263,22,5
7368,1263,11,3
7369,1263,17,21
7370,1263,7,13
7371,1263,20,0
7372,1264,14,18
7373,1264,0,21
7374,1264,11,9
7375,1264,10,7
7376,1264,9,13
7377,1264,18,10
7378,1264,16,19
7379,1264,21,7
7380,1265,9,16
7381,1265,8,4
7382,1265,18,9
7383,1265,11,13
7384,1265,11,1
7385,1265,23,21
7386,1266,16,24
7387,1266,6,2
7388,1266,11,24
7389,1266,10,0
7390,1266,15,19
7391,1266,22,11
7392,1266,20,1
7393,1267,24,8
7394,1267,21,2
7395,1267,4,6
7396,1267,23,10
7397,1267,3,19
7398,1267,11,17
7399,1267,12,15
7400,1267,0,20
7401,1267,10,18
7402,1268,6,3
7403,1268,22,16
7404,1268,1,20
7405,1269,2,23
7406,1269,22,16
7407,1269,11,19
7408,1269,7,1
7409,1269,24,6
7410,1270,3,18
7411,1270,3,7
7412,1270,17,6
7413,1270,7,11
7414,1270,0,7
7415,1271,19,21
7416,1271,23,21
7417,1272,14,24
7418,1272,17,15
7419,1272,10,7
7420,1272,17,0
7421,1273,0,17
7422,1273,13,17
7423,1273,12,3
7424,1273,5,23
7425,1274,9,17
7426,1274,4,23
7427,1274,14,20
7428,1274,4,1
7429,1274,8,18
7430,1274,9,1
7431,1275,2,15
7432,1275,17,24
7433,1275,13,6
7434,1275,0,9
7435,1275,13,17
7436,1276,15,0
7437,1276,8,6
7438,1276,15,11
7439,1276,15,23
7440,1276,1,11
7441,1277,2,21
7442,1277,1,9
7443,1277,23,21
7444,1277,11,5
7445,1277,14,10
7446,1277,20,14
7447,1277,13,22
7448,1277,13,16
7449,1277,23,2
7450,1278,20,10
7451,1278,19,22
7452,1278,16,0
7453,1278,24,21
7454,1278,1,12
7455,1278,23,13
7456,1278,16,12
7457,1278,17,19
7458,1278,10,19
7459,1278,6,15
7460,1279,1,11
7461,1279,6,20
7462,1279,7,18
7463,1279,8,10
7464,1279,8,2
7465,1279,2,21
7466,1279,22,8
7467,1279,16,10
7468,1280,23,5
7469,1280,18,12
7470,1280,15,21
7471,1280,22,1
7472,1280,20,1
7473,1280,6,0
7474,1280,10,16
7475,1280,23,14
7476,1281,20,23
7477,1281,10,4
7478,1281,3,24
7479,1281,10,24
7480,1281,17,6
7481,1281,4,24
7482,1281,0,2
7483,1281,18,8
7484,1281,20,3
7485,1282,22,2
7486,1282,12,21
7487,1282,17,7
7488,1282,10,3
7489,1282,14,1
7490,1282,5,20
7491,1282,16,6
7492,1283,1,15
7493,1283,18,20
7494,1283,15,13
7495,1283,8,19
7496,1283,13,24
7497,1283,24,20
7498,1284,12,9
7499,1284,16,6
7500,1284,24,18
7501,1284,23,8
7502,1284,3,18
7503,1284,13,4
7504,1285,21,1
7505,1285,20,1
7506,1285,15,6
7507,1285,12,8
7508,1285,16,7
7509,1285,14,11
7510,1285,24,4
7511,1285,10,9
7512,1285,15,17
7513,1285,22,11
7514,1286,8,0
7515,1286,4,21
7516,1286,7,4
7517,1286,17,24
7518,1286,5,1
7519,1286,20,13
7520,1287,0,16
7521,1287,7,5
7522,1287,0,3
7523,1287,18,16
7524,1288,1,15
7525,1288,5,7
7526,1288,19,13
7527,1288,19,1
7528,1288,22,19
7529,1289,6,0
7530,1289,14,21
7531,1289,4,5
7532,1289,22,8
7533,1289,17,9
7534,1289,24,18
7535,1289,17,14
7536,1290,24,17
7537,1290,21,14
7538,1290,23,17
7539,1290,15,3
7540,1290,4,6
7541,1290,5,22
7542,1290,19,10
7543,1291,10,24
7544,1291,17,5
7545,1291,21,4
7546,1291,8,5
7547,1291,21,14
7548,1291,6,3
7549,1291,14,6
7550,1291,8,4
7551,1291,6,8
7552,1291,22,11
7553,1292,16,13
7554,1292,0,20
7555,1292,2,13
7556,1292,22,10
7557,1292,9,11
7558,1292,14,0
7559,1292,7,4
7560,1292,0,10
7561,1293,0,22
7562,1293,23,9
7563,1293,10,4
7564,1293,4,12
7565,1294,20,10
7566,1294,3,23
7567,1294,18,21
7568,1294,5,20
7569,1294,3,16
7570,1294,12,15
7571,1294,9,10
7572,1294,12,18
7573,1294,6,8
7574,1294,20,18
7575,1294,16,5
7576,1295,10,6
7577,1295,4,15
7578,1295,1,20
7579,1296,0,4
7580,1296,12,8
7581,1296,1,17
7582,1296,14,18
7583,1296,5,13
7584,1296,21,12
7585,1296,2,8
7586,1297,12,23
7587,1297,5,1
7588,1297,2,18
7589,1297,14,1
7590,1298,8,5
7591,1298,8,21
7592,1298,18,20
7593,1298,11,3
7594,1298,13,3
7595,1298,5,17
7596,1298,1,15
7597,1299,19,5
7598,1299,14,2
7599,1299,15,0
7600,1299,0,9
7601,1299,21,2
7602,1299,3,21
7603,1300,24,10
7604,1300,1,10
7605,1300,2,23
7606,1300,11,20
7607,1300,17,23
7608,1300,23,5
7609,1300,15,3
7610,1300,5,22
7611,1300,14,2
7612,1301,4,21
7613,1301,3,7
7614,1301,14,18
7615,1301,3,17
7616,1301,21,6
7617,1302,14,7
7618,1302,5,24
7619,1302,0,11
7620,1302,19,6
7621,1303,1,22
7622,1303,19,11
7623,1303,24,17
7624,1303,19,5
7625,1303,7,9
7626,1304,1,10
7627,1304,18,8
7628,1304,24,21
7629,1304,19,16
7630,1304,8,5
7631,1304,24,9
7632,1304,12,18
7633,1304,2,17
7634,1305,24,7
7635,1305,11,8
7636,1305,10,9
7637,1306,12,4
7638,1306,19,21
7639,1306,2,12
7640,1307,6,17
7641,1307,2,12
7642,1307,22,7
7643,1307,21,3
7644,1307,15,23
7645,1307,18,16
7646,1307,5,1
7647,1308,11,7
7648,1308,18,12
7649,1308,24,4
7650,1308,14,10
7651,1308,13,4
7652,1308,16,8
7653,1308,0,2
7654,1308,16,14
7655,1308,20,23
7656,1308,2,12
7657,1309,1,13
7658,1309,22,6
7659,1309,21,19
7660,1309,19,20
7661,1309,19,10
7662,1309,15,22
7663,1309,7,17
7664,1309,14,7
7665,1309,24,20
7666,1309,6,14
7667,1309,9,16
7668,1310,19,5
7669,1310,1,20
7670,1310,21,8
7671,1310,1,13
7672,1311,16,24
7673,1311,13,16
7674,1311,20,16
7675,1311,14,20
7676,1311,20,16
7677,1311,3,23
7678,1311,5,9
7679,1311,13,7
7680,1312,4,1
7681,1312,8,2
7682,1312,0,23
7683,1312,10,13
7684,1312,10,7
7685,1312,1,8
7686,1312,3,7
7687,1313,7,23
7688,1313,15,12
7689,1313,23,1
7690,1313,10,19
7691,1313,20,8
7692,1313,15,6
7693,1313,19,17
7694,1313,7,4
7695,1313,21,17
7696,1314,6,19
7697,1314,5,3
7698,1314,9,18
7699,1314,16,6
7700,1314,22,13
7701,1314,20,23
7702,1314,5,15
7703,1314,20,16
7704,1314,8,15
7705,1314,10,24
7706,1315,21,1
7707,1315,22,9
7708,1316,22,24
7709,1316,13,16
7710,1316,14,4
7711,1316,12,14
7712,1317,13,9
7713,1317,7,24
7714,1317,1,20
7715,1317,9,11
7716,1317,11,21
7717,1317,21,6
7718,1317,7,21
7719,1317,0,7
7720,1318,17,14
7721,1318,10,7
7722,1318,23,3
7723,1318,9,0
7724,1318,22,16
7725,1318,15,4
7726,1318,12,8
7727,1319,4,24
7728,1319,8,11
7729,1319,16,3
7730,1319,4,8
7731,1319,10,19
7732,1319,15,14
7733,1319,10,17
7734,1319,17,14
7735,1319,4,1
7736,1319,12,22
7737,1320,9,13
7738,1320,5,2
7739,1320,15,17
7740,1320,8,11
7741,1320,9,19
7742,1320,4,14
7743,1321,16,5
7744,1321,17,15
7745,1321,15,22
7746,1321,24,2
7747,1321,6,24
7748,1321,18,5
7749,1321,1,14
7750,1322,21,12
7751,1322,20,10
7752,1322,0,17
7753,1322,7,9
7754,1322,0,7
7755,1323,16,2
7756,1323,24,14
7757,1323,2,19
7758,1324,24,22
7759,1324,6,18
7760,1324,23,3
7761,1324,0,23
7762,1324,14,0
7763,1324,17,11
7764,1324,20,11
7765,1325,9,23
7766,1325,22,10
7767,1325,13,19
7768,1325,3,23
7769,1325,10,1
7770,1325,20,7
7771,1325,24,22
7772,1326,10,21
7773,1326,10,3
7774,1326,3,6
7775,1326,18,7
7776,1326,16,24
7777,1326,8,6
7778,1327,20,18
7779,1327,21,19
7780,1327,12,2
7781,1327,0,13
7782,1328,24,16
7783,1328,9,0
7784,1328,6,16
7785,1328,6,24
7786,1328,12,16
7787,1328,15,5
7788,1328,10,9
7789,1328,5,20
7790,1328,24,7
7791,1328,0,23
7792,1329,17,6
7793,1329,8,4
7794,1329,10,22
7795,1329,11,5
7796,1329,4,11
7797,1329,4,17
7798,1329,9,21
7799,1330,1,19
7800,1330,2,11
7801,1330,0,24
7802,1330,0,4
7803,1330,17,24
7804,1330,14,0
7805,1330,0,3
7806,1330,23,11
7807,1330,8,14
7808,1331,12,9
7809,1331,24,22
7810,1331,18,6
7811,1331,18,16
7812,1331,15,23
7813,1331,20,7
7814,1331,4,2
7815,1331,15,9
7816,1331,6,21
7817,1332,15,12
7818,1332,21,7
7819,1332,17,14
7820,1333,1,15
7821,1333,18,2
7822,1333,13,3
7823,1333,9,5
7824,1333,19,21
7825,1334,0,4
7826,1334,1,5
7827,1334,19,23
7828,1334,23,2
7829,1334,9,11
7830,1334,7,13
7831,1334,24,11
7832,1334,12,1
7833,1334,0,4
7834,1335,10,1
7835,1335,13,16
7836,1335,18,5
7837,1335,10,0
7838,1335,7,19
7839,1335,21,18
7840,1336,23,21
7841,1336,15,18
7842,1336,23,14
7843,1336,11,22
7844,1337,5,2
7845,1337,10,4
7846,1337,20,14
7847,1337,3,0
7848,1337,19,20
7849,1337,21,1
7850,1338,20,0
7851,1338,1,12
7852,1338,19,5
7853,1338,5,17
7854,1339,8,11
7855,1340,12,22
7856,1340,5,22
7857,1340,20,7
7858,1341,12,23
7859,1341,10,17
7860,1341,17,19
7861,1341,5,17
7862,1341,0,22
7863,1341,3,20
7864,1341,1,15
7865,1342,18,4
7866,1342,15,13
7867,1342,15,14
7868,1343,1,13
7869,1343,0,17
7870,1343,19,2
7871,1343,2,8
7872,1343,17,24
7873,1343,1,22
7874,1344,18,1
7875,1344,10,6
7876,1345,7,14
7877,1345,8,22
7878,1345,7,18
7879,1345,3,24
7880,1346,24,21
7881,1346,1,16
7882,1346,11,21
7883,1346,18,22
7884,1346,19,2
7885,1346,8,20
7886,1346,18,1
7887,1346,7,11
7888,1346,0,8
7889,1347,11,13
7890,1347,4,24
7891,1347,0,2
7892,1347,9,7
7893,1348,13,16
7894,1348,18,10
7895,1348,8,12
7896,1348,15,4
7897,1348,18,1
7898,1349,22,4
7899,1349,9,10
7900,1349,18,9
7901,1349,8,6
7902,1350,17,21
7903,1350,11,7
7904,1350,7,16
7905,1350,16,20
7906,1351,15,12
7907,1351,7,22
7908,1351,5,13
7909,1351,7,10
7910,1351,17,10
7911,1351,15,7
7912,1352,6,22
7913,1352,2,14
7914,1352,0,18
7915,1353,16,3
7916,1353,3,18
7917,1353,8,14
7918,1353,4,5
7919,1353,2,19
7920,1354,10,9
7921,1354,18,16
7922,1354,18,11
7923,1354,13,20
7924,1354,14,5
7925,1355,15,13
7926,1355,20,6
7927,1355,20,13
7928,1356,21,10
7929,1356,10,19
7930,1356,20,3
7931,1356,5,18
7932,1357,21,12
7933,1357,17,3
7934,1357,12,20
7935,1357,9,15
7936,1357,5,9
7937,1358,24,8
7938,1358,10,4
7939,1358,23,2
7940,1358,17,24
7941,1359,8,6
7942,1359,8,10
7943,1359,5,4
7944,1359,0,23
7945,1359,4,22
7946,1359,1,23
7947,1360,21,2
7948,1360,9,20
7949,1360,2,16
7950,1360,9,18
7951,1360,19,9
7952,1361,24,18
7953,1361,8,10
7954,1361,22,16
7955,1362,12,10
7956,1362,11,9
7957,1362,5,24
7958,1362,20,2
7959,1362,8,6
7960,1362,14,22
7961,1363,4,12
7962,1363,2,16
7963,1363,6,17
7964,1363,22,7
7965,1363,12,3
7966,1363,1,17
7967,1364,7,5
7968,1364,9,12
7969,1364,20,3
7970,1364,24,18
7971,1365,6,10
7972,1365,10,9
7973,1365,21,14
7974,1365,14,23
7975,1365,5,13
7976,1365,3,7
7977,1365,8,4
7978,1365,10,17
7979,1366,2,10
7980,1366,23,4
7981,1366,20,2
7982,1366,20,22
7983,1366,1,15
7984,1366,17,2
7985,1366,8,15
7986,1367,3,11
7987,1367,24,21
7988,1367,2,12
7989,1367,3,22
7990,1367,8,17
7991,1367,13,24
7992,1367,18,11
7993,1367,12,22
7994,1368,8,4
7995,1368,19,12
7996,1368,18,1
7997,1368,12,4
7998,1368,22,11
7999,1368,10,13
8000,1368,21,24
8001,1369,2,0
8002,1369,10,7
8003,1370,15,4
8004,1370,3,15
8005,1370,19,15
8006,1370,7,21
8007,1371,9,10
8008,1371,0,18
8009,1371,18,16
8010,1371,14,17
8011,1371,19,1
8012,1371,13,3
8013,1371,17,8
8014,1372,0,12
8015,1372,10,8
8016,1372,17,23
8017,1372,19,17
8018,1372,11,8
8019,1372,5,18
8020,1372,22,20
8021,1372,24,17
8022,1372,5,22
8023,1373,6,10
8024,1373,3,11
8025,1373,10,17
8026,1373,24,9
8027,1374,22,10
8028,1374,3,0
8029,1374,18,21
8030,1375,16,22
8031,1375,6,9
8032,1375,3,13
8033,1375,10,23
8034,1375,11,7
8035,1375,9,20
8036,1375,9,16
8037,1375,12,20
8038,1375,16,20
8039,1375,15,12
8040,1375,9,0
8041,1376,3,11
8042,1376,3,1
8043,1376,8,12
8044,1376,8,20
8045,1376,1,10
8046,1376,18,15
8047,1376,11,15
8048,1376,20,0
8049,1376,15,19
8050,1376,5,7
8051,1377,13,15
8052,1378,12,20
8053,1378,12,9
8054,1378,0,13
8055,1378,17,4
8056,1378,12,2
8057,1378,8,22
8058,1379,5,8
8059,1379,24,13
8060,1379,0,13
8061,1379,16,13
8062,1380,18,4
8063,1380,0,10
8064,1380,15,13
8065,1380,20,7
8066,1380,14,7
8067,1380,6,16
8068,1380,6,2
8069,1380,5,23
8070,1381,7,24
8071,1381,8,2
8072,1381,14,8
8073,1381,11,21
8074,1381,18,14
8075,1382,24,9
8076,1382,4,7
8077,1382,20,24
8078,1382,5,20
8079,1382,15,13
8080,1382,3,17
8081,1382,0,15
8082,1382,21,10
8083,1383,23,10
8084,1383,24,6
8085,1383,19,4
8086,1383,3,24
8087,1383,22,13
8088,1383,5,22
8089,1383,22,18
8090,1384,24,15
8091,1384,4,18
8092,1384,3,11
8093,1384,21,4
8094,1384,21,4
8095,1384,17,3
8096,1384,20,4
8097,1385,23,0
8098,1385,9,0
8099,1385,15,12
8100,1385,17,1
8101,1386,6,17
8102,1386,14,10
8103,1386,21,11
8104,1386,22,11
8105,1386,22,24
8106,1386,19,3
8107,1386,18,9
8108,1387,15,6
8109,1387,22,0
8110,1387,18,6
8111,1387,17,11
8112,1387,18,1
8113,1387,12,18
8114,1388,19,21
8115,1388,5,15
8116,1388,19,5
8117,1388,2,9
8118,1389,9,22
8119,1389,22,9
8120,1389,14,0
8121,1389,14,11
8122,1389,11,5
8123,1389,18,6
8124,1389,6,16
8125,1390,2,6
8126,1390,24,10
8127,1390,11,21
8128,1390,1,11
8129,1390,19,6
8130,1390,1,15
8131,1391,16,13
8132,1391,24,4
8133,1391,24,4
8134,1391,18,2
8135,1391,12,4
8136,1392,2,24
8137,1392,19,4
8138,1392,23,13
8139,1392,0,14
8140,1392,23,20
8141,1393,20,18
8142,1393,20,8
8143,1393,14,12
8144,1393,23,21
8145,1393,23,20
8146,1393,19,7
8147,1394,18,12
8148,1394,9,15
8149,1394,17,2
8150,1394,15,3
8151,1395,9,19
8152,1395,17,21
8153,1395,15,24
8154,1395,0,24
8155,1395,23,16
8156,1395,15,24
8157,1396,0,3
8158,1396,19,2
8159,1396,0,3
8160,1396,14,10
8161,1397,10,22
8162,1397,4,22
8163,1397,23,17
8164,1397,6,21
8165,1397,24,0
8166,1398,16,1
8167,1398,13,2
8168,1398,11,24
8169,1398,21,23
8170,1398,10,12
8171,1398,8,2
8172,1398,4,13
8173,1398,14,1
8174,1398,11,14
8175,1398,2,6
8176,1399,9,20
8177,1399,9,15
8178,1400,4,12
8179,1400,20,4
8180,1400,5,22
8181,1401,0,17
8182,1401,2,5
8183,1401,20,4
8184,1401,20,16
8185,1401,13,19
8186,1401,9,18
8187,1402,14,23
8188,1402,2,15
8189,1403,16,9
8190,1403,17,23
8191,1403,17,7
8192,1403,9,15
8193,1404,11,4
8194,1404,4,6
8195,1404,18,5
8196,1404,22,20
8197,1404,22,3
8198,1404,22,9
8199,1404,10,13
8200,1404,8,12
8201,1404,13,15
8202,1404,9,18
8203,1405,20,8
8204,1405,2,24
8205,1405,4,2
8206,1405,1,3
8207,1405,17,4
8208,1405,15,1
8209,1406,6,3
8210,1406,23,11
8211,1406,18,16
8212,1406,5,16
8213,1406,0,23
8214,1406,14,17
8215,1407,9,13
8216,1407,0,18
8217,1408,6,9
8218,1408,19,4
8219,1408,17,13
8220,1408,18,2
8221,1408,17,7
8222,1408,19,12
8223,1409,24,2
8224,1409,11,15
8225,1409,13,6
8226,1409,10,7
8227,1409,15,8
8228,1409,21,5
8229,1409,5,19
8230,1409,10,1
8231,1409,2,16
8232,1409,13,1
8233,1410,16,19
8234,1410,12,9
8235,1410,7,10
8236,1411,4,22
8237,1411,14,21
8238,1411,4,20
8239,1411,9,7
8240,1412,18,4
8241,1412,22,24
8242,1412,15,2
8243,1412,23,1
8244,1413,21,23
8245,1413,9,17
8246,1413,17,15
8247,1414,15,1
8248,1414,21,3
8249,1415,16,0
8250,1415,15,14
8251,1415,24,4
8252,1415,17,7
8253,1415,0,22
8254,1416,22,3
8255,1416,22,11
8256,1416,14,8
8257,1416,19,6
8258,1416,13,20
8259,1416,20,8
8260,1417,21,1
8261,1417,10,6
8262,1417,5,19
8263,1417,22,18
8264,1417,5,21
8265,1417,10,23
8266,1417,24,8
8267,1417,1,21
8268,1417,5,14
8269,1418,3,9
8270,1418,6,24
8271,1418,4,14
8272,1418,3,22
8273,1418,19,16
8274,1418,14,15
8275,1418,8,12
8276,1419,2,9
8277,1419,0,7
8278,1419,12,2
8279,1419,9,15
8280,1420,4,7
8281,1420,11,15
8282,1420,22,11
8283,1420,3,11
8284,1420,21,18
8285,1420,7,13
8286,1420,17,6
8287,1420,5,12
8288,1421,5,24
8289,1421,24,13
8290,1421,16,8
8291,1421,21,1
8292,1421,18,12
8293,1421,20,6
8294,1421,15,7
8295,1422,18,21
8296,1422,12,3
8297,1422,11,22
8298,1422,14,22
8299,1422,21,5
8300,1422,8,22
8301,1423,8,5
8302,1423,8,5
8303,1423,0,9
8304,1423,21,14
8305,1423,16,8
8306,1424,11,15
8307,1424,7,13
8308,1424,14,4
8309,1424,10,17
8310,1424,23,5
8311,1424,1,8
8312,1425,3,0
8313,1425,8,22
8314,1425,0,12
8315,1425,24,9
8316,1426,23,12
8317,1426,20,16
8318,1426,16,12
8319,1426,23,9
8320,1426,11,4
8321,1426,17,11
8322,1426,1,23
8323,1426,9,17
8324,1427,14,3
8325,1427,11,23
8326,1427,10,6
8327,1427,23,13
8328,1428,9,5
8329,1428,4,16
8330,1428,11,17
8331,1428,5,14
8332,1428,5,1
8333,1428,8,19
8334,1428,18,3
8335,1428,18,2
8336,1428,5,8
8337,1429,4,16
8338,1430,10,20
8339,1430,20,10
8340,1430,12,22
8341,1430,17,23
8342,1430,18,20
8343,1430,3,7
8344,1430,11,18
8345,1430,16,2
8346,1430,22,15
8347,1431,19,2
8348,1431,6,2
8349,1431,2,18
8350,1431,18,15
8351,1431,11,18
8352,1431,8,19
8353,1431,13,10
8354,1431,0,19
8355,1432,16,23
8356,1432,21,13
8357,1432,18,21
8358,1432,22,4
8359,1432,8,23
8360,1433,21,23
8361,1433,1,24
8362,1433,6,8
8363,1433,13,2
8364,1433,13,9
8365,1434,1,11
8366,1434,10,2
8367,1434,2,6
8368,1434,13,24
8369,1434,11,23
8370,1434,1,13
8371,1434,7,22
8372,1435,21,2
8373,1435,16,22
8374,1435,11,18
8375,1435,13,6
8376,1435,20,11
8377,1435,4,6
8378,1435,2,5
8379,1436,10,2
8380,1436,7,23
8381,1436,10,1
8382,1437,22,13
8383,1437,0,13
8384,1437,12,4
8385,1437,12,3
8386,1437,15,7
8387,1437,5,4
8388,1438,8,10
8389,1438,23,19
8390,1438,12,10
8391,1438,24,14
8392,1438,19,9
8393,1438,4,2
8394,1438,6,8
8395,1438,0,23
8396,1439,11,2
8397,1439,5,15
8398,1439,1,20
8399,1439,24,14
8400,1439,23,10
8401,1439,15,5
8402,1439,1,24
8403,1439,11,22
8404,1439,24,7
8405,1440,16,23
8406,1440,18,14
8407,1440,18,5
8408,1440,15,24
8409,1441,2,8
8410,1441,1,16
8411,1441,8,21
8412,1441,12,2
8413,1441,15,3
8414,1442,7,15
8415,1442,5,16
8416,1442,21,3
8417,1442,9,5
8418,1442,0,9
8419,1442,17,7
8420,1442,17,11
8421,1442,6,2
8422,1442,3,6
8423,1442,6,8
8424,1443,4,5
8425,1443,17,3
8426,1443,0,3
8427,1443,18,16
8428,1443,8,11
8429,1443,20,8
8430,1444,13,11
8431,1444,3,20
8432,1444,5,16
8433,1444,20,2
8434,1444,8,5
8435,1444,3,24
8436,1445,18,21
8437,1445,17,3
8438,1446,2,13
8439,1446,20,5
8440,1446,18,16
8441,1447,7,3
8442,1447,2,14
8443,1447,23,3
8444,1447,1,13
8445,1448,4,7
8446,1448,15,17
8447,1448,23,4
8448,1448,5,8
8449,1448,14,3
8450,1449,8,19
8451,1449,7,18
8452,1449,21,14
8453,1449,4,1
8454,1449,1,24
8455,1449,1,9
8456,1449,12,6
8457,1450,14,17
8458,1450,9,6
8459,1450,14,5
8460,1451,7,23
8461,1451,4,22
8462,1451,1,22
8463,1451,24,2
8464,1451,6,4
8465,1451,21,0
8466,1451,5,15
8467,1452,8,4
8468,1452,14,24
8469,1452,16,14
8470,1452,12,19
8471,1452,13,5
8472,1453,24,10
8473,1453,12,23
8474,1453,16,9
8475,1453,20,23
8476,1453,2,24
8477,1453,24,8
8478,1453,16,5
8479,1453,20,1
8480,1454,13,7
8481,1454,20,3
8482,1454,1,23
8483,1454,19,16
8484,1454,19,4
8485,1454,21,11
8486,1454,6,23
8487,1455,21,11
8488,1455,20,1
8489,1455,20,8
8490,1455,9,12
8491,1456,11,4
8492,1456,15,7
8493,1456,17,3
8494,1456,21,0
8495,1456,17,19
8496,1456,23,19
8497,1457,13,6
8498,1457,15,11
8499,1457,9,0
8500,1457,4,5
8501,1458,24,7
8502,1458,13,23
8503,1458,8,17
8504,1458,3,17
8505,1458,1,23
8506,1458,23,6
8507,1459,8,6
8508,1459,9,2
8509,1459,20,14
8510,1459,17,20
8511,1459,15,8
8512,1459,3,16
8513,1459,22,1
8514,1459,19,16
8515,1460,3,23
8516,1460,7,9
8517,1460,9,12
8518,1460,16,0
8519,1460,10,22
8520,1461,23,12
8521,1461,4,22
8522,1461,21,3
8523,1461,5,2
8524,1461,15,1
8525,1461,12,10
8526,1462,16,24
8527,1462,5,1
8528,1462,19,5
8529,1462,10,16
8530,1462,2,24
8531,1462,7,0
8532,1462,14,5
8533,1462,9,10
8534,1462,2,9
8535,1462,13,9
8536,1462,17,20
8537,1463,9,7
8538,1463,15,4
8539,1463,3,18
8540,1463,8,4
8541,1463,0,15
8542,1464,2,15
8543,1464,3,19
8544,1464,4,22
8545,1464,9,16
8546,1465,7,19
8547,1465,22,3
8548,1465,10,17
8549,1465,24,18
8550,1465,18,16
8551,1465,7,11
8552,1465,5,4
8553,1466,9,24
8554,1466,12,4
8555,1466,3,14
8556,1466,5,15
8557,1466,13,21
8558,1466,18,24
8559,1466,20,3
8560,1466,15,3
8561,1466,13,20
8562,1466,1,10
8563,1466,0,17
8564,1467,13,0
8565,1467,24,2
8566,1467,7,24
8567,1467,19,21
8568,1467,21,24
8569,1467,20,16
8570,1467,15,6
8571,1467,11,21
8572,1467,19,4
8573,1468,3,11
8574,1468,3,7
8575,1468,14,3
8576,1468,19,3
8577,1468,16,18
8578,1468,13,11
8579,1468,22,16
8580,1468,7,0
8581,1469,19,21
8582,1469,10,24
8583,1469,14,22
8584,1469,3,9
8585,1469,21,7
8586,1470,10,9
8587,1470,4,20
8588,1470,4,21
8589,1470,7,4
8590,1470,1,16
8591,1470,12,10
8592,1471,6,0
8593,1471,7,1
8594,1471,19,12
8595,1471,11,7
8596,1471,23,4
8597,1471,2,21
8598,1471,2,17
8599,1471,20,8
8600,1472,21,9
8601,1472,1,10
8602,1472,14,10
8603,1472,18,5
8604,1472,10,9
8605,1473,9,10
8606,1473,22,2
8607,1473,7,17
8608,1473,2,10
8609,1474,6,3
8610,1474,18,6
8611,1474,24,2
8612,1474,22,7
8613,1474,9,15
8614,1474,20,13
8615,1474,13,6
8616,1474,15,1
8617,1474,8,5
8618,1474,24,3
8619,1475,9,2
8620,1475,0,2
8621,1475,8,6
8622,1475,1,5
8623,1475,15,13
8624,1475,1,5
8625,1475,11,9
8626,1475,5,8
8627,1476,20,8
8628,1476,2,21
8629,1476,9,22
8630,1476,17,10
8631,1476,21,14
8632,1476,13,6
8633,1477,19,3
8634,1477,3,23
8635,1477,6,4
8636,1477,13,7
8637,1477,16,3
8638,1477,20,22
8639,1478,1,16
8640,1478,11,13
8641,1478,5,17
8642,1478,9,19
8643,1478,23,5
8644,1478,20,17
8645,1478,10,13
8646,1478,2,9
8647,1478,24,21
8648,1478,12,21
8649,1479,5,7
8650,1479,17,8
8651,1479,10,9
8652,1479,3,15
8653,1479,13,15
8654,1480,5,17
8655,1480,14,0
8656,1480,17,15
8657,1480,4,23
8658,1480,6,19
8659,1480,11,24
8660,1480,5,17
8661,1481,0,10
8662,1481,9,23
8663,1481,15,17
8664,1481,6,16
8665,1481,13,1
8666,1481,22,10
8667,1481,11,5
8668,1481,20,17
8669,1481,2,16
8670,1482,20,2
8671,1482,14,18
8672,1482,5,4
8673,1482,9,18
8674,1482,17,21
8675,1482,2,21
8676,1482,12,9
8677,1482,8,23
8678,1482,20,11
8679,1483,14,11
8680,1483,11,18
8681,1483,2,8
8682,1483,2,10
8683,1483,15,13
8684,1483,16,10
8685,1483,6,22
8686,1484,22,2
8687,1484,18,3
8688,1484,8,18
8689,1484,13,21
8690,1484,11,22
8691,1485,16,9
8692,1485,11,23
8693,1485,21,19
8694,1485,20,3
8695,1486,0,13
8696,1486,18,16
8697,1486,10,19
8698,1486,9,19
8699,1486,22,2
8700,1486,17,8
8701,1486,3,23
8702,1486,0,23
8703,1487,11,4
8704,1487,20,12
8705,1487,13,23
8706,1487,17,4
8707,1488,11,1
8708,1488,19,12
8709,1488,0,8
8710,1488,21,24
8711,1488,20,13
8712,1488,5,4
8713,1488,11,21
8714,1488,13,7
8715,1488,19,16
8716,1489,0,2
8717,1489,15,23
8718,1489,5,13
8719,1489,23,3
8720,1490,5,12
8721,1490,10,22
8722,1490,2,19
8723,1490,12,1
8724,1491,16,20
8725,1491,3,15
8726,1491,2,15
8727,1491,14,4
8728,1491,14,18
8729,1491,12,2
8730,1492,19,9
8731,1492,13,21
8732,1492,16,23
8733,1492,11,5
8734,1492,18,21
8735,1492,6,12
8736,1493,24,13
8737,1493,16,9
8738,1493,12,5
8739,1493,18,4
8740,1493,21,17
8741,1494,21,2
8742,1494,13,11
8743,1494,13,10
8744,1494,24,13
8745,1494,6,16
8746,1494,18,14
8747,1495,15,3
8748,1495,9,19
8749,1495,13,11
8750,1495,22,16
8751,1496,0,14
8752,1496,10,13
8753,1496,5,20
8754,1496,13,21
8755,1496,8,14
8756,1497,17,7
8757,1497,20,11
8758,1497,0,7
8759,1497,17,15
8760,1497,13,20
8761,1497,3,20
8762,1497,3,14
8763,1498,1,8
8764,1498,5,23
8765,1498,12,19
8766,1498,19,17
8767,1498,4,10
8768,1499,19,22
8769,1499,6,17
8770,1499,18,21
8771,1499,10,3
8772,1499,12,15
8773,1499,6,23
8774,1499,11,0
8775,1500,2,4
8776,1500,23,4
8777,1500,4,18
8778,1500,19,11
8779,1501,5,14
8780,1501,11,19
8781,1501,23,11
8782,1501,5,4
8783,1501,18,12
8784,1501,19,7
8785,1502,16,19
8786,1502,21,15
8787,1502,16,18
8788,1502,8,1
8789,1502,18,21
8790,1502,7,15
8791,1503,17,1
8792,1503,23,4
8793,1503,8,24
8794,1503,6,24
8795,1503,24,8
8796,1503,16,19
8797,1503,17,9
8798,1504,2,5
8799,1504,15,5
8800,1504,6,15
8801,1504,14,15
8802,1504,21,8
8803,1505,14,22
8804,1505,15,17
8805,1505,20,10
8806,1505,4,20
8807,1505,22,19
8808,1506,21,0
8809,1506,19,1
8810,1506,8,0
8811,1506,20,18
8812,1506,11,9
8813,1506,16,2
8814,1506,24,22
8815,1507,22,4
8816,1507,19,13
8817,1508,7,11
8818,1508,14,10
8819,1508,8,1
8820,1508,7,14
8821,1508,18,20
8822,1508,22,18
8823,1508,15,4
8824,1509,15,14
8825,1509,9,20
8826,1509,23,1
8827,1509,22,12
8828,1510,7,3
8829,1510,20,4
8830,1510,21,13
8831,1510,2,13
8832,1510,9,6
8833,1510,5,13
8834,1510,7,3
8835,1511,1,19
8836,1511,24,2
8837,1511,10,13
8838,1511,10,16
8839,1511,21,1
8840,1511,5,12
8841,1511,2,20
8842,1511,19,10
8843,1512,22,1
8844,1512,22,14
8845,1513,21,0
8846,1513,3,13
8847,1513,14,2
8848,1513,16,0
8849,1513,15,17
8850,1513,8,21
8851,1513,23,11
8852,1513,23,6
8853,1513,22,13
8854,1514,23,21
8855,1514,4,17
8856,1514,10,12
8857,1514,17,14
8858,1514,10,1
8859,1514,15,0
8860,1515,2,18
8861,1515,6,2
8862,1515,5,19
8863,1515,7,18
8864,1515,10,19
8865,1515,1,22
8866,1515,8,17
8867,1515,11,3
8868,1516,22,19
8869,1516,17,5
8870,1516,5,14
8871,1517,18,24
8872,1517,15,7
8873,1517,8,6
8874,1518,11,8
8875,1518,12,16
8876,1518,12,22
8877,1519,23,10
8878,1519,20,17
8879,1519,4,21
8880,1519,13,21
8881,1519,16,18
8882,1519,17,13
8883,1520,12,9
8884,1520,17,1
8885,1520,7,1
8886,1520,0,14
8887,1520,23,9
8888,1520,16,20
8889,1520,24,17
8890,1520,20,16
8891,1520,23,0
8892,1521,18,10
8893,1521,9,23
8894,1521,13,2
8895,1521,14,11
8896,1521,21,12
8897,1521,17,10
8898,1522,11,15
8899,1522,10,22
8900,1523,1,13
8901,1523,23,15
8902,1523,5,11
8903,1523,18,5
8904,1523,14,12
8905,1524,13,10
8906,1524,4,20
8907,1524,6,9
8908,1524,22,3
8909,1524,6,4
8910,1525,16,19
8911,1525,14,24
8912,1525,8,10
8913,1525,13,20
8914,1525,8,21
8915,1525,2,19
8916,1525,21,5
8917,1525,9,16
8918,1525,13,9
8919,1526,15,6
8920,1526,12,1
8921,1526,4,2
8922,1526,22,8
8923,1526,11,22
8924,1527,11,23
8925,1527,4,7
8926,1527,12,6
8927,1527,13,2
8928,1527,15,23
8929,1527,10,22
8930,1528,16,1
8931,1528,17,6
8932,1528,11,7
8933,1528,15,18
8934,1528,21,9
8935,1528,10,3
8936,1528,9,7
8937,1528,11,2
8938,1529,9,24
8939,1529,4,20
8940,1529,4,7
8941,1529,16,10
8942,1529,20,18
8943,1529,13,6
8944,1529,20,8
8945,1530,13,2
8946,1530,4,14
8947,1530,14,21
8948,1530,14,4
8949,1530,0,15
8950,1531,0,4
8951,1531,2,6
8952,1531,24,12
8953,1531,3,23
8954,1531,5,23
8955,1531,5,18
8956,1531,0,22
8957,1531,12,2
8958,1531,7,15
8959,1532,6,22
8960,1532,24,22
8961,1532,17,2
8962,1532,4,17
8963,1532,3,5
8964,1532,17,1
8965,1533,10,8
8966,1533,9,22
8967,1533,0,3
8968,1533,2,10
8969,1533,4,16
8970,1533,23,2
8971,1534,21,15
8972,1534,0,3
8973,1534,18,6
8974,1534,6,9
8975,1534,8,15
8976,1535,11,18
8977,1535,14,7
8978,1535,7,21
8979,1535,20,19
8980,1535,12,16
8981,1535,0,10
8982,1536,0,11
8983,1536,10,14
8984,1536,20,18
8985,1536,4,23
8986,1536,12,19
8987,1536,19,5
8988,1536,0,22
8989,1537,2,9
8990,1537,7,18
8991,1537,22,19
8992,1537,0,20
8993,1537,11,9
8994,1537,6,20
8995,1537,16,1
8996,1537,5,11
8997,1537,11,8
8998,1537,3,13
8999,1537,4,24
9000,1538,16,5
9001,1538,0,14
9002,1538,6,2
9003,1539,16,2
9004,1539,1,18
9005,1539,20,10
9006,1539,2,8
9007,1539,18,0
9008,1540,13,17
9009,1540,9,22
9010,1540,9,3
9011,1540,5,23
9012,1540,7,20
9013,1541,0,14
9014,1541,8,18
9015,1541,2,24
9016,1541,8,10
9017,1541,2,15
9018,1542,12,8
9019,1542,6,22
9020,1542,11,22
9021,1542,23,21
9022,1542,15,12
9023,1542,19,11
9024,1542,17,20
9025,1542,0,6
9026,1542,10,13
9027,1543,13,5
9028,1543,9,24
9029,1543,13,23
9030,1543,3,15
9031,1543,3,24
9032,1544,1,18
9033,1544,0,13
9034,1544,14,4
9035,1544,19,1
9036,1544,17,13
9037,1544,18,21
9038,1544,14,5
9039,1545,2,18
9040,1545,1,11
9041,1545,18,4
9042,1545,14,24
9043,1545,22,19
9044,1545,6,20
9045,1545,3,17
9046,1546,4,10
9047,1546,5,18
9048,1546,23,12
9049,1547,15,3
9050,1547,15,3
9051,1547,20,19
9052,1547,14,23
9053,1547,21,1
9054,1548,23,21
9055,1548,21,5
9056,1548,14,0
9057,1548,10,13
9058,1548,18,22
9059,1548,7,14
9060,1548,22,7
9061,1549,18,11
9062,1549,0,14
9063,1549,7,3
9064,1549,17,23
9065,1549,4,22
9066,1549,20,0
9067,1549,12,2
9068,1550,11,4
9069,1550,23,2
9070,1551,6,19
9071,1551,18,5
9072,1551,3,6
9073,1551,20,10
9074,1551,18,2
9075,1552,9,12
9076,1552,11,2
9077,1552,5,4
9078,1552,8,19
9079,1552,0,21
9080,1553,11,17
9081,1553,9,11
9082,1553,21,5
9083,1553,19,7
9084,1553,15,1
9085,1553,7,1
9086,1553,20,3
9087,1553,17,4
9088,1554,8,2
9089,1554,20,24
9090,1554,12,0
9091,1554,3,23
9092,1554,1,7
9093,1554,12,18
9094,1555,7,23
9095,1555,12,22
9096,1555,21,3
9097,1555,7,14
9098,1555,7,20
9099,1555,3,24
9100,1555,10,4
9101,1556,17,1
9102,1556,7,23
9103,1556,10,7
9104,1556,3,6
9105,1556,9,23
9106,1556,19,15
9107,1556,13,23
9108,1556,0,16
9109,1557,18,5
9110,1557,10,2
9111,1557,1,21
9112,1557,13,11
9113,1557,16,3
9114,1557,6,9
9115,1557,12,22
9116,1557,19,8
9117,1557,19,22
9118,1558,22,1
9119,1558,5,2
9120,1558,24,5
9121,1558,7,18
9122,1558,10,24
9123,1558,20,9
9124,1558,13,23
9125,1558,15,18
9126,1559,5,15
9127,1559,19,16
9128,1559,17,13
9129,1559,10,22
9130,1559,24,20
9131,1559,10,16
9132,1560,16,12
9133,1560,16,3
9134,1560,8,17
9135,1560,22,0
9136,1560,23,2
9137,1561,15,0
9138,1561,0,15
9139,1561,16,23
9140,1561,17,3
9141,1562,16,1
9142,1562,14,24
9143,1562,19,23
9144,1563,2,23
9145,1563,10,16
9146,1563,10,3
9147,1563,12,9
9148,1564,15,6
9149,1564,20,17
9150,1564,22,7
9151,1564,15,19
9152,1564,22,9
9153,1564,0,23
9154,1565,13,16
9155,1565,9,21
9156,1565,7,15
9157,1565,8,20
9158,1565,14,2
9159,1565,13,0
9160,1565,20,11
9161,1566,18,0
9162,1566,18,16
9163,1566,1,24
9164,1566,11,20
9165,1566,8,12
9166,1566,15,7
9167,1566,21,24
9168,1566,1,18
9169,1567,20,9
9170,1567,15,13
9171,1567,0,8
9172,1567,2,12
9173,1567,18,10
9174,1567,3,10
9175,1567,24,1
9176,1568,7,24
9177,1568,16,20
9178,1568,21,15
9179,1568,16,5
9180,1569,3,12
9181,1569,20,13
9182,1570,9,3
9183,1571,8,24
9184,1571,20,14
9185,1571,9,12
9186,1571,21,11
9187,1571,23,7
9188,1571,1,10
9189,1571,18,24
9190,1572,14,8
9191,1572,21,11
9192,1572,7,24
9193,1572,2,10
9194,1572,4,0
9195,1572,5,4
9196,1572,1,12
9197,1573,13,3
9198,1573,22,15
9199,1573,0,22
9200,1573,1,22
9201,1573,7,16
9202,1573,24,15
9203,1573,3,19
9204,1573,15,4
9205,1573,2,13
9206,1574,9,24
9207,1574,0,7
9208,1574,7,15
9209,1574,15,13
9210,1574,23,11
9211,1574,11,19
9212,1575,11,17
9213,1575,0,21
9214,1575,18,24
9215,1575,2,21
9216,1575,21,8
9217,1575,9,3
9218,1575,19,11
9219,1575,11,20
9220,1575,14,4
9221,1575,24,9
9222,1575,10,8
9223,1575,8,5
9224,1575,0,20
9225,1575,23,3
9226,1575,24,4
9227,1576,4,10
9228,1576,19,5
9229,1576,5,1
9230,1577,16,5
9231,1577,9,3
9232,1577,1,7
9233,1577,1,12
9234,1577,23,4
9235,1577,12,2
9236,1577,6,4
9237,1578,22,8
9238,1578,16,13
9239,1578,8,2
9240,1578,6,21
9241,1578,17,0
9242,1578,18,24
9243,1578,14,15
9244,1578,1,18
9245,1578,10,9
9246,1578,24,12
9247,1579,16,3
9248,1579,3,10
9249,1579,6,13
9250,1579,15,14
9251,1579,3,14
9252,1579,8,6
9253,1580,5,20
9254,1581,6,12
9255,1581,7,9
9256,1581,18,7
9257,1581,11,19
9258,1581,3,12
9259,1581,13,20
9260,1581,3,11
9261,1582,13,6
9262,1582,8,10
9263,1582,5,2
9264,1582,3,21
9265,1582,9,0
9266,1582,10,23
9267,1582,16,4
9268,1582,17,10
9269,1582,22,18
9270,1583,10,12
9271,1584,21,17
9272,1584,9,22
9273,1584,19,21
9274,1584,10,9
9275,1584,8,24
9276,1584,3,9
9277,1584,16,5
9278,1584,3,0
9279,1584,6,18
9280,1584,11,14
9281,1585,18,9
9282,1585,13,2
9283,1585,11,2
9284,1586,6,21
9285,1587,2,13
9286,1587,15,17
9287,1587,19,20
9288,1587,3,10
9289,1587,3,10
9290,1587,23,21
9291,1587,8,0
9292,1588,11,18
9293,1588,1,19
9294,1588,24,16
9295,1589,20,19
9296,1589,7,18
9297,1589,0,8
9298,1589,20,8
9299,1589,12,8
9300,1589,14,10
9301,1589,2,18
9302,1590,14,1
9303,1590,22,3
9304,1590,4,2
9305,1590,10,17
9306,1591,20,10
9307,1591,19,21
9308,1591,21,5
9309,1591,11,2
9310,1592,5,19
9311,1592,2,17
9312,1592,0,22
9313,1592,2,20
9314,1592,4,24
9315,1592,8,22
9316,1593,13,23
9317,1593,5,19
9318,1593,22,12
9319,1593,4,8
9320,1593,21,15
9321,1593,11,14
9322,1594,5,9
9323,1594,14,2
9324,1594,4,0
9325,1594,16,18
9326,1594,22,7
9327,1594,7,10
9328,1594,21,4
9329,1594,14,21
9330,1594,11,15
9331,1595,2,20
9332,1595,2,18
9333,1595,20,10
9334,1595,1,7
9335,1595,23,12
9336,1595,1,10
9337,1595,15,13
9338,1595,17,14
9339,1595,13,6
9340,1595,8,24
9341,1596,17,13
9342,1596,1,10
9343,1596,9,21
9344,1596,9,13
9345,1596,16,20
9346,1596,19,10
9347,1596,20,16
9348,1596,18,10
9349,1596,10,2
9350,1597,6,10
9351,1597,7,15
9352,1597,19,10
9353,1597,23,6
9354,1598,10,8
9355,1598,21,1
9356,1598,11,3
9357,1598,18,5
9358,1598,15,1
9359,1598,3,1
9360,1598,16,13
9361,1598,2,14
9362,1599,5,18
9363,1599,10,2
9364,1599,13,21
9365,1600,9,24
9366,1600,10,22
9367,1600,1,15
9368,1601,3,21
9369,1601,21,19
9370,1601,20,5
9371,1602,17,3
9372,1602,19,10
9373,1602,6,9
9374,1602,2,6
9375,1602,3,9
9376,1602,15,24
9377,1603,7,21
9378,1603,7,3
9379,1603,11,4
9380,1603,0,24
9381,1603,16,6
9382,1603,18,15
9383,1603,7,15
9384,1603,3,23
9385,1604,15,11
9386,1604,15,13
9387,1604,4,19
9388,1604,7,10
9389,1604,11,24
9390,1604,21,18
9391,1604,11,24
9392,1605,18,11
9393,1605,11,4
9394,1605,14,8
9395,1605,1,7
9396,1605,1,4
9397,1605,15,0
9398,1605,9,17
9399,1605,20,4
9400,1606,17,20
9401,1606,14,23
9402,1606,4,7
9403,1606,23,6
9404,1606,21,15
9405,1607,7,3
9406,1607,16,18
9407,1608,23,21
9408,1608,22,13
9409,1608,3,12
9410,1608,6,17
9411,1608,11,2
9412,1608,12,19
9413,1609,10,0
9414,1609,1,8
9415,1609,13,2
9416,1609,0,11
9417,1609,12,18
9418,1610,17,10
9419,1610,16,6
9420,1610,15,3
9421,1610,22,2
9422,1610,5,17
9423,1610,4,12
9424,1610,19,21
9425,1611,6,16
9426,1612,6,10
9427,1612,7,16
9428,1612,22,3
9429,1612,9,5
9430,1612,4,15
9431,1612,4,5
9432,1612,19,17
9433,1612,20,8
9434,1612,1,12
9435,1613,3,14
9436,1613,24,18
9437,1614,15,23
9438,1615,11,4
9439,1615,22,4
9440,1615,14,11
9441,1615,13,23
9442,1615,4,0
9443,1615,19,22
9444,1615,15,5
9445,1615,4,10
9446,1615,2,17
9447,1616,1,21
9448,1616,11,13
9449,1616,6,16
9450,1616,23,2
9451,1617,15,12
9452,1617,13,0
9453,1617,12,1
9454,1617,22,14
9455,1617,0,7
9456,1617,21,6
9457,1617,13,4
9458,1618,22,1
9459,1618,13,1
9460,1618,15,21
9461,1618,21,7
9462,1619,8,0
9463,1619,0,6
9464,1619,3,11
9465,1619,6,3
9466,1619,22,18
9467,1619,0,13
9468,1619,18,4
9469,1619,21,11
9470,1619,10,14
9471,1619,15,2
9472,1620,18,16
9473,1620,1,8
9474,1620,23,8
9475,1620,17,0
9476,1620,2,18
9477,1620,17,19
9478,1621,11,0
9479,1621,22,14
9480,1621,17,7
9481,1621,17,7
9482,1622,16,18
9483,1622,10,14
9484,1622,14,3
9485,1622,19,20
9486,1622,21,10
9487,1622,8,21
9488,1622,6,22
9489,1622,20,18
9490,1622,15,2
9491,1623,14,7
9492,1623,10,7
9493,1624,6,17
9494,1624,23,5
9495,1624,17,6
9496,1624,4,10
9497,1624,4,18
9498,1624,14,22
9499,1624,13,5
9500,1624,23,13
9501,1625,2,23
9502,1625,6,10
9503,1625,6,12
9504,1625,19,17
9505,1626,8,15
9506,1626,7,18
9507,1626,1,21
9508,1626,2,4
9509,1626,11,9
9510,1626,20,1
9511,1626,21,23
9512,1626,1,17
9513,1627,12,24
9514,1627,4,12
9515,1627,23,1
9516,1627,10,1
9517,1627,17,21
9518,1628,8,1
9519,1628,11,0
9520,1628,15,24
9521,1628,10,7
9522,1628,5,16
9523,1629,22,2
9524,1629,14,22
9525,1629,15,13
9526,1629,19,10
9527,1629,23,6
9528,1630,17,9
9529,1630,7,16
9530,1631,1,14
9531,1631,14,21
9532,1631,24,21
9533,1631,8,16
9534,1631,15,14
9535,1631,5,8
9536,1631,18,3
9537,1631,1,18
9538,1631,0,10
9539,1632,15,0
9540,1632,9,11
9541,1632,7,17
9542,1632,24,5
9543,1632,12,14
9544,1633,17,2
9545,1633,3,10
9546,1633,16,20
9547,1633,15,1
9548,1633,17,19
9549,1633,10,4
9550,1634,6,23
9551,1634,22,2
9552,1634,4,22
9553,1634,12,22
9554,1634,15,23
9555,1635,24,10
9556,1635,11,20
9557,1635,22,9
9558,1635,10,18
9559,1635,18,3
9560,1635,18,8
9561,1635,22,12
9562,1635,20,0
9563,1636,2,16
9564,1636,0,22
9565,1636,10,16
9566,1637,23,2
9567,1637,5,23
9568,1637,5,9
9569,1638,14,15
9570,1638,6,24
9571,1638,7,20
9572,1638,5,15
9573,1638,12,21
9574,1638,0,16
9575,1638,22,4
9576,1639,21,15
9577,1639,1,18
9578,1639,9,5
9579,1639,23,15
9580,1639,17,13
9581,1640,19,1
9582,1640,12,4
9583,1640,7,14
9584,1640,24,1
9585,1640,2,13
9586,1640,6,10
9587,1641,3,6
9588,1641,20,4
9589,1641,7,20
9590,1641,21,13
9591,1641,19,17
9592,1641,1,15
9593,1641,11,22
9594,1641,3,1
9595,1641,20,5
9596,1642,4,1
9597,1642,9,12
9598,1642,23,4
9599,1642,10,21
9600,1642,15,7
9601,1642,11,5
9602,1642,9,2
9603,1643,8,19
9604,1644,13,4
9605,1644,7,21
9606,1644,7,22
9607,1644,21,9
9608,1644,14,5
9609,1645,18,20
9610,1645,21,7
9611,1646,8,21
9612,1646,22,9
9613,1646,20,7
9614,1646,20,12
9615,1646,12,8
9616,1646,3,1
9617,1646,1,11
9618,1647,20,0
9619,1647,11,17
9620,1647,14,2
9621,1648,7,20
9622,1648,18,0
9623,1648,4,16
9624,1648,6,12
9625,1648,1,18
9626,1648,15,12
9627,1649,6,23
9628,1649,17,8
9629,1649,1,10
9630,1649,9,18
9631,1649,18,6
9632,1649,1,17
9633,1650,24,10
9634,1650,13,20
9635,1650,18,5
9636,1650,7,17
9637,1650,14,17
9638,1650,18,7
9639,1651,12,8
9640,1651,10,22
9641,1651,3,9
9642,1651,17,8
9643,1652,21,3
9644,1652,14,5
9645,1652,7,23
9646,1652,21,2
9647,1652,8,4
9648,1652,1,12
9649,1652,8,17
9650,1652,8,22
9651,1652,5,13
9652,1652,9,12
9653,1653,19,23
9654,1653,7,15
9655,1653,13,0
9656,1653,14,1
9657,1653,3,10
9658,1653,14,21
9659,1653,21,23
9660,1653,24,2
9661,1653,14,20
9662,1654,17,10
9663,1654,21,7
9664,1654,16,3
9665,1654,5,15
9666,1655,3,13
9667,1655,19,9
9668,1655,10,16
9669,1656,3,10
9670,1656,23,13
9671,1656,8,15
9672,1656,9,16
9673,1656,13,6
9674,1656,2,6
9675,1657,12,3
9676,1657,20,23
9677,1657,10,17
9678,1657,23,11
9679,1657,3,19
9680,1657,7,0
9681,1657,24,3
9682,1657,6,24
9683,1657,24,2
9684,1657,5,13
9685,1658,8,1
9686,1658,20,18
9687,1658,12,9
9688,1658,16,10
9689,1659,5,3
9690,1659,9,1
9691,1659,15,13
9692,1659,24,12
9693,1659,24,0
9694,1660,22,5
9695,1660,14,23
9696,1660,11,0
9697,1660,24,21
9698,1660,14,11
9699,1660,2,14
9700,1660,7,15
9701,1660,18,24
9702,1660,9,5
9703,1661,21,8
9704,1661,13,23
9705,1661,2,23
9706,1661,22,9
9707,1661,14,16
9708,1661,18,2
9709,1661,8,12
9710,1661,16,24
9711,1662,21,8
9712,1662,7,13
9713,1662,1,7
9714,1662,22,16
9715,1662,3,12
9716,1662,23,3
9717,1662,10,2
9718,1663,7,1
9719,1663,9,16
9720,1663,0,8
9721,1663,23,10
9722,1663,3,19
9723,1663,3,7
9724,1664,8,15
9725,1664,23,8
9726,1664,6,23
9727,1664,22,20
9728,1664,5,19
9729,1664,18,9
9730,1664,18,22
9731,1664,8,2
9732,1665,16,3
9733,1665,21,23
9734,1665,6,14
9735,1665,18,0
9736,1665,4,22
9737,1665,15,1
9738,1665,15,3
9739,1666,16,5
9740,1666,19,7
9741,1666,12,8
9742,1666,15,8
9743,1666,0,24
9744,1666,22,13
9745,1666,0,20
9746,1666,1,4
9747,1666,4,2
9748,1667,0,8
9749,1667,16,8
9750,1667,2,22
9751,1667,14,10
9752,1667,15,14
9753,1667,13,21
9754,1667,10,18
9755,1667,9,10
9756,1668,5,23
9757,1668,17,11
9758,1668,2,4
9759,1669,11,1
9760,1669,7,5
9761,1669,11,19
9762,1669,1,10
9763,1669,21,6
9764,1670,18,16
9765,1670,13,11
9766,1670,17,9
9767,1671,17,11
9768,1671,17,4
9769,1671,9,24
9770,1671,1,14
9771,1671,24,3
9772,1671,18,22
9773,1671,8,15
9774,1671,4,6
9775,1672,1,16
9776,1672,23,14
9777,1672,18,11
9778,1672,12,14
9779,1672,8,17
9780,1673,19,23
9781,1674,24,0
9782,1674,21,14
9783,1674,9,0
9784,1674,10,24
9785,1675,2,14
9786,1676,18,0
9787,1676,7,16
9788,1676,10,3
9789,1676,1,9
9790,1676,6,21
9791,1676,14,1
9792,1676,24,3
9793,1676,7,24
9794,1677,5,8
9795,1677,1,14
9796,1677,1,24
9797,1677,9,11
9798,1677,10,0
9799,1678,15,22
9800,1678,9,1
9801,1679,8,24
9802,1679,5,23
9803,1679,4,17
9804,1679,14,11
9805,1679,19,8
9806,1679,1,23
9807,1679,18,15
9808,1679,24,18
9809,1680,5,23
9810,1680,2,6
9811,1680,9,3
9812,1680,13,21
9813,1680,13,22
9814,1680,24,2
9815,1680,20,16
9816,1680,24,2
9817,1680,22,20
9818,1681,9,5
9819,1681,16,8
9820,1681,11,7
9821,1681,24,1
9822,1682,14,22
9823,1682,17,7
9824,1682,19,1
9825,1682,6,23
9826,1682,2,5
9827,1682,19,11
9828,1682,21,1
9829,1682,3,16
9830,1683,2,15
9831,1683,21,7
9832,1683,16,3
9833,1683,3,18
9834,1683,17,3
9835,1683,10,23
9836,1684,18,10
9837,1684,3,9
9838,1684,5,14
9839,1684,2,15
9840,1684,16,12
9841,1684,12,4
9842,1684,21,23
9843,1684,17,13
9844,1684,16,12
9845,1684,8,21
9846,1685,18,12
9847,1685,20,13
9848,1685,15,18
9849,1685,24,18
9850,1685,2,17
9851,1685,21,19
9852,1685,5,23
9853,1685,0,16
9854,1686,10,4
9855,1686,7,24
9856,1686,23,4
9857,1686,23,1
9858,1686,24,7
9859,1687,21,4
9860,1687,23,11
9861,1687,7,9
9862,1687,3,1
9863,1687,1,11
9864,1687,23,16
9865,1687,18,5
9866,1687,19,16
9867,1687,2,19
9868,1688,3,19
9869,1688,2,19
9870,1688,5,15
9871,1688,6,14
9872,1688,10,19
9873,1689,22,24
9874,1689,22,18
9875,1689,10,9
9876,1689,15,23
9877,1689,20,6
9878,1689,15,18
9879,1689,4,1
9880,1689,17,9
9881,1689,9,24
9882,1689,4,2
9883,1689,15,18
9884,1689,0,22
9885,1690,24,10
9886,1690,21,11
9887,1690,12,10
9888,1690,11,18
9889,1690,1,3
9890,1690,2,8
9891,1690,24,22
9892,1690,0,13
9893,1690,21,9
9894,1691,0,21
9895,1691,20,14
9896,1691,2,11
9897,1691,22,6
9898,1692,12,6
9899,1692,17,8
9900,1692,0,11
9901,1692,10,2
9902,1692,10,19
9903,1692,15,12
9904,1693,4,20
9905,1693,2,4
9906,1693,10,8
9907,1693,8,22
9908,1694,9,5
9909,1694,6,8
9910,1694,15,21
9911,1694,20,10
9912,1694,14,11
9913,1695,16,18
9914,1695,12,15
9915,1695,6,8
9916,1695,20,23
9917,1695,2,12
9918,1695,10,16
9919,1695,23,5
9920,1695,0,20
9921,1696,23,9
9922,1696,12,15
9923,1696,6,10
9924,1696,24,8
9925,1696,4,7
9926,1696,7,0
9927,1696,0,4
9928,1697,3,1
9929,1698,5,15
9930,1698,12,8
9931,1698,5,24
9932,1698,1,8
9933,1698,12,16
9934,1698,0,16
9935,1698,21,4
9936,1698,3,22
9937,1699,10,2
9938,1699,14,6
9939,1699,13,11
9940,1699,15,1
9941,1699,18,11
9942,1700,13,7
9943,1700,14,24
9944,1700,12,24
9945,1700,21,18
9946,1700,6,17
9947,1700,10,19
9948,1701,4,19
9949,1701,3,0
9950,1701,10,7
9951,1701,11,7
9952,1701,24,4
9953,1701,6,3
9954,1701,15,21
9955,1702,5,18
9956,1702,13,24
9957,1702,2,12
9958,1702,22,1
9959,1702,0,2
9960,1702,18,4
9961,1703,8,6
9962,1703,13,5
9963,1703,22,16
9964,1703,1,13
9965,1703,24,14
9966,1703,3,22
9967,1703,2,5
9968,1703,4,15
9969,1703,23,19
9970,1703,1,8
9971,1703,18,1
9972,1703,13,15
9973,1704,9,5
9974,1704,23,2
9975,1704,6,10
9976,1704,13,0
9977,1704,20,8
9978,1704,16,5
9979,1704,7,18
9980,1705,23,13
9981,1705,0,2
9982,1705,14,8
9983,1705,22,20
9984,1705,19,17
9985,1705,22,18
9986,1705,2,0
9987,1706,5,9
9988,1706,21,9
9989,1706,14,0
9990,1706,23,9
9991,1706,12,8
9992,1707,18,14
9993,1707,0,9
9994,1707,23,12
9995,1707,19,22
9996,1707,17,10
9997,1707,1,16
9998,1708,13,19
9999,1708,2,16
10000,1708,5,11
10001,1708,23,17
10002,1708,1,9
10003,1709,4,17
10004,1709,14,8
10005,1709,17,6
10006,1709,22,2
10007,1709,8,23
10008,1710,10,8
10009,1710,11,19
10010,1710,0,24
10011,1710,22,20
10012,1710,12,10
10013,1710,1,17
10014,1711,19,16
10015,1711,2,24
10016,1711,3,13
10017,1711,12,22
10018,1711,4,19
10019,1711,9,20
10020,1711,14,17
10021,1711,6,3
10022,1711,19,11
10023,1712,10,1
10024,1712,24,6
10025,1712,14,20
10026,1712,14,7
10027,1713,16,23
10028,1713,24,12
10029,1714,21,7
10030,1714,2,23
10031,1714,8,19
10032,1714,6,9
10033,1714,22,14
10034,1715,9,5
10035,1715,0,15
10036,1715,3,23
10037,1715,10,2
10038,1715,9,13
10039,1715,9,19
10040,1715,16,19
10041,1716,15,11
10042,1716,4,14
10043,1716,3,7
10044,1716,16,5
10045,1717,8,4
10046,1717,11,3
10047,1717,0,13
10048,1718,7,3
10049,1718,11,8
10050,1718,19,22
10051,1718,1,21
10052,1718,5,18
10053,1718,16,1
10054,1718,23,11
10055,1718,16,23
10056,1718,17,7
10057,1719,24,6
10058,1719,23,3
10059,1719,19,0
10060,1719,1,9
10061,1720,2,22
10062,1720,12,4
10063,1720,24,15
10064,1720,6,0
10065,1720,11,15
10066,1720,2,18
10067,1720,13,6
10068,1721,18,15
10069,1721,5,1
10070,1721,18,2
10071,1721,6,15
10072,1721,6,21
10073,1722,23,2
10074,1722,3,19
10075,1722,12,0
10076,1722,24,17
10077,1722,1,12
10078,1723,24,5
10079,1723,9,6
10080,1723,17,6
10081,1723,7,16
10082,1723,16,18
10083,1723,19,21
10084,1723,24,13
10085,1723,2,4
10086,1723,7,23
10087,1724,13,3
10088,1724,14,8
10089,1724,0,3
10090,1724,22,1
10091,1724,17,23
10092,1724,9,11
10093,1724,7,3
10094,1724,21,1
10095,1724,7,11
10096,1724,7,10
10097,1724,0,18
10098,1725,13,1
10099,1725,4,7
10100,1725,21,8
10101,1725,14,5
10102,1725,5,16
10103,1726,14,0
10104,1726,20,3
10105,1726,15,23
10106,1726,3,23
10107,1726,11,3
10108,1727,15,3
10109,1727,17,19
10110,1727,15,8
10111,1727,15,9
10112,1727,20,3
10113,1728,24,10
10114,1728,15,5
10115,1728,8,10
10116,1728,6,18
10117,1728,20,22
10118,1729,8,6
10119,1729,11,7
10120,1729,12,14
10121,1729,22,1
10122,1729,17,21
10123,1729,6,12
10124,1729,17,9
10125,1729,24,20
10126,1729,1,7
10127,1729,22,9
10128,1729,0,22
10129,1730,24,14
10130,1730,13,6
10131,1730,22,20
10132,1730,13,9
10133,1730,5,15
10134,1730,1,22
10135,1730,13,5
10136,1730,24,22
10137,1730,19,4
10138,1730,6,17
10139,1730,13,5
10140,1731,1,16
10141,1731,7,20
10142,1731,12,1
10143,1731,1,11
10144,1731,8,2
10145,1732,3,24
10146,1732,2,8
10147,1732,6,10
10148,1732,10,0
10149,1732,11,19
10150,1732,14,6
10151,1732,8,11
10152,1732,3,14
10153,1733,8,2
10154,1733,7,19
10155,1733,13,19
10156,1733,3,17
10157,1733,18,12
10158,1733,4,11
10159,1733,5,11
10160,1734,20,18
10161,1734,3,10
10162,1734,15,18
10163,1734,24,3
10164,1734,11,20
10165,1735,7,20
10166,1735,11,1
10167,1735,10,2
10168,1736,8,14
10169,1736,18,12
10170,1736,2,21
10171,1736,19,21
10172,1736,5,15
10173,1736,9,1
10174,1736,6,15
10175,1736,12,4
10176,1737,24,22
10177,1737,7,3
10178,1737,3,24
10179,1737,16,4
10180,1737,20,7
10181,1738,22,13
10182,1738,16,1
10183,1738,13,21
10184,1738,20,6
10185,1739,3,20
10186,1739,9,3
10187,1739,6,17
10188,1740,24,7
10189,1740,4,1
10190,1740,20,0
10191,1740,24,1
10192,1741,15,11
10193,1742,17,3
10194,1742,21,18
10195,1742,17,15
10196,1742,15,8
10197,1742,2,17
10198,1742,11,5
10199,1742,0,9
10200,1743,1,15
10201,1743,8,23
10202,1743,14,24
10203,1743,13,23
10204,1743,16,8
10205,1744,13,1
10206,1745,22,9
10207,1745,11,3
10208,1745,5,15
10209,1746,1,17
10210,1746,19,21
10211,1747,16,7
10212,1747,11,17
10213,1747,17,9
10214,1747,8,2
10215,1748,2,21
10216,1748,21,19
10217,1748,7,22
10218,1748,21,9
10219,1749,8,11
10220,1749,9,21
10221,1749,7,11
10222,1749,18,8
10223,1749,18,14
10224,1749,9,18
10225,1749,23,12
10226,1749,5,11
10227,1749,16,8
10228,1750,13,17
10229,1750,15,14
10230,1750,5,7
10231,1750,12,2
10232,1750,24,2
10233,1750,10,17
10234,1750,9,22
10235,1751,7,20
10236,1751,11,15
10237,1751,11,1
10238,1752,12,23
10239,1752,22,19
10240,1753,14,15
10241,1753,22,5
10242,1753,10,24
10243,1753,16,9
10244,1753,21,15
10245,1754,11,3
10246,1754,6,13
10247,1754,18,1
10248,1754,20,18
10249,1755,13,4
10250,1755,6,4
10251,1755,4,21
10252,1755,3,12
10253,1755,24,5
10254,1755,24,17
10255,1755,15,0
10256,1755,24,20
10257,1755,23,12
10258,1755,20,17
10259,1755,0,20
10260,1756,9,5
10261,1756,20,13
10262,1756,2,16
10263,1756,17,23
10264,1756,24,22
10265,1756,8,5
10266,1756,12,4
10267,1757,4,6
10268,1757,13,10
10269,1757,20,13
10270,1757,4,22
10271,1757,10,20
10272,1757,11,3
10273,1757,4,17
10274,1758,14,22
10275,1758,11,15
10276,1758,17,9
10277,1758,4,20
10278,1759,21,0
10279,1759,18,20
10280,1759,22,9
10281,1760,9,7
10282,1760,11,23
10283,1760,1,12
10284,1760,23,2
10285,1761,4,8
10286,1761,13,0
10287,1761,24,3
10288,1761,21,9
10289,1761,16,9
10290,1761,19,9
10291,1761,13,1
10292,1762,13,23
10293,1762,7,1
10294,1763,22,5
10295,1763,23,15
10296,1763,15,13
10297,1763,10,1
10298,1763,3,13
10299,1763,14,1
10300,1763,1,16
10301,1763,4,17
10302,1763,4,10
10303,1764,21,3
10304,1764,11,5
10305,1764,13,10
10306,1765,6,12
10307,1765,16,14
10308,1765,24,12
10309,1765,14,10
10310,1765,20,13
10311,1765,16,12
10312,1765,4,14
10313,1765,1,3
10314,1765,13,10
10315,1765,19,5
10316,1766,2,18
10317,1766,11,4
10318,1766,24,10
10319,1766,9,20
10320,1766,14,4
10321,1766,21,19
10322,1767,22,11
10323,1767,9,0
10324,1767,21,19
10325,1767,3,20
10326,1767,14,3
10327,1767,23,2
10328,1767,9,20
10329,1767,4,14
10330,1767,5,19
10331,1768,3,21
10332,1768,5,23
10333,1768,11,17
10334,1768,14,22
10335,1768,22,12
10336,1768,11,7
10337,1769,8,11
10338,1769,12,23
10339,1769,3,11
10340,1769,6,16
10341,1769,7,10
10342,1769,0,23
10343,1770,2,21
10344,1770,18,5
10345,1770,13,21
10346,1770,15,14
10347,1770,14,17
10348,1770,8,4
10349,1770,13,16
10350,1770,1,15
10351,1770,18,7
10352,1770,14,1
10353,1771,16,23
10354,1771,21,13
10355,1771,22,20
10356,1771,9,23
10357,1771,12,23
10358,1771,23,16
10359,1771,18,2
10360,1772,18,16
10361,1772,7,23
10362,1772,0,3
10363,1772,23,10
10364,1772,24,14
10365,1772,8,1
10366,1773,7,22
10367,1773,24,18
10368,1773,14,18
10369,1773,10,3
10370,1773,13,16
10371,1774,23,1
10372,1774,0,3
10373,1774,17,2
10374,1774,0,10
10375,1774,24,15
10376,1774,16,13
10377,1774,23,5
10378,1775,20,24
10379,1775,6,21
10380,1775,15,5
10381,1775,8,20
10382,1775,23,7
10383,1775,1,19
10384,1775,20,23
10385,1776,7,15
10386,1776,9,2
10387,1776,7,4
10388,1776,10,2
10389,1777,11,1
10390,1777,22,19
10391,1777,14,3
10392,1778,21,19
10393,1778,18,4
10394,1778,1,3
10395,1778,14,15
10396,1778,9,7
10397,1778,7,3
10398,1778,13,7
10399,1778,5,3
10400,1778,18,2
10401,1779,21,14
10402,1779,7,24
10403,1779,5,8
10404,1779,13,20
10405,1779,7,13
10406,1779,0,14
10407,1780,6,12
10408,1780,2,21
10409,1780,21,0
10410,1781,3,16
10411,1781,21,2
10412,1781,14,6
10413,1781,18,2
10414,1782,17,6
10415,1783,3,17
10416,1783,0,22
10417,1783,1,23
10418,1783,10,22
10419,1783,16,12
10420,1784,23,7
10421,1784,20,3
10422,1784,22,0
10423,1784,5,18
10424,1784,3,12
10425,1784,16,24
10426,1784,13,9
10427,1784,23,7
10428,1784,16,0
10429,1784,18,20
10430,1784,17,9
10431,1784,18,20
10432,1785,17,11
10433,1785,3,6
10434,1785,1,19
10435,1786,14,16
10436,1786,17,2
10437,1786,20,13
10438,1786,17,13
10439,1786,3,21
10440,1787,1,7
10441,1787,2,12
10442,1787,15,19
10443,1787,12,2
10444,1787,23,13
10445,1788,2,18
10446,1788,13,5
10447,1788,7,20
10448,1788,10,18
10449,1789,9,7
10450,1789,11,5
10451,1789,7,3
10452,1790,19,1
10453,1790,3,19
10454,1790,2,9
10455,1790,19,16
10456,1790,11,8
10457,1790,14,12
10458,1790,12,19
10459,1790,4,15
10460,1790,14,7
10461,1791,19,4
10462,1791,3,1
10463,1791,23,5
10464,1791,3,6
10465,1791,0,8
10466,1792,12,14
10467,1792,9,7
10468,1792,5,19
10469,1792,21,13
10470,1792,7,21
10471,1792,19,17
10472,1793,0,17
10473,1793,13,5
10474,1793,16,14
10475,1793,6,22
10476,1793,3,18
10477,1793,15,22
10478,1793,0,11
10479,1794,6,0
10480,1794,19,15
10481,1794,15,22
10482,1794,13,21
10483,1794,8,1
10484,1795,18,8
10485,1795,13,22
10486,1795,12,4
10487,1795,0,6
10488,1795,10,8
10489,1795,7,14
10490,1795,4,16
10491,1795,18,22
10492,1795,4,6
10493,1795,21,4
10494,1795,5,9
10495,1795,3,1
10496,1795,9,24
10497,1795,23,15
10498,1796,9,15
10499,1796,8,12
10500,1796,16,8
10501,1796,18,22
10502,1796,19,13
10503,1796,1,17
10504,1797,9,16
10505,1797,20,23
10506,1797,2,11
10507,1797,21,9
10508,1797,2,0
10509,1797,12,18
10510,1797,18,3
10511,1797,17,10
10512,1798,13,3
10513,1798,16,6
10514,1798,22,8
10515,1798,24,3
10516,1798,9,15
10517,1799,7,24
10518,1799,3,23
10519,1799,0,24
10520,1799,6,2
