veh_id,t_depart,origin,dest
0,0,24,5
1,0,14,11
2,0,5,12
3,0,14,22
4,0,24,14
5,0,21,23
6,1,2,6
7,1,14,3
8,1,12,14
9,1,5,12
10,1,11,24
11,1,23,21
12,1,23,19
13,2,18,24
14,2,7,22
15,2,22,20
16,2,13,24
17,3,7,18
18,3,3,11
19,3,4,6
20,3,13,0
21,3,9,10
22,3,16,14
23,3,11,13
24,4,3,20
25,4,20,19
26,4,1,7
27,4,16,4
28,4,15,4
29,4,20,7
30,4,19,21
31,4,5,22
32,4,15,6
33,4,6,16
34,4,10,17
35,4,2,11
36,5,20,24
37,5,20,4
38,5,5,12
39,5,21,14
40,6,12,19
41,6,20,8
42,6,7,15
43,7,9,13
44,7,7,20
45,7,4,8
46,7,23,17
47,7,6,4
48,7,5,7
49,8,10,6
50,8,5,19
51,8,22,1
52,8,3,18
53,8,16,1
54,9,17,2
55,9,24,15
56,9,0,20
57,9,21,13
58,9,16,0
59,9,17,2
60,9,1,18
61,9,11,7
62,9,2,20
63,9,21,7
64,10,16,22
65,10,14,23
66,10,24,10
67,10,3,12
68,10,1,3
69,10,11,7
70,10,7,3
71,10,13,15
72,10,12,15
73,10,17,13
74,11,24,17
75,11,15,1
76,11,17,3
77,11,5,9
78,11,13,21
79,11,1,7
80,11,22,0
81,12,10,7
82,12,22,8
83,12,21,0
84,12,20,11
85,12,0,6
86,12,19,3
87,12,9,22
88,12,7,9
89,12,14,1
90,13,21,15
91,13,22,24
92,14,0,22
93,14,4,17
94,14,3,23
95,14,2,23
96,15,6,16
97,15,5,22
98,15,21,10
99,15,14,4
100,15,1,10
101,15,11,17
102,15,14,3
103,15,22,11
104,15,22,3
105,16,15,11
106,17,2,21
107,18,12,8
108,18,7,20
109,18,1,24
110,18,1,22
111,18,15,14
112,18,14,16
113,18,2,5
114,18,3,14
115,19,18,11
116,19,21,0
117,19,7,17
118,19,1,9
119,19,8,2
120,20,24,0
121,20,10,22
122,20,21,11
123,20,21,3
124,20,19,7
125,20,20,3
126,20,5,21
127,20,20,8
128,21,13,9
129,21,10,19
130,21,0,11
131,21,11,9
132,21,20,3
133,21,2,20
134,22,11,17
135,22,22,12
136,23,13,21
137,23,2,15
138,23,12,21
139,23,2,13
140,23,2,9
141,24,7,10
142,24,22,1
143,24,16,13
144,24,20,16
145,24,9,7
146,25,17,2
147,25,17,24
148,25,23,7
149,25,22,12
150,26,20,0
151,26,24,17
152,26,9,22
153,26,23,1
154,27,21,4
155,27,9,13
156,28,24,9
157,28,8,18
158,28,9,11
159,28,12,16
160,28,12,14
161,28,13,2
162,29,21,18
163,29,1,3
164,29,19,1
165,29,8,10
166,29,20,10
167,29,1,8
168,29,1,14
169,29,20,11
170,30,4,18
171,30,11,20
172,30,8,20
173,30,8,10
174,30,23,0
175,30,24,15
176,30,23,20
177,30,0,18
178,30,19,23
179,31,18,14
180,31,21,7
181,31,21,3
182,31,18,20
183,31,14,17
184,32,15,19
185,32,0,21
186,32,19,21
187,32,21,13
188,32,10,1
189,32,23,13
190,32,5,24
191,32,14,2
192,33,20,23
193,33,22,7
194,33,21,11
195,33,14,17
196,33,17,14
197,33,20,17
198,33,6,4
199,34,23,13
200,34,13,15
201,35,4,13
202,35,22,16
203,35,2,13
204,35,17,0
205,35,15,11
206,35,14,15
207,36,12,18
208,36,24,16
209,36,10,6
210,36,6,14
211,36,11,9
212,36,5,1
213,36,20,8
214,37,17,7
215,37,16,7
216,37,9,15
217,37,2,13
218,37,22,12
219,37,23,8
220,37,1,11
221,37,16,23
222,37,17,20
223,38,1,9
224,38,17,23
225,38,12,19
226,38,9,2
227,38,9,19
228,38,14,5
229,38,5,9
230,39,2,19
231,40,23,9
232,41,22,12
233,41,23,0
234,41,13,4
235,42,5,20
236,42,19,5
237,42,14,2
238,42,5,14
239,42,13,7
240,42,1,14
241,42,11,14
242,43,0,18
243,43,0,11
244,43,22,0
245,43,22,20
246,43,23,21
247,44,24,6
248,44,4,0
249,44,22,12
250,44,8,1
251,44,21,0
252,45,18,15
253,46,21,15
254,46,17,8
255,46,11,15
256,46,23,15
257,47,21,7
258,47,17,19
259,47,5,1
260,47,22,11
261,47,5,17
262,47,21,19
263,48,18,3
264,48,22,8
265,48,0,12
266,48,4,23
267,48,14,0
268,49,22,15
269,49,6,10
270,49,18,15
271,49,2,23
272,49,7,21
273,49,9,21
274,49,8,21
275,49,23,20
276,50,3,11
277,50,11,4
278,50,12,22
279,50,15,19
280,50,19,12
281,50,5,13
282,50,21,17
283,50,11,9
284,51,3,6
285,51,12,10
286,51,10,16
287,51,1,15
288,51,20,13
289,52,21,18
290,52,1,13
291,52,16,2
292,52,8,18
293,53,8,12
294,53,5,3
295,53,22,9
296,53,4,14
297,54,10,4
298,54,22,2
299,54,23,20
300,54,23,19
301,54,4,22
302,54,22,19
303,55,19,1
304,55,9,22
305,55,23,8
306,55,8,14
307,55,23,17
308,55,21,23
309,55,8,22
310,55,22,0
311,55,1,12
312,56,4,11
313,56,12,10
314,56,2,5
315,56,1,21
316,56,20,23
317,56,21,14
318,56,5,18
319,56,5,21
320,56,1,24
321,56,2,8
322,57,0,24
323,57,0,10
324,57,22,12
325,57,14,18
326,57,19,20
327,57,5,2
328,58,11,17
329,58,16,8
330,58,14,4
331,58,15,2
332,58,5,13
333,58,4,6
334,58,16,0
335,59,9,23
336,59,15,14
337,59,3,17
338,59,0,7
339,59,13,2
340,59,9,15
341,59,10,14
342,59,0,22
343,59,9,2
344,60,17,24
345,60,13,17
346,60,22,11
347,60,11,23
348,60,11,1
349,61,4,24
350,61,0,6
351,61,20,17
352,62,7,17
353,62,15,8
354,62,20,12
355,62,13,20
356,62,12,15
357,62,22,3
358,62,1,5
359,62,14,21
360,63,14,16
361,63,12,9
362,63,13,19
363,63,22,6
364,63,10,23
365,64,12,24
366,64,10,23
367,64,23,13
368,64,0,13
369,64,16,4
370,64,16,22
371,64,21,13
372,65,21,18
373,65,1,23
374,65,3,7
375,65,19,5
376,66,2,22
377,66,9,11
378,66,10,0
379,66,10,2
380,66,19,16
381,66,7,10
382,66,13,10
383,67,23,14
384,67,17,11
385,67,2,24
386,67,6,22
387,67,9,24
388,67,23,13
389,68,17,3
390,68,19,16
391,68,16,14
392,68,13,1
393,68,6,8
394,68,22,19
395,68,17,10
396,69,7,21
397,69,24,20
398,69,24,6
399,69,5,23
400,69,13,2
401,70,2,10
402,70,24,10
403,71,5,9
404,71,5,23
405,71,7,3
406,71,7,1
407,71,5,14
408,71,8,18
409,71,22,16
410,71,6,0
411,72,14,1
412,72,0,19
413,72,10,22
414,72,17,19
415,73,4,17
416,73,6,10
417,73,14,4
418,73,9,17
419,73,24,14
420,73,18,21
421,74,14,18
422,74,7,14
423,74,5,7
424,74,8,14
425,74,0,2
426,74,1,9
427,75,3,0
428,75,24,17
429,75,12,6
430,75,15,23
431,75,24,13
432,76,19,17
433,76,18,14
434,76,18,20
435,76,22,2
436,76,14,10
437,76,17,4
438,77,13,10
439,77,10,7
440,77,5,8
441,77,0,7
442,77,17,11
443,77,1,16
444,77,20,22
445,77,19,1
446,77,8,4
447,77,2,10
448,78,10,21
449,78,13,15
450,78,20,3
451,79,12,8
452,79,17,15
453,79,18,16
454,79,7,20
455,79,18,6
456,79,17,15
457,79,2,22
458,79,1,20
459,79,14,15
460,80,19,17
461,80,10,2
462,80,4,13
463,80,23,20
464,81,4,0
465,81,10,18
466,81,17,3
467,81,2,11
468,81,23,0
469,82,3,10
470,82,14,6
471,82,14,6
472,82,0,19
473,82,4,11
474,82,17,20
475,82,20,17
476,83,2,17
477,83,0,21
478,83,13,4
479,83,13,3
480,84,19,2
481,84,22,7
482,84,13,21
483,84,16,22
484,84,15,7
485,85,19,7
486,85,16,2
487,85,8,17
488,86,13,20
489,86,9,17
490,86,8,2
491,86,2,14
492,86,4,1
493,86,0,9
494,87,17,11
495,87,9,0
496,87,22,10
497,87,21,10
498,87,23,14
499,87,23,14
500,87,3,7
501,87,7,19
502,88,11,19
503,88,16,20
504,88,4,17
505,88,20,4
506,89,6,18
507,89,2,21
508,90,11,22
509,90,10,0
510,90,19,0
511,90,20,22
512,90,11,1
513,90,12,19
514,90,23,20
515,91,23,5
516,91,21,17
517,91,9,21
518,91,4,24
519,92,0,10
520,92,18,4
521,92,14,17
522,92,19,10
523,92,9,0
524,92,15,6
525,92,1,11
526,92,16,24
527,92,5,4
528,93,24,16
529,93,17,2
530,93,4,21
531,93,24,20
532,93,21,11
533,93,16,12
534,93,3,11
535,93,23,16
536,94,24,1
537,94,8,16
538,94,11,5
539,94,0,14
540,95,15,19
541,95,6,23
542,95,5,15
543,95,7,15
544,95,2,19
545,95,17,6
546,95,0,6
547,96,18,2
548,96,13,0
549,96,18,14
550,96,9,20
551,96,16,14
552,96,3,21
553,96,21,18
554,96,17,9
555,97,23,12
556,97,11,1
557,97,15,11
558,97,4,5
559,97,22,20
560,97,20,16
561,97,1,8
562,98,5,16
563,98,24,9
564,98,4,7
565,99,7,1
566,99,4,10
567,99,4,20
568,99,7,14
569,99,4,24
570,99,23,4
571,99,12,10
572,99,20,2
573,99,2,9
574,99,5,13
575,99,15,18
576,100,13,1
577,100,19,17
578,100,17,9
579,101,8,6
580,101,12,18
581,101,8,4
582,101,14,20
583,101,18,9
584,102,14,18
585,102,15,6
586,102,16,14
587,102,3,23
588,102,16,12
589,102,22,5
590,102,18,10
591,103,2,5
592,103,9,11
593,103,18,22
594,103,22,11
595,103,21,4
596,104,4,13
597,104,10,13
598,104,10,19
599,104,14,7
600,104,19,15
601,104,16,14
602,105,21,5
603,105,11,21
604,105,21,5
605,105,12,21
606,105,15,21
607,106,22,9
608,106,0,2
609,106,7,16
610,106,22,10
611,106,19,22
612,106,22,1
613,106,3,9
614,106,13,0
615,106,17,21
616,106,8,14
617,106,22,3
618,107,14,1
619,107,10,14
620,107,22,12
621,107,12,10
622,107,6,10
623,107,23,13
624,107,19,3
625,108,1,11
626,108,4,6
627,108,15,21
628,108,6,19
629,108,20,18
630,109,2,20
631,109,1,24
632,109,7,20
633,109,3,0
634,109,11,4
635,109,2,15
636,109,8,19
637,109,16,1
638,109,15,22
639,110,10,6
640,110,10,12
641,110,3,9
642,110,16,13
643,110,0,21
644,111,10,21
645,111,0,13
646,111,4,19
647,111,10,23
648,111,15,18
649,111,21,15
650,112,11,8
651,112,4,17
652,112,24,10
653,112,8,17
654,112,20,1
655,112,10,3
656,112,20,4
657,112,16,12
658,113,13,15
659,113,6,23
660,113,24,5
661,113,11,23
662,113,6,3
663,113,3,16
664,113,10,14
665,113,5,4
666,114,17,14
667,114,15,0
668,114,0,22
669,115,16,6
670,115,11,13
671,115,4,14
672,116,9,10
673,116,23,14
674,116,22,9
675,116,21,8
676,116,3,12
677,117,9,23
678,117,8,17
679,117,24,11
680,117,6,19
681,117,6,19
682,117,8,11
683,118,7,5
684,118,0,15
685,119,17,3
686,119,10,14
687,119,15,5
688,119,9,24
689,120,20,18
690,120,5,8
691,120,7,20
692,120,2,18
693,121,24,20
694,121,13,9
695,121,8,24
696,121,16,9
697,121,17,20
698,121,9,21
699,122,23,7
700,122,6,22
701,122,9,2
702,123,9,11
703,123,19,20
704,124,11,2
705,124,3,22
706,124,14,22
707,124,18,11
708,124,4,22
709,124,6,2
710,125,4,18
711,125,24,17
712,125,8,5
713,125,3,21
714,125,22,15
715,125,4,13
716,125,8,12
717,126,24,0
718,126,3,9
719,126,1,24
720,126,10,0
721,126,9,23
722,126,2,21
723,126,22,18
724,126,14,3
725,126,1,5
726,126,11,22
727,126,0,10
728,127,6,13
729,128,21,5
730,128,24,17
731,128,2,21
732,128,13,0
733,128,4,23
734,128,11,22
735,128,3,5
736,128,5,3
737,129,5,12
738,129,1,14
739,129,3,13
740,130,10,21
741,130,0,8
742,130,8,1
743,130,10,6
744,131,0,11
745,131,6,23
746,131,9,6
747,132,2,10
748,132,9,16
749,132,10,8
750,132,17,15
751,132,12,0
752,132,0,15
753,132,9,18
754,132,19,1
755,132,18,14
756,133,21,23
757,133,21,14
758,133,7,1
759,133,18,8
760,133,19,4
761,133,6,20
762,133,10,0
763,134,19,21
764,134,16,12
765,134,9,23
766,134,23,17
767,134,14,10
768,134,1,13
769,135,10,0
770,135,3,24
771,135,21,18
772,135,21,4
773,135,20,24
774,135,17,6
775,136,2,0
776,136,11,3
777,136,22,14
778,136,4,13
779,136,14,20
780,136,22,3
781,136,1,16
782,137,19,2
783,137,21,17
784,137,2,6
785,137,18,4
786,137,1,12
787,138,21,9
788,138,24,7
789,138,9,15
790,139,22,15
791,139,15,13
792,140,13,3
793,140,12,18
794,140,20,24
795,140,10,17
796,140,22,13
797,140,17,14
798,141,17,10
799,141,0,14
800,141,3,1
801,141,10,0
802,141,2,13
803,141,10,1
804,141,7,24
805,141,15,2
806,141,9,7
807,142,14,16
808,142,8,24
809,142,5,20
810,142,15,23
811,143,21,3
812,143,7,3
813,143,0,24
814,144,0,24
815,144,5,15
816,144,21,24
817,145,22,19
818,145,3,22
819,145,21,7
820,145,2,16
821,145,24,16
822,145,21,8
823,145,5,16
824,146,19,20
825,146,12,24
826,146,7,9
827,146,10,18
828,146,18,0
829,147,19,2
830,148,5,1
831,148,23,5
832,148,7,11
833,148,2,16
834,148,10,22
835,148,20,18
836,149,5,13
837,150,4,16
838,150,8,22
839,150,13,24
840,150,18,15
841,150,8,24
842,150,21,2
843,150,19,16
844,151,6,12
845,151,17,5
846,152,5,1
847,152,19,15
848,153,10,0
849,153,2,19
850,153,0,3
851,154,16,0
852,154,21,10
853,154,23,15
854,154,8,6
855,155,9,18
856,155,5,24
857,155,6,16
858,155,14,8
859,155,2,18
860,156,14,3
861,156,4,19
862,156,14,15
863,156,14,15
864,156,2,17
865,156,2,5
866,157,4,6
867,157,23,5
868,157,23,21
869,157,6,18
870,157,1,5
871,157,20,1
872,157,18,21
873,157,11,21
874,157,10,4
875,157,13,5
876,158,3,20
877,158,1,11
878,158,16,24
879,158,9,21
880,158,1,21
881,158,20,7
882,159,24,9
883,159,17,21
884,159,24,10
885,159,17,9
886,159,4,22
887,159,24,5
888,160,0,21
889,160,10,3
890,160,21,15
891,160,23,8
892,160,22,11
893,160,4,2
894,160,22,10
895,160,8,1
896,160,2,16
897,160,4,23
898,160,17,19
899,161,13,4
900,161,22,2
901,161,5,8
902,161,20,24
903,161,4,12
904,161,16,24
905,161,3,22
906,161,6,16
907,161,16,23
908,161,0,13
909,161,4,8
910,162,5,7
911,162,24,21
912,162,21,8
913,163,20,4
914,163,22,4
915,163,23,21
916,163,18,0
917,163,6,8
918,163,15,21
919,163,20,6
920,163,21,2
921,163,8,16
922,164,21,9
923,164,22,24
924,164,11,17
925,164,3,7
926,164,4,12
927,164,6,10
928,164,6,16
929,165,10,9
930,165,18,7
931,165,23,2
932,165,12,21
933,165,0,20
934,165,2,0
935,166,2,0
936,166,10,23
937,166,9,1
938,166,15,19
939,166,16,13
940,167,14,5
941,167,2,9
942,167,17,9
943,167,13,23
944,167,17,14
945,168,2,10
946,168,12,4
947,168,15,18
948,168,3,19
949,168,22,3
950,168,6,12
951,169,2,9
952,169,24,21
953,169,9,10
954,169,4,14
955,169,11,19
956,169,4,11
957,170,11,2
958,170,18,7
959,170,7,4
960,170,7,18
961,170,3,20
962,170,2,0
963,171,14,5
964,171,6,20
965,171,22,1
966,171,18,10
967,171,10,19
968,171,1,3
969,171,23,12
970,171,8,20
971,171,2,11
972,171,24,20
973,172,23,1
974,172,23,17
975,172,19,16
976,172,7,15
977,172,14,0
978,173,6,3
979,173,13,7
980,173,19,5
981,173,18,24
982,173,14,5
983,173,22,2
984,173,13,2
985,173,5,3
986,173,4,20
987,174,20,23
988,174,21,0
989,174,21,4
990,174,9,20
991,174,11,17
992,174,4,24
993,174,6,3
994,174,14,3
995,174,24,11
996,174,10,7
997,175,2,12
998,175,12,3
999,175,5,20
1000,175,8,23
1001,175,13,4
1002,175,22,5
1003,176,4,20
1004,176,7,16
1005,176,6,16
1006,176,9,2
1007,176,12,24
1008,176,1,22
1009,176,23,4
1010,176,13,16
1011,176,17,14
1012,177,6,21
1013,177,23,19
1014,177,18,1
1015,177,5,21
1016,178,10,12
1017,178,24,13
1018,178,21,12
1019,179,23,14
1020,179,3,18
1021,179,24,18
1022,179,19,8
1023,180,21,11
1024,180,4,5
1025,180,7,18
1026,180,19,4
1027,181,14,1
1028,181,17,9
1029,181,20,10
1030,181,23,0
1031,182,15,0
1032,182,18,12
1033,182,10,16
1034,182,14,10
1035,182,5,13
1036,182,24,16
1037,182,1,11
1038,182,9,7
1039,182,10,19
1040,183,6,18
1041,183,12,21
1042,183,17,4
1043,183,16,18
1044,183,16,13
1045,183,21,1
1046,183,18,20
1047,184,6,8
1048,184,6,18
1049,185,24,22
1050,185,23,17
1051,185,0,16
1052,186,8,6
1053,186,3,9
1054,186,11,17
1055,186,17,10
1056,186,24,1
1057,186,6,17
1058,187,10,23
1059,187,4,2
1060,187,22,24
1061,187,23,20
1062,188,21,5
1063,188,19,0
1064,188,12,24
1065,188,8,18
1066,188,23,19
1067,188,7,3
1068,189,15,8
1069,189,1,22
1070,189,13,11
1071,189,9,17
1072,189,12,8
1073,189,14,12
1074,189,3,14
1075,189,9,19
1076,189,13,21
1077,189,22,14
1078,190,9,21
1079,190,13,0
1080,190,15,12
1081,191,22,0
1082,191,17,15
1083,191,3,0
1084,191,20,6
1085,191,13,7
1086,191,19,12
1087,192,17,2
1088,192,12,15
1089,192,2,5
1090,192,1,5
1091,193,4,12
1092,193,4,19
1093,193,14,3
1094,193,8,12
1095,193,5,20
1096,193,16,22
1097,193,7,17
1098,193,17,10
1099,193,3,11
1100,194,3,14
1101,194,0,19
1102,194,10,20
1103,194,4,15
1104,194,22,7
1105,194,5,1
1106,194,1,3
1107,194,24,5
1108,194,12,10
1109,194,10,17
1110,195,12,0
1111,195,18,7
1112,195,22,11
1113,195,1,20
1114,195,5,14
1115,195,8,10
1116,195,13,15
1117,196,8,24
1118,196,24,16
1119,196,23,17
1120,196,17,4
1121,196,19,6
1122,196,9,15
1123,196,17,4
1124,197,2,19
1125,197,12,18
1126,198,4,8
1127,198,11,13
1128,198,13,20
1129,198,20,17
1130,198,1,8
1131,198,12,10
1132,198,19,9
1133,199,16,18
1134,199,19,9
1135,199,0,15
1136,199,8,20
1137,199,1,12
1138,200,14,11
1139,200,20,7
1140,200,11,18
1141,200,10,12
1142,200,12,16
1143,201,10,18
1144,201,11,14
1145,201,19,17
1146,201,9,15
1147,202,6,17
1148,202,7,5
1149,202,17,23
1150,202,1,21
1151,202,9,1
1152,203,13,19
1153,203,13,17
1154,203,24,14
1155,203,4,17
1156,203,12,2
1157,203,1,17
1158,204,0,23
1159,204,24,20
1160,204,6,10
1161,204,7,24
1162,204,19,21
1163,204,19,10
1164,204,7,21
1165,204,6,17
1166,204,13,17
1167,205,9,24
1168,206,6,17
1169,206,3,0
1170,206,3,12
1171,206,16,12
1172,206,11,20
1173,206,8,6
1174,206,14,17
1175,206,0,16
1176,206,13,23
1177,207,24,21
1178,207,3,14
1179,207,17,7
1180,207,2,15
1181,207,9,16
1182,207,4,1
1183,207,22,8
1184,207,9,21
1185,207,20,7
1186,207,9,18
1187,207,20,16
1188,207,6,3
1189,207,8,14
1190,208,23,4
1191,208,0,7
1192,208,12,15
1193,208,15,23
1194,209,7,5
1195,209,9,5
1196,209,15,8
1197,209,21,14
1198,210,6,14
1199,210,23,9
1200,210,7,4
1201,210,16,7
1202,211,13,23
1203,211,19,20
1204,211,13,15
1205,211,6,13
1206,211,19,10
1207,211,19,15
1208,211,18,14
1209,211,4,5
1210,211,2,23
1211,212,4,11
1212,212,1,4
1213,213,20,8
1214,213,24,6
1215,213,17,20
1216,213,4,14
1217,213,11,5
1218,213,13,21
1219,213,11,3
1220,213,1,7
1221,213,17,5
1222,214,2,13
1223,214,22,19
1224,215,10,6
1225,215,24,2
1226,215,18,6
1227,215,12,1
1228,216,24,6
1229,216,21,2
1230,216,5,23
1231,216,2,8
1232,216,3,14
1233,216,17,10
1234,216,7,20
1235,217,9,11
1236,218,20,8
1237,218,18,14
1238,218,18,15
1239,218,11,18
1240,218,17,7
1241,218,0,9
1242,219,13,19
1243,219,12,16
1244,219,6,2
1245,219,15,18
1246,219,17,5
1247,219,14,4
1248,219,2,14
1249,219,5,14
1250,219,4,20
1251,219,5,21
1252,219,10,21
1253,219,15,8
1254,220,10,22
1255,220,13,23
1256,220,22,13
1257,221,10,7
1258,221,13,3
1259,221,3,0
1260,221,7,19
1261,221,4,23
1262,222,4,21
1263,222,19,10
1264,222,21,14
1265,222,10,16
1266,222,24,2
1267,222,18,10
1268,222,10,19
1269,222,14,17
1270,222,14,18
1271,222,15,5
1272,223,14,1
1273,223,23,8
1274,224,24,6
1275,224,11,0
1276,224,23,10
1277,224,8,17
1278,224,23,16
1279,224,10,3
1280,224,0,12
1281,225,17,21
1282,225,21,9
1283,225,15,18
1284,225,20,3
1285,225,0,9
1286,225,3,24
1287,225,17,15
1288,226,6,14
1289,226,9,7
1290,226,2,9
1291,226,22,15
1292,226,22,11
1293,226,17,3
1294,226,22,20
1295,226,16,7
1296,226,12,24
1297,227,11,3
1298,227,13,2
1299,227,16,9
1300,227,3,12
1301,227,0,22
1302,227,18,21
1303,228,11,18
1304,228,2,8
1305,229,0,11
1306,229,22,13
1307,229,20,12
1308,229,9,13
1309,229,0,22
1310,229,4,15
1311,229,6,20
1312,229,4,13
1313,230,0,21
1314,230,21,11
1315,230,10,17
1316,230,3,10
1317,230,5,8
1318,231,21,18
1319,231,0,24
1320,231,10,14
1321,231,21,5
1322,231,2,22
1323,231,12,23
1324,231,23,4
1325,232,18,20
1326,232,16,2
1327,232,10,24
1328,232,20,18
1329,232,6,4
1330,233,0,3
1331,233,21,17
1332,233,17,2
1333,233,9,10
1334,233,3,5
1335,233,16,24
1336,234,8,10
1337,234,5,12
1338,234,12,9
1339,234,8,23
1340,235,14,7
1341,235,3,18
1342,236,13,6
1343,236,21,3
1344,236,24,18
1345,236,3,22
1346,236,13,10
1347,236,9,12
1348,237,12,22
1349,237,9,7
1350,237,10,18
1351,237,20,17
1352,237,4,19
1353,237,10,24
1354,238,9,18
1355,239,12,23
1356,239,3,13
1357,239,8,12
1358,239,2,24
1359,239,15,12
1360,239,3,13
1361,239,0,22
1362,240,13,11
1363,240,3,1
1364,240,18,1
1365,240,3,20
1366,240,4,20
1367,240,3,10
1368,241,24,4
1369,241,16,7
1370,241,21,12
1371,241,18,0
1372,241,0,14
1373,241,14,10
1374,241,12,6
1375,241,14,18
1376,241,18,9
1377,241,11,20
1378,241,16,6
1379,242,1,17
1380,242,7,20
1381,243,16,12
1382,243,14,0
1383,243,11,18
1384,243,18,6
1385,243,13,16
1386,243,16,0
1387,243,0,10
1388,243,23,0
1389,244,16,6
1390,244,23,6
1391,244,12,3
1392,244,7,24
1393,245,8,2
1394,245,9,16
1395,245,22,2
1396,245,6,22
1397,246,7,10
1398,246,10,2
1399,246,18,15
1400,246,19,13
1401,246,13,1
1402,246,4,0
1403,246,16,6
1404,246,13,7
1405,246,9,18
1406,247,13,11
1407,247,6,3
1408,247,18,0
1409,247,3,15
1410,247,14,2
1411,247,18,14
1412,248,23,0
1413,248,23,12
1414,248,20,22
1415,248,22,9
1416,248,13,0
1417,249,22,7
1418,249,6,18
1419,249,23,1
1420,249,8,4
1421,249,12,18
1422,249,24,9
1423,249,22,5
1424,250,6,14
1425,250,11,15
1426,250,23,3
1427,250,22,3
1428,251,18,2
1429,251,24,21
1430,251,2,24
1431,251,6,13
1432,251,18,4
1433,251,9,24
1434,252,12,19
1435,252,10,4
1436,253,2,6
1437,253,3,0
1438,253,4,13
1439,253,20,16
1440,253,23,11
1441,253,4,16
1442,253,10,24
1443,253,22,14
1444,253,21,6
1445,253,1,7
1446,254,4,8
1447,255,2,10
1448,255,24,3
1449,255,15,12
1450,255,0,15
1451,255,16,5
1452,255,4,21
1453,255,13,22
1454,255,18,10
1455,256,11,19
1456,256,23,0
1457,256,17,8
1458,256,24,4
1459,256,19,22
1460,257,23,12
1461,257,9,21
1462,257,8,17
1463,257,5,2
1464,257,4,17
1465,257,10,14
1466,257,13,19
1467,257,11,7
1468,258,12,15
1469,258,3,18
1470,259,10,22
1471,259,19,3
1472,259,17,5
1473,259,24,4
1474,259,4,14
1475,259,8,23
1476,260,19,21
1477,260,14,11
1478,260,14,15
1479,260,10,17
1480,260,12,21
1481,260,0,12
1482,260,1,12
1483,260,11,24
1484,260,4,24
1485,261,19,23
1486,261,8,21
1487,261,15,2
1488,261,2,14
1489,261,1,19
1490,262,20,6
1491,262,0,2
1492,262,3,16
1493,262,17,6
1494,262,11,18
1495,262,7,22
1496,262,22,13
1497,262,20,7
1498,262,3,24
1499,262,20,24
1500,262,8,18
1501,263,17,24
1502,263,8,16
1503,263,10,0
1504,263,2,14
1505,263,3,9
1506,263,2,10
1507,263,0,7
1508,263,3,10
1509,263,3,21
1510,263,4,5
1511,263,10,21
1512,264,16,9
1513,264,6,12
1514,264,10,0
1515,264,6,4
1516,264,21,2
1517,264,22,20
1518,265,21,14
1519,265,24,4
1520,265,6,0
1521,265,24,8
1522,265,22,1
1523,265,12,8
1524,265,3,16
1525,265,1,11
1526,266,14,23
1527,266,4,14
1528,266,8,0
1529,266,23,5
1530,267,9,0
1531,267,11,19
1532,267,24,6
1533,267,13,16
1534,267,13,23
1535,267,3,17
1536,267,11,18
1537,268,19,6
1538,268,6,15
1539,268,23,10
1540,268,15,3
1541,268,16,0
1542,268,23,9
1543,268,9,20
1544,268,20,24
1545,268,7,23
1546,268,21,11
1547,268,13,3
1548,268,11,2
1549,268,13,6
1550,269,9,17
1551,269,1,19
1552,269,11,14
1553,269,14,18
1554,269,17,15
1555,269,17,23
1556,269,0,24
1557,269,15,7
1558,269,7,16
1559,269,22,2
1560,270,1,22
1561,270,8,19
1562,270,4,2
1563,270,19,2
1564,270,14,6
1565,270,16,12
1566,271,2,0
1567,271,17,5
1568,271,14,16
1569,271,13,22
1570,272,8,10
1571,272,16,1
1572,272,16,2
1573,272,9,13
1574,272,12,9
1575,272,23,8
1576,272,9,2
1577,273,11,15
1578,273,15,6
1579,273,2,19
1580,273,8,17
1581,273,3,11
1582,273,16,13
1583,273,4,0
1584,273,14,8
1585,273,16,19
1586,273,23,12
1587,274,3,21
1588,274,2,11
1589,274,4,2
1590,274,0,9
1591,274,10,4
1592,274,23,9
1593,275,4,24
1594,275,16,23
1595,275,0,24
1596,275,15,7
1597,275,4,7
1598,275,15,19
1599,275,3,12
1600,275,20,10
1601,275,19,3
1602,275,17,7
1603,275,15,6
1604,276,11,23
1605,276,11,3
1606,276,18,21
1607,276,6,14
1608,276,4,13
1609,277,24,9
1610,277,18,1
1611,277,22,16
1612,279,1,14
1613,279,16,12
1614,279,1,3
1615,279,5,19
1616,279,3,22
1617,280,16,18
1618,280,5,1
1619,280,6,20
1620,280,19,12
1621,280,4,10
1622,280,18,7
1623,280,24,14
1624,280,16,19
1625,281,21,12
1626,281,20,22
1627,282,21,14
1628,282,2,23
1629,282,7,1
1630,282,0,12
1631,282,21,12
1632,283,5,2
1633,283,10,13
1634,283,12,4
1635,283,12,5
1636,283,9,10
1637,283,19,9
1638,283,15,7
1639,283,20,4
1640,284,23,4
1641,284,8,11
1642,284,9,24
1643,284,9,20
1644,284,4,19
1645,284,14,8
1646,285,3,18
1647,285,13,16
1648,285,16,7
1649,285,9,15
1650,285,0,24
1651,285,17,20
1652,286,21,4
1653,286,8,16
1654,286,14,1
1655,286,9,5
1656,286,22,4
1657,286,14,1
1658,286,5,19
1659,286,23,11
1660,287,23,0
1661,287,3,23
1662,287,21,8
1663,288,7,18
1664,288,7,5
1665,288,21,4
1666,288,6,8
1667,288,7,14
1668,288,15,4
1669,288,1,8
1670,289,19,1
1671,289,2,19
1672,289,17,0
1673,289,16,3
1674,289,14,18
1675,290,19,22
1676,290,16,2
1677,290,14,8
1678,290,11,4
1679,290,10,7
1680,290,9,0
1681,290,3,0
1682,290,20,12
1683,290,22,24
1684,291,18,12
1685,291,2,4
1686,291,13,11
1687,291,23,9
1688,291,5,1
1689,291,15,3
1690,291,5,16
1691,291,1,16
1692,291,24,5
1693,291,6,18
1694,291,23,5
1695,292,2,11
1696,292,19,15
1697,292,18,3
1698,292,16,18
1699,292,4,17
1700,292,4,24
1701,292,2,21
1702,293,2,22
1703,293,4,16
1704,293,20,14
1705,293,20,22
1706,293,6,15
1707,293,15,19
1708,294,6,22
1709,294,2,18
1710,294,16,5
1711,294,5,4
1712,294,1,17
1713,294,1,24
1714,294,21,17
1715,295,4,14
1716,295,1,5
1717,295,4,24
1718,295,23,1
1719,295,3,15
1720,295,0,19
1721,295,4,7
1722,296,18,1
1723,296,11,4
1724,297,22,12
1725,297,7,10
1726,297,5,4
1727,297,22,19
1728,297,24,15
1729,297,15,19
1730,298,0,15
1731,298,12,0
1732,298,13,6
1733,298,20,0
1734,298,23,6
1735,298,8,5
1736,299,10,19
1737,299,21,12
1738,299,19,23
1739,299,3,17
1740,299,21,15
1741,299,22,24
1742,300,12,3
1743,300,12,16
1744,300,11,0
1745,300,4,17
1746,300,20,12
1747,300,9,15
1748,301,20,22
1749,301,2,12
1750,301,3,11
1751,301,22,4
1752,301,8,2
1753,302,24,20
1754,302,6,4
1755,302,16,19
1756,302,24,16
1757,302,3,16
1758,303,20,9
1759,303,11,2
1760,303,12,1
1761,303,17,6
1762,303,7,22
1763,303,15,1
1764,303,20,13
1765,304,13,11
1766,304,4,24
1767,304,13,5
1768,304,8,11
1769,304,12,9
1770,305,1,12
1771,305,19,20
1772,305,2,17
1773,305,4,8
1774,305,0,15
1775,305,22,8
1776,306,16,19
1777,306,19,20
1778,306,15,0
1779,306,17,5
1780,307,6,0
1781,307,14,0
1782,308,1,19
1783,308,5,4
1784,308,8,22
1785,308,15,2
1786,308,22,2
1787,308,17,8
1788,308,22,9
1789,308,18,16
1790,308,22,12
1791,308,10,24
1792,309,16,0
1793,309,12,18
1794,309,19,1
1795,309,3,0
1796,309,20,1
1797,310,22,14
1798,310,3,16
1799,310,15,0
1800,310,23,8
1801,310,13,15
1802,311,0,11
1803,311,9,21
1804,311,24,7
1805,311,6,4
1806,311,8,11
1807,312,14,10
1808,312,18,20
1809,312,11,24
1810,312,8,0
1811,312,19,12
1812,312,16,3
1813,312,7,16
1814,312,22,10
1815,312,9,3
1816,313,23,7
1817,313,24,2
1818,313,11,1
1819,313,23,10
1820,313,12,10
1821,313,16,1
1822,314,13,10
1823,314,10,20
1824,314,6,23
1825,314,15,8
1826,314,5,11
1827,314,6,12
1828,315,4,11
1829,315,8,11
1830,315,16,3
1831,315,2,22
1832,315,20,11
1833,315,4,20
1834,315,4,21
1835,315,11,23
1836,315,17,11
1837,315,2,14
1838,316,24,12
1839,316,0,10
1840,316,14,18
1841,317,14,12
1842,317,18,7
1843,317,12,18
1844,317,17,13
1845,317,1,20
1846,317,4,21
1847,317,5,12
1848,318,18,2
1849,318,2,13
1850,318,7,24
1851,318,20,12
1852,319,8,1
1853,319,2,15
1854,319,14,20
1855,320,7,14
1856,320,22,4
1857,320,14,12
1858,320,20,13
1859,321,20,3
1860,321,5,11
1861,321,1,18
1862,321,20,0
1863,321,22,18
1864,321,0,23
1865,321,3,23
1866,322,1,14
1867,322,4,10
1868,322,11,21
1869,322,2,10
1870,322,23,12
1871,322,1,3
1872,322,18,8
1873,322,5,19
1874,322,17,23
1875,322,1,14
1876,322,23,15
1877,322,16,18
1878,323,8,1
1879,323,20,19
1880,323,3,21
1881,323,1,22
1882,324,9,23
1883,324,20,8
1884,325,6,4
1885,325,0,23
1886,325,6,24
1887,325,11,2
1888,325,5,8
1889,325,4,2
1890,326,9,24
1891,326,8,12
1892,326,6,18
1893,326,2,15
1894,326,21,18
1895,326,16,23
1896,326,15,2
1897,326,23,11
1898,326,10,0
1899,326,18,3
1900,327,18,6
1901,327,14,0
1902,327,6,15
1903,328,0,17
1904,328,2,24
1905,328,23,10
1906,328,22,5
1907,328,20,5
1908,328,5,3
1909,328,13,17
1910,329,6,3
1911,329,18,9
1912,329,9,15
1913,329,0,24
1914,330,0,9
1915,330,12,20
1916,330,5,3
1917,330,7,3
1918,330,1,24
1919,330,22,14
1920,330,17,8
1921,331,10,3
1922,331,8,22
1923,331,9,22
1924,331,11,22
1925,331,1,12
1926,331,15,14
1927,332,15,24
1928,332,14,3
1929,332,14,7
1930,333,6,15
1931,333,1,22
1932,333,2,21
1933,333,17,21
1934,334,17,8
1935,334,7,0
1936,334,17,5
1937,334,20,3
1938,335,7,0
1939,335,3,13
1940,335,1,15
1941,335,14,18
1942,336,9,6
1943,336,23,19
1944,336,5,23
1945,336,15,14
1946,336,24,4
1947,336,9,20
1948,336,10,4
1949,336,13,17
1950,336,23,16
1951,337,22,24
1952,337,5,9
1953,337,5,12
1954,337,10,4
1955,338,5,8
1956,338,10,21
1957,339,22,16
1958,339,15,21
1959,340,14,10
1960,340,4,5
1961,340,3,11
1962,340,14,4
1963,340,0,14
1964,341,13,15
1965,341,2,13
1966,341,24,11
1967,341,8,23
1968,341,23,10
1969,341,1,22
1970,342,16,20
1971,342,0,11
1972,342,5,8
1973,342,9,15
1974,342,10,19
1975,342,12,23
1976,343,1,15
1977,343,0,8
1978,343,7,22
1979,343,14,16
1980,343,15,5
1981,343,16,0
1982,343,22,8
1983,343,11,20
1984,344,16,20
1985,344,4,5
1986,344,18,24
1987,344,12,9
1988,344,23,21
1989,344,8,5
1990,344,1,11
1991,344,5,7
1992,344,4,15
1993,344,11,20
1994,345,8,2
1995,345,14,11
1996,345,9,2
1997,345,9,20
1998,346,21,14
1999,346,8,1
2000,346,9,23
2001,346,21,6
2002,346,18,20
2003,347,24,13
2004,347,8,6
2005,347,14,4
2006,347,11,13
2007,347,12,22
2008,347,18,0
2009,347,15,1
2010,348,5,20
2011,348,24,6
2012,348,13,19
2013,348,15,6
2014,348,11,1
2015,348,12,18
2016,349,23,10
2017,349,18,4
2018,349,0,11
2019,349,10,2
2020,350,17,8
2021,350,8,23
2022,350,3,10
2023,350,17,15
2024,350,6,8
2025,350,15,1
2026,350,8,23
2027,350,20,5
2028,350,9,13
2029,351,16,18
2030,351,18,0
2031,351,5,4
2032,351,4,15
2033,351,11,17
2034,351,12,10
2035,351,18,2
2036,351,15,2
2037,352,24,15
2038,352,20,1
2039,352,12,24
2040,352,15,23
2041,352,15,6
2042,353,19,8
2043,353,16,22
2044,353,2,10
2045,354,9,11
2046,354,19,22
2047,354,14,17
2048,354,4,13
2049,354,10,2
2050,354,14,1
2051,354,13,21
2052,355,0,20
2053,355,18,12
2054,355,18,22
2055,356,20,8
2056,356,19,3
2057,356,3,19
2058,356,12,6
2059,356,8,24
2060,357,6,22
2061,357,6,4
2062,357,10,13
2063,357,20,9
2064,357,11,1
2065,357,4,11
2066,357,10,13
2067,358,8,21
2068,358,22,3
2069,359,5,12
2070,359,22,8
2071,359,19,8
2072,359,5,14
2073,359,0,4
2074,359,20,1
2075,360,7,23
2076,360,0,23
2077,360,4,14
2078,360,12,6
2079,360,16,24
2080,360,19,20
2081,361,20,6
2082,361,18,16
2083,361,8,0
2084,361,8,5
2085,361,23,9
2086,361,3,20
2087,362,14,18
2088,362,24,17
2089,362,21,1
2090,362,9,22
2091,362,14,21
2092,362,8,10
2093,362,3,17
2094,363,16,20
2095,363,18,14
2096,363,21,1
2097,363,12,8
2098,363,5,15
2099,363,14,12
2100,364,11,4
2101,364,7,16
2102,364,6,23
2103,364,5,22
2104,364,21,15
2105,364,20,16
2106,365,15,22
2107,365,5,21
2108,365,13,1
2109,365,21,19
2110,365,13,5
2111,365,2,17
2112,365,7,23
2113,366,15,3
2114,366,21,14
2115,366,13,1
2116,366,18,10
2117,366,8,6
2118,366,3,24
2119,366,6,9
2120,367,16,4
2121,367,8,19
2122,367,21,7
2123,367,11,1
2124,367,21,9
2125,367,23,3
2126,367,11,0
2127,367,5,4
2128,367,18,3
2129,367,1,12
2130,367,5,12
2131,367,5,4
2132,369,10,16
2133,369,11,22
2134,369,20,3
2135,369,2,4
2136,369,2,8
2137,369,0,21
2138,369,19,4
2139,370,15,12
2140,370,13,20
2141,370,4,22
2142,370,15,14
2143,370,8,1
2144,370,24,1
2145,370,17,1
2146,371,10,16
2147,371,15,7
2148,371,17,24
2149,371,10,7
2150,371,11,13
2151,372,4,20
2152,372,4,11
2153,372,21,2
2154,372,21,10
2155,372,5,21
2156,372,13,17
2157,372,20,11
2158,372,0,9
2159,373,8,4
2160,373,0,2
2161,373,7,5
2162,373,10,0
2163,373,6,13
2164,373,20,2
2165,373,10,12
2166,373,16,1
2167,373,20,5
2168,373,9,13
2169,373,10,24
2170,374,8,2
2171,374,9,11
2172,374,1,22
2173,374,2,14
2174,375,12,8
2175,375,15,23
2176,375,10,20
2177,375,5,21
2178,375,10,8
2179,376,12,20
2180,377,4,10
2181,377,23,1
2182,377,16,1
2183,377,4,15
2184,377,13,21
2185,377,8,6
2186,377,15,14
2187,377,3,22
2188,377,15,24
2189,377,17,14
2190,378,16,22
2191,378,22,10
2192,378,5,19
2193,378,18,3
2194,378,7,18
2195,378,7,9
2196,378,2,19
2197,378,9,24
2198,379,0,4
2199,379,9,2
2200,379,22,1
2201,379,15,1
2202,379,20,0
2203,380,12,18
2204,380,24,2
2205,380,8,16
2206,380,13,22
2207,380,20,9
2208,381,4,12
2209,381,12,16
2210,381,22,12
2211,381,7,23
2212,382,14,21
2213,382,2,22
2214,382,3,11
2215,382,24,20
2216,382,17,9
2217,382,4,20
2218,382,3,18
2219,382,13,20
2220,382,24,22
2221,383,24,3
2222,383,19,9
2223,383,19,7
2224,383,16,4
2225,383,8,5
2226,383,15,11
2227,384,7,15
2228,384,17,19
2229,384,4,2
2230,384,22,9
2231,384,17,20
2232,384,16,9
2233,384,4,20
2234,385,6,8
2235,385,1,11
2236,385,6,3
2237,385,19,7
2238,385,18,11
2239,385,10,7
2240,385,12,6
2241,385,13,0
2242,385,22,5
2243,385,4,8
2244,385,7,10
2245,385,9,24
2246,385,22,7
2247,385,10,17
2248,385,18,21
2249,385,23,20
2250,386,3,13
2251,386,17,11
2252,386,11,24
2253,386,15,17
2254,387,24,18
2255,387,11,8
2256,387,5,15
2257,387,20,18
2258,387,14,22
2259,387,8,5
2260,388,3,16
2261,388,17,11
2262,388,7,3
2263,388,6,2
2264,388,0,21
2265,389,9,1
2266,389,5,12
2267,389,23,12
2268,389,12,2
2269,389,14,20
2270,389,6,19
2271,389,10,13
2272,389,11,22
2273,389,17,20
2274,390,11,7
2275,390,21,9
2276,390,5,8
2277,391,15,9
2278,391,2,12
2279,391,0,19
2280,391,18,5
2281,391,17,9
2282,391,7,13
2283,391,7,4
2284,391,19,13
2285,391,22,15
2286,391,16,14
2287,391,6,19
2288,391,6,15
2289,391,10,12
2290,391,23,9
2291,392,9,2
2292,392,20,17
2293,392,7,11
2294,392,18,15
2295,392,3,9
2296,393,11,13
2297,393,4,11
2298,393,11,1
2299,393,10,6
2300,393,24,10
2301,393,6,20
2302,393,2,11
2303,393,5,13
2304,393,12,6
2305,393,11,17
2306,393,20,3
2307,394,16,5
2308,394,15,14
2309,394,14,12
2310,394,1,20
2311,395,4,13
2312,395,23,20
2313,395,4,24
2314,395,8,14
2315,395,1,12
2316,396,14,11
2317,396,8,5
2318,396,24,5
2319,396,19,17
2320,396,18,4
2321,397,0,24
2322,397,12,14
2323,397,18,9
2324,397,20,10
2325,397,19,13
2326,397,9,13
2327,397,0,17
2328,397,10,14
2329,398,6,17
2330,398,3,24
2331,398,11,19
2332,398,23,5
2333,398,22,20
2334,399,21,18
2335,399,22,11
2336,399,23,7
2337,399,0,10
2338,399,19,17
2339,399,22,3
2340,399,2,13
2341,400,0,6
2342,400,5,22
2343,400,2,12
2344,400,0,8
2345,401,3,15
2346,401,11,19
2347,401,1,16
2348,402,16,1
2349,402,16,10
2350,402,3,23
2351,402,1,11
2352,402,18,8
2353,402,0,18
2354,402,8,4
2355,402,20,7
2356,402,19,6
2357,403,15,18
2358,403,20,19
2359,403,16,20
2360,403,12,0
2361,403,11,14
2362,404,3,15
2363,404,5,17
2364,404,7,15
2365,404,11,18
2366,404,17,21
2367,404,1,5
2368,404,14,1
2369,404,7,21
2370,405,5,17
2371,405,19,13
2372,405,18,21
2373,405,3,18
2374,405,7,15
2375,405,4,5
2376,405,16,8
2377,405,11,4
2378,406,23,17
2379,406,2,10
2380,406,11,9
2381,406,12,16
2382,406,10,7
2383,407,1,21
2384,407,7,20
2385,407,10,6
2386,407,13,17
2387,407,15,12
2388,407,14,3
2389,408,2,15
2390,408,10,12
2391,409,1,12
2392,409,8,10
2393,409,4,6
2394,409,21,24
2395,410,8,22
2396,410,3,7
2397,410,3,0
2398,410,20,13
2399,411,7,14
2400,411,9,12
2401,411,18,2
2402,411,0,20
2403,412,24,21
2404,412,11,15
2405,412,8,16
2406,412,0,11
2407,412,2,24
2408,412,20,2
2409,413,1,24
2410,413,17,6
2411,413,6,0
2412,413,4,15
2413,413,12,10
2414,413,8,1
2415,413,21,1
2416,413,18,14
2417,414,13,1
2418,414,20,17
2419,414,0,12
2420,414,4,17
2421,415,3,22
2422,415,16,4
2423,415,24,15
2424,415,5,22
2425,415,3,9
2426,415,18,8
2427,415,17,3
2428,416,14,4
2429,416,13,9
2430,416,14,16
2431,416,21,13
2432,416,7,9
2433,417,15,19
2434,417,22,11
2435,417,1,17
2436,418,8,12
2437,418,17,10
2438,418,12,16
2439,418,15,6
2440,418,13,16
2441,419,19,16
2442,419,24,14
2443,419,13,23
2444,419,10,22
2445,419,23,9
2446,420,8,10
2447,420,14,16
2448,420,19,12
2449,420,12,14
2450,420,0,16
2451,420,4,1
2452,420,5,17
2453,420,19,12
2454,421,2,16
2455,421,6,16
2456,421,1,4
2457,421,10,0
2458,421,24,15
2459,422,8,20
2460,422,4,22
2461,422,20,19
2462,422,14,21
2463,422,12,2
2464,422,20,10
2465,422,24,18
2466,423,0,3
2467,423,18,4
2468,423,5,1
2469,423,24,21
2470,423,23,21
2471,424,2,12
2472,424,22,12
2473,424,15,14
2474,424,1,10
2475,424,6,20
2476,424,10,20
2477,424,22,7
2478,424,1,21
2479,424,17,1
2480,425,12,4
2481,425,13,3
2482,425,10,12
2483,425,4,17
2484,425,4,18
2485,426,2,9
2486,426,6,23
2487,426,13,11
2488,426,9,11
2489,426,17,24
2490,426,1,5
2491,427,5,12
2492,427,8,1
2493,427,1,15
2494,427,16,2
2495,427,11,2
2496,427,6,16
2497,427,4,12
2498,427,3,15
2499,428,6,13
2500,428,17,8
2501,428,11,4
2502,428,16,10
2503,429,10,21
2504,429,23,1
2505,430,22,10
2506,430,9,18
2507,430,14,17
2508,430,6,0
2509,430,13,7
2510,430,6,2
2511,430,14,3
2512,430,21,15
2513,430,8,24
2514,430,4,6
2515,430,16,10
2516,430,11,1
2517,430,22,0
2518,431,10,6
2519,431,7,9
2520,431,12,24
2521,431,5,19
2522,431,20,19
2523,431,21,15
2524,431,4,6
2525,432,16,7
2526,432,11,7
2527,433,21,12
2528,433,19,11
2529,433,4,15
2530,433,3,15
2531,433,14,18
2532,433,0,4
2533,433,16,7
2534,434,9,20
2535,434,20,9
2536,434,24,6
2537,434,22,16
2538,435,19,15
2539,435,2,15
2540,435,19,8
2541,435,5,4
2542,435,15,7
2543,435,18,8
2544,435,20,14
2545,435,11,13
2546,435,5,2
2547,435,3,10
2548,435,17,24
2549,436,23,14
2550,436,13,19
2551,436,23,11
2552,436,17,24
2553,436,1,20
2554,437,20,24
2555,437,11,0
2556,437,20,8
2557,437,22,11
2558,437,24,16
2559,437,10,16
2560,438,19,11
2561,438,24,10
2562,438,8,24
2563,438,13,19
2564,438,5,11
2565,438,22,24
2566,439,3,9
2567,439,13,0
2568,439,12,24
2569,439,9,1
2570,439,23,20
2571,440,11,8
2572,440,19,20
2573,440,10,22
2574,440,23,14
2575,440,24,15
2576,441,14,15
2577,441,0,18
2578,441,20,24
2579,441,12,22
2580,441,13,24
2581,442,19,4
2582,442,20,10
2583,442,19,22
2584,442,6,8
2585,442,13,16
2586,442,6,22
2587,442,21,14
2588,443,1,24
2589,443,4,11
2590,443,15,17
2591,443,1,19
2592,443,4,8
2593,443,18,2
2594,443,10,22
2595,443,22,15
2596,443,19,13
2597,444,4,17
2598,444,16,9
2599,444,15,6
2600,444,14,5
2601,444,12,2
2602,445,2,4
2603,445,24,10
2604,445,6,20
2605,446,6,21
2606,446,18,5
2607,446,6,9
2608,446,10,9
2609,446,0,12
2610,447,14,1
2611,447,19,7
2612,447,8,12
2613,447,10,20
2614,447,19,6
2615,448,14,16
2616,448,13,2
2617,448,3,5
2618,448,8,20
2619,449,22,0
2620,449,15,5
2621,449,22,24
2622,449,4,18
2623,449,20,11
2624,449,19,16
2625,450,1,23
2626,450,2,14
2627,450,1,18
2628,450,14,24
2629,450,1,19
2630,450,21,13
2631,450,16,10
2632,450,20,0
2633,450,14,1
2634,451,12,3
2635,451,18,16
2636,451,13,9
2637,451,18,1
2638,451,5,14
2639,451,13,1
2640,451,5,11
2641,451,7,18
2642,451,21,17
2643,452,17,4
2644,452,22,14
2645,452,24,17
2646,452,18,24
2647,452,17,3
2648,453,11,19
2649,453,21,1
2650,453,1,16
2651,453,21,13
2652,453,14,11
2653,454,22,9
2654,454,20,13
2655,454,20,3
2656,454,20,9
2657,454,20,22
2658,454,12,15
2659,455,8,0
2660,455,22,0
2661,455,2,21
2662,455,9,3
2663,456,13,4
2664,456,7,21
2665,456,5,13
2666,456,18,5
2667,456,18,16
2668,456,12,10
2669,457,9,20
2670,457,24,20
2671,457,17,14
2672,457,11,5
2673,457,24,7
2674,457,2,13
2675,457,14,22
2676,457,10,8
2677,458,6,4
2678,458,18,2
2679,458,23,12
2680,458,7,18
2681,458,6,23
2682,458,5,15
2683,458,8,18
2684,458,13,2
2685,459,11,0
2686,459,5,12
2687,459,21,9
2688,459,15,22
2689,460,9,0
2690,460,1,4
2691,460,24,22
2692,460,12,1
2693,460,4,22
2694,461,4,10
2695,461,7,18
2696,461,14,16
2697,461,11,20
2698,461,19,13
2699,461,0,15
2700,461,16,2
2701,461,20,23
2702,462,1,4
2703,462,12,21
2704,462,21,5
2705,462,2,22
2706,462,4,10
2707,463,24,10
2708,463,12,14
2709,463,1,15
2710,463,16,6
2711,463,13,7
2712,463,6,20
2713,463,24,14
2714,463,17,5
2715,464,5,23
2716,464,0,3
2717,464,14,24
2718,464,24,0
2719,464,5,8
2720,465,11,4
2721,465,24,5
2722,465,22,12
2723,465,10,22
2724,465,2,0
2725,465,18,14
2726,465,24,18
2727,465,1,16
2728,465,15,6
2729,466,2,14
2730,466,5,12
2731,466,12,18
2732,466,0,8
2733,466,9,5
2734,466,20,17
2735,467,22,16
2736,467,2,18
2737,467,21,7
2738,467,4,10
2739,467,4,22
2740,467,24,13
2741,467,17,15
2742,468,1,4
2743,468,22,24
2744,468,22,15
2745,468,4,0
2746,468,2,14
2747,469,5,9
2748,469,16,24
2749,469,20,2
2750,469,23,21
2751,469,1,20
2752,469,11,5
2753,469,3,10
2754,469,20,4
2755,469,4,18
2756,469,2,17
2757,469,2,10
2758,470,16,22
2759,470,20,1
2760,471,4,16
2761,471,3,16
2762,471,8,19
2763,471,1,16
2764,471,11,18
2765,471,23,10
2766,472,1,18
2767,472,6,2
2768,472,5,14
2769,472,22,2
2770,472,19,9
2771,472,1,5
2772,472,3,9
2773,472,19,4
2774,472,9,11
2775,473,8,0
2776,473,11,19
2777,473,14,23
2778,473,12,24
2779,473,15,1
2780,473,10,12
2781,474,23,12
2782,474,10,12
2783,474,2,13
2784,474,2,14
2785,474,19,7
2786,474,18,9
2787,474,11,17
2788,474,10,24
2789,475,4,18
2790,475,17,23
2791,476,9,16
2792,476,23,8
2793,476,12,18
2794,476,16,8
2795,476,5,20
2796,477,7,13
2797,477,21,13
2798,477,9,16
2799,477,2,12
2800,477,10,8
2801,477,10,9
2802,477,21,5
2803,478,20,3
2804,478,23,0
2805,479,24,20
2806,479,21,18
2807,479,22,4
2808,479,9,17
2809,479,3,20
2810,480,19,7
2811,480,19,16
2812,480,24,0
2813,480,10,20
2814,480,11,18
2815,480,10,18
2816,480,24,14
2817,480,19,7
2818,480,24,10
2819,481,16,7
2820,481,11,20
2821,481,15,3
2822,481,5,19
2823,481,3,10
2824,481,20,17
2825,481,18,6
2826,481,13,2
2827,481,7,24
2828,481,18,4
2829,481,9,15
2830,482,6,24
2831,482,23,0
2832,482,3,20
2833,482,18,11
2834,482,17,9
2835,483,16,20
2836,483,6,19
2837,483,14,10
2838,483,14,5
2839,484,10,21
2840,484,8,21
2841,484,15,11
2842,484,16,0
2843,484,24,12
2844,484,11,3
2845,484,11,22
2846,484,14,0
2847,484,17,11
2848,484,1,9
2849,485,23,4
2850,485,9,6
2851,485,7,5
2852,485,3,16
2853,485,11,24
2854,485,23,17
2855,485,11,14
2856,485,20,7
2857,485,2,21
2858,486,13,4
2859,486,17,1
2860,487,17,5
2861,487,6,23
2862,487,22,16
2863,487,14,20
2864,487,21,14
2865,487,14,16
2866,487,10,8
2867,487,13,1
2868,487,0,3
2869,488,8,4
2870,488,18,24
2871,488,10,23
2872,488,21,14
2873,488,1,20
2874,489,15,13
2875,489,23,5
2876,489,0,3
2877,489,7,21
2878,489,24,6
2879,489,23,3
2880,489,4,19
2881,489,3,7
2882,490,3,5
2883,490,2,23
2884,490,19,4
2885,490,12,6
2886,490,24,1
2887,490,16,6
2888,491,7,16
2889,491,16,22
2890,491,9,5
2891,491,15,6
2892,491,21,1
2893,491,22,18
2894,492,7,13
2895,492,5,12
2896,492,6,4
2897,492,19,13
2898,492,14,12
2899,492,14,21
2900,492,4,6
2901,493,21,17
2902,493,10,14
2903,493,21,23
2904,493,11,0
2905,493,18,10
2906,493,5,3
2907,494,11,8
2908,494,8,16
2909,494,3,7
2910,494,7,16
2911,494,14,12
2912,494,10,8
2913,494,24,13
2914,494,12,15
2915,494,19,6
2916,495,7,9
2917,495,4,7
2918,495,5,17
2919,495,18,8
2920,495,14,16
2921,496,24,20
2922,496,5,19
2923,496,1,4
2924,496,5,16
2925,496,7,19
2926,496,17,4
2927,497,6,4
2928,497,7,13
2929,497,17,8
2930,497,18,2
2931,497,20,19
2932,497,4,7
2933,498,4,0
2934,498,7,19
2935,498,14,18
2936,498,4,23
2937,498,24,8
2938,499,18,2
2939,499,12,18
2940,499,13,19
2941,499,20,5
2942,499,13,5
2943,499,2,11
2944,499,16,19
2945,500,13,5
2946,500,24,10
2947,500,5,14
2948,500,24,21
2949,500,20,5
2950,500,1,12
2951,500,6,2
2952,501,14,11
2953,501,21,13
2954,501,13,16
2955,501,0,19
2956,501,15,11
2957,501,14,20
2958,501,9,24
2959,501,15,7
2960,501,15,14
2961,502,1,4
2962,502,1,16
2963,502,9,7
2964,502,23,7
2965,502,2,15
2966,502,1,22
2967,503,12,15
2968,503,13,10
2969,503,8,21
2970,503,16,20
2971,503,1,4
2972,503,3,15
2973,503,13,24
2974,503,23,3
2975,503,20,16
2976,503,2,22
2977,503,13,1
2978,503,7,4
2979,503,22,24
2980,504,19,11
2981,504,16,1
2982,504,13,21
2983,504,22,1
2984,504,4,20
2985,504,4,16
2986,504,24,13
2987,504,13,4
2988,505,21,12
2989,505,1,21
2990,505,19,20
2991,505,4,17
2992,505,2,8
2993,505,21,15
2994,505,3,7
2995,506,5,7
2996,506,9,10
2997,506,17,7
2998,506,13,15
2999,507,5,23
3000,507,15,3
3001,507,1,12
3002,507,4,6
3003,507,1,24
3004,507,0,17
3005,507,23,0
3006,507,17,10
3007,508,11,8
3008,508,14,4
3009,508,22,9
3010,508,13,17
3011,509,11,4
3012,509,3,18
3013,509,0,20
3014,509,18,21
3015,509,18,24
3016,509,24,5
3017,509,1,22
3018,509,16,10
3019,509,11,13
3020,510,18,9
3021,510,19,12
3022,510,5,2
3023,510,10,23
3024,510,24,10
3025,510,18,5
3026,511,23,5
3027,511,2,22
3028,511,19,1
3029,511,7,18
3030,512,13,5
3031,512,4,23
3032,512,4,0
3033,512,8,17
3034,512,16,7
3035,512,9,10
3036,512,19,4
3037,512,23,1
3038,513,1,11
3039,513,9,5
3040,513,9,3
3041,513,15,24
3042,513,3,20
3043,513,11,5
3044,513,2,0
3045,513,14,6
3046,513,8,24
3047,513,2,11
3048,513,17,23
3049,513,7,19
3050,513,4,15
3051,514,5,15
3052,514,16,6
3053,514,15,1
3054,514,12,1
3055,514,8,2
3056,514,17,15
3057,514,14,8
3058,515,16,4
3059,515,12,22
3060,515,5,3
3061,515,18,10
3062,515,15,22
3063,516,12,18
3064,516,20,12
3065,516,19,8
3066,516,6,8
3067,516,9,7
3068,516,5,15
3069,516,13,9
3070,516,15,18
3071,516,4,5
3072,517,10,4
3073,517,16,10
3074,517,6,0
3075,517,1,22
3076,517,24,2
3077,517,5,22
3078,517,10,18
3079,517,0,9
3080,518,0,4
3081,518,23,0
3082,518,24,1
3083,518,4,2
3084,518,14,23
3085,519,1,18
3086,519,21,23
3087,519,16,4
3088,519,19,12
3089,519,0,11
3090,519,2,15
3091,520,7,23
3092,520,11,17
3093,520,5,16
3094,520,2,16
3095,520,18,20
3096,520,5,1
3097,521,13,4
3098,521,11,9
3099,521,2,24
3100,521,5,21
3101,521,3,1
3102,521,22,20
3103,521,13,21
3104,521,2,20
3105,521,18,4
3106,521,15,23
3107,522,13,4
3108,522,17,21
3109,522,2,12
3110,522,21,24
3111,522,22,15
3112,522,2,10
3113,522,10,19
3114,523,6,4
3115,523,6,4
3116,523,20,3
3117,523,19,8
3118,523,9,12
3119,523,7,19
3120,523,23,8
3121,523,10,3
3122,523,15,2
3123,523,11,22
3124,524,3,6
3125,524,13,2
3126,524,18,11
3127,525,22,18
3128,525,10,9
3129,525,23,9
3130,525,1,17
3131,525,9,11
3132,525,10,22
3133,526,9,15
3134,526,11,5
3135,526,23,2
3136,526,4,23
3137,526,17,10
3138,526,14,17
3139,526,24,16
3140,526,12,19
3141,526,15,14
3142,527,5,14
3143,527,10,14
3144,527,7,18
3145,527,7,13
3146,527,4,0
3147,527,5,20
3148,527,23,11
3149,528,1,12
3150,528,18,21
3151,528,8,20
3152,528,1,8
3153,528,15,8
3154,528,9,17
3155,528,6,20
3156,529,20,3
3157,529,3,13
3158,530,5,12
3159,530,21,7
3160,530,4,5
3161,531,13,11
3162,531,6,15
3163,531,21,15
3164,531,24,22
3165,531,19,11
3166,531,15,24
3167,531,20,10
3168,531,9,19
3169,532,18,24
3170,532,7,24
3171,532,18,4
3172,533,4,5
3173,533,17,11
3174,533,1,22
3175,533,22,4
3176,533,17,10
3177,534,14,15
3178,534,21,17
3179,534,14,15
3180,534,2,23
3181,534,11,24
3182,534,2,12
3183,534,16,23
3184,534,7,18
3185,534,6,16
3186,535,15,13
3187,535,18,2
3188,535,0,6
3189,535,19,12
3190,535,2,8
3191,535,9,10
3192,535,3,10
3193,535,12,6
3194,536,6,19
3195,536,20,13
3196,536,23,17
3197,536,19,1
3198,536,1,5
3199,537,17,15
3200,537,10,3
3201,537,1,7
3202,537,20,23
3203,537,21,13
3204,537,14,18
3205,537,11,5
3206,538,0,22
3207,538,17,14
3208,538,23,15
3209,538,2,6
3210,538,16,2
3211,538,10,20
3212,539,0,14
3213,539,14,3
3214,539,16,20
3215,539,22,15
3216,539,0,6
3217,539,18,15
3218,540,5,22
3219,540,4,23
3220,540,9,16
3221,540,23,12
3222,540,12,1
3223,540,3,18
3224,541,4,19
3225,541,6,8
3226,541,20,18
3227,541,18,6
3228,541,20,4
3229,541,6,20
3230,541,15,21
3231,542,0,16
3232,542,8,14
3233,542,4,18
3234,542,22,11
3235,542,21,14
3236,542,4,10
3237,542,15,6
3238,542,24,5
3239,543,10,1
3240,543,23,8
3241,543,2,0
3242,543,10,2
3243,543,24,17
3244,543,1,14
3245,543,20,7
3246,544,17,8
3247,544,12,2
3248,544,18,16
3249,544,1,19
3250,545,0,17
3251,545,9,11
3252,545,6,3
3253,545,11,24
3254,545,18,3
3255,545,2,4
3256,545,12,14
3257,545,9,6
3258,546,1,14
3259,546,3,0
3260,546,10,22
3261,546,20,1
3262,546,16,2
3263,547,9,1
3264,548,6,12
3265,548,13,4
3266,548,17,23
3267,548,11,13
3268,548,14,12
3269,549,15,6
3270,549,8,2
3271,549,12,2
3272,550,19,23
3273,550,19,22
3274,550,15,7
3275,550,3,11
3276,550,21,11
3277,550,14,8
3278,550,9,7
3279,550,0,19
3280,551,9,15
3281,551,23,11
3282,551,14,20
3283,551,15,24
3284,551,19,4
3285,551,15,4
3286,551,17,19
3287,551,1,18
3288,551,24,3
3289,551,2,20
3290,552,3,0
3291,552,3,17
3292,552,3,21
3293,552,3,23
3294,553,22,5
3295,553,24,21
3296,554,6,3
3297,554,24,18
3298,554,1,23
3299,554,9,0
3300,554,15,2
3301,554,9,5
3302,555,11,0
3303,555,11,18
3304,555,3,12
3305,555,22,8
3306,555,3,9
3307,555,8,10
3308,555,2,0
3309,556,3,18
3310,556,0,7
3311,556,5,11
3312,556,21,0
3313,556,24,1
3314,557,2,19
3315,557,18,21
3316,557,8,23
3317,557,3,17
3318,557,1,10
3319,558,14,15
3320,558,2,12
3321,558,11,0
3322,558,5,8
3323,558,19,8
3324,558,16,12
3325,559,22,6
3326,559,20,17
3327,559,3,12
3328,559,2,10
3329,560,11,9
3330,560,1,15
3331,561,16,3
3332,561,9,7
3333,561,3,6
3334,561,11,21
3335,561,23,16
3336,562,10,1
3337,562,12,18
3338,562,21,8
3339,562,9,5
3340,562,15,0
3341,562,19,17
3342,562,21,14
3343,562,3,15
3344,563,12,1
3345,563,6,10
3346,563,3,19
3347,563,22,4
3348,563,4,5
3349,563,0,11
3350,563,8,6
3351,563,6,16
3352,563,20,14
3353,563,22,6
3354,564,19,13
3355,564,10,21
3356,564,22,13
3357,564,16,2
3358,564,24,13
3359,564,23,21
3360,564,4,17
3361,564,11,5
3362,564,7,0
3363,564,14,6
3364,565,15,22
3365,565,22,19
3366,565,17,8
3367,565,24,13
3368,565,11,18
3369,565,7,20
3370,566,12,9
3371,566,22,3
3372,566,8,10
3373,567,18,20
3374,567,18,6
3375,567,21,0
3376,567,20,11
3377,567,4,7
3378,568,0,13
3379,568,23,20
3380,568,7,23
3381,568,19,10
3382,568,16,4
3383,568,4,16
3384,569,4,0
3385,569,17,23
3386,569,24,0
3387,569,5,13
3388,569,0,13
3389,570,14,11
3390,570,14,17
3391,570,20,11
3392,570,15,5
3393,570,5,24
3394,570,3,5
3395,570,15,18
3396,570,14,4
3397,571,20,0
3398,571,11,23
3399,571,6,10
3400,571,10,3
3401,571,4,21
3402,571,3,18
3403,571,16,24
3404,571,20,4
3405,571,3,6
3406,572,17,24
3407,572,3,1
3408,572,6,8
3409,572,24,22
3410,572,12,8
3411,572,18,20
3412,572,24,18
3413,572,17,11
3414,573,12,2
3415,573,4,23
3416,573,6,9
3417,574,24,15
3418,574,19,13
3419,574,13,2
3420,574,24,10
3421,575,12,22
3422,575,17,23
3423,576,10,0
3424,576,2,18
3425,576,16,24
3426,576,2,21
3427,576,11,8
3428,576,12,21
3429,576,16,14
3430,577,16,23
3431,577,2,18
3432,577,3,14
3433,577,21,11
3434,577,9,5
3435,577,7,10
3436,578,20,1
3437,578,19,13
3438,578,14,12
3439,578,11,21
3440,578,22,15
3441,578,4,13
3442,579,17,14
3443,580,14,3
3444,580,5,19
3445,580,19,20
3446,580,22,13
3447,580,5,24
3448,580,7,3
3449,580,11,23
3450,580,3,16
3451,580,2,8
3452,581,11,13
3453,581,13,5
3454,581,19,10
3455,581,10,21
3456,581,7,13
3457,581,2,0
3458,581,15,24
3459,581,0,2
3460,581,12,3
3461,582,13,2
3462,582,5,1
3463,582,2,21
3464,582,9,15
3465,582,4,5
3466,582,19,23
3467,582,2,24
3468,583,20,1
3469,583,1,3
3470,583,18,8
3471,583,24,15
3472,583,22,0
3473,583,9,15
3474,583,16,19
3475,583,2,12
3476,583,19,5
3477,583,5,21
3478,584,18,6
3479,584,4,18
3480,584,23,11
3481,584,14,20
3482,584,20,18
3483,584,21,9
3484,584,1,23
3485,585,12,18
3486,585,8,21
3487,585,8,18
3488,586,3,6
3489,586,24,1
3490,586,21,19
3491,586,5,1
3492,586,1,19
3493,586,9,10
3494,587,1,10
3495,587,22,14
3496,587,16,5
3497,587,6,17
3498,588,16,14
3499,588,3,21
3500,588,15,24
3501,588,19,23
3502,588,22,0
3503,588,1,8
3504,588,0,3
3505,588,17,3
3506,589,13,11
3507,589,12,16
3508,589,11,3
3509,589,2,4
3510,589,2,5
3511,589,0,17
3512,589,18,0
3513,589,24,7
3514,589,0,2
3515,589,5,1
3516,590,3,12
3517,590,11,18
3518,590,13,19
3519,590,12,10
3520,590,19,21
3521,591,18,2
3522,591,14,24
3523,591,0,22
3524,591,8,6
3525,592,14,16
3526,592,17,8
3527,592,17,7
3528,592,17,11
3529,592,2,6
3530,592,11,9
3531,592,12,18
3532,592,19,15
3533,593,7,18
3534,593,12,24
3535,593,1,20
3536,593,23,4
3537,593,24,10
3538,593,12,8
3539,593,13,3
3540,593,7,9
3541,593,9,10
3542,594,21,0
3543,594,11,21
3544,594,18,10
3545,594,24,9
3546,594,0,7
3547,594,16,0
3548,594,16,4
3549,594,0,21
3550,594,14,7
3551,594,17,5
3552,595,5,14
3553,595,8,23
3554,595,24,9
3555,595,23,20
3556,595,15,19
3557,595,23,1
3558,595,5,1
3559,596,0,7
3560,596,20,1
3561,596,18,2
3562,596,11,18
3563,597,12,6
3564,597,6,10
3565,597,7,5
3566,597,16,14
3567,598,23,12
3568,598,1,21
3569,598,11,14
3570,598,12,10
3571,598,2,0
3572,598,5,14
3573,598,3,15
3574,599,16,14
3575,599,18,0
3576,599,0,14
3577,599,2,23
3578,600,12,15
3579,600,8,19
3580,600,16,1
3581,600,10,7
3582,600,19,6
3583,600,18,4
3584,600,20,23
3585,600,21,23
3586,600,24,16
3587,600,20,11
3588,600,8,19
3589,601,19,6
3590,601,23,21
3591,602,16,9
3592,603,13,0
3593,603,22,1
3594,603,7,22
3595,603,21,3
3596,603,18,20
3597,603,1,19
3598,603,15,3
3599,603,11,7
3600,603,4,7
3601,604,8,17
3602,604,2,24
3603,604,6,24
3604,604,7,15
3605,604,18,16
3606,604,5,24
3607,604,5,20
3608,604,0,16
3609,605,5,7
3610,605,12,15
3611,605,8,17
3612,605,22,16
3613,606,14,24
3614,606,15,4
3615,606,4,12
3616,606,21,1
3617,606,21,6
3618,606,14,10
3619,607,4,23
3620,607,22,6
3621,607,7,15
3622,607,8,2
3623,608,12,18
3624,608,2,10
3625,608,11,21
3626,608,9,7
3627,608,15,6
3628,608,8,14
3629,608,8,0
3630,609,1,24
3631,609,21,6
3632,609,4,1
3633,609,11,14
3634,609,21,6
3635,609,8,4
3636,610,11,14
3637,610,13,6
3638,610,19,22
3639,610,10,6
3640,610,12,21
3641,610,5,4
3642,611,6,24
3643,611,21,8
3644,611,6,17
3645,611,2,16
3646,611,7,9
3647,611,13,21
3648,612,9,19
3649,612,13,4
3650,612,12,21
3651,612,24,5
3652,613,0,12
3653,613,7,20
3654,613,1,9
3655,613,19,4
3656,613,13,17
3657,613,3,5
3658,613,13,1
3659,613,12,15
3660,613,15,22
3661,613,14,6
3662,614,2,5
3663,614,10,2
3664,614,23,6
3665,614,15,19
3666,614,23,15
3667,615,11,8
3668,615,11,24
3669,615,5,24
3670,615,20,8
3671,615,22,11
3672,615,6,19
3673,616,18,6
3674,616,1,21
3675,616,20,2
3676,616,10,8
3677,616,1,19
3678,616,11,2
3679,616,24,5
3680,617,11,15
3681,617,20,24
3682,617,10,21
3683,617,23,9
3684,617,23,5
3685,617,12,19
3686,617,9,15
3687,618,2,9
3688,618,8,1
3689,618,18,0
3690,618,19,22
3691,618,11,17
3692,618,6,24
3693,618,2,17
3694,619,5,1
3695,619,12,10
3696,619,11,19
3697,620,17,20
3698,620,3,5
3699,620,22,8
3700,620,9,6
3701,620,21,23
3702,620,20,10
3703,620,24,2
3704,620,11,19
3705,620,9,24
3706,621,21,24
3707,621,18,16
3708,621,9,13
3709,621,21,6
3710,622,2,14
3711,622,12,22
3712,622,18,1
3713,622,19,13
3714,622,22,13
3715,623,20,17
3716,623,9,18
3717,623,20,12
3718,623,5,23
3719,623,8,11
3720,623,16,5
3721,624,11,8
3722,624,0,14
3723,624,10,13
3724,624,20,12
3725,625,1,19
3726,625,3,21
3727,625,15,22
3728,625,14,1
3729,625,11,2
3730,625,19,7
3731,626,0,11
3732,626,19,5
3733,626,13,16
3734,626,10,6
3735,626,6,2
3736,626,3,22
3737,626,20,9
3738,626,11,2
3739,626,8,17
3740,626,17,7
3741,627,22,5
3742,627,3,7
3743,627,13,17
3744,627,2,14
3745,627,19,8
3746,627,18,5
3747,627,23,21
3748,628,21,4
3749,628,2,9
3750,628,11,19
3751,628,1,15
3752,628,14,5
3753,628,8,21
3754,628,18,10
3755,628,1,5
3756,629,16,14
3757,629,7,18
3758,630,0,3
3759,630,14,8
3760,630,23,5
3761,630,17,20
3762,630,24,10
3763,631,24,18
3764,631,8,2
3765,631,22,7
3766,631,18,15
3767,631,24,3
3768,631,15,5
3769,631,4,16
3770,631,8,24
3771,632,8,15
3772,632,12,23
3773,632,10,13
3774,632,24,7
3775,632,22,16
3776,632,19,1
3777,633,9,10
3778,633,9,16
3779,633,7,3
3780,633,10,24
3781,633,23,19
3782,633,24,18
3783,633,17,23
3784,634,3,15
3785,634,6,13
3786,634,0,18
3787,634,8,23
3788,634,8,12
3789,634,8,1
3790,635,6,15
3791,635,7,21
3792,635,16,6
3793,635,20,2
3794,635,23,5
3795,635,21,0
3796,636,12,19
3797,636,14,5
3798,636,1,20
3799,636,7,14
3800,636,19,22
3801,636,4,1
3802,637,22,6
3803,637,4,7
3804,637,3,14
3805,637,10,7
3806,638,18,16
3807,638,4,20
3808,638,5,19
3809,638,20,19
3810,638,9,10
3811,638,3,24
3812,639,14,1
3813,639,9,7
3814,639,18,24
3815,639,24,20
3816,639,10,17
3817,639,17,20
3818,639,20,2
3819,639,9,5
3820,639,12,8
3821,640,13,1
3822,640,3,9
3823,640,17,11
3824,640,20,5
3825,640,19,23
3826,640,5,21
3827,640,15,5
3828,640,24,22
3829,641,15,23
3830,641,5,12
3831,641,3,18
3832,642,19,16
3833,642,4,22
3834,642,9,7
3835,642,20,13
3836,642,7,5
3837,642,15,14
3838,643,6,24
3839,643,5,11
3840,643,6,2
3841,643,13,22
3842,643,13,20
3843,643,7,17
3844,643,17,24
3845,643,17,14
3846,643,5,15
3847,643,20,2
3848,644,3,20
3849,644,20,12
3850,644,9,13
3851,644,15,5
3852,644,14,24
3853,644,15,13
3854,644,3,7
3855,644,4,1
3856,644,6,19
3857,644,3,13
3858,644,23,6
3859,645,18,24
3860,646,22,2
3861,646,15,18
3862,646,5,9
3863,646,20,14
3864,646,17,6
3865,646,3,16
3866,646,21,15
3867,647,5,12
3868,647,16,20
3869,647,15,7
3870,647,23,4
3871,647,10,23
3872,647,12,16
3873,647,17,23
3874,648,5,18
3875,648,10,19
3876,648,7,24
3877,649,7,15
3878,649,13,10
3879,649,17,3
3880,649,15,17
3881,649,13,15
3882,649,24,11
3883,650,12,14
3884,650,24,5
3885,650,14,18
3886,650,20,10
3887,650,14,6
3888,651,20,19
3889,651,19,6
3890,651,0,10
3891,651,16,12
3892,651,7,22
3893,652,7,21
3894,652,13,15
3895,652,14,12
3896,652,10,20
3897,652,3,15
3898,652,7,1
3899,653,2,23
3900,653,9,15
3901,653,11,21
3902,653,21,6
3903,653,14,17
3904,654,5,17
3905,654,20,1
3906,654,13,7
3907,654,12,16
3908,654,4,10
3909,654,10,14
3910,654,17,13
3911,655,15,2
3912,655,4,21
3913,655,9,13
3914,655,0,2
3915,655,10,16
3916,655,0,21
3917,655,24,16
3918,655,14,2
3919,655,9,12
3920,656,1,9
3921,656,22,19
3922,656,12,19
3923,657,9,21
3924,657,22,24
3925,657,18,20
3926,657,22,0
3927,658,8,17
3928,658,13,21
3929,658,21,6
3930,658,7,9
3931,658,2,11
3932,658,3,22
3933,659,17,20
3934,659,10,12
3935,659,13,1
3936,660,18,1
3937,660,23,7
3938,660,19,2
3939,660,22,24
3940,660,10,16
3941,660,7,19
3942,660,0,15
3943,660,11,24
3944,661,12,6
3945,661,10,0
3946,661,11,17
3947,661,22,8
3948,661,1,11
3949,661,19,5
3950,661,23,6
3951,662,13,20
3952,662,24,20
3953,662,2,16
3954,662,7,22
3955,662,9,7
3956,662,5,18
3957,662,5,21
3958,662,0,17
3959,662,3,23
3960,663,17,5
3961,663,0,8
3962,663,9,23
3963,663,24,13
3964,663,13,7
3965,664,15,3
3966,664,12,5
3967,664,9,10
3968,664,7,16
3969,664,14,7
3970,665,14,11
3971,665,16,14
3972,665,9,0
3973,665,4,11
3974,665,16,12
3975,665,23,17
3976,665,19,2
3977,665,0,19
3978,665,4,21
3979,665,18,8
3980,666,12,14
3981,666,12,3
3982,666,18,8
3983,666,6,13
3984,667,17,24
3985,667,4,0
3986,667,2,16
3987,667,11,9
3988,667,0,21
3989,667,3,19
3990,667,15,21
3991,667,11,7
3992,667,21,13
3993,667,1,16
3994,668,13,9
3995,668,14,23
3996,668,14,24
3997,669,23,1
3998,669,22,6
3999,669,11,13
4000,669,1,21
4001,669,22,24
4002,669,4,17
4003,670,12,5
4004,670,19,7
4005,670,2,14
4006,670,8,12
4007,670,4,14
4008,670,8,10
4009,671,20,1
4010,671,12,8
4011,671,7,24
4012,671,1,4
4013,671,24,1
4014,671,18,15
4015,671,23,16
4016,671,24,3
4017,671,5,3
4018,672,0,15
4019,672,11,0
4020,672,2,19
4021,672,4,14
4022,672,3,6
4023,672,8,20
4024,672,16,20
4025,673,11,24
4026,673,21,12
4027,673,11,22
4028,673,1,22
4029,673,2,12
4030,674,24,6
4031,674,22,10
4032,674,2,12
4033,675,17,7
4034,675,11,4
4035,675,12,19
4036,675,17,11
4037,675,9,2
4038,675,12,16
4039,675,3,5
4040,676,2,0
4041,676,8,0
4042,677,1,21
4043,678,21,4
4044,678,20,7
4045,678,22,15
4046,678,11,13
4047,678,20,18
4048,678,21,7
4049,678,11,19
4050,679,19,22
4051,679,7,17
4052,679,12,14
4053,679,16,4
4054,679,2,19
4055,679,4,18
4056,680,18,16
4057,680,0,10
4058,680,0,15
4059,680,15,13
4060,680,10,22
4061,680,16,23
4062,680,6,4
4063,681,5,7
4064,681,22,11
4065,681,14,12
4066,681,8,10
4067,681,21,0
4068,682,14,4
4069,682,0,17
4070,682,18,4
4071,682,20,10
4072,682,4,11
4073,682,1,16
4074,682,1,10
4075,682,19,12
4076,682,21,12
4077,682,5,8
4078,682,18,5
4079,683,9,15
4080,683,22,14
4081,683,16,8
4082,683,23,21
4083,683,14,16
4084,683,11,15
4085,684,0,7
4086,684,15,13
4087,684,2,6
4088,684,22,10
4089,684,11,17
4090,684,12,18
4091,684,0,21
4092,684,18,1
4093,685,16,1
4094,685,11,18
4095,685,21,5
4096,685,20,17
4097,685,0,3
4098,686,9,19
4099,686,3,11
4100,687,5,20
4101,687,20,18
4102,687,6,0
4103,687,20,6
4104,687,22,24
4105,687,11,0
4106,687,21,7
4107,688,18,14
4108,688,11,24
4109,688,9,24
4110,688,19,10
4111,688,6,10
4112,688,1,3
4113,689,3,17
4114,689,14,3
4115,689,10,19
4116,689,20,16
4117,690,3,11
4118,690,19,6
4119,690,16,7
4120,690,22,0
4121,690,10,23
4122,690,13,3
4123,690,4,5
4124,690,18,0
4125,691,19,15
4126,691,20,3
4127,691,17,0
4128,691,13,22
4129,691,12,3
4130,692,21,10
4131,692,4,23
4132,692,15,21
4133,692,8,16
4134,692,24,1
4135,693,19,13
4136,693,22,1
4137,693,18,11
4138,693,5,4
4139,693,23,14
4140,693,24,13
4141,693,16,23
4142,693,24,15
4143,693,1,4
4144,693,21,7
4145,694,12,9
4146,694,19,5
4147,694,3,5
4148,694,8,0
4149,694,9,2
4150,694,4,19
4151,695,16,8
4152,695,8,0
4153,695,3,23
4154,695,19,17
4155,695,11,22
4156,696,15,11
4157,696,20,0
4158,696,10,2
4159,696,22,7
4160,696,1,16
4161,696,14,23
4162,696,24,18
4163,697,4,17
4164,697,19,4
4165,697,22,9
4166,697,24,2
4167,697,9,16
4168,697,10,13
4169,698,2,9
4170,698,21,15
4171,698,21,12
4172,698,20,3
4173,698,15,22
4174,698,20,18
4175,698,2,0
4176,699,19,6
4177,699,0,23
4178,699,6,18
4179,700,24,8
4180,700,10,9
4181,700,13,5
4182,700,4,19
4183,700,24,17
4184,700,18,24
4185,700,8,17
4186,700,17,24
4187,700,6,18
4188,701,17,11
4189,701,10,17
4190,701,21,8
4191,701,20,19
4192,701,9,2
4193,701,8,16
4194,701,1,7
4195,702,1,11
4196,702,15,12
4197,702,2,19
4198,702,10,2
4199,702,8,16
4200,702,21,12
4201,703,8,12
4202,703,15,7
4203,703,5,15
4204,703,23,13
4205,703,0,15
4206,703,22,0
4207,704,16,5
4208,704,21,3
4209,704,6,20
4210,704,11,1
4211,704,22,11
4212,704,1,23
4213,704,18,0
4214,704,9,21
4215,704,19,4
4216,704,13,0
4217,705,3,18
4218,705,18,7
4219,705,2,0
4220,705,17,0
4221,705,3,10
4222,705,6,0
4223,706,14,23
4224,706,17,9
4225,706,21,11
4226,706,0,18
4227,706,1,16
4228,706,21,4
4229,706,20,9
4230,706,11,4
4231,706,12,8
4232,707,0,2
4233,707,2,14
4234,708,18,20
4235,708,6,24
4236,708,3,19
4237,708,1,12
4238,708,10,23
4239,708,3,14
4240,708,11,1
4241,708,21,7
4242,708,3,20
4243,709,20,22
4244,709,0,19
4245,709,23,17
4246,709,3,14
4247,709,24,12
4248,709,16,24
4249,709,24,22
4250,710,8,1
4251,710,23,13
4252,710,10,19
4253,710,10,6
4254,710,2,22
4255,710,18,3
4256,710,7,5
4257,710,19,13
4258,710,13,11
4259,711,3,22
4260,711,14,16
4261,711,4,6
4262,711,23,12
4263,711,21,1
4264,711,0,3
4265,711,3,1
4266,711,1,5
4267,711,7,23
4268,712,1,4
4269,712,9,23
4270,712,17,19
4271,712,13,1
4272,712,3,21
4273,712,0,22
4274,712,14,23
4275,712,14,22
4276,712,11,17
4277,713,20,24
4278,713,16,6
4279,714,11,0
4280,714,5,23
4281,715,23,8
4282,715,15,8
4283,715,12,15
4284,715,9,5
4285,715,13,3
4286,716,7,10
4287,716,8,6
4288,716,20,24
4289,717,5,3
4290,717,0,3
4291,717,5,9
4292,717,23,12
4293,717,14,4
4294,717,0,6
4295,717,23,4
4296,717,6,14
4297,717,19,21
4298,717,22,0
4299,718,1,16
4300,718,16,5
4301,718,9,1
4302,718,1,7
4303,718,14,5
4304,718,11,22
4305,719,23,3
4306,720,1,19
4307,720,24,20
4308,720,3,17
4309,721,17,7
4310,721,12,10
4311,721,19,17
4312,721,21,15
4313,721,0,2
4314,721,23,21
4315,721,3,18
4316,721,9,23
4317,721,24,8
4318,721,17,21
4319,722,14,5
4320,722,0,2
4321,722,15,1
4322,722,4,18
4323,722,21,18
4324,723,17,0
4325,723,15,5
4326,723,22,8
4327,723,16,7
4328,724,22,0
4329,724,22,9
4330,724,23,4
4331,724,22,4
4332,724,5,24
4333,725,20,3
4334,725,19,16
4335,725,3,21
4336,725,16,9
4337,725,20,0
4338,725,0,12
4339,726,20,7
4340,726,12,14
4341,726,7,13
4342,726,11,1
4343,726,5,24
4344,726,5,17
4345,726,20,5
4346,726,16,9
4347,727,3,11
4348,727,1,20
4349,728,17,10
4350,728,6,10
4351,728,24,12
4352,728,23,5
4353,729,5,21
4354,729,6,22
4355,729,0,4
4356,729,20,13
4357,729,8,1
4358,731,8,0
4359,731,18,21
4360,731,5,3
4361,731,24,8
4362,731,23,6
4363,732,6,18
4364,732,17,5
4365,732,15,6
4366,732,12,8
4367,732,9,21
4368,732,3,21
4369,732,13,17
4370,732,7,9
4371,733,5,22
4372,733,21,0
4373,733,16,24
4374,733,14,4
4375,733,8,5
4376,733,21,4
4377,733,8,17
4378,733,22,1
4379,733,3,9
4380,734,21,5
4381,734,23,10
4382,734,4,8
4383,734,17,13
4384,734,23,20
4385,734,9,21
4386,734,13,7
4387,735,10,14
4388,735,4,21
4389,735,12,22
4390,736,3,7
4391,736,15,9
4392,736,19,8
4393,736,2,10
4394,736,19,8
4395,737,19,4
4396,737,3,1
4397,738,16,5
4398,738,3,7
4399,738,9,19
4400,738,7,17
4401,738,3,22
4402,738,1,19
4403,739,24,15
4404,739,15,17
4405,739,7,21
4406,739,3,20
4407,739,0,12
4408,740,10,4
4409,740,23,21
4410,740,16,19
4411,740,5,8
4412,740,5,9
4413,741,0,17
4414,741,4,8
4415,741,19,9
4416,742,4,15
4417,742,7,11
4418,742,23,5
4419,742,16,8
4420,742,20,18
4421,742,9,3
4422,743,5,21
4423,743,16,20
4424,743,9,2
4425,743,11,17
4426,744,10,12
4427,744,13,22
4428,744,0,3
4429,744,1,15
4430,744,19,20
4431,745,3,5
4432,745,21,4
4433,745,4,19
4434,745,7,18
4435,745,23,21
4436,745,22,1
4437,745,24,5
4438,746,6,19
4439,746,11,4
4440,746,3,22
4441,746,4,21
4442,746,16,10
4443,746,8,15
4444,746,12,6
4445,747,14,12
4446,747,24,4
4447,747,12,15
4448,747,20,22
4449,748,17,14
4450,748,17,0
4451,749,17,19
4452,749,10,8
4453,749,2,14
4454,749,15,11
4455,749,11,0
4456,749,10,0
4457,749,24,3
4458,749,24,7
4459,749,10,16
4460,750,14,4
4461,750,5,9
4462,750,2,15
4463,750,4,7
4464,750,6,18
4465,750,13,17
4466,750,4,17
4467,750,18,14
4468,750,8,22
4469,750,5,1
4470,751,24,6
4471,751,8,4
4472,751,24,20
4473,751,5,9
4474,751,6,16
4475,751,20,7
4476,752,14,7
4477,752,11,13
4478,752,0,23
4479,752,14,5
4480,752,12,18
4481,752,23,8
4482,752,21,17
4483,752,12,20
4484,753,18,8
4485,753,0,2
4486,753,0,4
4487,754,14,18
4488,754,14,16
4489,754,13,1
4490,754,14,3
4491,755,22,24
4492,755,4,8
4493,755,8,0
4494,755,19,6
4495,756,1,19
4496,756,21,13
4497,756,12,24
4498,756,7,4
4499,756,3,12
4500,756,0,18
4501,756,22,10
4502,757,19,7
4503,757,24,3
4504,757,5,7
4505,757,4,23
4506,757,1,8
4507,757,7,16
4508,757,6,9
4509,757,0,21
4510,757,5,2
4511,758,23,17
4512,758,15,24
4513,758,18,15
4514,758,20,18
4515,758,6,10
4516,758,9,13
4517,759,19,4
4518,759,10,12
4519,759,22,12
4520,759,7,10
4521,759,1,23
4522,759,8,6
4523,760,1,17
4524,760,1,5
4525,760,0,3
4526,760,0,4
4527,761,14,12
4528,761,12,3
4529,761,5,19
4530,762,21,24
4531,762,12,10
4532,762,14,23
4533,762,19,13
4534,762,9,6
4535,762,6,18
4536,763,12,5
4537,763,3,18
4538,763,22,2
4539,763,10,2
4540,763,6,2
4541,763,15,5
4542,763,5,17
4543,764,10,6
4544,764,23,5
4545,764,14,5
4546,765,1,4
4547,765,16,18
4548,765,9,10
4549,765,18,15
4550,765,2,0
4551,765,5,12
4552,765,5,7
4553,765,14,6
4554,765,5,14
4555,766,15,1
4556,767,9,22
4557,767,20,16
4558,768,19,10
4559,768,19,5
4560,768,0,23
4561,768,10,17
4562,768,11,3
4563,768,17,0
4564,768,10,9
4565,769,22,4
4566,769,20,12
4567,769,10,24
4568,769,24,2
4569,769,19,17
4570,770,23,13
4571,770,13,5
4572,770,0,24
4573,770,4,0
4574,770,13,2
4575,770,17,14
4576,770,7,24
4577,771,12,6
4578,771,5,11
4579,771,19,9
4580,771,4,10
4581,771,10,9
4582,771,21,7
4583,771,9,20
4584,771,4,19
4585,772,0,12
4586,772,22,16
4587,772,2,24
4588,772,20,22
4589,772,0,7
4590,772,22,12
4591,773,4,0
4592,773,8,18
4593,773,12,14
4594,773,4,13
4595,773,4,20
4596,773,9,5
4597,774,24,17
4598,774,4,17
4599,774,10,21
4600,774,19,1
4601,774,14,11
4602,775,10,18
4603,775,22,18
4604,775,1,16
4605,775,15,9
4606,775,14,21
4607,775,13,22
4608,775,16,10
4609,776,10,8
4610,776,13,21
4611,776,4,19
4612,776,10,23
4613,776,20,7
4614,776,12,5
4615,776,14,22
4616,776,2,13
4617,777,2,10
4618,777,5,11
4619,777,21,6
4620,777,9,17
4621,778,4,8
4622,778,20,11
4623,778,22,1
4624,778,0,21
4625,779,16,3
4626,779,21,6
4627,779,20,7
4628,780,2,6
4629,780,2,23
4630,781,8,18
4631,781,12,18
4632,781,16,13
4633,781,21,19
4634,781,7,0
4635,781,16,7
4636,781,9,16
4637,781,5,17
4638,781,4,1
4639,782,1,23
4640,782,17,5
4641,782,13,6
4642,782,7,16
4643,782,12,14
4644,782,4,23
4645,782,11,20
4646,782,8,16
4647,782,3,21
4648,783,24,5
4649,783,14,5
4650,783,22,11
4651,784,15,22
4652,784,17,6
4653,784,9,2
4654,784,3,11
4655,784,3,11
4656,785,21,23
4657,785,5,16
4658,785,21,7
4659,785,22,8
4660,785,20,14
4661,785,15,11
4662,786,16,24
4663,786,0,13
4664,786,3,22
4665,786,4,1
4666,786,7,16
4667,786,8,0
4668,786,0,7
4669,787,10,7
4670,787,21,12
4671,787,2,9
4672,787,21,1
4673,787,22,11
4674,787,14,2
4675,787,19,2
4676,788,18,4
4677,788,2,20
4678,789,5,24
4679,789,2,13
4680,789,21,24
4681,789,9,6
4682,789,2,0
4683,789,24,22
4684,789,21,18
4685,789,2,17
4686,789,24,0
4687,789,14,3
4688,789,9,2
4689,789,13,22
4690,789,16,4
4691,789,0,3
4692,789,11,19
4693,790,9,16
4694,790,9,16
4695,791,12,2
4696,791,23,16
4697,791,6,24
4698,791,19,15
4699,791,8,23
4700,791,7,1
4701,791,15,18
4702,791,18,6
4703,791,4,16
4704,791,8,19
4705,791,0,11
4706,791,1,17
4707,792,18,15
4708,792,4,15
4709,792,8,1
4710,792,12,18
4711,792,7,5
4712,793,4,7
4713,793,20,2
4714,793,0,6
4715,794,3,5
4716,794,24,1
4717,794,24,20
4718,794,9,12
4719,794,19,17
4720,795,6,14
4721,795,24,4
4722,795,3,23
4723,795,21,23
4724,795,7,20
4725,796,6,8
4726,796,24,10
4727,796,15,3
4728,796,6,8
4729,797,21,9
4730,797,22,16
4731,797,20,23
4732,797,23,5
4733,797,17,10
4734,797,20,4
4735,798,4,7
4736,798,12,21
4737,798,11,17
4738,798,2,14
4739,799,10,1
4740,799,22,20
4741,799,20,17
4742,799,13,24
4743,799,6,21
4744,799,24,6
4745,800,18,7
4746,800,17,20
4747,800,6,2
4748,800,17,13
4749,800,9,16
4750,801,14,0
4751,801,22,6
4752,801,11,5
4753,801,17,24
4754,801,3,11
4755,801,23,9
4756,801,4,16
4757,801,21,9
4758,801,6,4
4759,801,8,18
4760,802,0,20
4761,802,0,19
4762,802,19,16
4763,803,12,9
4764,803,11,8
4765,803,4,18
4766,803,21,4
4767,803,10,4
4768,804,4,20
4769,804,9,6
4770,804,16,0
4771,804,24,15
4772,804,7,15
4773,804,19,13
4774,804,0,17
4775,805,4,2
4776,805,6,24
4777,805,22,4
4778,806,12,14
4779,806,24,15
4780,806,11,7
4781,806,23,20
4782,807,23,17
4783,807,17,5
4784,807,16,20
4785,807,22,0
4786,807,24,16
4787,808,6,0
4788,808,20,6
4789,808,17,2
4790,808,3,6
4791,808,8,10
4792,809,11,0
4793,809,9,11
4794,809,20,17
4795,809,18,7
4796,809,1,14
4797,810,13,21
4798,810,20,2
4799,810,12,5
4800,810,8,21
4801,810,14,22
4802,810,23,17
4803,810,1,22
4804,811,21,19
4805,811,1,12
4806,811,16,2
4807,811,15,7
4808,811,0,13
4809,811,10,13
4810,811,0,11
4811,811,8,18
4812,812,18,0
4813,812,12,14
4814,812,3,12
4815,812,15,21
4816,812,0,4
4817,812,21,3
4818,813,6,21
4819,813,14,16
4820,813,22,13
4821,813,16,10
4822,814,1,18
4823,814,19,0
4824,814,10,13
4825,814,23,10
4826,814,15,11
4827,814,8,17
4828,814,20,10
4829,815,9,23
4830,815,13,11
4831,815,13,4
4832,816,15,14
4833,816,3,0
4834,817,4,14
4835,817,0,12
4836,817,8,11
4837,817,1,5
4838,817,23,13
4839,817,0,18
4840,817,14,18
4841,818,7,11
4842,818,8,14
4843,818,13,15
4844,819,16,2
4845,819,7,13
4846,819,22,2
4847,819,13,23
4848,819,6,19
4849,820,4,17
4850,820,21,6
4851,820,24,14
4852,820,15,6
4853,820,23,7
4854,820,18,3
4855,820,13,2
4856,820,20,11
4857,821,14,4
4858,821,1,19
4859,821,10,1
4860,821,3,1
4861,821,10,23
4862,822,14,18
4863,822,1,4
4864,822,6,24
4865,823,2,5
4866,823,2,22
4867,823,4,24
4868,823,15,1
4869,823,18,14
4870,824,17,20
4871,824,8,1
4872,824,5,24
4873,824,9,5
4874,824,5,19
4875,824,23,7
4876,824,24,11
4877,825,15,9
4878,825,10,21
4879,825,22,1
4880,825,5,7
4881,825,18,0
4882,825,22,10
4883,825,5,9
4884,826,9,11
4885,827,19,7
4886,827,2,8
4887,827,8,14
4888,827,0,15
4889,827,2,20
4890,827,1,7
4891,827,13,7
4892,828,7,18
4893,828,8,20
4894,828,6,12
4895,828,14,6
4896,829,9,23
4897,829,18,3
4898,829,10,19
4899,829,17,13
4900,829,4,7
4901,829,6,0
4902,829,7,21
4903,830,1,12
4904,830,9,21
4905,830,6,14
4906,830,17,1
4907,830,23,8
4908,830,9,22
4909,831,9,21
4910,831,12,0
4911,831,9,24
4912,831,8,10
4913,832,19,22
4914,832,18,10
4915,832,19,5
4916,832,22,8
4917,832,12,24
4918,832,22,13
4919,833,9,16
4920,833,11,22
4921,833,3,21
4922,833,23,20
4923,833,3,12
4924,833,12,18
4925,834,8,2
4926,834,11,19
4927,834,22,9
4928,834,4,22
4929,834,20,9
4930,834,0,15
4931,834,21,5
4932,834,12,8
4933,834,16,20
4934,835,6,18
4935,835,22,20
4936,835,6,15
4937,835,3,9
4938,835,0,10
4939,836,2,13
4940,836,0,7
4941,836,6,12
4942,836,23,17
4943,836,21,15
4944,836,22,9
4945,836,7,4
4946,836,22,19
4947,837,5,7
4948,837,19,22
4949,837,0,12
4950,837,11,13
4951,838,18,21
4952,838,18,4
4953,838,14,5
4954,838,16,13
4955,838,7,20
4956,838,0,19
4957,839,19,17
4958,839,17,23
4959,839,1,9
4960,839,0,6
4961,839,13,7
4962,839,22,14
4963,839,18,0
4964,839,5,24
4965,839,4,5
4966,839,22,24
4967,839,19,5
4968,840,12,9
4969,840,9,12
4970,840,10,17
4971,840,20,8
4972,840,2,9
4973,841,0,20
4974,841,15,24
4975,841,0,13
4976,841,20,6
4977,841,3,7
4978,842,1,4
4979,842,11,20
4980,842,6,16
4981,842,0,14
4982,842,24,14
4983,842,13,3
4984,842,10,1
4985,842,18,4
4986,843,23,14
4987,843,15,6
4988,843,7,16
4989,843,7,3
4990,843,0,12
4991,843,8,16
4992,843,19,8
4993,843,20,18
4994,843,2,12
4995,843,5,13
4996,844,20,12
4997,844,6,15
4998,844,12,23
4999,844,22,16
5000,844,0,23
5001,844,4,17
5002,844,9,13
5003,844,23,16
5004,844,12,2
5005,844,10,14
5006,845,24,6
5007,845,6,4
5008,845,0,6
5009,845,11,4
5010,845,18,7
5011,845,6,13
5012,845,24,16
5013,845,16,20
5014,845,10,9
5015,845,1,12
5016,845,18,24
5017,845,6,13
5018,845,16,23
5019,846,17,19
5020,846,7,16
5021,846,2,20
5022,846,11,13
5023,846,9,10
5024,847,5,12
5025,847,18,3
5026,847,4,18
5027,847,24,15
5028,847,4,12
5029,848,18,3
5030,848,6,0
5031,848,8,14
5032,848,12,23
5033,848,11,24
5034,849,10,16
5035,849,20,8
5036,849,16,20
5037,849,4,5
5038,850,0,8
5039,850,24,4
5040,850,2,12
5041,850,16,20
5042,850,17,1
5043,850,0,18
5044,850,5,16
5045,850,11,0
5046,850,22,5
5047,850,11,21
5048,850,20,1
5049,851,14,2
5050,851,17,1
5051,851,10,3
5052,851,1,11
5053,851,4,2
5054,851,20,13
5055,851,10,9
5056,851,20,14
5057,852,4,13
5058,852,20,19
5059,853,8,12
5060,853,14,7
5061,853,0,4
5062,853,20,10
5063,853,1,3
5064,853,22,6
5065,853,3,14
5066,853,22,1
5067,853,0,24
5068,854,14,5
5069,854,11,14
5070,854,6,13
5071,854,11,21
5072,854,17,19
5073,854,20,4
5074,855,24,9
5075,855,10,7
5076,855,10,19
5077,855,24,15
5078,855,5,12
5079,855,1,5
5080,855,20,7
5081,855,21,12
5082,856,23,5
5083,856,15,8
5084,856,18,2
5085,856,2,16
5086,856,9,24
5087,857,8,15
5088,857,3,17
5089,857,4,22
5090,857,17,3
5091,858,23,4
5092,858,10,9
5093,858,9,22
5094,858,12,6
5095,858,14,1
5096,858,7,24
5097,859,22,18
5098,859,16,5
5099,859,20,0
5100,859,4,15
5101,860,16,10
5102,860,5,22
5103,860,17,10
5104,860,0,15
5105,860,12,21
5106,860,21,5
5107,861,13,10
5108,861,9,19
5109,861,3,17
5110,861,14,16
5111,861,18,21
5112,861,2,19
5113,861,9,7
5114,862,8,16
5115,862,13,4
5116,862,12,20
5117,862,12,14
5118,862,18,21
5119,862,19,7
5120,862,8,17
5121,863,3,19
5122,863,3,22
5123,863,21,2
5124,863,0,9
5125,863,6,10
5126,863,4,24
5127,864,10,21
5128,864,10,24
5129,864,14,16
5130,864,22,6
5131,865,24,6
5132,865,2,23
5133,865,2,20
5134,865,10,21
5135,865,9,12
5136,865,19,5
5137,865,3,20
5138,865,6,23
5139,866,18,2
5140,866,22,18
5141,866,6,18
5142,866,14,18
5143,866,21,23
5144,867,4,12
5145,867,16,4
5146,867,17,21
5147,868,24,3
5148,868,3,19
5149,869,9,2
5150,869,17,9
5151,869,5,3
5152,869,2,0
5153,869,24,12
5154,869,21,9
5155,869,22,5
5156,870,8,22
5157,870,10,23
5158,870,9,22
5159,870,20,0
5160,871,24,8
5161,871,2,16
5162,871,12,15
5163,871,23,16
5164,871,15,6
5165,871,19,11
5166,872,13,16
5167,872,0,19
5168,872,1,12
5169,872,17,20
5170,872,15,5
5171,872,22,20
5172,872,24,9
5173,872,10,6
5174,872,22,0
5175,873,13,2
5176,873,24,20
5177,873,9,21
5178,873,0,19
5179,873,16,4
5180,873,7,22
5181,874,0,21
5182,874,20,3
5183,874,11,18
5184,874,0,7
5185,874,14,11
5186,874,21,18
5187,875,20,22
5188,875,6,13
5189,875,19,4
5190,875,3,11
5191,875,8,2
5192,875,24,6
5193,875,2,15
5194,875,13,20
5195,876,4,12
5196,877,23,9
5197,877,24,16
5198,877,20,0
5199,877,20,1
5200,877,15,17
5201,877,23,1
5202,877,10,16
5203,878,22,15
5204,878,9,13
5205,878,2,4
5206,878,5,3
5207,879,18,21
5208,879,4,1
5209,879,3,13
5210,880,0,18
5211,880,23,2
5212,880,3,9
5213,880,3,20
5214,880,23,11
5215,880,24,10
5216,880,9,2
5217,880,19,9
5218,881,14,5
5219,881,23,14
5220,881,19,3
5221,881,18,21
5222,881,20,18
5223,882,14,3
5224,882,13,20
5225,882,8,15
5226,882,21,10
5227,882,11,22
5228,882,11,3
5229,882,21,6
5230,882,17,13
5231,882,24,10
5232,882,21,4
5233,883,23,16
5234,883,4,5
5235,883,4,12
5236,883,23,6
5237,883,10,20
5238,883,22,4
5239,883,15,21
5240,883,0,23
5241,884,12,3
5242,884,4,20
5243,884,4,2
5244,884,9,1
5245,884,20,13
5246,885,6,9
5247,885,3,19
5248,885,6,13
5249,885,10,21
5250,885,24,4
5251,885,16,18
5252,885,19,3
5253,886,20,10
5254,886,5,20
5255,886,1,11
5256,886,4,18
5257,886,12,4
5258,886,1,11
5259,886,12,10
5260,887,5,21
5261,887,2,6
5262,887,17,19
5263,887,4,24
5264,887,6,22
5265,887,23,3
5266,887,0,4
5267,887,10,14
5268,888,13,11
5269,888,12,23
5270,889,8,16
5271,889,19,3
5272,889,4,20
5273,889,13,2
5274,889,7,24
5275,889,5,12
5276,890,23,8
5277,890,8,11
5278,890,5,23
5279,890,24,17
5280,890,10,3
5281,890,10,24
5282,891,3,22
5283,891,18,3
5284,891,0,11
5285,891,22,5
5286,891,15,3
5287,892,21,15
5288,892,22,4
5289,892,13,15
5290,893,6,20
5291,893,14,4
5292,893,22,3
5293,893,0,22
5294,894,3,7
5295,894,5,24
5296,894,17,11
5297,894,11,5
5298,894,18,10
5299,894,3,10
5300,895,0,4
5301,895,3,17
5302,895,14,23
5303,896,14,11
5304,896,16,1
5305,896,19,8
5306,897,15,6
5307,897,16,9
5308,897,8,21
5309,897,3,22
5310,897,24,21
5311,898,3,13
5312,898,10,17
5313,898,23,0
5314,898,22,14
5315,898,7,20
5316,898,23,17
5317,899,20,14
5318,899,2,20
5319,899,12,22
5320,899,19,21
5321,899,5,14
5322,900,20,23
5323,900,8,18
5324,900,7,22
5325,900,1,14
5326,900,16,9
5327,900,21,2
5328,900,6,19
5329,900,22,6
5330,900,13,21
5331,901,14,0
5332,901,18,10
5333,901,18,11
5334,901,3,14
5335,901,21,19
5336,901,16,2
5337,901,11,5
5338,902,22,16
5339,902,15,9
5340,902,17,8
5341,902,12,21
5342,902,4,12
5343,902,23,2
5344,902,11,8
5345,902,24,14
5346,902,19,0
5347,902,15,21
5348,903,11,15
5349,903,8,6
5350,903,7,3
5351,903,19,22
5352,903,0,7
5353,903,4,6
5354,903,17,6
5355,904,21,4
5356,904,16,5
5357,904,17,0
5358,904,11,21
5359,904,7,1
5360,904,24,9
5361,904,5,17
5362,904,16,3
5363,904,3,12
5364,905,9,22
5365,905,1,9
5366,905,14,15
5367,906,14,11
5368,906,22,15
5369,906,21,17
5370,906,11,14
5371,906,11,22
5372,906,19,15
5373,906,21,4
5374,906,21,8
5375,906,11,3
5376,907,24,7
5377,907,14,5
5378,908,11,2
5379,908,12,19
5380,908,5,23
5381,908,10,20
5382,908,5,4
5383,908,16,19
5384,908,15,1
5385,908,6,13
5386,908,19,10
5387,909,6,20
5388,909,1,12
5389,909,23,21
5390,909,4,12
5391,909,10,20
5392,910,15,23
5393,910,24,16
5394,910,24,12
5395,910,4,22
5396,911,6,4
5397,911,11,14
5398,911,8,17
5399,911,9,15
5400,912,6,21
5401,912,14,24
5402,912,24,14
5403,912,15,17
5404,912,13,3
5405,912,8,18
5406,912,1,17
5407,913,1,18
5408,913,3,15
5409,913,3,11
5410,913,7,1
5411,913,12,24
5412,913,15,13
5413,914,9,10
5414,914,1,18
5415,914,15,19
5416,914,20,3
5417,914,11,7
5418,915,1,10
5419,915,24,17
5420,915,8,4
5421,915,18,14
5422,916,0,2
5423,916,3,11
5424,916,21,14
5425,916,3,16
5426,916,24,15
5427,916,11,14
5428,916,20,5
5429,916,4,17
5430,917,5,8
5431,917,17,19
5432,917,1,13
5433,917,14,20
5434,918,10,16
5435,918,14,17
5436,918,13,0
5437,918,14,17
5438,918,5,23
5439,919,21,0
5440,919,8,21
5441,919,23,4
5442,919,0,15
5443,920,9,13
5444,920,11,5
5445,920,20,0
5446,920,13,0
5447,921,8,12
5448,921,5,14
5449,921,11,22
5450,921,15,0
5451,921,16,22
5452,921,0,16
5453,922,9,7
5454,922,6,17
5455,922,13,1
5456,922,24,8
5457,922,22,16
5458,923,22,5
5459,923,19,17
5460,924,8,14
5461,924,14,17
5462,924,10,4
5463,925,12,16
5464,925,16,9
5465,925,20,23
5466,925,22,0
5467,925,18,5
5468,925,8,16
5469,925,24,3
5470,925,13,2
5471,926,9,22
5472,926,4,1
5473,926,1,4
5474,926,20,2
5475,926,4,2
5476,926,14,23
5477,926,20,3
5478,927,21,7
5479,927,17,2
5480,927,11,5
5481,927,22,5
5482,927,0,7
5483,927,8,21
5484,928,1,5
5485,928,24,22
5486,928,12,5
5487,928,10,19
5488,929,1,3
5489,929,22,9
5490,929,23,1
5491,930,16,9
5492,930,0,2
5493,930,2,15
5494,930,4,20
5495,930,14,7
5496,930,24,11
5497,930,1,9
5498,930,0,3
5499,931,11,13
5500,931,11,15
5501,931,20,23
5502,931,3,23
5503,931,23,1
5504,931,5,24
5505,931,0,14
5506,931,17,3
5507,932,9,2
5508,932,15,21
5509,932,15,19
5510,933,4,12
5511,933,22,10
5512,934,23,13
5513,934,12,24
5514,934,22,14
5515,934,15,23
5516,935,24,16
5517,935,17,6
5518,935,22,7
5519,935,11,13
5520,935,14,17
5521,935,17,0
5522,935,16,8
5523,935,2,22
5524,935,12,8
5525,935,7,21
5526,936,10,12
5527,936,17,15
5528,936,2,17
5529,936,9,22
5530,936,24,17
5531,936,3,16
5532,937,2,9
5533,937,22,7
5534,938,13,23
5535,938,1,23
5536,938,11,14
5537,938,21,3
5538,938,9,1
5539,938,15,12
5540,938,9,3
5541,938,22,9
5542,938,16,10
5543,938,8,24
5544,938,21,24
5545,938,13,24
5546,938,14,0
5547,939,6,22
5548,939,6,20
5549,939,18,8
5550,939,4,2
5551,939,18,22
5552,939,17,6
5553,939,19,22
5554,939,14,12
5555,940,4,23
5556,940,11,15
5557,940,20,3
5558,940,0,21
5559,940,16,12
5560,941,21,2
5561,941,20,7
5562,941,14,17
5563,941,9,5
5564,941,13,22
5565,941,20,22
5566,942,0,21
5567,942,17,0
5568,942,3,15
5569,942,4,14
5570,942,19,22
5571,942,21,19
5572,943,16,18
5573,943,19,3
5574,943,9,15
5575,943,6,10
5576,944,20,13
5577,944,6,23
5578,944,16,2
5579,944,7,15
5580,944,18,6
5581,944,16,12
5582,944,13,5
5583,944,21,0
5584,945,9,18
5585,945,10,2
5586,945,15,21
5587,945,20,3
5588,945,9,12
5589,946,12,5
5590,946,10,9
5591,946,10,14
5592,946,23,7
5593,946,10,21
5594,946,10,19
5595,946,7,5
5596,946,12,9
5597,946,19,6
5598,946,14,3
5599,947,24,3
5600,947,10,8
5601,947,10,13
5602,948,17,21
5603,948,5,9
5604,948,18,9
5605,948,20,13
5606,948,24,8
5607,949,2,9
5608,949,24,12
5609,949,11,1
5610,949,15,11
5611,949,11,0
5612,949,19,9
5613,950,14,3
5614,950,22,1
5615,950,4,5
5616,950,8,2
5617,950,15,1
5618,950,9,20
5619,950,2,10
5620,950,0,8
5621,951,16,10
5622,951,3,21
5623,951,1,8
5624,951,15,6
5625,952,14,15
5626,952,1,19
5627,953,2,19
5628,953,19,0
5629,953,14,11
5630,953,12,9
5631,953,14,21
5632,954,3,12
5633,954,18,15
5634,954,0,11
5635,954,18,10
5636,954,5,7
5637,955,19,21
5638,955,16,18
5639,955,1,7
5640,955,2,8
5641,955,5,7
5642,956,15,6
5643,956,24,1
5644,956,0,19
5645,956,8,12
5646,957,16,2
5647,957,6,2
5648,957,0,3
5649,957,22,12
5650,957,12,24
5651,957,19,11
5652,957,7,19
5653,957,2,23
5654,958,14,1
5655,958,16,12
5656,958,13,17
5657,958,6,3
5658,958,11,15
5659,958,0,18
5660,959,1,23
5661,959,18,9
5662,959,22,14
5663,959,13,6
5664,959,0,7
5665,959,4,24
5666,959,18,14
5667,959,12,23
5668,959,4,14
5669,960,1,24
5670,960,15,24
5671,960,12,6
5672,960,3,11
5673,960,11,20
5674,960,13,20
5675,960,12,4
5676,960,17,13
5677,960,21,4
5678,961,22,13
5679,961,16,22
5680,962,7,1
5681,962,21,4
5682,963,5,17
5683,963,6,0
5684,963,24,12
5685,963,24,6
5686,964,14,15
5687,964,24,21
5688,964,12,8
5689,965,12,3
5690,965,6,2
5691,965,14,4
5692,965,4,11
5693,965,20,4
5694,965,21,23
5695,966,12,18
5696,966,2,9
5697,966,0,9
5698,966,10,22
5699,966,4,22
5700,966,12,1
5701,966,2,20
5702,967,3,20
5703,967,6,23
5704,967,2,15
5705,967,9,23
5706,967,22,3
5707,968,14,23
5708,968,19,17
5709,968,11,18
5710,968,4,17
5711,968,7,20
5712,968,16,5
5713,968,23,7
5714,969,6,0
5715,969,8,12
5716,969,2,24
5717,969,21,19
5718,969,16,8
5719,969,22,9
5720,970,5,23
5721,970,21,12
5722,970,8,21
5723,970,11,24
5724,970,9,3
5725,970,22,11
5726,970,22,10
5727,970,1,19
5728,971,1,21
5729,971,3,18
5730,971,19,21
5731,971,24,5
5732,972,1,14
5733,972,22,6
5734,972,12,8
5735,972,11,24
5736,972,13,4
5737,972,15,11
5738,972,19,1
5739,973,12,14
5740,973,13,6
5741,973,1,9
5742,973,15,2
5743,973,16,18
5744,973,23,17
5745,973,20,17
5746,973,24,11
5747,974,13,16
5748,974,2,23
5749,975,4,16
5750,975,4,21
5751,975,19,15
5752,975,23,8
5753,975,10,20
5754,975,17,24
5755,975,19,2
5756,975,12,5
5757,975,9,15
5758,975,18,3
5759,975,20,19
5760,975,6,21
5761,975,7,19
5762,976,9,19
5763,976,17,14
5764,976,3,18
5765,976,5,2
5766,976,13,19
5767,977,9,18
5768,977,10,22
5769,978,23,14
5770,978,10,23
5771,978,18,15
5772,978,4,21
5773,979,15,17
5774,979,24,14
5775,980,7,9
5776,980,5,18
5777,980,3,14
5778,980,22,15
5779,980,11,24
5780,980,18,12
5781,981,13,0
5782,981,13,4
5783,981,5,14
5784,981,4,11
5785,981,17,15
5786,981,4,2
5787,982,0,3
5788,982,23,8
5789,982,16,23
5790,982,10,21
5791,982,21,3
5792,982,9,1
5793,982,22,16
5794,982,5,14
5795,983,12,6
5796,983,22,4
5797,983,17,21
5798,983,10,14
5799,983,8,10
5800,983,16,22
5801,983,16,22
5802,983,22,15
5803,984,23,11
5804,984,15,11
5805,984,6,22
5806,984,12,22
5807,984,24,3
5808,984,9,6
5809,984,11,22
5810,984,0,10
5811,984,7,22
5812,984,24,10
5813,985,16,18
5814,985,19,9
5815,985,11,15
5816,985,11,5
5817,985,7,17
5818,986,23,5
5819,986,20,13
5820,986,24,5
5821,986,0,13
5822,986,5,24
5823,986,15,23
5824,987,17,8
5825,987,2,4
5826,987,10,6
5827,987,3,19
5828,987,15,13
5829,987,6,3
5830,988,9,23
5831,988,3,1
5832,988,2,22
5833,988,11,7
5834,988,6,20
5835,988,16,23
5836,988,24,3
5837,988,10,20
5838,988,5,13
5839,990,0,19
5840,990,9,16
5841,990,4,21
5842,990,10,23
5843,991,22,5
5844,991,12,15
5845,991,17,3
5846,991,13,0
5847,991,11,2
5848,991,4,22
5849,991,13,21
5850,991,4,15
5851,991,6,20
5852,992,5,1
5853,992,15,23
5854,992,3,18
5855,992,1,17
5856,992,19,23
5857,992,10,18
5858,992,12,8
5859,993,16,4
5860,993,10,3
5861,993,17,21
5862,993,12,21
5863,993,18,3
5864,993,14,8
5865,994,7,16
5866,994,14,17
5867,994,8,17
5868,995,1,9
5869,996,9,7
5870,996,10,4
5871,997,2,22
5872,997,12,24
5873,997,21,18
5874,997,0,12
5875,997,20,19
5876,997,19,12
5877,998,10,23
5878,998,11,2
5879,998,17,23
5880,998,22,9
5881,999,4,15
5882,999,9,10
5883,1000,20,19
5884,1000,15,5
5885,1001,15,24
5886,1001,13,24
5887,1002,13,7
5888,1002,8,17
5889,1002,1,16
5890,1002,13,16
5891,1002,21,18
5892,1003,22,6
5893,1003,20,1
5894,1003,22,18
5895,1003,2,11
5896,1003,24,5
5897,1003,13,1
5898,1003,7,14
5899,1004,3,22
5900,1004,14,2
5901,1004,16,14
5902,1004,20,2
5903,1004,13,23
5904,1004,15,4
5905,1005,19,10
5906,1005,4,20
5907,1005,14,15
5908,1005,14,6
5909,1005,6,8
5910,1005,18,5
5911,1005,12,20
5912,1006,18,22
5913,1006,15,3
5914,1006,4,18
5915,1006,20,5
5916,1006,23,20
5917,1006,21,15
5918,1007,13,15
5919,1007,23,7
5920,1007,18,21
5921,1008,0,2
5922,1008,16,2
5923,1009,2,20
5924,1009,6,19
5925,1009,11,17
5926,1009,0,2
5927,1009,23,16
5928,1010,23,4
5929,1010,5,9
5930,1010,0,17
5931,1011,2,11
5932,1011,16,23
5933,1012,18,1
5934,1012,15,0
5935,1012,22,2
5936,1012,21,18
5937,1012,23,21
5938,1012,16,6
5939,1012,17,13
5940,1013,17,21
5941,1013,12,5
5942,1013,13,9
5943,1013,22,0
5944,1013,10,23
5945,1014,1,3
5946,1014,9,3
5947,1014,22,16
5948,1014,20,3
5949,1014,4,2
5950,1015,13,23
5951,1015,9,7
5952,1016,22,9
5953,1016,5,23
5954,1016,3,21
5955,1016,6,17
5956,1016,9,23
5957,1016,15,3
5958,1016,12,5
5959,1016,10,2
5960,1016,22,10
5961,1017,2,10
5962,1017,18,1
5963,1017,20,5
5964,1018,24,0
5965,1018,3,22
5966,1018,23,3
5967,1018,11,14
5968,1018,13,0
5969,1019,22,4
5970,1019,22,20
5971,1019,19,9
5972,1019,6,22
5973,1019,19,13
5974,1019,20,0
5975,1019,17,11
5976,1020,24,7
5977,1020,11,22
5978,1020,15,24
5979,1020,2,21
5980,1020,1,24
5981,1020,8,4
5982,1020,9,18
5983,1020,17,4
5984,1020,21,12
5985,1020,22,24
5986,1020,4,14
5987,1020,18,20
5988,1021,6,0
5989,1021,17,24
5990,1021,13,22
5991,1021,1,10
5992,1021,6,12
5993,1022,10,4
5994,1022,6,9
5995,1022,7,1
5996,1023,19,11
5997,1023,5,17
5998,1023,23,14
5999,1023,15,12
6000,1023,19,8
6001,1024,1,4
6002,1024,5,16
6003,1024,8,12
6004,1024,0,2
6005,1024,2,4
6006,1025,6,9
6007,1025,23,9
6008,1025,21,6
6009,1025,3,6
6010,1025,3,15
6011,1026,15,19
6012,1026,5,8
6013,1026,9,19
6014,1026,17,7
6015,1026,16,14
6016,1026,22,14
6017,1026,21,14
6018,1027,0,12
6019,1027,14,21
6020,1027,14,10
6021,1027,14,8
6022,1027,19,21
6023,1027,1,24
6024,1027,11,7
6025,1027,3,17
6026,1027,20,2
6027,1027,21,11
6028,1028,13,7
6029,1028,8,21
6030,1028,5,18
6031,1028,4,17
6032,1028,7,5
6033,1029,5,4
6034,1029,14,17
6035,1029,13,21
6036,1029,22,5
6037,1029,22,8
6038,1029,6,10
6039,1029,17,24
6040,1030,21,1
6041,1030,13,9
6042,1030,7,23
6043,1030,16,9
6044,1030,11,9
6045,1030,18,24
6046,1030,18,5
6047,1030,1,23
6048,1031,19,2
6049,1031,6,2
6050,1031,3,14
6051,1031,8,10
6052,1031,14,18
6053,1031,22,9
6054,1031,3,9
6055,1031,2,8
6056,1031,19,0
6057,1031,16,22
6058,1031,18,6
6059,1032,16,3
6060,1032,17,21
6061,1032,12,18
6062,1032,18,11
6063,1032,4,8
6064,1032,18,8
6065,1032,3,16
6066,1032,9,24
6067,1033,15,18
6068,1033,4,19
6069,1033,6,4
6070,1033,24,3
6071,1034,14,21
6072,1034,14,15
6073,1034,22,19
6074,1034,21,18
6075,1034,22,4
6076,1034,17,4
6077,1035,3,23
6078,1035,10,16
6079,1035,21,9
6080,1035,16,6
6081,1035,23,4
6082,1035,15,9
6083,1035,8,21
6084,1035,16,7
6085,1036,18,20
6086,1036,13,9
6087,1036,15,0
6088,1036,18,1
6089,1037,12,21
6090,1037,6,21
6091,1037,0,4
6092,1037,10,8
6093,1037,21,15
6094,1037,10,16
6095,1037,9,22
6096,1038,2,19
6097,1038,5,19
6098,1038,5,4
6099,1038,2,6
6100,1038,5,20
6101,1038,18,24
6102,1039,9,7
6103,1039,24,9
6104,1039,9,6
6105,1039,18,12
6106,1040,5,23
6107,1040,22,4
6108,1040,18,15
6109,1040,21,6
6110,1040,9,6
6111,1040,8,15
6112,1040,7,23
6113,1040,19,12
6114,1041,14,22
6115,1041,2,4
6116,1041,22,6
6117,1041,23,0
6118,1041,8,4
6119,1041,20,5
6120,1041,12,5
6121,1042,18,10
6122,1042,7,5
6123,1042,18,4
6124,1042,0,19
6125,1043,1,21
6126,1043,11,22
6127,1043,12,19
6128,1043,2,5
6129,1043,19,22
6130,1044,23,13
6131,1044,16,13
6132,1044,3,19
6133,1044,14,22
6134,1044,13,16
6135,1044,7,5
6136,1044,19,11
6137,1044,12,24
6138,1045,22,18
6139,1045,7,19
6140,1046,1,20
6141,1046,13,17
6142,1046,12,24
6143,1046,15,7
6144,1046,24,20
6145,1046,7,24
6146,1046,4,12
6147,1046,8,16
6148,1046,17,0
6149,1047,12,23
6150,1047,5,13
6151,1047,2,21
6152,1047,12,3
6153,1047,5,20
6154,1047,15,23
6155,1048,18,24
6156,1048,11,1
6157,1048,4,19
6158,1048,3,18
6159,1048,7,14
6160,1048,5,14
6161,1049,24,16
6162,1049,13,10
6163,1049,17,2
6164,1049,9,12
6165,1049,10,0
6166,1049,6,23
6167,1050,9,7
6168,1050,2,8
6169,1050,24,18
6170,1050,16,5
6171,1050,7,24
6172,1051,20,4
6173,1051,6,21
6174,1051,2,21
6175,1051,13,4
6176,1051,7,23
6177,1052,11,9
6178,1052,13,0
6179,1052,2,16
6180,1052,9,22
6181,1052,10,6
6182,1052,1,8
6183,1053,4,17
6184,1053,23,8
6185,1053,15,18
6186,1053,19,5
6187,1054,24,7
6188,1054,4,24
6189,1054,19,23
6190,1055,13,1
6191,1055,16,12
6192,1055,0,11
6193,1055,16,13
6194,1055,3,0
6195,1055,17,9
6196,1056,9,19
6197,1056,7,19
6198,1056,5,2
6199,1056,23,8
6200,1056,21,10
6201,1056,0,3
6202,1056,23,12
6203,1056,4,18
6204,1056,21,17
6205,1056,23,11
6206,1056,16,23
6207,1057,18,12
6208,1057,6,20
6209,1057,11,0
6210,1057,18,8
6211,1057,11,5
6212,1057,4,8
6213,1057,7,21
6214,1057,10,3
6215,1057,10,3
6216,1058,20,3
6217,1058,6,18
6218,1058,10,14
6219,1058,16,23
6220,1058,14,23
6221,1058,16,5
6222,1058,24,0
6223,1058,10,22
6224,1059,22,20
6225,1059,19,16
6226,1059,0,14
6227,1059,0,17
6228,1059,22,12
6229,1059,24,16
6230,1059,24,1
6231,1060,4,10
6232,1060,0,6
6233,1060,0,3
6234,1060,3,23
6235,1060,1,8
6236,1060,2,11
6237,1060,6,19
6238,1060,23,9
6239,1060,5,8
6240,1060,19,5
6241,1061,4,11
6242,1061,7,16
6243,1061,7,21
6244,1061,3,6
6245,1061,2,10
6246,1061,24,15
6247,1062,18,14
6248,1062,9,19
6249,1062,8,11
6250,1062,20,22
6251,1062,13,10
6252,1062,6,24
6253,1062,4,19
6254,1063,2,20
6255,1063,20,14
6256,1063,10,12
6257,1063,20,7
6258,1063,21,13
6259,1063,20,17
6260,1064,13,16
6261,1064,1,10
6262,1064,20,18
6263,1065,1,18
6264,1065,16,1
6265,1065,21,9
6266,1065,11,21
6267,1065,23,6
6268,1065,5,24
6269,1065,11,24
6270,1065,11,19
6271,1065,21,14
6272,1065,2,10
6273,1066,12,6
6274,1066,12,3
6275,1066,11,0
6276,1066,3,24
6277,1066,0,6
6278,1067,2,12
6279,1067,1,10
6280,1067,11,14
6281,1067,1,20
6282,1067,20,7
6283,1067,20,2
6284,1067,8,4
6285,1067,13,10
6286,1068,13,9
6287,1068,5,17
6288,1068,14,3
6289,1068,19,1
6290,1068,21,11
6291,1069,1,12
6292,1069,18,8
6293,1069,1,12
6294,1069,10,18
6295,1069,20,3
6296,1069,14,22
6297,1069,3,20
6298,1070,14,2
6299,1070,19,0
6300,1070,22,8
6301,1071,18,14
6302,1071,20,0
6303,1071,5,1
6304,1071,7,24
6305,1071,14,3
6306,1071,22,11
6307,1072,0,2
6308,1072,5,23
6309,1072,2,13
6310,1072,7,9
6311,1072,8,20
6312,1072,9,16
6313,1073,23,17
6314,1073,14,22
6315,1073,7,20
6316,1073,13,6
6317,1073,22,2
6318,1073,8,23
6319,1074,24,3
6320,1074,6,2
6321,1074,18,15
6322,1075,18,22
6323,1075,13,3
6324,1075,22,20
6325,1075,4,7
6326,1076,8,14
6327,1076,21,2
6328,1076,21,7
6329,1076,14,5
6330,1076,4,22
6331,1076,23,17
6332,1076,20,3
6333,1076,20,18
6334,1077,8,21
6335,1077,6,20
6336,1077,20,6
6337,1077,13,2
6338,1077,24,17
6339,1077,7,14
6340,1077,10,23
6341,1077,7,15
6342,1078,13,3
6343,1078,5,12
6344,1078,8,5
6345,1078,9,2
6346,1078,7,13
6347,1078,9,23
6348,1078,24,21
6349,1079,21,23
6350,1079,7,9
6351,1079,21,3
6352,1079,6,24
6353,1080,12,20
6354,1080,12,15
6355,1080,19,11
6356,1080,23,1
6357,1080,14,21
6358,1081,13,22
6359,1081,21,2
6360,1081,21,14
6361,1081,0,22
6362,1082,2,14
6363,1082,7,11
6364,1082,10,9
6365,1082,21,13
6366,1082,20,10
6367,1082,0,4
6368,1082,9,2
6369,1082,15,14
6370,1082,19,2
6371,1082,12,9
6372,1082,18,7
6373,1083,19,13
6374,1083,8,10
6375,1083,4,5
6376,1083,0,4
6377,1083,11,0
6378,1083,12,5
6379,1084,13,16
6380,1084,5,9
6381,1084,24,14
6382,1085,0,7
6383,1085,8,2
6384,1085,14,23
6385,1085,7,11
6386,1085,1,7
6387,1085,2,22
6388,1085,11,22
6389,1086,2,23
6390,1086,2,19
6391,1086,22,5
6392,1086,21,14
6393,1086,17,3
6394,1087,2,0
6395,1087,10,23
6396,1087,2,24
6397,1087,4,20
6398,1087,15,12
6399,1087,20,22
6400,1087,12,14
6401,1088,1,20
6402,1088,3,19
6403,1088,9,16
6404,1088,12,8
6405,1088,14,3
6406,1088,7,22
6407,1088,4,22
6408,1089,9,13
6409,1089,19,3
6410,1089,7,14
6411,1089,23,3
6412,1089,16,14
6413,1089,21,3
6414,1089,17,0
6415,1090,0,18
6416,1090,18,8
6417,1090,20,14
6418,1090,9,19
6419,1091,11,18
6420,1091,6,23
6421,1092,2,17
6422,1092,2,6
6423,1093,0,20
6424,1093,5,3
6425,1093,1,3
6426,1093,3,5
6427,1093,11,1
6428,1093,19,0
6429,1093,22,1
6430,1093,15,5
6431,1093,1,17
6432,1094,11,7
6433,1094,1,18
6434,1094,12,24
6435,1094,19,12
6436,1095,7,4
6437,1095,20,23
6438,1095,11,15
6439,1095,6,13
6440,1095,9,11
6441,1095,11,4
6442,1095,13,22
6443,1095,17,4
6444,1096,23,21
6445,1096,23,21
6446,1096,10,13
6447,1096,24,21
6448,1096,13,11
6449,1096,18,2
6450,1096,3,21
6451,1097,20,24
6452,1097,7,14
6453,1097,22,8
6454,1097,0,7
6455,1097,11,2
6456,1097,9,11
6457,1097,22,19
6458,1097,19,11
6459,1098,3,23
6460,1098,23,3
6461,1098,24,15
6462,1099,22,10
6463,1099,7,18
6464,1099,2,22
6465,1099,3,12
6466,1100,17,23
6467,1100,11,14
6468,1100,22,4
6469,1100,1,9
6470,1100,19,0
6471,1100,17,13
6472,1101,0,15
6473,1101,2,21
6474,1101,8,4
6475,1101,7,5
6476,1101,23,10
6477,1101,12,9
6478,1101,7,22
6479,1101,12,4
6480,1101,10,0
6481,1101,0,19
6482,1102,20,14
6483,1102,10,7
6484,1103,21,10
6485,1103,9,2
6486,1103,0,21
6487,1103,23,20
6488,1103,16,13
6489,1103,8,5
6490,1103,9,23
6491,1103,4,24
6492,1104,16,24
6493,1104,20,3
6494,1105,0,7
6495,1105,19,6
6496,1105,15,12
6497,1105,12,18
6498,1105,16,9
6499,1106,13,7
6500,1106,2,24
6501,1106,1,8
6502,1106,5,3
6503,1107,7,16
6504,1107,7,19
6505,1107,6,20
6506,1107,2,9
6507,1107,7,24
6508,1107,13,23
6509,1108,1,7
6510,1108,19,17
6511,1108,3,13
6512,1108,22,4
6513,1108,6,13
6514,1109,4,20
6515,1109,16,23
6516,1109,11,4
6517,1109,22,5
6518,1110,18,21
6519,1110,14,2
6520,1111,6,8
6521,1111,0,10
6522,1111,16,6
6523,1111,22,18
6524,1111,16,19
6525,1112,23,7
6526,1112,16,24
6527,1112,13,5
6528,1112,23,15
6529,1112,22,4
6530,1113,16,20
6531,1113,22,15
6532,1113,20,16
6533,1113,2,5
6534,1113,19,4
6535,1113,12,4
6536,1113,23,8
6537,1113,9,20
6538,1113,12,15
6539,1113,10,9
6540,1113,10,13
6541,1113,20,8
6542,1114,6,22
6543,1114,8,10
6544,1114,1,14
6545,1114,0,3
6546,1115,12,1
6547,1115,13,20
6548,1115,7,17
6549,1115,4,8
6550,1115,10,23
6551,1115,5,1
6552,1115,21,6
6553,1115,17,10
6554,1116,19,22
6555,1116,15,19
6556,1116,1,12
6557,1116,11,20
6558,1116,3,9
6559,1116,12,0
6560,1116,6,20
6561,1116,11,23
6562,1116,23,2
6563,1116,7,18
6564,1117,11,22
6565,1117,19,20
6566,1117,14,18
6567,1117,19,7
6568,1118,8,4
6569,1118,22,12
6570,1118,9,1
6571,1118,13,19
6572,1118,5,16
6573,1118,2,22
6574,1118,20,23
6575,1118,11,3
6576,1118,4,10
6577,1119,19,13
6578,1119,1,7
6579,1119,22,18
6580,1119,11,23
6581,1120,21,4
6582,1120,20,16
6583,1120,2,19
6584,1120,0,19
6585,1120,12,14
6586,1120,10,7
6587,1120,10,3
6588,1120,6,8
6589,1120,8,21
6590,1120,23,4
6591,1121,15,12
6592,1121,15,1
6593,1121,5,3
6594,1122,3,19
6595,1122,16,2
6596,1122,0,19
6597,1123,21,10
6598,1123,0,4
6599,1123,2,5
6600,1123,13,7
6601,1123,15,6
6602,1123,22,16
6603,1124,20,1
6604,1124,3,18
6605,1124,1,11
6606,1124,1,14
6607,1124,21,3
6608,1124,2,23
6609,1124,23,20
6610,1125,5,17
6611,1125,8,5
6612,1125,0,3
6613,1125,15,0
6614,1125,1,4
6615,1125,5,13
6616,1125,6,15
6617,1125,2,19
6618,1125,10,18
6619,1125,11,24
6620,1125,1,15
6621,1125,4,13
6622,1125,3,7
6623,1125,15,18
6624,1126,16,10
6625,1126,18,5
6626,1127,0,3
6627,1127,10,0
6628,1127,14,1
6629,1127,0,19
6630,1127,16,20
6631,1128,1,16
6632,1128,0,11
6633,1128,0,11
6634,1128,24,2
6635,1128,9,5
6636,1128,16,13
6637,1128,3,18
6638,1129,3,9
6639,1129,1,17
6640,1129,14,2
6641,1129,1,8
6642,1129,13,9
6643,1129,14,5
6644,1129,23,13
6645,1130,18,24
6646,1130,18,5
6647,1130,10,3
6648,1131,7,20
6649,1131,23,11
6650,1131,8,5
6651,1131,19,12
6652,1131,3,15
6653,1131,4,10
6654,1132,1,16
6655,1133,22,10
6656,1133,2,16
6657,1133,4,17
6658,1133,17,13
6659,1133,1,10
6660,1133,5,17
6661,1133,21,8
6662,1133,7,14
6663,1133,13,2
6664,1134,21,7
6665,1134,4,22
6666,1134,19,16
6667,1134,23,17
6668,1134,10,6
6669,1134,8,4
6670,1135,3,17
6671,1135,21,23
6672,1135,5,19
6673,1135,12,3
6674,1135,18,11
6675,1135,3,19
6676,1135,3,0
6677,1135,12,18
6678,1136,14,0
6679,1136,18,7
6680,1136,24,6
6681,1137,3,10
6682,1137,15,14
6683,1137,18,16
6684,1137,10,8
6685,1137,20,18
6686,1137,19,20
6687,1137,10,4
6688,1137,8,19
6689,1137,4,24
6690,1137,22,8
6691,1137,21,4
6692,1137,24,4
6693,1137,24,16
6694,1137,21,17
6695,1137,20,10
6696,1138,14,15
6697,1138,12,2
6698,1138,0,9
6699,1138,17,11
6700,1138,10,16
6701,1138,14,15
6702,1138,9,18
6703,1138,14,7
6704,1139,4,24
6705,1139,4,24
6706,1139,24,6
6707,1139,21,19
6708,1139,5,9
6709,1139,21,3
6710,1139,4,13
6711,1140,23,4
6712,1140,24,20
6713,1140,14,5
6714,1140,0,11
6715,1140,0,17
6716,1140,18,0
6717,1141,1,7
6718,1141,3,21
6719,1141,19,11
6720,1141,10,2
6721,1141,10,3
6722,1141,8,18
6723,1141,6,16
6724,1141,18,20
6725,1141,13,20
6726,1142,19,20
6727,1143,24,13
6728,1143,15,14
6729,1143,8,1
6730,1143,8,24
6731,1144,3,0
6732,1144,9,24
6733,1144,16,19
6734,1144,10,12
6735,1144,14,10
6736,1144,11,8
6737,1144,10,16
6738,1144,8,20
6739,1144,23,16
6740,1144,10,19
6741,1144,19,15
6742,1145,12,20
6743,1145,10,14
6744,1145,6,8
6745,1146,10,23
6746,1146,15,4
6747,1146,11,4
6748,1146,23,5
6749,1146,14,2
6750,1146,10,6
6751,1146,14,8
6752,1146,1,13
6753,1147,18,12
6754,1147,20,6
6755,1147,24,10
6756,1147,24,18
6757,1147,13,9
6758,1147,16,19
6759,1147,2,13
6760,1147,15,13
6761,1147,17,8
6762,1148,5,23
6763,1148,24,11
6764,1148,8,17
6765,1148,13,6
6766,1148,11,21
6767,1148,10,20
6768,1148,22,24
6769,1149,22,11
6770,1149,2,16
6771,1149,3,9
6772,1150,16,8
6773,1150,4,13
6774,1150,1,24
6775,1150,10,4
6776,1150,3,11
6777,1150,11,22
6778,1150,0,21
6779,1151,9,10
6780,1151,22,9
6781,1151,20,1
6782,1151,13,6
6783,1151,19,13
6784,1151,9,3
6785,1151,17,23
6786,1152,14,2
6787,1153,24,8
6788,1153,3,21
6789,1153,1,23
6790,1153,5,13
6791,1153,4,11
6792,1153,15,1
6793,1153,20,24
6794,1154,23,5
6795,1154,18,21
6796,1154,10,23
6797,1154,0,17
6798,1154,2,24
6799,1154,19,13
6800,1155,20,18
6801,1155,19,4
6802,1155,6,22
6803,1155,1,4
6804,1156,15,19
6805,1156,11,14
6806,1156,24,20
6807,1156,22,0
6808,1156,2,21
6809,1156,1,4
6810,1156,3,7
6811,1156,20,4
6812,1157,3,22
6813,1157,5,16
6814,1158,11,2
6815,1158,15,5
6816,1158,15,24
6817,1158,3,24
6818,1158,10,2
6819,1158,17,7
6820,1158,6,3
6821,1159,19,1
6822,1159,8,21
6823,1159,13,24
6824,1160,24,8
6825,1160,8,24
6826,1160,5,23
6827,1160,5,3
6828,1160,8,2
6829,1161,14,16
6830,1161,11,7
6831,1161,7,24
6832,1161,21,10
6833,1161,10,20
6834,1161,8,21
6835,1162,11,18
6836,1162,9,18
6837,1162,15,21
6838,1162,15,0
6839,1163,3,12
6840,1163,8,10
6841,1164,5,21
6842,1164,0,23
6843,1164,0,12
6844,1164,17,9
6845,1164,5,14
6846,1164,16,9
6847,1164,10,21
6848,1165,24,18
6849,1165,21,18
6850,1165,18,5
6851,1165,21,23
6852,1165,14,20
6853,1165,15,0
6854,1166,14,15
6855,1166,1,20
6856,1166,24,7
6857,1166,15,2
6858,1166,19,17
6859,1167,2,11
6860,1167,9,2
6861,1167,14,6
6862,1167,6,0
6863,1167,22,10
6864,1168,2,16
6865,1168,16,4
6866,1168,9,18
6867,1168,23,17
6868,1168,17,23
6869,1168,18,1
6870,1169,15,13
6871,1169,15,7
6872,1169,21,12
6873,1169,11,21
6874,1169,18,21
6875,1169,17,6
6876,1169,18,22
6877,1169,5,23
6878,1169,14,11
6879,1170,5,16
6880,1170,5,23
6881,1170,0,18
6882,1170,9,24
6883,1170,17,4
6884,1170,6,8
6885,1171,8,10
6886,1171,9,1
6887,1171,21,19
6888,1171,8,12
6889,1171,19,13
6890,1171,8,23
6891,1171,10,14
6892,1171,23,5
6893,1171,23,14
6894,1171,14,0
6895,1171,15,22
6896,1171,7,17
6897,1172,23,0
6898,1172,4,13
6899,1172,4,11
6900,1172,10,8
6901,1172,8,23
6902,1173,16,6
6903,1173,8,23
6904,1173,14,2
6905,1173,18,6
6906,1173,10,7
6907,1174,6,16
6908,1174,11,22
6909,1174,8,17
6910,1175,23,20
6911,1175,22,14
6912,1175,0,3
6913,1175,2,9
6914,1175,1,21
6915,1176,15,5
6916,1176,10,4
6917,1176,17,0
6918,1176,17,19
6919,1176,23,2
6920,1176,19,20
6921,1176,7,18
6922,1176,13,17
6923,1177,4,12
6924,1177,21,11
6925,1177,23,7
6926,1177,10,2
6927,1177,3,12
6928,1178,3,7
6929,1178,24,20
6930,1178,7,14
6931,1178,21,11
6932,1178,2,13
6933,1178,7,9
6934,1178,8,11
6935,1179,16,19
6936,1179,2,17
6937,1179,15,23
6938,1179,7,15
6939,1179,16,2
6940,1179,23,6
6941,1179,2,19
6942,1179,18,7
6943,1179,17,20
6944,1179,13,7
6945,1179,8,15
6946,1180,4,11
6947,1180,14,24
6948,1180,13,20
6949,1180,12,14
6950,1180,7,15
6951,1180,8,12
6952,1181,22,4
6953,1181,18,15
6954,1181,0,2
6955,1181,17,9
6956,1181,20,19
6957,1182,16,18
6958,1182,12,5
6959,1182,10,13
6960,1183,19,21
6961,1183,18,9
6962,1183,23,20
6963,1183,13,5
6964,1183,3,10
6965,1183,5,24
6966,1183,15,1
6967,1183,0,19
6968,1183,14,5
6969,1183,1,7
6970,1184,21,1
6971,1184,23,17
6972,1184,8,2
6973,1184,17,21
6974,1184,7,13
6975,1184,10,9
6976,1184,10,0
6977,1184,6,3
6978,1184,12,15
6979,1184,15,1
6980,1185,4,23
6981,1185,23,2
6982,1185,22,19
6983,1185,8,16
6984,1185,23,9
6985,1185,6,19
6986,1185,16,7
6987,1185,14,3
6988,1186,8,20
6989,1186,13,1
6990,1186,14,22
6991,1187,12,22
6992,1187,11,1
6993,1188,14,6
6994,1188,0,4
6995,1188,11,7
6996,1188,15,9
6997,1189,16,8
6998,1189,11,0
6999,1190,19,4
7000,1190,2,19
7001,1190,7,19
7002,1191,5,11
7003,1191,2,15
7004,1192,6,10
7005,1192,1,14
7006,1192,17,8
7007,1193,19,23
7008,1193,8,12
7009,1193,20,3
7010,1193,17,11
7011,1193,7,21
7012,1193,20,17
7013,1193,11,1
7014,1194,11,19
7015,1194,7,18
7016,1194,2,18
7017,1194,22,7
7018,1194,14,8
7019,1194,9,5
7020,1194,2,6
7021,1194,2,18
7022,1194,12,2
7023,1194,22,4
7024,1194,10,17
7025,1194,12,18
7026,1195,22,11
7027,1195,15,22
7028,1195,17,8
7029,1195,17,21
7030,1195,7,9
7031,1196,11,17
7032,1196,14,20
7033,1196,20,14
7034,1196,1,21
7035,1196,24,9
7036,1196,18,1
7037,1196,16,4
7038,1197,23,21
7039,1197,8,5
7040,1197,9,1
7041,1197,17,4
7042,1197,21,6
7043,1197,7,18
7044,1198,22,9
7045,1198,7,4
7046,1198,1,15
7047,1198,20,2
7048,1198,16,9
7049,1198,4,7
7050,1198,5,12
7051,1198,11,9
7052,1198,14,7
7053,1198,19,7
7054,1198,5,21
7055,1198,22,15
7056,1198,3,15
7057,1199,16,4
7058,1199,21,24
7059,1199,19,16
7060,1200,18,12
7061,1200,17,15
7062,1200,20,18
7063,1201,4,11
7064,1201,3,9
7065,1201,4,18
7066,1201,2,23
7067,1201,14,16
7068,1202,0,18
7069,1202,17,4
7070,1202,0,21
7071,1202,7,5
7072,1202,16,9
7073,1203,23,12
7074,1203,10,6
7075,1203,19,8
7076,1203,23,1
7077,1203,12,20
7078,1204,24,2
7079,1204,0,7
7080,1204,6,12
7081,1204,21,15
7082,1204,13,19
7083,1204,3,5
7084,1204,11,3
7085,1204,12,20
7086,1205,24,15
7087,1205,18,21
7088,1205,0,18
7089,1206,0,9
7090,1206,6,9
7091,1206,6,19
7092,1206,22,13
7093,1206,17,0
7094,1207,13,15
7095,1207,13,16
7096,1207,21,15
7097,1207,19,5
7098,1207,6,17
7099,1207,0,11
7100,1207,24,20
7101,1207,18,20
7102,1208,20,13
7103,1208,3,23
7104,1208,24,15
7105,1208,12,14
7106,1208,3,20
7107,1208,16,0
7108,1208,8,18
7109,1208,22,11
7110,1208,13,21
7111,1208,1,14
7112,1208,13,11
7113,1208,24,20
7114,1209,23,5
7115,1209,17,7
7116,1209,6,15
7117,1210,7,11
7118,1210,4,16
7119,1210,12,9
7120,1211,19,8
7121,1211,12,4
7122,1211,2,24
7123,1211,4,13
7124,1211,4,10
7125,1211,12,2
7126,1211,4,6
7127,1211,9,6
7128,1211,12,18
7129,1211,7,19
7130,1212,8,21
7131,1212,5,24
7132,1212,0,20
7133,1212,10,18
7134,1212,1,11
7135,1213,5,16
7136,1213,18,5
7137,1213,2,6
7138,1214,3,5
7139,1214,2,11
7140,1214,15,1
7141,1215,8,0
7142,1215,22,10
7143,1215,15,7
7144,1215,10,14
7145,1215,20,3
7146,1216,14,23
7147,1216,23,9
7148,1216,13,11
7149,1217,10,4
7150,1217,16,14
7151,1217,24,20
7152,1218,16,23
7153,1218,12,19
7154,1218,24,20
7155,1218,24,17
7156,1218,4,21
7157,1218,21,13
7158,1218,17,19
7159,1218,2,19
7160,1219,17,9
7161,1219,18,1
7162,1219,4,8
7163,1219,10,1
7164,1220,8,1
7165,1220,5,21
7166,1220,6,10
7167,1220,20,9
7168,1221,10,13
7169,1221,21,1
7170,1221,7,1
7171,1221,10,13
7172,1222,0,2
7173,1222,2,24
7174,1222,20,11
7175,1222,1,11
7176,1222,22,19
7177,1223,20,14
7178,1223,4,13
7179,1223,24,5
7180,1223,16,8
7181,1224,18,10
7182,1224,15,12
7183,1224,16,2
7184,1224,14,16
7185,1224,16,0
7186,1224,11,7
7187,1225,11,22
7188,1225,15,13
7189,1225,21,23
7190,1225,7,17
7191,1226,12,9
7192,1226,20,13
7193,1226,19,5
7194,1226,12,9
7195,1226,17,3
7196,1226,15,1
7197,1226,7,11
7198,1226,18,12
7199,1226,17,24
7200,1226,3,11
7201,1226,14,12
7202,1227,8,10
7203,1227,9,18
7204,1227,17,24
7205,1227,9,21
7206,1228,12,6
7207,1228,7,11
7208,1228,16,18
7209,1228,14,4
7210,1228,6,20
7211,1228,24,9
7212,1228,2,16
7213,1228,7,13
7214,1229,24,16
7215,1229,24,11
7216,1229,2,6
7217,1229,7,11
7218,1229,12,4
7219,1229,8,24
7220,1229,12,18
7221,1229,11,14
7222,1229,0,17
7223,1230,11,5
7224,1231,23,2
7225,1231,16,4
7226,1231,3,9
7227,1231,16,13
7228,1231,15,14
7229,1231,7,22
7230,1231,7,5
7231,1232,3,11
7232,1232,10,6
7233,1232,5,14
7234,1232,14,3
7235,1232,17,1
7236,1232,24,18
7237,1232,23,6
7238,1232,24,2
7239,1232,16,20
7240,1232,11,24
7241,1232,6,15
7242,1233,12,1
7243,1233,4,5
7244,1233,2,4
7245,1233,15,1
7246,1233,8,2
7247,1233,0,10
7248,1233,2,21
7249,1234,17,21
7250,1234,24,11
7251,1234,0,17
7252,1234,3,24
7253,1234,1,18
7254,1234,12,0
7255,1234,1,10
7256,1234,3,22
7257,1234,13,11
7258,1235,8,0
7259,1235,18,11
7260,1235,15,12
7261,1235,3,17
7262,1236,23,4
7263,1236,17,7
7264,1236,19,23
7265,1236,11,5
7266,1236,10,24
7267,1236,16,2
7268,1237,22,15
7269,1237,1,5
7270,1237,3,0
7271,1237,17,1
7272,1237,14,1
7273,1237,15,11
7274,1237,21,9
7275,1238,7,24
7276,1238,17,21
7277,1238,11,15
7278,1239,10,8
7279,1239,3,17
7280,1239,5,19
7281,1239,5,17
7282,1239,16,20
7283,1239,18,9
7284,1240,3,11
7285,1240,4,2
7286,1240,9,3
7287,1240,20,9
7288,1240,19,8
7289,1240,2,19
7290,1240,19,15
7291,1241,13,9
7292,1241,14,2
7293,1241,15,2
7294,1241,10,19
7295,1241,0,24
7296,1241,22,15
7297,1241,1,14
7298,1241,15,21
7299,1241,12,10
7300,1242,7,16
7301,1242,19,22
7302,1242,18,15
7303,1242,11,17
7304,1242,13,16
7305,1243,5,11
7306,1243,21,23
7307,1243,23,15
7308,1243,19,5
7309,1243,8,19
7310,1243,24,20
7311,1243,12,9
7312,1244,20,8
7313,1244,7,22
7314,1245,22,2
7315,1245,15,5
7316,1245,14,17
7317,1245,14,6
7318,1245,22,14
7319,1245,4,14
7320,1245,22,11
7321,1245,19,22
7322,1246,24,4
7323,1246,16,12
7324,1246,18,9
7325,1246,20,13
7326,1246,19,1
7327,1246,18,7
7328,1246,12,8
7329,1246,9,23
7330,1247,24,22
7331,1247,15,21
7332,1247,8,11
7333,1247,15,17
7334,1247,7,3
7335,1247,21,23
7336,1248,16,5
7337,1248,20,16
7338,1249,3,20
7339,1249,20,8
7340,1249,7,22
7341,1249,13,3
7342,1249,23,11
7343,1250,15,19
7344,1250,20,10
7345,1250,19,4
7346,1250,15,13
7347,1250,10,8
7348,1250,22,4
7349,1251,0,18
7350,1251,12,24
7351,1251,0,14
7352,1251,15,22
7353,1252,0,16
7354,1252,9,23
7355,1252,12,22
7356,1252,16,20
7357,1252,22,9
7358,1252,3,19
7359,1252,8,10
7360,1253,14,7
7361,1253,3,6
7362,1253,3,6
7363,1253,23,1
7364,1254,4,0
7365,1254,16,12
7366,1255,13,5
7367,1255,16,22
7368,1255,4,19
7369,1255,18,21
7370,1255,12,10
7371,1256,4,18
7372,1256,6,9
7373,1256,10,19
7374,1256,17,3
7375,1256,20,18
7376,1257,1,11
7377,1257,5,15
7378,1258,16,4
7379,1258,9,0
7380,1258,19,5
7381,1258,8,10
7382,1258,22,18
7383,1258,20,18
7384,1258,13,15
7385,1258,3,5
7386,1258,2,21
7387,1258,6,17
7388,1259,18,7
7389,1259,11,4
7390,1259,10,21
7391,1259,24,1
7392,1259,22,13
7393,1259,15,2
7394,1259,16,5
7395,1259,11,13
7396,1260,7,20
7397,1260,21,9
7398,1260,1,3
7399,1260,15,17
7400,1260,22,5
7401,1260,16,7
7402,1260,20,24
7403,1260,2,11
7404,1260,4,7
7405,1260,23,17
7406,1261,21,7
7407,1261,6,23
7408,1261,15,1
7409,1261,19,4
7410,1261,15,6
7411,1262,20,14
7412,1262,16,19
7413,1262,22,9
7414,1262,16,1
7415,1262,0,24
7416,1262,15,9
7417,1262,11,19
7418,1262,17,1
7419,1263,9,20
7420,1263,17,15
7421,1263,18,5
7422,1264,6,2
7423,1264,24,18
7424,1264,1,9
7425,1265,16,13
7426,1265,17,13
7427,1265,19,6
7428,1265,2,11
7429,1265,22,13
7430,1265,9,11
7431,1266,23,2
7432,1266,17,0
7433,1266,3,24
7434,1266,3,9
7435,1266,10,23
7436,1267,23,2
7437,1267,24,18
7438,1267,18,9
7439,1267,0,17
7440,1267,19,11
7441,1267,1,8
7442,1267,13,0
7443,1267,24,2
7444,1267,12,0
7445,1268,1,4
7446,1268,4,12
7447,1268,3,5
7448,1268,11,23
7449,1268,18,24
7450,1268,4,7
7451,1268,1,23
7452,1268,13,16
7453,1268,16,2
7454,1268,19,15
7455,1268,8,15
7456,1268,1,5
7457,1269,1,14
7458,1269,4,8
7459,1269,23,4
7460,1270,13,20
7461,1270,1,14
7462,1270,2,14
7463,1270,10,7
7464,1271,22,3
7465,1271,19,22
7466,1271,18,7
7467,1271,22,10
7468,1271,6,2
7469,1271,13,7
7470,1271,12,15
7471,1271,24,11
7472,1271,1,19
7473,1271,16,19
7474,1271,11,17
7475,1272,2,12
7476,1272,16,12
7477,1272,21,2
7478,1272,23,11
7479,1272,21,6
7480,1272,10,12
7481,1272,3,9
7482,1272,17,10
7483,1273,15,9
7484,1273,11,24
7485,1273,12,24
7486,1273,18,0
7487,1274,18,0
7488,1274,15,3
7489,1274,10,3
7490,1275,10,9
7491,1275,14,11
7492,1275,20,19
7493,1275,9,2
7494,1276,23,16
7495,1276,18,12
7496,1276,10,8
7497,1276,16,0
7498,1276,11,4
7499,1276,0,9
7500,1276,15,18
7501,1276,11,14
7502,1276,21,6
7503,1277,16,23
7504,1277,9,17
7505,1277,12,19
7506,1277,1,8
7507,1277,9,1
7508,1277,3,11
7509,1277,10,9
7510,1277,8,24
7511,1277,15,8
7512,1277,7,22
7513,1277,15,0
7514,1277,4,5
7515,1278,1,24
7516,1278,16,7
7517,1278,7,16
7518,1278,17,8
7519,1278,21,4
7520,1278,8,22
7521,1278,5,3
7522,1278,23,6
7523,1279,10,13
7524,1279,24,15
7525,1279,0,11
7526,1279,7,19
7527,1279,13,2
7528,1279,18,4
7529,1279,8,2
7530,1279,13,4
7531,1280,13,17
7532,1280,22,4
7533,1280,20,7
7534,1280,9,18
7535,1280,24,12
7536,1280,10,14
7537,1280,8,22
7538,1280,15,24
7539,1281,18,15
7540,1281,13,3
7541,1281,8,5
7542,1281,20,18
7543,1281,17,15
7544,1281,24,7
7545,1281,18,24
7546,1281,13,1
7547,1281,6,8
7548,1282,3,15
7549,1282,2,4
7550,1282,15,17
7551,1282,24,10
7552,1282,24,13
7553,1282,7,14
7554,1282,22,6
7555,1283,10,2
7556,1283,3,24
7557,1283,24,1
7558,1283,5,14
7559,1283,17,7
7560,1283,7,11
7561,1283,0,9
7562,1284,12,9
7563,1284,9,24
7564,1284,20,14
7565,1284,15,2
7566,1284,14,0
7567,1285,18,24
7568,1285,4,6
7569,1285,17,6
7570,1286,11,14
7571,1286,4,16
7572,1287,16,4
7573,1287,21,14
7574,1287,2,6
7575,1287,17,3
7576,1287,22,8
7577,1287,6,16
7578,1287,22,11
7579,1287,3,20
7580,1287,16,14
7581,1287,2,18
7582,1288,19,6
7583,1288,21,19
7584,1288,3,6
7585,1288,18,0
7586,1288,0,6
7587,1288,9,22
7588,1289,23,13
7589,1289,22,0
7590,1289,20,14
7591,1289,23,12
7592,1289,10,23
7593,1290,15,11
7594,1290,14,15
7595,1290,12,23
7596,1290,9,10
7597,1290,20,18
7598,1290,7,17
7599,1290,14,3
7600,1290,1,15
7601,1290,15,14
7602,1291,8,1
7603,1291,13,23
7604,1291,19,22
7605,1291,19,17
7606,1292,14,10
7607,1292,10,3
7608,1292,3,12
7609,1292,4,19
7610,1292,20,3
7611,1292,9,20
7612,1293,6,9
7613,1293,22,20
7614,1293,3,13
7615,1294,6,23
7616,1294,12,6
7617,1294,7,19
7618,1294,2,19
7619,1295,16,24
7620,1295,3,13
7621,1295,20,16
7622,1295,24,16
7623,1295,11,18
7624,1295,21,2
7625,1295,10,4
7626,1295,3,21
7627,1295,15,3
7628,1296,19,15
7629,1296,7,19
7630,1296,2,9
7631,1297,5,14
7632,1297,22,13
7633,1297,4,15
7634,1297,24,4
7635,1297,0,20
7636,1297,1,14
7637,1297,8,1
7638,1297,24,0
7639,1298,22,1
7640,1298,0,8
7641,1298,19,4
7642,1298,2,12
7643,1298,18,4
7644,1298,6,0
7645,1298,12,23
7646,1298,22,11
7647,1298,9,24
7648,1299,1,15
7649,1299,14,11
7650,1299,12,20
7651,1300,2,11
7652,1300,3,21
7653,1300,21,24
7654,1300,15,14
7655,1300,23,21
7656,1300,7,1
7657,1301,10,4
7658,1301,9,15
7659,1301,20,0
7660,1301,24,0
7661,1301,2,21
7662,1301,4,20
7663,1301,6,8
7664,1302,6,17
7665,1302,15,14
7666,1302,9,24
7667,1302,14,1
7668,1302,9,18
7669,1303,0,15
7670,1303,2,11
7671,1303,22,4
7672,1303,7,13
7673,1303,6,12
7674,1303,0,7
7675,1303,0,15
7676,1303,20,0
7677,1304,5,20
7678,1304,0,8
7679,1304,20,14
7680,1304,23,12
7681,1304,16,22
7682,1304,7,19
7683,1305,13,4
7684,1305,15,18
7685,1306,5,7
7686,1306,5,1
7687,1306,14,16
7688,1306,2,15
7689,1306,16,23
7690,1306,12,5
7691,1306,8,22
7692,1306,1,21
7693,1306,8,5
7694,1306,8,12
7695,1306,9,12
7696,1306,24,14
7697,1307,19,8
7698,1307,11,19
7699,1307,17,5
7700,1307,16,0
7701,1308,0,17
7702,1308,0,14
7703,1308,24,17
7704,1308,13,2
7705,1308,11,19
7706,1308,24,20
7707,1308,2,12
7708,1308,2,21
7709,1309,0,2
7710,1309,6,12
7711,1309,18,4
7712,1309,13,4
7713,1309,24,9
7714,1309,7,1
7715,1309,11,8
7716,1310,15,24
7717,1310,20,22
7718,1310,20,13
7719,1311,14,10
7720,1311,11,15
7721,1311,4,2
7722,1311,20,14
7723,1311,1,13
7724,1311,1,13
7725,1312,19,21
7726,1312,19,1
7727,1312,12,22
7728,1313,22,13
7729,1313,15,23
7730,1314,17,5
7731,1314,10,14
7732,1314,6,3
7733,1314,11,20
7734,1314,17,24
7735,1315,12,20
7736,1315,11,14
7737,1315,9,0
7738,1316,20,17
7739,1316,9,16
7740,1316,24,9
7741,1316,6,20
7742,1316,16,19
7743,1317,1,12
7744,1317,8,0
7745,1317,2,13
7746,1317,16,19
7747,1317,0,18
7748,1317,1,5
7749,1317,18,7
7750,1317,17,23
7751,1317,4,20
7752,1318,17,1
7753,1318,15,1
7754,1318,4,13
7755,1318,1,3
7756,1318,7,21
7757,1318,16,13
7758,1318,10,18
7759,1318,13,21
7760,1319,5,1
7761,1319,3,1
7762,1319,17,15
7763,1319,6,24
7764,1319,4,7
7765,1319,22,15
7766,1319,12,3
7767,1319,7,21
7768,1320,13,2
7769,1320,10,12
7770,1320,13,2
7771,1320,21,6
7772,1320,2,8
7773,1320,17,24
7774,1321,16,19
7775,1321,9,6
7776,1321,9,11
7777,1321,9,10
7778,1321,17,1
7779,1321,7,23
7780,1321,11,0
7781,1322,16,4
7782,1322,5,19
7783,1322,2,23
7784,1322,21,19
7785,1322,23,16
7786,1322,13,10
7787,1322,4,14
7788,1323,4,10
7789,1323,0,11
7790,1323,1,11
7791,1323,18,5
7792,1323,13,4
7793,1323,18,22
7794,1323,9,11
7795,1324,15,2
7796,1324,1,10
7797,1324,2,10
7798,1324,8,22
7799,1324,17,0
7800,1324,5,23
7801,1325,17,4
7802,1325,5,9
7803,1325,4,6
7804,1325,14,3
7805,1325,13,23
7806,1325,7,1
7807,1325,4,16
7808,1325,23,14
7809,1325,6,13
7810,1325,4,23
7811,1325,20,1
7812,1325,20,2
7813,1325,24,15
7814,1325,5,23
7815,1326,24,8
7816,1326,10,3
7817,1326,19,6
7818,1326,2,16
7819,1326,9,21
7820,1326,12,5
7821,1326,4,19
7822,1327,23,11
7823,1327,16,14
7824,1327,4,16
7825,1327,12,15
7826,1327,12,4
7827,1327,22,7
7828,1328,7,11
7829,1328,16,14
7830,1328,7,0
7831,1328,1,16
7832,1329,4,20
7833,1329,13,0
7834,1329,1,10
7835,1329,2,17
7836,1329,6,9
7837,1330,0,14
7838,1330,13,17
7839,1330,4,15
7840,1330,16,7
7841,1330,24,21
7842,1331,6,15
7843,1331,3,17
7844,1331,13,11
7845,1331,16,14
7846,1331,22,11
7847,1331,7,11
7848,1331,15,17
7849,1331,8,20
7850,1331,15,1
7851,1331,5,2
7852,1331,15,11
7853,1331,19,9
7854,1332,9,6
7855,1332,14,8
7856,1332,1,5
7857,1332,18,11
7858,1333,8,20
7859,1333,11,15
7860,1333,2,14
7861,1333,15,13
7862,1333,17,20
7863,1333,16,18
7864,1334,23,21
7865,1334,5,19
7866,1334,18,11
7867,1334,2,18
7868,1334,13,23
7869,1334,24,9
7870,1334,16,10
7871,1334,4,19
7872,1334,13,1
7873,1335,10,9
7874,1335,3,23
7875,1335,23,1
7876,1335,10,7
7877,1335,10,1
7878,1335,9,18
7879,1335,11,9
7880,1336,15,24
7881,1336,9,17
7882,1336,9,17
7883,1336,8,6
7884,1337,22,9
7885,1337,18,14
7886,1337,15,0
7887,1337,14,20
7888,1337,20,8
7889,1337,17,15
7890,1337,7,24
7891,1338,9,11
7892,1338,18,0
7893,1338,16,20
7894,1338,12,2
7895,1338,2,5
7896,1338,10,9
7897,1340,13,3
7898,1340,16,19
7899,1340,18,10
7900,1340,8,4
7901,1340,13,11
7902,1340,14,7
7903,1340,13,7
7904,1340,19,21
7905,1341,13,16
7906,1341,22,4
7907,1341,6,15
7908,1341,14,0
7909,1341,5,15
7910,1341,6,9
7911,1341,1,10
7912,1341,13,6
7913,1342,17,14
7914,1342,17,23
7915,1342,17,9
7916,1342,0,21
7917,1342,17,1
7918,1342,4,13
7919,1343,1,16
7920,1343,11,15
7921,1343,17,4
7922,1343,0,21
7923,1344,18,3
7924,1344,13,4
7925,1344,13,6
7926,1344,6,22
7927,1345,15,6
7928,1345,10,6
7929,1345,17,0
7930,1345,6,0
7931,1345,8,19
7932,1345,14,24
7933,1346,16,0
7934,1346,21,0
7935,1346,7,21
7936,1346,1,22
7937,1346,2,12
7938,1346,3,15
7939,1346,16,22
7940,1346,21,2
7941,1346,8,6
7942,1347,7,14
7943,1347,5,12
7944,1347,6,24
7945,1347,3,18
7946,1347,3,1
7947,1347,19,17
7948,1347,10,1
7949,1347,12,6
7950,1347,16,20
7951,1347,21,4
7952,1348,2,8
7953,1348,14,11
7954,1348,0,9
7955,1348,8,5
7956,1348,18,22
7957,1348,0,4
7958,1348,9,15
7959,1348,2,22
7960,1349,10,16
7961,1349,10,20
7962,1349,22,4
7963,1349,15,5
7964,1349,12,19
7965,1350,14,2
7966,1350,2,19
7967,1350,13,10
7968,1350,14,2
7969,1350,20,19
7970,1351,0,18
7971,1351,10,16
7972,1351,12,6
7973,1352,0,12
7974,1352,13,4
7975,1352,11,19
7976,1352,13,24
7977,1353,13,23
7978,1353,0,8
7979,1353,12,6
7980,1353,17,6
7981,1353,2,17
7982,1353,22,5
7983,1353,12,21
7984,1353,18,5
7985,1354,19,9
7986,1354,2,19
7987,1354,20,11
7988,1354,24,3
7989,1354,6,17
7990,1354,19,7
7991,1354,0,10
7992,1355,18,4
7993,1355,7,15
7994,1355,20,8
7995,1355,18,1
7996,1355,12,24
7997,1355,16,6
7998,1355,8,2
7999,1356,23,19
8000,1356,12,8
8001,1356,10,17
8002,1356,4,21
8003,1356,8,2
8004,1357,22,9
8005,1357,12,16
8006,1357,10,20
8007,1358,20,17
8008,1358,2,21
8009,1358,19,10
8010,1359,6,21
8011,1359,24,3
8012,1359,19,1
8013,1359,6,9
8014,1359,24,4
8015,1359,10,17
8016,1360,24,4
8017,1360,4,6
8018,1360,24,16
8019,1360,12,20
8020,1360,18,15
8021,1360,18,15
8022,1360,19,13
8023,1361,8,1
8024,1361,7,24
8025,1361,5,12
8026,1361,19,1
8027,1361,7,4
8028,1361,15,14
8029,1361,16,19
8030,1362,20,8
8031,1362,15,5
8032,1362,11,13
8033,1362,6,14
8034,1363,16,1
8035,1363,22,14
8036,1363,12,19
8037,1363,12,2
8038,1364,13,4
8039,1364,16,19
8040,1364,9,17
8041,1364,1,5
8042,1365,1,13
8043,1365,8,20
8044,1365,13,4
8045,1365,10,8
8046,1365,23,4
8047,1365,20,2
8048,1365,15,8
8049,1365,4,0
8050,1366,5,4
8051,1366,2,15
8052,1366,13,9
8053,1366,1,3
8054,1366,5,4
8055,1366,24,21
8056,1366,17,20
8057,1367,0,23
8058,1367,23,11
8059,1367,8,20
8060,1367,0,24
8061,1367,17,7
8062,1367,23,8
8063,1367,23,16
8064,1367,1,3
8065,1367,5,14
8066,1367,5,8
8067,1367,12,8
8068,1367,18,22
8069,1367,2,0
8070,1368,22,14
8071,1368,0,15
8072,1368,21,2
8073,1369,12,1
8074,1369,12,5
8075,1369,3,17
8076,1369,1,21
8077,1369,0,24
8078,1369,14,18
8079,1370,15,6
8080,1370,5,15
8081,1370,7,16
8082,1370,8,21
8083,1370,1,11
8084,1370,7,15
8085,1371,8,4
8086,1371,3,20
8087,1371,18,24
8088,1371,5,16
8089,1371,21,9
8090,1371,15,5
8091,1371,1,24
8092,1371,20,6
8093,1371,19,3
8094,1372,11,20
8095,1372,18,6
8096,1372,15,19
8097,1372,11,3
8098,1373,9,20
8099,1373,24,4
8100,1373,3,18
8101,1373,9,20
8102,1373,19,23
8103,1373,24,22
8104,1373,24,9
8105,1373,23,17
8106,1373,10,21
8107,1373,6,16
8108,1373,21,15
8109,1373,5,3
8110,1374,0,2
8111,1374,15,23
8112,1374,13,24
8113,1374,4,1
8114,1374,1,21
8115,1374,15,17
8116,1374,1,11
8117,1375,16,1
8118,1375,11,5
8119,1375,23,14
8120,1375,6,17
8121,1375,10,13
8122,1375,13,16
8123,1375,12,16
8124,1375,12,10
8125,1376,6,2
8126,1376,23,15
8127,1376,14,23
8128,1377,3,16
8129,1377,9,2
8130,1377,7,19
8131,1377,20,9
8132,1377,15,3
8133,1377,4,11
8134,1378,13,7
8135,1378,20,9
8136,1378,22,13
8137,1378,6,2
8138,1378,16,3
8139,1378,4,21
8140,1378,20,19
8141,1379,0,2
8142,1379,13,1
8143,1379,9,22
8144,1379,8,19
8145,1379,9,18
8146,1380,23,3
8147,1380,0,8
8148,1380,7,24
8149,1380,22,6
8150,1380,15,17
8151,1380,24,4
8152,1380,10,6
8153,1380,22,13
8154,1380,8,4
8155,1380,16,19
8156,1380,7,14
8157,1380,22,4
8158,1381,9,18
8159,1381,19,12
8160,1381,17,3
8161,1381,3,21
8162,1381,1,3
8163,1381,23,5
8164,1381,3,18
8165,1381,5,21
8166,1381,2,5
8167,1381,5,9
8168,1382,0,22
8169,1382,15,22
8170,1382,5,16
8171,1383,20,0
8172,1383,17,7
8173,1383,19,3
8174,1383,7,20
8175,1383,5,22
8176,1383,1,4
8177,1383,10,21
8178,1383,1,22
8179,1383,5,16
8180,1383,20,3
8181,1384,20,13
8182,1384,5,13
8183,1384,6,12
8184,1384,2,9
8185,1384,13,21
8186,1384,14,8
8187,1384,0,4
8188,1384,11,23
8189,1385,2,9
8190,1385,13,3
8191,1385,14,0
8192,1385,18,20
8193,1385,13,10
8194,1385,21,11
8195,1385,23,2
8196,1385,10,19
8197,1386,1,7
8198,1386,2,16
8199,1386,2,14
8200,1386,20,19
8201,1387,7,1
8202,1387,0,14
8203,1387,13,3
8204,1387,9,22
8205,1387,0,12
8206,1387,3,17
8207,1387,2,10
8208,1387,9,23
8209,1388,21,24
8210,1388,0,21
8211,1388,22,2
8212,1388,19,17
8213,1388,7,20
8214,1388,16,10
8215,1388,21,1
8216,1389,2,11
8217,1389,20,3
8218,1389,7,0
8219,1389,20,19
8220,1389,8,21
8221,1389,11,2
8222,1389,3,24
8223,1389,22,1
8224,1389,11,9
8225,1389,4,14
8226,1390,10,0
8227,1390,5,12
8228,1390,2,13
8229,1391,5,12
8230,1391,20,23
8231,1391,19,15
8232,1391,8,20
8233,1391,5,16
8234,1392,0,10
8235,1393,15,12
8236,1393,13,7
8237,1393,7,9
8238,1393,8,0
8239,1393,21,13
8240,1394,22,18
8241,1394,22,18
8242,1394,13,10
8243,1394,13,7
8244,1394,8,20
8245,1394,24,5
8246,1394,2,23
8247,1395,7,1
8248,1395,14,16
8249,1395,20,6
8250,1395,6,13
8251,1395,18,15
8252,1395,4,12
8253,1395,24,0
8254,1395,18,4
8255,1395,12,1
8256,1396,9,19
8257,1396,6,8
8258,1396,22,3
8259,1396,0,15
8260,1396,8,0
8261,1396,6,15
8262,1396,24,12
8263,1397,16,22
8264,1397,21,0
8265,1397,1,18
8266,1397,6,4
8267,1397,13,20
8268,1397,10,14
8269,1398,11,4
8270,1398,5,3
8271,1398,7,21
8272,1398,16,9
8273,1398,3,19
8274,1399,22,1
8275,1399,21,13
8276,1400,20,1
8277,1400,23,17
8278,1401,0,6
8279,1401,5,3
8280,1401,19,15
8281,1401,12,8
8282,1401,20,7
8283,1401,7,3
8284,1401,3,14
8285,1401,11,3
8286,1401,15,5
8287,1402,20,16
8288,1402,21,10
8289,1402,0,23
8290,1402,16,12
8291,1402,14,15
8292,1402,13,20
8293,1402,8,11
8294,1403,9,19
8295,1403,9,16
8296,1403,4,6
8297,1403,1,23
8298,1403,20,8
8299,1403,19,7
8300,1404,3,9
8301,1404,4,8
8302,1404,6,21
8303,1405,20,14
8304,1405,21,8
8305,1405,8,4
8306,1405,23,4
8307,1406,9,24
8308,1406,5,17
8309,1406,22,8
8310,1406,23,7
8311,1406,12,22
8312,1406,11,13
8313,1406,1,17
8314,1406,0,11
8315,1406,22,19
8316,1406,15,19
8317,1407,21,2
8318,1407,14,8
8319,1407,16,19
8320,1407,22,19
8321,1407,14,8
8322,1407,12,19
8323,1407,6,17
8324,1407,9,0
8325,1408,12,24
8326,1408,6,22
8327,1408,13,23
8328,1408,17,9
8329,1408,5,17
8330,1408,20,12
8331,1409,11,15
8332,1410,10,0
8333,1410,7,5
8334,1410,19,3
8335,1411,15,2
8336,1411,11,4
8337,1412,18,2
8338,1412,5,16
8339,1412,14,24
8340,1413,19,11
8341,1413,10,24
8342,1413,11,18
8343,1413,9,19
8344,1413,7,22
8345,1413,9,6
8346,1414,22,10
8347,1414,21,6
8348,1415,24,17
8349,1415,22,12
8350,1415,24,21
8351,1415,15,12
8352,1415,19,13
8353,1415,6,20
8354,1416,1,23
8355,1416,7,22
8356,1416,5,12
8357,1416,15,21
8358,1416,18,21
8359,1416,1,7
8360,1416,20,9
8361,1416,13,15
8362,1416,16,24
8363,1416,21,17
8364,1416,21,1
8365,1416,11,18
8366,1417,20,23
8367,1417,6,4
8368,1417,4,16
8369,1417,10,8
8370,1417,17,20
8371,1417,4,18
8372,1417,23,8
8373,1417,22,6
8374,1417,1,18
8375,1418,10,16
8376,1419,17,7
8377,1419,23,4
8378,1419,8,10
8379,1420,7,19
8380,1420,23,1
8381,1420,11,4
8382,1420,4,23
8383,1421,3,6
8384,1421,14,23
8385,1421,11,24
8386,1421,21,12
8387,1421,24,6
8388,1422,2,16
8389,1422,6,23
8390,1422,20,13
8391,1422,13,20
8392,1422,18,11
8393,1422,5,2
8394,1422,20,18
8395,1422,9,15
8396,1422,10,9
8397,1423,9,1
8398,1423,14,21
8399,1423,15,3
8400,1423,14,1
8401,1424,22,18
8402,1424,12,9
8403,1424,11,17
8404,1424,12,15
8405,1424,13,1
8406,1425,13,2
8407,1425,14,6
8408,1425,23,1
8409,1425,0,6
8410,1425,2,19
8411,1425,6,10
8412,1425,23,19
8413,1425,8,12
8414,1426,2,18
8415,1426,14,10
8416,1426,16,0
8417,1427,2,8
8418,1427,23,8
8419,1427,24,8
8420,1427,7,9
8421,1427,11,2
8422,1427,23,10
8423,1427,18,5
8424,1428,3,15
8425,1428,12,21
8426,1428,16,8
8427,1428,0,16
8428,1428,3,9
8429,1428,9,15
8430,1428,11,1
8431,1428,19,10
8432,1429,17,20
8433,1429,24,3
8434,1429,21,3
8435,1429,23,8
8436,1429,10,14
8437,1429,22,13
8438,1429,8,17
8439,1429,16,5
8440,1429,11,1
8441,1430,16,9
8442,1430,5,24
8443,1430,17,10
8444,1430,14,15
8445,1431,20,17
8446,1431,20,5
8447,1431,1,22
8448,1431,1,11
8449,1431,14,17
8450,1431,15,8
8451,1432,23,13
8452,1432,16,12
8453,1432,13,11
8454,1432,0,21
8455,1432,9,17
8456,1433,6,3
8457,1433,19,8
8458,1433,13,4
8459,1433,7,4
8460,1433,2,11
8461,1433,13,20
8462,1433,20,19
8463,1434,6,0
8464,1434,3,23
8465,1434,2,23
8466,1435,0,4
8467,1435,14,16
8468,1435,11,1
8469,1435,15,12
8470,1435,10,24
8471,1435,14,15
8472,1436,9,10
8473,1436,22,7
8474,1436,9,1
8475,1436,19,3
8476,1436,0,6
8477,1437,20,7
8478,1437,23,1
8479,1438,2,15
8480,1438,16,1
8481,1438,23,10
8482,1438,3,9
8483,1439,14,8
8484,1439,7,22
8485,1440,4,12
8486,1440,24,10
8487,1440,20,11
8488,1440,6,18
8489,1440,11,0
8490,1440,2,21
8491,1440,1,22
8492,1440,21,14
8493,1441,2,19
8494,1441,3,14
8495,1441,16,6
8496,1441,9,2
8497,1441,24,13
8498,1442,22,24
8499,1442,5,3
8500,1442,22,15
8501,1442,18,3
8502,1442,10,7
8503,1442,14,12
8504,1443,18,10
8505,1443,10,18
8506,1443,16,13
8507,1443,3,10
8508,1443,24,10
8509,1443,12,10
8510,1443,1,7
8511,1443,14,4
8512,1443,4,1
8513,1443,3,0
8514,1443,13,22
8515,1444,13,11
8516,1444,6,21
8517,1444,0,10
8518,1444,23,11
8519,1444,12,22
8520,1444,2,6
8521,1444,10,0
8522,1444,16,8
8523,1444,21,17
8524,1444,21,0
8525,1444,21,10
8526,1444,19,15
8527,1444,3,6
8528,1444,10,4
8529,1444,15,18
8530,1445,11,1
8531,1445,24,11
8532,1445,6,13
8533,1445,5,16
8534,1445,4,7
8535,1445,16,18
8536,1445,9,11
8537,1446,19,17
8538,1446,12,4
8539,1446,2,8
8540,1446,3,10
8541,1446,2,4
8542,1447,19,13
8543,1447,24,17
8544,1447,1,12
8545,1447,20,4
8546,1447,11,18
8547,1447,10,23
8548,1448,4,8
8549,1448,17,19
8550,1449,23,5
8551,1449,14,7
8552,1449,0,18
8553,1449,4,13
8554,1449,17,20
8555,1449,9,10
8556,1450,9,3
8557,1450,20,5
8558,1450,4,23
8559,1450,13,10
8560,1451,22,2
8561,1451,22,12
8562,1451,2,12
8563,1451,4,8
8564,1451,22,15
8565,1451,11,15
8566,1452,22,14
8567,1452,22,4
8568,1452,8,23
8569,1452,4,17
8570,1452,14,1
8571,1452,21,10
8572,1452,13,15
8573,1452,4,14
8574,1453,0,4
8575,1453,4,23
8576,1453,2,8
8577,1454,10,12
8578,1454,21,17
8579,1454,6,4
8580,1454,19,10
8581,1454,24,6
8582,1454,20,17
8583,1454,20,19
8584,1455,1,24
8585,1455,8,10
8586,1455,9,5
8587,1455,14,8
8588,1455,3,18
8589,1455,15,9
8590,1456,20,24
8591,1456,14,10
8592,1456,18,9
8593,1456,6,4
8594,1456,19,22
8595,1456,4,7
8596,1457,2,9
8597,1458,17,7
8598,1458,11,9
8599,1458,2,21
8600,1458,6,16
8601,1458,21,10
8602,1459,5,22
8603,1459,21,15
8604,1459,8,16
8605,1460,9,0
8606,1460,6,22
8607,1460,6,13
8608,1460,6,12
8609,1460,1,18
8610,1461,23,6
8611,1461,8,11
8612,1461,2,19
8613,1461,8,2
8614,1462,24,4
8615,1462,12,19
8616,1462,19,10
8617,1462,0,9
8618,1463,23,13
8619,1463,10,16
8620,1463,17,14
8621,1463,15,22
8622,1463,6,10
8623,1463,19,16
8624,1463,1,12
8625,1463,22,1
8626,1463,18,15
8627,1463,24,14
8628,1463,17,14
8629,1463,11,13
8630,1463,19,6
8631,1464,14,3
8632,1464,14,7
8633,1464,23,9
8634,1464,10,2
8635,1464,3,9
8636,1464,4,10
8637,1464,12,8
8638,1464,5,12
8639,1465,17,2
8640,1465,8,11
8641,1465,5,21
8642,1465,14,8
8643,1465,18,2
8644,1465,20,17
8645,1466,17,19
8646,1466,18,24
8647,1466,9,19
8648,1466,24,15
8649,1466,23,9
8650,1467,1,8
8651,1467,17,19
8652,1467,5,19
8653,1467,4,13
8654,1468,18,0
8655,1468,3,16
8656,1468,6,19
8657,1468,3,19
8658,1469,5,14
8659,1469,23,20
8660,1469,10,0
8661,1469,4,14
8662,1469,16,9
8663,1469,9,19
8664,1469,10,16
8665,1470,10,13
8666,1470,13,19
8667,1470,3,18
8668,1470,2,15
8669,1470,24,14
8670,1470,9,13
8671,1470,22,8
8672,1471,0,19
8673,1471,18,8
8674,1472,24,0
8675,1472,20,18
8676,1472,21,7
8677,1472,2,9
8678,1472,6,8
8679,1473,24,21
8680,1473,3,19
8681,1473,1,23
8682,1473,2,16
8683,1473,19,20
8684,1473,0,10
8685,1474,24,7
8686,1474,10,23
8687,1474,15,2
8688,1474,2,18
8689,1474,20,24
8690,1475,18,22
8691,1475,10,24
8692,1475,3,22
8693,1475,13,15
8694,1475,15,22
8695,1475,18,1
8696,1476,9,18
8697,1476,11,2
8698,1476,21,13
8699,1477,7,5
8700,1477,23,12
8701,1477,5,13
8702,1477,1,8
8703,1477,5,13
8704,1477,7,22
8705,1477,20,6
8706,1478,21,13
8707,1478,7,23
8708,1478,9,13
8709,1478,5,13
8710,1478,15,5
8711,1478,0,20
8712,1479,10,18
8713,1479,0,18
8714,1480,1,12
8715,1480,9,24
8716,1480,12,2
8717,1480,4,12
8718,1480,1,7
8719,1481,12,6
8720,1481,14,15
8721,1481,24,3
8722,1481,22,20
8723,1481,14,23
8724,1481,1,8
8725,1481,8,14
8726,1482,1,22
8727,1482,20,2
8728,1482,4,6
8729,1482,7,20
8730,1482,14,6
8731,1482,1,11
8732,1482,11,13
8733,1482,6,18
8734,1482,23,17
8735,1483,17,0
8736,1483,11,9
8737,1483,8,10
8738,1484,5,7
8739,1484,9,20
8740,1484,7,9
8741,1484,6,19
8742,1484,10,13
8743,1485,24,4
8744,1485,6,19
8745,1485,2,6
8746,1485,16,5
8747,1486,16,20
8748,1486,8,1
8749,1486,12,3
8750,1486,24,12
8751,1486,7,18
8752,1486,16,23
8753,1486,6,18
8754,1486,20,12
8755,1486,17,0
8756,1486,6,2
8757,1487,1,24
8758,1487,4,24
8759,1488,18,21
8760,1488,6,19
8761,1488,7,3
8762,1488,24,11
8763,1488,18,0
8764,1488,23,21
8765,1488,20,1
8766,1488,23,14
8767,1489,12,23
8768,1489,1,9
8769,1489,17,9
8770,1489,9,11
8771,1490,16,24
8772,1490,17,7
8773,1490,22,5
8774,1490,7,21
8775,1490,0,19
8776,1490,8,23
8777,1490,10,1
8778,1491,4,20
8779,1491,8,20
8780,1491,24,9
8781,1492,4,24
8782,1492,20,0
8783,1492,15,13
8784,1492,22,1
8785,1492,9,19
8786,1492,15,2
8787,1492,7,15
8788,1492,22,4
8789,1492,20,1
8790,1492,19,2
8791,1493,9,12
8792,1493,21,13
8793,1493,21,11
8794,1494,23,16
8795,1494,22,19
8796,1494,7,20
8797,1494,18,10
8798,1494,1,4
8799,1495,24,20
8800,1495,18,12
8801,1495,14,18
8802,1495,2,17
8803,1496,24,7
8804,1496,16,0
8805,1496,10,19
8806,1496,5,3
8807,1497,7,13
8808,1497,22,0
8809,1497,6,13
8810,1497,9,13
8811,1497,8,20
8812,1497,2,0
8813,1497,20,9
8814,1497,2,12
8815,1497,16,5
8816,1498,17,10
8817,1498,16,23
8818,1498,9,13
8819,1498,22,0
8820,1498,17,21
8821,1498,13,5
8822,1499,20,12
8823,1499,20,10
8824,1499,12,3
8825,1499,9,11
8826,1499,21,1
8827,1499,19,10
8828,1500,21,17
8829,1500,11,7
8830,1500,21,1
8831,1500,11,0
8832,1500,6,2
8833,1500,2,0
8834,1500,8,2
8835,1500,24,10
8836,1500,7,10
8837,1500,22,3
8838,1500,20,12
8839,1500,24,7
8840,1500,7,10
8841,1501,15,3
8842,1501,22,20
8843,1501,3,20
8844,1501,7,9
8845,1501,2,15
8846,1502,20,18
8847,1502,6,19
8848,1502,9,0
8849,1502,16,19
8850,1502,19,1
8851,1503,10,17
8852,1503,10,17
8853,1503,23,2
8854,1503,14,5
8855,1503,12,8
8856,1504,15,12
8857,1504,9,13
8858,1504,11,4
8859,1504,7,13
8860,1504,11,13
8861,1505,9,11
8862,1505,4,22
8863,1505,1,21
8864,1505,2,14
8865,1505,23,13
8866,1505,17,21
8867,1505,11,0
8868,1506,13,24
8869,1506,1,13
8870,1506,8,22
8871,1506,12,4
8872,1506,21,5
8873,1507,24,22
8874,1507,1,16
8875,1507,23,0
8876,1508,12,14
8877,1508,4,10
8878,1508,24,1
8879,1508,18,12
8880,1508,20,16
8881,1508,2,21
8882,1509,21,11
8883,1509,2,8
8884,1509,12,15
8885,1509,19,23
8886,1509,18,24
8887,1510,2,23
8888,1510,10,9
8889,1510,0,9
8890,1510,21,11
8891,1510,0,24
8892,1510,9,15
8893,1510,17,15
8894,1511,6,9
8895,1511,19,16
8896,1511,3,5
8897,1511,12,4
8898,1511,7,22
8899,1511,19,1
8900,1511,16,4
8901,1512,2,12
8902,1512,19,6
8903,1512,9,2
8904,1512,9,20
8905,1513,23,6
8906,1513,0,6
8907,1513,3,12
8908,1513,11,20
8909,1514,1,8
8910,1514,6,10
8911,1514,7,17
8912,1514,17,2
8913,1514,16,13
8914,1514,16,24
8915,1514,6,17
8916,1514,15,1
8917,1515,9,6
8918,1515,9,17
8919,1515,17,8
8920,1515,11,0
8921,1515,0,11
8922,1516,9,12
8923,1516,11,13
8924,1516,15,24
8925,1516,6,8
8926,1516,0,2
8927,1516,17,5
8928,1517,9,7
8929,1517,24,9
8930,1518,20,6
8931,1518,12,23
8932,1518,12,24
8933,1518,19,7
8934,1518,0,20
8935,1518,6,3
8936,1518,3,1
8937,1518,3,18
8938,1518,7,3
8939,1518,11,22
8940,1518,5,21
8941,1518,0,15
8942,1518,10,20
8943,1519,3,9
8944,1519,23,13
8945,1519,0,19
8946,1519,20,19
8947,1519,18,7
8948,1519,2,11
8949,1519,2,15
8950,1520,13,2
8951,1520,19,12
8952,1520,11,8
8953,1520,12,9
8954,1520,2,16
8955,1521,9,2
8956,1521,8,11
8957,1521,1,13
8958,1521,2,24
8959,1522,8,20
8960,1522,20,13
8961,1522,19,10
8962,1522,4,13
8963,1522,21,2
8964,1523,2,13
8965,1523,1,11
8966,1523,4,11
8967,1523,13,4
8968,1523,21,5
8969,1523,21,4
8970,1523,0,10
8971,1524,13,22
8972,1524,17,15
8973,1524,12,21
8974,1525,11,8
8975,1525,17,2
8976,1525,22,0
8977,1525,20,19
8978,1525,5,12
8979,1525,5,20
8980,1525,6,19
8981,1525,20,6
8982,1525,21,12
8983,1525,12,14
8984,1525,8,22
8985,1526,18,10
8986,1526,24,16
8987,1527,6,4
8988,1527,14,24
8989,1527,22,24
8990,1527,22,0
8991,1527,19,13
8992,1527,13,1
8993,1528,13,22
8994,1528,8,23
8995,1528,24,4
8996,1528,24,8
8997,1528,3,9
8998,1528,2,4
8999,1529,22,3
9000,1529,2,10
9001,1529,5,19
9002,1529,5,12
9003,1529,19,17
9004,1529,23,13
9005,1530,7,18
9006,1531,22,7
9007,1531,20,24
9008,1531,6,9
9009,1531,22,15
9010,1531,23,12
9011,1532,20,10
9012,1532,13,5
9013,1532,24,12
9014,1532,14,5
9015,1533,9,17
9016,1533,0,10
9017,1533,21,5
9018,1533,14,18
9019,1533,4,0
9020,1533,14,24
9021,1534,17,11
9022,1534,10,8
9023,1534,9,12
9024,1534,1,5
9025,1534,5,23
9026,1534,22,3
9027,1534,7,15
9028,1535,21,13
9029,1535,20,16
9030,1535,7,16
9031,1535,20,23
9032,1535,19,8
9033,1535,3,20
9034,1535,24,8
9035,1536,5,14
9036,1536,10,9
9037,1536,19,22
9038,1537,1,5
9039,1537,5,12
9040,1537,18,2
9041,1537,6,12
9042,1537,6,19
9043,1538,5,17
9044,1538,18,4
9045,1538,10,8
9046,1538,19,16
9047,1538,6,16
9048,1538,9,0
9049,1538,9,24
9050,1538,17,21
9051,1538,21,12
9052,1538,3,12
9053,1539,16,10
9054,1539,17,2
9055,1539,6,23
9056,1539,15,17
9057,1539,11,20
9058,1539,14,1
9059,1539,23,3
9060,1539,5,18
9061,1539,8,17
9062,1539,19,13
9063,1539,14,10
9064,1540,6,4
9065,1540,2,21
9066,1540,0,6
9067,1541,11,22
9068,1541,16,6
9069,1541,5,7
9070,1541,0,14
9071,1541,10,4
9072,1542,3,9
9073,1542,18,3
9074,1542,19,11
9075,1542,19,2
9076,1542,7,14
9077,1542,14,4
9078,1542,6,9
9079,1543,8,5
9080,1543,22,8
9081,1543,24,14
9082,1543,3,12
9083,1543,24,13
9084,1543,17,2
9085,1543,22,12
9086,1543,3,9
9087,1543,1,10
9088,1544,19,22
9089,1544,2,11
9090,1544,8,0
9091,1544,10,13
9092,1545,13,19
9093,1545,0,20
9094,1545,20,22
9095,1545,17,24
9096,1545,13,16
9097,1545,12,21
9098,1545,0,7
9099,1545,24,9
9100,1545,18,24
9101,1545,19,4
9102,1546,21,11
9103,1546,7,5
9104,1546,1,11
9105,1546,15,5
9106,1546,15,22
9107,1547,16,6
9108,1547,20,7
9109,1547,18,11
9110,1548,10,0
9111,1548,11,9
9112,1548,10,0
9113,1548,9,18
9114,1548,21,15
9115,1548,8,12
9116,1548,10,13
9117,1548,8,4
9118,1548,6,13
9119,1549,6,2
9120,1549,22,9
9121,1549,16,23
9122,1549,13,6
9123,1549,9,3
9124,1549,24,1
9125,1549,15,23
9126,1549,15,24
9127,1550,19,2
9128,1550,14,18
9129,1550,24,3
9130,1550,19,10
9131,1550,23,17
9132,1550,15,12
9133,1550,15,4
9134,1550,22,7
9135,1550,13,10
9136,1550,9,3
9137,1550,0,10
9138,1550,3,18
9139,1551,5,7
9140,1551,2,18
9141,1551,18,16
9142,1551,17,0
9143,1551,19,16
9144,1552,10,24
9145,1552,24,10
9146,1552,19,20
9147,1552,5,22
9148,1552,13,1
9149,1552,19,0
9150,1552,10,0
9151,1553,19,2
9152,1553,9,7
9153,1553,5,4
9154,1554,17,13
9155,1554,21,15
9156,1554,8,21
9157,1554,9,3
9158,1554,21,6
9159,1555,0,16
9160,1555,16,13
9161,1555,21,6
9162,1555,4,12
9163,1555,24,14
9164,1555,15,21
9165,1555,9,12
9166,1556,15,18
9167,1556,2,21
9168,1556,18,6
9169,1556,3,16
9170,1556,10,4
9171,1556,0,6
9172,1556,22,15
9173,1556,14,23
9174,1556,3,7
9175,1556,14,18
9176,1556,20,13
9177,1556,11,24
9178,1556,11,4
9179,1556,18,9
9180,1557,11,14
9181,1557,15,7
9182,1558,19,7
9183,1558,7,20
9184,1558,14,1
9185,1558,18,20
9186,1558,14,2
9187,1559,11,21
9188,1559,24,21
9189,1559,1,3
9190,1559,20,22
9191,1559,21,15
9192,1559,8,5
9193,1559,23,7
9194,1559,5,18
9195,1559,11,19
9196,1560,1,14
9197,1560,1,8
9198,1560,8,22
9199,1560,20,8
9200,1560,15,0
9201,1561,0,24
9202,1561,8,20
9203,1561,0,23
9204,1561,10,16
9205,1561,10,2
9206,1561,17,0
9207,1561,2,12
9208,1562,3,22
9209,1562,23,19
9210,1562,14,16
9211,1563,19,15
9212,1563,0,21
9213,1563,4,17
9214,1564,20,17
9215,1565,5,16
9216,1565,11,21
9217,1565,16,4
9218,1565,12,23
9219,1566,4,13
9220,1566,23,4
9221,1566,22,4
9222,1566,13,3
9223,1567,5,11
9224,1567,20,14
9225,1567,14,23
9226,1567,18,3
9227,1568,4,5
9228,1568,21,8
9229,1568,19,16
9230,1568,3,22
9231,1568,20,19
9232,1569,13,10
9233,1569,23,15
9234,1569,20,9
9235,1569,12,23
9236,1569,6,14
9237,1569,20,19
9238,1569,15,24
9239,1569,13,5
9240,1569,12,24
9241,1569,5,1
9242,1569,21,6
9243,1570,20,5
9244,1570,7,4
9245,1570,5,7
9246,1571,9,20
9247,1571,2,19
9248,1571,22,8
9249,1571,2,9
9250,1571,14,15
9251,1572,12,9
9252,1572,0,3
9253,1572,24,3
9254,1573,24,13
9255,1573,12,3
9256,1573,7,22
9257,1573,10,20
9258,1573,0,23
9259,1574,23,2
9260,1574,8,10
9261,1574,22,19
9262,1574,16,10
9263,1574,12,19
9264,1574,10,12
9265,1574,9,18
9266,1575,2,14
9267,1575,4,6
9268,1575,5,18
9269,1575,6,24
9270,1576,9,15
9271,1576,19,12
9272,1576,13,22
9273,1576,8,2
9274,1576,22,18
9275,1576,4,14
9276,1576,20,0
9277,1577,14,10
9278,1577,20,4
9279,1577,17,6
9280,1577,3,15
9281,1577,0,12
9282,1577,8,18
9283,1577,11,0
9284,1577,4,11
9285,1577,5,8
9286,1577,18,1
9287,1577,13,11
9288,1577,2,23
9289,1577,2,8
9290,1578,3,9
9291,1578,14,16
9292,1578,18,8
9293,1578,10,16
9294,1578,11,1
9295,1579,3,22
9296,1579,20,16
9297,1579,24,4
9298,1579,24,8
9299,1580,3,13
9300,1580,19,10
9301,1580,3,10
9302,1581,2,22
9303,1581,15,5
9304,1581,15,9
9305,1581,5,11
9306,1581,15,0
9307,1581,19,20
9308,1582,10,14
9309,1582,16,4
9310,1582,9,12
9311,1582,5,7
9312,1582,19,23
9313,1582,4,2
9314,1583,10,13
9315,1583,17,7
9316,1583,23,14
9317,1583,7,10
9318,1583,5,21
9319,1583,22,12
9320,1583,21,17
9321,1583,5,20
9322,1583,16,19
9323,1584,9,0
9324,1584,3,12
9325,1584,17,14
9326,1584,1,13
9327,1584,21,12
9328,1584,4,17
9329,1585,21,15
9330,1585,7,21
9331,1585,12,8
9332,1585,4,21
9333,1585,10,2
9334,1586,24,13
9335,1586,17,24
9336,1586,17,0
9337,1586,23,2
9338,1586,24,9
9339,1586,8,2
9340,1586,24,3
9341,1586,7,9
9342,1586,22,8
9343,1586,15,19
9344,1587,20,19
9345,1587,20,16
9346,1587,5,11
9347,1587,5,17
9348,1587,12,9
9349,1588,3,13
9350,1588,12,10
9351,1588,2,14
9352,1589,11,1
9353,1589,20,3
9354,1589,24,0
9355,1589,22,18
9356,1589,22,6
9357,1590,19,1
9358,1590,4,5
9359,1590,19,23
9360,1590,3,13
9361,1590,11,17
9362,1590,5,4
9363,1590,15,5
9364,1590,1,21
9365,1591,11,3
9366,1591,16,3
9367,1591,22,18
9368,1591,13,3
9369,1592,7,24
9370,1592,10,14
9371,1592,20,3
9372,1593,14,3
9373,1594,24,10
9374,1594,18,16
9375,1594,16,20
9376,1594,1,4
9377,1594,14,22
9378,1594,20,8
9379,1594,1,16
9380,1594,19,12
9381,1595,9,19
9382,1595,14,11
9383,1595,1,9
9384,1595,24,22
9385,1595,23,6
9386,1595,7,14
9387,1596,16,18
9388,1596,8,6
9389,1596,24,10
9390,1596,19,1
9391,1597,13,6
9392,1597,8,23
9393,1597,4,19
9394,1597,18,10
9395,1597,20,12
9396,1597,17,14
9397,1597,17,9
9398,1597,4,20
9399,1597,17,2
9400,1598,6,10
9401,1598,23,8
9402,1599,9,2
9403,1599,12,14
9404,1599,16,14
9405,1599,12,3
9406,1600,14,2
9407,1600,16,3
9408,1600,7,19
9409,1600,7,11
9410,1600,3,6
9411,1601,16,24
9412,1601,14,22
9413,1601,22,15
9414,1601,12,0
9415,1601,5,4
9416,1601,23,19
9417,1601,20,4
9418,1601,0,3
9419,1601,14,20
9420,1602,9,2
9421,1602,8,1
9422,1602,6,21
9423,1602,16,22
9424,1602,3,22
9425,1602,14,23
9426,1602,10,6
9427,1602,24,1
9428,1602,1,22
9429,1603,12,2
9430,1603,22,2
9431,1603,10,6
9432,1603,4,18
9433,1603,8,18
9434,1603,5,15
9435,1604,18,21
9436,1604,14,17
9437,1604,6,10
9438,1604,16,1
9439,1604,16,23
9440,1604,0,20
9441,1604,4,19
9442,1604,22,7
9443,1604,14,16
9444,1604,16,13
9445,1605,22,19
9446,1605,0,15
9447,1605,10,21
9448,1605,21,10
9449,1605,24,6
9450,1605,0,7
9451,1605,14,22
9452,1606,4,18
9453,1606,24,16
9454,1606,8,20
9455,1606,12,22
9456,1606,18,9
9457,1607,15,2
9458,1607,7,9
9459,1607,17,4
9460,1607,21,19
9461,1608,13,1
9462,1608,4,10
9463,1608,14,15
9464,1608,11,0
9465,1608,3,13
9466,1608,12,8
9467,1609,3,21
9468,1609,13,20
9469,1609,22,6
9470,1609,23,16
9471,1609,21,17
9472,1609,15,13
9473,1609,9,24
9474,1609,0,23
9475,1609,22,2
9476,1609,3,7
9477,1610,6,8
9478,1610,24,5
9479,1610,16,3
9480,1610,1,23
9481,1610,18,12
9482,1610,13,11
9483,1610,22,8
9484,1610,10,8
9485,1610,1,22
9486,1610,6,19
9487,1610,6,12
9488,1610,10,4
9489,1610,24,22
9490,1611,12,20
9491,1611,4,2
9492,1611,17,7
9493,1611,23,15
9494,1612,15,9
9495,1612,6,23
9496,1612,17,7
9497,1612,16,12
9498,1612,4,12
9499,1613,7,16
9500,1613,9,21
9501,1613,21,9
9502,1613,0,9
9503,1613,2,8
9504,1614,16,5
9505,1614,9,15
9506,1614,13,3
9507,1614,6,17
9508,1614,24,10
9509,1614,16,0
9510,1614,23,9
9511,1615,20,2
9512,1615,15,2
9513,1615,13,4
9514,1616,20,4
9515,1616,8,12
9516,1616,5,22
9517,1616,5,21
9518,1616,3,12
9519,1616,19,2
9520,1617,7,24
9521,1617,20,11
9522,1617,21,17
9523,1618,20,10
9524,1618,2,6
9525,1618,0,19
9526,1618,24,18
9527,1618,14,3
9528,1618,17,10
9529,1619,3,22
9530,1619,0,22
9531,1619,3,15
9532,1619,6,16
9533,1619,4,17
9534,1619,9,19
9535,1619,18,3
9536,1620,5,24
9537,1620,15,17
9538,1620,24,17
9539,1620,0,20
9540,1620,21,23
9541,1621,18,10
9542,1621,5,16
9543,1621,20,2
9544,1621,23,6
9545,1622,23,19
9546,1622,3,5
9547,1622,5,7
9548,1622,2,12
9549,1623,20,4
9550,1623,12,24
9551,1623,16,13
9552,1623,14,5
9553,1623,1,16
9554,1623,6,9
9555,1623,10,6
9556,1623,13,7
9557,1623,15,19
9558,1624,2,0
9559,1624,19,4
9560,1624,19,6
9561,1624,15,23
9562,1624,9,23
9563,1624,1,22
9564,1625,9,2
9565,1625,21,8
9566,1625,4,23
9567,1625,13,20
9568,1625,21,6
9569,1625,6,19
9570,1625,3,1
9571,1626,21,5
9572,1626,24,21
9573,1626,24,18
9574,1626,14,16
9575,1626,23,21
9576,1626,23,6
9577,1626,22,20
9578,1626,5,2
9579,1626,13,11
9580,1626,20,9
9581,1627,11,19
9582,1627,6,0
9583,1627,2,17
9584,1627,17,3
9585,1627,4,23
9586,1627,2,20
9587,1628,22,4
9588,1628,12,15
9589,1629,18,12
9590,1629,7,18
9591,1629,10,0
9592,1629,16,9
9593,1629,3,23
9594,1629,12,9
9595,1630,20,12
9596,1630,16,24
9597,1630,0,9
9598,1630,20,8
9599,1630,14,5
9600,1630,5,21
9601,1630,17,9
9602,1630,22,3
9603,1631,23,3
9604,1631,22,7
9605,1631,24,9
9606,1631,7,5
9607,1631,18,7
9608,1631,23,19
9609,1631,4,11
9610,1631,5,18
9611,1632,18,10
9612,1632,8,5
9613,1632,17,3
9614,1632,11,24
9615,1633,22,15
9616,1633,19,1
9617,1633,15,13
9618,1633,9,18
9619,1633,23,15
9620,1634,15,8
9621,1634,16,6
9622,1634,16,6
9623,1634,17,21
9624,1634,22,9
9625,1634,6,13
9626,1635,14,4
9627,1635,22,12
9628,1635,17,9
9629,1635,7,4
9630,1635,6,15
9631,1635,1,5
9632,1635,7,13
9633,1635,4,16
9634,1636,12,20
9635,1636,15,0
9636,1636,12,6
9637,1636,1,13
9638,1637,8,0
9639,1637,4,17
9640,1637,1,21
9641,1637,8,11
9642,1637,4,22
9643,1637,13,9
9644,1638,19,11
9645,1638,21,10
9646,1638,13,10
9647,1638,21,12
9648,1638,19,4
9649,1638,4,12
9650,1638,14,17
9651,1638,15,12
9652,1639,2,18
9653,1639,11,22
9654,1639,6,18
9655,1639,3,18
9656,1639,2,11
9657,1640,5,22
9658,1641,21,2
9659,1641,14,18
9660,1641,24,21
9661,1641,16,0
9662,1642,24,11
9663,1642,16,1
9664,1642,15,19
9665,1642,24,21
9666,1642,9,2
9667,1642,11,21
9668,1642,3,14
9669,1642,19,20
9670,1642,6,13
9671,1642,4,14
9672,1643,22,11
9673,1643,22,12
9674,1643,4,16
9675,1643,3,0
9676,1644,23,19
9677,1644,24,22
9678,1644,2,11
9679,1645,21,2
9680,1645,3,13
9681,1645,16,14
9682,1645,7,18
9683,1645,8,20
9684,1645,20,1
9685,1645,20,19
9686,1645,20,14
9687,1646,15,23
9688,1646,15,13
9689,1646,9,13
9690,1646,12,8
9691,1646,24,10
9692,1647,12,10
9693,1647,23,17
9694,1647,16,18
9695,1647,15,19
9696,1647,14,3
9697,1648,21,12
9698,1648,2,10
9699,1648,22,5
9700,1648,17,8
9701,1648,7,4
9702,1648,15,6
9703,1649,24,8
9704,1649,0,16
9705,1649,20,11
9706,1649,13,5
9707,1650,12,20
9708,1650,19,16
9709,1650,6,21
9710,1650,5,12
9711,1650,18,10
9712,1650,13,3
9713,1651,14,23
9714,1651,3,18
9715,1651,5,12
9716,1651,19,10
9717,1651,11,24
9718,1651,5,11
9719,1651,10,21
9720,1651,0,16
9721,1652,1,8
9722,1652,18,1
9723,1652,7,22
9724,1652,7,3
9725,1652,3,15
9726,1652,10,17
9727,1652,7,20
9728,1652,10,18
9729,1652,0,6
9730,1653,23,16
9731,1653,6,24
9732,1653,2,12
9733,1653,23,15
9734,1653,11,7
9735,1654,16,12
9736,1654,21,2
9737,1654,4,23
9738,1654,19,0
9739,1655,2,21
9740,1655,2,21
9741,1656,6,23
9742,1656,6,0
9743,1656,13,22
9744,1656,6,15
9745,1656,20,23
9746,1656,0,24
9747,1657,0,15
9748,1657,9,21
9749,1657,2,11
9750,1657,11,18
9751,1657,6,14
9752,1657,21,24
9753,1657,2,4
9754,1658,1,8
9755,1658,8,15
9756,1658,16,6
9757,1658,23,12
9758,1658,22,18
9759,1658,2,22
9760,1659,7,13
9761,1659,11,13
9762,1659,14,1
9763,1659,9,22
9764,1659,18,10
9765,1659,20,6
9766,1659,17,19
9767,1660,6,3
9768,1660,12,2
9769,1660,4,15
9770,1660,12,14
9771,1660,19,15
9772,1661,7,15
9773,1661,20,7
9774,1661,12,3
9775,1661,2,24
9776,1661,16,0
9777,1661,22,16
9778,1661,0,22
9779,1661,23,7
9780,1662,22,10
9781,1662,10,9
9782,1662,17,24
9783,1662,17,2
9784,1662,6,15
9785,1662,20,23
9786,1662,1,12
9787,1662,17,6
9788,1663,2,0
9789,1663,16,5
9790,1663,4,14
9791,1663,8,11
9792,1663,1,20
9793,1663,2,0
9794,1664,0,12
9795,1664,15,22
9796,1664,8,10
9797,1665,1,9
9798,1665,13,23
9799,1665,6,15
9800,1665,21,19
9801,1666,7,18
9802,1667,15,21
9803,1667,7,5
9804,1667,3,20
9805,1667,0,4
9806,1667,9,6
9807,1667,22,13
9808,1667,24,6
9809,1667,6,23
9810,1667,22,4
9811,1668,21,4
9812,1668,15,1
9813,1668,1,22
9814,1668,19,10
9815,1668,14,6
9816,1668,24,13
9817,1668,12,1
9818,1668,14,4
9819,1668,10,13
9820,1669,18,24
9821,1669,0,17
9822,1669,11,1
9823,1669,15,12
9824,1669,17,2
9825,1669,3,7
9826,1670,16,22
9827,1670,12,19
9828,1671,12,24
9829,1671,3,1
9830,1671,20,11
9831,1671,3,9
9832,1671,12,21
9833,1672,2,20
9834,1672,5,3
9835,1672,12,22
9836,1672,2,8
9837,1672,22,3
9838,1672,21,1
9839,1673,15,5
9840,1673,15,9
9841,1673,11,15
9842,1673,13,6
9843,1673,21,18
9844,1673,4,23
9845,1673,23,12
9846,1673,12,15
9847,1673,22,6
9848,1674,24,11
9849,1674,22,3
9850,1674,21,0
9851,1674,24,7
9852,1674,6,0
9853,1674,9,2
9854,1674,8,16
9855,1675,24,7
9856,1675,21,9
9857,1675,10,17
9858,1675,14,5
9859,1675,21,11
9860,1675,11,1
9861,1675,8,2
9862,1675,18,16
9863,1676,8,16
9864,1676,20,1
9865,1676,17,11
9866,1676,14,0
9867,1676,1,13
9868,1676,6,14
9869,1676,0,19
9870,1677,5,9
9871,1677,7,15
9872,1677,19,17
9873,1677,12,19
9874,1677,15,14
9875,1677,10,6
9876,1678,18,16
9877,1678,8,0
9878,1678,4,2
9879,1678,10,2
9880,1678,15,19
9881,1679,16,6
9882,1679,3,11
9883,1680,16,1
9884,1680,14,8
9885,1680,15,1
9886,1681,3,7
9887,1681,16,13
9888,1681,23,16
9889,1681,23,4
9890,1681,5,2
9891,1681,20,9
9892,1681,6,9
9893,1682,10,4
9894,1682,5,8
9895,1682,16,2
9896,1683,18,22
9897,1683,12,14
9898,1683,19,9
9899,1683,7,21
9900,1683,20,6
9901,1683,22,18
9902,1683,9,16
9903,1683,13,2
9904,1683,23,9
9905,1684,3,22
9906,1684,8,12
9907,1684,6,19
9908,1684,8,6
9909,1685,23,19
9910,1685,17,11
9911,1685,14,23
9912,1685,11,18
9913,1685,13,19
9914,1686,11,15
9915,1686,13,19
9916,1686,3,0
9917,1686,1,7
9918,1686,4,19
9919,1686,3,13
9920,1687,2,18
9921,1687,14,4
9922,1687,18,11
9923,1687,13,22
9924,1687,12,16
9925,1687,21,5
9926,1688,20,19
9927,1688,19,7
9928,1688,5,8
9929,1688,4,6
9930,1688,8,2
9931,1688,9,5
9932,1688,14,8
9933,1689,19,23
9934,1689,10,16
9935,1689,19,23
9936,1689,24,21
9937,1689,4,6
9938,1690,20,8
9939,1690,8,11
9940,1690,21,12
9941,1690,16,6
9942,1690,12,4
9943,1690,1,10
9944,1690,23,12
9945,1690,2,24
9946,1691,14,6
9947,1691,20,2
9948,1691,5,3
9949,1692,8,20
9950,1692,12,4
9951,1692,18,22
9952,1692,4,22
9953,1692,20,8
9954,1692,4,8
9955,1692,0,6
9956,1693,17,20
9957,1693,20,3
9958,1693,19,8
9959,1693,5,22
9960,1693,1,3
9961,1693,2,11
9962,1694,22,5
9963,1694,12,6
9964,1694,7,3
9965,1694,21,17
9966,1695,20,0
9967,1695,15,12
9968,1695,8,2
9969,1695,1,9
9970,1695,19,13
9971,1695,10,0
9972,1695,2,5
9973,1696,11,24
9974,1696,21,14
9975,1696,3,9
9976,1697,19,5
9977,1697,10,6
9978,1697,5,11
9979,1697,22,6
9980,1697,10,8
9981,1697,12,0
9982,1698,7,13
9983,1698,4,15
9984,1698,1,8
9985,1698,10,24
9986,1698,22,13
9987,1699,24,21
9988,1699,19,8
9989,1699,24,4
9990,1699,18,7
9991,1699,14,6
9992,1699,16,3
9993,1700,7,18
9994,1700,2,24
9995,1700,18,21
9996,1701,15,21
9997,1701,5,1
9998,1702,1,18
9999,1702,14,3
10000,1702,13,20
10001,1702,2,15
10002,1703,24,18
10003,1703,9,22
10004,1703,4,7
10005,1703,13,7
10006,1703,2,13
10007,1703,9,23
10008,1704,23,15
10009,1704,20,12
10010,1704,12,6
10011,1704,8,20
10012,1704,17,5
10013,1705,0,7
10014,1705,16,1
10015,1705,16,9
10016,1705,15,2
10017,1707,3,16
10018,1707,1,23
10019,1707,2,15
10020,1707,20,5
10021,1707,5,15
10022,1708,16,13
10023,1708,17,2
10024,1708,12,3
10025,1708,11,18
10026,1708,7,4
10027,1709,7,24
10028,1709,5,2
10029,1709,18,10
10030,1709,19,17
10031,1710,3,13
10032,1710,8,17
10033,1710,16,23
10034,1710,6,13
10035,1710,12,20
10036,1710,0,18
10037,1710,9,19
10038,1710,1,24
10039,1711,14,1
10040,1711,10,13
10041,1711,7,9
10042,1711,23,14
10043,1712,20,1
10044,1712,24,5
10045,1712,11,15
10046,1712,19,12
10047,1712,2,22
10048,1713,11,13
10049,1713,20,4
10050,1713,4,20
10051,1713,17,13
10052,1714,19,17
10053,1714,16,12
10054,1714,17,9
10055,1714,14,24
10056,1714,10,21
10057,1714,5,19
10058,1714,4,11
10059,1714,20,14
10060,1715,11,8
10061,1715,12,24
10062,1715,21,18
10063,1715,5,8
10064,1715,8,17
10065,1715,22,1
10066,1715,20,13
10067,1715,15,8
10068,1716,20,8
10069,1716,11,22
10070,1716,10,2
10071,1717,3,9
10072,1717,24,7
10073,1717,5,18
10074,1718,8,1
10075,1718,15,24
10076,1718,10,12
10077,1718,3,12
10078,1718,22,8
10079,1719,5,8
10080,1719,14,7
10081,1719,22,9
10082,1719,17,4
10083,1719,5,11
10084,1719,7,11
10085,1720,17,23
10086,1720,1,11
10087,1720,20,3
10088,1720,23,11
10089,1720,5,2
10090,1720,13,19
10091,1720,10,21
10092,1721,15,23
10093,1721,18,5
10094,1721,22,3
10095,1721,7,10
10096,1721,20,11
10097,1721,10,16
10098,1722,10,6
10099,1722,7,9
10100,1722,5,9
10101,1722,15,24
10102,1722,8,14
10103,1722,5,22
10104,1722,17,7
10105,1722,13,24
10106,1722,5,1
10107,1722,14,2
10108,1722,0,16
10109,1723,16,13
10110,1724,11,22
10111,1724,9,6
10112,1724,6,2
10113,1724,15,2
10114,1725,5,19
10115,1725,21,15
10116,1725,21,19
10117,1725,16,5
10118,1726,3,19
10119,1726,7,17
10120,1726,16,14
10121,1726,12,14
10122,1726,7,22
10123,1726,17,10
10124,1727,18,7
10125,1727,1,4
10126,1727,16,18
10127,1728,19,20
10128,1728,6,8
10129,1728,22,20
10130,1728,6,4
10131,1728,4,24
10132,1728,0,12
10133,1728,14,23
10134,1728,21,7
10135,1728,15,13
10136,1729,5,11
10137,1729,1,23
10138,1729,24,14
10139,1729,3,16
10140,1729,1,16
10141,1729,23,16
10142,1729,11,22
10143,1729,12,1
10144,1729,6,19
10145,1730,19,7
10146,1730,0,6
10147,1730,4,24
10148,1730,5,1
10149,1730,6,3
10150,1731,5,13
10151,1731,5,21
10152,1731,2,16
10153,1731,3,11
10154,1732,5,12
10155,1732,7,21
10156,1732,8,17
10157,1732,8,12
10158,1732,7,18
10159,1733,15,3
10160,1733,4,22
10161,1733,10,21
10162,1733,20,14
10163,1733,16,9
10164,1733,0,2
10165,1733,15,1
10166,1733,1,5
10167,1734,21,3
10168,1734,20,17
10169,1734,19,23
10170,1734,4,7
10171,1734,23,3
10172,1734,11,23
10173,1735,18,0
10174,1735,3,18
10175,1735,14,11
10176,1735,5,2
10177,1735,12,16
10178,1735,21,0
10179,1735,18,24
10180,1735,2,6
10181,1735,21,15
10182,1735,1,24
10183,1735,19,7
10184,1735,8,10
10185,1736,8,24
10186,1736,22,19
10187,1736,9,16
10188,1736,23,19
10189,1736,3,18
10190,1736,3,24
10191,1736,4,16
10192,1737,14,5
10193,1737,19,8
10194,1737,14,5
10195,1738,1,21
10196,1738,24,14
10197,1738,19,20
10198,1738,11,9
10199,1738,19,4
10200,1738,22,24
10201,1738,20,11
10202,1739,24,14
10203,1739,3,6
10204,1739,9,2
10205,1739,21,7
10206,1739,23,14
10207,1739,21,7
10208,1739,16,0
10209,1739,11,15
10210,1740,23,3
10211,1740,5,21
10212,1740,0,9
10213,1741,19,22
10214,1741,4,15
10215,1741,0,13
10216,1741,11,21
10217,1741,15,23
10218,1742,23,16
10219,1742,3,24
10220,1742,14,6
10221,1742,4,12
10222,1742,22,10
10223,1742,23,19
10224,1742,18,2
10225,1743,24,18
10226,1743,17,23
10227,1743,15,19
10228,1743,19,0
10229,1743,10,21
10230,1744,23,8
10231,1744,6,13
10232,1744,13,4
10233,1744,5,19
10234,1744,5,21
10235,1744,4,2
10236,1744,8,4
10237,1745,18,2
10238,1745,10,13
10239,1745,4,10
10240,1745,23,15
10241,1745,15,24
10242,1746,16,7
10243,1746,0,19
10244,1746,2,11
10245,1746,4,15
10246,1747,8,10
10247,1748,11,1
10248,1748,13,2
10249,1748,15,22
10250,1748,1,3
10251,1748,19,15
10252,1748,17,3
10253,1748,10,6
10254,1749,3,10
10255,1749,20,17
10256,1749,14,5
10257,1749,20,3
10258,1749,24,13
10259,1749,19,22
10260,1749,0,10
10261,1749,24,13
10262,1750,15,11
10263,1750,3,9
10264,1750,18,16
10265,1750,20,13
10266,1751,18,21
10267,1751,2,22
10268,1751,17,19
10269,1751,7,19
10270,1751,10,18
10271,1751,14,23
10272,1751,23,19
10273,1752,16,13
10274,1752,11,0
10275,1752,24,4
10276,1752,14,3
10277,1752,1,15
10278,1752,0,8
10279,1752,2,10
10280,1752,15,13
10281,1752,22,20
10282,1752,6,9
10283,1753,24,13
10284,1753,12,4
10285,1753,21,3
10286,1753,10,17
10287,1753,4,17
10288,1754,21,0
10289,1754,22,6
10290,1754,0,17
10291,1754,16,12
10292,1754,14,24
10293,1754,24,11
10294,1754,15,4
10295,1754,16,20
10296,1754,24,5
10297,1755,17,23
10298,1755,19,21
10299,1755,12,2
10300,1755,13,17
10301,1755,0,22
10302,1755,15,1
10303,1756,5,1
10304,1756,4,1
10305,1756,1,23
10306,1756,3,1
10307,1756,20,1
10308,1756,4,16
10309,1757,10,21
10310,1757,21,9
10311,1757,19,16
10312,1757,0,20
10313,1757,12,16
10314,1757,4,14
10315,1757,10,20
10316,1758,8,19
10317,1758,19,7
10318,1758,15,12
10319,1758,23,20
10320,1758,22,10
10321,1758,15,5
10322,1758,12,9
10323,1759,20,17
10324,1759,2,5
10325,1759,12,19
10326,1759,24,0
10327,1759,24,12
10328,1759,21,1
10329,1760,19,20
10330,1760,23,17
10331,1760,10,1
10332,1760,13,23
10333,1760,2,23
10334,1760,4,0
10335,1760,22,15
10336,1760,17,14
10337,1760,6,20
10338,1760,19,1
10339,1760,9,19
10340,1761,6,13
10341,1761,20,22
10342,1762,6,16
10343,1762,12,23
10344,1762,15,4
10345,1762,24,5
10346,1762,3,19
10347,1763,2,18
10348,1763,4,5
10349,1763,7,20
10350,1764,10,1
10351,1764,19,22
10352,1764,6,16
10353,1764,22,16
10354,1764,6,15
10355,1764,9,12
10356,1764,2,9
10357,1764,10,4
10358,1764,2,19
10359,1765,8,4
10360,1765,5,17
10361,1765,21,10
10362,1765,10,7
10363,1765,13,11
10364,1766,20,4
10365,1766,4,6
10366,1766,0,4
10367,1766,14,4
10368,1766,4,22
10369,1766,0,8
10370,1767,18,14
10371,1767,17,5
10372,1767,16,5
10373,1767,11,8
10374,1767,3,6
10375,1767,5,24
10376,1767,8,2
10377,1768,3,24
10378,1768,18,11
10379,1768,21,10
10380,1768,19,16
10381,1768,1,4
10382,1769,10,13
10383,1769,16,7
10384,1769,9,10
10385,1769,9,23
10386,1769,4,17
10387,1770,19,0
10388,1770,22,11
10389,1770,17,21
10390,1771,18,6
10391,1771,8,0
10392,1771,16,2
10393,1771,2,16
10394,1772,15,18
10395,1772,2,6
10396,1772,16,20
10397,1772,16,23
10398,1772,12,1
10399,1772,23,20
10400,1772,3,9
10401,1772,4,16
10402,1773,6,21
10403,1773,15,6
10404,1773,12,1
10405,1773,18,5
10406,1773,16,23
10407,1773,3,17
10408,1773,8,6
10409,1773,5,4
10410,1774,6,12
10411,1774,22,24
10412,1774,1,24
10413,1775,2,9
10414,1775,2,24
10415,1775,21,10
10416,1775,15,19
10417,1775,11,14
10418,1775,4,15
10419,1776,11,5
10420,1776,10,1
10421,1776,1,9
10422,1776,17,23
10423,1776,23,15
10424,1776,6,19
10425,1776,12,2
10426,1777,21,24
10427,1777,23,13
10428,1777,3,19
10429,1777,1,16
10430,1777,22,1
10431,1777,16,24
10432,1777,15,19
10433,1777,10,8
10434,1778,15,21
10435,1778,7,22
10436,1778,0,9
10437,1778,19,5
10438,1778,9,12
10439,1778,15,0
10440,1778,5,3
10441,1778,18,5
10442,1779,4,0
10443,1779,17,6
10444,1779,1,14
10445,1779,1,20
10446,1779,2,10
10447,1779,4,0
10448,1779,18,22
10449,1780,0,20
10450,1780,0,18
10451,1780,12,8
10452,1780,2,18
10453,1780,11,14
10454,1780,1,7
10455,1780,24,12
10456,1780,17,1
10457,1780,0,15
10458,1780,5,12
10459,1780,18,3
10460,1781,19,4
10461,1781,18,9
10462,1781,23,0
10463,1781,23,20
10464,1781,2,21
10465,1782,19,7
10466,1782,10,14
10467,1782,13,19
10468,1782,3,18
10469,1782,7,4
10470,1782,9,12
10471,1782,0,20
10472,1782,14,20
10473,1782,2,23
10474,1782,15,12
10475,1783,19,9
10476,1783,1,18
10477,1783,5,3
10478,1783,14,3
10479,1784,6,12
10480,1784,11,23
10481,1784,0,7
10482,1784,19,5
10483,1784,7,17
10484,1784,24,11
10485,1785,17,15
10486,1785,9,19
10487,1785,11,20
10488,1785,23,10
10489,1785,16,5
10490,1785,1,10
10491,1786,9,5
10492,1786,9,0
10493,1786,15,5
10494,1787,3,15
10495,1787,15,3
10496,1787,0,21
10497,1787,11,8
10498,1787,11,13
10499,1787,13,11
10500,1788,20,17
10501,1788,21,0
10502,1788,10,22
10503,1788,10,2
10504,1788,7,3
10505,1788,11,20
10506,1789,1,20
10507,1789,14,10
10508,1789,21,7
10509,1790,1,3
10510,1790,10,13
10511,1790,18,22
10512,1790,3,19
10513,1790,19,12
10514,1790,13,2
10515,1791,6,21
10516,1791,23,11
10517,1792,20,23
10518,1792,5,17
10519,1792,5,4
10520,1792,7,21
10521,1792,15,19
10522,1792,17,15
10523,1792,6,22
10524,1793,10,22
10525,1793,16,24
10526,1793,11,2
10527,1794,17,4
10528,1794,10,6
10529,1794,7,14
10530,1795,20,5
10531,1795,8,14
10532,1796,15,7
10533,1796,6,19
10534,1796,16,22
10535,1796,24,5
10536,1796,7,20
10537,1797,20,23
10538,1797,21,18
10539,1797,0,23
10540,1797,15,7
10541,1797,19,6
10542,1797,17,2
10543,1798,1,9
10544,1798,4,6
10545,1798,18,10
10546,1798,1,13
10547,1798,23,16
10548,1798,1,4
10549,1799,21,2
10550,1799,23,13
10551,1799,15,23
10552,1799,19,16
10553,1799,4,14
10554,1799,23,9
10555,1799,0,6
