veh_id,t_depart,origin,dest
0,0,18,20
1,0,17,9
2,0,12,21
3,0,21,15
4,0,1,19
5,1,4,6
6,1,3,7
7,1,15,23
8,1,3,19
9,2,9,17
10,2,20,5
11,2,5,1
12,2,19,23
13,2,22,16
14,2,6,20
15,3,8,18
16,3,3,10
17,3,11,22
18,3,4,11
19,3,5,1
20,3,12,2
21,4,18,24
22,4,4,24
23,4,0,10
24,4,3,23
25,4,15,9
26,4,6,16
27,4,16,8
28,4,10,23
29,4,8,10
30,5,20,4
31,5,4,10
32,5,3,1
33,5,5,8
34,5,17,21
35,5,4,23
36,5,7,5
37,6,11,22
38,6,7,14
39,6,10,2
40,6,22,9
41,6,23,21
42,6,18,11
43,6,22,24
44,6,7,14
45,6,12,14
46,6,12,21
47,7,18,8
48,7,16,14
49,7,1,9
50,7,21,18
51,7,24,10
52,7,6,20
53,7,20,24
54,7,6,3
55,7,10,1
56,7,8,19
57,7,11,4
58,7,4,1
59,7,21,10
60,8,7,0
61,8,24,5
62,8,9,10
63,8,16,23
64,8,21,23
65,8,18,20
66,8,18,8
67,8,7,16
68,9,24,8
69,9,22,4
70,10,9,21
71,10,11,23
72,10,23,4
73,10,12,14
74,10,10,12
75,10,6,15
76,10,23,1
77,10,19,22
78,11,10,24
79,11,4,5
80,11,8,12
81,11,7,22
82,11,22,15
83,12,5,24
84,12,13,19
85,12,11,14
86,12,1,3
87,12,24,0
88,12,10,3
89,12,24,17
90,13,14,16
91,13,13,4
92,13,22,9
93,13,21,11
94,13,2,17
95,13,15,1
96,13,3,16
97,13,20,6
98,14,8,17
99,14,8,23
100,14,24,8
101,15,0,15
102,15,14,5
103,15,5,7
104,15,3,21
105,15,4,14
106,15,14,12
107,15,6,21
108,15,7,10
109,15,19,5
110,15,3,19
111,15,0,19
112,15,23,15
113,16,19,11
114,16,23,7
115,16,1,23
116,16,7,1
117,16,3,21
118,16,3,6
119,16,15,14
120,17,24,10
121,17,19,23
122,17,9,10
123,17,5,1
124,17,23,6
125,18,7,17
126,18,4,22
127,18,16,19
128,18,11,19
129,18,6,23
130,18,23,7
131,18,21,18
132,19,21,3
133,19,4,15
134,19,5,9
135,20,4,20
136,20,1,16
137,20,22,6
138,20,14,4
139,20,8,11
140,20,5,8
141,21,4,15
142,21,16,2
143,21,9,12
144,21,15,6
145,21,21,2
146,21,1,10
147,21,24,5
148,21,24,17
149,21,16,3
150,21,7,15
151,22,15,23
152,23,12,1
153,23,2,10
154,23,3,16
155,23,12,8
156,23,18,11
157,23,20,2
158,23,8,18
159,23,7,14
160,24,3,16
161,24,17,2
162,24,23,11
163,24,6,19
164,24,21,5
165,24,10,1
166,24,10,16
167,25,17,14
168,25,4,16
169,25,13,17
170,25,12,0
171,26,23,11
172,26,10,8
173,26,17,0
174,27,22,6
175,27,6,18
176,27,16,10
177,27,1,23
178,27,5,13
179,27,5,13
180,27,10,24
181,27,21,6
182,27,22,15
183,28,24,8
184,28,14,3
185,28,3,12
186,28,10,8
187,29,23,8
188,29,8,4
189,29,14,0
190,29,7,9
191,30,22,2
192,30,23,1
193,30,21,3
194,30,6,15
195,31,14,12
196,31,16,10
197,31,10,20
198,31,20,0
199,31,11,22
200,32,19,15
201,32,20,6
202,32,2,14
203,32,11,0
204,32,7,18
205,33,22,2
206,33,13,20
207,33,3,18
208,34,13,9
209,34,12,4
210,34,18,12
211,34,12,21
212,35,3,6
213,35,0,20
214,35,22,9
215,35,11,18
216,35,9,15
217,35,7,18
218,35,24,22
219,36,1,20
220,36,19,2
221,36,16,6
222,37,23,9
223,37,19,22
224,37,3,20
225,37,0,21
226,37,14,18
227,38,21,1
228,38,11,23
229,38,24,18
230,38,18,1
231,38,20,19
232,39,6,4
233,39,17,21
234,39,9,21
235,40,16,10
236,40,3,18
237,40,14,15
238,40,5,18
239,40,18,9
240,40,9,0
241,40,9,1
242,41,4,17
243,41,18,21
244,41,19,13
245,41,15,0
246,41,23,19
247,42,14,16
248,42,2,6
249,42,11,2
250,42,21,4
251,42,6,12
252,42,19,20
253,43,6,24
254,43,7,21
255,43,21,9
256,43,8,24
257,43,3,23
258,43,12,5
259,43,13,10
260,43,9,12
261,44,4,7
262,44,12,10
263,44,8,22
264,45,2,21
265,45,6,14
266,45,13,19
267,45,19,21
268,45,8,6
269,45,12,9
270,45,15,8
271,45,16,5
272,46,8,21
273,46,13,7
274,47,16,1
275,47,24,9
276,47,1,19
277,47,5,16
278,48,0,7
279,48,15,24
280,48,17,4
281,48,11,7
282,49,5,4
283,49,13,23
284,49,17,24
285,50,19,7
286,50,2,22
287,50,14,0
288,50,20,7
289,50,2,8
290,50,7,4
291,51,18,24
292,51,4,19
293,51,14,12
294,51,20,4
295,52,24,21
296,52,3,23
297,52,22,4
298,52,1,8
299,52,18,15
300,52,12,19
301,52,19,1
302,52,22,11
303,52,15,22
304,53,21,12
305,53,0,4
306,53,16,8
307,53,18,15
308,53,5,11
309,53,18,2
310,54,23,7
311,54,6,0
312,54,0,6
313,54,23,0
314,54,10,13
315,54,0,4
316,54,8,23
317,54,22,0
318,55,12,20
319,55,1,19
320,55,14,5
321,55,9,12
322,56,1,18
323,56,10,2
324,56,19,20
325,56,12,9
326,56,10,13
327,56,17,3
328,57,16,14
329,57,13,24
330,57,19,8
331,57,18,4
332,57,9,22
333,57,13,17
334,57,6,0
335,57,0,20
336,58,4,12
337,58,18,5
338,58,9,5
339,58,13,15
340,59,10,0
341,59,13,11
342,59,2,8
343,59,14,20
344,59,0,18
345,59,8,0
346,59,22,5
347,60,10,7
348,60,4,5
349,60,13,4
350,60,7,5
351,60,18,10
352,60,21,3
353,60,21,5
354,60,6,18
355,61,5,3
356,61,1,4
357,61,0,23
358,61,14,7
359,61,21,4
360,61,23,11
361,61,12,24
362,62,21,5
363,62,15,5
364,62,2,24
365,62,3,24
366,62,11,22
367,62,4,21
368,62,16,12
369,62,6,19
370,63,5,15
371,63,7,5
372,63,23,21
373,63,5,13
374,63,11,15
375,63,24,20
376,63,21,6
377,64,12,23
378,64,4,19
379,64,19,3
380,65,6,24
381,65,14,4
382,65,10,3
383,65,12,18
384,65,15,19
385,65,19,15
386,65,6,24
387,66,6,0
388,66,15,18
389,66,2,17
390,66,13,21
391,66,3,10
392,67,22,13
393,67,15,6
394,67,20,24
395,67,20,16
396,67,0,8
397,67,6,12
398,68,21,2
399,68,4,7
400,68,9,21
401,68,10,19
402,69,1,24
403,69,16,18
404,69,16,9
405,69,23,5
406,69,11,4
407,69,20,17
408,69,18,15
409,70,12,19
410,70,1,21
411,70,4,8
412,70,7,22
413,70,21,3
414,70,19,15
415,71,24,5
416,71,5,24
417,71,24,22
418,71,5,3
419,71,15,22
420,72,1,7
421,72,24,7
422,72,24,4
423,72,12,16
424,72,14,11
425,72,2,10
426,73,13,23
427,73,18,10
428,73,12,16
429,73,11,7
430,73,16,3
431,73,19,20
432,73,14,15
433,74,0,9
434,74,14,1
435,74,3,17
436,74,20,13
437,74,11,8
438,74,19,4
439,74,7,11
440,74,11,15
441,75,7,1
442,75,6,16
443,75,17,15
444,75,1,20
445,75,2,9
446,75,19,4
447,76,20,10
448,76,14,4
449,76,4,24
450,76,2,11
451,76,2,15
452,76,7,11
453,77,12,5
454,77,13,16
455,77,18,14
456,77,4,6
457,77,18,3
458,77,12,9
459,77,3,19
460,77,13,0
461,78,6,17
462,78,12,5
463,78,17,15
464,78,17,19
465,79,23,10
466,79,22,16
467,79,6,16
468,79,23,4
469,79,1,7
470,80,16,3
471,80,24,15
472,80,14,18
473,80,15,24
474,80,7,13
475,80,14,20
476,80,2,9
477,80,17,5
478,80,24,12
479,80,21,3
480,80,22,0
481,80,15,18
482,80,10,1
483,81,4,6
484,81,18,14
485,81,24,13
486,82,24,6
487,82,1,16
488,82,21,12
489,82,6,9
490,82,11,13
491,83,23,15
492,83,13,1
493,83,6,12
494,83,8,24
495,84,21,14
496,84,5,12
497,84,1,22
498,84,4,24
499,85,23,14
500,85,9,13
501,85,23,12
502,85,11,3
503,85,22,19
504,86,4,17
505,86,19,22
506,86,21,5
507,86,17,1
508,87,4,20
509,87,4,20
510,87,22,15
511,87,12,18
512,87,11,14
513,88,18,15
514,88,6,8
515,88,15,24
516,88,6,10
517,88,16,1
518,88,11,9
519,89,18,3
520,89,10,23
521,89,24,4
522,90,10,17
523,90,19,10
524,90,2,17
525,91,23,2
526,91,5,7
527,91,18,20
528,91,1,7
529,91,4,10
530,91,6,9
531,91,20,5
532,91,0,21
533,91,19,11
534,91,13,20
535,92,2,6
536,92,8,20
537,92,1,21
538,92,7,18
539,93,8,14
540,93,6,8
541,93,22,18
542,93,11,24
543,93,16,8
544,93,4,20
545,93,16,20
546,94,10,12
547,94,6,3
548,94,11,2
549,94,16,0
550,95,21,23
551,95,24,22
552,95,17,24
553,95,5,16
554,95,11,23
555,95,10,7
556,95,0,2
557,96,4,13
558,96,6,2
559,96,22,13
560,96,11,18
561,96,14,16
562,96,16,20
563,96,14,4
564,96,7,5
565,96,19,8
566,96,13,10
567,97,10,23
568,97,16,10
569,97,12,1
570,97,3,16
571,97,4,17
572,98,6,2
573,98,18,5
574,98,1,20
575,98,1,9
576,98,14,7
577,98,12,16
578,98,19,21
579,99,23,5
580,99,16,19
581,99,5,14
582,99,17,11
583,99,14,12
584,99,12,2
585,99,10,19
586,99,24,11
587,99,15,13
588,99,15,6
589,99,7,4
590,99,13,20
591,100,5,19
592,100,9,11
593,100,2,16
594,100,4,2
595,100,22,20
596,100,17,10
597,100,3,21
598,100,15,3
599,100,23,13
600,100,4,6
601,101,20,14
602,101,0,10
603,101,19,0
604,101,3,20
605,102,11,5
606,102,21,18
607,102,5,12
608,102,24,20
609,102,14,20
610,102,9,21
611,103,21,18
612,103,0,12
613,103,9,15
614,104,24,13
615,104,0,12
616,104,11,2
617,104,4,16
618,104,13,20
619,104,10,14
620,104,10,17
621,104,21,10
622,104,21,11
623,104,1,4
624,105,23,16
625,105,22,10
626,105,5,17
627,105,19,12
628,106,11,7
629,106,17,15
630,106,9,6
631,106,21,24
632,106,7,4
633,107,11,19
634,107,13,0
635,107,1,18
636,108,15,8
637,108,11,7
638,108,7,10
639,108,3,12
640,108,19,7
641,108,5,12
642,109,3,15
643,109,2,15
644,109,3,1
645,109,13,4
646,110,17,8
647,110,5,4
648,110,22,1
649,110,15,8
650,111,24,17
651,111,21,15
652,111,4,22
653,111,2,14
654,111,10,8
655,111,20,22
656,112,11,2
657,112,1,3
658,112,15,18
659,112,7,5
660,112,10,1
661,112,19,3
662,113,20,3
663,113,12,21
664,113,10,21
665,113,18,2
666,113,17,0
667,113,16,7
668,113,5,7
669,114,11,1
670,114,22,20
671,114,8,10
672,114,23,9
673,114,13,17
674,114,0,10
675,114,10,1
676,114,0,2
677,114,9,6
678,114,11,23
679,114,21,15
680,114,14,4
681,115,11,23
682,115,11,13
683,115,0,22
684,115,15,13
685,116,14,11
686,117,8,1
687,117,4,23
688,117,1,24
689,117,9,2
690,118,0,19
691,118,2,18
692,118,8,10
693,118,5,13
694,118,17,6
695,118,19,16
696,118,7,22
697,118,17,0
698,119,7,1
699,119,22,9
700,119,24,12
701,119,6,24
702,119,8,15
703,119,15,4
704,119,19,16
705,120,8,24
706,120,13,19
707,120,11,4
708,120,20,14
709,120,17,1
710,120,17,20
711,120,16,2
712,120,23,10
713,120,15,0
714,121,24,21
715,121,22,7
716,121,20,0
717,121,11,17
718,121,6,20
719,121,1,11
720,121,4,8
721,121,15,9
722,121,1,12
723,122,15,4
724,122,16,2
725,122,7,14
726,123,23,6
727,123,17,11
728,123,22,16
729,123,16,20
730,123,5,19
731,123,2,8
732,123,16,3
733,124,12,5
734,124,20,14
735,124,0,7
736,124,22,20
737,124,19,13
738,124,5,19
739,125,17,19
740,125,19,16
741,125,9,1
742,125,21,15
743,125,23,10
744,126,14,5
745,126,2,17
746,126,17,19
747,126,21,14
748,127,16,8
749,127,20,10
750,127,10,2
751,127,10,13
752,128,22,6
753,128,7,23
754,128,0,4
755,128,3,0
756,129,10,22
757,129,6,19
758,129,8,14
759,129,3,23
760,129,1,18
761,130,7,5
762,130,21,5
763,130,24,22
764,130,21,9
765,130,19,23
766,130,2,10
767,130,17,3
768,131,3,10
769,131,14,20
770,131,7,22
771,131,3,0
772,131,4,21
773,131,16,0
774,131,7,4
775,132,5,11
776,132,1,17
777,132,12,5
778,132,12,22
779,132,13,20
780,132,16,22
781,132,24,11
782,132,24,4
783,132,6,3
784,132,21,13
785,132,7,0
786,132,17,0
787,132,18,0
788,132,7,20
789,133,14,0
790,134,18,22
791,134,21,9
792,134,0,24
793,134,13,20
794,134,15,0
795,134,9,16
796,135,17,24
797,135,14,23
798,135,5,1
799,135,16,23
800,135,22,3
801,136,19,20
802,136,2,14
803,136,12,3
804,136,21,14
805,136,22,9
806,136,24,7
807,136,4,13
808,136,0,4
809,136,5,17
810,137,24,20
811,137,21,15
812,137,15,22
813,137,4,23
814,137,1,14
815,137,9,19
816,138,5,13
817,138,8,14
818,138,10,24
819,138,15,22
820,139,3,10
821,139,8,5
822,139,2,9
823,139,18,2
824,139,6,15
825,139,1,21
826,139,6,3
827,139,14,20
828,140,19,0
829,140,1,15
830,140,5,1
831,140,16,22
832,140,17,23
833,140,5,4
834,140,12,4
835,141,24,16
836,141,9,11
837,141,22,13
838,141,20,19
839,141,20,17
840,142,15,6
841,142,19,8
842,142,18,0
843,142,15,21
844,143,10,0
845,143,16,7
846,143,23,17
847,143,9,6
848,143,0,7
849,143,14,7
850,144,3,12
851,144,19,12
852,144,8,23
853,144,4,8
854,144,24,5
855,144,4,21
856,144,7,22
857,144,17,21
858,144,1,7
859,145,11,5
860,145,21,12
861,145,17,1
862,145,20,22
863,146,1,14
864,146,5,18
865,146,2,24
866,146,14,23
867,146,6,15
868,146,24,0
869,146,17,19
870,146,24,8
871,146,3,1
872,147,6,22
873,147,22,15
874,147,24,21
875,147,14,10
876,147,16,12
877,148,5,11
878,148,22,4
879,148,16,4
880,148,6,8
881,148,17,8
882,148,4,11
883,149,17,14
884,149,1,18
885,149,10,23
886,149,13,9
887,149,0,18
888,150,7,22
889,150,19,0
890,150,12,19
891,150,24,20
892,150,14,8
893,150,11,21
894,151,17,15
895,151,24,9
896,151,9,23
897,151,22,9
898,151,20,16
899,151,24,20
900,151,22,1
901,152,0,16
902,152,10,20
903,152,22,3
904,153,2,4
905,153,7,0
906,153,21,11
907,153,0,24
908,153,10,8
909,153,14,21
910,154,11,1
911,154,11,22
912,154,24,1
913,154,20,3
914,154,5,4
915,155,10,21
916,155,11,23
917,155,21,3
918,155,24,6
919,155,2,20
920,155,17,19
921,155,2,6
922,155,7,10
923,155,11,13
924,155,12,3
925,155,2,23
926,156,4,15
927,156,16,23
928,156,10,16
929,156,10,24
930,156,18,10
931,156,10,21
932,156,3,15
933,157,20,16
934,157,2,21
935,157,20,8
936,157,9,18
937,157,5,24
938,157,23,2
939,157,17,15
940,158,11,2
941,158,12,8
942,158,14,24
943,158,11,20
944,158,16,13
945,159,2,17
946,159,15,3
947,159,18,4
948,159,19,7
949,160,23,6
950,160,24,18
951,160,13,6
952,160,20,8
953,160,21,23
954,160,6,23
955,160,7,1
956,161,14,15
957,161,24,20
958,161,17,3
959,162,4,10
960,162,15,4
961,162,13,19
962,162,18,3
963,162,19,1
964,162,1,18
965,163,14,5
966,163,15,17
967,163,4,0
968,164,24,5
969,164,5,9
970,164,5,17
971,164,20,14
972,164,4,19
973,164,5,16
974,164,4,2
975,164,11,17
976,164,16,5
977,164,0,20
978,165,20,22
979,165,20,5
980,165,23,19
981,165,5,8
982,165,17,4
983,165,13,17
984,165,12,0
985,166,12,2
986,166,0,9
987,166,5,1
988,166,4,7
989,166,11,24
990,167,12,0
991,167,20,24
992,167,6,8
993,167,8,12
994,167,24,21
995,167,14,22
996,168,11,20
997,168,9,2
998,168,19,23
999,168,0,24
1000,168,3,21
1001,169,13,24
1002,169,0,15
1003,169,22,16
1004,170,13,6
1005,170,22,10
1006,170,23,12
1007,170,11,7
1008,171,8,18
1009,171,9,6
1010,171,18,6
1011,171,17,6
1012,171,11,20
1013,172,7,19
1014,172,2,22
1015,172,16,6
1016,173,13,2
1017,173,23,15
1018,173,1,21
1019,174,1,13
1020,174,16,3
1021,174,8,1
1022,174,22,8
1023,174,21,11
1024,174,13,0
1025,174,18,24
1026,174,2,13
1027,174,17,11
1028,175,21,17
1029,175,12,15
1030,175,21,12
1031,175,24,17
1032,176,8,2
1033,176,9,15
1034,176,4,0
1035,176,20,14
1036,176,3,14
1037,176,19,0
1038,176,5,21
1039,177,19,1
1040,177,23,2
1041,177,20,19
1042,177,9,23
1043,177,15,22
1044,177,20,12
1045,177,18,21
1046,178,5,11
1047,178,12,14
1048,178,12,0
1049,178,17,10
1050,179,23,17
1051,179,6,20
1052,179,9,24
1053,179,20,10
1054,179,22,18
1055,180,8,5
1056,180,10,4
1057,180,0,21
1058,180,15,9
1059,181,9,0
1060,181,11,14
1061,181,8,15
1062,181,0,8
1063,181,4,5
1064,181,24,11
1065,182,14,15
1066,182,8,12
1067,182,21,13
1068,182,15,23
1069,182,21,18
1070,183,14,0
1071,183,5,14
1072,183,5,14
1073,183,10,16
1074,183,16,23
1075,184,20,7
1076,184,4,7
1077,184,0,4
1078,184,14,18
1079,184,9,24
1080,184,22,13
1081,185,18,5
1082,185,14,10
1083,185,11,13
1084,185,7,4
1085,185,14,2
1086,185,12,9
1087,185,4,18
1088,185,3,9
1089,185,1,23
1090,185,23,10
1091,186,17,11
1092,186,22,24
1093,186,0,8
1094,186,11,5
1095,187,20,14
1096,187,16,23
1097,187,1,3
1098,187,15,19
1099,187,5,14
1100,187,23,4
1101,188,8,24
1102,188,3,15
1103,188,7,10
1104,189,14,7
1105,189,11,13
1106,189,9,6
1107,189,15,19
1108,189,10,1
1109,189,18,20
1110,189,14,17
1111,190,14,21
1112,190,15,13
1113,190,20,18
1114,190,18,10
1115,190,7,21
1116,190,10,14
1117,190,21,12
1118,190,19,15
1119,191,24,18
1120,191,19,8
1121,191,18,24
1122,191,9,19
1123,191,6,16
1124,192,3,9
1125,192,12,21
1126,192,21,1
1127,192,14,0
1128,192,17,13
1129,192,22,14
1130,192,4,13
1131,192,19,17
1132,192,2,9
1133,193,19,15
1134,193,4,8
1135,193,19,16
1136,193,10,1
1137,194,2,21
1138,194,10,18
1139,194,17,0
1140,194,11,19
1141,194,17,10
1142,194,18,20
1143,195,4,19
1144,195,20,22
1145,195,19,2
1146,196,4,19
1147,196,14,11
1148,196,13,20
1149,196,0,12
1150,196,2,12
1151,197,13,7
1152,197,22,20
1153,197,10,16
1154,197,11,2
1155,197,12,21
1156,197,20,1
1157,197,17,15
1158,198,7,23
1159,198,19,20
1160,198,22,10
1161,198,2,23
1162,198,16,8
1163,198,9,0
1164,198,10,24
1165,198,12,2
1166,199,6,4
1167,199,18,21
1168,199,24,20
1169,199,11,13
1170,200,21,11
1171,200,23,4
1172,200,15,6
1173,200,0,2
1174,200,17,20
1175,200,19,23
1176,201,20,14
1177,201,10,1
1178,201,21,6
1179,201,19,8
1180,201,11,18
1181,201,9,15
1182,201,14,8
1183,201,7,14
1184,202,1,24
1185,202,21,15
1186,202,11,23
1187,202,21,17
1188,202,12,1
1189,202,23,8
1190,203,5,4
1191,203,23,20
1192,203,23,19
1193,203,13,16
1194,203,16,22
1195,203,6,18
1196,203,5,1
1197,203,1,16
1198,203,17,1
1199,204,24,8
1200,204,2,0
1201,204,13,4
1202,204,12,24
1203,204,11,22
1204,205,1,4
1205,205,17,4
1206,205,3,19
1207,205,10,6
1208,205,16,1
1209,205,13,17
1210,205,10,1
1211,206,11,20
1212,206,15,19
1213,206,10,14
1214,206,3,21
1215,206,6,13
1216,207,5,21
1217,207,4,14
1218,207,14,12
1219,207,22,18
1220,207,6,14
1221,207,4,21
1222,207,20,10
1223,207,5,7
1224,208,18,3
1225,208,22,14
1226,208,17,3
1227,208,1,13
1228,209,12,19
1229,209,9,1
1230,209,11,9
1231,209,4,21
1232,209,6,13
1233,209,16,9
1234,210,2,17
1235,210,9,22
1236,210,3,21
1237,210,18,11
1238,210,4,5
1239,210,20,11
1240,210,11,14
1241,210,22,18
1242,210,3,17
1243,210,14,20
1244,210,10,18
1245,210,17,8
1246,211,18,0
1247,211,9,18
1248,211,12,21
1249,211,21,3
1250,211,0,10
1251,211,5,17
1252,211,17,19
1253,211,21,3
1254,212,12,5
1255,212,3,23
1256,212,20,22
1257,212,0,18
1258,212,9,0
1259,212,24,1
1260,212,14,0
1261,212,2,0
1262,213,21,18
1263,213,11,21
1264,213,20,9
1265,213,4,7
1266,213,5,14
1267,213,22,8
1268,213,12,4
1269,213,5,21
1270,214,0,11
1271,214,21,11
1272,214,10,9
1273,214,20,7
1274,214,2,15
1275,214,20,4
1276,215,21,7
1277,215,3,9
1278,215,4,1
1279,215,23,17
1280,215,2,9
1281,215,12,21
1282,216,23,16
1283,216,17,20
1284,216,5,24
1285,216,8,6
1286,216,21,0
1287,217,19,7
1288,217,8,11
1289,217,17,7
1290,218,16,5
1291,218,12,15
1292,218,3,6
1293,218,6,4
1294,218,21,1
1295,219,23,9
1296,219,2,11
1297,219,19,8
1298,219,3,18
1299,219,10,20
1300,219,6,0
1301,220,20,13
1302,220,11,18
1303,220,16,5
1304,220,5,23
1305,220,22,4
1306,221,11,8
1307,221,18,22
1308,221,10,18
1309,221,6,24
1310,221,21,7
1311,221,20,18
1312,222,20,9
1313,222,16,3
1314,222,0,4
1315,223,1,14
1316,223,15,2
1317,223,8,17
1318,223,24,14
1319,223,20,3
1320,223,20,4
1321,223,13,20
1322,223,9,10
1323,223,13,22
1324,224,10,24
1325,224,15,5
1326,224,7,22
1327,224,22,24
1328,224,19,0
1329,224,16,2
1330,224,22,20
1331,224,20,10
1332,224,8,22
1333,224,12,1
1334,225,15,5
1335,225,22,3
1336,225,6,10
1337,225,2,21
1338,225,13,23
1339,225,8,10
1340,225,9,22
1341,225,5,2
1342,226,3,20
1343,226,3,17
1344,226,9,17
1345,226,8,17
1346,226,7,5
1347,226,21,17
1348,226,9,18
1349,226,19,11
1350,226,12,14
1351,226,23,21
1352,226,18,3
1353,226,2,19
1354,226,7,17
1355,227,5,11
1356,227,24,7
1357,227,7,24
1358,227,21,1
1359,227,23,11
1360,227,14,4
1361,228,14,11
1362,228,15,8
1363,228,10,9
1364,228,3,11
1365,229,15,8
1366,229,19,7
1367,229,22,4
1368,229,14,21
1369,229,18,12
1370,229,10,0
1371,229,14,21
1372,229,7,16
1373,230,24,2
1374,230,4,1
1375,230,6,9
1376,230,5,17
1377,230,15,8
1378,230,11,23
1379,231,2,12
1380,231,9,20
1381,231,23,21
1382,232,10,24
1383,232,13,21
1384,232,7,24
1385,232,11,2
1386,232,13,19
1387,232,5,18
1388,232,6,18
1389,233,7,11
1390,233,20,1
1391,233,4,14
1392,233,2,0
1393,234,3,6
1394,234,16,14
1395,234,18,22
1396,234,11,15
1397,234,15,0
1398,234,7,18
1399,235,13,17
1400,235,15,0
1401,235,14,0
1402,235,5,1
1403,235,21,11
1404,235,21,8
1405,236,23,6
1406,236,12,18
1407,236,19,13
1408,236,24,21
1409,236,3,22
1410,237,5,2
1411,237,3,1
1412,237,1,20
1413,237,15,6
1414,237,15,18
1415,238,7,21
1416,238,7,4
1417,238,18,6
1418,238,16,12
1419,238,24,2
1420,238,5,13
1421,239,22,0
1422,239,11,7
1423,239,17,14
1424,240,17,2
1425,240,1,11
1426,240,16,2
1427,240,15,13
1428,240,0,21
1429,240,7,21
1430,241,18,5
1431,241,23,2
1432,241,16,19
1433,241,0,22
1434,242,7,0
1435,242,18,1
1436,242,4,12
1437,242,0,20
1438,242,23,3
1439,242,1,22
1440,242,23,8
1441,242,14,0
1442,242,7,13
1443,243,17,21
1444,243,23,6
1445,243,2,21
1446,243,9,12
1447,243,24,3
1448,243,10,21
1449,243,24,15
1450,243,21,1
1451,243,6,18
1452,244,0,11
1453,244,5,1
1454,244,0,22
1455,244,18,7
1456,244,14,6
1457,245,12,3
1458,245,8,10
1459,245,2,19
1460,245,9,15
1461,245,20,23
1462,245,17,2
1463,245,13,10
1464,246,8,10
1465,246,15,14
1466,246,17,5
1467,247,14,3
1468,247,6,9
1469,247,21,4
1470,247,9,1
1471,247,10,19
1472,247,3,20
1473,247,2,8
1474,247,16,14
1475,247,14,11
1476,247,17,9
1477,247,7,18
1478,247,19,7
1479,248,19,8
1480,248,1,18
1481,248,15,0
1482,248,9,24
1483,248,10,9
1484,248,3,20
1485,248,19,6
1486,248,23,8
1487,248,16,18
1488,248,12,2
1489,248,15,5
1490,249,2,19
1491,249,11,9
1492,249,1,18
1493,250,7,0
1494,250,19,23
1495,251,14,20
1496,251,4,23
1497,251,11,19
1498,251,15,24
1499,251,18,20
1500,251,9,1
1501,252,20,10
1502,252,6,3
1503,252,7,11
1504,252,16,1
1505,252,20,4
1506,252,13,22
1507,252,24,14
1508,252,7,4
1509,253,7,19
1510,253,2,14
1511,253,3,16
1512,253,5,15
1513,253,17,2
1514,253,10,2
1515,254,13,0
1516,254,6,8
1517,254,1,17
1518,254,11,14
1519,254,24,9
1520,255,6,15
1521,255,23,9
1522,255,13,0
1523,255,9,22
1524,255,10,0
1525,255,19,5
1526,255,11,4
1527,255,21,0
1528,255,9,19
1529,255,4,14
1530,256,5,4
1531,256,7,23
1532,256,11,18
1533,256,19,2
1534,257,4,15
1535,257,18,10
1536,257,23,12
1537,257,2,16
1538,258,9,15
1539,258,8,11
1540,258,1,19
1541,258,13,5
1542,259,8,18
1543,259,6,13
1544,260,1,19
1545,260,10,6
1546,260,4,10
1547,260,18,3
1548,260,20,19
1549,261,1,9
1550,261,12,3
1551,261,5,12
1552,261,14,5
1553,261,17,19
1554,262,19,21
1555,262,5,24
1556,262,2,0
1557,262,14,20
1558,262,3,0
1559,262,17,10
1560,262,5,18
1561,262,21,5
1562,262,19,0
1563,262,13,3
1564,263,10,22
1565,263,7,4
1566,263,24,10
1567,263,22,10
1568,263,1,14
1569,263,3,10
1570,263,6,16
1571,263,20,11
1572,263,13,21
1573,263,10,18
1574,264,4,1
1575,264,0,24
1576,264,19,20
1577,264,16,23
1578,264,12,5
1579,265,7,4
1580,265,5,17
1581,265,18,3
1582,266,11,3
1583,266,4,2
1584,266,3,20
1585,266,15,2
1586,266,24,16
1587,266,11,3
1588,266,20,4
1589,266,22,9
1590,266,16,7
1591,266,21,12
1592,267,17,10
1593,267,5,14
1594,267,20,24
1595,267,17,6
1596,267,8,19
1597,267,24,22
1598,267,11,8
1599,267,19,20
1600,267,16,10
1601,267,3,5
1602,268,4,21
1603,268,24,10
1604,268,11,4
1605,268,2,9
1606,269,0,14
1607,269,1,23
1608,269,4,7
1609,269,24,22
1610,269,23,19
1611,269,19,6
1612,269,9,5
1613,270,5,16
1614,270,13,10
1615,270,18,6
1616,270,10,2
1617,270,11,9
1618,270,16,7
1619,270,6,23
1620,270,10,17
1621,270,17,6
1622,270,17,4
1623,270,10,22
1624,270,0,16
1625,270,5,2
1626,270,3,19
1627,271,8,21
1628,271,8,10
1629,271,10,4
1630,271,18,9
1631,271,22,6
1632,271,23,11
1633,272,24,1
1634,272,9,6
1635,272,8,23
1636,272,21,17
1637,272,10,2
1638,272,18,8
1639,273,20,13
1640,273,12,4
1641,273,4,23
1642,273,8,4
1643,273,1,10
1644,273,19,5
1645,273,3,9
1646,273,9,23
1647,274,4,7
1648,274,24,2
1649,274,1,19
1650,274,4,8
1651,274,23,19
1652,274,23,16
1653,275,17,19
1654,275,18,21
1655,275,4,16
1656,275,22,4
1657,275,0,16
1658,276,1,20
1659,276,10,12
1660,276,11,7
1661,276,11,7
1662,276,2,12
1663,276,10,23
1664,277,0,12
1665,277,9,17
1666,277,1,11
1667,277,7,4
1668,277,21,3
1669,277,4,0
1670,277,21,7
1671,278,1,13
1672,278,8,2
1673,278,23,0
1674,278,0,24
1675,278,3,23
1676,279,17,20
1677,279,5,9
1678,279,5,18
1679,279,2,12
1680,279,10,9
1681,279,5,11
1682,279,24,0
1683,280,17,10
1684,280,0,11
1685,280,2,24
1686,280,23,14
1687,280,2,6
1688,280,1,3
1689,280,23,12
1690,280,19,3
1691,280,6,17
1692,280,17,4
1693,280,10,18
1694,280,10,3
1695,281,13,15
1696,281,3,11
1697,281,24,6
1698,281,2,15
1699,281,12,18
1700,281,20,4
1701,282,10,9
1702,282,8,0
1703,282,0,4
1704,282,3,18
1705,282,7,15
1706,283,6,4
1707,283,16,0
1708,283,5,18
1709,283,21,8
1710,283,24,21
1711,284,15,12
1712,284,17,8
1713,284,20,14
1714,284,21,4
1715,284,24,12
1716,284,11,23
1717,284,12,2
1718,284,6,21
1719,284,7,22
1720,284,17,6
1721,285,2,21
1722,285,18,5
1723,285,12,4
1724,285,24,6
1725,285,22,8
1726,286,22,2
1727,286,8,21
1728,286,14,5
1729,286,0,4
1730,286,11,3
1731,286,12,6
1732,286,18,9
1733,286,21,15
1734,287,3,11
1735,287,17,9
1736,287,5,11
1737,287,6,8
1738,287,11,3
1739,287,2,13
1740,287,10,4
1741,288,17,24
1742,288,17,19
1743,288,2,21
1744,288,7,0
1745,288,18,10
1746,288,16,8
1747,288,8,17
1748,289,14,8
1749,289,20,16
1750,289,6,14
1751,289,14,21
1752,289,13,6
1753,289,23,3
1754,289,11,15
1755,290,13,9
1756,290,9,20
1757,290,9,13
1758,290,5,12
1759,290,8,22
1760,290,15,3
1761,290,5,15
1762,290,0,13
1763,291,19,23
1764,291,19,0
1765,291,5,1
1766,291,0,10
1767,291,24,15
1768,291,12,20
1769,291,24,17
1770,292,13,2
1771,292,9,15
1772,292,16,2
1773,292,3,16
1774,292,8,6
1775,293,0,14
1776,293,23,17
1777,293,17,9
1778,293,2,20
1779,293,14,3
1780,294,21,9
1781,294,12,23
1782,294,3,1
1783,294,2,16
1784,294,12,8
1785,294,10,12
1786,295,24,1
1787,295,21,4
1788,295,0,13
1789,295,6,22
1790,295,5,9
1791,295,7,3
1792,296,15,6
1793,296,12,0
1794,296,6,18
1795,296,6,16
1796,296,4,7
1797,296,6,3
1798,296,15,13
1799,296,6,2
1800,296,13,9
1801,296,6,20
1802,296,20,8
1803,297,16,1
1804,297,14,10
1805,297,15,4
1806,297,24,3
1807,298,6,12
1808,298,24,22
1809,299,19,0
1810,299,2,4
1811,299,4,1
1812,299,13,19
1813,299,21,4
1814,299,20,6
1815,299,10,12
1816,299,18,0
1817,300,21,18
1818,300,17,14
1819,300,0,4
1820,300,4,14
1821,300,5,13
1822,300,9,0
1823,301,13,20
1824,301,23,13
1825,301,2,14
1826,301,15,23
1827,301,12,15
1828,301,2,13
1829,301,21,19
1830,301,21,24
1831,301,20,3
1832,301,21,10
1833,301,19,7
1834,302,1,16
1835,302,5,8
1836,302,15,0
1837,302,1,4
1838,302,11,8
1839,302,19,11
1840,303,5,19
1841,303,21,13
1842,303,24,2
1843,303,3,5
1844,303,17,0
1845,304,16,18
1846,304,0,23
1847,304,9,2
1848,304,19,13
1849,304,3,10
1850,304,16,14
1851,305,11,18
1852,305,23,2
1853,305,13,11
1854,305,12,21
1855,305,11,3
1856,305,2,19
1857,305,9,15
1858,305,23,11
1859,305,20,4
1860,306,5,24
1861,306,9,10
1862,306,18,5
1863,306,24,21
1864,306,9,17
1865,306,5,4
1866,306,23,10
1867,306,13,19
1868,307,1,22
1869,307,21,10
1870,307,1,22
1871,307,3,9
1872,308,16,6
1873,308,7,14
1874,308,5,12
1875,309,6,23
1876,309,22,10
1877,309,14,0
1878,309,6,21
1879,310,1,7
1880,310,1,4
1881,310,10,12
1882,310,24,0
1883,311,0,21
1884,311,11,14
1885,311,20,14
1886,311,12,2
1887,311,18,7
1888,311,16,20
1889,312,23,14
1890,312,11,4
1891,312,19,11
1892,312,17,1
1893,312,8,10
1894,312,24,1
1895,313,1,17
1896,313,6,20
1897,313,22,19
1898,313,24,16
1899,313,18,24
1900,314,13,15
1901,314,19,13
1902,314,21,18
1903,314,10,1
1904,315,1,15
1905,315,12,5
1906,315,4,2
1907,315,12,0
1908,315,2,18
1909,315,20,13
1910,315,2,24
1911,315,17,1
1912,315,18,4
1913,316,24,11
1914,316,18,21
1915,316,1,22
1916,316,7,24
1917,317,14,21
1918,317,1,17
1919,317,7,17
1920,317,7,5
1921,317,14,23
1922,317,11,4
1923,317,6,13
1924,317,24,16
1925,317,6,3
1926,317,11,22
1927,317,24,18
1928,317,24,21
1929,317,9,2
1930,318,1,22
1931,318,20,5
1932,318,7,21
1933,318,10,18
1934,318,4,17
1935,318,17,13
1936,318,16,8
1937,318,18,24
1938,319,8,24
1939,319,6,15
1940,319,16,0
1941,319,23,21
1942,319,3,23
1943,319,22,19
1944,320,16,23
1945,320,13,5
1946,320,15,13
1947,320,19,15
1948,320,13,6
1949,321,3,15
1950,321,13,10
1951,321,24,9
1952,321,1,22
1953,321,6,16
1954,321,14,23
1955,321,14,20
1956,322,6,2
1957,322,16,13
1958,322,19,13
1959,322,16,6
1960,322,5,24
1961,323,1,22
1962,323,15,23
1963,323,19,11
1964,323,4,1
1965,323,4,7
1966,323,13,11
1967,323,5,8
1968,323,21,23
1969,323,16,20
1970,324,10,7
1971,325,9,0
1972,325,1,4
1973,325,13,23
1974,325,21,12
1975,325,13,2
1976,326,4,11
1977,326,4,18
1978,326,24,13
1979,326,2,11
1980,326,5,20
1981,327,21,4
1982,327,5,2
1983,327,20,1
1984,327,13,5
1985,327,14,0
1986,327,3,22
1987,328,16,19
1988,328,23,13
1989,328,6,16
1990,328,0,8
1991,328,15,14
1992,328,15,0
1993,328,16,6
1994,329,21,14
1995,329,16,5
1996,329,6,23
1997,329,18,15
1998,330,0,4
1999,330,5,9
2000,330,10,23
2001,331,18,8
2002,331,18,2
2003,331,6,18
2004,331,23,5
2005,331,21,11
2006,331,3,0
2007,331,1,21
2008,331,4,7
2009,331,19,6
2010,331,12,9
2011,331,15,23
2012,331,6,9
2013,331,6,3
2014,331,9,21
2015,332,9,12
2016,332,21,6
2017,332,22,2
2018,332,12,24
2019,332,3,24
2020,332,9,6
2021,332,16,18
2022,332,10,0
2023,332,2,14
2024,333,20,2
2025,333,10,4
2026,333,24,5
2027,333,8,14
2028,333,8,17
2029,333,22,1
2030,333,20,16
2031,333,3,5
2032,333,22,11
2033,334,8,17
2034,335,8,2
2035,335,19,6
2036,335,16,3
2037,335,1,19
2038,336,19,10
2039,336,15,21
2040,336,2,12
2041,336,9,10
2042,337,16,8
2043,337,1,9
2044,337,18,15
2045,337,0,15
2046,337,7,1
2047,337,24,21
2048,337,3,10
2049,338,3,22
2050,338,4,23
2051,338,4,17
2052,339,22,11
2053,339,9,13
2054,339,1,16
2055,339,2,24
2056,339,3,17
2057,339,21,14
2058,339,16,2
2059,339,1,4
2060,339,0,18
2061,339,1,15
2062,339,8,22
2063,340,20,10
2064,340,6,18
2065,340,13,23
2066,340,12,23
2067,340,5,20
2068,340,20,19
2069,340,0,20
2070,341,10,22
2071,341,0,10
2072,341,3,22
2073,341,11,14
2074,341,12,21
2075,341,2,8
2076,341,20,4
2077,341,17,23
2078,341,24,22
2079,341,15,5
2080,342,5,24
2081,342,7,22
2082,342,11,0
2083,342,8,15
2084,342,15,5
2085,342,2,8
2086,343,3,13
2087,343,2,16
2088,343,4,13
2089,343,18,11
2090,343,16,12
2091,343,13,17
2092,344,24,5
2093,344,21,7
2094,344,24,0
2095,344,11,18
2096,344,17,2
2097,344,6,13
2098,345,21,12
2099,345,17,4
2100,345,5,14
2101,345,21,13
2102,345,16,2
2103,345,21,2
2104,345,16,10
2105,346,1,10
2106,346,15,14
2107,346,24,10
2108,346,2,8
2109,346,0,15
2110,347,16,1
2111,347,18,9
2112,347,10,0
2113,347,23,9
2114,347,23,7
2115,347,21,3
2116,347,8,0
2117,348,10,24
2118,348,8,16
2119,349,22,11
2120,349,24,7
2121,349,14,1
2122,349,22,10
2123,349,20,12
2124,349,13,6
2125,350,22,2
2126,350,2,9
2127,350,13,11
2128,350,11,23
2129,350,0,19
2130,350,6,15
2131,350,1,8
2132,351,15,18
2133,351,5,19
2134,351,16,5
2135,351,23,6
2136,351,16,12
2137,351,21,10
2138,352,4,5
2139,352,8,10
2140,352,14,4
2141,353,9,18
2142,353,5,22
2143,353,24,17
2144,353,20,2
2145,353,18,7
2146,353,10,12
2147,353,0,18
2148,353,4,6
2149,354,2,21
2150,354,16,5
2151,354,22,1
2152,355,10,6
2153,355,18,15
2154,355,5,20
2155,355,10,1
2156,356,13,2
2157,356,2,10
2158,356,20,7
2159,356,6,24
2160,356,15,7
2161,356,12,22
2162,357,13,0
2163,357,22,19
2164,357,13,9
2165,358,18,8
2166,358,19,20
2167,358,23,10
2168,358,16,20
2169,358,5,15
2170,359,14,11
2171,359,6,19
2172,359,14,7
2173,359,8,4
2174,359,11,5
2175,359,22,24
2176,360,4,16
2177,360,2,16
2178,360,13,19
2179,360,13,3
2180,360,8,1
2181,360,16,2
2182,360,9,15
2183,360,1,17
2184,360,8,22
2185,361,17,3
2186,361,5,4
2187,361,19,0
2188,361,17,19
2189,361,14,8
2190,361,9,10
2191,361,17,14
2192,361,1,13
2193,361,19,23
2194,361,18,2
2195,361,18,4
2196,362,16,13
2197,362,11,3
2198,362,0,7
2199,362,0,9
2200,362,1,7
2201,363,4,6
2202,363,1,7
2203,364,1,18
2204,364,19,7
2205,364,15,0
2206,364,7,13
2207,364,1,5
2208,364,22,14
2209,364,21,4
2210,364,17,11
2211,364,21,15
2212,364,15,18
2213,364,24,13
2214,365,15,22
2215,365,15,5
2216,365,5,17
2217,366,19,5
2218,366,5,12
2219,366,14,21
2220,366,15,22
2221,366,24,5
2222,366,17,7
2223,366,7,1
2224,367,0,16
2225,367,20,4
2226,367,12,4
2227,367,0,13
2228,367,2,9
2229,368,12,3
2230,368,15,21
2231,368,20,18
2232,368,22,24
2233,368,10,24
2234,368,20,23
2235,368,7,11
2236,368,4,20
2237,368,18,8
2238,368,7,9
2239,368,7,18
2240,369,17,14
2241,369,1,9
2242,369,11,7
2243,369,7,4
2244,369,14,1
2245,369,24,21
2246,370,5,16
2247,370,5,15
2248,370,21,6
2249,370,3,21
2250,370,16,23
2251,371,9,13
2252,371,14,21
2253,371,14,1
2254,371,1,17
2255,372,7,10
2256,372,24,18
2257,373,3,14
2258,373,7,0
2259,373,21,7
2260,374,7,5
2261,374,1,19
2262,374,3,0
2263,374,22,4
2264,375,9,12
2265,375,17,6
2266,375,14,16
2267,375,8,10
2268,375,6,23
2269,376,12,15
2270,376,13,6
2271,376,22,14
2272,376,14,18
2273,376,18,10
2274,376,2,11
2275,376,1,24
2276,376,3,18
2277,376,3,1
2278,376,14,12
2279,376,5,12
2280,377,15,13
2281,377,13,22
2282,377,20,13
2283,377,19,8
2284,377,4,5
2285,378,17,4
2286,378,15,12
2287,378,18,14
2288,378,0,6
2289,378,0,19
2290,378,24,2
2291,378,23,11
2292,378,10,16
2293,378,17,11
2294,378,0,23
2295,378,21,19
2296,379,9,20
2297,379,21,11
2298,379,1,3
2299,379,23,14
2300,379,17,8
2301,379,4,23
2302,379,14,4
2303,379,10,17
2304,380,5,17
2305,380,2,17
2306,380,4,8
2307,380,22,2
2308,380,2,6
2309,380,23,0
2310,381,21,13
2311,381,24,18
2312,381,18,24
2313,381,24,8
2314,381,2,8
2315,381,3,24
2316,381,7,21
2317,382,19,2
2318,382,2,9
2319,382,10,23
2320,382,17,13
2321,383,5,22
2322,383,9,2
2323,383,17,6
2324,383,15,5
2325,383,19,17
2326,384,23,11
2327,384,9,15
2328,384,11,3
2329,384,7,9
2330,384,4,16
2331,384,24,9
2332,384,2,15
2333,384,19,7
2334,385,21,23
2335,385,7,18
2336,385,9,15
2337,386,20,4
2338,386,14,0
2339,386,8,0
2340,386,7,3
2341,387,16,4
2342,387,21,10
2343,387,6,12
2344,387,23,16
2345,388,11,18
2346,388,5,9
2347,388,3,23
2348,388,0,15
2349,388,22,11
2350,388,10,3
2351,388,2,19
2352,388,24,12
2353,388,10,4
2354,389,5,17
2355,389,1,11
2356,389,14,16
2357,389,19,15
2358,389,23,3
2359,389,16,10
2360,389,23,17
2361,390,8,18
2362,390,9,3
2363,390,10,16
2364,390,11,22
2365,390,7,3
2366,390,7,18
2367,390,20,14
2368,390,23,15
2369,391,18,3
2370,391,6,23
2371,391,2,21
2372,391,0,21
2373,391,10,16
2374,392,0,10
2375,392,24,10
2376,392,4,7
2377,392,6,15
2378,393,10,0
2379,393,19,11
2380,393,10,8
2381,393,13,16
2382,393,12,18
2383,394,12,23
2384,394,21,8
2385,394,4,6
2386,394,3,14
2387,394,21,18
2388,394,18,7
2389,395,1,16
2390,395,16,20
2391,395,1,24
2392,395,8,4
2393,396,23,2
2394,396,23,17
2395,396,4,7
2396,396,9,15
2397,396,18,10
2398,397,17,3
2399,397,0,13
2400,397,19,20
2401,397,9,0
2402,398,13,24
2403,398,15,2
2404,399,10,6
2405,399,22,5
2406,399,9,2
2407,399,23,5
2408,399,18,16
2409,399,17,6
2410,399,8,14
2411,399,11,8
2412,399,7,4
2413,399,15,0
2414,399,20,17
2415,400,22,7
2416,400,4,13
2417,400,19,23
2418,400,8,10
2419,400,16,6
2420,400,15,2
2421,400,23,9
2422,400,17,24
2423,400,4,14
2424,401,17,8
2425,401,7,17
2426,401,11,7
2427,401,24,16
2428,401,14,16
2429,401,13,16
2430,401,10,2
2431,401,13,6
2432,402,7,16
2433,402,10,20
2434,402,7,13
2435,402,6,2
2436,402,0,16
2437,402,20,7
2438,402,18,5
2439,403,17,14
2440,403,19,3
2441,403,3,19
2442,403,6,14
2443,403,15,11
2444,403,4,15
2445,403,16,4
2446,403,2,12
2447,403,7,5
2448,403,8,15
2449,403,18,4
2450,403,2,13
2451,404,16,1
2452,404,24,0
2453,404,1,23
2454,404,20,18
2455,404,6,2
2456,405,3,7
2457,405,3,14
2458,405,12,19
2459,405,20,9
2460,406,3,15
2461,406,7,15
2462,406,12,22
2463,406,1,23
2464,406,12,4
2465,407,6,23
2466,407,9,21
2467,407,9,10
2468,407,2,12
2469,407,23,2
2470,408,14,15
2471,408,23,15
2472,408,5,24
2473,408,3,11
2474,408,4,6
2475,408,6,18
2476,409,23,5
2477,409,16,24
2478,409,15,8
2479,409,24,15
2480,409,4,7
2481,409,1,19
2482,410,19,22
2483,410,6,12
2484,410,24,8
2485,410,10,16
2486,411,2,4
2487,411,4,20
2488,411,3,11
2489,411,21,6
2490,411,21,3
2491,412,19,9
2492,412,0,19
2493,412,21,5
2494,412,8,11
2495,412,21,19
2496,412,4,18
2497,412,18,15
2498,413,17,4
2499,413,1,24
2500,413,4,23
2501,413,14,7
2502,414,7,21
2503,414,18,8
2504,414,7,4
2505,414,19,9
2506,415,15,24
2507,415,5,24
2508,415,18,0
2509,415,7,18
2510,415,13,11
2511,415,6,21
2512,415,20,19
2513,415,12,1
2514,415,18,10
2515,416,14,0
2516,416,0,4
2517,416,19,8
2518,416,7,3
2519,416,1,12
2520,416,19,6
2521,416,21,7
2522,416,2,20
2523,416,14,2
2524,417,2,6
2525,417,19,22
2526,417,1,18
2527,417,16,9
2528,417,12,4
2529,417,9,21
2530,417,2,21
2531,417,24,22
2532,418,15,21
2533,418,1,7
2534,419,16,6
2535,419,10,4
2536,419,13,10
2537,419,8,21
2538,419,20,17
2539,419,6,22
2540,419,3,9
2541,419,6,8
2542,419,16,19
2543,420,8,10
2544,420,15,4
2545,420,10,24
2546,420,17,7
2547,420,17,8
2548,420,3,19
2549,420,16,14
2550,420,4,24
2551,420,21,8
2552,421,9,0
2553,421,0,19
2554,421,12,16
2555,421,9,5
2556,421,4,19
2557,422,7,1
2558,422,8,24
2559,422,9,20
2560,422,4,0
2561,422,10,4
2562,422,5,14
2563,422,21,3
2564,422,21,0
2565,423,22,13
2566,423,19,11
2567,423,19,1
2568,423,9,17
2569,423,16,19
2570,424,10,18
2571,424,23,4
2572,424,4,6
2573,424,6,24
2574,425,10,16
2575,425,17,2
2576,425,7,19
2577,425,19,21
2578,425,19,1
2579,425,6,22
2580,425,18,0
2581,425,13,11
2582,425,14,15
2583,425,21,0
2584,426,12,2
2585,426,16,24
2586,426,7,14
2587,426,21,18
2588,427,4,1
2589,427,2,10
2590,427,10,2
2591,427,23,2
2592,427,22,8
2593,427,16,24
2594,427,0,8
2595,428,22,14
2596,428,14,20
2597,428,8,4
2598,428,21,9
2599,428,8,6
2600,429,19,21
2601,430,14,8
2602,430,1,23
2603,430,11,1
2604,430,4,13
2605,430,4,15
2606,430,2,10
2607,430,2,23
2608,430,7,1
2609,431,23,8
2610,431,14,18
2611,431,7,9
2612,432,3,24
2613,432,4,5
2614,433,24,8
2615,433,8,12
2616,433,24,9
2617,433,16,22
2618,434,9,24
2619,434,17,13
2620,434,24,8
2621,434,12,16
2622,434,4,5
2623,434,13,15
2624,434,20,11
2625,434,8,19
2626,435,17,10
2627,435,3,18
2628,435,17,4
2629,435,20,19
2630,436,2,12
2631,436,1,7
2632,436,22,18
2633,436,23,5
2634,436,18,22
2635,437,11,13
2636,437,19,11
2637,437,0,15
2638,437,17,15
2639,437,2,15
2640,437,6,18
2641,437,16,10
2642,437,1,8
2643,437,18,8
2644,438,21,12
2645,438,7,13
2646,438,11,9
2647,438,24,8
2648,438,15,9
2649,438,6,16
2650,438,20,2
2651,438,3,19
2652,438,5,7
2653,438,16,1
2654,438,23,11
2655,439,2,17
2656,439,12,6
2657,439,5,1
2658,439,20,19
2659,440,11,21
2660,440,24,2
2661,440,6,22
2662,440,20,9
2663,440,22,24
2664,440,20,1
2665,441,13,11
2666,441,19,3
2667,441,1,24
2668,441,4,13
2669,441,14,18
2670,441,20,24
2671,442,22,13
2672,442,3,6
2673,442,10,4
2674,442,16,23
2675,442,10,16
2676,442,11,21
2677,443,15,24
2678,443,22,19
2679,443,1,16
2680,443,13,10
2681,443,22,14
2682,443,10,18
2683,443,22,7
2684,443,3,21
2685,443,10,13
2686,444,10,18
2687,444,20,14
2688,444,2,11
2689,444,4,13
2690,444,2,15
2691,444,10,9
2692,444,19,12
2693,444,21,5
2694,445,8,16
2695,445,7,24
2696,445,18,21
2697,446,15,0
2698,446,7,9
2699,446,20,3
2700,446,22,12
2701,446,17,19
2702,447,6,19
2703,447,0,7
2704,447,18,12
2705,448,23,11
2706,448,3,7
2707,448,18,6
2708,448,4,11
2709,448,2,5
2710,449,4,17
2711,449,16,8
2712,449,18,5
2713,449,15,18
2714,449,5,9
2715,449,21,14
2716,450,14,15
2717,450,3,12
2718,450,10,2
2719,450,17,7
2720,450,16,22
2721,450,10,7
2722,450,9,21
2723,451,8,14
2724,451,12,8
2725,451,7,23
2726,451,16,0
2727,451,15,3
2728,451,13,2
2729,451,17,5
2730,451,6,13
2731,451,5,16
2732,451,22,14
2733,452,15,5
2734,452,21,17
2735,452,5,20
2736,452,13,15
2737,452,13,21
2738,452,10,2
2739,452,22,9
2740,452,3,9
2741,452,23,14
2742,453,20,14
2743,453,1,9
2744,454,16,14
2745,454,21,24
2746,454,4,7
2747,454,21,4
2748,454,2,18
2749,454,8,5
2750,455,6,8
2751,455,7,13
2752,455,24,21
2753,456,22,0
2754,456,2,17
2755,456,8,21
2756,456,11,18
2757,457,20,19
2758,457,23,17
2759,457,4,12
2760,457,8,21
2761,457,10,0
2762,457,13,7
2763,458,18,4
2764,458,23,12
2765,458,23,2
2766,458,0,8
2767,458,21,2
2768,458,5,14
2769,458,6,3
2770,458,23,9
2771,459,17,13
2772,459,7,13
2773,460,24,16
2774,460,24,14
2775,460,11,4
2776,461,4,5
2777,461,9,2
2778,461,1,8
2779,461,19,2
2780,461,8,10
2781,461,17,0
2782,461,9,20
2783,461,17,1
2784,461,21,1
2785,462,0,14
2786,462,6,12
2787,462,9,15
2788,462,18,4
2789,462,13,11
2790,462,16,6
2791,462,22,11
2792,462,4,18
2793,462,12,4
2794,463,18,24
2795,463,15,8
2796,463,22,10
2797,463,1,3
2798,463,12,20
2799,463,18,7
2800,464,15,18
2801,464,17,15
2802,464,24,2
2803,464,20,11
2804,464,24,15
2805,464,4,6
2806,464,4,17
2807,464,19,22
2808,465,11,7
2809,465,0,6
2810,465,9,11
2811,465,6,4
2812,465,7,9
2813,465,21,2
2814,465,16,22
2815,465,5,24
2816,466,0,3
2817,466,21,13
2818,466,6,10
2819,466,6,21
2820,466,19,11
2821,467,19,4
2822,467,17,3
2823,467,12,14
2824,467,22,14
2825,467,21,23
2826,467,16,14
2827,467,7,16
2828,467,7,9
2829,467,14,4
2830,467,8,12
2831,468,18,8
2832,468,11,3
2833,468,10,21
2834,468,21,3
2835,469,11,24
2836,469,16,1
2837,469,4,18
2838,469,19,2
2839,469,14,21
2840,470,22,18
2841,470,1,21
2842,470,16,19
2843,470,0,8
2844,470,12,6
2845,471,19,10
2846,471,3,6
2847,472,12,0
2848,472,15,24
2849,472,7,21
2850,472,6,12
2851,472,16,9
2852,472,21,23
2853,472,3,0
2854,472,8,17
2855,473,11,22
2856,473,20,13
2857,473,17,9
2858,473,9,17
2859,473,0,11
2860,473,22,20
2861,473,17,11
2862,474,20,4
2863,474,3,17
2864,475,20,13
2865,475,22,18
2866,475,1,20
2867,475,18,15
2868,475,3,9
2869,475,24,0
2870,476,9,6
2871,476,12,22
2872,476,11,1
2873,476,10,12
2874,477,2,12
2875,477,5,23
2876,477,4,2
2877,477,13,2
2878,477,11,0
2879,478,6,19
2880,479,23,10
2881,479,24,9
2882,479,11,9
2883,479,7,5
2884,479,21,2
2885,479,23,10
2886,479,23,7
2887,479,21,9
2888,480,24,1
2889,480,20,0
2890,480,17,11
2891,480,6,15
2892,480,18,2
2893,480,11,22
2894,480,14,3
2895,480,17,14
2896,481,6,21
2897,481,0,10
2898,482,9,6
2899,482,2,0
2900,482,3,22
2901,482,16,5
2902,482,18,2
2903,482,4,7
2904,483,13,11
2905,483,4,10
2906,483,19,2
2907,483,14,0
2908,483,23,9
2909,483,17,13
2910,483,5,16
2911,484,19,23
2912,484,24,10
2913,484,6,21
2914,484,11,5
2915,484,19,6
2916,484,17,0
2917,484,19,11
2918,484,9,5
2919,484,12,1
2920,485,10,24
2921,485,21,18
2922,485,7,11
2923,485,7,16
2924,485,23,21
2925,485,7,11
2926,485,10,12
2927,485,22,9
2928,485,4,10
2929,486,23,16
2930,486,19,1
2931,486,7,10
2932,486,23,15
2933,486,13,3
2934,486,9,1
2935,486,5,19
2936,487,1,23
2937,487,0,13
2938,487,6,8
2939,487,11,4
2940,487,21,19
2941,487,11,3
2942,487,0,11
2943,487,17,15
2944,488,19,22
2945,488,10,18
2946,488,15,11
2947,488,20,11
2948,488,5,14
2949,488,7,24
2950,488,12,4
2951,489,15,21
2952,489,24,12
2953,489,16,14
2954,489,5,20
2955,489,22,15
2956,490,1,18
2957,490,16,8
2958,490,20,19
2959,490,23,8
2960,490,11,20
2961,490,24,17
2962,491,19,20
2963,491,21,8
2964,491,21,4
2965,492,2,18
2966,492,20,11
2967,493,22,20
2968,493,2,20
2969,493,23,16
2970,493,7,16
2971,494,23,9
2972,494,17,1
2973,494,20,17
2974,494,24,4
2975,494,5,17
2976,495,1,20
2977,495,14,21
2978,495,21,13
2979,495,16,5
2980,495,0,20
2981,495,2,9
2982,495,10,12
2983,495,3,10
2984,496,8,15
2985,496,13,16
2986,496,3,7
2987,496,12,9
2988,497,13,0
2989,497,0,22
2990,497,2,4
2991,497,9,5
2992,497,23,1
2993,497,13,23
2994,498,14,18
2995,499,11,14
2996,499,20,9
2997,500,16,9
2998,500,15,6
2999,500,14,7
3000,500,9,10
3001,500,21,14
3002,500,22,4
3003,500,21,7
3004,500,15,23
3005,500,2,14
3006,501,21,11
3007,501,10,16
3008,501,19,7
3009,501,21,13
3010,502,7,21
3011,503,4,18
3012,503,15,6
3013,503,0,11
3014,503,9,1
3015,503,15,6
3016,503,6,23
3017,504,11,5
3018,504,6,17
3019,504,7,16
3020,504,7,19
3021,504,15,11
3022,504,3,9
3023,505,14,3
3024,505,16,5
3025,505,17,15
3026,506,24,13
3027,506,20,12
3028,506,18,7
3029,506,4,19
3030,506,17,4
3031,506,5,23
3032,507,6,10
3033,507,24,21
3034,507,18,15
3035,507,17,9
3036,507,12,15
3037,507,10,3
3038,507,13,1
3039,507,18,3
3040,507,16,23
3041,508,17,13
3042,509,1,16
3043,509,15,3
3044,509,11,15
3045,509,9,20
3046,509,1,14
3047,509,15,1
3048,509,19,15
3049,509,0,7
3050,509,13,1
3051,510,5,3
3052,510,0,9
3053,510,20,14
3054,510,1,4
3055,510,22,13
3056,511,0,23
3057,511,10,24
3058,511,19,5
3059,511,14,23
3060,512,20,0
3061,512,15,1
3062,512,8,2
3063,513,0,23
3064,513,21,11
3065,513,3,12
3066,513,21,1
3067,513,20,16
3068,514,19,7
3069,514,24,0
3070,514,24,11
3071,514,9,1
3072,514,23,12
3073,514,17,19
3074,514,15,2
3075,514,13,7
3076,514,19,9
3077,515,1,22
3078,515,16,12
3079,515,22,19
3080,515,4,7
3081,515,24,0
3082,516,10,18
3083,516,5,15
3084,516,4,23
3085,516,5,16
3086,516,20,6
3087,517,20,3
3088,517,11,9
3089,518,0,7
3090,518,12,20
3091,519,11,20
3092,519,12,9
3093,519,14,3
3094,519,0,16
3095,519,14,24
3096,519,20,24
3097,519,8,22
3098,519,15,3
3099,520,3,7
3100,520,1,10
3101,520,23,0
3102,520,23,17
3103,521,22,6
3104,521,17,6
3105,521,12,8
3106,521,22,14
3107,521,17,15
3108,522,13,20
3109,522,9,13
3110,522,24,12
3111,522,5,3
3112,522,11,17
3113,522,10,20
3114,522,15,6
3115,522,14,15
3116,523,4,22
3117,523,22,3
3118,523,13,6
3119,524,23,1
3120,524,19,21
3121,524,5,24
3122,525,23,2
3123,525,10,4
3124,525,18,6
3125,525,17,24
3126,525,8,2
3127,526,24,16
3128,526,22,3
3129,526,20,6
3130,526,18,9
3131,526,1,12
3132,526,9,0
3133,526,16,10
3134,526,6,23
3135,527,5,15
3136,527,11,15
3137,527,11,18
3138,528,15,1
3139,528,15,3
3140,528,7,9
3141,528,15,6
3142,528,3,15
3143,528,16,19
3144,529,16,10
3145,529,21,15
3146,529,23,8
3147,529,22,10
3148,529,16,8
3149,529,0,11
3150,529,2,0
3151,529,9,2
3152,529,12,3
3153,530,23,2
3154,530,3,15
3155,531,16,22
3156,531,14,24
3157,531,6,2
3158,531,13,16
3159,531,16,12
3160,531,6,12
3161,531,9,10
3162,532,0,24
3163,532,12,14
3164,533,21,17
3165,533,15,21
3166,533,23,1
3167,533,2,0
3168,533,18,1
3169,533,20,17
3170,534,3,15
3171,534,6,22
3172,534,8,5
3173,534,16,2
3174,534,23,17
3175,535,3,11
3176,535,7,24
3177,535,4,22
3178,535,14,8
3179,536,23,4
3180,536,17,2
3181,536,24,18
3182,536,9,7
3183,536,5,9
3184,536,18,22
3185,536,22,6
3186,536,11,2
3187,536,23,5
3188,536,20,2
3189,536,15,1
3190,536,20,24
3191,536,10,3
3192,536,7,10
3193,537,12,8
3194,537,4,19
3195,537,21,19
3196,538,22,19
3197,538,4,2
3198,538,6,21
3199,538,1,15
3200,539,15,2
3201,539,9,12
3202,539,6,8
3203,539,9,17
3204,540,21,7
3205,540,13,2
3206,540,1,15
3207,540,7,5
3208,541,13,24
3209,541,22,0
3210,541,10,4
3211,541,19,15
3212,541,15,0
3213,541,13,6
3214,541,23,15
3215,542,3,5
3216,542,24,7
3217,542,22,11
3218,542,4,24
3219,542,3,15
3220,543,6,4
3221,543,6,24
3222,543,22,7
3223,543,22,5
3224,543,1,10
3225,543,14,3
3226,543,18,16
3227,543,7,23
3228,543,16,5
3229,544,23,4
3230,544,13,4
3231,544,20,12
3232,544,20,9
3233,544,23,5
3234,544,19,9
3235,544,1,7
3236,545,6,3
3237,545,6,24
3238,545,20,23
3239,545,23,20
3240,546,18,14
3241,546,8,6
3242,546,21,4
3243,546,24,10
3244,546,17,11
3245,547,19,10
3246,547,21,0
3247,547,10,16
3248,547,9,5
3249,547,17,13
3250,547,16,12
3251,548,18,12
3252,548,3,17
3253,548,19,12
3254,548,20,10
3255,549,4,15
3256,549,6,16
3257,549,2,22
3258,549,4,13
3259,549,24,10
3260,549,21,10
3261,549,24,7
3262,549,16,23
3263,549,11,8
3264,550,13,10
3265,550,4,17
3266,550,2,16
3267,550,11,7
3268,550,11,19
3269,550,15,19
3270,550,16,19
3271,551,19,12
3272,551,13,9
3273,551,18,2
3274,552,24,22
3275,552,3,21
3276,552,12,19
3277,552,3,11
3278,553,3,16
3279,553,7,20
3280,553,18,24
3281,554,17,20
3282,554,6,12
3283,554,19,0
3284,554,15,19
3285,554,20,14
3286,554,9,12
3287,554,7,18
3288,554,15,7
3289,555,24,2
3290,555,0,12
3291,555,17,23
3292,555,15,22
3293,555,19,17
3294,556,5,15
3295,556,11,4
3296,556,6,9
3297,556,14,0
3298,556,14,23
3299,556,17,3
3300,557,23,0
3301,557,3,11
3302,557,2,24
3303,557,24,9
3304,557,15,24
3305,557,6,4
3306,557,17,20
3307,558,8,4
3308,558,16,10
3309,558,24,6
3310,558,10,9
3311,558,21,23
3312,558,19,1
3313,559,21,3
3314,559,7,16
3315,559,0,8
3316,559,12,0
3317,559,9,15
3318,559,0,12
3319,560,7,24
3320,560,18,15
3321,560,17,8
3322,560,10,23
3323,560,13,23
3324,561,5,19
3325,561,19,7
3326,561,3,6
3327,562,3,11
3328,562,2,10
3329,562,19,0
3330,562,24,9
3331,562,11,3
3332,563,15,4
3333,563,12,3
3334,563,5,3
3335,563,13,2
3336,563,0,9
3337,564,0,15
3338,564,15,5
3339,564,9,12
3340,565,18,24
3341,565,1,13
3342,565,14,17
3343,565,0,24
3344,565,21,0
3345,565,12,5
3346,566,14,4
3347,566,13,11
3348,566,2,11
3349,566,8,1
3350,566,20,4
3351,566,10,13
3352,566,13,4
3353,567,16,7
3354,567,7,3
3355,567,23,1
3356,567,24,15
3357,567,14,16
3358,567,20,14
3359,568,9,12
3360,568,14,20
3361,568,24,2
3362,568,4,16
3363,568,20,1
3364,568,2,23
3365,569,14,0
3366,569,2,23
3367,569,20,14
3368,569,2,4
3369,570,6,3
3370,570,17,19
3371,570,4,12
3372,570,18,5
3373,571,22,19
3374,571,7,18
3375,571,15,9
3376,571,8,15
3377,571,24,12
3378,571,11,24
3379,572,4,23
3380,572,12,8
3381,572,1,14
3382,572,18,1
3383,572,7,21
3384,572,17,3
3385,572,19,0
3386,572,8,10
3387,573,13,7
3388,573,5,16
3389,573,15,14
3390,573,16,4
3391,573,0,2
3392,573,18,12
3393,573,12,21
3394,574,12,5
3395,574,14,24
3396,574,0,10
3397,575,2,22
3398,575,5,3
3399,575,9,17
3400,575,20,17
3401,575,14,10
3402,575,12,1
3403,575,16,8
3404,576,4,1
3405,576,2,11
3406,576,21,1
3407,576,1,9
3408,576,16,23
3409,576,19,3
3410,576,9,12
3411,576,8,11
3412,576,2,16
3413,576,4,24
3414,576,22,14
3415,576,17,14
3416,576,24,11
3417,576,12,0
3418,576,10,13
3419,576,14,0
3420,577,4,24
3421,577,21,13
3422,577,4,23
3423,577,11,22
3424,577,20,1
3425,577,14,1
3426,577,9,22
3427,577,17,19
3428,578,21,12
3429,578,24,16
3430,578,16,3
3431,578,7,23
3432,578,0,2
3433,578,16,19
3434,578,21,3
3435,578,18,1
3436,578,12,10
3437,579,21,9
3438,579,21,19
3439,579,9,10
3440,579,4,23
3441,579,7,18
3442,579,24,11
3443,579,14,17
3444,579,8,5
3445,579,18,21
3446,579,18,7
3447,580,17,5
3448,580,15,6
3449,580,10,24
3450,580,15,18
3451,580,3,14
3452,580,20,2
3453,580,16,1
3454,581,13,9
3455,581,18,16
3456,581,11,15
3457,581,8,15
3458,581,16,18
3459,581,17,8
3460,581,24,16
3461,581,13,1
3462,581,24,2
3463,581,9,17
3464,581,13,22
3465,582,22,11
3466,582,9,13
3467,582,4,17
3468,582,24,3
3469,582,10,13
3470,582,7,15
3471,583,11,2
3472,583,14,3
3473,583,22,7
3474,583,11,18
3475,583,13,11
3476,584,13,20
3477,584,22,4
3478,585,21,12
3479,585,12,23
3480,585,20,6
3481,586,2,14
3482,586,19,13
3483,586,4,1
3484,586,18,0
3485,587,9,16
3486,587,5,4
3487,587,22,7
3488,588,16,18
3489,588,3,23
3490,588,24,0
3491,588,8,1
3492,588,17,15
3493,588,5,18
3494,588,0,16
3495,588,11,7
3496,588,24,17
3497,589,9,22
3498,589,6,18
3499,589,19,7
3500,589,20,13
3501,589,14,22
3502,589,24,16
3503,589,19,12
3504,589,10,20
3505,589,10,21
3506,589,9,22
3507,589,5,12
3508,589,20,12
3509,589,2,21
3510,590,10,14
3511,590,24,0
3512,590,4,2
3513,591,10,22
3514,591,15,5
3515,591,14,17
3516,591,6,15
3517,591,7,16
3518,591,3,16
3519,591,2,15
3520,591,11,21
3521,591,2,21
3522,591,3,20
3523,592,18,14
3524,592,14,22
3525,592,9,20
3526,592,8,17
3527,592,6,12
3528,592,21,7
3529,592,7,9
3530,593,8,2
3531,593,6,16
3532,593,12,5
3533,593,12,20
3534,593,6,3
3535,593,22,18
3536,593,6,24
3537,593,14,6
3538,594,8,4
3539,594,14,16
3540,594,11,20
3541,594,12,2
3542,594,7,21
3543,594,22,12
3544,594,8,2
3545,594,10,4
3546,595,21,0
3547,595,12,14
3548,595,6,22
3549,595,23,19
3550,595,3,22
3551,595,5,12
3552,596,18,22
3553,596,4,16
3554,596,4,20
3555,596,23,1
3556,596,4,7
3557,596,23,11
3558,596,6,15
3559,597,14,12
3560,597,2,13
3561,597,16,5
3562,597,22,9
3563,598,19,6
3564,598,3,21
3565,598,14,2
3566,598,19,11
3567,598,8,18
3568,598,9,6
3569,598,8,1
3570,598,5,8
3571,598,23,9
3572,599,11,2
3573,599,4,10
3574,599,10,13
3575,599,10,1
3576,599,14,3
3577,599,4,0
3578,599,10,24
3579,600,16,24
3580,600,19,3
3581,600,21,23
3582,600,13,3
3583,600,20,18
3584,600,15,4
3585,600,17,23
3586,601,15,14
3587,601,2,23
3588,601,9,19
3589,601,1,13
3590,601,16,18
3591,601,16,19
3592,601,16,12
3593,602,22,0
3594,602,15,1
3595,603,2,4
3596,603,12,19
3597,603,1,10
3598,603,22,16
3599,603,9,5
3600,603,18,16
3601,603,24,4
3602,603,15,2
3603,604,10,6
3604,604,22,0
3605,604,11,14
3606,604,18,22
3607,604,16,5
3608,605,16,3
3609,605,16,24
3610,605,23,4
3611,605,1,7
3612,605,6,8
3613,605,3,19
3614,606,2,15
3615,606,1,13
3616,606,10,16
3617,606,17,15
3618,606,11,2
3619,607,17,24
3620,607,23,0
3621,607,20,18
3622,607,3,17
3623,607,5,15
3624,608,17,21
3625,608,6,0
3626,608,18,22
3627,608,18,2
3628,608,17,5
3629,608,9,21
3630,608,3,20
3631,608,21,19
3632,609,16,5
3633,609,17,0
3634,609,24,16
3635,610,10,3
3636,610,21,18
3637,610,19,0
3638,610,17,24
3639,610,2,13
3640,610,18,6
3641,610,21,8
3642,610,22,5
3643,610,21,17
3644,611,5,3
3645,611,10,1
3646,611,24,11
3647,611,4,17
3648,611,19,20
3649,612,17,1
3650,612,10,20
3651,612,21,2
3652,612,14,22
3653,612,3,20
3654,612,2,22
3655,612,24,7
3656,612,11,1
3657,612,13,24
3658,612,16,22
3659,613,22,24
3660,613,23,10
3661,613,5,12
3662,613,24,22
3663,613,22,9
3664,613,7,22
3665,613,19,17
3666,614,3,23
3667,614,8,4
3668,614,1,14
3669,614,4,23
3670,614,20,2
3671,614,5,2
3672,614,15,17
3673,614,0,8
3674,614,9,23
3675,615,23,7
3676,615,24,0
3677,615,7,13
3678,615,19,17
3679,615,2,0
3680,615,8,5
3681,615,12,18
3682,616,15,6
3683,616,3,19
3684,616,24,3
3685,616,24,8
3686,617,9,1
3687,618,10,8
3688,618,6,2
3689,618,9,0
3690,618,24,22
3691,618,1,8
3692,619,19,17
3693,619,2,5
3694,619,13,10
3695,619,16,10
3696,619,2,22
3697,619,3,14
3698,619,0,17
3699,619,19,2
3700,621,2,16
3701,621,15,22
3702,621,11,22
3703,621,10,19
3704,622,9,19
3705,622,2,13
3706,622,6,21
3707,622,14,4
3708,623,18,0
3709,623,7,23
3710,623,13,24
3711,623,7,11
3712,623,19,2
3713,623,0,9
3714,623,21,14
3715,623,7,23
3716,623,1,23
3717,624,15,11
3718,624,7,20
3719,624,0,4
3720,624,3,16
3721,624,0,10
3722,624,11,3
3723,625,4,18
3724,625,4,20
3725,625,6,19
3726,625,9,12
3727,626,24,18
3728,626,1,4
3729,626,1,12
3730,626,20,14
3731,627,20,22
3732,627,6,13
3733,627,1,5
3734,627,15,8
3735,627,8,21
3736,627,13,3
3737,627,17,13
3738,627,4,16
3739,628,15,18
3740,628,23,19
3741,628,24,6
3742,628,7,4
3743,628,21,9
3744,629,19,2
3745,629,3,11
3746,629,5,22
3747,629,5,7
3748,629,16,8
3749,630,22,4
3750,630,8,4
3751,630,4,2
3752,630,0,19
3753,630,15,18
3754,630,1,13
3755,630,4,8
3756,631,8,6
3757,631,16,4
3758,631,16,24
3759,631,4,24
3760,631,15,9
3761,631,22,6
3762,631,23,3
3763,631,4,24
3764,631,4,12
3765,631,0,3
3766,632,4,1
3767,632,15,3
3768,632,2,9
3769,632,1,13
3770,632,24,14
3771,632,23,7
3772,632,12,19
3773,632,6,24
3774,632,17,10
3775,633,0,7
3776,633,17,15
3777,633,17,20
3778,633,17,6
3779,633,10,13
3780,633,2,4
3781,634,3,19
3782,634,0,4
3783,634,5,11
3784,634,13,19
3785,634,20,12
3786,634,12,20
3787,634,16,13
3788,635,22,8
3789,635,20,18
3790,635,4,13
3791,635,21,2
3792,635,16,5
3793,635,15,13
3794,636,3,12
3795,636,1,16
3796,636,8,18
3797,636,0,13
3798,636,23,3
3799,636,12,15
3800,637,16,18
3801,637,13,10
3802,638,16,2
3803,638,11,19
3804,638,14,4
3805,638,9,1
3806,638,23,2
3807,638,7,3
3808,639,1,10
3809,639,15,22
3810,639,10,7
3811,639,20,16
3812,639,4,12
3813,639,2,18
3814,640,22,11
3815,640,6,4
3816,640,22,3
3817,640,10,9
3818,641,0,24
3819,641,2,0
3820,641,0,13
3821,641,2,8
3822,641,13,0
3823,641,8,15
3824,641,22,13
3825,641,9,1
3826,641,12,1
3827,642,19,0
3828,642,19,10
3829,642,3,5
3830,642,23,3
3831,643,2,20
3832,643,7,19
3833,643,24,5
3834,643,18,8
3835,644,12,1
3836,644,17,21
3837,644,21,18
3838,645,20,19
3839,645,13,6
3840,645,23,12
3841,645,11,14
3842,645,17,3
3843,645,16,5
3844,645,8,2
3845,645,19,10
3846,645,20,22
3847,645,20,2
3848,645,4,18
3849,645,12,8
3850,645,8,5
3851,645,7,22
3852,645,8,4
3853,645,1,10
3854,646,0,12
3855,646,23,3
3856,646,20,8
3857,646,24,21
3858,646,15,1
3859,646,8,15
3860,647,8,4
3861,647,23,8
3862,647,2,14
3863,647,7,18
3864,647,7,22
3865,647,19,23
3866,648,17,0
3867,648,8,17
3868,648,2,15
3869,648,6,10
3870,648,10,8
3871,649,13,3
3872,649,10,7
3873,649,20,14
3874,650,12,21
3875,650,1,19
3876,650,11,4
3877,650,18,4
3878,650,9,5
3879,650,7,15
3880,651,2,14
3881,651,18,14
3882,651,3,24
3883,651,17,23
3884,651,12,22
3885,651,5,1
3886,651,5,20
3887,651,8,0
3888,651,2,23
3889,651,23,17
3890,651,22,10
3891,652,9,7
3892,652,23,19
3893,652,14,2
3894,652,18,2
3895,652,11,17
3896,653,4,5
3897,653,24,15
3898,653,21,9
3899,653,12,4
3900,653,20,9
3901,653,11,5
3902,653,6,21
3903,653,17,19
3904,653,2,22
3905,653,23,19
3906,654,15,17
3907,654,17,21
3908,654,2,4
3909,654,2,14
3910,654,5,11
3911,654,15,21
3912,654,18,1
3913,654,3,23
3914,655,20,14
3915,655,24,2
3916,655,6,24
3917,655,11,21
3918,655,9,23
3919,655,23,10
3920,655,22,18
3921,655,21,19
3922,655,8,22
3923,656,16,22
3924,657,18,2
3925,657,6,10
3926,657,14,11
3927,657,11,17
3928,657,7,1
3929,658,5,7
3930,658,15,7
3931,658,0,15
3932,658,21,19
3933,659,11,9
3934,659,13,10
3935,659,19,20
3936,659,12,10
3937,660,23,11
3938,660,5,21
3939,660,16,22
3940,661,5,17
3941,661,0,14
3942,661,8,16
3943,661,17,5
3944,661,19,9
3945,661,24,0
3946,662,0,20
3947,662,13,17
3948,662,11,18
3949,662,19,1
3950,662,1,23
3951,662,15,23
3952,662,7,14
3953,663,6,2
3954,663,0,14
3955,663,23,17
3956,663,2,23
3957,663,3,14
3958,664,2,5
3959,664,2,22
3960,664,13,23
3961,664,15,6
3962,664,9,23
3963,665,0,21
3964,665,16,1
3965,665,0,9
3966,665,1,13
3967,665,19,15
3968,665,13,9
3969,665,0,16
3970,666,1,12
3971,666,14,22
3972,666,3,9
3973,666,14,0
3974,666,17,2
3975,666,1,23
3976,666,5,22
3977,666,21,10
3978,666,3,20
3979,666,7,19
3980,667,18,5
3981,667,2,11
3982,667,18,0
3983,667,11,7
3984,667,5,9
3985,667,13,11
3986,667,4,8
3987,668,23,1
3988,668,14,16
3989,668,6,19
3990,668,21,1
3991,668,16,10
3992,669,7,22
3993,669,15,12
3994,669,7,22
3995,669,13,3
3996,669,4,18
3997,670,21,8
3998,670,4,21
3999,670,0,11
4000,670,18,6
4001,670,15,11
4002,670,4,0
4003,670,16,0
4004,670,23,9
4005,670,2,13
4006,670,16,10
4007,671,8,14
4008,671,11,23
4009,671,2,9
4010,671,23,0
4011,671,19,21
4012,671,21,12
4013,671,2,9
4014,671,10,13
4015,672,10,22
4016,672,4,2
4017,672,23,3
4018,672,10,21
4019,672,9,11
4020,672,8,23
4021,673,18,2
4022,673,11,18
4023,673,6,13
4024,673,19,7
4025,673,5,13
4026,673,11,3
4027,674,4,7
4028,674,5,18
4029,674,4,22
4030,674,11,24
4031,674,1,16
4032,674,16,5
4033,674,20,4
4034,675,5,24
4035,675,21,11
4036,675,13,15
4037,675,13,2
4038,675,4,18
4039,675,3,7
4040,675,12,5
4041,676,19,5
4042,676,8,12
4043,677,14,3
4044,677,15,22
4045,677,18,22
4046,677,21,14
4047,678,5,17
4048,678,15,8
4049,678,17,19
4050,678,23,1
4051,678,13,10
4052,678,20,24
4053,678,7,5
4054,679,19,21
4055,679,2,21
4056,679,22,18
4057,679,6,10
4058,679,4,20
4059,679,11,4
4060,680,6,10
4061,680,1,22
4062,680,4,24
4063,680,0,12
4064,680,11,18
4065,680,17,9
4066,681,24,13
4067,681,1,16
4068,681,17,21
4069,681,1,5
4070,681,23,2
4071,681,9,23
4072,681,24,21
4073,682,8,24
4074,682,13,17
4075,682,15,6
4076,682,3,24
4077,682,11,19
4078,682,15,6
4079,683,21,1
4080,683,23,16
4081,683,5,3
4082,683,6,0
4083,684,7,0
4084,684,23,3
4085,684,9,3
4086,684,17,7
4087,685,6,3
4088,685,22,5
4089,685,3,15
4090,685,3,5
4091,685,14,23
4092,685,10,12
4093,685,15,9
4094,686,16,4
4095,686,19,3
4096,686,9,12
4097,686,22,12
4098,686,24,3
4099,686,6,22
4100,686,5,4
4101,686,24,5
4102,686,1,20
4103,686,17,13
4104,686,22,0
4105,687,22,10
4106,687,19,20
4107,687,3,0
4108,687,9,5
4109,687,16,12
4110,687,1,11
4111,687,4,10
4112,687,1,12
4113,687,8,12
4114,687,21,24
4115,688,7,3
4116,688,22,20
4117,688,13,5
4118,688,2,11
4119,688,24,4
4120,688,7,21
4121,688,1,16
4122,688,3,11
4123,688,19,5
4124,688,3,22
4125,689,4,24
4126,689,18,10
4127,689,22,6
4128,689,3,20
4129,689,12,15
4130,689,7,16
4131,689,1,3
4132,689,3,20
4133,690,16,5
4134,690,2,22
4135,690,23,20
4136,690,17,23
4137,690,4,1
4138,690,4,7
4139,691,2,20
4140,691,24,21
4141,691,3,17
4142,692,17,7
4143,692,24,4
4144,692,15,3
4145,693,17,21
4146,693,19,15
4147,693,6,12
4148,693,7,14
4149,693,12,16
4150,694,17,3
4151,694,14,8
4152,694,16,8
4153,694,4,17
4154,694,9,1
4155,694,5,12
4156,694,5,3
4157,695,22,7
4158,695,0,19
4159,695,18,24
4160,695,11,17
4161,695,9,18
4162,695,10,6
4163,695,9,18
4164,695,13,2
4165,695,21,23
4166,695,22,19
4167,695,5,7
4168,696,9,18
4169,696,22,20
4170,696,17,5
4171,696,10,0
4172,696,21,14
4173,696,14,18
4174,697,12,4
4175,697,7,17
4176,697,7,10
4177,697,11,21
4178,697,3,17
4179,697,15,19
4180,698,15,14
4181,698,3,0
4182,698,7,21
4183,698,7,20
4184,698,4,5
4185,699,7,23
4186,699,13,10
4187,699,4,22
4188,700,15,2
4189,700,3,21
4190,700,12,16
4191,700,20,13
4192,700,16,14
4193,701,14,20
4194,701,16,18
4195,701,8,1
4196,701,16,0
4197,701,23,2
4198,701,14,2
4199,701,18,14
4200,702,15,12
4201,702,14,8
4202,702,24,20
4203,702,23,12
4204,702,23,3
4205,702,24,17
4206,702,11,1
4207,703,9,20
4208,703,24,3
4209,703,20,24
4210,703,1,12
4211,703,9,16
4212,704,24,9
4213,704,10,19
4214,704,12,3
4215,705,19,20
4216,705,2,0
4217,705,2,4
4218,705,2,15
4219,705,0,3
4220,706,3,14
4221,707,1,12
4222,707,20,23
4223,707,7,13
4224,707,8,16
4225,707,17,14
4226,708,0,6
4227,708,9,23
4228,708,23,16
4229,708,16,8
4230,708,3,16
4231,709,21,5
4232,709,1,24
4233,709,0,21
4234,709,2,4
4235,709,9,12
4236,709,13,9
4237,709,6,10
4238,710,14,1
4239,710,1,11
4240,710,21,0
4241,710,11,19
4242,710,22,15
4243,711,14,23
4244,711,8,6
4245,711,16,9
4246,711,21,0
4247,711,3,7
4248,711,13,20
4249,712,17,4
4250,712,2,14
4251,712,17,8
4252,712,8,17
4253,712,11,2
4254,712,3,24
4255,713,13,11
4256,713,0,4
4257,713,14,15
4258,713,19,8
4259,714,3,16
4260,714,0,10
4261,714,3,11
4262,714,0,22
4263,714,3,6
4264,714,18,7
4265,715,11,9
4266,715,14,22
4267,715,5,15
4268,715,9,12
4269,715,1,3
4270,715,6,20
4271,715,22,10
4272,716,20,17
4273,716,15,22
4274,716,15,23
4275,716,20,3
4276,716,23,14
4277,716,23,15
4278,716,24,16
4279,716,3,14
4280,717,18,11
4281,717,12,1
4282,717,16,4
4283,718,2,11
4284,718,0,3
4285,718,19,3
4286,718,0,2
4287,718,11,8
4288,718,2,14
4289,718,19,13
4290,719,13,20
4291,719,1,23
4292,719,23,20
4293,719,1,4
4294,719,11,21
4295,720,16,13
4296,720,5,4
4297,720,17,2
4298,720,0,12
4299,720,4,12
4300,720,13,23
4301,720,14,5
4302,720,14,8
4303,721,20,19
4304,721,9,5
4305,721,20,16
4306,721,4,13
4307,721,4,0
4308,721,12,23
4309,721,17,7
4310,722,10,0
4311,722,2,23
4312,722,5,7
4313,722,2,8
4314,722,4,24
4315,722,18,3
4316,722,4,11
4317,722,10,9
4318,722,21,18
4319,723,5,24
4320,723,1,21
4321,723,23,17
4322,723,24,12
4323,723,2,8
4324,724,11,15
4325,724,19,12
4326,724,14,8
4327,724,0,11
4328,724,13,22
4329,724,4,7
4330,724,2,4
4331,725,16,2
4332,725,14,7
4333,725,18,12
4334,725,1,12
4335,725,5,9
4336,725,1,21
4337,725,0,23
4338,726,20,17
4339,726,16,24
4340,726,24,20
4341,726,8,22
4342,726,0,6
4343,726,19,3
4344,727,16,9
4345,727,18,6
4346,727,10,12
4347,727,24,1
4348,727,9,3
4349,727,13,19
4350,727,22,2
4351,728,14,16
4352,728,12,21
4353,728,1,14
4354,728,22,4
4355,728,9,19
4356,729,21,2
4357,729,0,11
4358,729,18,2
4359,729,5,12
4360,729,12,22
4361,729,15,23
4362,729,5,21
4363,730,6,20
4364,730,15,11
4365,730,17,4
4366,730,10,2
4367,730,20,5
4368,730,21,5
4369,731,24,6
4370,731,7,1
4371,731,5,4
4372,732,17,3
4373,732,18,0
4374,732,20,23
4375,732,22,0
4376,732,11,7
4377,732,15,13
4378,732,15,4
4379,733,9,12
4380,733,5,19
4381,733,7,4
4382,733,2,16
4383,733,22,2
4384,733,4,23
4385,734,20,12
4386,734,9,20
4387,734,3,19
4388,734,12,14
4389,734,5,13
4390,735,5,21
4391,735,19,22
4392,735,3,22
4393,735,21,1
4394,735,14,22
4395,735,9,20
4396,736,3,23
4397,736,3,19
4398,736,13,0
4399,736,7,9
4400,736,24,10
4401,736,11,2
4402,736,21,6
4403,736,19,22
4404,737,10,6
4405,737,6,22
4406,737,19,7
4407,737,15,14
4408,737,20,5
4409,738,21,12
4410,738,1,18
4411,738,11,5
4412,738,17,14
4413,739,4,15
4414,739,10,7
4415,739,24,7
4416,740,9,10
4417,740,6,4
4418,740,13,3
4419,740,12,1
4420,740,3,5
4421,740,7,16
4422,740,9,5
4423,740,12,16
4424,741,16,9
4425,741,19,9
4426,742,15,11
4427,742,10,6
4428,742,24,6
4429,742,8,24
4430,742,3,11
4431,742,4,24
4432,743,2,13
4433,743,8,1
4434,743,24,10
4435,743,13,23
4436,743,1,19
4437,743,0,18
4438,743,20,3
4439,744,19,22
4440,744,1,21
4441,744,19,7
4442,744,19,15
4443,744,23,19
4444,744,4,22
4445,745,24,6
4446,745,9,6
4447,745,10,20
4448,745,8,10
4449,745,23,4
4450,745,24,22
4451,746,1,3
4452,746,21,3
4453,746,15,7
4454,746,19,7
4455,746,6,3
4456,746,23,20
4457,746,22,16
4458,747,18,15
4459,747,21,17
4460,747,1,5
4461,747,1,11
4462,747,14,8
4463,747,13,0
4464,747,13,6
4465,747,17,3
4466,747,10,19
4467,748,11,0
4468,748,5,1
4469,748,7,9
4470,748,13,17
4471,748,11,22
4472,749,18,0
4473,749,15,0
4474,749,18,0
4475,750,15,4
4476,750,20,17
4477,750,21,17
4478,750,24,8
4479,750,24,16
4480,750,20,4
4481,750,8,0
4482,750,0,23
4483,750,16,14
4484,750,1,20
4485,750,1,12
4486,751,24,18
4487,751,2,22
4488,751,20,6
4489,751,20,16
4490,751,0,14
4491,751,15,23
4492,751,15,12
4493,751,7,18
4494,751,1,19
4495,752,3,1
4496,752,14,8
4497,752,16,4
4498,753,24,21
4499,753,10,6
4500,753,24,22
4501,753,13,10
4502,753,14,0
4503,754,24,1
4504,754,24,3
4505,754,20,24
4506,754,21,1
4507,754,13,0
4508,754,14,23
4509,754,11,0
4510,754,3,24
4511,755,14,6
4512,755,2,5
4513,755,23,17
4514,755,1,12
4515,755,15,1
4516,755,7,18
4517,755,17,11
4518,756,0,11
4519,756,21,13
4520,756,10,13
4521,756,4,7
4522,756,21,8
4523,756,10,18
4524,756,8,2
4525,756,0,8
4526,756,11,1
4527,756,11,19
4528,757,15,11
4529,757,13,2
4530,757,12,6
4531,758,6,18
4532,758,24,22
4533,759,18,9
4534,759,11,22
4535,759,4,19
4536,759,7,16
4537,759,10,14
4538,760,17,13
4539,760,0,3
4540,760,4,5
4541,760,22,11
4542,760,11,21
4543,760,10,22
4544,761,15,11
4545,761,10,3
4546,761,7,17
4547,761,12,10
4548,761,9,3
4549,761,2,13
4550,762,4,6
4551,762,19,6
4552,762,14,5
4553,762,17,5
4554,762,1,11
4555,763,24,3
4556,763,9,13
4557,763,0,14
4558,763,22,14
4559,764,15,21
4560,764,15,7
4561,764,5,23
4562,764,0,22
4563,764,4,7
4564,764,22,1
4565,764,11,19
4566,764,19,20
4567,765,22,9
4568,765,14,24
4569,765,17,1
4570,765,13,15
4571,765,14,4
4572,765,0,18
4573,765,20,12
4574,766,0,15
4575,766,6,23
4576,766,13,1
4577,766,15,1
4578,766,5,18
4579,766,22,11
4580,766,18,1
4581,767,19,7
4582,767,4,0
4583,767,10,8
4584,767,5,24
4585,767,12,6
4586,767,23,7
4587,768,16,4
4588,768,0,12
4589,768,12,20
4590,768,2,18
4591,769,11,21
4592,769,6,21
4593,769,24,18
4594,769,14,21
4595,769,15,3
4596,769,19,13
4597,769,8,11
4598,769,2,23
4599,769,21,10
4600,770,24,5
4601,770,5,18
4602,770,24,2
4603,770,11,3
4604,770,19,20
4605,770,15,22
4606,770,2,22
4607,770,14,8
4608,770,10,21
4609,770,21,15
4610,770,18,22
4611,770,9,1
4612,770,10,22
4613,771,16,14
4614,771,10,2
4615,771,0,18
4616,772,5,17
4617,772,16,10
4618,772,0,22
4619,773,9,18
4620,773,19,3
4621,773,1,15
4622,773,11,0
4623,773,14,4
4624,773,17,4
4625,774,8,5
4626,774,8,2
4627,774,20,9
4628,774,0,23
4629,774,9,1
4630,775,7,10
4631,775,9,7
4632,775,22,7
4633,776,9,5
4634,776,8,6
4635,776,16,18
4636,776,5,14
4637,776,15,7
4638,777,13,0
4639,777,14,18
4640,777,15,21
4641,777,10,8
4642,777,0,7
4643,777,17,20
4644,777,5,17
4645,777,9,21
4646,778,6,18
4647,778,3,20
4648,778,9,7
4649,778,10,2
4650,778,8,22
4651,778,17,14
4652,779,9,1
4653,779,4,11
4654,779,11,18
4655,780,20,8
4656,780,3,14
4657,780,15,24
4658,780,12,24
4659,780,23,10
4660,780,14,11
4661,781,22,4
4662,781,8,20
4663,781,22,19
4664,782,14,11
4665,782,3,5
4666,782,22,16
4667,782,15,4
4668,783,3,1
4669,783,24,11
4670,783,11,13
4671,783,7,4
4672,783,20,9
4673,783,1,22
4674,784,15,9
4675,784,1,17
4676,784,5,18
4677,784,5,23
4678,784,19,0
4679,784,23,6
4680,784,19,13
4681,784,21,6
4682,784,2,12
4683,784,13,11
4684,784,8,2
4685,785,6,15
4686,785,13,16
4687,785,4,17
4688,785,11,1
4689,785,10,13
4690,785,8,22
4691,786,12,8
4692,786,17,5
4693,786,10,3
4694,786,21,2
4695,786,17,8
4696,786,15,0
4697,786,4,23
4698,787,5,3
4699,787,16,22
4700,788,7,13
4701,788,11,4
4702,788,18,4
4703,789,8,19
4704,790,23,19
4705,790,23,21
4706,790,8,1
4707,790,17,4
4708,790,19,16
4709,790,2,20
4710,791,24,21
4711,791,7,23
4712,791,14,3
4713,791,8,17
4714,791,20,17
4715,791,7,3
4716,791,15,22
4717,792,9,15
4718,792,18,3
4719,792,14,15
4720,792,12,21
4721,792,10,0
4722,793,15,9
4723,793,19,9
4724,793,23,1
4725,793,10,17
4726,793,19,0
4727,794,5,7
4728,794,13,0
4729,794,9,2
4730,794,13,6
4731,794,9,5
4732,794,16,23
4733,794,16,13
4734,795,5,4
4735,795,1,24
4736,795,7,23
4737,795,18,21
4738,795,7,9
4739,795,5,20
4740,795,15,23
4741,795,17,6
4742,796,21,15
4743,796,19,13
4744,796,20,1
4745,796,2,24
4746,797,20,4
4747,797,9,2
4748,797,18,21
4749,797,19,22
4750,797,22,11
4751,798,10,12
4752,798,0,23
4753,799,16,0
4754,799,7,11
4755,799,11,1
4756,799,8,14
4757,799,9,0
4758,799,11,1
4759,800,24,4
4760,800,7,15
4761,800,17,2
4762,800,0,2
4763,800,16,5
4764,800,2,10
4765,800,24,8
4766,800,7,16
4767,801,17,24
4768,801,5,3
4769,801,5,22
4770,802,9,11
4771,802,20,4
4772,802,8,18
4773,802,13,6
4774,802,18,20
4775,802,19,15
4776,803,24,22
4777,803,3,22
4778,803,4,5
4779,804,17,8
4780,804,21,24
4781,804,4,1
4782,804,1,7
4783,804,17,11
4784,805,5,22
4785,805,10,7
4786,805,13,0
4787,805,8,0
4788,805,9,10
4789,806,16,10
4790,806,21,13
4791,806,6,19
4792,806,0,19
4793,807,18,20
4794,807,18,8
4795,807,24,9
4796,808,16,20
4797,808,17,6
4798,808,5,13
4799,808,16,7
4800,808,20,6
4801,808,4,20
4802,808,10,18
4803,809,7,21
4804,809,16,22
4805,809,1,14
4806,809,20,14
4807,809,14,20
4808,810,7,23
4809,810,8,24
4810,810,7,24
4811,810,24,15
4812,810,7,4
4813,810,12,21
4814,810,21,10
4815,810,5,9
4816,811,14,6
4817,811,1,13
4818,811,18,2
4819,811,21,9
4820,811,7,18
4821,811,15,0
4822,812,5,2
4823,812,15,8
4824,812,8,15
4825,812,3,11
4826,812,12,20
4827,812,6,24
4828,812,8,15
4829,812,2,15
4830,812,9,0
4831,813,20,2
4832,813,0,21
4833,813,15,3
4834,813,13,3
4835,813,19,1
4836,813,2,13
4837,813,19,22
4838,813,23,6
4839,814,2,21
4840,814,20,17
4841,814,6,10
4842,814,24,12
4843,814,23,1
4844,814,1,10
4845,815,5,2
4846,815,8,18
4847,815,14,15
4848,815,19,12
4849,815,14,24
4850,815,14,15
4851,815,21,4
4852,815,3,5
4853,816,1,3
4854,816,19,22
4855,816,13,24
4856,817,23,11
4857,817,21,9
4858,817,12,3
4859,817,19,17
4860,817,12,1
4861,817,7,23
4862,817,20,9
4863,817,22,19
4864,817,5,14
4865,817,2,19
4866,817,14,18
4867,817,21,11
4868,818,13,3
4869,818,14,22
4870,818,11,18
4871,818,5,16
4872,819,19,23
4873,819,23,2
4874,819,19,12
4875,819,9,22
4876,819,20,23
4877,819,14,18
4878,820,10,8
4879,820,21,7
4880,820,17,23
4881,820,9,21
4882,820,23,0
4883,820,20,2
4884,821,20,10
4885,821,21,11
4886,821,21,19
4887,821,4,8
4888,821,7,10
4889,821,22,15
4890,821,9,1
4891,821,12,10
4892,822,18,12
4893,822,18,14
4894,822,24,7
4895,822,0,15
4896,822,9,21
4897,823,24,14
4898,823,9,21
4899,823,21,12
4900,823,23,13
4901,824,7,9
4902,824,10,21
4903,824,6,13
4904,824,22,6
4905,825,11,1
4906,825,13,10
4907,825,16,20
4908,826,21,23
4909,826,3,0
4910,827,8,18
4911,827,16,12
4912,827,8,12
4913,827,1,18
4914,827,3,22
4915,827,15,7
4916,828,17,0
4917,828,23,3
4918,828,19,11
4919,828,20,22
4920,828,13,3
4921,828,0,2
4922,829,23,7
4923,829,2,14
4924,829,13,7
4925,829,10,13
4926,830,16,20
4927,830,16,12
4928,830,16,14
4929,830,13,21
4930,830,23,8
4931,830,18,9
4932,830,22,10
4933,830,16,24
4934,831,7,21
4935,831,11,8
4936,831,10,13
4937,831,17,7
4938,831,5,15
4939,832,17,23
4940,832,19,20
4941,832,11,18
4942,832,13,1
4943,832,15,4
4944,832,22,11
4945,833,13,11
4946,833,19,23
4947,833,3,10
4948,833,17,1
4949,833,5,22
4950,834,16,5
4951,834,23,10
4952,834,9,17
4953,835,4,22
4954,835,23,12
4955,835,17,0
4956,835,0,19
4957,835,9,12
4958,835,4,0
4959,835,24,11
4960,835,6,16
4961,835,12,0
4962,836,0,23
4963,836,6,23
4964,836,19,17
4965,836,18,12
4966,836,1,21
4967,836,15,5
4968,836,4,10
4969,836,23,15
4970,836,12,23
4971,837,16,19
4972,837,8,1
4973,837,11,14
4974,837,6,12
4975,837,1,22
4976,837,24,6
4977,837,2,15
4978,837,3,15
4979,837,13,19
4980,837,9,22
4981,837,21,15
4982,838,3,16
4983,838,4,6
4984,838,0,16
4985,838,24,1
4986,838,8,4
4987,838,19,21
4988,838,16,5
4989,839,2,17
4990,839,19,15
4991,839,19,13
4992,839,13,9
4993,839,11,21
4994,839,12,14
4995,839,20,9
4996,839,15,11
4997,840,2,8
4998,840,13,21
4999,840,0,24
5000,840,4,17
5001,840,8,23
5002,840,21,18
5003,840,23,3
5004,840,23,11
5005,840,12,0
5006,841,9,16
5007,841,23,15
5008,842,15,8
5009,842,6,14
5010,842,24,22
5011,843,14,24
5012,843,19,5
5013,843,23,20
5014,843,19,23
5015,843,17,10
5016,844,5,24
5017,844,22,5
5018,844,5,4
5019,844,7,14
5020,844,0,18
5021,844,10,9
5022,844,16,4
5023,845,18,24
5024,845,23,14
5025,846,0,18
5026,846,7,16
5027,846,16,24
5028,846,6,0
5029,846,14,16
5030,846,23,7
5031,847,16,6
5032,847,13,11
5033,847,20,12
5034,847,9,22
5035,847,14,24
5036,847,24,20
5037,847,14,15
5038,848,14,2
5039,848,21,19
5040,848,10,12
5041,848,7,13
5042,848,16,13
5043,849,2,22
5044,849,4,13
5045,849,5,9
5046,849,21,3
5047,849,8,5
5048,849,7,3
5049,849,2,9
5050,849,7,24
5051,850,7,9
5052,850,3,19
5053,850,11,20
5054,850,12,19
5055,850,9,11
5056,850,16,5
5057,850,8,14
5058,850,11,20
5059,850,9,12
5060,851,24,6
5061,851,9,15
5062,851,16,1
5063,851,12,1
5064,851,2,17
5065,851,14,20
5066,852,23,20
5067,852,2,12
5068,852,22,5
5069,852,15,7
5070,852,10,24
5071,852,7,18
5072,852,3,5
5073,853,17,19
5074,853,15,4
5075,853,2,24
5076,854,1,16
5077,854,11,21
5078,854,18,7
5079,854,2,16
5080,854,5,1
5081,854,19,7
5082,854,3,12
5083,854,2,5
5084,855,22,15
5085,855,4,10
5086,855,8,15
5087,855,0,7
5088,855,23,21
5089,855,12,2
5090,855,4,10
5091,855,22,20
5092,855,16,8
5093,856,12,6
5094,856,21,2
5095,856,7,3
5096,856,21,19
5097,856,15,1
5098,856,15,13
5099,856,10,1
5100,856,4,10
5101,856,19,23
5102,856,6,16
5103,857,23,1
5104,857,11,18
5105,857,0,8
5106,857,1,3
5107,857,11,0
5108,857,1,12
5109,857,24,13
5110,857,6,18
5111,858,4,12
5112,858,15,6
5113,858,19,20
5114,858,4,21
5115,858,12,19
5116,858,11,24
5117,858,12,4
5118,859,4,10
5119,859,11,8
5120,859,4,2
5121,859,9,13
5122,859,10,18
5123,859,4,21
5124,859,22,20
5125,860,19,6
5126,860,10,3
5127,860,1,5
5128,860,0,2
5129,860,8,22
5130,861,17,1
5131,861,1,4
5132,861,23,0
5133,861,19,10
5134,861,8,6
5135,861,13,15
5136,861,20,4
5137,862,18,3
5138,862,3,1
5139,862,9,1
5140,862,21,18
5141,862,19,20
5142,862,0,24
5143,863,20,19
5144,863,14,6
5145,863,13,4
5146,863,22,2
5147,863,4,21
5148,863,18,21
5149,863,24,4
5150,864,10,3
5151,864,6,21
5152,864,1,9
5153,864,5,3
5154,864,24,2
5155,865,7,1
5156,865,22,7
5157,865,23,13
5158,865,19,8
5159,865,24,3
5160,865,19,21
5161,865,19,3
5162,865,21,6
5163,866,16,5
5164,866,3,9
5165,866,0,10
5166,866,0,19
5167,866,23,11
5168,866,21,11
5169,866,13,24
5170,866,4,11
5171,866,12,24
5172,866,11,14
5173,867,3,15
5174,867,8,14
5175,867,23,6
5176,867,14,0
5177,867,14,3
5178,867,20,11
5179,867,12,15
5180,867,23,6
5181,867,17,1
5182,867,3,0
5183,868,7,9
5184,868,3,19
5185,868,2,13
5186,868,12,5
5187,868,6,4
5188,868,19,0
5189,869,16,13
5190,869,21,15
5191,869,22,24
5192,869,4,13
5193,869,8,14
5194,869,16,22
5195,870,13,5
5196,870,23,4
5197,870,17,0
5198,870,3,12
5199,870,4,12
5200,870,5,2
5201,871,11,18
5202,871,24,7
5203,871,24,6
5204,871,20,5
5205,872,9,11
5206,872,9,20
5207,872,7,15
5208,872,12,3
5209,872,16,19
5210,872,7,21
5211,872,11,15
5212,872,2,22
5213,873,5,16
5214,873,20,3
5215,873,15,21
5216,873,19,12
5217,873,11,13
5218,874,9,22
5219,874,12,0
5220,874,21,4
5221,874,21,1
5222,874,17,21
5223,874,16,1
5224,874,18,3
5225,875,18,8
5226,875,6,13
5227,875,13,10
5228,875,17,13
5229,876,1,14
5230,876,10,16
5231,876,2,10
5232,876,8,24
5233,876,23,4
5234,876,2,17
5235,877,22,12
5236,877,13,5
5237,877,11,15
5238,878,16,3
5239,878,21,17
5240,878,18,11
5241,878,1,12
5242,878,23,2
5243,878,19,15
5244,879,7,24
5245,879,15,9
5246,879,23,2
5247,879,8,16
5248,879,5,24
5249,879,13,21
5250,879,4,12
5251,880,9,3
5252,880,18,9
5253,880,21,6
5254,880,8,12
5255,880,12,19
5256,881,6,8
5257,881,11,0
5258,881,21,15
5259,882,12,19
5260,882,5,16
5261,882,5,23
5262,883,10,23
5263,883,5,16
5264,883,1,13
5265,883,3,1
5266,884,4,6
5267,884,4,2
5268,884,5,11
5269,884,7,1
5270,885,9,10
5271,885,14,17
5272,885,14,18
5273,885,6,17
5274,885,20,16
5275,885,21,12
5276,886,20,24
5277,886,5,15
5278,886,11,18
5279,886,0,14
5280,886,7,10
5281,886,16,4
5282,886,21,14
5283,887,18,6
5284,887,24,21
5285,887,7,18
5286,887,19,17
5287,887,17,19
5288,888,13,22
5289,888,20,18
5290,888,23,9
5291,888,1,14
5292,888,22,3
5293,888,1,18
5294,889,5,13
5295,889,19,21
5296,889,11,22
5297,890,10,3
5298,890,0,18
5299,890,4,17
5300,890,17,3
5301,890,6,20
5302,890,0,4
5303,890,20,24
5304,891,16,0
5305,891,11,18
5306,891,18,11
5307,891,9,7
5308,892,4,16
5309,892,2,16
5310,893,22,16
5311,893,23,7
5312,893,24,1
5313,893,22,14
5314,893,10,8
5315,893,7,13
5316,893,0,16
5317,893,10,7
5318,893,15,14
5319,893,4,1
5320,894,2,20
5321,894,8,22
5322,894,12,5
5323,894,18,10
5324,894,3,20
5325,894,19,20
5326,895,5,23
5327,895,7,23
5328,895,11,8
5329,896,15,2
5330,896,6,4
5331,896,4,6
5332,896,11,24
5333,896,4,21
5334,896,16,5
5335,897,19,12
5336,897,12,3
5337,897,8,11
5338,897,5,19
5339,897,17,3
5340,897,19,15
5341,897,1,4
5342,897,17,15
5343,897,22,16
5344,898,18,5
5345,898,6,2
5346,898,11,8
5347,898,4,22
5348,898,12,14
5349,898,11,0
5350,898,11,24
5351,898,12,0
5352,899,16,8
5353,899,10,1
5354,899,11,19
5355,899,2,13
5356,899,0,24
5357,900,8,22
5358,900,11,22
5359,900,2,22
5360,900,0,16
5361,900,4,1
5362,900,23,6
5363,900,20,22
5364,901,5,2
5365,901,11,4
5366,901,12,8
5367,901,1,3
5368,902,12,2
5369,902,17,24
5370,902,7,19
5371,902,18,16
5372,902,5,18
5373,902,6,22
5374,903,23,10
5375,903,8,2
5376,904,24,9
5377,904,0,23
5378,904,0,7
5379,905,24,22
5380,905,12,23
5381,906,21,13
5382,906,6,18
5383,906,17,20
5384,906,17,13
5385,906,0,14
5386,906,0,10
5387,906,21,19
5388,907,14,21
5389,907,5,19
5390,907,2,4
5391,907,21,15
5392,907,3,21
5393,907,24,21
5394,907,20,14
5395,907,12,1
5396,908,5,22
5397,908,2,20
5398,909,15,8
5399,909,11,15
5400,909,4,6
5401,909,3,22
5402,910,5,13
5403,910,12,20
5404,910,7,13
5405,910,21,13
5406,911,23,7
5407,912,13,0
5408,912,23,20
5409,912,24,1
5410,912,23,2
5411,912,5,4
5412,912,14,11
5413,912,21,13
5414,912,2,18
5415,913,0,20
5416,913,13,9
5417,913,7,11
5418,913,3,6
5419,913,13,21
5420,913,15,9
5421,913,19,12
5422,914,12,23
5423,914,21,4
5424,914,9,6
5425,914,9,0
5426,914,9,23
5427,914,7,4
5428,914,11,19
5429,915,16,5
5430,915,24,3
5431,915,11,17
5432,915,16,2
5433,915,9,5
5434,916,24,0
5435,916,23,4
5436,916,22,11
5437,917,5,2
5438,917,0,11
5439,917,1,14
5440,918,24,9
5441,918,1,22
5442,919,5,21
5443,919,3,11
5444,919,16,20
5445,919,19,11
5446,919,10,17
5447,920,10,0
5448,920,24,20
5449,920,12,0
5450,920,7,19
5451,921,18,7
5452,921,2,4
5453,921,7,19
5454,921,24,10
5455,922,3,14
5456,922,23,11
5457,922,10,16
5458,922,14,21
5459,922,9,12
5460,922,3,12
5461,922,15,3
5462,923,18,2
5463,923,4,11
5464,923,19,8
5465,923,7,24
5466,924,20,24
5467,924,0,7
5468,924,15,18
5469,924,8,0
5470,924,20,1
5471,924,15,9
5472,924,15,12
5473,924,13,11
5474,924,21,6
5475,925,16,9
5476,925,8,23
5477,925,20,14
5478,925,12,8
5479,925,13,2
5480,925,4,19
5481,925,23,11
5482,925,18,11
5483,925,13,3
5484,925,11,9
5485,926,7,16
5486,926,24,4
5487,926,8,23
5488,926,9,2
5489,926,2,15
5490,926,9,18
5491,926,3,18
5492,926,21,13
5493,926,21,15
5494,926,9,17
5495,927,19,16
5496,927,13,15
5497,927,21,3
5498,927,20,5
5499,927,14,11
5500,927,10,7
5501,928,2,23
5502,928,5,11
5503,928,16,24
5504,928,1,24
5505,929,13,2
5506,929,23,7
5507,929,0,11
5508,929,1,3
5509,929,11,22
5510,929,23,9
5511,929,0,14
5512,930,22,7
5513,930,8,20
5514,930,16,8
5515,930,22,0
5516,930,18,9
5517,930,20,2
5518,930,20,14
5519,931,22,12
5520,931,17,2
5521,931,24,20
5522,932,14,20
5523,932,10,13
5524,932,15,5
5525,933,15,21
5526,933,14,12
5527,933,18,5
5528,933,1,22
5529,933,7,10
5530,933,10,3
5531,933,14,16
5532,934,24,2
5533,934,15,24
5534,934,17,13
5535,934,10,0
5536,934,17,0
5537,934,0,17
5538,934,15,9
5539,935,21,15
5540,935,4,19
5541,935,19,3
5542,935,2,21
5543,935,8,10
5544,935,2,17
5545,935,8,1
5546,935,2,13
5547,935,9,3
5548,936,0,19
5549,936,12,8
5550,936,21,14
5551,936,14,2
5552,936,0,22
5553,937,4,14
5554,937,15,19
5555,937,17,10
5556,937,8,23
5557,937,10,23
5558,937,0,9
5559,937,6,4
5560,937,0,21
5561,938,19,21
5562,938,24,16
5563,938,17,4
5564,938,4,16
5565,938,24,15
5566,938,19,23
5567,938,10,7
5568,939,11,8
5569,939,12,0
5570,939,4,8
5571,940,13,6
5572,940,8,20
5573,940,12,10
5574,940,9,0
5575,940,14,10
5576,941,12,0
5577,941,20,18
5578,941,2,9
5579,941,0,19
5580,941,16,10
5581,941,18,20
5582,942,14,4
5583,942,14,20
5584,942,18,9
5585,942,21,5
5586,942,18,12
5587,942,20,10
5588,942,21,18
5589,943,10,14
5590,943,2,9
5591,943,23,0
5592,943,1,15
5593,943,16,2
5594,943,11,0
5595,944,15,9
5596,944,7,15
5597,944,9,19
5598,945,22,6
5599,945,16,7
5600,945,7,10
5601,945,16,23
5602,946,10,7
5603,946,16,1
5604,946,14,16
5605,946,24,20
5606,946,1,8
5607,946,10,24
5608,946,22,9
5609,947,12,2
5610,947,13,2
5611,947,0,19
5612,947,20,11
5613,947,0,6
5614,947,2,13
5615,947,22,10
5616,948,19,15
5617,948,1,5
5618,948,11,2
5619,948,7,9
5620,948,8,10
5621,949,5,2
5622,949,4,22
5623,949,18,7
5624,949,23,15
5625,949,6,3
5626,949,15,18
5627,949,22,12
5628,949,24,6
5629,949,23,1
5630,949,6,17
5631,949,10,8
5632,950,2,21
5633,950,0,13
5634,950,22,4
5635,950,20,9
5636,951,1,21
5637,951,12,14
5638,951,20,23
5639,951,13,4
5640,952,17,19
5641,952,11,15
5642,952,15,17
5643,952,17,5
5644,952,22,4
5645,952,6,12
5646,953,12,14
5647,953,7,23
5648,953,23,21
5649,953,17,20
5650,953,14,8
5651,954,5,3
5652,954,24,2
5653,954,20,18
5654,954,15,2
5655,954,21,7
5656,954,1,16
5657,954,4,8
5658,955,15,7
5659,955,1,18
5660,955,2,15
5661,955,24,0
5662,956,9,21
5663,956,18,4
5664,956,2,8
5665,956,16,24
5666,956,12,15
5667,956,22,16
5668,956,22,2
5669,956,0,10
5670,956,6,17
5671,956,16,7
5672,957,6,17
5673,957,3,16
5674,957,21,14
5675,957,9,0
5676,957,5,24
5677,957,5,20
5678,958,11,13
5679,958,2,4
5680,958,11,15
5681,958,12,8
5682,958,12,19
5683,958,8,12
5684,958,23,1
5685,959,14,17
5686,959,10,20
5687,959,0,17
5688,959,13,24
5689,959,8,23
5690,959,20,3
5691,960,18,8
5692,960,4,12
5693,960,24,14
5694,960,1,20
5695,960,13,7
5696,960,18,12
5697,961,0,11
5698,961,24,9
5699,961,3,0
5700,961,21,6
5701,961,19,10
5702,962,19,1
5703,962,24,1
5704,962,9,19
5705,962,7,23
5706,962,20,11
5707,962,2,21
5708,963,0,15
5709,963,9,13
5710,964,6,2
5711,964,3,5
5712,964,5,8
5713,964,21,4
5714,964,0,21
5715,964,4,12
5716,964,18,1
5717,964,14,16
5718,965,21,19
5719,965,1,3
5720,965,15,8
5721,965,20,10
5722,965,5,14
5723,965,18,11
5724,965,22,24
5725,965,8,24
5726,965,0,7
5727,965,20,1
5728,965,13,1
5729,965,11,23
5730,966,10,4
5731,966,3,22
5732,966,1,11
5733,966,0,6
5734,966,17,10
5735,967,24,15
5736,967,20,1
5737,967,5,15
5738,967,6,16
5739,967,17,0
5740,967,21,18
5741,967,11,21
5742,967,11,21
5743,967,12,1
5744,968,3,18
5745,968,19,7
5746,968,8,4
5747,968,14,21
5748,968,24,16
5749,969,3,22
5750,969,22,10
5751,969,2,6
5752,969,13,2
5753,969,9,24
5754,970,2,14
5755,970,20,7
5756,970,11,7
5757,970,9,19
5758,970,9,21
5759,970,3,24
5760,970,15,9
5761,970,13,1
5762,970,11,15
5763,971,1,14
5764,971,14,16
5765,971,0,20
5766,971,12,2
5767,971,19,1
5768,972,5,23
5769,972,17,13
5770,972,11,18
5771,972,15,24
5772,972,3,17
5773,973,1,8
5774,973,15,12
5775,973,0,16
5776,973,20,7
5777,973,23,10
5778,973,2,13
5779,973,2,14
5780,973,21,0
5781,973,0,3
5782,973,17,2
5783,973,11,17
5784,973,21,1
5785,974,12,18
5786,974,13,1
5787,974,3,14
5788,974,19,6
5789,974,15,22
5790,974,14,17
5791,974,6,4
5792,974,17,7
5793,974,18,6
5794,975,18,15
5795,975,19,13
5796,975,19,4
5797,975,20,8
5798,975,23,15
5799,975,23,9
5800,975,3,19
5801,976,4,7
5802,976,10,22
5803,976,2,19
5804,976,23,21
5805,977,7,4
5806,977,24,18
5807,977,15,22
5808,977,1,10
5809,977,4,15
5810,977,3,23
5811,978,15,1
5812,978,0,16
5813,978,24,1
5814,978,8,4
5815,978,7,13
5816,979,10,23
5817,979,10,20
5818,979,9,12
5819,979,14,22
5820,979,4,22
5821,979,5,19
5822,979,18,1
5823,979,1,21
5824,979,3,0
5825,979,18,4
5826,979,8,16
5827,980,21,4
5828,980,10,3
5829,980,0,2
5830,980,5,11
5831,981,12,24
5832,981,20,11
5833,982,4,11
5834,982,20,12
5835,982,16,14
5836,982,15,0
5837,982,3,7
5838,983,7,1
5839,983,22,2
5840,984,20,17
5841,984,4,5
5842,984,2,0
5843,984,10,18
5844,984,11,15
5845,984,13,17
5846,984,7,24
5847,984,5,21
5848,985,0,18
5849,985,16,4
5850,985,0,20
5851,985,20,11
5852,986,15,11
5853,986,4,7
5854,986,19,21
5855,986,10,0
5856,986,7,10
5857,986,11,14
5858,986,6,24
5859,986,22,16
5860,986,17,1
5861,987,23,14
5862,987,24,4
5863,987,17,9
5864,987,13,3
5865,988,2,19
5866,988,7,16
5867,988,18,2
5868,988,2,10
5869,988,21,5
5870,988,19,20
5871,989,5,8
5872,989,15,0
5873,989,11,14
5874,989,23,5
5875,989,9,21
5876,989,10,3
5877,989,5,9
5878,989,18,10
5879,989,23,13
5880,989,6,8
5881,990,9,0
5882,990,24,0
5883,990,5,7
5884,990,12,1
5885,990,17,5
5886,990,12,0
5887,990,20,19
5888,990,24,7
5889,990,2,11
5890,991,4,0
5891,991,24,14
5892,991,8,23
5893,992,3,0
5894,992,23,7
5895,992,1,8
5896,992,0,11
5897,992,10,0
5898,993,24,9
5899,993,21,6
5900,993,18,1
5901,993,15,8
5902,994,15,4
5903,994,13,23
5904,994,14,10
5905,994,18,5
5906,994,10,19
5907,994,5,14
5908,994,8,0
5909,994,16,4
5910,995,23,2
5911,995,7,5
5912,995,17,1
5913,995,10,6
5914,995,23,16
5915,995,23,12
5916,996,7,10
5917,996,6,23
5918,997,0,22
5919,997,4,22
5920,997,18,14
5921,997,22,15
5922,997,8,18
5923,997,3,20
5924,998,0,3
5925,998,1,3
5926,998,23,12
5927,998,6,18
5928,998,12,5
5929,998,23,20
5930,998,5,20
5931,998,14,21
5932,998,17,15
5933,999,14,7
5934,999,1,3
5935,999,21,8
5936,999,2,23
5937,999,20,18
5938,1000,8,1
5939,1000,24,8
5940,1000,0,13
5941,1000,20,1
5942,1000,7,23
5943,1000,1,21
5944,1000,16,7
5945,1000,18,8
5946,1000,2,14
5947,1001,10,2
5948,1001,1,7
5949,1001,3,12
5950,1001,12,8
5951,1001,13,3
5952,1001,3,19
5953,1001,3,22
5954,1001,24,0
5955,1001,8,16
5956,1001,24,11
5957,1002,18,3
5958,1002,7,11
5959,1002,2,18
5960,1002,1,7
5961,1003,5,19
5962,1003,16,24
5963,1003,23,9
5964,1003,5,13
5965,1003,0,19
5966,1004,17,11
5967,1004,19,0
5968,1004,14,8
5969,1004,18,7
5970,1004,3,10
5971,1005,22,9
5972,1005,14,10
5973,1005,23,12
5974,1005,17,10
5975,1005,19,2
5976,1005,21,24
5977,1005,9,20
5978,1006,10,0
5979,1006,6,8
5980,1006,23,2
5981,1006,2,8
5982,1006,18,3
5983,1006,20,7
5984,1006,20,18
5985,1006,19,10
5986,1006,10,0
5987,1007,6,4
5988,1007,4,15
5989,1007,10,24
5990,1007,4,15
5991,1007,17,13
5992,1007,15,4
5993,1007,2,20
5994,1008,18,14
5995,1008,20,14
5996,1008,18,14
5997,1008,18,7
5998,1008,14,11
5999,1008,7,13
6000,1008,9,17
6001,1009,11,21
6002,1009,9,23
6003,1009,1,11
6004,1009,24,2
6005,1009,4,24
6006,1009,1,10
6007,1009,13,17
6008,1010,16,10
6009,1010,18,12
6010,1010,4,16
6011,1010,24,7
6012,1010,3,24
6013,1010,13,0
6014,1010,20,8
6015,1010,16,2
6016,1011,14,10
6017,1011,18,1
6018,1011,12,21
6019,1011,22,12
6020,1011,18,0
6021,1012,11,21
6022,1012,17,9
6023,1012,23,14
6024,1012,22,19
6025,1012,18,15
6026,1012,12,10
6027,1013,0,14
6028,1013,17,24
6029,1013,17,8
6030,1013,18,6
6031,1013,14,22
6032,1013,20,6
6033,1013,13,6
6034,1014,21,8
6035,1014,24,6
6036,1014,21,14
6037,1014,5,3
6038,1014,15,2
6039,1014,23,4
6040,1015,9,23
6041,1015,6,17
6042,1015,14,1
6043,1015,10,24
6044,1015,3,5
6045,1015,0,20
6046,1016,5,24
6047,1016,21,11
6048,1017,2,24
6049,1017,16,23
6050,1017,7,10
6051,1018,16,23
6052,1018,10,7
6053,1018,8,23
6054,1018,22,16
6055,1018,24,16
6056,1019,12,18
6057,1019,7,3
6058,1019,24,18
6059,1019,10,21
6060,1019,14,4
6061,1019,23,17
6062,1019,8,14
6063,1020,19,3
6064,1020,6,10
6065,1020,7,1
6066,1020,0,24
6067,1020,18,3
6068,1021,23,3
6069,1021,4,13
6070,1021,12,24
6071,1021,19,12
6072,1021,6,20
6073,1022,13,9
6074,1022,7,18
6075,1022,21,7
6076,1022,9,6
6077,1022,14,8
6078,1022,17,8
6079,1022,22,9
6080,1022,0,17
6081,1023,21,10
6082,1023,0,3
6083,1023,16,9
6084,1023,5,24
6085,1023,7,0
6086,1023,15,8
6087,1024,17,20
6088,1024,9,22
6089,1024,17,6
6090,1024,12,3
6091,1025,5,13
6092,1025,0,2
6093,1025,0,21
6094,1025,7,23
6095,1025,7,14
6096,1025,17,7
6097,1026,23,4
6098,1026,12,9
6099,1026,19,22
6100,1027,5,12
6101,1027,1,11
6102,1027,18,14
6103,1027,14,1
6104,1027,18,12
6105,1027,0,4
6106,1028,21,4
6107,1028,0,15
6108,1028,24,6
6109,1028,18,6
6110,1028,9,19
6111,1028,0,10
6112,1028,20,5
6113,1029,17,9
6114,1029,4,0
6115,1029,21,1
6116,1029,17,19
6117,1029,9,2
6118,1029,14,8
6119,1030,0,13
6120,1030,21,3
6121,1030,12,21
6122,1031,19,20
6123,1031,24,12
6124,1031,0,16
6125,1031,17,6
6126,1031,5,15
6127,1032,20,22
6128,1032,19,3
6129,1032,2,10
6130,1032,21,19
6131,1033,8,22
6132,1033,20,1
6133,1033,5,17
6134,1033,24,1
6135,1033,17,5
6136,1033,23,0
6137,1033,1,16
6138,1033,3,17
6139,1033,22,8
6140,1033,20,5
6141,1034,0,7
6142,1034,14,11
6143,1034,17,1
6144,1035,2,10
6145,1035,20,23
6146,1035,6,20
6147,1035,7,4
6148,1035,4,23
6149,1035,1,7
6150,1035,4,10
6151,1035,17,9
6152,1036,6,4
6153,1036,6,22
6154,1036,17,24
6155,1036,18,11
6156,1036,7,21
6157,1036,14,16
6158,1036,22,19
6159,1036,6,15
6160,1036,2,19
6161,1037,5,19
6162,1037,4,22
6163,1037,18,22
6164,1037,14,21
6165,1037,2,8
6166,1037,14,1
6167,1037,16,2
6168,1038,4,14
6169,1038,20,8
6170,1038,0,6
6171,1038,7,3
6172,1039,17,8
6173,1039,15,9
6174,1039,0,22
6175,1039,11,19
6176,1040,7,21
6177,1040,11,21
6178,1040,23,7
6179,1041,15,21
6180,1041,2,18
6181,1041,0,3
6182,1041,24,21
6183,1041,10,20
6184,1042,22,3
6185,1042,21,9
6186,1042,0,22
6187,1042,2,8
6188,1043,20,7
6189,1043,13,22
6190,1044,9,5
6191,1044,20,23
6192,1044,9,6
6193,1044,2,23
6194,1044,0,24
6195,1044,16,4
6196,1044,9,16
6197,1045,1,7
6198,1045,10,7
6199,1045,22,14
6200,1045,21,9
6201,1045,6,18
6202,1045,20,14
6203,1045,20,6
6204,1046,5,13
6205,1046,22,4
6206,1046,0,3
6207,1046,7,17
6208,1046,21,23
6209,1046,16,4
6210,1046,19,9
6211,1046,19,0
6212,1046,18,11
6213,1046,3,20
6214,1046,21,5
6215,1047,7,9
6216,1047,22,24
6217,1047,2,23
6218,1047,4,22
6219,1047,0,24
6220,1047,5,23
6221,1048,16,18
6222,1048,0,14
6223,1048,23,20
6224,1048,22,18
6225,1048,0,18
6226,1048,17,23
6227,1049,17,24
6228,1049,13,1
6229,1050,8,11
6230,1050,1,23
6231,1050,12,14
6232,1050,6,3
6233,1051,24,2
6234,1051,24,9
6235,1051,1,10
6236,1051,10,2
6237,1051,23,1
6238,1051,3,24
6239,1051,4,23
6240,1052,18,16
6241,1052,9,7
6242,1052,24,8
6243,1052,4,22
6244,1052,21,9
6245,1052,9,11
6246,1052,19,1
6247,1052,3,13
6248,1053,10,13
6249,1053,24,7
6250,1053,0,15
6251,1053,0,6
6252,1054,8,19
6253,1054,20,18
6254,1054,21,19
6255,1054,16,2
6256,1054,7,16
6257,1054,19,20
6258,1054,15,17
6259,1054,1,3
6260,1054,14,12
6261,1055,11,24
6262,1055,9,18
6263,1055,17,4
6264,1055,21,15
6265,1055,17,10
6266,1055,8,12
6267,1056,2,10
6268,1056,17,1
6269,1056,11,13
6270,1056,8,24
6271,1056,12,21
6272,1056,2,21
6273,1056,11,9
6274,1056,15,8
6275,1056,5,12
6276,1056,18,2
6277,1057,23,0
6278,1057,22,19
6279,1057,10,0
6280,1057,6,9
6281,1058,17,1
6282,1058,12,20
6283,1058,7,20
6284,1059,21,6
6285,1059,11,0
6286,1059,4,0
6287,1059,24,4
6288,1059,10,23
6289,1060,1,14
6290,1061,24,2
6291,1061,23,21
6292,1062,5,24
6293,1062,6,13
6294,1062,8,10
6295,1062,19,8
6296,1062,20,10
6297,1062,13,22
6298,1062,11,5
6299,1062,4,14
6300,1062,7,3
6301,1063,18,16
6302,1063,17,10
6303,1064,9,18
6304,1064,18,22
6305,1064,3,0
6306,1064,0,20
6307,1064,0,8
6308,1064,20,4
6309,1064,13,6
6310,1064,6,9
6311,1064,19,7
6312,1064,22,24
6313,1065,7,17
6314,1065,12,0
6315,1065,21,5
6316,1065,12,21
6317,1066,1,18
6318,1066,10,24
6319,1067,22,12
6320,1067,10,23
6321,1067,15,19
6322,1067,4,16
6323,1067,14,20
6324,1067,16,12
6325,1067,3,20
6326,1067,19,21
6327,1067,7,9
6328,1068,9,2
6329,1068,16,9
6330,1068,23,16
6331,1068,16,2
6332,1068,4,0
6333,1068,9,21
6334,1068,12,22
6335,1069,23,15
6336,1069,3,9
6337,1069,23,17
6338,1069,16,23
6339,1069,24,4
6340,1069,3,23
6341,1070,21,15
6342,1070,6,10
6343,1070,7,5
6344,1070,21,7
6345,1070,12,15
6346,1070,12,6
6347,1071,22,1
6348,1071,5,15
6349,1071,13,21
6350,1071,17,3
6351,1071,12,18
6352,1071,4,20
6353,1071,7,4
6354,1071,21,19
6355,1072,0,21
6356,1072,20,6
6357,1072,6,13
6358,1072,12,21
6359,1072,18,3
6360,1072,7,19
6361,1072,14,5
6362,1073,1,12
6363,1073,4,11
6364,1073,2,11
6365,1073,11,13
6366,1073,18,0
6367,1073,1,18
6368,1073,17,8
6369,1073,20,3
6370,1073,24,12
6371,1074,20,16
6372,1074,16,22
6373,1074,16,9
6374,1074,6,21
6375,1074,21,6
6376,1074,7,19
6377,1074,22,1
6378,1074,6,9
6379,1074,6,22
6380,1074,5,11
6381,1074,17,21
6382,1075,9,0
6383,1075,2,0
6384,1075,16,8
6385,1075,8,22
6386,1076,15,6
6387,1076,5,9
6388,1076,19,7
6389,1076,24,6
6390,1076,12,6
6391,1076,4,8
6392,1076,4,21
6393,1076,10,17
6394,1076,10,18
6395,1076,5,17
6396,1077,6,2
6397,1077,12,18
6398,1077,4,22
6399,1077,12,9
6400,1077,24,17
6401,1077,17,2
6402,1077,21,23
6403,1077,12,19
6404,1078,6,10
6405,1078,15,22
6406,1078,23,13
6407,1078,8,10
6408,1078,7,0
6409,1079,12,1
6410,1079,22,1
6411,1079,8,10
6412,1079,12,14
6413,1079,5,14
6414,1080,21,8
6415,1080,11,14
6416,1080,11,5
6417,1080,0,22
6418,1081,23,7
6419,1081,0,14
6420,1081,19,9
6421,1081,16,12
6422,1082,9,13
6423,1082,3,10
6424,1082,1,14
6425,1082,15,5
6426,1082,14,6
6427,1083,12,14
6428,1083,11,0
6429,1083,5,9
6430,1083,4,14
6431,1083,3,22
6432,1083,22,8
6433,1084,9,5
6434,1084,20,19
6435,1084,23,2
6436,1084,24,12
6437,1085,20,17
6438,1085,19,9
6439,1085,12,20
6440,1085,16,3
6441,1085,23,16
6442,1085,20,7
6443,1085,22,2
6444,1085,12,18
6445,1085,16,7
6446,1086,0,17
6447,1086,19,0
6448,1086,13,16
6449,1086,8,2
6450,1086,24,3
6451,1086,7,10
6452,1086,7,13
6453,1086,16,20
6454,1086,19,20
6455,1086,21,14
6456,1086,10,20
6457,1087,18,21
6458,1087,12,2
6459,1087,19,12
6460,1087,20,4
6461,1087,19,7
6462,1087,19,15
6463,1087,21,19
6464,1087,7,0
6465,1088,9,21
6466,1088,19,8
6467,1088,2,18
6468,1088,21,10
6469,1088,15,21
6470,1088,18,11
6471,1088,1,18
6472,1089,12,20
6473,1089,4,24
6474,1089,12,4
6475,1089,6,24
6476,1089,9,17
6477,1089,6,9
6478,1089,15,18
6479,1089,4,8
6480,1089,18,5
6481,1090,24,13
6482,1090,17,9
6483,1090,8,19
6484,1090,10,16
6485,1090,24,15
6486,1090,5,3
6487,1090,22,2
6488,1091,15,22
6489,1091,12,20
6490,1091,15,19
6491,1091,7,24
6492,1091,7,11
6493,1091,11,3
6494,1091,15,22
6495,1091,13,19
6496,1091,19,0
6497,1092,7,0
6498,1092,14,15
6499,1092,0,12
6500,1092,22,12
6501,1092,13,24
6502,1092,2,24
6503,1092,20,11
6504,1092,6,15
6505,1093,12,22
6506,1093,16,4
6507,1093,0,10
6508,1093,8,21
6509,1093,6,17
6510,1093,16,18
6511,1094,14,23
6512,1094,0,14
6513,1094,10,12
6514,1095,6,20
6515,1095,12,1
6516,1095,10,18
6517,1095,14,11
6518,1095,1,21
6519,1095,15,19
6520,1096,23,12
6521,1096,22,10
6522,1096,14,21
6523,1096,3,5
6524,1096,21,0
6525,1097,10,4
6526,1097,2,24
6527,1097,23,21
6528,1097,24,18
6529,1097,10,0
6530,1097,2,10
6531,1097,24,1
6532,1097,7,24
6533,1097,1,10
6534,1097,5,15
6535,1097,22,11
6536,1097,9,21
6537,1098,12,10
6538,1098,3,6
6539,1098,21,0
6540,1098,6,13
6541,1098,22,20
6542,1098,9,15
6543,1098,10,23
6544,1098,17,4
6545,1098,17,1
6546,1099,0,9
6547,1099,0,6
6548,1099,6,8
6549,1099,19,2
6550,1099,5,22
6551,1099,8,6
6552,1099,11,5
6553,1099,11,23
6554,1100,0,6
6555,1100,1,3
6556,1100,20,16
6557,1100,5,24
6558,1100,23,4
6559,1101,0,6
6560,1101,4,20
6561,1101,14,5
6562,1101,10,23
6563,1101,14,6
6564,1101,19,11
6565,1101,14,4
6566,1102,9,18
6567,1102,4,20
6568,1102,16,19
6569,1102,24,3
6570,1102,20,2
6571,1102,13,15
6572,1103,1,13
6573,1103,7,17
6574,1103,8,5
6575,1104,13,9
6576,1104,2,19
6577,1104,4,7
6578,1104,23,13
6579,1104,3,13
6580,1104,1,18
6581,1105,19,2
6582,1105,16,0
6583,1105,19,1
6584,1105,20,16
6585,1106,17,21
6586,1106,15,7
6587,1106,11,13
6588,1106,0,6
6589,1106,3,17
6590,1106,21,12
6591,1106,13,10
6592,1107,4,1
6593,1107,9,1
6594,1107,20,0
6595,1107,12,24
6596,1107,11,23
6597,1107,1,20
6598,1108,20,5
6599,1108,8,19
6600,1108,1,10
6601,1108,10,8
6602,1108,15,19
6603,1108,14,6
6604,1108,3,19
6605,1109,1,22
6606,1109,20,24
6607,1109,23,1
6608,1109,14,2
6609,1109,6,16
6610,1109,24,16
6611,1110,8,10
6612,1110,1,16
6613,1110,10,17
6614,1110,11,22
6615,1110,2,9
6616,1112,12,1
6617,1112,19,16
6618,1112,20,9
6619,1113,14,12
6620,1113,9,3
6621,1113,21,10
6622,1113,10,16
6623,1113,14,5
6624,1113,15,21
6625,1113,2,8
6626,1113,13,4
6627,1113,15,23
6628,1113,6,8
6629,1114,24,12
6630,1114,19,12
6631,1114,16,7
6632,1114,11,17
6633,1114,10,13
6634,1114,8,11
6635,1114,18,8
6636,1114,9,22
6637,1114,22,24
6638,1115,2,15
6639,1115,17,21
6640,1115,14,3
6641,1116,24,17
6642,1116,20,8
6643,1116,22,9
6644,1116,19,22
6645,1116,9,10
6646,1116,17,20
6647,1116,16,1
6648,1116,15,11
6649,1116,4,7
6650,1117,7,9
6651,1117,9,24
6652,1117,22,20
6653,1117,3,12
6654,1117,4,24
6655,1117,11,21
6656,1117,9,10
6657,1117,6,4
6658,1117,10,7
6659,1118,15,0
6660,1118,18,20
6661,1119,21,0
6662,1119,17,4
6663,1119,16,6
6664,1119,6,2
6665,1119,22,4
6666,1119,6,21
6667,1119,13,10
6668,1119,20,4
6669,1120,3,18
6670,1120,15,24
6671,1120,10,14
6672,1120,0,19
6673,1121,7,16
6674,1121,15,0
6675,1121,7,20
6676,1121,22,3
6677,1121,22,24
6678,1121,22,8
6679,1122,5,17
6680,1122,10,19
6681,1122,11,13
6682,1123,0,16
6683,1123,1,12
6684,1123,8,20
6685,1123,16,2
6686,1123,23,19
6687,1123,8,2
6688,1123,14,12
6689,1124,13,15
6690,1124,5,1
6691,1124,23,16
6692,1125,2,16
6693,1125,20,10
6694,1125,15,9
6695,1126,18,6
6696,1126,18,2
6697,1126,20,14
6698,1126,4,14
6699,1126,6,2
6700,1127,7,14
6701,1127,7,24
6702,1127,11,19
6703,1127,20,1
6704,1127,18,3
6705,1127,17,21
6706,1127,5,13
6707,1128,14,10
6708,1128,23,11
6709,1128,12,20
6710,1128,16,6
6711,1128,8,5
6712,1128,14,21
6713,1128,19,12
6714,1128,13,3
6715,1129,24,18
6716,1129,3,24
6717,1129,19,11
6718,1129,18,16
6719,1130,5,22
6720,1130,9,1
6721,1130,14,21
6722,1130,8,11
6723,1131,12,2
6724,1131,20,24
6725,1131,11,15
6726,1131,13,20
6727,1131,1,18
6728,1132,4,17
6729,1132,20,14
6730,1132,11,24
6731,1132,11,0
6732,1132,9,7
6733,1132,19,21
6734,1132,24,2
6735,1132,17,6
6736,1133,12,6
6737,1133,7,0
6738,1133,5,16
6739,1133,13,2
6740,1134,2,19
6741,1134,13,0
6742,1134,8,6
6743,1134,14,20
6744,1134,21,18
6745,1134,23,2
6746,1134,9,15
6747,1134,0,18
6748,1134,10,8
6749,1134,6,9
6750,1134,9,7
6751,1134,3,13
6752,1135,16,8
6753,1135,1,23
6754,1135,19,15
6755,1135,13,10
6756,1135,6,19
6757,1135,11,23
6758,1135,12,3
6759,1136,14,12
6760,1137,3,16
6761,1137,22,16
6762,1137,4,13
6763,1137,0,12
6764,1137,8,11
6765,1137,6,8
6766,1138,3,19
6767,1138,4,14
6768,1138,12,0
6769,1138,12,20
6770,1138,19,11
6771,1139,6,20
6772,1139,3,17
6773,1139,11,15
6774,1139,4,20
6775,1140,3,9
6776,1140,12,22
6777,1140,5,3
6778,1140,1,16
6779,1141,21,10
6780,1141,15,21
6781,1141,22,6
6782,1141,13,3
6783,1141,17,19
6784,1141,1,18
6785,1141,13,10
6786,1142,0,20
6787,1142,9,19
6788,1142,1,5
6789,1142,22,11
6790,1142,13,23
6791,1142,22,8
6792,1142,11,21
6793,1143,2,11
6794,1143,13,1
6795,1143,8,19
6796,1143,13,0
6797,1143,0,15
6798,1143,2,13
6799,1143,21,23
6800,1144,0,19
6801,1144,0,6
6802,1144,7,23
6803,1145,22,13
6804,1145,16,5
6805,1145,16,0
6806,1145,2,6
6807,1145,17,2
6808,1146,11,15
6809,1146,6,17
6810,1146,2,19
6811,1146,6,22
6812,1146,2,8
6813,1146,11,23
6814,1146,19,21
6815,1146,3,7
6816,1147,3,1
6817,1147,2,6
6818,1147,19,11
6819,1147,10,9
6820,1148,14,20
6821,1148,6,19
6822,1148,24,18
6823,1148,22,24
6824,1148,6,12
6825,1149,9,7
6826,1149,16,7
6827,1149,2,11
6828,1149,3,14
6829,1149,3,20
6830,1149,20,0
6831,1149,10,9
6832,1149,17,2
6833,1149,6,19
6834,1150,17,23
6835,1150,21,1
6836,1150,6,16
6837,1150,12,9
6838,1150,24,11
6839,1150,6,13
6840,1151,22,15
6841,1151,5,7
6842,1151,22,10
6843,1152,24,14
6844,1152,12,19
6845,1152,14,4
6846,1152,21,8
6847,1152,20,7
6848,1153,3,16
6849,1153,4,21
6850,1153,22,4
6851,1153,9,6
6852,1153,24,11
6853,1153,17,9
6854,1153,23,5
6855,1153,5,17
6856,1154,1,14
6857,1154,21,19
6858,1154,18,7
6859,1154,5,20
6860,1154,24,13
6861,1154,2,6
6862,1154,17,1
6863,1155,3,15
6864,1155,12,22
6865,1155,4,18
6866,1155,8,1
6867,1155,12,5
6868,1155,21,6
6869,1155,7,20
6870,1155,19,15
6871,1155,16,9
6872,1155,4,1
6873,1156,4,22
6874,1156,24,9
6875,1156,17,9
6876,1156,1,19
6877,1156,4,12
6878,1157,15,13
6879,1157,8,16
6880,1158,3,23
6881,1158,15,9
6882,1158,0,4
6883,1158,22,14
6884,1158,2,12
6885,1159,2,22
6886,1159,1,8
6887,1159,4,24
6888,1159,0,16
6889,1159,15,1
6890,1160,16,2
6891,1160,14,8
6892,1160,17,9
6893,1160,18,4
6894,1161,0,14
6895,1161,22,0
6896,1161,13,11
6897,1161,0,18
6898,1161,7,13
6899,1162,1,19
6900,1162,2,15
6901,1162,1,7
6902,1162,23,3
6903,1162,23,3
6904,1162,1,12
6905,1162,4,8
6906,1162,8,19
6907,1163,3,5
6908,1163,2,12
6909,1163,17,13
6910,1163,10,24
6911,1163,13,6
6912,1163,23,11
6913,1163,13,20
6914,1163,11,24
6915,1163,16,6
6916,1164,22,15
6917,1164,11,24
6918,1164,15,12
6919,1164,16,22
6920,1164,5,9
6921,1164,3,22
6922,1165,13,6
6923,1165,6,0
6924,1165,23,8
6925,1165,5,24
6926,1165,11,18
6927,1165,20,11
6928,1165,1,19
6929,1165,3,21
6930,1165,22,14
6931,1166,16,24
6932,1166,8,24
6933,1166,9,3
6934,1166,11,9
6935,1166,13,15
6936,1166,22,7
6937,1166,6,10
6938,1166,17,19
6939,1166,1,4
6940,1166,24,0
6941,1167,0,18
6942,1167,9,18
6943,1167,2,21
6944,1167,6,23
6945,1167,5,21
6946,1168,6,16
6947,1168,6,2
6948,1168,10,14
6949,1168,21,24
6950,1168,2,10
6951,1168,21,13
6952,1168,24,9
6953,1168,22,10
6954,1169,14,7
6955,1169,5,24
6956,1169,3,18
6957,1169,23,20
6958,1169,13,7
6959,1169,12,15
6960,1170,22,5
6961,1170,8,4
6962,1170,1,18
6963,1170,11,18
6964,1170,4,13
6965,1170,17,15
6966,1170,2,9
6967,1170,22,5
6968,1171,12,1
6969,1171,23,20
6970,1171,7,11
6971,1172,3,21
6972,1172,22,1
6973,1172,6,19
6974,1172,21,3
6975,1172,24,18
6976,1172,12,6
6977,1173,2,11
6978,1173,21,13
6979,1173,8,2
6980,1173,7,14
6981,1173,22,10
6982,1173,14,20
6983,1173,14,12
6984,1174,4,19
6985,1174,16,10
6986,1174,1,4
6987,1174,8,24
6988,1174,24,22
6989,1174,15,11
6990,1175,11,17
6991,1175,15,6
6992,1175,20,7
6993,1175,6,12
6994,1175,19,7
6995,1175,14,17
6996,1176,20,5
6997,1176,10,14
6998,1176,23,21
6999,1176,8,4
7000,1177,16,7
7001,1177,8,23
7002,1177,9,23
7003,1177,18,21
7004,1177,2,12
7005,1177,0,15
7006,1177,10,12
7007,1177,7,24
7008,1177,24,15
7009,1177,15,13
7010,1178,0,7
7011,1178,4,24
7012,1178,11,3
7013,1178,14,11
7014,1178,13,3
7015,1178,10,24
7016,1178,18,3
7017,1178,17,19
7018,1178,16,7
7019,1178,15,2
7020,1179,16,2
7021,1179,10,18
7022,1179,5,11
7023,1179,6,17
7024,1179,4,19
7025,1179,17,13
7026,1179,23,15
7027,1179,3,12
7028,1179,0,14
7029,1180,3,20
7030,1180,7,0
7031,1180,12,1
7032,1180,1,12
7033,1181,21,19
7034,1181,15,17
7035,1181,6,2
7036,1181,6,10
7037,1182,3,20
7038,1182,21,6
7039,1182,9,13
7040,1182,23,13
7041,1183,11,23
7042,1183,4,22
7043,1183,1,10
7044,1183,7,5
7045,1183,24,9
7046,1183,18,11
7047,1184,11,18
7048,1184,2,19
7049,1184,21,19
7050,1184,10,19
7051,1184,14,22
7052,1184,20,2
7053,1184,19,20
7054,1185,12,15
7055,1185,5,11
7056,1185,4,17
7057,1185,11,17
7058,1185,9,7
7059,1185,19,15
7060,1185,23,17
7061,1185,3,14
7062,1185,20,18
7063,1185,22,7
7064,1186,5,4
7065,1186,20,5
7066,1186,18,3
7067,1186,20,23
7068,1186,12,15
7069,1186,23,5
7070,1187,1,8
7071,1187,12,18
7072,1187,20,8
7073,1187,12,5
7074,1187,17,14
7075,1187,9,7
7076,1187,11,9
7077,1187,2,13
7078,1188,11,4
7079,1188,10,17
7080,1188,19,23
7081,1188,10,0
7082,1188,24,5
7083,1189,11,7
7084,1189,11,0
7085,1189,24,12
7086,1189,19,11
7087,1189,24,0
7088,1189,5,24
7089,1189,11,5
7090,1189,19,0
7091,1189,13,5
7092,1189,10,18
7093,1189,4,19
7094,1190,16,3
7095,1190,6,18
7096,1190,23,1
7097,1190,8,4
7098,1190,0,11
7099,1190,22,4
7100,1190,6,13
7101,1190,18,14
7102,1190,14,22
7103,1191,1,24
7104,1191,14,3
7105,1191,22,1
7106,1191,22,3
7107,1192,21,1
7108,1192,11,21
7109,1192,0,10
7110,1193,1,23
7111,1193,5,18
7112,1193,7,15
7113,1193,21,19
7114,1193,10,9
7115,1193,0,19
7116,1193,24,6
7117,1194,12,0
7118,1194,19,7
7119,1194,2,12
7120,1194,10,12
7121,1195,24,12
7122,1195,16,14
7123,1196,13,9
7124,1196,2,11
7125,1196,3,21
7126,1196,19,11
7127,1196,15,11
7128,1196,24,12
7129,1197,9,0
7130,1197,7,22
7131,1197,5,20
7132,1197,11,17
7133,1197,16,12
7134,1198,20,9
7135,1198,18,0
7136,1198,16,1
7137,1198,13,0
7138,1198,18,12
7139,1198,24,17
7140,1198,6,14
7141,1198,9,2
7142,1198,10,6
7143,1198,7,1
7144,1199,18,6
7145,1199,19,20
7146,1199,16,0
7147,1199,21,1
7148,1199,23,3
7149,1199,5,3
7150,1200,9,10
7151,1201,0,13
7152,1201,20,19
7153,1201,3,16
7154,1201,3,0
7155,1202,13,17
7156,1202,5,3
7157,1202,0,2
7158,1202,13,24
7159,1202,7,21
7160,1202,11,22
7161,1203,2,21
7162,1203,21,19
7163,1203,20,9
7164,1203,23,0
7165,1203,0,9
7166,1204,5,19
7167,1204,18,15
7168,1204,23,20
7169,1204,11,14
7170,1204,21,0
7171,1204,2,13
7172,1204,22,6
7173,1204,0,20
7174,1204,7,18
7175,1205,1,14
7176,1205,15,12
7177,1205,3,11
7178,1205,14,22
7179,1205,3,19
7180,1205,6,13
7181,1205,12,15
7182,1205,21,9
7183,1206,15,18
7184,1206,0,14
7185,1206,23,17
7186,1206,11,3
7187,1206,19,20
7188,1206,9,15
7189,1206,22,5
7190,1206,21,8
7191,1207,17,8
7192,1207,8,12
7193,1207,15,4
7194,1207,5,17
7195,1208,14,20
7196,1208,19,20
7197,1208,23,12
7198,1209,13,7
7199,1209,20,2
7200,1209,19,6
7201,1209,18,14
7202,1210,12,3
7203,1210,7,20
7204,1210,3,24
7205,1210,16,2
7206,1210,20,19
7207,1211,5,8
7208,1211,19,11
7209,1211,2,17
7210,1211,18,8
7211,1212,10,3
7212,1212,14,24
7213,1212,17,15
7214,1212,5,20
7215,1212,1,12
7216,1212,11,4
7217,1213,21,7
7218,1213,10,6
7219,1213,4,16
7220,1213,16,12
7221,1213,1,9
7222,1213,23,11
7223,1214,6,13
7224,1214,8,10
7225,1214,9,1
7226,1214,3,10
7227,1215,9,10
7228,1215,13,7
7229,1215,14,24
7230,1215,16,5
7231,1215,1,19
7232,1215,3,24
7233,1215,0,17
7234,1215,14,20
7235,1215,17,13
7236,1215,22,4
7237,1215,12,15
7238,1216,21,13
7239,1216,10,14
7240,1216,24,8
7241,1216,24,1
7242,1216,3,9
7243,1216,0,18
7244,1216,0,6
7245,1217,15,8
7246,1217,24,7
7247,1217,5,21
7248,1217,9,0
7249,1217,10,9
7250,1218,13,0
7251,1218,10,4
7252,1218,23,10
7253,1218,7,1
7254,1218,10,3
7255,1219,10,9
7256,1219,17,20
7257,1219,17,5
7258,1219,9,23
7259,1219,2,10
7260,1219,6,3
7261,1219,15,9
7262,1220,15,18
7263,1220,15,9
7264,1220,2,5
7265,1220,2,24
7266,1220,14,22
7267,1221,5,21
7268,1221,11,23
7269,1221,21,11
7270,1221,0,10
7271,1221,6,17
7272,1222,16,13
7273,1222,17,15
7274,1222,18,7
7275,1222,20,5
7276,1222,1,4
7277,1222,24,2
7278,1222,20,13
7279,1222,4,15
7280,1223,12,14
7281,1223,15,7
7282,1223,23,6
7283,1224,11,21
7284,1224,7,17
7285,1224,14,2
7286,1224,18,24
7287,1225,20,17
7288,1225,0,23
7289,1225,2,14
7290,1225,8,11
7291,1225,17,8
7292,1225,7,0
7293,1226,24,7
7294,1226,8,12
7295,1226,7,17
7296,1227,2,23
7297,1227,8,22
7298,1227,12,5
7299,1227,12,2
7300,1227,11,24
7301,1227,8,11
7302,1228,15,13
7303,1228,17,3
7304,1228,15,24
7305,1228,7,9
7306,1228,23,11
7307,1228,22,2
7308,1229,13,3
7309,1229,5,3
7310,1229,19,13
7311,1230,15,9
7312,1230,24,15
7313,1230,23,12
7314,1231,17,24
7315,1231,18,1
7316,1231,11,7
7317,1231,22,5
7318,1231,14,20
7319,1231,16,2
7320,1231,12,3
7321,1232,16,14
7322,1232,20,10
7323,1232,23,21
7324,1232,16,4
7325,1232,23,1
7326,1232,21,11
7327,1233,17,1
7328,1233,2,8
7329,1233,19,4
7330,1233,7,13
7331,1233,3,9
7332,1233,1,19
7333,1234,21,15
7334,1234,3,18
7335,1234,11,0
7336,1234,24,12
7337,1234,17,14
7338,1234,3,5
7339,1234,19,20
7340,1235,24,1
7341,1235,1,16
7342,1235,14,6
7343,1235,20,10
7344,1235,18,8
7345,1235,17,11
7346,1235,8,19
7347,1235,2,8
7348,1236,4,22
7349,1236,14,4
7350,1236,19,2
7351,1236,13,17
7352,1236,14,7
7353,1236,17,21
7354,1237,21,3
7355,1237,13,20
7356,1237,9,20
7357,1237,10,19
7358,1237,19,22
7359,1237,24,4
7360,1237,23,2
7361,1238,5,8
7362,1238,19,8
7363,1238,2,6
7364,1238,17,20
7365,1238,7,10
7366,1238,7,1
7367,1239,13,3
7368,1239,7,3
7369,1239,7,21
7370,1239,18,8
7371,1239,19,5
7372,1239,13,11
7373,1240,20,3
7374,1240,23,14
7375,1240,13,9
7376,1240,17,9
7377,1240,22,14
7378,1240,9,20
7379,1240,17,9
7380,1241,23,17
7381,1241,24,8
7382,1241,18,22
7383,1241,5,21
7384,1242,0,12
7385,1242,17,11
7386,1242,22,9
7387,1242,18,22
7388,1242,14,7
7389,1243,24,16
7390,1243,5,15
7391,1243,17,3
7392,1243,0,18
7393,1243,0,21
7394,1243,8,15
7395,1244,18,20
7396,1244,13,7
7397,1244,11,5
7398,1244,5,2
7399,1244,9,24
7400,1244,3,22
7401,1244,8,1
7402,1244,16,4
7403,1244,19,12
7404,1244,7,13
7405,1245,1,23
7406,1245,3,12
7407,1245,7,13
7408,1245,1,5
7409,1246,5,19
7410,1246,6,15
7411,1246,1,16
7412,1246,19,17
7413,1246,17,20
7414,1246,20,17
7415,1246,4,7
7416,1246,24,0
7417,1247,9,1
7418,1247,8,0
7419,1247,1,4
7420,1247,17,4
7421,1247,8,14
7422,1247,1,19
7423,1247,2,5
7424,1247,12,6
7425,1248,24,7
7426,1248,16,3
7427,1248,3,7
7428,1249,9,3
7429,1249,16,12
7430,1249,10,4
7431,1249,21,0
7432,1249,0,12
7433,1249,22,8
7434,1249,4,7
7435,1249,5,8
7436,1249,8,20
7437,1249,1,8
7438,1250,8,4
7439,1250,14,20
7440,1250,18,9
7441,1250,12,4
7442,1250,0,6
7443,1250,12,4
7444,1250,11,7
7445,1251,0,17
7446,1251,4,19
7447,1252,21,11
7448,1252,15,11
7449,1252,18,20
7450,1252,22,13
7451,1252,5,2
7452,1252,17,6
7453,1252,23,3
7454,1252,10,12
7455,1253,19,22
7456,1253,10,6
7457,1253,5,3
7458,1254,11,14
7459,1254,13,0
7460,1255,17,24
7461,1255,9,23
7462,1255,4,20
7463,1255,21,18
7464,1255,11,2
7465,1256,10,4
7466,1256,7,18
7467,1256,1,23
7468,1256,11,13
7469,1256,11,21
7470,1256,9,7
7471,1257,22,7
7472,1257,17,0
7473,1257,2,20
7474,1257,20,8
7475,1257,18,24
7476,1258,1,11
7477,1258,0,13
7478,1258,3,18
7479,1258,20,10
7480,1258,15,2
7481,1258,4,10
7482,1258,3,1
7483,1259,6,18
7484,1259,3,24
7485,1259,19,16
7486,1260,22,16
7487,1260,0,8
7488,1260,7,22
7489,1260,1,9
7490,1261,22,1
7491,1261,18,14
7492,1261,2,8
7493,1261,23,6
7494,1262,1,19
7495,1262,14,11
7496,1262,1,3
7497,1262,16,5
7498,1263,7,18
7499,1263,11,5
7500,1263,17,23
7501,1263,0,4
7502,1263,7,13
7503,1263,3,17
7504,1263,15,9
7505,1263,14,18
7506,1264,23,21
7507,1264,12,24
7508,1264,16,24
7509,1264,6,10
7510,1265,21,24
7511,1265,24,17
7512,1265,14,6
7513,1265,24,18
7514,1266,4,14
7515,1266,7,15
7516,1266,22,12
7517,1266,16,7
7518,1266,13,20
7519,1266,15,5
7520,1267,7,10
7521,1267,6,14
7522,1267,22,15
7523,1267,14,8
7524,1267,4,16
7525,1268,6,13
7526,1268,1,17
7527,1268,20,2
7528,1268,18,0
7529,1269,18,9
7530,1269,18,14
7531,1269,8,1
7532,1269,13,23
7533,1269,14,8
7534,1270,7,23
7535,1270,6,13
7536,1270,22,10
7537,1270,3,5
7538,1270,20,17
7539,1271,2,17
7540,1271,15,2
7541,1271,13,21
7542,1272,4,12
7543,1272,19,13
7544,1272,10,14
7545,1272,7,10
7546,1272,15,2
7547,1272,22,7
7548,1272,12,9
7549,1273,20,23
7550,1273,16,18
7551,1273,14,12
7552,1273,17,3
7553,1273,3,18
7554,1273,2,14
7555,1273,9,16
7556,1274,0,6
7557,1274,18,22
7558,1274,20,6
7559,1274,2,14
7560,1274,9,23
7561,1274,19,6
7562,1274,9,5
7563,1274,21,15
7564,1274,0,21
7565,1275,8,23
7566,1275,19,2
7567,1275,24,7
7568,1275,23,17
7569,1275,20,4
7570,1276,23,11
7571,1276,2,23
7572,1276,20,11
7573,1276,17,1
7574,1277,2,9
7575,1277,18,10
7576,1277,20,0
7577,1277,19,2
7578,1278,0,18
7579,1278,19,10
7580,1278,21,18
7581,1278,15,5
7582,1278,2,10
7583,1278,0,14
7584,1278,3,9
7585,1279,9,21
7586,1279,18,14
7587,1279,13,21
7588,1279,18,21
7589,1279,15,9
7590,1279,11,20
7591,1279,11,24
7592,1279,1,11
7593,1280,3,1
7594,1280,13,2
7595,1280,10,2
7596,1280,5,16
7597,1280,0,7
7598,1280,3,18
7599,1280,13,24
7600,1281,3,23
7601,1281,16,23
7602,1281,14,18
7603,1281,10,7
7604,1282,15,14
7605,1282,10,7
7606,1282,3,20
7607,1282,21,7
7608,1282,22,15
7609,1282,12,24
7610,1282,5,20
7611,1282,13,10
7612,1283,4,14
7613,1283,21,19
7614,1283,21,23
7615,1283,24,12
7616,1283,14,7
7617,1283,23,1
7618,1283,14,22
7619,1283,10,7
7620,1283,6,13
7621,1283,15,12
7622,1284,15,23
7623,1284,22,2
7624,1284,9,18
7625,1284,22,20
7626,1284,16,3
7627,1284,20,22
7628,1284,9,15
7629,1284,12,5
7630,1284,17,10
7631,1285,2,14
7632,1285,11,4
7633,1285,9,0
7634,1285,8,4
7635,1285,12,22
7636,1286,23,10
7637,1286,12,9
7638,1286,0,4
7639,1286,5,20
7640,1286,8,20
7641,1286,16,1
7642,1286,10,4
7643,1286,2,9
7644,1286,12,21
7645,1286,16,7
7646,1287,0,15
7647,1287,5,1
7648,1287,23,15
7649,1287,2,24
7650,1287,18,5
7651,1287,23,20
7652,1287,12,16
7653,1287,13,7
7654,1288,23,11
7655,1288,18,6
7656,1288,20,7
7657,1288,4,5
7658,1288,3,11
7659,1289,19,5
7660,1289,0,20
7661,1289,10,3
7662,1289,3,16
7663,1290,10,2
7664,1290,7,16
7665,1290,17,9
7666,1290,7,3
7667,1290,15,0
7668,1291,4,2
7669,1291,10,13
7670,1291,18,20
7671,1291,2,20
7672,1291,8,24
7673,1291,22,13
7674,1291,12,8
7675,1291,11,8
7676,1292,16,10
7677,1292,1,14
7678,1292,10,20
7679,1292,17,11
7680,1292,24,3
7681,1292,20,14
7682,1292,11,5
7683,1293,4,5
7684,1293,8,11
7685,1293,14,5
7686,1294,18,22
7687,1294,12,21
7688,1294,16,2
7689,1294,6,12
7690,1295,13,21
7691,1295,5,21
7692,1295,15,0
7693,1295,18,15
7694,1295,24,3
7695,1295,3,24
7696,1296,1,13
7697,1296,14,18
7698,1296,7,16
7699,1296,16,8
7700,1296,9,24
7701,1297,4,22
7702,1297,22,6
7703,1297,18,9
7704,1298,0,4
7705,1298,0,15
7706,1298,7,22
7707,1298,10,2
7708,1298,15,0
7709,1299,8,5
7710,1299,14,24
7711,1299,24,3
7712,1299,10,20
7713,1299,7,0
7714,1300,24,22
7715,1300,5,13
7716,1300,20,12
7717,1300,16,13
7718,1300,3,9
7719,1300,3,12
7720,1300,2,24
7721,1301,2,13
7722,1301,4,21
7723,1301,9,24
7724,1301,5,23
7725,1302,11,5
7726,1302,5,17
7727,1302,15,8
7728,1302,20,13
7729,1302,15,6
7730,1303,2,24
7731,1303,16,13
7732,1304,13,16
7733,1304,8,18
7734,1305,0,20
7735,1305,4,13
7736,1305,16,8
7737,1305,7,23
7738,1305,20,11
7739,1305,5,12
7740,1305,1,12
7741,1305,0,16
7742,1305,20,11
7743,1305,5,15
7744,1306,3,15
7745,1306,8,17
7746,1306,12,3
7747,1306,24,2
7748,1306,7,20
7749,1307,1,9
7750,1307,23,15
7751,1307,9,19
7752,1308,5,15
7753,1308,22,12
7754,1308,4,20
7755,1308,11,18
7756,1308,4,5
7757,1309,22,3
7758,1309,10,7
7759,1309,3,16
7760,1309,21,7
7761,1309,15,2
7762,1310,16,0
7763,1310,15,9
7764,1310,20,16
7765,1310,24,18
7766,1310,2,6
7767,1310,15,2
7768,1310,11,8
7769,1310,23,8
7770,1310,20,18
7771,1311,4,2
7772,1311,7,14
7773,1311,3,1
7774,1312,10,19
7775,1312,13,15
7776,1312,16,4
7777,1313,18,0
7778,1313,4,6
7779,1313,1,3
7780,1313,22,11
7781,1313,19,16
7782,1313,6,8
7783,1314,13,7
7784,1314,2,21
7785,1314,1,22
7786,1314,17,23
7787,1315,5,11
7788,1315,24,13
7789,1315,17,19
7790,1315,2,23
7791,1316,6,20
7792,1316,13,21
7793,1316,7,14
7794,1316,11,1
7795,1316,1,19
7796,1316,10,2
7797,1316,15,14
7798,1316,20,6
7799,1317,15,23
7800,1317,3,14
7801,1317,20,16
7802,1318,12,3
7803,1318,5,22
7804,1318,3,17
7805,1319,20,16
7806,1319,15,18
7807,1319,12,9
7808,1319,9,1
7809,1319,17,21
7810,1319,12,5
7811,1319,22,6
7812,1319,10,14
7813,1319,24,5
7814,1319,17,23
7815,1319,0,23
7816,1319,10,2
7817,1319,3,17
7818,1320,3,22
7819,1320,14,18
7820,1320,19,15
7821,1321,16,3
7822,1321,10,4
7823,1321,2,24
7824,1321,17,21
7825,1321,7,14
7826,1321,1,20
7827,1321,6,22
7828,1322,4,23
7829,1322,8,10
7830,1322,1,22
7831,1322,6,16
7832,1322,10,21
7833,1322,3,16
7834,1322,1,19
7835,1322,23,5
7836,1322,22,11
7837,1323,24,21
7838,1323,10,7
7839,1323,24,10
7840,1323,2,9
7841,1323,22,2
7842,1323,19,23
7843,1323,2,19
7844,1324,8,12
7845,1324,21,7
7846,1324,11,14
7847,1324,9,3
7848,1324,1,7
7849,1325,20,10
7850,1325,17,15
7851,1325,6,15
7852,1325,15,23
7853,1325,17,6
7854,1325,22,9
7855,1326,17,7
7856,1326,11,19
7857,1326,10,14
7858,1326,10,19
7859,1326,1,17
7860,1326,20,10
7861,1326,14,0
7862,1327,5,2
7863,1327,20,23
7864,1327,11,17
7865,1327,5,4
7866,1327,23,4
7867,1327,17,23
7868,1327,23,3
7869,1327,19,21
7870,1327,18,4
7871,1328,18,2
7872,1328,11,18
7873,1328,0,8
7874,1328,15,3
7875,1328,1,15
7876,1329,19,7
7877,1329,14,21
7878,1329,19,23
7879,1329,13,7
7880,1329,4,2
7881,1329,23,20
7882,1330,4,1
7883,1330,19,0
7884,1330,12,5
7885,1330,1,23
7886,1331,21,4
7887,1331,18,20
7888,1332,6,14
7889,1332,24,21
7890,1332,20,6
7891,1332,21,13
7892,1333,16,10
7893,1333,22,19
7894,1333,19,2
7895,1334,5,11
7896,1334,13,6
7897,1334,17,6
7898,1334,9,12
7899,1334,12,5
7900,1334,16,19
7901,1335,4,1
7902,1335,7,15
7903,1335,12,10
7904,1335,1,14
7905,1335,4,15
7906,1335,17,7
7907,1336,10,8
7908,1336,13,17
7909,1336,9,6
7910,1336,20,7
7911,1337,1,15
7912,1337,1,24
7913,1337,21,8
7914,1337,14,17
7915,1338,4,0
7916,1338,18,7
7917,1338,0,4
7918,1338,24,12
7919,1339,14,2
7920,1339,1,5
7921,1339,16,0
7922,1340,16,14
7923,1340,5,23
7924,1341,21,17
7925,1341,6,17
7926,1341,16,4
7927,1341,21,18
7928,1341,21,15
7929,1341,15,1
7930,1342,12,5
7931,1342,18,22
7932,1342,3,11
7933,1342,7,11
7934,1342,8,4
7935,1343,17,1
7936,1343,18,3
7937,1343,18,9
7938,1343,23,9
7939,1344,5,8
7940,1344,3,7
7941,1344,23,10
7942,1344,7,13
7943,1344,19,3
7944,1344,16,6
7945,1344,5,4
7946,1345,20,1
7947,1345,21,18
7948,1345,13,1
7949,1345,10,1
7950,1345,8,24
7951,1346,22,7
7952,1346,17,2
7953,1346,2,17
7954,1346,10,21
7955,1346,22,3
7956,1346,4,22
7957,1346,0,20
7958,1347,15,22
7959,1347,6,22
7960,1347,10,1
7961,1347,8,1
7962,1347,20,5
7963,1347,13,0
7964,1347,3,0
7965,1347,16,20
7966,1347,16,20
7967,1347,21,2
7968,1348,14,23
7969,1348,18,14
7970,1348,6,0
7971,1348,3,24
7972,1348,4,10
7973,1348,12,0
7974,1348,19,11
7975,1349,17,11
7976,1349,3,23
7977,1349,21,6
7978,1349,21,15
7979,1349,11,17
7980,1349,12,0
7981,1350,17,20
7982,1350,7,22
7983,1350,15,22
7984,1350,9,11
7985,1351,14,1
7986,1351,20,24
7987,1352,12,19
7988,1352,16,22
7989,1352,9,7
7990,1352,9,17
7991,1352,4,17
7992,1352,24,14
7993,1352,23,13
7994,1353,8,11
7995,1353,19,23
7996,1353,14,22
7997,1353,6,2
7998,1353,15,13
7999,1354,9,18
8000,1354,7,23
8001,1354,0,18
8002,1355,6,20
8003,1355,24,1
8004,1355,1,7
8005,1355,4,13
8006,1355,19,1
8007,1355,21,15
8008,1355,21,11
8009,1356,24,0
8010,1356,23,4
8011,1356,12,6
8012,1356,12,15
8013,1356,1,22
8014,1357,5,2
8015,1357,19,15
8016,1357,20,8
8017,1357,4,2
8018,1357,8,22
8019,1357,21,15
8020,1357,2,15
8021,1357,13,1
8022,1357,24,1
8023,1357,14,7
8024,1357,14,5
8025,1358,12,10
8026,1358,15,18
8027,1358,19,10
8028,1358,10,19
8029,1358,13,0
8030,1358,4,20
8031,1359,20,5
8032,1359,2,6
8033,1359,18,3
8034,1359,7,18
8035,1359,0,8
8036,1359,20,8
8037,1360,13,4
8038,1360,8,2
8039,1360,2,11
8040,1360,11,14
8041,1361,14,5
8042,1361,6,17
8043,1362,1,22
8044,1362,17,13
8045,1363,19,22
8046,1363,17,8
8047,1363,1,3
8048,1363,18,16
8049,1363,3,13
8050,1363,16,2
8051,1364,12,4
8052,1364,8,19
8053,1364,0,7
8054,1364,3,13
8055,1364,4,8
8056,1364,18,6
8057,1364,24,14
8058,1364,24,22
8059,1364,1,11
8060,1365,9,1
8061,1365,5,24
8062,1366,1,23
8063,1366,23,11
8064,1366,14,24
8065,1366,23,1
8066,1366,18,8
8067,1366,11,20
8068,1367,7,22
8069,1367,15,5
8070,1367,9,23
8071,1367,17,21
8072,1367,9,15
8073,1367,12,10
8074,1367,5,24
8075,1367,21,4
8076,1368,8,10
8077,1368,18,8
8078,1368,11,5
8079,1368,0,20
8080,1369,5,23
8081,1369,5,20
8082,1369,23,0
8083,1369,10,3
8084,1369,11,8
8085,1369,3,14
8086,1369,8,19
8087,1370,0,18
8088,1370,12,18
8089,1370,15,18
8090,1370,3,18
8091,1371,22,5
8092,1371,16,6
8093,1371,6,20
8094,1371,6,9
8095,1371,12,1
8096,1372,22,5
8097,1373,9,20
8098,1373,20,1
8099,1373,4,1
8100,1373,8,2
8101,1373,22,1
8102,1374,22,6
8103,1374,6,22
8104,1374,8,21
8105,1374,13,20
8106,1374,12,4
8107,1374,12,15
8108,1374,13,20
8109,1374,14,6
8110,1374,20,6
8111,1374,21,0
8112,1375,9,16
8113,1375,7,9
8114,1375,2,22
8115,1375,13,21
8116,1375,7,11
8117,1375,11,2
8118,1375,10,23
8119,1376,9,23
8120,1376,15,6
8121,1377,22,18
8122,1377,24,17
8123,1377,11,8
8124,1377,24,12
8125,1377,22,1
8126,1378,20,0
8127,1378,20,6
8128,1378,5,24
8129,1378,17,15
8130,1378,18,3
8131,1379,24,20
8132,1379,10,7
8133,1379,2,13
8134,1379,4,11
8135,1380,4,8
8136,1380,21,4
8137,1380,11,15
8138,1380,9,19
8139,1380,3,22
8140,1380,7,19
8141,1380,13,10
8142,1380,4,13
8143,1381,24,4
8144,1381,22,5
8145,1381,18,15
8146,1381,0,12
8147,1381,15,14
8148,1381,8,22
8149,1382,17,8
8150,1382,1,13
8151,1382,11,13
8152,1382,6,19
8153,1383,7,0
8154,1383,21,0
8155,1384,21,6
8156,1384,23,9
8157,1384,24,3
8158,1384,21,5
8159,1384,10,3
8160,1384,19,1
8161,1384,5,16
8162,1385,1,3
8163,1385,9,18
8164,1386,13,5
8165,1386,12,21
8166,1386,8,24
8167,1386,2,11
8168,1387,0,20
8169,1387,16,6
8170,1387,6,21
8171,1387,19,9
8172,1387,20,6
8173,1387,2,19
8174,1387,3,22
8175,1387,21,15
8176,1387,17,8
8177,1387,0,11
8178,1388,15,14
8179,1388,9,6
8180,1388,17,1
8181,1388,15,4
8182,1388,23,13
8183,1388,4,17
8184,1388,5,7
8185,1388,4,12
8186,1389,16,0
8187,1389,17,24
8188,1389,16,7
8189,1389,19,15
8190,1389,21,3
8191,1389,15,9
8192,1389,9,19
8193,1389,14,16
8194,1389,24,14
8195,1389,21,23
8196,1390,20,7
8197,1390,1,21
8198,1390,16,9
8199,1390,10,0
8200,1390,20,5
8201,1390,23,5
8202,1390,3,9
8203,1390,21,3
8204,1390,23,7
8205,1390,20,2
8206,1391,10,16
8207,1391,3,13
8208,1391,4,11
8209,1391,7,3
8210,1391,5,8
8211,1392,2,9
8212,1392,15,21
8213,1392,7,22
8214,1392,15,1
8215,1392,23,13
8216,1392,8,16
8217,1393,21,3
8218,1393,4,20
8219,1393,19,2
8220,1394,16,12
8221,1394,12,0
8222,1394,24,22
8223,1394,17,20
8224,1394,10,16
8225,1394,18,12
8226,1394,21,24
8227,1395,16,4
8228,1395,0,9
8229,1396,5,16
8230,1396,14,20
8231,1396,1,13
8232,1396,3,17
8233,1396,19,13
8234,1396,4,20
8235,1397,22,20
8236,1397,23,19
8237,1397,7,24
8238,1398,9,24
8239,1398,1,20
8240,1398,18,7
8241,1398,17,2
8242,1398,2,0
8243,1399,5,14
8244,1399,12,2
8245,1399,20,11
8246,1399,1,7
8247,1399,24,18
8248,1400,2,12
8249,1400,9,2
8250,1400,14,21
8251,1400,14,17
8252,1400,8,6
8253,1400,1,17
8254,1401,9,12
8255,1401,9,20
8256,1401,1,11
8257,1402,8,10
8258,1402,6,24
8259,1402,24,2
8260,1402,12,24
8261,1402,3,0
8262,1402,0,19
8263,1402,1,23
8264,1403,0,18
8265,1403,23,17
8266,1403,16,14
8267,1403,20,24
8268,1403,2,14
8269,1403,18,21
8270,1404,8,19
8271,1404,3,23
8272,1404,10,13
8273,1404,21,15
8274,1404,16,18
8275,1404,5,7
8276,1404,23,5
8277,1404,6,24
8278,1404,16,19
8279,1405,24,7
8280,1405,0,21
8281,1405,15,22
8282,1405,11,13
8283,1405,17,11
8284,1405,5,15
8285,1405,21,12
8286,1406,15,1
8287,1406,13,15
8288,1406,19,10
8289,1406,16,8
8290,1406,21,24
8291,1406,9,2
8292,1406,3,20
8293,1407,10,14
8294,1407,16,2
8295,1407,20,19
8296,1407,1,21
8297,1407,8,6
8298,1407,14,7
8299,1407,5,3
8300,1407,4,17
8301,1408,24,4
8302,1408,11,20
8303,1408,18,2
8304,1408,20,17
8305,1409,4,13
8306,1409,10,7
8307,1409,24,15
8308,1409,24,5
8309,1409,16,24
8310,1410,8,1
8311,1410,4,13
8312,1410,3,11
8313,1410,10,20
8314,1410,23,0
8315,1410,7,1
8316,1411,6,15
8317,1411,12,18
8318,1411,20,12
8319,1412,22,9
8320,1412,4,11
8321,1412,23,21
8322,1412,23,9
8323,1412,15,11
8324,1413,18,3
8325,1413,0,15
8326,1413,1,12
8327,1413,20,1
8328,1413,1,20
8329,1413,9,11
8330,1413,20,16
8331,1414,17,6
8332,1414,14,15
8333,1415,8,20
8334,1415,6,19
8335,1416,23,4
8336,1416,0,8
8337,1416,23,6
8338,1416,13,1
8339,1416,6,22
8340,1416,14,21
8341,1416,17,14
8342,1416,2,4
8343,1416,21,1
8344,1417,3,20
8345,1417,0,23
8346,1417,16,22
8347,1417,2,9
8348,1417,11,19
8349,1418,12,16
8350,1418,21,15
8351,1418,7,15
8352,1418,19,2
8353,1418,18,7
8354,1418,19,2
8355,1419,16,4
8356,1419,5,4
8357,1419,5,20
8358,1419,20,7
8359,1419,0,11
8360,1420,3,18
8361,1420,19,5
8362,1420,19,3
8363,1420,24,20
8364,1420,2,17
8365,1420,19,20
8366,1420,1,7
8367,1421,14,10
8368,1421,4,7
8369,1421,8,17
8370,1421,13,9
8371,1422,23,2
8372,1422,15,22
8373,1422,10,22
8374,1422,12,9
8375,1422,16,22
8376,1422,10,18
8377,1422,14,0
8378,1422,24,6
8379,1422,3,16
8380,1423,7,3
8381,1423,16,24
8382,1423,6,0
8383,1423,4,8
8384,1423,14,24
8385,1423,20,10
8386,1424,2,5
8387,1424,19,0
8388,1424,0,21
8389,1424,11,19
8390,1424,1,23
8391,1425,4,21
8392,1425,12,14
8393,1425,1,14
8394,1426,12,19
8395,1426,23,1
8396,1426,5,12
8397,1426,20,16
8398,1426,12,4
8399,1426,22,11
8400,1426,1,7
8401,1426,23,15
8402,1426,23,1
8403,1427,4,24
8404,1427,0,23
8405,1427,2,12
8406,1427,19,9
8407,1428,16,12
8408,1428,10,8
8409,1428,0,20
8410,1429,4,1
8411,1429,4,18
8412,1429,14,11
8413,1429,17,24
8414,1429,13,23
8415,1429,1,14
8416,1430,10,20
8417,1430,5,8
8418,1430,7,14
8419,1430,2,24
8420,1431,10,3
8421,1431,15,19
8422,1431,6,3
8423,1432,14,21
8424,1432,13,4
8425,1432,14,12
8426,1432,11,21
8427,1433,0,7
8428,1433,20,9
8429,1433,4,0
8430,1433,3,22
8431,1434,14,20
8432,1434,7,4
8433,1434,13,17
8434,1434,10,7
8435,1434,8,6
8436,1434,19,4
8437,1435,10,4
8438,1435,6,12
8439,1435,17,6
8440,1435,22,9
8441,1436,10,22
8442,1437,4,10
8443,1437,3,23
8444,1437,16,2
8445,1437,2,16
8446,1437,18,8
8447,1437,4,5
8448,1437,17,11
8449,1437,24,6
8450,1438,6,21
8451,1438,13,1
8452,1438,16,23
8453,1438,13,19
8454,1438,23,2
8455,1438,1,20
8456,1439,20,10
8457,1439,19,23
8458,1439,23,7
8459,1439,18,6
8460,1439,7,17
8461,1439,20,10
8462,1439,13,23
8463,1439,22,7
8464,1440,24,13
8465,1440,7,18
8466,1440,6,13
8467,1440,1,13
8468,1440,9,21
8469,1440,10,24
8470,1440,1,4
8471,1441,16,4
8472,1441,6,17
8473,1441,5,18
8474,1441,10,12
8475,1441,6,18
8476,1441,10,17
8477,1442,6,4
8478,1442,1,17
8479,1442,11,1
8480,1442,10,24
8481,1442,14,15
8482,1442,2,9
8483,1442,8,12
8484,1442,21,1
8485,1443,1,24
8486,1443,17,19
8487,1443,15,9
8488,1443,0,2
8489,1443,7,17
8490,1443,21,9
8491,1443,9,19
8492,1443,6,24
8493,1443,24,17
8494,1444,22,16
8495,1444,13,20
8496,1444,9,20
8497,1444,17,14
8498,1445,20,1
8499,1445,18,6
8500,1445,24,7
8501,1445,20,1
8502,1445,19,10
8503,1446,15,2
8504,1446,21,10
8505,1447,9,2
8506,1447,10,0
8507,1447,16,0
8508,1447,24,16
8509,1448,13,19
8510,1448,22,3
8511,1448,1,12
8512,1448,9,17
8513,1448,21,4
8514,1448,2,10
8515,1448,5,15
8516,1448,9,10
8517,1448,22,9
8518,1449,23,11
8519,1449,0,4
8520,1449,24,18
8521,1449,4,24
8522,1449,5,22
8523,1449,4,6
8524,1449,18,16
8525,1450,7,16
8526,1450,3,15
8527,1450,22,5
8528,1450,10,12
8529,1450,8,0
8530,1451,15,9
8531,1451,20,7
8532,1451,11,5
8533,1451,22,10
8534,1451,0,22
8535,1451,2,6
8536,1451,5,20
8537,1452,20,11
8538,1452,17,11
8539,1452,9,3
8540,1452,3,22
8541,1452,1,16
8542,1452,18,15
8543,1452,12,8
8544,1453,0,22
8545,1453,20,5
8546,1454,23,21
8547,1454,4,11
8548,1455,5,4
8549,1455,20,22
8550,1455,16,0
8551,1455,7,5
8552,1456,24,21
8553,1456,16,5
8554,1456,9,21
8555,1457,0,11
8556,1457,9,7
8557,1457,19,12
8558,1457,11,24
8559,1457,14,21
8560,1457,10,3
8561,1457,10,2
8562,1458,2,16
8563,1459,12,20
8564,1459,18,0
8565,1459,24,2
8566,1459,8,17
8567,1459,24,9
8568,1460,19,4
8569,1460,8,21
8570,1460,20,12
8571,1460,15,1
8572,1460,9,16
8573,1460,23,19
8574,1460,16,20
8575,1461,0,3
8576,1461,18,10
8577,1461,22,7
8578,1461,12,16
8579,1461,19,3
8580,1461,4,15
8581,1462,4,23
8582,1462,15,19
8583,1462,7,20
8584,1462,4,14
8585,1462,21,9
8586,1462,4,20
8587,1462,15,14
8588,1463,18,9
8589,1463,24,15
8590,1463,11,5
8591,1464,23,20
8592,1464,1,13
8593,1465,17,23
8594,1465,23,9
8595,1465,16,13
8596,1465,18,2
8597,1465,15,9
8598,1465,23,14
8599,1465,20,4
8600,1466,1,14
8601,1466,7,11
8602,1466,13,19
8603,1466,6,9
8604,1467,10,0
8605,1467,17,4
8606,1467,23,2
8607,1467,23,0
8608,1467,15,18
8609,1468,20,11
8610,1468,8,1
8611,1468,11,14
8612,1468,22,13
8613,1469,22,2
8614,1469,9,13
8615,1469,18,7
8616,1469,17,7
8617,1470,24,16
8618,1470,19,8
8619,1470,7,9
8620,1470,7,19
8621,1471,11,1
8622,1471,2,20
8623,1471,16,5
8624,1471,9,22
8625,1471,12,0
8626,1472,5,18
8627,1472,10,14
8628,1472,4,22
8629,1472,11,1
8630,1472,22,13
8631,1472,22,8
8632,1472,6,18
8633,1472,21,12
8634,1473,18,0
8635,1473,6,0
8636,1473,2,23
8637,1473,4,15
8638,1473,5,8
8639,1473,12,22
8640,1474,9,1
8641,1474,13,2
8642,1474,12,14
8643,1474,7,18
8644,1474,12,19
8645,1474,20,22
8646,1474,24,21
8647,1475,20,5
8648,1475,11,3
8649,1475,4,16
8650,1475,11,23
8651,1475,14,20
8652,1475,19,4
8653,1475,7,9
8654,1476,10,23
8655,1476,4,22
8656,1476,1,11
8657,1476,20,7
8658,1476,20,3
8659,1477,4,10
8660,1477,13,15
8661,1477,6,10
8662,1477,16,9
8663,1477,3,23
8664,1477,15,0
8665,1478,14,8
8666,1478,3,22
8667,1478,19,6
8668,1478,24,10
8669,1478,13,19
8670,1478,5,14
8671,1478,8,19
8672,1478,17,6
8673,1479,17,0
8674,1479,20,13
8675,1479,18,5
8676,1479,11,15
8677,1480,19,4
8678,1480,0,4
8679,1480,1,9
8680,1480,16,9
8681,1481,24,14
8682,1481,0,9
8683,1481,10,24
8684,1481,2,20
8685,1481,0,15
8686,1482,14,21
8687,1482,4,24
8688,1482,5,13
8689,1482,13,19
8690,1482,12,21
8691,1483,11,2
8692,1483,21,7
8693,1483,23,12
8694,1483,24,8
8695,1483,0,16
8696,1483,5,21
8697,1483,2,17
8698,1483,3,18
8699,1484,6,4
8700,1484,16,24
8701,1484,3,21
8702,1484,2,16
8703,1485,11,22
8704,1485,13,7
8705,1485,16,20
8706,1485,8,2
8707,1485,18,1
8708,1485,20,24
8709,1485,23,21
8710,1485,5,8
8711,1485,16,9
8712,1486,18,6
8713,1486,5,4
8714,1486,6,23
8715,1486,21,5
8716,1486,16,14
8717,1486,18,12
8718,1486,20,6
8719,1486,6,20
8720,1486,7,4
8721,1486,12,2
8722,1486,17,8
8723,1486,17,24
8724,1487,17,11
8725,1487,21,13
8726,1487,15,13
8727,1487,20,9
8728,1487,10,1
8729,1487,14,22
8730,1487,7,9
8731,1487,9,5
8732,1487,3,24
8733,1487,16,13
8734,1487,1,20
8735,1488,18,20
8736,1488,16,6
8737,1488,1,21
8738,1488,14,1
8739,1488,8,1
8740,1488,1,18
8741,1488,19,9
8742,1488,14,7
8743,1488,17,9
8744,1489,5,15
8745,1489,1,12
8746,1489,24,18
8747,1489,19,4
8748,1489,15,6
8749,1489,2,13
8750,1489,3,21
8751,1489,4,2
8752,1490,12,4
8753,1490,5,20
8754,1490,9,13
8755,1490,10,16
8756,1490,0,11
8757,1491,23,14
8758,1491,20,11
8759,1491,16,9
8760,1491,21,7
8761,1492,11,2
8762,1492,21,19
8763,1492,16,0
8764,1492,17,11
8765,1492,20,9
8766,1492,2,5
8767,1492,9,17
8768,1492,24,10
8769,1493,22,3
8770,1493,7,1
8771,1493,11,2
8772,1493,2,24
8773,1493,19,1
8774,1493,18,16
8775,1494,24,4
8776,1494,10,1
8777,1494,3,9
8778,1494,18,8
8779,1494,0,23
8780,1494,1,17
8781,1494,14,20
8782,1495,18,7
8783,1495,3,23
8784,1495,7,10
8785,1495,5,8
8786,1495,16,18
8787,1495,12,14
8788,1495,22,18
8789,1495,16,2
8790,1495,1,18
8791,1496,8,15
8792,1496,16,5
8793,1496,1,23
8794,1496,1,4
8795,1496,12,15
8796,1496,18,21
8797,1496,12,5
8798,1496,21,13
8799,1496,14,10
8800,1496,23,15
8801,1496,22,9
8802,1496,16,18
8803,1497,0,23
8804,1497,19,5
8805,1497,17,11
8806,1497,10,9
8807,1497,2,16
8808,1498,11,14
8809,1498,2,21
8810,1498,13,21
8811,1498,3,24
8812,1498,4,10
8813,1499,3,5
8814,1499,14,18
8815,1499,17,1
8816,1499,9,13
8817,1499,8,12
8818,1500,21,11
8819,1500,6,10
8820,1500,10,4
8821,1500,0,18
8822,1500,11,2
8823,1501,7,22
8824,1501,4,7
8825,1501,14,7
8826,1501,21,8
8827,1502,5,2
8828,1502,14,20
8829,1503,24,0
8830,1503,10,2
8831,1504,19,9
8832,1504,13,22
8833,1504,13,15
8834,1505,13,24
8835,1505,15,21
8836,1505,1,18
8837,1505,12,16
8838,1505,14,8
8839,1505,6,19
8840,1505,5,15
8841,1506,15,23
8842,1506,1,4
8843,1506,24,8
8844,1506,5,22
8845,1506,21,9
8846,1506,4,0
8847,1506,1,24
8848,1507,21,24
8849,1507,8,4
8850,1508,11,15
8851,1508,8,20
8852,1508,10,16
8853,1508,3,22
8854,1508,22,9
8855,1508,23,0
8856,1509,17,14
8857,1509,19,17
8858,1509,6,4
8859,1509,2,21
8860,1510,17,20
8861,1510,10,21
8862,1510,8,1
8863,1510,10,14
8864,1510,16,14
8865,1510,14,20
8866,1511,3,15
8867,1511,16,23
8868,1511,3,18
8869,1511,4,15
8870,1512,14,20
8871,1512,0,14
8872,1512,4,17
8873,1512,23,9
8874,1512,5,22
8875,1512,4,2
8876,1513,19,6
8877,1513,18,8
8878,1513,5,23
8879,1513,11,20
8880,1513,1,3
8881,1514,10,18
8882,1514,21,1
8883,1514,9,24
8884,1514,9,7
8885,1514,16,5
8886,1515,12,4
8887,1515,10,2
8888,1515,4,23
8889,1515,7,10
8890,1515,7,1
8891,1515,1,9
8892,1516,21,4
8893,1516,2,14
8894,1516,4,22
8895,1516,9,7
8896,1517,0,22
8897,1517,9,5
8898,1517,6,8
8899,1517,11,9
8900,1518,7,10
8901,1518,15,0
8902,1518,4,14
8903,1518,1,21
8904,1518,10,16
8905,1518,22,10
8906,1518,10,19
8907,1519,12,2
8908,1519,0,20
8909,1519,4,18
8910,1519,22,3
8911,1519,20,1
8912,1519,4,6
8913,1519,3,17
8914,1519,6,17
8915,1520,17,4
8916,1520,17,9
8917,1520,5,16
8918,1520,17,5
8919,1520,12,2
8920,1520,14,2
8921,1521,15,7
8922,1521,15,2
8923,1521,23,12
8924,1521,24,5
8925,1522,23,4
8926,1522,0,6
8927,1522,4,2
8928,1522,1,8
8929,1523,5,7
8930,1523,2,6
8931,1523,1,9
8932,1523,17,5
8933,1523,10,24
8934,1523,0,24
8935,1523,3,19
8936,1524,9,3
8937,1524,9,11
8938,1524,7,23
8939,1524,6,12
8940,1524,24,17
8941,1524,24,15
8942,1524,4,5
8943,1524,8,14
8944,1524,15,6
8945,1524,7,5
8946,1524,16,10
8947,1525,16,12
8948,1525,19,8
8949,1525,11,21
8950,1525,1,12
8951,1525,14,0
8952,1525,4,8
8953,1525,23,20
8954,1525,19,1
8955,1525,18,12
8956,1526,7,22
8957,1526,4,13
8958,1526,1,3
8959,1526,22,3
8960,1526,23,10
8961,1526,21,10
8962,1526,22,13
8963,1526,11,21
8964,1527,15,4
8965,1527,4,2
8966,1527,1,20
8967,1527,14,3
8968,1527,1,22
8969,1527,0,3
8970,1528,20,5
8971,1528,20,16
8972,1528,13,9
8973,1528,11,0
8974,1528,4,6
8975,1528,8,17
8976,1528,19,17
8977,1528,21,6
8978,1528,11,20
8979,1528,8,2
8980,1528,21,7
8981,1528,1,10
8982,1529,1,23
8983,1529,6,24
8984,1529,6,0
8985,1529,17,15
8986,1529,2,20
8987,1530,12,5
8988,1530,9,18
8989,1530,20,2
8990,1530,23,17
8991,1530,2,15
8992,1530,23,14
8993,1531,2,20
8994,1531,0,14
8995,1531,19,23
8996,1531,10,4
8997,1531,4,18
8998,1531,12,24
8999,1531,21,0
9000,1531,4,15
9001,1532,20,12
9002,1532,3,13
9003,1532,5,24
9004,1532,7,19
9005,1532,14,20
9006,1532,0,19
9007,1532,8,23
9008,1533,7,3
9009,1533,4,2
9010,1533,23,1
9011,1533,8,20
9012,1533,17,13
9013,1533,24,16
9014,1534,22,7
9015,1534,3,14
9016,1534,15,13
9017,1534,8,22
9018,1534,16,20
9019,1534,15,6
9020,1535,8,0
9021,1535,10,8
9022,1535,0,6
9023,1535,11,8
9024,1535,15,3
9025,1535,18,10
9026,1535,9,23
9027,1535,4,19
9028,1536,18,8
9029,1536,14,20
9030,1536,24,6
9031,1536,16,3
9032,1536,24,13
9033,1537,24,18
9034,1537,1,7
9035,1537,17,14
9036,1537,18,4
9037,1538,21,14
9038,1538,10,23
9039,1538,13,22
9040,1538,20,17
9041,1538,4,8
9042,1538,13,19
9043,1539,13,24
9044,1539,24,5
9045,1539,5,3
9046,1539,4,16
9047,1539,4,24
9048,1540,10,1
9049,1540,8,2
9050,1540,1,19
9051,1540,9,1
9052,1540,6,15
9053,1540,8,15
9054,1540,12,15
9055,1541,17,5
9056,1541,0,14
9057,1541,0,7
9058,1541,16,22
9059,1541,19,22
9060,1541,14,5
9061,1541,14,8
9062,1541,20,11
9063,1541,0,20
9064,1542,0,8
9065,1542,12,24
9066,1542,13,6
9067,1542,24,16
9068,1542,23,9
9069,1542,3,10
9070,1543,21,4
9071,1543,3,15
9072,1543,11,22
9073,1543,15,19
9074,1543,6,13
9075,1543,20,22
9076,1543,1,15
9077,1543,9,6
9078,1544,0,17
9079,1544,7,3
9080,1544,3,15
9081,1544,10,24
9082,1544,6,15
9083,1545,7,19
9084,1545,16,20
9085,1545,13,19
9086,1545,20,11
9087,1545,5,17
9088,1546,23,0
9089,1546,14,11
9090,1546,15,7
9091,1546,14,20
9092,1546,10,9
9093,1546,15,21
9094,1547,22,12
9095,1547,3,21
9096,1547,18,3
9097,1547,1,5
9098,1547,2,8
9099,1548,23,8
9100,1548,14,23
9101,1549,7,20
9102,1549,20,10
9103,1549,13,24
9104,1549,21,19
9105,1549,20,5
9106,1549,6,19
9107,1549,14,18
9108,1549,19,22
9109,1549,14,24
9110,1549,17,15
9111,1550,17,9
9112,1550,11,9
9113,1550,15,9
9114,1550,10,0
9115,1550,2,10
9116,1550,24,0
9117,1550,20,0
9118,1550,0,4
9119,1550,20,18
9120,1551,10,22
9121,1551,17,19
9122,1551,4,2
9123,1551,19,13
9124,1551,15,3
9125,1551,4,7
9126,1551,2,13
9127,1551,6,3
9128,1551,16,19
9129,1551,20,24
9130,1552,14,22
9131,1552,7,15
9132,1552,18,5
9133,1553,13,11
9134,1553,5,24
9135,1553,5,3
9136,1554,15,12
9137,1554,0,3
9138,1554,18,24
9139,1554,2,0
9140,1555,13,23
9141,1555,4,0
9142,1555,16,1
9143,1556,1,18
9144,1556,24,1
9145,1556,1,24
9146,1556,20,6
9147,1556,11,14
9148,1556,24,7
9149,1556,10,9
9150,1557,1,18
9151,1557,23,7
9152,1557,0,23
9153,1557,16,3
9154,1557,19,23
9155,1557,15,4
9156,1557,12,1
9157,1557,16,18
9158,1558,15,17
9159,1558,9,0
9160,1558,17,24
9161,1558,12,15
9162,1559,24,3
9163,1559,0,7
9164,1559,10,7
9165,1559,13,19
9166,1559,17,5
9167,1559,4,2
9168,1559,0,24
9169,1559,19,9
9170,1559,20,3
9171,1559,1,18
9172,1559,15,22
9173,1559,20,1
9174,1559,7,3
9175,1559,1,14
9176,1560,2,24
9177,1560,20,14
9178,1560,18,9
9179,1560,7,21
9180,1560,14,17
9181,1560,6,20
9182,1561,19,9
9183,1561,14,23
9184,1561,1,12
9185,1562,21,15
9186,1562,8,2
9187,1562,12,6
9188,1562,7,18
9189,1562,13,9
9190,1562,3,15
9191,1562,16,19
9192,1562,3,12
9193,1562,2,19
9194,1562,12,9
9195,1563,5,1
9196,1563,19,8
9197,1563,9,19
9198,1563,3,17
9199,1563,6,17
9200,1563,6,2
9201,1564,0,13
9202,1564,4,0
9203,1564,19,3
9204,1564,10,17
9205,1564,17,21
9206,1564,6,19
9207,1565,8,6
9208,1565,17,7
9209,1565,14,0
9210,1565,1,19
9211,1565,6,8
9212,1566,7,20
9213,1566,7,14
9214,1566,4,6
9215,1566,19,20
9216,1566,12,9
9217,1566,19,8
9218,1566,17,3
9219,1567,0,10
9220,1567,22,0
9221,1567,23,8
9222,1567,3,14
9223,1568,10,7
9224,1568,3,20
9225,1568,15,12
9226,1568,9,0
9227,1568,15,19
9228,1568,24,12
9229,1568,2,4
9230,1568,14,8
9231,1568,22,10
9232,1568,10,17
9233,1568,0,10
9234,1568,20,8
9235,1569,19,20
9236,1569,21,4
9237,1569,23,0
9238,1569,22,0
9239,1569,5,3
9240,1569,1,17
9241,1569,18,22
9242,1570,13,3
9243,1570,14,18
9244,1570,23,3
9245,1570,21,17
9246,1571,4,5
9247,1571,18,16
9248,1571,20,1
9249,1571,17,8
9250,1571,8,20
9251,1571,17,2
9252,1571,2,14
9253,1571,12,20
9254,1572,17,14
9255,1572,11,15
9256,1572,16,24
9257,1572,7,10
9258,1572,21,24
9259,1572,3,6
9260,1572,3,7
9261,1572,2,5
9262,1572,23,10
9263,1572,19,22
9264,1572,22,3
9265,1572,3,20
9266,1573,18,11
9267,1573,23,19
9268,1573,1,3
9269,1573,8,15
9270,1574,2,21
9271,1574,8,11
9272,1574,4,18
9273,1574,20,10
9274,1574,7,22
9275,1575,9,24
9276,1575,5,8
9277,1575,14,5
9278,1575,21,10
9279,1575,19,20
9280,1575,16,2
9281,1576,19,3
9282,1576,24,0
9283,1576,16,4
9284,1576,23,7
9285,1577,2,15
9286,1577,16,10
9287,1577,24,17
9288,1577,1,17
9289,1577,8,6
9290,1577,9,15
9291,1577,3,0
9292,1578,9,23
9293,1578,2,8
9294,1578,10,13
9295,1578,13,21
9296,1578,5,19
9297,1578,23,17
9298,1578,16,13
9299,1578,6,21
9300,1578,0,13
9301,1578,0,14
9302,1579,8,20
9303,1579,9,15
9304,1579,4,11
9305,1579,5,8
9306,1579,0,20
9307,1579,9,19
9308,1579,22,7
9309,1579,15,9
9310,1580,14,11
9311,1580,13,2
9312,1580,24,17
9313,1580,6,13
9314,1580,4,23
9315,1580,19,8
9316,1581,9,24
9317,1581,19,16
9318,1581,13,19
9319,1581,5,1
9320,1581,4,5
9321,1581,3,10
9322,1581,20,24
9323,1581,5,16
9324,1581,10,1
9325,1582,13,10
9326,1582,15,6
9327,1582,1,24
9328,1582,14,22
9329,1582,17,14
9330,1582,15,9
9331,1582,10,18
9332,1583,22,5
9333,1583,2,23
9334,1583,6,0
9335,1583,5,24
9336,1583,19,0
9337,1583,18,20
9338,1584,11,1
9339,1584,2,17
9340,1584,9,13
9341,1584,0,16
9342,1584,13,24
9343,1585,10,14
9344,1585,12,14
9345,1585,20,11
9346,1585,20,2
9347,1585,11,13
9348,1585,18,24
9349,1585,3,11
9350,1586,4,7
9351,1586,5,11
9352,1586,15,1
9353,1587,4,10
9354,1587,20,4
9355,1587,24,16
9356,1587,7,4
9357,1587,18,14
9358,1588,6,16
9359,1588,24,15
9360,1588,16,19
9361,1588,15,7
9362,1588,10,6
9363,1589,11,9
9364,1589,17,15
9365,1589,3,6
9366,1589,14,16
9367,1589,14,3
9368,1589,18,8
9369,1589,4,14
9370,1590,11,20
9371,1590,17,6
9372,1590,22,7
9373,1590,2,8
9374,1590,17,9
9375,1590,23,3
9376,1591,9,21
9377,1591,13,24
9378,1591,21,19
9379,1591,21,4
9380,1591,21,10
9381,1591,2,21
9382,1592,20,4
9383,1593,4,19
9384,1593,18,16
9385,1593,7,18
9386,1593,5,16
9387,1593,12,5
9388,1593,14,1
9389,1593,20,23
9390,1593,15,11
9391,1593,21,7
9392,1593,4,20
9393,1594,11,7
9394,1594,10,19
9395,1594,3,19
9396,1594,1,11
9397,1594,5,12
9398,1594,14,17
9399,1594,1,16
9400,1595,20,17
9401,1595,8,11
9402,1595,15,17
9403,1595,8,4
9404,1595,21,17
9405,1595,10,23
9406,1596,13,11
9407,1596,0,8
9408,1596,21,5
9409,1596,7,22
9410,1597,12,19
9411,1597,10,22
9412,1597,21,19
9413,1597,16,10
9414,1597,17,19
9415,1597,24,21
9416,1597,20,12
9417,1597,9,17
9418,1597,13,24
9419,1598,23,10
9420,1598,15,0
9421,1598,0,6
9422,1598,23,17
9423,1598,22,24
9424,1599,0,20
9425,1599,15,23
9426,1599,1,8
9427,1599,24,17
9428,1599,21,19
9429,1599,14,8
9430,1600,4,15
9431,1600,15,11
9432,1600,4,7
9433,1600,6,21
9434,1600,15,0
9435,1601,16,2
9436,1601,23,0
9437,1601,18,21
9438,1601,24,9
9439,1601,1,23
9440,1601,4,7
9441,1601,13,10
9442,1601,17,14
9443,1602,4,21
9444,1602,3,0
9445,1602,12,24
9446,1603,14,5
9447,1603,16,12
9448,1603,18,15
9449,1603,6,21
9450,1603,22,4
9451,1603,4,12
9452,1604,18,21
9453,1604,0,2
9454,1604,18,1
9455,1604,24,1
9456,1604,7,9
9457,1605,18,3
9458,1605,24,12
9459,1605,0,21
9460,1605,19,13
9461,1605,22,24
9462,1605,5,14
9463,1605,5,8
9464,1605,15,21
9465,1605,4,0
9466,1605,4,2
9467,1605,18,20
9468,1605,0,6
9469,1607,20,1
9470,1607,2,22
9471,1607,20,17
9472,1607,0,2
9473,1608,24,13
9474,1608,21,14
9475,1608,23,0
9476,1608,10,14
9477,1608,1,4
9478,1609,16,3
9479,1609,22,7
9480,1609,14,23
9481,1609,1,7
9482,1610,6,21
9483,1610,8,22
9484,1610,24,16
9485,1610,6,21
9486,1610,6,4
9487,1610,23,6
9488,1610,12,16
9489,1610,12,6
9490,1611,18,6
9491,1611,23,14
9492,1612,18,24
9493,1612,19,23
9494,1612,0,15
9495,1612,10,21
9496,1613,18,2
9497,1613,9,3
9498,1613,6,13
9499,1613,8,21
9500,1613,0,7
9501,1613,15,7
9502,1613,19,8
9503,1613,20,17
9504,1614,14,2
9505,1614,3,18
9506,1614,22,19
9507,1614,11,5
9508,1614,12,4
9509,1614,21,8
9510,1614,17,8
9511,1614,20,16
9512,1615,16,8
9513,1615,12,1
9514,1615,16,7
9515,1615,10,16
9516,1615,22,10
9517,1615,15,1
9518,1615,18,3
9519,1615,9,2
9520,1615,6,22
9521,1616,4,14
9522,1616,21,4
9523,1616,11,18
9524,1616,19,13
9525,1617,12,18
9526,1617,9,6
9527,1617,24,2
9528,1618,12,20
9529,1618,18,5
9530,1618,13,9
9531,1619,21,7
9532,1619,20,24
9533,1619,16,9
9534,1619,15,5
9535,1619,17,23
9536,1619,2,14
9537,1619,24,10
9538,1619,17,13
9539,1620,18,12
9540,1620,19,3
9541,1620,24,13
9542,1620,8,21
9543,1620,15,8
9544,1620,21,6
9545,1620,6,21
9546,1621,4,7
9547,1621,16,9
9548,1621,24,5
9549,1621,22,6
9550,1621,4,5
9551,1621,16,10
9552,1621,17,23
9553,1622,2,0
9554,1622,12,6
9555,1622,14,6
9556,1623,3,20
9557,1623,3,5
9558,1623,21,17
9559,1623,15,4
9560,1623,3,9
9561,1623,8,17
9562,1624,23,16
9563,1624,4,5
9564,1624,15,2
9565,1624,10,0
9566,1624,16,4
9567,1624,18,1
9568,1625,1,19
9569,1625,7,20
9570,1625,18,12
9571,1625,13,2
9572,1625,7,22
9573,1625,8,21
9574,1625,24,20
9575,1626,20,14
9576,1626,14,18
9577,1626,24,12
9578,1626,9,3
9579,1626,11,22
9580,1626,16,13
9581,1626,13,7
9582,1626,2,6
9583,1626,6,16
9584,1627,24,12
9585,1627,21,3
9586,1627,4,8
9587,1628,6,24
9588,1628,23,0
9589,1628,18,21
9590,1628,23,3
9591,1628,8,6
9592,1628,4,15
9593,1628,8,16
9594,1628,9,11
9595,1629,8,24
9596,1629,23,12
9597,1629,10,4
9598,1629,17,1
9599,1629,22,10
9600,1629,19,15
9601,1629,17,5
9602,1629,12,2
9603,1630,20,19
9604,1630,1,14
9605,1630,7,15
9606,1630,24,6
9607,1630,8,14
9608,1630,19,10
9609,1630,15,7
9610,1631,17,3
9611,1631,2,19
9612,1631,9,7
9613,1632,2,18
9614,1632,13,2
9615,1632,1,4
9616,1632,16,19
9617,1632,6,9
9618,1632,20,12
9619,1632,15,13
9620,1632,16,10
9621,1633,20,12
9622,1633,17,8
9623,1633,13,10
9624,1634,3,24
9625,1634,0,2
9626,1634,13,6
9627,1635,1,13
9628,1635,7,4
9629,1635,16,13
9630,1635,21,17
9631,1635,10,23
9632,1635,4,23
9633,1636,19,3
9634,1636,3,9
9635,1636,12,3
9636,1637,5,8
9637,1637,19,11
9638,1637,23,21
9639,1637,10,14
9640,1638,24,3
9641,1638,20,9
9642,1638,20,18
9643,1638,14,3
9644,1639,8,11
9645,1639,5,21
9646,1639,22,2
9647,1639,0,6
9648,1639,6,19
9649,1639,9,6
9650,1639,2,8
9651,1640,24,8
9652,1640,8,12
9653,1640,15,18
9654,1640,15,2
9655,1640,15,2
9656,1641,6,18
9657,1641,11,19
9658,1641,13,22
9659,1641,10,9
9660,1641,24,15
9661,1641,20,22
9662,1642,10,7
9663,1642,0,18
9664,1643,14,4
9665,1643,8,16
9666,1644,11,3
9667,1644,2,0
9668,1644,19,16
9669,1644,24,22
9670,1644,13,3
9671,1645,20,2
9672,1645,10,6
9673,1645,24,17
9674,1645,19,20
9675,1645,11,21
9676,1645,5,7
9677,1645,9,1
9678,1645,14,16
9679,1645,15,11
9680,1646,12,0
9681,1646,2,10
9682,1646,7,22
9683,1646,3,14
9684,1647,3,24
9685,1647,3,21
9686,1647,11,21
9687,1647,1,16
9688,1647,9,11
9689,1647,22,0
9690,1647,5,17
9691,1647,7,3
9692,1647,8,2
9693,1647,11,15
9694,1647,10,20
9695,1647,15,24
9696,1648,21,19
9697,1648,17,14
9698,1648,21,18
9699,1648,3,16
9700,1648,6,14
9701,1648,19,12
9702,1649,19,6
9703,1649,15,6
9704,1649,9,16
9705,1649,22,8
9706,1649,2,9
9707,1650,10,20
9708,1651,1,7
9709,1651,0,17
9710,1651,24,15
9711,1651,22,10
9712,1651,11,22
9713,1651,22,1
9714,1651,21,3
9715,1651,15,14
9716,1651,22,6
9717,1651,8,4
9718,1651,0,2
9719,1651,4,7
9720,1652,3,23
9721,1652,17,3
9722,1652,8,1
9723,1652,0,6
9724,1652,10,23
9725,1653,23,5
9726,1653,11,1
9727,1653,13,7
9728,1653,17,13
9729,1653,4,24
9730,1653,3,22
9731,1653,20,11
9732,1654,20,8
9733,1654,19,11
9734,1654,5,15
9735,1654,18,16
9736,1654,21,4
9737,1655,3,9
9738,1655,14,3
9739,1655,9,2
9740,1655,19,12
9741,1655,24,8
9742,1656,14,24
9743,1656,22,16
9744,1656,7,0
9745,1656,2,24
9746,1656,15,5
9747,1656,20,19
9748,1656,2,19
9749,1656,19,8
9750,1657,21,5
9751,1657,10,24
9752,1657,24,18
9753,1657,2,6
9754,1657,20,13
9755,1657,0,10
9756,1657,4,19
9757,1657,3,23
9758,1658,13,6
9759,1658,8,10
9760,1658,5,7
9761,1658,23,2
9762,1658,17,3
9763,1658,9,18
9764,1658,6,23
9765,1658,5,3
9766,1658,18,11
9767,1658,20,1
9768,1659,7,11
9769,1660,24,9
9770,1660,6,21
9771,1660,6,15
9772,1660,3,18
9773,1660,16,18
9774,1660,13,16
9775,1660,15,19
9776,1660,15,23
9777,1660,21,7
9778,1660,17,14
9779,1661,24,5
9780,1661,8,22
9781,1661,2,19
9782,1661,16,22
9783,1661,17,24
9784,1662,0,4
9785,1662,21,18
9786,1662,2,11
9787,1662,8,20
9788,1662,12,22
9789,1662,20,11
9790,1662,1,9
9791,1663,11,5
9792,1663,4,16
9793,1663,12,20
9794,1663,20,3
9795,1663,13,16
9796,1663,14,8
9797,1663,24,22
9798,1663,21,14
9799,1664,16,1
9800,1664,5,1
9801,1664,17,15
9802,1664,24,18
9803,1664,24,0
9804,1664,16,9
9805,1664,4,21
9806,1665,3,17
9807,1665,16,5
9808,1665,24,2
9809,1665,3,15
9810,1665,15,1
9811,1665,14,6
9812,1665,20,17
9813,1665,21,24
9814,1666,3,0
9815,1666,3,13
9816,1666,6,17
9817,1666,4,15
9818,1666,3,15
9819,1667,18,22
9820,1667,9,5
9821,1667,17,15
9822,1667,13,1
9823,1668,17,21
9824,1668,8,0
9825,1668,0,20
9826,1668,23,13
9827,1668,5,17
9828,1668,12,0
9829,1668,7,0
9830,1668,7,17
9831,1668,7,16
9832,1668,22,14
9833,1668,13,10
9834,1669,24,16
9835,1669,1,23
9836,1669,19,3
9837,1669,4,15
9838,1669,12,24
9839,1669,3,16
9840,1669,11,22
9841,1669,6,4
9842,1669,7,1
9843,1669,1,22
9844,1669,21,0
9845,1670,9,12
9846,1670,19,2
9847,1670,3,20
9848,1670,7,15
9849,1670,8,23
9850,1670,22,3
9851,1670,4,6
9852,1670,17,21
9853,1670,2,11
9854,1671,24,18
9855,1671,21,7
9856,1671,5,23
9857,1672,0,3
9858,1672,16,22
9859,1672,13,15
9860,1672,3,21
9861,1672,20,10
9862,1672,20,4
9863,1672,9,17
9864,1672,22,0
9865,1672,1,18
9866,1672,24,3
9867,1672,24,17
9868,1673,14,4
9869,1673,7,20
9870,1673,16,23
9871,1673,11,17
9872,1673,23,1
9873,1674,11,22
9874,1674,8,12
9875,1674,4,13
9876,1674,23,17
9877,1674,13,9
9878,1674,15,18
9879,1675,5,12
9880,1675,6,14
9881,1675,4,5
9882,1675,23,15
9883,1675,2,16
9884,1675,2,11
9885,1675,3,12
9886,1676,3,16
9887,1676,8,11
9888,1676,5,13
9889,1676,8,2
9890,1676,21,19
9891,1676,10,14
9892,1677,0,24
9893,1677,15,13
9894,1677,19,16
9895,1677,6,4
9896,1677,15,24
9897,1678,1,20
9898,1678,3,20
9899,1678,18,2
9900,1678,8,23
9901,1678,23,9
9902,1678,11,22
9903,1678,3,12
9904,1678,10,6
9905,1679,7,23
9906,1679,1,5
9907,1679,3,18
9908,1679,5,15
9909,1679,20,18
9910,1680,20,7
9911,1680,8,17
9912,1680,4,21
9913,1680,11,0
9914,1681,12,18
9915,1681,21,18
9916,1681,9,7
9917,1681,20,9
9918,1681,12,22
9919,1681,21,12
9920,1681,13,15
9921,1681,1,7
9922,1682,1,4
9923,1682,23,11
9924,1682,0,8
9925,1682,9,5
9926,1682,16,23
9927,1682,2,15
9928,1682,9,5
9929,1682,10,0
9930,1682,13,22
9931,1682,10,16
9932,1682,13,5
9933,1683,16,0
9934,1683,21,18
9935,1683,1,19
9936,1683,17,2
9937,1683,19,10
9938,1683,8,10
9939,1684,13,5
9940,1684,1,10
9941,1684,3,5
9942,1684,19,9
9943,1684,6,14
9944,1684,20,7
9945,1684,18,5
9946,1684,18,21
9947,1685,5,4
9948,1685,22,7
9949,1685,1,19
9950,1685,19,21
9951,1685,4,20
9952,1685,2,23
9953,1685,19,2
9954,1685,23,16
9955,1686,5,13
9956,1686,3,9
9957,1686,7,5
9958,1686,22,10
9959,1686,5,18
9960,1686,16,3
9961,1687,9,22
9962,1687,22,2
9963,1687,12,10
9964,1687,5,11
9965,1687,1,20
9966,1687,23,21
9967,1688,6,10
9968,1688,0,20
9969,1688,15,2
9970,1688,4,11
9971,1688,3,15
9972,1688,20,13
9973,1688,15,2
9974,1688,0,11
9975,1689,24,8
9976,1689,23,8
9977,1689,18,9
9978,1689,4,11
9979,1689,16,18
9980,1690,19,2
9981,1690,8,22
9982,1690,13,4
9983,1690,20,11
9984,1690,0,21
9985,1691,4,2
9986,1691,20,23
9987,1691,6,3
9988,1691,23,19
9989,1691,19,0
9990,1691,3,21
9991,1692,8,23
9992,1692,6,0
9993,1692,21,5
9994,1692,19,4
9995,1693,8,4
9996,1693,13,1
9997,1693,6,3
9998,1693,1,23
9999,1693,8,12
10000,1693,9,15
10001,1694,2,13
10002,1694,19,20
10003,1694,17,5
10004,1694,13,7
10005,1695,22,4
10006,1695,11,13
10007,1695,12,18
10008,1695,17,15
10009,1695,10,16
10010,1695,18,20
10011,1695,14,23
10012,1696,1,23
10013,1696,3,0
10014,1696,24,16
10015,1696,24,17
10016,1696,7,20
10017,1696,10,12
10018,1696,10,4
10019,1696,16,19
10020,1697,20,12
10021,1697,0,2
10022,1697,22,9
10023,1697,24,17
10024,1697,20,3
10025,1698,12,5
10026,1698,19,23
10027,1698,22,13
10028,1699,18,11
10029,1699,8,0
10030,1699,23,16
10031,1699,3,23
10032,1699,0,3
10033,1699,20,17
10034,1699,1,21
10035,1699,6,15
10036,1700,23,0
10037,1700,23,5
10038,1700,21,5
10039,1700,24,5
10040,1700,20,7
10041,1700,5,1
10042,1701,21,7
10043,1701,20,12
10044,1701,23,8
10045,1701,2,11
10046,1701,16,7
10047,1702,1,15
10048,1702,9,13
10049,1702,17,15
10050,1702,7,20
10051,1702,23,5
10052,1702,15,7
10053,1702,14,8
10054,1703,14,6
10055,1703,17,23
10056,1703,19,0
10057,1703,21,24
10058,1703,14,4
10059,1703,11,14
10060,1703,17,24
10061,1704,24,7
10062,1704,24,2
10063,1705,15,8
10064,1705,17,19
10065,1705,7,18
10066,1705,9,18
10067,1705,24,0
10068,1705,17,0
10069,1705,24,14
10070,1705,4,13
10071,1705,14,3
10072,1705,15,2
10073,1705,16,4
10074,1706,13,0
10075,1706,14,3
10076,1706,19,12
10077,1706,4,6
10078,1707,3,17
10079,1707,8,21
10080,1707,21,11
10081,1707,9,0
10082,1707,21,18
10083,1708,1,13
10084,1708,21,7
10085,1708,4,23
10086,1708,9,1
10087,1708,7,10
10088,1709,6,23
10089,1709,16,3
10090,1709,5,19
10091,1709,7,4
10092,1709,5,16
10093,1710,8,5
10094,1710,9,6
10095,1710,5,8
10096,1711,4,0
10097,1711,19,15
10098,1711,24,3
10099,1711,23,1
10100,1711,15,24
10101,1711,13,23
10102,1711,12,2
10103,1712,17,23
10104,1712,10,24
10105,1712,5,22
10106,1713,3,21
10107,1713,23,10
10108,1713,24,1
10109,1713,16,19
10110,1713,15,2
10111,1713,9,19
10112,1714,21,2
10113,1714,17,7
10114,1714,15,5
10115,1714,11,4
10116,1715,20,6
10117,1715,10,13
10118,1715,21,18
10119,1715,13,9
10120,1715,0,19
10121,1715,24,22
10122,1715,5,3
10123,1716,0,6
10124,1716,19,15
10125,1716,13,20
10126,1716,9,11
10127,1716,11,13
10128,1716,1,20
10129,1716,6,23
10130,1717,20,9
10131,1717,15,9
10132,1717,0,16
10133,1717,0,24
10134,1717,15,5
10135,1717,8,11
10136,1718,20,11
10137,1718,23,14
10138,1718,15,8
10139,1718,23,9
10140,1718,14,4
10141,1718,0,10
10142,1718,2,14
10143,1719,14,7
10144,1719,5,9
10145,1719,16,10
10146,1719,24,20
10147,1719,12,5
10148,1719,9,3
10149,1720,16,20
10150,1720,21,23
10151,1720,14,23
10152,1720,10,7
10153,1720,3,1
10154,1720,23,7
10155,1720,14,20
10156,1720,8,20
10157,1721,23,5
10158,1721,13,20
10159,1721,6,18
10160,1721,24,10
10161,1721,2,14
10162,1721,24,2
10163,1721,14,23
10164,1722,11,1
10165,1722,18,3
10166,1722,8,18
10167,1722,17,0
10168,1722,6,19
10169,1722,23,9
10170,1722,22,3
10171,1722,6,12
10172,1722,8,6
10173,1722,22,19
10174,1722,2,13
10175,1723,10,13
10176,1724,8,18
10177,1724,13,17
10178,1724,8,12
10179,1724,15,5
10180,1724,23,19
10181,1724,23,13
10182,1724,4,10
10183,1724,20,17
10184,1724,9,19
10185,1725,13,0
10186,1725,17,4
10187,1725,4,0
10188,1725,1,13
10189,1726,8,0
10190,1726,0,9
10191,1726,15,4
10192,1726,13,6
10193,1727,6,18
10194,1727,17,21
10195,1727,0,6
10196,1727,11,15
10197,1727,24,14
10198,1727,12,9
10199,1727,12,19
10200,1728,1,22
10201,1728,2,18
10202,1728,7,13
10203,1728,24,14
10204,1728,21,8
10205,1729,8,22
10206,1729,7,18
10207,1729,12,5
10208,1729,13,6
10209,1729,15,6
10210,1729,24,6
10211,1730,1,12
10212,1730,19,15
10213,1730,17,8
10214,1730,8,1
10215,1730,13,4
10216,1730,23,8
10217,1730,6,2
10218,1731,3,20
10219,1731,13,5
10220,1731,18,8
10221,1731,16,18
10222,1732,7,23
10223,1732,15,2
10224,1732,5,1
10225,1732,12,4
10226,1732,11,9
10227,1733,7,22
10228,1733,0,9
10229,1733,12,6
10230,1733,10,14
10231,1733,19,6
10232,1733,21,0
10233,1733,6,0
10234,1733,10,12
10235,1733,12,15
10236,1734,22,16
10237,1734,21,4
10238,1734,23,16
10239,1734,0,6
10240,1734,8,15
10241,1734,7,22
10242,1734,21,0
10243,1735,20,13
10244,1735,9,0
10245,1735,7,1
10246,1735,12,15
10247,1735,7,16
10248,1735,24,10
10249,1735,2,23
10250,1736,21,15
10251,1736,16,2
10252,1736,21,23
10253,1736,0,16
10254,1736,2,6
10255,1736,10,23
10256,1736,7,4
10257,1736,3,9
10258,1736,0,16
10259,1737,3,20
10260,1737,24,8
10261,1737,11,4
10262,1737,15,2
10263,1737,24,10
10264,1737,17,8
10265,1738,3,10
10266,1738,14,12
10267,1738,24,5
10268,1738,9,5
10269,1738,4,16
10270,1739,15,14
10271,1739,23,9
10272,1739,5,9
10273,1739,4,2
10274,1739,4,14
10275,1740,10,9
10276,1740,9,17
10277,1740,6,22
10278,1740,9,19
10279,1741,16,5
10280,1742,0,12
10281,1742,17,7
10282,1742,23,3
10283,1742,7,19
10284,1743,19,11
10285,1743,21,4
10286,1743,9,1
10287,1743,19,23
10288,1744,2,11
10289,1744,4,22
10290,1744,10,18
10291,1744,1,11
10292,1745,16,19
10293,1745,16,13
10294,1745,19,4
10295,1745,23,1
10296,1745,17,8
10297,1745,17,15
10298,1745,11,13
10299,1745,21,5
10300,1746,12,22
10301,1746,8,14
10302,1746,20,1
10303,1746,8,23
10304,1746,2,21
10305,1746,12,5
10306,1746,12,0
10307,1746,11,3
10308,1747,3,16
10309,1747,9,16
10310,1747,20,8
10311,1747,24,8
10312,1747,7,3
10313,1747,21,14
10314,1747,21,1
10315,1748,16,9
10316,1748,1,12
10317,1748,20,23
10318,1748,18,10
10319,1748,22,0
10320,1748,1,24
10321,1748,1,21
10322,1748,20,0
10323,1749,13,1
10324,1749,22,20
10325,1749,10,21
10326,1749,1,12
10327,1750,5,24
10328,1750,5,15
10329,1750,1,17
10330,1750,13,11
10331,1751,0,2
10332,1751,13,21
10333,1751,3,13
10334,1751,6,21
10335,1751,11,21
10336,1751,10,22
10337,1752,13,19
10338,1752,22,24
10339,1752,16,10
10340,1752,3,19
10341,1752,21,2
10342,1752,0,16
10343,1753,0,17
10344,1753,24,0
10345,1753,1,12
10346,1753,12,6
10347,1753,1,18
10348,1753,14,8
10349,1753,5,24
10350,1754,18,14
10351,1754,10,12
10352,1754,0,21
10353,1755,9,6
10354,1755,17,4
10355,1755,2,8
10356,1755,10,22
10357,1756,5,8
10358,1756,4,12
10359,1756,6,0
10360,1756,2,4
10361,1756,5,9
10362,1756,19,12
10363,1757,13,23
10364,1757,22,12
10365,1757,8,21
10366,1758,22,2
10367,1758,15,24
10368,1758,22,9
10369,1758,21,19
10370,1758,8,10
10371,1759,22,10
10372,1759,16,10
10373,1759,5,17
10374,1759,6,9
10375,1759,21,18
10376,1759,13,21
10377,1759,3,15
10378,1759,15,9
10379,1760,23,7
10380,1760,1,12
10381,1760,22,5
10382,1760,21,7
10383,1761,16,3
10384,1761,17,1
10385,1761,16,8
10386,1761,7,22
10387,1761,11,23
10388,1761,5,20
10389,1761,10,23
10390,1761,16,3
10391,1762,14,11
10392,1762,21,9
10393,1762,17,1
10394,1762,20,7
10395,1762,6,21
10396,1763,2,10
10397,1763,23,14
10398,1763,22,15
10399,1763,21,11
10400,1764,17,8
10401,1764,1,8
10402,1764,12,1
10403,1764,1,20
10404,1764,17,13
10405,1764,3,24
10406,1764,2,15
10407,1764,22,8
10408,1765,19,4
10409,1765,20,4
10410,1765,7,24
10411,1765,8,16
10412,1766,14,1
10413,1766,24,3
10414,1766,23,6
10415,1766,4,16
10416,1766,12,16
10417,1766,10,21
10418,1767,12,5
10419,1767,12,4
10420,1767,11,7
10421,1767,1,22
10422,1767,4,12
10423,1767,4,7
10424,1767,19,13
10425,1768,6,0
10426,1768,21,1
10427,1768,22,14
10428,1768,6,15
10429,1769,17,21
10430,1769,23,21
10431,1769,12,18
10432,1769,21,7
10433,1769,8,4
10434,1769,21,18
10435,1769,19,7
10436,1769,2,4
10437,1770,2,17
10438,1770,0,22
10439,1770,1,23
10440,1770,16,2
10441,1770,15,13
10442,1770,3,20
10443,1770,6,8
10444,1771,7,16
10445,1771,11,14
10446,1771,11,3
10447,1771,9,12
10448,1771,0,23
10449,1771,16,14
10450,1771,12,15
10451,1771,20,19
10452,1771,18,10
10453,1772,10,13
10454,1772,11,19
10455,1772,7,9
10456,1772,4,5
10457,1773,22,14
10458,1773,18,3
10459,1773,4,24
10460,1774,14,12
10461,1774,12,16
10462,1774,2,15
10463,1774,23,6
10464,1775,5,9
10465,1776,14,10
10466,1776,16,3
10467,1777,3,9
10468,1777,17,5
10469,1777,21,4
10470,1777,16,10
10471,1777,13,0
10472,1777,0,23
10473,1777,3,10
10474,1777,9,18
10475,1777,4,15
10476,1777,18,3
10477,1778,21,9
10478,1778,6,20
10479,1778,4,10
10480,1779,18,10
10481,1779,9,6
10482,1779,24,16
10483,1779,14,1
10484,1779,10,14
10485,1779,19,15
10486,1779,17,7
10487,1780,3,21
10488,1780,18,3
10489,1781,10,0
10490,1781,18,11
10491,1781,15,0
10492,1781,0,18
10493,1781,24,2
10494,1782,0,7
10495,1782,12,21
10496,1782,4,23
10497,1782,4,7
10498,1782,9,6
10499,1783,15,3
10500,1783,16,7
10501,1783,23,21
10502,1783,17,11
10503,1783,10,1
10504,1783,1,8
10505,1783,8,0
10506,1783,16,23
10507,1784,21,0
10508,1784,15,23
10509,1784,9,11
10510,1784,19,5
10511,1784,6,9
10512,1784,16,22
10513,1784,5,4
10514,1784,5,18
10515,1785,7,0
10516,1785,8,6
10517,1785,20,1
10518,1785,0,24
10519,1786,14,24
10520,1786,7,18
10521,1786,11,20
10522,1786,0,6
10523,1787,19,7
10524,1787,23,15
10525,1787,0,21
10526,1787,19,21
10527,1787,18,20
10528,1787,18,22
10529,1787,0,3
10530,1787,23,2
10531,1788,18,11
10532,1788,15,13
10533,1788,2,9
10534,1788,19,12
10535,1788,14,7
10536,1788,22,4
10537,1788,5,12
10538,1789,15,4
10539,1789,13,21
10540,1789,5,1
10541,1789,9,1
10542,1789,21,6
10543,1790,24,14
10544,1790,10,16
10545,1790,6,19
10546,1790,8,20
10547,1790,14,22
10548,1790,3,5
10549,1790,6,23
10550,1790,0,21
10551,1790,1,22
10552,1791,0,9
10553,1791,2,21
10554,1791,7,13
10555,1791,2,0
10556,1792,9,22
10557,1792,2,16
10558,1792,11,1
10559,1792,5,7
10560,1792,17,7
10561,1792,4,6
10562,1792,5,14
10563,1793,11,8
10564,1793,20,6
10565,1793,19,4
10566,1793,15,14
10567,1793,12,4
10568,1794,0,7
10569,1794,11,22
10570,1794,17,14
10571,1794,2,16
10572,1794,0,23
10573,1794,6,19
10574,1795,16,19
10575,1795,9,23
10576,1795,0,21
10577,1795,3,1
10578,1795,19,10
10579,1795,7,10
10580,1795,12,21
10581,1796,2,22
10582,1796,2,23
10583,1796,9,12
10584,1796,9,19
10585,1796,16,22
10586,1797,21,7
10587,1797,4,7
10588,1797,21,24
10589,1797,15,17
10590,1797,2,6
10591,1797,5,24
10592,1797,17,9
10593,1798,9,12
10594,1798,17,8
10595,1798,20,8
10596,1798,7,9
10597,1799,2,21
10598,1799,9,19
10599,1799,21,5
10600,1799,13,6
10601,1799,10,3
10602,1799,22,8
10603,1799,14,6
10604,1799,23,17
