veh_id,t_depart,origin,dest
0,0,19,22
1,0,14,1
2,0,22,6
3,0,1,4
4,0,7,0
5,0,9,15
6,0,11,24
7,0,22,11
8,0,2,20
9,0,1,14
10,0,8,17
11,0,18,12
12,0,22,0
13,1,2,16
14,1,13,15
15,1,13,22
16,1,10,16
17,1,9,0
18,1,4,23
19,2,8,4
20,2,21,5
21,2,13,4
22,3,14,6
23,3,23,8
24,3,14,18
25,4,14,6
26,4,17,0
27,4,5,17
28,4,6,24
29,4,23,5
30,4,16,1
31,4,16,0
32,5,2,20
33,5,13,17
34,5,9,5
35,6,20,23
36,6,11,5
37,6,21,11
38,6,0,16
39,7,7,11
40,7,16,2
41,7,13,22
42,7,11,3
43,7,15,7
44,7,20,22
45,7,7,22
46,7,18,22
47,7,4,21
48,8,21,23
49,8,8,19
50,8,17,2
51,8,23,15
52,8,19,22
53,8,10,8
54,9,18,24
55,9,3,6
56,9,16,9
57,9,0,8
58,9,4,1
59,9,23,13
60,9,12,18
61,10,2,0
62,10,23,16
63,10,4,7
64,11,2,19
65,11,20,13
66,11,6,10
67,11,11,14
68,11,24,17
69,11,21,4
70,11,18,12
71,12,8,24
72,12,24,5
73,12,18,11
74,12,5,11
75,12,13,16
76,12,11,1
77,12,16,8
78,12,8,24
79,13,18,10
80,13,14,22
81,14,22,15
82,14,24,2
83,14,21,13
84,14,14,3
85,14,22,8
86,14,10,24
87,14,1,9
88,14,11,18
89,14,24,1
90,15,17,5
91,15,14,11
92,15,23,20
93,15,2,19
94,15,19,10
95,16,8,6
96,16,19,10
97,16,11,9
98,16,14,12
99,16,9,0
100,17,2,10
101,17,9,10
102,17,15,14
103,17,13,24
104,18,12,21
105,18,24,5
106,18,17,8
107,18,24,13
108,18,1,20
109,19,18,12
110,19,2,13
111,19,24,12
112,19,15,0
113,19,4,10
114,19,24,0
115,19,7,5
116,20,11,24
117,20,2,23
118,20,22,5
119,20,21,1
120,20,6,19
121,20,0,15
122,20,24,16
123,20,18,1
124,20,1,14
125,20,11,19
126,21,17,23
127,21,12,9
128,21,12,23
129,21,8,14
130,21,18,6
131,21,13,11
132,21,6,14
133,21,16,19
134,21,15,4
135,22,8,11
136,22,18,4
137,22,13,11
138,22,1,20
139,22,5,11
140,22,9,12
141,22,14,22
142,22,16,6
143,22,10,0
144,22,2,22
145,23,0,14
146,23,10,22
147,23,16,13
148,23,14,23
149,23,18,12
150,23,20,16
151,23,10,13
152,23,15,5
153,24,4,2
154,24,18,14
155,24,19,17
156,24,23,21
157,24,3,21
158,24,0,2
159,24,23,7
160,24,6,22
161,25,5,19
162,25,12,18
163,25,1,24
164,26,12,0
165,26,7,20
166,26,12,6
167,26,6,3
168,26,22,2
169,26,24,0
170,27,0,12
171,27,1,17
172,27,5,2
173,28,8,23
174,28,7,21
175,28,6,13
176,28,4,14
177,28,17,4
178,28,22,10
179,29,10,24
180,29,3,23
181,29,6,0
182,29,9,20
183,29,9,17
184,29,9,24
185,29,8,19
186,29,20,10
187,29,17,6
188,29,21,1
189,30,19,16
190,30,10,18
191,30,7,14
192,30,5,7
193,30,24,11
194,30,9,21
195,30,21,9
196,30,9,7
197,30,23,21
198,31,23,14
199,31,19,8
200,31,7,22
201,31,14,8
202,32,6,24
203,32,23,1
204,32,11,22
205,32,18,14
206,32,10,14
207,32,10,14
208,32,18,8
209,32,12,15
210,33,10,0
211,33,23,14
212,33,0,7
213,33,3,15
214,33,9,1
215,33,10,2
216,34,21,17
217,35,6,21
218,35,5,3
219,35,24,0
220,36,6,24
221,36,8,20
222,36,5,22
223,36,7,16
224,36,20,11
225,36,9,7
226,36,18,5
227,37,15,0
228,37,20,4
229,37,12,22
230,37,7,20
231,37,3,6
232,37,7,9
233,38,17,14
234,39,10,7
235,39,15,6
236,40,10,22
237,40,19,8
238,40,21,5
239,41,24,18
240,41,11,3
241,41,11,18
242,41,20,13
243,41,23,15
244,41,4,23
245,41,7,1
246,41,8,1
247,41,19,16
248,43,1,18
249,43,20,12
250,43,11,23
251,43,4,15
252,43,3,24
253,43,6,0
254,43,2,11
255,43,23,7
256,43,8,17
257,43,7,15
258,43,24,2
259,44,12,24
260,44,1,3
261,44,12,6
262,44,21,9
263,44,13,4
264,44,2,23
265,44,20,11
266,45,16,5
267,45,10,17
268,45,4,14
269,45,0,21
270,45,20,13
271,45,2,14
272,45,11,19
273,46,4,1
274,46,15,12
275,46,9,20
276,46,4,19
277,46,20,12
278,47,22,10
279,47,13,6
280,47,10,2
281,48,17,11
282,48,23,2
283,48,19,13
284,48,19,23
285,49,8,16
286,49,0,15
287,49,6,9
288,49,15,8
289,49,23,21
290,49,0,17
291,50,7,20
292,50,9,2
293,50,22,13
294,50,15,8
295,50,3,18
296,50,9,3
297,51,23,20
298,51,7,19
299,51,7,0
300,51,13,16
301,51,6,4
302,52,2,5
303,52,21,8
304,52,17,11
305,52,11,5
306,52,18,21
307,52,21,19
308,52,20,16
309,52,10,12
310,52,12,9
311,53,23,7
312,53,22,5
313,53,11,0
314,53,16,14
315,53,17,23
316,53,19,17
317,54,2,6
318,54,22,4
319,54,17,24
320,54,6,15
321,54,5,17
322,55,12,9
323,55,6,12
324,55,22,18
325,56,20,14
326,56,4,1
327,56,21,19
328,56,14,20
329,56,23,9
330,56,24,6
331,56,11,17
332,56,3,5
333,56,18,9
334,57,9,17
335,57,8,1
336,57,4,10
337,58,17,13
338,58,19,0
339,58,21,9
340,58,19,5
341,59,2,5
342,59,15,22
343,59,8,2
344,59,13,22
345,59,5,9
346,59,12,18
347,59,8,12
348,59,5,22
349,59,9,16
350,59,9,6
351,60,21,14
352,60,0,18
353,61,4,5
354,61,1,20
355,61,0,23
356,61,18,5
357,61,8,6
358,61,5,1
359,61,20,24
360,61,3,24
361,62,19,21
362,62,3,18
363,62,8,6
364,62,1,7
365,62,2,10
366,63,3,15
367,63,20,7
368,63,5,19
369,63,13,3
370,63,6,14
371,63,12,6
372,63,1,18
373,64,6,20
374,64,22,0
375,64,6,12
376,64,1,4
377,64,23,14
378,64,7,5
379,64,22,9
380,64,16,4
381,65,11,15
382,65,11,4
383,65,19,8
384,65,20,0
385,65,6,17
386,65,20,5
387,66,20,2
388,66,11,9
389,66,16,24
390,66,20,3
391,66,14,24
392,67,15,9
393,67,22,11
394,67,12,19
395,67,24,1
396,67,11,22
397,67,18,20
398,67,12,10
399,67,8,0
400,67,8,21
401,67,9,5
402,67,15,24
403,68,19,3
404,68,15,9
405,68,5,12
406,68,17,13
407,68,18,4
408,68,22,16
409,69,11,1
410,69,0,2
411,69,16,7
412,69,23,2
413,69,14,24
414,69,11,0
415,69,16,4
416,69,1,8
417,69,7,3
418,69,14,10
419,69,23,21
420,70,18,20
421,70,21,23
422,70,10,7
423,70,8,24
424,70,3,10
425,70,4,21
426,70,21,1
427,70,24,15
428,70,12,23
429,70,14,10
430,70,23,7
431,71,13,0
432,71,24,20
433,71,10,22
434,71,11,19
435,71,1,3
436,71,14,11
437,71,5,3
438,72,9,24
439,72,13,5
440,72,2,23
441,73,23,5
442,73,20,19
443,73,19,8
444,73,15,12
445,73,7,14
446,74,12,3
447,74,3,24
448,74,9,3
449,74,14,23
450,74,13,17
451,74,9,20
452,74,19,6
453,74,10,3
454,74,11,3
455,74,20,17
456,74,5,14
457,74,14,22
458,75,22,18
459,75,7,4
460,75,15,17
461,75,11,17
462,75,0,24
463,75,22,19
464,75,1,4
465,76,15,5
466,76,21,6
467,76,10,18
468,76,16,3
469,76,4,11
470,76,23,20
471,77,18,14
472,77,5,17
473,77,5,4
474,78,19,7
475,78,11,15
476,78,21,2
477,78,18,6
478,78,14,17
479,79,22,9
480,79,20,11
481,79,24,16
482,79,9,24
483,79,18,5
484,79,12,8
485,80,22,10
486,80,17,19
487,80,20,18
488,80,13,20
489,81,18,1
490,81,20,18
491,81,21,2
492,82,7,20
493,82,8,15
494,82,14,16
495,82,10,23
496,83,16,1
497,83,19,7
498,83,12,1
499,84,0,21
500,85,23,4
501,85,4,20
502,86,4,19
503,86,2,18
504,86,16,23
505,86,0,22
506,86,11,19
507,86,23,21
508,86,20,1
509,86,17,6
510,86,17,4
511,86,12,23
512,86,13,7
513,87,9,24
514,87,13,22
515,87,17,15
516,87,4,18
517,87,19,12
518,87,21,7
519,87,10,17
520,87,15,6
521,87,0,2
522,87,22,6
523,87,23,14
524,87,18,10
525,88,19,13
526,88,24,16
527,88,17,8
528,88,24,13
529,89,14,23
530,89,4,12
531,89,5,17
532,89,15,1
533,90,3,22
534,90,8,0
535,90,14,3
536,90,20,22
537,90,6,22
538,90,12,3
539,90,8,5
540,90,22,9
541,91,11,5
542,91,20,1
543,91,24,12
544,92,4,15
545,92,8,22
546,92,15,9
547,92,18,21
548,92,23,10
549,92,5,17
550,92,20,11
551,92,14,1
552,93,8,16
553,93,4,0
554,93,6,23
555,93,10,13
556,93,15,17
557,93,4,24
558,93,13,23
559,93,20,10
560,93,3,6
561,94,22,9
562,94,5,17
563,94,7,24
564,94,3,20
565,94,8,4
566,94,5,19
567,94,0,17
568,94,17,10
569,94,5,15
570,95,10,17
571,95,2,16
572,95,5,13
573,95,9,7
574,95,3,22
575,95,14,6
576,95,22,20
577,96,8,1
578,96,0,22
579,96,3,14
580,96,15,22
581,97,15,8
582,97,15,4
583,97,3,10
584,97,3,7
585,97,0,8
586,98,20,9
587,99,18,14
588,99,16,2
589,99,19,20
590,99,7,9
591,99,13,19
592,99,18,12
593,99,10,19
594,99,16,5
595,99,22,10
596,99,7,4
597,99,14,12
598,99,7,24
599,99,4,17
600,100,5,17
601,100,11,1
602,100,11,0
603,100,18,20
604,100,13,10
605,100,9,2
606,100,24,6
607,101,12,15
608,101,11,9
609,101,23,9
610,101,5,24
611,101,16,0
612,101,4,6
613,101,11,17
614,101,6,17
615,102,10,1
616,102,2,13
617,102,2,19
618,102,14,18
619,102,14,18
620,103,7,0
621,103,2,24
622,103,16,13
623,103,11,1
624,103,21,6
625,103,18,9
626,104,13,24
627,104,9,10
628,104,3,12
629,104,1,4
630,104,15,12
631,104,17,5
632,104,21,19
633,104,12,24
634,105,8,11
635,105,19,21
636,105,8,10
637,105,16,6
638,105,0,12
639,105,12,9
640,106,14,4
641,106,6,8
642,106,7,20
643,106,14,15
644,106,3,14
645,106,7,16
646,106,20,22
647,107,11,20
648,107,5,15
649,107,13,21
650,108,24,1
651,108,2,14
652,108,1,7
653,108,24,3
654,108,10,12
655,108,24,15
656,108,1,20
657,109,5,20
658,109,12,3
659,109,17,3
660,110,22,8
661,110,14,5
662,110,2,16
663,110,24,15
664,110,12,20
665,110,24,1
666,110,12,16
667,111,23,17
668,111,20,16
669,111,22,7
670,112,18,7
671,112,24,10
672,112,18,9
673,112,10,16
674,112,1,7
675,112,17,20
676,112,14,5
677,112,1,8
678,113,4,16
679,113,11,9
680,113,13,24
681,113,17,6
682,114,24,8
683,114,8,23
684,114,9,23
685,114,14,16
686,114,11,17
687,114,7,21
688,115,6,10
689,115,18,1
690,115,14,2
691,115,5,7
692,115,4,2
693,115,24,8
694,116,6,0
695,116,14,15
696,116,13,20
697,117,0,12
698,117,0,2
699,118,2,20
700,118,7,0
701,118,23,6
702,118,9,12
703,118,18,5
704,119,16,13
705,119,12,1
706,119,16,18
707,119,6,10
708,119,8,10
709,119,21,12
710,120,10,14
711,120,18,3
712,120,11,2
713,120,24,8
714,120,4,12
715,120,9,1
716,121,11,19
717,121,21,4
718,121,21,0
719,121,18,14
720,121,6,10
721,121,11,18
722,121,17,23
723,122,22,7
724,122,22,7
725,122,13,9
726,122,3,17
727,122,12,5
728,122,17,10
729,123,22,3
730,123,11,0
731,123,24,8
732,123,22,9
733,123,4,22
734,124,15,8
735,124,21,8
736,124,13,6
737,124,15,17
738,125,17,24
739,125,17,1
740,125,14,5
741,125,11,8
742,125,18,16
743,126,6,16
744,126,22,4
745,126,8,10
746,127,23,20
747,127,19,4
748,128,24,2
749,128,2,24
750,128,17,20
751,129,14,23
752,129,14,7
753,129,10,17
754,129,22,19
755,130,0,13
756,130,0,20
757,131,5,16
758,131,4,17
759,131,17,1
760,131,11,15
761,131,1,22
762,131,4,2
763,131,18,12
764,131,7,14
765,131,18,1
766,132,7,1
767,132,14,22
768,132,4,11
769,132,3,10
770,132,4,14
771,132,10,14
772,132,13,15
773,133,9,16
774,133,1,11
775,133,21,5
776,133,24,1
777,133,3,23
778,133,9,1
779,133,11,22
780,133,23,6
781,134,5,24
782,134,3,9
783,134,1,20
784,134,21,12
785,135,2,15
786,135,20,7
787,135,14,24
788,135,0,2
789,135,7,3
790,135,8,14
791,136,1,7
792,136,4,6
793,136,17,10
794,136,9,7
795,136,9,23
796,137,0,20
797,137,9,1
798,137,6,10
799,137,3,20
800,137,21,13
801,137,20,0
802,137,10,21
803,137,6,8
804,138,9,0
805,138,20,10
806,138,3,16
807,138,24,16
808,138,19,6
809,139,16,22
810,139,9,23
811,139,8,14
812,139,16,23
813,139,16,5
814,140,5,11
815,140,1,23
816,140,4,7
817,140,6,4
818,140,5,19
819,140,18,0
820,140,2,13
821,141,0,7
822,141,16,12
823,141,11,7
824,141,17,0
825,141,3,6
826,142,17,9
827,142,10,8
828,142,13,9
829,142,9,18
830,143,10,6
831,143,6,4
832,144,3,21
833,144,0,14
834,145,0,22
835,145,19,10
836,145,9,11
837,145,14,22
838,145,12,19
839,145,1,24
840,146,18,24
841,146,2,16
842,146,15,4
843,146,13,7
844,146,14,22
845,146,20,24
846,147,4,18
847,147,2,16
848,147,24,2
849,147,12,6
850,147,22,19
851,147,20,0
852,147,18,0
853,147,2,11
854,148,6,22
855,148,9,18
856,148,14,4
857,148,20,4
858,148,12,3
859,149,20,12
860,149,5,9
861,149,23,7
862,149,4,5
863,149,17,11
864,149,19,12
865,150,24,3
866,150,19,1
867,150,17,20
868,150,14,3
869,150,1,7
870,151,21,7
871,151,5,2
872,151,14,16
873,151,4,8
874,151,13,1
875,151,24,0
876,152,22,20
877,152,22,24
878,152,1,8
879,152,15,9
880,152,9,23
881,152,10,2
882,153,8,2
883,153,15,5
884,153,6,15
885,153,2,18
886,153,18,6
887,154,7,22
888,154,16,24
889,154,23,16
890,155,16,10
891,155,5,9
892,155,8,4
893,155,2,23
894,155,6,20
895,155,13,11
896,156,4,17
897,156,20,8
898,156,21,4
899,156,23,4
900,156,18,7
901,157,23,5
902,157,11,21
903,157,7,18
904,157,11,17
905,157,10,9
906,157,13,19
907,157,0,6
908,158,19,23
909,158,13,11
910,158,0,18
911,158,11,4
912,158,13,20
913,158,24,1
914,158,11,14
915,158,17,1
916,158,23,4
917,158,21,10
918,158,15,1
919,158,0,3
920,158,22,1
921,159,17,15
922,159,5,18
923,159,14,0
924,159,14,22
925,159,22,11
926,160,1,3
927,160,3,0
928,160,2,18
929,160,1,14
930,161,15,1
931,161,23,6
932,161,24,22
933,161,23,15
934,161,6,3
935,162,12,9
936,162,18,7
937,162,22,7
938,163,16,6
939,163,18,21
940,163,4,1
941,163,3,11
942,164,3,15
943,164,14,18
944,164,20,4
945,164,4,24
946,164,21,12
947,165,11,18
948,165,15,5
949,165,23,16
950,165,19,16
951,165,1,21
952,166,13,24
953,166,22,5
954,166,10,22
955,166,7,24
956,166,5,2
957,166,21,5
958,166,1,10
959,166,9,11
960,167,8,18
961,167,3,16
962,167,20,6
963,167,6,15
964,167,16,20
965,168,8,16
966,168,19,16
967,168,12,23
968,168,24,20
969,169,5,3
970,169,10,2
971,169,11,19
972,169,6,24
973,169,11,15
974,170,24,20
975,170,23,7
976,170,22,11
977,170,12,8
978,170,16,2
979,170,18,2
980,170,24,4
981,170,8,14
982,171,13,5
983,171,0,9
984,171,2,22
985,171,18,14
986,172,19,2
987,172,24,0
988,172,20,7
989,172,17,19
990,173,4,16
991,173,11,19
992,173,8,22
993,173,21,15
994,173,21,5
995,173,15,4
996,174,22,3
997,174,8,17
998,174,16,3
999,174,16,5
1000,174,12,10
1001,174,2,15
1002,175,10,22
1003,175,5,15
1004,175,7,24
1005,175,4,24
1006,175,5,18
1007,175,1,10
1008,175,21,19
1009,175,22,9
1010,175,10,21
1011,175,1,17
1012,175,1,16
1013,176,8,5
1014,176,19,9
1015,176,3,5
1016,177,18,8
1017,177,2,15
1018,178,18,0
1019,178,1,4
1020,178,24,18
1021,178,21,5
1022,178,22,10
1023,178,19,20
1024,178,7,24
1025,178,4,7
1026,179,15,17
1027,180,9,6
1028,180,11,8
1029,180,7,9
1030,180,2,9
1031,180,15,1
1032,180,1,7
1033,180,20,10
1034,181,21,8
1035,181,24,22
1036,181,4,15
1037,181,18,6
1038,181,22,3
1039,182,5,20
1040,182,10,6
1041,182,9,19
1042,182,12,23
1043,182,21,13
1044,183,5,20
1045,183,10,1
1046,183,13,20
1047,183,11,23
1048,183,10,0
1049,183,7,4
1050,183,21,23
1051,184,4,20
1052,184,14,2
1053,184,13,0
1054,184,15,4
1055,185,2,0
1056,185,13,0
1057,185,11,13
1058,185,4,17
1059,185,22,7
1060,186,6,15
1061,186,15,23
1062,186,0,2
1063,186,7,18
1064,187,6,13
1065,187,12,22
1066,187,22,20
1067,187,14,20
1068,187,6,23
1069,188,8,14
1070,188,5,13
1071,188,23,8
1072,188,1,24
1073,188,2,24
1074,189,6,12
1075,189,9,1
1076,189,0,10
1077,189,19,9
1078,190,17,11
1079,190,2,15
1080,190,11,3
1081,190,1,15
1082,190,8,10
1083,190,23,9
1084,191,10,18
1085,191,19,11
1086,191,13,21
1087,192,3,10
1088,192,3,21
1089,193,13,0
1090,193,24,5
1091,193,11,17
1092,193,23,19
1093,193,10,3
1094,193,5,2
1095,193,7,19
1096,193,3,9
1097,194,3,14
1098,194,3,12
1099,194,23,1
1100,194,4,11
1101,194,17,11
1102,194,14,2
1103,194,1,18
1104,194,19,13
1105,194,6,22
1106,194,15,5
1107,195,16,8
1108,195,3,11
1109,195,21,8
1110,195,23,16
1111,195,23,19
1112,195,13,16
1113,195,23,0
1114,196,24,10
1115,196,17,24
1116,196,1,16
1117,196,4,11
1118,196,15,23
1119,196,14,22
1120,196,8,16
1121,196,24,18
1122,197,24,17
1123,197,23,3
1124,197,20,9
1125,198,9,12
1126,198,12,22
1127,198,13,3
1128,198,22,6
1129,199,15,12
1130,199,16,0
1131,199,19,1
1132,200,14,6
1133,200,2,13
1134,200,16,10
1135,200,11,22
1136,200,10,19
1137,201,5,13
1138,201,24,12
1139,201,7,10
1140,201,7,4
1141,201,4,22
1142,201,18,16
1143,201,12,3
1144,201,0,22
1145,201,0,20
1146,201,6,2
1147,201,2,19
1148,201,10,6
1149,203,17,13
1150,203,9,11
1151,203,9,18
1152,203,14,10
1153,204,8,12
1154,204,8,2
1155,204,11,15
1156,205,1,14
1157,205,2,16
1158,205,1,21
1159,205,13,2
1160,205,22,16
1161,205,5,21
1162,206,23,4
1163,206,4,21
1164,206,22,1
1165,206,24,0
1166,206,15,13
1167,207,7,21
1168,207,15,13
1169,207,11,9
1170,207,23,4
1171,207,14,23
1172,208,0,17
1173,208,13,9
1174,208,2,14
1175,209,9,18
1176,209,6,10
1177,209,6,16
1178,209,15,18
1179,209,9,20
1180,209,11,15
1181,210,4,17
1182,210,19,23
1183,211,18,9
1184,211,11,20
1185,211,14,1
1186,211,5,17
1187,211,11,2
1188,211,21,17
1189,211,0,23
1190,212,1,4
1191,212,16,2
1192,213,14,16
1193,213,23,10
1194,213,3,21
1195,213,15,14
1196,214,5,15
1197,214,18,10
1198,214,4,0
1199,214,20,11
1200,214,3,11
1201,214,3,0
1202,214,13,11
1203,214,10,20
1204,214,8,5
1205,214,5,3
1206,215,24,13
1207,215,14,0
1208,215,22,24
1209,215,15,22
1210,215,5,3
1211,216,20,0
1212,216,10,18
1213,216,5,14
1214,217,0,6
1215,217,19,20
1216,217,21,13
1217,217,8,23
1218,217,0,8
1219,217,8,20
1220,217,2,15
1221,217,17,23
1222,217,3,13
1223,217,1,12
1224,217,15,11
1225,218,8,19
1226,218,9,21
1227,218,20,5
1228,218,15,1
1229,218,18,24
1230,219,0,17
1231,219,9,5
1232,219,17,15
1233,219,15,2
1234,219,7,23
1235,220,5,18
1236,220,6,19
1237,220,24,2
1238,220,12,21
1239,220,10,19
1240,220,13,24
1241,220,21,12
1242,221,0,23
1243,221,19,13
1244,221,0,18
1245,221,13,2
1246,221,3,18
1247,222,7,21
1248,222,3,24
1249,222,2,5
1250,222,8,5
1251,222,3,19
1252,222,0,4
1253,222,8,14
1254,222,3,16
1255,222,14,15
1256,223,23,0
1257,223,11,17
1258,223,15,12
1259,223,10,17
1260,223,9,22
1261,223,3,24
1262,223,11,23
1263,223,17,4
1264,223,12,16
1265,224,10,18
1266,224,5,24
1267,224,8,21
1268,224,2,9
1269,225,16,1
1270,226,1,23
1271,226,7,23
1272,226,9,22
1273,227,9,3
1274,227,3,19
1275,227,8,4
1276,227,23,5
1277,227,10,2
1278,227,24,12
1279,228,24,9
1280,228,23,15
1281,228,13,0
1282,228,15,13
1283,228,11,9
1284,229,14,23
1285,229,8,12
1286,229,3,21
1287,230,0,23
1288,230,10,1
1289,230,3,14
1290,230,22,16
1291,231,6,3
1292,231,16,18
1293,232,9,11
1294,232,24,5
1295,232,5,23
1296,232,22,2
1297,233,13,21
1298,233,0,23
1299,233,22,6
1300,233,5,19
1301,233,24,13
1302,234,5,17
1303,234,2,21
1304,234,17,10
1305,234,4,19
1306,235,21,12
1307,235,14,5
1308,235,15,18
1309,235,11,5
1310,235,7,21
1311,236,19,17
1312,236,22,0
1313,236,0,2
1314,236,10,23
1315,236,21,13
1316,236,15,6
1317,236,12,3
1318,237,8,4
1319,237,8,24
1320,237,16,23
1321,237,0,6
1322,238,3,18
1323,238,9,21
1324,238,6,18
1325,238,10,22
1326,238,1,14
1327,238,20,9
1328,239,15,18
1329,240,23,2
1330,240,24,16
1331,240,14,23
1332,240,16,23
1333,240,5,23
1334,240,20,23
1335,240,19,12
1336,240,14,21
1337,241,17,4
1338,241,15,21
1339,241,16,23
1340,241,24,3
1341,241,12,6
1342,241,24,22
1343,242,9,3
1344,242,11,7
1345,242,7,1
1346,242,2,22
1347,242,3,11
1348,242,1,24
1349,243,19,15
1350,243,18,3
1351,243,5,19
1352,243,22,10
1353,243,7,16
1354,243,11,7
1355,243,22,20
1356,243,17,23
1357,244,7,17
1358,244,9,0
1359,244,4,18
1360,244,5,21
1361,244,6,18
1362,244,14,5
1363,245,6,12
1364,245,24,6
1365,245,16,2
1366,246,6,2
1367,246,10,0
1368,246,19,12
1369,246,16,18
1370,247,4,13
1371,247,6,3
1372,247,12,10
1373,247,22,5
1374,247,9,12
1375,247,17,15
1376,247,1,10
1377,247,24,21
1378,247,3,13
1379,247,12,20
1380,248,19,12
1381,248,6,15
1382,248,23,13
1383,248,4,20
1384,248,3,15
1385,248,11,5
1386,248,19,6
1387,248,2,14
1388,249,3,9
1389,249,5,14
1390,249,18,22
1391,249,1,3
1392,249,22,18
1393,250,17,0
1394,250,17,7
1395,250,14,10
1396,250,7,19
1397,250,24,0
1398,250,5,21
1399,250,14,17
1400,251,14,8
1401,251,21,0
1402,251,6,9
1403,251,22,19
1404,251,0,14
1405,251,24,2
1406,251,2,16
1407,252,1,3
1408,252,20,19
1409,252,2,17
1410,253,14,15
1411,253,20,7
1412,253,8,10
1413,254,12,0
1414,254,7,3
1415,254,3,14
1416,255,11,18
1417,255,12,1
1418,255,0,9
1419,256,13,1
1420,256,1,20
1421,256,1,8
1422,256,16,4
1423,257,6,9
1424,257,24,1
1425,257,7,0
1426,257,9,3
1427,257,11,0
1428,257,0,24
1429,258,3,7
1430,258,0,10
1431,258,12,9
1432,258,8,23
1433,258,11,21
1434,258,6,3
1435,259,22,3
1436,259,14,6
1437,259,5,2
1438,259,18,2
1439,260,11,24
1440,260,4,18
1441,260,16,1
1442,260,19,15
1443,261,1,23
1444,261,23,14
1445,261,16,1
1446,261,24,14
1447,261,0,20
1448,261,12,10
1449,262,3,11
1450,262,4,24
1451,262,22,19
1452,262,11,18
1453,262,15,12
1454,262,4,14
1455,263,20,10
1456,263,3,24
1457,263,10,12
1458,264,5,9
1459,264,16,9
1460,264,9,17
1461,264,21,19
1462,264,15,23
1463,264,14,4
1464,264,12,1
1465,265,7,21
1466,265,10,24
1467,265,4,2
1468,265,12,4
1469,266,7,19
1470,266,17,19
1471,266,4,14
1472,266,15,2
1473,266,11,3
1474,266,24,7
1475,266,13,5
1476,267,5,15
1477,267,14,3
1478,267,14,11
1479,268,4,20
1480,268,22,24
1481,268,16,14
1482,268,8,23
1483,268,14,10
1484,268,24,12
1485,268,14,22
1486,268,8,1
1487,268,11,21
1488,268,21,5
1489,269,9,17
1490,269,15,3
1491,269,11,22
1492,269,0,22
1493,269,0,8
1494,269,2,11
1495,269,11,8
1496,269,17,19
1497,269,15,13
1498,269,22,5
1499,269,21,12
1500,270,15,6
1501,270,6,24
1502,270,6,21
1503,270,24,14
1504,270,2,18
1505,271,12,18
1506,271,10,13
1507,271,9,11
1508,271,17,8
1509,271,14,3
1510,271,9,19
1511,271,12,24
1512,271,15,22
1513,272,6,16
1514,272,18,24
1515,272,2,9
1516,272,9,5
1517,272,5,13
1518,272,8,16
1519,273,20,16
1520,273,21,17
1521,273,10,7
1522,273,3,17
1523,273,3,16
1524,274,17,1
1525,274,22,6
1526,274,16,1
1527,275,21,5
1528,275,16,12
1529,275,0,3
1530,275,5,16
1531,275,5,16
1532,275,9,2
1533,275,20,16
1534,276,18,16
1535,276,23,0
1536,276,9,19
1537,277,24,1
1538,277,4,13
1539,277,6,22
1540,277,9,7
1541,277,12,20
1542,277,5,15
1543,278,1,23
1544,278,14,17
1545,278,3,19
1546,278,7,17
1547,278,24,22
1548,278,14,17
1549,278,2,15
1550,279,6,15
1551,279,24,18
1552,279,20,14
1553,279,3,1
1554,279,20,24
1555,280,19,10
1556,280,0,6
1557,280,3,15
1558,280,0,6
1559,281,2,24
1560,281,14,1
1561,281,3,13
1562,282,10,14
1563,282,20,14
1564,282,16,1
1565,283,1,10
1566,283,11,17
1567,283,2,18
1568,283,24,21
1569,283,2,4
1570,283,4,20
1571,284,3,13
1572,284,22,9
1573,284,19,16
1574,284,24,2
1575,284,8,12
1576,284,4,24
1577,284,16,5
1578,285,1,11
1579,285,21,5
1580,285,11,8
1581,285,13,7
1582,285,2,24
1583,285,6,21
1584,286,2,14
1585,286,0,4
1586,286,0,22
1587,286,4,11
1588,286,12,14
1589,287,21,10
1590,287,12,2
1591,288,8,20
1592,288,8,0
1593,289,21,15
1594,289,2,14
1595,289,17,13
1596,289,0,20
1597,289,23,19
1598,290,11,2
1599,290,2,10
1600,290,8,0
1601,290,15,23
1602,290,2,21
1603,290,6,3
1604,290,16,8
1605,291,13,16
1606,291,0,16
1607,291,18,14
1608,291,2,16
1609,291,4,16
1610,291,17,20
1611,292,0,16
1612,292,2,8
1613,293,17,3
1614,293,11,18
1615,293,12,20
1616,293,17,15
1617,294,5,23
1618,294,15,8
1619,294,4,20
1620,294,19,7
1621,295,17,15
1622,295,11,13
1623,295,4,0
1624,296,7,5
1625,296,1,5
1626,296,15,11
1627,296,10,3
1628,296,16,22
1629,296,13,23
1630,296,17,2
1631,296,6,19
1632,297,6,14
1633,297,15,18
1634,297,18,11
1635,297,17,19
1636,297,11,9
1637,298,17,20
1638,298,22,19
1639,298,0,24
1640,298,6,22
1641,299,3,14
1642,299,16,3
1643,299,19,9
1644,299,22,9
1645,299,22,7
1646,299,23,4
1647,300,20,4
1648,300,5,11
1649,300,24,5
1650,301,5,11
1651,301,7,19
1652,301,1,20
1653,301,12,22
1654,301,8,17
1655,301,16,23
1656,301,16,1
1657,302,16,9
1658,302,14,12
1659,302,14,7
1660,302,20,18
1661,302,7,20
1662,302,3,19
1663,302,9,13
1664,303,20,18
1665,303,14,24
1666,303,19,16
1667,303,23,19
1668,303,20,13
1669,304,21,15
1670,304,19,13
1671,304,23,3
1672,304,7,0
1673,304,13,17
1674,305,4,17
1675,305,3,7
1676,305,9,17
1677,305,20,8
1678,305,7,17
1679,305,1,21
1680,305,22,3
1681,305,4,0
1682,306,3,23
1683,306,23,2
1684,306,1,17
1685,306,10,14
1686,306,15,4
1687,307,12,22
1688,307,8,4
1689,307,23,8
1690,307,13,15
1691,308,10,21
1692,308,15,19
1693,308,0,20
1694,308,12,18
1695,308,10,8
1696,308,0,24
1697,308,5,1
1698,309,7,22
1699,310,5,17
1700,310,14,3
1701,310,17,15
1702,310,8,18
1703,310,15,7
1704,311,22,12
1705,311,20,1
1706,311,8,6
1707,311,0,20
1708,311,19,21
1709,312,2,9
1710,312,15,8
1711,312,2,13
1712,312,0,6
1713,312,0,16
1714,312,24,18
1715,313,1,11
1716,313,24,11
1717,313,10,9
1718,314,3,16
1719,314,5,16
1720,314,5,22
1721,314,1,12
1722,314,3,23
1723,314,21,24
1724,314,4,15
1725,314,18,22
1726,314,13,2
1727,314,15,23
1728,315,19,15
1729,315,18,5
1730,315,20,4
1731,315,7,23
1732,315,11,1
1733,316,16,19
1734,316,3,18
1735,316,8,21
1736,317,9,15
1737,317,15,8
1738,317,4,6
1739,318,8,4
1740,318,2,13
1741,318,22,9
1742,318,23,12
1743,319,17,20
1744,319,22,3
1745,319,6,13
1746,319,17,13
1747,319,15,1
1748,320,4,12
1749,320,3,22
1750,320,14,5
1751,320,3,15
1752,321,2,6
1753,321,14,24
1754,321,12,21
1755,321,4,22
1756,321,12,24
1757,321,4,0
1758,321,3,16
1759,322,7,22
1760,322,18,20
1761,322,11,1
1762,323,1,21
1763,323,22,20
1764,323,7,24
1765,323,6,12
1766,323,10,6
1767,323,0,20
1768,323,2,12
1769,323,15,1
1770,323,10,21
1771,324,17,19
1772,324,3,9
1773,324,3,7
1774,324,0,13
1775,324,7,16
1776,324,15,1
1777,325,21,11
1778,325,17,10
1779,325,23,11
1780,325,8,23
1781,326,16,2
1782,326,9,17
1783,326,7,15
1784,326,12,16
1785,326,7,24
1786,326,6,10
1787,326,16,1
1788,327,0,19
1789,327,22,20
1790,327,0,3
1791,327,3,11
1792,327,2,24
1793,327,20,14
1794,327,6,13
1795,328,6,0
1796,328,24,9
1797,328,2,21
1798,328,19,21
1799,328,16,19
1800,328,15,23
1801,329,1,20
1802,329,4,11
1803,329,19,15
1804,329,16,5
1805,329,5,24
1806,329,16,8
1807,330,5,11
1808,330,23,16
1809,330,10,8
1810,330,15,24
1811,330,11,9
1812,331,19,6
1813,331,17,1
1814,331,8,0
1815,331,9,7
1816,331,24,18
1817,331,16,19
1818,332,7,18
1819,332,9,21
1820,332,16,18
1821,332,23,21
1822,333,5,15
1823,333,11,24
1824,333,20,5
1825,334,8,22
1826,334,23,14
1827,334,10,22
1828,334,20,1
1829,334,20,8
1830,334,22,6
1831,335,17,23
1832,335,6,23
1833,335,3,14
1834,335,24,10
1835,335,15,24
1836,335,7,23
1837,335,17,19
1838,335,10,23
1839,335,4,21
1840,336,13,4
1841,336,16,7
1842,336,21,18
1843,336,23,21
1844,337,6,12
1845,337,4,11
1846,337,9,16
1847,337,1,19
1848,337,12,14
1849,338,12,18
1850,338,16,14
1851,338,11,0
1852,338,13,2
1853,338,23,8
1854,338,10,0
1855,338,23,9
1856,338,20,5
1857,339,4,12
1858,339,14,22
1859,339,7,5
1860,340,12,6
1861,340,19,5
1862,341,23,9
1863,341,16,13
1864,341,3,15
1865,341,15,22
1866,341,20,14
1867,341,11,19
1868,341,13,9
1869,341,14,0
1870,342,3,0
1871,342,13,23
1872,342,10,1
1873,342,4,6
1874,342,4,14
1875,342,14,23
1876,342,7,11
1877,342,22,10
1878,342,4,23
1879,343,7,19
1880,343,24,18
1881,343,1,19
1882,343,23,0
1883,343,21,23
1884,343,0,14
1885,343,16,1
1886,344,8,16
1887,344,7,24
1888,344,4,6
1889,344,1,9
1890,345,6,2
1891,345,15,17
1892,345,20,16
1893,345,11,1
1894,346,5,3
1895,347,5,17
1896,347,5,20
1897,347,6,13
1898,347,3,16
1899,347,20,18
1900,347,10,22
1901,348,7,15
1902,348,5,1
1903,348,21,7
1904,349,7,23
1905,349,9,2
1906,349,24,11
1907,350,11,18
1908,350,20,9
1909,350,10,14
1910,350,10,23
1911,350,1,21
1912,351,6,16
1913,351,10,7
1914,351,8,0
1915,351,16,5
1916,351,6,3
1917,351,16,19
1918,352,10,18
1919,352,17,2
1920,352,13,11
1921,352,11,13
1922,352,9,5
1923,352,2,0
1924,352,6,14
1925,353,3,6
1926,353,4,22
1927,353,2,4
1928,353,3,13
1929,353,4,6
1930,353,18,8
1931,354,4,0
1932,354,19,22
1933,354,10,8
1934,354,4,15
1935,354,16,12
1936,354,18,24
1937,354,20,4
1938,355,0,14
1939,355,22,1
1940,355,1,15
1941,355,16,4
1942,355,12,18
1943,355,16,14
1944,355,5,1
1945,356,7,3
1946,356,21,7
1947,356,13,11
1948,356,10,9
1949,356,18,15
1950,356,19,11
1951,357,15,22
1952,357,16,13
1953,357,13,17
1954,358,10,18
1955,358,15,8
1956,358,20,14
1957,358,0,8
1958,358,1,17
1959,358,0,17
1960,358,9,6
1961,359,23,21
1962,359,11,20
1963,359,1,9
1964,359,21,23
1965,359,3,11
1966,360,14,8
1967,360,22,12
1968,360,16,4
1969,361,2,15
1970,361,0,8
1971,362,6,9
1972,362,11,13
1973,362,9,6
1974,362,10,1
1975,362,7,23
1976,363,4,18
1977,363,13,2
1978,363,12,16
1979,363,6,22
1980,363,10,21
1981,364,1,22
1982,364,6,13
1983,364,23,14
1984,364,1,10
1985,364,18,7
1986,365,14,20
1987,365,20,3
1988,365,6,21
1989,366,9,18
1990,366,15,23
1991,366,2,0
1992,366,16,9
1993,367,8,1
1994,367,10,13
1995,367,3,1
1996,367,7,23
1997,367,16,5
1998,367,12,6
1999,368,23,10
2000,368,23,0
2001,368,21,12
2002,368,13,19
2003,368,13,4
2004,368,21,15
2005,368,0,18
2006,368,15,5
2007,369,23,7
2008,369,7,15
2009,369,15,22
2010,369,17,9
2011,369,1,17
2012,369,10,2
2013,369,21,5
2014,369,9,3
2015,369,10,21
2016,369,4,15
2017,370,1,13
2018,370,14,22
2019,370,11,21
2020,370,12,5
2021,370,14,1
2022,370,16,24
2023,370,17,14
2024,370,7,15
2025,371,14,22
2026,371,23,10
2027,371,20,16
2028,371,20,8
2029,372,13,23
2030,372,0,11
2031,372,4,24
2032,372,1,5
2033,372,0,16
2034,372,6,22
2035,372,15,24
2036,372,21,15
2037,372,24,5
2038,373,10,3
2039,373,24,20
2040,373,4,5
2041,373,5,7
2042,373,13,20
2043,373,7,5
2044,373,4,16
2045,373,3,19
2046,373,15,6
2047,374,19,17
2048,374,12,16
2049,374,12,0
2050,374,5,2
2051,374,17,5
2052,375,9,20
2053,375,0,10
2054,375,4,12
2055,376,18,15
2056,376,23,21
2057,376,20,17
2058,376,10,20
2059,377,12,8
2060,377,16,22
2061,377,9,15
2062,377,5,3
2063,377,15,3
2064,377,20,16
2065,377,24,20
2066,377,17,24
2067,378,23,10
2068,378,5,3
2069,378,18,6
2070,379,9,7
2071,379,3,23
2072,379,20,14
2073,379,13,11
2074,379,6,18
2075,379,14,0
2076,379,21,17
2077,379,14,23
2078,380,16,6
2079,380,18,1
2080,380,15,5
2081,380,13,3
2082,380,18,10
2083,380,11,20
2084,380,23,15
2085,380,20,17
2086,380,4,6
2087,381,0,9
2088,382,16,3
2089,382,22,9
2090,382,0,20
2091,382,11,23
2092,383,2,15
2093,383,14,10
2094,383,19,21
2095,383,16,10
2096,383,7,24
2097,383,3,12
2098,384,17,24
2099,384,3,21
2100,384,0,17
2101,384,24,10
2102,384,23,21
2103,385,4,7
2104,385,23,15
2105,385,13,23
2106,386,23,14
2107,386,6,4
2108,386,4,6
2109,386,15,4
2110,387,11,3
2111,387,7,16
2112,387,18,24
2113,387,8,15
2114,387,3,23
2115,387,20,5
2116,387,23,17
2117,388,1,20
2118,388,19,21
2119,388,6,3
2120,388,16,10
2121,388,2,21
2122,388,18,12
2123,388,0,15
2124,389,9,7
2125,389,16,13
2126,391,16,7
2127,391,8,20
2128,392,22,13
2129,392,5,19
2130,392,6,3
2131,392,5,17
2132,392,16,20
2133,392,16,3
2134,392,23,19
2135,392,20,23
2136,392,1,24
2137,392,7,24
2138,392,10,6
2139,392,17,6
2140,393,13,22
2141,393,5,3
2142,394,12,20
2143,394,21,2
2144,394,11,13
2145,394,20,4
2146,394,11,14
2147,394,14,20
2148,394,10,2
2149,395,22,19
2150,395,13,10
2151,395,18,10
2152,395,15,5
2153,395,20,2
2154,395,13,9
2155,395,21,23
2156,395,24,18
2157,396,9,16
2158,396,13,17
2159,397,3,0
2160,397,21,3
2161,397,1,15
2162,397,24,17
2163,397,8,10
2164,397,2,12
2165,397,15,24
2166,397,20,3
2167,397,14,12
2168,397,16,9
2169,398,12,14
2170,398,8,15
2171,398,1,13
2172,398,2,16
2173,398,21,13
2174,398,1,3
2175,398,24,12
2176,398,18,3
2177,398,17,6
2178,398,4,8
2179,398,14,20
2180,398,8,5
2181,398,13,2
2182,398,20,6
2183,399,20,18
2184,399,14,0
2185,399,10,24
2186,399,15,5
2187,399,4,5
2188,400,8,15
2189,400,15,3
2190,400,24,3
2191,400,17,4
2192,400,22,12
2193,400,22,5
2194,400,5,11
2195,400,16,23
2196,400,8,18
2197,400,15,5
2198,401,15,12
2199,401,16,7
2200,401,1,14
2201,401,5,9
2202,402,10,4
2203,402,19,21
2204,402,23,11
2205,402,2,23
2206,403,22,3
2207,403,8,6
2208,403,7,4
2209,403,23,19
2210,403,15,21
2211,404,16,0
2212,404,0,14
2213,404,16,8
2214,404,9,18
2215,404,11,18
2216,404,17,19
2217,404,20,3
2218,404,2,19
2219,405,15,2
2220,405,8,24
2221,405,0,11
2222,405,3,1
2223,406,11,4
2224,406,20,23
2225,406,21,24
2226,406,20,12
2227,406,22,10
2228,406,9,7
2229,406,19,2
2230,407,2,9
2231,407,2,17
2232,407,14,23
2233,407,3,21
2234,407,7,15
2235,407,13,4
2236,407,14,0
2237,407,22,1
2238,407,1,4
2239,408,18,4
2240,408,19,0
2241,408,22,4
2242,408,23,3
2243,408,15,21
2244,408,5,18
2245,408,3,1
2246,408,4,16
2247,409,4,13
2248,409,17,21
2249,409,1,11
2250,409,24,3
2251,409,1,22
2252,409,23,17
2253,409,14,5
2254,410,15,8
2255,410,19,12
2256,410,22,20
2257,410,5,4
2258,410,21,13
2259,410,16,6
2260,410,13,16
2261,411,12,16
2262,411,22,13
2263,411,20,11
2264,411,14,2
2265,411,3,22
2266,411,18,24
2267,412,0,4
2268,412,20,8
2269,412,15,18
2270,412,3,20
2271,412,16,6
2272,412,4,23
2273,412,1,24
2274,412,19,22
2275,412,7,24
2276,413,15,19
2277,413,2,16
2278,413,22,2
2279,413,2,16
2280,413,20,23
2281,413,20,18
2282,413,13,23
2283,413,0,7
2284,413,21,13
2285,414,1,12
2286,414,10,8
2287,414,3,12
2288,414,11,8
2289,414,12,20
2290,415,5,14
2291,415,6,18
2292,415,13,7
2293,415,10,8
2294,415,9,15
2295,416,21,11
2296,416,2,11
2297,416,2,10
2298,416,10,22
2299,416,9,23
2300,416,16,2
2301,416,2,9
2302,417,23,15
2303,417,24,9
2304,417,9,24
2305,417,15,7
2306,417,7,10
2307,418,24,6
2308,419,22,15
2309,419,5,9
2310,419,22,24
2311,419,1,13
2312,419,15,23
2313,419,5,20
2314,420,17,13
2315,420,13,1
2316,420,14,21
2317,420,0,3
2318,420,13,17
2319,420,1,4
2320,420,23,21
2321,421,6,2
2322,421,24,20
2323,421,16,18
2324,421,20,19
2325,421,12,21
2326,421,13,4
2327,421,20,10
2328,422,24,10
2329,422,11,24
2330,422,18,16
2331,422,4,18
2332,422,16,18
2333,422,12,10
2334,422,5,11
2335,423,4,1
2336,423,21,23
2337,423,9,6
2338,423,17,8
2339,423,14,24
2340,423,1,24
2341,423,1,10
2342,423,23,15
2343,424,14,10
2344,424,5,9
2345,424,3,6
2346,424,0,13
2347,425,21,5
2348,425,15,3
2349,425,23,12
2350,425,7,11
2351,425,5,11
2352,425,20,10
2353,425,18,6
2354,425,7,4
2355,426,16,18
2356,426,9,23
2357,426,18,21
2358,426,9,5
2359,427,14,18
2360,427,23,4
2361,427,9,5
2362,428,2,23
2363,428,0,20
2364,428,4,2
2365,428,23,0
2366,428,15,12
2367,428,7,5
2368,428,8,16
2369,428,1,21
2370,429,13,0
2371,429,23,13
2372,429,16,19
2373,429,18,4
2374,429,14,21
2375,429,7,5
2376,429,6,8
2377,430,24,18
2378,430,17,1
2379,430,4,15
2380,431,1,7
2381,431,18,5
2382,431,11,18
2383,431,21,7
2384,431,16,5
2385,431,14,11
2386,431,3,11
2387,432,0,3
2388,432,24,11
2389,432,19,7
2390,432,11,14
2391,433,21,2
2392,433,12,1
2393,433,21,4
2394,433,11,7
2395,433,24,9
2396,433,13,17
2397,433,4,18
2398,433,23,5
2399,434,22,3
2400,434,7,5
2401,434,5,20
2402,434,0,12
2403,434,15,7
2404,435,14,6
2405,435,2,0
2406,435,8,17
2407,435,13,1
2408,435,18,4
2409,435,23,9
2410,435,18,16
2411,436,1,4
2412,436,6,16
2413,436,3,9
2414,436,1,15
2415,436,10,1
2416,436,23,6
2417,436,8,0
2418,436,13,17
2419,437,19,20
2420,437,2,12
2421,437,2,18
2422,437,1,3
2423,437,20,1
2424,437,4,16
2425,437,14,15
2426,437,6,18
2427,437,0,2
2428,437,17,1
2429,438,18,12
2430,438,9,12
2431,438,20,6
2432,438,2,11
2433,438,9,18
2434,439,11,22
2435,439,21,7
2436,439,2,14
2437,440,11,5
2438,440,10,4
2439,440,13,4
2440,440,22,7
2441,440,18,11
2442,441,2,13
2443,441,11,21
2444,441,15,13
2445,441,2,13
2446,442,17,9
2447,442,8,19
2448,442,16,13
2449,442,20,12
2450,442,6,4
2451,442,19,0
2452,442,3,6
2453,442,11,19
2454,442,18,0
2455,443,19,12
2456,443,18,1
2457,443,22,3
2458,443,17,24
2459,443,8,6
2460,443,15,24
2461,443,9,24
2462,444,13,1
2463,444,23,16
2464,444,2,10
2465,444,9,21
2466,444,17,21
2467,444,21,15
2468,444,17,14
2469,444,0,24
2470,444,19,22
2471,444,20,23
2472,445,15,1
2473,445,2,20
2474,445,3,1
2475,445,10,8
2476,445,2,17
2477,445,24,4
2478,445,14,3
2479,445,13,17
2480,446,14,3
2481,446,20,22
2482,446,13,5
2483,446,0,10
2484,447,6,12
2485,447,1,11
2486,447,10,0
2487,447,2,9
2488,447,14,20
2489,447,4,12
2490,447,21,0
2491,448,5,13
2492,448,9,12
2493,448,2,18
2494,448,2,17
2495,448,17,15
2496,448,8,17
2497,448,16,14
2498,448,10,14
2499,448,16,12
2500,448,5,17
2501,449,8,14
2502,449,1,9
2503,449,20,18
2504,449,16,12
2505,449,18,6
2506,449,10,20
2507,450,19,21
2508,450,24,3
2509,450,11,8
2510,450,14,10
2511,450,16,6
2512,451,3,24
2513,451,1,19
2514,451,10,3
2515,451,12,15
2516,451,16,9
2517,451,23,15
2518,451,4,10
2519,452,1,15
2520,452,11,7
2521,452,0,16
2522,452,1,13
2523,452,20,0
2524,452,16,19
2525,452,18,1
2526,452,2,21
2527,453,8,16
2528,453,6,10
2529,453,23,9
2530,453,13,1
2531,453,15,23
2532,453,24,9
2533,453,8,1
2534,453,23,6
2535,453,4,24
2536,453,23,14
2537,454,3,19
2538,454,23,0
2539,454,20,8
2540,454,20,3
2541,454,4,1
2542,454,3,22
2543,454,8,17
2544,455,10,19
2545,455,24,22
2546,455,9,5
2547,455,6,16
2548,456,16,20
2549,456,16,8
2550,456,11,3
2551,456,9,15
2552,456,20,0
2553,456,7,21
2554,457,14,23
2555,457,23,21
2556,457,21,10
2557,457,7,16
2558,458,19,15
2559,458,5,17
2560,458,7,11
2561,458,9,2
2562,458,16,8
2563,458,5,24
2564,459,20,13
2565,459,22,15
2566,459,17,20
2567,459,5,15
2568,459,24,4
2569,460,16,18
2570,460,14,20
2571,460,8,16
2572,460,1,4
2573,460,22,15
2574,460,14,2
2575,460,18,15
2576,460,10,13
2577,460,1,12
2578,460,4,0
2579,460,19,7
2580,460,20,10
2581,461,19,15
2582,461,21,9
2583,461,24,9
2584,461,10,24
2585,462,23,21
2586,462,23,20
2587,462,18,8
2588,462,24,16
2589,463,8,6
2590,463,0,14
2591,463,23,6
2592,463,9,6
2593,463,1,21
2594,464,13,17
2595,464,3,19
2596,464,1,17
2597,464,22,10
2598,464,13,11
2599,464,20,10
2600,464,2,24
2601,465,13,4
2602,465,0,8
2603,465,5,19
2604,465,9,3
2605,465,5,15
2606,465,11,2
2607,465,15,22
2608,466,0,4
2609,466,19,2
2610,466,6,2
2611,467,15,11
2612,467,0,23
2613,467,16,12
2614,467,16,2
2615,467,2,17
2616,467,2,8
2617,468,10,17
2618,468,24,20
2619,468,6,17
2620,469,13,6
2621,469,10,19
2622,470,14,0
2623,470,10,18
2624,470,8,18
2625,470,7,18
2626,470,20,10
2627,471,3,6
2628,471,17,10
2629,471,22,3
2630,471,12,16
2631,471,1,15
2632,472,13,5
2633,472,13,0
2634,472,4,6
2635,472,10,22
2636,472,17,8
2637,472,0,12
2638,472,19,16
2639,472,6,10
2640,472,7,17
2641,472,19,4
2642,472,17,13
2643,473,19,17
2644,473,4,1
2645,473,5,15
2646,473,0,16
2647,473,8,15
2648,474,20,11
2649,474,4,24
2650,474,13,23
2651,474,22,4
2652,474,4,0
2653,474,0,18
2654,475,8,4
2655,475,2,21
2656,475,5,18
2657,475,11,18
2658,476,19,2
2659,476,1,7
2660,476,21,17
2661,476,13,1
2662,476,18,24
2663,476,11,9
2664,477,12,18
2665,477,11,20
2666,477,20,16
2667,477,6,9
2668,477,21,13
2669,477,2,5
2670,478,13,4
2671,478,16,8
2672,478,11,1
2673,478,14,12
2674,478,3,0
2675,478,23,21
2676,478,23,14
2677,479,6,8
2678,479,5,4
2679,479,10,1
2680,480,21,9
2681,480,17,2
2682,480,5,20
2683,480,3,21
2684,480,19,23
2685,480,22,1
2686,481,23,3
2687,481,18,6
2688,481,7,17
2689,481,21,0
2690,481,9,12
2691,481,15,1
2692,481,13,7
2693,481,24,3
2694,482,22,11
2695,482,14,7
2696,482,20,17
2697,483,19,22
2698,483,6,24
2699,483,15,24
2700,483,24,9
2701,483,9,19
2702,483,2,13
2703,484,12,2
2704,484,14,4
2705,484,0,9
2706,484,12,3
2707,484,17,21
2708,484,12,16
2709,484,22,5
2710,484,13,23
2711,484,5,11
2712,484,10,23
2713,485,21,6
2714,485,12,21
2715,485,1,21
2716,485,16,12
2717,485,24,8
2718,485,15,17
2719,486,23,10
2720,486,4,1
2721,486,2,14
2722,486,6,2
2723,487,1,15
2724,487,15,8
2725,488,18,2
2726,488,22,8
2727,488,10,6
2728,488,22,11
2729,489,13,21
2730,489,5,21
2731,489,8,16
2732,490,16,18
2733,490,7,11
2734,490,9,0
2735,490,21,19
2736,490,23,6
2737,490,12,1
2738,490,20,22
2739,490,7,19
2740,490,0,18
2741,490,20,17
2742,491,17,21
2743,491,13,20
2744,491,10,7
2745,491,5,14
2746,491,16,8
2747,491,10,23
2748,491,19,5
2749,491,13,23
2750,491,0,21
2751,492,12,14
2752,492,1,9
2753,492,22,18
2754,492,20,12
2755,492,4,22
2756,492,7,11
2757,493,7,1
2758,493,23,14
2759,493,1,24
2760,493,14,12
2761,493,17,20
2762,493,10,19
2763,493,11,15
2764,493,8,4
2765,493,9,23
2766,493,1,21
2767,493,24,16
2768,494,21,15
2769,494,14,22
2770,494,0,18
2771,494,0,15
2772,494,19,16
2773,495,12,6
2774,495,20,1
2775,495,22,12
2776,495,18,1
2777,495,9,6
2778,495,4,22
2779,496,24,7
2780,496,13,2
2781,496,12,10
2782,496,15,17
2783,496,3,16
2784,496,19,10
2785,497,16,14
2786,497,3,21
2787,497,17,19
2788,497,13,3
2789,497,14,24
2790,497,18,16
2791,497,3,9
2792,497,5,22
2793,497,2,8
2794,497,7,3
2795,497,13,1
2796,498,0,20
2797,498,23,11
2798,498,12,24
2799,498,20,2
2800,498,4,13
2801,498,16,4
2802,498,14,17
2803,499,11,3
2804,499,7,0
2805,499,23,16
2806,499,4,15
2807,499,11,24
2808,499,20,12
2809,499,10,9
2810,499,3,7
2811,499,20,0
2812,499,8,18
2813,499,9,1
2814,499,2,8
2815,500,24,10
2816,500,14,17
2817,500,12,19
2818,501,1,7
2819,501,11,17
2820,501,22,18
2821,501,2,11
2822,501,15,23
2823,501,10,12
2824,501,13,1
2825,502,17,5
2826,502,18,10
2827,502,10,7
2828,502,13,7
2829,502,11,17
2830,502,14,16
2831,503,22,1
2832,503,3,16
2833,503,2,23
2834,503,24,7
2835,503,6,2
2836,503,10,6
2837,503,0,16
2838,503,10,9
2839,504,16,5
2840,504,19,3
2841,504,16,10
2842,504,8,11
2843,504,16,4
2844,505,0,7
2845,505,8,2
2846,505,20,12
2847,506,2,10
2848,506,8,0
2849,506,16,3
2850,507,12,24
2851,507,3,5
2852,507,3,1
2853,507,9,13
2854,507,1,14
2855,508,12,8
2856,508,18,14
2857,508,6,2
2858,508,21,18
2859,508,10,3
2860,509,1,13
2861,509,5,7
2862,509,5,16
2863,509,23,9
2864,509,3,12
2865,509,22,10
2866,509,4,2
2867,509,6,3
2868,509,1,4
2869,509,8,0
2870,510,21,9
2871,510,15,1
2872,510,20,1
2873,510,24,11
2874,510,8,4
2875,511,5,22
2876,511,0,16
2877,511,19,2
2878,511,23,9
2879,511,5,21
2880,511,14,0
2881,512,3,17
2882,512,0,16
2883,512,11,0
2884,512,23,15
2885,512,24,18
2886,512,19,20
2887,513,2,16
2888,513,12,20
2889,513,2,17
2890,513,14,12
2891,514,14,1
2892,514,19,7
2893,514,16,23
2894,514,21,14
2895,514,21,14
2896,514,17,3
2897,514,4,10
2898,514,6,0
2899,514,23,0
2900,514,4,12
2901,515,21,1
2902,515,3,5
2903,515,12,2
2904,515,11,0
2905,515,19,22
2906,515,22,9
2907,516,21,12
2908,516,5,4
2909,516,17,20
2910,516,20,23
2911,516,3,5
2912,516,18,8
2913,517,23,13
2914,517,22,3
2915,517,21,2
2916,517,20,6
2917,518,4,8
2918,518,15,18
2919,518,9,22
2920,518,5,19
2921,518,1,5
2922,518,9,18
2923,518,14,24
2924,518,4,22
2925,518,19,11
2926,518,20,8
2927,518,23,15
2928,519,23,9
2929,519,12,21
2930,519,1,23
2931,519,3,6
2932,519,6,23
2933,519,14,10
2934,520,8,11
2935,520,17,7
2936,520,18,24
2937,520,17,2
2938,520,1,11
2939,520,2,21
2940,520,2,10
2941,520,9,18
2942,521,16,4
2943,521,1,9
2944,521,21,19
2945,521,17,20
2946,522,23,13
2947,522,13,4
2948,522,19,0
2949,522,13,2
2950,522,12,4
2951,522,1,19
2952,522,8,15
2953,523,22,15
2954,523,24,12
2955,523,21,9
2956,523,15,5
2957,523,10,12
2958,524,14,17
2959,524,12,9
2960,524,13,16
2961,524,0,23
2962,524,1,11
2963,524,1,23
2964,524,1,9
2965,524,1,10
2966,524,18,10
2967,524,14,0
2968,524,15,12
2969,524,16,4
2970,524,2,4
2971,525,7,0
2972,525,0,2
2973,525,9,21
2974,525,10,1
2975,525,19,20
2976,525,3,23
2977,525,4,11
2978,526,0,14
2979,526,20,18
2980,526,10,9
2981,526,9,17
2982,526,24,16
2983,526,21,8
2984,527,0,14
2985,527,3,17
2986,527,15,22
2987,527,6,18
2988,527,9,24
2989,528,12,3
2990,528,18,1
2991,528,10,16
2992,528,14,6
2993,528,6,2
2994,528,2,14
2995,528,16,19
2996,528,19,11
2997,528,5,2
2998,528,0,7
2999,529,18,21
3000,529,8,20
3001,529,0,4
3002,529,9,16
3003,529,23,2
3004,529,22,9
3005,530,23,8
3006,530,23,0
3007,530,11,9
3008,530,18,5
3009,530,7,9
3010,530,6,4
3011,530,2,10
3012,531,1,7
3013,531,19,17
3014,531,16,23
3015,531,13,21
3016,531,7,18
3017,531,12,10
3018,531,11,1
3019,531,19,20
3020,532,5,24
3021,532,7,13
3022,532,24,12
3023,533,9,3
3024,533,4,21
3025,533,4,15
3026,534,13,1
3027,534,6,12
3028,534,13,17
3029,535,21,11
3030,535,16,2
3031,535,10,6
3032,535,14,20
3033,535,17,6
3034,535,20,10
3035,535,6,16
3036,535,6,4
3037,535,15,1
3038,536,2,22
3039,536,24,16
3040,536,23,9
3041,536,2,9
3042,537,15,14
3043,537,20,16
3044,537,3,18
3045,537,7,9
3046,538,0,19
3047,538,3,24
3048,538,9,7
3049,539,12,20
3050,539,3,10
3051,539,10,2
3052,539,14,3
3053,539,0,8
3054,539,19,4
3055,539,24,12
3056,539,15,5
3057,540,16,8
3058,540,21,7
3059,540,18,16
3060,540,10,13
3061,540,19,12
3062,540,16,18
3063,541,3,21
3064,541,18,5
3065,541,15,14
3066,541,7,17
3067,541,12,2
3068,541,4,0
3069,541,12,15
3070,541,8,6
3071,541,19,21
3072,542,23,10
3073,542,6,20
3074,542,8,15
3075,542,24,1
3076,542,24,17
3077,542,18,22
3078,542,6,21
3079,543,13,16
3080,543,24,8
3081,543,15,21
3082,543,1,9
3083,543,19,0
3084,543,10,24
3085,543,18,8
3086,543,20,12
3087,543,9,13
3088,544,14,16
3089,544,8,2
3090,544,11,20
3091,544,9,5
3092,544,4,18
3093,544,21,0
3094,545,13,11
3095,545,14,18
3096,545,23,11
3097,545,4,18
3098,546,23,19
3099,546,5,20
3100,546,4,1
3101,546,1,7
3102,546,3,19
3103,546,10,17
3104,546,24,7
3105,546,20,4
3106,547,23,0
3107,547,21,13
3108,547,13,9
3109,547,22,20
3110,547,9,23
3111,548,20,10
3112,548,21,8
3113,548,0,23
3114,548,0,3
3115,548,23,4
3116,548,21,10
3117,548,23,9
3118,549,13,5
3119,549,17,13
3120,549,22,1
3121,550,22,4
3122,550,5,14
3123,550,2,10
3124,550,2,13
3125,551,2,13
3126,551,16,7
3127,551,21,15
3128,551,9,19
3129,551,24,2
3130,551,9,10
3131,551,0,24
3132,551,16,3
3133,552,13,5
3134,552,14,3
3135,552,1,19
3136,552,13,24
3137,552,4,20
3138,553,11,1
3139,553,13,9
3140,553,21,8
3141,553,0,16
3142,553,0,8
3143,553,7,13
3144,553,14,10
3145,553,9,18
3146,553,1,5
3147,554,15,23
3148,554,5,3
3149,554,13,19
3150,554,14,15
3151,554,22,9
3152,554,18,10
3153,554,22,15
3154,554,4,5
3155,555,22,20
3156,555,18,9
3157,555,9,1
3158,555,16,0
3159,555,1,19
3160,556,8,24
3161,556,10,12
3162,556,4,6
3163,556,24,12
3164,556,15,12
3165,557,20,3
3166,557,4,12
3167,557,10,4
3168,558,8,22
3169,558,10,14
3170,558,16,19
3171,558,0,7
3172,558,15,14
3173,559,0,7
3174,559,3,17
3175,559,8,6
3176,559,24,9
3177,559,23,2
3178,560,24,14
3179,560,19,2
3180,560,18,1
3181,560,5,2
3182,560,9,12
3183,560,21,8
3184,560,12,8
3185,561,7,9
3186,561,22,18
3187,561,17,23
3188,561,14,1
3189,561,5,18
3190,562,5,15
3191,562,6,0
3192,562,7,19
3193,562,19,9
3194,562,6,20
3195,562,22,0
3196,562,12,18
3197,562,24,18
3198,562,4,14
3199,563,3,13
3200,563,5,22
3201,563,6,22
3202,563,3,11
3203,563,19,4
3204,563,22,9
3205,563,12,16
3206,563,7,20
3207,563,5,14
3208,564,22,24
3209,564,6,2
3210,564,13,22
3211,564,3,1
3212,564,4,6
3213,564,1,19
3214,565,7,20
3215,565,12,0
3216,565,1,7
3217,565,13,7
3218,565,16,8
3219,565,2,17
3220,566,0,19
3221,566,8,21
3222,566,18,1
3223,566,3,23
3224,566,7,0
3225,566,19,5
3226,566,16,8
3227,566,11,4
3228,566,6,13
3229,566,13,17
3230,566,0,17
3231,567,22,15
3232,567,15,4
3233,567,18,8
3234,567,24,2
3235,567,17,24
3236,567,5,13
3237,567,22,18
3238,567,0,21
3239,567,0,11
3240,568,23,20
3241,568,4,18
3242,568,22,12
3243,568,24,0
3244,568,7,1
3245,569,7,3
3246,569,19,15
3247,569,20,6
3248,569,8,1
3249,569,21,9
3250,569,10,19
3251,569,11,5
3252,570,23,16
3253,570,23,4
3254,570,12,23
3255,570,19,2
3256,570,18,15
3257,570,2,17
3258,571,9,5
3259,571,24,20
3260,571,24,12
3261,571,0,17
3262,571,3,22
3263,572,21,5
3264,572,1,13
3265,572,23,7
3266,572,9,16
3267,572,17,0
3268,573,14,8
3269,573,3,10
3270,573,17,15
3271,573,6,8
3272,573,24,15
3273,574,2,5
3274,574,17,9
3275,574,14,3
3276,575,1,20
3277,575,8,11
3278,575,8,6
3279,575,7,4
3280,575,14,5
3281,575,19,23
3282,575,12,21
3283,576,8,23
3284,576,16,23
3285,576,19,17
3286,577,7,1
3287,577,16,22
3288,577,10,2
3289,577,19,3
3290,577,8,2
3291,577,21,13
3292,577,4,5
3293,577,20,2
3294,578,0,4
3295,578,1,23
3296,578,17,4
3297,578,23,19
3298,578,16,7
3299,578,14,15
3300,578,0,22
3301,578,22,8
3302,579,10,16
3303,579,6,0
3304,579,1,8
3305,579,17,14
3306,579,17,13
3307,579,13,20
3308,579,15,8
3309,580,8,19
3310,580,9,5
3311,580,6,21
3312,580,19,10
3313,581,14,2
3314,581,0,4
3315,581,0,21
3316,581,10,12
3317,581,13,16
3318,581,9,7
3319,581,3,11
3320,581,3,17
3321,582,6,13
3322,582,17,1
3323,582,5,4
3324,582,21,24
3325,582,13,7
3326,582,13,17
3327,582,5,4
3328,582,15,23
3329,583,5,16
3330,583,12,10
3331,583,21,11
3332,583,4,11
3333,583,0,12
3334,584,21,24
3335,584,10,16
3336,584,17,9
3337,584,1,12
3338,584,24,5
3339,585,21,12
3340,585,17,24
3341,585,24,18
3342,585,2,19
3343,585,13,1
3344,585,2,20
3345,586,23,4
3346,586,23,13
3347,586,2,17
3348,586,11,5
3349,586,10,16
3350,586,4,15
3351,587,13,11
3352,587,19,1
3353,587,1,9
3354,587,23,7
3355,587,13,3
3356,587,14,24
3357,588,21,7
3358,588,5,19
3359,588,5,22
3360,588,12,19
3361,588,13,9
3362,588,7,22
3363,588,18,9
3364,588,10,13
3365,588,7,4
3366,589,6,12
3367,589,4,8
3368,589,2,23
3369,589,7,17
3370,589,11,7
3371,589,9,1
3372,589,4,10
3373,590,17,7
3374,590,17,11
3375,590,14,2
3376,590,17,23
3377,590,3,17
3378,590,0,15
3379,590,10,13
3380,590,5,4
3381,591,17,10
3382,592,9,5
3383,592,20,3
3384,592,6,19
3385,592,22,0
3386,592,9,15
3387,592,15,6
3388,592,8,23
3389,593,19,11
3390,593,22,3
3391,593,18,1
3392,593,21,15
3393,594,8,5
3394,594,8,0
3395,594,15,1
3396,594,13,1
3397,595,6,23
3398,595,16,23
3399,595,19,21
3400,595,17,15
3401,596,11,22
3402,596,7,3
3403,596,3,16
3404,596,4,0
3405,596,2,13
3406,596,4,6
3407,597,12,22
3408,597,24,0
3409,597,3,22
3410,597,17,24
3411,597,4,15
3412,598,4,0
3413,598,8,17
3414,598,3,20
3415,598,6,17
3416,598,22,19
3417,598,24,13
3418,598,21,18
3419,598,3,23
3420,598,9,15
3421,599,24,16
3422,599,11,9
3423,599,20,3
3424,599,23,0
3425,599,22,19
3426,599,14,5
3427,600,20,16
3428,600,0,24
3429,600,24,14
3430,600,6,8
3431,601,24,2
3432,601,11,8
3433,601,3,1
3434,601,0,16
3435,602,16,14
3436,602,16,2
3437,602,6,15
3438,602,2,13
3439,602,19,16
3440,602,24,15
3441,602,10,16
3442,603,4,15
3443,603,8,21
3444,603,21,8
3445,603,19,12
3446,603,15,0
3447,603,24,0
3448,604,7,5
3449,604,4,6
3450,604,8,5
3451,604,8,19
3452,604,24,20
3453,604,20,9
3454,604,20,22
3455,604,1,22
3456,604,6,15
3457,604,8,10
3458,605,1,23
3459,605,16,23
3460,605,0,3
3461,605,9,24
3462,605,7,5
3463,605,8,12
3464,606,13,23
3465,606,2,8
3466,606,6,0
3467,606,10,1
3468,607,7,4
3469,607,21,13
3470,607,14,17
3471,607,14,10
3472,607,10,13
3473,607,6,12
3474,607,17,11
3475,607,9,21
3476,607,7,18
3477,608,10,17
3478,608,18,3
3479,608,7,5
3480,608,19,9
3481,608,20,16
3482,608,22,4
3483,609,22,24
3484,609,20,12
3485,609,0,3
3486,609,21,9
3487,609,16,12
3488,609,7,3
3489,609,12,19
3490,609,18,22
3491,609,17,8
3492,609,20,22
3493,610,23,12
3494,610,18,11
3495,610,21,0
3496,610,16,7
3497,610,8,15
3498,610,5,4
3499,611,2,15
3500,611,1,4
3501,611,16,0
3502,611,6,15
3503,611,7,24
3504,611,2,11
3505,611,6,15
3506,611,12,16
3507,611,2,11
3508,612,2,13
3509,612,11,19
3510,612,6,4
3511,612,22,6
3512,612,16,19
3513,612,4,24
3514,612,3,24
3515,613,21,14
3516,613,0,19
3517,613,3,6
3518,613,1,7
3519,613,23,14
3520,613,11,9
3521,614,22,20
3522,614,10,7
3523,614,24,8
3524,615,1,18
3525,615,21,0
3526,615,17,15
3527,615,19,15
3528,615,24,10
3529,616,15,4
3530,616,9,12
3531,616,15,13
3532,616,5,15
3533,616,16,2
3534,616,5,4
3535,617,4,24
3536,617,21,11
3537,617,22,15
3538,617,24,3
3539,617,1,17
3540,618,15,0
3541,618,2,24
3542,618,10,24
3543,618,5,16
3544,618,13,9
3545,619,3,5
3546,619,0,18
3547,619,2,15
3548,619,21,18
3549,619,13,4
3550,620,10,13
3551,620,13,1
3552,620,22,5
3553,620,15,13
3554,620,16,10
3555,620,14,1
3556,621,19,0
3557,621,22,2
3558,621,13,11
3559,621,13,22
3560,621,22,12
3561,621,2,4
3562,622,9,11
3563,622,10,9
3564,622,24,2
3565,623,22,3
3566,623,4,15
3567,623,1,16
3568,623,8,19
3569,623,9,19
3570,623,19,2
3571,623,11,13
3572,623,9,5
3573,623,24,20
3574,624,16,8
3575,624,15,11
3576,624,7,5
3577,624,21,10
3578,624,6,0
3579,624,17,7
3580,624,18,8
3581,624,9,19
3582,625,0,14
3583,625,21,23
3584,625,22,15
3585,625,18,15
3586,626,22,13
3587,626,2,21
3588,626,2,23
3589,626,20,10
3590,626,4,24
3591,626,12,9
3592,626,19,21
3593,626,3,20
3594,626,8,11
3595,626,0,20
3596,626,6,15
3597,627,16,12
3598,627,11,9
3599,627,13,2
3600,628,23,11
3601,628,1,17
3602,628,4,6
3603,628,8,10
3604,628,12,14
3605,628,18,22
3606,629,4,23
3607,629,9,18
3608,629,3,11
3609,629,1,12
3610,629,2,4
3611,629,9,16
3612,629,11,2
3613,629,13,10
3614,630,14,22
3615,630,18,4
3616,630,12,9
3617,630,2,4
3618,630,21,11
3619,631,9,6
3620,631,9,11
3621,631,11,4
3622,631,7,20
3623,631,6,19
3624,632,0,19
3625,632,0,9
3626,632,3,14
3627,632,7,19
3628,632,12,8
3629,632,5,14
3630,632,22,12
3631,632,14,4
3632,633,21,15
3633,633,14,10
3634,633,11,24
3635,633,22,4
3636,634,19,7
3637,634,13,5
3638,634,22,5
3639,634,13,17
3640,634,0,22
3641,635,19,3
3642,635,23,14
3643,635,4,6
3644,635,18,21
3645,635,3,0
3646,635,22,10
3647,635,0,9
3648,635,19,2
3649,635,13,22
3650,635,1,11
3651,636,3,21
3652,636,20,3
3653,636,18,20
3654,636,14,16
3655,636,22,11
3656,636,0,21
3657,636,10,18
3658,637,1,15
3659,637,19,1
3660,637,23,19
3661,637,14,7
3662,637,3,14
3663,637,10,19
3664,637,14,1
3665,637,0,24
3666,637,24,18
3667,637,16,14
3668,638,22,15
3669,638,9,0
3670,638,15,5
3671,638,19,12
3672,638,13,9
3673,638,11,7
3674,638,13,4
3675,638,15,6
3676,638,17,4
3677,638,21,24
3678,638,2,5
3679,639,3,5
3680,639,17,13
3681,639,16,12
3682,639,8,11
3683,639,18,10
3684,639,10,24
3685,639,8,2
3686,640,5,7
3687,640,0,22
3688,640,7,15
3689,640,16,8
3690,640,20,24
3691,640,0,13
3692,640,10,20
3693,640,7,5
3694,640,11,0
3695,641,21,8
3696,641,7,4
3697,641,10,22
3698,642,7,9
3699,642,19,1
3700,642,23,13
3701,642,17,15
3702,642,22,7
3703,643,24,15
3704,643,23,21
3705,643,20,10
3706,643,18,16
3707,643,23,3
3708,643,18,14
3709,644,21,24
3710,644,2,17
3711,644,15,22
3712,644,12,16
3713,644,8,20
3714,644,0,13
3715,644,12,0
3716,644,12,9
3717,644,22,12
3718,645,13,5
3719,645,20,16
3720,645,1,8
3721,646,14,3
3722,646,9,18
3723,646,5,11
3724,646,13,10
3725,646,4,21
3726,646,16,5
3727,646,7,10
3728,646,24,6
3729,646,4,14
3730,647,18,3
3731,647,18,4
3732,647,9,7
3733,647,14,2
3734,647,4,23
3735,648,6,19
3736,648,11,3
3737,648,5,13
3738,648,8,10
3739,648,2,6
3740,648,6,16
3741,649,19,9
3742,649,22,11
3743,649,20,4
3744,649,10,3
3745,649,20,3
3746,650,21,19
3747,650,3,18
3748,650,1,10
3749,650,19,12
3750,650,6,24
3751,650,21,18
3752,650,3,23
3753,650,24,17
3754,650,5,1
3755,650,21,12
3756,651,20,17
3757,651,20,18
3758,651,14,18
3759,651,5,23
3760,651,14,17
3761,651,19,7
3762,651,1,7
3763,652,9,7
3764,652,13,16
3765,652,7,16
3766,652,16,9
3767,652,11,5
3768,652,21,4
3769,652,19,12
3770,652,19,5
3771,653,17,19
3772,653,17,20
3773,653,8,11
3774,653,16,10
3775,653,7,15
3776,653,12,0
3777,654,9,19
3778,654,20,2
3779,654,24,5
3780,654,20,5
3781,654,4,22
3782,654,18,5
3783,655,3,22
3784,655,9,10
3785,655,1,19
3786,655,22,20
3787,655,7,16
3788,656,8,21
3789,656,16,23
3790,656,17,6
3791,656,20,23
3792,656,22,15
3793,656,1,24
3794,657,3,24
3795,657,7,15
3796,657,22,5
3797,658,7,0
3798,658,9,16
3799,658,6,24
3800,658,7,5
3801,658,23,2
3802,658,1,22
3803,658,23,2
3804,658,4,17
3805,658,14,1
3806,658,10,2
3807,658,21,11
3808,658,17,23
3809,659,4,6
3810,659,17,6
3811,659,10,13
3812,659,0,9
3813,659,21,24
3814,659,5,22
3815,660,6,17
3816,660,23,17
3817,660,16,14
3818,660,13,4
3819,660,4,11
3820,660,18,0
3821,660,15,13
3822,661,14,20
3823,661,17,2
3824,661,21,11
3825,661,5,2
3826,661,7,0
3827,661,2,23
3828,662,11,20
3829,662,16,8
3830,662,22,3
3831,662,11,15
3832,662,8,4
3833,662,7,18
3834,662,23,2
3835,663,16,12
3836,663,21,2
3837,664,15,24
3838,664,19,13
3839,664,24,14
3840,664,8,21
3841,664,22,6
3842,664,3,10
3843,664,7,19
3844,664,14,0
3845,664,20,23
3846,665,19,7
3847,665,14,21
3848,665,17,0
3849,665,16,24
3850,665,4,10
3851,665,13,23
3852,666,15,4
3853,666,0,6
3854,666,0,22
3855,666,7,11
3856,666,9,24
3857,666,23,19
3858,666,5,17
3859,667,12,14
3860,667,4,1
3861,667,17,8
3862,667,12,10
3863,667,24,22
3864,667,9,23
3865,667,8,10
3866,667,23,4
3867,667,15,24
3868,667,9,11
3869,667,4,19
3870,667,2,8
3871,668,22,8
3872,668,4,18
3873,668,1,14
3874,668,24,10
3875,669,2,16
3876,670,19,11
3877,670,24,21
3878,670,15,11
3879,670,10,9
3880,670,0,3
3881,670,19,10
3882,670,20,8
3883,671,10,22
3884,671,23,0
3885,671,2,11
3886,671,4,7
3887,672,8,16
3888,672,12,5
3889,672,1,15
3890,673,6,3
3891,673,5,2
3892,673,8,20
3893,673,24,3
3894,673,3,16
3895,673,6,21
3896,673,22,14
3897,673,21,12
3898,674,8,24
3899,674,21,13
3900,674,4,20
3901,674,19,9
3902,674,8,1
3903,674,20,8
3904,674,17,23
3905,674,12,21
3906,675,5,23
3907,675,21,19
3908,675,22,11
3909,675,24,14
3910,675,3,1
3911,676,8,0
3912,676,8,4
3913,676,21,2
3914,676,9,6
3915,676,10,1
3916,677,5,4
3917,677,18,6
3918,677,1,18
3919,677,22,13
3920,677,18,0
3921,678,10,16
3922,678,23,14
3923,678,6,4
3924,679,6,13
3925,679,15,8
3926,680,10,24
3927,680,22,13
3928,680,11,5
3929,680,8,4
3930,680,3,23
3931,681,3,11
3932,681,0,6
3933,681,8,6
3934,681,13,15
3935,681,18,5
3936,682,14,17
3937,682,10,18
3938,682,6,10
3939,682,22,6
3940,683,8,20
3941,683,5,19
3942,683,4,18
3943,683,6,9
3944,683,11,20
3945,683,17,2
3946,684,19,6
3947,684,7,24
3948,684,16,10
3949,684,2,24
3950,684,12,16
3951,684,12,6
3952,685,15,24
3953,685,9,5
3954,686,21,6
3955,686,5,18
3956,686,23,20
3957,687,4,10
3958,687,21,12
3959,687,20,23
3960,687,16,14
3961,687,20,4
3962,687,17,0
3963,687,16,9
3964,687,18,2
3965,687,11,21
3966,688,4,7
3967,688,15,3
3968,688,2,14
3969,688,24,13
3970,688,23,10
3971,688,5,3
3972,688,11,3
3973,688,16,1
3974,689,3,18
3975,689,19,11
3976,689,4,0
3977,689,5,17
3978,689,11,15
3979,689,2,14
3980,690,6,2
3981,690,18,5
3982,690,6,3
3983,690,17,14
3984,691,17,1
3985,691,13,22
3986,691,12,16
3987,691,8,14
3988,691,16,18
3989,692,24,21
3990,692,22,6
3991,692,24,3
3992,692,8,14
3993,692,13,24
3994,692,7,20
3995,692,20,10
3996,692,8,18
3997,692,0,16
3998,692,6,15
3999,692,21,14
4000,693,14,18
4001,693,8,24
4002,693,5,13
4003,693,24,16
4004,693,4,16
4005,694,10,21
4006,694,7,20
4007,695,17,15
4008,695,5,18
4009,695,9,16
4010,695,0,13
4011,695,23,2
4012,695,5,20
4013,695,16,3
4014,696,21,8
4015,696,1,17
4016,696,2,24
4017,696,23,16
4018,696,13,15
4019,697,22,11
4020,697,15,13
4021,697,5,19
4022,697,13,23
4023,697,22,6
4024,697,14,6
4025,697,4,11
4026,697,12,2
4027,698,24,1
4028,698,14,23
4029,698,16,2
4030,698,16,7
4031,699,23,7
4032,699,21,19
4033,699,18,8
4034,699,20,16
4035,699,13,22
4036,699,7,5
4037,699,18,15
4038,699,5,18
4039,700,20,22
4040,700,10,21
4041,700,12,10
4042,700,0,23
4043,701,8,24
4044,701,1,8
4045,701,13,23
4046,702,19,2
4047,702,2,22
4048,702,14,0
4049,702,16,9
4050,702,11,22
4051,702,23,13
4052,702,0,13
4053,703,7,3
4054,703,14,8
4055,703,6,16
4056,704,0,9
4057,704,13,0
4058,704,2,10
4059,704,9,24
4060,704,9,5
4061,704,0,21
4062,704,5,17
4063,705,11,19
4064,705,19,16
4065,705,7,5
4066,705,4,0
4067,705,23,5
4068,705,20,6
4069,705,13,15
4070,705,19,17
4071,706,6,0
4072,706,14,21
4073,706,14,0
4074,706,13,10
4075,707,16,9
4076,707,8,12
4077,707,13,3
4078,707,10,2
4079,707,18,6
4080,707,12,16
4081,707,6,2
4082,707,23,3
4083,708,4,19
4084,708,17,3
4085,708,19,21
4086,709,9,7
4087,709,8,19
4088,709,1,13
4089,709,6,10
4090,710,9,1
4091,710,5,17
4092,710,22,7
4093,710,17,11
4094,711,1,14
4095,711,16,20
4096,711,11,21
4097,711,11,23
4098,711,18,20
4099,712,23,14
4100,712,0,13
4101,712,22,16
4102,712,9,20
4103,713,1,12
4104,713,15,19
4105,713,11,5
4106,713,16,23
4107,714,10,22
4108,714,22,4
4109,714,2,12
4110,714,7,21
4111,715,18,14
4112,715,21,5
4113,715,17,10
4114,716,19,3
4115,716,11,8
4116,716,10,23
4117,716,16,22
4118,716,11,2
4119,717,11,23
4120,717,5,22
4121,717,20,3
4122,717,17,15
4123,717,24,8
4124,717,12,23
4125,717,9,12
4126,718,12,23
4127,718,22,5
4128,718,9,21
4129,718,8,21
4130,718,3,9
4131,719,12,24
4132,719,17,14
4133,719,0,15
4134,720,2,0
4135,720,2,16
4136,720,24,11
4137,720,1,9
4138,720,17,2
4139,720,13,1
4140,720,0,11
4141,720,24,11
4142,721,10,2
4143,721,12,15
4144,721,4,7
4145,721,12,23
4146,721,18,20
4147,721,5,15
4148,722,9,19
4149,722,20,14
4150,722,8,10
4151,722,3,13
4152,723,12,9
4153,723,22,10
4154,723,20,17
4155,723,4,15
4156,723,16,23
4157,723,21,1
4158,723,23,5
4159,724,19,2
4160,724,2,4
4161,724,15,1
4162,724,24,18
4163,724,15,0
4164,724,8,11
4165,724,20,8
4166,725,16,14
4167,725,23,12
4168,725,4,0
4169,725,24,16
4170,726,13,10
4171,726,11,5
4172,726,6,15
4173,726,17,13
4174,726,3,1
4175,726,16,8
4176,726,12,1
4177,726,20,18
4178,726,14,21
4179,726,12,3
4180,727,8,14
4181,727,11,0
4182,727,23,19
4183,727,9,6
4184,727,0,3
4185,728,3,12
4186,728,14,22
4187,728,24,3
4188,728,17,8
4189,728,22,10
4190,728,16,2
4191,728,12,16
4192,729,13,9
4193,729,14,18
4194,729,24,16
4195,729,6,14
4196,730,2,22
4197,730,1,14
4198,730,17,7
4199,730,17,0
4200,730,17,7
4201,730,22,2
4202,730,13,11
4203,730,2,12
4204,730,3,12
4205,731,6,8
4206,731,20,9
4207,731,16,14
4208,731,4,15
4209,731,13,7
4210,731,3,9
4211,732,24,21
4212,732,17,4
4213,732,9,16
4214,732,15,9
4215,732,24,0
4216,732,22,14
4217,733,13,7
4218,733,7,17
4219,733,5,22
4220,733,12,21
4221,733,1,17
4222,733,18,22
4223,734,21,13
4224,734,2,13
4225,734,21,19
4226,734,12,22
4227,735,23,15
4228,735,9,3
4229,735,20,1
4230,735,21,13
4231,735,20,22
4232,735,24,4
4233,735,5,2
4234,735,2,11
4235,735,10,2
4236,735,18,21
4237,735,3,14
4238,735,9,12
4239,735,24,2
4240,736,4,10
4241,736,13,5
4242,736,21,12
4243,736,24,6
4244,736,5,19
4245,736,7,9
4246,736,2,17
4247,736,9,6
4248,737,18,3
4249,737,6,10
4250,737,3,18
4251,737,13,7
4252,737,1,18
4253,737,8,15
4254,737,3,10
4255,737,21,11
4256,738,0,2
4257,738,21,8
4258,738,21,1
4259,738,6,22
4260,738,17,6
4261,738,3,19
4262,738,20,18
4263,739,6,18
4264,739,0,14
4265,739,3,12
4266,739,24,0
4267,739,7,14
4268,739,24,0
4269,740,1,24
4270,740,17,6
4271,740,13,5
4272,740,23,15
4273,740,16,18
4274,740,17,5
4275,740,12,10
4276,741,18,22
4277,741,10,22
4278,741,9,24
4279,741,3,20
4280,742,5,24
4281,742,1,17
4282,742,21,18
4283,742,20,18
4284,742,3,21
4285,742,18,7
4286,742,19,9
4287,742,24,21
4288,743,13,17
4289,743,12,23
4290,744,6,23
4291,744,17,23
4292,744,7,17
4293,744,21,2
4294,744,11,3
4295,745,2,24
4296,745,13,10
4297,745,2,13
4298,745,17,1
4299,745,1,16
4300,746,22,24
4301,746,9,22
4302,746,24,20
4303,746,5,3
4304,746,24,5
4305,747,19,11
4306,747,20,8
4307,747,11,13
4308,748,2,5
4309,748,13,21
4310,748,10,19
4311,748,24,20
4312,748,17,3
4313,748,13,3
4314,748,9,19
4315,749,12,8
4316,749,23,2
4317,749,23,16
4318,749,0,21
4319,749,14,2
4320,749,14,8
4321,749,24,2
4322,749,6,15
4323,749,7,3
4324,750,12,18
4325,750,22,14
4326,750,14,21
4327,750,6,18
4328,750,14,8
4329,750,7,18
4330,751,1,15
4331,751,13,24
4332,751,20,23
4333,751,16,19
4334,751,4,23
4335,752,6,13
4336,752,23,4
4337,752,6,19
4338,752,7,13
4339,752,2,4
4340,753,2,8
4341,753,14,24
4342,753,5,7
4343,753,13,21
4344,753,6,10
4345,754,24,4
4346,754,13,23
4347,754,14,17
4348,754,2,20
4349,754,20,23
4350,754,15,19
4351,754,7,19
4352,754,14,16
4353,754,16,1
4354,755,23,19
4355,755,14,2
4356,756,0,22
4357,756,2,0
4358,756,9,22
4359,756,24,16
4360,756,23,17
4361,757,22,14
4362,757,7,21
4363,757,7,14
4364,758,12,4
4365,758,3,16
4366,758,1,18
4367,758,22,13
4368,758,19,12
4369,758,18,9
4370,758,11,4
4371,758,2,17
4372,758,5,21
4373,758,15,8
4374,758,7,9
4375,759,19,10
4376,759,3,0
4377,759,16,2
4378,759,19,9
4379,759,1,3
4380,759,16,24
4381,759,10,9
4382,760,8,0
4383,760,20,24
4384,760,7,4
4385,760,20,1
4386,761,2,6
4387,761,1,22
4388,762,19,22
4389,762,3,10
4390,762,13,17
4391,762,18,3
4392,762,2,20
4393,763,5,15
4394,763,15,2
4395,763,5,9
4396,763,7,24
4397,763,17,23
4398,763,7,22
4399,763,19,10
4400,764,1,12
4401,764,13,3
4402,764,17,11
4403,764,18,21
4404,764,12,5
4405,764,22,2
4406,764,10,22
4407,764,2,23
4408,764,9,3
4409,765,23,2
4410,765,15,19
4411,765,19,13
4412,765,10,18
4413,766,0,24
4414,766,23,14
4415,766,4,16
4416,766,9,20
4417,766,9,7
4418,766,17,8
4419,767,4,21
4420,767,23,12
4421,767,2,20
4422,767,10,22
4423,768,3,13
4424,768,5,19
4425,768,8,0
4426,768,14,0
4427,768,3,21
4428,769,21,7
4429,769,12,5
4430,769,7,23
4431,769,7,9
4432,769,3,7
4433,769,1,10
4434,769,8,23
4435,769,10,14
4436,770,17,1
4437,770,14,0
4438,770,22,5
4439,770,8,18
4440,771,0,22
4441,771,24,10
4442,771,16,1
4443,771,14,24
4444,771,5,20
4445,771,16,0
4446,771,4,20
4447,772,5,4
4448,772,16,6
4449,772,8,22
4450,772,6,10
4451,772,9,19
4452,773,19,10
4453,773,20,7
4454,773,10,14
4455,773,7,22
4456,773,16,5
4457,773,0,4
4458,774,1,17
4459,774,3,5
4460,774,19,12
4461,774,22,11
4462,774,0,24
4463,774,12,21
4464,775,23,17
4465,775,4,23
4466,775,20,14
4467,776,16,22
4468,776,17,10
4469,776,10,21
4470,776,7,9
4471,776,20,7
4472,776,19,7
4473,777,15,19
4474,777,22,7
4475,777,11,21
4476,777,11,20
4477,777,3,10
4478,777,13,7
4479,777,2,22
4480,777,1,15
4481,777,10,21
4482,778,0,8
4483,778,4,19
4484,778,6,15
4485,778,16,24
4486,778,3,14
4487,778,15,13
4488,778,3,12
4489,779,18,9
4490,779,11,22
4491,779,0,7
4492,779,10,2
4493,779,21,1
4494,779,19,17
4495,779,1,18
4496,780,2,23
4497,780,21,11
4498,781,12,16
4499,781,4,20
4500,781,18,22
4501,781,14,1
4502,781,9,21
4503,781,11,9
4504,781,20,22
4505,781,3,1
4506,781,3,20
4507,782,7,21
4508,782,3,6
4509,782,11,23
4510,782,3,7
4511,782,23,8
4512,782,15,13
4513,782,9,20
4514,782,23,13
4515,782,4,0
4516,783,10,0
4517,783,21,19
4518,783,2,13
4519,783,21,12
4520,783,7,14
4521,783,22,2
4522,783,0,13
4523,783,6,18
4524,783,8,23
4525,783,4,23
4526,784,6,2
4527,784,18,4
4528,784,19,21
4529,784,22,6
4530,784,19,22
4531,784,13,3
4532,784,0,19
4533,784,20,2
4534,784,24,6
4535,785,13,10
4536,785,4,17
4537,785,13,9
4538,785,19,7
4539,785,24,20
4540,785,23,20
4541,786,7,11
4542,786,3,19
4543,786,8,14
4544,786,20,16
4545,786,4,6
4546,786,5,8
4547,787,19,4
4548,787,5,23
4549,787,2,13
4550,787,9,13
4551,788,22,3
4552,788,18,22
4553,788,23,2
4554,788,10,17
4555,788,11,3
4556,788,15,8
4557,789,20,23
4558,789,9,17
4559,789,12,0
4560,789,24,9
4561,789,4,1
4562,789,13,24
4563,789,6,8
4564,789,3,16
4565,789,17,5
4566,789,1,11
4567,790,23,8
4568,790,5,11
4569,790,22,3
4570,790,14,24
4571,791,11,13
4572,791,4,22
4573,791,21,14
4574,791,1,22
4575,791,11,3
4576,792,15,12
4577,792,6,13
4578,792,8,20
4579,792,22,18
4580,792,14,23
4581,792,19,23
4582,792,7,5
4583,793,11,2
4584,793,21,13
4585,793,23,21
4586,793,18,1
4587,793,17,7
4588,794,3,21
4589,794,2,15
4590,794,1,24
4591,794,13,21
4592,794,16,24
4593,794,17,7
4594,794,24,22
4595,794,7,23
4596,795,19,22
4597,795,0,18
4598,795,18,16
4599,795,9,15
4600,795,24,15
4601,795,21,17
4602,796,11,1
4603,796,4,18
4604,796,7,9
4605,796,12,15
4606,796,22,16
4607,796,13,1
4608,797,18,24
4609,797,3,12
4610,798,10,1
4611,798,8,17
4612,798,15,23
4613,798,23,4
4614,798,13,17
4615,799,1,22
4616,799,11,9
4617,799,16,10
4618,799,5,12
4619,799,8,4
4620,799,14,5
4621,799,21,0
4622,799,17,5
4623,800,10,9
4624,800,0,18
4625,800,15,21
4626,800,16,8
4627,800,11,23
4628,800,6,12
4629,801,15,2
4630,801,0,20
4631,801,0,10
4632,801,9,20
4633,801,16,2
4634,802,16,8
4635,802,21,5
4636,802,11,19
4637,802,24,9
4638,802,23,20
4639,802,6,20
4640,803,12,21
4641,803,9,21
4642,803,9,16
4643,803,12,18
4644,803,0,3
4645,804,20,22
4646,804,10,8
4647,804,5,19
4648,804,23,3
4649,804,21,14
4650,804,20,16
4651,804,21,6
4652,805,6,14
4653,805,20,1
4654,805,0,12
4655,805,23,0
4656,805,22,9
4657,805,4,23
4658,805,14,20
4659,806,11,20
4660,806,23,16
4661,806,0,7
4662,806,7,9
4663,806,22,10
4664,806,6,19
4665,807,9,3
4666,807,24,7
4667,807,6,0
4668,808,0,21
4669,808,10,19
4670,808,23,5
4671,808,19,0
4672,808,20,22
4673,808,19,0
4674,808,15,18
4675,809,0,2
4676,809,2,21
4677,809,14,7
4678,809,8,0
4679,809,24,15
4680,809,21,1
4681,809,3,10
4682,809,16,8
4683,810,15,17
4684,810,22,10
4685,810,20,16
4686,810,12,3
4687,810,6,10
4688,810,21,12
4689,810,3,16
4690,810,17,19
4691,811,24,20
4692,811,9,24
4693,811,24,2
4694,811,23,13
4695,811,14,4
4696,811,2,20
4697,811,2,18
4698,811,24,12
4699,812,14,20
4700,812,0,9
4701,812,21,23
4702,812,15,18
4703,812,21,19
4704,812,5,20
4705,813,21,11
4706,813,20,8
4707,814,4,1
4708,814,11,2
4709,814,19,13
4710,814,1,23
4711,814,1,22
4712,814,2,24
4713,815,7,20
4714,815,16,10
4715,816,22,11
4716,816,17,2
4717,816,23,15
4718,816,9,6
4719,816,18,12
4720,816,2,13
4721,816,9,1
4722,816,2,24
4723,816,14,2
4724,817,13,16
4725,817,15,13
4726,817,7,21
4727,817,4,12
4728,817,8,5
4729,817,5,7
4730,818,4,17
4731,818,15,11
4732,818,23,12
4733,819,24,9
4734,819,22,11
4735,819,1,8
4736,819,20,3
4737,819,24,7
4738,819,14,8
4739,819,20,10
4740,819,4,12
4741,820,5,3
4742,820,23,2
4743,821,22,3
4744,821,20,5
4745,821,15,18
4746,821,17,19
4747,821,17,24
4748,821,5,3
4749,821,7,19
4750,821,0,15
4751,821,8,6
4752,822,14,2
4753,822,4,6
4754,822,6,17
4755,823,19,1
4756,823,24,16
4757,823,9,24
4758,823,2,24
4759,823,11,14
4760,823,24,14
4761,824,1,23
4762,825,21,2
4763,825,18,4
4764,825,9,6
4765,825,2,11
4766,826,15,0
4767,826,19,16
4768,826,16,3
4769,826,18,2
4770,827,14,0
4771,827,3,17
4772,827,12,9
4773,827,1,3
4774,828,21,24
4775,828,3,0
4776,828,3,15
4777,828,14,16
4778,828,18,9
4779,828,24,6
4780,829,4,21
4781,829,13,6
4782,829,16,18
4783,829,13,21
4784,830,18,11
4785,830,24,10
4786,831,13,21
4787,831,23,8
4788,831,17,0
4789,831,10,8
4790,831,8,2
4791,831,4,17
4792,831,17,11
4793,831,5,18
4794,831,19,7
4795,832,3,11
4796,832,6,21
4797,832,1,10
4798,832,6,2
4799,832,5,14
4800,832,3,22
4801,832,18,22
4802,832,6,15
4803,832,21,7
4804,833,16,3
4805,833,22,10
4806,833,21,10
4807,833,21,6
4808,833,12,23
4809,834,2,9
4810,834,0,2
4811,834,10,4
4812,834,15,11
4813,834,2,10
4814,834,17,4
4815,835,23,1
4816,835,2,22
4817,835,9,10
4818,836,24,21
4819,836,10,2
4820,836,11,13
4821,836,1,15
4822,836,19,20
4823,836,0,22
4824,836,11,4
4825,837,18,3
4826,837,7,1
4827,837,16,0
4828,837,2,0
4829,837,9,21
4830,838,12,8
4831,838,11,9
4832,838,17,21
4833,838,6,19
4834,839,21,8
4835,839,24,14
4836,839,5,12
4837,839,20,19
4838,840,3,0
4839,840,20,10
4840,840,3,7
4841,840,23,2
4842,840,12,1
4843,840,1,5
4844,840,20,23
4845,840,18,15
4846,841,12,0
4847,841,7,4
4848,841,22,24
4849,841,13,16
4850,841,17,8
4851,841,12,20
4852,841,16,13
4853,842,7,9
4854,842,22,20
4855,842,2,15
4856,842,0,17
4857,842,7,21
4858,842,9,13
4859,843,9,21
4860,843,22,12
4861,843,3,10
4862,843,7,3
4863,843,19,16
4864,844,2,14
4865,844,1,24
4866,844,3,24
4867,844,18,9
4868,844,18,1
4869,844,10,19
4870,844,17,1
4871,844,10,2
4872,844,1,15
4873,844,22,16
4874,844,22,3
4875,844,23,0
4876,845,0,4
4877,845,15,13
4878,845,14,3
4879,845,4,10
4880,845,12,8
4881,845,1,17
4882,845,1,17
4883,846,12,4
4884,846,0,6
4885,846,24,12
4886,846,10,0
4887,846,5,13
4888,847,21,19
4889,847,14,0
4890,847,22,0
4891,847,8,5
4892,848,22,24
4893,848,5,16
4894,848,15,1
4895,848,6,4
4896,848,12,23
4897,848,22,4
4898,848,23,0
4899,848,13,21
4900,849,15,7
4901,849,22,6
4902,849,1,12
4903,849,3,11
4904,849,21,5
4905,849,23,12
4906,849,17,7
4907,850,4,6
4908,850,7,0
4909,850,15,12
4910,850,16,23
4911,850,6,10
4912,850,24,1
4913,850,21,10
4914,851,14,10
4915,851,17,2
4916,851,10,23
4917,851,13,0
4918,851,3,14
4919,851,13,24
4920,851,1,18
4921,852,20,18
4922,852,4,22
4923,852,4,22
4924,852,0,10
4925,852,11,8
4926,852,20,2
4927,852,22,12
4928,852,20,9
4929,852,16,20
4930,853,0,6
4931,853,21,14
4932,853,6,12
4933,853,22,24
4934,853,23,3
4935,853,4,10
4936,854,14,6
4937,854,24,2
4938,854,0,10
4939,854,23,15
4940,854,7,24
4941,854,16,2
4942,855,22,1
4943,855,23,5
4944,855,7,10
4945,855,24,0
4946,855,5,18
4947,855,19,10
4948,855,20,12
4949,855,22,0
4950,855,3,20
4951,856,6,21
4952,856,24,20
4953,856,11,17
4954,856,5,3
4955,857,19,0
4956,857,12,15
4957,857,10,19
4958,857,3,6
4959,858,18,6
4960,858,13,17
4961,858,7,3
4962,858,23,16
4963,858,9,20
4964,858,0,8
4965,858,17,8
4966,859,18,22
4967,859,6,19
4968,859,2,0
4969,859,8,19
4970,859,0,14
4971,859,22,4
4972,859,11,23
4973,859,2,15
4974,860,23,19
4975,860,24,13
4976,860,3,10
4977,861,16,2
4978,861,0,14
4979,861,3,12
4980,861,21,7
4981,862,5,9
4982,862,24,13
4983,862,11,4
4984,862,17,15
4985,862,12,9
4986,862,13,15
4987,862,19,0
4988,863,17,23
4989,863,11,24
4990,863,16,8
4991,863,20,23
4992,864,5,12
4993,864,20,6
4994,864,13,22
4995,864,16,7
4996,864,22,3
4997,865,15,0
4998,865,23,7
4999,865,8,11
5000,865,11,14
5001,865,8,23
5002,865,4,17
5003,865,8,22
5004,865,4,10
5005,865,15,13
5006,866,24,17
5007,866,15,1
5008,866,6,19
5009,866,3,10
5010,866,14,6
5011,866,4,1
5012,866,14,7
5013,866,14,4
5014,866,24,5
5015,867,19,21
5016,867,5,2
5017,867,15,12
5018,867,12,15
5019,867,15,6
5020,868,7,17
5021,868,11,0
5022,868,23,11
5023,868,12,15
5024,868,9,7
5025,868,10,6
5026,868,13,17
5027,869,2,19
5028,869,24,1
5029,869,22,3
5030,870,4,20
5031,870,23,2
5032,870,10,21
5033,870,6,2
5034,870,7,20
5035,870,24,17
5036,870,7,20
5037,871,14,2
5038,871,10,4
5039,871,24,2
5040,871,9,19
5041,872,3,11
5042,872,5,23
5043,872,23,13
5044,872,14,18
5045,873,15,24
5046,873,15,24
5047,873,3,14
5048,873,14,8
5049,873,6,19
5050,873,4,18
5051,873,23,13
5052,874,14,1
5053,874,15,11
5054,874,17,6
5055,874,1,11
5056,874,0,11
5057,874,3,20
5058,874,1,21
5059,874,12,5
5060,874,16,9
5061,875,19,21
5062,875,22,20
5063,875,3,7
5064,875,8,2
5065,875,2,22
5066,875,18,12
5067,875,22,20
5068,875,6,16
5069,875,0,19
5070,875,4,14
5071,876,21,2
5072,876,3,10
5073,876,15,22
5074,876,12,4
5075,876,9,16
5076,876,1,8
5077,876,8,11
5078,876,8,5
5079,877,24,7
5080,877,9,11
5081,877,16,2
5082,877,17,8
5083,877,2,8
5084,877,3,24
5085,879,19,16
5086,879,0,14
5087,880,23,6
5088,880,13,11
5089,880,5,14
5090,880,24,10
5091,880,24,16
5092,881,22,8
5093,881,4,14
5094,881,22,3
5095,881,24,13
5096,881,17,2
5097,882,20,4
5098,882,5,18
5099,882,13,15
5100,882,23,11
5101,882,22,4
5102,882,12,24
5103,883,14,6
5104,883,7,11
5105,884,8,17
5106,884,4,24
5107,884,6,24
5108,884,5,23
5109,885,14,20
5110,885,6,13
5111,885,1,11
5112,885,1,19
5113,885,4,20
5114,886,2,23
5115,886,0,22
5116,886,14,22
5117,887,24,3
5118,887,0,20
5119,887,11,23
5120,887,1,3
5121,887,10,13
5122,887,20,12
5123,887,15,18
5124,888,19,17
5125,888,16,1
5126,888,22,19
5127,888,20,0
5128,888,20,16
5129,888,11,15
5130,888,6,16
5131,889,23,20
5132,889,19,5
5133,889,24,16
5134,890,20,19
5135,890,6,8
5136,890,6,8
5137,890,4,14
5138,891,7,18
5139,891,3,21
5140,891,16,10
5141,892,10,2
5142,892,23,2
5143,892,2,22
5144,892,18,0
5145,892,22,20
5146,892,7,9
5147,892,12,9
5148,893,8,19
5149,893,12,2
5150,893,17,21
5151,894,1,21
5152,894,11,9
5153,894,21,17
5154,894,6,9
5155,894,9,20
5156,894,16,6
5157,894,1,8
5158,894,15,14
5159,894,16,24
5160,895,17,20
5161,895,14,12
5162,895,22,18
5163,895,6,22
5164,895,22,4
5165,895,9,23
5166,896,17,7
5167,896,7,18
5168,896,19,17
5169,897,14,21
5170,897,9,19
5171,897,22,1
5172,897,20,7
5173,897,8,19
5174,897,6,2
5175,897,8,11
5176,897,12,2
5177,897,9,21
5178,897,2,16
5179,897,9,0
5180,898,2,23
5181,898,2,12
5182,898,18,20
5183,898,21,23
5184,898,0,24
5185,898,13,0
5186,898,19,15
5187,898,8,10
5188,898,2,12
5189,898,18,16
5190,899,9,7
5191,899,19,17
5192,899,4,15
5193,899,5,3
5194,899,24,5
5195,899,20,18
5196,899,11,18
5197,899,2,16
5198,899,0,4
5199,899,23,17
5200,900,5,16
5201,900,14,2
5202,900,6,16
5203,900,4,0
5204,901,2,15
5205,901,16,6
5206,901,17,20
5207,901,14,8
5208,901,10,6
5209,902,8,17
5210,902,11,23
5211,902,20,7
5212,902,13,11
5213,902,4,18
5214,902,22,20
5215,902,14,10
5216,902,12,10
5217,903,3,12
5218,903,21,14
5219,903,7,15
5220,904,4,8
5221,904,15,24
5222,904,3,23
5223,904,0,7
5224,904,10,12
5225,904,14,5
5226,904,22,9
5227,904,10,16
5228,904,3,24
5229,904,19,10
5230,904,0,17
5231,904,10,12
5232,904,1,9
5233,905,6,14
5234,905,11,17
5235,905,0,2
5236,905,20,7
5237,905,19,17
5238,905,9,3
5239,906,10,16
5240,906,22,8
5241,906,24,7
5242,906,11,18
5243,907,18,9
5244,907,14,21
5245,907,12,3
5246,907,8,11
5247,907,11,0
5248,907,4,20
5249,908,10,23
5250,908,23,11
5251,908,1,5
5252,909,14,4
5253,909,18,10
5254,909,10,21
5255,909,15,7
5256,909,24,18
5257,909,14,23
5258,909,17,24
5259,909,22,4
5260,910,12,23
5261,910,17,24
5262,910,20,3
5263,910,14,24
5264,910,22,3
5265,910,22,16
5266,910,22,4
5267,910,19,17
5268,911,21,3
5269,911,23,6
5270,911,14,21
5271,911,4,23
5272,911,19,5
5273,911,15,19
5274,911,7,4
5275,912,13,5
5276,912,14,15
5277,912,24,11
5278,912,21,24
5279,912,3,17
5280,912,19,9
5281,912,14,12
5282,912,23,21
5283,912,4,24
5284,913,4,8
5285,913,18,5
5286,913,0,4
5287,914,8,6
5288,914,4,5
5289,914,0,11
5290,915,18,4
5291,915,12,20
5292,915,11,2
5293,915,19,21
5294,915,9,22
5295,916,4,8
5296,916,14,21
5297,916,1,18
5298,916,16,10
5299,916,1,23
5300,916,5,15
5301,916,19,2
5302,916,12,8
5303,916,6,20
5304,916,17,19
5305,917,13,5
5306,917,13,5
5307,917,8,15
5308,918,18,6
5309,918,12,9
5310,918,12,19
5311,918,7,13
5312,918,1,20
5313,918,7,11
5314,918,20,14
5315,918,10,19
5316,918,10,4
5317,918,19,0
5318,919,18,12
5319,919,15,3
5320,919,13,23
5321,919,8,23
5322,919,4,18
5323,920,11,21
5324,920,21,13
5325,920,17,21
5326,920,21,24
5327,920,24,21
5328,920,1,7
5329,920,13,2
5330,920,4,6
5331,920,2,20
5332,920,5,2
5333,920,17,10
5334,921,4,5
5335,921,20,6
5336,921,0,4
5337,921,13,1
5338,921,16,1
5339,921,7,19
5340,921,17,5
5341,921,22,6
5342,921,6,13
5343,922,22,3
5344,922,11,15
5345,922,2,4
5346,923,15,12
5347,923,8,19
5348,923,24,3
5349,923,21,11
5350,924,2,11
5351,924,16,6
5352,924,8,21
5353,924,8,20
5354,924,12,4
5355,925,15,7
5356,925,17,24
5357,925,16,3
5358,925,5,16
5359,925,3,13
5360,925,19,0
5361,925,7,10
5362,925,21,13
5363,926,8,22
5364,926,11,24
5365,926,6,22
5366,927,10,18
5367,927,19,16
5368,927,10,23
5369,927,23,11
5370,927,4,14
5371,927,12,23
5372,927,12,4
5373,927,22,6
5374,927,22,18
5375,927,11,5
5376,927,21,10
5377,928,12,19
5378,928,24,18
5379,928,17,0
5380,928,9,21
5381,928,1,7
5382,928,4,21
5383,928,16,10
5384,928,12,4
5385,928,23,7
5386,929,23,16
5387,929,8,22
5388,929,4,21
5389,929,18,9
5390,929,6,18
5391,929,7,14
5392,929,13,19
5393,929,6,20
5394,929,12,19
5395,929,3,1
5396,929,5,1
5397,930,8,17
5398,930,20,14
5399,930,2,13
5400,930,8,12
5401,930,2,16
5402,930,18,12
5403,930,22,11
5404,931,9,24
5405,931,4,7
5406,931,3,12
5407,931,20,18
5408,932,7,18
5409,932,0,6
5410,932,24,8
5411,932,8,14
5412,932,1,7
5413,933,3,17
5414,933,9,6
5415,933,16,5
5416,933,11,15
5417,933,4,13
5418,933,3,18
5419,934,6,4
5420,934,23,2
5421,934,24,13
5422,934,2,24
5423,934,2,17
5424,934,9,0
5425,934,6,8
5426,935,20,18
5427,935,18,8
5428,935,18,7
5429,935,9,15
5430,935,19,4
5431,935,7,4
5432,935,19,23
5433,935,24,0
5434,935,11,24
5435,936,8,24
5436,936,20,11
5437,936,14,20
5438,936,2,9
5439,936,20,5
5440,936,6,13
5441,936,7,21
5442,936,9,3
5443,936,23,17
5444,937,1,5
5445,937,7,4
5446,937,8,15
5447,937,14,6
5448,937,20,9
5449,938,18,12
5450,938,20,0
5451,938,6,21
5452,938,15,3
5453,938,11,24
5454,939,0,4
5455,939,11,18
5456,939,12,24
5457,939,16,8
5458,939,24,4
5459,939,9,1
5460,939,11,4
5461,940,18,11
5462,940,17,2
5463,940,12,5
5464,940,5,21
5465,940,8,20
5466,941,20,9
5467,941,14,21
5468,942,11,24
5469,942,0,23
5470,942,8,19
5471,942,14,1
5472,942,8,20
5473,942,8,19
5474,942,12,3
5475,943,1,5
5476,943,18,22
5477,943,2,5
5478,943,13,24
5479,943,10,8
5480,943,13,11
5481,944,9,7
5482,944,0,9
5483,944,2,20
5484,944,7,20
5485,944,19,4
5486,944,13,20
5487,945,13,10
5488,945,1,10
5489,945,9,12
5490,945,1,14
5491,945,24,20
5492,946,1,19
5493,946,8,12
5494,946,7,13
5495,946,21,3
5496,946,5,22
5497,947,5,20
5498,947,15,12
5499,947,5,9
5500,947,0,14
5501,947,5,7
5502,947,6,2
5503,947,23,2
5504,947,24,21
5505,947,7,3
5506,947,13,19
5507,948,15,12
5508,948,13,24
5509,948,13,11
5510,948,23,14
5511,948,18,8
5512,948,23,19
5513,949,11,4
5514,949,8,11
5515,950,12,9
5516,950,1,5
5517,950,18,1
5518,950,2,22
5519,950,23,12
5520,950,16,9
5521,951,7,11
5522,951,14,2
5523,951,19,6
5524,951,6,13
5525,951,16,5
5526,951,24,20
5527,951,0,15
5528,951,22,0
5529,952,4,13
5530,952,13,20
5531,952,0,24
5532,952,15,17
5533,953,23,19
5534,953,0,2
5535,953,15,7
5536,954,18,15
5537,954,24,5
5538,954,2,12
5539,954,23,2
5540,954,24,3
5541,955,8,5
5542,955,23,16
5543,955,16,18
5544,956,2,23
5545,956,1,14
5546,956,18,16
5547,956,12,22
5548,957,3,12
5549,957,11,7
5550,957,12,23
5551,957,18,16
5552,957,5,24
5553,957,8,5
5554,957,14,1
5555,957,2,20
5556,958,21,18
5557,958,13,16
5558,958,11,15
5559,958,15,5
5560,958,1,9
5561,958,12,24
5562,959,3,7
5563,959,9,23
5564,959,14,3
5565,959,23,10
5566,959,13,4
5567,959,19,22
5568,960,24,10
5569,960,19,9
5570,960,22,1
5571,960,6,16
5572,960,12,3
5573,960,3,1
5574,960,10,24
5575,961,18,9
5576,961,20,8
5577,961,14,1
5578,961,24,7
5579,961,7,0
5580,961,5,8
5581,962,9,17
5582,962,14,8
5583,962,23,6
5584,962,9,17
5585,962,15,19
5586,963,18,2
5587,963,15,24
5588,963,6,20
5589,963,21,5
5590,963,9,21
5591,963,21,11
5592,963,10,22
5593,963,24,7
5594,963,15,3
5595,964,24,1
5596,964,7,22
5597,964,17,20
5598,964,21,24
5599,964,2,12
5600,964,0,21
5601,965,16,22
5602,965,15,2
5603,965,3,5
5604,965,19,3
5605,965,5,23
5606,966,24,12
5607,966,23,8
5608,966,17,10
5609,966,7,18
5610,966,4,22
5611,966,24,0
5612,966,21,5
5613,967,10,13
5614,968,3,1
5615,968,4,18
5616,968,8,11
5617,968,19,3
5618,968,8,0
5619,968,0,15
5620,969,10,12
5621,969,0,7
5622,969,23,11
5623,969,3,19
5624,969,22,1
5625,970,2,22
5626,970,16,12
5627,970,16,2
5628,970,20,13
5629,970,14,3
5630,970,23,17
5631,970,19,17
5632,970,23,7
5633,970,6,15
5634,970,16,9
5635,971,1,12
5636,971,21,13
5637,971,20,0
5638,971,8,24
5639,971,11,0
5640,972,20,17
5641,972,20,4
5642,972,1,7
5643,972,2,19
5644,972,21,4
5645,972,9,21
5646,972,15,1
5647,972,20,8
5648,973,6,23
5649,973,24,1
5650,973,13,5
5651,973,14,21
5652,973,5,9
5653,973,10,3
5654,973,1,17
5655,973,17,3
5656,973,17,2
5657,974,19,11
5658,974,24,4
5659,974,16,9
5660,974,9,24
5661,974,5,4
5662,974,8,23
5663,974,4,23
5664,975,18,3
5665,975,18,10
5666,975,3,14
5667,975,16,1
5668,976,17,8
5669,976,9,17
5670,976,6,12
5671,976,3,15
5672,976,8,10
5673,976,24,3
5674,976,5,4
5675,977,9,22
5676,977,5,12
5677,977,20,3
5678,977,21,19
5679,977,13,0
5680,977,0,6
5681,978,0,4
5682,978,1,5
5683,978,21,10
5684,978,9,15
5685,978,7,16
5686,978,10,20
5687,978,9,15
5688,978,15,13
5689,978,23,16
5690,978,7,1
5691,978,0,14
5692,979,0,13
5693,979,24,12
5694,979,9,7
5695,979,5,2
5696,979,10,14
5697,979,14,21
5698,979,2,6
5699,979,22,18
5700,979,12,8
5701,980,19,21
5702,980,15,13
5703,980,15,23
5704,980,20,5
5705,981,3,19
5706,982,9,13
5707,982,17,19
5708,982,4,2
5709,983,17,9
5710,983,24,11
5711,983,12,6
5712,983,9,23
5713,983,16,1
5714,983,0,18
5715,983,17,20
5716,983,6,20
5717,983,5,3
5718,984,19,4
5719,984,4,1
5720,984,18,6
5721,984,2,22
5722,984,12,16
5723,985,21,15
5724,985,20,13
5725,985,20,3
5726,985,5,19
5727,985,14,24
5728,985,16,1
5729,986,14,17
5730,986,5,16
5731,986,12,6
5732,987,3,10
5733,987,5,9
5734,987,21,24
5735,988,24,0
5736,988,0,7
5737,988,3,24
5738,988,7,10
5739,988,23,1
5740,988,23,1
5741,988,8,19
5742,989,12,21
5743,989,8,16
5744,989,1,4
5745,989,24,4
5746,990,5,9
5747,990,5,3
5748,990,10,17
5749,990,21,11
5750,991,20,17
5751,991,17,13
5752,991,4,6
5753,991,14,1
5754,991,4,7
5755,991,9,18
5756,991,6,22
5757,992,5,16
5758,992,24,4
5759,992,13,4
5760,992,22,11
5761,992,21,13
5762,992,18,12
5763,992,23,14
5764,992,12,22
5765,992,23,16
5766,992,1,19
5767,992,5,4
5768,992,15,14
5769,993,9,3
5770,993,11,13
5771,993,4,22
5772,993,1,11
5773,993,10,21
5774,993,19,9
5775,993,22,15
5776,994,5,14
5777,994,22,3
5778,994,23,10
5779,994,14,20
5780,994,22,16
5781,995,2,11
5782,995,0,9
5783,995,5,2
5784,996,23,17
5785,996,22,16
5786,996,10,4
5787,996,23,3
5788,996,7,19
5789,996,11,20
5790,996,6,19
5791,997,24,15
5792,997,16,8
5793,997,5,8
5794,997,23,17
5795,997,23,19
5796,997,20,8
5797,998,1,9
5798,999,12,10
5799,999,3,23
5800,1000,0,17
5801,1000,24,17
5802,1000,8,4
5803,1000,11,17
5804,1000,11,0
5805,1000,2,22
5806,1000,15,5
5807,1000,14,11
5808,1001,21,7
5809,1001,5,17
5810,1002,12,18
5811,1002,21,6
5812,1002,15,18
5813,1002,24,13
5814,1002,0,10
5815,1002,15,23
5816,1002,9,5
5817,1002,11,18
5818,1002,17,14
5819,1003,18,7
5820,1003,0,12
5821,1003,2,20
5822,1004,4,23
5823,1004,1,7
5824,1004,18,15
5825,1004,0,2
5826,1004,3,0
5827,1005,21,14
5828,1005,10,22
5829,1005,16,2
5830,1005,9,13
5831,1005,17,5
5832,1005,9,22
5833,1005,14,8
5834,1005,4,17
5835,1005,23,10
5836,1005,14,6
5837,1006,7,16
5838,1006,0,14
5839,1006,14,5
5840,1006,0,9
5841,1006,4,7
5842,1006,19,10
5843,1006,4,5
5844,1007,2,12
5845,1007,13,11
5846,1007,2,9
5847,1007,8,22
5848,1007,6,21
5849,1008,4,14
5850,1008,9,0
5851,1008,5,22
5852,1008,10,16
5853,1009,22,14
5854,1009,19,4
5855,1009,2,4
5856,1009,4,0
5857,1009,0,21
5858,1009,17,5
5859,1009,3,12
5860,1009,14,4
5861,1010,19,3
5862,1011,3,13
5863,1011,19,5
5864,1011,0,7
5865,1011,9,17
5866,1011,15,23
5867,1012,19,16
5868,1012,3,9
5869,1012,7,14
5870,1012,9,11
5871,1012,1,10
5872,1012,12,4
5873,1012,24,9
5874,1012,8,12
5875,1012,3,11
5876,1012,11,23
5877,1013,3,6
5878,1013,6,3
5879,1014,12,20
5880,1014,15,4
5881,1014,21,7
5882,1014,3,6
5883,1014,15,1
5884,1014,3,24
5885,1015,14,23
5886,1015,17,1
5887,1015,21,23
5888,1015,18,15
5889,1016,21,6
5890,1016,6,23
5891,1016,4,19
5892,1016,8,12
5893,1016,10,23
5894,1016,15,13
5895,1016,21,5
5896,1016,6,21
5897,1016,19,10
5898,1016,10,4
5899,1017,20,1
5900,1017,2,10
5901,1017,10,6
5902,1017,20,5
5903,1017,23,6
5904,1017,15,17
5905,1017,12,3
5906,1017,22,2
5907,1018,13,4
5908,1018,12,2
5909,1018,9,24
5910,1018,20,22
5911,1019,16,7
5912,1019,21,12
5913,1019,4,24
5914,1019,20,17
5915,1019,10,8
5916,1020,21,18
5917,1020,23,11
5918,1020,7,22
5919,1020,0,6
5920,1020,23,7
5921,1020,0,17
5922,1021,12,10
5923,1021,0,13
5924,1021,14,4
5925,1021,12,2
5926,1021,11,13
5927,1022,21,11
5928,1022,24,12
5929,1022,24,6
5930,1022,20,23
5931,1022,1,13
5932,1023,9,20
5933,1023,17,6
5934,1023,20,19
5935,1023,20,16
5936,1023,8,12
5937,1023,2,5
5938,1023,15,22
5939,1023,12,15
5940,1023,6,16
5941,1023,1,8
5942,1024,18,11
5943,1024,18,1
5944,1024,2,10
5945,1024,18,21
5946,1024,6,3
5947,1024,16,22
5948,1024,17,19
5949,1025,1,24
5950,1025,15,19
5951,1025,20,3
5952,1025,11,23
5953,1025,14,3
5954,1025,24,18
5955,1025,0,13
5956,1026,14,7
5957,1026,5,15
5958,1026,21,15
5959,1026,5,11
5960,1026,7,18
5961,1026,1,23
5962,1026,3,24
5963,1027,14,2
5964,1027,20,11
5965,1027,14,2
5966,1027,11,13
5967,1027,18,20
5968,1027,10,12
5969,1027,0,15
5970,1027,3,18
5971,1028,24,4
5972,1028,21,12
5973,1028,1,23
5974,1028,16,9
5975,1028,10,19
5976,1028,22,10
5977,1029,13,6
5978,1029,6,19
5979,1029,2,10
5980,1029,4,21
5981,1029,1,9
5982,1029,20,17
5983,1029,10,21
5984,1030,6,15
5985,1030,10,8
5986,1030,13,0
5987,1030,0,11
5988,1030,18,10
5989,1030,10,3
5990,1030,15,0
5991,1031,7,9
5992,1031,11,23
5993,1031,4,16
5994,1031,0,9
5995,1031,16,14
5996,1031,8,16
5997,1031,16,18
5998,1032,18,8
5999,1032,17,15
6000,1032,15,19
6001,1032,21,11
6002,1032,15,8
6003,1033,20,11
6004,1034,0,4
6005,1034,21,10
6006,1034,16,18
6007,1034,9,2
6008,1034,4,22
6009,1035,16,13
6010,1035,19,22
6011,1035,15,3
6012,1036,17,15
6013,1036,10,19
6014,1036,8,11
6015,1036,9,19
6016,1037,23,5
6017,1037,14,17
6018,1037,2,22
6019,1037,14,6
6020,1038,8,2
6021,1038,10,2
6022,1038,24,6
6023,1038,17,19
6024,1038,19,8
6025,1038,21,24
6026,1038,18,0
6027,1039,10,2
6028,1039,22,18
6029,1039,13,22
6030,1039,9,12
6031,1039,14,11
6032,1039,3,7
6033,1040,16,2
6034,1040,7,18
6035,1040,6,22
6036,1040,23,12
6037,1040,18,21
6038,1040,4,24
6039,1041,15,21
6040,1041,5,24
6041,1041,6,9
6042,1042,12,20
6043,1042,2,20
6044,1042,13,10
6045,1042,0,24
6046,1043,23,17
6047,1043,23,3
6048,1043,18,14
6049,1043,10,23
6050,1044,11,8
6051,1044,3,24
6052,1044,15,8
6053,1044,20,1
6054,1044,8,23
6055,1044,7,18
6056,1044,5,21
6057,1045,23,2
6058,1045,23,15
6059,1045,17,10
6060,1045,4,14
6061,1045,20,5
6062,1045,17,15
6063,1045,5,22
6064,1045,5,21
6065,1045,22,24
6066,1046,6,17
6067,1046,0,13
6068,1046,23,12
6069,1046,24,9
6070,1046,9,5
6071,1046,19,11
6072,1046,3,16
6073,1046,22,11
6074,1046,4,7
6075,1047,21,2
6076,1047,6,3
6077,1047,21,15
6078,1047,11,14
6079,1048,18,3
6080,1048,3,16
6081,1048,0,2
6082,1048,10,9
6083,1048,20,13
6084,1048,18,14
6085,1048,0,14
6086,1048,23,10
6087,1049,6,13
6088,1049,20,9
6089,1049,19,6
6090,1049,16,24
6091,1049,10,9
6092,1049,15,5
6093,1049,14,4
6094,1049,7,9
6095,1050,6,3
6096,1050,8,23
6097,1050,0,22
6098,1050,15,2
6099,1050,6,2
6100,1051,9,15
6101,1051,14,1
6102,1051,2,18
6103,1051,3,12
6104,1051,11,1
6105,1051,7,5
6106,1051,4,10
6107,1051,11,22
6108,1051,17,20
6109,1052,17,23
6110,1052,3,13
6111,1052,4,14
6112,1052,4,1
6113,1052,6,2
6114,1052,12,3
6115,1053,15,17
6116,1053,16,18
6117,1053,18,6
6118,1053,13,23
6119,1054,19,17
6120,1054,24,17
6121,1054,24,0
6122,1054,9,0
6123,1054,10,24
6124,1054,23,3
6125,1054,24,4
6126,1054,19,13
6127,1055,13,24
6128,1055,16,20
6129,1055,9,5
6130,1055,17,19
6131,1055,0,19
6132,1057,14,11
6133,1057,6,9
6134,1058,9,19
6135,1058,18,9
6136,1058,19,10
6137,1058,21,10
6138,1058,22,8
6139,1058,12,4
6140,1058,15,13
6141,1059,9,0
6142,1059,21,11
6143,1059,23,11
6144,1059,16,22
6145,1059,17,0
6146,1059,23,14
6147,1059,10,20
6148,1059,1,8
6149,1059,22,9
6150,1060,14,1
6151,1060,4,12
6152,1060,18,5
6153,1060,15,14
6154,1060,19,3
6155,1060,18,4
6156,1060,19,13
6157,1061,22,9
6158,1061,23,17
6159,1061,24,8
6160,1061,5,18
6161,1061,0,9
6162,1062,4,13
6163,1062,10,4
6164,1062,2,8
6165,1062,21,17
6166,1062,0,4
6167,1062,7,1
6168,1062,2,24
6169,1062,7,21
6170,1062,24,18
6171,1063,11,8
6172,1063,0,9
6173,1063,20,13
6174,1063,8,16
6175,1063,3,18
6176,1063,3,23
6177,1063,15,5
6178,1063,16,3
6179,1064,3,22
6180,1064,6,22
6181,1064,18,22
6182,1064,6,24
6183,1064,8,15
6184,1064,23,0
6185,1064,22,7
6186,1064,3,1
6187,1065,9,20
6188,1065,0,20
6189,1065,3,17
6190,1065,20,19
6191,1065,21,14
6192,1065,19,16
6193,1065,22,3
6194,1065,15,19
6195,1066,11,17
6196,1066,23,21
6197,1066,15,2
6198,1066,21,17
6199,1066,23,14
6200,1066,8,24
6201,1066,7,13
6202,1066,3,24
6203,1066,22,6
6204,1066,14,20
6205,1066,19,7
6206,1066,1,4
6207,1066,15,1
6208,1067,21,18
6209,1067,0,8
6210,1068,11,24
6211,1068,9,1
6212,1068,4,22
6213,1068,6,22
6214,1068,3,14
6215,1069,17,7
6216,1069,10,6
6217,1069,9,3
6218,1069,14,4
6219,1069,5,20
6220,1070,13,2
6221,1070,6,18
6222,1070,12,5
6223,1070,3,23
6224,1070,22,2
6225,1070,24,6
6226,1071,3,1
6227,1071,2,20
6228,1071,9,24
6229,1071,18,3
6230,1071,15,21
6231,1072,16,6
6232,1072,13,11
6233,1072,24,13
6234,1072,6,12
6235,1072,13,20
6236,1072,10,14
6237,1072,20,10
6238,1072,1,10
6239,1072,15,0
6240,1072,17,11
6241,1072,7,10
6242,1072,24,21
6243,1072,8,5
6244,1073,21,5
6245,1073,2,16
6246,1073,5,8
6247,1073,14,4
6248,1073,12,10
6249,1073,14,3
6250,1073,3,6
6251,1074,17,20
6252,1074,14,18
6253,1074,20,18
6254,1074,11,4
6255,1074,10,4
6256,1074,16,6
6257,1074,10,21
6258,1075,4,10
6259,1075,9,12
6260,1075,20,5
6261,1075,9,3
6262,1075,5,3
6263,1075,13,23
6264,1076,15,5
6265,1076,13,10
6266,1076,12,4
6267,1076,2,22
6268,1076,7,1
6269,1077,9,23
6270,1077,20,12
6271,1077,2,0
6272,1077,7,22
6273,1077,5,1
6274,1077,3,13
6275,1077,17,10
6276,1078,19,7
6277,1078,23,8
6278,1078,19,10
6279,1078,10,0
6280,1079,5,2
6281,1079,22,18
6282,1079,6,16
6283,1079,19,12
6284,1079,4,2
6285,1079,15,22
6286,1079,15,7
6287,1079,9,13
6288,1080,17,23
6289,1080,14,3
6290,1080,1,7
6291,1080,0,16
6292,1080,12,19
6293,1080,22,10
6294,1081,5,19
6295,1081,7,18
6296,1081,3,13
6297,1082,21,17
6298,1082,0,2
6299,1082,17,5
6300,1082,5,7
6301,1083,13,11
6302,1083,18,6
6303,1083,20,12
6304,1083,21,4
6305,1084,23,20
6306,1084,22,4
6307,1084,2,9
6308,1084,1,15
6309,1084,12,10
6310,1084,11,22
6311,1084,9,24
6312,1085,2,20
6313,1085,23,7
6314,1085,14,7
6315,1085,24,20
6316,1085,16,23
6317,1086,2,21
6318,1086,14,22
6319,1087,15,13
6320,1087,11,22
6321,1087,12,23
6322,1087,17,8
6323,1087,8,22
6324,1088,18,20
6325,1088,4,15
6326,1088,2,11
6327,1088,11,1
6328,1088,16,22
6329,1088,7,9
6330,1088,10,17
6331,1088,23,8
6332,1089,20,19
6333,1089,12,3
6334,1089,3,24
6335,1089,1,22
6336,1089,16,19
6337,1089,14,4
6338,1090,24,8
6339,1090,14,21
6340,1090,15,19
6341,1090,11,2
6342,1091,5,19
6343,1091,15,22
6344,1091,12,6
6345,1091,8,16
6346,1091,19,4
6347,1091,20,9
6348,1091,3,18
6349,1092,8,2
6350,1092,21,12
6351,1092,23,13
6352,1092,16,20
6353,1092,5,24
6354,1092,23,5
6355,1092,9,15
6356,1093,0,7
6357,1094,17,14
6358,1094,13,7
6359,1094,10,16
6360,1095,18,21
6361,1095,13,19
6362,1095,8,6
6363,1096,0,16
6364,1096,5,4
6365,1096,22,4
6366,1096,8,11
6367,1096,15,17
6368,1097,12,16
6369,1097,17,5
6370,1097,4,23
6371,1097,12,23
6372,1097,15,11
6373,1097,19,6
6374,1097,5,12
6375,1097,11,7
6376,1097,4,5
6377,1097,1,11
6378,1098,7,17
6379,1098,15,14
6380,1098,21,0
6381,1098,24,0
6382,1098,18,9
6383,1098,18,14
6384,1098,24,4
6385,1098,6,19
6386,1098,22,0
6387,1098,24,6
6388,1098,3,16
6389,1099,6,17
6390,1099,12,1
6391,1099,20,5
6392,1099,3,24
6393,1099,19,15
6394,1099,22,0
6395,1099,5,3
6396,1100,1,7
6397,1100,22,10
6398,1100,3,24
6399,1100,22,2
6400,1100,0,10
6401,1100,2,24
6402,1100,5,12
6403,1100,0,21
6404,1100,3,0
6405,1100,18,11
6406,1100,18,1
6407,1100,18,0
6408,1101,22,14
6409,1101,7,0
6410,1101,22,2
6411,1101,15,24
6412,1101,24,0
6413,1101,18,15
6414,1101,11,3
6415,1101,8,6
6416,1102,24,2
6417,1102,0,7
6418,1102,11,1
6419,1102,8,16
6420,1102,17,5
6421,1102,10,23
6422,1103,4,16
6423,1103,18,22
6424,1103,17,1
6425,1103,3,7
6426,1103,20,13
6427,1103,6,3
6428,1103,12,23
6429,1104,2,11
6430,1104,10,23
6431,1104,17,9
6432,1104,24,6
6433,1104,4,21
6434,1104,1,11
6435,1105,15,5
6436,1105,15,11
6437,1105,6,16
6438,1105,16,23
6439,1105,10,16
6440,1105,4,24
6441,1105,22,6
6442,1105,0,4
6443,1106,9,1
6444,1106,13,20
6445,1106,15,3
6446,1106,20,9
6447,1106,11,19
6448,1106,4,8
6449,1106,15,18
6450,1106,11,19
6451,1106,23,0
6452,1106,17,15
6453,1107,3,17
6454,1107,10,9
6455,1108,1,10
6456,1108,12,2
6457,1108,10,17
6458,1108,10,22
6459,1108,23,10
6460,1108,21,5
6461,1109,13,1
6462,1109,10,3
6463,1109,18,15
6464,1109,16,0
6465,1109,23,14
6466,1109,20,1
6467,1109,2,23
6468,1109,24,14
6469,1110,0,18
6470,1110,18,1
6471,1110,0,9
6472,1111,22,8
6473,1111,18,4
6474,1111,13,10
6475,1112,11,4
6476,1112,10,17
6477,1112,0,13
6478,1112,8,19
6479,1112,8,23
6480,1112,16,18
6481,1112,19,23
6482,1113,10,4
6483,1113,10,8
6484,1113,21,12
6485,1113,16,12
6486,1113,4,20
6487,1113,8,14
6488,1114,6,20
6489,1114,1,15
6490,1114,11,17
6491,1114,8,14
6492,1114,24,20
6493,1115,4,18
6494,1115,24,15
6495,1115,22,14
6496,1115,14,11
6497,1115,1,13
6498,1115,1,18
6499,1115,3,17
6500,1115,18,6
6501,1116,22,1
6502,1116,9,17
6503,1116,16,8
6504,1116,6,2
6505,1116,10,0
6506,1116,24,17
6507,1116,13,16
6508,1116,1,23
6509,1116,10,1
6510,1116,23,21
6511,1117,5,8
6512,1117,24,6
6513,1117,22,11
6514,1117,10,12
6515,1117,18,10
6516,1117,24,20
6517,1117,17,7
6518,1117,10,23
6519,1118,16,6
6520,1118,15,1
6521,1118,6,13
6522,1118,15,6
6523,1118,15,17
6524,1118,23,2
6525,1118,4,7
6526,1118,0,24
6527,1118,6,23
6528,1119,12,1
6529,1120,23,8
6530,1120,15,11
6531,1120,17,9
6532,1120,5,12
6533,1120,20,18
6534,1121,24,20
6535,1121,6,12
6536,1121,7,10
6537,1121,1,9
6538,1121,2,12
6539,1122,7,9
6540,1122,0,8
6541,1122,20,14
6542,1122,22,6
6543,1123,3,20
6544,1124,9,16
6545,1124,6,4
6546,1124,22,7
6547,1124,15,4
6548,1124,14,20
6549,1124,20,11
6550,1124,15,21
6551,1125,17,0
6552,1125,11,17
6553,1125,6,13
6554,1125,1,12
6555,1126,15,18
6556,1126,3,19
6557,1126,20,5
6558,1126,24,0
6559,1126,10,18
6560,1127,1,10
6561,1127,9,20
6562,1127,20,19
6563,1127,18,24
6564,1127,18,16
6565,1127,4,23
6566,1127,19,12
6567,1128,21,4
6568,1128,18,4
6569,1129,20,9
6570,1129,13,9
6571,1129,4,2
6572,1129,7,5
6573,1129,8,20
6574,1129,15,7
6575,1129,15,7
6576,1129,9,22
6577,1129,0,19
6578,1130,18,2
6579,1130,4,19
6580,1130,23,16
6581,1130,3,19
6582,1130,13,23
6583,1130,24,17
6584,1130,8,23
6585,1131,3,24
6586,1131,15,23
6587,1132,20,9
6588,1132,15,1
6589,1132,15,1
6590,1132,0,12
6591,1133,9,13
6592,1133,6,0
6593,1133,6,22
6594,1133,17,23
6595,1133,14,24
6596,1134,14,2
6597,1134,1,11
6598,1134,5,13
6599,1134,20,10
6600,1134,8,22
6601,1134,4,11
6602,1134,14,0
6603,1135,24,5
6604,1135,3,5
6605,1136,5,15
6606,1136,15,13
6607,1136,3,24
6608,1136,5,17
6609,1136,14,11
6610,1137,20,17
6611,1137,19,12
6612,1137,14,8
6613,1138,13,7
6614,1138,21,18
6615,1138,21,11
6616,1138,14,10
6617,1138,22,1
6618,1138,2,12
6619,1138,5,2
6620,1138,7,11
6621,1138,4,23
6622,1139,19,8
6623,1139,24,9
6624,1139,4,19
6625,1139,19,7
6626,1139,8,15
6627,1139,1,3
6628,1139,18,6
6629,1140,20,2
6630,1140,14,0
6631,1140,11,8
6632,1141,14,2
6633,1141,2,9
6634,1141,1,20
6635,1141,6,22
6636,1141,19,8
6637,1141,12,3
6638,1142,19,11
6639,1142,8,1
6640,1142,6,16
6641,1142,10,4
6642,1142,15,21
6643,1142,9,16
6644,1142,10,7
6645,1143,19,15
6646,1143,10,9
6647,1143,2,5
6648,1143,0,15
6649,1143,16,14
6650,1143,6,16
6651,1144,9,10
6652,1144,8,5
6653,1144,13,10
6654,1144,2,19
6655,1144,14,1
6656,1144,24,10
6657,1145,21,18
6658,1145,23,12
6659,1145,19,23
6660,1145,1,10
6661,1145,22,11
6662,1145,0,4
6663,1145,7,9
6664,1145,18,20
6665,1145,4,13
6666,1146,12,14
6667,1146,8,4
6668,1146,19,16
6669,1146,6,19
6670,1146,20,16
6671,1146,10,14
6672,1146,14,8
6673,1146,7,21
6674,1146,13,24
6675,1147,16,3
6676,1147,5,22
6677,1147,23,15
6678,1147,10,13
6679,1147,8,10
6680,1148,15,11
6681,1148,16,8
6682,1148,14,22
6683,1148,16,9
6684,1149,13,5
6685,1149,14,22
6686,1149,19,17
6687,1149,13,15
6688,1149,3,18
6689,1149,23,14
6690,1149,18,16
6691,1150,8,10
6692,1150,6,16
6693,1150,14,22
6694,1150,13,4
6695,1150,16,5
6696,1151,3,11
6697,1151,18,3
6698,1151,20,14
6699,1151,8,11
6700,1151,20,2
6701,1151,16,19
6702,1151,21,10
6703,1152,8,22
6704,1152,19,7
6705,1152,20,18
6706,1152,1,3
6707,1152,16,5
6708,1152,8,14
6709,1152,6,2
6710,1153,1,16
6711,1153,13,1
6712,1153,19,7
6713,1153,15,18
6714,1154,9,15
6715,1154,18,16
6716,1154,3,13
6717,1154,9,19
6718,1154,1,14
6719,1154,8,0
6720,1154,6,23
6721,1155,12,15
6722,1155,7,5
6723,1155,18,16
6724,1155,24,7
6725,1156,4,13
6726,1156,8,20
6727,1156,14,4
6728,1156,7,16
6729,1157,10,0
6730,1157,10,20
6731,1157,5,22
6732,1158,24,16
6733,1158,16,10
6734,1158,16,20
6735,1158,14,0
6736,1158,11,2
6737,1158,23,16
6738,1158,8,22
6739,1158,8,20
6740,1158,8,12
6741,1158,2,19
6742,1158,4,19
6743,1158,12,1
6744,1159,16,13
6745,1159,21,0
6746,1159,1,19
6747,1160,20,12
6748,1160,7,10
6749,1160,23,16
6750,1160,1,5
6751,1160,9,13
6752,1160,8,12
6753,1161,3,6
6754,1161,17,1
6755,1161,11,1
6756,1161,16,22
6757,1162,21,9
6758,1162,22,2
6759,1162,1,13
6760,1162,23,10
6761,1162,11,23
6762,1162,16,4
6763,1162,5,2
6764,1162,7,11
6765,1163,15,0
6766,1163,1,16
6767,1163,13,23
6768,1163,21,18
6769,1163,13,2
6770,1163,17,23
6771,1163,3,17
6772,1163,6,24
6773,1164,17,2
6774,1164,3,19
6775,1164,9,22
6776,1164,13,2
6777,1164,21,18
6778,1164,2,22
6779,1164,16,19
6780,1165,5,21
6781,1166,1,22
6782,1166,10,21
6783,1166,22,8
6784,1166,6,8
6785,1167,21,0
6786,1167,5,14
6787,1167,20,10
6788,1167,21,17
6789,1167,6,21
6790,1168,20,14
6791,1168,5,8
6792,1168,21,7
6793,1168,21,4
6794,1169,23,19
6795,1169,0,11
6796,1169,2,8
6797,1170,11,0
6798,1170,17,24
6799,1170,9,2
6800,1170,3,19
6801,1170,24,22
6802,1170,15,21
6803,1170,12,0
6804,1170,8,24
6805,1170,5,14
6806,1170,23,17
6807,1171,13,7
6808,1171,19,22
6809,1171,22,14
6810,1171,3,16
6811,1171,12,10
6812,1171,5,22
6813,1171,23,8
6814,1171,9,21
6815,1172,19,1
6816,1172,22,8
6817,1172,8,24
6818,1172,20,9
6819,1172,10,18
6820,1172,10,22
6821,1172,9,12
6822,1172,13,15
6823,1172,6,14
6824,1173,24,18
6825,1173,3,13
6826,1173,10,4
6827,1173,7,18
6828,1173,19,6
6829,1173,4,16
6830,1173,6,16
6831,1173,7,9
6832,1173,18,15
6833,1174,20,11
6834,1174,2,15
6835,1174,9,23
6836,1174,16,18
6837,1174,10,14
6838,1175,2,21
6839,1175,15,24
6840,1175,1,11
6841,1175,5,12
6842,1175,11,13
6843,1175,11,13
6844,1175,10,8
6845,1175,7,10
6846,1175,15,9
6847,1176,0,13
6848,1176,21,15
6849,1176,16,1
6850,1176,20,9
6851,1177,23,15
6852,1177,13,21
6853,1177,1,17
6854,1177,2,23
6855,1177,1,5
6856,1177,17,1
6857,1178,16,4
6858,1178,6,24
6859,1178,19,12
6860,1178,15,22
6861,1178,9,1
6862,1179,2,9
6863,1179,0,17
6864,1179,14,3
6865,1179,3,13
6866,1179,5,23
6867,1179,11,19
6868,1180,4,21
6869,1180,23,7
6870,1180,0,16
6871,1180,21,7
6872,1180,18,11
6873,1180,17,8
6874,1180,24,16
6875,1181,21,11
6876,1181,19,12
6877,1181,2,15
6878,1181,14,1
6879,1181,16,7
6880,1181,4,0
6881,1181,0,11
6882,1182,5,24
6883,1182,20,13
6884,1182,1,18
6885,1182,4,8
6886,1182,11,23
6887,1182,15,12
6888,1183,8,4
6889,1183,3,20
6890,1183,16,10
6891,1183,6,13
6892,1183,3,22
6893,1183,24,11
6894,1183,2,8
6895,1183,6,24
6896,1183,3,20
6897,1183,3,18
6898,1184,24,18
6899,1184,12,1
6900,1184,22,15
6901,1184,21,9
6902,1184,20,1
6903,1184,20,14
6904,1185,0,18
6905,1185,17,11
6906,1185,15,18
6907,1185,22,6
6908,1185,20,8
6909,1185,14,23
6910,1186,17,15
6911,1186,3,19
6912,1186,18,6
6913,1186,13,5
6914,1186,15,17
6915,1186,3,20
6916,1186,21,9
6917,1186,18,11
6918,1186,12,18
6919,1187,24,12
6920,1187,2,14
6921,1187,7,19
6922,1187,23,11
6923,1187,18,8
6924,1187,0,9
6925,1187,12,1
6926,1187,2,10
6927,1187,4,10
6928,1187,8,2
6929,1187,22,24
6930,1188,22,6
6931,1188,6,9
6932,1188,20,19
6933,1188,6,16
6934,1188,8,24
6935,1189,7,19
6936,1189,7,11
6937,1189,19,23
6938,1189,8,6
6939,1189,6,19
6940,1190,10,2
6941,1190,1,19
6942,1190,22,24
6943,1190,4,14
6944,1190,15,4
6945,1190,14,11
6946,1191,14,8
6947,1191,3,23
6948,1191,10,17
6949,1191,18,7
6950,1192,16,3
6951,1192,12,22
6952,1192,22,11
6953,1192,23,17
6954,1192,15,19
6955,1192,18,11
6956,1192,23,10
6957,1192,23,16
6958,1192,4,6
6959,1192,19,15
6960,1192,13,2
6961,1193,0,3
6962,1193,9,15
6963,1193,14,6
6964,1193,1,13
6965,1193,3,1
6966,1193,21,11
6967,1193,11,18
6968,1193,3,16
6969,1194,11,15
6970,1194,3,19
6971,1194,3,6
6972,1194,0,9
6973,1195,7,24
6974,1195,20,4
6975,1195,2,19
6976,1195,3,23
6977,1195,16,5
6978,1195,11,23
6979,1195,9,0
6980,1195,16,1
6981,1195,17,6
6982,1195,7,11
6983,1195,7,0
6984,1196,0,15
6985,1196,13,7
6986,1196,21,4
6987,1196,16,0
6988,1196,11,2
6989,1196,22,1
6990,1196,23,9
6991,1197,6,21
6992,1198,14,12
6993,1198,15,8
6994,1198,13,0
6995,1198,4,22
6996,1198,3,16
6997,1198,12,4
6998,1198,15,14
6999,1199,7,15
7000,1199,3,18
7001,1199,13,10
7002,1199,9,5
7003,1199,6,17
7004,1199,14,7
7005,1200,12,24
7006,1200,4,2
7007,1200,3,19
7008,1200,24,20
7009,1200,24,9
7010,1200,17,14
7011,1201,22,7
7012,1201,8,14
7013,1201,24,2
7014,1201,23,5
7015,1201,15,1
7016,1201,1,21
7017,1201,23,3
7018,1202,15,18
7019,1202,15,2
7020,1202,18,12
7021,1202,15,5
7022,1202,19,9
7023,1202,14,23
7024,1202,4,12
7025,1203,13,2
7026,1203,22,7
7027,1203,4,1
7028,1203,17,2
7029,1203,2,19
7030,1203,22,16
7031,1203,20,9
7032,1203,10,8
7033,1203,2,19
7034,1203,5,23
7035,1204,19,17
7036,1204,1,12
7037,1204,12,23
7038,1204,17,4
7039,1204,22,9
7040,1204,13,21
7041,1204,16,12
7042,1204,22,24
7043,1204,3,20
7044,1204,15,18
7045,1205,16,7
7046,1205,10,14
7047,1205,14,18
7048,1205,16,5
7049,1206,15,11
7050,1206,19,21
7051,1206,6,24
7052,1207,6,12
7053,1207,13,2
7054,1207,2,4
7055,1207,0,18
7056,1208,11,5
7057,1208,6,8
7058,1208,9,0
7059,1208,9,18
7060,1208,1,15
7061,1208,1,8
7062,1208,2,24
7063,1208,18,7
7064,1209,23,0
7065,1209,11,17
7066,1209,21,14
7067,1209,4,20
7068,1209,17,11
7069,1209,5,1
7070,1209,4,22
7071,1210,7,18
7072,1210,9,20
7073,1210,24,20
7074,1210,7,14
7075,1210,6,16
7076,1210,15,21
7077,1210,18,4
7078,1211,6,2
7079,1211,15,6
7080,1211,10,0
7081,1211,21,15
7082,1211,23,2
7083,1211,22,20
7084,1211,12,14
7085,1211,3,0
7086,1211,16,22
7087,1212,10,7
7088,1212,3,5
7089,1212,14,18
7090,1213,7,1
7091,1213,13,0
7092,1213,6,2
7093,1213,15,21
7094,1213,21,2
7095,1213,3,14
7096,1214,20,10
7097,1214,16,9
7098,1214,17,14
7099,1214,4,18
7100,1214,14,21
7101,1214,23,20
7102,1215,1,14
7103,1215,17,23
7104,1215,3,11
7105,1215,16,20
7106,1215,19,10
7107,1215,15,8
7108,1215,9,19
7109,1215,20,10
7110,1215,8,19
7111,1215,8,24
7112,1216,17,0
7113,1216,15,2
7114,1216,16,19
7115,1216,4,19
7116,1216,7,4
7117,1216,24,7
7118,1216,5,8
7119,1216,7,22
7120,1217,13,9
7121,1217,21,1
7122,1217,8,19
7123,1217,22,7
7124,1217,22,20
7125,1217,22,18
7126,1217,15,24
7127,1217,14,7
7128,1218,20,11
7129,1218,22,11
7130,1218,11,4
7131,1218,6,20
7132,1219,24,1
7133,1219,15,0
7134,1219,21,13
7135,1219,1,8
7136,1219,18,8
7137,1219,0,3
7138,1220,18,5
7139,1220,7,19
7140,1220,1,5
7141,1221,23,12
7142,1221,12,9
7143,1221,0,9
7144,1221,0,19
7145,1222,19,1
7146,1222,7,3
7147,1222,6,13
7148,1222,11,3
7149,1222,18,8
7150,1222,17,10
7151,1222,6,16
7152,1222,6,0
7153,1222,11,4
7154,1223,16,23
7155,1223,8,0
7156,1223,13,20
7157,1223,21,24
7158,1223,6,14
7159,1223,15,8
7160,1224,19,4
7161,1224,9,24
7162,1224,20,12
7163,1224,9,15
7164,1225,18,14
7165,1225,4,10
7166,1225,18,0
7167,1225,19,2
7168,1225,2,22
7169,1226,5,4
7170,1226,11,9
7171,1226,20,24
7172,1226,23,3
7173,1226,9,13
7174,1227,4,18
7175,1227,10,7
7176,1227,0,4
7177,1227,6,18
7178,1228,7,3
7179,1228,17,9
7180,1228,3,20
7181,1228,24,12
7182,1228,24,11
7183,1228,5,2
7184,1228,23,19
7185,1228,6,8
7186,1229,8,11
7187,1229,2,15
7188,1229,9,16
7189,1229,8,5
7190,1229,17,2
7191,1230,2,6
7192,1230,0,14
7193,1230,20,4
7194,1230,11,3
7195,1230,3,22
7196,1231,3,24
7197,1231,14,12
7198,1231,21,19
7199,1231,8,6
7200,1231,5,9
7201,1232,3,21
7202,1232,15,12
7203,1232,23,13
7204,1232,18,14
7205,1232,17,9
7206,1232,7,3
7207,1232,4,14
7208,1232,13,17
7209,1232,16,19
7210,1233,7,23
7211,1233,10,24
7212,1234,9,19
7213,1234,11,13
7214,1234,1,9
7215,1235,15,23
7216,1235,2,21
7217,1235,4,1
7218,1235,23,8
7219,1235,23,5
7220,1236,10,12
7221,1236,14,21
7222,1236,19,8
7223,1237,12,20
7224,1237,9,24
7225,1237,7,10
7226,1237,9,23
7227,1238,16,0
7228,1238,15,14
7229,1238,11,5
7230,1238,12,23
7231,1238,22,16
7232,1238,6,16
7233,1238,14,0
7234,1238,19,7
7235,1238,10,6
7236,1239,4,21
7237,1239,11,20
7238,1239,1,17
7239,1239,5,2
7240,1239,18,20
7241,1239,22,7
7242,1239,21,11
7243,1240,18,7
7244,1240,14,12
7245,1240,1,17
7246,1240,17,13
7247,1240,1,11
7248,1241,17,1
7249,1241,11,21
7250,1241,7,4
7251,1241,10,13
7252,1241,21,0
7253,1241,9,6
7254,1242,7,15
7255,1242,24,11
7256,1242,11,20
7257,1242,1,13
7258,1242,12,9
7259,1242,1,14
7260,1242,6,23
7261,1243,4,18
7262,1243,11,20
7263,1243,24,8
7264,1243,9,3
7265,1243,7,16
7266,1243,20,4
7267,1243,14,5
7268,1243,15,4
7269,1244,2,19
7270,1244,4,10
7271,1244,9,17
7272,1244,6,19
7273,1244,24,0
7274,1244,0,18
7275,1244,16,4
7276,1244,23,10
7277,1244,18,12
7278,1245,21,8
7279,1245,5,7
7280,1245,21,10
7281,1246,19,21
7282,1246,17,15
7283,1246,14,10
7284,1246,14,20
7285,1246,18,9
7286,1246,17,11
7287,1246,4,10
7288,1246,15,0
7289,1246,20,11
7290,1247,19,11
7291,1247,22,8
7292,1247,8,23
7293,1247,3,5
7294,1247,24,9
7295,1247,5,4
7296,1247,2,12
7297,1247,24,11
7298,1247,21,17
7299,1247,24,5
7300,1248,6,2
7301,1248,7,14
7302,1248,11,15
7303,1248,19,4
7304,1248,3,16
7305,1249,24,1
7306,1249,23,19
7307,1249,19,2
7308,1249,0,7
7309,1249,1,12
7310,1249,13,22
7311,1250,4,7
7312,1250,6,13
7313,1250,8,23
7314,1250,6,19
7315,1250,22,5
7316,1251,20,18
7317,1251,0,14
7318,1251,13,21
7319,1251,13,20
7320,1251,15,18
7321,1251,23,0
7322,1252,19,2
7323,1252,15,6
7324,1252,11,19
7325,1252,9,10
7326,1253,16,3
7327,1253,5,20
7328,1253,0,14
7329,1253,6,3
7330,1253,4,24
7331,1254,9,5
7332,1254,11,7
7333,1255,20,3
7334,1255,17,6
7335,1255,14,15
7336,1255,3,5
7337,1255,6,19
7338,1256,14,18
7339,1256,2,5
7340,1256,15,14
7341,1256,17,8
7342,1256,5,2
7343,1257,14,15
7344,1257,8,21
7345,1257,22,1
7346,1257,24,22
7347,1257,23,14
7348,1258,21,17
7349,1258,22,20
7350,1258,10,0
7351,1258,12,18
7352,1258,9,23
7353,1259,24,17
7354,1259,9,19
7355,1259,17,2
7356,1259,1,13
7357,1259,23,7
7358,1259,24,5
7359,1260,13,17
7360,1260,24,20
7361,1260,18,4
7362,1260,13,3
7363,1260,3,15
7364,1260,12,6
7365,1261,17,3
7366,1261,1,10
7367,1261,1,4
7368,1262,20,9
7369,1262,21,7
7370,1262,10,13
7371,1262,19,10
7372,1262,24,16
7373,1263,5,14
7374,1263,2,20
7375,1263,21,5
7376,1263,9,0
7377,1263,6,21
7378,1264,15,11
7379,1264,14,24
7380,1264,7,16
7381,1265,21,17
7382,1265,0,9
7383,1265,17,19
7384,1265,5,1
7385,1265,17,23
7386,1265,0,18
7387,1265,14,12
7388,1266,3,18
7389,1266,11,23
7390,1266,4,22
7391,1267,20,14
7392,1267,11,3
7393,1267,21,3
7394,1267,8,23
7395,1267,9,21
7396,1267,11,18
7397,1267,23,11
7398,1268,2,8
7399,1268,12,1
7400,1268,16,7
7401,1268,12,9
7402,1268,24,15
7403,1268,18,7
7404,1269,3,9
7405,1269,13,4
7406,1269,17,24
7407,1270,21,5
7408,1270,22,20
7409,1270,19,21
7410,1270,8,6
7411,1270,22,19
7412,1271,8,20
7413,1271,13,16
7414,1272,4,0
7415,1272,10,8
7416,1272,6,0
7417,1273,19,1
7418,1273,13,24
7419,1273,14,11
7420,1273,10,3
7421,1273,2,8
7422,1273,20,9
7423,1273,19,21
7424,1274,7,21
7425,1274,0,16
7426,1274,16,4
7427,1274,21,10
7428,1275,10,14
7429,1275,14,11
7430,1275,2,11
7431,1275,23,19
7432,1275,15,1
7433,1276,0,7
7434,1276,7,11
7435,1276,8,24
7436,1276,0,21
7437,1276,20,2
7438,1276,24,13
7439,1276,5,20
7440,1276,24,1
7441,1277,17,0
7442,1277,19,9
7443,1277,2,8
7444,1277,18,15
7445,1277,22,16
7446,1278,15,0
7447,1278,19,12
7448,1278,23,5
7449,1278,20,9
7450,1278,22,5
7451,1279,19,23
7452,1279,7,17
7453,1279,23,19
7454,1279,5,19
7455,1279,10,16
7456,1280,14,2
7457,1280,17,10
7458,1280,17,19
7459,1281,12,21
7460,1281,14,18
7461,1281,21,15
7462,1281,20,19
7463,1281,5,14
7464,1282,1,24
7465,1282,8,5
7466,1282,13,21
7467,1282,21,15
7468,1282,17,6
7469,1283,10,23
7470,1283,5,11
7471,1283,16,3
7472,1283,4,5
7473,1283,8,1
7474,1284,20,7
7475,1284,15,14
7476,1284,11,21
7477,1284,7,13
7478,1285,24,0
7479,1285,10,6
7480,1285,19,2
7481,1286,24,22
7482,1286,10,4
7483,1286,12,1
7484,1286,4,0
7485,1286,10,8
7486,1286,16,10
7487,1286,23,5
7488,1286,8,14
7489,1286,18,14
7490,1287,23,2
7491,1287,8,11
7492,1287,13,22
7493,1287,22,11
7494,1287,7,15
7495,1287,0,21
7496,1287,20,13
7497,1288,2,5
7498,1288,24,15
7499,1288,6,23
7500,1288,1,16
7501,1288,4,6
7502,1288,23,3
7503,1288,22,10
7504,1288,4,1
7505,1289,6,14
7506,1289,0,19
7507,1289,5,9
7508,1289,3,6
7509,1289,10,3
7510,1290,2,16
7511,1290,16,14
7512,1290,12,18
7513,1290,12,18
7514,1291,13,19
7515,1291,0,15
7516,1291,3,19
7517,1291,20,6
7518,1291,22,5
7519,1291,23,6
7520,1291,10,4
7521,1291,16,10
7522,1291,13,1
7523,1292,4,18
7524,1292,24,18
7525,1292,1,11
7526,1292,11,24
7527,1292,15,17
7528,1292,2,6
7529,1293,4,14
7530,1293,15,22
7531,1294,19,21
7532,1294,15,23
7533,1294,9,16
7534,1294,21,11
7535,1294,10,4
7536,1294,7,18
7537,1294,19,15
7538,1294,10,23
7539,1294,4,19
7540,1294,14,22
7541,1295,24,12
7542,1295,8,20
7543,1295,4,19
7544,1295,15,19
7545,1295,15,7
7546,1295,14,18
7547,1296,3,19
7548,1296,6,8
7549,1296,1,8
7550,1296,12,8
7551,1296,4,23
7552,1296,0,3
7553,1296,12,15
7554,1296,18,3
7555,1296,8,22
7556,1296,16,4
7557,1296,2,19
7558,1296,9,7
7559,1297,23,21
7560,1297,22,5
7561,1297,6,9
7562,1298,13,22
7563,1298,9,18
7564,1298,20,9
7565,1298,24,13
7566,1298,16,23
7567,1298,2,23
7568,1299,9,20
7569,1299,17,23
7570,1299,23,3
7571,1299,16,18
7572,1299,20,17
7573,1299,16,3
7574,1300,24,14
7575,1300,5,16
7576,1300,6,0
7577,1300,23,10
7578,1300,1,16
7579,1301,11,13
7580,1301,17,10
7581,1301,24,0
7582,1302,16,4
7583,1302,14,22
7584,1302,3,16
7585,1303,19,2
7586,1303,11,19
7587,1303,10,21
7588,1303,9,5
7589,1303,16,0
7590,1303,14,15
7591,1303,19,22
7592,1303,5,3
7593,1303,0,6
7594,1304,9,18
7595,1304,22,24
7596,1304,9,15
7597,1304,23,12
7598,1304,0,19
7599,1305,15,3
7600,1305,12,9
7601,1305,18,3
7602,1305,8,17
7603,1305,20,1
7604,1305,2,20
7605,1306,22,0
7606,1306,0,6
7607,1306,17,15
7608,1306,12,6
7609,1307,21,11
7610,1307,10,6
7611,1307,5,24
7612,1307,20,18
7613,1308,1,14
7614,1308,24,9
7615,1308,12,19
7616,1308,21,6
7617,1308,19,12
7618,1308,10,3
7619,1308,9,22
7620,1308,22,1
7621,1308,23,5
7622,1308,19,22
7623,1309,3,7
7624,1309,3,1
7625,1309,6,9
7626,1309,7,0
7627,1310,15,0
7628,1310,14,7
7629,1310,22,19
7630,1311,5,19
7631,1311,8,17
7632,1311,14,23
7633,1311,20,10
7634,1311,24,21
7635,1311,23,8
7636,1311,2,11
7637,1311,19,4
7638,1311,19,5
7639,1312,4,6
7640,1312,1,4
7641,1312,2,11
7642,1312,7,11
7643,1312,11,18
7644,1312,12,23
7645,1313,0,24
7646,1313,4,5
7647,1313,7,10
7648,1313,14,3
7649,1313,16,9
7650,1313,11,15
7651,1314,9,17
7652,1314,18,9
7653,1314,21,3
7654,1314,19,8
7655,1314,3,13
7656,1314,11,20
7657,1314,3,17
7658,1314,23,8
7659,1315,13,16
7660,1315,12,15
7661,1315,24,1
7662,1315,2,6
7663,1315,12,10
7664,1316,10,4
7665,1316,1,22
7666,1316,24,0
7667,1316,0,10
7668,1316,14,21
7669,1317,22,15
7670,1317,24,4
7671,1318,16,20
7672,1318,16,13
7673,1318,2,10
7674,1318,4,8
7675,1318,16,2
7676,1318,1,19
7677,1319,3,13
7678,1319,17,9
7679,1319,3,19
7680,1319,15,22
7681,1319,3,15
7682,1319,0,22
7683,1320,9,3
7684,1320,17,21
7685,1320,20,22
7686,1320,10,12
7687,1320,23,4
7688,1321,14,12
7689,1321,9,1
7690,1322,4,7
7691,1322,14,23
7692,1322,3,6
7693,1322,3,21
7694,1322,20,6
7695,1322,13,15
7696,1322,9,22
7697,1322,21,0
7698,1322,24,2
7699,1322,0,21
7700,1322,24,2
7701,1323,24,9
7702,1323,17,0
7703,1323,2,0
7704,1323,18,21
7705,1323,11,23
7706,1323,0,23
7707,1324,22,13
7708,1324,20,18
7709,1324,1,5
7710,1324,24,15
7711,1324,19,13
7712,1324,20,4
7713,1324,3,22
7714,1325,24,4
7715,1325,0,17
7716,1325,24,11
7717,1325,20,6
7718,1326,14,23
7719,1326,20,8
7720,1326,6,9
7721,1326,1,24
7722,1326,22,0
7723,1326,11,20
7724,1326,21,12
7725,1326,10,0
7726,1327,5,14
7727,1327,7,4
7728,1327,10,18
7729,1327,24,0
7730,1327,14,20
7731,1327,1,5
7732,1327,2,5
7733,1328,20,12
7734,1328,17,4
7735,1329,22,9
7736,1329,3,20
7737,1329,11,13
7738,1329,20,5
7739,1330,0,6
7740,1330,13,4
7741,1330,8,10
7742,1330,4,6
7743,1330,23,13
7744,1330,8,22
7745,1330,24,10
7746,1330,14,24
7747,1330,7,20
7748,1330,20,22
7749,1330,20,5
7750,1331,0,14
7751,1331,1,16
7752,1331,10,19
7753,1331,13,24
7754,1331,3,0
7755,1331,19,9
7756,1331,10,21
7757,1332,0,15
7758,1332,5,18
7759,1332,5,20
7760,1332,20,3
7761,1333,21,1
7762,1333,20,4
7763,1333,8,0
7764,1333,23,1
7765,1333,22,8
7766,1333,8,4
7767,1334,9,21
7768,1334,3,21
7769,1334,2,11
7770,1335,14,23
7771,1335,4,13
7772,1335,14,23
7773,1335,10,20
7774,1335,23,4
7775,1335,18,15
7776,1336,2,16
7777,1336,0,17
7778,1336,2,12
7779,1336,4,10
7780,1336,20,24
7781,1336,6,3
7782,1337,15,19
7783,1337,7,13
7784,1337,11,7
7785,1338,14,2
7786,1338,15,4
7787,1338,6,17
7788,1338,8,23
7789,1338,23,5
7790,1338,5,1
7791,1338,22,12
7792,1338,9,15
7793,1338,15,24
7794,1339,11,24
7795,1339,13,11
7796,1340,2,10
7797,1340,18,8
7798,1340,1,4
7799,1340,19,17
7800,1340,9,18
7801,1340,2,20
7802,1341,17,20
7803,1341,15,17
7804,1341,11,19
7805,1341,10,17
7806,1342,5,23
7807,1342,14,22
7808,1342,22,0
7809,1342,13,24
7810,1342,7,1
7811,1342,4,19
7812,1342,9,7
7813,1343,11,22
7814,1343,24,6
7815,1343,19,12
7816,1343,17,8
7817,1343,7,5
7818,1343,10,9
7819,1343,19,9
7820,1343,18,2
7821,1344,23,16
7822,1344,9,12
7823,1344,15,11
7824,1344,19,6
7825,1344,2,19
7826,1345,10,14
7827,1345,16,13
7828,1345,7,21
7829,1345,0,3
7830,1345,10,0
7831,1345,4,10
7832,1345,17,20
7833,1345,9,12
7834,1345,6,3
7835,1345,20,0
7836,1346,9,24
7837,1346,5,11
7838,1346,6,10
7839,1346,18,9
7840,1346,21,6
7841,1347,6,18
7842,1347,2,4
7843,1347,0,16
7844,1348,18,16
7845,1348,19,21
7846,1348,14,24
7847,1348,20,2
7848,1348,15,2
7849,1348,9,16
7850,1348,21,9
7851,1348,12,21
7852,1348,11,14
7853,1348,22,3
7854,1348,21,3
7855,1348,3,11
7856,1349,6,20
7857,1349,14,16
7858,1349,7,3
7859,1349,18,16
7860,1349,1,21
7861,1349,0,18
7862,1350,22,4
7863,1350,4,21
7864,1350,1,9
7865,1350,14,7
7866,1350,21,13
7867,1350,15,6
7868,1350,16,2
7869,1350,1,17
7870,1350,16,12
7871,1351,13,3
7872,1351,24,11
7873,1351,23,5
7874,1351,24,17
7875,1351,8,18
7876,1351,17,24
7877,1351,0,18
7878,1351,5,15
7879,1352,5,14
7880,1352,24,13
7881,1352,13,6
7882,1353,6,20
7883,1353,20,1
7884,1353,21,1
7885,1353,21,19
7886,1353,11,13
7887,1354,15,4
7888,1354,7,5
7889,1354,5,13
7890,1354,2,12
7891,1354,4,16
7892,1354,18,7
7893,1354,5,18
7894,1354,12,5
7895,1354,10,4
7896,1354,11,24
7897,1354,5,4
7898,1354,24,8
7899,1355,5,23
7900,1355,20,12
7901,1355,15,12
7902,1355,6,3
7903,1355,22,15
7904,1356,15,18
7905,1356,20,22
7906,1356,11,18
7907,1356,13,6
7908,1356,11,8
7909,1356,4,13
7910,1356,15,2
7911,1356,14,6
7912,1357,22,11
7913,1357,2,17
7914,1357,2,23
7915,1358,22,10
7916,1358,4,1
7917,1358,21,19
7918,1358,9,1
7919,1359,4,12
7920,1359,5,12
7921,1359,24,21
7922,1359,6,21
7923,1359,23,2
7924,1359,23,8
7925,1359,10,0
7926,1359,3,12
7927,1359,1,14
7928,1359,5,16
7929,1359,16,13
7930,1360,0,24
7931,1360,20,1
7932,1360,7,9
7933,1360,14,8
7934,1361,14,11
7935,1361,0,12
7936,1361,15,0
7937,1361,16,8
7938,1361,7,5
7939,1361,5,1
7940,1361,7,5
7941,1362,22,19
7942,1363,16,20
7943,1363,6,19
7944,1363,13,19
7945,1363,20,5
7946,1363,11,1
7947,1363,2,21
7948,1364,3,22
7949,1364,1,3
7950,1364,4,6
7951,1364,15,14
7952,1364,18,11
7953,1364,7,16
7954,1365,15,11
7955,1365,9,13
7956,1365,15,7
7957,1365,3,13
7958,1365,19,6
7959,1366,19,7
7960,1366,1,5
7961,1367,18,3
7962,1367,18,12
7963,1367,24,7
7964,1367,15,12
7965,1367,14,23
7966,1368,21,5
7967,1368,8,1
7968,1368,15,22
7969,1369,9,21
7970,1369,16,12
7971,1369,15,22
7972,1369,3,21
7973,1369,4,18
7974,1369,8,24
7975,1369,15,14
7976,1370,3,15
7977,1370,22,24
7978,1370,0,20
7979,1370,17,13
7980,1370,19,13
7981,1371,18,6
7982,1371,21,14
7983,1371,20,24
7984,1371,24,5
7985,1371,12,9
7986,1372,1,5
7987,1372,0,10
7988,1372,7,4
7989,1372,19,20
7990,1372,11,15
7991,1373,0,24
7992,1373,3,23
7993,1373,4,10
7994,1373,4,14
7995,1373,11,21
7996,1374,2,0
7997,1374,5,13
7998,1374,21,5
7999,1374,6,19
8000,1374,24,1
8001,1374,16,9
8002,1374,13,17
8003,1375,11,20
8004,1375,24,16
8005,1375,0,21
8006,1375,17,9
8007,1375,22,6
8008,1375,11,19
8009,1376,18,6
8010,1376,15,9
8011,1376,14,2
8012,1377,22,15
8013,1377,5,7
8014,1377,0,17
8015,1377,4,0
8016,1377,24,18
8017,1377,18,21
8018,1377,24,12
8019,1377,17,14
8020,1378,8,5
8021,1378,24,9
8022,1378,22,11
8023,1378,10,9
8024,1378,22,8
8025,1379,13,19
8026,1379,1,24
8027,1379,6,19
8028,1380,11,9
8029,1380,15,0
8030,1380,7,5
8031,1380,18,3
8032,1380,20,12
8033,1380,15,24
8034,1380,4,14
8035,1381,11,3
8036,1381,2,13
8037,1381,7,20
8038,1381,19,7
8039,1382,5,18
8040,1382,14,2
8041,1382,16,7
8042,1382,10,20
8043,1383,6,17
8044,1383,9,13
8045,1383,9,15
8046,1383,5,20
8047,1384,22,20
8048,1384,15,24
8049,1384,11,0
8050,1384,16,10
8051,1384,9,23
8052,1384,18,14
8053,1384,13,17
8054,1384,23,4
8055,1385,9,12
8056,1385,7,18
8057,1385,15,5
8058,1385,1,9
8059,1385,4,11
8060,1386,16,24
8061,1386,5,12
8062,1386,12,0
8063,1386,12,3
8064,1386,12,24
8065,1386,1,14
8066,1386,10,9
8067,1386,12,2
8068,1386,18,3
8069,1386,6,16
8070,1387,11,8
8071,1387,21,4
8072,1387,1,17
8073,1387,23,15
8074,1387,22,18
8075,1387,14,6
8076,1387,4,12
8077,1387,7,22
8078,1387,23,19
8079,1387,8,14
8080,1387,15,14
8081,1387,17,14
8082,1387,3,7
8083,1388,5,12
8084,1388,20,3
8085,1388,10,17
8086,1388,4,20
8087,1388,9,11
8088,1388,23,21
8089,1389,4,21
8090,1389,17,6
8091,1389,10,6
8092,1389,11,24
8093,1389,17,23
8094,1389,6,22
8095,1390,9,21
8096,1390,3,18
8097,1390,11,18
8098,1390,0,13
8099,1390,11,9
8100,1390,11,22
8101,1390,12,19
8102,1390,11,14
8103,1390,8,20
8104,1390,23,10
8105,1390,20,9
8106,1391,6,24
8107,1391,17,14
8108,1391,24,21
8109,1391,5,24
8110,1391,4,18
8111,1391,3,21
8112,1392,12,23
8113,1392,5,21
8114,1392,13,6
8115,1392,11,23
8116,1392,21,23
8117,1393,9,5
8118,1393,9,13
8119,1393,0,21
8120,1393,16,0
8121,1393,23,9
8122,1393,2,4
8123,1393,20,18
8124,1393,3,13
8125,1393,19,21
8126,1394,13,10
8127,1394,6,19
8128,1394,3,15
8129,1394,18,6
8130,1394,8,24
8131,1394,14,1
8132,1394,8,23
8133,1394,7,19
8134,1394,7,17
8135,1395,7,17
8136,1395,0,12
8137,1396,14,2
8138,1396,22,5
8139,1396,13,16
8140,1396,17,0
8141,1396,4,11
8142,1396,23,2
8143,1397,14,3
8144,1397,23,7
8145,1397,17,13
8146,1397,17,24
8147,1397,24,4
8148,1398,11,7
8149,1398,0,8
8150,1398,2,15
8151,1398,20,3
8152,1398,9,13
8153,1398,19,23
8154,1399,12,4
8155,1399,0,21
8156,1399,13,4
8157,1399,8,15
8158,1399,15,3
8159,1400,21,3
8160,1400,6,17
8161,1400,3,13
8162,1400,7,10
8163,1400,2,4
8164,1401,11,22
8165,1401,12,8
8166,1401,13,1
8167,1401,6,22
8168,1401,1,16
8169,1401,23,10
8170,1401,14,8
8171,1401,1,15
8172,1401,19,20
8173,1402,15,9
8174,1402,9,19
8175,1402,18,10
8176,1402,8,11
8177,1402,9,3
8178,1402,5,17
8179,1402,16,18
8180,1403,20,3
8181,1403,1,20
8182,1403,16,8
8183,1403,21,3
8184,1403,20,1
8185,1403,17,4
8186,1403,3,7
8187,1404,10,12
8188,1404,16,20
8189,1404,15,11
8190,1404,7,13
8191,1404,10,24
8192,1404,2,11
8193,1405,22,16
8194,1405,10,23
8195,1405,18,14
8196,1405,23,6
8197,1405,9,21
8198,1405,3,14
8199,1405,23,8
8200,1405,10,4
8201,1406,11,17
8202,1406,14,7
8203,1406,17,19
8204,1406,3,10
8205,1406,17,0
8206,1406,1,10
8207,1406,8,11
8208,1406,23,16
8209,1407,19,2
8210,1407,4,14
8211,1407,2,23
8212,1407,21,12
8213,1407,6,4
8214,1407,8,23
8215,1407,3,5
8216,1407,17,8
8217,1408,10,13
8218,1409,15,14
8219,1409,16,5
8220,1409,19,16
8221,1410,6,16
8222,1410,11,21
8223,1410,14,7
8224,1410,9,7
8225,1410,12,19
8226,1410,4,10
8227,1410,23,7
8228,1411,7,15
8229,1411,21,13
8230,1411,5,8
8231,1411,2,0
8232,1411,0,8
8233,1411,0,13
8234,1411,9,15
8235,1411,20,10
8236,1411,15,2
8237,1412,16,19
8238,1412,18,6
8239,1412,10,12
8240,1412,19,10
8241,1412,9,5
8242,1412,16,24
8243,1413,0,23
8244,1413,22,5
8245,1413,23,12
8246,1413,20,24
8247,1414,19,15
8248,1414,1,12
8249,1414,5,4
8250,1414,16,13
8251,1414,5,3
8252,1415,5,3
8253,1415,21,2
8254,1415,20,7
8255,1415,7,5
8256,1415,4,5
8257,1416,8,11
8258,1416,19,16
8259,1416,9,20
8260,1416,14,11
8261,1416,14,1
8262,1417,7,11
8263,1417,19,9
8264,1417,20,24
8265,1417,14,6
8266,1417,24,1
8267,1418,7,1
8268,1418,3,22
8269,1418,9,2
8270,1418,8,20
8271,1418,3,18
8272,1419,16,3
8273,1419,1,14
8274,1419,22,0
8275,1419,18,24
8276,1419,10,3
8277,1419,24,9
8278,1420,11,8
8279,1420,17,4
8280,1420,20,13
8281,1420,17,14
8282,1420,13,6
8283,1420,15,18
8284,1421,11,21
8285,1421,12,16
8286,1421,5,17
8287,1421,12,9
8288,1421,7,11
8289,1421,15,13
8290,1421,24,18
8291,1422,5,12
8292,1422,11,24
8293,1422,20,24
8294,1422,14,12
8295,1422,11,18
8296,1422,20,11
8297,1423,15,22
8298,1423,5,16
8299,1423,22,7
8300,1423,1,8
8301,1424,11,7
8302,1424,24,20
8303,1424,3,11
8304,1424,10,7
8305,1424,23,21
8306,1424,15,1
8307,1424,23,5
8308,1425,12,6
8309,1425,10,6
8310,1425,6,24
8311,1425,23,19
8312,1425,20,12
8313,1425,13,16
8314,1425,22,19
8315,1425,1,9
8316,1425,10,13
8317,1425,10,12
8318,1426,2,23
8319,1426,10,19
8320,1427,8,15
8321,1427,14,23
8322,1427,8,0
8323,1427,11,1
8324,1427,6,16
8325,1427,20,10
8326,1428,22,7
8327,1428,9,13
8328,1428,7,17
8329,1428,23,6
8330,1429,13,7
8331,1429,10,8
8332,1429,15,11
8333,1429,5,14
8334,1429,13,3
8335,1430,14,17
8336,1430,20,6
8337,1430,1,5
8338,1430,11,3
8339,1430,14,11
8340,1431,5,9
8341,1431,10,13
8342,1432,11,8
8343,1432,13,6
8344,1432,0,7
8345,1432,19,3
8346,1432,22,12
8347,1432,12,9
8348,1432,11,18
8349,1433,3,24
8350,1433,18,15
8351,1433,16,1
8352,1433,4,20
8353,1433,21,6
8354,1434,12,15
8355,1434,8,5
8356,1434,12,16
8357,1434,24,7
8358,1434,19,12
8359,1434,9,23
8360,1434,7,20
8361,1434,0,4
8362,1435,12,1
8363,1435,22,1
8364,1435,11,22
8365,1436,8,10
8366,1436,7,17
8367,1436,22,16
8368,1436,9,0
8369,1436,8,2
8370,1437,21,8
8371,1437,13,21
8372,1437,10,13
8373,1437,6,20
8374,1437,16,20
8375,1437,11,1
8376,1437,16,22
8377,1438,7,10
8378,1438,7,11
8379,1438,24,20
8380,1438,3,17
8381,1438,1,11
8382,1439,5,12
8383,1439,23,4
8384,1439,2,16
8385,1439,4,5
8386,1439,6,20
8387,1439,17,1
8388,1440,8,14
8389,1441,13,15
8390,1441,10,21
8391,1441,11,24
8392,1441,10,0
8393,1441,2,15
8394,1441,0,24
8395,1441,14,18
8396,1441,20,3
8397,1441,15,11
8398,1441,19,3
8399,1442,4,22
8400,1442,24,4
8401,1442,9,7
8402,1442,15,0
8403,1443,12,24
8404,1443,6,10
8405,1443,2,12
8406,1443,0,15
8407,1443,15,7
8408,1443,1,8
8409,1444,21,8
8410,1444,6,23
8411,1445,2,11
8412,1445,13,11
8413,1445,4,22
8414,1446,22,20
8415,1446,6,2
8416,1446,16,9
8417,1446,4,22
8418,1446,16,2
8419,1446,5,21
8420,1447,21,0
8421,1447,1,19
8422,1447,4,7
8423,1447,23,2
8424,1447,19,10
8425,1447,7,4
8426,1447,9,5
8427,1448,16,13
8428,1448,5,2
8429,1448,1,10
8430,1448,20,13
8431,1448,10,21
8432,1448,16,7
8433,1449,0,12
8434,1449,14,16
8435,1449,6,16
8436,1449,16,19
8437,1449,0,14
8438,1449,24,21
8439,1450,12,23
8440,1450,23,4
8441,1450,0,11
8442,1450,0,10
8443,1450,6,14
8444,1450,21,14
8445,1450,20,22
8446,1451,2,22
8447,1451,18,3
8448,1451,9,13
8449,1451,16,18
8450,1451,21,9
8451,1451,22,3
8452,1452,19,0
8453,1452,22,18
8454,1452,12,0
8455,1452,22,20
8456,1452,3,17
8457,1452,1,19
8458,1453,1,12
8459,1453,8,18
8460,1453,14,4
8461,1453,4,10
8462,1453,17,0
8463,1453,22,16
8464,1453,20,12
8465,1453,17,13
8466,1454,20,16
8467,1454,13,1
8468,1454,18,6
8469,1454,7,23
8470,1454,17,14
8471,1454,3,19
8472,1454,20,14
8473,1454,16,3
8474,1455,12,15
8475,1455,1,11
8476,1455,4,16
8477,1455,13,21
8478,1455,10,13
8479,1455,11,24
8480,1456,22,9
8481,1456,17,24
8482,1456,5,20
8483,1456,5,17
8484,1456,3,9
8485,1456,12,8
8486,1457,4,21
8487,1457,9,6
8488,1457,0,9
8489,1457,3,18
8490,1457,10,24
8491,1457,24,20
8492,1458,8,11
8493,1458,2,6
8494,1458,21,6
8495,1458,3,16
8496,1458,4,22
8497,1458,24,15
8498,1459,18,5
8499,1459,9,10
8500,1459,10,18
8501,1459,6,24
8502,1459,5,3
8503,1459,0,20
8504,1459,12,20
8505,1459,20,8
8506,1460,21,9
8507,1460,17,3
8508,1460,11,13
8509,1460,19,4
8510,1460,8,16
8511,1460,17,9
8512,1460,0,18
8513,1460,14,22
8514,1461,10,21
8515,1461,23,14
8516,1461,23,21
8517,1461,5,15
8518,1461,16,8
8519,1461,0,18
8520,1461,23,21
8521,1462,10,2
8522,1462,7,20
8523,1462,0,22
8524,1462,8,16
8525,1462,21,10
8526,1462,24,14
8527,1463,7,1
8528,1463,15,8
8529,1463,21,3
8530,1463,2,12
8531,1463,16,23
8532,1463,11,8
8533,1463,8,0
8534,1464,20,10
8535,1464,8,23
8536,1464,15,12
8537,1464,24,0
8538,1464,14,2
8539,1464,0,6
8540,1465,0,3
8541,1465,6,22
8542,1465,4,23
8543,1465,17,7
8544,1465,3,13
8545,1465,5,4
8546,1465,12,3
8547,1466,0,21
8548,1466,20,13
8549,1466,18,14
8550,1466,6,21
8551,1466,22,13
8552,1467,10,12
8553,1467,18,24
8554,1467,19,17
8555,1467,9,0
8556,1467,10,9
8557,1468,3,13
8558,1468,24,7
8559,1468,10,22
8560,1468,23,2
8561,1469,15,9
8562,1469,0,23
8563,1469,7,15
8564,1469,17,19
8565,1469,3,6
8566,1470,23,7
8567,1470,19,23
8568,1470,24,7
8569,1470,16,1
8570,1470,9,17
8571,1471,19,17
8572,1471,24,17
8573,1471,24,1
8574,1471,12,3
8575,1471,15,23
8576,1471,4,15
8577,1471,18,9
8578,1471,2,0
8579,1472,4,1
8580,1472,9,6
8581,1472,20,16
8582,1472,4,19
8583,1473,0,8
8584,1473,9,16
8585,1473,0,14
8586,1473,13,21
8587,1473,2,19
8588,1474,4,15
8589,1474,20,8
8590,1474,15,24
8591,1474,2,6
8592,1474,17,6
8593,1474,16,9
8594,1474,0,18
8595,1474,13,10
8596,1474,23,13
8597,1475,23,14
8598,1475,14,20
8599,1475,18,22
8600,1475,23,17
8601,1475,6,18
8602,1475,6,20
8603,1475,7,10
8604,1476,0,8
8605,1476,11,23
8606,1476,1,7
8607,1476,6,23
8608,1476,12,3
8609,1476,22,20
8610,1476,22,3
8611,1477,23,3
8612,1477,15,24
8613,1477,7,9
8614,1477,22,20
8615,1477,7,18
8616,1477,17,7
8617,1477,24,11
8618,1477,13,22
8619,1478,10,3
8620,1478,10,1
8621,1478,12,1
8622,1478,21,3
8623,1478,12,20
8624,1478,4,21
8625,1479,3,21
8626,1479,9,12
8627,1479,18,12
8628,1479,2,18
8629,1479,14,21
8630,1479,20,2
8631,1479,11,18
8632,1479,18,20
8633,1480,6,8
8634,1480,2,24
8635,1480,2,15
8636,1480,0,16
8637,1480,24,5
8638,1481,16,19
8639,1481,22,9
8640,1481,19,0
8641,1481,4,17
8642,1482,24,16
8643,1482,14,24
8644,1482,24,9
8645,1482,18,21
8646,1482,0,23
8647,1482,7,1
8648,1482,15,18
8649,1482,5,7
8650,1482,8,11
8651,1483,2,13
8652,1483,7,5
8653,1483,14,20
8654,1483,17,10
8655,1484,22,15
8656,1484,4,13
8657,1484,15,21
8658,1484,4,2
8659,1484,14,18
8660,1484,2,19
8661,1485,21,6
8662,1485,19,22
8663,1485,9,10
8664,1485,18,7
8665,1485,24,5
8666,1485,7,24
8667,1485,8,5
8668,1485,3,13
8669,1485,6,22
8670,1485,21,3
8671,1485,20,19
8672,1486,10,21
8673,1486,18,3
8674,1486,2,0
8675,1486,10,4
8676,1486,20,9
8677,1487,0,22
8678,1487,11,17
8679,1487,4,1
8680,1487,6,8
8681,1488,17,2
8682,1488,6,4
8683,1488,17,23
8684,1488,21,24
8685,1488,10,6
8686,1489,19,20
8687,1490,13,16
8688,1490,18,21
8689,1490,15,5
8690,1490,19,0
8691,1490,9,21
8692,1491,15,12
8693,1491,10,12
8694,1491,3,7
8695,1491,4,1
8696,1491,14,8
8697,1492,5,24
8698,1492,14,5
8699,1492,8,12
8700,1492,21,15
8701,1492,19,0
8702,1492,24,17
8703,1492,23,11
8704,1492,1,14
8705,1493,9,13
8706,1493,9,1
8707,1493,3,17
8708,1493,18,5
8709,1493,22,6
8710,1494,7,15
8711,1494,7,3
8712,1494,19,1
8713,1494,22,18
8714,1494,13,15
8715,1495,20,22
8716,1495,24,6
8717,1495,7,0
8718,1495,20,10
8719,1495,2,17
8720,1495,15,9
8721,1495,6,8
8722,1495,24,2
8723,1496,10,13
8724,1496,6,23
8725,1496,20,18
8726,1496,19,20
8727,1496,18,12
8728,1496,12,15
8729,1496,0,12
8730,1497,0,20
8731,1497,16,9
8732,1497,17,14
8733,1497,10,12
8734,1497,18,10
8735,1497,13,21
8736,1497,0,11
8737,1498,21,4
8738,1498,1,10
8739,1498,21,17
8740,1498,23,21
8741,1498,18,15
8742,1498,4,13
8743,1499,22,10
8744,1499,20,7
8745,1499,10,16
8746,1499,16,12
8747,1499,3,22
8748,1500,22,15
8749,1500,14,12
8750,1500,24,0
8751,1500,15,14
8752,1501,15,3
8753,1501,5,18
8754,1501,5,17
8755,1502,11,15
8756,1502,6,18
8757,1502,1,11
8758,1502,8,19
8759,1502,10,1
8760,1503,10,16
8761,1503,17,11
8762,1504,7,13
8763,1504,16,18
8764,1504,23,17
8765,1504,11,20
8766,1504,8,1
8767,1504,15,11
8768,1504,1,24
8769,1505,19,15
8770,1505,7,24
8771,1505,19,3
8772,1505,24,13
8773,1505,24,10
8774,1505,15,7
8775,1505,22,6
8776,1505,1,3
8777,1506,11,15
8778,1506,3,22
8779,1506,8,19
8780,1507,16,3
8781,1507,12,20
8782,1507,12,22
8783,1507,20,14
8784,1507,20,17
8785,1507,22,1
8786,1507,12,6
8787,1507,21,13
8788,1508,9,19
8789,1508,19,21
8790,1508,8,5
8791,1508,21,24
8792,1508,1,20
8793,1509,11,24
8794,1509,6,24
8795,1509,18,0
8796,1509,19,4
8797,1510,7,20
8798,1510,14,7
8799,1510,21,24
8800,1510,15,14
8801,1510,21,13
8802,1511,12,24
8803,1511,15,9
8804,1511,19,7
8805,1511,4,13
8806,1511,1,3
8807,1511,23,21
8808,1511,17,7
8809,1512,22,6
8810,1512,20,24
8811,1512,3,7
8812,1512,0,12
8813,1512,16,10
8814,1512,21,8
8815,1512,5,2
8816,1513,19,16
8817,1513,10,12
8818,1513,17,8
8819,1513,10,3
8820,1513,8,4
8821,1513,17,8
8822,1513,0,21
8823,1514,23,3
8824,1514,22,16
8825,1514,8,5
8826,1514,2,15
8827,1514,0,6
8828,1514,14,2
8829,1515,22,6
8830,1515,2,15
8831,1515,9,0
8832,1515,3,21
8833,1515,11,17
8834,1516,21,4
8835,1516,11,0
8836,1516,17,0
8837,1516,17,1
8838,1516,15,1
8839,1516,10,6
8840,1516,1,17
8841,1516,17,0
8842,1517,21,14
8843,1517,21,15
8844,1517,0,11
8845,1517,11,4
8846,1517,20,24
8847,1517,4,22
8848,1518,4,12
8849,1518,17,9
8850,1518,5,3
8851,1518,15,14
8852,1519,4,22
8853,1519,10,2
8854,1519,9,11
8855,1519,10,7
8856,1519,19,22
8857,1519,15,19
8858,1519,19,21
8859,1519,0,9
8860,1519,13,7
8861,1520,14,8
8862,1520,23,19
8863,1520,14,16
8864,1520,7,3
8865,1520,23,5
8866,1520,21,17
8867,1520,1,24
8868,1520,20,24
8869,1521,0,7
8870,1521,15,18
8871,1521,23,5
8872,1521,17,19
8873,1521,21,5
8874,1522,14,12
8875,1522,6,21
8876,1522,18,7
8877,1522,3,22
8878,1523,7,19
8879,1523,19,1
8880,1523,20,1
8881,1523,4,20
8882,1523,12,10
8883,1523,18,15
8884,1523,22,3
8885,1523,15,3
8886,1523,9,5
8887,1523,2,20
8888,1524,1,8
8889,1524,18,11
8890,1524,3,23
8891,1524,19,17
8892,1524,7,1
8893,1524,1,20
8894,1524,14,12
8895,1524,0,14
8896,1524,17,4
8897,1524,17,8
8898,1524,20,4
8899,1524,18,24
8900,1525,15,7
8901,1525,10,16
8902,1525,18,7
8903,1525,3,10
8904,1526,10,2
8905,1526,8,17
8906,1526,9,10
8907,1526,10,20
8908,1526,12,10
8909,1526,1,12
8910,1526,21,24
8911,1526,20,12
8912,1527,17,21
8913,1527,1,22
8914,1527,4,5
8915,1527,15,1
8916,1528,24,8
8917,1529,10,14
8918,1529,16,2
8919,1529,18,0
8920,1529,24,1
8921,1529,11,2
8922,1529,2,11
8923,1529,1,4
8924,1530,17,8
8925,1530,10,0
8926,1530,4,20
8927,1530,14,18
8928,1530,17,20
8929,1531,13,4
8930,1531,14,1
8931,1531,3,10
8932,1531,4,8
8933,1531,16,7
8934,1532,2,23
8935,1532,22,7
8936,1532,7,16
8937,1532,2,12
8938,1533,13,5
8939,1533,13,7
8940,1533,18,15
8941,1533,12,23
8942,1533,2,14
8943,1533,21,18
8944,1533,2,24
8945,1533,10,7
8946,1533,4,16
8947,1533,19,9
8948,1533,23,2
8949,1533,15,17
8950,1534,21,3
8951,1534,13,17
8952,1534,23,13
8953,1534,24,10
8954,1534,21,9
8955,1534,8,22
8956,1535,2,20
8957,1535,6,0
8958,1535,8,17
8959,1535,6,12
8960,1535,13,17
8961,1535,22,6
8962,1535,19,3
8963,1535,19,17
8964,1535,22,8
8965,1535,1,16
8966,1536,14,5
8967,1536,5,14
8968,1536,8,11
8969,1536,7,4
8970,1536,22,10
8971,1536,3,10
8972,1537,13,17
8973,1537,5,19
8974,1537,13,15
8975,1537,21,18
8976,1537,22,10
8977,1537,19,1
8978,1538,12,14
8979,1538,9,17
8980,1538,18,22
8981,1538,7,17
8982,1538,19,12
8983,1538,24,17
8984,1538,3,23
8985,1538,3,18
8986,1538,18,7
8987,1539,4,11
8988,1539,4,22
8989,1539,21,23
8990,1539,24,16
8991,1539,1,11
8992,1540,4,11
8993,1540,15,13
8994,1540,20,18
8995,1540,10,14
8996,1540,10,1
8997,1540,24,5
8998,1540,24,8
8999,1541,16,19
9000,1541,22,18
9001,1541,19,7
9002,1541,20,5
9003,1541,2,6
9004,1542,13,6
9005,1542,12,3
9006,1542,5,12
9007,1542,0,2
9008,1542,3,18
9009,1542,15,4
9010,1542,1,11
9011,1542,23,20
9012,1543,17,1
9013,1544,21,12
9014,1544,11,1
9015,1544,23,13
9016,1544,1,18
9017,1544,10,1
9018,1544,18,15
9019,1544,20,17
9020,1544,0,9
9021,1544,0,19
9022,1545,18,12
9023,1545,18,0
9024,1545,20,10
9025,1545,10,8
9026,1545,15,8
9027,1545,7,13
9028,1545,20,24
9029,1546,11,19
9030,1546,21,17
9031,1546,13,21
9032,1546,22,12
9033,1546,20,11
9034,1546,12,16
9035,1546,24,1
9036,1546,3,1
9037,1546,15,19
9038,1547,5,24
9039,1547,22,10
9040,1547,5,13
9041,1547,18,14
9042,1547,24,0
9043,1548,9,7
9044,1548,22,4
9045,1548,15,5
9046,1548,12,4
9047,1548,18,16
9048,1548,13,5
9049,1549,21,23
9050,1549,10,9
9051,1549,11,20
9052,1549,1,16
9053,1549,0,16
9054,1549,12,20
9055,1550,4,19
9056,1550,24,6
9057,1550,19,21
9058,1550,4,18
9059,1550,11,15
9060,1550,2,13
9061,1551,4,2
9062,1551,8,14
9063,1552,17,14
9064,1552,9,21
9065,1552,20,14
9066,1552,19,16
9067,1553,5,17
9068,1553,18,11
9069,1553,12,14
9070,1553,9,15
9071,1553,13,24
9072,1553,13,19
9073,1554,18,21
9074,1554,22,10
9075,1554,16,6
9076,1554,0,15
9077,1554,6,2
9078,1554,22,18
9079,1554,6,14
9080,1554,1,11
9081,1554,16,10
9082,1555,23,20
9083,1555,5,23
9084,1555,18,10
9085,1555,13,4
9086,1555,6,22
9087,1555,17,23
9088,1555,18,14
9089,1555,15,8
9090,1555,23,3
9091,1555,21,18
9092,1556,5,8
9093,1556,20,19
9094,1556,24,18
9095,1556,2,4
9096,1556,1,12
9097,1557,18,21
9098,1557,24,10
9099,1557,12,3
9100,1557,8,23
9101,1557,18,0
9102,1558,1,15
9103,1558,22,20
9104,1558,16,20
9105,1558,15,3
9106,1558,14,10
9107,1558,18,22
9108,1558,19,1
9109,1558,5,7
9110,1559,23,6
9111,1559,20,12
9112,1559,13,5
9113,1560,12,24
9114,1560,17,15
9115,1560,3,11
9116,1560,4,13
9117,1560,5,22
9118,1560,21,15
9119,1560,18,6
9120,1561,24,1
9121,1561,1,16
9122,1561,20,1
9123,1561,4,17
9124,1561,14,21
9125,1561,10,0
9126,1561,17,10
9127,1562,14,21
9128,1562,12,14
9129,1562,0,18
9130,1562,19,16
9131,1562,12,8
9132,1562,7,13
9133,1562,22,7
9134,1563,22,8
9135,1563,1,10
9136,1563,16,23
9137,1563,0,4
9138,1563,0,10
9139,1564,23,15
9140,1564,1,7
9141,1564,11,15
9142,1564,18,3
9143,1564,0,15
9144,1564,2,14
9145,1565,24,7
9146,1565,22,14
9147,1565,13,4
9148,1565,20,22
9149,1566,8,22
9150,1566,22,20
9151,1566,4,6
9152,1566,20,7
9153,1567,21,0
9154,1567,4,24
9155,1567,12,1
9156,1567,24,4
9157,1568,7,19
9158,1568,21,13
9159,1568,7,5
9160,1568,21,13
9161,1568,22,2
9162,1568,3,0
9163,1568,16,22
9164,1569,11,3
9165,1569,13,0
9166,1569,13,11
9167,1570,24,21
9168,1570,12,8
9169,1570,8,17
9170,1570,3,9
9171,1571,8,22
9172,1571,17,11
9173,1571,7,20
9174,1571,22,10
9175,1571,20,23
9176,1571,14,24
9177,1571,0,12
9178,1572,18,6
9179,1572,24,0
9180,1573,21,15
9181,1573,13,5
9182,1573,9,13
9183,1573,4,16
9184,1573,18,22
9185,1573,10,20
9186,1573,4,16
9187,1573,6,16
9188,1573,11,18
9189,1574,14,21
9190,1574,0,3
9191,1574,21,5
9192,1574,8,1
9193,1574,5,18
9194,1574,20,14
9195,1574,18,8
9196,1574,22,15
9197,1575,8,11
9198,1576,6,21
9199,1576,3,16
9200,1576,0,4
9201,1576,18,24
9202,1576,13,10
9203,1576,23,1
9204,1576,15,14
9205,1577,23,6
9206,1577,9,19
9207,1577,4,10
9208,1577,17,7
9209,1577,19,15
9210,1577,18,10
9211,1577,21,24
9212,1577,3,9
9213,1578,20,13
9214,1578,7,4
9215,1578,13,10
9216,1578,7,23
9217,1578,23,15
9218,1578,15,9
9219,1578,11,4
9220,1578,14,15
9221,1579,3,0
9222,1579,23,12
9223,1579,2,20
9224,1579,7,15
9225,1579,8,11
9226,1579,14,21
9227,1579,9,0
9228,1579,6,15
9229,1579,16,18
9230,1579,10,6
9231,1579,0,9
9232,1580,3,24
9233,1580,3,13
9234,1580,10,1
9235,1580,17,4
9236,1580,21,7
9237,1580,15,11
9238,1580,19,15
9239,1580,15,7
9240,1580,22,6
9241,1580,4,12
9242,1581,2,18
9243,1581,7,17
9244,1581,16,5
9245,1581,23,9
9246,1581,8,16
9247,1582,11,0
9248,1582,9,3
9249,1582,15,2
9250,1582,9,3
9251,1583,10,19
9252,1583,4,0
9253,1583,24,15
9254,1583,0,3
9255,1583,11,21
9256,1584,10,12
9257,1584,12,1
9258,1584,4,21
9259,1584,22,5
9260,1584,12,10
9261,1585,20,7
9262,1585,18,11
9263,1585,5,23
9264,1585,24,1
9265,1585,1,5
9266,1585,12,16
9267,1585,24,20
9268,1585,23,20
9269,1585,4,23
9270,1585,13,3
9271,1586,9,5
9272,1586,14,8
9273,1586,4,8
9274,1586,20,4
9275,1586,22,3
9276,1586,15,23
9277,1586,9,17
9278,1586,9,21
9279,1586,0,4
9280,1586,9,23
9281,1586,6,12
9282,1587,18,6
9283,1587,4,2
9284,1587,8,6
9285,1587,13,11
9286,1587,24,6
9287,1588,9,6
9288,1588,15,23
9289,1588,0,7
9290,1588,11,9
9291,1588,12,5
9292,1588,13,19
9293,1588,21,0
9294,1588,16,6
9295,1589,10,6
9296,1589,11,24
9297,1590,3,23
9298,1590,23,4
9299,1590,21,13
9300,1590,23,10
9301,1590,4,21
9302,1590,22,11
9303,1590,21,15
9304,1591,0,15
9305,1591,10,1
9306,1591,7,19
9307,1591,12,3
9308,1591,10,1
9309,1591,1,9
9310,1591,21,10
9311,1591,2,8
9312,1591,0,22
9313,1591,22,6
9314,1592,2,19
9315,1592,3,21
9316,1592,20,8
9317,1592,7,0
9318,1592,19,9
9319,1593,9,13
9320,1593,16,14
9321,1593,0,3
9322,1593,0,23
9323,1594,22,3
9324,1594,16,19
9325,1594,13,9
9326,1594,7,1
9327,1595,22,10
9328,1595,7,9
9329,1595,21,4
9330,1595,5,13
9331,1595,24,10
9332,1595,23,19
9333,1595,15,4
9334,1596,13,21
9335,1596,10,13
9336,1596,0,8
9337,1596,12,14
9338,1596,24,17
9339,1596,4,14
9340,1596,21,24
9341,1597,2,6
9342,1597,20,5
9343,1597,15,0
9344,1597,4,17
9345,1597,18,21
9346,1597,9,3
9347,1598,18,5
9348,1598,8,0
9349,1598,20,4
9350,1598,23,6
9351,1598,9,17
9352,1598,1,18
9353,1598,18,4
9354,1598,21,5
9355,1599,8,14
9356,1599,7,14
9357,1600,17,10
9358,1600,3,12
9359,1600,19,20
9360,1600,20,19
9361,1601,3,7
9362,1601,8,11
9363,1601,0,21
9364,1601,24,21
9365,1601,5,21
9366,1602,14,2
9367,1602,5,11
9368,1602,23,5
9369,1603,13,2
9370,1603,24,11
9371,1603,5,14
9372,1603,16,4
9373,1604,3,15
9374,1604,1,19
9375,1604,20,7
9376,1604,17,20
9377,1604,9,21
9378,1604,3,6
9379,1604,16,9
9380,1604,18,9
9381,1605,6,15
9382,1605,20,11
9383,1605,23,1
9384,1605,10,24
9385,1605,22,9
9386,1605,11,5
9387,1606,12,9
9388,1606,9,17
9389,1606,20,3
9390,1606,22,19
9391,1606,14,7
9392,1606,12,20
9393,1606,14,6
9394,1607,3,19
9395,1607,22,1
9396,1607,24,20
9397,1608,7,21
9398,1608,9,3
9399,1608,23,11
9400,1608,7,23
9401,1609,14,3
9402,1609,14,0
9403,1609,11,17
9404,1609,14,4
9405,1610,4,20
9406,1610,21,2
9407,1610,5,14
9408,1610,6,24
9409,1610,3,18
9410,1610,4,1
9411,1611,20,11
9412,1611,9,22
9413,1611,23,20
9414,1611,8,15
9415,1611,6,14
9416,1611,17,19
9417,1612,21,8
9418,1612,2,14
9419,1612,21,23
9420,1612,1,5
9421,1613,21,5
9422,1613,23,13
9423,1613,11,22
9424,1613,19,23
9425,1613,5,7
9426,1613,22,20
9427,1613,9,6
9428,1613,4,7
9429,1613,2,18
9430,1613,8,19
9431,1613,5,21
9432,1614,22,1
9433,1614,21,3
9434,1614,14,23
9435,1614,13,21
9436,1614,3,7
9437,1615,10,19
9438,1615,6,21
9439,1615,16,2
9440,1615,7,10
9441,1615,5,8
9442,1615,15,23
9443,1615,19,15
9444,1615,13,15
9445,1616,23,15
9446,1616,2,17
9447,1616,12,4
9448,1616,5,2
9449,1616,4,17
9450,1616,8,14
9451,1616,2,15
9452,1617,11,8
9453,1617,6,19
9454,1617,10,17
9455,1617,1,24
9456,1617,10,13
9457,1617,3,5
9458,1618,0,10
9459,1618,22,16
9460,1618,8,11
9461,1618,8,4
9462,1618,13,6
9463,1618,0,19
9464,1618,9,6
9465,1618,24,21
9466,1618,11,5
9467,1618,1,15
9468,1619,22,14
9469,1619,23,11
9470,1620,0,20
9471,1620,23,17
9472,1620,23,3
9473,1620,16,3
9474,1620,17,10
9475,1621,4,19
9476,1621,21,9
9477,1621,14,4
9478,1622,19,13
9479,1622,1,17
9480,1622,0,4
9481,1622,0,10
9482,1622,16,3
9483,1622,1,24
9484,1623,2,4
9485,1623,3,5
9486,1623,19,17
9487,1623,2,16
9488,1624,23,5
9489,1624,9,1
9490,1624,1,9
9491,1624,3,5
9492,1625,12,20
9493,1625,22,9
9494,1626,10,4
9495,1626,9,13
9496,1626,13,5
9497,1626,16,9
9498,1626,0,3
9499,1626,1,13
9500,1626,23,21
9501,1626,12,0
9502,1626,2,10
9503,1626,19,9
9504,1626,12,21
9505,1626,5,17
9506,1626,22,15
9507,1626,20,5
9508,1627,13,9
9509,1627,23,13
9510,1627,20,17
9511,1627,16,24
9512,1627,18,7
9513,1627,14,18
9514,1627,4,16
9515,1627,22,4
9516,1628,15,11
9517,1628,11,8
9518,1628,0,10
9519,1628,10,21
9520,1628,6,15
9521,1628,18,5
9522,1628,20,24
9523,1629,16,6
9524,1629,7,18
9525,1629,16,7
9526,1629,20,14
9527,1629,8,1
9528,1629,8,20
9529,1629,9,18
9530,1630,12,4
9531,1630,12,8
9532,1630,12,2
9533,1630,15,17
9534,1630,12,10
9535,1630,21,1
9536,1632,20,13
9537,1632,10,19
9538,1632,16,7
9539,1632,24,10
9540,1632,17,21
9541,1632,11,9
9542,1633,5,20
9543,1633,3,22
9544,1633,13,24
9545,1633,9,10
9546,1633,22,1
9547,1633,12,20
9548,1633,12,9
9549,1633,14,18
9550,1633,6,18
9551,1634,10,8
9552,1634,9,19
9553,1634,15,9
9554,1634,24,12
9555,1634,6,4
9556,1634,20,13
9557,1634,21,23
9558,1635,15,6
9559,1635,3,11
9560,1635,14,20
9561,1635,16,10
9562,1635,14,24
9563,1635,21,7
9564,1635,7,15
9565,1636,6,9
9566,1636,20,11
9567,1636,11,15
9568,1636,15,8
9569,1637,12,14
9570,1637,7,22
9571,1637,3,24
9572,1637,13,2
9573,1637,3,14
9574,1637,15,3
9575,1637,9,16
9576,1637,23,12
9577,1637,19,23
9578,1638,16,0
9579,1638,17,9
9580,1638,16,9
9581,1639,23,1
9582,1639,4,11
9583,1639,21,10
9584,1639,2,20
9585,1639,20,11
9586,1639,16,23
9587,1639,24,18
9588,1640,18,1
9589,1640,15,11
9590,1640,12,5
9591,1640,19,12
9592,1640,24,21
9593,1640,23,6
9594,1641,11,15
9595,1641,23,16
9596,1641,17,20
9597,1641,22,16
9598,1641,5,20
9599,1641,14,1
9600,1642,23,9
9601,1642,15,0
9602,1642,20,7
9603,1642,5,2
9604,1642,11,4
9605,1642,24,6
9606,1642,21,10
9607,1643,13,15
9608,1643,8,0
9609,1643,9,7
9610,1643,18,9
9611,1643,4,15
9612,1644,6,2
9613,1644,14,22
9614,1644,2,15
9615,1645,22,24
9616,1645,2,11
9617,1645,3,9
9618,1645,23,20
9619,1645,5,12
9620,1646,0,4
9621,1646,6,12
9622,1646,4,19
9623,1647,19,9
9624,1647,13,5
9625,1647,4,14
9626,1647,13,0
9627,1647,12,5
9628,1647,7,20
9629,1647,15,5
9630,1647,3,21
9631,1648,11,23
9632,1648,6,13
9633,1648,20,0
9634,1648,19,13
9635,1648,18,1
9636,1648,6,17
9637,1648,4,14
9638,1649,21,4
9639,1649,8,4
9640,1649,3,5
9641,1649,11,20
9642,1649,21,4
9643,1649,11,17
9644,1649,2,8
9645,1649,12,10
9646,1650,20,9
9647,1650,22,18
9648,1651,17,1
9649,1651,1,18
9650,1651,8,12
9651,1651,1,20
9652,1651,14,11
9653,1652,7,9
9654,1652,12,19
9655,1652,6,18
9656,1652,19,4
9657,1652,9,6
9658,1652,20,8
9659,1652,12,15
9660,1652,17,8
9661,1652,0,10
9662,1652,21,6
9663,1653,9,18
9664,1653,6,14
9665,1653,6,4
9666,1653,13,5
9667,1653,22,16
9668,1654,0,21
9669,1654,22,18
9670,1655,20,18
9671,1655,13,16
9672,1655,18,3
9673,1655,17,20
9674,1656,0,18
9675,1656,18,1
9676,1656,9,15
9677,1656,9,16
9678,1656,2,21
9679,1657,11,9
9680,1657,4,21
9681,1657,24,6
9682,1657,11,24
9683,1657,23,0
9684,1657,12,16
9685,1657,12,0
9686,1657,14,7
9687,1657,24,3
9688,1658,12,20
9689,1658,20,18
9690,1658,5,7
9691,1658,12,5
9692,1658,19,10
9693,1658,8,17
9694,1659,12,23
9695,1659,4,10
9696,1659,12,21
9697,1659,21,13
9698,1659,18,21
9699,1659,4,17
9700,1659,22,18
9701,1659,21,19
9702,1660,12,3
9703,1660,20,14
9704,1660,6,0
9705,1660,17,13
9706,1660,5,12
9707,1661,9,15
9708,1661,6,20
9709,1662,21,9
9710,1662,3,0
9711,1662,0,10
9712,1662,1,7
9713,1662,11,7
9714,1663,20,13
9715,1663,17,19
9716,1663,3,5
9717,1663,22,20
9718,1663,17,3
9719,1663,22,19
9720,1663,19,20
9721,1663,23,11
9722,1663,21,24
9723,1663,19,3
9724,1663,16,14
9725,1663,1,8
9726,1664,24,5
9727,1664,12,3
9728,1664,8,2
9729,1664,21,24
9730,1664,9,16
9731,1664,12,24
9732,1664,12,5
9733,1665,18,3
9734,1665,1,7
9735,1665,0,18
9736,1665,14,3
9737,1665,11,17
9738,1665,0,22
9739,1665,12,0
9740,1666,9,10
9741,1666,21,9
9742,1666,5,24
9743,1666,8,6
9744,1666,16,3
9745,1666,11,4
9746,1666,0,2
9747,1666,0,3
9748,1666,12,24
9749,1667,7,13
9750,1667,8,21
9751,1667,13,17
9752,1667,16,9
9753,1667,0,21
9754,1667,3,22
9755,1667,1,11
9756,1668,0,21
9757,1668,22,16
9758,1668,22,20
9759,1668,24,2
9760,1668,0,8
9761,1668,8,1
9762,1668,20,6
9763,1668,14,0
9764,1669,6,13
9765,1669,8,12
9766,1669,0,4
9767,1669,9,12
9768,1669,18,14
9769,1670,16,2
9770,1670,21,13
9771,1670,0,20
9772,1670,23,17
9773,1670,5,14
9774,1670,7,19
9775,1670,17,5
9776,1670,22,18
9777,1671,7,20
9778,1671,1,11
9779,1671,21,19
9780,1671,13,4
9781,1671,2,6
9782,1671,22,11
9783,1671,18,4
9784,1671,2,8
9785,1671,21,4
9786,1671,1,10
9787,1672,12,8
9788,1672,8,11
9789,1672,18,24
9790,1672,15,17
9791,1672,0,15
9792,1672,4,17
9793,1673,11,0
9794,1673,5,8
9795,1673,7,22
9796,1673,15,21
9797,1673,20,10
9798,1673,21,11
9799,1673,19,2
9800,1674,19,20
9801,1674,3,19
9802,1674,16,3
9803,1674,20,0
9804,1675,15,1
9805,1675,7,4
9806,1675,12,5
9807,1675,8,20
9808,1675,6,20
9809,1675,11,23
9810,1676,21,24
9811,1676,16,10
9812,1676,10,3
9813,1676,10,21
9814,1677,17,24
9815,1677,9,17
9816,1677,22,1
9817,1677,18,16
9818,1677,17,2
9819,1678,21,9
9820,1678,1,15
9821,1678,20,24
9822,1678,15,3
9823,1678,11,18
9824,1678,0,11
9825,1678,17,19
9826,1679,19,10
9827,1679,17,6
9828,1679,7,13
9829,1679,2,19
9830,1679,23,0
9831,1679,15,12
9832,1679,9,12
9833,1679,21,23
9834,1679,23,17
9835,1679,12,2
9836,1680,20,17
9837,1680,5,9
9838,1680,3,18
9839,1680,13,24
9840,1680,20,22
9841,1680,10,4
9842,1680,14,7
9843,1680,2,9
9844,1681,1,4
9845,1681,15,13
9846,1681,21,23
9847,1681,15,7
9848,1681,23,8
9849,1682,3,13
9850,1682,12,20
9851,1682,19,6
9852,1682,7,1
9853,1683,10,0
9854,1683,19,22
9855,1683,14,11
9856,1683,15,11
9857,1683,17,21
9858,1684,15,5
9859,1684,13,3
9860,1684,2,6
9861,1684,24,8
9862,1685,14,22
9863,1685,22,11
9864,1685,2,10
9865,1685,20,5
9866,1685,23,20
9867,1685,5,1
9868,1685,24,11
9869,1686,17,1
9870,1686,2,13
9871,1686,6,13
9872,1686,7,13
9873,1686,8,5
9874,1686,24,8
9875,1687,8,1
9876,1687,15,24
9877,1687,11,23
9878,1687,21,23
9879,1687,1,23
9880,1687,22,14
9881,1688,8,0
9882,1688,3,21
9883,1688,15,5
9884,1688,15,1
9885,1689,0,20
9886,1689,10,9
9887,1689,8,2
9888,1689,15,22
9889,1689,13,11
9890,1689,0,19
9891,1690,3,5
9892,1690,0,18
9893,1690,23,21
9894,1690,9,12
9895,1691,15,4
9896,1691,5,13
9897,1691,13,0
9898,1691,3,19
9899,1691,0,21
9900,1691,4,5
9901,1692,10,2
9902,1692,19,8
9903,1692,22,19
9904,1693,7,15
9905,1693,4,14
9906,1693,7,1
9907,1693,6,9
9908,1693,21,7
9909,1693,1,14
9910,1693,0,11
9911,1693,14,22
9912,1693,15,18
9913,1693,9,15
9914,1693,7,10
9915,1694,3,24
9916,1694,10,23
9917,1694,1,9
9918,1695,20,14
9919,1695,17,15
9920,1695,13,19
9921,1695,17,5
9922,1695,20,18
9923,1696,5,12
9924,1696,11,17
9925,1696,8,12
9926,1696,8,18
9927,1696,4,24
9928,1696,0,17
9929,1697,1,9
9930,1697,16,22
9931,1697,20,7
9932,1697,13,19
9933,1697,9,20
9934,1698,15,6
9935,1698,19,23
9936,1698,23,9
9937,1699,3,21
9938,1699,9,3
9939,1699,7,0
9940,1699,11,19
9941,1700,11,22
9942,1700,13,11
9943,1700,11,13
9944,1701,22,15
9945,1701,14,24
9946,1701,5,18
9947,1701,3,22
9948,1701,6,16
9949,1701,2,23
9950,1701,6,4
9951,1701,3,9
9952,1701,4,18
9953,1702,1,22
9954,1702,10,18
9955,1702,9,16
9956,1702,2,15
9957,1703,8,17
9958,1703,0,11
9959,1703,2,23
9960,1703,16,5
9961,1703,8,6
9962,1703,3,1
9963,1703,17,23
9964,1703,12,10
9965,1703,23,10
9966,1704,16,6
9967,1704,4,5
9968,1704,15,3
9969,1704,10,6
9970,1704,14,23
9971,1704,14,0
9972,1705,20,16
9973,1705,0,15
9974,1705,24,12
9975,1706,3,20
9976,1706,14,21
9977,1706,20,4
9978,1706,0,4
9979,1706,12,0
9980,1706,3,15
9981,1706,17,11
9982,1707,20,14
9983,1707,8,12
9984,1707,18,12
9985,1707,9,7
9986,1707,22,4
9987,1707,7,23
9988,1707,4,13
9989,1707,8,4
9990,1707,24,2
9991,1707,5,18
9992,1708,22,15
9993,1708,21,5
9994,1708,7,14
9995,1709,0,16
9996,1709,5,12
9997,1709,19,11
9998,1709,19,6
9999,1709,21,6
10000,1709,8,14
10001,1709,21,15
10002,1710,4,11
10003,1710,15,4
10004,1710,5,20
10005,1710,11,9
10006,1710,6,0
10007,1711,21,19
10008,1711,15,6
10009,1711,2,21
10010,1712,14,6
10011,1712,8,22
10012,1712,0,8
10013,1713,6,0
10014,1713,12,1
10015,1713,8,11
10016,1714,5,23
10017,1714,23,1
10018,1714,21,3
10019,1714,19,3
10020,1714,8,11
10021,1714,0,10
10022,1715,22,18
10023,1715,17,4
10024,1715,22,18
10025,1715,12,15
10026,1715,21,7
10027,1715,0,24
10028,1716,19,7
10029,1716,14,15
10030,1716,20,7
10031,1716,23,16
10032,1716,20,18
10033,1716,15,21
10034,1717,18,10
10035,1717,15,2
10036,1717,21,2
10037,1718,2,24
10038,1718,19,8
10039,1718,12,2
10040,1718,5,7
10041,1718,8,20
10042,1718,4,5
10043,1718,17,6
10044,1719,23,17
10045,1719,3,0
10046,1719,1,17
10047,1719,24,1
10048,1719,15,24
10049,1719,16,10
10050,1719,12,21
10051,1719,13,1
10052,1720,23,17
10053,1720,9,1
10054,1720,4,23
10055,1720,17,9
10056,1720,20,17
10057,1721,14,23
10058,1721,16,6
10059,1721,0,13
10060,1722,23,1
10061,1722,6,21
10062,1723,5,20
10063,1723,1,9
10064,1723,6,9
10065,1723,21,10
10066,1723,16,13
10067,1723,3,11
10068,1723,16,6
10069,1724,1,10
10070,1724,20,8
10071,1725,9,19
10072,1725,22,16
10073,1725,23,8
10074,1725,21,5
10075,1725,8,22
10076,1725,20,14
10077,1726,17,19
10078,1726,11,22
10079,1726,8,24
10080,1726,12,4
10081,1727,8,21
10082,1727,4,6
10083,1727,13,0
10084,1727,15,9
10085,1728,10,24
10086,1728,8,24
10087,1728,1,24
10088,1729,24,9
10089,1729,19,3
10090,1729,5,1
10091,1729,22,9
10092,1729,6,2
10093,1730,16,22
10094,1730,7,1
10095,1730,11,22
10096,1730,23,3
10097,1730,7,11
10098,1731,10,14
10099,1731,3,20
10100,1732,20,10
10101,1732,6,17
10102,1732,11,21
10103,1732,0,16
10104,1732,23,13
10105,1733,14,23
10106,1733,5,24
10107,1733,8,20
10108,1733,9,13
10109,1733,0,11
10110,1733,15,8
10111,1734,4,1
10112,1734,0,19
10113,1734,7,0
10114,1734,24,4
10115,1735,18,22
10116,1735,1,17
10117,1735,19,4
10118,1735,19,8
10119,1735,13,3
10120,1735,17,6
10121,1735,5,9
10122,1736,11,23
10123,1736,19,23
10124,1736,5,15
10125,1737,23,2
10126,1737,24,9
10127,1737,18,11
10128,1738,4,13
10129,1738,24,15
10130,1738,17,7
10131,1738,8,4
10132,1738,14,4
10133,1738,0,15
10134,1738,3,0
10135,1739,7,19
10136,1739,14,10
10137,1739,10,18
10138,1739,7,23
10139,1739,23,5
10140,1740,22,10
10141,1740,10,7
10142,1740,18,22
10143,1740,19,2
10144,1740,14,10
10145,1740,22,14
10146,1740,23,1
10147,1741,23,1
10148,1741,22,8
10149,1741,7,16
10150,1741,17,6
10151,1741,4,18
10152,1741,4,18
10153,1741,3,19
10154,1742,0,8
10155,1742,20,16
10156,1742,13,21
10157,1742,3,10
10158,1742,10,0
10159,1742,10,6
10160,1742,1,20
10161,1743,20,3
10162,1743,17,24
10163,1743,22,2
10164,1743,21,19
10165,1743,7,23
10166,1743,22,2
10167,1744,0,8
10168,1744,15,4
10169,1744,22,24
10170,1744,24,22
10171,1745,5,22
10172,1745,16,2
10173,1745,13,24
10174,1745,21,8
10175,1745,9,18
10176,1745,2,6
10177,1746,14,11
10178,1746,1,19
10179,1746,20,8
10180,1746,3,19
10181,1746,1,24
10182,1746,6,22
10183,1746,21,15
10184,1747,9,13
10185,1747,6,9
10186,1747,24,7
10187,1747,4,7
10188,1747,14,22
10189,1747,15,4
10190,1747,7,16
10191,1747,12,15
10192,1747,10,19
10193,1748,1,5
10194,1749,22,10
10195,1749,9,0
10196,1750,2,19
10197,1750,15,5
10198,1750,22,3
10199,1750,9,11
10200,1750,13,3
10201,1750,6,20
10202,1751,4,15
10203,1751,18,7
10204,1752,17,9
10205,1752,17,10
10206,1752,17,10
10207,1752,13,17
10208,1753,19,8
10209,1753,2,18
10210,1753,10,24
10211,1753,8,10
10212,1753,23,16
10213,1753,15,7
10214,1753,18,12
10215,1753,3,18
10216,1753,6,8
10217,1754,24,12
10218,1754,13,19
10219,1754,4,12
10220,1754,0,6
10221,1754,24,1
10222,1754,20,9
10223,1754,19,17
10224,1755,4,0
10225,1755,14,23
10226,1755,13,1
10227,1755,16,1
10228,1755,18,8
10229,1756,23,12
10230,1756,12,10
10231,1756,17,4
10232,1757,13,10
10233,1757,17,3
10234,1757,8,0
10235,1757,5,22
10236,1757,20,22
10237,1757,17,20
10238,1757,17,15
10239,1757,20,18
10240,1757,3,24
10241,1757,7,17
10242,1758,18,11
10243,1758,10,14
10244,1758,5,22
10245,1758,12,19
10246,1758,20,11
10247,1758,14,20
10248,1759,20,7
10249,1759,16,3
10250,1759,4,8
10251,1760,0,19
10252,1760,23,8
10253,1760,15,14
10254,1760,1,20
10255,1760,4,19
10256,1761,24,3
10257,1761,18,15
10258,1762,10,7
10259,1762,14,20
10260,1762,2,13
10261,1762,13,1
10262,1762,5,7
10263,1762,1,12
10264,1762,8,10
10265,1763,17,14
10266,1763,22,6
10267,1763,2,13
10268,1763,0,11
10269,1763,0,11
10270,1763,20,2
10271,1763,15,3
10272,1763,0,11
10273,1764,22,12
10274,1764,21,1
10275,1764,24,9
10276,1764,3,15
10277,1764,22,10
10278,1765,7,0
10279,1765,19,0
10280,1765,11,24
10281,1765,14,10
10282,1765,6,23
10283,1765,10,7
10284,1765,17,2
10285,1765,0,19
10286,1765,0,19
10287,1766,9,11
10288,1766,4,1
10289,1766,1,15
10290,1766,8,23
10291,1766,19,3
10292,1766,20,7
10293,1766,23,4
10294,1767,10,19
10295,1767,18,9
10296,1767,2,4
10297,1767,19,15
10298,1767,4,1
10299,1768,19,17
10300,1768,3,12
10301,1768,20,14
10302,1768,7,13
10303,1768,21,2
10304,1769,13,22
10305,1769,16,7
10306,1769,0,24
10307,1769,0,13
10308,1770,20,24
10309,1770,3,19
10310,1770,22,20
10311,1770,3,22
10312,1770,2,9
10313,1771,17,8
10314,1771,9,1
10315,1771,19,13
10316,1772,24,1
10317,1772,9,23
10318,1773,18,1
10319,1773,14,1
10320,1773,10,23
10321,1773,9,7
10322,1773,8,2
10323,1774,13,6
10324,1774,10,7
10325,1774,16,18
10326,1774,9,1
10327,1774,17,3
10328,1774,19,20
10329,1775,21,5
10330,1775,19,13
10331,1775,8,1
10332,1775,13,21
10333,1775,10,0
10334,1776,3,1
10335,1776,4,1
10336,1776,7,13
10337,1776,13,4
10338,1776,24,0
10339,1776,3,13
10340,1776,5,22
10341,1776,19,11
10342,1776,12,23
10343,1777,16,12
10344,1777,2,4
10345,1777,20,2
10346,1777,10,13
10347,1777,14,24
10348,1778,3,12
10349,1778,20,2
10350,1778,2,23
10351,1779,24,17
10352,1779,8,11
10353,1779,11,3
10354,1779,7,1
10355,1780,5,19
10356,1780,11,9
10357,1780,14,12
10358,1781,7,10
10359,1781,14,17
10360,1781,13,23
10361,1782,18,0
10362,1782,24,14
10363,1782,3,7
10364,1782,19,5
10365,1782,2,6
10366,1782,18,21
10367,1782,0,12
10368,1783,23,16
10369,1783,7,9
10370,1783,12,8
10371,1783,8,6
10372,1783,4,12
10373,1784,5,3
10374,1784,21,0
10375,1784,8,15
10376,1784,22,15
10377,1784,0,6
10378,1784,11,19
10379,1784,11,14
10380,1785,0,24
10381,1785,21,0
10382,1785,23,5
10383,1785,12,3
10384,1785,24,10
10385,1785,10,12
10386,1786,2,10
10387,1786,21,9
10388,1786,16,23
10389,1786,13,6
10390,1786,18,6
10391,1787,17,6
10392,1787,4,22
10393,1787,3,23
10394,1787,17,21
10395,1787,24,20
10396,1787,14,2
10397,1787,20,11
10398,1787,15,2
10399,1787,19,6
10400,1788,12,14
10401,1788,10,22
10402,1788,0,8
10403,1788,13,17
10404,1788,0,9
10405,1788,19,5
10406,1788,7,17
10407,1788,23,0
10408,1789,5,23
10409,1789,19,12
10410,1789,10,13
10411,1789,21,6
10412,1789,24,20
10413,1789,16,8
10414,1789,8,11
10415,1789,15,8
10416,1789,11,15
10417,1789,8,1
10418,1789,11,23
10419,1790,10,24
10420,1790,16,23
10421,1790,11,19
10422,1790,23,7
10423,1790,16,7
10424,1790,0,9
10425,1790,3,9
10426,1790,13,11
10427,1790,16,8
10428,1790,6,0
10429,1790,8,24
10430,1791,0,15
10431,1791,13,23
10432,1791,3,1
10433,1791,5,8
10434,1791,12,6
10435,1791,1,9
10436,1791,5,13
10437,1791,14,8
10438,1791,15,21
10439,1792,15,18
10440,1792,13,11
10441,1792,9,1
10442,1793,18,11
10443,1793,20,24
10444,1793,18,12
10445,1793,6,2
10446,1793,18,2
10447,1793,3,18
10448,1794,2,16
10449,1794,8,11
10450,1794,23,14
10451,1795,11,17
10452,1795,0,13
10453,1795,5,19
10454,1795,2,17
10455,1795,3,9
10456,1795,22,6
10457,1795,23,15
10458,1795,16,5
10459,1795,18,24
10460,1796,13,21
10461,1796,23,0
10462,1796,8,16
10463,1796,21,5
10464,1796,24,13
10465,1797,16,2
10466,1797,6,17
10467,1797,15,4
10468,1797,0,18
10469,1798,20,14
10470,1798,10,22
10471,1798,2,18
10472,1798,23,2
10473,1798,10,9
10474,1798,18,6
10475,1798,10,18
10476,1798,13,9
10477,1798,3,9
10478,1799,23,2
10479,1799,14,11
10480,1799,2,22
