variant,density,seed,backend,controller,spawned,completed,completion_rate,avg_delay_s,avg_travel_time_s,throughput_vps,congestion_index,avg_queue,final_in_network,unfinished,decision_latency_s,T_ent_s,T_meas_s,T_class_s,T_proc_s,consensus_entropy,final_dtheta,mean_fidelity,pdr,reentanglements,qkd_aborts,consensus_bytes,qkd_classical_bytes,circuit_evals,cpu_s_total
qits_routing_only,low,42,noisy,qits,3427,3346,0.9763641669098336,25.28362223550508,55.12940824865511,1.8588888888888888,0.0501100427350427,48.01055555555556,81,81,0.099747125698324,0.000432625698324,1e-05,0.0010004999999999,0.0983039999999999,0.959221543662439,0.1606365080139289,0.9182577186906644,0.9898743016759776,606,0,630080.0,40511670.03411195,22375,91.15372739999292
qits_routing_only,low,43,noisy,qits,3483,3361,0.9649727246626472,24.75453734007736,54.05772091639393,1.867222222222222,0.04971047008547,47.61555555555555,122,122,0.0997730474860335,0.0004585474860335,1e-05,0.0010004999999999,0.0983039999999999,0.94874280605095,0.1183364867449682,0.9182344032190304,0.9898743016759776,604,0,630080.0,40511884.624741554,22375,90.19279240000104
qits_routing_only,low,44,noisy,qits,3573,3461,0.9686537923313742,25.11846287200231,54.56891071944525,1.9227777777777777,0.0513971688034188,49.45055555555555,112,112,0.0997761759776536,0.0004616759776536,1e-05,0.0010004999999999,0.0983039999999999,0.9530788714758897,0.1499275275368672,0.9184128348944708,0.9896648044692736,604,0,630080.0,40511629.23110948,22375,88.94921980000072
qits_routing_only,low,45,noisy,qits,3427,3321,0.9690691566968194,24.77024992472147,54.17585064739536,1.845,0.0490950854700854,46.98,106,106,0.0997880195530726,0.0004735195530726,1e-05,0.0010004999999999,0.0983039999999999,0.9599683787485154,0.156262356287126,0.9182712348076012,0.9891061452513966,608,0,630080.0,40503242.316247694,22375,91.71285899999748
qits_routing_only,low,46,noisy,qits,3512,3412,0.9715261958997722,24.6031652989449,54.00293083235639,1.895555555555556,0.0500702457264957,47.66777777777778,100,100,0.0997958405586592,0.0004817877094972,1e-05,0.001000052849162,0.0983039999999999,0.961893303608332,0.148249809551688,0.9183337794748004,0.9907122905027932,606,0,630080.0,40517101.921938725,22375,89.18368819999705
qits_routing_only,medium,42,noisy,qits,6998,6804,0.97227779365533,25.68048206937096,54.87977660199883,3.78,0.1014155982905982,99.07222222222222,194,194,0.099747125698324,0.000432625698324,1e-05,0.0010004999999999,0.0983039999999999,0.9434534758069252,0.1473262994776765,0.9182577186906644,0.9898743016759776,606,0,630080.0,40511670.03411195,22375,90.78920879998624
qits_routing_only,medium,43,noisy,qits,7021,6825,0.9720837487537388,26.11882783882784,55.537728937728936,3.7916666666666665,0.1030066773504273,101.12388888888889,196,196,0.0997730474860335,0.0004585474860335,1e-05,0.0010004999999999,0.0983039999999999,0.9495136150705156,0.1458852590443623,0.9182344032190304,0.9898743016759776,604,0,630080.0,40511884.624741554,22375,84.97422040001402
qits_routing_only,medium,44,noisy,qits,7029,6823,0.9706928439322804,26.0699105965118,55.46343250769456,3.790555555555556,0.1028589743589743,100.94888888888887,206,206,0.0997761759776536,0.0004616759776536,1e-05,0.0010004999999999,0.0983039999999999,0.9404404836366104,0.1047368266948556,0.9184128348944708,0.9896648044692736,604,0,630080.0,40511629.23110948,22375,85.16320299998915
qits_routing_only,medium,45,noisy,qits,6986,6805,0.9740910392212996,25.763409257898605,55.1582659808964,3.780555555555555,0.101912126068376,99.36722222222222,181,181,0.0997880195530726,0.0004735195530726,1e-05,0.0010004999999999,0.0983039999999999,0.9322710633220735,0.1029522356701363,0.9182712348076012,0.9891061452513966,608,0,630080.0,40503242.316247694,22375,85.78781749998234
qits_routing_only,medium,46,noisy,qits,6890,6695,0.9716981132075472,25.95011202389843,55.41448842419716,3.719444444444445,0.1008872863247863,98.56722222222224,195,195,0.0997958405586592,0.0004817877094972,1e-05,0.001000052849162,0.0983039999999999,0.933901202703432,0.1174730462882272,0.9183337794748004,0.9907122905027932,606,0,630080.0,40517101.921938725,22375,85.24767289998817
qits_routing_only,high,42,noisy,qits,10450,10085,0.9650717703349282,28.29479424888448,57.7571641051066,5.602777777777778,0.1591351495726496,162.50555555555556,365,365,0.099747125698324,0.000432625698324,1e-05,0.0010004999999999,0.0983039999999999,0.914384247019986,0.1073696277306869,0.9182577186906644,0.9898743016759776,606,0,630080.0,40511670.03411195,22375,86.65725609999936
qits_routing_only,high,43,noisy,qits,10483,10117,0.9650863302489744,28.040624691113965,57.412968271226646,5.620555555555556,0.1585579594017094,161.46944444444443,366,366,0.0997730474860335,0.0004585474860335,1e-05,0.0010004999999999,0.0983039999999999,0.9042275517852508,0.0852361728335747,0.9182344032190304,0.9898743016759776,604,0,630080.0,40511884.624741554,22375,86.5501028999879
qits_routing_only,high,44,noisy,qits,10553,10225,0.9689187908651568,27.85105134474328,57.24567237163814,5.680555555555555,0.1592283653846154,161.55333333333334,328,328,0.0997761759776536,0.0004616759776536,1e-05,0.0010004999999999,0.0983039999999999,0.9159924698248568,0.1005998108148444,0.9184128348944708,0.9896648044692736,604,0,630080.0,40511629.23110948,22375,105.2986449999953
qits_routing_only,high,45,noisy,qits,10481,10168,0.970136437362847,28.644767899291896,58.07513768686074,5.648888888888889,0.1605213675213675,164.9788888888889,313,313,0.0997880195530726,0.0004735195530726,1e-05,0.0010004999999999,0.0983039999999999,0.9198717157338596,0.1113834381158562,0.9182712348076012,0.9891061452513966,608,0,630080.0,40503242.316247694,22375,104.957451399996
qits_routing_only,high,46,noisy,qits,10468,10097,0.9645586549484142,28.34921263741705,57.70288204417154,5.609444444444445,0.1591001602564102,163.22444444444446,371,371,0.0997958405586592,0.0004817877094972,1e-05,0.001000052849162,0.0983039999999999,0.9184220327952118,0.1191122990482487,0.9183337794748004,0.9907122905027932,606,0,630080.0,40517101.921938725,22375,103.02247700001136
qits_signals_only,low,42,noisy,qits,3427,3338,0.974029763641669,26.806171360095867,56.62043139604554,1.8544444444444443,0.0514754273504273,50.92,89,89,0.099747125698324,0.000432625698324,1e-05,0.0010004999999999,0.0983039999999999,0.9428695564784256,0.1913257082008651,0.9182577186906644,0.9898743016759776,606,0,630080.0,40511670.03411195,22375,104.97574850000456
qits_signals_only,low,43,noisy,qits,3483,3356,0.963537180591444,25.928784266984504,55.21126340882002,1.8644444444444443,0.0507948717948718,49.90611111111111,127,127,0.0997730474860335,0.0004585474860335,1e-05,0.0010004999999999,0.0983039999999999,0.9373750325754128,0.1744493027297746,0.9182344032190304,0.9898743016759776,604,0,630080.0,40511884.624741554,22375,103.82168859998274
qits_signals_only,low,44,noisy,qits,3573,3448,0.9650153932269802,26.07279582366589,55.47186774941996,1.915555555555556,0.0523525641025641,51.45055555555555,125,125,0.0997761759776536,0.0004616759776536,1e-05,0.0010004999999999,0.0983039999999999,0.9486235311091052,0.1529736609810503,0.9184128348944708,0.9896648044692736,604,0,630080.0,40511629.23110948,22375,104.30974840000636
qits_signals_only,low,45,noisy,qits,3427,3319,0.9684855558797782,25.95088882193432,55.32841217234107,1.843888888888889,0.0501800213675213,49.24333333333333,108,108,0.0997880195530726,0.0004735195530726,1e-05,0.0010004999999999,0.0983039999999999,0.9495936501511903,0.1618754436815357,0.9182712348076012,0.9891061452513966,608,0,630080.0,40503242.316247694,22375,103.04093950001152
qits_signals_only,low,46,noisy,qits,3512,3405,0.9695330296127562,26.11747430249633,55.497797356828194,1.8916666666666664,0.0514521901709401,50.56,107,107,0.0997958405586592,0.0004817877094972,1e-05,0.001000052849162,0.0983039999999999,0.932255481517601,0.227038959680899,0.9183337794748004,0.9907122905027932,606,0,630080.0,40517101.921938725,22375,103.74363020000236
qits_signals_only,medium,42,noisy,qits,6998,6776,0.9682766504715632,27.160714285714285,56.321280991735534,3.764444444444445,0.104270032051282,105.17277777777778,222,222,0.099747125698324,0.000432625698324,1e-05,0.0010004999999999,0.0983039999999999,0.903367689257294,0.1360970023505409,0.9182577186906644,0.9898743016759776,606,0,630080.0,40511670.03411195,22375,104.91745460000492
qits_signals_only,medium,43,noisy,qits,7021,6814,0.970517020367469,27.58174346932785,56.97886703845025,3.7855555555555553,0.1057222222222222,106.78666666666666,207,207,0.0997730474860335,0.0004585474860335,1e-05,0.0010004999999999,0.0983039999999999,0.920240870877818,0.135832065270666,0.9182344032190304,0.9898743016759776,604,0,630080.0,40511884.624741554,22375,103.00002109999696
qits_signals_only,medium,44,noisy,qits,7029,6806,0.968274292217954,28.052747575668526,57.40802233323538,3.781111111111111,0.1064957264957264,108.53166666666668,223,223,0.0997761759776536,0.0004616759776536,1e-05,0.0010004999999999,0.0983039999999999,0.92336110172765,0.1621525583609152,0.9184128348944708,0.9896648044692736,604,0,630080.0,40511629.23110948,22375,104.15179299998636
qits_signals_only,medium,45,noisy,qits,6986,6790,0.9719438877755512,27.30044182621502,56.6718703976436,3.772222222222222,0.1047791132478632,105.30944444444444,196,196,0.0997880195530726,0.0004735195530726,1e-05,0.0010004999999999,0.0983039999999999,0.9394734008628862,0.1678160420634333,0.9182712348076012,0.9891061452513966,608,0,630080.0,40503242.316247694,22375,105.25309969999762
qits_signals_only,medium,46,noisy,qits,6890,6684,0.9701015965166908,28.197336923997607,57.64198084979054,3.713333333333333,0.1050157585470085,107.16166666666666,206,206,0.0997958405586592,0.0004817877094972,1e-05,0.001000052849162,0.0983039999999999,0.9216487814570874,0.1269528343103571,0.9183337794748004,0.9907122905027932,606,0,630080.0,40517101.921938725,22375,101.71784630000548
qits_signals_only,high,42,noisy,qits,10450,10078,0.964401913875598,31.46973605874181,60.90017860686644,5.598888888888889,0.167787126068376,180.6677777777778,372,372,0.099747125698324,0.000432625698324,1e-05,0.0010004999999999,0.0983039999999999,0.9003700395375097,0.1648537138242694,0.9182577186906644,0.9898743016759776,606,0,630080.0,40511670.03411195,22375,103.2410595000092
qits_signals_only,high,43,noisy,qits,10483,10082,0.9617475913383572,31.36808172981551,60.69956357865503,5.601111111111111,0.1676698717948717,180.65944444444443,401,401,0.0997730474860335,0.0004585474860335,1e-05,0.0010004999999999,0.0983039999999999,0.9052423384595036,0.1402686166691561,0.9182344032190304,0.9898743016759776,604,0,630080.0,40511884.624741554,22375,103.0249098000022
qits_signals_only,high,44,noisy,qits,10553,10207,0.9672131147540984,31.251298128735183,60.6264328402077,5.670555555555556,0.1686095085470085,181.095,346,346,0.0997761759776536,0.0004616759776536,1e-05,0.0010004999999999,0.0983039999999999,0.904738420756296,0.1387091641272073,0.9184128348944708,0.9896648044692736,604,0,630080.0,40511629.23110948,22375,103.31610609999008
qits_signals_only,high,45,noisy,qits,10481,10140,0.9674649365518556,31.301775147929,60.71952662721893,5.633333333333334,0.1678277243589743,180.26388888888889,341,341,0.0997880195530726,0.0004735195530726,1e-05,0.0010004999999999,0.0983039999999999,0.9105254487583292,0.1381424185571571,0.9182712348076012,0.9891061452513966,608,0,630080.0,40503242.316247694,22375,103.065793200014
qits_signals_only,high,46,noisy,qits,10468,10094,0.9642720672525792,31.103328710124828,60.449871210620174,5.607777777777778,0.1665753205128205,178.64388888888888,374,374,0.0997958405586592,0.0004817877094972,1e-05,0.001000052849162,0.0983039999999999,0.9132645048574644,0.1426681852875197,0.9183337794748004,0.9907122905027932,606,0,630080.0,40517101.921938725,22375,102.6407896000128
qits,low,42,noisy,qits,3427,3348,0.9769477677268747,24.88918757467145,54.72431302270012,1.86,0.0497382478632478,47.265,79,79,0.099747125698324,0.000432625698324,1e-05,0.0010004999999999,0.0983039999999999,0.9731441994032548,0.1876544985057664,0.9182577186906644,0.9898743016759776,606,0,630080.0,40511670.03411195,22375,156.28245810001317
qits,low,43,noisy,qits,3483,3355,0.9632500717772036,24.22980625931445,53.53770491803279,1.863888888888889,0.0492350427350427,46.61333333333334,128,128,0.0997730474860335,0.0004585474860335,1e-05,0.0010004999999999,0.0983039999999999,0.9622506761168668,0.1775776074864856,0.9182344032190304,0.9898743016759776,604,0,630080.0,40511884.624741554,22375,156.6253262000173
qits,low,44,noisy,qits,3573,3453,0.966414777497901,24.254850854329568,53.69244135534318,1.9183333333333328,0.0506014957264957,47.84722222222222,120,120,0.0997761759776536,0.0004616759776536,1e-05,0.0010004999999999,0.0983039999999999,0.9638982525386818,0.1586063571923245,0.9184128348944708,0.9896648044692736,604,0,630080.0,40511629.23110948,22375,154.7428331000301
qits,low,45,noisy,qits,3427,3322,0.96936095710534,24.05779650812764,53.48344370860927,1.845555555555556,0.0484537927350427,45.595,105,105,0.0997880195530726,0.0004735195530726,1e-05,0.0010004999999999,0.0983039999999999,0.979328980698001,0.1669114334659635,0.9182712348076012,0.9891061452513966,608,0,630080.0,40503242.316247694,22375,155.64230429997042
qits,low,46,noisy,qits,3512,3405,0.9695330296127562,24.3215859030837,53.7136563876652,1.8916666666666664,0.0498261217948718,47.15111111111111,107,107,0.0997958405586592,0.0004817877094972,1e-05,0.001000052849162,0.0983039999999999,0.9640756359062476,0.1710381834416407,0.9183337794748004,0.9907122905027932,606,0,630080.0,40517101.921938725,22375,156.08332460000747
qits,low,47,noisy,qits,3694,3587,0.9710341093665404,23.16420407025369,52.55032060217452,1.992777777777777,0.0513413461538461,47.28944444444444,107,107,0.0997844441340782,0.0004699441340782,1e-05,0.0010004999999999,0.0983039999999999,0.9760450698279616,0.1624663188960853,0.9183076429505236,0.9893854748603352,609,1,629992.0,40517514.65532818,22375,155.58494960001917
qits,low,48,noisy,qits,3532,3425,0.9697055492638732,23.732262773722628,52.75182481751825,1.9027777777777777,0.0491776175213675,46.24333333333333,107,107,0.0997672374301675,0.0004527374301675,1e-05,0.0010004999999999,0.0983039999999999,0.9810671994891702,0.1804379229771142,0.9181904107385748,0.9905027932960894,605,0,630080.0,40513948.29633573,22375,159.0831032999704
qits,low,49,noisy,qits,3450,3345,0.9695652173913044,23.85500747384156,53.21704035874439,1.8583333333333327,0.048579594017094,45.57666666666667,105,105,0.0998043324022346,0.0004898324022346,1e-05,0.0010004999999999,0.0983039999999999,0.9696527204564418,0.1601367843865653,0.9182776531964426,0.9901536312849162,604,0,630080.0,40509369.37522607,22375,158.8597770000015
qits,low,50,noisy,qits,3539,3429,0.9689177733823114,23.85010207057451,53.232429279673376,1.905,0.0497697649572649,46.70333333333333,110,110,0.0997498072625698,0.0004353072625698,1e-05,0.0010004999999999,0.0983039999999999,0.9554922998145244,0.1288116182023451,0.9184572889285276,0.989804469273743,606,0,630080.0,40502312.41301881,22375,158.5769040999985
qits,low,51,noisy,qits,3444,3326,0.9657375145180024,24.770595309681298,54.692423331328925,1.8477777777777773,0.0497251602564102,47.03277777777778,118,118,0.0997565111731843,0.0004420111731843,1e-05,0.0010004999999999,0.0983039999999999,0.9675145108553456,0.1495352490692018,0.9183318010046309,0.99036312849162,607,0,630080.0,40507435.60626034,22375,159.36188470003617
qits,low,52,noisy,qits,3570,3455,0.9677871148459384,23.8917510853835,53.21041968162084,1.9194444444444445,0.0502059294871794,47.165,115,115,0.0997625445810056,0.0004482681564245,1e-05,0.001000276424581,0.0983039999999999,0.9626331630783886,0.1527292098319828,0.9184540346369396,0.9883379888268156,604,0,630080.0,40507240.50851301,22375,158.42900140000347
qits,low,53,noisy,qits,3412,3296,0.9660023446658852,24.260618932038835,53.85042475728155,1.8311111111111111,0.0485659722222222,45.82833333333333,116,116,0.0997902541899441,0.0004757541899441,1e-05,0.0010004999999999,0.0983039999999999,0.95750268115378,0.1573955755777576,0.9182346362139868,0.9902932960893854,606,0,630080.0,40517819.895676486,22375,158.0314811000062
qits,low,54,noisy,qits,3486,3387,0.9716006884681584,24.351933864777088,53.68999114260407,1.8816666666666664,0.0494046474358974,46.77388888888889,99,99,0.0997790810055865,0.0004645810055865,1e-05,0.0010004999999999,0.0983039999999999,0.9630003977377042,0.14344896258881,0.918229436386178,0.9900837988826816,601,0,630080.0,40509855.71449891,22375,143.11172929999157
qits,low,55,noisy,qits,3579,3469,0.9692651578653256,23.897376765638512,53.18304987027962,1.9272222222222224,0.0502449252136752,47.16111111111111,110,110,0.0997815391061452,0.0004670391061452,1e-05,0.0010004999999999,0.0983039999999999,0.9607678917860232,0.1650566229349937,0.9182972394795132,0.9909217877094972,607,0,630080.0,40504398.177069776,22375,141.8680076000237
qits,low,56,noisy,qits,3570,3447,0.965546218487395,23.955323469683783,53.09370467072817,1.915,0.0499353632478632,47.07611111111111,123,123,0.0997855614525139,0.0004710614525139,1e-05,0.0010004999999999,0.0983039999999999,0.9572101597605492,0.1479605479563176,0.9184797403574352,0.9893156424581006,608,0,630080.0,40511211.18071858,22375,142.836921899976
qits,low,57,noisy,qits,3509,3406,0.9706469079509832,23.77128596594245,53.18526130358192,1.8922222222222225,0.0492521367521367,45.99222222222223,103,103,0.0997685782122905,0.0004540782122905,1e-05,0.0010004999999999,0.0983039999999999,0.9586481975745303,0.1663998749333188,0.9183113671511484,0.9886871508379887,605,0,630080.0,40510562.27697354,22375,142.99445639995974
qits,low,58,noisy,qits,3531,3440,0.97422826394789,23.96482558139535,53.58575581395349,1.9111111111111112,0.0501650641025641,46.89666666666667,91,91,0.0997625446927374,0.0004480446927374,1e-05,0.0010004999999999,0.0983039999999999,0.961172620125026,0.2075775786641158,0.9184013297763448,0.9884078212290502,604,0,630080.0,40511179.017432615,22375,141.8298063999755
qits,low,59,noisy,qits,3588,3461,0.9646042363433668,23.33718578445536,52.39237214677839,1.9227777777777777,0.049602297008547,46.21333333333333,127,127,0.0997656729608938,0.0004516201117318,1e-05,0.001000052849162,0.0983039999999999,0.9621039861051808,0.1598009112062909,0.9181580255744208,0.9900139664804468,602,0,630080.0,40512207.992405854,22375,141.6032860000123
qits,low,60,noisy,qits,3473,3365,0.9689029657356752,24.006537890044576,53.26537890044577,1.8694444444444445,0.048761485042735,45.92388888888889,108,108,0.0997788575418994,0.0004643575418994,1e-05,0.0010004999999999,0.0983039999999999,0.9752250777276208,0.1751989708254493,0.9182681540148764,0.9900139664804468,602,0,630080.0,40507136.30627413,22375,108.72937679999814
qits,low,61,noisy,qits,3575,3475,0.972027972027972,24.04517985611511,53.29410071942446,1.930555555555556,0.0503896901709401,47.51055555555556,100,100,0.0997507008938547,0.0004366480446927,1e-05,0.001000052849162,0.0983039999999999,0.977496890056328,0.1610476166159467,0.918333745748806,0.9915502793296088,602,0,630080.0,40514081.77544766,22375,108.64048260001437
qits,low,62,noisy,qits,3460,3361,0.9713872832369942,24.36477238916989,53.88931865516216,1.867222222222222,0.0493584401709401,46.583333333333336,99,99,0.0997703659217877,0.0004558659217877,1e-05,0.0010004999999999,0.0983039999999999,0.9675408710487036,0.1568274458149785,0.9181784301565334,0.9891061452513966,606,0,630080.0,40514354.58894368,22375,108.48259940000936
qits,low,63,noisy,qits,3529,3407,0.96542930008501,24.153800997945407,53.65071910771941,1.8927777777777777,0.0500571581196581,47.16111111111111,122,122,0.0997455613407821,0.0004312849162011,1e-05,0.001000276424581,0.0983039999999999,0.9642785450845628,0.1604027704816281,0.9182398186845748,0.9916899441340782,607,0,630080.0,40512640.98578507,22375,108.73869759999798
qits,low,64,noisy,qits,3454,3360,0.9727851766068326,24.173214285714284,53.961309523809526,1.8666666666666667,0.0492855235042735,46.129444444444445,94,94,0.0997464553072625,0.0004319553072625,1e-05,0.0010004999999999,0.0983039999999999,0.9731584291058069,0.1897274907888595,0.9183006613130286,0.9871508379888267,603,0,630080.0,40513078.27678319,22375,109.0068536000108
qits,low,65,noisy,qits,3517,3408,0.969007676997441,24.002347417840376,53.65492957746479,1.893333333333333,0.0497884615384615,46.515,109,109,0.0997763994413407,0.0004618994413407,1e-05,0.0010004999999999,0.0983039999999999,0.9609026543322308,0.1702595249915212,0.9184285075372184,0.9912011173184356,610,0,630080.0,40503892.60577784,22375,108.34706649999134
qits,low,66,noisy,qits,3571,3470,0.9717166059927193,24.45907780979827,54.0014409221902,1.9277777777777776,0.0511044337606837,48.458333333333336,101,101,0.0997726004469273,0.0004583240223463,1e-05,0.001000276424581,0.0983039999999999,0.95794110198316,0.1762968433273736,0.9183267016854488,0.9883379888268156,605,0,630080.0,40511596.49977588,22375,98.11926969999332
qits,low,67,noisy,qits,3513,3406,0.9695417022487902,23.989430416911333,53.22254844392249,1.8922222222222225,0.0493547008547008,46.44611111111111,107,107,0.0997860083798882,0.0004715083798882,1e-05,0.0010004999999999,0.0983039999999999,0.9581261822874232,0.1728537626398582,0.9182602891629597,0.9893854748603352,606,0,630080.0,40508686.11965548,22375,99.01689010001792
qits,low,68,noisy,qits,3470,3364,0.9694524495677234,24.427467300832344,53.6973840665874,1.8688888888888888,0.0492219551282051,46.80833333333333,106,106,0.0997600865921787,0.0004455865921787,1e-05,0.0010004999999999,0.0983039999999999,0.9707894489555916,0.148869863533789,0.9182639626941989,0.9891061452513966,601,0,630080.0,40507663.35769547,22375,98.5354908000154
qits,low,69,noisy,qits,3470,3362,0.9688760806916428,23.79298036882808,53.163593099345626,1.867777777777777,0.0488314636752136,45.73444444444444,108,108,0.0997848910614525,0.0004703910614525,1e-05,0.0010004999999999,0.0983039999999999,0.9675597087969235,0.1805847688174639,0.9183348935622474,0.9886173184357542,603,0,630080.0,40509781.33549482,22375,97.85723929999948
qits,low,70,noisy,qits,3506,3396,0.968625213918996,23.592756183745585,52.91195524146054,1.8866666666666667,0.0488886217948718,45.51111111111111,110,110,0.0997898071508379,0.0004755307262569,1e-05,0.001000276424581,0.0983039999999999,0.9617551141297556,0.1738128345480777,0.9182008366443346,0.989036312849162,608,0,630080.0,40511296.11654184,22375,98.46141149997857
qits,low,71,noisy,qits,3479,3386,0.9732681805116412,23.979621972829296,53.15150620200827,1.8811111111111112,0.0490010683760683,46.28722222222222,93,93,0.0997542765363128,0.0004397765363128,1e-05,0.0010004999999999,0.0983039999999999,0.957748087074085,0.1833605712093888,0.9182862586793272,0.9905027932960894,606,0,630080.0,40508331.89337008,22375,97.70233569998165
qits,medium,42,noisy,qits,6998,6808,0.9728493855387254,24.27996474735605,53.49383078730905,3.7822222222222224,0.0988814102564102,93.71722222222222,190,190,0.099747125698324,0.000432625698324,1e-05,0.0010004999999999,0.0983039999999999,0.957869970179826,0.1285460146820751,0.9182577186906644,0.9898743016759776,606,0,630080.0,40511670.03411195,22375,145.9954236000085
qits,medium,43,noisy,qits,7021,6828,0.9725110383136304,24.83845928529584,54.24091974223784,3.793333333333333,0.1006949786324786,96.2238888888889,193,193,0.0997730474860335,0.0004585474860335,1e-05,0.0010004999999999,0.0983039999999999,0.9504727570666512,0.1631208282300471,0.9182344032190304,0.9898743016759776,604,0,630080.0,40511884.624741554,22375,145.9746150999854
qits,medium,44,noisy,qits,7029,6822,0.970550576184379,24.979624743476982,54.38449135150982,3.79,0.1008127670940171,96.57277777777776,207,207,0.0997761759776536,0.0004616759776536,1e-05,0.0010004999999999,0.0983039999999999,0.9552299717310258,0.1551891818258758,0.9184128348944708,0.9896648044692736,604,0,630080.0,40511629.23110948,22375,146.58533900000475
qits,medium,45,noisy,qits,6986,6809,0.974663612940166,24.85342928477016,54.243941841680126,3.7827777777777776,0.1003119658119658,95.97833333333334,177,177,0.0997880195530726,0.0004735195530726,1e-05,0.0010004999999999,0.0983039999999999,0.9625458282896318,0.1498336245845677,0.9182712348076012,0.9891061452513966,608,0,630080.0,40503242.316247694,22375,146.0695029999988
qits,medium,46,noisy,qits,6890,6702,0.9727140783744558,24.92778275141749,54.41390629662787,3.723333333333333,0.0990259081196581,94.67333333333332,188,188,0.0997958405586592,0.0004817877094972,1e-05,0.001000052849162,0.0983039999999999,0.9463355040165492,0.1134305100520842,0.9183337794748004,0.9907122905027932,606,0,630080.0,40517101.921938725,22375,146.66225800003303
qits,medium,47,noisy,qits,7265,7032,0.9679284239504472,25.09826507394767,54.495307167235495,3.9066666666666654,0.1046434294871795,100.67777777777778,233,233,0.0997844441340782,0.0004699441340782,1e-05,0.0010004999999999,0.0983039999999999,0.9521544918085878,0.1385986234720901,0.9183076429505236,0.9893854748603352,609,1,629992.0,40517514.65532818,22375,148.4747032000232
qits,medium,48,noisy,qits,7135,6905,0.9677645409950946,24.71310644460536,53.97074583635048,3.8361111111111112,0.1016629273504273,97.23055555555555,230,230,0.0997672374301675,0.0004527374301675,1e-05,0.0010004999999999,0.0983039999999999,0.958853372535142,0.1412882401768841,0.9181904107385748,0.9905027932960894,605,0,630080.0,40513948.29633573,22375,149.1342491999785
qits,medium,49,noisy,qits,6973,6751,0.9681629140972322,24.644348985335505,53.9638572063398,3.750555555555556,0.0995,95.03944444444444,222,222,0.0998043324022346,0.0004898324022346,1e-05,0.0010004999999999,0.0983039999999999,0.9561307070099936,0.1641155791102792,0.9182776531964426,0.9901536312849162,604,0,630080.0,40509369.37522607,22375,150.77677480003695
qits,medium,50,noisy,qits,7073,6880,0.9727131344549697,24.74811046511628,53.8655523255814,3.8222222222222224,0.1008506944444444,96.66333333333333,193,193,0.0997498072625698,0.0004353072625698,1e-05,0.0010004999999999,0.0983039999999999,0.9582697885241784,0.1244777651272598,0.9184572889285276,0.989804469273743,606,0,630080.0,40502312.41301881,22375,149.68100929998036
qits,medium,51,noisy,qits,6998,6791,0.9704201200342956,24.338536298041525,53.53718156383449,3.772777777777778,0.0988648504273504,93.75944444444444,207,207,0.0997565111731843,0.0004420111731843,1e-05,0.0010004999999999,0.0983039999999999,0.9534274329707436,0.1356356366963438,0.9183318010046309,0.99036312849162,607,0,630080.0,40507435.60626034,22375,150.35548200001722
qits,medium,52,noisy,qits,7057,6849,0.9705257191441122,25.16703168345744,54.67557307636151,3.805,0.1020625,98.20333333333332,208,208,0.0997625445810056,0.0004482681564245,1e-05,0.001000276424581,0.0983039999999999,0.94638254344608,0.1202684135638214,0.9184540346369396,0.9883379888268156,604,0,630080.0,40507240.50851301,22375,150.01242870000715
qits,medium,53,noisy,qits,7000,6784,0.9691428571428572,25.285524764150946,54.85392099056604,3.7688888888888887,0.1012740384615384,97.4811111111111,216,216,0.0997902541899441,0.0004757541899441,1e-05,0.0010004999999999,0.0983039999999999,0.9687496536122416,0.1231689677879245,0.9182346362139868,0.9902932960893854,606,0,630080.0,40517819.895676486,22375,148.02038069999253
qits,medium,54,noisy,qits,6938,6728,0.9697319112136062,24.32401902497028,53.42746730083234,3.7377777777777776,0.0980333867521367,93.25,210,210,0.0997790810055865,0.0004645810055865,1e-05,0.0010004999999999,0.0983039999999999,0.9432611430614262,0.1249338717683,0.918229436386178,0.9900837988826816,601,0,630080.0,40509855.71449891,22375,151.05209560004369
qits,medium,55,noisy,qits,7076,6859,0.9693329564725832,25.5595567867036,55.10438839480974,3.810555555555556,0.1028309294871794,99.56111111111112,217,217,0.0997815391061452,0.0004670391061452,1e-05,0.0010004999999999,0.0983039999999999,0.947976269142355,0.1384255581502292,0.9182972394795132,0.9909217877094972,607,0,630080.0,40504398.177069776,22375,150.93465490001108
qits,medium,56,noisy,qits,7107,6902,0.9711551990994792,24.864097363083165,54.159953636627066,3.834444444444444,0.101698985042735,97.53888888888888,205,205,0.0997855614525139,0.0004710614525139,1e-05,0.0010004999999999,0.0983039999999999,0.9547454624654887,0.1507424653672194,0.9184797403574352,0.9893156424581006,608,0,630080.0,40511211.18071858,22375,151.88513139996212
qits,medium,57,noisy,qits,7139,6927,0.970303964140636,25.22289591453732,54.66825465569511,3.848333333333333,0.1030016025641025,99.11111111111111,212,212,0.0997685782122905,0.0004540782122905,1e-05,0.0010004999999999,0.0983039999999999,0.9652017771538912,0.124527003545375,0.9183113671511484,0.9886871508379887,605,0,630080.0,40510562.27697354,22375,151.42991419995815
qits,medium,58,noisy,qits,7042,6797,0.9652087475149106,25.04516698543475,54.625275856995735,3.776111111111111,0.1012446581196581,97.02111111111113,245,245,0.0997625446927374,0.0004480446927374,1e-05,0.0010004999999999,0.0983039999999999,0.9671538247824176,0.1684891497728686,0.9184013297763448,0.9884078212290502,604,0,630080.0,40511179.017432615,22375,151.48062039996512
qits,medium,59,noisy,qits,7253,7025,0.9685647318351028,25.56967971530249,55.02220640569395,3.9027777777777777,0.1053616452991453,102.28,228,228,0.0997656729608938,0.0004516201117318,1e-05,0.001000052849162,0.0983039999999999,0.9574440142430468,0.114183116061344,0.9181580255744208,0.9900139664804468,602,0,630080.0,40512207.992405854,22375,151.9283137999737
qits,medium,60,noisy,qits,6955,6726,0.9670740474478792,25.12830805828129,54.62221231043711,3.736666666666667,0.0999893162393162,95.99666666666668,229,229,0.0997788575418994,0.0004643575418994,1e-05,0.0010004999999999,0.0983039999999999,0.9479099954378786,0.140238809053886,0.9182681540148764,0.9900139664804468,602,0,630080.0,40507136.30627413,22375,148.73465529997702
qits,medium,61,noisy,qits,7109,6901,0.9707413138275426,25.17837994493552,54.64425445587596,3.8338888888888887,0.1025980235042735,98.675,208,208,0.0997507008938547,0.0004366480446927,1e-05,0.001000052849162,0.0983039999999999,0.9475652405130724,0.1081263398031851,0.918333745748806,0.9915502793296088,602,0,630080.0,40514081.77544766,22375,148.79643059999216
qits,medium,62,noisy,qits,7024,6804,0.9686788154897494,25.274838330393887,54.705761316872426,3.78,0.1014978632478632,97.85722222222222,220,220,0.0997703659217877,0.0004558659217877,1e-05,0.0010004999999999,0.0983039999999999,0.9519145045675356,0.1441686389571599,0.9181784301565334,0.9891061452513966,606,0,630080.0,40514354.58894368,22375,151.5065967000046
qits,medium,63,noisy,qits,6988,6775,0.9695191757298226,25.06361623616236,54.79409594095941,3.763888888888889,0.1011714743589743,96.64777777777778,213,213,0.0997455613407821,0.0004312849162011,1e-05,0.001000276424581,0.0983039999999999,0.9639148526599732,0.1124840827571994,0.9182398186845748,0.9916899441340782,607,0,630080.0,40512640.98578507,22375,151.2719866999687
qits,medium,64,noisy,qits,6844,6641,0.9703389830508474,24.893540129498568,53.99518144857702,3.689444444444444,0.0977401175213675,94.06777777777778,203,203,0.0997464553072625,0.0004319553072625,1e-05,0.0010004999999999,0.0983039999999999,0.942050555021254,0.1200773215705289,0.9183006613130286,0.9871508379888267,603,0,630080.0,40513078.27678319,22375,150.61068419998264
qits,medium,65,noisy,qits,7034,6824,0.9701450099516632,24.951934349355216,54.48300117233294,3.7911111111111113,0.1012203525641025,96.78722222222224,210,210,0.0997763994413407,0.0004618994413407,1e-05,0.0010004999999999,0.0983039999999999,0.959337376597271,0.1423982162946442,0.9184285075372184,0.9912011173184356,610,0,630080.0,40503892.60577784,22375,150.2661703999947
qits,medium,66,noisy,qits,7054,6824,0.9673943861638786,24.89170574443142,54.14727432590856,3.7911111111111113,0.1006944444444444,96.59666666666666,230,230,0.0997726004469273,0.0004583240223463,1e-05,0.001000276424581,0.0983039999999999,0.958116866875312,0.1298058702568548,0.9183267016854488,0.9883379888268156,605,0,630080.0,40511596.49977588,22375,114.75008030006938
qits,medium,67,noisy,qits,6916,6687,0.9668883747831116,25.29355465829221,54.876925377598326,3.715,0.1000317841880342,96.25166666666668,229,229,0.0997860083798882,0.0004715083798882,1e-05,0.0010004999999999,0.0983039999999999,0.9553474593495817,0.1279107866892979,0.9182602891629597,0.9893854748603352,606,0,630080.0,40508686.11965548,22375,113.62249789998896
qits,medium,68,noisy,qits,7108,6879,0.9677827799662352,24.68338421282164,54.043465620002905,3.8216666666666654,0.1012013888888889,96.40444444444444,229,229,0.0997600865921787,0.0004455865921787,1e-05,0.0010004999999999,0.0983039999999999,0.9556093875358256,0.1285877222622774,0.9182639626941989,0.9891061452513966,601,0,630080.0,40507663.35769547,22375,113.25951700000589
qits,medium,69,noisy,qits,6996,6774,0.9682675814751286,24.77118393858872,54.13876586950104,3.763333333333333,0.1000053418803418,95.56055555555557,222,222,0.0997848910614525,0.0004703910614525,1e-05,0.0010004999999999,0.0983039999999999,0.95238861158681,0.1259557868772807,0.9183348935622474,0.9886173184357542,603,0,630080.0,40509781.33549482,22375,112.71430409998356
qits,medium,70,noisy,qits,7024,6795,0.9673974943052392,24.719941133186165,54.07682119205298,3.775,0.1000953525641025,95.46833333333332,229,229,0.0997898071508379,0.0004755307262569,1e-05,0.001000276424581,0.0983039999999999,0.9746373229242922,0.1174659276475099,0.9182008366443346,0.989036312849162,608,0,630080.0,40511296.11654184,22375,113.23031250000348
qits,medium,71,noisy,qits,7088,6890,0.9720654627539504,25.12438316400581,54.54092888243832,3.827777777777778,0.1021533119658119,98.19055555555556,198,198,0.0997542765363128,0.0004397765363128,1e-05,0.0010004999999999,0.0983039999999999,0.9682692307474384,0.1235995293397166,0.9182862586793272,0.9905027932960894,606,0,630080.0,40508331.89337008,22375,113.36808070002373
qits,high,42,noisy,qits,10450,10109,0.9673684210526317,26.934810564843207,56.41032743100208,5.616111111111112,0.1554658119658119,154.68055555555554,341,341,0.099747125698324,0.000432625698324,1e-05,0.0010004999999999,0.0983039999999999,0.9442836487125787,0.1266312373781221,0.9182577186906644,0.9898743016759776,606,0,630080.0,40511670.03411195,22375,137.45910449999792
qits,high,43,noisy,qits,10483,10122,0.9655632929504911,26.839656194427977,56.21171705196601,5.623333333333333,0.1553680555555555,154.70666666666668,361,361,0.0997730474860335,0.0004585474860335,1e-05,0.0010004999999999,0.0983039999999999,0.9465547242770036,0.145540183451213,0.9182344032190304,0.9898743016759776,604,0,630080.0,40511884.624741554,22375,140.8368644999682
qits,high,44,noisy,qits,10553,10233,0.9696768691367385,27.233948988566404,56.63060686015831,5.685,0.1575625,157.9477777777778,320,320,0.0997761759776536,0.0004616759776536,1e-05,0.0010004999999999,0.0983039999999999,0.9416133685234448,0.1212387179712812,0.9184128348944708,0.9896648044692736,604,0,630080.0,40511629.23110948,22375,141.16963409999153
qits,high,45,noisy,qits,10481,10169,0.9702318481060968,27.387157045923885,56.83351361982496,5.649444444444445,0.1570261752136752,157.59222222222223,312,312,0.0997880195530726,0.0004735195530726,1e-05,0.0010004999999999,0.0983039999999999,0.9511183240698694,0.1107155958288565,0.9182712348076012,0.9891061452513966,608,0,630080.0,40503242.316247694,22375,141.78756050001903
qits,high,46,noisy,qits,10468,10121,0.9668513565150936,27.42545203043177,56.79725323584626,5.622777777777777,0.1565376602564102,157.63166666666666,347,347,0.0997958405586592,0.0004817877094972,1e-05,0.001000052849162,0.0983039999999999,0.9344274758553932,0.1523187029907529,0.9183337794748004,0.9907122905027932,606,0,630080.0,40517101.921938725,22375,140.7094394999585
qits,high,47,noisy,qits,10854,10534,0.9705177814630552,27.257926713499145,56.50949307005886,5.852222222222222,0.1619794337606837,162.8227777777778,320,320,0.0997844441340782,0.0004699441340782,1e-05,0.0010004999999999,0.0983039999999999,0.9497742942172018,0.1485520193966446,0.9183076429505236,0.9893854748603352,609,1,629992.0,40517514.65532818,22375,140.71012119996885
qits,high,48,noisy,qits,10749,10414,0.9688343101683876,27.477242173996544,57.04282696370271,5.785555555555556,0.1618640491452991,162.4922222222222,335,335,0.0997672374301675,0.0004527374301675,1e-05,0.0010004999999999,0.0983039999999999,0.9362467657993696,0.1149053338026844,0.9181904107385748,0.9905027932960894,605,0,630080.0,40513948.29633573,22375,143.69082330002857
qits,high,49,noisy,qits,10582,10245,0.968153468153468,26.73391898487067,56.288238164958514,5.691666666666666,0.1569604700854701,155.38611111111112,337,337,0.0998043324022346,0.0004898324022346,1e-05,0.0010004999999999,0.0983039999999999,0.9565613980695028,0.1251362900148236,0.9182776531964426,0.9901536312849162,604,0,630080.0,40509369.37522607,22375,147.73135859996546
qits,high,50,noisy,qits,10642,10319,0.9696485623003196,27.24624479116193,56.455276674096325,5.732777777777778,0.1586949786324786,159.68277777777777,323,323,0.0997498072625698,0.0004353072625698,1e-05,0.0010004999999999,0.0983039999999999,0.954488152788743,0.1516182469686311,0.9184572889285276,0.989804469273743,606,0,630080.0,40502312.41301881,22375,145.65225240000655
qits,high,51,noisy,qits,10590,10229,0.9659112370160527,27.391142829211063,56.68276468863037,5.682777777777778,0.1581258012820512,159.35,361,361,0.0997565111731843,0.0004420111731843,1e-05,0.0010004999999999,0.0983039999999999,0.940506521137024,0.1107129688741342,0.9183318010046309,0.99036312849162,607,0,630080.0,40507435.60626034,22375,145.35563049995835
qits,high,52,noisy,qits,10470,10166,0.9709646609360076,26.70568561872909,56.02065709226834,5.647777777777778,0.1549017094017094,153.95944444444444,304,304,0.0997625445810056,0.0004482681564245,1e-05,0.001000276424581,0.0983039999999999,0.9502823172727556,0.1465816425441573,0.9184540346369396,0.9883379888268156,604,0,630080.0,40507240.50851301,22375,144.27935010001602
qits,high,53,noisy,qits,10521,10202,0.9696796882425625,26.4241325230347,55.56351695745932,5.667777777777777,0.1540734508547009,152.6911111111111,319,319,0.0997902541899441,0.0004757541899441,1e-05,0.0010004999999999,0.0983039999999999,0.9429215729653684,0.1266901856488759,0.9182346362139868,0.9902932960893854,606,0,630080.0,40517819.895676486,22375,145.71597849997852
qits,high,54,noisy,qits,10416,10092,0.96889400921659,26.38882282996433,55.69361870788744,5.6066666666666665,0.1528998397435897,151.09444444444443,324,324,0.0997790810055865,0.0004645810055865,1e-05,0.0010004999999999,0.0983039999999999,0.960903390388471,0.1315136567809781,0.918229436386178,0.9900837988826816,601,0,630080.0,40509855.71449891,22375,152.0368584999742
qits,high,55,noisy,qits,10580,10247,0.9685255198487712,26.12023031131063,55.38694251976188,5.692777777777778,0.1546423611111111,152.1927777777778,333,333,0.0997815391061452,0.0004670391061452,1e-05,0.0010004999999999,0.0983039999999999,0.9429622757377912,0.1240897057875587,0.9182972394795132,0.9909217877094972,607,0,630080.0,40504398.177069776,22375,155.67822790001446
qits,high,56,noisy,qits,10605,10270,0.9684111268269684,27.36854917234664,57.0207400194742,5.705555555555556,0.1596025641025641,159.745,335,335,0.0997855614525139,0.0004710614525139,1e-05,0.0010004999999999,0.0983039999999999,0.952645295556794,0.1461704459077601,0.9184797403574352,0.9893156424581006,608,0,630080.0,40511211.18071858,22375,156.93285569999352
qits,high,57,noisy,qits,10687,10353,0.9687470758865911,26.59499661933739,55.93605718149329,5.751666666666667,0.1578803418803418,156.61555555555557,334,334,0.0997685782122905,0.0004540782122905,1e-05,0.0010004999999999,0.0983039999999999,0.957398292676102,0.1394982098076105,0.9183113671511484,0.9886871508379887,605,0,630080.0,40510562.27697354,22375,154.33892639997066
qits,high,58,noisy,qits,10481,10146,0.9680374010113538,27.40084762467968,56.87453183520599,5.636666666666667,0.1571220619658119,157.77722222222224,335,335,0.0997625446927374,0.0004480446927374,1e-05,0.0010004999999999,0.0983039999999999,0.960614201476456,0.1438920563157646,0.9184013297763448,0.9884078212290502,604,0,630080.0,40511179.017432615,22375,155.21781019999253
qits,high,59,noisy,qits,10729,10374,0.9669121073725416,27.024291497975707,56.35531135531136,5.763333333333334,0.1592740384615384,159.2422222222222,355,355,0.0997656729608938,0.0004516201117318,1e-05,0.001000052849162,0.0983039999999999,0.9531227335126036,0.1242832013753787,0.9181580255744208,0.9900139664804468,602,0,630080.0,40512207.992405854,22375,155.7024928000028
qits,high,60,noisy,qits,10485,10181,0.9710061993323796,27.71191435026029,57.1463510460662,5.656111111111112,0.1581362179487179,159.7627777777778,304,304,0.0997788575418994,0.0004643575418994,1e-05,0.0010004999999999,0.0983039999999999,0.9561545485985716,0.1294204948992404,0.9182681540148764,0.9900139664804468,602,0,630080.0,40507136.30627413,22375,164.37795220004045
qits,high,61,noisy,qits,10603,10266,0.9682165424879752,26.828462887200462,56.13685953633353,5.703333333333333,0.1569033119658119,156.22055555555556,337,337,0.0997507008938547,0.0004366480446927,1e-05,0.001000052849162,0.0983039999999999,0.9398910547364554,0.1320538024596528,0.918333745748806,0.9915502793296088,602,0,630080.0,40514081.77544766,22375,160.64707699998326
qits,high,62,noisy,qits,10514,10177,0.9679474985733308,26.85693229831974,56.29429104844257,5.653888888888889,0.1558803418803419,154.7288888888889,337,337,0.0997703659217877,0.0004558659217877,1e-05,0.0010004999999999,0.0983039999999999,0.9415863718957668,0.1585523739085554,0.9181784301565334,0.9891061452513966,606,0,630080.0,40514354.58894368,22375,162.02975350003908
qits,high,63,noisy,qits,10517,10193,0.9691927355709804,26.657902482095555,56.11184145982537,5.6627777777777775,0.1559927884615384,154.6977777777778,324,324,0.0997455613407821,0.0004312849162011,1e-05,0.001000276424581,0.0983039999999999,0.9474806397188268,0.1375821306093957,0.9182398186845748,0.9916899441340782,607,0,630080.0,40512640.98578507,22375,160.78051990002132
qits,high,64,noisy,qits,10373,10053,0.969150679649089,27.39381279220133,56.820252660897246,5.585,0.1556693376068376,156.5861111111111,320,320,0.0997464553072625,0.0004319553072625,1e-05,0.0010004999999999,0.0983039999999999,0.9459648442741851,0.1071853468423195,0.9183006613130286,0.9871508379888267,603,0,630080.0,40513078.27678319,22375,159.47209819999262
qits,high,65,noisy,qits,10501,10172,0.9686696505094752,27.19475029492725,56.51602438065277,5.651111111111111,0.1565651709401709,157.0961111111111,329,329,0.0997763994413407,0.0004618994413407,1e-05,0.0010004999999999,0.0983039999999999,0.9489737777169596,0.1403212986244061,0.9184285075372184,0.9912011173184356,610,0,630080.0,40503892.60577784,22375,160.3387736000186
qits,high,66,noisy,qits,10556,10234,0.9694960212201592,26.73109243697479,56.00840336134454,5.685555555555555,0.1560384615384615,155.25,322,322,0.0997726004469273,0.0004583240223463,1e-05,0.001000276424581,0.0983039999999999,0.952166487555879,0.1256183666793257,0.9183267016854488,0.9883379888268156,605,0,630080.0,40511596.49977588,22375,103.9385833000415
qits,high,67,noisy,qits,10489,10143,0.9670130613023168,26.637779749581,56.06575963718821,5.635,0.1551538461538462,153.78,346,346,0.0997860083798882,0.0004715083798882,1e-05,0.0010004999999999,0.0983039999999999,0.9510452889278892,0.1365021250573473,0.9182602891629597,0.9893854748603352,606,0,630080.0,40508686.11965548,22375,100.74708629999076
qits,high,68,noisy,qits,10531,10211,0.9696135219827176,26.75428459504456,56.32004700812849,5.672777777777778,0.1565873397435897,155.0822222222222,320,320,0.0997600865921787,0.0004455865921787,1e-05,0.0010004999999999,0.0983039999999999,0.9450636321691048,0.140017976588114,0.9182639626941989,0.9891061452513966,601,0,630080.0,40507663.35769547,22375,100.14549179997994
qits,high,69,noisy,qits,10487,10175,0.970248879565176,26.67734643734644,55.976609336609336,5.652777777777778,0.1549965277777777,154.0438888888889,312,312,0.0997848910614525,0.0004703910614525,1e-05,0.0010004999999999,0.0983039999999999,0.934980714925766,0.1508901275732964,0.9183348935622474,0.9886173184357542,603,0,630080.0,40509781.33549482,22375,100.0606923999694
qits,high,70,noisy,qits,10468,10176,0.9721054642720672,26.47120676100629,55.98299921383648,5.653333333333333,0.1549166666666666,152.6772222222222,292,292,0.0997898071508379,0.0004755307262569,1e-05,0.001000276424581,0.0983039999999999,0.947244930458402,0.1249502751427883,0.9182008366443346,0.989036312849162,608,0,630080.0,40511296.11654184,22375,100.770718999971
qits,high,71,noisy,qits,10449,10138,0.970236386257058,27.167587295324523,56.55326494377589,5.632222222222223,0.1560785256410256,156.355,311,311,0.0997542765363128,0.0004397765363128,1e-05,0.0010004999999999,0.0983039999999999,0.9535768366744608,0.1271534747916343,0.9182862586793272,0.9905027932960894,606,0,630080.0,40508331.89337008,22375,100.63006769998174
qits_noqkd,low,42,noisy,qits,3427,3353,0.9784067697694776,25.117506710408588,54.96540411571727,1.8627777777777776,0.0499105235042735,47.585,74,74,0.0998041646927374,0.0,0.0,0.0015001646927374,0.0983039999999999,0.967841821458962,0.1731873962384903,,0.9905027932960894,0,0,916480.0,0.0,22375,67.77510320000124
qits_noqkd,low,43,noisy,qits,3483,3359,0.964398507034166,24.14885382554332,53.4766299493897,1.866111111111111,0.0491514423076923,46.43222222222222,124,124,0.0998041646927374,0.0,0.0,0.0015001646927374,0.0983039999999999,0.973883935212464,0.147441346920938,,0.9893854748603352,0,0,916480.0,0.0,22375,68.45657700000038
qits_noqkd,low,44,noisy,qits,3573,3461,0.9686537923313742,24.682172782432826,54.13262062987576,1.9227777777777777,0.0509957264957265,48.58833333333333,112,112,0.0998044999999999,0.0,0.0,0.0015004999999999,0.0983039999999999,0.9529644219090104,0.2305388041049504,,0.990572625698324,0,0,916480.0,0.0,22375,67.60868009999945
qits_noqkd,low,45,noisy,qits,3427,3328,0.9711117595564632,23.428786057692307,52.82061298076923,1.8488888888888888,0.0479265491452991,44.495,99,99,0.0998041646927374,0.0,0.0,0.0015001646927374,0.0983039999999999,0.951983604526468,0.1518536126254819,,0.9909217877094972,0,0,916480.0,0.0,22375,68.35539919999815
qits_noqkd,low,46,noisy,qits,3512,3416,0.9726651480637812,23.929156908665107,53.336651053864166,1.8977777777777776,0.0494553952991453,46.29166666666666,96,96,0.0998044999999999,0.0,0.0,0.0015004999999999,0.0983039999999999,0.9646013693679472,0.1556828951527678,,0.9905027932960894,0,0,916480.0,0.0,22375,68.71657560000153
qits_noqkd,low,47,noisy,qits,3694,3593,0.9726583649160802,24.919565822432507,54.33008627887559,1.9961111111111112,0.0529492521367521,50.617777777777775,101,101,0.0998044999999999,0.0,0.0,0.0015004999999999,0.0983039999999999,0.959211179596205,0.1763735192137468,,0.9900837988826816,0,0,916480.0,0.0,22375,68.19065819999946
qits_noqkd,low,48,noisy,qits,3532,3424,0.9694224235560588,23.280081775700936,52.28709112149533,1.9022222222222225,0.0487264957264957,45.27,108,108,0.0998041646927374,0.0,0.0,0.0015001646927374,0.0983039999999999,0.96108900639459,0.1276459708051707,,0.9891061452513966,0,0,916480.0,0.0,22375,72.25316450000014
qits_noqkd,low,49,noisy,qits,3450,3341,0.9684057971014493,23.853038012571087,53.21191260101766,1.856111111111111,0.0486263354700854,45.69111111111111,109,109,0.0998041646927374,0.0,0.0,0.0015001646927374,0.0983039999999999,0.9582087750007844,0.1653442669336551,,0.9887569832402234,0,0,916480.0,0.0,22375,73.17734359999963
qits_noqkd,low,50,noisy,qits,3539,3427,0.9683526419892624,23.71812080536913,53.09892033848848,1.903888888888889,0.04961672008547,46.34222222222222,112,112,0.0998044999999999,0.0,0.0,0.0015004999999999,0.0983039999999999,0.961496627404164,0.1572225835999921,,0.9897346368715084,0,0,916480.0,0.0,22375,73.67848720000234
qits_noqkd,low,51,noisy,qits,3444,3328,0.9663182346109176,24.477463942307693,54.42217548076923,1.8488888888888888,0.0494391025641025,46.410555555555554,116,116,0.0998044999999999,0.0,0.0,0.0015004999999999,0.0983039999999999,0.9761504823524114,0.1514058657212519,,0.9893854748603352,0,0,916480.0,0.0,22375,73.55901079999899
qits_noqkd,low,52,noisy,qits,3570,3462,0.969747899159664,24.294338532640094,53.63229347198151,1.923333333333333,0.0505507478632478,47.833333333333336,108,108,0.0998041646927374,0.0,0.0,0.0015001646927374,0.0983039999999999,0.9694044112236928,0.1490618280271876,,0.9902932960893854,0,0,916480.0,0.0,22375,71.793087500002
qits_noqkd,low,53,noisy,qits,3412,3306,0.9689331770222744,23.658499697519662,53.28221415607985,1.836666666666667,0.0479834401709401,44.48888888888889,106,106,0.0998041646927374,0.0,0.0,0.0015001646927374,0.0983039999999999,0.9697072269054772,0.1481740423926723,,0.9919692737430168,0,0,916480.0,0.0,22375,72.64748860000032
qits_noqkd,low,54,noisy,qits,3486,3389,0.972174411933448,24.24815579817055,53.57598111537327,1.8827777777777777,0.0493162393162393,46.6,97,97,0.0998041646927374,0.0,0.0,0.0015001646927374,0.0983039999999999,0.9709598679252612,0.1542534745961027,,0.9897346368715084,0,0,916480.0,0.0,22375,67.65473710000128
qits_noqkd,low,55,noisy,qits,3579,3464,0.9678681195864768,23.774538106235564,53.04474595842956,1.9244444444444444,0.0501936431623931,47.08,115,115,0.0998044999999999,0.0,0.0,0.0015004999999999,0.0983039999999999,0.9588759464667777,0.1436593654619142,,0.9905027932960894,0,0,916480.0,0.0,22375,67.74502119999988
qits_noqkd,low,56,noisy,qits,3570,3448,0.9658263305322128,24.080916473317867,53.23868909512761,1.915555555555556,0.0500539529914529,47.29333333333334,122,122,0.0998044999999999,0.0,0.0,0.0015004999999999,0.0983039999999999,0.9689110011754422,0.1649497093081906,,0.9896648044692736,0,0,916480.0,0.0,22375,67.99656870000058
qits_noqkd,low,57,noisy,qits,3509,3409,0.9715018523795952,24.169844529187444,53.60252273393957,1.893888888888889,0.0495520833333333,46.57611111111111,100,100,0.0998044999999999,0.0,0.0,0.0015004999999999,0.0983039999999999,0.966464422799464,0.2003425155216306,,0.9896648044692736,0,0,916480.0,0.0,22375,68.22720360000085
qits_noqkd,low,58,noisy,qits,3531,3438,0.973661852166525,23.97236765561373,53.58726003490401,1.91,0.0501306089743589,46.94,93,93,0.0998044999999999,0.0,0.0,0.0015004999999999,0.0983039999999999,0.9692062861485032,0.1516633920595314,,0.988268156424581,0,0,916480.0,0.0,22375,67.87664679999716
qits_noqkd,low,59,noisy,qits,3588,3465,0.9657190635451504,23.305050505050502,52.3982683982684,1.925,0.0495526175213675,46.02555555555556,123,123,0.0998044999999999,0.0,0.0,0.0015004999999999,0.0983039999999999,0.9558096425829328,0.1484443143404371,,0.9899441340782122,0,0,916480.0,0.0,22375,66.30141190000222
qits_noqkd,low,60,noisy,qits,3473,3363,0.9683270947307804,23.380612548319952,52.6402022004163,1.8683333333333327,0.0482027243589743,44.82,110,110,0.0998044999999999,0.0,0.0,0.0015004999999999,0.0983039999999999,0.9659148044526392,0.1613679479176399,,0.988826815642458,0,0,916480.0,0.0,22375,66.73523009999849
qits_noqkd,low,61,noisy,qits,3575,3480,0.9734265734265736,24.01609195402299,53.25057471264368,1.933333333333333,0.0503798076923077,47.498333333333335,95,95,0.0998044999999999,0.0,0.0,0.0015004999999999,0.0983039999999999,0.9681362389967184,0.1429112012709595,,0.9884078212290502,0,0,916480.0,0.0,22375,65.91693529999975
qits_noqkd,low,62,noisy,qits,3460,3365,0.972543352601156,23.91292719167905,53.49034175334324,1.8694444444444445,0.0489097222222222,45.64222222222222,95,95,0.0998038293854748,0.0,0.0,0.0014998293854748,0.0983039999999999,0.9634817253006764,0.1497656263758388,,0.9908519553072626,0,0,916480.0,0.0,22375,66.59994480000205
qits_noqkd,low,63,noisy,qits,3529,3407,0.96542930008501,23.850014675667744,53.34693278544174,1.8927777777777777,0.0497401175213675,46.50222222222222,122,122,0.0998044999999999,0.0,0.0,0.0015004999999999,0.0983039999999999,0.9528599206815171,0.1834012360054391,,0.9896648044692736,0,0,916480.0,0.0,22375,66.17385599999989
qits_noqkd,low,64,noisy,qits,3454,3353,0.9707585408222352,25.17297942141366,54.98031613480465,1.8627777777777776,0.0502347756410256,48.09388888888889,101,101,0.0998044999999999,0.0,0.0,0.0015004999999999,0.0983039999999999,0.955750036955598,0.1721196063080923,,0.9900139664804468,0,0,916480.0,0.0,22375,65.88171239999929
qits_noqkd,low,65,noisy,qits,3517,3409,0.9692920102359964,24.37987679671458,54.0425344675858,1.893888888888889,0.0501589209401709,47.257777777777775,108,108,0.0998044999999999,0.0,0.0,0.0015004999999999,0.0983039999999999,0.968552198750765,0.1524141510330638,,0.9914106145251396,0,0,916480.0,0.0,22375,66.28069900000105
qits_noqkd,low,66,noisy,qits,3571,3469,0.9714365723886866,24.45459786682041,54.02392620351687,1.9272222222222224,0.0510408653846153,48.36666666666667,102,102,0.0998044999999999,0.0,0.0,0.0015004999999999,0.0983039999999999,0.9691897830004168,0.1953060904393924,,0.989804469273743,0,0,916480.0,0.0,22375,60.96050109999942
qits_noqkd,low,67,noisy,qits,3513,3405,0.9692570452604612,24.217033773861967,53.42584434654919,1.8916666666666664,0.0495296474358974,46.87888888888889,108,108,0.0998044999999999,0.0,0.0,0.0015004999999999,0.0983039999999999,0.9634391809120214,0.1806007870549026,,0.9902932960893854,0,0,916480.0,0.0,22375,61.58535590000111
qits_noqkd,low,68,noisy,qits,3470,3367,0.9703170028818444,24.353430353430355,53.63528363528364,1.8705555555555555,0.0491447649572649,46.58833333333333,103,103,0.0998044999999999,0.0,0.0,0.0015004999999999,0.0983039999999999,0.9644492016130972,0.1805950576364326,,0.990572625698324,0,0,916480.0,0.0,22375,61.56192140000076
qits_noqkd,low,69,noisy,qits,3470,3364,0.9694524495677234,23.62604042806183,52.99583828775268,1.8688888888888888,0.0486650641025641,45.36666666666667,106,106,0.0998044999999999,0.0,0.0,0.0015004999999999,0.0983039999999999,0.9646069030417244,0.1771675533520573,,0.9910614525139664,0,0,916480.0,0.0,22375,62.06222660000026
qits_noqkd,low,70,noisy,qits,3506,3393,0.9677695379349688,23.439434129089303,52.727969348659,1.885,0.0487737713675213,45.227222222222224,113,113,0.0998044999999999,0.0,0.0,0.0015004999999999,0.0983039999999999,0.9630914082231212,0.1720398874397911,,0.9901536312849162,0,0,916480.0,0.0,22375,60.89091599999847
qits_noqkd,low,71,noisy,qits,3479,3381,0.971830985915493,24.006211180124225,53.14315291333925,1.8783333333333327,0.049079594017094,46.41833333333334,98,98,0.0998044999999999,0.0,0.0,0.0015004999999999,0.0983039999999999,0.9687366340668112,0.1589834850405221,,0.9899441340782122,0,0,916480.0,0.0,22375,61.69918039999857
qits_noqkd,medium,42,noisy,qits,6998,6801,0.9718490997427836,24.379944125863844,53.59329510366123,3.778333333333333,0.0991442307692307,94.22555555555556,197,197,0.0998041646927374,0.0,0.0,0.0015001646927374,0.0983039999999999,0.9623724777312948,0.1429336608121857,,0.9905027932960894,0,0,916480.0,0.0,22375,59.73428259999832
qits_noqkd,medium,43,noisy,qits,7021,6827,0.9723686084603332,25.084077925882525,54.49201699135784,3.792777777777778,0.1011463675213675,97.16777777777776,194,194,0.0998041646927374,0.0,0.0,0.0015001646927374,0.0983039999999999,0.9544043670949957,0.1460658074745193,,0.9893854748603352,0,0,916480.0,0.0,22375,59.60330490000024
qits_noqkd,medium,44,noisy,qits,7029,6829,0.97154645041969,25.02255088592766,54.40079074535071,3.793888888888889,0.1009329594017094,96.83277777777778,200,200,0.0998044999999999,0.0,0.0,0.0015004999999999,0.0983039999999999,0.9570607479943462,0.1142666954956871,,0.990572625698324,0,0,916480.0,0.0,22375,60.16611540000076
qits_noqkd,medium,45,noisy,qits,6986,6809,0.974663612940166,24.710677045087383,54.11998825084447,3.7827777777777776,0.0999991987179487,95.30888888888887,177,177,0.0998041646927374,0.0,0.0,0.0015001646927374,0.0983039999999999,0.95890690944996,0.1383556990095998,,0.9909217877094972,0,0,916480.0,0.0,22375,60.246217900001966
qits_noqkd,medium,46,noisy,qits,6890,6696,0.971843251088534,24.83273596176822,54.30704898446834,3.72,0.0988448183760683,94.265,194,194,0.0998044999999999,0.0,0.0,0.0015004999999999,0.0983039999999999,0.9455816030227272,0.1456634757517917,,0.9905027932960894,0,0,916480.0,0.0,22375,59.6304458000011
qits_noqkd,medium,47,noisy,qits,7265,7044,0.9695801789401238,25.84596819988643,55.27924474730267,3.9133333333333336,0.1059933226495726,103.365,221,221,0.0998044999999999,0.0,0.0,0.0015004999999999,0.0983039999999999,0.94032835796055,0.1412457949984505,,0.9900837988826816,0,0,916480.0,0.0,22375,60.53440159999968
qits_noqkd,medium,48,noisy,qits,7135,6910,0.9684653118430272,24.739363241678728,53.97930535455861,3.838888888888889,0.1017195512820512,97.41388888888888,225,225,0.0998041646927374,0.0,0.0,0.0015001646927374,0.0983039999999999,0.9555992749559952,0.1333630916859277,,0.9891061452513966,0,0,916480.0,0.0,22375,60.18540899999834
qits_noqkd,medium,49,noisy,qits,6973,6754,0.96859314498781,24.52976014213799,53.87059520284276,3.752222222222222,0.0992059294871794,94.44833333333334,219,219,0.0998041646927374,0.0,0.0,0.0015001646927374,0.0983039999999999,0.9576973318656332,0.1669897443364242,,0.9887569832402234,0,0,916480.0,0.0,22375,60.213432799999055
qits_noqkd,medium,50,noisy,qits,7073,6874,0.971864838116782,24.254873436136165,53.37212685481524,3.818888888888889,0.0999815705128205,94.93388888888887,199,199,0.0998044999999999,0.0,0.0,0.0015004999999999,0.0983039999999999,0.9548256046454074,0.1370817251575153,,0.9897346368715084,0,0,916480.0,0.0,22375,59.00335260000065
qits_noqkd,medium,51,noisy,qits,6998,6797,0.9712775078593884,24.66014418125644,53.86832426070325,3.776111111111111,0.0994118589743589,94.82388888888887,201,201,0.0998044999999999,0.0,0.0,0.0015004999999999,0.0983039999999999,0.965742549980271,0.1288467919531152,,0.9893854748603352,0,0,916480.0,0.0,22375,59.6269391000003
qits_noqkd,medium,52,noisy,qits,7057,6853,0.9710925322374948,25.29563694732234,54.79162410623085,3.8072222222222223,0.1022895299145299,98.60444444444444,204,204,0.0998041646927374,0.0,0.0,0.0015001646927374,0.0983039999999999,0.9463794661085136,0.1363614503285571,,0.9902932960893854,0,0,916480.0,0.0,22375,60.504360499999166
qits_noqkd,medium,53,noisy,qits,7000,6789,0.9698571428571428,25.12623361319782,54.695242303726616,3.7716666666666665,0.100951923076923,96.79277777777776,211,211,0.0998041646927374,0.0,0.0,0.0015001646927374,0.0983039999999999,0.9513655104057556,0.1239772020774306,,0.9919692737430168,0,0,916480.0,0.0,22375,60.3707075000018
qits_noqkd,medium,54,noisy,qits,6938,6720,0.9685788411646008,24.325892857142858,53.44136904761905,3.733333333333333,0.0980841346153846,93.29722222222222,218,218,0.0998041646927374,0.0,0.0,0.0015001646927374,0.0983039999999999,0.9515748054926692,0.1433065641477453,,0.9897346368715084,0,0,916480.0,0.0,22375,59.38624850000042
qits_noqkd,medium,55,noisy,qits,7076,6850,0.9680610514414923,25.44248175182482,54.95372262773723,3.8055555555555554,0.1026741452991453,99.23944444444444,226,226,0.0998044999999999,0.0,0.0,0.0015004999999999,0.0983039999999999,0.9510988803951664,0.1228790192563238,,0.9905027932960894,0,0,916480.0,0.0,22375,60.652759000002334
qits_noqkd,medium,56,noisy,qits,7107,6893,0.9698888419867736,24.69113593500653,53.99506745974177,3.829444444444445,0.1013883547008547,96.9,214,214,0.0998044999999999,0.0,0.0,0.0015004999999999,0.0983039999999999,0.956845352743409,0.1390459011795607,,0.9896648044692736,0,0,916480.0,0.0,22375,60.1766706999997
qits_noqkd,medium,57,noisy,qits,7139,6928,0.970444039781482,24.73657621247113,54.17422055427252,3.848888888888889,0.1021391559829059,97.30166666666666,211,211,0.0998044999999999,0.0,0.0,0.0015004999999999,0.0983039999999999,0.967089508268799,0.1284517166790556,,0.9896648044692736,0,0,916480.0,0.0,22375,61.2396108000014
qits_noqkd,medium,58,noisy,qits,7042,6811,0.967196819085487,25.30436059315813,54.89179268829834,3.783888888888889,0.1016551816239316,97.78611111111113,231,231,0.0998044999999999,0.0,0.0,0.0015004999999999,0.0983039999999999,0.9584239585713832,0.1661265714213567,,0.988268156424581,0,0,916480.0,0.0,22375,59.95504500000197
qits_noqkd,medium,59,noisy,qits,7253,7033,0.9696677237005376,25.1454571306697,54.61225650504763,3.9072222222222224,0.104517094017094,100.42444444444445,220,220,0.0998044999999999,0.0,0.0,0.0015004999999999,0.0983039999999999,0.9633413682277676,0.1551742063519531,,0.9899441340782122,0,0,916480.0,0.0,22375,60.21364460000177
qits_noqkd,medium,60,noisy,qits,6955,6723,0.9666427030913012,25.024988844265952,54.50944518816005,3.735,0.0998149038461538,95.54722222222222,232,232,0.0998044999999999,0.0,0.0,0.0015004999999999,0.0983039999999999,0.9617277953991568,0.1291734668647715,,0.988826815642458,0,0,916480.0,0.0,22375,60.25510429999986
qits_noqkd,medium,61,noisy,qits,7109,6896,0.97003798002532,25.092082366589327,54.57816125290023,3.831111111111111,0.1023862179487179,98.25166666666668,213,213,0.0998044999999999,0.0,0.0,0.0015004999999999,0.0983039999999999,0.946253068866357,0.118732830828319,,0.9884078212290502,0,0,916480.0,0.0,22375,61.45999359999769
qits_noqkd,medium,62,noisy,qits,7024,6814,0.9701025056947608,24.891400058702672,54.34253008511888,3.7855555555555553,0.1007540064102564,96.33611111111112,210,210,0.0998038293854748,0.0,0.0,0.0014998293854748,0.0983039999999999,0.9478251016896948,0.1457072211154889,,0.9908519553072626,0,0,916480.0,0.0,22375,60.207169599998
qits_noqkd,medium,63,noisy,qits,6988,6762,0.9676588437321122,25.33762200532387,55.05427388346643,3.756666666666667,0.1017184829059829,97.82,226,226,0.0998044999999999,0.0,0.0,0.0015004999999999,0.0983039999999999,0.9547471127828266,0.1306913557692668,,0.9896648044692736,0,0,916480.0,0.0,22375,59.91192840000258
qits_noqkd,medium,64,noisy,qits,6844,6655,0.972384570426651,24.83365890308039,53.953418482344105,3.6972222222222224,0.0975293803418803,93.60444444444444,189,189,0.0998044999999999,0.0,0.0,0.0015004999999999,0.0983039999999999,0.965402340474527,0.1867147500120128,,0.9900139664804468,0,0,916480.0,0.0,22375,60.98747479999975
qits_noqkd,medium,65,noisy,qits,7034,6828,0.9707136764287744,25.08787346221441,54.613356766256594,3.793333333333333,0.1014586004273504,97.27722222222222,206,206,0.0998044999999999,0.0,0.0,0.0015004999999999,0.0983039999999999,0.939710063272685,0.1231403335032067,,0.9914106145251396,0,0,916480.0,0.0,22375,61.36150470000439
qits_noqkd,medium,66,noisy,qits,7054,6824,0.9673943861638786,25.05495310668229,54.32693434935522,3.7911111111111113,0.1009805021367521,97.22555555555556,230,230,0.0998044999999999,0.0,0.0,0.0015004999999999,0.0983039999999999,0.9534286958244068,0.1687375966461227,,0.989804469273743,0,0,916480.0,0.0,22375,61.49053860000368
qits_noqkd,medium,67,noisy,qits,6916,6683,0.96631000578369,25.178811910818496,54.72961244949873,3.7127777777777777,0.099855235042735,95.93277777777776,233,233,0.0998044999999999,0.0,0.0,0.0015004999999999,0.0983039999999999,0.9590278351409596,0.1248527297813197,,0.9902932960893854,0,0,916480.0,0.0,22375,60.95726740000009
qits_noqkd,medium,68,noisy,qits,7108,6875,0.967220033764772,24.671418181818183,54.02763636363636,3.8194444444444446,0.1012037927350427,96.47722222222222,233,233,0.0998044999999999,0.0,0.0,0.0015004999999999,0.0983039999999999,0.9618192979324496,0.1398211129645591,,0.990572625698324,0,0,916480.0,0.0,22375,61.30919729999687
qits_noqkd,medium,69,noisy,qits,6996,6778,0.968839336763865,24.984656240778992,54.35733254647389,3.765555555555556,0.1003440170940171,96.27166666666666,218,218,0.0998044999999999,0.0,0.0,0.0015004999999999,0.0983039999999999,0.95118353643852,0.127983281571448,,0.9910614525139664,0,0,916480.0,0.0,22375,61.94850089999818
qits_noqkd,medium,70,noisy,qits,7024,6795,0.9673974943052392,24.81103752759381,54.17615894039735,3.775,0.1002905982905982,95.91666666666669,229,229,0.0998044999999999,0.0,0.0,0.0015004999999999,0.0983039999999999,0.9492180058983042,0.1294275341312372,,0.9901536312849162,0,0,916480.0,0.0,22375,61.35189540000056
qits_noqkd,medium,71,noisy,qits,7088,6899,0.9733352144469526,24.608349036092186,54.03870126105232,3.832777777777778,0.1011891025641025,96.20944444444444,189,189,0.0998044999999999,0.0,0.0,0.0015004999999999,0.0983039999999999,0.9449493355403852,0.1424184379714273,,0.9899441340782122,0,0,916480.0,0.0,22375,61.67426110000088
qits_noqkd,high,42,noisy,qits,10450,10105,0.9669856459330144,27.09717961405245,56.57961405244928,5.613888888888889,0.1558899572649572,155.61277777777778,345,345,0.0998041646927374,0.0,0.0,0.0015001646927374,0.0983039999999999,0.9440634415623868,0.1159107259766256,,0.9905027932960894,0,0,916480.0,0.0,22375,60.85306180000225
qits_noqkd,high,43,noisy,qits,10483,10128,0.9661356481923112,27.1995458135861,56.58422195892575,5.626666666666667,0.1562481303418803,156.51444444444445,355,355,0.0998041646927374,0.0,0.0,0.0015001646927374,0.0983039999999999,0.9607319436546816,0.1248251621616469,,0.9893854748603352,0,0,916480.0,0.0,22375,61.57372260000102
qits_noqkd,high,44,noisy,qits,10553,10214,0.9678764332417322,26.957705110632464,56.34012140199726,5.674444444444444,0.1568795405982906,156.66222222222223,339,339,0.0998044999999999,0.0,0.0,0.0015004999999999,0.0983039999999999,0.9432633661114628,0.1112577538601933,,0.990572625698324,0,0,916480.0,0.0,22375,60.682398499998726
qits_noqkd,high,45,noisy,qits,10481,10179,0.9711859555385935,27.128598094115336,56.58532272325376,5.655,0.1563018162393162,156.0261111111111,302,302,0.0998041646927374,0.0,0.0,0.0015001646927374,0.0983039999999999,0.958422605224693,0.1351348372842442,,0.9909217877094972,0,0,916480.0,0.0,22375,61.22147569999697
qits_noqkd,high,46,noisy,qits,10468,10125,0.9672334734428736,27.22607407407408,56.60523456790124,5.625,0.1559975961538461,156.40555555555557,343,343,0.0998044999999999,0.0,0.0,0.0015004999999999,0.0983039999999999,0.9341409341379764,0.1372326907692883,,0.9905027932960894,0,0,916480.0,0.0,22375,60.56582259999459
qits_noqkd,high,47,noisy,qits,10854,10532,0.9703335175971992,27.53142802886441,56.779434105582986,5.851111111111111,0.16278125,164.6377777777778,322,322,0.0998044999999999,0.0,0.0,0.0015004999999999,0.0983039999999999,0.9532333464215988,0.1634282052108359,,0.9900837988826816,0,0,916480.0,0.0,22375,60.61351290000039
qits_noqkd,high,48,noisy,qits,10749,10432,0.9705088845473998,27.461177147239265,57.05320168711656,5.795555555555556,0.161761485042735,162.15833333333333,317,317,0.0998041646927374,0.0,0.0,0.0015001646927374,0.0983039999999999,0.9441688371157408,0.1375633438615856,,0.9891061452513966,0,0,916480.0,0.0,22375,60.542950100003054
qits_noqkd,high,49,noisy,qits,10582,10235,0.9672084672084672,26.72017586712262,56.26897899364924,5.686111111111111,0.1569097222222222,155.34055555555557,347,347,0.0998041646927374,0.0,0.0,0.0015001646927374,0.0983039999999999,0.9494950963700672,0.1293791055586502,,0.9887569832402234,0,0,916480.0,0.0,22375,61.43198779999784
qits_noqkd,high,50,noisy,qits,10642,10311,0.968896823905281,26.0099893317816,55.21995926680244,5.7283333333333335,0.1552737713675213,152.54111111111112,331,331,0.0998044999999999,0.0,0.0,0.0015004999999999,0.0983039999999999,0.9568158017049724,0.1246107634959996,,0.9897346368715084,0,0,916480.0,0.0,22375,60.49774209999623
qits_noqkd,high,51,noisy,qits,10590,10208,0.9639282341831916,26.979721786833856,56.26655564263323,5.671111111111111,0.1570368589743589,157.06833333333333,382,382,0.0998044999999999,0.0,0.0,0.0015004999999999,0.0983039999999999,0.944051750171734,0.1324982562438947,,0.9893854748603352,0,0,916480.0,0.0,22375,60.387710000000425
qits_noqkd,high,52,noisy,qits,10470,10167,0.9710601719197708,26.763450378676108,56.08104652306482,5.648333333333333,0.1550606303418803,154.3188888888889,303,303,0.0998041646927374,0.0,0.0,0.0015001646927374,0.0983039999999999,0.948162886170449,0.1416625514001926,,0.9902932960893854,0,0,916480.0,0.0,22375,60.856566599999496
qits_noqkd,high,53,noisy,qits,10521,10211,0.9705351202357192,26.68925668396827,55.825678190187055,5.672777777777778,0.154846688034188,154.215,310,310,0.0998041646927374,0.0,0.0,0.0015001646927374,0.0983039999999999,0.9621425406863008,0.1273973177904354,,0.9919692737430168,0,0,916480.0,0.0,22375,61.363401399997656
qits_noqkd,high,54,noisy,qits,10416,10078,0.9675499231950844,26.359396705695573,55.6485413772574,5.598888888888889,0.1528474893162393,151.03944444444446,338,338,0.0998041646927374,0.0,0.0,0.0015001646927374,0.0983039999999999,0.953613166147691,0.1279588616165459,,0.9897346368715084,0,0,916480.0,0.0,22375,61.88262190000296
qits_noqkd,high,55,noisy,qits,10580,10244,0.968241965973535,26.59527528309254,55.86665365091761,5.691111111111111,0.1559017094017094,154.8238888888889,336,336,0.0998044999999999,0.0,0.0,0.0015004999999999,0.0983039999999999,0.9461823249433188,0.1211540653980838,,0.9905027932960894,0,0,916480.0,0.0,22375,61.13008620000255
qits_noqkd,high,56,noisy,qits,10605,10272,0.9685997171145686,27.42922507788162,57.08654595015577,5.706666666666667,0.1597102029914529,159.9661111111111,333,333,0.0998044999999999,0.0,0.0,0.0015004999999999,0.0983039999999999,0.9346962792592116,0.1378398010789279,,0.9896648044692736,0,0,916480.0,0.0,22375,61.50706130000208
qits_noqkd,high,57,noisy,qits,10687,10358,0.9692149340320017,26.560822552616337,55.92170303147326,5.754444444444444,0.1577021901709402,156.2138888888889,329,329,0.0998044999999999,0.0,0.0,0.0015004999999999,0.0983039999999999,0.9471790011569692,0.1231699402486909,,0.9896648044692736,0,0,916480.0,0.0,22375,61.88114420000284
qits_noqkd,high,58,noisy,qits,10481,10149,0.9683236332411028,27.56133609222584,57.0310375406444,5.638333333333334,0.1574994658119658,158.60333333333332,332,332,0.0998044999999999,0.0,0.0,0.0015004999999999,0.0983039999999999,0.9483462228758416,0.1363857598587511,,0.988268156424581,0,0,916480.0,0.0,22375,61.53369939999993
qits_noqkd,high,59,noisy,qits,10729,10376,0.9670985180352316,26.885890516576715,56.225134926754045,5.764444444444444,0.1589054487179487,158.3622222222222,353,353,0.0998044999999999,0.0,0.0,0.0015004999999999,0.0983039999999999,0.941914234745378,0.1254236944290697,,0.9899441340782122,0,0,916480.0,0.0,22375,60.83005579999645
qits_noqkd,high,60,noisy,qits,10485,10193,0.972150691463996,27.242617482586088,56.67772000392426,5.6627777777777775,0.1568816773504273,157.145,292,292,0.0998044999999999,0.0,0.0,0.0015004999999999,0.0983039999999999,0.9458157176809732,0.1163609377846436,,0.988826815642458,0,0,916480.0,0.0,22375,59.72861289999901
qits_noqkd,high,61,noisy,qits,10603,10257,0.9673677261152503,26.74085990055572,56.047674758701376,5.698333333333333,0.1566330128205128,155.845,346,346,0.0998044999999999,0.0,0.0,0.0015004999999999,0.0983039999999999,0.9487490017633652,0.1366576992358899,,0.9884078212290502,0,0,916480.0,0.0,22375,58.42324979999785
qits_noqkd,high,62,noisy,qits,10514,10175,0.9677572760129352,26.265257985257985,55.71469287469287,5.652777777777778,0.154292735042735,151.5211111111111,339,339,0.0998038293854748,0.0,0.0,0.0014998293854748,0.0983039999999999,0.9497349367165888,0.1353982657550977,,0.9908519553072626,0,0,916480.0,0.0,22375,58.167311799997606
qits_noqkd,high,63,noisy,qits,10517,10198,0.9696681563183416,27.29044910766817,56.7558344773485,5.665555555555556,0.1576258012820512,158.09166666666667,319,319,0.0998044999999999,0.0,0.0,0.0015004999999999,0.0983039999999999,0.9469032803718082,0.1329393055797213,,0.9896648044692736,0,0,916480.0,0.0,22375,57.59073679999528
qits_noqkd,high,64,noisy,qits,10373,10056,0.9694398920273788,27.29295942720764,56.722553699284006,5.586666666666667,0.1553824786324786,155.9127777777778,317,317,0.0998044999999999,0.0,0.0,0.0015004999999999,0.0983039999999999,0.9487318351329488,0.1330084091771947,,0.9900139664804468,0,0,916480.0,0.0,22375,58.54701159999741
qits_noqkd,high,65,noisy,qits,10501,10189,0.9702885439481954,26.890764550004903,56.211797036019234,5.660555555555556,0.1557865918803418,155.29888888888888,312,312,0.0998044999999999,0.0,0.0,0.0015004999999999,0.0983039999999999,0.9444630615535476,0.1086650529992447,,0.9914106145251396,0,0,916480.0,0.0,22375,58.11106330000075
qits_noqkd,high,66,noisy,qits,10556,10249,0.9709170140204624,26.51848960874232,55.79197970533711,5.693888888888889,0.1554444444444444,153.915,307,307,0.0998044999999999,0.0,0.0,0.0015004999999999,0.0983039999999999,0.9553757085289736,0.1177842401833284,,0.989804469273743,0,0,916480.0,0.0,22375,59.660098399996514
qits_noqkd,high,67,noisy,qits,10489,10163,0.9689198207646106,26.311226999901603,55.75922463839417,5.646111111111111,0.1542110042735043,151.80833333333334,326,326,0.0998044999999999,0.0,0.0,0.0015004999999999,0.0983039999999999,0.9601588411379178,0.1544261022438214,,0.9902932960893854,0,0,916480.0,0.0,22375,59.60473409999986
qits_noqkd,high,68,noisy,qits,10531,10211,0.9696135219827176,27.24698854176868,56.82293604935853,5.672777777777778,0.1579564636752136,157.9688888888889,320,320,0.0998044999999999,0.0,0.0,0.0015004999999999,0.0983039999999999,0.9445124143580628,0.13062981827562,,0.990572625698324,0,0,916480.0,0.0,22375,60.40366260000246
qits_noqkd,high,69,noisy,qits,10487,10172,0.9699628110994564,26.36010617381046,55.65070782540307,5.651111111111111,0.1541322115384615,152.25833333333333,315,315,0.0998044999999999,0.0,0.0,0.0015004999999999,0.0983039999999999,0.9491929523605808,0.1090559333338267,,0.9910614525139664,0,0,916480.0,0.0,22375,59.603649099996346
qits_noqkd,high,70,noisy,qits,10468,10156,0.9701948796331678,27.407148483654986,56.91561638440331,5.642222222222222,0.1574532585470085,158.15944444444443,312,312,0.0998044999999999,0.0,0.0,0.0015004999999999,0.0983039999999999,0.9384303785614312,0.1382606923017724,,0.9901536312849162,0,0,916480.0,0.0,22375,60.594807300002685
qits_noqkd,high,71,noisy,qits,10449,10138,0.970236386257058,26.65614519629118,56.03945551390807,5.632222222222223,0.1547337072649572,153.5388888888889,311,311,0.0998044999999999,0.0,0.0,0.0015004999999999,0.0983039999999999,0.9469121956881644,0.1048060011486908,,0.9899441340782122,0,0,916480.0,0.0,22375,59.854742000006354
qits_nocons,low,42,noisy,qits,3427,3344,0.9757805660927924,24.581638755980865,54.38068181818182,1.8577777777777773,0.0495106837606837,46.79166666666666,83,83,0.0987676312849162,0.0004536312849162,1e-05,0.0,0.0983039999999999,0.9624184306704516,0.1401106697855691,0.9181757899090042,1.0,603,0,0.0,40515265.652570754,22375,64.1323220000013
qits_nocons,low,43,noisy,qits,3483,3356,0.963537180591444,23.63051251489869,52.905840286054826,1.8644444444444443,0.0486896367521367,45.54444444444445,127,127,0.0987714301675977,0.0004574301675977,1e-05,0.0,0.0983039999999999,0.9553238124835446,0.1538594795151053,0.918377907332641,1.0,605,0,0.0,40509444.753331065,22375,63.78339409999808
qits_nocons,low,44,noisy,qits,3573,3460,0.96837391547719,24.35838150289017,53.79884393063584,1.9222222222222225,0.0506821581196581,48.01222222222222,113,113,0.0987948938547486,0.0004808938547486,1e-05,0.0,0.0983039999999999,0.9809333617071164,0.176378135163409,0.918227677893807,1.0,603,0,0.0,40513459.80150887,22375,63.25379699999894
qits_nocons,low,45,noisy,qits,3427,3325,0.9702363583309016,23.982857142857146,53.37233082706767,1.8472222222222223,0.0483923611111111,45.513333333333335,102,102,0.0987971284916201,0.0004831284916201,1e-05,0.0,0.0983039999999999,0.9509656421045862,0.1811863195934198,0.9183483151066508,1.0,605,0,0.0,40509930.30935661,22375,63.735209500001474
qits_nocons,low,46,noisy,qits,3512,3414,0.9720956719817768,23.45196250732279,52.84387814879906,1.8966666666666667,0.0490112179487179,45.44444444444444,98,98,0.0987564581005586,0.0004424581005586,1e-05,0.0,0.0983039999999999,0.9648664924927324,0.1317221861887614,0.918345827976804,1.0,606,1,0.0,40514177.03065901,22375,64.06965710000077
qits_nocons,low,47,noisy,qits,3694,3594,0.9729290741743368,23.28575403450195,52.69254312743461,1.9966666666666664,0.0513782051282051,47.35944444444444,100,100,0.0987506480446927,0.0004366480446927,1e-05,0.0,0.0983039999999999,0.9611358360653528,0.1539868859292862,0.9181727262816592,1.0,603,0,0.0,40510886.98463865,22375,64.84329090000347
qits_nocons,low,48,noisy,qits,3532,3417,0.967440543601359,23.44776119402985,52.4486391571554,1.8983333333333328,0.0488952991452991,45.73,115,115,0.0987872960893854,0.0004732960893854,1e-05,0.0,0.0983039999999999,0.9644965824853616,0.1360268502194344,0.9181982365376672,1.0,604,0,0.0,40515309.280696735,22375,63.74845160000223
qits_nocons,low,49,noisy,qits,3450,3343,0.9689855072463768,22.989829494466047,52.37421477714628,1.8572222222222223,0.0477705662393162,43.92388888888889,107,107,0.0987779106145251,0.0004639106145251,1e-05,0.0,0.0983039999999999,0.9475727214650423,0.1574473503548025,0.9182762499989792,1.0,605,0,0.0,40513491.442387216,22375,63.56834779999781
qits_nocons,low,50,noisy,qits,3539,3428,0.9686352076857868,24.078471411901983,53.46236872812136,1.9044444444444444,0.0499778311965812,47.092777777777776,111,111,0.0987895307262569,0.0004755307262569,1e-05,0.0,0.0983039999999999,0.960008528146014,0.1704397917655467,0.9183311753060854,1.0,606,0,0.0,40511720.92190446,22375,63.3620213999975
qits_nocons,low,51,noisy,qits,3444,3321,0.9642857142857144,24.33905450165613,54.27461607949413,1.845,0.0493191773504273,46.18944444444445,123,123,0.0987861787709497,0.0004721787709497,1e-05,0.0,0.0983039999999999,0.9382253099040012,0.1527425265283383,0.9183466052787456,1.0,607,0,0.0,40506448.85850454,22375,63.75072039999486
qits_nocons,low,52,noisy,qits,3570,3457,0.9683473389355742,24.01417413942725,53.31588082152155,1.920555555555556,0.0503309294871794,47.391666666666666,113,113,0.0987964581005586,0.0004824581005586,1e-05,0.0,0.0983039999999999,0.9566583233678791,0.170173784677062,0.9182285169916208,1.0,606,0,0.0,40510164.46440153,22375,63.56318160000046
qits_nocons,low,53,noisy,qits,3412,3306,0.9689331770222744,24.69540229885057,54.31427707199032,1.836666666666667,0.0488944978632478,46.43111111111112,106,106,0.0987841675977653,0.0004701675977653,1e-05,0.0,0.0983039999999999,0.9608392165178836,0.1964937857047275,0.9182738391950648,1.0,603,0,0.0,40511499.4900919,22375,63.35700319999569
qits_nocons,low,54,noisy,qits,3486,3385,0.9710269650028688,24.52525849335303,53.84047267355982,1.8805555555555555,0.0496095085470085,47.20333333333333,101,101,0.0987993631284916,0.0004853631284916,1e-05,0.0,0.0983039999999999,0.953477809918552,0.1528942120776106,0.9182390401841732,1.0,606,0,0.0,40512520.83191174,22375,64.46858450000718
qits_nocons,low,55,noisy,qits,3579,3466,0.9684269348980162,23.294864396999422,52.58511252163878,1.925555555555556,0.0497286324786324,46.06777777777778,113,113,0.0987649497206703,0.0004509497206703,1e-05,0.0,0.0983039999999999,0.9475182616284012,0.1272626823447255,0.918237640052556,1.0,605,0,0.0,40507381.92771285,22375,64.2930596999995
qits_nocons,low,56,noisy,qits,3570,3453,0.9672268907563024,23.6313350709528,52.79090645815233,1.9183333333333328,0.0496557158119658,46.43333333333333,117,117,0.0987801452513966,0.0004661452513966,1e-05,0.0,0.0983039999999999,0.9731841024862792,0.1469021141618364,0.918303651007198,1.0,607,0,0.0,40507271.67601229,22375,63.64421000000448
qits_nocons,low,57,noisy,qits,3509,3409,0.9715018523795952,24.53241419771194,53.958052214725726,1.893888888888889,0.0499310897435897,47.36277777777778,100,100,0.0987519888268156,0.0004379888268156,1e-05,0.0,0.0983039999999999,0.9648963319957956,0.199108286602987,0.9183685687849948,1.0,604,0,0.0,40509361.853458725,22375,64.148819799997
qits_nocons,low,58,noisy,qits,3531,3444,0.9753610875106202,24.17682926829268,53.81445993031359,1.913333333333333,0.0502873931623931,47.196666666666665,87,87,0.098761374301676,0.0004473743016759,1e-05,0.0,0.0983039999999999,0.9690180567290904,0.1638845245055818,0.9183967999482396,1.0,605,0,0.0,40506462.73896036,22375,64.2686419000006
qits_nocons,low,59,noisy,qits,3588,3472,0.967670011148272,23.5639400921659,52.68145161290322,1.9288888888888889,0.0497686965811965,46.46111111111111,116,116,0.0987569050279329,0.0004429050279329,1e-05,0.0,0.0983039999999999,0.9570765092584684,0.1473158896225316,0.9182162487635568,1.0,606,0,0.0,40507317.27170489,22375,63.4869781999987
qits_nocons,low,60,noisy,qits,3473,3367,0.96947883674057,23.47995247995248,52.72854172854173,1.8705555555555555,0.04830422008547,44.95777777777778,106,106,0.0987857318435754,0.0004717318435754,1e-05,0.0,0.0983039999999999,0.9655797760637972,0.1608606786087586,0.9184497631300212,1.0,605,0,0.0,40507735.13814391,22375,88.08298160000322
qits_nocons,low,61,noisy,qits,3575,3482,0.973986013986014,23.82854681217691,53.08759333716255,1.9344444444444444,0.0501704059829059,47.05388888888889,93,93,0.0987796983240223,0.0004656983240223,1e-05,0.0,0.0983039999999999,0.9416030696987566,0.1703314459028327,0.9183410857432288,1.0,604,0,0.0,40512238.77341843,22375,87.7496187999991
qits_nocons,low,62,noisy,qits,3460,3365,0.972543352601156,24.189004457652302,53.74026745913819,1.8694444444444445,0.0492152777777777,46.23888888888889,95,95,0.0987946703910614,0.0004806703910614,1e-05,0.0,0.0983039999999999,0.9608251266581544,0.1626126464434291,0.9182163841328216,1.0,603,0,0.0,40514156.16469529,22375,87.92516929999556
qits_nocons,low,63,noisy,qits,3529,3418,0.968546330405214,23.85839672322996,53.33528379169105,1.8988888888888888,0.0497943376068376,46.57888888888889,111,111,0.0987642793296089,0.0004502793296089,1e-05,0.0,0.0983039999999999,0.9621257281111364,0.1690162489619936,0.9184030510082594,1.0,605,0,0.0,40508866.017915,22375,88.64817190000304
qits_nocons,low,64,noisy,qits,3454,3365,0.9742327735958308,24.37592867756315,54.17444279346211,1.8694444444444445,0.0494727564102564,46.42777777777778,89,89,0.0987928826815642,0.0004788826815642,1e-05,0.0,0.0983039999999999,0.95146709774428,0.1280147700967426,0.9183935964125785,1.0,608,0,0.0,40501539.09709608,22375,91.490857899998
qits_nocons,low,65,noisy,qits,3517,3403,0.9675860108046632,24.448133999412285,54.08316191595651,1.8905555555555555,0.0502077991452991,47.41555555555556,114,114,0.0987917653631285,0.0004777653631284,1e-05,0.0,0.0983039999999999,0.9571933827253044,0.1909944515254131,0.9182894992575236,1.0,607,0,0.0,40506629.68780737,22375,90.99858319999794
qits_nocons,low,66,noisy,qits,3571,3473,0.9725567068048164,23.68269507630291,53.25251943564641,1.9294444444444443,0.0503213141025641,46.81,98,98,0.0987618212290502,0.0004478212290502,1e-05,0.0,0.0983039999999999,0.9735224471363496,0.1512290664557216,0.9182492423219796,1.0,605,0,0.0,40506925.836790845,22375,100.89892779999992
qits_nocons,low,67,noisy,qits,3513,3403,0.968687731283803,24.02997355274757,53.25124889803115,1.8905555555555555,0.0493776709401709,46.53277777777778,110,110,0.0987750055865921,0.0004610055865921,1e-05,0.0,0.0983039999999999,0.9683519010877256,0.1610543252462423,0.918347991171332,1.0,607,0,0.0,40510834.93109698,22375,100.58898130000124
qits_nocons,low,68,noisy,qits,3470,3373,0.9720461095100864,23.70352801660243,52.99021642454788,1.873888888888889,0.0485368589743589,45.29611111111111,97,97,0.0988071843575419,0.0004931843575418,1e-05,0.0,0.0983039999999999,0.967443566406201,0.1945336002049718,0.9182453789331904,1.0,607,0,0.0,40508538.40057573,22375,100.34856260000016
qits_nocons,low,69,noisy,qits,3470,3372,0.971757925072046,23.757710557532626,53.18357058125741,1.8733333333333333,0.0487393162393162,45.49388888888889,98,98,0.0987638324022346,0.0004498324022346,1e-05,0.0,0.0983039999999999,0.9648064522033918,0.1571516682253379,0.9184216323724204,1.0,606,0,0.0,40504202.92685569,22375,99.72830860000248
qits_nocons,low,70,noisy,qits,3506,3397,0.9689104392470052,22.717986458639977,51.99558433912276,1.887222222222222,0.0481172542735042,43.92611111111111,109,109,0.0987788044692737,0.0004648044692737,1e-05,0.0,0.0983039999999999,0.9633423283909068,0.1612568764773225,0.9183859117092928,1.0,606,0,0.0,40511827.83454586,22375,99.14061059999813
qits_nocons,low,71,noisy,qits,3479,3384,0.972693302673182,23.53693853427896,52.69533096926714,1.88,0.0485942841880341,45.39833333333333,95,95,0.0987830502793296,0.0004690502793296,1e-05,0.0,0.0983039999999999,0.966526349796122,0.1243053474029082,0.918157478151262,1.0,606,0,0.0,40518820.130774245,22375,98.9881175999958
qits_nocons,medium,42,noisy,qits,6998,6803,0.9721348956844812,24.73717477583419,53.95016904306923,3.7794444444444446,0.0997310363247863,95.49666666666668,195,195,0.0987676312849162,0.0004536312849162,1e-05,0.0,0.0983039999999999,0.962320485810645,0.1470914289714933,0.9181757899090042,1.0,603,0,0.0,40515265.652570754,22375,93.41137249999564
qits_nocons,medium,43,noisy,qits,7021,6829,0.9726534681669278,25.2041294479426,54.60814174842583,3.793888888888889,0.101392094017094,97.68833333333332,192,192,0.0987714301675977,0.0004574301675977,1e-05,0.0,0.0983039999999999,0.9504904752977836,0.1554920892120903,0.918377907332641,1.0,605,0,0.0,40509444.753331065,22375,93.66766670000244
qits_nocons,medium,44,noisy,qits,7029,6824,0.970835111680182,25.486664712778428,54.87353458382181,3.7911111111111113,0.1018197115384615,98.65222222222222,205,205,0.0987948938547486,0.0004808938547486,1e-05,0.0,0.0983039999999999,0.9645255976784278,0.142424520492234,0.918227677893807,1.0,603,0,0.0,40513459.80150887,22375,93.94100680000064
qits_nocons,medium,45,noisy,qits,6986,6807,0.9743773260807328,25.034229469663583,54.44395475246071,3.7816666666666654,0.1005454059829059,96.46277777777776,179,179,0.0987971284916201,0.0004831284916201,1e-05,0.0,0.0983039999999999,0.9584124840644292,0.1211320122990178,0.9183483151066508,1.0,605,0,0.0,40509930.30935661,22375,92.81117029999903
qits_nocons,medium,46,noisy,qits,6890,6689,0.9708272859216256,25.2429361638511,54.70982209597848,3.716111111111111,0.0996386217948717,95.92888888888888,201,201,0.0987564581005586,0.0004424581005586,1e-05,0.0,0.0983039999999999,0.9525648576741536,0.1318780518743428,0.918345827976804,1.0,606,1,0.0,40514177.03065901,22375,95.48196359999748
qits_nocons,medium,47,noisy,qits,7265,7041,0.9691672401927048,25.73853145859963,55.15821616247692,3.911666666666666,0.1057737713675213,102.92166666666668,224,224,0.0987506480446927,0.0004366480446927,1e-05,0.0,0.0983039999999999,0.925969482231558,0.1303867166781338,0.9181727262816592,1.0,603,0,0.0,40510886.98463865,22375,95.493004500001
qits_nocons,medium,48,noisy,qits,7135,6909,0.9683251576734409,25.14965986394558,54.39962367925894,3.838333333333333,0.1025053418803418,98.91888888888889,226,226,0.0987872960893854,0.0004732960893854,1e-05,0.0,0.0983039999999999,0.9602927281977388,0.1459427235837057,0.9181982365376672,1.0,604,0,0.0,40515309.280696735,22375,96.60159050000402
qits_nocons,medium,49,noisy,qits,6973,6757,0.969023375878388,24.536036702678704,53.86739677371615,3.753888888888889,0.0992751068376068,94.53166666666668,216,216,0.0987779106145251,0.0004639106145251,1e-05,0.0,0.0983039999999999,0.9604254381903194,0.124468520179778,0.9182762499989792,1.0,605,0,0.0,40513491.442387216,22375,97.98860440000044
qits_nocons,medium,50,noisy,qits,7073,6869,0.971157924501626,24.37996797204833,53.502110933178045,3.8161111111111112,0.1001802884615384,95.35555555555555,204,204,0.0987895307262569,0.0004755307262569,1e-05,0.0,0.0983039999999999,0.9458987441001004,0.1277311246823914,0.9183311753060854,1.0,606,0,0.0,40511720.92190446,22375,96.7755899000008
qits_nocons,medium,51,noisy,qits,6998,6782,0.9691340382966562,24.91329991153052,54.095252138012384,3.767777777777778,0.0999751602564102,96.08222222222224,216,216,0.0987861787709497,0.0004721787709497,1e-05,0.0,0.0983039999999999,0.941940020785066,0.1325963088828189,0.9183466052787456,1.0,607,0,0.0,40506448.85850454,22375,98.0017121000019
qits_nocons,medium,52,noisy,qits,7057,6846,0.9701006093240754,25.13044113350862,54.64373356704645,3.803333333333333,0.1019783653846154,98.06,211,211,0.0987964581005586,0.0004824581005586,1e-05,0.0,0.0983039999999999,0.950597712163154,0.1502271528790474,0.9182285169916208,1.0,606,0,0.0,40510164.46440153,22375,94.9970122999962
qits_nocons,medium,53,noisy,qits,7000,6796,0.9708571428571428,25.36330194231901,54.92892878163626,3.775555555555556,0.1014241452991452,97.70222222222222,204,204,0.0987841675977653,0.0004701675977653,1e-05,0.0,0.0983039999999999,0.9585589096108096,0.1462649706615675,0.9182738391950648,1.0,603,0,0.0,40511499.4900919,22375,95.67678390000174
qits_nocons,medium,54,noisy,qits,6938,6726,0.9694436437013548,24.66176033303598,53.76196848052334,3.736666666666667,0.0986778846153846,94.56222222222222,212,212,0.0987993631284916,0.0004853631284916,1e-05,0.0,0.0983039999999999,0.947936696762978,0.1535450326683844,0.9182390401841732,1.0,606,0,0.0,40512520.83191174,22375,86.39684740000166
qits_nocons,medium,55,noisy,qits,7076,6864,0.9700395703787452,25.344114219114218,54.87092074592075,3.8133333333333335,0.1024583333333333,98.6511111111111,212,212,0.0987649497206703,0.0004509497206703,1e-05,0.0,0.0983039999999999,0.9390502000927484,0.1581643209190542,0.918237640052556,1.0,605,0,0.0,40507381.92771285,22375,87.42546730000186
qits_nocons,medium,56,noisy,qits,7107,6910,0.972280849866329,24.66193921852388,53.96671490593343,3.838888888888889,0.1013082264957265,96.6288888888889,197,197,0.0987801452513966,0.0004661452513966,1e-05,0.0,0.0983039999999999,0.9624274127605812,0.1228870172045087,0.918303651007198,1.0,607,0,0.0,40507271.67601229,22375,88.03541550000182
qits_nocons,medium,57,noisy,qits,7139,6932,0.9710043423448662,24.76803231390652,54.20600115406809,3.851111111111111,0.1021853632478632,97.34388888888888,207,207,0.0987519888268156,0.0004379888268156,1e-05,0.0,0.0983039999999999,0.9526453975154144,0.128526189284289,0.9183685687849948,1.0,604,0,0.0,40509361.853458725,22375,88.20292599999857
qits_nocons,medium,58,noisy,qits,7042,6793,0.9646407270661744,25.357868393934933,54.91653172383336,3.773888888888889,0.1017964743589743,98.19222222222224,249,249,0.098761374301676,0.0004473743016759,1e-05,0.0,0.0983039999999999,0.935896194025925,0.1543450542893626,0.9183967999482396,1.0,605,0,0.0,40506462.73896036,22375,89.44867259999774
qits_nocons,medium,59,noisy,qits,7253,7033,0.9696677237005376,25.12370254514432,54.59618939286222,3.9072222222222224,0.1045128205128205,100.45666666666666,220,220,0.0987569050279329,0.0004429050279329,1e-05,0.0,0.0983039999999999,0.9321774743376738,0.1267098484336213,0.9182162487635568,1.0,606,0,0.0,40507317.27170489,22375,87.61368489999768
qits_nocons,medium,60,noisy,qits,6955,6730,0.96764917325665,24.94011887072808,54.40936106983655,3.738888888888889,0.0997676282051282,95.53555555555556,225,225,0.0987857318435754,0.0004717318435754,1e-05,0.0,0.0983039999999999,0.952050530095534,0.1461073824711553,0.9184497631300212,1.0,605,0,0.0,40507735.13814391,22375,93.6268690999973
qits_nocons,medium,61,noisy,qits,7109,6888,0.968912645941764,25.60743321718932,55.06736353077817,3.826666666666666,0.1034286858974359,100.49722222222222,221,221,0.0987796983240223,0.0004656983240223,1e-05,0.0,0.0983039999999999,0.939967899562973,0.157770388189078,0.9183410857432288,1.0,604,0,0.0,40512238.77341843,22375,93.28249520000236
qits_nocons,medium,62,noisy,qits,7024,6808,0.969248291571754,25.288484136310224,54.74559341950646,3.7822222222222224,0.1014599358974359,97.80277777777778,216,216,0.0987946703910614,0.0004806703910614,1e-05,0.0,0.0983039999999999,0.947013046703429,0.1333663284057586,0.9182163841328216,1.0,603,0,0.0,40514156.16469529,22375,92.98664769999868
qits_nocons,medium,63,noisy,qits,6988,6779,0.970091585575272,24.919604661454493,54.6325416728131,3.766111111111111,0.1009145299145299,96.08944444444444,209,209,0.0987642793296089,0.0004502793296089,1e-05,0.0,0.0983039999999999,0.9565946305514432,0.1347639412048845,0.9184030510082594,1.0,605,0,0.0,40508866.017915,22375,93.07955039999842
qits_nocons,medium,64,noisy,qits,6844,6646,0.9710695499707772,24.90671080349082,54.02016250376166,3.692222222222222,0.0977283653846153,94.00111111111111,198,198,0.0987928826815642,0.0004788826815642,1e-05,0.0,0.0983039999999999,0.9373091806071656,0.1211428131023761,0.9183935964125785,1.0,608,0,0.0,40501539.09709608,22375,92.73359690000234
qits_nocons,medium,65,noisy,qits,7034,6828,0.9707136764287744,24.65055653192736,54.16783831282952,3.793333333333333,0.1007366452991453,95.68388888888887,206,206,0.0987917653631285,0.0004777653631284,1e-05,0.0,0.0983039999999999,0.9396373151191836,0.1497902167759283,0.9182894992575236,1.0,607,0,0.0,40506629.68780737,22375,92.43758219999972
qits_nocons,medium,66,noisy,qits,7054,6841,0.9698043663169832,25.251279052770062,54.52419236953661,3.800555555555556,0.1013191773504273,97.78055555555557,213,213,0.0987618212290502,0.0004478212290502,1e-05,0.0,0.0983039999999999,0.9507302459850494,0.1353391144556385,0.9182492423219796,1.0,605,0,0.0,40506925.836790845,22375,79.3308709999983
qits_nocons,medium,67,noisy,qits,6916,6670,0.9644303065355696,25.31184407796102,54.87226386806597,3.705555555555556,0.100147702991453,96.57833333333332,246,246,0.0987750055865921,0.0004610055865921,1e-05,0.0,0.0983039999999999,0.9509734662645072,0.1365528050460147,0.918347991171332,1.0,607,0,0.0,40510834.93109698,22375,80.47272830000338
qits_nocons,medium,68,noisy,qits,7108,6867,0.9660945413618458,24.99548565603612,54.34862385321101,3.815,0.1018261217948718,97.75166666666668,241,241,0.0988071843575419,0.0004931843575418,1e-05,0.0,0.0983039999999999,0.9588085179791752,0.1699282480397914,0.9182453789331904,1.0,607,0,0.0,40508538.40057573,22375,79.93116820000296
qits_nocons,medium,69,noisy,qits,6996,6776,0.9685534591194968,24.9995572609209,54.39270956316411,3.764444444444445,0.1003763354700855,96.30333333333331,220,220,0.0987638324022346,0.0004498324022346,1e-05,0.0,0.0983039999999999,0.9488323500881356,0.1113603534905343,0.9184216323724204,1.0,606,0,0.0,40504202.92685569,22375,79.93162909999955
qits_nocons,medium,70,noisy,qits,7024,6777,0.9648348519362188,24.89198760513501,54.26781761841523,3.765,0.1004340277777777,96.29555555555557,247,247,0.0987788044692737,0.0004648044692737,1e-05,0.0,0.0983039999999999,0.944663211610607,0.160278655369764,0.9183859117092928,1.0,606,0,0.0,40511827.83454586,22375,79.86296700000321
qits_nocons,medium,71,noisy,qits,7088,6903,0.9738995485327314,24.91134289439374,54.33275387512676,3.835,0.1017363782051282,97.2461111111111,185,185,0.0987830502793296,0.0004690502793296,1e-05,0.0,0.0983039999999999,0.9415618188813026,0.13759597784193,0.918157478151262,1.0,606,0,0.0,40518820.130774245,22375,80.17415969999684
qits_nocons,high,42,noisy,qits,10450,10103,0.9667942583732058,26.763535583490054,56.238345046025934,5.612777777777778,0.1550897435897436,153.9411111111111,347,347,0.0987676312849162,0.0004536312849162,1e-05,0.0,0.0983039999999999,0.9350966551667936,0.1269485691122683,0.9181757899090042,1.0,603,0,0.0,40515265.652570754,22375,88.76007269999809
qits_nocons,high,43,noisy,qits,10483,10130,0.966326433272918,27.22102665350444,56.60069101678184,5.627777777777778,0.1563373397435897,156.76111111111112,353,353,0.0987714301675977,0.0004574301675977,1e-05,0.0,0.0983039999999999,0.9319780759150662,0.1135999041671221,0.918377907332641,1.0,605,0,0.0,40509444.753331065,22375,88.80937639999956
qits_nocons,high,44,noisy,qits,10553,10221,0.968539751729366,26.5336072791312,55.92642598571568,5.678333333333334,0.1557604166666666,154.2122222222222,332,332,0.0987948938547486,0.0004808938547486,1e-05,0.0,0.0983039999999999,0.962456351019856,0.1361082970494798,0.918227677893807,1.0,603,0,0.0,40513459.80150887,22375,88.63165870000148
qits_nocons,high,45,noisy,qits,10481,10166,0.9699456158763476,26.56502065709227,56.016919142238834,5.647777777777778,0.154803952991453,152.99333333333334,315,315,0.0987971284916201,0.0004831284916201,1e-05,0.0,0.0983039999999999,0.9554668783900884,0.1434031604960705,0.9183483151066508,1.0,605,0,0.0,40509930.30935661,22375,88.03070720000233
qits_nocons,high,46,noisy,qits,10468,10126,0.9673290026748184,26.86144578313253,56.24402528145368,5.625555555555556,0.1549959935897436,154.30055555555555,342,342,0.0987564581005586,0.0004424581005586,1e-05,0.0,0.0983039999999999,0.948796165927376,0.136415152562121,0.918345827976804,1.0,606,1,0.0,40514177.03065901,22375,87.65577239999948
qits_nocons,high,47,noisy,qits,10854,10532,0.9703335175971992,27.2822825674136,56.51357766805925,5.851111111111111,0.1620413995726495,163.01833333333337,322,322,0.0987506480446927,0.0004366480446927,1e-05,0.0,0.0983039999999999,0.9320357482785672,0.1318583028183659,0.9181727262816592,1.0,603,0,0.0,40510886.98463865,22375,88.43740260000322
qits_nocons,high,48,noisy,qits,10749,10429,0.9702297888175644,27.942372231278167,57.52526608495541,5.793888888888889,0.1630635683760684,164.90444444444444,320,320,0.0987872960893854,0.0004732960893854,1e-05,0.0,0.0983039999999999,0.9485413956355347,0.1296268861635512,0.9181982365376672,1.0,604,0,0.0,40515309.280696735,22375,89.29599820000112
qits_nocons,high,49,noisy,qits,10582,10233,0.9670194670194672,26.898074855858496,56.429981432619954,5.685,0.1574449786324786,156.57111111111112,349,349,0.0987779106145251,0.0004639106145251,1e-05,0.0,0.0983039999999999,0.9480503903040371,0.1443802601252189,0.9182762499989792,1.0,605,0,0.0,40513491.442387216,22375,88.87823769999886
qits_nocons,high,50,noisy,qits,10642,10322,0.969930464198459,26.85341987986824,56.064037977136216,5.734444444444445,0.1576239316239316,157.5088888888889,320,320,0.0987895307262569,0.0004755307262569,1e-05,0.0,0.0983039999999999,0.9571583150337452,0.1526293810184964,0.9183311753060854,1.0,606,0,0.0,40511720.92190446,22375,89.56269339999926
qits_nocons,high,51,noisy,qits,10590,10216,0.9646836638338054,27.07468676585748,56.35189898198904,5.675555555555556,0.1573488247863247,157.74166666666667,374,374,0.0987861787709497,0.0004721787709497,1e-05,0.0,0.0983039999999999,0.941914136547146,0.1338487334094953,0.9183466052787456,1.0,607,0,0.0,40506448.85850454,22375,89.68096079999486
qits_nocons,high,52,noisy,qits,10470,10164,0.9707736389684812,26.797717434081072,56.12003148366784,5.6466666666666665,0.1551549145299145,154.5211111111111,306,306,0.0987964581005586,0.0004824581005586,1e-05,0.0,0.0983039999999999,0.944758280524281,0.166677424325957,0.9182285169916208,1.0,606,0,0.0,40510164.46440153,22375,88.47296089999918
qits_nocons,high,53,noisy,qits,10521,10209,0.9703450242372398,26.65246351258693,55.79459300617103,5.671666666666667,0.1546701388888889,153.92111111111112,312,312,0.0987841675977653,0.0004701675977653,1e-05,0.0,0.0983039999999999,0.936574505111064,0.1226005601171159,0.9182738391950648,1.0,603,0,0.0,40511499.4900919,22375,89.08648830000448
qits_nocons,high,54,noisy,qits,10416,10069,0.9666858678955452,27.13397556857682,56.42705333200914,5.5938888888888885,0.1549612713675213,155.4,347,347,0.0987993631284916,0.0004853631284916,1e-05,0.0,0.0983039999999999,0.924089688804925,0.1293363848256385,0.9182390401841732,1.0,606,0,0.0,40512520.83191174,22375,81.61481190000222
qits_nocons,high,55,noisy,qits,10580,10232,0.9671077504725898,27.12021110242377,56.368060985144645,5.684444444444445,0.1574468482905983,158.06333333333333,348,348,0.0987649497206703,0.0004509497206703,1e-05,0.0,0.0983039999999999,0.9336151924383198,0.1430804167488764,0.918237640052556,1.0,605,0,0.0,40507381.92771285,22375,80.83013679999976
qits_nocons,high,56,noisy,qits,10605,10269,0.9683168316831684,27.72519232641932,57.3740383679034,5.705,0.1606095085470085,161.89444444444445,336,336,0.0987801452513966,0.0004661452513966,1e-05,0.0,0.0983039999999999,0.9305673102313012,0.1288272414007237,0.918303651007198,1.0,607,0,0.0,40507271.67601229,22375,80.83849690000079
qits_nocons,high,57,noisy,qits,10687,10343,0.9678113595957706,27.15421057720197,56.50198201682297,5.746111111111111,0.1594294871794871,159.92444444444445,344,344,0.0987519888268156,0.0004379888268156,1e-05,0.0,0.0983039999999999,0.930923503550257,0.1330619415987457,0.9183685687849948,1.0,604,0,0.0,40509361.853458725,22375,82.00188009999692
qits_nocons,high,58,noisy,qits,10481,10153,0.9687052762141016,27.731606421747266,57.19284940411701,5.640555555555555,0.1579959935897435,159.59333333333333,328,328,0.098761374301676,0.0004473743016759,1e-05,0.0,0.0983039999999999,0.9399081608879138,0.1340557412437636,0.9183967999482396,1.0,605,0,0.0,40506462.73896036,22375,81.45103370000015
qits_nocons,high,59,noisy,qits,10729,10376,0.9670985180352316,26.44082498072475,55.78238242097147,5.764444444444444,0.1576266025641025,155.7938888888889,353,353,0.0987569050279329,0.0004429050279329,1e-05,0.0,0.0983039999999999,0.9362712290534864,0.1621852366172517,0.9182162487635568,1.0,606,0,0.0,40507317.27170489,22375,81.30013990000043
qits_nocons,high,60,noisy,qits,10485,10181,0.9710061993323796,27.308122974167567,56.74020233768785,5.656111111111112,0.1571044337606837,157.71722222222223,304,304,0.0987857318435754,0.0004717318435754,1e-05,0.0,0.0983039999999999,0.9323541769637717,0.1156427853372529,0.9184497631300212,1.0,605,0,0.0,40507735.13814391,22375,110.02515480000056
qits_nocons,high,61,noisy,qits,10603,10260,0.9676506649061586,26.3317738791423,55.63235867446394,5.7,0.1555355235042735,153.53277777777777,343,343,0.0987796983240223,0.0004656983240223,1e-05,0.0,0.0983039999999999,0.9530371035029416,0.1235056152468189,0.9183410857432288,1.0,604,0,0.0,40512238.77341843,22375,111.3004721000002
qits_nocons,high,62,noisy,qits,10514,10174,0.9676621647327373,26.60467859249066,56.04678592490662,5.652222222222222,0.1551992521367521,153.45444444444445,340,340,0.0987946703910614,0.0004806703910614,1e-05,0.0,0.0983039999999999,0.9255504593574636,0.1456154977138956,0.9182163841328216,1.0,603,0,0.0,40514156.16469529,22375,110.44776839999896
qits_nocons,high,63,noisy,qits,10517,10199,0.969763240467814,27.03304245514266,56.48612609079321,5.666111111111111,0.157028579059829,156.8461111111111,318,318,0.0987642793296089,0.0004502793296089,1e-05,0.0,0.0983039999999999,0.9273181327565791,0.1235290446911215,0.9184030510082594,1.0,605,0,0.0,40508866.017915,22375,110.57612119999747
qits_nocons,high,64,noisy,qits,10373,10048,0.968668659018606,27.43501194267516,56.86972531847134,5.582222222222223,0.1557491987179487,156.69722222222222,325,325,0.0987928826815642,0.0004788826815642,1e-05,0.0,0.0983039999999999,0.9440445219743197,0.1416185003803163,0.9183935964125785,1.0,608,0,0.0,40501539.09709608,22375,110.7553743000026
qits_nocons,high,65,noisy,qits,10501,10177,0.9691457956385108,26.7876584455144,56.09609904687039,5.653888888888889,0.1555550213675213,154.92222222222222,324,324,0.0987917653631285,0.0004777653631284,1e-05,0.0,0.0983039999999999,0.9353669071364596,0.1542830483690769,0.9182894992575236,1.0,607,0,0.0,40506629.68780737,22375,111.01204629999938
qits_nocons,high,66,noisy,qits,10556,10238,0.9698749526335734,27.00283258448916,56.274174643485054,5.687777777777778,0.1567735042735043,156.80666666666667,318,318,0.0987618212290502,0.0004478212290502,1e-05,0.0,0.0983039999999999,0.9244425075504432,0.1383107342397393,0.9182492423219796,1.0,605,0,0.0,40506925.836790845,22375,77.88602999999875
qits_nocons,high,67,noisy,qits,10489,10142,0.966917723329202,26.377933346479985,55.80408203510156,5.634444444444444,0.154511485042735,152.52055555555555,347,347,0.0987750055865921,0.0004610055865921,1e-05,0.0,0.0983039999999999,0.9425264373019692,0.1225062850398918,0.918347991171332,1.0,607,0,0.0,40510834.93109698,22375,79.42534999999998
qits_nocons,high,68,noisy,qits,10531,10207,0.9692336910075016,27.214656608210053,56.77476241794847,5.670555555555556,0.1578827457264957,157.81444444444443,324,324,0.0988071843575419,0.0004931843575418,1e-05,0.0,0.0983039999999999,0.9432771410379592,0.1180055506866081,0.9182453789331904,1.0,607,0,0.0,40508538.40057573,22375,77.87093249999862
qits_nocons,high,69,noisy,qits,10487,10165,0.9692953180127776,26.883226758485,56.179832759468766,5.647222222222222,0.1555224358974359,155.24944444444444,322,322,0.0987638324022346,0.0004498324022346,1e-05,0.0,0.0983039999999999,0.9374211934368444,0.1547860873024971,0.9184216323724204,1.0,606,0,0.0,40504202.92685569,22375,77.32754049999812
qits_nocons,high,70,noisy,qits,10468,10161,0.9706725257928926,26.913197519929145,56.41423088278713,5.645,0.1561351495726495,155.35055555555556,307,307,0.0987788044692737,0.0004648044692737,1e-05,0.0,0.0983039999999999,0.9239875513286416,0.1349586765162244,0.9183859117092928,1.0,606,0,0.0,40511827.83454586,22375,77.76546079999707
qits_nocons,high,71,noisy,qits,10449,10139,0.9703320891951382,27.30742676792584,56.69730742676793,5.632777777777778,0.1564326923076923,157.10111111111112,310,310,0.0987830502793296,0.0004690502793296,1e-05,0.0,0.0983039999999999,0.9309998446207464,0.1443019154254844,0.918157478151262,1.0,606,0,0.0,40518820.130774245,22375,77.29249689999597
qits_noqopt,low,42,noisy,qits,3427,3357,0.97957397140356,20.28775692582663,50.138218647602024,1.865,0.045585202991452994,38.515,70,70,0.0014447991061455356,0.00043262569832402237,1e-05,0.0010004999999999997,1.6734078215134676e-06,0.8059199969674022,0.08199550058290048,0.9182577186906644,0.9898743016759777,606,0,630080.0,40511670.03411195,0,4.661447000000408
qits_noqopt,low,43,noisy,qits,3483,3371,0.9678438128050532,20.652625333728864,49.968555324829424,1.8727777777777779,0.046002938034188035,39.71888888888889,112,112,0.0014706070391062981,0.00045854748603351954,1e-05,0.0010004999999999997,1.5595530727783908e-06,0.8121582953002034,0.07859646021714076,0.9182344032190303,0.9898743016759777,604,0,630080.0,40511884.624741554,0,4.473704799999723
qits_noqopt,low,44,noisy,qits,3573,3467,0.9703330534564791,20.20997980963369,49.662532448803,1.926111111111111,0.0468528311965812,39.916111111111114,106,106,0.001473685653629877,0.0004616759776536313,1e-05,0.0010004999999999997,1.5096759762453679e-06,0.8169353122979505,0.06736352604128974,0.9184128348944708,0.9896648044692737,604,0,630080.0,40511629.23110948,0,4.394244200003413
qits_noqopt,low,45,noisy,qits,3427,3333,0.9725707615990662,20.4017401740174,49.81908190819082,1.8516666666666666,0.04519925213675213,38.64388888888889,94,94,0.001485605787708155,0.0004735195530726257,1e-05,0.0010004999999999997,1.586234635529082e-06,0.7892801003510566,0.07533018472399017,0.9182712348076012,0.9891061452513966,608,0,630080.0,40503242.316247694,0,4.463452299999517
qits_noqopt,low,46,noisy,qits,3512,3418,0.9732346241457859,20.18841427735518,49.602106495026334,1.8988888888888888,0.04602403846153846,39.15833333333333,94,94,0.001493479620110835,0.00048178770949720677,1e-05,0.0010000528491620109,1.6390614516173967e-06,0.8168285697478649,0.08343258834429182,0.9183337794748003,0.9907122905027933,606,0,630080.0,40517101.921938725,0,4.5730588000014905
qits_noqopt,low,47,noisy,qits,3694,3602,0.9750947482403898,20.74847307051638,50.16990560799556,2.0011111111111113,0.048936698717948715,42.230555555555554,92,92,0.001481929944132029,0.0004699441340782123,1e-05,0.0010004999999999997,1.485810053816739e-06,0.8055404879954463,0.08714025550714413,0.9183076429505236,0.9893854748603352,609,1,629992.0,40517514.65532818,0,4.352594599991789
qits_noqopt,low,48,noisy,qits,3532,3435,0.9725368063420159,19.68646288209607,48.70305676855895,1.9083333333333334,0.04543616452991453,38.300555555555555,97,97,0.0014648186815631678,0.00045273743016759776,1e-05,0.0010004999999999997,1.5812513955697086e-06,0.7865476600863728,0.1053085225210814,0.9181904107385747,0.9905027932960894,605,0,630080.0,40513948.29633573,0,4.4755965000040305
qits_noqopt,low,49,noisy,qits,3450,3357,0.9730434782608696,20.00655347036044,49.382782246053026,1.865,0.04508733974358974,38.199444444444445,93,93,0.0015018161787708948,0.0004898324022346369,1e-05,0.0010004999999999997,1.4837765362580027e-06,0.8088698013547261,0.08917780672818512,0.9182776531964426,0.9901536312849162,604,0,630080.0,40509369.37522607,0,4.345287600001029
qits_noqopt,low,50,noisy,qits,3539,3442,0.9725911274371292,20.262056943637422,49.66589192330041,1.9122222222222223,0.0464155982905983,39.56611111111111,97,97,0.0014474763575445038,0.0004353072625698325,1e-05,0.0010004999999999997,1.669094974671649e-06,0.8083579437175016,0.07167824347489331,0.9184572889285275,0.989804469273743,606,0,630080.0,40502312.41301881,0,4.547968699997
qits_noqopt,low,51,noisy,qits,3444,3338,0.9692218350754936,20.483223487118035,50.44128220491312,1.8544444444444443,0.04583627136752137,38.79,106,106,0.0014541257653635008,0.0004420111731843575,1e-05,0.0010004999999999997,1.6145921791428907e-06,0.7941109615987947,0.06870375426649318,0.9183318010046309,0.9903631284916201,607,0,630080.0,40507435.606260344,0,4.526338800003032
qits_noqopt,low,52,noisy,qits,3570,3474,0.973109243697479,20.28439838802533,49.61082325849165,1.93,0.04683840811965812,39.97,96,96,0.001460088625699893,0.00044826815642458096,1e-05,0.0010002764245810056,1.5440446943062224e-06,0.8238389636245536,0.0825313223997885,0.9184540346369395,0.9883379888268157,604,0,630080.0,40507240.50851301,0,4.455434700010301
qits_noqopt,low,53,noisy,qits,3412,3316,0.9718640093786636,20.26145958986731,49.89716525934861,1.8422222222222222,0.044959401709401714,38.13055555555555,96,96,0.0014878366703910094,0.00047575418994413415,1e-05,0.0010004999999999997,1.5824804468748325e-06,0.814544054607444,0.0769492685065889,0.9182346362139867,0.9902932960893854,606,0,630080.0,40517819.895676486,0,4.5352169999951
qits_noqopt,low,54,noisy,qits,3486,3391,0.9727481353987378,20.47685048658213,49.806251843114126,1.883888888888889,0.0459107905982906,39.44222222222222,95,95,0.0014766628826822017,0.00046458100558659227,1e-05,0.0010004999999999997,1.581877095609521e-06,0.8097505847288556,0.0912470538781353,0.9182294363861779,0.9900837988826816,601,0,630080.0,40509855.71449891,0,4.5428676999990785
qits_noqopt,low,55,noisy,qits,3579,3476,0.9712210114557139,19.578538550057537,48.881185270425775,1.931111111111111,0.04623637820512821,38.68333333333333,103,103,0.001479158458099372,0.00046703910614525143,1e-05,0.0010004999999999997,1.6193519541200293e-06,0.8054580941534216,0.07320369539779141,0.9182972394795131,0.9909217877094972,607,0,630080.0,40504398.177069776,0,4.59430059999886
qits_noqopt,low,56,noisy,qits,3570,3453,0.9672268907563025,20.103967564436722,49.26122212568781,1.9183333333333332,0.04638595085470086,39.54666666666667,117,117,0.0014831902569828954,0.0004710614525139665,1e-05,0.0010004999999999997,1.628804468928951e-06,0.8095640378377581,0.07591486336034865,0.9184797403574353,0.9893156424581006,608,0,630080.0,40511211.18071858,0,4.65181099999063
qits_noqopt,low,57,noisy,qits,3509,3414,0.9729267597606156,20.41212653778559,49.86028119507909,1.8966666666666667,0.04613568376068377,39.388888888888886,95,95,0.0014661640223438258,0.00045407821229050284,1e-05,0.0010004999999999997,1.5858100533229168e-06,0.8257523613540934,0.08301489575539067,0.9183113671511485,0.9886871508379889,605,0,630080.0,40510562.27697354,0,4.563828600005763
qits_noqopt,low,58,noisy,qits,3531,3446,0.9759274992919853,20.35432385374347,49.99564712710389,1.9144444444444444,0.04677857905982906,39.849444444444444,85,85,0.0014601998882673563,0.0004480446927374301,1e-05,0.0010004999999999997,1.655195529926139e-06,0.7782691243284353,0.0866730642837153,0.9184013297763447,0.9884078212290502,604,0,630080.0,40511179.017432615,0,4.603645800006234
qits_noqopt,low,59,noisy,qits,3588,3468,0.9665551839464883,19.44405997693195,48.53517877739331,1.9266666666666667,0.04597142094017095,38.56055555555555,120,120,0.001463319329607386,0.00045162011173184363,1e-05,0.0010000528491620109,1.6463687135311175e-06,0.8228267013703113,0.08231568562253472,0.9181580255744209,0.9900139664804469,602,0,630080.0,40512207.992405854,0,4.6513483000017
qits_noqopt,low,60,noisy,qits,3473,3368,0.9697667722430175,19.81472684085511,49.07838479809976,1.8711111111111112,0.04497462606837607,37.93666666666667,105,105,0.0014766021005592927,0.0004643575418994413,1e-05,0.0010004999999999997,1.7445586598510778e-06,0.7834607668226873,0.07102117058675658,0.9182681540148764,0.9900139664804469,602,0,630080.0,40507136.30627413,0,4.809976300006383
qits_noqopt,low,61,noisy,qits,3575,3491,0.9765034965034965,20.095101690060154,49.35433973073618,1.9394444444444445,0.04667361111111111,39.65,84,84,0.0014483202234641592,0.00043664804469273745,1e-05,0.0010000528491620109,1.6193296094103092e-06,0.8276481745937971,0.06934978224004507,0.9183337457488059,0.9915502793296089,602,0,630080.0,40514081.77544766,0,4.648608400001649
qits_noqopt,low,62,noisy,qits,3460,3369,0.9736994219653179,20.072425051944197,49.62897002077768,1.8716666666666666,0.045444444444444454,38.346666666666664,91,91,0.0014681722234635576,0.00045586592178770954,1e-05,0.0010004999999999997,1.8063016758477917e-06,0.8247072917603131,0.08807996767292944,0.9181784301565334,0.9891061452513966,606,0,630080.0,40514354.58894368,0,4.938422100004573
qits_noqopt,low,63,noisy,qits,3529,3420,0.9691130631907056,20.699415204678363,50.23625730994152,1.9,0.046811164529914524,40.18055555555556,109,109,0.001443297229050335,0.00043128491620111735,1e-05,0.0010002764245810056,1.7358882682119607e-06,0.8042537524556983,0.07585153010520926,0.9182398186845748,0.9916899441340782,607,0,630080.0,40512640.98578507,0,4.865162099995359
qits_noqopt,low,64,noisy,qits,3454,3365,0.9742327735958309,20.759881129271918,50.55839524517088,1.8694444444444445,0.04620860042735043,39.62,89,89,0.0014440842458103252,0.0004319553072625698,1e-05,0.0010004999999999997,1.628938547755701e-06,0.7943339368913338,0.06707711820552795,0.9183006613130286,0.9871508379888269,603,0,630080.0,40513078.27678319,0,4.811432999997123
qits_noqopt,low,65,noisy,qits,3517,3417,0.9715666761444413,20.78958150424349,50.4366403277729,1.8983333333333334,0.04683947649572649,40.22944444444445,100,100,0.0014740353966497142,0.00046189944134078216,1e-05,0.0010004999999999997,1.6359553089321136e-06,0.8017519245794669,0.06974473316130872,0.9184285075372183,0.9912011173184357,610,0,630080.0,40503892.60577784,0,4.720624299994597
qits_noqopt,low,66,noisy,qits,3571,3489,0.9770372444693364,19.94067067927773,49.53998280309544,1.9383333333333332,0.046794070512820515,39.335,82,82,0.0014704582793302178,0.0004583240223463687,1e-05,0.0010002764245810056,1.8578324028435189e-06,0.8007686718314926,0.06558025185517301,0.9183267016854489,0.9883379888268157,605,0,630080.0,40511596.49977588,0,5.316949800004295
qits_noqopt,low,67,noisy,qits,3513,3409,0.9703956732137774,20.433558228219418,49.6808448225286,1.893888888888889,0.04606169871794872,39.49777777777778,104,104,0.001483813541899373,0.0004715083798882682,1e-05,0.0010004999999999997,1.8051620111046306e-06,0.7828477926894815,0.07845028538399337,0.9182602891629595,0.9893854748603352,606,0,630080.0,40508686.11965548,0,5.121146800013776
qits_noqopt,low,68,noisy,qits,3470,3377,0.9731988472622478,20.459875629256736,49.78531240746224,1.876111111111111,0.04560416666666667,39.07833333333333,93,93,0.0014579212067023096,0.00044558659217877096,1e-05,0.0010004999999999997,1.8346145235385101e-06,0.8315221215941067,0.0990012214468537,0.9182639626941987,0.9891061452513966,601,0,630080.0,40507663.35769547,0,5.16660630000024
qits_noqopt,low,69,noisy,qits,3470,3379,0.9737752161383285,20.096774193548388,49.523231725362535,1.8772222222222221,0.045452190170940175,38.49722222222222,91,91,0.0014828204692736656,0.00047039106145251394,1e-05,0.0010004999999999997,1.9294078211516642e-06,0.8177195601620464,0.06942917056542731,0.9183348935622474,0.9886173184357542,603,0,630080.0,40509781.335494824,0,5.228260999993836
qits_noqopt,low,70,noisy,qits,3506,3402,0.9703365658870508,19.644914756025866,48.942974720752495,1.89,0.045355502136752136,38.02777777777778,104,104,0.0014876569608933334,0.00047553072625698326,1e-05,0.0010002764245810056,1.849810055344217e-06,0.8271975498855672,0.08780048892301509,0.9182008366443346,0.989036312849162,608,0,630080.0,40511296.11654184,0,5.1831974000024275
qits_noqopt,low,71,noisy,qits,3479,3401,0.9775797643000862,19.795942369891208,49.02499264922082,1.8894444444444445,0.045133814102564104,38.013333333333335,78,78,0.0014522024804471002,0.0004397765363128492,1e-05,0.0010004999999999997,1.925944134250918e-06,0.8101833726583131,0.06744567442021343,0.9182862586793272,0.9905027932960894,606,0,630080.0,40508331.893370084,0,5.269031599998925
qits_noqopt,medium,42,noisy,qits,6998,6815,0.973849671334667,20.890095377842993,50.11151870873074,3.786111111111111,0.09269711538461539,80.67333333333333,183,183,0.001444874324022446,0.00043262569832402237,1e-05,0.0010004999999999997,1.7486256984236138e-06,0.8047392904966182,0.06138520107607133,0.9182577186906644,0.9898743016759777,606,0,630080.0,40511670.03411195,0,5.090367300009348
qits_noqopt,medium,43,noisy,qits,7021,6847,0.9752172055262783,21.98188987877903,51.42427340441069,3.803888888888889,0.09536485042735042,84.99777777777778,174,174,0.0014709065698319714,0.00045854748603351954,1e-05,0.0010004999999999997,1.859083798451885e-06,0.8178765478077948,0.06833244413659431,0.9182344032190303,0.9898743016759777,604,0,630080.0,40511884.624741554,0,5.249397900000986
qits_noqopt,medium,44,noisy,qits,7029,6838,0.9728268601508038,21.629131324948816,51.055279321439016,3.798888888888889,0.0946610576923077,83.60944444444445,191,191,0.0014738564022357115,0.0004616759776536313,1e-05,0.0010004999999999997,1.680424582080164e-06,0.8249237750555466,0.07594745238193679,0.9184128348944708,0.9896648044692737,604,0,630080.0,40511629.23110948,0,4.947284800000489
qits_noqopt,medium,45,noisy,qits,6986,6822,0.9765244775264815,21.482263265904425,50.898856640281444,3.79,0.09405769230769231,82.81055555555555,164,164,0.001485904491621036,0.0004735195530726257,1e-05,0.0010004999999999997,1.8849385484100925e-06,0.7993558373581496,0.06855020098512046,0.9182712348076012,0.9891061452513966,608,0,630080.0,40503242.316247694,0,5.281280599992897
qits_noqopt,medium,46,noisy,qits,6890,6720,0.9753265602322206,21.745089285714286,51.24270833333333,3.7333333333333334,0.093289797008547,82.52944444444445,170,170,0.0014937689832391625,0.00048178770949720677,1e-05,0.0010000528491620109,1.9284245799449736e-06,0.8173529528370084,0.08629679736791228,0.9183337794748003,0.9907122905027933,606,0,630080.0,40517101.921938725,0,5.196922699993593
qits_noqopt,medium,47,noisy,qits,7265,7060,0.9717825189263593,21.778045325779036,51.227337110481585,3.922222222222222,0.09826522435897435,87.11833333333334,205,205,0.001482202189944906,0.0004699441340782123,1e-05,0.0010004999999999997,1.7580558666936644e-06,0.8015471116795893,0.07092734608015981,0.9183076429505236,0.9893854748603352,609,1,629992.0,40517514.65532818,0,5.126137400002335
qits_noqopt,medium,48,noisy,qits,7135,6921,0.9700070077084794,21.45513654096229,50.71680393006791,3.845,0.09559134615384615,84.36277777777778,214,214,0.0014651219888272861,0.00045273743016759776,1e-05,0.0010004999999999997,1.884558659688148e-06,0.8102501520300853,0.07562035122961971,0.9181904107385747,0.9905027932960894,605,0,630080.0,40513948.29633573,0,5.15865550000035
qits_noqopt,medium,49,noisy,qits,6973,6779,0.972178402409293,21.679598760879184,51.04086148399469,3.766111111111111,0.0939548611111111,83.32722222222222,194,194,0.0015021570502796791,0.0004898324022346369,1e-05,0.0010004999999999997,1.824648045042436e-06,0.7982528389614328,0.0692057217684105,0.9182776531964426,0.9901536312849162,604,0,630080.0,40509369.37522607,0,5.101394500004972
qits_noqopt,medium,50,noisy,qits,7073,6890,0.974126961685282,20.863715529753264,49.99811320754717,3.827777777777778,0.09370539529914529,81.63,183,183,0.0014474442011163133,0.0004353072625698325,1e-05,0.0010004999999999997,1.6369385464805017e-06,0.8277342320968083,0.06846209787819471,0.9184572889285275,0.989804469273743,606,0,630080.0,40502312.41301881,0,4.920177900005001
qits_noqopt,medium,51,noisy,qits,6998,6814,0.9737067733638183,21.098033460522455,50.303786322277666,3.7855555555555553,0.09292574786324785,81.18166666666667,184,184,0.0014542996424585593,0.0004420111731843575,1e-05,0.0010004999999999997,1.7884692742018414e-06,0.8206702787202695,0.07722304872239755,0.9183318010046309,0.9903631284916201,607,0,630080.0,40507435.606260344,0,5.073509500001819
qits_noqopt,medium,52,noisy,qits,7057,6873,0.9739265977044069,21.544885784955625,51.0691110141132,3.8183333333333334,0.09533760683760685,83.98388888888888,184,184,0.0014604662569826185,0.00044826815642458096,1e-05,0.0010002764245810056,1.9216759770317783e-06,0.8222689865381554,0.06568243535500103,0.9184540346369395,0.9883379888268157,604,0,630080.0,40507240.50851301,0,5.187243199999102
qits_noqopt,medium,53,noisy,qits,7000,6804,0.972,21.320546737213405,50.8913874191652,3.78,0.09397996794871795,82.11055555555555,196,196,0.0014881038882661745,0.00047575418994413415,1e-05,0.0010004999999999997,1.8496983220401433e-06,0.8164237963875733,0.07990271216980449,0.9182346362139867,0.9902932960893854,606,0,630080.0,40517819.895676486,0,5.091622300000381
qits_noqopt,medium,54,noisy,qits,6938,6753,0.9733352551167483,21.36842884643862,50.52880201391974,3.7516666666666665,0.09264369658119657,81.70722222222223,185,185,0.0014767109497202645,0.00046458100558659227,1e-05,0.0010004999999999997,1.6299441336721117e-06,0.8127360359088178,0.06411330526120806,0.9182294363861779,0.9900837988826816,601,0,630080.0,40509855.71449891,0,4.78022549999605
qits_noqopt,medium,55,noisy,qits,7076,6883,0.9727247032221594,21.53348830451838,51.08455615284033,3.823888888888889,0.09543723290598291,83.8861111111111,193,193,0.001479300737428898,0.00046703910614525143,1e-05,0.0010004999999999997,1.7616312836466602e-06,0.8054700761328303,0.07026203443007663,0.9182972394795131,0.9909217877094972,607,0,630080.0,40504398.177069776,0,4.935882300003868
qits_noqopt,medium,56,noisy,qits,7107,6926,0.9745321514000281,21.71700837424199,51.03494080277216,3.847777777777778,0.09584802350427352,85.025,181,181,0.0014833530726259636,0.0004710614525139665,1e-05,0.0010004999999999997,1.7916201119972571e-06,0.8170919798980776,0.0830357929701667,0.9184797403574353,0.9893156424581006,608,0,630080.0,40511211.18071858,0,5.004021500001727
qits_noqopt,medium,57,noisy,qits,7139,6943,0.9725451743941729,21.492582457151087,50.94382831628979,3.857222222222222,0.09610470085470085,84.52833333333334,196,196,0.0014663726033509637,0.00045407821229050284,1e-05,0.0010004999999999997,1.794391060461012e-06,0.8201034188626841,0.08466203139487041,0.9183113671511485,0.9886871508379889,605,0,630080.0,40510562.27697354,0,4.952749499997481
qits_noqopt,medium,58,noisy,qits,7042,6819,0.9683328599829594,21.986654934741164,51.57691743657428,3.7883333333333336,0.09562847222222222,85.04555555555555,223,223,0.0014603327821225036,0.0004480446927374301,1e-05,0.0010004999999999997,1.7880893850734187e-06,0.8011391346654688,0.06579632894496612,0.9184013297763447,0.9884078212290502,604,0,630080.0,40511179.017432615,0,4.960025500005031
qits_noqopt,medium,59,noisy,qits,7253,7041,0.9707707155659727,21.49921886095725,50.9995739241585,3.9116666666666666,0.09760149572649574,85.85555555555555,212,212,0.0014634256536322735,0.00045162011173184363,1e-05,0.0010000528491620109,1.7526927384188236e-06,0.8144571787360735,0.07997108079207907,0.9181580255744209,0.9900139664804469,602,0,630080.0,40512207.992405854,0,4.998283699996136
qits_noqopt,medium,60,noisy,qits,6955,6747,0.9700934579439252,21.617459611679266,51.1108640877427,3.7483333333333335,0.09363114316239315,82.57888888888888,208,208,0.0014765571396649316,0.0004643575418994413,1e-05,0.0010004999999999997,1.6995977654899652e-06,0.8251923464990011,0.0663192272585736,0.9182681540148764,0.9900139664804469,602,0,630080.0,40507136.30627413,0,4.850767899996754
qits_noqopt,medium,61,noisy,qits,7109,6912,0.9722886481924321,21.647135416666668,51.13671875,3.84,0.09600667735042735,84.89055555555555,197,197,0.001448313564247198,0.00043664804469273745,1e-05,0.0010000528491620109,1.61267039244936e-06,0.8048905053057663,0.09112945445261672,0.9183337457488059,0.9915502793296089,602,0,630080.0,40514081.77544766,0,4.8797028000017235
qits_noqopt,medium,62,noisy,qits,7024,6825,0.9716685649202733,21.812747252747254,51.286739926739926,3.7916666666666665,0.09511538461538462,84.42722222222223,199,199,0.0014680356871496047,0.00045586592178770954,1e-05,0.0010004999999999997,1.6697653618952724e-06,0.7999655260319586,0.06252398896518543,0.9181784301565334,0.9891061452513966,606,0,630080.0,40514354.58894368,0,4.892755400000169
qits_noqopt,medium,63,noisy,qits,6988,6795,0.9723812249570692,21.54319352465048,51.28977189109639,3.775,0.09478125,83.04333333333334,193,193,0.0014433261005600748,0.00043128491620111735,1e-05,0.0010002764245810056,1.7647597779517903e-06,0.8341237128390661,0.07959303259051431,0.9182398186845748,0.9916899441340782,607,0,630080.0,40512640.98578507,0,4.906331399991359
qits_noqopt,medium,64,noisy,qits,6844,6669,0.9744301578024547,21.77043034937772,50.90343379817064,3.705,0.0920582264957265,82.07611111111112,175,175,0.0014442676424561518,0.0004319553072625698,1e-05,0.0010004999999999997,1.8123351935818844e-06,0.8044207378307671,0.07080336383162669,0.9183006613130286,0.9871508379888269,603,0,630080.0,40513078.27678319,0,4.930798999998842
qits_noqopt,medium,65,noisy,qits,7034,6846,0.9732726755757748,21.859626059012562,51.403301197779726,3.8033333333333332,0.09553766025641025,84.72166666666666,188,188,0.0014742299441336867,0.00046189944134078216,1e-05,0.0010004999999999997,1.8305027929044267e-06,0.8051888689852202,0.07995362643041246,0.9184285075372183,0.9912011173184357,610,0,630080.0,40503892.60577784,0,5.055640500005211
qits_noqopt,medium,66,noisy,qits,7054,6851,0.9712220017011625,21.423879725587504,50.72296015180266,3.806111111111111,0.09428098290598291,82.96777777777778,203,203,0.0014703080893860897,0.0004583240223463687,1e-05,0.0010002764245810056,1.7076424587151821e-06,0.8205201676804423,0.061299905300116156,0.9183267016854489,0.9883379888268157,605,0,630080.0,40511596.49977588,0,4.7493359999980385
qits_noqopt,medium,67,noisy,qits,6916,6706,0.9696356275303644,21.482702057858635,51.05979719654041,3.7255555555555557,0.09318803418803419,81.82777777777778,210,210,0.0014838843128487855,0.0004715083798882682,1e-05,0.0010004999999999997,1.8759329605170571e-06,0.8311648689282554,0.06497969350708899,0.9182602891629595,0.9893854748603352,606,0,630080.0,40508686.11965548,0,4.977038299996821
qits_noqopt,medium,68,noisy,qits,7108,6885,0.9686268992684299,21.390704429920117,50.76122004357298,3.825,0.0951386217948718,83.62277777777778,223,223,0.0014578827709483182,0.00044558659217877096,1e-05,0.0010004999999999997,1.796178769547227e-06,0.8195822899929871,0.06695119760154933,0.9182639626941987,0.9891061452513966,601,0,630080.0,40507663.35769547,0,5.0007851000063965
qits_noqopt,medium,69,noisy,qits,6996,6799,0.9718410520297313,21.305191939991175,50.7095161053096,3.777222222222222,0.09359722222222223,81.96,197,197,0.0014827206256999316,0.00047039106145251394,1e-05,0.0010004999999999997,1.829564247417586e-06,0.8198084802788691,0.07507229485995778,0.9183348935622474,0.9886173184357542,603,0,630080.0,40509781.335494824,0,5.065344199994797
qits_noqopt,medium,70,noisy,qits,7024,6812,0.9698177676537585,21.21021726365238,50.60540223135643,3.7844444444444445,0.09368002136752138,81.92666666666666,212,212,0.0014875883351957997,0.00047553072625698326,1e-05,0.0010002764245810056,1.7811843578107968e-06,0.8170378540378612,0.07362739612084386,0.9182008366443346,0.989036312849162,608,0,630080.0,40511296.11654184,0,5.0236710000026505
qits_noqopt,medium,71,noisy,qits,7088,6910,0.9748871331828443,21.898118668596236,51.31287988422576,3.838888888888889,0.09616720085470086,85.55888888888889,178,178,0.0014520917988831061,0.0004397765363128492,1e-05,0.0010004999999999997,1.8152625702566063e-06,0.8102198462667467,0.06505690605597722,0.9182862586793272,0.9905027932960894,606,0,630080.0,40508331.893370084,0,5.042803199997252
qits_noqopt,high,42,noisy,qits,10450,10124,0.9688038277511962,23.593935203476885,53.084255235084946,5.624444444444444,0.14641132478632476,135.74166666666667,326,326,0.001444876692739104,0.00043262569832402237,1e-05,0.0010004999999999997,1.7509944150816159e-06,0.8253488891217069,0.073221592995971,0.9182577186906644,0.9898743016759777,606,0,630080.0,40511670.03411195,0,4.993971699997928
qits_noqopt,high,43,noisy,qits,10483,10160,0.9691882094820186,23.7623031496063,53.17411417322835,5.644444444444445,0.14686778846153845,136.7061111111111,323,323,0.0014708909720669374,0.00045854748603351954,1e-05,0.0010004999999999997,1.843486033417753e-06,0.8068152030689505,0.07443847445444608,0.9182344032190303,0.9898743016759777,604,0,630080.0,40511884.624741554,0,5.165508999996746
qits_noqopt,high,44,noisy,qits,10553,10255,0.9717615843835876,23.138859093125305,52.55280351048269,5.697222222222222,0.1462630876068376,134.24444444444444,298,298,0.001474022055864828,0.0004616759776536313,1e-05,0.0010004999999999997,1.846078211196449e-06,0.8186596401901577,0.06955463051184332,0.9184128348944708,0.9896648044692737,604,0,630080.0,40511629.23110948,0,5.020272100005059
qits_noqopt,high,45,noisy,qits,10481,10198,0.9729987596603378,23.471759168464406,52.93479113551677,5.665555555555556,0.1463514957264957,135.18055555555554,283,283,0.0014857212067050588,0.0004735195530726257,1e-05,0.0010004999999999997,1.7016536324329195e-06,0.7989227921529085,0.06426058331434614,0.9182712348076012,0.9891061452513966,608,0,630080.0,40503242.316247694,0,4.863917899999251
qits_noqopt,high,46,noisy,qits,10468,10136,0.9682842949942683,23.68222178374112,53.07132991318074,5.631111111111111,0.1463880876068376,136.21555555555557,332,332,0.0014936503463687085,0.00048178770949720677,1e-05,0.0010000528491620109,1.8097877094906485e-06,0.8052554643285668,0.07980516076611541,0.9183337794748003,0.9907122905027933,606,0,630080.0,40517101.921938725,0,5.0552379000091605
qits_noqopt,high,47,noisy,qits,10854,10545,0.9715312327252625,23.696728307254624,52.97619724988146,5.858333333333333,0.15189396367521366,141.68555555555557,309,309,0.0014822646033513783,0.0004699441340782123,1e-05,0.0010004999999999997,1.8204692731658253e-06,0.8212496527066457,0.07985794379786967,0.9183076429505236,0.9893854748603352,609,1,629992.0,40517514.65532818,0,5.062309300001289
qits_noqopt,high,48,noisy,qits,10749,10432,0.9705088845473998,23.76246165644172,53.35985429447853,5.795555555555556,0.15142841880341884,140.63722222222222,317,317,0.0014650118212281987,0.00045273743016759776,1e-05,0.0010004999999999997,1.774391060600424e-06,0.8236729898801066,0.08808097743599456,0.9181904107385747,0.9905027932960894,605,0,630080.0,40513948.29633573,0,4.931941100000586
qits_noqopt,high,49,noisy,qits,10582,10256,0.9691929691929692,23.245904836193446,52.80596723868955,5.697777777777778,0.14734962606837607,135.205,326,326,0.0015020536983247474,0.0004898324022346369,1e-05,0.0010004999999999997,1.7212960901104344e-06,0.8068243651338602,0.06911400264956202,0.9182776531964426,0.9901536312849162,604,0,630080.0,40509369.37522607,0,4.90778340000179
qits_noqopt,high,50,noisy,qits,10642,10345,0.9720917120841946,23.200676655389078,52.44378927017883,5.747222222222222,0.14739716880341883,135.88166666666666,297,297,0.0014476279329608322,0.0004353072625698325,1e-05,0.0010004999999999997,1.8206703909994728e-06,0.814729697796731,0.07159518426052695,0.9184572889285275,0.989804469273743,606,0,630080.0,40502312.41301881,0,5.047430199994778
qits_noqopt,high,51,noisy,qits,10590,10257,0.9685552407932011,23.559422833187092,52.87637710831627,5.698333333333333,0.14759375000000002,137.17388888888888,333,333,0.0014542238212309937,0.0004420111731843575,1e-05,0.0010004999999999997,1.7126480466361007e-06,0.8289219058461963,0.08260020406201533,0.9183318010046309,0.9903631284916201,607,0,630080.0,40507435.606260344,0,4.9944253000012395
qits_noqopt,high,52,noisy,qits,10470,10198,0.9740210124164279,23.226122769170427,52.58638948813493,5.665555555555556,0.14530048076923074,133.6988888888889,272,272,0.0014603501005588744,0.00044826815642458096,1e-05,0.0010002764245810056,1.805519553287704e-06,0.8123741181942671,0.06249902233547221,0.9184540346369395,0.9883379888268157,604,0,630080.0,40507240.50851301,0,4.906939399991643
qits_noqopt,high,53,noisy,qits,10521,10231,0.9724360802205113,22.895709119343174,52.0596227152771,5.683888888888889,0.14438915598290597,132.2577777777778,290,290,0.001488079575418862,0.00047575418994413415,1e-05,0.0010004999999999997,1.8253854747280197e-06,0.8228909656483425,0.08935727207224883,0.9182346362139867,0.9902932960893854,606,0,630080.0,40517819.895676486,0,5.029302499998266
qits_noqopt,high,54,noisy,qits,10416,10124,0.9719662058371735,23.168510470169892,52.506321612011064,5.624444444444444,0.14416693376068376,132.5611111111111,292,292,0.001476769497206404,0.00046458100558659227,1e-05,0.0010004999999999997,1.6884916198118616e-06,0.8102599393094316,0.07437163964595501,0.9182294363861779,0.9900837988826816,601,0,630080.0,40509855.71449891,0,4.826527200008968
qits_noqopt,high,55,noisy,qits,10580,10264,0.9701323251417769,23.207229150428685,52.50185113016368,5.702222222222222,0.14654754273504275,135.06666666666666,316,316,0.0014792498770954266,0.00046703910614525143,1e-05,0.0010004999999999997,1.7107709501749662e-06,0.8243776612621749,0.07179767560345043,0.9182972394795131,0.9909217877094972,607,0,630080.0,40504398.177069776,0,4.940257700007351
qits_noqopt,high,56,noisy,qits,10605,10287,0.9700141442715701,24.03480120540488,53.68776125206571,5.715,0.15043055555555554,140.42277777777778,318,318,0.0014832956648035513,0.0004710614525139665,1e-05,0.0010004999999999997,1.734212289584473e-06,0.7961313234369406,0.08217442453115112,0.9184797403574353,0.9893156424581006,608,0,630080.0,40511211.18071858,0,4.995032500009074
qits_noqopt,high,57,noisy,qits,10687,10385,0.9717413680172172,23.503803562831006,52.87308618199326,5.769444444444445,0.14912366452991452,138.08277777777778,302,302,0.0014663634636856665,0.00045407821229050284,1e-05,0.0010004999999999997,1.7852513951638988e-06,0.8112752955364686,0.07827011422886923,0.9183113671511485,0.9886871508379889,605,0,630080.0,40510562.27697354,0,5.080769599992891
qits_noqopt,high,58,noisy,qits,10481,10177,0.9709951340520943,24.07330254495431,53.56097081654712,5.653888888888889,0.14794604700854702,138.4311111111111,304,304,0.0014602855642466175,0.0004480446927374301,1e-05,0.0010004999999999997,1.7408715091875297e-06,0.8067244098679474,0.06360053768713418,0.9184013297763447,0.9884078212290502,604,0,630080.0,40511179.017432615,0,5.023972799996955
qits_noqopt,high,59,noisy,qits,10729,10397,0.9690558299934756,23.03991536020006,52.37914783110513,5.776111111111111,0.14812927350427352,135.77666666666667,332,332,0.0014635006703893178,0.00045162011173184363,1e-05,0.0010000528491620109,1.8277094954629329e-06,0.8082028797246551,0.06463993400613446,0.9181580255744209,0.9900139664804469,602,0,630080.0,40512207.992405854,0,5.0743998000079955
qits_noqopt,high,60,noisy,qits,10485,10201,0.9729136862184072,23.479266738555044,52.928928536418,5.667222222222223,0.14658947649572648,135.5561111111111,284,284,0.0014766261899434516,0.0004643575418994413,1e-05,0.0010004999999999997,1.7686480440101169e-06,0.8068663361347501,0.0711226152345243,0.9182681540148764,0.9900139664804469,602,0,630080.0,40507136.30627413,0,5.036924900001395
qits_noqopt,high,61,noisy,qits,10603,10294,0.9708573045364519,23.47396541674762,52.81299786283272,5.7188888888888885,0.1476252670940171,136.8161111111111,309,309,0.0014485005139650644,0.00043664804469273745,1e-05,0.0010000528491620109,1.7996201103155801e-06,0.8035202468001231,0.08410040704643547,0.9183337457488059,0.9915502793296089,602,0,630080.0,40514081.77544766,0,5.073841300001732
qits_noqopt,high,62,noisy,qits,10514,10204,0.9705155031386723,23.175225401803214,52.63426107408859,5.668888888888889,0.14582291666666666,133.70055555555555,310,310,0.001468087888270531,0.00045586592178770954,1e-05,0.0010004999999999997,1.7219664828215112e-06,0.8136181641073105,0.08925950008018939,0.9181784301565334,0.9891061452513966,606,0,630080.0,40514354.58894368,0,4.839807199995448
qits_noqopt,high,63,noisy,qits,10517,10235,0.9731862698488162,23.41064973131412,52.893014167073765,5.686111111111111,0.14696661324786328,135.52722222222224,282,282,0.0014434061675975074,0.00043128491620111735,1e-05,0.0010002764245810056,1.8448268153848436e-06,0.8196813484389208,0.08970483165408001,0.9182398186845748,0.9916899441340782,607,0,630080.0,40512640.98578507,0,4.963803300003747
qits_noqopt,high,64,noisy,qits,10373,10077,0.9714643786754074,23.509675498660314,52.95574079587179,5.598333333333334,0.14518055555555556,134.42555555555555,296,296,0.0014441679106155186,0.0004319553072625698,1e-05,0.0010004999999999997,1.7126033529486407e-06,0.8037277159802595,0.07241012270864552,0.9183006613130286,0.9871508379888269,603,0,630080.0,40513078.27678319,0,4.865175099997032
qits_noqopt,high,65,noisy,qits,10501,10196,0.9709551471288449,23.57375441349549,52.91231855629659,5.664444444444444,0.14668322649572652,136.23055555555555,305,305,0.0014742109497205558,0.00046189944134078216,1e-05,0.0010004999999999997,1.8115083797732055e-06,0.8248452161078964,0.0788655830854904,0.9184285075372183,0.9912011173184357,610,0,630080.0,40503892.60577784,0,4.981982000002063
qits_noqopt,high,66,noisy,qits,10556,10275,0.9733800682076544,23.400583941605838,52.693430656934304,5.708333333333333,0.14678151709401707,135.62444444444444,281,281,0.0014703708826825034,0.0004583240223463687,1e-05,0.0010002764245810056,1.7704357551287226e-06,0.8185642663234718,0.07099669331136378,0.9183267016854489,0.9883379888268157,605,0,630080.0,40511596.49977588,0,4.922899900003358
qits_noqopt,high,67,noisy,qits,10489,10177,0.9702545523882162,23.085093839048834,52.54446300481478,5.653888888888889,0.1453629807692308,133.11166666666668,312,312,0.0014837955977650323,0.0004715083798882682,1e-05,0.0010004999999999997,1.7872178767643236e-06,0.8194068941685302,0.07419529446086622,0.9182602891629595,0.9893854748603352,606,0,630080.0,40508686.11965548,0,4.992472399999315
qits_noqopt,high,68,noisy,qits,10531,10229,0.9713227613711898,23.94036562713853,53.52683546778766,5.682777777777778,0.14886965811965816,138.81555555555556,302,302,0.001457802167597814,0.00044558659217877096,1e-05,0.0010004999999999997,1.7155754190428031e-06,0.8218164562260459,0.0762840367294877,0.9182639626941987,0.9891061452513966,601,0,630080.0,40507663.35769547,0,4.806459599993104
qits_noqopt,high,69,noisy,qits,10487,10202,0.9728234957566511,23.32356400705744,52.644089394236424,5.667777777777777,0.14578472222222225,134.62222222222223,285,285,0.0014825730279333788,0.00047039106145251394,1e-05,0.0010004999999999997,1.6819664808647062e-06,0.8062917025343673,0.07483330899117166,0.9183348935622474,0.9886173184357542,603,0,630080.0,40509781.335494824,0,4.749254400002428
qits_noqopt,high,70,noisy,qits,10468,10199,0.9743026366068017,23.18982253162075,52.7213452299245,5.666111111111111,0.1459025106837607,133.70944444444444,269,269,0.0014875189273753,0.00047553072625698326,1e-05,0.0010002764245810056,1.7117765373108105e-06,0.8059271820024663,0.0708214601558488,0.9182008366443346,0.989036312849162,608,0,630080.0,40511296.11654184,0,4.698186700008591
qits_noqopt,high,71,noisy,qits,10449,10163,0.972628959709063,23.873856144839124,53.27855948046837,5.646111111111111,0.14705902777777774,137.43055555555554,286,286,0.0014517886480465885,0.0004397765363128492,1e-05,0.0010004999999999997,1.5121117337394178e-06,0.8147145191065213,0.0878788980224168,0.9182862586793272,0.9905027932960894,606,0,630080.0,40508331.893370084,0,4.353578799990828
