step,update_norm
0,0.10779836773872375
10,0.04252269119024277
20,0.03686303645372391
30,0.0401109978556633
40,0.04096694663167
50,0.04358955845236778
60,0.03542674705386162
70,0.027671754360198975
80,0.025804923847317696
90,0.028005607426166534
100,0.02385815419256687
110,0.03096747025847435
120,0.027179811149835587
130,0.02849476784467697
140,0.03400441259145737
150,0.03206659480929375
160,0.027075735852122307
170,0.02974589169025421
180,0.03591760993003845
190,0.02762492373585701
200,0.04365937039256096
210,0.03819473460316658
220,0.04263337701559067
230,0.02779168263077736
240,0.025783436372876167
250,0.02714439108967781
260,0.027253998443484306
270,0.029368221759796143
280,0.022060099989175797
290,0.023438317701220512
300,0.023999182507395744
310,0.03630492836236954
320,0.02744206227362156
330,0.03438630327582359
340,0.03327951580286026
350,0.031168004497885704
360,0.02234981395304203
370,0.029023725539445877
380,0.027570337057113647
390,0.027633806690573692
400,0.016210542991757393
410,0.01813720352947712
420,0.01953684166073799
430,0.024636367335915565
440,0.026987958699464798
450,0.02544998750090599
460,0.018339650705456734
470,0.030787283554673195
480,0.022102748975157738
490,0.018860988318920135
500,0.04970394819974899
510,0.05227712169289589
520,0.06037190183997154
530,0.041509732604026794
540,0.03648296743631363
550,0.03703201189637184
560,0.027206474915146828
570,0.028914473950862885
580,0.029904210940003395
590,0.022628018632531166
600,0.030844366177916527
610,0.02757839486002922
620,0.03680768981575966
630,0.03764917701482773
640,0.033137015998363495
650,0.021281611174345016
660,0.019452953711152077
670,0.025596290826797485
680,0.0373113676905632
690,0.0433986522257328
700,0.031140657141804695
710,0.023331141099333763
720,0.02663080394268036
730,0.029686223715543747
740,0.024984130635857582
750,0.021435072645545006
760,0.023862788453698158
770,0.030370455235242844
780,0.02651304006576538
790,0.024242624640464783
800,0.017975108698010445
810,0.03029145486652851
820,0.02700025402009487
830,0.02192138321697712
840,0.019782112911343575
850,0.029899820685386658
860,0.02081654965877533
870,0.02524755150079727
880,0.02234288677573204
890,0.024527331814169884
900,0.025978194549679756
910,0.01883031241595745
920,0.015981102362275124
930,0.017541715875267982
940,0.032874640077352524
950,0.022792022675275803
960,0.022676611319184303
970,0.018397256731987
980,0.014146503992378712
990,0.023981783539056778
1000,0.04218330606818199
1010,0.03789815679192543
1020,0.04336519166827202
1030,0.028110172599554062
1040,0.03751639276742935
1050,0.031907010823488235
1060,0.02932182140648365
1070,0.043626997619867325
1080,0.04710517078638077
1090,0.0528317429125309
1100,0.03299606963992119
1110,0.03480987995862961
1120,0.03708523139357567
1130,0.0295041985809803
1140,0.027717189863324165
1150,0.030654095113277435
1160,0.028002524748444557
1170,0.03822213038802147
1180,0.019738562405109406
1190,0.01730683632194996
1200,0.02109350822865963
1210,0.023822013288736343
1220,0.02326057478785515
1230,0.021013708785176277
1240,0.04260145127773285
1250,0.024112213402986526
1260,0.023396961390972137
1270,0.02800808474421501
1280,0.0386684313416481
1290,0.02917560189962387
1300,0.022008273750543594
1310,0.026455119252204895
1320,0.030306821689009666
1330,0.0227596927434206
1340,0.03110102191567421
1350,0.03044380433857441
1360,0.025429964065551758
1370,0.01948208175599575
1380,0.016972798854112625
1390,0.01617315039038658
1400,0.03271304443478584
1410,0.030042415484786034
1420,0.02208160050213337
1430,0.022087812423706055
1440,0.021353093907237053
1450,0.02808823063969612
1460,0.02208476886153221
1470,0.024099692702293396
1480,0.01671023853123188
1490,0.01754211261868477
1500,0.027638226747512817
1510,0.03644675388932228
1520,0.03483425825834274
1530,0.02851191535592079
1540,0.0457393042743206
1550,0.04599728062748909
1560,0.04122118279337883
1570,0.03710329160094261
1580,0.029151948168873787
1590,0.03388981148600578
1600,0.03133935108780861
1610,0.02884368784725666
1620,0.04051727056503296
1630,0.04885714128613472
1640,0.037231214344501495
1650,0.03498537465929985
1660,0.02773907408118248
1670,0.029308894649147987
1680,0.05394839495420456
1690,0.0327795036137104
1700,0.042034924030303955
1710,0.03075074590742588
1720,0.03234627842903137
1730,0.041972022503614426
1740,0.04210711643099785
1750,0.03721649944782257
1760,0.050664711743593216
1770,0.047171518206596375
1780,0.03731821849942207
1790,0.04367063567042351
1800,0.03024376928806305
1810,0.03527861088514328
1820,0.031869903206825256
1830,0.041270360350608826
1840,0.039835378527641296
1850,0.025678351521492004
1860,0.03629719838500023
1870,0.031276509165763855
1880,0.035028405487537384
1890,0.03425194323062897
1900,0.02591797150671482
1910,0.03837842494249344
1920,0.03263368830084801
1930,0.02440248429775238
1940,0.02719505876302719
1950,0.029406340792775154
1960,0.03086407110095024
1970,0.018887042999267578
1980,0.017068875953555107
1990,0.019312554970383644
2000,0.030538365244865417
2010,0.04029937833547592
2020,0.039320897310972214
2030,0.03484678640961647
2040,0.03568103536963463
2050,0.05032816901803017
2060,0.03630027920007706
2070,0.04259257763624191
2080,0.03430987149477005
2090,0.03270644322037697
2100,0.037626732140779495
2110,0.03890061378479004
2120,0.028424113988876343
2130,0.04688433185219765
2140,0.04227584972977638
2150,0.051398199051618576
2160,0.029267441481351852
2170,0.02819143235683441
2180,0.027578672394156456
2190,0.03195728361606598
2200,0.020638734102249146
2210,0.02454441972076893
2220,0.02535014972090721
2230,0.023842886090278625
2240,0.024036603048443794
2250,0.028991028666496277
2260,0.024559352546930313
2270,0.02697107195854187
2280,0.03711399435997009
2290,0.024629825726151466
2300,0.033929936587810516
2310,0.02331271395087242
2320,0.03764522075653076
2330,0.050814516842365265
2340,0.03882260620594025
2350,0.03836664929986
2360,0.02130080945789814
2370,0.02262243628501892
2380,0.025368615984916687
2390,0.024753568693995476
2400,0.017746297642588615
2410,0.01977664604783058
2420,0.018804851919412613
2430,0.02124762162566185
2440,0.022600354626774788
2450,0.02566792070865631
2460,0.024467535316944122
2470,0.018448729068040848
2480,0.021820249035954475
2490,0.024052172899246216
2500,0.01994781382381916
2510,0.030843280255794525
2520,0.027200939133763313
2530,0.021319730207324028
2540,0.028022097423672676
2550,0.02642647735774517
2560,0.023179495707154274
2570,0.026163766160607338
2580,0.027065379545092583
2590,0.028331506997346878
2600,0.025243908166885376
2610,0.026707252487540245
2620,0.04210997000336647
2630,0.034884240478277206
2640,0.02908964455127716
2650,0.01980716362595558
2660,0.01840318739414215
2670,0.02023310400545597
2680,0.017469579353928566
2690,0.031058870255947113
2700,0.02416759729385376
2710,0.026874441653490067
2720,0.02319534495472908
2730,0.031616080552339554
2740,0.02542942389845848
2750,0.019962651655077934
2760,0.020899105817079544
2770,0.0256924107670784
2780,0.02571065165102482
2790,0.021998725831508636
2800,0.018690485507249832
2810,0.020129289478063583
2820,0.023263433948159218
2830,0.017556970939040184
2840,0.02140849456191063
2850,0.01791083626449108
2860,0.021385598927736282
2870,0.0200668815523386
2880,0.026737626641988754
2890,0.02007400617003441
2900,0.018168719485402107
2910,0.017779886722564697
2920,0.02090163715183735
2930,0.01878131739795208
2940,0.02146112732589245
2950,0.021032296121120453
2960,0.01776818558573723
2970,0.02618478052318096
2980,0.023909570649266243
2990,0.021234648302197456
3000,0.01963796280324459
3010,0.027593154460191727
3020,0.024484051391482353
3030,0.028844956308603287
3040,0.02482171729207039
3050,0.02548259124159813
3060,0.030881833285093307
3070,0.024998502805829048
3080,0.028192786499857903
3090,0.031985148787498474
3100,0.02701508067548275
3110,0.02953966334462166
3120,0.027852630242705345
3130,0.02391410619020462
3140,0.03822701424360275
3150,0.03342587500810623
3160,0.03546814247965813
3170,0.03222792595624924
3180,0.03449505567550659
3190,0.03652022033929825
3200,0.0405174195766449
3210,0.04116065055131912
3220,0.03265903890132904
3230,0.027641259133815765
3240,0.026882363483309746
3250,0.026508064940571785
3260,0.026086222380399704
3270,0.023723499849438667
3280,0.03777385130524635
3290,0.02420162595808506
3300,0.02394307218492031
3310,0.027096163481473923
3320,0.03351433202624321
3330,0.02127852849662304
3340,0.030046334490180016
3350,0.03714512661099434
3360,0.03182385861873627
3370,0.02279757522046566
3380,0.029548587277531624
3390,0.018087543547153473
3400,0.032746922224760056
3410,0.021740777418017387
3420,0.04328605905175209
3430,0.061852965503931046
3440,0.05248825252056122
3450,0.03192935138940811
3460,0.024831244722008705
3470,0.025342591106891632
3480,0.02136477455496788
3490,0.02037963643670082
3500,0.02582123875617981
3510,0.02629699744284153
3520,0.03400862216949463
3530,0.024829592555761337
3540,0.03319042921066284
3550,0.03218474239110947
3560,0.033311180770397186
3570,0.028125490993261337
3580,0.01892782188951969
3590,0.029422596096992493
3600,0.023625368252396584
3610,0.02457069419324398
3620,0.019848845899105072
3630,0.024745341390371323
3640,0.03432030230760574
3650,0.04711870104074478
3660,0.035989388823509216
3670,0.031115038320422173
3680,0.02393352799117565
3690,0.024150338023900986
3700,0.0269036665558815
3710,0.02728048898279667
3720,0.02193225920200348
3730,0.023503277450799942
3740,0.022851085290312767
3750,0.033896706998348236
3760,0.03325948864221573
3770,0.032340869307518005
3780,0.03336634114384651
3790,0.02846098132431507
3800,0.02566106617450714
3810,0.030490290373563766
3820,0.03719943016767502
3830,0.028511591255664825
3840,0.021537616848945618
3850,0.031021056696772575
3860,0.027502013370394707
3870,0.020848454907536507
3880,0.021692490205168724
3890,0.03178670257329941
3900,0.026805337518453598
3910,0.025511953979730606
3920,0.03248019516468048
3930,0.027394190430641174
3940,0.02649576961994171
3950,0.020148564130067825
3960,0.019216783344745636
3970,0.032250482589006424
3980,0.021651186048984528
3990,0.02421845681965351
4000,0.023767462000250816
4010,0.03162036091089249
4020,0.029275929555296898
4030,0.041759297251701355
4040,0.03469634801149368
4050,0.03456571698188782
4060,0.0322381928563118
4070,0.04180939868092537
4080,0.03604428470134735
4090,0.025314506143331528
4100,0.029164478182792664
4110,0.03150391951203346
4120,0.03543849289417267
4130,0.05264435335993767
4140,0.04338807985186577
4150,0.033636245876550674
4160,0.023810774087905884
4170,0.02732151560485363
4180,0.025259632617235184
4190,0.03113449737429619
4200,0.025145424529910088
4210,0.026193486526608467
4220,0.025575818493962288
4230,0.022102542221546173
4240,0.02520732395350933
4250,0.021678589284420013
4260,0.022046780213713646
4270,0.01668286696076393
4280,0.02139979600906372
4290,0.029032815247774124
4300,0.029620761051774025
4310,0.01792893186211586
4320,0.02081478387117386
4330,0.024284131824970245
4340,0.02118675224483013
4350,0.02390732616186142
4360,0.025681667029857635
4370,0.025692017748951912
4380,0.026764661073684692
4390,0.02398011088371277
4400,0.026182394474744797
4410,0.01992787793278694
4420,0.02732892334461212
4430,0.01710468716919422
4440,0.02131870947778225
4450,0.026960892602801323
4460,0.0324847549200058
4470,0.02552836388349533
4480,0.02077213115990162
4490,0.015039177611470222
4500,0.02922462485730648
4510,0.02414892427623272
4520,0.022767892107367516
4530,0.03143249452114105
4540,0.02811610698699951
4550,0.02684997394680977
4560,0.027613025158643723
4570,0.02393375150859356
4580,0.02460593171417713
4590,0.020017197355628014
4600,0.04619787633419037
4610,0.038566797971725464
4620,0.025311222299933434
4630,0.02547537349164486
4640,0.024256935343146324
4650,0.029274089261889458
4660,0.025948982685804367
4670,0.02040943130850792
4680,0.02527245692908764
4690,0.028739288449287415
4700,0.02446429617702961
4710,0.032145868986845016
4720,0.020594794303178787
4730,0.025353634729981422
4740,0.03470217064023018
4750,0.02862788364291191
4760,0.027125775814056396
4770,0.03364172205328941
4780,0.027110615745186806
4790,0.021647652611136436
4800,0.03077181987464428
4810,0.01837489940226078
4820,0.022508278489112854
4830,0.02689487487077713
4840,0.026103368028998375
4850,0.026682842522859573
4860,0.02326943352818489
4870,0.020801885053515434
4880,0.020644303411245346
4890,0.018991176038980484
4900,0.022197214886546135
4910,0.022929087281227112
4920,0.018421296030282974
4930,0.02252291329205036
4940,0.023055853322148323
4950,0.023660823702812195
4960,0.03168553113937378
4970,0.031845662742853165
4980,0.030200671404600143
4990,0.026450831443071365
5000,0.027103304862976074
5010,0.02468433789908886
5020,0.02705482766032219
5030,0.025101538747549057
5040,0.037681639194488525
5050,0.040499892085790634
5060,0.043489471077919006
5070,0.03590792044997215
5080,0.03361660614609718
5090,0.027599262073636055
5100,0.039473481476306915
5110,0.024710923433303833
5120,0.03158712014555931
5130,0.03449353203177452
5140,0.027310458943247795
5150,0.02631070278584957
5160,0.027261104434728622
5170,0.02887401357293129
5180,0.03194786235690117
5190,0.022662000730633736
5200,0.02136927656829357
5210,0.02343112975358963
5220,0.029726285487413406
5230,0.0330950953066349
5240,0.03243797644972801
5250,0.0370476096868515
5260,0.03295978903770447
5270,0.02263449877500534
5280,0.02222565747797489
5290,0.030090946704149246
5300,0.02805490419268608
5310,0.02779039926826954
5320,0.024139897897839546
5330,0.023549674078822136
5340,0.02653859741985798
5350,0.021669737994670868
5360,0.021884320303797722
5370,0.019933389499783516
5380,0.03276482969522476
5390,0.02572447806596756
5400,0.028557294979691505
5410,0.032450657337903976
5420,0.03688414767384529
5430,0.029321936890482903
5440,0.02628316730260849
5450,0.03347695246338844
5460,0.04069719463586807
5470,0.03257347643375397
5480,0.02208457700908184
5490,0.023126674816012383
5500,0.026560254395008087
5510,0.031087204813957214
5520,0.03860807418823242
5530,0.027343502268195152
5540,0.039879731833934784
5550,0.03474368155002594
5560,0.04569611698389053
5570,0.029298672452569008
5580,0.02867008000612259
5590,0.031055601313710213
5600,0.025806376710534096
5610,0.024483907967805862
5620,0.03644315525889397
5630,0.023903783410787582
5640,0.029533980414271355
5650,0.03067859262228012
5660,0.020643971860408783
5670,0.030420517548918724
5680,0.027911212295293808
5690,0.033156443387269974
5700,0.032587382942438126
5710,0.028174858540296555
5720,0.025675781071186066
5730,0.027244936674833298
5740,0.022732412442564964
5750,0.01849263533949852
5760,0.021355533972382545
5770,0.02327285148203373
5780,0.019043466076254845
5790,0.02524298056960106
5800,0.02852615900337696
5810,0.03449537232518196
5820,0.02452421560883522
5830,0.02637978456914425
5840,0.018441734835505486
5850,0.029068881645798683
5860,0.02441207505762577
5870,0.01943141780793667
5880,0.023316238075494766
5890,0.026705514639616013
5900,0.023882031440734863
5910,0.02279544435441494
5920,0.018419869244098663
5930,0.024562008678913116
5940,0.022566139698028564
5950,0.017942843958735466
5960,0.026538006961345673
5970,0.025720680132508278
5980,0.02952686697244644
5990,0.02138754539191723
6000,0.020942220464348793
6010,0.023906508460640907
6020,0.02690262347459793
6030,0.02961995266377926
6040,0.02455720864236355
6050,0.0209062360227108
6060,0.02280917949974537
6070,0.02705381065607071
6080,0.024386925622820854
6090,0.026918325573205948
6100,0.03048991970717907
6110,0.02440182864665985
6120,0.02145272120833397
6130,0.026016689836978912
6140,0.025238262489438057
6150,0.02437138557434082
6160,0.027332251891493797
6170,0.022175880149006844
6180,0.025963785126805305
6190,0.02880251221358776
6200,0.01848737709224224
6210,0.025772618129849434
6220,0.025159822776913643
6230,0.02614735998213291
6240,0.02491568960249424
6250,0.03687402978539467
6260,0.05039985477924347
6270,0.03261495754122734
6280,0.03244934603571892
6290,0.017216358333826065
6300,0.020476028323173523
6310,0.022375822067260742
6320,0.027002189308404922
6330,0.02159561961889267
6340,0.01882799342274666
6350,0.017769502475857735
6360,0.018904926255345345
6370,0.017444469034671783
6380,0.01750040240585804
6390,0.015673981979489326
6400,0.015021606348454952
6410,0.02058974839746952
6420,0.016640175133943558
6430,0.020424483343958855
6440,0.022222358733415604
6450,0.024914365261793137
6460,0.023020196706056595
6470,0.028654176741838455
6480,0.022137805819511414
6490,0.02135341987013817
6500,0.01836451329290867
6510,0.02055967040359974
6520,0.015183546580374241
6530,0.021590743213891983
6540,0.024523120373487473
6550,0.028271429240703583
6560,0.02446901611983776
6570,0.024583743885159492
6580,0.023560525849461555
6590,0.028670798987150192
6600,0.026553785428404808
6610,0.025164619088172913
6620,0.02482593059539795
6630,0.022335560992360115
6640,0.02223590761423111
6650,0.03125686198472977
6660,0.0255085751414299
6670,0.028028734028339386
6680,0.022366737946867943
6690,0.025505632162094116
6700,0.023214861750602722
6710,0.02762196958065033
6720,0.02377328649163246
6730,0.022389015182852745
6740,0.022146815434098244
6750,0.03095780871808529
6760,0.03492947667837143
6770,0.03692489489912987
6780,0.027365921065211296
6790,0.024416973814368248
6800,0.01980617269873619
6810,0.026087207719683647
6820,0.027677595615386963
6830,0.028467385098338127
6840,0.026626572012901306
6850,0.03013228252530098
6860,0.024212874472141266
6870,0.02475282922387123
6880,0.02880134806036949
6890,0.021713847294449806
6900,0.0228738896548748
6910,0.025774244219064713
6920,0.02658499963581562
6930,0.033044517040252686
6940,0.02244739979505539
6950,0.025499245151877403
6960,0.018014032393693924
6970,0.021965330466628075
6980,0.02500779554247856
6990,0.023093709722161293
7000,0.02551247738301754
7010,0.024917349219322205
7020,0.020841946825385094
7030,0.025048211216926575
7040,0.02161237969994545
7050,0.02533644810318947
7060,0.021715817973017693
7070,0.028260715305805206
7080,0.01943834498524666
7090,0.017162954434752464
7100,0.017440924420952797
7110,0.018010983243584633
7120,0.03485220670700073
7130,0.028652921319007874
7140,0.03262715041637421
7150,0.027364598587155342
7160,0.03345608711242676
7170,0.020653989166021347
7180,0.01994718611240387
7190,0.01824445091187954
7200,0.016531607136130333
7210,0.02233441174030304
7220,0.025390272960066795
7230,0.019963623955845833
7240,0.02342076227068901
7250,0.019571736454963684
7260,0.02615400217473507
7270,0.014872623607516289
7280,0.014707934111356735
7290,0.015185575000941753
7300,0.016447991132736206
7310,0.021240804344415665
7320,0.01616746000945568
7330,0.014231892302632332
7340,0.017279496416449547
7350,0.021079661324620247
7360,0.016536522656679153
7370,0.017453700304031372
7380,0.020627319812774658
7390,0.021648742258548737
7400,0.022791320458054543
7410,0.022112403064966202
7420,0.021623481065034866
7430,0.018445128574967384
7440,0.01798997074365616
7450,0.015054885298013687
7460,0.015420631505548954
7470,0.018303660675883293
7480,0.016539394855499268
7490,0.014581593684852123
7500,0.019881322979927063
7510,0.01654779352247715
7520,0.024703551083803177
7530,0.025871653109788895
7540,0.02655852772295475
7550,0.021267281845211983
7560,0.022264856845140457
7570,0.017649561166763306
7580,0.017519334331154823
7590,0.022822566330432892
7600,0.019546395167708397
7610,0.02127518132328987
7620,0.015810079872608185
7630,0.021255861967802048
7640,0.022769330069422722
7650,0.01807999052107334
7660,0.018213577568531036
7670,0.024262912571430206
7680,0.014615802094340324
7690,0.01845923438668251
7700,0.014215062372386456
7710,0.01772848702967167
7720,0.02022293023765087
7730,0.01632826402783394
7740,0.01787969470024109
7750,0.01986118219792843
7760,0.019308926537632942
7770,0.015141045674681664
7780,0.019291669130325317
7790,0.021048083901405334
7800,0.017967764288187027
7810,0.03433452174067497
7820,0.023010188713669777
7830,0.023903492838144302
7840,0.02027559094130993
7850,0.02131817117333412
7860,0.02300836890935898
7870,0.01613033190369606
7880,0.022100966423749924
7890,0.01772608608007431
7900,0.02216043323278427
7910,0.019357290118932724
7920,0.020022792741656303
7930,0.02433674782514572
7940,0.029111219570040703
7950,0.02354428544640541
7960,0.019397467374801636
7970,0.014944116584956646
7980,0.01869984343647957
7990,0.015525260008871555
8000,0.01499988604336977
8010,0.015266621485352516
8020,0.01768266037106514
8030,0.019441133365035057
8040,0.016638489440083504
8050,0.019254595041275024
8060,0.030474858358502388
8070,0.027546396479010582
8080,0.028314273804426193
8090,0.028405990451574326
8100,0.02256791852414608
8110,0.015877971425652504
8120,0.022771591320633888
8130,0.017655137926340103
8140,0.02232254482805729
8150,0.020902618765830994
8160,0.01716858148574829
8170,0.017553843557834625
8180,0.018592417240142822
8190,0.018626444041728973
8200,0.020448952913284302
8210,0.014601959846913815
8220,0.021136166527867317
8230,0.018162257969379425
8240,0.02143227867782116
8250,0.025675836950540543
8260,0.021885445341467857
8270,0.020834727212786674
8280,0.01676247827708721
8290,0.030815867707133293
8300,0.023884065449237823
8310,0.02717643603682518
8320,0.022593563422560692
8330,0.030176294967532158
8340,0.024505194276571274
8350,0.018302198499441147
8360,0.024133937433362007
8370,0.025675587356090546
8380,0.02399752102792263
8390,0.026638725772500038
8400,0.02964070625603199
8410,0.022054292261600494
8420,0.026861218735575676
8430,0.024050334468483925
8440,0.014162407256662846
8450,0.017414415255188942
8460,0.024432023987174034
8470,0.020274965092539787
8480,0.02205956168472767
8490,0.018940497189760208
8500,0.018850628286600113
8510,0.018868744373321533
8520,0.01631525158882141
8530,0.01659158430993557
8540,0.018177062273025513
8550,0.019391663372516632
8560,0.020449621602892876
8570,0.017238620668649673
8580,0.02155565656721592
8590,0.028455233201384544
8600,0.027611367404460907
8610,0.023664133623242378
8620,0.024553272873163223
8630,0.01625867374241352
8640,0.02260490693151951
8650,0.025814460590481758
8660,0.021055171266198158
8670,0.021780051290988922
8680,0.021555664017796516
8690,0.018216146156191826
8700,0.017080288380384445
8710,0.015758207067847252
8720,0.021295960992574692
8730,0.017448779195547104
8740,0.03153042495250702
8750,0.022842252627015114
8760,0.01959872804582119
8770,0.027153141796588898
8780,0.020739713683724403
8790,0.03148496150970459
8800,0.02107655070722103
8810,0.019310882315039635
8820,0.02068209834396839
8830,0.017491839826107025
8840,0.015249907970428467
8850,0.023682788014411926
8860,0.02168443612754345
8870,0.02592223882675171
8880,0.030485572293400764
8890,0.02173798345029354
8900,0.027449682354927063
8910,0.025911493226885796
8920,0.0241421889513731
8930,0.016902074217796326
8940,0.02016482874751091
8950,0.019673755392432213
8960,0.020307430997490883
8970,0.020091138780117035
8980,0.01614772155880928
8990,0.018972408026456833
9000,0.024291634559631348
9010,0.02884647063910961
9020,0.017313547432422638
9030,0.01850726082921028
9040,0.017481720075011253
9050,0.021646372973918915
9060,0.01953698694705963
9070,0.01856711320579052
9080,0.020045893266797066
9090,0.024155989289283752
9100,0.02285522036254406
9110,0.022861309349536896
9120,0.01667928695678711
9130,0.021355804055929184
9140,0.014242610894143581
9150,0.013560852035880089
9160,0.017159581184387207
9170,0.02220933511853218
9180,0.024069489911198616
9190,0.02273363620042801
9200,0.02258262224495411
9210,0.01986907795071602
9220,0.025759879499673843
9230,0.016741527244448662
9240,0.024441802874207497
9250,0.022453617304563522
9260,0.032582201063632965
9270,0.030087683349847794
9280,0.019108053296804428
9290,0.019090821966528893
9300,0.019492430612444878
9310,0.023124737665057182
9320,0.019128307700157166
9330,0.01807899959385395
9340,0.020290058106184006
9350,0.02580263651907444
9360,0.02286798693239689
9370,0.024083681404590607
9380,0.023955171927809715
9390,0.021273192018270493
9400,0.027066534385085106
9410,0.024163469672203064
9420,0.017185207456350327
9430,0.015358494594693184
9440,0.018524523824453354
9450,0.017498642206192017
9460,0.017976174131035805
9470,0.018976634368300438
9480,0.01970643922686577
9490,0.023558584973216057
9500,0.022278273478150368
9510,0.016155069693922997
9520,0.020582901313900948
9530,0.01643911376595497
9540,0.023760177195072174
9550,0.02097690850496292
9560,0.03165692463517189
9570,0.03126463294029236
9580,0.0219662394374609
9590,0.027636947110295296
9600,0.01730044186115265
9610,0.018012864515185356
9620,0.017173856496810913
9630,0.019605249166488647
9640,0.019273564219474792
9650,0.020627332851290703
9660,0.02442653477191925
9670,0.025179622694849968
9680,0.021890264004468918
9690,0.01573515124619007
9700,0.02146506868302822
9710,0.023822253569960594
9720,0.015547236427664757
9730,0.020747769623994827
9740,0.01926754228770733
9750,0.023969033733010292
9760,0.01789458841085434
9770,0.01946987956762314
9780,0.019680019468069077
9790,0.017056243494153023
9800,0.023866647854447365
9810,0.027909765020012856
9820,0.022263001650571823
9830,0.014621849171817303
9840,0.021950850263237953
9850,0.0228007510304451
9860,0.020865581929683685
9870,0.024843687191605568
9880,0.024048050865530968
9890,0.027603432536125183
9900,0.016074631363153458
9910,0.02016839012503624
9920,0.021358095109462738
9930,0.02522709034383297
9940,0.03438582271337509
9950,0.026947390288114548
9960,0.02670685201883316
9970,0.020959343761205673
9980,0.01734926365315914
9990,0.018333042040467262
10000,0.028242893517017365
10010,0.021037904545664787
10020,0.02225661836564541
10030,0.01597292721271515
10040,0.02777622453868389
10050,0.024529285728931427
10060,0.016981344670057297
10070,0.021841997280716896
10080,0.025897817686200142
10090,0.02304193750023842
10100,0.019215725362300873
10110,0.019598381593823433
10120,0.020152561366558075
10130,0.019526788964867592
10140,0.017916368320584297
10150,0.013378883711993694
10160,0.015642346814274788
10170,0.01830701343715191
10180,0.01882316544651985
10190,0.03843841329216957
10200,0.030052458867430687
10210,0.02396341972053051
10220,0.02753130905330181
10230,0.026911571621894836
10240,0.019975146278738976
10250,0.01958627440035343
10260,0.02478383481502533
10270,0.020548231899738312
10280,0.02857762761414051
10290,0.016833988949656487
10300,0.020074322819709778
10310,0.021470479667186737
10320,0.021435478702187538
10330,0.01973881386220455
10340,0.01918812468647957
10350,0.022794878110289574
10360,0.01955714263021946
10370,0.013968276791274548
10380,0.024099042639136314
10390,0.027161376550793648
10400,0.026568971574306488
10410,0.029003148898482323
10420,0.019545558840036392
10430,0.030671631917357445
10440,0.023757541552186012
10450,0.027928030118346214
10460,0.029784543439745903
10470,0.033883776515722275
10480,0.018882624804973602
10490,0.026444528251886368
10500,0.016685452312231064
10510,0.01785692386329174
10520,0.021708635613322258
10530,0.01928524114191532
10540,0.02024053782224655
10550,0.0203262846916914
10560,0.01929904706776142
10570,0.026035398244857788
10580,0.029004555195569992
10590,0.026222573593258858
10600,0.02663501910865307
10610,0.022399812936782837
10620,0.025668127462267876
10630,0.025317924097180367
10640,0.01654885523021221
10650,0.02170087955892086
10660,0.02072010189294815
10670,0.01903504505753517
10680,0.019647961482405663
10690,0.024281460791826248
10700,0.029583165422081947
10710,0.03125540912151337
10720,0.02411555126309395
10730,0.030311303213238716
10740,0.030078141018748283
10750,0.018634917214512825
10760,0.020059283822774887
10770,0.019408265128731728
10780,0.022912153974175453
10790,0.019393960013985634
10800,0.022852156311273575
10810,0.022133389487862587
10820,0.02064383216202259
10830,0.021594973281025887
10840,0.0221265722066164
10850,0.032204002141952515
10860,0.022232159972190857
10870,0.02413230761885643
10880,0.027877943590283394
10890,0.03475853428244591
10900,0.030551819130778313
10910,0.022694649174809456
10920,0.02191019058227539
10930,0.030760517343878746
10940,0.02492339350283146
10950,0.018587887287139893
10960,0.03050971031188965
10970,0.02886609360575676
10980,0.02816258743405342
10990,0.023873308673501015
11000,0.030024604871869087
11010,0.01902049407362938
11020,0.02183706685900688
11030,0.02367292158305645
11040,0.023804914206266403
11050,0.023162325844168663
11060,0.019767357036471367
11070,0.027891118079423904
11080,0.025815259665250778
11090,0.024048056453466415
11100,0.024483313784003258
11110,0.03276915103197098
11120,0.03172901272773743
11130,0.03132088854908943
11140,0.032017141580581665
11150,0.026925615966320038
11160,0.024760708212852478
11170,0.029071129858493805
11180,0.03585566207766533
11190,0.028720177710056305
11200,0.020154887810349464
11210,0.025504885241389275
11220,0.019474776461720467
11230,0.025498613715171814
11240,0.03253839164972305
11250,0.020464079454541206
11260,0.02388116717338562
11270,0.02989685907959938
11280,0.028255421668291092
11290,0.021568479016423225
11300,0.02230633795261383
11310,0.025507081300020218
11320,0.023812852799892426
11330,0.02714640647172928
11340,0.020235376432538033
11350,0.030861031264066696
11360,0.028925294056534767
11370,0.01738213561475277
11380,0.020646866410970688
11390,0.01934576779603958
11400,0.024238988757133484
11410,0.023140816017985344
11420,0.026151200756430626
11430,0.017345936968922615
11440,0.019241180270910263
11450,0.022771816700696945
11460,0.02101425640285015
11470,0.021916739642620087
11480,0.017993709072470665
11490,0.02906988374888897
11500,0.023394880816340446
11510,0.02532733976840973
11520,0.025240318849682808
11530,0.03209356963634491
11540,0.03299575671553612
11550,0.024172784760594368
11560,0.01924419030547142
11570,0.02138589508831501
11580,0.019895590841770172
11590,0.01875162497162819
11600,0.017599325627088547
11610,0.02642429806292057
11620,0.022734172642230988
11630,0.02647990919649601
11640,0.021554093807935715
11650,0.024678712710738182
11660,0.016736986115574837
11670,0.023154985159635544
11680,0.022270573303103447
11690,0.025092776864767075
11700,0.023211324587464333
11710,0.027058353647589684
11720,0.027525732293725014
11730,0.023374183103442192
11740,0.030109725892543793
11750,0.02226364053785801
11760,0.02270425483584404
11770,0.02091391198337078
11780,0.027470365166664124
11790,0.020989159122109413
11800,0.021853109821677208
11810,0.022351086139678955
11820,0.018458275124430656
11830,0.024187106639146805
11840,0.027308594435453415
11850,0.0282185897231102
11860,0.02099638059735298
11870,0.01590639539062977
11880,0.023064566776156425
11890,0.02393517829477787
11900,0.02320459857583046
11910,0.028005074709653854
11920,0.03155173733830452
11930,0.02038993127644062
11940,0.024717573076486588
11950,0.01958492398262024
11960,0.020742038264870644
11970,0.018549328669905663
11980,0.028886741027235985
11990,0.023192666471004486
12000,0.024062884971499443
12010,0.022586308419704437
12020,0.02575235813856125
12030,0.0208709966391325
12040,0.027981484308838844
12050,0.024007903411984444
12060,0.023297084495425224
12070,0.020454278215765953
12080,0.018985318019986153
12090,0.021949317306280136
12100,0.029620260000228882
12110,0.02263345941901207
12120,0.028230519965291023
12130,0.019288042560219765
12140,0.017431575804948807
12150,0.01902230829000473
12160,0.021711280569434166
12170,0.02513270080089569
12180,0.022901756688952446
12190,0.020733892917633057
12200,0.022646931931376457
12210,0.023989340290427208
12220,0.0219880323857069
12230,0.026918204501271248
12240,0.03214648365974426
12250,0.0285803209990263
12260,0.023432165384292603
12270,0.02542714588344097
12280,0.023279212415218353
12290,0.023327883332967758
12300,0.029681045562028885
12310,0.020372424274683
12320,0.022524962201714516
12330,0.021773064509034157
12340,0.023417504504323006
12350,0.022201744839549065
12360,0.02727731689810753
12370,0.02294055186212063
12380,0.020973213016986847
12390,0.024691767990589142
12400,0.02627388760447502
12410,0.02483592927455902
12420,0.01872056908905506
12430,0.01751892641186714
12440,0.027499930933117867
12450,0.029116244986653328
12460,0.03152589872479439
12470,0.018104007467627525
12480,0.016412906348705292
12490,0.016447436064481735
12500,0.017929241061210632
12510,0.028801249340176582
12520,0.017292296513915062
12530,0.016645947471261024
12540,0.026904920116066933
12550,0.021838754415512085
12560,0.015217658132314682
12570,0.0291716568171978
12580,0.025874197483062744
12590,0.02887621335685253
12600,0.026133505627512932
12610,0.022286534309387207
12620,0.02025151252746582
12630,0.029550187289714813
12640,0.019444718956947327
12650,0.0205378420650959
12660,0.024001942947506905
12670,0.020495258271694183
12680,0.0163288377225399
12690,0.017987485975027084
12700,0.019137848168611526
12710,0.02323801815509796
12720,0.026923799887299538
12730,0.01897634193301201
12740,0.026296330615878105
12750,0.020232312381267548
12760,0.027896346524357796
12770,0.024628277868032455
12780,0.01821812428534031
12790,0.025628432631492615
12800,0.029634810984134674
12810,0.030082039535045624
12820,0.02871338650584221
12830,0.027826456353068352
12840,0.027579430490732193
12850,0.01539530698210001
12860,0.021891500800848007
12870,0.028427405282855034
12880,0.01720035821199417
12890,0.02013416215777397
12900,0.02807852439582348
12910,0.0251088235527277
12920,0.034698836505413055
12930,0.03926267474889755
12940,0.026664583012461662
12950,0.030363528057932854
12960,0.025823738425970078
12970,0.018251318484544754
12980,0.026771564036607742
12990,0.01761184073984623
13000,0.018953396007418633
13010,0.03396667167544365
13020,0.02106618508696556
13030,0.026256639510393143
13040,0.03000899776816368
13050,0.021584685891866684
13060,0.02052316442131996
13070,0.020282454788684845
13080,0.027937812730669975
13090,0.025676019489765167
13100,0.019186917692422867
13110,0.017647121101617813
13120,0.01647157222032547
13130,0.01703972928225994
13140,0.020366914570331573
13150,0.018628574907779694
13160,0.01754095032811165
13170,0.022008193656802177
13180,0.01991562359035015
13190,0.01447027176618576
13200,0.014313469640910625
13210,0.019454101100564003
13220,0.019712932407855988
13230,0.023008840158581734
13240,0.016273992136120796
13250,0.019597230479121208
13260,0.01877645030617714
13270,0.016365397721529007
13280,0.015558102168142796
13290,0.023973599076271057
13300,0.01326088234782219
13310,0.01806061714887619
13320,0.014403550885617733
13330,0.019447065889835358
13340,0.01859588921070099
13350,0.014673116616904736
13360,0.013480531051754951
13370,0.02179795689880848
13380,0.017480511218309402
13390,0.017883332446217537
13400,0.0194525346159935
13410,0.019819442182779312
13420,0.015445524826645851
13430,0.014723733067512512
13440,0.013159144669771194
13450,0.01434207521378994
13460,0.016385555267333984
13470,0.01914970949292183
13480,0.014808936975896358
13490,0.01807328127324581
13500,0.025996718555688858
13510,0.02638840489089489
13520,0.030249185860157013
13530,0.022542040795087814
13540,0.01897634193301201
13550,0.020211011171340942
13560,0.01832263357937336
13570,0.019259179010987282
13580,0.0191433597356081
13590,0.017185363918542862
13600,0.01820080541074276
13610,0.030232882127165794
13620,0.029964424669742584
13630,0.03122437745332718
13640,0.020430713891983032
13650,0.017143642529845238
13660,0.014117574319243431
13670,0.016695454716682434
13680,0.014936772175133228
13690,0.017372332513332367
13700,0.015303258784115314
13710,0.01529096532613039
13720,0.013100219890475273
13730,0.020952071994543076
13740,0.018603067845106125
13750,0.02139405347406864
13760,0.012936952523887157
13770,0.01931600645184517
13780,0.016799628734588623
13790,0.016620436683297157
13800,0.014327856712043285
13810,0.013406401500105858
13820,0.01580594666302204
13830,0.014057653956115246
13840,0.024163149297237396
13850,0.018388401716947556
13860,0.01938583515584469
13870,0.023127298802137375
13880,0.01633630320429802
13890,0.017573434859514236
13900,0.02049221657216549
13910,0.019996080547571182
13920,0.02044263482093811
13930,0.02376977913081646
13940,0.021895531564950943
13950,0.020168589428067207
13960,0.016729649156332016
13970,0.017736611887812614
13980,0.019994137808680534
13990,0.016046488657593727
14000,0.014894201420247555
14010,0.02162296697497368
14020,0.022663846611976624
14030,0.01769111305475235
14040,0.02264748141169548
14050,0.020572857931256294
14060,0.027342544868588448
14070,0.021666599437594414
14080,0.023266060277819633
14090,0.0141933998093009
14100,0.0185373704880476
14110,0.017984649166464806
14120,0.025274857878684998
14130,0.019493207335472107
14140,0.02017628774046898
14150,0.01976551115512848
14160,0.016111206263303757
14170,0.01614898256957531
14180,0.01913555897772312
14190,0.020383546128869057
14200,0.019078537821769714
14210,0.016718752682209015
14220,0.01624131202697754
14230,0.017826339229941368
14240,0.015199066139757633
14250,0.016786983236670494
14260,0.01416338887065649
14270,0.015561963431537151
14280,0.015715984627604485
14290,0.01811477169394493
14300,0.019993893802165985
14310,0.023338839411735535
14320,0.022830499336123466
14330,0.03258833289146423
14340,0.027111370116472244
14350,0.023211559280753136
14360,0.0270554106682539
14370,0.021701756864786148
14380,0.023313812911510468
14390,0.013943953439593315
14400,0.014192868955433369
14410,0.016628023236989975
14420,0.01683283969759941
14430,0.014962744899094105
14440,0.015734579414129257
14450,0.01597794145345688
14460,0.018201621249318123
14470,0.012974275276064873
14480,0.017097922042012215
14490,0.01850251853466034
14500,0.017425252124667168
14510,0.017633743584156036
14520,0.01963692158460617
14530,0.011803930625319481
14540,0.014659588225185871
14550,0.01538648921996355
14560,0.01721794530749321
14570,0.015601220540702343
14580,0.018263833597302437
14590,0.019314292818307877
14600,0.022220473736524582
14610,0.022906357422471046
14620,0.023341896012425423
14630,0.020228398963809013
14640,0.01497401762753725
14650,0.01883278787136078
14660,0.019775375723838806
14670,0.01926557533442974
14680,0.014483162201941013
14690,0.014805984683334827
14700,0.01783769205212593
14710,0.012602128088474274
14720,0.01923312246799469
14730,0.016556713730096817
14740,0.01976797915995121
14750,0.01449331734329462
14760,0.013819814659655094
14770,0.018864726647734642
14780,0.015378197655081749
14790,0.020634466782212257
14800,0.01699722744524479
14810,0.02217341773211956
14820,0.020746977999806404
14830,0.017570389434695244
14840,0.01709473319351673
14850,0.016071757301688194
14860,0.015237274579703808
14870,0.018236715346574783
14880,0.01625162549316883
14890,0.01868530362844467
14900,0.013344812206923962
14910,0.01823793165385723
14920,0.026291411370038986
14930,0.017796330153942108
14940,0.02872535027563572
14950,0.018174685537815094
14960,0.018106548115611076
14970,0.016541631892323494
14980,0.015492754988372326
14990,0.023177096620202065
15000,0.019130421802401543
15010,0.021952053532004356
15020,0.03863891586661339
15030,0.03419802337884903
15040,0.02366742677986622
15050,0.01644028164446354
15060,0.013193258084356785
15070,0.013742480427026749
15080,0.017684493213891983
15090,0.016317112371325493
15100,0.01820848323404789
15110,0.01721441000699997
15120,0.015474958345293999
15130,0.01569283753633499
15140,0.015464292839169502
15150,0.01830536685883999
15160,0.020617445930838585
15170,0.017332041636109352
15180,0.017485424876213074
15190,0.015331028029322624
15200,0.016202544793486595
15210,0.015296866185963154
15220,0.012630467303097248
15230,0.014389925636351109
15240,0.012302800081670284
15250,0.015331669710576534
15260,0.018922317773103714
15270,0.021995140239596367
15280,0.022311752662062645
15290,0.017106084153056145
15300,0.019758161157369614
15310,0.018587574362754822
15320,0.019350826740264893
15330,0.01728719100356102
15340,0.020352687686681747
15350,0.019031604751944542
15360,0.014896380715072155
15370,0.014701799489557743
15380,0.019031807780265808
15390,0.01492876186966896
15400,0.014603986404836178
15410,0.012588764540851116
15420,0.013960478827357292
15430,0.01735120266675949
15440,0.013457653112709522
15450,0.017248796299099922
15460,0.01745094731450081
15470,0.014234842732548714
15480,0.018022894859313965
15490,0.015804488211870193
15500,0.013987962156534195
15510,0.014833522960543633
15520,0.013977467082440853
15530,0.016079628840088844
15540,0.014482910744845867
15550,0.014742783270776272
15560,0.016081029549241066
15570,0.017401503399014473
15580,0.01479677390307188
15590,0.020186541602015495
15600,0.010513580404222012
15610,0.01740933395922184
15620,0.018587034195661545
15630,0.01673928089439869
15640,0.01617446355521679
15650,0.020923936739563942
15660,0.01525744516402483
15670,0.01719444803893566
15680,0.01832219958305359
15690,0.01304529793560505
15700,0.026307879015803337
15710,0.015286704525351524
15720,0.019045142456889153
15730,0.021104203537106514
15740,0.017154540866613388
15750,0.02443813346326351
15760,0.019228728488087654
15770,0.022341689094901085
15780,0.02582717314362526
15790,0.022209350019693375
15800,0.02192080020904541
15810,0.01754211261868477
15820,0.014549062587320805
15830,0.016904618591070175
15840,0.014572560787200928
15850,0.018966400995850563
15860,0.016666878014802933
15870,0.015944739803671837
15880,0.01567913591861725
15890,0.017301248386502266
15900,0.012538057751953602
15910,0.011199340224266052
15920,0.013265365734696388
15930,0.011089538224041462
15940,0.015139855444431305
15950,0.015925394371151924
15960,0.01591174118220806
15970,0.015193809755146503
15980,0.01769784837961197
15990,0.019453242421150208
16000,0.019062429666519165
16010,0.025516631081700325
16020,0.018172090873122215
16030,0.016609352082014084
16040,0.013106326572597027
16050,0.01228406373411417
16060,0.014611550606787205
16070,0.014159034937620163
16080,0.012214815244078636
16090,0.013827740214765072
16100,0.017818164080381393
16110,0.015782345086336136
16120,0.013004940003156662
16130,0.015940550714731216
16140,0.01794380322098732
16150,0.015662629157304764
16160,0.01944795809686184
16170,0.014097522012889385
16180,0.015272703021764755
16190,0.01987931691110134
16200,0.02718009240925312
16210,0.022898947820067406
16220,0.02095438726246357
16230,0.01417514681816101
16240,0.019895704463124275
16250,0.01544393040239811
16260,0.02077479287981987
16270,0.01953117735683918
16280,0.01757846213877201
16290,0.013100598938763142
16300,0.016881493851542473
16310,0.0181483905762434
16320,0.01700017787516117
16330,0.018124036490917206
16340,0.017284957692027092
16350,0.016497060656547546
16360,0.014250429347157478
16370,0.02318798378109932
16380,0.015215123072266579
16390,0.013771956786513329
16400,0.013335793279111385
16410,0.013697082176804543
16420,0.018099350854754448
16430,0.014640306122601032
16440,0.015728319063782692
16450,0.011744514107704163
16460,0.020212700590491295
16470,0.019008276984095573
16480,0.018115567043423653
16490,0.014778352342545986
16500,0.013583874329924583
16510,0.021206557750701904
16520,0.01590593345463276
16530,0.0170897264033556
16540,0.015225471928715706
16550,0.016177959740161896
16560,0.014644085429608822
16570,0.01760161854326725
16580,0.017449095845222473
16590,0.020396966487169266
16600,0.011938194744288921
16610,0.014895252883434296
16620,0.013157171197235584
16630,0.015194203704595566
16640,0.016539735719561577
16650,0.011477973312139511
16660,0.012351260520517826
16670,0.015005051158368587
16680,0.021053969860076904
16690,0.015776922926306725
16700,0.02276633493602276
16710,0.020725013688206673
16720,0.0147190410643816
16730,0.015506434254348278
16740,0.018427520990371704
16750,0.013128213584423065
16760,0.009558454155921936
16770,0.018582653254270554
16780,0.015574702061712742
16790,0.016440140083432198
16800,0.016597341746091843
16810,0.01408445555716753
16820,0.017668895423412323
16830,0.013169266283512115
16840,0.017812397330999374
16850,0.01837160252034664
16860,0.018146999180316925
16870,0.011552686803042889
16880,0.013433635234832764
16890,0.011967580765485764
16900,0.013135066255927086
16910,0.024323146790266037
16920,0.02089308574795723
16930,0.01929781399667263
16940,0.017707474529743195
16950,0.015694957226514816
16960,0.011178695596754551
16970,0.01304780412465334
16980,0.018913857638835907
16990,0.02445106767117977
17000,0.018193373456597328
17010,0.02117755450308323
17020,0.018071671947836876
17030,0.014468822628259659
17040,0.02013443224132061
17050,0.018644684925675392
17060,0.015458960086107254
17070,0.013612142764031887
17080,0.018280310556292534
17090,0.014788179658353329
17100,0.013603060506284237
17110,0.017828093841671944
17120,0.01627066731452942
17130,0.02017972804605961
17140,0.01825091987848282
17150,0.019835270941257477
17160,0.012498424388468266
17170,0.020456625148653984
17180,0.015976624563336372
17190,0.01445607841014862
17200,0.01777440309524536
17210,0.011418375186622143
17220,0.01706780679523945
17230,0.01742132380604744
17240,0.016928285360336304
17250,0.015538628213107586
17260,0.017645690590143204
17270,0.012966878712177277
17280,0.012016627006232738
17290,0.014840601943433285
17300,0.018761495128273964
17310,0.013959286734461784
17320,0.0148165263235569
17330,0.020228171721100807
17340,0.01642639748752117
17350,0.01269053015857935
17360,0.017705103382468224
17370,0.015232953242957592
17380,0.016988318413496017
17390,0.015676043927669525
17400,0.013834785670042038
17410,0.016790155321359634
17420,0.013637796975672245
17430,0.019006364047527313
17440,0.015322274528443813
17450,0.02420160174369812
17460,0.02086591348052025
17470,0.022673267871141434
17480,0.020467529073357582
17490,0.01580648683011532
17500,0.020124781876802444
17510,0.017828475683927536
17520,0.0227065309882164
17530,0.026522096246480942
17540,0.014399792067706585
17550,0.0158900935202837
17560,0.014011634513735771
17570,0.017331015318632126
17580,0.01949777454137802
17590,0.025239374488592148
17600,0.021996239200234413
17610,0.02079782262444496
17620,0.019606435671448708
17630,0.016480302438139915
17640,0.017324451357126236
17650,0.014642584137618542
17660,0.01713634841144085
17670,0.016513343900442123
17680,0.026557380333542824
17690,0.017293015494942665
17700,0.020783577114343643
17710,0.016499660909175873
17720,0.014082808047533035
17730,0.017356425523757935
17740,0.013456366956233978
17750,0.017305398359894753
17760,0.016858931630849838
17770,0.017117029055953026
17780,0.015039891935884953
17790,0.015543327666819096
17800,0.018957415595650673
17810,0.0161911528557539
17820,0.016550442203879356
17830,0.019150245934724808
17840,0.02162185311317444
17850,0.017809372395277023
17860,0.015520471148192883
17870,0.016876671463251114
17880,0.014629341661930084
17890,0.01817360520362854
17900,0.019415540620684624
17910,0.0194534994661808
17920,0.016428979113698006
17930,0.0142624881118536
17940,0.014936708845198154
17950,0.014828273095190525
17960,0.018620256334543228
17970,0.017546555027365685
17980,0.017005659639835358
17990,0.020980484783649445
18000,0.020563533529639244
18010,0.013029102236032486
18020,0.01883646845817566
18030,0.012835506349802017
18040,0.01442109327763319
18050,0.01865156553685665
18060,0.013898083008825779
18070,0.015404680743813515
18080,0.012799538671970367
18090,0.01761203445494175
18100,0.013587335124611855
18110,0.015690244734287262
18120,0.01363501325249672
18130,0.015050796791911125
18140,0.014177568256855011
18150,0.011599322780966759
18160,0.010734961368143559
18170,0.022097565233707428
18180,0.013114836998283863
18190,0.01482838299125433
18200,0.01744411513209343
18210,0.012587608769536018
18220,0.013396010734140873
18230,0.015272638760507107
18240,0.015063485130667686
18250,0.011738243512809277
18260,0.014990152791142464
18270,0.010269642807543278
18280,0.014684340916574001
18290,0.01423754170536995
18300,0.01710026152431965
18310,0.019039183855056763
18320,0.012976355850696564
18330,0.010592548176646233
18340,0.015093513764441013
18350,0.011854651384055614
18360,0.02461986057460308
18370,0.012922429479658604
18380,0.012707609683275223
18390,0.01185616198927164
18400,0.015457549132406712
18410,0.015749851241707802
18420,0.01441630907356739
18430,0.012258402071893215
18440,0.012034319341182709
18450,0.015735238790512085
18460,0.012755187228322029
18470,0.015414254739880562
18480,0.017237680032849312
18490,0.01649487391114235
18500,0.017039025202393532
18510,0.020831722766160965
18520,0.015944138169288635
18530,0.016499966382980347
18540,0.017394430935382843
18550,0.01366562768816948
18560,0.020143838599324226
18570,0.019401151686906815
18580,0.019909914582967758
18590,0.01969209685921669
18600,0.016613265499472618
18610,0.016684284433722496
18620,0.01978922449052334
18630,0.018191365525126457
18640,0.01683790050446987
18650,0.021411553025245667
18660,0.016361119225621223
18670,0.020292207598686218
18680,0.02979789860546589
18690,0.016771377995610237
18700,0.014156230725347996
18710,0.01677287556231022
18720,0.01483642403036356
18730,0.019370565190911293
18740,0.02350572869181633
18750,0.014019698835909367
18760,0.014717168174684048
18770,0.014841585420072079
18780,0.01732330583035946
18790,0.016161693260073662
18800,0.01937233842909336
18810,0.01611822098493576
18820,0.020919950678944588
18830,0.021327663213014603
18840,0.02016470767557621
18850,0.015274878591299057
18860,0.014693936333060265
18870,0.017279548570513725
18880,0.024191776290535927
18890,0.01782500371336937
18900,0.014075856655836105
18910,0.01748303882777691
18920,0.017796386033296585
18930,0.017962699756026268
18940,0.015769578516483307
18950,0.024019768461585045
18960,0.022586479783058167
18970,0.02554626390337944
18980,0.025438478216528893
18990,0.016997992992401123
19000,0.015470100566744804
19010,0.01955016329884529
19020,0.023076796904206276
19030,0.01417849026620388
19040,0.012441915459930897
19050,0.015300044789910316
19060,0.01998475193977356
19070,0.017762117087841034
19080,0.016153356060385704
19090,0.01591762714087963
19100,0.021669911220669746
19110,0.02136748656630516
19120,0.019546547904610634
19130,0.016444498673081398
19140,0.018033679574728012
19150,0.01698744297027588
19160,0.019302450120449066
19170,0.022927826270461082
19180,0.01969875767827034
19190,0.022319095209240913
19200,0.01961658149957657
19210,0.025289857760071754
19220,0.01971500925719738
19230,0.015201044268906116
19240,0.016870900988578796
19250,0.02020839788019657
19260,0.021200018003582954
19270,0.019129857420921326
19280,0.017399782314896584
19290,0.02118820697069168
19300,0.017532363533973694
19310,0.018957268446683884
19320,0.014912184327840805
19330,0.01846294477581978
19340,0.027704082429409027
19350,0.01900111511349678
19360,0.01960684172809124
19370,0.015492355450987816
19380,0.019239628687500954
19390,0.01805167645215988
19400,0.016732802614569664
19410,0.01854490488767624
19420,0.018138544633984566
19430,0.024097779765725136
19440,0.014224819839000702
19450,0.018350666388869286
19460,0.016218695789575577
19470,0.018298035487532616
19480,0.015001682564616203
19490,0.02071254327893257
19500,0.018992330878973007
19510,0.018558649346232414
19520,0.026952680200338364
19530,0.019564393907785416
19540,0.022308271378278732
19550,0.019913149997591972
19560,0.022400984540581703
19570,0.020260706543922424
19580,0.01940925605595112
19590,0.023581955581903458
19600,0.019256945699453354
19610,0.025406254455447197
19620,0.022520652040839195
19630,0.023320671170949936
19640,0.016616934910416603
19650,0.021529514342546463
19660,0.019472455605864525
19670,0.01716688461601734
19680,0.022891784086823463
19690,0.023089628666639328
19700,0.020592564716935158
19710,0.023338558152318
19720,0.02038557082414627
19730,0.01647973246872425
19740,0.014987606555223465
19750,0.018536673858761787
19760,0.01830041967332363
19770,0.023772140964865685
19780,0.018916470929980278
19790,0.021599896252155304
19800,0.018756669014692307
19810,0.016985692083835602
19820,0.014538729563355446
19830,0.01746596209704876
19840,0.016023341566324234
19850,0.012983203865587711
19860,0.029162656515836716
19870,0.016571464017033577
19880,0.018633199855685234
19890,0.017375832423567772
19900,0.021638525649905205
19910,0.015370333567261696
19920,0.015272798016667366
19930,0.018777543678879738
19940,0.014816471375524998
19950,0.01741299219429493
19960,0.022651314735412598
19970,0.01801678165793419
19980,0.015318147838115692
19990,0.025380494073033333
20000,0.018498077988624573
20010,0.016579192131757736
20020,0.017946600914001465
20030,0.02251330576837063
20040,0.01830616593360901
20050,0.01709318347275257
20060,0.014320428483188152
20070,0.017005691304802895
20080,0.019093377515673637
20090,0.026961674913764
20100,0.01895304210484028
20110,0.015592156909406185
20120,0.015815868973731995
20130,0.01693195290863514
20140,0.01739059016108513
20150,0.02441064640879631
20160,0.020883360877633095
20170,0.020833982154726982
20180,0.01619727537035942
20190,0.019399473443627357
20200,0.01724071614444256
20210,0.01646432839334011
20220,0.01610005460679531
20230,0.019692642614245415
20240,0.013729593716561794
20250,0.013739124871790409
20260,0.016026340425014496
20270,0.014948838390409946
20280,0.012621290050446987
20290,0.01717115007340908
20300,0.01741429604589939
20310,0.016387924551963806
20320,0.017937062308192253
20330,0.01543710008263588
20340,0.013927946798503399
20350,0.015461222268640995
20360,0.018906354904174805
20370,0.018566081300377846
20380,0.01586967706680298
20390,0.013749007135629654
20400,0.013466867618262768
20410,0.014072037301957607
20420,0.015058849938213825
20430,0.013260514475405216
20440,0.012769056484103203
20450,0.016419654712080956
20460,0.013724884018301964
20470,0.01591530628502369
20480,0.017936253920197487
20490,0.016139356419444084
20500,0.013176767155528069
20510,0.01701371930539608
20520,0.017246374860405922
20530,0.02134598419070244
20540,0.02098269574344158
20550,0.01655523292720318
20560,0.015503746457397938
20570,0.015140688046813011
20580,0.01195162907242775
20590,0.013455304317176342
20600,0.010647409595549107
20610,0.016981011256575584
20620,0.01471539493650198
20630,0.013642657548189163
20640,0.015644105151295662
20650,0.015623367391526699
20660,0.0184322539716959
20670,0.020106367766857147
20680,0.01989736780524254
20690,0.02181711606681347
20700,0.01860421895980835
20710,0.020867303013801575
20720,0.01571313478052616
20730,0.01718561165034771
20740,0.01507588941603899
20750,0.02012423612177372
20760,0.019143566489219666
20770,0.01631087064743042
20780,0.01729801669716835
20790,0.017315013334155083
20800,0.022205397486686707
20810,0.022670382633805275
20820,0.029424365609884262
20830,0.020758338272571564
20840,0.0228740181773901
20850,0.015548327937722206
20860,0.023213285952806473
20870,0.02217404544353485
20880,0.020206836983561516
20890,0.021024515852332115
20900,0.016322452574968338
20910,0.016339411959052086
20920,0.012877651490271091
20930,0.01748002879321575
20940,0.01926163211464882
20950,0.026165418326854706
20960,0.018191134557127953
20970,0.02109435386955738
20980,0.016925055533647537
20990,0.014430521056056023
21000,0.015011591836810112
21010,0.015842467546463013
21020,0.012416722252964973
21030,0.010604790411889553
21040,0.01732119731605053
21050,0.016131935641169548
21060,0.01305377297103405
21070,0.01354327891021967
21080,0.012029753066599369
21090,0.015397432260215282
21100,0.015523233450949192
21110,0.01570047438144684
21120,0.012346512638032436
21130,0.01584470085799694
21140,0.016804689541459084
21150,0.016924556344747543
21160,0.018571581691503525
21170,0.01640208438038826
21180,0.01924465037882328
21190,0.01762075535953045
21200,0.024950675666332245
21210,0.020988227799534798
21220,0.015050502493977547
21230,0.020455490797758102
21240,0.017563479021191597
21250,0.020411843433976173
21260,0.019192799925804138
21270,0.01645968109369278
21280,0.017864881083369255
21290,0.013952759094536304
21300,0.017781594768166542
21310,0.016768714413046837
21320,0.015648383647203445
21330,0.01307414099574089
21340,0.017049461603164673
21350,0.025719769299030304
21360,0.015690680593252182
21370,0.01902318373322487
21380,0.017205672338604927
21390,0.012896076776087284
21400,0.015380209311842918
21410,0.019247230142354965
21420,0.015334316529333591
21430,0.013221375644207
21440,0.013911054469645023
21450,0.014023208059370518
21460,0.015908416360616684
21470,0.01784224435687065
21480,0.01620788499712944
21490,0.01513595785945654
21500,0.019101180136203766
21510,0.018107162788510323
21520,0.01670495793223381
21530,0.013516283594071865
21540,0.015110984444618225
21550,0.01459434162825346
21560,0.014557477086782455
21570,0.01316402480006218
21580,0.011013098992407322
21590,0.013543464243412018
21600,0.012595154345035553
21610,0.013440328650176525
21620,0.020345384255051613
21630,0.017203474417328835
21640,0.016570139676332474
21650,0.021374184638261795
21660,0.018675949424505234
21670,0.01734493486583233
21680,0.016272548586130142
21690,0.012172620743513107
21700,0.015410209074616432
21710,0.012741809710860252
21720,0.013842478394508362
21730,0.016034835949540138
21740,0.016645967960357666
21750,0.01631501317024231
21760,0.013603604398667812
21770,0.01312174927443266
21780,0.015118040144443512
21790,0.014210608787834644
21800,0.0169290192425251
21810,0.01848582923412323
21820,0.021116698160767555
21830,0.01629636622965336
21840,0.01963873580098152
21850,0.02119729295372963
21860,0.01921558938920498
21870,0.019142625853419304
21880,0.017622975632548332
21890,0.012939231470227242
21900,0.015261751599609852
21910,0.014805682934820652
21920,0.017608599737286568
21930,0.012636298313736916
21940,0.015473523177206516
21950,0.017036013305187225
21960,0.011939428746700287
21970,0.013785919174551964
21980,0.01587134785950184
21990,0.013911481015384197
22000,0.012679788284003735
22010,0.011242400854825974
22020,0.015873540192842484
22030,0.015168865211308002
22040,0.015552428551018238
22050,0.021368984133005142
22060,0.01612366922199726
22070,0.014843747019767761
22080,0.013939827680587769
22090,0.013161600567400455
22100,0.0158136785030365
22110,0.013202623464167118
22120,0.01778515987098217
22130,0.013687027618288994
22140,0.019365733489394188
22150,0.015505576506257057
22160,0.013017629273235798
22170,0.01604512706398964
22180,0.01230879407376051
22190,0.011307128705084324
22200,0.0247377697378397
22210,0.015974827110767365
22220,0.014190547168254852
22230,0.019324859604239464
22240,0.025258345529437065
22250,0.016645217314362526
22260,0.017394328489899635
22270,0.01422413531690836
22280,0.013536973856389523
22290,0.014017462730407715
22300,0.016440091654658318
22310,0.013894557021558285
22320,0.013069450855255127
22330,0.01908889412879944
22340,0.013808833435177803
22350,0.018440013751387596
22360,0.01625760830938816
22370,0.015645451843738556
22380,0.018057432025671005
22390,0.017775116488337517
22400,0.01712852343916893
22410,0.01768510974943638
22420,0.015550547279417515
22430,0.017568398267030716
22440,0.019584545865654945
22450,0.017967818304896355
22460,0.01801806315779686
22470,0.01570793054997921
22480,0.02189132571220398
22490,0.01945064216852188
22500,0.017821846529841423
22510,0.015155124478042126
22520,0.0202106274664402
22530,0.021454621106386185
22540,0.016562262549996376
22550,0.013988942839205265
22560,0.015753623098134995
22570,0.019483989104628563
22580,0.016230499371886253
22590,0.017960041761398315
22600,0.01627619005739689
22610,0.017998281866312027
22620,0.019170602783560753
22630,0.01402138639241457
22640,0.017779255285859108
22650,0.01938319392502308
22660,0.013780567795038223
22670,0.012588448822498322
22680,0.016042685136198997
22690,0.01367939356714487
22700,0.022248446941375732
22710,0.013967231847345829
22720,0.016179334372282028
22730,0.018698502331972122
22740,0.016039123758673668
22750,0.011006753891706467
22760,0.011025403626263142
22770,0.01323972549289465
22780,0.01392922829836607
22790,0.017319658771157265
22800,0.019552867859601974
22810,0.016186581924557686
22820,0.013228309340775013
22830,0.012351284734904766
22840,0.01356971263885498
22850,0.016165124252438545
22860,0.012371773831546307
22870,0.012720032595098019
22880,0.011185313574969769
22890,0.01642429083585739
22900,0.018109219148755074
22910,0.017572790384292603
22920,0.013217800296843052
22930,0.01376940868794918
22940,0.011746752075850964
22950,0.01596946083009243
22960,0.01905367150902748
22970,0.014483979903161526
22980,0.011280587874352932
22990,0.014024277217686176
23000,0.01601436920464039
23010,0.013422969728708267
23020,0.014003032818436623
23030,0.014688817784190178
23040,0.016278309747576714
23050,0.017242655158042908
23060,0.016310857608914375
23070,0.017945541068911552
23080,0.02082306519150734
23090,0.020972011610865593
23100,0.01761820912361145
23110,0.017869122326374054
23120,0.020108668133616447
23130,0.029468676075339317
23140,0.017836706712841988
23150,0.025332890450954437
23160,0.021678077057003975
23170,0.020030992105603218
23180,0.020983390510082245
23190,0.01869068294763565
23200,0.018001066520810127
23210,0.014628865756094456
23220,0.014578408561646938
23230,0.016359684988856316
23240,0.01246108952909708
23250,0.014528256841003895
23260,0.015428752638399601
23270,0.012627820484340191
23280,0.014448868110775948
23290,0.014824161306023598
23300,0.014328354969620705
23310,0.01618512161076069
23320,0.015140587463974953
23330,0.015913868322968483
23340,0.016188649460673332
23350,0.014553784392774105
23360,0.017772499471902847
23370,0.017367888242006302
23380,0.014029180631041527
23390,0.011787761934101582
23400,0.01788235455751419
23410,0.017119260504841805
23420,0.020824383944272995
23430,0.01654590666294098
23440,0.01682170294225216
23450,0.014822245575487614
23460,0.012630597688257694
23470,0.011884013190865517
23480,0.013255337253212929
23490,0.010691043920814991
23500,0.01408847514539957
23510,0.018452303484082222
23520,0.01882544532418251
23530,0.012949430383741856
23540,0.018244668841362
23550,0.017506226897239685
23560,0.028193561360239983
23570,0.01931864209473133
23580,0.024049364030361176
23590,0.01670665107667446
23600,0.01823224313557148
23610,0.02010919339954853
23620,0.015575263649225235
23630,0.01785549893975258
23640,0.016914919018745422
23650,0.019825391471385956
23660,0.01760580576956272
23670,0.015713367611169815
23680,0.015598587691783905
23690,0.03060256876051426
23700,0.021794574335217476
23710,0.015867358073592186
23720,0.02203984372317791
23730,0.015334105119109154
23740,0.017149224877357483
23750,0.013575177639722824
23760,0.017141280695796013
23770,0.01863151788711548
23780,0.02274474874138832
23790,0.01853181980550289
23800,0.015027331188321114
23810,0.019759947434067726
23820,0.01759687066078186
23830,0.01810348592698574
23840,0.015349175781011581
23850,0.013675564900040627
23860,0.01361876167356968
23870,0.013059359975159168
23880,0.01837889663875103
23890,0.014628700911998749
23900,0.01772078312933445
23910,0.01575271598994732
23920,0.015349901281297207
23930,0.019113006070256233
23940,0.012517196126282215
23950,0.01485835388302803
23960,0.01700568199157715
23970,0.01151086762547493
23980,0.011416669003665447
23990,0.014957631006836891
24000,0.01808324083685875
24010,0.013580713421106339
24020,0.013142494484782219
24030,0.019171668216586113
24040,0.015697773545980453
24050,0.013168785721063614
24060,0.014254533685743809
24070,0.01330710481852293
24080,0.015317052602767944
24090,0.014623117633163929
24100,0.01662600412964821
24110,0.01667925715446472
24120,0.017233053222298622
24130,0.012391984462738037
24140,0.011355624534189701
24150,0.015137450769543648
24160,0.015559066087007523
24170,0.015417495742440224
24180,0.016334179788827896
24190,0.01564881019294262
24200,0.01680888421833515
24210,0.015417437069118023
24220,0.015524355694651604
24230,0.01906038261950016
24240,0.019501429051160812
24250,0.015922890976071358
24260,0.014520188793540001
24270,0.01514856144785881
24280,0.015699906274676323
24290,0.018380790948867798
24300,0.022432465106248856
24310,0.01633962243795395
24320,0.013367841020226479
24330,0.017246071249246597
24340,0.014595427550375462
24350,0.020980048924684525
24360,0.01587340421974659
24370,0.01772441528737545
24380,0.01999916136264801
24390,0.015727311372756958
24400,0.01132092997431755
24410,0.022484462708234787
24420,0.01678229682147503
24430,0.014215828850865364
24440,0.01650412566959858
24450,0.017572052776813507
24460,0.013192298822104931
24470,0.012869983911514282
24480,0.012862440198659897
24490,0.027596337720751762
24500,0.020028244704008102
24510,0.01753971166908741
24520,0.012475444003939629
24530,0.01543495710939169
24540,0.013941344805061817
24550,0.016747279092669487
24560,0.021542612463235855
24570,0.015044007450342178
24580,0.014053232036530972
24590,0.013320840895175934
24600,0.030049744993448257
24610,0.0216867383569479
24620,0.015867305919528008
24630,0.013870811089873314
24640,0.015485639683902264
24650,0.015268704853951931
24660,0.014322496950626373
24670,0.016528552398085594
24680,0.014900682494044304
24690,0.01876744069159031
24700,0.01279444433748722
24710,0.014289580285549164
24720,0.017721137031912804
24730,0.020869456231594086
24740,0.01661323755979538
24750,0.012229450978338718
24760,0.014015688560903072
24770,0.016884714365005493
24780,0.013805021531879902
24790,0.01340501755475998
24800,0.01846976764500141
24810,0.015702789649367332
24820,0.016369495540857315
24830,0.01968804933130741
24840,0.013681022450327873
24850,0.02957901358604431
24860,0.019211318343877792
24870,0.0243608970195055
24880,0.018323326483368874
24890,0.018776750192046165
24900,0.0169573612511158
24910,0.022552741691470146
24920,0.019264381378889084
24930,0.014290607534348965
24940,0.013420364819467068
24950,0.015364575199782848
24960,0.01416965201497078
24970,0.02055647037923336
24980,0.015379540622234344
24990,0.013819911517202854
25000,0.01356786210089922
25010,0.016664791852235794
25020,0.018810054287314415
25030,0.014484548009932041
25040,0.016981763765215874
25050,0.01817687228322029
25060,0.0278061144053936
25070,0.020592311397194862
25080,0.017676373943686485
25090,0.020103823393583298
25100,0.01420518383383751
25110,0.014203629456460476
25120,0.014775678515434265
25130,0.013718515634536743
25140,0.0118749113753438
25150,0.010976886376738548
25160,0.014049114659428596
25170,0.015751933678984642
25180,0.016936521977186203
25190,0.014820275828242302
25200,0.012833894230425358
25210,0.012413251213729382
25220,0.014606746844947338
25230,0.0121377594769001
25240,0.015640949830412865
25250,0.012051967903971672
25260,0.014036666601896286
25270,0.019277093932032585
25280,0.01438126154243946
25290,0.017252961173653603
25300,0.01645565964281559
25310,0.017751021310687065
25320,0.02046567015349865
25330,0.017490170896053314
25340,0.014503706246614456
25350,0.024639159440994263
25360,0.028705133125185966
25370,0.029365578666329384
25380,0.01963980495929718
25390,0.01529894769191742
25400,0.020459512248635292
25410,0.015602321363985538
25420,0.0150734419003129
25430,0.016088034957647324
25440,0.023003511130809784
25450,0.01981407217681408
25460,0.0197422094643116
25470,0.01400051824748516
25480,0.019709913060069084
25490,0.013263205997645855
25500,0.015050581656396389
25510,0.01659918949007988
25520,0.015457459725439548
25530,0.015326928347349167
25540,0.03330522030591965
25550,0.020681248977780342
25560,0.020471498370170593
25570,0.02438504807651043
25580,0.024998702108860016
25590,0.02600088343024254
25600,0.02603980153799057
25610,0.023322146385908127
25620,0.022130535915493965
25630,0.017506390810012817
25640,0.021863050758838654
25650,0.021153943613171577
25660,0.02721761167049408
25670,0.02462073042988777
25680,0.019310100004076958
25690,0.018410736694931984
25700,0.01389462873339653
25710,0.018163807690143585
25720,0.01787983998656273
25730,0.018697388470172882
25740,0.020574156194925308
25750,0.016729500144720078
25760,0.017734592780470848
25770,0.01415400393307209
25780,0.017079545184969902
25790,0.014747689478099346
25800,0.021225349977612495
25810,0.024232059717178345
25820,0.020603075623512268
25830,0.020872801542282104
25840,0.02087729424238205
25850,0.018849467858672142
25860,0.02324453368782997
25870,0.014682330191135406
25880,0.022483661770820618
25890,0.02039676532149315
25900,0.019009893760085106
25910,0.0170256569981575
25920,0.01553689781576395
25930,0.01834058202803135
25940,0.01534308958798647
25950,0.01722392998635769
25960,0.015408570878207684
25970,0.01434299722313881
25980,0.015735704451799393
25990,0.018383150920271873
26000,0.013574422337114811
26010,0.01724873296916485
26020,0.017005035653710365
26030,0.015819121152162552
26040,0.018997155129909515
26050,0.015733644366264343
26060,0.018590455874800682
26070,0.02340174838900566
26080,0.023099683225154877
26090,0.015691030770540237
26100,0.016804978251457214
26110,0.014738770201802254
26120,0.013676779344677925
26130,0.021255597472190857
26140,0.014161883853375912
26150,0.0169677697122097
26160,0.020654674619436264
26170,0.01581333950161934
26180,0.01576702482998371
26190,0.01415534783154726
26200,0.014843703247606754
26210,0.012766131199896336
26220,0.015721525996923447
26230,0.012438737787306309
26240,0.01379247847944498
26250,0.01608961448073387
26260,0.016521267592906952
26270,0.01610659807920456
26280,0.018919900059700012
26290,0.0245977696031332
26300,0.01637165993452072
26310,0.016998298466205597
26320,0.016627000644803047
26330,0.016158893704414368
26340,0.015622197650372982
26350,0.014406252652406693
26360,0.028005944564938545
26370,0.016103258356451988
26380,0.017382007092237473
26390,0.01625087857246399
26400,0.012698951177299023
26410,0.013603588566184044
26420,0.015822507441043854
26430,0.01890760473906994
26440,0.011503256857395172
26450,0.015318172052502632
26460,0.012331352569162846
26470,0.013783679343760014
26480,0.013831044547259808
26490,0.024783937260508537
26500,0.017136450856924057
26510,0.015117214061319828
26520,0.016724638640880585
26530,0.017044181004166603
26540,0.016243433579802513
26550,0.018836650997400284
26560,0.01514635793864727
26570,0.02484753541648388
26580,0.017957206815481186
26590,0.020570579916238785
26600,0.01695549488067627
26610,0.015608713030815125
26620,0.01213144138455391
26630,0.015772070735692978
26640,0.01991482637822628
26650,0.01670570857822895
26660,0.011813396587967873
26670,0.01805706135928631
26680,0.015646761283278465
26690,0.018733372911810875
26700,0.014321197755634785
26710,0.016847871243953705
26720,0.022681664675474167
26730,0.019270211458206177
26740,0.01427433080971241
26750,0.015196727588772774
26760,0.01735776476562023
26770,0.019408095628023148
26780,0.01254061609506607
26790,0.025121638551354408
26800,0.015715602785348892
26810,0.012790503911674023
26820,0.013034610077738762
26830,0.010942905209958553
26840,0.015595603734254837
26850,0.016213010996580124
26860,0.014746692031621933
26870,0.0143321193754673
26880,0.017224827781319618
26890,0.013856425881385803
26900,0.01405492052435875
26910,0.012986992485821247
26920,0.016776425763964653
26930,0.019007766619324684
26940,0.016859879717230797
26950,0.02137894555926323
26960,0.015941526740789413
26970,0.019583171233534813
26980,0.015958337113261223
26990,0.01497387234121561
27000,0.015552782453596592
27010,0.012948237359523773
27020,0.011749300174415112
27030,0.013802634552121162
27040,0.015009994618594646
27050,0.016241103410720825
27060,0.011968642473220825
27070,0.014739631675183773
27080,0.0158812515437603
27090,0.011162316426634789
27100,0.012198050506412983
27110,0.010365314781665802
27120,0.015247478149831295
27130,0.012107821181416512
27140,0.01698755845427513
27150,0.019158082082867622
27160,0.013835002668201923
27170,0.01460797619074583
27180,0.01420918945223093
27190,0.014195844531059265
27200,0.0180067028850317
27210,0.012598831206560135
27220,0.012665548361837864
27230,0.01243623811751604
27240,0.011850233189761639
27250,0.012378158047795296
27260,0.023869676515460014
27270,0.017492370679974556
27280,0.023239824920892715
27290,0.02123689278960228
27300,0.017620395869016647
27310,0.01649065501987934
27320,0.019487746059894562
27330,0.014598007313907146
27340,0.014221330173313618
27350,0.015250724740326405
27360,0.012567773461341858
27370,0.01749163493514061
27380,0.011604741215705872
27390,0.016556253656744957
27400,0.014077212661504745
27410,0.013534577563405037
27420,0.011623026803135872
27430,0.01524259801954031
27440,0.015967782586812973
27450,0.012579880654811859
27460,0.013322163373231888
27470,0.010858872905373573
27480,0.015662582591176033
27490,0.010090501047670841
27500,0.013164803385734558
27510,0.012439075857400894
27520,0.015301981009542942
27530,0.012514187954366207
27540,0.017453843727707863
27550,0.015800468623638153
27560,0.01520563755184412
27570,0.015220651403069496
27580,0.017448224127292633
27590,0.014433663338422775
27600,0.013449887745082378
27610,0.017491867765784264
27620,0.014946955256164074
27630,0.012802627868950367
27640,0.015362350270152092
27650,0.01704142801463604
27660,0.017924224957823753
27670,0.02162042446434498
27680,0.01746242493391037
27690,0.014982093125581741
27700,0.021137544885277748
27710,0.018821893259882927
27720,0.01991950534284115
27730,0.021142909303307533
27740,0.02423754334449768
27750,0.020944980904459953
27760,0.01608886569738388
27770,0.02030067890882492
27780,0.023745980113744736
27790,0.02152039296925068
27800,0.018200280144810677
27810,0.018926091492176056
27820,0.015720555558800697
27830,0.019871262833476067
27840,0.012572006322443485
27850,0.01571517065167427
27860,0.013974526897072792
27870,0.01281740516424179
27880,0.014313830062747002
27890,0.012045970186591148
27900,0.015731709077954292
27910,0.014171927236020565
27920,0.01907920651137829
27930,0.01972692273557186
27940,0.014457863755524158
27950,0.016048196703195572
27960,0.015883147716522217
27970,0.02815401367843151
27980,0.019056199118494987
27990,0.016294514760375023
28000,0.01355343870818615
28010,0.018474064767360687
28020,0.01302035991102457
28030,0.0174651388078928
28040,0.019050082191824913
28050,0.020051365718245506
28060,0.01820271462202072
28070,0.014130213297903538
28080,0.017162377014756203
28090,0.015767887234687805
28100,0.019780481234192848
28110,0.014690728858113289
28120,0.015031824819743633
28130,0.012518385425209999
28140,0.014178595505654812
28150,0.013391414657235146
28160,0.014174085110425949
28170,0.01457766443490982
28180,0.012939030304551125
28190,0.013623446226119995
28200,0.016114989295601845
28210,0.015224958769977093
28220,0.013770733959972858
28230,0.014951270073652267
28240,0.015062238089740276
28250,0.017383139580488205
28260,0.02591913565993309
28270,0.01792304962873459
28280,0.014135662466287613
28290,0.016291867941617966
28300,0.013516554608941078
28310,0.019214194267988205
28320,0.021307451650500298
28330,0.012658691965043545
28340,0.011610817164182663
28350,0.014164035208523273
28360,0.014275758527219296
28370,0.013713252730667591
28380,0.012559826485812664
28390,0.012717366218566895
28400,0.014318866655230522
28410,0.009827031753957272
28420,0.011469303630292416
28430,0.01324307732284069
28440,0.01615138165652752
28450,0.012711296789348125
28460,0.01058399211615324
28470,0.015263095498085022
28480,0.023106740787625313
28490,0.015913216397166252
28500,0.0158053208142519
28510,0.014249944128096104
28520,0.015135614201426506
28530,0.019241686910390854
28540,0.024031013250350952
28550,0.02169187366962433
28560,0.027228528633713722
28570,0.01856439746916294
28580,0.014964421279728413
28590,0.011862426996231079
28600,0.014483711682260036
28610,0.012825674377381802
28620,0.01588820479810238
28630,0.01712614856660366
28640,0.01581321470439434
28650,0.015321140177547932
28660,0.01693763956427574
28670,0.020181644707918167
28680,0.015040948987007141
28690,0.013321480713784695
28700,0.019057953730225563
28710,0.016200188547372818
28720,0.021025676280260086
28730,0.01850704662501812
28740,0.01871332898736
28750,0.020861169323325157
28760,0.015176689252257347
28770,0.021385937929153442
28780,0.020002150908112526
28790,0.018171366304159164
28800,0.017264889553189278
28810,0.017170177772641182
28820,0.011391663923859596
28830,0.020913217216730118
28840,0.015657570213079453
28850,0.01523293275386095
28860,0.014844146557152271
28870,0.015803078189492226
28880,0.013617292046546936
28890,0.014504711143672466
28900,0.015317468903958797
28910,0.01613020896911621
28920,0.015569867566227913
28930,0.015658527612686157
28940,0.01158895529806614
28950,0.01207660511136055
28960,0.011843329295516014
28970,0.012647506780922413
28980,0.01012601051479578
28990,0.018098527565598488
29000,0.013439911417663097
29010,0.014479025267064571
29020,0.013097821734845638
29030,0.017384804785251617
29040,0.02148209884762764
29050,0.016353599727153778
29060,0.01991555094718933
29070,0.011626988649368286
29080,0.013461091555655003
29090,0.02034675143659115
29100,0.015037617646157742
29110,0.014286897145211697
29120,0.013421866111457348
29130,0.014048276469111443
29140,0.013230567798018456
29150,0.012701045721769333
29160,0.015599649399518967
29170,0.013582276180386543
29180,0.020913422107696533
29190,0.018630502745509148
29200,0.015522374771535397
29210,0.015721220523118973
29220,0.013774711638689041
29230,0.012575655244290829
29240,0.013226384297013283
29250,0.011505832895636559
29260,0.01056086178869009
29270,0.01203976757824421
29280,0.010521328076720238
29290,0.012324818409979343
29300,0.01244928129017353
29310,0.01311899721622467
29320,0.014218967407941818
29330,0.013775516301393509
29340,0.015223600901663303
29350,0.015295557677745819
29360,0.011111016385257244
29370,0.015885282307863235
29380,0.013685368932783604
29390,0.01071681547909975
29400,0.011426878161728382
29410,0.01280092354863882
29420,0.015260950662195683
29430,0.025262266397476196
29440,0.01613467000424862
29450,0.016084415838122368
29460,0.015645833685994148
29470,0.017303813248872757
29480,0.016846071928739548
29490,0.017079884186387062
29500,0.01315120980143547
29510,0.015954604372382164
29520,0.014317899011075497
29530,0.010553466156125069
29540,0.0129164457321167
29550,0.01331503875553608
29560,0.015751240774989128
29570,0.013693439774215221
29580,0.013789287768304348
29590,0.014487309381365776
29600,0.01326693594455719
29610,0.011521801352500916
29620,0.01569482684135437
29630,0.014649314805865288
29640,0.011183450929820538
29650,0.014005287550389767
29660,0.013375414535403252
29670,0.015688465908169746
29680,0.013587010093033314
29690,0.016315225511789322
29700,0.011592206545174122
29710,0.011737153865396976
29720,0.014583753421902657
29730,0.011329511180520058
29740,0.009297318756580353
29750,0.012887811288237572
29760,0.012842864729464054
29770,0.011542660184204578
29780,0.01116509735584259
29790,0.011169904842972755
29800,0.012394621968269348
29810,0.01622738689184189
29820,0.01247671339660883
29830,0.012261257506906986
29840,0.01637210138142109
29850,0.012868850491940975
29860,0.013921733945608139
29870,0.014964208006858826
29880,0.016015464439988136
29890,0.01439453475177288
29900,0.015760425478219986
29910,0.013838847167789936
29920,0.014232691377401352
29930,0.019460143521428108
29940,0.016022108495235443
29950,0.014548375271260738
29960,0.01377939898520708
29970,0.01149794366210699
29980,0.011337804608047009
29990,0.011270122602581978
30000,0.012370732612907887
30010,0.013131523504853249
30020,0.014723338186740875
30030,0.016313036903738976
30040,0.014416614547371864
30050,0.01096739899367094
30060,0.016224674880504608
30070,0.0169049222022295
30080,0.01966053433716297
30090,0.015441693365573883
30100,0.015269873663783073
30110,0.012154987081885338
30120,0.019469253718852997
30130,0.015889396890997887
30140,0.016124386340379715
30150,0.02541009709239006
30160,0.02076883241534233
30170,0.01304106879979372
30180,0.015444985590875149
30190,0.01365525834262371
30200,0.010426427237689495
30210,0.012271899729967117
30220,0.027608606964349747
30230,0.02715202048420906
30240,0.024203840643167496
30250,0.02499370276927948
30260,0.015777748078107834
30270,0.017675789073109627
30280,0.015334623865783215
30290,0.015072198584675789
30300,0.014787468127906322
30310,0.016695629805326462
30320,0.017514608800411224
30330,0.01902961917221546
30340,0.01880328170955181
30350,0.011767495423555374
30360,0.019468989223241806
30370,0.01628362014889717
30380,0.023599974811077118
30390,0.016686517745256424
30400,0.012834557332098484
30410,0.020948873832821846
30420,0.014876825734972954
30430,0.012435291893780231
30440,0.014787008054554462
30450,0.016518978402018547
30460,0.013886927627027035
30470,0.014293416403234005
30480,0.012167921289801598
30490,0.01709471270442009
30500,0.020462995395064354
30510,0.02310519851744175
30520,0.01621129736304283
30530,0.018839962780475616
30540,0.013674751855432987
30550,0.016329161822795868
30560,0.01587359979748726
30570,0.013518832623958588
30580,0.014972826465964317
30590,0.011128019541501999
30600,0.014730486087501049
30610,0.010975990444421768
30620,0.01600613072514534
30630,0.01822027750313282
30640,0.010647887364029884
30650,0.011092804372310638
30660,0.012613960541784763
30670,0.01331071462482214
30680,0.011550172232091427
30690,0.012369289062917233
30700,0.013440878130495548
30710,0.014280741102993488
30720,0.011558610945940018
30730,0.011974537745118141
30740,0.012970678508281708
30750,0.011217842809855938
30760,0.012451188638806343
30770,0.01174691878259182
30780,0.01553204096853733
30790,0.01446028333157301
30800,0.01941315457224846
30810,0.015443100593984127
30820,0.018256474286317825
30830,0.01905304379761219
30840,0.012568316422402859
30850,0.013901629485189915
30860,0.012682993896305561
30870,0.013660451397299767
30880,0.01655898615717888
30890,0.012427875772118568
30900,0.01869494467973709
30910,0.011622932739555836
30920,0.014493992552161217
30930,0.01602223701775074
30940,0.020171452313661575
30950,0.01253504864871502
30960,0.012478749267756939
30970,0.02065836451947689
30980,0.014977538026869297
30990,0.015360922552645206
31000,0.016750289127230644
31010,0.016246512532234192
31020,0.018847864121198654
31030,0.016132855787873268
31040,0.012635762803256512
31050,0.018286313861608505
31060,0.01604541577398777
31070,0.01327645592391491
31080,0.02212180756032467
31090,0.015155072323977947
31100,0.013529332354664803
31110,0.014524077996611595
31120,0.013789632357656956
31130,0.011425519362092018
31140,0.014931758865714073
31150,0.012270133942365646
31160,0.01465577818453312
31170,0.012695709243416786
31180,0.012803246267139912
31190,0.01465254183858633
31200,0.014160252176225185
31210,0.015506014227867126
31220,0.013013264164328575
31230,0.01226747315376997
31240,0.01525867823511362
31250,0.013375021517276764
31260,0.01171034760773182
31270,0.015562985092401505
31280,0.015564165078103542
31290,0.011479290202260017
31300,0.015307541005313396
31310,0.017442595213651657
31320,0.014236845076084137
31330,0.012253840453922749
31340,0.01413108129054308
31350,0.012570067308843136
31360,0.012135828845202923
31370,0.0114378547295928
31380,0.01738620735704899
31390,0.010739929042756557
31400,0.01237860880792141
31410,0.01305676344782114
31420,0.015418706461787224
31430,0.012249765917658806
31440,0.015257627703249454
31450,0.01821698434650898
31460,0.016362326219677925
31470,0.01694466732442379
31480,0.011301970109343529
31490,0.014877584762871265
31500,0.012553295120596886
31510,0.013248912990093231
31520,0.012180165387690067
31530,0.013512657023966312
31540,0.016719434410333633
31550,0.01385645754635334
31560,0.01982215791940689
31570,0.01686542108654976
31580,0.014806707389652729
31590,0.015189684927463531
31600,0.014642814174294472
31610,0.0147183733060956
31620,0.014075085520744324
31630,0.014234027825295925
31640,0.013487497344613075
31650,0.019664213061332703
31660,0.01884578913450241
31670,0.02401445433497429
31680,0.018286127597093582
31690,0.01599179580807686
31700,0.019323475658893585
31710,0.020253902301192284
31720,0.01651037484407425
31730,0.019041623920202255
31740,0.01965385489165783
31750,0.015521539375185966
31760,0.020256049931049347
31770,0.01820109412074089
31780,0.018434662371873856
31790,0.01386252511292696
31800,0.017846276983618736
31810,0.014367015101015568
31820,0.016243312507867813
31830,0.0157430712133646
31840,0.012692329473793507
31850,0.013022695668041706
31860,0.02853543870151043
31870,0.02011730894446373
31880,0.0177423395216465
31890,0.018079984933137894
31900,0.016522204503417015
31910,0.015678489580750465
31920,0.013981775380671024
31930,0.017913347110152245
31940,0.014897176064550877
31950,0.013010861352086067
31960,0.014447292312979698
31970,0.017805201932787895
31980,0.011127723380923271
31990,0.0141074163839221
32000,0.016927996650338173
32010,0.01784968003630638
32020,0.015542995184659958
32030,0.015382411889731884
32040,0.01571211963891983
32050,0.01402969192713499
32060,0.01867121085524559
32070,0.014520634897053242
32080,0.019570721313357353
32090,0.021523477509617805
32100,0.013522041961550713
32110,0.012845323421061039
32120,0.012948820367455482
32130,0.013031000271439552
32140,0.014392977580428123
32150,0.014090950600802898
32160,0.016968587413430214
32170,0.013256330043077469
32180,0.012952854856848717
32190,0.014116299338638783
32200,0.014237453229725361
32210,0.018353916704654694
32220,0.01335056871175766
32230,0.017762230709195137
32240,0.018240967765450478
32250,0.016876647248864174
32260,0.015255172736942768
32270,0.012702275067567825
32280,0.015016607940196991
32290,0.014241456985473633
32300,0.012943638488650322
32310,0.0923181101679802
32320,0.05581449344754219
32330,0.02531442791223526
32340,0.10193628817796707
32350,0.05785774067044258
32360,0.05253889039158821
32370,0.04420715570449829
32380,0.033928677439689636
32390,0.04071127623319626
32400,0.024506084620952606
32410,0.03432094678282738
32420,0.031244050711393356
32430,0.028290193527936935
32440,0.030052628368139267
32450,0.028939690440893173
32460,0.027792910113930702
32470,0.03086012601852417
32480,0.028531357645988464
32490,0.03300166875123978
32500,0.01982271671295166
32510,0.03199632838368416
32520,0.031633127480745316
32530,0.03688552603125572
32540,0.02521592192351818
32550,0.029988618567585945
32560,0.028340741991996765
32570,0.02810719795525074
32580,0.021162182092666626
32590,0.021343840286135674
32600,0.029164399951696396
32610,0.02328096516430378
32620,0.03343354910612106
32630,0.0236933883279562
32640,0.03043082170188427
32650,0.030746111646294594
32660,0.02308705821633339
32670,0.035912033170461655
32680,0.028723260387778282
32690,0.02466765232384205
32700,0.021785564720630646
32710,0.026398656889796257
32720,0.019262049347162247
32730,0.02606864646077156
32740,0.02420351468026638
32750,0.015805980190634727
32760,0.020076708868145943
32770,0.025426264852285385
32780,0.015660792589187622
32790,0.026441730558872223
32800,0.019615599885582924
32810,0.022174151614308357
32820,0.016241062432527542
32830,0.02826407551765442
32840,0.023744605481624603
32850,0.03218916431069374
32860,0.017338700592517853
32870,0.016192736104130745
32880,0.015579880215227604
32890,0.039133042097091675
32900,0.023892637342214584
32910,0.017125695943832397
32920,0.02738155610859394
32930,0.020950188860297203
32940,0.035179417580366135
32950,0.020536743104457855
32960,0.021935392171144485
32970,0.0188458152115345
32980,0.025568239390850067
32990,0.01652955636382103
33000,0.018935713917016983
33010,0.028873955830931664
33020,0.03600287437438965
33030,0.02351430058479309
33040,0.014866562560200691
33050,0.018713682889938354
33060,0.020147323608398438
33070,0.01795709691941738
33080,0.0230563934892416
33090,0.021045906469225883
33100,0.021882785484194756
33110,0.021871523931622505
33120,0.018050672486424446
33130,0.026458220556378365
33140,0.015050489455461502
33150,0.03486388921737671
33160,0.031087564304471016
33170,0.02499159798026085
33180,0.018189765512943268
33190,0.03140484541654587
33200,0.021751660853624344
33210,0.02145332284271717
33220,0.016843855381011963
33230,0.019225986674427986
33240,0.013244385831058025
33250,0.013976973481476307
33260,0.02400890924036503
33270,0.024657508358359337
33280,0.021467924118041992
33290,0.016513345763087273
33300,0.01687479019165039
33310,0.02848094142973423
33320,0.019794007763266563
33330,0.017104392871260643
33340,0.018732303753495216
33350,0.02886277809739113
33360,0.02174157276749611
33370,0.018103376030921936
33380,0.02487589791417122
33390,0.01524847000837326
33400,0.022640440613031387
33410,0.018057795241475105
33420,0.019002562388777733
33430,0.017336605116724968
33440,0.01823381893336773
33450,0.014533733949065208
33460,0.013188212178647518
33470,0.023584604263305664
33480,0.018613342195749283
33490,0.018995607271790504
33500,0.02550276555120945
33510,0.020350508391857147
33520,0.017835300415754318
33530,0.018244056031107903
33540,0.015465322881937027
33550,0.013680486008524895
33560,0.016486166045069695
33570,0.015684816986322403
33580,0.013772174715995789
33590,0.01964135468006134
33600,0.01596212573349476
33610,0.022387448698282242
33620,0.014934396371245384
33630,0.016085738316178322
33640,0.019448641687631607
33650,0.01943572424352169
33660,0.02313826233148575
33670,0.01489618606865406
33680,0.018906624987721443
33690,0.018686605617403984
33700,0.017612749710679054
33710,0.019593946635723114
33720,0.01929866336286068
33730,0.017171218991279602
33740,0.014511201530694962
33750,0.02076997421681881
33760,0.022145699709653854
33770,0.026935787871479988
33780,0.019195228815078735
33790,0.02032535709440708
33800,0.019578857347369194
33810,0.017403043806552887
33820,0.016619255766272545
33830,0.015253503806889057
33840,0.023937512189149857
33850,0.0163083765655756
33860,0.015477419830858707
33870,0.012696606107056141
33880,0.012914681807160378
33890,0.027220021933317184
33900,0.019875794649124146
33910,0.015493898652493954
33920,0.02056247554719448
33930,0.028710870072245598
33940,0.017327940091490746
33950,0.01660453900694847
33960,0.022194307297468185
33970,0.019107559695839882
33980,0.014741387218236923
33990,0.023018067702651024
34000,0.024985967203974724
34010,0.017918504774570465
34020,0.019965261220932007
34030,0.02378792129456997
34040,0.01743021234869957
34050,0.0198399368673563
34060,0.014093812555074692
34070,0.01496888231486082
34080,0.016890577971935272
34090,0.023552358150482178
34100,0.02445947751402855
34110,0.015636349096894264
34120,0.02049284800887108
34130,0.028393372893333435
34140,0.028440266847610474
34150,0.022431939840316772
34160,0.021411504596471786
34170,0.020807532593607903
34180,0.026688801124691963
34190,0.020711831748485565
34200,0.022335780784487724
34210,0.016107959672808647
34220,0.022827139124274254
34230,0.014650534838438034
34240,0.016278691589832306
34250,0.030215060338377953
34260,0.022870011627674103
34270,0.01878008246421814
34280,0.01964360848069191
34290,0.016530798748135567
34300,0.022414710372686386
34310,0.02772618643939495
34320,0.02039695531129837
34330,0.02186604216694832
34340,0.017994068562984467
34350,0.01557572465389967
34360,0.021571455523371696
34370,0.017827603965997696
34380,0.012164811603724957
34390,0.018140865489840508
34400,0.0162305049598217
34410,0.01240568608045578
34420,0.015883643180131912
34430,0.02102835662662983
34440,0.022003810852766037
34450,0.016601746901869774
34460,0.016576336696743965
34470,0.025598030537366867
34480,0.02012743428349495
34490,0.014599911868572235
34500,0.018827524036169052
34510,0.02282969281077385
34520,0.019883055239915848
34530,0.023159950971603394
34540,0.02997765690088272
34550,0.024127785116434097
34560,0.02041769213974476
34570,0.01993493363261223
34580,0.015794632956385612
34590,0.023086722940206528
34600,0.027291208505630493
34610,0.02460593171417713
34620,0.031858161091804504
34630,0.019858524203300476
34640,0.018218187615275383
34650,0.01476467214524746
34660,0.01831401139497757
34670,0.016370076686143875
34680,0.03337640315294266
34690,0.029978960752487183
34700,0.020571760833263397
34710,0.02225971221923828
34720,0.025487249717116356
34730,0.015535974875092506
34740,0.016231611371040344
34750,0.01910112239420414
34760,0.01811709813773632
34770,0.014774746261537075
34780,0.01695868745446205
34790,0.02159976400434971
34800,0.02080078236758709
34810,0.01833277754485607
34820,0.021909095346927643
34830,0.0137364212423563
34840,0.013368319720029831
34850,0.021010184660553932
34860,0.01630312204360962
34870,0.024474168196320534
34880,0.017288073897361755
34890,0.018569722771644592
34900,0.020518913865089417
34910,0.01699182763695717
34920,0.019491631537675858
34930,0.02267090231180191
34940,0.0208533126860857
34950,0.018896106630563736
34960,0.02160981297492981
34970,0.028552357107400894
34980,0.02398689091205597
34990,0.02684694342315197
35000,0.021209051832556725
35010,0.028052277863025665
35020,0.02898751012980938
35030,0.027554094791412354
35040,0.0226909127086401
35050,0.023159092292189598
35060,0.020849240943789482
35070,0.018351029604673386
35080,0.02170102670788765
35090,0.02000531554222107
35100,0.021064866334199905
35110,0.01622619666159153
35120,0.02252197451889515
35130,0.021426860243082047
35140,0.023290302604436874
35150,0.022201821208000183
35160,0.025377949699759483
35170,0.03891448304057121
35180,0.034550655633211136
35190,0.02249564789235592
35200,0.02412547543644905
35210,0.021306201815605164
35220,0.03156076744198799
35230,0.019376542419195175
35240,0.02417730912566185
35250,0.026588493958115578
35260,0.03737323731184006
35270,0.026248127222061157
35280,0.021221879869699478
35290,0.019007684662938118
35300,0.02741413377225399
35310,0.016111405566334724
35320,0.023660482838749886
35330,0.020973317325115204
35340,0.02588484063744545
35350,0.03145484998822212
35360,0.024902358651161194
35370,0.0302717424929142
35380,0.03011726215481758
35390,0.025375349447131157
35400,0.024414770305156708
35410,0.019659047946333885
35420,0.019825756549835205
35430,0.02786840684711933
35440,0.032302677631378174
35450,0.02524741180241108
35460,0.03372696042060852
35470,0.02140255831182003
35480,0.018589654937386513
35490,0.023060187697410583
35500,0.029472563415765762
35510,0.019172457978129387
35520,0.029818398877978325
35530,0.019840601831674576
35540,0.02154925838112831
35550,0.026755139231681824
35560,0.02994236722588539
35570,0.020671602338552475
35580,0.021091360598802567
35590,0.02120174467563629
35600,0.02226920612156391
35610,0.024564417079091072
35620,0.01918242685496807
35630,0.02366320975124836
35640,0.02412475273013115
35650,0.020321233198046684
35660,0.02092127501964569
35670,0.019023995846509933
35680,0.027285004034638405
35690,0.015189101919531822
35700,0.022916432470083237
35710,0.022718042135238647
35720,0.029577111825346947
35730,0.029751751571893692
35740,0.025364935398101807
35750,0.01749800518155098
35760,0.022464694455266
35770,0.017323613166809082
35780,0.022220369428396225
35790,0.02639068476855755
35800,0.023082761093974113
35810,0.017963558435440063
35820,0.02348911203444004
35830,0.02223780006170273
35840,0.026105254888534546
35850,0.02441425621509552
35860,0.01860901527106762
35870,0.022829527035355568
35880,0.017495617270469666
35890,0.021091241389513016
35900,0.020815931260585785
35910,0.021435922011733055
35920,0.026854269206523895
35930,0.028529688715934753
35940,0.021698778495192528
35950,0.01896314136683941
35960,0.024956902489066124
35970,0.015258834697306156
35980,0.030175909399986267
35990,0.019217731431126595
36000,0.02244322933256626
36010,0.030186759307980537
36020,0.020337602123618126
36030,0.021762318909168243
36040,0.014532833360135555
36050,0.024485895410180092
36060,0.035398028790950775
36070,0.03461441397666931
36080,0.027139006182551384
36090,0.027073979377746582
36100,0.025486767292022705
36110,0.021687908098101616
36120,0.023776890709996223
36130,0.026584407314658165
36140,0.019597338512539864
36150,0.020448893308639526
36160,0.02010439708828926
36170,0.01888672448694706
36180,0.02538721077144146
36190,0.028222203254699707
36200,0.0323023796081543
36210,0.02135198749601841
36220,0.022883666679263115
36230,0.016167419031262398
36240,0.015846408903598785
36250,0.017452405765652657
36260,0.020093318074941635
36270,0.02013968862593174
36280,0.018172824755311012
36290,0.02114264853298664
36300,0.01853167824447155
36310,0.020920906215906143
36320,0.02723396010696888
36330,0.023485196754336357
36340,0.02414635568857193
36350,0.018329713493585587
36360,0.016186662018299103
36370,0.020348651334643364
36380,0.016665007919073105
36390,0.013595540076494217
36400,0.019581260159611702
36410,0.014529594220221043
36420,0.016462288796901703
36430,0.017771011218428612
36440,0.019042761996388435
36450,0.0189402736723423
36460,0.021714143455028534
36470,0.014115404337644577
36480,0.01800910383462906
36490,0.018512776121497154
36500,0.02484826371073723
36510,0.024244116619229317
36520,0.020665258169174194
36530,0.02424151450395584
36540,0.024158546701073647
36550,0.020167110487818718
36560,0.01775939390063286
36570,0.015095059759914875
36580,0.017660710960626602
36590,0.021460114046931267
36600,0.022254163399338722
36610,0.018336839973926544
36620,0.014418759383261204
36630,0.020405957475304604
36640,0.0142214959487319
36650,0.01654757559299469
36660,0.016005372628569603
36670,0.023890802636742592
36680,0.024641813710331917
36690,0.02653893455862999
36700,0.01660248450934887
36710,0.022503459826111794
36720,0.017353322356939316
36730,0.019251348450779915
36740,0.01969190314412117
36750,0.017949113622307777
36760,0.028122637420892715
36770,0.02031916007399559
36780,0.017574064433574677
36790,0.018383095040917397
36800,0.020313385874032974
36810,0.02244339883327484
36820,0.01932472176849842
36830,0.024944717064499855
36840,0.019826747477054596
36850,0.018106859177350998
36860,0.01634448952972889
36870,0.02912890538573265
36880,0.019904859364032745
36890,0.021943824365735054
36900,0.02852548472583294
36910,0.01781022548675537
36920,0.018225083127617836
36930,0.01929091103374958
36940,0.014481558464467525
36950,0.01592700369656086
36960,0.01847311481833458
36970,0.016908569261431694
36980,0.018405761569738388
36990,0.01691003516316414
37000,0.02037614956498146
37010,0.022335635498166084
37020,0.01806643232703209
37030,0.01656215637922287
37040,0.01615094393491745
37050,0.011715816333889961
37060,0.01786770112812519
37070,0.016641447320580482
37080,0.02184996008872986
37090,0.018276941031217575
37100,0.02346050925552845
37110,0.017678532749414444
37120,0.025293007493019104
37130,0.013869203627109528
37140,0.016896460205316544
37150,0.01655416749417782
37160,0.014409445226192474
37170,0.0191656444221735
37180,0.019502103328704834
37190,0.024079101160168648
37200,0.030927592888474464
37210,0.020519332960247993
37220,0.029029998928308487
37230,0.016744978725910187
37240,0.02206334099173546
37250,0.02054748125374317
37260,0.01550963707268238
37270,0.018106475472450256
37280,0.015561948530375957
37290,0.020063333213329315
37300,0.0190317053347826
37310,0.01338385883718729
37320,0.01548527181148529
37330,0.018710780888795853
37340,0.018189605325460434
37350,0.0162145234644413
37360,0.025013219565153122
37370,0.017412440851330757
37380,0.024555454030632973
37390,0.020439710468053818
37400,0.019289040938019753
37410,0.01741350069642067
37420,0.0189940445125103
37430,0.020395543426275253
37440,0.017790537327528
37450,0.02331957221031189
37460,0.01860320195555687
37470,0.015541194006800652
37480,0.016285615041851997
37490,0.02803562581539154
37500,0.022517457604408264
37510,0.023464705795049667
37520,0.021502962335944176
37530,0.023133032023906708
37540,0.018963070586323738
37550,0.03165964409708977
37560,0.02222943678498268
37570,0.018369145691394806
37580,0.024302024394273758
37590,0.017071299254894257
37600,0.015145979821681976
37610,0.022427307441830635
37620,0.01701929420232773
37630,0.022113321349024773
37640,0.015842309221625328
37650,0.016749991104006767
37660,0.01232515461742878
37670,0.019352935254573822
37680,0.018985379487276077
37690,0.01711823232471943
37700,0.0199748482555151
37710,0.028866827487945557
37720,0.021934552118182182
37730,0.03111553192138672
37740,0.01768156699836254
37750,0.01906009577214718
37760,0.015929359942674637
37770,0.012570029124617577
37780,0.013562685810029507
37790,0.013301663100719452
37800,0.021453386172652245
37810,0.017995862290263176
37820,0.014882760122418404
37830,0.01654411293566227
37840,0.017925262451171875
37850,0.014290462248027325
37860,0.013065359555184841
37870,0.01399772148579359
37880,0.012729041278362274
37890,0.02123037539422512
37900,0.015072277747094631
37910,0.014913256280124187
37920,0.012133259326219559
37930,0.023104434832930565
37940,0.01743984781205654
37950,0.017801206558942795
37960,0.016001185402274132
37970,0.019345924258232117
37980,0.013605487532913685
37990,0.029468080028891563
38000,0.018795903772115707
38010,0.01559711154550314
38020,0.019105618819594383
38030,0.01818368211388588
38040,0.013925475999712944
38050,0.01746189408004284
38060,0.02042272686958313
38070,0.018764479085803032
38080,0.014390877448022366
38090,0.012601329013705254
38100,0.015962623059749603
38110,0.022293487563729286
38120,0.01836807280778885
38130,0.016589820384979248
38140,0.019401781260967255
38150,0.015196866355836391
38160,0.02151603251695633
38170,0.021115576848387718
38180,0.01957288384437561
38190,0.016472285613417625
38200,0.011449654586613178
38210,0.015773778781294823
38220,0.02419210597872734
38230,0.016939012333750725
38240,0.02147265337407589
38250,0.01687738299369812
38260,0.018643995746970177
38270,0.024807866662740707
38280,0.023477429524064064
38290,0.015182781033217907
38300,0.022160902619361877
38310,0.021937884390354156
38320,0.022625699639320374
38330,0.01854761131107807
38340,0.016001734882593155
38350,0.025789828971028328
38360,0.03030410222709179
38370,0.023836906999349594
38380,0.023973627015948296
38390,0.02696666307747364
38400,0.030076975002884865
38410,0.018414083868265152
38420,0.029465429484844208
38430,0.019277645274996758
38440,0.01942283660173416
38450,0.02063688263297081
38460,0.02009163238108158
38470,0.014174052514135838
38480,0.01769755408167839
38490,0.014533747918903828
38500,0.016551490873098373
38510,0.017809312790632248
38520,0.019284570589661598
38530,0.015877101570367813
38540,0.02017897553741932
38550,0.01877911388874054
38560,0.01874517649412155
38570,0.021649137139320374
38580,0.020933296531438828
38590,0.014401745982468128
38600,0.0183295626193285
38610,0.015123974531888962
38620,0.01580222323536873
38630,0.01849937252700329
38640,0.019646350294351578
38650,0.01553114503622055
38660,0.018895568326115608
38670,0.016241198405623436
38680,0.02436462603509426
38690,0.02069823630154133
38700,0.0158833134919405
38710,0.019591771066188812
38720,0.01454068161547184
38730,0.016978619620203972
38740,0.01549841184169054
38750,0.019488388672471046
38760,0.018641168251633644
38770,0.014818953350186348
38780,0.01881541684269905
38790,0.016762787476181984
38800,0.011754212900996208
38810,0.01957012340426445
38820,0.01843220554292202
38830,0.020991744473576546
38840,0.01739324815571308
38850,0.019078193232417107
38860,0.01631355844438076
38870,0.02436254359781742
38880,0.02090343087911606
38890,0.021037932485342026
38900,0.02449163794517517
38910,0.020353518426418304
38920,0.015341691672801971
38930,0.01753830909729004
38940,0.014902464114129543
38950,0.016254972666502
38960,0.021674126386642456
38970,0.013594244606792927
38980,0.014664707705378532
38990,0.019140085205435753
39000,0.01446495484560728
39010,0.009856630116701126
39020,0.011892972514033318
39030,0.018823835998773575
39040,0.018443645909428596
39050,0.01404034998267889
39060,0.013433489948511124
39070,0.018493764102458954
39080,0.009608118794858456
39090,0.009135301224887371
39100,0.014830281026661396
39110,0.010248769074678421
39120,0.012391487136483192
39130,0.016029542312026024
39140,0.010349380783736706
39150,0.009879132732748985
39160,0.010476385243237019
39170,0.012730682268738747
39180,0.009059240110218525
39190,0.010904992930591106
39200,0.00840130914002657
39210,0.013536421582102776
39220,0.01562452595680952
39230,0.010381609201431274
39240,0.010797593742609024
39250,0.0144490422680974
39260,0.011887697502970695
39270,0.01495308056473732
39280,0.010332748293876648
39290,0.012589494697749615
39300,0.010484929196536541
39310,0.012270013801753521
39320,0.010538080707192421
39330,0.01561869215220213
39340,0.011379233561456203
39350,0.0114345233887434
39360,0.012548643164336681
39370,0.008358903229236603
39380,0.013627583160996437
39390,0.00999098177999258
39400,0.013631625100970268
39410,0.010286619886755943
39420,0.01444326527416706
39430,0.013683822005987167
39440,0.009932498447597027
39450,0.010181179270148277
39460,0.013246005401015282
39470,0.009680919349193573
39480,0.009471838362514973
39490,0.012287984602153301
39500,0.024791022762656212
39510,0.011482778936624527
39520,0.012377770617604256
39530,0.012792711146175861
39540,0.01266118511557579
39550,0.013534528203308582
39560,0.018053214997053146
39570,0.01630852185189724
39580,0.011689279228448868
39590,0.011477900668978691
39600,0.013441022485494614
39610,0.018296994268894196
39620,0.011894808150827885
39630,0.010440665297210217
39640,0.013702046126127243
39650,0.010684301145374775
39660,0.009020039811730385
39670,0.014594035223126411
39680,0.016557421535253525
39690,0.012905014678835869
39700,0.01324736699461937
39710,0.017416581511497498
39720,0.01649067923426628
39730,0.011564292944967747
39740,0.017428038641810417
39750,0.013340799137949944
39760,0.019391406327486038
39770,0.010481041856110096
39780,0.010278965346515179
39790,0.009135276079177856
39800,0.010920350439846516
39810,0.013624435290694237
39820,0.01401764340698719
39830,0.014783310703933239
39840,0.011628516018390656
39850,0.013081913813948631
39860,0.015682049095630646
39870,0.012011193670332432
39880,0.011211148463189602
39890,0.012595092877745628
39900,0.014667756855487823
39910,0.012626470066606998
39920,0.012311575002968311
39930,0.009867263957858086
39940,0.014310730621218681
39950,0.009786617942154408
39960,0.010219275951385498
39970,0.010966173373162746
39980,0.01001207809895277
39990,0.009139073081314564
40000,0.010594024322926998
40010,0.011447621509432793
40020,0.010308757424354553
40030,0.010005379095673561
40040,0.013329791836440563
40050,0.010372142307460308
40060,0.012571102008223534
40070,0.010718128643929958
40080,0.013221575878560543
40090,0.013481800444424152
40100,0.012653064914047718
40110,0.01082022488117218
40120,0.011198999360203743
40130,0.011970218271017075
40140,0.016383707523345947
40150,0.011441304348409176
40160,0.014980706386268139
40170,0.012004340998828411
40180,0.011686396785080433
40190,0.01357027143239975
40200,0.012226550839841366
40210,0.01235488336533308
40220,0.010534259490668774
40230,0.011229190044105053
40240,0.007741089910268784
40250,0.01393806841224432
40260,0.01195267029106617
40270,0.009733866900205612
40280,0.010621689260005951
40290,0.01192481443285942
40300,0.007849521934986115
40310,0.008770435117185116
40320,0.007182065397500992
40330,0.011133822612464428
40340,0.007247064262628555
40350,0.007459863089025021
40360,0.008229207247495651
40370,0.01154542900621891
40380,0.010872114449739456
40390,0.010185806080698967
40400,0.013968137092888355
40410,0.01090751402080059
40420,0.009559139609336853
40430,0.010933139361441135
40440,0.011553662829101086
40450,0.011737833730876446
40460,0.01066150888800621
40470,0.010840783827006817
40480,0.00926378183066845
40490,0.008948558941483498
40500,0.012217652052640915
40510,0.010905655100941658
40520,0.015328229404985905
40530,0.012999584898352623
40540,0.013488365337252617
40550,0.009830435737967491
40560,0.009917285293340683
40570,0.007609887979924679
40580,0.009412616491317749
40590,0.008143454790115356
40600,0.009144493378698826
40610,0.013587892055511475
40620,0.01034728903323412
40630,0.009314985945820808
40640,0.013271081261336803
40650,0.007654438726603985
40660,0.00865999422967434
40670,0.009248822927474976
40680,0.009803990833461285
40690,0.008146658539772034
40700,0.008618002757430077
40710,0.007244063075631857
40720,0.008057193830609322
40730,0.010113469325006008
40740,0.007705688010901213
40750,0.009996110573410988
40760,0.00802544690668583
40770,0.008462773635983467
40780,0.010311180725693703
40790,0.00943639688193798
40800,0.01017011422663927
40810,0.009005571715533733
40820,0.010624906048178673
40830,0.010054551064968109
40840,0.009724274277687073
40850,0.008637596853077412
40860,0.008712266571819782
40870,0.016453905031085014
40880,0.010310289449989796
40890,0.015916937962174416
40900,0.010446228086948395
40910,0.012136342003941536
40920,0.014591384679079056
40930,0.011222785338759422
40940,0.009246652014553547
40950,0.011781243607401848
40960,0.008456108160316944
40970,0.006850801408290863
40980,0.008580319583415985
40990,0.008343457244336605
41000,0.010093016549944878
41010,0.008475747890770435
41020,0.007333242334425449
41030,0.011058300733566284
41040,0.009948684833943844
41050,0.011521306820213795
41060,0.010650278069078922
41070,0.010077042505145073
41080,0.010602062568068504
41090,0.008946605026721954
41100,0.011083309538662434
41110,0.00899384543299675
41120,0.010396364144980907
41130,0.008707528002560139
41140,0.009327060543000698
41150,0.010261287912726402
41160,0.008891846053302288
41170,0.011951729655265808
41180,0.009711682796478271
41190,0.015277904458343983
41200,0.009598257020115852
41210,0.008592955768108368
41220,0.009931960143148899
41230,0.010046000592410564
41240,0.012708761729300022
41250,0.01059709582477808
41260,0.010104607790708542
41270,0.008857875131070614
41280,0.011647333391010761
41290,0.010097911581397057
41300,0.011639406904578209
41310,0.011794731952250004
41320,0.009116122499108315
41330,0.010370650328695774
41340,0.010728388093411922
41350,0.008517150767147541
41360,0.008821999654173851
41370,0.012848171405494213
41380,0.012083515524864197
41390,0.011726533994078636
41400,0.009474238380789757
41410,0.009965605102479458
41420,0.011431454680860043
41430,0.00996975228190422
41440,0.010941555723547935
41450,0.009876635856926441
41460,0.011285748332738876
41470,0.011473355814814568
41480,0.01219680905342102
41490,0.010646501556038857
41500,0.011947661638259888
41510,0.009931202046573162
41520,0.011867295019328594
41530,0.013099807314574718
41540,0.011319346725940704
41550,0.015386674553155899
41560,0.014380299486219883
41570,0.013681001961231232
41580,0.010451305657625198
41590,0.01231421809643507
41600,0.013758132234215736
41610,0.012683827430009842
41620,0.010456373915076256
41630,0.015042423270642757
41640,0.013393559493124485
41650,0.017901070415973663
41660,0.011957013979554176
41670,0.01555053610354662
41680,0.011027905158698559
41690,0.01725533977150917
41700,0.013271043077111244
41710,0.009925559163093567
41720,0.01459596399217844
41730,0.01061028242111206
41740,0.010855778120458126
41750,0.011342992074787617
41760,0.012069452553987503
41770,0.013031357899308205
41780,0.012736160308122635
41790,0.014117725193500519
41800,0.011934257112443447
41810,0.015102243050932884
41820,0.010007618926465511
41830,0.011182180605828762
41840,0.011809254065155983
41850,0.009446347132325172
41860,0.011821143329143524
41870,0.017031759023666382
41880,0.010662580840289593
41890,0.0111157838255167
41900,0.013221180997788906
41910,0.013942048884928226
41920,0.010328692384064198
41930,0.010733619332313538
41940,0.011990915983915329
41950,0.01512067299336195
41960,0.014834265224635601
41970,0.014303633011877537
41980,0.009914745576679707
41990,0.010592241771519184
42000,0.013773756101727486
42010,0.009060882963240147
42020,0.010495426133275032
42030,0.011617129668593407
42040,0.011347495019435883
42050,0.00884022656828165
42060,0.00861193984746933
42070,0.009400177747011185
42080,0.011640549637377262
42090,0.012842187657952309
42100,0.01614292524755001
42110,0.017071634531021118
42120,0.010087218135595322
42130,0.014233947731554508
42140,0.011044051498174667
42150,0.00947688426822424
42160,0.007546762935817242
42170,0.009514770470559597
42180,0.010670406743884087
42190,0.010989765636622906
42200,0.01211495976895094
42210,0.009776412509381771
42220,0.013323798775672913
42230,0.01264238078147173
42240,0.012901653535664082
42250,0.016426347196102142
42260,0.026826318353414536
42270,0.014863811433315277
42280,0.01464980561286211
42290,0.011976202018558979
42300,0.01385448221117258
42310,0.01527454238384962
42320,0.01429679524153471
42330,0.0108548728749156
42340,0.011752784252166748
42350,0.009254307486116886
42360,0.009756972081959248
42370,0.013387891463935375
42380,0.011396456509828568
42390,0.010738149285316467
42400,0.010729441419243813
42410,0.022319382056593895
42420,0.013459624722599983
42430,0.01448072586208582
42440,0.015117848291993141
42450,0.012233919464051723
42460,0.010532590560615063
42470,0.011630883440375328
42480,0.010120486840605736
42490,0.011035320349037647
42500,0.011600437574088573
42510,0.012725952081382275
42520,0.009492200799286366
42530,0.010519398376345634
42540,0.008361500687897205
42550,0.013531696982681751
42560,0.013520175591111183
42570,0.012564370408654213
42580,0.010203175246715546
42590,0.011773495003581047
42600,0.012481732293963432
42610,0.012312747538089752
42620,0.0101963821798563
42630,0.014907954260706902
42640,0.013104872778058052
42650,0.011976505629718304
42660,0.011663018725812435
42670,0.013547619804739952
42680,0.01136942021548748
42690,0.009621012024581432
42700,0.010796365328133106
42710,0.010891880840063095
42720,0.012642629444599152
42730,0.016246525570750237
42740,0.01629471406340599
42750,0.013921014964580536
42760,0.013141917996108532
42770,0.010735520161688328
42780,0.011312764137983322
42790,0.022365711629390717
42800,0.02311176247894764
42810,0.015984592959284782
42820,0.012463624589145184
42830,0.012690059840679169
42840,0.013343427330255508
42850,0.012415423057973385
42860,0.014251993037760258
42870,0.012792636640369892
42880,0.013044415973126888
42890,0.01028617937117815
42900,0.013903684914112091
42910,0.01781468652188778
42920,0.016432760283350945
42930,0.010681522078812122
42940,0.012044434435665607
42950,0.011196122504770756
42960,0.011342957615852356
42970,0.016250675544142723
42980,0.013865433633327484
42990,0.010639162734150887
43000,0.010530442930758
43010,0.011642521247267723
43020,0.011045594699680805
43030,0.013397322967648506
43040,0.012887977994978428
43050,0.01979372650384903
43060,0.016508912667632103
43070,0.013051485642790794
43080,0.011856297962367535
43090,0.012400946579873562
43100,0.013832736760377884
43110,0.014223535545170307
43120,0.010458885692059994
43130,0.01605188474059105
43140,0.013815701939165592
43150,0.012466458603739738
43160,0.011775799095630646
43170,0.013172567822039127
43180,0.01559408474713564
43190,0.015378562733530998
43200,0.015594277530908585
43210,0.014014774933457375
43220,0.014225105755031109
43230,0.010602760128676891
43240,0.013741460628807545
43250,0.014573855325579643
43260,0.011439712718129158
43270,0.013497011736035347
43280,0.01339609082788229
43290,0.01244403701275587
43300,0.013050241395831108
43310,0.016829684376716614
43320,0.01301666535437107
43330,0.01676425151526928
43340,0.016548793762922287
43350,0.018679551780223846
43360,0.013946790248155594
43370,0.011994743719696999
43380,0.01983483135700226
43390,0.015260583721101284
43400,0.017023080959916115
43410,0.013672089204192162
43420,0.014497107826173306
43430,0.01083933562040329
43440,0.009683814831078053
43450,0.0107182702049613
43460,0.022743836045265198
43470,0.010897020809352398
43480,0.013140080496668816
43490,0.010741041041910648
43500,0.014817536808550358
43510,0.013152085244655609
43520,0.010428210720419884
43530,0.014888082630932331
43540,0.010763178579509258
43550,0.012127626687288284
43560,0.013891102746129036
43570,0.014044788666069508
43580,0.014040430076420307
43590,0.010754487477242947
43600,0.014908616431057453
43610,0.01540274079889059
43620,0.011587338522076607
43630,0.01087629608809948
43640,0.012783197686076164
43650,0.011673628352582455
43660,0.01324890460819006
43670,0.014519160613417625
43680,0.012958246283233166
43690,0.013936354778707027
43700,0.010853629559278488
43710,0.011706524528563023
43720,0.014207623898983002
43730,0.011889586225152016
43740,0.010502446442842484
43750,0.013184364885091782
43760,0.014149794355034828
43770,0.013035360723733902
43780,0.01129501685500145
43790,0.01268224697560072
43800,0.011660229414701462
43810,0.017507381737232208
43820,0.014941215515136719
43830,0.011987632140517235
43840,0.013080388307571411
43850,0.012576233595609665
43860,0.014053218998014927
43870,0.014852508902549744
43880,0.01322950143367052
43890,0.013788586482405663
43900,0.015175295062363148
43910,0.014772689901292324
43920,0.015512858517467976
43930,0.012457016855478287
43940,0.012598334811627865
43950,0.017582356929779053
43960,0.011724178679287434
43970,0.010868558660149574
43980,0.015285677276551723
43990,0.01415310986340046
44000,0.013811914250254631
44010,0.015288589522242546
44020,0.015325519256293774
44030,0.017555782571434975
44040,0.012699331156909466
44050,0.016677292063832283
44060,0.01445208489894867
44070,0.015772810205817223
44080,0.01372184045612812
44090,0.01756357029080391
44100,0.016275713220238686
44110,0.016486790031194687
44120,0.01812841184437275
44130,0.015036127530038357
44140,0.017248129472136497
44150,0.018562639132142067
44160,0.011925118044018745
44170,0.012375181540846825
44180,0.014452781528234482
44190,0.014421707950532436
44200,0.013802231289446354
44210,0.012367373332381248
44220,0.014218603260815144
44230,0.011924712918698788
44240,0.015143475495278835
44250,0.012517127208411694
44260,0.012042935937643051
44270,0.012519052252173424
44280,0.01651684381067753
44290,0.013647490181028843
44300,0.013692870736122131
44310,0.012391340918838978
44320,0.013563180342316628
44330,0.010981986299157143
44340,0.01233348436653614
44350,0.013405184261500835
44360,0.013228990137577057
44370,0.013553429394960403
44380,0.01413632184267044
44390,0.015603677369654179
44400,0.011375484988093376
44410,0.0138343321159482
44420,0.013300333172082901
44430,0.01747169718146324
44440,0.01319900993257761
44450,0.010683306492865086
44460,0.013584457337856293
44470,0.010973663069307804
44480,0.012403164990246296
44490,0.012969998642802238
44500,0.015142111107707024
44510,0.016444196924567223
44520,0.0129415737465024
44530,0.013913365080952644
44540,0.014141622930765152
44550,0.01360713317990303
44560,0.01386169157922268
44570,0.012564792297780514
44580,0.014723964035511017
44590,0.014121645130217075
44600,0.012674462050199509
44610,0.012439507991075516
44620,0.015996919944882393
44630,0.014522789046168327
44640,0.011849920265376568
44650,0.01858207769691944
44660,0.013875518925487995
44670,0.013923179358243942
44680,0.013609936460852623
44690,0.014854036271572113
44700,0.014382168650627136
44710,0.015403111465275288
44720,0.022513754665851593
44730,0.01325218752026558
44740,0.011654198169708252
44750,0.015524514019489288
44760,0.012152612209320068
44770,0.016790885478258133
44780,0.012680522166192532
44790,0.012959226965904236
44800,0.014192919246852398
44810,0.013392616994678974
44820,0.015094139613211155
44830,0.013571631163358688
44840,0.012409152463078499
44850,0.014205340296030045
44860,0.014718843623995781
44870,0.01866859383881092
44880,0.014544832520186901
44890,0.016106614843010902
44900,0.012867276556789875
44910,0.016856689006090164
44920,0.0243077352643013
44930,0.03150909021496773
44940,0.02077721245586872
44950,0.01427893154323101
44960,0.011530091054737568
44970,0.018537763506174088
44980,0.015325897373259068
44990,0.016502579674124718
45000,0.01706131361424923
45010,0.02070695534348488
45020,0.01893043890595436
45030,0.015339705161750317
45040,0.026074273511767387
45050,0.0187273807823658
45060,0.012469536624848843
45070,0.013530358672142029
45080,0.014533154666423798
45090,0.013520344160497189
45100,0.017028875648975372
45110,0.013527152128517628
45120,0.018825514242053032
45130,0.015669062733650208
45140,0.01627366431057453
45150,0.013527818955481052
45160,0.013163706287741661
45170,0.019700128585100174
45180,0.014078856445848942
45190,0.01120901107788086
45200,0.012023494578897953
45210,0.012411488220095634
45220,0.012852228246629238
45230,0.013018772937357426
45240,0.012990003451704979
45250,0.014798503369092941
45260,0.013194605708122253
45270,0.01269321795552969
45280,0.011478614062070847
45290,0.011788543313741684
45300,0.014044188894331455
45310,0.011864605359733105
45320,0.014007778838276863
45330,0.014922114089131355
45340,0.012689481489360332
45350,0.010501621291041374
45360,0.013138235546648502
45370,0.01785704493522644
45380,0.012379912659525871
45390,0.014891562983393669
45400,0.011246330104768276
45410,0.010437789373099804
45420,0.012420916929841042
45430,0.010912088677287102
45440,0.010761640965938568
45450,0.01142006367444992
45460,0.011224803514778614
45470,0.015329534187912941
45480,0.020071355625987053
45490,0.01792946830391884
45500,0.015670524910092354
45510,0.01214087475091219
45520,0.014925605617463589
45530,0.017541121691465378
45540,0.014632906764745712
45550,0.020348770543932915
45560,0.011877074837684631
45570,0.01188290398567915
45580,0.011509804986417294
45590,0.014926343224942684
45600,0.012101894244551659
45610,0.01362063642591238
45620,0.015601414255797863
45630,0.011137285269796848
45640,0.015237542800605297
45650,0.013172842562198639
45660,0.016954610124230385
45670,0.015660179778933525
45680,0.016171829774975777
45690,0.014706782065331936
45700,0.02113909088075161
45710,0.01416174415498972
45720,0.011499409563839436
45730,0.021184416487812996
45740,0.014908957295119762
45750,0.017039837315678596
45760,0.01597762666642666
45770,0.013475541025400162
45780,0.01363493874669075
45790,0.01831658184528351
45800,0.018092628568410873
45810,0.016698716208338737
45820,0.01204013917595148
45830,0.019711779430508614
45840,0.01537567563354969
45850,0.013726727105677128
45860,0.01658574864268303
45870,0.0155375050380826
45880,0.014192827045917511
45890,0.014753528870642185
45900,0.013904145918786526
45910,0.014057096093893051
45920,0.014086916111409664
45930,0.014306141994893551
45940,0.03215206414461136
45950,0.01939959079027176
45960,0.013905704021453857
45970,0.015247516334056854
45980,0.013217773288488388
45990,0.01098078303039074
46000,0.013965070247650146
46010,0.01293431967496872
46020,0.01269408781081438
46030,0.010389449074864388
46040,0.014646399766206741
46050,0.012632433325052261
46060,0.01428977306932211
46070,0.015541252680122852
46080,0.012450876645743847
46090,0.011457926593720913
46100,0.012268980965018272
46110,0.01808955706655979
46120,0.014046349562704563
46130,0.011433075182139874
46140,0.013331669382750988
46150,0.012920410372316837
46160,0.013929342851042747
46170,0.015400449745357037
46180,0.014391270466148853
46190,0.014244523830711842
46200,0.014863763004541397
46210,0.015486796386539936
46220,0.018216660246253014
46230,0.015280377119779587
46240,0.014426331967115402
46250,0.017231201753020287
46260,0.013334869407117367
46270,0.01317889429628849
46280,0.012789659202098846
46290,0.01400043535977602
46300,0.013024398125708103
46310,0.012936384417116642
46320,0.013927503488957882
46330,0.01520305871963501
46340,0.01715097948908806
46350,0.014357035048305988
46360,0.012015650048851967
46370,0.010211550630629063
46380,0.013703079894185066
46390,0.01628853753209114
46400,0.01745881885290146
46410,0.026641039177775383
46420,0.01640268601477146
46430,0.015098665840923786
46440,0.010926981456577778
46450,0.013080374337732792
46460,0.01289201807230711
46470,0.012298542074859142
46480,0.013877741061151028
46490,0.01525280810892582
46500,0.01781139150261879
46510,0.018665924668312073
46520,0.016722390428185463
46530,0.014993698336184025
46540,0.013952468521893024
46550,0.01600225269794464
46560,0.015536791644990444
46570,0.012467911466956139
46580,0.012471156194806099
46590,0.011883039958775043
46600,0.011870562098920345
46610,0.01215710211545229
46620,0.009911597706377506
46630,0.013515936210751534
46640,0.01305223349481821
46650,0.013202128931879997
46660,0.016188640147447586
46670,0.015064574778079987
46680,0.014272847212851048
46690,0.013822357170283794
46700,0.013840130530297756
46710,0.013265014626085758
46720,0.014054717496037483
46730,0.010015980340540409
46740,0.011024684645235538
46750,0.012204665690660477
46760,0.011986281722784042
46770,0.010685105808079243
46780,0.009781137108802795
46790,0.01219350565224886
46800,0.009686393663287163
46810,0.011098937131464481
46820,0.013229763135313988
46830,0.009744763374328613
46840,0.010064298287034035
46850,0.014366202056407928
46860,0.012021721340715885
46870,0.011550667695701122
46880,0.011577022261917591
46890,0.016564810648560524
46900,0.015178592875599861
46910,0.019036758691072464
46920,0.017132222652435303
46930,0.013085036538541317
46940,0.015115294605493546
46950,0.01392381452023983
46960,0.013182424008846283
46970,0.013257542625069618
46980,0.01846238039433956
46990,0.012525234371423721
47000,0.019312117248773575
47010,0.011298042722046375
47020,0.01444881223142147
47030,0.016835616901516914
47040,0.014688849449157715
47050,0.013349506072700024
47060,0.011819043196737766
47070,0.016404040157794952
47080,0.01509782113134861
47090,0.01136577408760786
47100,0.010541213676333427
47110,0.012938535772264004
47120,0.010936491191387177
47130,0.011039839126169682
47140,0.014155036769807339
47150,0.013616517186164856
47160,0.01322305016219616
47170,0.01248015183955431
47180,0.013269447721540928
47190,0.01041168812662363
47200,0.014502780511975288
47210,0.013503460213541985
47220,0.013726603239774704
47230,0.014868998900055885
47240,0.011897704564034939
47250,0.009236281737685204
47260,0.012201431207358837
47270,0.013253786601126194
47280,0.014851639047265053
47290,0.013179567642509937
47300,0.012439762242138386
47310,0.014703641645610332
47320,0.013017694465816021
47330,0.012879231944680214
47340,0.018266936764121056
47350,0.01759001426398754
47360,0.014111019670963287
47370,0.015768619254231453
47380,0.015906669199466705
47390,0.01597561314702034
47400,0.011949903331696987
47410,0.013184085488319397
47420,0.011946093291044235
47430,0.011538399383425713
47440,0.01515619270503521
47450,0.019705897197127342
47460,0.01700397953391075
47470,0.015081834979355335
47480,0.013345213606953621
47490,0.013650940731167793
47500,0.012390262447297573
47510,0.010694450698792934
47520,0.014227867126464844
47530,0.01807854324579239
47540,0.013788014650344849
47550,0.014137779362499714
47560,0.010559923015534878
47570,0.012287808582186699
47580,0.013710417784750462
47590,0.011928670108318329
47600,0.012250452302396297
47610,0.017909415066242218
47620,0.015074525959789753
47630,0.012304254807531834
47640,0.013809186406433582
47650,0.0152625422924757
47660,0.014004281722009182
47670,0.01121438667178154
47680,0.010821820236742496
47690,0.015540190041065216
47700,0.010738158598542213
47710,0.011724048294126987
47720,0.014322753995656967
47730,0.015394018962979317
47740,0.012707320973277092
47750,0.01628986932337284
47760,0.021531715989112854
47770,0.015361662022769451
47780,0.015061785466969013
47790,0.024653827771544456
47800,0.015106327831745148
47810,0.012650090269744396
47820,0.011041536927223206
47830,0.00969185121357441
47840,0.01135611068457365
47850,0.015681596472859383
47860,0.011450058780610561
47870,0.014695185236632824
47880,0.014809681102633476
47890,0.01285657286643982
47900,0.014197252690792084
47910,0.013409033417701721
47920,0.007987759076058865
47930,0.013659742660820484
47940,0.015249324031174183
47950,0.012189671397209167
47960,0.010029738768935204
47970,0.013929810374975204
47980,0.012277692556381226
47990,0.014928845688700676
48000,0.011891992762684822
48010,0.012838857248425484
48020,0.011891025118529797
48030,0.016976194456219673
48040,0.01724381372332573
48050,0.013889167457818985
48060,0.012753121554851532
48070,0.014968904666602612
48080,0.011951582506299019
48090,0.015508503653109074
48100,0.014548205770552158
48110,0.016769735142588615
48120,0.015311744064092636
48130,0.012838616967201233
48140,0.011271988973021507
48150,0.0132523775100708
48160,0.011606092564761639
48170,0.015477677807211876
48180,0.012089941650629044
48190,0.019234271720051765
48200,0.01579156331717968
48210,0.012090194039046764
48220,0.015421474352478981
48230,0.016360318288207054
48240,0.013281331397593021
48250,0.014519254676997662
48260,0.010894101113080978
48270,0.011160127818584442
48280,0.01677415333688259
48290,0.01345015037804842
48300,0.015814103186130524
48310,0.010933062061667442
48320,0.014433645643293858
48330,0.018761156126856804
48340,0.016377946361899376
48350,0.011315161362290382
48360,0.014615830034017563
48370,0.017067933455109596
48380,0.018023982644081116
48390,0.01253272220492363
48400,0.012394837103784084
48410,0.014635522849857807
48420,0.012826375663280487
48430,0.019584571942687035
48440,0.01418018713593483
48450,0.015263590961694717
48460,0.01544211432337761
48470,0.012325208634138107
48480,0.012376926839351654
48490,0.015074847266077995
48500,0.012343062087893486
48510,0.013663011603057384
48520,0.01333738211542368
48530,0.015445341356098652
48540,0.020124439150094986
48550,0.01370309479534626
48560,0.014712037518620491
48570,0.012477865442633629
48580,0.010289083234965801
48590,0.008734063245356083
48600,0.01068760547786951
48610,0.014828518964350224
48620,0.012184230610728264
48630,0.013230076059699059
48640,0.014247335493564606
48650,0.011456278152763844
48660,0.01305746752768755
48670,0.01224253699183464
48680,0.012572078965604305
48690,0.014358877204358578
48700,0.013365115039050579
48710,0.016091980040073395
48720,0.012411733157932758
48730,0.010719641111791134
48740,0.010918183252215385
48750,0.013287962414324284
48760,0.011341365054249763
48770,0.010620716959238052
48780,0.011739574372768402
48790,0.012368151918053627
48800,0.009865516796708107
48810,0.01370916422456503
48820,0.01267146784812212
48830,0.012791987508535385
48840,0.016551334410905838
48850,0.017265990376472473
48860,0.01399533636868
48870,0.019290989264845848
48880,0.016852347180247307
48890,0.01415732130408287
48900,0.011825904250144958
48910,0.012144885957241058
48920,0.01152221579104662
48930,0.017867058515548706
48940,0.013548965565860271
48950,0.012263982556760311
48960,0.020609796047210693
48970,0.01594962552189827
48980,0.013961834833025932
48990,0.023411206901073456
49000,0.013190003111958504
49010,0.015602725557982922
49020,0.017249062657356262
49030,0.014572357758879662
49040,0.014802715741097927
49050,0.01329248771071434
49060,0.010713833384215832
49070,0.01392512395977974
49080,0.012174886651337147
49090,0.01182693149894476
49100,0.014709576964378357
49110,0.012735896743834019
49120,0.013839907012879848
49130,0.015689661726355553
49140,0.012531843967735767
49150,0.014627569355070591
49160,0.011952665634453297
49170,0.013450905680656433
49180,0.012972505763173103
49190,0.011861615814268589
49200,0.014968967996537685
49210,0.016597889363765717
49220,0.011235416866838932
49230,0.01161936204880476
49240,0.011663304641842842
49250,0.012396184727549553
49260,0.012017501518130302
49270,0.01399570144712925
49280,0.012461869046092033
49290,0.014911641366779804
49300,0.014085400849580765
49310,0.01614370010793209
49320,0.013373092748224735
49330,0.013602858409285545
49340,0.014821622520685196
49350,0.012278224341571331
49360,0.011657391674816608
49370,0.014931958168745041
49380,0.013550331816077232
49390,0.013586645014584064
49400,0.011796196922659874
49410,0.01224328950047493
49420,0.01196858286857605
49430,0.011988054029643536
49440,0.017009632661938667
49450,0.01474472600966692
49460,0.017909975722432137
49470,0.0150433499366045
49480,0.014621586538851261
49490,0.015312101691961288
49500,0.01705257035791874
49510,0.011418985202908516
49520,0.012755605392158031
49530,0.010520081035792828
49540,0.012861697934567928
49550,0.011334079317748547
49560,0.011465654708445072
49570,0.013943703845143318
49580,0.012071073055267334
49590,0.011452051810920238
49600,0.01525306049734354
49610,0.013161028735339642
49620,0.011695187538862228
49630,0.010547373443841934
49640,0.012233773246407509
49650,0.01423734426498413
49660,0.01811695285141468
49670,0.013832188211381435
49680,0.01370605081319809
49690,0.011021860875189304
49700,0.011670800857245922
49710,0.012159623205661774
49720,0.015307369641959667
49730,0.013148671947419643
49740,0.011420255526900291
49750,0.012086884118616581
49760,0.009986803866922855
49770,0.011689318343997002
49780,0.011985523626208305
49790,0.013611581176519394
49800,0.013315911404788494
49810,0.011368902400135994
49820,0.01077104639261961
49830,0.013105083256959915
49840,0.010903334245085716
49850,0.013552173040807247
49860,0.013541973195970058
49870,0.017491638660430908
49880,0.015918217599391937
49890,0.013031231239438057
49900,0.011608392931520939
49910,0.013841035775840282
49920,0.014678173698484898
49930,0.015209387056529522
49940,0.017939895391464233
49950,0.010197049006819725
49960,0.012748582288622856
49970,0.013107663951814175
49980,0.011992136016488075
49990,0.01293498370796442
50000,0.013357438147068024
50010,0.012932268902659416
50020,0.012304230593144894
50030,0.012751798145473003
50040,0.011207806877791882
50050,0.010972908698022366
50060,0.01262732595205307
50070,0.012868735939264297
50080,0.01159886084496975
50090,0.012636869214475155
50100,0.009731206111609936
50110,0.009870435111224651
50120,0.01671260967850685
50130,0.012328150682151318
50140,0.010679366067051888
50150,0.010746314190328121
50160,0.009140715934336185
50170,0.011602734215557575
50180,0.009991757571697235
50190,0.011837461031973362
50200,0.013391517102718353
50210,0.013702986761927605
50220,0.011069236323237419
50230,0.018301913514733315
50240,0.012143335305154324
50250,0.016415338963270187
50260,0.013797039166092873
50270,0.010577100329101086
50280,0.01175434235483408
50290,0.012097304686903954
50300,0.011867142282426357
50310,0.014640714041888714
50320,0.010545841418206692
50330,0.009216605685651302
50340,0.012449570000171661
50350,0.012181307189166546
50360,0.010611925274133682
50370,0.015926828607916832
50380,0.01208580657839775
50390,0.014847701415419579
50400,0.01133556105196476
50410,0.013181964866816998
50420,0.013699028640985489
50430,0.012482838705182076
50440,0.012352196499705315
50450,0.015142329037189484
50460,0.015356937423348427
50470,0.016523510217666626
50480,0.013631902635097504
50490,0.0156699288636446
50500,0.01132228970527649
50510,0.01164233684539795
50520,0.015225227922201157
50530,0.01530101802200079
50540,0.013286870904266834
50550,0.014185993932187557
50560,0.009216117672622204
50570,0.018003683537244797
50580,0.029155079275369644
50590,0.02088243141770363
50600,0.01822141744196415
50610,0.016210107132792473
50620,0.00992598757147789
50630,0.01629103533923626
50640,0.013969067484140396
50650,0.0157712884247303
50660,0.015878140926361084
50670,0.015000508166849613
50680,0.012393333949148655
50690,0.014889387413859367
50700,0.014623822644352913
50710,0.029467221349477768
50720,0.019975250586867332
50730,0.013786420226097107
50740,0.029433729127049446
50750,0.03239738941192627
50760,0.01849028654396534
50770,0.023454735055565834
50780,0.013990459963679314
50790,0.019257012754678726
50800,0.014505697414278984
50810,0.01909688673913479
50820,0.01200733333826065
50830,0.012234880588948727
50840,0.01206117495894432
50850,0.010929337702691555
50860,0.012322434224188328
50870,0.012499257922172546
50880,0.021414505317807198
50890,0.012662061490118504
50900,0.011192905716598034
50910,0.011016776785254478
50920,0.058638256043195724
50930,0.02127951569855213
50940,0.015901315957307816
50950,0.010510620661079884
50960,0.016938962042331696
50970,0.019036682322621346
50980,0.012098737061023712
50990,0.013064848259091377
51000,0.014100581407546997
51010,0.02421812154352665
51020,0.01976066082715988
51030,0.014851347543299198
51040,0.014927745796740055
51050,0.012909303419291973
51060,0.022807897999882698
51070,0.021836768835783005
51080,0.01797357201576233
51090,0.022598806768655777
51100,0.023546496406197548
51110,0.01572072133421898
51120,0.01585329696536064
51130,0.020873166620731354
51140,0.027678195387125015
51150,0.017403261736035347
51160,0.018317973241209984
51170,0.026411620900034904
51180,0.01656021550297737
51190,0.02120707929134369
51200,0.023918086662888527
51210,0.016367975622415543
51220,0.0165389571338892
51230,0.016769714653491974
51240,0.0169379822909832
51250,0.017922108992934227
51260,0.024890944361686707
51270,0.0186456311494112
51280,0.01460676733404398
51290,0.014826180413365364
51300,0.016217324882745743
51310,0.02128436230123043
51320,0.023955300450325012
51330,0.01394860353320837
51340,0.015188510529696941
51350,0.015588073059916496
51360,0.013442094437777996
51370,0.01321643590927124
51380,0.019993480294942856
51390,0.013302185572683811
51400,0.01598658226430416
51410,0.015614088624715805
51420,0.014431887306272984
51430,0.014800564385950565
51440,0.017208479344844818
51450,0.016372792422771454
51460,0.01682441309094429
51470,0.030365770682692528
51480,0.01807873323559761
51490,0.0155012346804142
51500,0.01198978815227747
51510,0.016216780990362167
51520,0.013018841855227947
51530,0.01458233967423439
51540,0.011370708234608173
51550,0.014321008697152138
51560,0.014893749728798866
51570,0.018543994054198265
51580,0.017958488315343857
51590,0.02354862168431282
51600,0.021609196439385414
51610,0.025003962218761444
51620,0.018037905916571617
51630,0.015577605925500393
51640,0.012571674771606922
51650,0.013294695876538754
51660,0.014170758426189423
51670,0.0113288015127182
51680,0.01598917320370674
51690,0.013836564496159554
51700,0.015753399580717087
51710,0.013703098520636559
51720,0.016340244561433792
51730,0.016803445294499397
51740,0.015344973653554916
51750,0.012115266174077988
51760,0.015122015960514545
51770,0.017546862363815308
51780,0.014974183402955532
51790,0.016820590943098068
51800,0.011520426720380783
51810,0.014093734323978424
51820,0.013033346273005009
51830,0.013306471519172192
51840,0.013709522783756256
51850,0.014119913801550865
51860,0.014977023005485535
51870,0.012961809523403645
51880,0.01075836829841137
51890,0.0169911440461874
51900,0.013882794417440891
51910,0.016253996640443802
51920,0.014830196276307106
51930,0.016333408653736115
51940,0.012748146429657936
51950,0.014231032691895962
51960,0.015277749858796597
51970,0.013826174661517143
51980,0.01675092801451683
51990,0.01490041520446539
52000,0.012165172956883907
52010,0.023610565811395645
52020,0.023256871849298477
52030,0.017884021624922752
52040,0.013055520132184029
52050,0.016024978831410408
52060,0.016038531437516212
52070,0.01312116626650095
52080,0.014322709292173386
52090,0.013687526807188988
52100,0.011366739869117737
52110,0.010662907734513283
52120,0.013275215402245522
52130,0.014575023204088211
52140,0.015625957399606705
52150,0.013440677896142006
52160,0.012148603796958923
52170,0.013176431879401207
52180,0.014397762715816498
52190,0.011136403307318687
52200,0.01223906222730875
52210,0.012430147267878056
52220,0.012880171649158001
52230,0.010593508370220661
52240,0.01275121420621872
52250,0.01476492453366518
52260,0.013194487430155277
52270,0.01587098091840744
52280,0.01628870889544487
52290,0.016422318294644356
52300,0.013010585680603981
52310,0.011042685247957706
52320,0.014978490769863129
52330,0.011979608796536922
52340,0.01447612326592207
52350,0.013850543648004532
52360,0.018793076276779175
52370,0.013926184736192226
52380,0.014114120975136757
52390,0.018608683720231056
52400,0.017126500606536865
52410,0.014460747130215168
52420,0.012660661712288857
52430,0.01050491165369749
52440,0.0146019347012043
52450,0.013807540759444237
52460,0.01613766886293888
52470,0.012683501467108727
52480,0.01021219789981842
52490,0.015475202351808548
52500,0.012765439227223396
52510,0.013224964961409569
52520,0.013987507671117783
52530,0.011669221334159374
52540,0.015652673318982124
52550,0.012346176430583
52560,0.0159237552434206
52570,0.023819677531719208
52580,0.020795634016394615
52590,0.016845926642417908
52600,0.014218680560588837
52610,0.015937739983201027
52620,0.017390910536050797
52630,0.022600481286644936
52640,0.016520222648978233
52650,0.014042573049664497
52660,0.01586555875837803
52670,0.018313420936465263
52680,0.015217142179608345
52690,0.01684611290693283
52700,0.01668989472091198
52710,0.013876964338123798
52720,0.012942490167915821
52730,0.011816473677754402
52740,0.014418800361454487
52750,0.01217894908040762
52760,0.012259737588465214
52770,0.012339860200881958
52780,0.011550393886864185
52790,0.01653989590704441
52800,0.014350629411637783
52810,0.01095439400523901
52820,0.012484518811106682
52830,0.013969466090202332
52840,0.022969964891672134
52850,0.013845289126038551
52860,0.012903183698654175
52870,0.016286000609397888
52880,0.011170979589223862
52890,0.011590888723731041
52900,0.012410095892846584
52910,0.012834657914936543
52920,0.016247965395450592
52930,0.012530546635389328
52940,0.01662602089345455
52950,0.009420040994882584
52960,0.01114950142800808
52970,0.013921041041612625
52980,0.011289747431874275
52990,0.01083533838391304
53000,0.008849076926708221
53010,0.009639323689043522
53020,0.014086312614381313
53030,0.01140871737152338
53040,0.012490034103393555
53050,0.014335843734443188
53060,0.015187435783445835
53070,0.019942114129662514
53080,0.014685172587633133
53090,0.011144897900521755
53100,0.014604015275835991
53110,0.012358584441244602
53120,0.01400395855307579
53130,0.01726379245519638
53140,0.016471950337290764
53150,0.014854436740279198
53160,0.011012877337634563
53170,0.016374176368117332
53180,0.011363556608557701
53190,0.013413045555353165
53200,0.012746769934892654
53210,0.009526011534035206
53220,0.010906537994742393
53230,0.01224425621330738
53240,0.013952202163636684
53250,0.015030075795948505
53260,0.014244213700294495
53270,0.014374205842614174
53280,0.013654863461852074
53290,0.012022245675325394
53300,0.01314418762922287
53310,0.014183797873556614
53320,0.011793511919677258
53330,0.012131750583648682
53340,0.013479583896696568
53350,0.016687098890542984
53360,0.01061974000185728
53370,0.01131024956703186
53380,0.010535716079175472
53390,0.01124445628374815
53400,0.015186576172709465
53410,0.01458036806434393
53420,0.011581914499402046
53430,0.016292842105031013
53440,0.018024638295173645
53450,0.017992544919252396
53460,0.013041628524661064
53470,0.0168702881783247
53480,0.012711984105408192
53490,0.012818672694265842
53500,0.020816205069422722
53510,0.016832616180181503
53520,0.02040199562907219
53530,0.017090901732444763
53540,0.014195979572832584
53550,0.012784169986844063
53560,0.012474890798330307
53570,0.01508716307580471
53580,0.012278255075216293
53590,0.012463844381272793
53600,0.014781522564589977
53610,0.01321225706487894
53620,0.012639341875910759
53630,0.01511340867727995
53640,0.013004402630031109
53650,0.013667426072061062
53660,0.017921682447195053
53670,0.011398738250136375
53680,0.012462233193218708
53690,0.010324163362383842
53700,0.013406717218458652
53710,0.013214044272899628
53720,0.012144779786467552
53730,0.012912415899336338
53740,0.013828570023179054
53750,0.015435976907610893
53760,0.015293966978788376
53770,0.013456338085234165
53780,0.01648838445544243
53790,0.015519680455327034
53800,0.011814809404313564
53810,0.011540785431861877
53820,0.014478172175586224
53830,0.013468368910253048
53840,0.012091733515262604
53850,0.011736544780433178
53860,0.010413791984319687
53870,0.00913865678012371
53880,0.01295563019812107
53890,0.011942368932068348
53900,0.01772693544626236
53910,0.014737795107066631
53920,0.013981699012219906
53930,0.013575859367847443
53940,0.013274738565087318
53950,0.010752725414931774
53960,0.01472526416182518
53970,0.013936418108642101
53980,0.019253607839345932
53990,0.014944332651793957
54000,0.014137388207018375
54010,0.0132800517603755
54020,0.012016779743134975
54030,0.01251977402716875
54040,0.010405078530311584
54050,0.011152781546115875
54060,0.010704408399760723
54070,0.017576878890395164
54080,0.014015759341418743
54090,0.01357336062937975
54100,0.01575421169400215
54110,0.011663911864161491
54120,0.013656620867550373
54130,0.011199151165783405
54140,0.011819219216704369
54150,0.01704178750514984
54160,0.022478369995951653
54170,0.01759321428835392
54180,0.016303885728120804
54190,0.014011579565703869
54200,0.016966916620731354
54210,0.01541269849985838
54220,0.018635615706443787
54230,0.015582828782498837
54240,0.015560200437903404
54250,0.014643575064837933
54260,0.013982582837343216
54270,0.0110790329053998
54280,0.013666464015841484
54290,0.015602516941726208
54300,0.02491931989789009
54310,0.014859039336442947
54320,0.019373146817088127
54330,0.012679414823651314
54340,0.018047749996185303
54350,0.018937624990940094
54360,0.016269929707050323
54370,0.020719844847917557
54380,0.01812633126974106
54390,0.019241465255618095
54400,0.01667782850563526
54410,0.024507232010364532
54420,0.0240306556224823
54430,0.023128025233745575
54440,0.018960271030664444
54450,0.015226523391902447
54460,0.01285692397505045
54470,0.013804145157337189
54480,0.01326735969632864
54490,0.014228503219783306
54500,0.01580873876810074
54510,0.014083979651331902
54520,0.015943096950650215
54530,0.016703050583600998
54540,0.01709418185055256
54550,0.015530314296483994
54560,0.015814222395420074
54570,0.019430644810199738
54580,0.025725480169057846
54590,0.01880185678601265
54600,0.015142984688282013
54610,0.014987289905548096
54620,0.013363649137318134
54630,0.016468336805701256
54640,0.015973811969161034
54650,0.014029829762876034
54660,0.020586811006069183
54670,0.021080633625388145
54680,0.01553348544985056
54690,0.014913971535861492
54700,0.014116083271801472
54710,0.019129609689116478
54720,0.01701360195875168
54730,0.016366606578230858
54740,0.018400412052869797
54750,0.014000763185322285
54760,0.013504409231245518
54770,0.014668039977550507
54780,0.01194206066429615
54790,0.01602826826274395
54800,0.01929514668881893
54810,0.017704080790281296
54820,0.015460418537259102
54830,0.015233006328344345
54840,0.0142239760607481
54850,0.012956157326698303
54860,0.012983462773263454
54870,0.016432058066129684
54880,0.015683090314269066
54890,0.018125338479876518
54900,0.014248290099203587
54910,0.012469656765460968
54920,0.014848890714347363
54930,0.013574803248047829
54940,0.014860616065561771
54950,0.015568647533655167
54960,0.014048544690012932
54970,0.012283333577215672
54980,0.011745315976440907
54990,0.013613961637020111
55000,0.011711041443049908
55010,0.011850446462631226
55020,0.01255608256906271
55030,0.012140966951847076
55040,0.01213765237480402
55050,0.013974866829812527
55060,0.013420887291431427
55070,0.011192753911018372
55080,0.014282440766692162
55090,0.01182367280125618
55100,0.01187920942902565
55110,0.01331418938934803
55120,0.013627910986542702
55130,0.013614673167467117
55140,0.01224543061107397
55150,0.012450330890715122
55160,0.015942992642521858
55170,0.012338942848145962
55180,0.017183424904942513
55190,0.01348145492374897
55200,0.012458630837500095
55210,0.017267288640141487
55220,0.012269781902432442
55230,0.011946531943976879
55240,0.012287477031350136
55250,0.01087026298046112
55260,0.01328524574637413
55270,0.011765767820179462
55280,0.01275471318513155
55290,0.011685779318213463
55300,0.014040745794773102
55310,0.01594647392630577
55320,0.013149124570190907
55330,0.01491872500628233
55340,0.009720725938677788
55350,0.014991067349910736
55360,0.015847178176045418
55370,0.019926510751247406
55380,0.017302673310041428
55390,0.012496142648160458
55400,0.017359143123030663
55410,0.015350095927715302
55420,0.014048654586076736
55430,0.012162383645772934
55440,0.010692562907934189
55450,0.009860298596322536
55460,0.011249810457229614
55470,0.013676340691745281
55480,0.02144947275519371
55490,0.01479399111121893
55500,0.012997639365494251
55510,0.014686573296785355
55520,0.013455440290272236
55530,0.015230139717459679
55540,0.015665240585803986
55550,0.017201388254761696
55560,0.016433723270893097
55570,0.012752501294016838
55580,0.018962474539875984
55590,0.015095834620296955
55600,0.017702175304293633
55610,0.015044920146465302
55620,0.013713718391954899
55630,0.014808735810220242
55640,0.01899436116218567
55650,0.019245853647589684
55660,0.015762247145175934
55670,0.013224073685705662
55680,0.01203829050064087
55690,0.014229285530745983
55700,0.01400210615247488
55710,0.012559434399008751
55720,0.013826725073158741
55730,0.012603006325662136
55740,0.010446432046592236
55750,0.011036238633096218
55760,0.015563562512397766
55770,0.012899473309516907
55780,0.013582175597548485
55790,0.01347136590629816
55800,0.010208803229033947
55810,0.010784351266920567
55820,0.012387124821543694
55830,0.011165292002260685
55840,0.013432953506708145
55850,0.011610445566475391
55860,0.01405972521752119
55870,0.012147536501288414
55880,0.01298561505973339
55890,0.012401865795254707
55900,0.011891323141753674
55910,0.016213534399867058
55920,0.01683894358575344
55930,0.012878048233687878
55940,0.016561035066843033
55950,0.013711577281355858
55960,0.014191736467182636
55970,0.011800109408795834
55980,0.01258075051009655
55990,0.01504563633352518
56000,0.011933786794543266
56010,0.013796180486679077
56020,0.016016051173210144
56030,0.012731808237731457
56040,0.015062067657709122
56050,0.015956398099660873
56060,0.021706080064177513
56070,0.024691207334399223
56080,0.019145779311656952
56090,0.013886049389839172
56100,0.01467545609921217
56110,0.013946202583611012
56120,0.010597345419228077
56130,0.015145494602620602
56140,0.014239883050322533
56150,0.011679996736347675
56160,0.013122113421559334
56170,0.012584272772073746
56180,0.012411529198288918
56190,0.012301875278353691
56200,0.009942563250660896
56210,0.013292092829942703
56220,0.013825329020619392
56230,0.01606702245771885
56240,0.013059116899967194
56250,0.013504132628440857
56260,0.011678308248519897
56270,0.013765241950750351
56280,0.011565066874027252
56290,0.014952858909964561
56300,0.013262827880680561
56310,0.013742949813604355
56320,0.024384159594774246
56330,0.01840856857597828
56340,0.0158807672560215
56350,0.012992052361369133
56360,0.01372609380632639
56370,0.012704970315098763
56380,0.014022956602275372
56390,0.01985834538936615
56400,0.01207168959081173
56410,0.013253594748675823
56420,0.01717797853052616
56430,0.012302691116929054
56440,0.011105298064649105
56450,0.012018558569252491
56460,0.012962757609784603
56470,0.015733320266008377
56480,0.01783929392695427
56490,0.013466211967170238
56500,0.01785658858716488
56510,0.011838694103062153
56520,0.014223582111299038
56530,0.012934044934809208
56540,0.013869126327335835
56550,0.011867988854646683
56560,0.013681256212294102
56570,0.01982800103724003
56580,0.013081192970275879
56590,0.015298529528081417
56600,0.013203345239162445
56610,0.012959598563611507
56620,0.010985990054905415
56630,0.015181316994130611
56640,0.019953139126300812
56650,0.020400075241923332
56660,0.018051154911518097
56670,0.013248972594738007
56680,0.01322250161319971
56690,0.01692878268659115
56700,0.015864476561546326
56710,0.012206402607262135
56720,0.014299758709967136
56730,0.014734379015862942
56740,0.014355218037962914
56750,0.01441553607583046
56760,0.014673067256808281
56770,0.014196381904184818
56780,0.01378885842859745
56790,0.014372323639690876
56800,0.01480356976389885
56810,0.013360228389501572
56820,0.01285382080823183
56830,0.015453285537660122
56840,0.01667068526148796
56850,0.014257494360208511
56860,0.011232294142246246
56870,0.014168831519782543
56880,0.011395405977964401
56890,0.0115561718121171
56900,0.0170628372579813
56910,0.012614422477781773
56920,0.013888439163565636
56930,0.013446608558297157
56940,0.016338396817445755
56950,0.015985840931534767
56960,0.014960017055273056
56970,0.016027862206101418
56980,0.02581341378390789
56990,0.016830870881676674
57000,0.014586457051336765
57010,0.012216090224683285
57020,0.016724638640880585
57030,0.015142870135605335
57040,0.013052104040980339
57050,0.015415074303746223
57060,0.011490313336253166
57070,0.01321104634553194
57080,0.013188053853809834
57090,0.019699864089488983
57100,0.01613203063607216
57110,0.014109562151134014
57120,0.013131212443113327
57130,0.01613839529454708
57140,0.023042963817715645
57150,0.015968438237905502
57160,0.014247894287109375
57170,0.013283814303576946
57180,0.017459943890571594
57190,0.011183789931237698
57200,0.011483114212751389
57210,0.015825459733605385
57220,0.014611748047173023
57230,0.014667833223938942
57240,0.014810076914727688
57250,0.02239401265978813
57260,0.016521019861102104
57270,0.01743958331644535
57280,0.011703312397003174
57290,0.01206299103796482
57300,0.015185995027422905
57310,0.012917133048176765
57320,0.014899193309247494
57330,0.01497157383710146
57340,0.016436602920293808
57350,0.01652897708117962
57360,0.014071830548346043
57370,0.0144179193302989
57380,0.019644487649202347
57390,0.017180997878313065
57400,0.014655296690762043
57410,0.02756771445274353
57420,0.016912497580051422
57430,0.012915392406284809
57440,0.01324301678687334
57450,0.009861551225185394
57460,0.011336236260831356
57470,0.013746850192546844
57480,0.013081701472401619
57490,0.012166296131908894
57500,0.01439809799194336
57510,0.013679228723049164
57520,0.014146290719509125
57530,0.018555201590061188
57540,0.011682197451591492
57550,0.016803303733468056
57560,0.013176427222788334
57570,0.012798658572137356
57580,0.014559338800609112
57590,0.0143052339553833
57600,0.018395977094769478
57610,0.015725212171673775
57620,0.012472386471927166
57630,0.014905596151947975
57640,0.011756340973079205
57650,0.016087714582681656
57660,0.01334899291396141
57670,0.014738829806447029
57680,0.014946164563298225
57690,0.01810283027589321
57700,0.01602870598435402
57710,0.016607187688350677
57720,0.013804868794977665
57730,0.01438775286078453
57740,0.013142596930265427
57750,0.010859468020498753
57760,0.011629982851445675
57770,0.01447572186589241
57780,0.011978691443800926
57790,0.014555936679244041
57800,0.012468927539885044
57810,0.013960931450128555
57820,0.01585346646606922
57830,0.014073736034333706
57840,0.014737023040652275
57850,0.012418617494404316
57860,0.016988633200526237
57870,0.01567261852324009
57880,0.013600008562207222
57890,0.014883529394865036
57900,0.01213950477540493
57910,0.018272045999765396
57920,0.014941645786166191
57930,0.015116813592612743
57940,0.015054778195917606
57950,0.019302796572446823
57960,0.021562788635492325
57970,0.018000563606619835
57980,0.01606222242116928
57990,0.014929398894309998
58000,0.012948685325682163
58010,0.012883467599749565
58020,0.014487187378108501
58030,0.013664755038917065
58040,0.01589265465736389
58050,0.012894111685454845
58060,0.014410274103283882
58070,0.01679575815796852
58080,0.01680266112089157
58090,0.015397639945149422
58100,0.018261892721056938
58110,0.019303712993860245
58120,0.014707265421748161
58130,0.017689725384116173
58140,0.013910925947129726
58150,0.018656592816114426
58160,0.021626358851790428
58170,0.01885404624044895
58180,0.012627524323761463
58190,0.013788551092147827
58200,0.014053006656467915
58210,0.014398276805877686
58220,0.011185355484485626
58230,0.014646677300333977
58240,0.022249069064855576
58250,0.013927050866186619
58260,0.01618276722729206
58270,0.013170402497053146
58280,0.016941703855991364
58290,0.015444261953234673
58300,0.01056171115487814
58310,0.01206174399703741
58320,0.010775187984108925
58330,0.013840492814779282
58340,0.012032764032483101
58350,0.014253144152462482
58360,0.01156608946621418
58370,0.013337166048586369
58380,0.016735009849071503
58390,0.015792295336723328
58400,0.014483366161584854
58410,0.010949994437396526
58420,0.013990310952067375
58430,0.016045430675148964
58440,0.013453997671604156
58450,0.011608023196458817
58460,0.012777621857821941
58470,0.012913165614008904
58480,0.01213353592902422
58490,0.012182251550257206
58500,0.010944888927042484
58510,0.013548238202929497
58520,0.014613482169806957
58530,0.01598154380917549
58540,0.012246033176779747
58550,0.013451949693262577
58560,0.013719995506107807
58570,0.015916088595986366
58580,0.01447560079395771
58590,0.017546720802783966
58600,0.019791439175605774
58610,0.01577899605035782
58620,0.014022746123373508
58630,0.013707044534385204
58640,0.015031269751489162
58650,0.014099480584263802
58660,0.015243077650666237
58670,0.01332184299826622
58680,0.017305968329310417
58690,0.01972205564379692
58700,0.012165367603302002
58710,0.015174436382949352
58720,0.017558669671416283
58730,0.018419602885842323
58740,0.01846478320658207
58750,0.013547596521675587
58760,0.013453368097543716
58770,0.013877703808248043
58780,0.014394508674740791
58790,0.01354383397847414
58800,0.014258483424782753
58810,0.014787532389163971
58820,0.014538283459842205
58830,0.014953607693314552
58840,0.01673996075987816
58850,0.013229998759925365
58860,0.011688200756907463
58870,0.012314294464886189
58880,0.011678487062454224
58890,0.01244225725531578
58900,0.01403143722563982
58910,0.011973852291703224
58920,0.015963662415742874
58930,0.025879334658384323
58940,0.01564757525920868
58950,0.018362486734986305
58960,0.014292735606431961
58970,0.02478167600929737
58980,0.01422734186053276
58990,0.014634189195930958
59000,0.01661750301718712
59010,0.013800613582134247
59020,0.013768644072115421
59030,0.017689529806375504
59040,0.01426953449845314
59050,0.01825149543583393
59060,0.01661577634513378
59070,0.01859459839761257
59080,0.017335480079054832
59090,0.012935079634189606
59100,0.028558097779750824
59110,0.014409957453608513
59120,0.016390489414334297
59130,0.015095079317688942
59140,0.01358737051486969
59150,0.015809332951903343
59160,0.014252962544560432
59170,0.01714019663631916
59180,0.02162078022956848
59190,0.01722634956240654
59200,0.012790132313966751
59210,0.01523543056100607
59220,0.014142223633825779
59230,0.015183975920081139
59240,0.014291933737695217
59250,0.014739420264959335
59260,0.014025588519871235
59270,0.012807938270270824
59280,0.028030171990394592
59290,0.020118676126003265
59300,0.012533022090792656
59310,0.012619830667972565
59320,0.014294542372226715
59330,0.018547944724559784
59340,0.01911676488816738
59350,0.01822366565465927
59360,0.016283422708511353
59370,0.018666602671146393
59380,0.013090241700410843
59390,0.015010819770395756
59400,0.015672238543629646
59410,0.014945697970688343
59420,0.01268342137336731
59430,0.016156882047653198
59440,0.014944060705602169
59450,0.012483591213822365
59460,0.01317325048148632
59470,0.00970248319208622
