backend,xi,init,iter,dtheta_norm,cost,p_N,p_E,p_S,p_W
exact,0.01,0,0,0.0791954243302499,3.1031109131838055,0.2011134706806976,0.1760509529271445,0.20894684221961501,0.4138887341725429
exact,0.01,0,1,1.0765573124328576,2.804892134933282,0.20971149443739462,0.2290344530597603,0.2562416453637169,0.30501240713912825
exact,0.01,0,2,1.5063195885404745,2.28510114986839,0.2272252335071554,0.2701047459609829,0.3684077679634666,0.13426225256839522
exact,0.01,0,3,1.0622666831857863,2.2674606066154017,0.2726338296028522,0.23473538102521396,0.35605574943504964,0.13657503993688414
exact,0.01,0,4,0.31581505156970496,2.2483234342934666,0.30075040991189217,0.20377244172146286,0.3563923192103239,0.13908482915632112
exact,0.01,0,5,0.1596459626112516,2.2419933355063217,0.2828318505248536,0.21107701232614876,0.3692227755604766,0.13686836158852106
exact,0.01,0,6,1.170958233352452,2.1762702390508695,0.2605930426636334,0.3634592862814478,0.3146569289617283,0.061290742093190576
exact,0.01,0,7,0.9411204586858364,2.0626804916322303,0.265531343395033,0.3431762302621825,0.3561554306288532,0.03513699571393131
exact,0.01,0,8,0.14209812737986383,2.058931141471087,0.26146738694925253,0.34106708794746493,0.36204707548576887,0.03541844961751369
exact,0.01,0,9,0.5538338858105714,2.0000918537802446,0.2519432253756644,0.3138806663839473,0.4041589250209827,0.03001718321940565
exact,0.01,0,10,0.6087675307293867,1.939058310490851,0.22357512496920226,0.2405617799721883,0.4914530571866274,0.04441003787198202
exact,0.01,0,11,0.20039303999975577,1.9321941371939793,0.24548288419609088,0.23763753415485037,0.47633758713549545,0.04054199451356333
exact,0.01,0,12,0.19659008194625222,1.9258676357460542,0.2624251357243678,0.21634916069019983,0.47660579838096445,0.04461990520446789
exact,0.01,0,13,0.022035508375730456,1.925819554425591,0.2622579462969529,0.21535916133236596,0.47737074336037927,0.045012149010301844
exact,0.01,0,14,0.8083393685248279,1.8370968302838402,0.34240404296969934,0.15774457335303962,0.46966907280887643,0.030182310868384635
exact,0.01,0,15,0.744667844928393,1.7246730256725094,0.32961402307360677,0.12782284292560198,0.5322132178144691,0.010349916186322203
exact,0.01,0,16,0.35713277212351674,1.701793338491689,0.32967010001306307,0.08274844144975474,0.5666211821532193,0.02096027638396295
exact,0.01,0,17,0.11569440270454084,1.701951330468479,0.3253996819767511,0.08030650401453927,0.5717651631555211,0.022528650853188448
exact,0.01,0,18,0.3942945658380065,1.7164041627928295,0.34654954808328786,0.06453400999885775,0.5589422896352867,0.029974152282567695
exact,0.01,0,19,0.2864210550914986,1.7138992130410824,0.30704129654754236,0.0925538211299171,0.5765642995920348,0.02384058273050583
exact,0.01,0,20,0.5869780773202038,1.6835139522131142,0.2609445671752456,0.08760434489574434,0.6284445796037194,0.023006508325290775
exact,0.01,0,21,0.44172423351031714,1.688237803828178,0.24676194729058698,0.06665849528170013,0.6522288414505316,0.0343507159771812
exact,0.01,0,22,0.09683063895330299,1.688671369931444,0.24470126191580194,0.06612751835788307,0.6542125071972265,0.03495871252908855
exact,0.01,0,23,0.009652350175613472,1.6886629597801373,0.2437793366294698,0.06606007177106846,0.6550549746836245,0.03510561691583736
exact,0.01,0,24,0.5274596082875408,1.6964782322465335,0.22569201347942613,0.0961631491015843,0.6498673946047767,0.028277442814212815
exact,0.01,0,25,0.24515119351099804,1.6840552332566276,0.2343861021745544,0.09224813672981373,0.6484183395806322,0.024947421514999693
exact,0.01,0,26,0.5621235928372315,1.6440509566610164,0.20538753786345992,0.06711945858149687,0.7008587139951464,0.026634289559896808
exact,0.01,0,27,0.27648162128785114,1.638133953032812,0.18550281133295804,0.06698961678730612,0.7199376470505984,0.027569924829137494
exact,0.01,0,28,0.1444451237192858,1.6346578851081306,0.17984336594119077,0.06726673913766587,0.7257061274726345,0.027183767448508814
exact,0.01,0,29,0.6361192334866534,1.61511116521388,0.14232177618688818,0.10785482876526142,0.7390399335213295,0.010783461526520889
exact,0.01,0,30,0.0899444912259284,1.615540952689004,0.14465958806664717,0.10684478702047383,0.7375047552577382,0.010990869655140921
exact,0.01,0,31,0.6908239091374252,1.5730757554202983,0.13443347297842195,0.06738289724965021,0.7833014080095776,0.014882221762350236
exact,0.01,0,32,0.42780064529593215,1.594314920586465,0.16703603606995493,0.06248196922962741,0.7517131969808195,0.01876879771959825
exact,0.01,0,33,0.3039401510977019,1.5840532971746972,0.1332961414811036,0.05084744088199953,0.7912507296476812,0.02460568798921559
exact,0.01,0,34,0.15303221954373888,1.5839852439821689,0.1292572752149653,0.0548343747158777,0.792319771813992,0.023588578255164853
exact,0.01,0,35,0.054507600533412776,1.5844795315843097,0.12564085163830482,0.05684787210043014,0.7940743062801524,0.02343696998111264
exact,0.01,0,36,0.17956344062180882,1.5826256151831495,0.15088637623250886,0.05881699599252189,0.7714634679607213,0.018833159814248036
exact,0.01,0,37,0.252297201731388,1.5829920726330848,0.15880524824315548,0.06806404823976742,0.7587679567142133,0.014362746802863674
exact,0.01,0,38,0.30136402353408903,1.5901103790441713,0.1401756470580414,0.05950062932969689,0.7781332462034568,0.022190477408805025
exact,0.01,0,39,0.2577751123630236,1.594242388999811,0.13318596116436515,0.05591883397634605,0.7851973999340098,0.02569780492527899
exact,0.01,0,40,0.06457394217207871,1.5943014345234368,0.13496699579831847,0.05384363067572284,0.7849132866874609,0.026276086838497855
exact,0.01,0,41,0.41534039441145865,1.5709114043718957,0.14499240439342015,0.04243406458455058,0.7901718104708916,0.02240172055113778
exact,0.01,0,42,0.15450030797668327,1.57191030651657,0.12851370853127925,0.045735382888350835,0.8021630988398701,0.023587809740499777
exact,0.01,0,43,0.16375996906555165,1.5715917074143773,0.14537822633600725,0.043773901997369136,0.7888072723664741,0.02204059930014963
exact,0.01,0,44,0.23281492708642662,1.5688430051713533,0.16742154957744987,0.04448761879517004,0.7700267515047285,0.01806408012265162
exact,0.01,0,45,0.13553589027160803,1.5659111372566412,0.17600538215290493,0.04603194513694069,0.7624859430802682,0.015476729629886214
exact,0.01,0,46,0.30278688232793516,1.5659881890198273,0.19774933687910837,0.044907066662944715,0.7442816073364004,0.013061989121546552
exact,0.01,0,47,0.13344002759188883,1.5650298542327787,0.18886792495535296,0.042787316612345104,0.7535825249649165,0.014762233467385472
exact,0.01,0,48,0.13323639220417613,1.564114043244262,0.1740527943754374,0.03785291809118128,0.7697647485952502,0.018329538938131214
exact,0.01,0,49,0.05101622009907314,1.5637845744173593,0.17714059502675883,0.03559247373279098,0.7685768177940155,0.018690113446434745
exact,0.01,0,50,0.006882552037432196,1.563780078173193,0.1767315974487006,0.03592176981983173,0.7687299411771442,0.01861669155432353
exact,0.01,0,51,0.4854133481755258,1.5804643215941618,0.1741517442646993,0.01801267709873927,0.7770978437653003,0.030737734871261184
exact,0.01,0,52,0.0805346300352163,1.5802709941295043,0.1756883765825419,0.01843388021424745,0.7755599976323256,0.030317745570885048
exact,0.01,0,53,0.14493440501286478,1.579172899243292,0.16665105299913918,0.02028470099412327,0.7825917692011898,0.030472476805547717
exact,0.01,0,54,0.518658358414683,1.557818802909126,0.1915894951751666,0.034054420748029786,0.758747036010248,0.01560904806655563
exact,0.01,0,55,0.2791932014210115,1.5458550429312412,0.18014469076311282,0.019162822344950994,0.7814272402701655,0.019265246621770687
exact,0.01,0,56,0.05585768366021002,1.545271252705085,0.17795833374539619,0.01930452832164724,0.7834115806874558,0.019325557245500814
exact,0.01,0,57,0.11345174098767397,1.543284033199242,0.18957713074941654,0.018821299239582062,0.774207835654374,0.017393734356627416
exact,0.01,0,58,0.06933823529846672,1.5426369773544761,0.18802251799178027,0.017036760135706104,0.7768522464868104,0.01808847538570341
exact,0.01,0,59,0.024958555862553702,1.5426328157214813,0.18574879680914647,0.01791211216586522,0.7782870238937611,0.018052067131227156
exact,0.01,0,60,0.47880790426936565,1.5441497796155148,0.1776794615457586,0.023404463418599458,0.7814519776155457,0.017464097420096095
exact,0.01,0,61,0.2839015448496258,1.5455557278859022,0.1859028137147636,0.016902666458117676,0.7779117901095717,0.019282729717547128
exact,0.01,0,62,0.1963240205899158,1.541006367537185,0.19651468250535548,0.022641346224927656,0.7664982368714768,0.014345734398240093
exact,0.01,0,63,0.37906818388067975,1.5411377156404165,0.17275081421960872,0.0541795474369355,0.7676159505436274,0.005453687799828458
exact,0.01,0,64,0.2980639720165751,1.535592874854364,0.15058282252698052,0.05749882508556139,0.7864673115063361,0.005451040881122085
exact,0.01,0,65,0.04995136178811033,1.5360112226208378,0.15028692455268688,0.059680549379039424,0.7852534882421751,0.004779037826098645
exact,0.01,0,66,0.039751720115174694,1.5362825368540474,0.1499761852279127,0.058231981946425496,0.7863375725094247,0.00545426031623717
exact,0.01,0,67,0.10016110795710197,1.5369797685617734,0.15492085712496384,0.05525092211331666,0.783674831974926,0.0061533887867933025
exact,0.01,0,68,0.016645732029587634,1.5369888792266992,0.1554528596480326,0.05518798934371143,0.7832487126189142,0.006110438389341839
exact,0.01,0,69,0.05672317754780887,1.5366208571974813,0.15585582296998637,0.05323633009409821,0.78421267515192,0.006695171783995529
exact,0.01,0,70,0.30196964733029574,1.536459679460424,0.15833975535965347,0.041938177386227536,0.7890799990890743,0.010642068165044725
exact,0.01,0,71,0.2824701308317362,1.5250727857822253,0.13865676964950208,0.035995055282410475,0.8132350680389865,0.012113107029101117
exact,0.01,0,72,0.2907823191680319,1.5278132960700928,0.12026112871958868,0.03913478002815026,0.8264831190623779,0.014120972189883181
exact,0.01,0,73,0.45827079541114196,1.5229038826775885,0.10580256349283149,0.03229167142720541,0.8447516333919785,0.017154131687984693
exact,0.01,0,74,0.012485267032737862,1.522892276910853,0.10646131500032747,0.03228188664080336,0.8441876955886463,0.017069102770223044
exact,0.01,0,75,0.06925742425879344,1.5221434792618334,0.10556509157292215,0.030906526900170164,0.8460403508476583,0.01748803067924938
exact,0.01,0,76,0.07419101844696352,1.522079544615087,0.10165657210584524,0.03421446267008215,0.847416057139071,0.01671290808500171
exact,0.01,0,77,0.08293114037571991,1.522831544622547,0.1065253911224757,0.034215649531946016,0.8429540699360947,0.016304889409483655
exact,0.01,0,78,0.054877730143046484,1.5223277854007542,0.10758901443384694,0.03286350613928848,0.8430136960350941,0.01653378339177057
exact,0.01,0,79,0.13628240537162817,1.519580517428462,0.10865524642060978,0.03284296349119968,0.8429125017804395,0.015589288307751128
exact,0.01,0,80,0.221544614594244,1.5115879150353184,0.1084513582152967,0.025771956168857434,0.8498320965274038,0.015944589088442093
exact,0.01,0,81,0.14012469348105905,1.5116171792852489,0.10466778625539969,0.03165667376135865,0.849477343905176,0.01419819607806571
exact,0.01,0,82,0.7388537194882439,1.486002922915158,0.0837837673845007,0.0383648076782347,0.8711087477733311,0.006742677163933484
exact,0.01,0,83,0.2014358072094602,1.4859232858232692,0.08952581274692419,0.042174456087494774,0.863774700396046,0.00452503076953514
exact,0.01,0,84,0.19969834018501942,1.488224373235776,0.08468369265249089,0.037819955496519876,0.8700031059045225,0.007493245946466821
exact,0.01,0,85,0.32328182567036345,1.4960032918378434,0.07857327846957608,0.04609858525353756,0.8678996128457126,0.007428523431173881
exact,0.01,0,86,0.030277879832700222,1.4960481960476328,0.08022300824593753,0.044661278063645,0.8673379513481082,0.007777762342309256
exact,0.01,0,87,0.08661739032040498,1.4955689111574835,0.07207301348420399,0.04762500300203897,0.8727478368166905,0.007554146697066582
exact,0.01,0,88,0.059284444121815855,1.495912446940125,0.07374710933875969,0.04883466486346655,0.8704392895955511,0.006978936202222711
exact,0.01,0,89,0.025626760738588647,1.4959027416111266,0.07271423107453703,0.04825517388675897,0.8717004471481241,0.0073301478905799956
exact,0.01,0,90,0.09790225391260456,1.4942190592838205,0.07985906044100007,0.04447256642698183,0.8683140545566208,0.007354318575397324
exact,0.01,0,91,0.21638781087764122,1.4902855183590598,0.06679291424097268,0.037192838474473584,0.8853688101003684,0.01064543718418526
exact,0.01,0,92,0.5902312164083195,1.551858028658434,0.06401701555033049,0.034311675979111445,0.8713147052556027,0.030356603214955383
exact,0.01,0,93,0.5842999737239474,1.5402839922317,0.05142150079000639,0.03144243820056076,0.8875005942259226,0.029635466783510134
exact,0.01,0,94,0.20042331662597557,1.5388103617150486,0.0544098290435677,0.023849837799394265,0.8900317827325388,0.0317085504244991
exact,0.01,0,95,0.2511612901014182,1.5431286685024048,0.048140957889463896,0.02607503628362861,0.8928398733916987,0.03294413243520882
exact,0.01,0,96,0.07758287431743616,1.5429470558906526,0.04859148558766383,0.0236226234711844,0.8940191055130775,0.03376678542807432
exact,0.01,0,97,0.6325617833141983,1.5238037485159075,0.09445262024897572,0.032038714948725185,0.8545230408716746,0.018985623930624435
exact,0.01,0,98,0.03167740786213111,1.5237417650417948,0.09493934652240563,0.03313719468468129,0.8534381508501229,0.018485307942790248
exact,0.01,0,99,0.2563516863948223,1.5413700090948852,0.09585105962873379,0.03912638540264398,0.8437160182496364,0.021306536718985924
exact,0.01,0,100,0.11806982716370054,1.5396297923374114,0.09383197367683883,0.037864495966089796,0.8467699821483455,0.021533548208725863
exact,0.01,0,101,0.08388839263201608,1.538931694622875,0.0964724642920692,0.03890023468961074,0.8440374223611592,0.02058987865716087
exact,0.01,0,102,0.3164438443206169,1.5468705002807348,0.11853951174919825,0.024706961391191995,0.8312556111030132,0.025497915756596688
exact,0.01,0,103,0.08202288988302442,1.545921988179201,0.1049348618123857,0.026686982953371748,0.8421522709698507,0.026225884264391864
exact,0.01,0,104,0.07375104015112655,1.5464659726739443,0.10470879777657069,0.027733353832663295,0.8415406532139271,0.026017195176838898
exact,0.01,0,105,0.4101733514677225,1.5372442520588026,0.09496289669208463,0.04219098819899286,0.8438170352563232,0.01902907985259925
exact,0.01,0,106,0.013648986789082676,1.5372512790708452,0.09412191571344444,0.04200981989962562,0.844659168352669,0.019209096034261117
exact,0.01,0,107,0.4534494146998686,1.5487818231060806,0.08167831011908938,0.0415940437027809,0.8523350900057578,0.024392556172371963
exact,0.01,0,108,0.10828103150179623,1.5466051075853546,0.08516807443013641,0.04067721042695174,0.850507860625536,0.023646854517375773
exact,0.01,0,109,0.3348412355606673,1.5343671882121546,0.06972155892230321,0.05387698901375296,0.8594279891968741,0.016973462867069744
exact,0.01,0,110,0.22258024286879885,1.533012601562188,0.06824934147352554,0.04636781351381193,0.8657554389086052,0.019627406104057384
exact,0.01,0,111,0.29020149742890594,1.5246147687788933,0.07743296295960685,0.0459581778919622,0.8604973187409668,0.016111540407464178
exact,0.01,0,112,0.37324359254817413,1.5012856795294764,0.080696193332781,0.03442736970270408,0.8717026289992957,0.013173807965219105
exact,0.01,0,113,0.04322588513480276,1.5016930699811344,0.07972019812125482,0.033179331995575774,0.8732042312378543,0.013896238645314994
exact,0.01,0,114,0.3843945384230768,1.4954331009522492,0.08486063123826505,0.02617949554230019,0.874912917003468,0.014046956215966874
exact,0.01,0,115,0.20728386678045715,1.496830820308735,0.10329196986937599,0.03616618621724674,0.8522691855210516,0.008272658392325567
exact,0.01,0,116,0.14572636050195378,1.4980300638167217,0.10788491903383968,0.03135280764384129,0.8508919754277464,0.009870297894572604
exact,0.01,0,117,0.21548846964374244,1.4951992245380883,0.10199381065641196,0.03838504013867864,0.8525109627123812,0.007110186492528233
exact,0.01,0,118,0.204153728233716,1.4954932972537651,0.10477043391045864,0.03805262170615409,0.8502120442294316,0.006964900153955572
exact,0.01,0,119,0.039904836205537086,1.4954071219328509,0.10822305460823788,0.037639715673431606,0.8474873632085568,0.00664986650977373
exact,0.01,0,120,0.11347535871574368,1.49402908322741,0.09797270195563827,0.03400851068907783,0.8590655736786,0.008953213676683917
exact,0.01,0,121,0.35203994211891115,1.4799475311716708,0.10051127438507751,0.026293153981624073,0.8658024249456711,0.007393146687627299
exact,0.01,0,122,0.0786039695807165,1.4784750408191571,0.1001743748417285,0.024845138535187307,0.8674282577813458,0.007552228841738452
exact,0.01,0,123,0.030373256566033957,1.4783372950208984,0.10140213387414368,0.024960206691827212,0.8663287418666209,0.007308917567408048
exact,0.01,0,124,0.17240921439648782,1.4756023624220655,0.09731619920206198,0.027420392468026217,0.8691758920170682,0.006087516312843501
exact,0.01,0,125,0.03821323608816485,1.4756138407442738,0.09713029829775148,0.027875166512361615,0.8690530394656345,0.005941495724252468
exact,0.01,0,126,0.3708531255135661,1.4745655455921292,0.08131603927166701,0.027638804476626762,0.8832862349437266,0.007758921307979717
exact,0.01,0,127,0.004699524770423472,1.4745659984069996,0.08116032483557085,0.02769116798510314,0.8833893767669107,0.00775913041241537
exact,0.01,0,128,0.0736284326270681,1.4741665804137565,0.08157457781501035,0.02552586007219008,0.8844868265298689,0.008412735582930818
exact,0.01,0,129,0.08867798548523319,1.4738600029441977,0.08529494241720668,0.026137969614474836,0.880957440924965,0.0076096470433536425
exact,0.01,0,130,0.1972630728383745,1.470113516155821,0.08340934073915829,0.02505773648359228,0.8843798967943152,0.00715302598293427
exact,0.01,0,131,0.25925028150983814,1.4850955811657967,0.07972864759729537,0.016178034753264573,0.8886400376428274,0.0154532800066127
exact,0.01,0,132,0.11849253401896576,1.4854254291467563,0.08480681946698114,0.01351730515728472,0.8857643837138078,0.015911491661926312
exact,0.01,0,133,0.19958433160799133,1.4795740663349954,0.09254655047267528,0.015003310387043743,0.8798366226203801,0.01261351651990091
exact,0.01,0,134,0.012727209704364752,1.4795733090199903,0.09209840761249209,0.015257057553377255,0.8800701732307217,0.012574361603408864
exact,0.01,0,135,0.1904873886875123,1.4751450413471,0.09739298451088553,0.009985531848083972,0.8800344220893945,0.012587061551635867
exact,0.01,0,136,0.42108567176282713,1.4819688397111348,0.08057349141407268,0.02544827606139225,0.8830932349177217,0.010884997606813369
exact,0.01,0,137,0.10657862815332209,1.4820905164498357,0.08471301138724632,0.02861474087770094,0.877491095992269,0.00918115174278371
exact,0.01,0,138,0.13895102216230343,1.4832373601189974,0.09302041265663548,0.02683432360681492,0.8710160145387176,0.009129249197831939
exact,0.01,0,139,0.2562360068855522,1.4890139085048388,0.07670130684016527,0.027776706835970316,0.8829371841787989,0.012584802145065575
exact,0.01,0,140,0.03104187363782635,1.4888500673180818,0.07981732996643946,0.028035767430673843,0.8801102839356635,0.012036618667223234
exact,0.01,0,141,0.47255470067209054,1.5060613270162433,0.07431557093247701,0.022393405335520384,0.883292680082786,0.019998343649216495
exact,0.01,0,142,0.26899962169398184,1.495111651445096,0.09044691982071436,0.020128798742929683,0.8738861566075236,0.015538124828832378
exact,0.01,0,143,0.09186214641171123,1.4947340126634365,0.09121481411459596,0.019452742749248773,0.8737476222980869,0.015584820838068463
exact,0.01,0,144,0.1357816720145657,1.4918804122621092,0.0865246263385881,0.01849947718641807,0.8792695581528143,0.015706338322179658
exact,0.01,0,145,0.16825668410821176,1.4927172561562498,0.08182890123765085,0.024424418534170683,0.879445625580601,0.01430105464757747
exact,0.01,0,146,0.588710295752551,1.4818328984472116,0.03511106142961254,0.04005846919214504,0.9137292758633301,0.011101193514912263
exact,0.01,0,147,0.1115753857984771,1.4821422404018785,0.03649069421032071,0.04182014617080595,0.911343638994098,0.010345520624775425
exact,0.01,0,148,0.20850970908453445,1.481789772852611,0.04106135327285438,0.029477578818233804,0.9151008197296419,0.01436024817926995
exact,0.01,0,149,0.01374148774009816,1.4817598489294492,0.04112111461439287,0.029499344552760296,0.915044089698564,0.014335451134282785
exact,0.01,0,150,0.6147550490094744,1.532619782187029,0.0781455011102069,0.04757772159125292,0.8565023316005161,0.01777444569802413
exact,0.01,0,151,0.19116599356487401,1.531360733617439,0.06769939714337377,0.05295804814068247,0.8626491594852976,0.016693395230646016
exact,0.01,0,152,0.1292148201850278,1.530023859099899,0.06972317057914934,0.053173628715294956,0.8611489518693327,0.015954248836223057
exact,0.01,0,153,0.3490044298905996,1.51869298036274,0.08080288745923708,0.054703141068496525,0.8539107733125874,0.010583198159679104
exact,0.01,0,154,0.3854739628926793,1.510787224220522,0.10326336521859823,0.04561693986776695,0.8423140382974543,0.008805656616180404
exact,0.01,0,155,0.06206484532990721,1.5105641367277218,0.10177778076805942,0.04410886878750788,0.8446056385855105,0.009507711858922161
exact,0.01,0,156,0.10786622759583865,1.5108890447779626,0.10968446937353071,0.04009852658007447,0.840106312705956,0.0101106913404388
exact,0.01,0,157,0.4095825175644801,1.499617941078111,0.10313155907297294,0.03324230287309726,0.8533908535393772,0.010235284514552733
exact,0.01,0,158,0.2888396544480898,1.5075376487366245,0.09599424522550244,0.02513687408189134,0.862271745368996,0.016597135323610093
exact,0.01,0,159,0.10294694918702982,1.5082888316231888,0.10108841823473633,0.02557815134629678,0.857340128815041,0.015993301603926022
exact,0.01,0,160,0.4188748923031582,1.497161832772105,0.08216291296025137,0.022294475028247968,0.8791548525305125,0.016387759480988154
exact,0.01,0,161,0.2694854781929166,1.4921727236753728,0.09053182321464086,0.03662049232697466,0.8644804077789614,0.0083672766794231
exact,0.01,0,162,0.2421594063560267,1.4855335032899655,0.0907995327050054,0.02574290776828719,0.8729449186083659,0.01051264091834146
exact,0.01,0,163,0.019223621233174643,1.4855484396407677,0.09002174914937632,0.02536662151387842,0.8738508251974111,0.010760804139334177
exact,0.01,0,164,0.05916732567706545,1.4859644168088626,0.09249476161978393,0.02454792453956713,0.8720799351906965,0.010877378649952469
exact,0.01,0,165,0.34782662679766535,1.4769500049081856,0.08677135805476237,0.021899194942705057,0.8813779002158065,0.009951546786726025
exact,0.01,0,166,0.004136100950024618,1.4769492592193105,0.08691520406590299,0.021938161106413778,0.8812286836522869,0.009917951175396313
exact,0.01,0,167,0.09976917383177017,1.4762061311658963,0.09100531437537437,0.02395347028527752,0.8766387558300109,0.008402459509337191
exact,0.01,0,168,0.04695200897885843,1.4759284806472577,0.09220587206883457,0.02249930097551721,0.87657515005963,0.00871967689601821
exact,0.01,0,169,0.14478235845691426,1.4760228030398563,0.08444292269993506,0.025848741508995843,0.8812373332202922,0.008471002570776893
exact,0.01,0,170,0.4083662922382476,1.4910500526948256,0.08422290990031295,0.026543561484175863,0.8765428590794216,0.012690669536089529
exact,0.01,0,171,0.3252527435385215,1.493740544035462,0.08734480921379281,0.01173789944032026,0.8821889573334412,0.01872833401244582
exact,0.01,0,172,0.316818027086963,1.4734339622724142,0.07373484212941153,0.01461843213617223,0.8982881617686104,0.01335856396580592
exact,0.01,0,173,0.23611709442468154,1.4779630120812202,0.07086837579509948,0.010765267501733728,0.9018294035928054,0.0165369531103613
exact,0.01,0,174,0.09012151078709849,1.4780553246655344,0.07141560530954982,0.013394109555564259,0.8996971076172202,0.015493177517665702
exact,0.01,0,175,0.03929724715515015,1.4781670867987362,0.07337428629026264,0.014513716311660013,0.8972633866613569,0.014848610736720537
exact,0.01,0,176,0.5602061004359055,1.4907979027367426,0.10362779791768612,0.009628727703723916,0.8701838861759577,0.016559588202632213
exact,0.01,0,177,0.29710553127093203,1.4838898464306116,0.12487938151000814,0.024025266808604066,0.844824118736141,0.006271232945246835
exact,0.01,0,178,0.2049978095159588,1.4821242729910056,0.12325130811387612,0.031393586892415115,0.842207457982802,0.0031476470109066835
exact,0.01,0,179,0.3218814652495582,1.4857286945787438,0.12502315979856174,0.03097755075289437,0.8398545783304087,0.0041447111181353415
exact,0.01,0,180,0.16316188418044433,1.4836869795395524,0.11746283784948888,0.02938900081777593,0.8480212733105177,0.00512688802221755
exact,0.01,0,181,0.18018219588807227,1.4799364476597812,0.10906142717704508,0.02740376732611103,0.8576740538864233,0.005860751610420485
exact,0.01,0,182,0.01884487635452027,1.4798672266591464,0.10846648158406348,0.027009435592620708,0.8584564516516734,0.006067631171642516
exact,0.01,0,183,0.3252233546739408,1.4813347683812927,0.09167475084522732,0.025596117843703796,0.8735183889551843,0.009210742355884647
exact,0.01,0,184,0.1398972133891796,1.4788112840824927,0.08818494748377265,0.019878695572219725,0.8808448774740766,0.011091479469931009
exact,0.01,0,185,0.18665646819860662,1.4762897738353757,0.08104719133601321,0.023468889968963923,0.8855896832388732,0.009894235456149742
exact,0.01,0,186,0.17685668565808157,1.4710637572064336,0.0813801167298512,0.022876200499176463,0.8872163341007415,0.008527348670230823
exact,0.01,0,187,0.14900596285288614,1.4740717509210406,0.07044926590542067,0.024101031416726384,0.8950924459023194,0.010357256775533586
exact,0.01,0,188,0.2667102530538479,1.465037758326293,0.05221467798385268,0.01742634330638535,0.9178043217922474,0.012554656917514536
exact,0.01,0,189,0.2696234915054908,1.4771428915524827,0.05731186503947689,0.023093897743589168,0.9062583563090196,0.013335880907914347
exact,0.01,0,190,0.1402318551840725,1.4756950984841393,0.0587778030105581,0.022182041532023397,0.905974121017668,0.01306603443975045
exact,0.01,0,191,0.22363479043249473,1.4759612437176695,0.062091834619515465,0.018748637524495626,0.9051313183143576,0.014028209541631474
exact,0.01,0,192,0.39790891206654744,1.480408892941845,0.06942229504968499,0.02218258647041216,0.895295484343334,0.013099634136568984
exact,0.01,0,193,0.2045940022732001,1.4837392398244347,0.08183550053837901,0.02026474969407906,0.8846766607733727,0.013223088994169206
exact,0.01,0,194,0.2227428791730368,1.4799220055032527,0.06916283724890593,0.018831641175513145,0.8977405089147157,0.01426501266086521
exact,0.01,0,195,0.27533737744457554,1.4829106297902026,0.05859994600146053,0.015890619125766562,0.9078843480882987,0.01762508678447431
exact,0.01,0,196,0.23259565047536732,1.4760798773469177,0.05282004896171455,0.019880848666862013,0.9124802940772501,0.014818808294173319
exact,0.01,0,197,0.0416184300211242,1.4760191148257062,0.05145469154359832,0.018877809228848602,0.9143102616260492,0.015357237601503893
exact,0.01,0,198,0.30387916232311024,1.4700266878069281,0.04176439409188849,0.019868407042799054,0.9239277851789488,0.014439413686363659
exact,0.01,0,199,0.23283988203728853,1.474991791638791,0.045025439376786956,0.01742326913677516,0.9211239686154317,0.0164273228710062
exact,0.01,0,200,0.3002373720766549,1.4694303104960702,0.04217795047456336,0.027408218736645482,0.9190749875857228,0.011338843203068225
exact,0.01,0,201,0.4017098075915631,1.4593228664384899,0.03819777898475208,0.02593644252127591,0.9264580564782907,0.009407722015681338
exact,0.01,0,202,0.2632988445132594,1.4487686648857983,0.037033313836204354,0.027495234855568082,0.9296410518842438,0.0058303994239836295
exact,0.01,0,203,0.16530569056498756,1.4452445564221288,0.041479969347589615,0.02255491321959736,0.9298663553343607,0.006098762098452364
exact,0.01,0,204,0.04490675933281843,1.4449795629017406,0.03741545516797621,0.02326397065605221,0.9330524532447322,0.006268120931239413
exact,0.01,0,205,0.2392749826400653,1.4397202499231487,0.03178478930494333,0.021833249695680228,0.9404135684064738,0.005968392592902568
exact,0.01,0,206,0.10493879511765059,1.443300685935231,0.03629579932242931,0.018827865155810707,0.9372754258724277,0.00760090964933215
exact,0.01,0,207,0.2608145694598723,1.4449374044984173,0.025276354074562822,0.023378028191917675,0.9435890955351459,0.007756522198373578
exact,0.01,0,208,0.14094901658561199,1.446024332056707,0.024076756142750132,0.022800102631613483,0.9446716343169682,0.008451506908668064
exact,0.01,0,209,0.18932754384706146,1.4446462831334332,0.020932316015083063,0.026497599773818735,0.9455355205333608,0.007034563677737503
exact,0.01,0,210,0.030391273491950338,1.444627058116489,0.01943674703905042,0.027365564733741868,0.9463093232455098,0.006888364981697903
exact,0.01,0,211,0.03928316485273306,1.4444948967172022,0.017860664037091495,0.02658771391098367,0.9482064082645634,0.007345213787361497
exact,0.01,0,212,0.0800555126095542,1.4454976647710855,0.018084800667201875,0.025983359292389152,0.9480873790590673,0.007844460981341757
exact,0.01,0,213,0.038654950704292625,1.4453649550335093,0.01898871348802837,0.026345439262095285,0.9471132980983399,0.007552549151536474
exact,0.01,0,214,0.1128853261897606,1.4445267650575109,0.01720815045419123,0.023328625520380956,0.9507855245016701,0.008677699523757748
exact,0.01,0,215,0.19031173017280523,1.4479191261762059,0.02209972114886112,0.027292970314056093,0.9430522184359564,0.007555090101126417
exact,0.01,0,216,0.04081174436332764,1.4480197694072063,0.02105746422841943,0.027335280631327678,0.9439060219674195,0.007701233172833468
exact,0.01,0,217,0.1887318920356979,1.4452897064802592,0.015929168707899618,0.03115204168446831,0.9468298789138694,0.006088910693762688
exact,0.01,0,218,0.10038323359963959,1.4444988044617648,0.01698587833118313,0.027642176478806877,0.9483159004621992,0.007056044727810849
exact,0.01,0,219,0.05158615179135457,1.4440979555712679,0.015841283854584318,0.027892533937448394,0.9492792165912488,0.0069869656167184995
exact,0.01,0,220,0.052280145579279236,1.4438531564227561,0.015832704961946192,0.02705435717080934,0.9498785549729721,0.007234382894272406
exact,0.01,0,221,0.1870225267816477,1.442167799479089,0.016612037258033792,0.02307187654580704,0.9521653941736453,0.0081506920225138
exact,0.01,0,222,0.04946975733020881,1.4419673049546828,0.016611220873843313,0.02346710486726792,0.9519807847949935,0.007940889463895316
exact,0.01,0,223,0.23828510617307055,1.4354718708448693,0.013711103503017389,0.016834457676451708,0.9605512722174905,0.008903166603040524
exact,0.01,0,224,0.037017341079677635,1.4354848697086169,0.013765591069480903,0.017584804618126577,0.9600348598554633,0.008614744456929247
exact,0.01,0,225,0.03285869818240528,1.4352502588144211,0.013441155919400684,0.01738078392728337,0.960514281671739,0.008663778481576866
exact,0.01,0,226,0.21324769885619096,1.4381853902055741,0.014331711271659175,0.01832234021287125,0.9582816567208527,0.009064291794616923
exact,0.01,0,227,0.2199011428321107,1.438049037160918,0.015387741128019635,0.017697662945895476,0.9577869990797858,0.009127596846298975
exact,0.01,0,228,0.49960275379121794,1.4639236956480015,0.018262526344091496,0.020196718829713724,0.9460473760285784,0.015493378797616265
exact,0.01,0,229,0.38682173657223373,1.4698608400782416,0.040571749904770145,0.016222680993342908,0.9272756317620161,0.01592993733987088
exact,0.01,0,230,0.24093413429310928,1.467876169578708,0.04576562976653793,0.010070551648406763,0.927144042796617,0.01701977578843824
exact,0.01,0,231,0.16930510206174532,1.465200394222258,0.039723765713447545,0.0182430646397908,0.9281470144079078,0.013886155238853929
exact,0.01,0,232,0.39741121963590587,1.4581843863497175,0.04018556520365597,0.019774521072084987,0.9288775454088329,0.011162368315425988
exact,0.01,0,233,0.143057890794393,1.4607700594861888,0.037775826242323174,0.01955364665901553,0.9303496750704411,0.012320852028220254
exact,0.01,0,234,0.42988881932854994,1.4514095159410914,0.042000266082128736,0.01368177118255922,0.9330786723728915,0.011239290362420605
exact,0.01,0,235,0.031645340496556026,1.451207850024799,0.042656510031130794,0.014325996771828284,0.932166833189455,0.010850660007585992
exact,0.01,0,236,0.13564555006458753,1.4519470834658612,0.046172084488216095,0.013499141132139451,0.9293923294657197,0.010936444913924684
exact,0.01,0,237,0.38417734721631513,1.4376119830341434,0.04419092333161865,0.018447508740769995,0.9323101632082711,0.0050514047193402035
exact,0.01,0,238,0.015448371476139408,1.4376250837338724,0.043891869135449305,0.017668285303744515,0.9330498423279405,0.005390003232865688
exact,0.01,0,239,0.009023297753159562,1.4376082929206546,0.04377232222337646,0.017574059973319133,0.9332174962705855,0.005436121532718989
exact,0.01,0,240,0.028458872567487248,1.4375816064819136,0.042784719734873536,0.017227708170593804,0.9343016733032545,0.005685898791278152
exact,0.01,0,241,0.39108534541098583,1.4479315420988017,0.018175713314770213,0.02093918474918969,0.9504102397873205,0.010474862148719599
exact,0.01,0,242,0.27778549651161166,1.4483056364520746,0.023964511187563438,0.024506123584010917,0.9430356996484005,0.008493665580025171
exact,0.01,0,243,0.0345956412047638,1.448492501545928,0.024071670065367198,0.025619141273588768,0.9421972982293751,0.008111890431668716
exact,0.01,0,244,0.08791343334944912,1.4478025522096993,0.025628512328997332,0.02623161477840762,0.9406637558398971,0.007476117052697937
exact,0.01,0,245,0.1995802855547962,1.4450362961419152,0.02454455113773457,0.02088057415897559,0.945745624466686,0.008829250236603825
exact,0.01,0,246,0.06934033226396963,1.4458138290735456,0.03014309883190309,0.01845376865210461,0.942131128688142,0.009272003827850336
exact,0.01,0,247,0.20168986880497725,1.4486769882930854,0.025893889610889273,0.027780418785933278,0.9392133388250163,0.007112352778161084
exact,0.01,0,248,0.21849130604367772,1.4460528878865164,0.020169230208045928,0.026572073486578265,0.9457380435611114,0.007520652744264332
exact,0.01,0,249,0.15685761482911786,1.443918683751873,0.015669723438910627,0.02722032177678784,0.9498986098293554,0.007211344954946123
exact,0.01,0,250,0.0878749579381438,1.4440393736320025,0.016990664324564284,0.02834766457689259,0.9480111392637092,0.00665053183483404
exact,0.01,0,251,0.08827712681752808,1.4443788071517003,0.01670620289258273,0.02576145030255083,0.949760672989944,0.007771673814922398
exact,0.01,0,252,0.04572832129554609,1.4441691476118217,0.01616161787996028,0.02535143217184344,0.9505524068761679,0.007934543072028337
exact,0.01,0,253,0.014704971036309536,1.4441636086763374,0.015855019456062686,0.025893121834163965,0.9504862135634566,0.007765645146316823
exact,0.01,0,254,0.02676652822492577,1.444204916959487,0.015624013728366273,0.026290577961201777,0.9504294570632423,0.00765595124718975
exact,0.01,0,255,0.03370477991641642,1.4443519112060692,0.015805243505507358,0.02708408850616939,0.9497360527280654,0.007374615260257843
exact,0.01,0,256,0.025740687932436765,1.4443561910126002,0.015122534868101343,0.026863321303041063,0.9504676512256589,0.007546492603198699
exact,0.01,0,257,0.1512852114819907,1.444427174464499,0.016955615587329144,0.02166186742479667,0.9520681696068412,0.00931434738103289
exact,0.01,0,258,0.16997784278531824,1.4491925097665797,0.022098117339846575,0.01838199342643508,0.9481955772872026,0.011324311946515639
exact,0.01,0,259,0.157450418565222,1.4471140328330743,0.01732381244016152,0.01731457853438216,0.9536425066010564,0.011719102424399925
exact,0.01,0,260,0.2591731312077978,1.439727777520561,0.01842354101656672,0.012929938905621944,0.9575920494571486,0.01105447062066274
exact,0.01,0,261,0.03343891538689192,1.4397470380686332,0.0188117690822869,0.012547101366999994,0.957484573936112,0.011156555614601105
exact,0.01,0,262,0.14732015419727695,1.4373472610673304,0.02811099150396862,0.013214209053945596,0.9496644472488023,0.009010352193283451
exact,0.01,0,263,0.1460659554775784,1.4355734251244343,0.022893823656665088,0.01616155311432944,0.9529195895948976,0.008025033634107693
exact,0.01,0,264,0.18490086517333637,1.4381664717104878,0.032577326119783645,0.01725014358435866,0.9430220635985673,0.007150466697290305
exact,0.01,0,265,0.3322548403049058,1.475668453904776,0.037018397733146725,0.01794466038527393,0.9275861988492726,0.017450743032306686
exact,0.01,0,266,0.3738778988614971,1.4513792506029966,0.022614368259232347,0.02218686317782938,0.9447386187267313,0.010460149836207078
exact,0.01,0,267,0.06158063532111174,1.4515246029186468,0.021918292643939775,0.021278463656222556,0.9458658876325426,0.01093735606729498
exact,0.01,0,268,0.239509112105032,1.446924756867905,0.026277205538905224,0.020593001418418154,0.9438506697239736,0.009279123318703012
exact,0.01,0,269,0.03255016695093477,1.4467496537423619,0.02638060196032821,0.020680522252634295,0.9437581717404956,0.00918070404654183
exact,0.01,0,270,0.17758943040887312,1.4415794533025337,0.03057172126197444,0.012853899602361458,0.9464833019328979,0.010091077202766321
exact,0.01,0,271,0.22768209772100753,1.4362980970398829,0.041530279503944216,0.014352694307374913,0.9375581759974415,0.0065588501912393566
exact,0.01,0,272,0.26604341405397525,1.44101727822037,0.022585532589105055,0.014119551911906478,0.9528379209370028,0.010456994561985754
exact,0.01,0,273,0.33322576855500724,1.4310653968081082,0.028046316403200162,0.012935823404245053,0.9517582936095288,0.00725956658302593
exact,0.01,0,274,0.07513285165676342,1.43004132419625,0.02976242185175957,0.01231260387869526,0.9509503556238057,0.006974618645739494
exact,0.01,0,275,0.3446889787362429,1.4316621413560064,0.0326401653710886,0.016951123957607207,0.9450832537740838,0.005325456897220506
exact,0.01,0,276,0.10161281572445056,1.432483642291516,0.036655386218325425,0.015345918279429728,0.9423293612529419,0.005669334249303039
exact,0.01,0,277,0.06771652544780019,1.4326171312902045,0.04094208360782508,0.014956293632999435,0.9387901252854258,0.005311497473749724
exact,0.01,0,278,0.09839364026550612,1.4311880137541813,0.03776625817027336,0.013009085749964087,0.9431922020750707,0.0060324540046918776
exact,0.01,0,279,0.07028570532712664,1.4308093814266303,0.04093812259744067,0.012143147006114003,0.9410729773993164,0.005845752997129006
exact,0.01,0,280,0.08491752288730225,1.4305778502487767,0.03801248062125549,0.013383478869242384,0.9429264801311932,0.0056775603783089795
exact,0.01,0,281,0.08335782485175579,1.431708198131718,0.04527327442898641,0.012667032741950832,0.9366987227991507,0.005360970029912093
exact,0.01,0,282,0.1589451046443852,1.4292284031538203,0.03975552835196479,0.01527063127690493,0.9406367482967263,0.004337092074404071
exact,0.01,0,283,0.03916951193704997,1.4289900398585738,0.039320775355795694,0.01493188205028196,0.9412967630769095,0.004450579517012861
exact,0.01,0,284,0.18612819403955427,1.4264538288366584,0.030891320024316198,0.016946451720187272,0.9481588451206694,0.004003383134827185
exact,0.01,0,285,0.021482957327880206,1.4264277214292382,0.029856040629203537,0.017259073995157595,0.9488766326451543,0.0040082527304845334
exact,0.01,0,286,0.07626730870995467,1.4262894509345843,0.029118481987001503,0.018596389020953875,0.9487330247522329,0.0035521042398117568
exact,0.01,0,287,0.015966358867163785,1.426269500793744,0.028874698023320617,0.018736671684235668,0.9488648505561901,0.0035237797362536317
exact,0.01,0,288,0.2610652591146767,1.4249613757642738,0.024271008249225574,0.018310727362975232,0.9535361854919585,0.0038820788958405877
exact,0.01,0,289,0.1295326580143513,1.425378860598857,0.022775900566900747,0.0170098776031405,0.9555236009642893,0.0046906208656694185
exact,0.01,0,290,0.2935418777498455,1.417688435325208,0.033126991524672085,0.016535181252601137,0.9490644323408116,0.0012733948819151199
exact,0.01,0,291,0.1617957330687364,1.4199127566064194,0.03784040087078822,0.017831953890409896,0.9434868125186829,0.00084083272011887
exact,0.01,0,292,0.0826749553399253,1.4218255725697704,0.0361709509436716,0.016691829077031806,0.945082275513556,0.002054944465740608
exact,0.01,0,293,0.0353353575415305,1.421618748791112,0.03538724570731034,0.016335960481256108,0.9460481564125528,0.0022286373988806008
exact,0.01,0,294,0.26667687751569247,1.438677877663973,0.03111870975943769,0.023462254523550056,0.9402953508644798,0.005123684852532428
exact,0.01,0,295,0.04398034320353296,1.4385076935253425,0.03299485322815323,0.024198762633956743,0.9382522489709311,0.004554135166958926
exact,0.01,0,296,0.0670401950068727,1.4389973042418136,0.032513704188553316,0.02720622381843371,0.9366642957767798,0.0036157762162331657
exact,0.01,0,297,0.27498107373673975,1.4296801209012941,0.04123636848754369,0.020552809750377477,0.9359385069119541,0.002272314850124629
exact,0.01,0,298,0.21908260409553726,1.4375808572043531,0.03130845176832856,0.01473055347239794,0.945864414811551,0.008096579947722504
exact,0.01,0,299,0.10013105971435401,1.4366327519070274,0.033283714993668,0.013373282324611834,0.9452626574170413,0.008080345264678788
exact,0.01,1,0,1.399187018914843,2.283227250769584,0.4512676587009654,0.13494963604980278,0.2588568584720765,0.15492584677715537
exact,0.01,1,1,0.18163320433427652,2.2755248348845214,0.4415210615791897,0.1257344201262114,0.2751265161917231,0.15761800210287585
exact,0.01,1,2,0.38623398602714687,2.2472434922185336,0.46006597402875105,0.11143523681873191,0.2762639741844283,0.1522348149680889
exact,0.01,1,3,0.21908312733100632,2.2344269896389903,0.4407617270930205,0.11302637906272515,0.2956221145113423,0.15058977933291207
exact,0.01,1,4,0.30047190785873923,2.2210634631508754,0.43584237468008913,0.1165067494215545,0.3016348867231117,0.14601598917524472
exact,0.01,1,5,0.5867189659792967,2.169480241738599,0.4382062331148928,0.1286118084102297,0.30732510968758586,0.12585684878729164
exact,0.01,1,6,0.05639371904751905,2.169055502276819,0.4318391905771052,0.13611809671294153,0.3083200268269164,0.12372268588303693
exact,0.01,1,7,0.06591395888525753,2.168410451503842,0.43110541941650926,0.13967739802956802,0.30695930710925295,0.12225787544466978
exact,0.01,1,8,0.28554601315248007,2.1542537552665544,0.4184709898735239,0.16189765889982963,0.3083630896842437,0.11126826154240281
exact,0.01,1,9,0.023038257820786612,2.1541345906665343,0.4177649810974067,0.16262414733850353,0.3085599570199455,0.11105091454414431
exact,0.01,1,10,0.5029790701366028,2.1494914126680356,0.47974656412462885,0.10368230553633541,0.29280624483435785,0.12376488550467794
exact,0.01,1,11,0.05137958160553069,2.149058915540545,0.4822341709632744,0.10038222071212322,0.2928214327796002,0.12456217554500225
exact,0.01,1,12,0.3344599684625667,2.139943706086598,0.5069928281353051,0.09774811724117959,0.275872529439536,0.11938652518397941
exact,0.01,1,13,0.8104802942547014,2.1948577586550075,0.3913077536176093,0.23881787603290755,0.2727502324753151,0.09712413787416804
exact,0.01,1,14,0.064067130275242,2.1938362069548805,0.393101993798356,0.23638780066012519,0.2729925936239113,0.09751761191760759
exact,0.01,1,15,0.434178584745073,2.155219163100023,0.4549456905339905,0.2181286411380164,0.24238612054218586,0.0845395477858073
exact,0.01,1,16,0.155578189717005,2.1496931994155326,0.4583121781332676,0.20708648945105324,0.24786371177359337,0.08673762064208582
exact,0.01,1,17,0.6532067079216475,2.0516584749880793,0.4431370388254794,0.2246353795862961,0.27895065225255183,0.05327692933567283
exact,0.01,1,18,1.0063534604623474,1.9977471342433084,0.46121002276776263,0.12555531649162352,0.3398834818153673,0.07335117892524647
exact,0.01,1,19,0.24191953674638,1.987949162154135,0.42292038615601407,0.12152102017320879,0.37814464774051787,0.07741394593025948
exact,0.01,1,20,0.6010820771740636,1.9160275934624795,0.45112219766281647,0.11987785170509198,0.37605970218376744,0.05294024844832418
exact,0.01,1,21,0.27936858900691847,1.9083026881921041,0.4473158399581927,0.10067463249296182,0.3933819664296325,0.05862756111921293
exact,0.01,1,22,0.9290758407456583,1.9016796601645896,0.35539419480111634,0.15336557381841648,0.4421332701335201,0.04910696124694706
exact,0.01,1,23,0.6644524042854314,1.8594233024770124,0.37525228645860714,0.1204207419386133,0.45767766848018304,0.04664930312259659
exact,0.01,1,24,0.5909119584214612,1.7951443761140766,0.33184195477374606,0.10840991343984786,0.5214308605772363,0.03831727120916988
exact,0.01,1,25,0.004920461095693704,1.7951454878768007,0.33164798720799304,0.10777119317378002,0.5219904234668464,0.03859039615138058
exact,0.01,1,26,0.8262577618578876,1.7573563953872637,0.2726689230253863,0.03791470988928119,0.6271089258390371,0.06230744124629555
exact,0.01,1,27,0.6604540375869704,1.7077538733179447,0.2374553166239866,0.0649053242638161,0.6556037063790592,0.042035652733138196
exact,0.01,1,28,0.26821473031896687,1.6917499462430516,0.25556261909772554,0.06064582417676863,0.6472765992276943,0.03651495749781153
exact,0.01,1,29,0.049430313018379926,1.69139329851681,0.25796192914877414,0.06454698536485869,0.642900665519362,0.034590419967005265
exact,0.01,1,30,0.2475526798173571,1.6752823530533878,0.24388924623181835,0.05292097085710905,0.6670131275632147,0.03617665534785782
exact,0.01,1,31,0.13819462782536596,1.6753242301386964,0.23158356434243893,0.046871019925501974,0.6813933911017298,0.04015202463032933
exact,0.01,1,32,0.5000884547603591,1.620910419960535,0.21559417952200957,0.0312364824097202,0.7209911004773963,0.0321782375908739
exact,0.01,1,33,0.027102133517598048,1.620749547257779,0.21536447781332527,0.030776928828782878,0.7215216323372969,0.03233696102059497
exact,0.01,1,34,0.0743625346538046,1.6200932041661087,0.21372748502573022,0.02980692339791654,0.7237344869498294,0.03273110462652372
exact,0.01,1,35,0.775063359557948,1.657387467216824,0.27325991304344144,0.031603506827005585,0.6600149975658494,0.035121582563703624
exact,0.01,1,36,0.3343941526069865,1.6477366797287814,0.26403301325302286,0.019939292053603164,0.678053264215203,0.03797443047817111
exact,0.01,1,37,0.28307557118255006,1.6461443607440722,0.22544650312579878,0.031614617692503004,0.7047526222954915,0.038186256886206645
exact,0.01,1,38,1.1796306131161,1.6340078196537196,0.19083901142625104,0.04447591462137933,0.7304200816331814,0.034264992319188274
exact,0.01,1,39,0.2916851826402045,1.632192581292037,0.1857473113344661,0.07069305625317875,0.7191985327493471,0.024361099663008097
exact,0.01,1,40,0.44908127218764415,1.6341003604412774,0.1583842239474652,0.06774172278714269,0.7442079299936813,0.029666123271710827
exact,0.01,1,41,0.2873066400180451,1.640991378034224,0.17826775164084818,0.0551810302652746,0.7326573990640983,0.033893819029778886
exact,0.01,1,42,0.39914536622215624,1.6395994892645143,0.2195321214853373,0.04954426981104654,0.7007507587675345,0.030172849936081714
exact,0.01,1,43,0.523512136259945,1.6046407410529446,0.22846993531869356,0.04265042413200004,0.7075932187350905,0.021286421814215813
exact,0.01,1,44,0.3765471112629808,1.6124281204489972,0.19716741073421998,0.03780167680553687,0.7354323466784672,0.029598565781775943
exact,0.01,1,45,1.151120432243129,2.1203349737651065,0.2634537921193484,0.050419384325453835,0.5203811318680828,0.165745691687115
exact,0.01,1,46,1.5095591890689612,1.8367064765298193,0.17331001144623492,0.13453705145841527,0.6302231613202275,0.061929775775122375
exact,0.01,1,47,0.5043943530597378,1.8322816443052579,0.21799979608777584,0.13491667686486386,0.5925836041323977,0.05449992291496261
exact,0.01,1,48,0.34571818804472804,1.8280620084732733,0.2240775124287307,0.1162942729421793,0.6000205475753058,0.05960766705378416
exact,0.01,1,49,0.07433098343494854,1.8273474980213815,0.2163470067975066,0.11824750677769891,0.6057226213370456,0.05968286508774888
exact,0.01,1,50,0.8311651530738909,1.7499693550125772,0.2567355666574865,0.10219812933667986,0.6034797612976163,0.03758654270821739
exact,0.01,1,51,0.08246393302146549,1.7485912321082417,0.2545951587054041,0.10237545964182634,0.6056294375819578,0.03739994407081189
exact,0.01,1,52,0.2387814335665478,1.7458421383283687,0.25708548581707846,0.09356385097946554,0.6097090948284597,0.03964156837499642
exact,0.01,1,53,0.468516889720912,1.7013039540244668,0.2311146734559206,0.0873628407102359,0.649164203970966,0.03235828186287758
exact,0.01,1,54,0.20674158542890023,1.6916061601764574,0.21881099261693213,0.08681274565987246,0.6630275029024244,0.03134875882077111
exact,0.01,1,55,0.2871864014811092,1.6820032624567813,0.21665387861028948,0.08436484568403879,0.6692427609226174,0.029738514783054292
exact,0.01,1,56,0.0011889745039894706,1.682002869732752,0.21659767477843872,0.08439392775784187,0.6692736657521193,0.02973473171160017
exact,0.01,1,57,0.3188487560784425,1.6600102814607487,0.24811885379543647,0.07751338434139396,0.6527060853818183,0.021661676481351238
exact,0.01,1,58,0.4098866961349262,1.6323649376084453,0.26028487843000403,0.06451599126125587,0.6583501039699124,0.016849026338827622
exact,0.01,1,59,0.25737945422081415,1.634621106544049,0.2231708398779039,0.0714643892851412,0.6855509305541283,0.0198138402828266
exact,0.01,1,60,0.6620556451684363,1.5768626193030155,0.15743465667418174,0.06215669135096738,0.7654187759427633,0.014989876032087613
exact,0.01,1,61,0.3030324293565162,1.5747561708073314,0.16440591070128782,0.0391903821330926,0.7741676582447155,0.022236048920904167
exact,0.01,1,62,0.29005041647770785,1.5682842431109014,0.1577798341197498,0.04287768144370626,0.7795627398236121,0.01977974461293169
exact,0.01,1,63,0.201874276375218,1.5722819836107667,0.16906538572662047,0.0432653390310727,0.7683357615607656,0.019333513681541313
exact,0.01,1,64,0.325642290791009,1.5902124726194373,0.16967841871217856,0.07407311584465634,0.7434811130353615,0.012767352407803623
exact,0.01,1,65,0.09738515713148146,1.589932356923676,0.16962750298984422,0.0715641036366418,0.7451560059348376,0.013652387438676507
exact,0.01,1,66,0.292698342656945,1.5873688998751698,0.16468093968809078,0.06865142659038953,0.7520069917369219,0.0146606419845979
exact,0.01,1,67,0.03588595966034833,1.5872028567397405,0.16614874331508306,0.06940913506839735,0.7503139848970098,0.01412813671950977
exact,0.01,1,68,0.21846570194590242,1.5834076951698817,0.16120745722249216,0.06493966016311215,0.7584865857553987,0.015366296858996892
exact,0.01,1,69,0.4947141450940467,1.607363923557196,0.18473604991171536,0.0833318788409172,0.7196270257218663,0.012305045525501246
exact,0.01,1,70,0.10294233944403433,1.6102855767299153,0.17994283190478094,0.08418416597969003,0.722396567241265,0.013476434874264073
exact,0.01,1,71,0.48495761144779076,1.6023287232635086,0.1877343596401777,0.05517508863411801,0.7358822779744293,0.02120827375127501
exact,0.01,1,72,0.4706185857156972,1.5945922412281226,0.19133659276702938,0.06584458316279063,0.7284622691492949,0.014356554920885013
exact,0.01,1,73,0.1986545679753685,1.5920005961461503,0.19617858007464573,0.07134280686551045,0.7216367836740252,0.01084182938581872
exact,0.01,1,74,0.3762790321014801,1.5870662737649128,0.188917362929764,0.06446608472266485,0.7336387545837066,0.012977797763864565
exact,0.01,1,75,0.0601696442277206,1.586732753493142,0.19049578684467766,0.06246359009954462,0.7336030783385165,0.013437544717261257
exact,0.01,1,76,0.4248612709110233,1.5906846616682186,0.1923885799440126,0.04360367044923141,0.7424305054771514,0.021577244129604545
exact,0.01,1,77,0.3598649336900469,1.6019419053140858,0.187041715454356,0.03801744974735052,0.7471896385449857,0.027751196253307804
exact,0.01,1,78,0.28206252279505223,1.5941147919470329,0.15539445156029028,0.03652990841129205,0.777909972263423,0.030165667764994516
exact,0.01,1,79,0.31034940245495685,1.582480439566729,0.14292460880423938,0.047132646902332986,0.7856411042105885,0.024301640082839224
exact,0.01,1,80,0.43470763755851505,1.5815151268820256,0.1379541506444355,0.06045136192999976,0.7820217993630332,0.019572688062531624
exact,0.01,1,81,0.04492574306519187,1.5813238518658592,0.1374135223185532,0.05952113100156323,0.783122743532169,0.019942603147714528
exact,0.01,1,82,0.09851952840876624,1.5803567105828393,0.12793189971955646,0.053309107206864034,0.7954887724710806,0.02327022060249874
exact,0.01,1,83,0.5431222120396263,1.5823342868451709,0.09203870756504405,0.10206942213852327,0.7960225628731024,0.009869307423330191
exact,0.01,1,84,0.027209610946962583,1.5822221710144428,0.09225421015100105,0.10083374874501463,0.7966305889724052,0.01028145213157906
exact,0.01,1,85,0.5720599446217058,1.5995562029619879,0.1605965186326067,0.045826054049076984,0.7660375698012495,0.027539857517066862
exact,0.01,1,86,0.025938348469840028,1.5994489282951119,0.1637295867188855,0.0445872192017529,0.7641128615735072,0.02757033250585437
exact,0.01,1,87,0.02778206907798228,1.599409788340552,0.16395890959152765,0.04485187644255939,0.7637618105566188,0.027427403409294088
exact,0.01,1,88,0.5577904242034787,1.5820328689022722,0.07310732162629763,0.054080822945586596,0.8422264756357762,0.03058537979233953
exact,0.01,1,89,0.00865330188407791,1.5820165126802914,0.07380775179351799,0.05411299539216029,0.84160139129578,0.030477861518541694
exact,0.01,1,90,0.4531788558989231,1.5543748143791571,0.11563316455257064,0.04974723429362493,0.8160814121765665,0.018538188977238003
exact,0.01,1,91,0.07065504174335047,1.5540664140450846,0.11940765745473603,0.04917915160726684,0.8132402580890036,0.018172932848993427
exact,0.01,1,92,0.12651346621590454,1.5508819963473608,0.1177066040918569,0.052808196374273496,0.8134210255948524,0.016064173939017063
exact,0.01,1,93,0.04473945869485868,1.5509477046120566,0.11508553916064976,0.0570566166822989,0.8130570077867134,0.014800836370337963
exact,0.01,1,94,0.08814560343892734,1.5492402645993932,0.11025844789720657,0.0537566508167192,0.8198012662613456,0.016183635024728426
exact,0.01,1,95,0.12893374446350916,1.5507224082964737,0.11267759606214808,0.05574638007335816,0.8160280434822743,0.015547980382219528
exact,0.01,1,96,0.33694709487596347,1.5456335430062544,0.12398411813494761,0.05322617198011376,0.8092571685194074,0.013532541365531205
exact,0.01,1,97,0.3251144114080162,1.5353065572172615,0.09957701394287155,0.055088464577049655,0.8324023202538451,0.012932201226233528
exact,0.01,1,98,0.006671046950987913,1.5352986405397635,0.09978916700795347,0.05521912179431457,0.8321392661506393,0.012852445047092759
exact,0.01,1,99,0.1106585214838241,1.5330419910293265,0.10073260857746952,0.0552900148447574,0.8319429977775297,0.01203437880024344
exact,0.01,1,100,0.5522189535169549,1.5214644701721718,0.08290136611389357,0.05209013521419077,0.8528768511385929,0.012131647533322746
exact,0.01,1,101,0.01289775730028983,1.5214413841989984,0.083445797523151,0.05140969305485184,0.8528301827675955,0.012314326654401603
exact,0.01,1,102,0.02292777920802568,1.521385275621558,0.0841293063026057,0.051766583033605255,0.8520309196655478,0.012073190998241192
exact,0.01,1,103,0.17403144938096518,1.5163588469028533,0.0745526602001857,0.0580065961172886,0.8580048802198232,0.009435863462702513
exact,0.01,1,104,0.3575312257166904,1.5251524668418546,0.10418074077139006,0.04247614614385458,0.8391996841102057,0.01414342897454964
exact,0.01,1,105,0.23628376853566105,1.5144050158229099,0.1199338588680734,0.03782833456871738,0.8315485351047283,0.010689271458481005
exact,0.01,1,106,0.20798772253458223,1.5080377073189288,0.11055647084906049,0.027056374060685968,0.848257407941946,0.01412974714830749
exact,0.01,1,107,0.40551131322196854,1.5044712825995314,0.11280396570233871,0.023567587897340356,0.849516162796155,0.014112283604165821
exact,0.01,1,108,0.030888286398362372,1.504494949537149,0.11651277556772974,0.023423666965115626,0.8463700627941774,0.013693494672977369
exact,0.01,1,109,0.19427125208058513,1.500465470993483,0.10402551371031164,0.029932073883405592,0.8544086697871106,0.011633742619172176
exact,0.01,1,110,0.1299997794062379,1.5007384872952856,0.11108642623416928,0.030731259160680403,0.8476867238172682,0.01049559078788221
exact,0.01,1,111,0.20502776839795686,1.5045089732540484,0.0805509650851568,0.03700937692879981,0.869276247672624,0.013163410313419364
exact,0.01,1,112,0.1207537604237093,1.5031595831992666,0.08170568440257024,0.03123526791119717,0.8722423729797621,0.014816674706470466
exact,0.01,1,113,0.05357799486444716,1.5039163804236846,0.08424591467037824,0.031090234139523124,0.8698947738934177,0.01476907729668089
exact,0.01,1,114,0.24631691925002844,1.4955883753073493,0.09819830307706662,0.02645652409811903,0.8630783235539777,0.012266849270836447
exact,0.01,1,115,0.11008303038704252,1.494429126687426,0.09479474837135846,0.0262657446459353,0.8665041048929236,0.012435402089782641
exact,0.01,1,116,0.03869200342938971,1.4944019841342195,0.09254560019398678,0.026149969418874597,0.8685426814654775,0.012761748921661
exact,0.01,1,117,0.0380472511773533,1.4943273302299465,0.09174889583059631,0.027341010957226804,0.8685218287510214,0.012388264461155473
exact,0.01,1,118,0.203691621294188,1.49015872069072,0.09809099646079482,0.022983382143119773,0.8669303611960408,0.011995260200044593
exact,0.01,1,119,0.0942930701907585,1.4896109376265385,0.1067135289035687,0.022273849289261936,0.8600235404067986,0.010989081400370786
exact,0.01,1,120,0.01703749705598491,1.4896196537316868,0.10513488123162565,0.022840839793121712,0.8610446581125666,0.010979620862686026
exact,0.01,1,121,0.4483803409774939,1.5157042401777003,0.07480422389254905,0.036901734706006155,0.8710303485066385,0.017263692894806153
exact,0.01,1,122,0.00773545589197909,1.515695378637932,0.07482111921545871,0.03653042778797962,0.8712479492314218,0.01740050376513991
exact,0.01,1,123,0.3683859830423902,1.4926268675712795,0.06429593979411814,0.031470349787538675,0.8903917715351698,0.013841938883173444
exact,0.01,1,124,0.1865676258730747,1.4919013045078564,0.06136784335541026,0.040103060822013314,0.8878177653878853,0.010711330434691245
exact,0.01,1,125,0.40485279727075607,1.4708277080201304,0.06435195642424063,0.03841823788286368,0.8925094326435516,0.004720373049343981
exact,0.01,1,126,0.2885235280719516,1.4744798621912347,0.05681139159247041,0.040780117680954,0.8965384440076627,0.005870046718912943
exact,0.01,1,127,0.24900216272075001,1.4721431373972438,0.05726572137698266,0.03929318765036703,0.897755517005147,0.005685573967503357
exact,0.01,1,128,0.22721976429245275,1.4742982528454578,0.05648521511889979,0.03675333127357739,0.89936833901618,0.007393114591342886
exact,0.01,1,129,0.3079670218315833,1.4794094514443956,0.05795646721724875,0.03181985241552708,0.8996225037745692,0.01060117659265511
exact,0.01,1,130,0.14545592209739056,1.4783579957001123,0.06925665732643185,0.025027892483616723,0.8942869454545701,0.011428504735381349
exact,0.01,1,131,0.0058719982660943165,1.4783522117387027,0.0692742737865342,0.02524234086910883,0.8941405706077048,0.011342814736652029
exact,0.01,1,132,0.22059398838163796,1.4719316661441586,0.060212513249119325,0.03246946456697623,0.899471678991189,0.007846343192715575
exact,0.01,1,133,0.13508334398839944,1.469920693258149,0.05681580558668671,0.03624694801020182,0.9006920610115239,0.00624518539158763
exact,0.01,1,134,0.032965644985086154,1.469980480781577,0.05741556621340329,0.036411478678728376,0.9000495751072469,0.006123380000621402
exact,0.01,1,135,0.14612680419339655,1.468189897213585,0.0579419919686954,0.03565588843499225,0.9005893509278646,0.005812768668447668
exact,0.01,1,136,0.3438775693994066,1.4619632182761693,0.05721831445519383,0.03071280860950909,0.9061268576862163,0.0059420192490807315
exact,0.01,1,137,0.09120309866090849,1.459900129123539,0.05729166091296685,0.029424762954882763,0.9074722509271331,0.005811325205017247
exact,0.01,1,138,0.08113014917127291,1.459225954493493,0.05190934820798068,0.03167321010266933,0.9109742016845611,0.00544324000478888
exact,0.01,1,139,0.20641054914489812,1.4600753114060423,0.04383284576105455,0.025249307798853246,0.9217439006149506,0.00917394582514173
exact,0.01,1,140,0.009012751783754144,1.4600646434917564,0.04364874358346169,0.025082793807424997,0.9220107803370482,0.009257682272065106
exact,0.01,1,141,0.3875264638631569,1.4705225472443897,0.05645649548858312,0.014895517036075716,0.9140448334440598,0.014603154031281344
exact,0.01,1,142,0.17191554562499445,1.4743985140030613,0.041836383987375624,0.01756126712166858,0.9239967082241073,0.016605640666848515
exact,0.01,1,143,0.3013137082513674,1.4723846262839082,0.051801599599346417,0.0240053321987017,0.9119110006986781,0.012282067503273786
exact,0.01,1,144,0.07839992583107458,1.4720131218146904,0.049063128902771216,0.023155817845822924,0.914935665422978,0.012845387828427748
exact,0.01,1,145,0.19516630632292076,1.466641534762775,0.041199417732743396,0.022035035858855623,0.9240833588488785,0.01268218755952243
exact,0.01,1,146,0.13530919460597315,1.4656395628196714,0.041353629734279966,0.023873578941499756,0.9231075846349353,0.011665206689285076
exact,0.01,1,147,0.37328512662829605,1.469030915666192,0.02517362985389499,0.028147494301979444,0.933573710430569,0.013105165413556588
exact,0.01,1,148,0.024038934730992056,1.469010551021296,0.025476551586167497,0.028236777447282636,0.933260066930666,0.013026604035883809
exact,0.01,1,149,0.07859603368737535,1.4687766208817048,0.023775726801355593,0.03133589350057807,0.9328948693551601,0.011993510342906293
exact,0.01,1,150,0.2695388000667799,1.4708917498317189,0.030392630276304077,0.028423454317244506,0.9282957206079651,0.012888194798486326
exact,0.01,1,151,0.02830045944822901,1.4707829073945307,0.031038729098175524,0.029011295342810564,0.9274001867246009,0.012549788834413059
exact,0.01,1,152,0.3908345392792256,1.4495188750971393,0.01902403472142685,0.02206584654248745,0.9485003641115108,0.010409754624574795
exact,0.01,1,153,0.1731079126437602,1.444475490875727,0.019338289752556137,0.01721269019497983,0.9527299410539033,0.01071907899856072
exact,0.01,1,154,0.015128958464644515,1.4444381975129796,0.01943256903909856,0.0173188119837002,0.9525929380562503,0.010655680920950952
exact,0.01,1,155,0.142876042341733,1.442723800747046,0.022379793680741278,0.019208789223971047,0.9493576591783847,0.009053757916902976
exact,0.01,1,156,0.17770049650658243,1.4365932835949013,0.018917727160312914,0.020946550465066927,0.9531237811618508,0.007011941212769424
exact,0.01,1,157,0.017780824001554396,1.4365362709168061,0.01887345737756437,0.021477851347936977,0.9528502034678232,0.006798487806675275
exact,0.01,1,158,0.2546325212709454,1.431372266923456,0.028135526403881443,0.017485334966388363,0.9487704629906537,0.005608675639076521
exact,0.01,1,159,0.18368314149961754,1.4285715804811407,0.02956255452035594,0.016806104398536793,0.9487770000412068,0.004854341039900523
exact,0.01,1,160,0.09622951564553228,1.4280773821391033,0.030296740344295803,0.017084671693081394,0.948110238791094,0.004508349171528707
exact,0.01,1,161,0.03868818539102997,1.4280095078696526,0.030148662051467216,0.016984285288623894,0.9483218425959064,0.004545210064002548
exact,0.01,1,162,0.06428609781210509,1.4282247757661644,0.03149124594166332,0.01712912024985111,0.9469962582884178,0.0043833755200677615
exact,0.01,1,163,0.09487867659530425,1.4278744964441865,0.03539854310943881,0.01723487781011778,0.9436243020605883,0.003742277019855056
exact,0.01,1,164,0.08910991372209798,1.426458013310695,0.034420093706826915,0.01692136295401867,0.9450930109728934,0.0035655323662609614
exact,0.01,1,165,0.18441292423934033,1.4258116514671033,0.043076950948313944,0.01559274933632558,0.9385530207956245,0.002777278919736081
exact,0.01,1,166,0.1531907172311663,1.4235144114641483,0.03567989583619611,0.016210217016764877,0.9453078624715172,0.002802024675521838
exact,0.01,1,167,0.008377647343497774,1.4235061746325581,0.03559845940041532,0.01634934191015293,0.9452951958710168,0.0027570028184149354
exact,0.01,1,168,0.1031056994132089,1.4238640358160735,0.03495432686201778,0.015639468410917123,0.9461909455569806,0.003215259170084583
exact,0.01,1,169,0.1316266005764749,1.4270342343153681,0.03948024198859296,0.01598920413492758,0.9410831651335694,0.003447388742910017
exact,0.01,1,170,0.1752320050185124,1.4243015574885296,0.045251300556006326,0.012490898652336508,0.9390255159636546,0.0032322848280024303
exact,0.01,1,171,0.11824289405693011,1.422537469294434,0.04426344470464422,0.012006247954577491,0.9407114225731641,0.0030188847676142403
exact,0.01,1,172,0.1445872894199284,1.4223817604240603,0.04447169895513011,0.009941843761803555,0.9418549339426736,0.0037315233403927427
exact,0.01,1,173,0.13203915751270723,1.422252482586562,0.04768132439175983,0.006674809713196887,0.9411168613161294,0.004527004578913858
exact,0.01,1,174,0.12781984566286664,1.4219135401243772,0.04650301660494532,0.007390634084138913,0.9418021040603841,0.004304245250531712
exact,0.01,1,175,0.03533514478561031,1.422024398783668,0.045334255680774926,0.007256964489843745,0.942871895363236,0.004536884466145374
exact,0.01,1,176,0.23622742792609658,1.4201239033357063,0.043944385591713694,0.0028049193248144214,0.9474078579204944,0.005842837162977531
exact,0.01,1,177,0.23185373155691424,1.4205176963786241,0.043645657043415234,0.006497176159122414,0.9452635348741679,0.004593631923294466
exact,0.01,1,178,0.08441179966169443,1.4198560495841035,0.047797072208927545,0.005201427345273177,0.9426402046027936,0.004361295843005539
exact,0.01,1,179,0.2530534492954394,1.422172669487316,0.055147742472699456,0.0047469287344483295,0.9358207976102869,0.004284531182565357
exact,0.01,1,180,0.0734259329084789,1.421711903060536,0.053934062970056776,0.004599828202941053,0.9371075314159958,0.004358577411006408
exact,0.01,1,181,0.021538188251142287,1.4216601948784295,0.0536293897382707,0.004149385491831928,0.9376677917164147,0.0045534330534826705
exact,0.01,1,182,0.18629795533142268,1.4191897071881696,0.0525688202136862,0.0033723928243780993,0.9398078750775286,0.004250911884407124
exact,0.01,1,183,0.06802015836248713,1.418527462290103,0.05363430230785582,0.004171805954515357,0.9385795047135161,0.0036143870241125563
exact,0.01,1,184,0.10304602982016352,1.416656824800278,0.054085703092973156,0.0038801381784839793,0.9389216842158613,0.003112474512681651
exact,0.01,1,185,0.06135744670876132,1.4165332133548114,0.05513272927178375,0.004069770260946168,0.937927418336745,0.002870082130525041
exact,0.01,1,186,0.07290810232056401,1.4160822202962053,0.05568581272915847,0.005202791207671719,0.9368767448294651,0.002234651233704677
exact,0.01,1,187,0.02159933395482881,1.416123242094332,0.05587276839893831,0.004700207205442995,0.937012871029867,0.002414153365751724
exact,0.01,1,188,0.059789670501605906,1.4158265663806495,0.05449560201330352,0.005558197879526586,0.937770770314402,0.0021754297927678635
exact,0.01,1,189,0.09558068205772301,1.4151788679053463,0.05506053286771663,0.0032281348820354036,0.9389139325393244,0.0027973997109234238
exact,0.01,1,190,0.20375867294488248,1.4148769332627258,0.05275562477213927,0.004616954795995488,0.940153913960438,0.002473506471427155
exact,0.01,1,191,0.15426131347882446,1.4129044528726276,0.04331638731081578,0.005666999232060546,0.9483254859297228,0.002691127527400763
exact,0.01,1,192,0.1998698695908054,1.4183292295755767,0.04618816781816131,0.007978778084611098,0.9427764239463166,0.0030566301509110105
exact,0.01,1,193,0.04078737414726419,1.418265071260978,0.04590630724501494,0.0073595252799382935,0.9434251286109303,0.003309038864116519
exact,0.01,1,194,0.0766119742258553,1.4176422664736494,0.04508221130427488,0.007506641955598739,0.944237990844338,0.0031731558957883697
exact,0.01,1,195,0.13010335218223867,1.4163877446662094,0.0411856842722101,0.004902965917455836,0.9496244147478483,0.004286935062485812
exact,0.01,1,196,0.14047257031029436,1.4147018092215844,0.03526555776393179,0.004872029318794968,0.9553115527583065,0.004550860158966866
exact,0.01,1,197,0.13296439031708784,1.4129280102327306,0.03885371209742835,0.0023446562739031012,0.9542725400359872,0.004529091592681437
exact,0.01,1,198,0.0231112346516677,1.412873205597774,0.03914516265924948,0.0021063000457485193,0.9541821496990233,0.004566387595978743
exact,0.01,1,199,0.2646925828565074,1.403333527212167,0.03798042097473046,0.003805377140892265,0.9569781975643668,0.0012360043200106096
exact,0.01,1,200,0.05688029594271568,1.403070937813053,0.03694480525497289,0.004591072539520902,0.9574732138455019,0.0009909083600044015
exact,0.01,1,201,0.017883761772754414,1.403078231641674,0.03704914390706696,0.004978229413280472,0.957140014614021,0.0008326120656315804
exact,0.01,1,202,0.16199481622325362,1.4011401726938633,0.03737155420263631,0.003306705722831306,0.9584700467641607,0.0008516933103716756
exact,0.01,1,203,0.023710375496194595,1.4010951577648996,0.038472629104025456,0.003005689724566533,0.9577088283630042,0.0008128528084037658
exact,0.01,1,204,0.024326365856368035,1.4010608278338346,0.03807199542680451,0.0030635261499569154,0.9580328951757614,0.0008315832474772089
exact,0.01,1,205,0.02394903174041131,1.4009953752747981,0.038186725792223396,0.0029822716274008087,0.9580025420975263,0.0008284604828494601
exact,0.01,1,206,0.08319038984367523,1.4015975578898727,0.037174581258319524,0.002459385630812359,0.9590313700653592,0.0013346630455089155
exact,0.01,1,207,0.06846964121497166,1.4017063178522096,0.03690303625861005,0.0014802183086770314,0.959843057435586,0.0017736879971269601
exact,0.01,1,208,0.026371703609794794,1.4018013459451728,0.037065099911509976,0.0015707133265752222,0.9596172702996772,0.0017469164622376226
exact,0.01,1,209,0.10848757805981635,1.4028541301635833,0.03709517073161844,0.0030666213429071786,0.9583511916571885,0.0014870162682858667
exact,0.01,1,210,0.22019687682810882,1.4059226408959198,0.029874753724081347,0.004971591033492208,0.9625628920985192,0.002590763143907166
exact,0.01,1,211,0.048317474574152586,1.4057219424319167,0.02874254050051178,0.0050425550928602375,0.9635670641181046,0.002647840288523452
exact,0.01,1,212,0.14706760002104236,1.4027237007014202,0.02730827326939838,0.0042838893557531075,0.9661800306151022,0.0022278067597463758
exact,0.01,1,213,0.03886055991069594,1.4027771679321146,0.027096358860541,0.004698721635807888,0.9660920509207291,0.0021128685829218596
exact,0.01,1,214,0.10755925597157645,1.4006817599796308,0.026209837703480475,0.005163098877663923,0.9672005801683656,0.0014264832504900888
exact,0.01,1,215,0.09654042324815436,1.400713007625598,0.025772412535750255,0.004917427527851937,0.967725557788634,0.0015846021477638362
exact,0.01,1,216,0.018428303289450665,1.4007153554335214,0.02516308693721168,0.0051849230151950676,0.9680911336697416,0.0015608563778516786
exact,0.01,1,217,0.01228846840028154,1.4007073889491997,0.02537175109754223,0.005084928252499592,0.9679732691470433,0.0015700515029149684
exact,0.01,1,218,0.07914755711362417,1.4010264996745212,0.022345647429873706,0.004246013740995332,0.9710412006284691,0.002367138200661857
exact,0.01,1,219,0.0001795916680970011,1.4010264432598782,0.022339951484897504,0.004246634283452114,0.9710458071304511,0.0023676071011992984
exact,0.01,1,220,0.10984429470478332,1.4016903126074811,0.02283993324873438,0.003729958852714395,0.9707323054191562,0.0026978024793950397
exact,0.01,1,221,0.05321932158792361,1.401318667258041,0.02375045670651804,0.0030904525130388016,0.9704439596436734,0.0027151311367697487
exact,0.01,1,222,0.0647218912870385,1.4017083566237203,0.023364001958978673,0.0028355007719016146,0.9708237791491058,0.002976718120014036
exact,0.01,1,223,0.005877449037896554,1.4017057860523254,0.023261414640649614,0.00284496726807104,0.9709082647748231,0.0029853533164564366
exact,0.01,1,224,0.005843274429305295,1.4017041579350202,0.02312851610976966,0.0028582113489823684,0.9710166002058142,0.002996672335433835
exact,0.01,1,225,0.03591993327844989,1.4015570580747472,0.023422752659372405,0.0028275627081350923,0.9708223252462853,0.002927359386207218
exact,0.01,1,226,0.038842077878386366,1.4016492006694818,0.024359226138875482,0.0030368014623226806,0.9698474245380384,0.002756547860763418
exact,0.01,1,227,0.03721804714873432,1.4018222144490702,0.02272505361542329,0.0035838078303155364,0.9708840638472288,0.0028070747070322853
exact,0.01,1,228,0.018969470234435168,1.401761784975068,0.02284484325597758,0.0036111747494086965,0.970780429695657,0.0027635522989566098
exact,0.01,1,229,0.07748519164069766,1.4017692117158027,0.023073867027267027,0.004014926767967163,0.9703279168166734,0.0025832893880924444
exact,0.01,1,230,0.04169456731161915,1.4018623783841782,0.02185651990567745,0.003919555457085288,0.9714225127444523,0.002801411892784943
exact,0.01,1,231,0.21932794163059455,1.4028760981711452,0.02155558418475142,0.007682006117011273,0.9690519534096482,0.001710456288589136
exact,0.01,1,232,0.033088852855453946,1.402842188055584,0.020662952353298743,0.007360404786227199,0.970040931605308,0.0019357112551659794
exact,0.01,1,233,0.1389430464131891,1.3999108259795958,0.01832554025070062,0.006126450954401741,0.9737178871954851,0.0018301215994124863
exact,0.01,1,234,0.1007495065305125,1.39848182366723,0.015861525869259246,0.006087632249055098,0.9763185840111493,0.0017322578705363254
exact,0.01,1,235,0.05671027148180141,1.3983727490991371,0.01630796353549253,0.004726810134895446,0.976804669996931,0.0021605563326810725
exact,0.01,1,236,0.027713406428987786,1.3982450448688712,0.015944910647802728,0.004663043071088104,0.9771992595915763,0.0021927866895328895
exact,0.01,1,237,0.09979775715888838,1.3976503960557107,0.02188150848798646,0.003899041033168945,0.972664317680185,0.0015551327986595578
exact,0.01,1,238,0.04295911381694108,1.397833592402765,0.023055367988405674,0.004459935617166556,0.9712370193356767,0.0012476770587510485
exact,0.01,1,239,0.052325141738642215,1.397741136212446,0.023613267733353364,0.00454102310413545,0.9707269900001216,0.0011187191623896827
exact,0.01,1,240,0.11149736943323774,1.3974633587314664,0.017844391462134825,0.003692283293950564,0.9763741101039214,0.0020892151399932606
exact,0.01,1,241,0.02060281480810776,1.3974365880685664,0.017843289895525166,0.0034954786448645795,0.9765050389329698,0.0021561925266404534
exact,0.01,1,242,0.06297975870219798,1.3969178457350622,0.018270527595429045,0.004203952006268866,0.975846698747763,0.0016788216505390823
exact,0.01,1,243,0.04443279406088184,1.3966769994488006,0.019053466931321494,0.00451170323735511,0.9750435880645276,0.0013912417667956854
exact,0.01,1,244,0.07828821620194049,1.3962014147780946,0.01864801595020682,0.004076957670156913,0.9758085002880954,0.0014665260915409054
exact,0.01,1,245,0.17081658594993698,1.40061873208006,0.021939051793162665,0.0052362081898387055,0.9709035566547655,0.0019211833622330909
exact,0.01,1,246,0.03363277124343256,1.4004634435729602,0.022268453853491434,0.005008567824648317,0.9708031143062716,0.0019198640155886565
exact,0.01,1,247,0.0533977457145831,1.400214329450894,0.023273361322054157,0.004538996680194198,0.9702905871448029,0.0018970548529487368
exact,0.01,1,248,0.10431702052855087,1.4006416634674235,0.01938823348641049,0.005998377116573803,0.9726520619804029,0.001961327416612884
exact,0.01,1,249,0.0506280700195737,1.4002004647890134,0.0178620773173872,0.006151517551264915,0.9740211275039864,0.001965277627361582
exact,0.01,1,250,0.02045571288777015,1.4001931387902122,0.017992383833018863,0.005924746987012777,0.9740500697490544,0.0020327994309139934
exact,0.01,1,251,0.13034411825092462,1.3965813736964228,0.014869077629036581,0.005778428764520887,0.9779416491687026,0.0014108444377397974
exact,0.01,1,252,0.04947976851239877,1.3962259669852894,0.01461066931242255,0.0055928163904873365,0.978388012909431,0.0014085013876591174
exact,0.01,1,253,0.02098735408640806,1.3962163144375295,0.01444208536838267,0.005645316129207422,0.978505596594061,0.0014070019083488755
exact,0.01,1,254,0.05509044866300883,1.3961023848114251,0.015129963809243032,0.004648384784329154,0.9785566218332943,0.0016650295731335189
exact,0.01,1,255,0.0409288913726964,1.3959076973552695,0.014555366726204923,0.004743013699570387,0.9790577132269684,0.001643906347256236
exact,0.01,1,256,0.09180465889810496,1.3959916080463934,0.0140641123771775,0.005543607709253746,0.9789655729071856,0.0014267070063832853
exact,0.01,1,257,0.10563024505489593,1.3947995267372642,0.017686543603790718,0.0055984584105538155,0.9761214168878216,0.0005935810978337603
exact,0.01,1,258,0.05059582893324788,1.3946697422870802,0.015900878701984828,0.005861901674031421,0.9775563939200356,0.0006808257039482584
exact,0.01,1,259,0.0043790917754765735,1.3946694464226577,0.015842969446203947,0.0058852205200943105,0.9775926094007075,0.0006792006329942814
exact,0.01,1,260,0.09987881178800284,1.394860612408872,0.015411495936106743,0.005773577924929336,0.9779819406250773,0.0008329855138866928
exact,0.01,1,261,0.11279957399163043,1.3950895794215334,0.016193459236265886,0.0028006851081838883,0.9790740277052132,0.001931827950337027
exact,0.01,1,262,0.06448017602849232,1.3947452927300656,0.01838208521458221,0.003096086912697873,0.9770813830968238,0.0014404447758961055
exact,0.01,1,263,0.07828469453240672,1.3934294197035832,0.01902359108995495,0.002430047704583724,0.9773248294854862,0.0012215317199750916
exact,0.01,1,264,0.05081820670694237,1.3933738890579848,0.02244160732438765,0.0018854960795988505,0.9746935931664524,0.0009793034295609924
exact,0.01,1,265,0.031767236990862924,1.3933117876259535,0.021789865044334403,0.001849348097427927,0.9753036688964556,0.0010571179617821886
exact,0.01,1,266,0.12711168948935692,1.3924094043813122,0.017558277839084417,0.0030080139032991823,0.9785493698958284,0.0008843383617880075
exact,0.01,1,267,0.02341277562858335,1.3922929609678047,0.017563089558354165,0.003130452349917677,0.9785038410936755,0.0008026169980527181
exact,0.01,1,268,0.045685949446361465,1.3924440392158017,0.018060265528129713,0.0028009465369851685,0.978228984269322,0.0009098036655630316
exact,0.01,1,269,0.048690461778018626,1.3925965938862164,0.017483656112924524,0.0025000311724831382,0.9788739066528578,0.001142406061734448
exact,0.01,1,270,0.17692938127072372,1.394506253063535,0.01817057388900848,0.00144045800364008,0.9783636418825301,0.0020253262248212667
exact,0.01,1,271,0.0651840506409365,1.3937154240482488,0.016957587518796842,0.001294752418793382,0.9797484256786959,0.001999234383713852
exact,0.01,1,272,0.01328265647955268,1.393708274720934,0.016352344614651834,0.001431357638030095,0.9801945447769799,0.002021752970338292
exact,0.01,1,273,0.003165010976719909,1.3937070067874946,0.016323190039147555,0.001387826720467009,0.9802473803270102,0.002041602913375143
exact,0.01,1,274,0.21427524536187892,1.3940282462839382,0.022978522946843955,0.0025876474350265575,0.9735950088250896,0.0008388207930399379
exact,0.01,1,275,0.10613970558488811,1.3951938891354132,0.023587163745199768,0.003095061789790779,0.9724026909165948,0.0009150835484146855
exact,0.01,1,276,0.05656114279087632,1.395118040897966,0.025923183064417748,0.0025300550739610216,0.9707354484971396,0.0008113133644816902
exact,0.01,1,277,0.023354715023562303,1.395063921217883,0.02639763130353446,0.0021841725378231496,0.9705516291126608,0.0008665670459816015
exact,0.01,1,278,0.046722579843958556,1.3953575691408608,0.024595692371097832,0.0022884229582033674,0.971973391318031,0.0011424933526677995
exact,0.01,1,279,0.050309735495673316,1.3954083673080326,0.02450646865780109,0.002219153479952646,0.9720791684300003,0.001195209432245988
exact,0.01,1,280,0.02408143116574056,1.395457382812249,0.025437136102578584,0.0019194036859491537,0.9714376936026065,0.0012057666088658814
exact,0.01,1,281,0.0018980841802158505,1.3954563954180788,0.025419979270015665,0.0019198302141235422,0.9714527052562391,0.0012074852596218385
exact,0.01,1,282,0.04548184653226783,1.3957001498637664,0.024618942878723554,0.001971891658930432,0.9720475790033012,0.0013615864590448118
exact,0.01,1,283,0.059934828861209835,1.395670429690465,0.02551896608048312,0.0015682960691200433,0.971520632501573,0.001392105348823937
exact,0.01,1,284,0.06633836645860924,1.3957300965771797,0.024534167813130146,0.0013685668823156401,0.9724867630206847,0.0016105022838695138
exact,0.01,1,285,0.04282183733473176,1.3954847996694901,0.024834867713423175,0.0010064940506538378,0.9725214873713478,0.0016371508645750582
exact,0.01,1,286,0.05586371994883478,1.3951969417123449,0.023897941583567252,0.001181259485139014,0.9733168664918571,0.0016039324394365715
exact,0.01,1,287,0.003117556657494025,1.395196184081769,0.024048281065414727,0.0011554357974902186,0.9732018054622702,0.0015944776748248477
exact,0.01,1,288,0.10586617656532561,1.3965435091414093,0.017195665678161887,0.0026397032830928107,0.9778665598075957,0.0022980712311496403
exact,0.01,1,289,0.08067048945560162,1.3961749106795407,0.01924979478806706,0.0024929010743704296,0.9762728384029931,0.0019844657345694998
exact,0.01,1,290,0.09106699097110038,1.3952468074204045,0.016336892820658984,0.0027897154814668064,0.9789088367336558,0.0019645549642184467
exact,0.01,1,291,0.021053731578017792,1.39521347766328,0.016229733450216437,0.0027457046524248046,0.9790396298800134,0.0019849320173453058
exact,0.01,1,292,0.08668099512445984,1.3954205374752326,0.016619411450849567,0.0030136265756745845,0.9784716235340222,0.0018953384394537354
exact,0.01,1,293,0.03871687824189282,1.3954214295860112,0.016128577984929508,0.003039717508873045,0.9788839330071224,0.0019477714990749845
exact,0.01,1,294,0.1549439241044841,1.394069195123389,0.01658013294210769,0.002634404143076413,0.9791424333079205,0.0016430296068954148
exact,0.01,1,295,0.0053922125431961065,1.3940649496757687,0.016492286171633203,0.0026052138966959626,0.9792385287707179,0.001663971160952999
exact,0.01,1,296,0.09175779823729957,1.392741462923898,0.016030092219411898,0.0016995383869249023,0.9805969297946293,0.0016734395990338764
exact,0.01,1,297,0.044661673473570834,1.392647318951761,0.017132192832694598,0.0015214431691424877,0.9797725994318734,0.0015737645662893451
exact,0.01,1,298,0.07198967373526385,1.3924496540424074,0.019424431033210107,0.0018079625671946404,0.9776514186051324,0.0011161877944628796
exact,0.01,1,299,0.0896469904232865,1.391915940891231,0.019544858059150322,0.0016199518036931631,0.977821323474249,0.0010138666629074587
exact,0.01,2,0,0.591448059038413,2.8243039427710412,0.18019437160594967,0.26804879123760195,0.25215416096374876,0.29960267619269976
exact,0.01,2,1,0.058343995662308856,2.8228273180426933,0.1827268189186019,0.2653620945584886,0.2520444330241137,0.2998666534987959
exact,0.01,2,2,0.44645988584783897,2.7634825455375855,0.16041230829861283,0.2750565239390589,0.2827376725719689,0.2817934951903595
exact,0.01,2,3,0.6781015902645475,2.684080497585046,0.19681368373125976,0.23929949056882718,0.2964484441964329,0.2674383815034802
exact,0.01,2,4,0.6625744028558327,2.5696026910412417,0.21434448874664552,0.2476905354459002,0.30973724845788886,0.22822772734956542
exact,0.01,2,5,0.25627830014145414,2.552611825540193,0.22187733507854268,0.2711805742596771,0.2938621060459301,0.21307998461585004
exact,0.01,2,6,0.4552387671410507,2.521126314369272,0.2278042620256197,0.32535944090476776,0.264911218563468,0.18192507850614467
exact,0.01,2,7,0.11807248637815349,2.5175894456831998,0.21814220374505255,0.32494260951630105,0.27452848208293795,0.18238670465570844
exact,0.01,2,8,1.1029137284448787,2.298932648663439,0.24715857433841903,0.284871271051529,0.338130266818373,0.12983988779167896
exact,0.01,2,9,0.19358437180137855,2.291651412354693,0.22595830667645223,0.28317396466452266,0.35958968623229354,0.13127804242673163
exact,0.01,2,10,0.5825945093433933,2.2072813193031946,0.2208566957865772,0.27776822835218345,0.39208958943546424,0.10928548642577512
exact,0.01,2,11,0.9286340164740635,2.0392553346203104,0.31917770951801216,0.21472267035564882,0.3952651385448038,0.07083448158153524
exact,0.01,2,12,0.2828697766764503,2.0257379257091586,0.313530328483577,0.22435163697238528,0.3982166380837103,0.06390139646032739
exact,0.01,2,13,0.4125893388378543,1.986911581317503,0.2660151171633013,0.23863615424068113,0.44188205723370677,0.05346667136231067
exact,0.01,2,14,0.26387894436552983,1.9788202325985822,0.2755472855629004,0.262517751527875,0.421433241924737,0.04050172098448762
exact,0.01,2,15,0.0402308076360707,1.9784481240678422,0.2780409195284861,0.26489342986836006,0.4179396575989498,0.03912599300420411
exact,0.01,2,16,0.506240468498671,1.9393355998534187,0.28628429767206887,0.24212421112316287,0.43626896294615725,0.035322528258611006
exact,0.01,2,17,0.3857974864913156,1.9222850355800536,0.2516005059928052,0.21454836251722212,0.48811343816104313,0.045737693328929505
exact,0.01,2,18,0.22066383998224026,1.9112862203566598,0.27093034195243193,0.19634312985092095,0.48581593277726437,0.04691059541938274
exact,0.01,2,19,0.2540641360475292,1.8979369115992908,0.24165915165200136,0.1992423031871026,0.5132603764109772,0.04583816874991878
exact,0.01,2,20,0.08091622932680909,1.896632610419715,0.23696746903234953,0.19931551343875703,0.517655242204341,0.04606177532455252
exact,0.01,2,21,0.06795598800238606,1.8957792049575808,0.23894087722362609,0.20022734977729395,0.5156419732194555,0.04518979977962449
exact,0.01,2,22,0.25828848963633855,1.8836217872547738,0.2782569253585084,0.19276478565999527,0.4898353937659746,0.039142895215521674
exact,0.01,2,23,0.2501489791043372,1.8775778497096751,0.26483157720924494,0.19360236910513645,0.5026976996158328,0.03886835406978592
exact,0.01,2,24,0.5588412214650162,1.8341046122915075,0.31188307754712713,0.12410866393472585,0.517527316626174,0.046480941891972966
exact,0.01,2,25,0.023639151833285757,1.834093057687207,0.31513334781162494,0.12367370670209507,0.5149920498762474,0.04620089561003269
exact,0.01,2,26,0.6877330661350893,1.7854837642005021,0.34076048695521477,0.12394694473252982,0.5070396895959274,0.02825287871632814
exact,0.01,2,27,0.28390458919492984,1.7889872532717774,0.3260168801093218,0.10692853792950799,0.5291846241435469,0.03786995781762329
exact,0.01,2,28,0.42370092161348416,1.780629495952296,0.30127615536113544,0.11395167566120422,0.5486976593668539,0.03607450961080647
exact,0.01,2,29,0.3407317852044127,1.765783723450506,0.32173476516080846,0.1093702574659515,0.5382241822880378,0.03067079508520232
exact,0.01,2,30,0.1982445579070414,1.7617358551040152,0.3551827417386584,0.09949759655159109,0.5166193721054217,0.028700289604328747
exact,0.01,2,31,0.1682517900690466,1.7594189513653216,0.34878624313050133,0.09455448571902182,0.5258590834233628,0.030800187727114164
exact,0.01,2,32,0.49055651631931213,1.7342063165038755,0.3826705171368434,0.09071553345512663,0.5064298733372782,0.020184076070751837
exact,0.01,2,33,0.09114525493871307,1.7322746330770271,0.38167236292728374,0.08867085015294898,0.5091165050384812,0.02054028188128606
exact,0.01,2,34,0.06137576718881377,1.7318168597328756,0.3793806124436033,0.08856711282495548,0.5112910791232725,0.020761195608168487
exact,0.01,2,35,0.05184403686380558,1.7312429028429297,0.383027421439991,0.08860904661242115,0.508290525226731,0.020073006720856906
exact,0.01,2,36,0.30705097869980696,1.712261083362354,0.3642605130167623,0.08530287385004102,0.5321052613519263,0.018331351781270346
exact,0.01,2,37,0.1342565391746887,1.7076781010764808,0.37037618657017507,0.08299601466504607,0.5296000815900389,0.01702771717473993
exact,0.01,2,38,0.09189231472944545,1.70810593751071,0.3588052988036566,0.08355594517666617,0.539111624242759,0.018527131776918313
exact,0.01,2,39,0.2056478949858313,1.705767509530973,0.3611123987562314,0.08188987733484838,0.5388353874671928,0.018162336441727503
exact,0.01,2,40,0.35030007347064623,1.6864049796278329,0.3884595652244109,0.057741109636916775,0.5358121112497903,0.017987213888881862
exact,0.01,2,41,0.018440970297803245,1.6863778894383998,0.38770630617405144,0.05797852437209393,0.5363236159950796,0.017991553458775098
exact,0.01,2,42,0.4468842121320371,1.6916481831427277,0.4137312782621053,0.06591014663297198,0.5074575889219302,0.012900986182992498
exact,0.01,2,43,0.19757128249014824,1.687068496446295,0.42155780839055146,0.05217378490377389,0.5105123654527096,0.015756041252964998
exact,0.01,2,44,0.3234281654779598,1.6709212516113838,0.4530370753035017,0.03474784386022665,0.49888274448283076,0.013332336353440957
exact,0.01,2,45,0.28563966673238533,1.6761159049870384,0.49733764716173257,0.037362336677988606,0.4576305329437348,0.007669483216543969
exact,0.01,2,46,0.11825205286343385,1.673182327075069,0.49900447067181025,0.0338660554534893,0.45921163611804816,0.007917837756652285
exact,0.01,2,47,0.2705468785546649,1.6618236901283043,0.4701345558257404,0.03286326316959891,0.48800837467445385,0.00899380633020685
exact,0.01,2,48,0.1833781507540205,1.6526002997030156,0.48106307604489734,0.024714351998734237,0.48633757137397615,0.007885000582392238
exact,0.01,2,49,0.5037570028742249,1.6660195855196087,0.41465908989872685,0.03160448727833619,0.5353232626078036,0.01841316021513334
exact,0.01,2,50,0.08359709807657993,1.6650925267537786,0.42084012259773124,0.030078831818059787,0.5312086070457841,0.017872438538424962
exact,0.01,2,51,0.0628719442697172,1.6658012467836318,0.4293410479221858,0.030031057288753844,0.5237036793597231,0.016924215429337284
exact,0.01,2,52,0.3285031501557256,1.6707312408788826,0.44580355610355576,0.029580674846082015,0.5083465181997513,0.01626925085061089
exact,0.01,2,53,0.25722503792674334,1.6667110437603607,0.45162913219457756,0.021792509877847824,0.5093088927561894,0.017269465171385185
exact,0.01,2,54,0.08098254314360558,1.6658348717079472,0.4452992718628475,0.023281216068839622,0.5141019398646458,0.01731757220366713
exact,0.01,2,55,0.3932345592427033,1.653899547006043,0.45586919167234224,0.024745553603010575,0.5076186728274984,0.011766581897148834
exact,0.01,2,56,0.3139688442218119,1.66176679973012,0.43868707092609577,0.022898450676712832,0.5212326600733344,0.017181818323856943
exact,0.01,2,57,0.017574086746204323,1.6617176590235716,0.43555717802014726,0.023298378931837307,0.5236972336259336,0.01744720942208187
exact,0.01,2,58,0.11349615123564516,1.6598424320012584,0.4276099502431071,0.02696036565930181,0.5288432046034999,0.016586479494091255
exact,0.01,2,59,0.29033618570954106,1.6481721728166865,0.41770715681748927,0.02371699671006349,0.5428177640068179,0.015758082465629403
exact,0.01,2,60,0.900777445041739,1.756339833053146,0.31608747426410944,0.02264656963346778,0.5992743365450137,0.061991619557409165
exact,0.01,2,61,1.1119426032767248,1.7235686037904516,0.2930837059865856,0.036486152141929726,0.6203037419955949,0.05012639987588972
exact,0.01,2,62,0.1604125291310115,1.7212254086175203,0.28692537288714015,0.027740846440723714,0.6317153254801369,0.05361845519199928
exact,0.01,2,63,0.34120124237390814,1.7109260518115474,0.2596930662748865,0.034979563105501356,0.6538612620026045,0.05146610861700759
exact,0.01,2,64,0.8241091425036196,1.6379378791639603,0.23255239290153432,0.022383163154419822,0.7067178668073893,0.03834657713665652
exact,0.01,2,65,0.36510587380037324,1.6194273472068172,0.2020554105136073,0.02786598051027217,0.7352558258996778,0.034822783076442716
exact,0.01,2,66,0.46752890659278523,1.5875055600567836,0.1832602110061343,0.026358681528086413,0.7619459040045579,0.028435203461221477
exact,0.01,2,67,0.11765088130383021,1.586498322573351,0.17253072376485956,0.030229478861902876,0.7691702268331394,0.028069570540098267
exact,0.01,2,68,0.17752876545973734,1.5922132144698409,0.16983733716738694,0.033726965861894304,0.7676573470200992,0.028778349950619606
exact,0.01,2,69,0.00474838656119686,1.5922129023860871,0.1698947387943381,0.033479313253642874,0.767760575499363,0.028865372452655882
exact,0.01,2,70,0.19102917379446865,1.588073266026456,0.17592994937789108,0.03421823355179013,0.7632877778058753,0.026564039264443534
exact,0.01,2,71,0.46048902330767305,1.620115242469585,0.12723065881538928,0.07638808590388849,0.7700780438644549,0.02630321141626732
exact,0.01,2,72,0.18966958238309914,1.6234943588645052,0.1143602729879831,0.06960042276443994,0.7844573968193038,0.03158190742827296
exact,0.01,2,73,0.19600708872684167,1.6198358124557992,0.10009854544407619,0.059681918201650495,0.8040716189484431,0.036147917405830274
exact,0.01,2,74,0.11936800268505691,1.6171959378108072,0.1037495567163027,0.05696899326342949,0.8033527042932077,0.035928745727060084
exact,0.01,2,75,0.1174269921442057,1.6195610686208286,0.10528595617118933,0.05978068861962488,0.7995788300781039,0.035354525131082004
exact,0.01,2,76,0.4690534974760834,1.6036920785168136,0.10082403759026545,0.08172930737236496,0.7946060912412136,0.02284056379615591
exact,0.01,2,77,0.7793713005739195,1.6381681298532422,0.04891566300669737,0.05622238048051595,0.8453473435675601,0.04951461294522655
exact,0.01,2,78,0.029288819105871167,1.638014434111243,0.047492489381238866,0.05621660082735365,0.8466366241786916,0.049654285612715794
exact,0.01,2,79,0.42539838257750484,1.6384111817549398,0.07705462924971289,0.03219461902070671,0.835621722093506,0.055129029636074335
exact,0.01,2,80,0.03438513066546639,1.6381451014112778,0.07749839375630559,0.033490664241513125,0.8345124011667966,0.05449854083538476
exact,0.01,2,81,0.1131416096995569,1.6393763342854877,0.07125097963913622,0.027714714199194714,0.8431620812682663,0.05787222489340283
exact,0.01,2,82,0.18901372271756534,1.637251154228145,0.0546537191064995,0.029932773479375382,0.8568797712563866,0.05853373615773858
exact,0.01,2,83,0.2698878215130307,1.625632885056562,0.056664774940669904,0.026399929710120222,0.8607553478128755,0.05617994753633422
exact,0.01,2,84,0.5573061380260118,1.560085709924645,0.07558152467446297,0.018911218063824932,0.8683294233592533,0.03717783390245881
exact,0.01,2,85,0.6253700644416282,1.6209222174803548,0.06214347624627698,0.04331618317170448,0.8469113266456976,0.04762901393632107
exact,0.01,2,86,0.2678053546789177,1.6183470433104468,0.04966477852603862,0.026721751034132744,0.8688160151939534,0.05479745524587529
exact,0.01,2,87,0.02002098461768645,1.6182835316597448,0.04955708863648421,0.026668022054098964,0.8689619629554635,0.054812926353953434
exact,0.01,2,88,0.3403730945175415,1.6034714574101974,0.04765747685221733,0.018212531065895106,0.8802417686458854,0.053888223436002254
exact,0.01,2,89,0.07021195460656557,1.602866943439985,0.04767384321163719,0.020158257477236444,0.8792019501153169,0.05296594919580942
exact,0.01,2,90,0.31384812982059523,1.595316462476002,0.05785959224977202,0.033290856631370276,0.864432440744939,0.04441711037391872
exact,0.01,2,91,0.244014899168925,1.5899063123841992,0.062056397936509834,0.028708964302760827,0.865213446557517,0.044021191203212365
exact,0.01,2,92,0.6059582106596155,1.560034780633347,0.1235120456117229,0.04590640566815354,0.8099245421820338,0.02065700653808978
exact,0.01,2,93,0.00835032611993475,1.5600318974561358,0.12315126892260825,0.046001920783135586,0.8101801728466976,0.020666637447558398
exact,0.01,2,94,0.28886272639800487,1.564864953668857,0.09582123022114669,0.059675362805078465,0.8240791286493969,0.020424278324377782
exact,0.01,2,95,0.330681055447864,1.5639890919458894,0.10845434259676483,0.06591742951582895,0.8094895624729769,0.01613866541442926
exact,0.01,2,96,0.17980450445205176,1.5600135070500232,0.09741108221777947,0.060752817473195705,0.8234669897465822,0.018369110562442705
exact,0.01,2,97,0.2853873432761312,1.5522042214496807,0.11241216947708017,0.04876475981245768,0.8201338850519386,0.01868918565852354
exact,0.01,2,98,0.010422269698885864,1.552223930926992,0.11170301538841651,0.04851128151361234,0.8209017139309035,0.01888398916706747
exact,0.01,2,99,0.6186012227000326,1.599891885496059,0.13069421207752194,0.050645759618344874,0.788947991907723,0.029712036396410246
exact,0.01,2,100,0.11219668221355161,1.598456461750191,0.140263490936597,0.04502795484087371,0.7845245112840705,0.03018404293845882
exact,0.01,2,101,0.1845009401943587,1.6036045161570822,0.11550040542211511,0.0439992210670163,0.8051685860611623,0.03533178744970632
exact,0.01,2,102,0.4473278356239125,1.6101178423424494,0.08791399789138016,0.051865953870973674,0.8223831434297352,0.03783690480791111
exact,0.01,2,103,0.2894089861273802,1.5943582318371035,0.09185302292011953,0.05404091662760745,0.8222779645187013,0.031828095933571866
exact,0.01,2,104,0.37539183174298096,1.5921703426500513,0.09497290975045537,0.04636223390007626,0.8249562875255144,0.03370856882395396
exact,0.01,2,105,0.10449787791023007,1.5922061800823613,0.09623303172727336,0.04192816549115271,0.8265898868702409,0.03524891591133308
exact,0.01,2,106,0.5550016180512511,1.5442891756452477,0.04641291879775908,0.06403267627859503,0.8705205775760929,0.01903382734755296
exact,0.01,2,107,0.30278596040862027,1.5567439168704782,0.035121152355830826,0.08295223072275712,0.8649788357519649,0.016947781169447253
exact,0.01,2,108,0.05546663213711788,1.5563252951927253,0.035761201087447056,0.08439327258169613,0.863654611113344,0.016190915217512872
exact,0.01,2,109,0.5698088071577523,1.5511944421287895,0.05397019121552486,0.0599283720860836,0.8644238878668066,0.021677548831585
exact,0.01,2,110,0.3680681340649983,1.5439584247878204,0.05386569268490267,0.0659568540061436,0.8629333762779486,0.017244077031005157
exact,0.01,2,111,0.25578007737018527,1.554332271328571,0.04435549143826431,0.07027517449098794,0.865477936937708,0.01989139713303966
exact,0.01,2,112,0.052998474699248455,1.5543448956787318,0.04115269024114496,0.06958396651843227,0.8686933575366859,0.020569985703736977
exact,0.01,2,113,0.39153054214308364,1.5710066513280936,0.03343781522862595,0.09914885147819065,0.8522139944777954,0.015199338815387976
exact,0.01,2,114,0.15580692689978198,1.568397208001763,0.03648106895160829,0.0906990586026961,0.8555532391565492,0.01726663328914639
exact,0.01,2,115,0.2505416309238445,1.562894457213259,0.04253667303560738,0.0733597255609926,0.8626188482293266,0.02148475317407329
exact,0.01,2,116,0.033543096687988994,1.5627280838096316,0.041938967783496844,0.07437992147103437,0.8625586802797878,0.021122430465680922
exact,0.01,2,117,0.17583652655985882,1.5560859080035776,0.03647490805770901,0.07551858112763436,0.8685872707664364,0.019419240048220165
exact,0.01,2,118,0.22566319243837898,1.5481248494170385,0.038935633725276884,0.07999735236761286,0.8660344608218781,0.015032553085232225
exact,0.01,2,119,0.38999830787155076,1.5411401016930244,0.04514525134751399,0.06052357333248217,0.8747288006446687,0.019602374675335158
exact,0.01,2,120,0.16688559916096793,1.5411086203415472,0.05114685587931814,0.059530535889317636,0.8701205039346591,0.019202104296705033
exact,0.01,2,121,0.8711801622883676,1.5824004598629315,0.025190214479742228,0.0602086862561901,0.8800916356994178,0.034509463564649956
exact,0.01,2,122,0.17870051525283867,1.584905238794808,0.029652963581061377,0.06361217208034564,0.8733525617902855,0.03338230254830747
exact,0.01,2,123,0.08136323144065719,1.5845061739728943,0.032847101525049355,0.06500908003306824,0.8698219663720843,0.03232185206979819
exact,0.01,2,124,0.14529440994664794,1.5803689757007193,0.03465606771282796,0.06326863132507636,0.8705470938505683,0.03152820711152733
exact,0.01,2,125,0.3407575498148851,1.567845065443155,0.043660921766146964,0.08041470162523365,0.8558120874540093,0.020112289154610215
exact,0.01,2,126,0.12744986119623897,1.5667098511355342,0.044221947859072845,0.07480622433479474,0.8591250641313091,0.021846763674823442
exact,0.01,2,127,0.26904005387609053,1.578903903411419,0.04522816722501412,0.06681458720203415,0.8595729881035822,0.028384257469369616
exact,0.01,2,128,0.34754902554822886,1.5693141483751445,0.05659712896643381,0.08060259190825295,0.8439882330275518,0.018812046097761357
exact,0.01,2,129,0.018051424543198955,1.5692745109615878,0.056067270659506216,0.08082646967889144,0.8443233065609079,0.01878295310069443
exact,0.01,2,130,0.07050313939162217,1.5692173085709933,0.05646939277802178,0.0854767613448103,0.8411176121862214,0.016936233690946326
exact,0.01,2,131,0.2690389108513752,1.570840971748604,0.044384374275593025,0.07765129743087941,0.8560009981273758,0.02196333016615167
exact,0.01,2,132,0.16584501715880834,1.5665126097780495,0.048339252989283855,0.07801541388733503,0.8536122097195423,0.020033123403838893
exact,0.01,2,133,0.6784403323430865,1.5406107817585892,0.07857262526553227,0.035838984313872155,0.8610214411651359,0.024566949255459707
exact,0.01,2,134,0.34255997102279784,1.531114129105113,0.08908413949694491,0.041667609398515645,0.8510762235974475,0.018172027507091824
exact,0.01,2,135,0.16256426044417407,1.5271384118604991,0.09821127179524085,0.034742121513303074,0.8485899479703624,0.01845665872109361
exact,0.01,2,136,0.05094308200150375,1.527105828439116,0.09684711996034825,0.035068130198627374,0.8495857102675779,0.018499039573446452
exact,0.01,2,137,0.6617405958474347,1.5283850783732085,0.10746714938521344,0.020639693798444454,0.8488855825289168,0.023007574287425326
exact,0.01,2,138,0.14865017387599658,1.5249140923521645,0.10195752895071371,0.025098262565290068,0.8519525571468873,0.020991651337108858
exact,0.01,2,139,0.05489935307473488,1.5247811023363966,0.10098878992263151,0.0261304064880877,0.8521969027776954,0.020683900811585363
exact,0.01,2,140,0.2662285963312172,1.5174461936266477,0.10362491622392757,0.03371902727494722,0.8473821046345101,0.01527395186661504
exact,0.01,2,141,0.07340227295070068,1.5175472860063588,0.1048585185812976,0.033327665133543447,0.8465202774579823,0.015293538827176741
exact,0.01,2,142,0.1527117925633759,1.5168068801829904,0.10372972913475897,0.04401636976216083,0.8411134114720511,0.01114048963102908
exact,0.01,2,143,0.12779215205568065,1.5174415744567618,0.10495657282723779,0.04708397092093719,0.8379611878178622,0.009998268433962804
exact,0.01,2,144,0.4684469500542494,1.5119116929587222,0.10400086845173502,0.026844227346188257,0.8529472830895873,0.01620762111248922
exact,0.01,2,145,0.24157979064043758,1.5134569312405293,0.11632888828135211,0.02998991879027167,0.8398129342855057,0.013868258642870543
exact,0.01,2,146,0.10679543824532686,1.5122695047259227,0.10894886997601061,0.02883444275460602,0.8473027584627038,0.014913928806679596
exact,0.01,2,147,0.03446911216996862,1.5124531348523067,0.1091685026528294,0.02921222446872184,0.8468234975115552,0.014795775366893638
exact,0.01,2,148,0.14450527815659703,1.509411517518968,0.10972586149139707,0.020978953744346454,0.8523327298837354,0.01696245488052099
exact,0.01,2,149,0.015405521330112443,1.509359841062253,0.11052043972314937,0.021211740976026204,0.8515123381412371,0.016755481159587304
exact,0.01,2,150,0.05419791725298881,1.5094751863093265,0.10956411476512047,0.01959052362814479,0.8533136655150184,0.01753169609171623
exact,0.01,2,151,0.24503609681109825,1.5114353625119206,0.1042985757666987,0.019503238610084406,0.8573708870187358,0.018827298604481187
exact,0.01,2,152,0.519569544467174,1.509701473235092,0.1235505893039035,0.023082686341847524,0.8389133250184454,0.014453399335803689
exact,0.01,2,153,0.36799742239854655,1.524752511967265,0.14369154323661282,0.022649637242114017,0.817201830646523,0.016456988874750257
exact,0.01,2,154,0.14941396976036364,1.521800328579601,0.15195052510396273,0.022759785340520297,0.810827377528748,0.014462312026769005
exact,0.01,2,155,0.23445701853985318,1.5223579643347112,0.15184123608508324,0.019518112193323008,0.812761480976486,0.015879170745107744
exact,0.01,2,156,0.16310639571972158,1.5198458395066985,0.1487823764740865,0.021738873464716733,0.814791984873491,0.01468676518770575
exact,0.01,2,157,0.188132023105641,1.5152551828789953,0.1560903802663969,0.024667490208074287,0.8079880463171576,0.01125408320837118
exact,0.01,2,158,0.071425881832749,1.51484716894427,0.1587083382560752,0.023555658656073106,0.8065206177648808,0.01121538532297091
exact,0.01,2,159,0.05319482139711729,1.5143524801006552,0.14958780442763428,0.02393767188074223,0.8143596345116578,0.012114889179965704
exact,0.01,2,160,0.2366570205127777,1.5093182909390965,0.13767333726427183,0.023846431344170207,0.8262683998043766,0.01221183158718148
exact,0.01,2,161,0.14083880352562256,1.5082182069461774,0.1598838897353547,0.018508356846899752,0.8105829203879211,0.011024833029824398
exact,0.01,2,162,0.1313443314986668,1.5052809461252046,0.16605412850780654,0.016069255936312796,0.8075981438478388,0.010278471708041963
exact,0.01,2,163,0.18807616260811957,1.504464821122314,0.15245771704424704,0.019415471356680848,0.8175898163529801,0.010536995246091982
exact,0.01,2,164,0.5207606791375952,1.4825270272218332,0.1251888754921697,0.019826192975147375,0.8475560558506057,0.007428875682077313
exact,0.01,2,165,0.07062829305514384,1.4814856572160096,0.12346922355535636,0.021325328284973678,0.8484339060603218,0.0067715420993481115
exact,0.01,2,166,0.15389931999543194,1.4792846893738587,0.1198035515621471,0.021982312060273578,0.8518701861908505,0.0063439501867289475
exact,0.01,2,167,0.09309635189423679,1.4787426286318692,0.11938223871425091,0.020410182601317124,0.8533701058941121,0.006837472790319972
exact,0.01,2,168,0.10509224060294636,1.4776899453152308,0.12082022805895014,0.022111216514614722,0.8513783437636213,0.005690211662813856
exact,0.01,2,169,0.10513057609898624,1.477291805246763,0.12321192976573428,0.01919590016401893,0.8512182697831604,0.0063739002870863495
exact,0.01,2,170,0.2092258589763185,1.4738969297473006,0.11986037543199116,0.01701605657186671,0.85649029934923,0.00663326864691207
exact,0.01,2,171,0.15348972876217784,1.4748440155983844,0.11397374608286645,0.014672685602996529,0.8627837815215315,0.00856978679260564
exact,0.01,2,172,0.21965501705641774,1.4706059127648052,0.11159437175303222,0.019533327191925805,0.8631041910017675,0.005768110053274567
exact,0.01,2,173,0.1515824401792327,1.4725296517355475,0.11494835004620811,0.016540815471004,0.8614655154780794,0.007045319004708477
exact,0.01,2,174,0.1899153247529168,1.4699951941836975,0.11543983121423172,0.011081668077884157,0.8651673248485025,0.008311175859381731
exact,0.01,2,175,0.08289811498293068,1.4691621684816614,0.12392361444161942,0.01055675752125786,0.8583541615167987,0.007165466520324047
exact,0.01,2,176,0.22328839838536846,1.4621365685789907,0.12070426430928809,0.008605328894922187,0.8644470286720377,0.00624337812375203
exact,0.01,2,177,0.10816390712001578,1.4626408740378376,0.12012258846494714,0.01022189473143154,0.8638033809140946,0.005852135889526604
exact,0.01,2,178,0.18667231311279175,1.4676709876458673,0.1268373439338416,0.019792396845148403,0.850546272555311,0.0028239866656988863
exact,0.01,2,179,0.12694991197431896,1.466126280171123,0.12853444306936787,0.016256526357159434,0.8517147312971519,0.0034942992763208696
exact,0.01,2,180,0.05990502596384292,1.4655604861354825,0.13259812834504137,0.015460083421836503,0.8488391053918063,0.0031026828413158827
exact,0.01,2,181,0.07045663406662298,1.4655772906178635,0.1300278960565942,0.016077581693144015,0.8506885893251757,0.003205932925086161
exact,0.01,2,182,0.2756241615534766,1.4578648904573992,0.10630729846734663,0.01605669036248115,0.873637051907225,0.003998959262947239
exact,0.01,2,183,0.02879961316162369,1.457839622142232,0.10436480693552419,0.017604824814958477,0.8743780844589686,0.0036522837905488452
exact,0.01,2,184,0.28082640928329405,1.4540624854287605,0.11252174016863449,0.010247757477480322,0.8729484236455594,0.004282078708325884
exact,0.01,2,185,0.031421525993637234,1.4541587788982229,0.11123589051419702,0.010236760163604587,0.8740463193144663,0.004481030007732127
exact,0.01,2,186,0.2513078801669127,1.4575595950610107,0.1073780465267267,0.01005223903774053,0.8765114565567252,0.006058257878807613
exact,0.01,2,187,0.10928530506192513,1.4572165392761856,0.11046209339289298,0.011114172972419427,0.8732702784606478,0.005153455174039705
exact,0.01,2,188,0.04375595146830952,1.4571768592448735,0.11274174015955264,0.009819691422753246,0.8720982828702633,0.00534028554743087
exact,0.01,2,189,0.18760106876194896,1.453919732703236,0.10273802370982896,0.015038338168433507,0.8785456993114061,0.0036779388103314473
exact,0.01,2,190,0.2064104180077114,1.4517975900577635,0.09729578566515408,0.013933133190456299,0.8845994759685001,0.004171605175889574
exact,0.01,2,191,0.05501089033399012,1.4515769606278222,0.09761293595070666,0.012383651213100417,0.8853477921507079,0.0046556206854848755
exact,0.01,2,192,0.021083544632624546,1.4515753447909328,0.09596712701090379,0.012514184275111728,0.8867011786292025,0.004817510084781984
exact,0.01,2,193,0.18924962922860225,1.4505141751276887,0.09991185014160668,0.00938577265953297,0.8855162909964159,0.0051860862024444504
exact,0.01,2,194,0.17120521046656342,1.449341139773222,0.10545198534058686,0.015463367141004462,0.8772769046010027,0.0018077429174060402
exact,0.01,2,195,0.1369785519613049,1.4503044932628597,0.11132344736546183,0.015834746824253114,0.8716484998961459,0.0011933059141391268
exact,0.01,2,196,0.16542967487713778,1.4575532073437196,0.114888676329928,0.013944372049970413,0.8675646811397412,0.0036022704803605372
exact,0.01,2,197,0.06812229863792421,1.457467666699311,0.11542760665500981,0.015185145298184183,0.866353032628646,0.0030342154181599436
exact,0.01,2,198,0.041252704998938156,1.4574084445513562,0.1163076632969393,0.014672842860417083,0.865921444083739,0.0030980497589047327
exact,0.01,2,199,0.3762908419434379,1.4519934425898169,0.08793409015840964,0.011373812905947918,0.8942820200992817,0.006410076836360798
exact,0.01,2,200,0.4046030680661301,1.4646556794383412,0.0729598316067703,0.021123842036415805,0.8975400522281249,0.008376274128689057
exact,0.01,2,201,0.323704764841462,1.46796404847859,0.07458030675731915,0.01748335439789552,0.8973999458405522,0.01053639300423317
exact,0.01,2,202,0.143986021197815,1.4647267805964976,0.06866108814272706,0.019073370993240087,0.9025355854828542,0.009729955381178728
exact,0.01,2,203,0.29516149619894744,1.4506573735448283,0.058683099205616616,0.01624219667965784,0.9171630021470224,0.00791170196770299
exact,0.01,2,204,0.36215647756089936,1.454390881128743,0.05472026558579056,0.013577510026155964,0.9211617216477755,0.010540502740278028
exact,0.01,2,205,0.1254054911347024,1.4527471378792505,0.05358283621581608,0.015093382873535193,0.9217026954312347,0.009621085479414062
exact,0.01,2,206,0.09262321698866709,1.4542710383083888,0.05143190036322933,0.01560388498473001,0.922810502906397,0.010153711745643725
exact,0.01,2,207,0.17440214652180083,1.4551442200127473,0.057239881628319306,0.018354412846420608,0.9157822993637523,0.008623406161507814
exact,0.01,2,208,0.16678571203076145,1.4537252655331652,0.06021586002226789,0.02252076697159456,0.9110283668583274,0.006235006147810039
exact,0.01,2,209,0.13933189299855153,1.4508019389566527,0.059116121858161876,0.01852641817105247,0.9153279580504182,0.007029501920367436
exact,0.01,2,210,0.1144295856095294,1.4482560758943528,0.05978840479627252,0.017789053179457358,0.915953690456482,0.006468851567788186
exact,0.01,2,211,0.20037055911074367,1.4485539255906712,0.06211069579216153,0.01763732005839048,0.9139341459314123,0.006317838218035609
exact,0.01,2,212,0.19968094035531786,1.450129262626465,0.07383716111869637,0.015983481527755746,0.9042669895320514,0.0059123678214964715
exact,0.01,2,213,0.0540675942433661,1.4503553521004533,0.0740785744615874,0.015883811654503907,0.9040511851303216,0.005986428753587172
exact,0.01,2,214,0.04732466157489683,1.4503766017209925,0.0772486521404224,0.016175228177392764,0.9011012297389286,0.005474889943256278
exact,0.01,2,215,0.10530571098915363,1.4486741354399362,0.07375001115798693,0.01731871973904104,0.9039479552219695,0.004983313881002599
exact,0.01,2,216,0.09104436176790966,1.4481283583734637,0.07194650055737688,0.01954317124355562,0.9043048436860296,0.0042054845130379635
exact,0.01,2,217,0.17231356784683416,1.4493079803491355,0.060914732548600095,0.01612378318769949,0.9156905701890907,0.007270914074609615
exact,0.01,2,218,0.12458484895141456,1.4490622897475929,0.0612219938534178,0.015302623038336823,0.9160040483737976,0.007471334734447784
exact,0.01,2,219,0.11585184034458962,1.4469762220639208,0.06501283910827965,0.015869398128173375,0.9129664150282017,0.006151347735345306
exact,0.01,2,220,0.10090100439855482,1.4461525951210297,0.06674189101218399,0.016631964422259827,0.9112309867990283,0.0053951577665279984
exact,0.01,2,221,0.08958946676093765,1.4453688916121918,0.06539072116989586,0.014586952176150924,0.9139079941259003,0.006114332528052932
exact,0.01,2,222,0.06099621896008769,1.444909913009572,0.06442929743889964,0.017203301453957768,0.9132623497437604,0.005105051363382182
exact,0.01,2,223,0.038038616235165926,1.4447947772773215,0.0675589292788434,0.017029564877796735,0.9106752973402505,0.004736208503109285
exact,0.01,2,224,0.4388287630168281,1.4693786680765504,0.06177722129891367,0.016485188356719502,0.908759902343478,0.012977688000888834
exact,0.01,2,225,0.14742489646707657,1.468276000677106,0.05209858237444527,0.015859704857261542,0.9179150345410427,0.014126678227250463
exact,0.01,2,226,0.39746160020658616,1.4536077369698253,0.061781553868900586,0.015230971973994124,0.91421177762427,0.008775696532835275
exact,0.01,2,227,0.15596359634232496,1.4508930257021073,0.061025772679165674,0.013754950263136077,0.9165904286733086,0.008628848384389706
exact,0.01,2,228,0.10576320542142913,1.4505298464870626,0.0612435861867081,0.016436175780160215,0.9148477965257754,0.007472441507356317
exact,0.01,2,229,0.09170908716582486,1.4503249939660168,0.06120748121019623,0.016788108486450393,0.914722128594701,0.007282281708652317
exact,0.01,2,230,0.1769833161637241,1.4431420641373345,0.05565134631414705,0.016522655793644474,0.9218635342573236,0.005962463634884988
exact,0.01,2,231,0.04366673022444084,1.4429995803447775,0.05752879033587578,0.016568683272131544,0.920239841646654,0.005662684745338673
exact,0.01,2,232,0.10500708035703354,1.44149557720111,0.054807048822246546,0.016860724655132088,0.922879177122539,0.0054530494000824
exact,0.01,2,233,0.15659253255752742,1.4392353110623468,0.05006058451664948,0.016175628172070623,0.9281145978254768,0.005649189485803205
exact,0.01,2,234,0.11787777442346112,1.4373949475101393,0.05061902969286427,0.017703772473953883,0.9272271576657901,0.0044500401673917365
exact,0.01,2,235,0.19974894331954146,1.4327870604297845,0.04129715540458796,0.017610202967262675,0.9367858662740786,0.004306775354070803
exact,0.01,2,236,0.17052878957139964,1.4338906423735622,0.04340413305144205,0.012260949221704238,0.9379334667817703,0.006401450945083438
exact,0.01,2,237,0.008975316302848257,1.4339074105934535,0.04334171327666195,0.012319013564367872,0.9379469846484377,0.006392288510532423
exact,0.01,2,238,0.044981454097197116,1.43392977505819,0.04271096309441766,0.010796495082504402,0.9394340126127456,0.007058529210332395
exact,0.01,2,239,0.08199546256517698,1.4337859511661173,0.042896503052054356,0.0114108164404797,0.9389341903491235,0.006758490158342486
exact,0.01,2,240,0.10477304313323654,1.4325853773561912,0.04486298764841722,0.010893527469252644,0.9378950857822863,0.006348399100043906
exact,0.01,2,241,0.001713610659649853,1.432585764279141,0.04478187388962186,0.010936930162285155,0.9379388588384802,0.006342337109612804
exact,0.01,2,242,0.017017138646938115,1.4325759584918794,0.04528725133002024,0.010330808131162914,0.9378763135227995,0.006505627016017403
exact,0.01,2,243,0.20524063832199124,1.4337331672720588,0.059187672652196786,0.012137466255164093,0.9242873240285857,0.004387537064053464
exact,0.01,2,244,0.12956681416866075,1.4351099948396893,0.0664728779108887,0.00970028981434501,0.9190349133533776,0.0047919189213887665
exact,0.01,2,245,0.10888223979085515,1.4335037258304295,0.06169658416153219,0.009664713276678751,0.9236988840064648,0.00493981855532429
exact,0.01,2,246,0.1956964391078702,1.4344878607754263,0.058630605319806156,0.01649041566082639,0.9218532488382959,0.0030257301810715526
exact,0.01,2,247,0.052227899120974114,1.434432512286338,0.05688520635407636,0.017197253317244993,0.9229542272868217,0.0029633130418569324
exact,0.01,2,248,0.09420181547266095,1.4338424807849643,0.055227245060477936,0.018920530690849816,0.9235082283210322,0.0023439959276400743
exact,0.01,2,249,0.13187748842239672,1.4333020144861748,0.05078922650064193,0.01840941741387422,0.9278563862549799,0.0029449698305040006
exact,0.01,2,250,0.043927545393436865,1.4329530843064366,0.05176685883529217,0.01792874832171806,0.9274048076546302,0.0028995851883595563
exact,0.01,2,251,0.07255244752984398,1.4326700122966545,0.04924143883398968,0.01622239903681591,0.9307487560005805,0.0037874061286139035
exact,0.01,2,252,0.1310059336486897,1.4335855949623493,0.04596569301812045,0.015474016866214258,0.9337985040575005,0.004761786058164759
exact,0.01,2,253,0.0075671898574691115,1.4335848202825854,0.04579709684039591,0.015540574257830802,0.9339046070292014,0.004757721872571854
exact,0.01,2,254,0.12541492326587575,1.4344137651531803,0.04610568377089435,0.007853755252764858,0.9381514110464313,0.007889149929909555
exact,0.01,2,255,0.03944115455984115,1.4342974721380792,0.045465350694808136,0.008471461947690587,0.9383619335392941,0.007701253818207136
exact,0.01,2,256,0.04841739729123162,1.4342664073747957,0.041495113010771405,0.009699358295427674,0.9410748643163818,0.007730664377419247
exact,0.01,2,257,0.02116303289461556,1.4341958355894382,0.04051412423946262,0.010409845496331185,0.941511684160602,0.00756434610360414
exact,0.01,2,258,0.16688526310681015,1.4310771384488477,0.04529984971981205,0.012887709775930895,0.9367261362444051,0.00508630425985196
exact,0.01,2,259,0.02508864443470704,1.4310259647252734,0.04445925099194613,0.01268622325432678,0.9375996210200599,0.0052549047336672835
exact,0.01,2,260,0.1032065827401102,1.431571234620587,0.036313117599281915,0.011739994353564554,0.945133006144188,0.006813881902965509
exact,0.01,2,261,0.009372707217663728,1.4315676833555253,0.036338638233191944,0.011824986739235772,0.9450591248459187,0.006777250181653464
exact,0.01,2,262,0.026102055946370994,1.4315584486546054,0.03665696444164284,0.012317368166066345,0.9444789598892903,0.006546707503000497
exact,0.01,2,263,0.1367446210127055,1.4335715884776343,0.03168500424020475,0.012596990166514895,0.9480478329597865,0.007670172633493945
exact,0.01,2,264,0.13312895230412528,1.432075417055998,0.030505678430618834,0.00905854481517814,0.9517141218871229,0.008721654867080092
exact,0.01,2,265,0.24145204636135384,1.4311313503138838,0.03412623179530065,0.009782311375223124,0.9483854178009311,0.007706039028545138
exact,0.01,2,266,0.08335637998044376,1.4315908945562963,0.035418877548223274,0.008955437913629998,0.9476330908230859,0.007992593715060878
exact,0.01,2,267,0.14348298287336186,1.4301049581245096,0.043346917314872994,0.011183722451689998,0.9397744642384095,0.005694895995027443
exact,0.01,2,268,0.184516091458633,1.4353345940491382,0.04890277879717383,0.017582739347791542,0.9294108147204134,0.004103667134621194
exact,0.01,2,269,0.05582856532683422,1.4354782116298506,0.04937405506942111,0.018891148611176384,0.9281467088633727,0.003588087456029775
exact,0.01,2,270,0.036534027232381625,1.4354497674703488,0.050481064197900924,0.018685464487384746,0.927316822668147,0.00351664864656746
exact,0.01,2,271,0.08061950325764013,1.4373789820721192,0.05279111039349395,0.017100207852778774,0.9257109525978815,0.004397729155845762
exact,0.01,2,272,0.014547570188291822,1.4373738372163383,0.05247037847369957,0.01696820921633669,0.9260740045232183,0.00448740778674533
exact,0.01,2,273,0.0965955108502531,1.4373267698427514,0.0495232344341463,0.017108425959757593,0.9285720484523864,0.004796291153709711
exact,0.01,2,274,0.109125853917465,1.4379991043930407,0.04900211738508925,0.013699484547286252,0.9309386217902678,0.006359776277356781
exact,0.01,2,275,0.0902704955132133,1.4361228304515932,0.047194929276938344,0.011105175655758607,0.9346793052776643,0.0070205897896386885
exact,0.01,2,276,0.2101182311876037,1.441041934350819,0.04876055624671651,0.022875532761009253,0.9245632656764735,0.003800645315800707
exact,0.01,2,277,0.08665137967427469,1.4415496498502156,0.04482770840248267,0.022064303510834413,0.9283459318093005,0.004762056277382507
exact,0.01,2,278,0.11473323028956546,1.4400822874600856,0.03770676209266772,0.025220898491888757,0.9330398689708164,0.004032470444627161
exact,0.01,2,279,0.017677654660851888,1.4401347688448054,0.03841663851667359,0.025928763187020434,0.9319665002373962,0.0036880980589097108
exact,0.01,2,280,0.19562586662754017,1.4411397888402493,0.04591525780253807,0.022788536706803492,0.9270702656915537,0.004225939799104614
exact,0.01,2,281,0.0009310314062955238,1.4411397604156646,0.04588934222851001,0.02276710029785444,0.9271061578638027,0.004237399609832986
exact,0.01,2,282,0.24282651588443505,1.4351435066273843,0.04371960005910898,0.021720675529126023,0.9314268455808385,0.0031328788309264036
exact,0.01,2,283,0.11145649087074334,1.434571348978865,0.048134212149281326,0.018753739969650202,0.9295825903132285,0.003529457567839953
exact,0.01,2,284,0.07071309198420406,1.4342918365064377,0.04797277048065195,0.018707877002831216,0.9298347972182173,0.0034845552982996704
exact,0.01,2,285,0.046606368762236436,1.4341322471142859,0.04874953886849392,0.019226907920388222,0.9288830553568722,0.0031404978542456065
exact,0.01,2,286,0.187646675720558,1.434103945582916,0.0487723495004426,0.01663963780036763,0.9304739768628066,0.004114035836383211
exact,0.01,2,287,0.025714248040031862,1.4341325761248211,0.049311342045186904,0.01608615418946656,0.9303380744256916,0.0042644293396550854
exact,0.01,2,288,0.0684081717788748,1.433665375482206,0.05206542412493764,0.014702970012128766,0.9289308708015356,0.004300735061398146
exact,0.01,2,289,0.17420748771379113,1.4318642447545058,0.05310998332295644,0.015723172471395708,0.9279223346783879,0.0032445095272599423
exact,0.01,2,290,0.2298397231978594,1.424600428085202,0.04333506949556383,0.016005286991246696,0.9384317773057215,0.002227866207467899
exact,0.01,2,291,0.08899352338357536,1.4239344325397554,0.042337225092950334,0.015457682341448729,0.9398394237215352,0.002365668844065723
exact,0.01,2,292,0.21834992602121514,1.4179525981704026,0.04104127125274699,0.00842390944719019,0.9471039943158033,0.0034308249842595166
exact,0.01,2,293,0.13613375704040143,1.4162676655136683,0.04495945968201536,0.006031649207235749,0.9456671640256471,0.003341727085101781
exact,0.01,2,294,0.10448903684226733,1.4163092880967063,0.04912970574362681,0.007433145693736565,0.9411474097551412,0.0022897388074953127
exact,0.01,2,295,0.08809315535601998,1.4167510663680905,0.047134894725738154,0.008807813558370592,0.9419051288539148,0.0021521628619764646
exact,0.01,2,296,0.10626347115626328,1.4158343089136998,0.044662627690016526,0.00698932602386439,0.9454614140656894,0.002886632220429775
exact,0.01,2,297,0.1630178495105428,1.4136973807981164,0.04374595404784975,0.00742979955829185,0.9466228328210895,0.0022014135727689596
exact,0.01,2,298,0.00430634915724655,1.4136931178752217,0.04365771283314134,0.00736520181572618,0.9467411343826513,0.0022359509684812024
exact,0.01,2,299,0.05164687427706101,1.4133794642235558,0.04473925822146151,0.00688771378937789,0.9461862786654998,0.002186749323660775
exact,0.01,3,0,0.03793393396750716,3.106405861287856,0.27213694686627077,0.23937138368763589,0.10812469636492836,0.38036697308116496
exact,0.01,3,1,0.8116561483834239,2.7144811645124536,0.3473166410744109,0.2101523315390918,0.17582640807829872,0.26670461930819855
exact,0.01,3,2,0.3064171896235831,2.6833460405531278,0.3258530962120155,0.19505375454146937,0.21260798872088907,0.26648516052562615
exact,0.01,3,3,0.2645788551657446,2.655928500106382,0.32400968929367147,0.1942786289678994,0.22268885993130005,0.25902282180712904
exact,0.01,3,4,1.107253060300053,2.471855504240747,0.2946534819001478,0.2920802393911151,0.24209499770608148,0.17117128100265572
exact,0.01,3,5,1.0353637709929862,2.137699078957615,0.3682819048645025,0.26944235165562197,0.29062708562465334,0.07164865785522234
exact,0.01,3,6,0.13892159368015106,2.132924513762302,0.3780475483959158,0.2801640419801293,0.2770950166749469,0.06469339294900804
exact,0.01,3,7,1.0414047117791807,1.980840017722547,0.3630464900152763,0.24102328882015528,0.3585900174938354,0.03734020367073314
exact,0.01,3,8,0.24215400091985273,1.9660065998841625,0.34029163385324696,0.2363914416271203,0.385373841164482,0.037943083355150814
exact,0.01,3,9,0.00015994047397106803,1.9660065880516813,0.340293520782856,0.2363850429922583,0.385376131547514,0.03794530467737163
exact,0.01,3,10,0.6867872279430206,1.8686835493622798,0.36589017251211764,0.2040184129551032,0.411779992174891,0.01831142235788827
exact,0.01,3,11,0.38818914398639925,1.8651304417076608,0.3322782448136231,0.19720597757876568,0.44595637426705803,0.02455940334055321
exact,0.01,3,12,0.33568495960347283,1.8362582879630167,0.31171786312910843,0.2069805052322202,0.46620736359605974,0.015094268042611604
exact,0.01,3,13,0.32885410741416643,1.8174531858937713,0.3615604847856344,0.17707645455560864,0.4470964539798558,0.01426660667890127
exact,0.01,3,14,0.14775462121708594,1.820402036768877,0.3696073674896222,0.1707964248526641,0.4431427486417156,0.016453459015998203
exact,0.01,3,15,0.12993969078562984,1.8205362297213898,0.3785753724715178,0.1699874313486947,0.43587441934293625,0.015562776836851281
exact,0.01,3,16,0.6645848155182892,1.8871769610014097,0.2680067449245468,0.167481866101902,0.5131459174968749,0.051365471476676416
exact,0.01,3,17,0.23822479126320342,1.8794834866108903,0.26646090307002746,0.1790773116787153,0.5096354778276271,0.04482630742363012
exact,0.01,3,18,0.43949307745011645,1.882935515584002,0.2863380900310621,0.1772579561398859,0.4925675857726248,0.04383636805642723
exact,0.01,3,19,0.01760653254983803,1.8829019973248775,0.2849413330046856,0.17733619071683887,0.4937354156456621,0.043987060632813484
exact,0.01,3,20,0.4646386185433078,1.852883543789289,0.27437836334446847,0.179215245217631,0.5105533406825907,0.03585305075530991
exact,0.01,3,21,0.739078352972502,1.8190034507457455,0.3294807014209213,0.1604450634015258,0.48449031644901897,0.02558391872853397
exact,0.01,3,22,0.2639152497330739,1.8069589410816804,0.3038889144882517,0.1557531639769171,0.5130041143258007,0.02735380720903042
exact,0.01,3,23,0.24592160416628517,1.805704820517189,0.33894557094960975,0.16539188898565305,0.4772135499178604,0.018448990146876697
exact,0.01,3,24,0.6538267774358175,1.7849713119465769,0.2771082135243392,0.1755261724414763,0.5304857183105494,0.01687989572363526
exact,0.01,3,25,0.0570375894640226,1.7844358789270134,0.2772254402098346,0.172456926276845,0.5324253302538801,0.017892303259440488
exact,0.01,3,26,0.17043022819748083,1.7825635342178556,0.2751992611634208,0.17967327090170954,0.5303013189086271,0.01482614902624261
exact,0.01,3,27,0.10811422186563388,1.7835554663540034,0.2767361107402016,0.18553028994248094,0.5250888894464644,0.012644709870853161
exact,0.01,3,28,0.14063703847613673,1.7825789054365808,0.27027099950960887,0.1818600534701741,0.5332134901741759,0.014655456846041245
exact,0.01,3,29,0.09244643696908986,1.7829589862583324,0.27194313707996853,0.18387795317549813,0.530418936783102,0.013759972961431177
exact,0.01,3,30,0.44885124775432567,1.7659814327253374,0.3265983826553634,0.13290273514487236,0.5195116880267909,0.020987194172973365
exact,0.01,3,31,0.14011296323042927,1.7636774581641785,0.3408665369355224,0.12401399779277224,0.5133369668039348,0.021782498467770667
exact,0.01,3,32,0.146334686862591,1.7602749224889735,0.3569282917761826,0.11667345883202655,0.50499318867934,0.021405060712450887
exact,0.01,3,33,0.33846337161577367,1.7572660756543304,0.3050574127487905,0.1336544682578245,0.5402182896216008,0.021069829371784286
exact,0.01,3,34,0.35484155538957196,1.7603703643927193,0.3218730767109384,0.13138615745897195,0.5261764611083856,0.02056430472170423
exact,0.01,3,35,0.41158162834603823,1.7724577652378206,0.278772163723137,0.1417895549728991,0.5534482670819864,0.025990014221977577
exact,0.01,3,36,0.11958541331798425,1.7733226141617127,0.2909698411754772,0.13553718749847424,0.5464937433023992,0.026999228023649402
exact,0.01,3,37,0.0027832035296844193,1.7733214857544668,0.2909880868566464,0.13544446870899413,0.5465352650214321,0.027032179412927376
exact,0.01,3,38,0.13452844482603488,1.7743381309361703,0.31668400439158506,0.1345013552744573,0.5246232767587297,0.02419136357522813
exact,0.01,3,39,0.24773601148684699,1.7652042171657978,0.29586220132734664,0.13591834243824993,0.5444282351056409,0.02379122112876261
exact,0.01,3,40,0.19746539645593203,1.7550270574316316,0.28261351008916835,0.14104158455647514,0.5557312461002474,0.020613659254109132
exact,0.01,3,41,0.30612770239038034,1.737476639978701,0.2655135029709617,0.1310172975433207,0.5818524001092705,0.021616799376447064
exact,0.01,3,42,0.145039278052091,1.7353456628795794,0.28064824647803954,0.13349055387217157,0.5678767405799982,0.017984459069790685
exact,0.01,3,43,0.3934815977016592,1.7192991026086273,0.26900012151940467,0.11192440688163766,0.5959419647019248,0.023133506897032953
exact,0.01,3,44,0.10855818077165338,1.7169799332103866,0.27485591349629374,0.10546285395836655,0.5955366203515692,0.024144612193770485
exact,0.01,3,45,0.4629691735085606,1.6774369115750818,0.21610425422260485,0.09843877950765065,0.6623993738905415,0.023057592379203053
exact,0.01,3,46,0.16367757055202398,1.6720830235947004,0.22637149666632778,0.10242200002709903,0.6526336541731929,0.018572849133380392
exact,0.01,3,47,0.2328124046287705,1.663966536263759,0.22798212975864005,0.10739123502446025,0.6505780897636493,0.014048545453250431
exact,0.01,3,48,0.05647715378569003,1.6637980395482068,0.23378968396590225,0.10066709736813456,0.6497370389188543,0.015806179747108913
exact,0.01,3,49,0.1520311030522155,1.6594985462200742,0.2392894193419924,0.09604366630724716,0.6490910870592288,0.015575827291531728
exact,0.01,3,50,0.07763923388688372,1.65860535591327,0.23133930993563206,0.09710273598080472,0.655588511663123,0.01596944242044029
exact,0.01,3,51,0.4578940706745982,1.651900020306779,0.21468513797935707,0.10485273656141726,0.667227542988429,0.01323458247079675
exact,0.01,3,52,0.2710672891863908,1.6419423108528994,0.19201144246684437,0.10834192756763006,0.6876784026284982,0.011968227337027355
exact,0.01,3,53,0.3379550551076209,1.6355731633397055,0.23050775142947622,0.07783182086641371,0.6749871204410751,0.016673307263034905
exact,0.01,3,54,0.08066922439049051,1.6356166825451899,0.24002374287119538,0.07222641889876352,0.6701842041786576,0.017565634051383543
exact,0.01,3,55,0.038489009085523426,1.6356877640249234,0.23283125118302708,0.07527298806144388,0.6745168865099583,0.017378874245570785
exact,0.01,3,56,0.5724461469460174,1.6686440552604358,0.1931188857630875,0.07225019477119689,0.7010636664049885,0.03356725306072719
exact,0.01,3,57,0.5687373775350579,1.6696995389742226,0.1746084544224694,0.06720394316319024,0.7199242769303797,0.03826332548396069
exact,0.01,3,58,0.5649912704863347,1.6243726641704297,0.18300124911467192,0.07306205039832342,0.7224334168123414,0.02150328367466328
exact,0.01,3,59,0.1666197974864441,1.6215669150936998,0.17491596415899519,0.06960226899613331,0.7324147067817183,0.023067060063153264
exact,0.01,3,60,0.5166418245057354,1.5853260279343901,0.14458477545896659,0.07074720027928377,0.768775388606574,0.015892635655175645
exact,0.01,3,61,0.002259757206913404,1.5853273994855377,0.1449298263759839,0.07054476554412273,0.7686000933665456,0.015925314713347682
exact,0.01,3,62,0.24941620822924215,1.5809642153533676,0.13587385053846032,0.05686463572821644,0.7862080375926926,0.021053476140630564
exact,0.01,3,63,0.8024750006752119,1.580604610264158,0.194664885197897,0.02962355828987833,0.7520704227650573,0.023641133747167364
exact,0.01,3,64,0.681747080980486,1.567233060942586,0.14958358032739744,0.053923150375435124,0.780174307284049,0.01631896201311842
exact,0.01,3,65,0.05518575568905276,1.5671471585232035,0.1525011558263763,0.050979428513679155,0.7794822866998243,0.017037128960119996
exact,0.01,3,66,0.26087339661330966,1.5588134048386173,0.185076156644712,0.048338588789196356,0.7552869043845775,0.01129835018151424
exact,0.01,3,67,0.5230076859217014,1.5527896928243077,0.17957598570682876,0.04707927767568436,0.7626229310968766,0.010721805520610255
exact,0.01,3,68,0.1534774808997279,1.554433363011263,0.1705019701603233,0.0433828477780762,0.7722992832956787,0.013815898765921911
exact,0.01,3,69,0.6596059972308017,1.5834875760283758,0.1357051458320664,0.04073937415191885,0.795568715856501,0.02798676415951389
exact,0.01,3,70,0.4943304173699562,1.5741803157961547,0.1505379916798173,0.06413401962862364,0.7709840094231439,0.014343979268415212
exact,0.01,3,71,0.03283514916763153,1.5740439879894785,0.15039766483690606,0.06495898212380041,0.7706370772353026,0.014006275803990952
exact,0.01,3,72,0.3651527842859849,1.581011134641937,0.14283224848959153,0.06653539963674829,0.7741753025163508,0.016457049357309503
exact,0.01,3,73,0.1423506144558928,1.5785140188920237,0.15903957968867885,0.05526739857051429,0.7677886375621419,0.017904384178665023
exact,0.01,3,74,0.09731604789032056,1.5773367653591348,0.1611248838925211,0.05485280954793671,0.7665816191890683,0.017440687370473922
exact,0.01,3,75,0.401753862272507,1.578954616287014,0.1754833805271377,0.05769177901131598,0.7518805352218899,0.014944305239656402
exact,0.01,3,76,0.09602290907231747,1.5778156391395721,0.18054784708812938,0.0610646180144432,0.745739281179934,0.012648253717493362
exact,0.01,3,77,0.04288176534874566,1.5775587143649994,0.18028767148897934,0.06172381181870071,0.7456344072738406,0.012354109418479312
exact,0.01,3,78,0.19096115823829482,1.5768320260179316,0.1584205873707524,0.06529429117390363,0.7626348188656116,0.013650302589732268
exact,0.01,3,79,0.1774941520727109,1.5710043979177297,0.16134642950581132,0.06410390537152875,0.7625531561696379,0.011996508953021847
exact,0.01,3,80,0.020187160789543634,1.5710122054107856,0.16095247480862537,0.06344493209708607,0.7632997465723312,0.012302846521957254
exact,0.01,3,81,0.012538721302571498,1.5709938173030842,0.16095416101866006,0.06332109069871406,0.7633801601796656,0.012344588102960224
exact,0.01,3,82,0.21841020989150625,1.5614868850459196,0.1531150489554812,0.06685690420089599,0.7708223372984647,0.009205709545158217
exact,0.01,3,83,0.08294296837580617,1.5638702228696255,0.15147105921324824,0.07008076199436379,0.7695553701298891,0.008892808662498959
exact,0.01,3,84,0.0565047892446994,1.564500396026177,0.15508157435817915,0.07010632814820836,0.7662162898770436,0.008595807616568968
exact,0.01,3,85,0.14124876757619273,1.5636226433847646,0.16114435124827864,0.06584875072064508,0.763837071727507,0.009169826303569308
exact,0.01,3,86,0.01800498063190477,1.5636203162317546,0.16094693046635344,0.06618702780707637,0.763800475676042,0.009065566050528254
exact,0.01,3,87,0.11123397339114866,1.562766718468452,0.16428974603600022,0.05921685931714167,0.7654516592691055,0.011041735377752456
exact,0.01,3,88,0.13619277613345476,1.5587104140405899,0.1573018633491502,0.057745353291234355,0.7736312734633319,0.011321509896283576
exact,0.01,3,89,0.15223773852607536,1.5575578018596807,0.1593203966308562,0.052809126617821917,0.7752665694832356,0.012603907268086204
exact,0.01,3,90,0.06270797291741667,1.5571138967274747,0.1563805691234457,0.053460452126466995,0.7775500260260666,0.01260895272402073
exact,0.01,3,91,0.045674597980984694,1.5570671936274314,0.15893667517720592,0.054380259412193675,0.7747751030340556,0.011907962376544878
exact,0.01,3,92,0.005231849020788104,1.5570671680985102,0.15906555239267128,0.05429542022588943,0.7747155265399635,0.011923500841475872
exact,0.01,3,93,0.2720080119484874,1.5523137343103757,0.12378074015958801,0.06565325175267003,0.7997799345375071,0.010786073550234917
exact,0.01,3,94,0.45673139748788844,1.568972611077672,0.1048385476874661,0.06622656692891003,0.8109683035729511,0.01796658181067279
exact,0.01,3,95,0.2101333789580513,1.564744155283542,0.08535234136166811,0.06457359732482255,0.8302016289345694,0.01987243237893992
exact,0.01,3,96,0.16041884940330697,1.5632611445713973,0.09776926438960037,0.0636710620152638,0.8203902687941778,0.01816940480095797
exact,0.01,3,97,0.13018545503499832,1.5590387986283711,0.08955450686923633,0.0635840093048248,0.8288451971755344,0.018016286650404608
exact,0.01,3,98,0.08389325671822605,1.558735094059913,0.08407907529199495,0.067893809356474,0.8310393609682325,0.016987754383298602
exact,0.01,3,99,0.3207030748348494,1.574895073316144,0.07782344710283812,0.07830353824133418,0.8252679041652249,0.018605110490602917
exact,0.01,3,100,0.17999808846110701,1.5765980351449027,0.07611467695223545,0.08639474681025788,0.8212548043725545,0.01623577186495225
exact,0.01,3,101,0.3181493482747737,1.5660065421825209,0.057764484264965645,0.08455591039905824,0.8415096210876296,0.016169984248346477
exact,0.01,3,102,0.03867841369310668,1.565784581596394,0.057607197252704606,0.08575860312000307,0.8409696253766578,0.015664574250634535
exact,0.01,3,103,0.3000533917922922,1.571398619952256,0.06877407758014069,0.09105319953460309,0.82631069585955,0.013862027025706106
exact,0.01,3,104,0.13336174523584768,1.5695389282663392,0.07648391779336823,0.08735748372505771,0.8224303513939174,0.013728247087656693
exact,0.01,3,105,0.5626532445265076,1.5664601677250176,0.04065212088409985,0.08281206293819723,0.8573638602118263,0.019171955965876633
exact,0.01,3,106,0.46624642161599067,1.5899386512865938,0.07748521068267485,0.08342912746678743,0.8179405955035619,0.021145066346975775
exact,0.01,3,107,0.261357581688042,1.5854769101330584,0.08562154181632459,0.0766554485857242,0.8163623295364555,0.021360680061495715
exact,0.01,3,108,0.4132268856909864,1.5800322854105422,0.09989431303054087,0.06453267605390846,0.8130407009774189,0.02253230993813187
exact,0.01,3,109,0.3236335748200642,1.6099702558859708,0.10559384473050963,0.04600209072113129,0.8106642772963569,0.037739787252002104
exact,0.01,3,110,0.25050751581822417,1.6001398502512458,0.09162574706561313,0.033951067407638244,0.8331830827022724,0.04124010282447632
exact,0.01,3,111,0.013984107819201147,1.6001362049959404,0.09066569914617967,0.033203915959038016,0.8344820654354457,0.04164831945933671
exact,0.01,3,112,0.3063487797632985,1.6125067188392435,0.0850178420482639,0.030013611312922423,0.8377086704407215,0.047259876198092035
exact,0.01,3,113,0.21501587432667552,1.6137691859040817,0.08090384939937016,0.035708981278943945,0.8373944150466565,0.04599275427502951
exact,0.01,3,114,0.38042084583552005,1.6062989911401502,0.0641146609432257,0.043548454933132925,0.8493825370424933,0.04295434708114791
exact,0.01,3,115,0.05825877093929677,1.6060027902934633,0.06710557668586223,0.04845832549814313,0.8438285519706983,0.040607545845296446
exact,0.01,3,116,0.5143093119058311,1.564479335445069,0.038607167450945966,0.050408983300797225,0.8797649961415717,0.031218853106685117
exact,0.01,3,117,0.2653280672620458,1.5720492579562475,0.0413892254625892,0.06260923783100299,0.8675506893691965,0.028450847337211274
exact,0.01,3,118,0.04126184402775124,1.5719131866794074,0.04199997032656146,0.06549068763408146,0.8652772413316862,0.027232100707670927
exact,0.01,3,119,0.16807246513534935,1.5676646783205626,0.04502613143083321,0.06523660337334802,0.8640557504385977,0.025681514757220927
exact,0.01,3,120,0.11506397956847783,1.5664607781944349,0.039829740927109655,0.06486146378928735,0.8691743416158757,0.026134453667727243
exact,0.01,3,121,0.35313446695047107,1.5580638200663968,0.03937731338605923,0.07212899631023478,0.8675655263303107,0.020928163973395243
exact,0.01,3,122,0.3165228562406064,1.5403517464653915,0.040529482272083035,0.06533369033186458,0.8760127057715147,0.018124121624537592
exact,0.01,3,123,0.06705833967584572,1.540590780160989,0.04117620156948888,0.0635657723368146,0.8764710046998382,0.01878702139385842
exact,0.01,3,124,0.343984166305411,1.5297615330696028,0.0488586559648448,0.04968583331123973,0.8815674222906248,0.019888088433290714
exact,0.01,3,125,0.2186994641526281,1.5264777241876808,0.04454791611547088,0.04127140654109708,0.8915052707411987,0.022675406602233345
exact,0.01,3,126,0.0760792408030492,1.5259712074600162,0.03868284590047668,0.044945737821981524,0.8944967659701877,0.021874650307354165
exact,0.01,3,127,0.14904676658648244,1.523006594390465,0.042762739490920854,0.038730008285783296,0.8956640159749804,0.022843236248315475
exact,0.01,3,128,0.14248900056781744,1.520273059710845,0.044763557270281,0.037671868216515095,0.8953846422825538,0.022179932230650127
exact,0.01,3,129,0.2521418888811373,1.507150546899998,0.051333476297376876,0.024053320906771793,0.9019767621433183,0.022636440652532945
exact,0.01,3,130,0.396198337103421,1.5189404712268348,0.075928993016884,0.029357589675873694,0.8737583231862398,0.020955094121002535
exact,0.01,3,131,0.15239136737807596,1.5242267570092352,0.07129312411105355,0.023935378112854705,0.8795861911465317,0.025185306629560086
exact,0.01,3,132,0.2559706089145746,1.5361162979104355,0.07021023007309928,0.02557605795226524,0.8759896193892547,0.028224092585380875
exact,0.01,3,133,0.1774261273289295,1.533101524536711,0.06844820226236481,0.02881859142912929,0.8764122372514854,0.026320969057020537
exact,0.01,3,134,0.0046210563601079,1.533100776183375,0.06849006833769192,0.028699030430756903,0.876449961856327,0.026360939375224164
exact,0.01,3,135,0.0731461018220296,1.532545503603025,0.06963891613618224,0.029564368323862784,0.8750779334194785,0.025718782120476458
exact,0.01,3,136,0.10576440375574968,1.5313742430736446,0.05891640536304479,0.02754449989385271,0.8860207693150776,0.027518325428025018
exact,0.01,3,137,0.4171189869137175,1.524412005571366,0.039477388299756805,0.02444488671890356,0.9069553252542819,0.029122399727057782
exact,0.01,3,138,0.17413143605699233,1.521710586911697,0.040683072124130554,0.02483963411390349,0.9064604083996111,0.02801688536235491
exact,0.01,3,139,0.33613416785208966,1.5272890534419241,0.04334371163493997,0.04385787208175502,0.8907144204912102,0.022083995792094857
exact,0.01,3,140,0.30345413795273285,1.5196662330744717,0.0387492902773301,0.054680860988287124,0.8902862977909969,0.016283550943385895
exact,0.01,3,141,0.11321429264102179,1.518786649923976,0.04139620951203906,0.05648556667891504,0.8871227908278647,0.014995432981181205
exact,0.01,3,142,0.026122181737683756,1.5187110168839284,0.03955097194828482,0.05638457711357419,0.8888167423096397,0.015247708628501153
exact,0.01,3,143,0.0029415634162527904,1.5187106271529318,0.039722132991323635,0.05621561762549132,0.88877209627115,0.015290153112035104
exact,0.01,3,144,0.34608080154549636,1.5026565190749475,0.07189533461658593,0.04951450086153947,0.8696326143596583,0.008957550162216386
exact,0.01,3,145,0.5216761970949158,1.5440464333626929,0.15832878917700455,0.04159188781799562,0.7870567263926307,0.013022596612369257
exact,0.01,3,146,0.37525628231410857,1.5228303887716936,0.13916711467186266,0.038048272875088246,0.8121866278147424,0.010597984638306775
exact,0.01,3,147,0.2972579472619863,1.5209086371293823,0.13195817020874095,0.046858000126905476,0.813581074567,0.007602755097353536
exact,0.01,3,148,0.268008595549567,1.5230558560939988,0.1344957583435452,0.04091809480106671,0.8144085326198749,0.010177614235513246
exact,0.01,3,149,0.08633879631607283,1.5228161179754667,0.13407512625889137,0.042238815482729855,0.8140291914728836,0.009656866785495245
exact,0.01,3,150,0.3607343314290823,1.5371216220565742,0.1271007117284547,0.047054284395261554,0.8128812310629853,0.012963772813298332
exact,0.01,3,151,0.19536036952561395,1.5328496342171383,0.13686266972803757,0.043795344598246105,0.8076709791542935,0.011671006519422877
exact,0.01,3,152,0.48056785464190077,1.5221323797861888,0.11708073081328257,0.036804296019220535,0.8323743481628598,0.013740625004636983
exact,0.01,3,153,0.3635671088217052,1.502423263879604,0.11925452839785874,0.021793537085996816,0.8456062294680629,0.013345705048081715
exact,0.01,3,154,0.10014008660923443,1.503714257645178,0.11231789421408292,0.023198327544033948,0.8503920664011557,0.014091711840727527
exact,0.01,3,155,0.06086701178575396,1.5037237417346165,0.1135236713058399,0.02520653532481421,0.8480974837431245,0.013172309626221367
exact,0.01,3,156,0.168096846897825,1.5006293194656926,0.0972447041869087,0.032039397554699804,0.85896074905576,0.011755149202631602
exact,0.01,3,157,0.40820507909847215,1.4839563950574532,0.08234973992405042,0.027882865611179072,0.8794496080168901,0.01031778644788046
exact,0.01,3,158,0.03295703406433975,1.4839858275643012,0.08111418617177961,0.0267766753117927,0.8812019107030199,0.010907227813407696
exact,0.01,3,159,0.044224462430455455,1.4837350152925475,0.08026547637670894,0.026545925051186876,0.8821585831466696,0.011030015425434666
exact,0.01,3,160,0.2712339177473526,1.479259314382844,0.07975245019977141,0.024940593322231905,0.8849263899983112,0.010380566479685433
exact,0.01,3,161,0.05018302163441056,1.4789770922570427,0.07748673208323893,0.025185830809747643,0.8868326806090056,0.010494756498007936
exact,0.01,3,162,0.11858129537328942,1.4775500286836976,0.06759982235004551,0.028790643992491215,0.8936419275133104,0.009967606144152921
exact,0.01,3,163,0.2707481242125631,1.474364058750554,0.07075742823725226,0.02347823934873403,0.8951226328254428,0.010641699588570967
exact,0.01,3,164,0.21214835574850333,1.4657119183518508,0.06305170688267263,0.022781978322767137,0.9048377452068765,0.009328569587683768
exact,0.01,3,165,0.1811885512243272,1.4620374956045346,0.05344891390159224,0.02189430657483164,0.9148512740126961,0.009805505510880162
exact,0.01,3,166,0.023742916585653973,1.462041802219573,0.054005614484760066,0.020995987165672553,0.9149207053193145,0.010077693030252811
exact,0.01,3,167,0.23425726039158667,1.455638699468686,0.05169631056053305,0.01657028330639807,0.9215754994364755,0.010157906696593322
exact,0.01,3,168,0.09755569779775919,1.455380485955675,0.05420877423868951,0.015793179095082422,0.9199419342477553,0.01005611241847279
exact,0.01,3,169,0.4147451557637145,1.453954740421497,0.05685106893166261,0.018454734268293818,0.9164122009205858,0.008281995879457724
exact,0.01,3,170,0.07306677811820325,1.454184274560606,0.05544055662977225,0.017964494540219474,0.9178778441066512,0.008717104723357114
exact,0.01,3,171,0.3353821908858995,1.4405892867116732,0.03430165964906179,0.015604536750683495,0.9418173568940044,0.008276446706250466
exact,0.01,3,172,0.09271028036872409,1.4413750840153063,0.03495393833017593,0.016750775033993248,0.9403047230556694,0.00799056358016159
exact,0.01,3,173,0.1106082761679206,1.4429500070658843,0.038893623864483896,0.015789481962016363,0.9369945846410445,0.00832230953245527
exact,0.01,3,174,0.15967071578578526,1.445652354498337,0.0490520567444692,0.01133898711986088,0.9300859560820987,0.009523000053571418
exact,0.01,3,175,0.07479982651599662,1.4453130339449105,0.04874264607742041,0.01238993773105117,0.9298055561642816,0.009061860027246628
exact,0.01,3,176,0.2207655082156894,1.4345138331351417,0.04518868570874755,0.008437781748044413,0.9385599934717946,0.007813539071413408
exact,0.01,3,177,0.23299537009898952,1.4325813753160972,0.05046511381092514,0.0128049250671613,0.9318243624465011,0.004905598675412316
exact,0.01,3,178,0.11381403203925067,1.4323284773175768,0.04412202707878532,0.013517366843819208,0.9369923659494143,0.005368240127981252
exact,0.01,3,179,0.03237269055714975,1.432242259108306,0.04417375025141794,0.013575796354541463,0.9369366286521328,0.005313824741907789
exact,0.01,3,180,0.1580948886441329,1.4358139778480619,0.04151197306367954,0.013832859476856833,0.9380398820719819,0.006615285387481901
exact,0.01,3,181,0.04441836805387189,1.4360756750868016,0.04338465520253882,0.011955888835481562,0.9374909010964771,0.007168554865502498
exact,0.01,3,182,0.17957573140023822,1.4328431129937873,0.04384395669527693,0.011212681774032082,0.9385100451432827,0.006433316387408247
exact,0.01,3,183,0.012868748970401134,1.4328096658223557,0.04427675665952989,0.011165069778982616,0.938171813322853,0.006386360238634525
exact,0.01,3,184,0.28607798483304925,1.4262748595346308,0.039993511836385345,0.014286049766938334,0.9419157596422734,0.003804678754402989
exact,0.01,3,185,0.0505102881572661,1.4264727830367838,0.04057974616702271,0.013233340187318548,0.941997586297239,0.0041893273484197285
exact,0.01,3,186,0.1768888770943195,1.4232398839314486,0.04131288313592286,0.010851483439448674,0.9437931785690827,0.004042454855545729
exact,0.01,3,187,0.04696084491761235,1.423206708223696,0.0426382560852726,0.011279441293111312,0.9423812501670059,0.0037010524546102035
exact,0.01,3,188,0.07427238058435037,1.4233121304503338,0.04059341678786986,0.012564735844958742,0.943338131225653,0.0035037161415184346
exact,0.01,3,189,0.01082107652889519,1.4233131190761328,0.040831228946642636,0.012730185669831988,0.9430277951189091,0.003410790264616367
exact,0.01,3,190,0.16859020035568428,1.4266654414524218,0.04269370310831936,0.015867959473048424,0.9384635261225005,0.0029748112961317467
exact,0.01,3,191,0.08243585620227711,1.4263936354528448,0.04235050619866417,0.013477650056107366,0.940324450690395,0.00384739305483346
exact,0.01,3,192,0.15645440737596772,1.4241590819629326,0.04161804956888948,0.011580427918367218,0.9428023594244672,0.00399916308827606
exact,0.01,3,193,0.10660703026251994,1.425165594164636,0.041423750955318944,0.012812522513482404,0.9419097894270092,0.00385393710418946
exact,0.01,3,194,0.13734987555870837,1.423734846361651,0.04212281716313091,0.012303466395189571,0.9420398356304704,0.0035338808112090427
exact,0.01,3,195,0.03960017292833959,1.4238404152380246,0.04353005520414897,0.012934237135837402,0.9403897019151337,0.003146005744879862
exact,0.01,3,196,0.08643855140917818,1.4234179892926855,0.04452972146702338,0.014097137610072499,0.9389223675707686,0.0024507733521354704
exact,0.01,3,197,0.11918457098259337,1.4222354611740085,0.04658617321239796,0.013109015886436625,0.9380911332986553,0.002213677602510124
exact,0.01,3,198,0.06709462017095924,1.4217896118072466,0.048899030107497285,0.012904032828591495,0.9363324616994335,0.0018644753644777772
exact,0.01,3,199,0.19295633901747541,1.430060267434563,0.047289052439463644,0.01852171086957122,0.93180254229676,0.0023866943942051732
exact,0.01,3,200,0.1322731147358657,1.4291069848338385,0.048714311019421044,0.019666380174783928,0.93013311635534,0.0014861924504550568
exact,0.01,3,201,0.11774604792751453,1.429514804815727,0.05192186271173791,0.0191134689156981,0.9275563379794128,0.0014083303931510711
exact,0.01,3,202,0.07041383332699502,1.4290146808105375,0.052611000597391586,0.01949364921604376,0.9268681843087591,0.0010271658778056338
exact,0.01,3,203,0.06782104440791037,1.4290674215235204,0.053466882618249396,0.019503164756375403,0.9261000576626898,0.0009298949626854331
exact,0.01,3,204,0.21414975782826087,1.4288053216544656,0.045819659706505,0.012591971934160454,0.9371301128276109,0.004458255531723684
exact,0.01,3,205,0.10127244836505511,1.42976824521109,0.04639260807459238,0.013838962646273871,0.935571890313522,0.004196538965611782
exact,0.01,3,206,0.12120956576025796,1.4291764163600091,0.04769528169170638,0.00820800965939289,0.9380994590946825,0.005997249554218118
exact,0.01,3,207,0.03667634231148065,1.4291663590729817,0.047950907410855524,0.008535194718333737,0.9376766866881531,0.005837211182657715
exact,0.01,3,208,0.032860944005563164,1.4291190276191534,0.04857644818050813,0.008964863322413414,0.9368787345629002,0.005579953934178364
exact,0.01,3,209,0.021657915325490995,1.4291252970835393,0.04868697560739311,0.0088520926117872,0.9368503063815675,0.00561062539925222
exact,0.01,3,210,0.004716345470306527,1.4291233923412363,0.04879907146682791,0.00883429747788499,0.9367640932402951,0.005602537814992028
exact,0.01,3,211,0.04727470665501107,1.4288835768700563,0.04822727528753133,0.008883666917318336,0.9373035835679816,0.0055854742271686025
exact,0.01,3,212,0.031292409567499874,1.4289195280719402,0.049356560049220954,0.009887424208029747,0.9356857420022548,0.005070273740494351
exact,0.01,3,213,0.12227677636233047,1.429807458747865,0.05232418641021239,0.00824834594267734,0.9338485812980436,0.005578886349066642
exact,0.01,3,214,0.10960795326042594,1.4277935679834244,0.05068439445824133,0.005303595888606979,0.9377014770320145,0.006310532621137188
exact,0.01,3,215,0.13753733833206994,1.4284072671185246,0.05160768496782633,0.009226037679620326,0.9342835429664375,0.004882734386115862
exact,0.01,3,216,0.019634488294567154,1.4283869496241697,0.05217785179099811,0.009369478385495976,0.9337032861880932,0.004749383635412811
exact,0.01,3,217,0.07729868634775984,1.4281333648540127,0.05072192376262922,0.00931429261071246,0.9350829332877437,0.004880850338914623
exact,0.01,3,218,0.034695607512635215,1.4280185715118112,0.05041222517297695,0.009932715753265877,0.9350040715345418,0.004650987539215255
exact,0.01,3,219,0.04789139649339802,1.4279407594252378,0.048833121781294335,0.010625747138360911,0.9359755374245365,0.004565593655808193
exact,0.01,3,220,0.11895590337493168,1.4263108321157079,0.04434897991837658,0.012044647534857164,0.939492902732323,0.00411346981444338
exact,0.01,3,221,0.09675639121414056,1.4250175134975913,0.043400704446926286,0.010602055380139355,0.941598052838411,0.004399187334523343
exact,0.01,3,222,0.09917962328120468,1.4234973657771846,0.04170527854647108,0.010906008747279006,0.9433405204608775,0.004048192245372403
exact,0.01,3,223,0.1433436214949874,1.420775858193218,0.04285578612619623,0.010590440784035675,0.9433399139566501,0.0032138591331180256
exact,0.01,3,224,0.1790268770289399,1.4174089845087012,0.0402602372862481,0.008598609997178007,0.9478387770656148,0.003302375650959047
exact,0.01,3,225,0.17617566054439826,1.4150472530563027,0.03740613276346892,0.007662759616379663,0.951610956555726,0.003320151064425365
exact,0.01,3,226,0.05062923252571473,1.4147555328983015,0.03798143714517219,0.007521150729127559,0.9512831672065283,0.0032142449191720876
exact,0.01,3,227,0.04922358093610789,1.4144982211311392,0.03655069174463679,0.008462689542794354,0.9520249324734885,0.002961686239080315
exact,0.01,3,228,0.12708429159065185,1.411151027513234,0.037204143033884515,0.008247066153889097,0.952581956894171,0.0019668339180553686
exact,0.01,3,229,0.006092187813075356,1.4111515679775273,0.03733505370534903,0.008301873405958175,0.9524335651991218,0.0019295076895709425
exact,0.01,3,230,0.009543224259198013,1.4111645157307962,0.03713645769691613,0.008219335867083226,0.9526542169781341,0.0019899894578665894
exact,0.01,3,231,0.13826122361757953,1.4111110823986415,0.03971446279579539,0.005312522910468034,0.9522212701919086,0.002751744101828012
exact,0.01,3,232,0.19691905838711438,1.417627129693398,0.05235471536933944,0.004267934361103328,0.9399035871876293,0.00347376308192792
exact,0.01,3,233,0.003030532962120455,1.4176288791219507,0.05215028217410933,0.004319176470576285,0.9400496809003549,0.0034808604549595116
exact,0.01,3,234,0.07469279798737836,1.418632852782859,0.05297996389652909,0.004570053379987747,0.9388723337463691,0.00357764897711396
exact,0.01,3,235,0.2786948091637916,1.4171169314495753,0.05242614056718142,0.006243889433802886,0.9387683730432361,0.0025615969557794185
exact,0.01,3,236,0.1206063218196185,1.4163981022977217,0.05594349830155646,0.006064728388705198,0.9360241370904621,0.0019676362192762413
exact,0.01,3,237,0.11820383325072231,1.4181658165807645,0.05531799581973126,0.006020044399493895,0.9360727893488359,0.0025891704319389156
exact,0.01,3,238,0.13470656849917,1.4158761921626013,0.05262185744677635,0.0051262807381951105,0.9396584035561145,0.0025934582589140836
exact,0.01,3,239,0.19590256146528046,1.4229471994563658,0.06747911713964869,0.005227162479059831,0.9245376728110014,0.0027560475702901343
exact,0.01,3,240,0.06605347314125369,1.422664521512572,0.06606861924248009,0.005599202898063266,0.9256211520263001,0.002711025833156476
exact,0.01,3,241,0.03240107140906211,1.4225856143271478,0.06483038950700229,0.005745251696482609,0.9266339650188582,0.002790393777656866
exact,0.01,3,242,0.06307490776392989,1.422604500355354,0.0657388214949807,0.006686130428554111,0.9252532514509788,0.0023217966254862697
exact,0.01,3,243,0.15279999717599918,1.4213449756155785,0.06468231127186437,0.006229487474985468,0.9268313335419673,0.0022568677111828367
exact,0.01,3,244,0.024788752398955893,1.421300783295994,0.06397200359349668,0.006377174342703993,0.9273724444680048,0.002278377595794548
exact,0.01,3,245,0.34298419119682677,1.42836601522934,0.05299225594581003,0.0064577625519753115,0.9348029546705495,0.005747026831665126
exact,0.01,3,246,0.026961656231484,1.4282849607086725,0.05289942047263471,0.006569744642952914,0.9348386216594115,0.0056922132250009135
exact,0.01,3,247,0.12614603603224478,1.4252421596367124,0.052194105109082484,0.0060985266405982124,0.9366490675442655,0.0050583007060538915
exact,0.01,3,248,0.06031850654057912,1.4253904855821278,0.0549053810401499,0.006250186713991765,0.9341457340764252,0.004698698169433134
exact,0.01,3,249,0.1879326961952581,1.4256383476850103,0.06016953483474968,0.011519021122504903,0.9262163848135448,0.0020950592292005576
exact,0.01,3,250,0.03206299802982926,1.4256442973737429,0.060339829376078416,0.011346731169224668,0.9261728077735065,0.0021406316811904435
exact,0.01,3,251,0.08228686418953521,1.424986826218397,0.0568372095011764,0.011392082125739608,0.9293949428026926,0.0023757655703912817
exact,0.01,3,252,0.0973475194079576,1.4238975386264394,0.05054905339976709,0.010786111876981443,0.935579206650698,0.003085628072553387
exact,0.01,3,253,0.1523738711599971,1.4230658649964143,0.04655126089147113,0.0075555699498858165,0.9413157482136973,0.0045774209449458165
exact,0.01,3,254,0.08461150523097083,1.4226131902766446,0.0455632029379343,0.009401170924585808,0.9411687646862181,0.0038668614512617928
exact,0.01,3,255,0.06712240822614501,1.4229185234294592,0.049852248140008694,0.008939391834954296,0.9376218468300008,0.0035865131950362063
exact,0.01,3,256,0.23039018554905866,1.4406471151255074,0.06596617956828155,0.019206385146951478,0.9119468446912018,0.002880590593565197
exact,0.01,3,257,0.003443752885066153,1.4406482978665764,0.06597030177498986,0.01922459591491186,0.9119316241033799,0.002873478206718336
exact,0.01,3,258,0.09995300615702153,1.4402364542941064,0.06435066972495108,0.02113318944972225,0.9122843339283525,0.0022318068969741935
exact,0.01,3,259,0.06311224792064252,1.4404390303548653,0.06572370877563849,0.01898034875359235,0.9123599576936031,0.002935984777166012
exact,0.01,3,260,0.26810719173926856,1.4449407768667963,0.06729612355682495,0.019870874723299577,0.9091018791321924,0.003731122587683046
exact,0.01,3,261,0.3054594841972191,1.4402698156133058,0.07777909316214245,0.014573898231684559,0.9046287624744035,0.0030182461317694487
exact,0.01,3,262,0.06313633640310835,1.4398532104362438,0.07447881812413644,0.013739433819688313,0.9081458940577188,0.0036358539984563997
exact,0.01,3,263,0.15031367109686158,1.437188885613467,0.07507460603892976,0.014026498513993292,0.9082392830228649,0.0026596124242120843
exact,0.01,3,264,0.31194086319134673,1.4379631131078958,0.07433301295701215,0.013967302082420292,0.9086926987635876,0.0030069861969799494
exact,0.01,3,265,0.2108049682717843,1.4324588561477238,0.06584866628395998,0.011128985975132824,0.9194810638307485,0.0035412839101588347
exact,0.01,3,266,0.07674783009660023,1.4322509802325312,0.06881917330008559,0.012293968498041307,0.9162310367948806,0.0026558214069925313
exact,0.01,3,267,0.18404274489282788,1.4310762133931354,0.06728004701683024,0.012336413083514434,0.9178954010800172,0.002488138819638176
exact,0.01,3,268,0.31023726239061516,1.43745196646255,0.071537599036208,0.004471078027335915,0.9171627995926459,0.0068285233438100355
exact,0.01,3,269,0.17204460825432477,1.4395766305800695,0.07224095573144086,0.0071996175777854846,0.9142290192435906,0.006330407447183107
exact,0.01,3,270,0.10413979570825634,1.4392241396067613,0.07066261786317764,0.006052236913499509,0.916420431374385,0.0068647138489377965
exact,0.01,3,271,0.19626936407900314,1.4360901534974078,0.0571389473330121,0.010768894605373934,0.9262224713804456,0.005869686681168395
exact,0.01,3,272,0.12099679037369526,1.4357028599621122,0.049755673701551296,0.011705544614900145,0.9321978714195127,0.00634091026403588
exact,0.01,3,273,0.06650250122961497,1.4350985021581482,0.04671090193748821,0.0124425619513654,0.9345771301316919,0.006269405979454523
exact,0.01,3,274,0.3268771684367084,1.4296381360608368,0.05289827634298623,0.015949030741431794,0.9286278157666504,0.0025248771489316795
exact,0.01,3,275,0.30248384701042025,1.4473755779538466,0.05192800131592511,0.007034259564956486,0.9297324631120729,0.011305276007045558
exact,0.01,3,276,0.08314763536329271,1.44877404405432,0.049308928073949654,0.009463004061573143,0.9300976153414262,0.01113045252305102
exact,0.01,3,277,0.23372638548556424,1.4589735085689974,0.06231547897770305,0.022947244086718388,0.9073764405622259,0.007360836373352766
exact,0.01,3,278,0.3374099449560575,1.4526387740376552,0.06179690522715735,0.013679102433516265,0.9154469515747852,0.009077040764541215
exact,0.01,3,279,0.27825306623177565,1.44750004450541,0.06720438034271355,0.009279347342193833,0.9149813258388337,0.008534946476258838
exact,0.01,3,280,0.26684851463040005,1.438552904544581,0.07309926512647438,0.009038498402581339,0.9126455389955778,0.005216697475366467
exact,0.01,3,281,0.24978732524198577,1.4372747364483516,0.06585494141473362,0.009670001755566607,0.9189501509102384,0.005524905919461428
exact,0.01,3,282,0.10142805665330101,1.4354996011943293,0.05821614480868122,0.009614312410649263,0.9261733642068809,0.005996178573788684
exact,0.01,3,283,0.001668771394572388,1.4354994248403987,0.05817411909267619,0.009601631490825104,0.9262179275910356,0.006006321825463164
exact,0.01,3,284,0.076031861382418,1.4356735364408855,0.056386893336646746,0.011233365969166463,0.9267143796566701,0.005665361037516616
exact,0.01,3,285,0.08159334396482026,1.4355842709732085,0.06008985479634307,0.012081044297989117,0.9229860761629639,0.004843024742703961
exact,0.01,3,286,0.1656141058151223,1.4348287388628957,0.07009178688468498,0.010584245356037908,0.9154153677485413,0.003908600010735881
exact,0.01,3,287,0.18431229137764024,1.4311638680209466,0.07063680250527263,0.010477402168983397,0.9160938354651871,0.0027919598605570042
exact,0.01,3,288,0.014844944067685134,1.43115982957155,0.07002188981088947,0.01028485976513911,0.9167504310182983,0.002942819405673074
exact,0.01,3,289,0.04431196007315111,1.430805125047782,0.06916308213393046,0.010275112395314267,0.9176105459247402,0.002951259546015132
exact,0.01,3,290,0.09073047774337771,1.4293649764053977,0.07060147818883696,0.008738845017201024,0.9177352192441329,0.002924457549829099
exact,0.01,3,291,0.06686491680026284,1.4297048525040974,0.06820183891040449,0.010617678063527819,0.918563044823512,0.002617438202555736
exact,0.01,3,292,0.02269957050873804,1.4297856207750486,0.06855836012232495,0.00979544531283626,0.9187374570759047,0.0029087374889341087
exact,0.01,3,293,0.04558263426626516,1.4298188243323002,0.07010878131072608,0.009193987529364463,0.9177482370250513,0.0029489941348582603
exact,0.01,3,294,0.12402378590009869,1.4306487107659287,0.07911703774509485,0.00853328821801604,0.9100576507474695,0.002292023289419675
exact,0.01,3,295,0.11506160467677162,1.4302634811101378,0.08132365964479643,0.0059915953920308745,0.9098226059058853,0.002862139057287405
exact,0.01,3,296,0.4302250813146242,1.4469177402823739,0.07442642529212845,0.009598247827698015,0.9086600214653316,0.007315305414841962
exact,0.01,3,297,0.35752149369882247,1.4406392968674502,0.060484690106630865,0.01320764563702423,0.9204438578831394,0.005863806373205464
exact,0.01,3,298,0.10398856087832914,1.441369275261243,0.05990527647700244,0.012354581383216167,0.9212609134052714,0.006479228734510065
exact,0.01,3,299,0.11668204387122572,1.4389332640029033,0.05832005069912687,0.011107366097010343,0.9241389000785963,0.0064336831252664916
exact,0.01,4,0,2.1178555039972657,2.7929114289223063,0.25413402205328306,0.07387521448681716,0.31662169480310753,0.3553690686567923
exact,0.01,4,1,0.4071120838222078,2.7337386435363995,0.289355837118166,0.06573645890516375,0.3085841583988658,0.3363235455778044
exact,0.01,4,2,1.035543189322388,2.4323746642874626,0.35784995635694095,0.1417911829252032,0.29119960200632006,0.2091592587115358
exact,0.01,4,3,0.7633330482014328,2.1972009127511143,0.34654509027917774,0.12352556467626098,0.3811420554344396,0.14878728961012183
exact,0.01,4,4,0.3868455172185309,2.1726328440155775,0.373902040150213,0.168864261030593,0.3370178630068925,0.12021583581230161
exact,0.01,4,5,0.08893367152041642,2.1708453158314036,0.35602059258580626,0.17048284712570558,0.3519382711431747,0.1215582891453135
exact,0.01,4,6,0.7792096180979075,2.120029046136192,0.5160577913443464,0.13973301154760118,0.24823425548312428,0.09597494162492817
exact,0.01,4,7,0.2608968979169113,2.1129873161150026,0.4621982309560046,0.15245550524699478,0.2887078476508152,0.09663841614618543
exact,0.01,4,8,0.19381758435755128,2.113952678024202,0.47156447408797086,0.15380408091629466,0.2795612445112306,0.09507020048450392
exact,0.01,4,9,0.18740930544767664,2.105909063022809,0.475222785236337,0.15196003093196095,0.27991220983881904,0.09290497399288308
exact,0.01,4,10,0.0701623118789291,2.104564707319425,0.4764975632881357,0.14873629203871008,0.2811860767847128,0.09358006788844145
exact,0.01,4,11,1.01733053233799,1.9756795546238646,0.5014923380405689,0.15570039489202764,0.29333676132358716,0.04947050574381644
exact,0.01,4,12,0.1326677864421555,1.9732710980009898,0.5110783354229407,0.14026693614355243,0.29526728387688916,0.053387444556617945
exact,0.01,4,13,0.1115508095499429,1.9699712016918314,0.5213835103034579,0.13738887984937292,0.289162040315274,0.05206556953189522
exact,0.01,4,14,0.1620798575886879,1.9653997330925428,0.5377927931150961,0.1376835085842318,0.2762596896081726,0.04826400869249956
exact,0.01,4,15,0.41589234867537506,1.975236309153863,0.5440477401394307,0.14404623319160534,0.2641184526238942,0.04778757404506972
exact,0.01,4,16,0.1958132232259973,1.9673475067154687,0.5339548498025191,0.14574058700735393,0.27404694609914304,0.04625761709098408
exact,0.01,4,17,0.9592833302941178,1.9925282582440198,0.46251658857564415,0.20591683633258426,0.291123449717998,0.04044312537377366
exact,0.01,4,18,0.5326450346628148,1.9478267391632478,0.4944038320722898,0.19475353821640512,0.28372375970178954,0.027118870009515617
exact,0.01,4,19,0.23305512008965187,1.9362638457328374,0.47615426862748056,0.18201887981341064,0.3105629681359957,0.031263883423113044
exact,0.01,4,20,0.15331079744007098,1.9307991630131613,0.4624969863864499,0.18808748872810913,0.320182264723257,0.02923326016218401
exact,0.01,4,21,0.44769501406429385,1.9400669817615317,0.4350472955321018,0.21690096471709477,0.32341843965552497,0.024633300095278414
exact,0.01,4,22,0.2274650155854646,1.9277829395878352,0.4053085685927629,0.22305050387830982,0.34882991436905564,0.022811013159871763
exact,0.01,4,23,0.1208883557801777,1.9249524707272654,0.40173653535975723,0.21888343011195427,0.35528083392705,0.02409920060123829
exact,0.01,4,24,0.5383601515015618,1.882828153757137,0.42661708711396856,0.19394781063810956,0.36153167723781804,0.01790342501010388
exact,0.01,4,25,0.20619175714714227,1.8747072587829154,0.4289390953353421,0.18514006017520074,0.36731354353884665,0.018607300950610486
exact,0.01,4,26,0.1473890628885144,1.8722280839498169,0.4203410025412375,0.19518169397976182,0.3692916425399293,0.015185660939071352
exact,0.01,4,27,0.10053820499692279,1.8720640226279908,0.4273896345196385,0.1867332883654612,0.368448570341219,0.017428506773681404
exact,0.01,4,28,0.4932944710351312,1.8687226357891868,0.4198128014007152,0.1892441238418798,0.37440988271917314,0.016533192038231868
exact,0.01,4,29,0.19820667231047975,1.863535061058751,0.40625170661044896,0.1805575732746506,0.39291632235497953,0.02027439775992092
exact,0.01,4,30,0.06399290999741293,1.8627632493050281,0.4021846792557111,0.17652890830028606,0.3991090293981181,0.022177383045884652
exact,0.01,4,31,0.18170420227337333,1.8546232657342498,0.40158971378409086,0.16702336336983484,0.407838640432986,0.02354828241308828
exact,0.01,4,32,0.32930589946161604,1.8379736951198438,0.38526519282885974,0.15192056632488943,0.4360488837277186,0.026765357118532247
exact,0.01,4,33,0.1637353135018943,1.8313446021104067,0.37181848078486307,0.16022756074462494,0.4444912634591423,0.023462695011369605
exact,0.01,4,34,0.19474383285763844,1.8386282163085859,0.3844590238707023,0.15759534162744296,0.4330720169839109,0.02487361751794389
exact,0.01,4,35,0.05992005895832264,1.8379430126954226,0.3845844087716744,0.161899978911212,0.4305278385955953,0.02298777372151817
exact,0.01,4,36,0.10718413442004472,1.8358804483414721,0.3900863816645599,0.1552268364531196,0.4304874326543925,0.024199349227928067
exact,0.01,4,37,0.252903093183825,1.8322023580343998,0.3845466523092245,0.14855040289246163,0.4404336745705981,0.0264692702277158
exact,0.01,4,38,0.4974673874325436,1.7929990954015287,0.38120786951513835,0.11987796033695093,0.4724491612924395,0.026465008855471216
exact,0.01,4,39,0.008807280059590028,1.792988130671238,0.38071642132937367,0.12030335052865514,0.47261475720424634,0.02636547093772491
exact,0.01,4,40,0.1488693121576246,1.790193515127764,0.39083730627708424,0.1094984547705362,0.4713510210215873,0.028313217930792223
exact,0.01,4,41,0.394989879179537,1.7715699043806958,0.3573401558246874,0.10945762785439576,0.5057395588496371,0.02746265747127985
exact,0.01,4,42,0.14159486599192306,1.768256297440403,0.358028437317885,0.10822173454544096,0.506882113855481,0.026867714281193035
exact,0.01,4,43,0.4544068692354581,1.7423871417331986,0.3778933317295783,0.0941956862247644,0.5059975585715643,0.021913423474093016
exact,0.01,4,44,0.06055139123281705,1.7423345955974603,0.37600616349812144,0.09852502590561923,0.5049800382682532,0.020488772328005993
exact,0.01,4,45,0.26473242928941604,1.7404651391999442,0.35747642252390743,0.12421534481784906,0.5057309830893507,0.012577249568892728
exact,0.01,4,46,0.2454348474699624,1.7290088419608314,0.3610177677812565,0.11111653718140921,0.5140993752510704,0.013766319786264015
exact,0.01,4,47,0.21588266118632018,1.7241961750658708,0.3759616135791725,0.10193634389477521,0.5082714611844812,0.01383058134157122
exact,0.01,4,48,0.3917629695494267,1.7119756649052877,0.38249977175519384,0.09255396192203307,0.5120031631966877,0.01294310312608533
exact,0.01,4,49,0.05253385464259791,1.7116523014412426,0.3840109021786789,0.0917151808322463,0.5113111904320509,0.012962726557023874
exact,0.01,4,50,0.16236379749575036,1.7042033761031878,0.35574153978286266,0.097854477052355,0.5341164092818714,0.012287573882910876
exact,0.01,4,51,0.3289130331905493,1.6898628780149192,0.33260516351973274,0.09090568180890607,0.5625903844599275,0.013898770211433749
exact,0.01,4,52,0.11187345973836246,1.6885725408223082,0.3212489679768084,0.09233174518658624,0.5719020068474305,0.014517279989174743
exact,0.01,4,53,0.4343181650284539,1.6641180056220037,0.3410741185742673,0.0717860604596233,0.5746381687596668,0.012501652206442703
exact,0.01,4,54,0.17885969358290169,1.6654471445099257,0.32650201346874,0.05671919468150747,0.5961079678007399,0.02067082404901247
exact,0.01,4,55,0.09515296345425979,1.6643615059284909,0.32325477553847676,0.06178756239136233,0.5961133360511502,0.018844326019010767
exact,0.01,4,56,0.0714917482879468,1.6643389942433495,0.3202125291278886,0.06151630586705455,0.5989158904738981,0.01935527453115861
exact,0.01,4,57,0.016648024892171237,1.6643203148399741,0.3205848235896379,0.061175516005518946,0.5988095318285954,0.019430128576247617
exact,0.01,4,58,0.4673000232097025,1.6384051170711522,0.2793610801905168,0.0697445063498355,0.6368329609226274,0.014061452537020326
exact,0.01,4,59,0.11484892466016916,1.638232317352845,0.28192816758723804,0.06955203786230266,0.6347814982206157,0.013738296329843747
exact,0.01,4,60,0.04949821559259168,1.6380627063624107,0.2780237802451309,0.06793179057888094,0.6392078684600082,0.014836560715979961
exact,0.01,4,61,0.10490187936749992,1.6387672020709,0.27361034863111244,0.06628628581106144,0.6438326187203538,0.01627074683747235
exact,0.01,4,62,0.40326300002832155,1.6229857996239927,0.2743563800521855,0.07032053919583008,0.645365156403617,0.009957924348367482
exact,0.01,4,63,0.15864081535100605,1.620907267231588,0.2607746377914236,0.06604937004744539,0.6603675778174594,0.012808414343671724
exact,0.01,4,64,0.5299992862876739,1.5805504079947512,0.20156111717315967,0.03534887652992883,0.7425656321779,0.02052437411901156
exact,0.01,4,65,0.18391503064001455,1.5777211168790868,0.1784149145566331,0.0424393187691583,0.7591163852005085,0.020029381473700043
exact,0.01,4,66,0.018775747380095964,1.5776671836837095,0.17914261562930067,0.04177468952034753,0.7589109010707487,0.020171793779603178
exact,0.01,4,67,0.10212068090376565,1.5766085020009055,0.17627563930570342,0.04160265229668048,0.7618200012774365,0.02030170712017964
exact,0.01,4,68,0.3016734255091652,1.56229158942704,0.18612219658754772,0.030752010017631528,0.7642095273507917,0.01891626604402887
exact,0.01,4,69,0.10477248149280527,1.560900359135761,0.18342827340075107,0.03411498225879644,0.7648831198822754,0.01757362445817713
exact,0.01,4,70,0.13765507251686737,1.5582576590759265,0.18321567829376026,0.0359488048713587,0.7647173160713223,0.016118200763558795
exact,0.01,4,71,0.14328719443830687,1.555344108111422,0.18456806508295595,0.03395183023933724,0.7656389478578165,0.0158411568198903
exact,0.01,4,72,0.13926401325158094,1.560427153379213,0.17557481212649056,0.03275145615199644,0.772685580699917,0.018988151021595814
exact,0.01,4,73,0.05656255196260282,1.5599241071809127,0.1730200387051249,0.03197943606749382,0.775530445403989,0.019470079823392165
exact,0.01,4,74,0.3459150806611161,1.5728461475669069,0.14237406152408522,0.04358152467992089,0.7911659844165049,0.022878429379489085
exact,0.01,4,75,0.5469143816287448,1.5644655949733426,0.18061524690931988,0.031465534972851344,0.7679070744701109,0.020012143647717872
exact,0.01,4,76,0.06985875944668542,1.5647387890327116,0.1778163758249576,0.03285038420620217,0.7694013172838313,0.019931922685008912
exact,0.01,4,77,0.1555371593645205,1.5688246932483978,0.19613654964542254,0.03521569212142882,0.7508255049371562,0.01782225329599247
exact,0.01,4,78,0.23435620175888905,1.5667604086229783,0.18910049655389374,0.041350452431526456,0.7537556228539785,0.015793428160601353
exact,0.01,4,79,0.046830360487351536,1.5668594514428007,0.19175581844577969,0.04279020807381246,0.7505324417450389,0.01492153173536901
exact,0.01,4,80,0.23591658213232555,1.5739347461264133,0.17616925262951919,0.04814529708365958,0.7586638138043427,0.01702163648247836
exact,0.01,4,81,0.01785923723897688,1.5739282101355787,0.1745331332774332,0.04792178576125824,0.7602244859695788,0.01732059499172986
exact,0.01,4,82,0.13770621285583096,1.5720234107881794,0.16613267102663326,0.05035679601558421,0.7665805085362369,0.016930024421545554
exact,0.01,4,83,0.24483640999702178,1.5666156012128838,0.1587859661721173,0.04959864193464301,0.7750316294146338,0.01658376247860573
exact,0.01,4,84,0.016012989697067326,1.566580301683661,0.1584110891755223,0.04957643332724101,0.775381490800725,0.01663098669651171
exact,0.01,4,85,0.1365942281091475,1.564167371013474,0.16655603893500762,0.04700395163157482,0.7706087492587105,0.015831260174707183
exact,0.01,4,86,0.11894308820966042,1.563291935741604,0.17348573210332374,0.046475880289622684,0.7651752643518782,0.014863123255175317
exact,0.01,4,87,0.10467725588883425,1.562165621803259,0.17968632073384494,0.047285472880817934,0.7596243733862285,0.013403832999108679
exact,0.01,4,88,0.251121740238624,1.5658262298646881,0.1976548775065094,0.05288035399971332,0.7394902848394369,0.009974483654340364
exact,0.01,4,89,0.26353956714236626,1.5631126625225187,0.18774688125022262,0.04465577767881849,0.7539695187719708,0.013627822298988117
exact,0.01,4,90,0.09686598470770963,1.5654018816109978,0.1912014390194819,0.045171906818759995,0.7499746142547492,0.013652039907008895
exact,0.01,4,91,0.03889081545321188,1.565062778930652,0.18664333620303977,0.04588454719463417,0.7535916889413304,0.013880427660995587
exact,0.01,4,92,0.2692802161216079,1.5614755593337433,0.18988827074351095,0.044496023264908105,0.7526938158075727,0.012921890184008352
exact,0.01,4,93,0.2573624811827718,1.556666470857004,0.1851761193629575,0.04882618090180665,0.7555346011642521,0.010463098570983658
exact,0.01,4,94,0.04418457630295691,1.556610529619947,0.18585592536427903,0.04710063978599879,0.7560262505232349,0.011017184326487375
exact,0.01,4,95,0.10442261297343611,1.5553041657389326,0.17773174887609164,0.05112848770701797,0.7609800480677774,0.010159715349112778
exact,0.01,4,96,0.08119738197114759,1.5552522424333417,0.1760009480077971,0.04894097226232603,0.7638489069325478,0.011209172797328939
exact,0.01,4,97,0.41209612110118476,1.5334085588438475,0.14046338263155775,0.04674538279051502,0.8025520227330489,0.010239211844878332
exact,0.01,4,98,0.0781736316672704,1.532350153804124,0.14081017128685808,0.04484295078079326,0.8037393751560249,0.010607502776323802
exact,0.01,4,99,0.06401620714890974,1.5323126389646138,0.14139080528123987,0.04484915290537444,0.8032418413799383,0.010518200433447545
exact,0.01,4,100,0.3833635424697274,1.543391692809782,0.1433532768614961,0.04087237726458278,0.8007112382416341,0.01506310763228682
exact,0.01,4,101,0.3182988100249773,1.5255225781900426,0.14854658323794848,0.03684670401281023,0.8039768090835454,0.010629903665695908
exact,0.01,4,102,0.1543980783327964,1.5220274885890537,0.13285468464261374,0.03944566104341165,0.8170504022836469,0.01064925203032779
exact,0.01,4,103,0.03189111510353336,1.521992711593516,0.13178332234816756,0.03933492751590236,0.8180609401556425,0.010820809980287704
exact,0.01,4,104,0.24283698702072698,1.5202601946430203,0.1276726411489686,0.052831340916743005,0.813809856413788,0.005686161520500491
exact,0.01,4,105,0.009465589684336015,1.5202451637530492,0.12713030775820572,0.052856946514506356,0.8142701846383896,0.005742561088898448
exact,0.01,4,106,0.30609994775606,1.5206454704724324,0.11214905468894229,0.05968375599219066,0.8229666831607508,0.005200506158116213
exact,0.01,4,107,0.1335721235915166,1.5233884142599334,0.10949509141499661,0.05612909773206827,0.8266592961496824,0.007716514703252766
exact,0.01,4,108,0.10339108345528594,1.5223046522263426,0.10333472865137924,0.055765014494997774,0.8325665629313159,0.008333693922306878
exact,0.01,4,109,0.39286975019686526,1.559464852377161,0.11934818637269903,0.04801605221836616,0.8124115915115963,0.020224169897338523
exact,0.01,4,110,0.5216556095581165,1.5574476781397655,0.14576305016510807,0.02454814895157236,0.8045426622547412,0.02514613862857841
exact,0.01,4,111,0.3218766831897607,1.5422617448924303,0.1471075765495395,0.022151926967224986,0.8093528065111727,0.021387689972062942
exact,0.01,4,112,0.11466730284260153,1.5409053262115266,0.14775553447208542,0.02495676673153078,0.807457133237638,0.019830565558745676
exact,0.01,4,113,0.007578431801217866,1.540900198259393,0.1482239600590003,0.024973672900952714,0.8070409591417882,0.01976140789825882
exact,0.01,4,114,0.3770104747298969,1.5580740787853582,0.12165063482941019,0.0354558646947523,0.8185835219555379,0.024309978520299563
exact,0.01,4,115,0.7996328650478229,1.645719199636821,0.13921157634707107,0.03554579087532599,0.7773082963203606,0.047934336457242266
exact,0.01,4,116,0.09947125631372737,1.6447996499156396,0.13840303849213378,0.0396558310002845,0.7757435947909971,0.04619753571658471
exact,0.01,4,117,0.3430302006611502,1.6321323006169262,0.1717172361115401,0.07281128092283488,0.7300862228850205,0.02538526008060459
exact,0.01,4,118,0.11136260034175613,1.632656922030783,0.17281962412450297,0.07334809472041263,0.7286430021217009,0.025189279033383513
exact,0.01,4,119,0.12103954449851849,1.6325894779754735,0.18925669388240543,0.06329789390054219,0.7205976159402472,0.02684779627680522
exact,0.01,4,120,0.15994255067681706,1.6284096572910989,0.19951122812671174,0.053525632911521535,0.7189662848973378,0.027996854064428933
exact,0.01,4,121,0.18647449142702277,1.627204275769108,0.17034909189112424,0.0539704389797081,0.7443576870743376,0.03132278205482998
exact,0.01,4,122,0.21385666197469178,1.6143270948011397,0.15189855202975505,0.05257573406434887,0.765054127694142,0.03047158621175409
exact,0.01,4,123,0.0028933384103923127,1.6143252663551406,0.15182449518731211,0.05262890487915012,0.7650861778938223,0.030460422039715537
exact,0.01,4,124,0.04582167109455744,1.6139502908857921,0.1511025594260971,0.05337492735386864,0.7653637317739477,0.03015878144608661
exact,0.01,4,125,0.3912680634167825,1.6087938644233102,0.14962685299947498,0.0435860090198763,0.7742176221839704,0.032569515796678467
exact,0.01,4,126,0.2955247280856182,1.5988054240181075,0.12747120137596235,0.050626158063548816,0.7920840697618946,0.029818570798594235
exact,0.01,4,127,0.47599120363106096,1.5627684234119414,0.15511272637224197,0.025266443518281764,0.7943957338792503,0.025225096230226063
exact,0.01,4,128,0.36667396805565744,1.5843727109032406,0.1431996509931758,0.038089995951771885,0.7904284399659519,0.028281913089100223
exact,0.01,4,129,0.27596137763274026,1.5763424247783224,0.16408080326974211,0.04612364408093542,0.7696982771802691,0.02009727546905333
exact,0.01,4,130,0.1360586966714017,1.573723408976981,0.16386636455233133,0.04713994923749956,0.7700322257466767,0.01896146046349244
exact,0.01,4,131,0.5730808993016229,1.5782333963653559,0.1823873333570292,0.024528195005306234,0.7665790554596995,0.026505416177964883
exact,0.01,4,132,0.26019557160667617,1.572967454892823,0.18461420010572457,0.024242786176935285,0.7663803413263726,0.024762672390967674
exact,0.01,4,133,0.22391496387230703,1.5687657503866206,0.18583975274035522,0.025005527943161965,0.766088563367908,0.023066155948574904
exact,0.01,4,134,0.4283603472728892,1.5399372330901988,0.18413434970936932,0.03065898224022377,0.7726107395804935,0.01259592846991337
exact,0.01,4,135,0.2182332388419622,1.538743323897761,0.18985039233239961,0.033963968429076605,0.7659594389743029,0.010226200264220922
exact,0.01,4,136,0.10102646970148399,1.5375260139342586,0.1888827352391825,0.03328344735026183,0.7675803053389476,0.010253512071608104
exact,0.01,4,137,0.01868828539761662,1.537582069848472,0.18978583491896647,0.0331956202424172,0.7668338530971868,0.010184691741429662
exact,0.01,4,138,0.08491030657582499,1.536377258988263,0.18578946133024232,0.03345978936667125,0.7704973432089273,0.010253406094159213
exact,0.01,4,139,0.3498946150241622,1.5270882286957927,0.18553266516287514,0.04809963739463463,0.7644298914806761,0.0019378059618139797
exact,0.01,4,140,0.02142276196760662,1.5270142638636401,0.18405684992665158,0.0487205365101504,0.7653498514588405,0.0018727621043576057
exact,0.01,4,141,0.14392493847129767,1.525548171623279,0.17519597291989034,0.04826787098208169,0.7737581915653757,0.002777964532652183
exact,0.01,4,142,0.3177812639030147,1.5104823813986559,0.17224262397289483,0.03676899251495876,0.7878870916847204,0.003101291827426174
exact,0.01,4,143,0.09149951497179623,1.5095693830348547,0.17035829961277732,0.03620726395767019,0.7901415746324151,0.0032928617971374327
exact,0.01,4,144,0.08701785038468302,1.5084710410496467,0.1675826932997213,0.03656020248243038,0.7926603926235237,0.0031967115943247046
exact,0.01,4,145,0.22386372449409547,1.5081794810776596,0.172892042547091,0.03531344882013497,0.7889041873400798,0.0028903212926941826
exact,0.01,4,146,0.169814791097514,1.5060903322523584,0.16175703271799297,0.03572271438614502,0.7989452680801441,0.0035749848157179864
exact,0.01,4,147,0.25319257411240853,1.5055211666432622,0.1498019221137175,0.035278950136267806,0.8097794904256013,0.005139637324413522
exact,0.01,4,148,0.539422495016107,1.6155140177312044,0.13271911446067336,0.040809526188951256,0.7886396480980977,0.037831711252277696
exact,0.01,4,149,0.4561383996000012,1.6131383298450759,0.175297354551936,0.06568505179570461,0.7369939525984255,0.022023641053933875
exact,0.01,4,150,0.4017403866564667,1.6430526767364766,0.19448985036528949,0.0782984528278254,0.7037125019016648,0.023499194905220337
exact,0.01,4,151,0.329901803706662,1.6254845150543542,0.19259978017882082,0.08254434451534218,0.7079301200166235,0.01692575528921358
exact,0.01,4,152,0.3595082500412067,1.606269535731139,0.21399653489873566,0.06687942254231878,0.7047145533616296,0.014409489197315998
exact,0.01,4,153,0.27163119877732456,1.6023406459409248,0.23652907665908646,0.056185992913135835,0.6929385447765792,0.01434638565119857
exact,0.01,4,154,0.14202093617108327,1.597099770884027,0.21506567946414815,0.055996953764106815,0.7132114110748365,0.015725955696908583
exact,0.01,4,155,0.12184986561761985,1.5956676250436723,0.22307802608680208,0.05650945772464961,0.7063716237304566,0.014040892458091809
exact,0.01,4,156,0.11684579969101386,1.5937699455523187,0.22054099934076662,0.05892620408439313,0.7076418967248274,0.01289089985001296
exact,0.01,4,157,0.03895323178292051,1.5936021254036357,0.2200192255548376,0.06066619509006309,0.7070707928999226,0.012243786455176856
exact,0.01,4,158,0.03400340212565686,1.5934445930822079,0.22044159153584153,0.059743827068203234,0.707320047036227,0.012494534359728327
exact,0.01,4,159,0.29560123130014265,1.572747159319001,0.20172207716652182,0.04909163217020881,0.7362512963806278,0.01293499428264172
exact,0.01,4,160,0.4260018742093902,1.5663405205063248,0.16968607467785385,0.05383771052515922,0.7630274067092889,0.013448808087697975
exact,0.01,4,161,0.4802838216127464,1.597827689129183,0.15464601424030813,0.03652348331216828,0.7774652241150801,0.03136527833244347
exact,0.01,4,162,0.5509590632253492,1.5700661988246862,0.13805981395904596,0.05408078526692047,0.7892539569857615,0.018605443788272127
exact,0.01,4,163,0.38328169315768873,1.5474481373345996,0.08626686798153228,0.06037625861097772,0.8371238753559929,0.016232998051497118
exact,0.01,4,164,0.09093585103288895,1.5461844016046913,0.0860287342497726,0.05951235318790465,0.8382395574230078,0.01621935513931502
exact,0.01,4,165,0.39390112810901934,1.5322381143125594,0.13664163133053275,0.02776468183746681,0.8179524888626847,0.01764119796931572
exact,0.01,4,166,0.13591585755538646,1.5298678264252923,0.1352326886399586,0.0293062736582406,0.8189269543949281,0.016534083306872636
exact,0.01,4,167,0.07846172340895627,1.529902078366394,0.13631259334247464,0.02929175184381417,0.8179865897945094,0.01640906501920179
exact,0.01,4,168,0.5961311512125,1.5037996217796998,0.11402602487721046,0.029726870141699734,0.8448419621268922,0.011405142854197666
exact,0.01,4,169,0.23831755524322099,1.4990367088939631,0.10930977382600528,0.03334690752861919,0.8481200489171898,0.009223269728185674
exact,0.01,4,170,0.3583224185375755,1.5086815170302486,0.10918138654865744,0.04481297148866211,0.8382840263125901,0.007721615650090376
exact,0.01,4,171,0.043662965481491886,1.5084681508088131,0.10988173466866985,0.04465139701418241,0.8378376056850717,0.007629262632076084
exact,0.01,4,172,0.0006659782545881399,1.5084681523313304,0.10992498303070733,0.044648519567989584,0.8378017440542468,0.00762475334705631
exact,0.01,4,173,0.3562578637969871,1.5206693259645814,0.11396800811893561,0.037375484912077594,0.8351634345177638,0.01349307245122311
exact,0.01,4,174,0.12431852485660144,1.519955191297007,0.11805282464401784,0.04387776157479222,0.8278012011652087,0.010268212615981244
exact,0.01,4,175,0.2015881155084287,1.5204739262819509,0.11428383741152214,0.05092065964599022,0.8265743186117905,0.008221184330697039
exact,0.01,4,176,0.15214290180816156,1.5190229054203859,0.10410574824142091,0.05289849216558677,0.8346394333206385,0.008356326272353866
exact,0.01,4,177,0.3672187633019281,1.4961408351803693,0.10145832236718427,0.04271677887981529,0.8500196802409892,0.005805218512011121
exact,0.01,4,178,0.30914169949641135,1.4989529812935878,0.10383203789374269,0.048262169826433235,0.8436915904491809,0.004214201830643203
exact,0.01,4,179,0.0956761672084383,1.5005047757780048,0.10165137017877823,0.04524904939473111,0.8469924955149186,0.006107084911572043
exact,0.01,4,180,0.32022482751745684,1.491805341937614,0.10217784498015288,0.0380808919534232,0.8535449103720152,0.0061963526944087905
exact,0.01,4,181,0.08933400354539996,1.4929154540648792,0.08911512463884072,0.04350699424014531,0.8612352539883653,0.006142627132648632
exact,0.01,4,182,0.16280196722791412,1.491791608387216,0.08947368479830493,0.04351718043576111,0.8612498797983095,0.005759254967624575
exact,0.01,4,183,0.08166092233788672,1.4910474664947675,0.08590810442313496,0.046166060596040406,0.8629380687632645,0.004987766217560045
exact,0.01,4,184,0.24168448399480624,1.4863223287660603,0.10013044508460922,0.037511177566674284,0.8573053184478097,0.0050530589009068864
exact,0.01,4,185,0.11286995334963457,1.4861330814937421,0.11229076974580868,0.03940259282972074,0.8456058420495891,0.002700795374881519
exact,0.01,4,186,0.05822290864014373,1.4864516536493226,0.10828959378410759,0.03790612423348443,0.8499194051610073,0.0038848768214007207
exact,0.01,4,187,0.35563868761754275,1.4796400459712438,0.09839614811909855,0.02911208897184831,0.8659916209053456,0.006500142003707516
exact,0.01,4,188,0.10820271274829098,1.4799326832980622,0.09420696627894797,0.03321571107938276,0.8670147114625983,0.005562611179070984
exact,0.01,4,189,0.3711431607544391,1.4801800873822268,0.05812366702723775,0.036998591275944626,0.8960432936409407,0.008834448055876952
exact,0.01,4,190,0.06225324606913993,1.4801152362990584,0.0572800108486397,0.036889852990990395,0.8968653592392845,0.008964776921085464
exact,0.01,4,191,0.388815633249791,1.4745233287954,0.05744750395169969,0.036207270832598726,0.8988004680129525,0.007544757202749055
exact,0.01,4,192,0.37409354724595784,1.4923238918637383,0.05565195173577163,0.030918737600389042,0.8983588588722369,0.015070451791602435
exact,0.01,4,193,0.14761853991193286,1.492235521959709,0.06492357510646822,0.02733366082721759,0.892520880960532,0.015221883105782295
exact,0.01,4,194,0.09167290090471293,1.4908047885783775,0.06138340488849511,0.026400667914286826,0.8966088796479681,0.015607047549250012
exact,0.01,4,195,0.14320432581969475,1.4887982189268962,0.06474457758302071,0.02552955108409463,0.8948130404127147,0.014912830920169979
exact,0.01,4,196,0.3750497441810824,1.4775027615426732,0.059426892351202854,0.028801724825718966,0.9007740697451879,0.01099731307789031
exact,0.01,4,197,0.15441384847091572,1.4773323051426908,0.049969203195193775,0.028652911845153842,0.9091639627220833,0.012213922237568921
exact,0.01,4,198,0.041998341285251456,1.4771635707193358,0.05011901084705796,0.02757050979651936,0.9097534407184175,0.01255703863800523
exact,0.01,4,199,0.2865459622376099,1.4851833864649646,0.06006360416910168,0.038191988797612784,0.8921295766472378,0.00961483038604772
exact,0.01,4,200,0.011622199923046514,1.485172378663272,0.0602167083551794,0.0382836494426377,0.8919426579185966,0.009556984283586362
exact,0.01,4,201,0.07566765052477942,1.4846686944037106,0.05396338481853994,0.039634765804587795,0.8967079218234287,0.00969392755344357
exact,0.01,4,202,0.17151110610199416,1.4818202866532144,0.04754726501707127,0.047931286917490094,0.8980144811908852,0.006506966874553512
exact,0.01,4,203,0.3105056993691907,1.4737130857042586,0.07587685106036222,0.02579748080586274,0.8894183204673685,0.008907347666406584
exact,0.01,4,204,0.09046337621287869,1.472864649647875,0.0699553899877232,0.024180394155486673,0.8958318573411588,0.010032358515631364
exact,0.01,4,205,0.06311414221948926,1.4720888401637524,0.06993274517262231,0.023946554296484287,0.8962264595231088,0.009894241007784743
exact,0.01,4,206,0.18226008038421782,1.475241495747647,0.06540007121246116,0.03535308711445209,0.8921831051948943,0.007063736478192506
exact,0.01,4,207,0.4689688937569952,1.4948641379502452,0.05310987714968022,0.04000927003390846,0.8941962865769192,0.012684566239492106
exact,0.01,4,208,0.05019284725191753,1.4943832562437613,0.05234613668927053,0.03927865353007164,0.8954569059802823,0.012918303800375642
exact,0.01,4,209,0.5040915163732108,1.4614105770848496,0.03612755855110624,0.028589605094898773,0.9260020055524918,0.009280830801503236
exact,0.01,4,210,0.1729731647199806,1.4614609892735988,0.037681348177305625,0.039593838611934974,0.9178191395621108,0.00490567364864868
exact,0.01,4,211,0.07696607970530067,1.4611472340391707,0.03549725966344209,0.03960965568363526,0.9198079542973636,0.005085130355559014
exact,0.01,4,212,0.14505220026840568,1.4595088634355204,0.038106672436056574,0.036387572695681894,0.920011903825934,0.005493851042327393
exact,0.01,4,213,0.03208987645709592,1.4594115653442763,0.0372464559947369,0.03645532504078145,0.9207493351965543,0.005548883767927277
exact,0.01,4,214,0.1844109355414953,1.453162524071095,0.03701424034759622,0.037923251084775324,0.9218977423727766,0.0031647661948519157
exact,0.01,4,215,0.04268119501244609,1.452949953764049,0.036945750405240514,0.038382605853067485,0.9217362531212152,0.0029353906204767706
exact,0.01,4,216,0.18628676427241925,1.4489313232435839,0.030970786790382204,0.037528691936534256,0.9286710160097915,0.0028295052632920765
exact,0.01,4,217,0.14761525186480046,1.4468155248163939,0.030550707653326604,0.03381888263467206,0.931962281039601,0.003668128672400373
exact,0.01,4,218,0.30862864465610207,1.4447933754361824,0.0328535972608949,0.02169731484589759,0.9380591079952556,0.00738997989795191
exact,0.01,4,219,0.3151637791858164,1.4662104274531478,0.04096377366532476,0.02204388456610086,0.9244113933796371,0.012580948388937335
exact,0.01,4,220,0.3931285700360697,1.4751214935032193,0.046002103000365495,0.0468289112013823,0.90203116492344,0.005137820874812213
exact,0.01,4,221,0.14035709897281262,1.4733990161878234,0.04806458758351176,0.04495894670494599,0.9019004523035321,0.005076013408010188
exact,0.01,4,222,0.00678835019239718,1.4734111291049143,0.04802151953416396,0.04491834450871517,0.9019595372754522,0.005100598681668726
exact,0.01,4,223,0.0010742006303626483,1.473411111650651,0.048069710000184125,0.044934102971915836,0.9019077677767275,0.0050884192511726194
exact,0.01,4,224,0.04617966999890974,1.4731068146720276,0.047733764626347056,0.04531530955999056,0.9020551557216288,0.004895770092033651
exact,0.01,4,225,0.06105077480818838,1.4728033771780533,0.04507550655870601,0.04583401010090232,0.904142516265465,0.00494796707492657
exact,0.01,4,226,0.06568659627759271,1.473006205348047,0.04687243171725032,0.043738642750596676,0.9038116680273687,0.005577257504784425
exact,0.01,4,227,0.3363606610068004,1.4584861123995467,0.052896939918475154,0.03362508063983085,0.9091243145857134,0.0043536648559807
exact,0.01,4,228,0.25800182590412785,1.4610974120974938,0.05484754820831851,0.03153431627269942,0.9079425774655245,0.005675558053457604
exact,0.01,4,229,0.13826220224279204,1.4606568882395994,0.05090169609980835,0.030283571751904454,0.9122886341929005,0.006526097955386813
exact,0.01,4,230,0.23899668540081687,1.4532220856526046,0.044230594684174986,0.032523743826610135,0.9189268194050708,0.004318842084144022
exact,0.01,4,231,0.020127898836981836,1.4532330042722155,0.04476558155647432,0.03229729083920036,0.9185970786445293,0.00434004895979595
exact,0.01,4,232,0.026059287378444304,1.4531513112046022,0.046085411211091026,0.03194569028503172,0.9176876792769662,0.004281219226911132
exact,0.01,4,233,0.024897046488746008,1.4530747693419903,0.0476989231131237,0.030877277691094898,0.9169643583552062,0.004459440840575277
exact,0.01,4,234,0.10595653200352438,1.4530312812765598,0.04660312715250847,0.03156511513480869,0.917507291019304,0.004324466693378757
exact,0.01,4,235,0.16417203413680306,1.4513166240089124,0.046693338074700746,0.034543809358323636,0.9160935825464149,0.0026692700205607316
exact,0.01,4,236,0.07924011768648768,1.4513084137951202,0.04881667953307895,0.033454267042333216,0.9149183682101049,0.0028106852144828146
exact,0.01,4,237,0.12385430018096279,1.449268572183943,0.048742848744810885,0.030957685990811657,0.9171334671551163,0.003165998109261179
exact,0.01,4,238,0.12451974947594141,1.4470452122516078,0.05107012809424585,0.028587913105625255,0.9172303438770769,0.0031116149230520597
exact,0.01,4,239,0.07073447894454514,1.4469182824748816,0.052417263674949505,0.028528760001074724,0.9161296704652603,0.002924305858715456
exact,0.01,4,240,0.05391922934136656,1.4462591385250378,0.05267794621817267,0.028254543785135876,0.9162676623048949,0.0027998476917964867
exact,0.01,4,241,0.051552170081778315,1.4463239698720702,0.053793961660386705,0.027937949034655123,0.9154710765683078,0.0027970127366504275
exact,0.01,4,242,0.05850669301689376,1.4468528464389518,0.05191349179002797,0.029604732620531947,0.9159223812385853,0.0025593943508548417
exact,0.01,4,243,0.27957981396557147,1.458075290335181,0.045879057644207265,0.03217297024983649,0.9162658745438929,0.0056820975620632975
exact,0.01,4,244,0.03740434804261063,1.4579640107460765,0.04604510746851119,0.031063007979051697,0.9168411606629701,0.0060507238894670625
exact,0.01,4,245,0.17880253181379366,1.4588013333642855,0.046689204520875716,0.03228964151992207,0.91527155505595,0.005749598903251999
exact,0.01,4,246,0.018549196292142967,1.4588670744736731,0.04643299821263523,0.03158219717366253,0.9159134514278732,0.006071353185829101
exact,0.01,4,247,0.09471241160155859,1.4577384125428665,0.048340930339377454,0.029846475871830105,0.9156586497215312,0.006153944067261244
exact,0.01,4,248,0.04380179579467125,1.4579213505065018,0.048072146804184736,0.02913267405557044,0.9162807021477396,0.006514476992505134
exact,0.01,4,249,0.04405841274121193,1.4576388384318688,0.0502089572083575,0.028980409107159214,0.914595024856785,0.00621560882769838
exact,0.01,4,250,0.21325498495286865,1.4534578460024574,0.04953165110602952,0.03261710235500199,0.9141751576815854,0.0036760888573830774
exact,0.01,4,251,0.09310762819801645,1.4533216204145731,0.04780989210826672,0.03529482838156351,0.9140598827573785,0.0028353967527913328
exact,0.01,4,252,0.1164518590453767,1.4528533890849178,0.05681522689965373,0.031089024420315192,0.9089483190120523,0.0031474296679786904
exact,0.01,4,253,0.08469432721045002,1.452976240270942,0.06007454216729357,0.03010709915582097,0.9066775926679611,0.003140766008924365
exact,0.01,4,254,0.08362436604364137,1.4529688655831952,0.057311885815479094,0.03212126280642216,0.90784206801255,0.0027247833655489094
exact,0.01,4,255,0.0867901913352315,1.4527839856615772,0.06014288936689631,0.031801319638977865,0.9056264285007324,0.0024293624933933566
exact,0.01,4,256,0.00040053995401359566,1.4527839560684959,0.06014378674175384,0.03180049133199374,0.9056261674920647,0.0024295544341876546
exact,0.01,4,257,0.08554733299479977,1.451825431186474,0.0578037397572169,0.03177638434907404,0.9079658955755672,0.002453980318141778
exact,0.01,4,258,0.022089532376901616,1.451893451575396,0.05747086339696512,0.03248775700999137,0.9077956875250118,0.002245692068031499
exact,0.01,4,259,0.011660371731401732,1.4519046805590212,0.057643105204345256,0.03239606865625964,0.9076989113422315,0.0022619147971637363
exact,0.01,4,260,0.16609191566113068,1.4496746269694356,0.0573578333196821,0.02961098187808378,0.9103332005737588,0.002697984228475319
exact,0.01,4,261,0.3007295601560639,1.4386687409299952,0.06291837176649004,0.02351037917809237,0.9125266693535324,0.0010445797018852532
exact,0.01,4,262,0.07573030414765149,1.43786257550224,0.06356884397068197,0.021684189060609493,0.9133293099065228,0.0014176570621857432
exact,0.01,4,263,0.11388918699804017,1.4375763589340882,0.05908982923287341,0.02119113738888029,0.9176253531736075,0.00209368020463894
exact,0.01,4,264,0.07644069512213747,1.4369391388241592,0.06302121380754021,0.019483054902751828,0.9154437032763854,0.0020520280133226364
exact,0.01,4,265,0.0005553017584247755,1.4369393770283025,0.06301821773305315,0.019481835144759502,0.9154470004408203,0.002052946681367165
exact,0.01,4,266,0.027083694470402264,1.4370772324865033,0.06355664135461221,0.01897097798642197,0.9152529051532577,0.0022194755057081583
exact,0.01,4,267,0.07247245812313116,1.4370646560696767,0.06258037704087047,0.018509824746243325,0.9163934962397496,0.0025163019731365673
exact,0.01,4,268,0.1747449310134685,1.4359819168049872,0.07016120266021317,0.016063483235676492,0.9116195664189559,0.0021557476851542723
exact,0.01,4,269,0.003943842308684026,1.4359810558454569,0.07002763290364389,0.016117091741300056,0.9117030803709996,0.0021521949840564996
exact,0.01,4,270,0.1917060773460394,1.4368721876685715,0.07108693470940983,0.015412439375457634,0.9109514452465207,0.0025491806686118454
exact,0.01,4,271,0.1733401223596509,1.4372651791612603,0.0693350509562888,0.010706096175532937,0.9152767429822667,0.004682109885911632
exact,0.01,4,272,0.07561320464442964,1.4371814482342837,0.06171010490819935,0.010721246871416389,0.9219412712861756,0.00562737693420857
exact,0.01,4,273,0.09027123869926493,1.4370222502972598,0.06473292579103329,0.008325884484364143,0.9208360633752767,0.006105126349325888
exact,0.01,4,274,0.20615640160850882,1.4521791832386977,0.05857796267064251,0.014114439719502977,0.918120873959059,0.009186723650795637
exact,0.01,4,275,0.1448741143937049,1.4500690787301147,0.07376330467688254,0.00998860215215713,0.908061408057259,0.008186685113701329
exact,0.01,4,276,0.21067414186740407,1.4547068982216327,0.07264044128419285,0.010624214707351313,0.9072707261533526,0.009464617855103363
exact,0.01,4,277,0.055953345938530304,1.4544460737178733,0.07488074435779753,0.010875585174239649,0.9052394747885598,0.009004195679402983
exact,0.01,4,278,0.025558101434825523,1.4544017290477955,0.07352365266784541,0.010918360812145946,0.9064091559276019,0.009148830592406799
exact,0.01,4,279,0.06518676558064485,1.454162855312868,0.07083247672108707,0.011984273604270367,0.908166041296843,0.009017208377799436
exact,0.01,4,280,0.3139107753098275,1.4525789627973522,0.07869996605811759,0.012855497931033896,0.9012383259929874,0.0072062100178612075
exact,0.01,4,281,0.28062906301755236,1.4498335314999717,0.07237310212437374,0.015556935065060137,0.9058950927694048,0.006174870041161263
exact,0.01,4,282,0.4243344848714964,1.45905768540355,0.05094826429799849,0.018173502368611368,0.9202205917655877,0.01065764156780249
exact,0.01,4,283,0.2278681512918679,1.4529654012479103,0.06370960931291804,0.01137679914579586,0.9151080047825686,0.009805586758717602
exact,0.01,4,284,0.08553244932683057,1.452221281021436,0.06340032835018984,0.01099513410004319,0.9158348717332253,0.009769665816541496
exact,0.01,4,285,0.08709664479583487,1.4511996574707224,0.06836990865780669,0.01021696746032854,0.9122866745405792,0.009126449341285616
exact,0.01,4,286,0.15859826312662637,1.4484250146293312,0.06694519428830659,0.007735164905026735,0.9158893255680094,0.009430315238657394
exact,0.01,4,287,0.13172316482072963,1.4453070748784802,0.06987102831651679,0.007893999949893891,0.9141649337956947,0.008070037937894436
exact,0.01,4,288,0.23120309118531743,1.449099270801055,0.07634948527695036,0.011764247108520304,0.9049951072010656,0.006891160413463768
exact,0.01,4,289,0.03937075252831215,1.4491872775284038,0.07516695640965743,0.0123483340797471,0.9056381172740691,0.006846592236526392
exact,0.01,4,290,0.1476396489817861,1.446969845902828,0.08859674230932506,0.010231920019177894,0.8959017711618027,0.005269566509694319
exact,0.01,4,291,0.2681750373572495,1.4448989780740562,0.07947077007427983,0.009408390548117138,0.9049793913352164,0.006141448042386578
exact,0.01,4,292,0.02764710400624927,1.4448418066268949,0.07964430364007348,0.008977159632461068,0.9051121419172281,0.006266394810237338
exact,0.01,4,293,0.2084742059551819,1.4417989087135357,0.07870863227700323,0.005777687210678055,0.9088119823205193,0.0067016981917994
exact,0.01,4,294,0.16016393289185246,1.4407266445123554,0.06915936736962561,0.007801526734934118,0.916201800667455,0.006837305227985253
exact,0.01,4,295,0.21796549292385003,1.437129394285936,0.06372926402646663,0.007776938464264797,0.9220195705740201,0.006474226935248438
exact,0.01,4,296,0.09528163443778936,1.4362775299189852,0.06888448582337543,0.007478533029136124,0.9179617239197212,0.0056752572277673
exact,0.01,4,297,0.2276699819245076,1.4280533567573304,0.06725290664808602,0.005838776899033215,0.9228407040246582,0.00406761242822252
exact,0.01,4,298,0.08878059225403355,1.426601612687686,0.06538095202956185,0.006285904944557098,0.9246270221836516,0.003706120842229547
exact,0.01,4,299,0.11134023929407157,1.424580669176993,0.06093980891175815,0.006978727077001721,0.9286709547047725,0.0034105093064677513
noisy,0.01,0,0,0.03022807993692922,3.106739579504542,0.19701717516506245,0.1774867843679278,0.2105379813488255,0.4149580591181843
noisy,0.01,0,1,0.5906767061678672,2.930345465161556,0.20083913147899185,0.20550108776692927,0.24160770788773617,0.35205207286634277
noisy,0.01,0,2,0.9848997418885119,2.3665096926082043,0.2639569076188633,0.22834717751935635,0.33836174190841606,0.16933417295336436
noisy,0.01,0,3,1.368817764450796,2.0800357288391926,0.3481417738955339,0.23927799381258266,0.34331415311595703,0.06926607917592646
noisy,0.01,0,4,0.176885399036113,2.052593383919681,0.3535906275145238,0.2246968473501353,0.35560540574835947,0.0661071193869815
noisy,0.01,0,5,0.39682378165889776,2.092413941211312,0.31122888496454854,0.25856785429347356,0.35966931105665617,0.07053394968532178
noisy,0.01,0,6,0.1296685651759606,2.111111639544227,0.30671164790580363,0.24858297332614757,0.36416533079885666,0.08054004796919216
noisy,0.01,0,7,0.28339691215660534,2.085197927388979,0.28079549850049873,0.27833989630336875,0.37593628487070574,0.06492832032542684
noisy,0.01,0,8,0.890646858199035,2.038734692575752,0.3293263603271321,0.2591267733554552,0.35952688434685554,0.052019981970557225
noisy,0.01,0,9,0.07410154776880407,2.033471461177385,0.32842477999088043,0.2589050680928533,0.36198658924034566,0.050683562675920495
noisy,0.01,0,10,0.056770817609503865,2.0359830268565235,0.33033620938398817,0.25764078318292116,0.3603743947483998,0.05164861268469092
noisy,0.01,0,11,0.7254872144549118,1.9433351017800098,0.3344468135856752,0.25738212664538207,0.38425082046435977,0.023920239304582952
noisy,0.01,0,12,0.07208741642535202,1.948650231305945,0.33429368809657956,0.2577332379641058,0.38260384285567306,0.025369231083641586
noisy,0.01,0,13,0.6435869040433317,1.9512224578615516,0.3009977291213315,0.24773829780189102,0.416646452007204,0.034617521069573526
noisy,0.01,0,14,0.016518013551830163,1.9516014484692414,0.300814882649983,0.2469204402431178,0.4171926104976938,0.035072066609205504
noisy,0.01,0,15,0.35560275544412434,1.9634578129809632,0.28371044874578244,0.27486877690688155,0.41136726864313955,0.03005350570419643
noisy,0.01,0,16,0.807185588113492,1.9146247102296297,0.41644458242862353,0.163320209341593,0.3796671293014675,0.04056807892831582
noisy,0.01,0,17,0.15011485049035045,1.9097115622910243,0.4364107651510222,0.17039922952087877,0.3596131153593905,0.03357688996870848
noisy,0.01,0,18,0.14850815094542114,1.903272262742081,0.4396240891082239,0.16803563056507892,0.36019258182014197,0.032147698506555245
noisy,0.01,0,19,0.2602759186411337,1.9723529214491375,0.42757871973051287,0.15836923614599113,0.356145561458538,0.05790648266495804
noisy,0.01,0,20,0.9319004163262433,2.0153256909398007,0.44116951184695385,0.13264426815793898,0.34758976884073517,0.07859645115437186
noisy,0.01,0,21,0.6698622725089092,2.068059715445806,0.4789378925072981,0.11092739486653486,0.3129678048503892,0.09716690777577779
noisy,0.01,0,22,0.10381262202280897,2.0756443782003093,0.47711767884474243,0.10258430585151529,0.3174169622329269,0.10288105307081541
noisy,0.01,0,23,0.5426539336913276,2.1814281024325695,0.402213055437745,0.13464335060592617,0.3310524113487683,0.13209118260756053
noisy,0.01,0,24,0.4168103983392868,2.1388016013662767,0.4066055124341185,0.17097143912246549,0.317542903162209,0.10488014528120695
noisy,0.01,0,25,0.3619752693339251,2.0989385120654074,0.4066692613864186,0.21344604683413476,0.30321725030540025,0.07666744147404637
noisy,0.01,0,26,0.2906910437741317,2.0834775573538575,0.4042240474714327,0.21564131993075647,0.3085186681002642,0.07161596449754666
noisy,0.01,0,27,0.7555091287940742,1.9801248540569303,0.4852653646605554,0.1049119382011349,0.33705906302469185,0.0727636341136178
noisy,0.01,0,28,0.1361774143297286,1.9821985841954115,0.4813116646208768,0.11033234621613305,0.33652119638908856,0.07183479277390158
noisy,0.01,0,29,0.00706897763302905,1.9844268884963074,0.480503196461429,0.11070049256101044,0.3363347453353685,0.07246156564219197
noisy,0.01,0,30,0.41689077473710867,1.9521614565442402,0.5161578010866341,0.10587128130893275,0.3181786881000743,0.05979222950435884
noisy,0.01,0,31,0.5115265695494564,2.0088387533393144,0.5552800097560023,0.10440993789661254,0.26888865758577374,0.07142139476161148
noisy,0.01,0,32,0.8264594841748523,2.0228091073260357,0.5291988643564323,0.1518959407498679,0.25806904915322965,0.06083614574047027
noisy,0.01,0,33,0.2689932652283471,2.011446701214203,0.49119660129402004,0.15573397104077918,0.2916394070952881,0.0614300205699127
noisy,0.01,0,34,0.7038150723092329,1.9678597211708635,0.45984914377871494,0.1379216746644379,0.3422613647915476,0.05996781676529953
noisy,0.01,0,35,0.5503857165458648,1.9775027456239744,0.4071364357975548,0.15044770658860368,0.3770610147968001,0.0653548428170414
noisy,0.01,0,36,1.0422796600032573,1.9786736154365636,0.3839761989934895,0.15130363279695552,0.3961204122179762,0.06859975599157882
noisy,0.01,0,37,0.34510499535826966,1.9670736432921696,0.3714141952472552,0.1219418940696538,0.4283569886691201,0.0782869220139709
noisy,0.01,0,38,0.37049517949344474,1.9977227319839197,0.35440792269894383,0.1254429627486994,0.43184066592858983,0.08830844862376701
noisy,0.01,0,39,0.14083868946181968,1.9670758704664908,0.3630279959278979,0.1120307122025972,0.44166477862940834,0.08327651324009659
noisy,0.01,0,40,0.07987376226810503,1.9614504901948797,0.36766723149084896,0.10667505005416197,0.44261150903587165,0.08304620941911736
noisy,0.01,0,41,0.36497539095580467,1.9938673438571668,0.34805223441165795,0.11975857364378065,0.44194151446788293,0.09024767747667856
noisy,0.01,0,42,0.8713987708906679,1.8496117874149989,0.43325397044958713,0.10562159309874203,0.41971319144732255,0.0414112450043484
noisy,0.01,0,43,0.02804801496677331,1.8528367611858352,0.43402929240359117,0.10460246369283702,0.41872215662748935,0.04264608727608245
noisy,0.01,0,44,0.37744356249459193,1.865463656170582,0.40819097081656835,0.0952234100625901,0.4429982461914158,0.053587372929425746
noisy,0.01,0,45,0.6283301866496948,1.8455756862736625,0.35417190610979693,0.12454171936986581,0.4773964808398508,0.043889893680486486
noisy,0.01,0,46,0.4143156852805991,1.8011474975076678,0.363361695553746,0.11089026453409032,0.49094802258657166,0.034800017325592014
noisy,0.01,0,47,0.053835062426514924,1.8041092010981616,0.3616865521269522,0.11459626185736926,0.48924348338787726,0.034473702627801306
noisy,0.01,0,48,0.2007941585616185,1.794015032785662,0.3818752927169975,0.11679979156091425,0.4734641499298148,0.027860765792273475
noisy,0.01,0,49,0.20417963323415833,1.8182882260573638,0.37412886435976384,0.1125279586529575,0.47560954430067826,0.037733632686600384
noisy,0.01,0,50,0.09615894430317057,1.8242244803734369,0.38364024519180934,0.11374570810565716,0.46491690972993394,0.037697136972599576
noisy,0.01,0,51,0.43032205186318856,1.7568638291506875,0.4029442009816769,0.08730673841733524,0.4843731506883895,0.02537590991259847
noisy,0.01,0,52,0.20218607591232285,1.779008979915223,0.3736986944723439,0.10695110562528681,0.49098116029311717,0.028369039609252154
noisy,0.01,0,53,1.2058507851907052,2.0065787944905313,0.41232217996287596,0.2107609168054441,0.3271411873809208,0.04977571585075913
noisy,0.01,0,54,0.12237191258464009,2.0057185630072487,0.39958667444370244,0.22191470777090322,0.33152335389913035,0.04697526388626387
noisy,0.01,0,55,0.5311462132958684,1.9881273718700263,0.412047949650172,0.22357570657146247,0.324969466459729,0.039406877318636645
noisy,0.01,0,56,0.46589177299756196,1.9510166252978611,0.4142396477622535,0.17139566910208964,0.36591260389229036,0.048452079243366475
noisy,0.01,0,57,0.7257980271824588,2.0401598108735977,0.31561257749724664,0.20343524769777654,0.40498051845235117,0.0759716563526256
noisy,0.01,0,58,0.3233653912320733,2.0698718773266847,0.2830745770707882,0.22066379170616046,0.4137462075516151,0.08251542367143634
noisy,0.01,0,59,0.24652474996400997,2.0433601010154625,0.30095139747876276,0.1867692215605365,0.4268867165955866,0.08539266436511411
noisy,0.01,0,60,0.48934768332401296,2.114628678530445,0.2756421476695381,0.2329176978292237,0.39949211939214996,0.0919480351090883
noisy,0.01,0,61,0.6485953376395592,2.0996971865388336,0.35967525432424685,0.24399609780548767,0.3247291994583614,0.07159944841190402
noisy,0.01,0,62,1.1122712944052182,2.0253845507708075,0.2600266301055406,0.19588165692725035,0.4619076295491543,0.08218408341805473
noisy,0.01,0,63,1.1032984381308804,1.9036647588113333,0.35737288476630763,0.05344673394966031,0.5012205899037211,0.08795979138031094
noisy,0.01,0,64,0.09169734548777339,1.9058365920183948,0.35878824273011445,0.05625040596124982,0.4976349225710474,0.08732642873758839
noisy,0.01,0,65,0.28627806698204333,1.9221836311565168,0.32553649628775827,0.07951535701378401,0.5071954132155574,0.0877527334829003
noisy,0.01,0,66,0.10299207776552163,1.9287297087841855,0.33046847304046056,0.08417286550061566,0.4981467900759211,0.08721187138300274
noisy,0.01,0,67,0.4784629277419309,1.9617122391714286,0.33285727892758443,0.08968738825937106,0.4829821971650416,0.09447313564800294
noisy,0.01,0,68,0.7121601127437316,1.9830838083275573,0.29970678206732265,0.07319977036360693,0.5154422601527499,0.11165118741632066
noisy,0.01,0,69,0.38048071856610377,1.9597723681539667,0.3077404019716658,0.07277426726794704,0.5156327928216607,0.1038525379387265
noisy,0.01,0,70,0.5629483267548433,1.982420827559632,0.27833682804564097,0.1146259572731621,0.5086179144220166,0.09841930025918023
noisy,0.01,0,71,0.1644955108640726,1.9984269497467217,0.2849772169029157,0.11814057566745587,0.49600904054618045,0.10087316688344794
noisy,0.01,0,72,0.5606361910467957,1.9856678164153563,0.3046639983655159,0.11006513216560485,0.48773199148277113,0.09753887798610808
noisy,0.01,0,73,0.2738353606546358,1.9804041910656833,0.2914301461836652,0.1470503220022479,0.47799103495712725,0.08352849685695958
noisy,0.01,0,74,0.4650763147510598,1.9664150422201796,0.2687706902529144,0.1375593157028008,0.5075058862835732,0.08616410776071176
noisy,0.01,0,75,0.5076833262573917,2.0158325613589705,0.19820309266604627,0.16429048753402287,0.5375426605024591,0.09996375929747181
noisy,0.01,0,76,1.1918821458821152,2.11134313734679,0.10203435194404833,0.26748828579340184,0.5293862125234758,0.10109114973907402
noisy,0.01,0,77,0.7140574884251645,2.0422526283866187,0.12601446330434699,0.18566311226751847,0.5791547078522298,0.1091677165759048
noisy,0.01,0,78,0.34655010508140904,2.026435805100409,0.15469098814355647,0.16350954047523586,0.5725744569056808,0.10922501447552693
noisy,0.01,0,79,0.024329622450753874,2.0264600164396187,0.15407046348224246,0.1628090964802139,0.5735354353741025,0.10958500466344123
noisy,0.01,0,80,0.19156154344091902,2.0202342445426487,0.1544355978159572,0.1678306111433048,0.5719685607569804,0.1057652302837575
noisy,0.01,0,81,0.5226446120068491,2.0743337934253336,0.18416077663620875,0.14052541701955673,0.5470637247437742,0.12825008160046025
noisy,0.01,0,82,0.6196054574102127,2.117458292681405,0.1998530760561247,0.16782536388638997,0.5040132105138111,0.12830834954367437
noisy,0.01,0,83,0.520170970645264,2.0201742869496826,0.20007550585993,0.1378399929570999,0.5508951554302938,0.11118934575267628
noisy,0.01,0,84,0.03843194857473156,2.0245910511018117,0.2017306351872623,0.13831615160213273,0.5478685317415259,0.11208468146907906
noisy,0.01,0,85,0.7720214735600177,2.055232722534317,0.25463899341054425,0.22267104194334772,0.441361213171528,0.08132875147458005
noisy,0.01,0,86,0.12042156950338173,2.0568902804855043,0.2608411276156404,0.23046675300106217,0.43074753092904183,0.0779445884542555
noisy,0.01,0,87,0.5490500935702514,2.0820842396994244,0.295697578820611,0.1690003887139104,0.4309162582424055,0.10438577422307305
noisy,0.01,0,88,0.6261734040454054,1.9968702389755002,0.2836153779474163,0.1335683829512606,0.488166134680878,0.09465010442044507
noisy,0.01,0,89,0.7880067374208011,2.0572040280661144,0.1990912161873355,0.14559057044599463,0.5360735981888912,0.11924461517777857
noisy,0.01,0,90,0.4545166399329936,2.031790181060228,0.27281630026577053,0.14548211519113194,0.47989393642072575,0.10180764812237175
noisy,0.01,0,91,0.5043904707417823,2.040938481506086,0.18989929089597612,0.20189643667944615,0.5142499300715538,0.09395434235302395
noisy,0.01,0,92,0.2866618299740414,2.038003487862745,0.20424977147983103,0.20888007462547586,0.49841961282525604,0.08845054106943703
noisy,0.01,0,93,1.2088992390199493,1.9826285602824891,0.36242044077939106,0.1687432749784943,0.40282847529786175,0.06600780894425293
noisy,0.01,0,94,0.20035177085082628,1.9697413746979118,0.36135559610466744,0.16860882166297614,0.4076198147019343,0.062415767530422085
noisy,0.01,0,95,0.6770928236655926,1.9681091727847047,0.3326493767697842,0.18082088109040176,0.4253494155756834,0.06118032656413077
noisy,0.01,0,96,0.2873652859707398,1.9929700303432256,0.29893651133219185,0.22109671471006234,0.42243196180207865,0.05753481215566715
noisy,0.01,0,97,0.19466032611672077,1.9844459193318147,0.28508971998334975,0.23673205131644995,0.42731553029588365,0.050862698404316724
noisy,0.01,0,98,0.33074066136032687,1.9103217136964283,0.30620784652644073,0.22419252800566686,0.43860169967374435,0.030997925794148194
noisy,0.01,0,99,0.03407798381522767,1.9104498044082368,0.3064831140425559,0.2218160366020332,0.43978103159084986,0.031919817764561056
noisy,0.01,0,100,0.7290717462310508,1.9206711595976624,0.25585927002478537,0.14602804375976738,0.5269403475796104,0.07117233863583683
noisy,0.01,0,101,0.5481674648472179,1.8946416638528367,0.24394735912737084,0.10181901191790475,0.572090661876242,0.08214296707848238
noisy,0.01,0,102,0.3678691860986838,1.8991727186531482,0.2415425817407515,0.09227619296215464,0.578707639763692,0.08747358553340191
noisy,0.01,0,103,0.06884977215667837,1.894113297004139,0.24493884625141207,0.08862874361333115,0.5795064233333441,0.08692598680191263
noisy,0.01,0,104,0.5300910883816019,1.8970635294292093,0.25113064675725655,0.09533923150699988,0.569150123544761,0.08437999819098255
noisy,0.01,0,105,0.14304762292885792,1.8886761038445503,0.25094377720825883,0.09510031071876045,0.5719320317837884,0.08202388028919237
noisy,0.01,0,106,0.1960091124055907,1.9197692514557292,0.2515600510470709,0.10402548531498057,0.5567401288194782,0.08767433481847034
noisy,0.01,0,107,0.025377051497343928,1.9205648782264173,0.255670206995147,0.10379414290060503,0.5530937450098398,0.08744190509440813
noisy,0.01,0,108,0.3582231781911105,1.9664972351254957,0.26920935188959716,0.11178368550318277,0.5229414248220595,0.09606553778516062
noisy,0.01,0,109,0.8740435054060037,1.8152733333853637,0.28970509833384034,0.1260865293547603,0.5410181278696913,0.04319024444170815
noisy,0.01,0,110,0.4300614125677445,1.8414900548657065,0.27690393237118127,0.12236679206326467,0.5466334308749625,0.05409584469059152
noisy,0.01,0,111,0.2317974232137214,1.8353016369879924,0.30856284066967454,0.10175518999793616,0.5337780445418759,0.0559039247905132
noisy,0.01,0,112,0.4026196434861085,1.8408258736148035,0.28021154034300544,0.12938265435075322,0.5396598162389672,0.05074598906727415
noisy,0.01,0,113,0.10320526600116516,1.8317792757817428,0.28747414919783143,0.12179189210141664,0.5407167997231771,0.050017158977574826
noisy,0.01,0,114,0.18405027058907159,1.8202397017134857,0.2815185132886407,0.10399179822121518,0.5602093335231997,0.0542803549669444
noisy,0.01,0,115,0.6519607038935642,1.9480706073130887,0.32293123863177653,0.15377342072305936,0.45620794651553953,0.0670873941296246
noisy,0.01,0,116,0.44129137659910833,2.0024647920582526,0.3026268500709315,0.13684654552781048,0.468095861468955,0.09243074293230308
noisy,0.01,0,117,0.19355690578231938,1.997870231141206,0.2972294532091911,0.1369766867325919,0.47402649270968766,0.09176736734852939
noisy,0.01,0,118,0.3308704430819454,2.035966394674807,0.32997421059676285,0.1472906288416173,0.42824160700772484,0.09449355355389487
noisy,0.01,0,119,0.5792556350934318,1.955018637946954,0.35317474766538937,0.16466055522324463,0.42141872218959286,0.060745974921773145
noisy,0.01,0,120,0.6476732942392083,1.91476288413994,0.3618187958589941,0.1849116500364979,0.41341597197182794,0.03985358213268006
noisy,0.01,0,121,0.06305570283438547,1.9084770962139097,0.355766944768313,0.18039789677379522,0.42324375810273657,0.04059140035515533
noisy,0.01,0,122,0.47010957525344566,1.8754293480337587,0.3378218562662451,0.1798823233369842,0.4487558572463025,0.03353996315046811
noisy,0.01,0,123,0.04245589324273066,1.8747401653347502,0.3300051472798077,0.1840057536223659,0.4531711662053148,0.03281793289251165
noisy,0.01,0,124,0.48392224300187087,1.822618566499842,0.35656051349133705,0.12287135953829775,0.48312723850047673,0.03744088846988847
noisy,0.01,0,125,0.27855244022793707,1.807486524135157,0.38074946037486745,0.11110642417717712,0.4739597785440502,0.034184336903905335
noisy,0.01,0,126,0.6266799892182462,1.7940638989872424,0.2797347464812413,0.1164861587541222,0.5617902073364794,0.041988887428156985
noisy,0.01,0,127,0.18059927673311965,1.817373845070523,0.27372794487933994,0.12114407895635507,0.5572426468251198,0.04788532933918537
noisy,0.01,0,128,0.7573473695083481,1.8253847228555815,0.28897928338601775,0.15600069765332786,0.5202933634422776,0.034726655518376795
noisy,0.01,0,129,0.3606154043227423,1.8574984042977425,0.29174598556074605,0.16531935653664367,0.502718462541868,0.040216195360742224
noisy,0.01,0,130,0.14347107469802722,1.8722760020104772,0.293974108353586,0.16512580246850903,0.4965579208584176,0.044342168319487237
noisy,0.01,0,131,0.5973540772101853,1.8533590861069584,0.2776202880539691,0.17437677362034545,0.510580757999115,0.03742218032657061
noisy,0.01,0,132,0.21239533997141188,1.8666819708080347,0.27827071916610424,0.19475760754875604,0.4935947923574319,0.033376880927707686
noisy,0.01,0,133,1.034736412169877,1.9328469693365564,0.28040210527525017,0.22133321989913693,0.45597903464353673,0.04228564018207619
noisy,0.01,0,134,0.09394687513122335,1.9403662976461922,0.27871934434623563,0.22577361908375396,0.4524979888827837,0.04300904768722664
noisy,0.01,0,135,0.1188243362121355,1.9404705847181247,0.28950423360160027,0.23094917841249585,0.4399943811739331,0.03955220681197089
noisy,0.01,0,136,0.0991598372347724,1.9356188377583383,0.2961968044864357,0.21918134838480968,0.4428526993884921,0.0417691477402623
noisy,0.01,0,137,0.08010257862042397,1.9370595922965388,0.2986335408513241,0.21419328922104805,0.44338026442736156,0.04379290550026628
noisy,0.01,0,138,0.6466171410866022,1.9693219838204117,0.1995288333856824,0.29765502672706157,0.46839172740212287,0.03442441248513331
noisy,0.01,0,139,0.14197751780738344,1.991886140632037,0.19494187740417498,0.2914843798953688,0.46948047454847674,0.044093268151979406
noisy,0.01,0,140,0.6512244193581829,2.011399079310454,0.27196461276586714,0.165126060928022,0.47457712325331675,0.0883322030527941
noisy,0.01,0,141,0.6595971717033582,2.0218511949345035,0.29458866876356604,0.15163655228656808,0.4602480208119049,0.09352675813796102
noisy,0.01,0,142,0.17804579320363098,2.033964839283962,0.29099308858433376,0.15072451247165625,0.46034494261247694,0.09793745633153306
noisy,0.01,0,143,1.33401673246408,2.1446886800122034,0.2372458492782095,0.2746939195030799,0.39822858958110735,0.08983164163760333
noisy,0.01,0,144,0.12432867003371831,2.1403245327096423,0.24196824016550086,0.2771009393346979,0.39396596774544185,0.0869648527543594
noisy,0.01,0,145,0.5461246806080393,2.005009237344315,0.2737774195469054,0.248853572680505,0.42360545830275287,0.053763549469836754
noisy,0.01,0,146,0.265752081759274,2.0184838851219133,0.2635272763395767,0.2680119728147952,0.41676789733079267,0.05169285351483552
noisy,0.01,0,147,0.33055717294337833,2.0314962082704926,0.2778569586450797,0.23052360956228907,0.4235042634926798,0.0681151682999514
noisy,0.01,0,148,0.09446098067564287,2.028995469739273,0.2718327957667481,0.22441388480943023,0.433177249649544,0.07057606977427776
noisy,0.01,0,149,0.37221400829730916,2.0638153083856134,0.29838414069326286,0.19567805614672068,0.41762441698681474,0.08831338617320167
noisy,0.01,0,150,1.2756779832416238,1.9059258316168064,0.41443040136368764,0.08735195116021523,0.43054909653997026,0.06766855093612692
noisy,0.01,0,151,0.7840203671366908,1.8397749542058877,0.30903434191510937,0.10399051799104064,0.5306778260326958,0.05629731406115433
noisy,0.01,0,152,0.3720410152454871,1.8481229623701345,0.3220930907045872,0.11621011343323664,0.5094340022474088,0.05226279361476745
noisy,0.01,0,153,0.32718041288899363,1.8242157508333843,0.3239052456460431,0.12205833673270966,0.5113247140330005,0.042711703588246705
noisy,0.01,0,154,0.2541406863019802,1.8242732197591045,0.35363780366206415,0.0989140007918993,0.49987449416695784,0.04757370137907879
noisy,0.01,0,155,0.4662784922984464,1.8124628046153322,0.37611028675123137,0.07371861779176456,0.4994640011728734,0.05070709428413077
noisy,0.01,0,156,0.5750692907022348,1.7572340613747726,0.4339078733001021,0.06626897982212833,0.47052593627159034,0.029297210606179104
noisy,0.01,0,157,0.22851827571866717,1.730650182390972,0.4042956182318312,0.07291527494297917,0.49978065439971553,0.0230084524254742
noisy,0.01,0,158,0.35781044029863307,1.716977082687337,0.38934496608452307,0.06447779424653864,0.5218869175099771,0.024290322158961174
noisy,0.01,0,159,0.6284127171966247,1.7666244404137634,0.38980912828928976,0.07125220634385201,0.5026821965618845,0.036256468804973845
noisy,0.01,0,160,0.4877258224296373,1.798618009109596,0.3783529974503244,0.09625680115585836,0.4877587744520103,0.03763142694180703
noisy,0.01,0,161,0.15037887764628938,1.7865291712126676,0.39284936633716666,0.08854552083095137,0.4835662761469396,0.03503883668494229
noisy,0.01,0,162,0.22677523572928854,1.7507008413247922,0.37581959352074934,0.0841819729932179,0.5114883336378045,0.028510099848228075
noisy,0.01,0,163,0.553527429758108,1.6984908323786494,0.35401187559892006,0.09125419365298278,0.5413514142197845,0.013382516528312679
noisy,0.01,0,164,0.047358612471724786,1.702449726167156,0.35603648991989995,0.0920520014232965,0.5379459019785461,0.013965606678257511
noisy,0.01,0,165,0.6373795269755651,1.7524895410742836,0.38258199025085216,0.11046659728576992,0.48898305418739785,0.017968358275980048
noisy,0.01,0,166,0.8164520317222923,1.8387112785269046,0.35991429722624707,0.09829533090659963,0.490587166808408,0.05120320505874534
noisy,0.01,0,167,0.3815365850459784,1.9074603987729843,0.38214420208687605,0.0956313427583512,0.4528144304500811,0.06941002470469151
noisy,0.01,0,168,0.43476223875768594,1.904472587159193,0.3700903763843272,0.12490543943729182,0.44610605700242506,0.05889812717595598
noisy,0.01,0,169,0.48386998404748843,1.961065828140597,0.34721850262898324,0.1645633796293321,0.4248301713478233,0.06338794639386142
noisy,0.01,0,170,0.5274261157610384,1.934736266796524,0.3114806095601134,0.17899108098695993,0.4545478815265635,0.0549804279263632
noisy,0.01,0,171,0.25720917677972466,1.9225731704993434,0.31551213055384975,0.18623814915074066,0.45021158942734807,0.04803813086806149
noisy,0.01,0,172,0.21935325610684228,1.9153139662253682,0.3205123509248358,0.17811068058471208,0.45301808457819936,0.04835888391225272
noisy,0.01,0,173,0.8260838780552149,2.0833810784612665,0.34971912036223607,0.1015102461428137,0.4253771170532852,0.12339351644166499
noisy,0.01,0,174,0.26838540576863923,2.0568098972654854,0.34756706659445,0.11651930990130588,0.4258299264240242,0.11008369708021992
noisy,0.01,0,175,0.6816000330145482,1.968158805537952,0.3201152505872359,0.1586853700944124,0.44970927545528055,0.07149010386307114
noisy,0.01,0,176,0.5551632431452092,1.9908269055576158,0.3186410174912512,0.1358604522948898,0.45831137445761844,0.08718715575624064
noisy,0.01,0,177,0.1962092581088644,1.9853608545183306,0.30426003562425974,0.1455547653001958,0.4663770999748131,0.08380809910073142
noisy,0.01,0,178,0.3457741040038005,1.9800590702082863,0.28446178181095183,0.12948352904641747,0.4948948521617885,0.09115983698084222
noisy,0.01,0,179,0.05945869191782188,1.981031799377896,0.28884203859558216,0.1280608469957009,0.49170005418810125,0.09139706022061574
noisy,0.01,0,180,0.00303302955581225,1.9810980881534999,0.28875362460139276,0.12776611677326136,0.49193790137230026,0.09154235725304577
noisy,0.01,0,181,0.34251642721938075,1.9487567710343199,0.2778839235063275,0.128201202865019,0.5105840777682593,0.08333079586039412
noisy,0.01,0,182,0.01550547115038478,1.9495102646459583,0.27706626746090546,0.130418406431365,0.5097062880857256,0.08280903802200389
noisy,0.01,0,183,0.23720497370232005,1.940724317118802,0.27972883907373924,0.12334697815602817,0.514339420438023,0.08258476233220961
noisy,0.01,0,184,0.5633744683000248,1.908838930731628,0.2774006257142289,0.12995430361547577,0.5216869808311726,0.07095808983912268
noisy,0.01,0,185,0.3475421596667693,1.9120554914716736,0.2961491728673911,0.14518960397341615,0.49519188161327127,0.06346934154592157
noisy,0.01,0,186,1.0382288415567054,1.821667377296783,0.27813671217964264,0.06173345403672758,0.5887209887391681,0.07140884504446168
noisy,0.01,0,187,0.40295524720568243,1.7827946413210258,0.2977297062105511,0.0749930314108532,0.5750861830458966,0.052191079332699085
noisy,0.01,0,188,0.5227233443874862,1.7652069211969081,0.22624458466299488,0.06640350772595784,0.6474212384230468,0.05993066918800051
noisy,0.01,0,189,0.6483190768631175,1.8767463953301773,0.14911426302803701,0.07774237728977335,0.6743691642523537,0.09877419542983591
noisy,0.01,0,190,0.32994820427847915,1.8862152553144913,0.15512641575755096,0.07184924815874336,0.6699908516831381,0.10303348440056775
noisy,0.01,0,191,0.5738642945070811,1.9039705984434574,0.18747425352331787,0.11448220460332154,0.6104373540008448,0.08760618787251594
noisy,0.01,0,192,0.3034917454933783,1.8572430276543441,0.20468968245390567,0.1224358136992024,0.6044181693597943,0.06845633448709774
noisy,0.01,0,193,0.004109017492734443,1.8571527161530184,0.20474353314893318,0.12236608983183453,0.6044410764370799,0.06844930058215246
noisy,0.01,0,194,0.12182071193819866,1.8556096904366015,0.19453903668376876,0.13263185906966893,0.6074200684661928,0.06540903578036958
noisy,0.01,0,195,0.2093749157502327,1.8629182972171088,0.19049267644657786,0.12585245501844633,0.6129388583813702,0.07071601015360562
noisy,0.01,0,196,0.39437097113113495,1.7765711760716534,0.17115408390127568,0.09169301812751891,0.6762331914269764,0.06091970654422916
noisy,0.01,0,197,0.3589349825051613,1.780475077504691,0.1870153013290024,0.08590835098976392,0.6648891698043223,0.062187177876911415
noisy,0.01,0,198,0.46201013081008635,1.830883449678141,0.14668997355378452,0.1031617519611589,0.6743479389125895,0.07580033557246724
noisy,0.01,0,199,0.17126772762276196,1.8170744622981292,0.15675744771925437,0.09733523304440563,0.673281118398696,0.0726262008376441
noisy,0.01,0,200,0.9747437436599249,1.7381279034637789,0.21077954607422922,0.07176942128077837,0.6655121246823518,0.05193890796264066
noisy,0.01,0,201,0.3985115067334849,1.7188697021655974,0.17175028735995676,0.07684065979574208,0.7019233769584683,0.04948567588583287
noisy,0.01,0,202,0.8364016552804937,1.9966749586956503,0.14802841675162978,0.09180966673913905,0.6312484505065296,0.12891346600270165
noisy,0.01,0,203,0.07689985458273194,1.9948563040196465,0.1422727551076721,0.09045192446362355,0.6376141919100619,0.1296611285186426
noisy,0.01,0,204,0.4255580612225447,1.8784734426097134,0.1660119605900159,0.07316805746276663,0.6620194026603214,0.098800579286896
noisy,0.01,0,205,0.9705105834291315,1.7802984790419276,0.1893127858345936,0.16389711893495224,0.6149587296212136,0.031831365609240575
noisy,0.01,0,206,0.44330133835319746,1.7914111979087506,0.17716870098092993,0.1729313078786147,0.6166484373217014,0.033251553818754095
noisy,0.01,0,207,0.3712628764333204,1.7927270868845975,0.20184992913203045,0.17703093638851647,0.5923632564558606,0.028755878023592488
noisy,0.01,0,208,0.33541014598449653,1.7486844504208365,0.23729708664470747,0.15311576290856366,0.5893725306076117,0.02021461983911705
noisy,0.01,0,209,0.05175976356258375,1.7479524815852387,0.23382601917159285,0.15297219342288806,0.5926804104291521,0.020521376976367103
noisy,0.01,0,210,0.33063624758506543,1.725698214012393,0.262777889172309,0.1366965488814519,0.5842050271498181,0.01632053479642094
noisy,0.01,0,211,0.10398639872437625,1.7296512883686659,0.2624813824773183,0.14414161396478176,0.5787199983860991,0.014657005171800934
noisy,0.01,0,212,0.29289547132793703,1.7098357433718934,0.27913542267722236,0.1096395772253545,0.5913763124286856,0.01984868766873767
noisy,0.01,0,213,0.11670290731126792,1.709862728159076,0.272730923367286,0.11261896817108501,0.5950743330382252,0.01957577542340387
noisy,0.01,0,214,1.0274090322200184,1.705219216998499,0.2112765673271181,0.09110500195207338,0.6628898195925425,0.034728611128266175
noisy,0.01,0,215,0.21866182558005326,1.6993643013950144,0.24759198264737212,0.07009388448141916,0.6461060924247196,0.03620804044648916
noisy,0.01,0,216,0.36043528933078045,1.7022558867985282,0.2512947397712807,0.08746295496414534,0.6313477504364275,0.02989455482814649
noisy,0.01,0,217,0.37601777171948964,1.6502915185462987,0.27953773441923985,0.08980840506794076,0.6208144836685309,0.009839376844288634
noisy,0.01,0,218,0.40438101149630035,1.6853265864559956,0.2819366956158724,0.11814048404648692,0.590963727641959,0.00895909269568157
noisy,0.01,0,219,0.04698685079347342,1.6883454616159221,0.2813085344422764,0.11658415737436481,0.5915722776436033,0.01053503053975555
noisy,0.01,0,220,0.25995889940531924,1.6894282328022476,0.2959995664214002,0.11006057351525694,0.5825637327711112,0.011376127292231763
noisy,0.01,0,221,0.16153383080381795,1.6937547949849947,0.3091774132756305,0.10720001113655313,0.5716578263119839,0.011964749275832529
noisy,0.01,0,222,0.013122467964423012,1.6936599506394747,0.3090623663728506,0.1074326189284328,0.5716422122304838,0.011862802468232899
noisy,0.01,0,223,0.3787584987585467,1.720430834660816,0.31450634356609086,0.10829985523194985,0.5585049318312736,0.018688869370685833
noisy,0.01,0,224,0.12800034484826028,1.7301525803526747,0.3056967646582454,0.11200094525526198,0.5609708115149781,0.021331478571514503
noisy,0.01,0,225,0.6347171289380646,1.7402831805147037,0.2434049473836906,0.08894816734619738,0.6260322668863695,0.04161461838374249
noisy,0.01,0,226,0.08444669353775365,1.7543649239703731,0.236719670442042,0.09051798373665478,0.6266952329180067,0.04606711290329648
noisy,0.01,0,227,0.25220411951886457,1.7268688995893247,0.22946336155524372,0.09068751434958976,0.6409947653415329,0.038854358753633626
noisy,0.01,0,228,0.08388235903112218,1.7247209166167177,0.2165088374888643,0.08519783011603048,0.6562328800402413,0.04206045235486407
noisy,0.01,0,229,0.48243768227985095,1.6919550061203392,0.20611153248407416,0.057544529248726606,0.6919741283205143,0.044369809946685025
noisy,0.01,0,230,0.050866963574662805,1.7021298393166187,0.20510365470373265,0.05480937896170168,0.6915279109667688,0.04855905536779682
noisy,0.01,0,231,0.10112824762472883,1.7059251094198289,0.21472152887302542,0.05397840863547186,0.6825803551318186,0.04871970735968415
noisy,0.01,0,232,0.39909600524697336,1.6624864102910832,0.240745926863756,0.04569191079067129,0.6779759409757574,0.03558622136981523
noisy,0.01,0,233,0.295118665439076,1.6673553511467032,0.24424772879152862,0.041278506069461506,0.6762255807606342,0.03824818437837574
noisy,0.01,0,234,0.6426465256954512,1.6898504998475112,0.19260580942081829,0.0493826011929001,0.7093454693381813,0.04866612004810036
noisy,0.01,0,235,0.21425253694178298,1.694744217947316,0.17568298896001877,0.05467306089596416,0.7193178703506853,0.05032607979333183
noisy,0.01,0,236,0.9821259123273187,1.6819566443198195,0.14683397419245658,0.0984390044888314,0.7211494814017444,0.03357753991696762
noisy,0.01,0,237,0.013022584724238867,1.6806154592281615,0.14670047915940856,0.09772426397883964,0.7221026405881238,0.03347261627362807
noisy,0.01,0,238,0.09308472590055393,1.6828604318712126,0.14995513411024486,0.10251658045349253,0.7156589749296385,0.031869310506624234
noisy,0.01,0,239,0.44482084253104404,1.6521983992069795,0.16930370824166494,0.07800217870878441,0.72304409486438,0.029650018185170626
noisy,0.01,0,240,0.2557116963434953,1.68427840844447,0.15323247090167785,0.0842148009210362,0.7236769705851004,0.03887575759218555
noisy,0.01,0,241,0.348028347536457,1.697109903921721,0.13657000127602864,0.07972594896436977,0.737121879883645,0.04658216987595667
noisy,0.01,0,242,0.17076288745738682,1.6995634649211158,0.14259939757678994,0.07299000569068273,0.7353146254514807,0.04909597128104676
noisy,0.01,0,243,0.5150962987681851,1.6821253534918201,0.17395955822980086,0.08444491563651862,0.7061806600077412,0.03541486612593933
noisy,0.01,0,244,0.15164481993997553,1.6838851112024145,0.1715090611312908,0.08806167831993764,0.7055571340769493,0.034872126471822196
noisy,0.01,0,245,0.7671888701152068,1.791029801610819,0.20021303907338983,0.0641161340394512,0.6637632859189824,0.07190754096817654
noisy,0.01,0,246,0.15252853860147297,1.8000999459145357,0.2018760478161819,0.058324872574761114,0.6632144086601831,0.07658467094887386
noisy,0.01,0,247,0.3488221077132004,1.7670461007140725,0.19190416051898718,0.06375481491691662,0.6782742488855481,0.06606677567854813
noisy,0.01,0,248,0.1517460219911327,1.7609340579139234,0.17478722106076794,0.06369622134617715,0.6949634794940783,0.0665530780989766
noisy,0.01,0,249,0.19825098267756516,1.733894061741934,0.18143335643694847,0.06815461883246357,0.6944381306100598,0.05597389412052829
noisy,0.01,0,250,0.5187410803628146,1.8142110716760744,0.20591102509657014,0.12709217395747757,0.6131963639577361,0.05380043698821611
noisy,0.01,0,251,0.4509236254380073,1.8016064876712186,0.270226537075973,0.14349974514401348,0.5511839419050081,0.03508977587500546
noisy,0.01,0,252,0.031958789099007026,1.8048809736058877,0.2705506960107985,0.14518540005903172,0.5489024922728627,0.03536141165730707
noisy,0.01,0,253,0.11316852888558376,1.8151162350555674,0.28768584496794436,0.1414331322150143,0.5333820257642837,0.03749899705275768
noisy,0.01,0,254,0.12271588877775126,1.8079381303415438,0.2962718777944095,0.1349022092530328,0.5320934306564624,0.03673248229609536
noisy,0.01,0,255,0.4388655606890085,1.846220690538871,0.26295568986603157,0.15186006467037472,0.5391749070673231,0.04600933839627075
noisy,0.01,0,256,0.2505366123514286,1.855039939008958,0.281232062593072,0.17165925229860515,0.5086328434262036,0.03847584168211927
noisy,0.01,0,257,0.5712766145006754,1.9017145431960298,0.33728638721266546,0.17583160997882552,0.4439578007056933,0.042924202102815785
noisy,0.01,0,258,0.5919171330751816,1.945810409946391,0.4088862171504904,0.18858958002738285,0.3615239584186635,0.04100024440346327
noisy,0.01,0,259,0.13567944243550167,1.9405586570855553,0.44198682637966735,0.18014399688627925,0.33978571381124284,0.03808346292281061
noisy,0.01,0,260,0.2152305769850488,1.9422906792223649,0.399268748693664,0.20710518179389706,0.35950362996520413,0.03412243954723485
noisy,0.01,0,261,0.37505606532795005,1.9535252393610758,0.3811618525943198,0.1925933586018966,0.3806532711124366,0.04559151769134711
noisy,0.01,0,262,0.15630536252865918,1.9571790225637584,0.36339910679964926,0.20815142694784092,0.38534653147114367,0.0431029347813662
noisy,0.01,0,263,0.16230763896601275,1.9608867654986015,0.3434321377053794,0.2216876965624223,0.3931674599928229,0.041712705739375536
noisy,0.01,0,264,0.07979045732644968,1.9501760470506613,0.3477141558740208,0.2116402198438821,0.3987784713150564,0.04186715296704068
noisy,0.01,0,265,0.40688858885550516,1.9164824398790443,0.36831083029911166,0.17707676214423676,0.41211741224736625,0.04249499530928537
noisy,0.01,0,266,0.17583985562668986,1.9497451069090557,0.3662301335155349,0.18223040905420987,0.4009627804812675,0.05057667694898786
noisy,0.01,0,267,0.0477682674536517,1.9589685543401805,0.36494819895904496,0.18034606337710746,0.400506342462991,0.05419939520085665
noisy,0.01,0,268,0.08831397414906189,1.9569716747053716,0.35814978267450803,0.1835491198364373,0.4049867109935624,0.053314386495492194
noisy,0.01,0,269,0.2419165747705776,1.944693216680873,0.331210803592101,0.17750005593566154,0.4355172098316224,0.05577193064061506
noisy,0.01,0,270,0.039274433103848594,1.9383856617672075,0.32974893770005975,0.17738456338108902,0.43870521675104845,0.054161282167802874
noisy,0.01,0,271,0.2551575604011269,1.9659619873066603,0.33458760536874715,0.17803035600265638,0.42602071988443135,0.061361318744165144
noisy,0.01,0,272,0.39101663313339924,1.9774259440701327,0.36488145872819505,0.16697903320567264,0.4033209038912864,0.06481860417484593
noisy,0.01,0,273,0.42394088109722955,1.9671881211796627,0.37546233078142555,0.12653794117110811,0.4220165581670721,0.07598316988039426
noisy,0.01,0,274,0.011315642273990761,1.9661839344233683,0.3738281460533605,0.12646725954476082,0.4237628474510951,0.07594174695078364
noisy,0.01,0,275,0.47320294554810843,1.8911812229583012,0.39220097433460754,0.12114609127277834,0.43328198860532985,0.05337094578728435
noisy,0.01,0,276,0.940254451474169,2.0251890864396285,0.3288290681474956,0.07953399835722763,0.47401358935667826,0.11762334413859862
noisy,0.01,0,277,0.05370348895667121,2.03656495130909,0.33242044562102335,0.08071623436932147,0.4668410317121827,0.1200222882974725
noisy,0.01,0,278,0.08781761815771338,2.0279797402510784,0.32772788070141023,0.08311045441532476,0.4719430887723458,0.1172185761109192
noisy,0.01,0,279,0.4588992379722173,1.9927233967664257,0.3522658716543332,0.10546034162803411,0.4474259825871345,0.09484780413049831
noisy,0.01,0,280,0.4315969836898148,1.998851487584688,0.34768545371125653,0.11426789774847604,0.44416190322086957,0.09388474531939789
noisy,0.01,0,281,0.8006373571697623,1.8820526027180773,0.36217331874497605,0.08491325611691763,0.48409424161045966,0.06881918352764665
noisy,0.01,0,282,0.5732261785306036,1.8748114883714668,0.3212569986064966,0.09850622056859276,0.5131694940898359,0.06706728673507481
noisy,0.01,0,283,0.3789769566501455,1.9181904710307258,0.3416897789535866,0.09032596424758536,0.4877873404526482,0.08019691634617988
noisy,0.01,0,284,0.5585523519548636,1.86249867190199,0.3448039208175194,0.08688392169360579,0.503623629398299,0.06468852809057586
noisy,0.01,0,285,0.1987480396637681,1.8633758510896143,0.37718523299497797,0.09019369880309916,0.47341036216907234,0.0592107060328506
noisy,0.01,0,286,0.8747046043281473,1.9606318549860955,0.25190467497099783,0.15063538681820535,0.5157526967559378,0.08170724145485898
noisy,0.01,0,287,0.852875089680314,1.7885938516346875,0.25536041917046853,0.1077777400307471,0.5898359655188857,0.047025875279898745
noisy,0.01,0,288,0.3622577866190113,1.7892716221475267,0.22641799421102787,0.1262202116772499,0.6033379597903334,0.04402383432138876
noisy,0.01,0,289,0.4720773803419437,1.8340002569662073,0.24478425265075862,0.08023671030312594,0.602539333457197,0.07243970358891841
noisy,0.01,0,290,0.7804441228508946,1.8137074556810457,0.24429931555226375,0.10625057794574075,0.5929341577086116,0.05651594879338388
noisy,0.01,0,291,0.11484716989798471,1.8159390383373573,0.23575897488799727,0.11143728210531667,0.5964750909551803,0.05632865205150585
noisy,0.01,0,292,0.5342462636181095,1.7648243576675997,0.2134901751944524,0.12012483043903205,0.6254993941068754,0.04088560025964019
noisy,0.01,0,293,0.24284192407503843,1.782514514555106,0.18713877939110993,0.13777195069068213,0.6322491632814653,0.04284010663674265
noisy,0.01,0,294,0.8751140089007099,1.857283337918117,0.252276162298106,0.1515248370029635,0.5453499972210266,0.05084900347790393
noisy,0.01,0,295,0.060254594252909244,1.8605890472425641,0.2469868574985781,0.15089067916885593,0.5493377895328964,0.052784673799669626
noisy,0.01,0,296,0.1353958532563399,1.865289796227479,0.2338522605367831,0.15596538330032086,0.5561936797826029,0.053988676380293185
noisy,0.01,0,297,0.2481943711754925,1.8400396174370337,0.21045448284873952,0.16536150981908732,0.5781169563969485,0.0460670509352247
noisy,0.01,0,298,0.24409838119754448,1.8107438315516815,0.21967458505699064,0.1675314922406356,0.5774493110146148,0.0353446116877591
noisy,0.01,0,299,0.49756863567745657,1.7524586487082263,0.21224051540750696,0.17661408006461335,0.5955122605744476,0.015633143953432238
noisy,0.01,1,0,1.4405315577168938,2.296357133861576,0.44619648406061363,0.13625333072966064,0.25856100650004965,0.15898917870967605
noisy,0.01,1,1,0.309352791926365,2.2877055755036073,0.4285258017268036,0.12247499214247236,0.2847106983049845,0.16428850782573937
noisy,0.01,1,2,0.25233206996927143,2.269715609544987,0.4424006031688409,0.11443547434163506,0.2829991990880818,0.1601647234014423
noisy,0.01,1,3,0.2528465177165355,2.2810812933359057,0.45672710622420265,0.11766260642183156,0.26539002626444985,0.16022026108951604
noisy,0.01,1,4,0.6826075681601651,2.2703391838234586,0.4171567401883653,0.1151548122689187,0.3040590732529903,0.16362937428972568
noisy,0.01,1,5,0.6101866691606084,2.3250025859881993,0.3989955793378533,0.13661552265166013,0.2904776251501865,0.17391127286030006
noisy,0.01,1,6,0.23134532489348453,2.3119820519609395,0.40518012309318424,0.11843478469439354,0.30012487148238814,0.1762602207300341
noisy,0.01,1,7,0.7760011428035796,2.3787560702587207,0.4277297320858538,0.07951044259554181,0.28504868216471346,0.2077111431538909
noisy,0.01,1,8,0.3649400165304506,2.3850990481823255,0.41028728843334467,0.11489427200474844,0.2764687581817041,0.19834968138020284
noisy,0.01,1,9,0.9092051307088767,2.39242099271732,0.39140597763387147,0.13132181967679812,0.2804771660114268,0.19679503667790377
noisy,0.01,1,10,0.11897381604649482,2.379803916409883,0.404987564218944,0.12680488149522676,0.27527314760527694,0.19293440668055226
noisy,0.01,1,11,0.49431824893690535,2.3026656642504686,0.4506925953348986,0.09319577787345833,0.27923952208477165,0.17687210470687142
noisy,0.01,1,12,0.4220741862664035,2.2172883587139314,0.47007566557869573,0.08344464614360611,0.2936220742320204,0.15285761404567774
noisy,0.01,1,13,0.7096241459948965,2.2236665748740734,0.46636393685005123,0.09820143835403275,0.2858866454000389,0.14954797939587716
noisy,0.01,1,14,0.21766714553814734,2.20808479228866,0.4486455781871429,0.09328517555417112,0.30868622275020785,0.14938302350847804
noisy,0.01,1,15,0.4388786267954891,2.1901837241151987,0.5046457941247845,0.1231614183502772,0.24757800742386588,0.12461478010107256
noisy,0.01,1,16,0.08460420230403654,2.179343370895011,0.5057418508055238,0.12548705735273555,0.2483941551297356,0.12037693671200496
noisy,0.01,1,17,0.6772916830377713,2.1297471344991528,0.4303365817327883,0.1640823483356155,0.3040280119629255,0.10155305796867076
noisy,0.01,1,18,0.3205630587763153,2.07369366703938,0.3769733667836453,0.18278523384702047,0.35492227822356937,0.08531912114576479
noisy,0.01,1,19,0.05332186975283437,2.0732814888726305,0.3725169032094601,0.17897213483818844,0.36121237787016713,0.08729858408218433
noisy,0.01,1,20,0.3295203105080884,2.088698338209322,0.3611779517846296,0.1768794710014841,0.36772082797430283,0.09422174923958358
noisy,0.01,1,21,0.36523449688683485,2.118378197198296,0.3250597981492186,0.16834416363992363,0.3953310348147139,0.11126500339614391
noisy,0.01,1,22,1.6893520997837186,2.4126378096778267,0.2854574588810035,0.2078828201435959,0.3188221583592303,0.1878375626161702
noisy,0.01,1,23,1.757473478734024,1.848210846373368,0.4224139564717324,0.0351183738711197,0.47277718229835214,0.06969048735879584
noisy,0.01,1,24,0.03399740217718994,1.8480348165208034,0.42090716324900984,0.03577359299157271,0.4737234801774831,0.06959576358193437
noisy,0.01,1,25,0.47844978864305154,1.858702296748839,0.4195876776625397,0.055238807075263324,0.45974556042794495,0.06542795483425216
noisy,0.01,1,26,0.23572364693973455,1.853859410197347,0.4459955995457047,0.05474253079233674,0.4387475048121504,0.06051436484980809
noisy,0.01,1,27,0.23266357026296092,1.8553877775409928,0.46653436631172723,0.05531245463276284,0.4202822037889262,0.0578709752665837
noisy,0.01,1,28,0.36358903406653825,1.842233151282657,0.4330814450960231,0.05697816018402916,0.4519095650461258,0.05803082967382198
noisy,0.01,1,29,0.04119752941187446,1.8441189964459355,0.43135573212523654,0.05797527833638854,0.4522266607275708,0.05844232881080418
noisy,0.01,1,30,0.18761978112161132,1.8622988600068942,0.42486276217978086,0.0590921862937728,0.4517760019617441,0.0642690495647022
noisy,0.01,1,31,0.3531140461564064,1.8340724739823844,0.39092573405209496,0.051507230402308854,0.4939861732156944,0.06358086232990179
noisy,0.01,1,32,0.18324511335231336,1.8244079520583942,0.38840119453563293,0.051245766734736055,0.49917060240099004,0.06118243632864103
noisy,0.01,1,33,0.4237493303371626,1.7386929329872534,0.3403676102582436,0.05711368397989721,0.5622708073889183,0.04024789837294085
noisy,0.01,1,34,0.9355284578050455,1.7990993504570485,0.2553549882798908,0.08930303691018081,0.5981090133023751,0.057232961507553345
noisy,0.01,1,35,0.6789778738748314,1.9033882200211312,0.24014183930701577,0.17646412592906113,0.5269363926120793,0.0564576421518439
noisy,0.01,1,36,0.05257010727655498,1.9032092912400993,0.24520925614356773,0.17536031769719382,0.5232859714430257,0.056144454716212724
noisy,0.01,1,37,0.43148472451139125,1.8846964875573997,0.2915902567542274,0.14288792361406932,0.5086031454224014,0.05691867420930195
noisy,0.01,1,38,0.5053627333254613,1.8847520943423635,0.2828136257071862,0.11598356730786544,0.5326949342982245,0.06850787268672404
noisy,0.01,1,39,0.2734940602094855,1.9240588479575325,0.32213476258679524,0.13987537058106253,0.47249336037711115,0.06549650645503109
noisy,0.01,1,40,0.2972036420251279,1.93430912112379,0.31730795463404654,0.12207760704442878,0.4845654958780723,0.07604894244345238
noisy,0.01,1,41,0.4531045880285056,1.934430044594557,0.3250538573344644,0.09540953099056189,0.4942316868814079,0.0853049247935659
noisy,0.01,1,42,0.010061447334006601,1.93502405151822,0.3260407985268153,0.09531378013709911,0.49326397689082396,0.08538144444526165
noisy,0.01,1,43,0.3227926206891401,1.9295665118160332,0.34735655090473544,0.11637244161355305,0.4635485373476459,0.07272247013406569
noisy,0.01,1,44,1.002219720801803,1.8726180267455887,0.3669630188896862,0.08547662296738902,0.4823977190171502,0.06516263912577465
noisy,0.01,1,45,0.26634379848838197,1.8640627229500952,0.3910069364126078,0.07349310736539308,0.47156143173747467,0.06393852448452444
noisy,0.01,1,46,0.1553959219600109,1.8534083653298243,0.37162060688971427,0.08571518698300835,0.4838949469385125,0.05876925918876494
noisy,0.01,1,47,0.12100402021315057,1.8333865029859429,0.37176482191562266,0.08190927507796118,0.4920090044207273,0.054316898585688944
noisy,0.01,1,48,0.22477869753492646,1.8215486620483887,0.3500731395981506,0.07527988596946886,0.5182818352348237,0.05636513919755689
noisy,0.01,1,49,0.4115465057548112,1.8122450985944765,0.3745680640661161,0.07257888445794909,0.5015586133405722,0.05129443813536269
noisy,0.01,1,50,0.3829734909813843,1.7928625309012705,0.39695430448140695,0.037049647217940934,0.5098304946977193,0.056165553602932836
noisy,0.01,1,51,0.37800085521303145,1.8358185756918952,0.36895256415349154,0.06788865935472119,0.5023378865520571,0.060820889939730234
noisy,0.01,1,52,0.41454422223614557,1.8503672350656624,0.374635819848695,0.07426487980997211,0.48923028100628785,0.06186901933504496
noisy,0.01,1,53,0.7646085622254699,1.716174261387177,0.32864837439793093,0.0677523285623669,0.5724871853813401,0.031112111658362022
noisy,0.01,1,54,0.21701927104731908,1.6883058990601003,0.33122908139373963,0.06327656013395382,0.5812383751409947,0.024255983331311813
noisy,0.01,1,55,0.34637528751045155,1.718183426232665,0.34058661345642754,0.06684357462078237,0.5621440628649107,0.030425749057879356
noisy,0.01,1,56,0.16613221855368238,1.7336537954481563,0.32843533788896684,0.07417465567303325,0.563560771974779,0.03382923446322078
noisy,0.01,1,57,0.25242334889480955,1.7190878000510406,0.30298191172584316,0.07839938897136642,0.5872502052776087,0.03136849402518168
noisy,0.01,1,58,0.31832847371697776,1.7080161650909562,0.32310793906777896,0.08504044676656157,0.5690422875503374,0.022809326615322135
noisy,0.01,1,59,0.6498697026399918,1.7136078677762867,0.2170991592927898,0.10185460917975271,0.6487459284630104,0.032300303064447054
noisy,0.01,1,60,0.666931238782129,1.6542607861994167,0.17199336050483727,0.09051933165649689,0.712382165724517,0.025105142114148854
noisy,0.01,1,61,0.32837183919037105,1.664488167542008,0.19078179550350505,0.07248560026225619,0.7041745052935698,0.03255809894066896
noisy,0.01,1,62,0.09993826429126665,1.658727426821117,0.18914560128603278,0.06531299637794036,0.7117209006699088,0.033820501666118
noisy,0.01,1,63,0.26664130459539487,1.6513524395973396,0.2082791504833523,0.05267653527486954,0.7051006250320349,0.03394368920974338
noisy,0.01,1,64,0.17641799501143368,1.6448223922186536,0.20439505274796096,0.056760332227258986,0.7078805873235989,0.030964027701181104
noisy,0.01,1,65,0.08837672125082463,1.6251604804507485,0.20061172265847027,0.04990910195499318,0.7212042415932016,0.028274933793334893
noisy,0.01,1,66,0.5308401007787328,1.641300732470718,0.2188051129182402,0.0581842027020581,0.6955485820110875,0.027462102368614155
noisy,0.01,1,67,0.6523254467756484,1.6609824374344448,0.16981901821964332,0.06838601921237795,0.7259301630496119,0.035864799518366824
noisy,0.01,1,68,0.1251136168721129,1.673442899960485,0.17598179935804767,0.07096178215522815,0.7153074384342413,0.037748980052482894
noisy,0.01,1,69,0.04553002887405455,1.6707233990577852,0.1776458394692426,0.07014774343701002,0.7151696409523304,0.037036776141417024
noisy,0.01,1,70,0.24440210993634426,1.7102238035913526,0.1809943336097453,0.08389007152556419,0.6921126668073182,0.043002928057372256
noisy,0.01,1,71,0.11137163999956443,1.7125149392243915,0.18413835088260913,0.08594072869563747,0.687444338927825,0.042476581493928404
noisy,0.01,1,72,0.7542589213699104,1.6518301161491362,0.18076557753752895,0.04471524984381301,0.7337435119594664,0.04077566065919171
noisy,0.01,1,73,0.23912702139932998,1.6447643348289305,0.18999365347978694,0.04335351635630464,0.72866504283684,0.03798778732706854
noisy,0.01,1,74,0.19777119701029847,1.6338471098918983,0.17822001474065433,0.035833798841808956,0.7467569399833649,0.03918924643417186
noisy,0.01,1,75,0.5458750284742564,1.6423044372502,0.17217545217834188,0.036925775540566336,0.7488287755964678,0.04206999668462404
noisy,0.01,1,76,0.06566731090424545,1.6480154048288032,0.1710529513757989,0.03400481174901501,0.7499181829348948,0.04502405394029144
noisy,0.01,1,77,0.18648596631828665,1.6524018245295553,0.17639028190159745,0.03873252027213648,0.7410665564345454,0.0438106413917207
noisy,0.01,1,78,0.3034665703307837,1.7251641721210886,0.17741881113652375,0.056563563338382666,0.7076519722244966,0.05836565330059704
noisy,0.01,1,79,0.4318443347583528,1.7594472281601994,0.188105915581324,0.05096339430236766,0.6917043014251368,0.06922638869117156
noisy,0.01,1,80,0.6555839398643036,1.835265107659082,0.2088477165034808,0.07281248677031067,0.6378583613753265,0.08048143535088206
noisy,0.01,1,81,0.39428717095870214,1.8103356952466094,0.20358058958182046,0.05347713044541109,0.6617042270637669,0.08123805290900168
noisy,0.01,1,82,0.09277634852332967,1.8143851624865937,0.20830232583906483,0.05177547510961894,0.6574655608695609,0.08245663818175542
noisy,0.01,1,83,0.3362334467819926,1.8245797866123719,0.16977662410841027,0.06979597381435826,0.676746420336822,0.08368098174040947
noisy,0.01,1,84,0.2417491202359085,1.805842937556158,0.14365399416559077,0.0696475236076852,0.705044246815922,0.08165423541080205
noisy,0.01,1,85,0.2771284824120812,1.7771202686383927,0.1562693202541672,0.08455605787674098,0.6933851783224796,0.06578944354661227
noisy,0.01,1,86,0.3430886596324851,1.7662795751062246,0.1765195924118657,0.08415297355574672,0.6792667791550474,0.06006065487734022
noisy,0.01,1,87,0.25735336064826697,1.7337641157006516,0.15035902396151796,0.07670198752897525,0.7161734121422084,0.05676557636729842
noisy,0.01,1,88,0.28036688582505803,1.7399064661744785,0.17118618050423393,0.07853900571386449,0.6951478146239289,0.055126999157972534
noisy,0.01,1,89,0.8537314881104942,1.6636029505130692,0.15637215671800753,0.07956849468074165,0.7299313486015164,0.03412799999973435
noisy,0.01,1,90,0.41498676274204394,1.6332860560676643,0.1812581443793161,0.0889209181464174,0.7115315120582656,0.01828942541600093
noisy,0.01,1,91,0.2909034810727462,1.655069023977786,0.1770880305488926,0.0956166868910154,0.7045807169398667,0.022714565620225256
noisy,0.01,1,92,0.8943979971809313,1.7058530963036724,0.10661346766180771,0.09501786383997685,0.7511353236564253,0.047233344841790245
noisy,0.01,1,93,0.04218644776847244,1.7028451809058887,0.10871975942781247,0.09678221238555135,0.7491058997988527,0.04539212838778353
noisy,0.01,1,94,0.4186611063196327,1.650425288622865,0.08980932450267579,0.0889210890431698,0.7859132392575248,0.0353563471966297
noisy,0.01,1,95,0.023016713559624438,1.6491148718677482,0.09196873389906036,0.08806752090958621,0.7849493036435125,0.03501444154784104
noisy,0.01,1,96,0.23756517574657063,1.6565201671029508,0.11362432567929175,0.10213013194770292,0.7552506291201853,0.028994913252820137
noisy,0.01,1,97,0.3768442844739183,1.6903569190929104,0.11364923353656087,0.11191042528596204,0.7391879835747761,0.035252357602701005
noisy,0.01,1,98,0.20878401037771604,1.7202978648126657,0.10265945247565708,0.12248073836316059,0.7333682675891351,0.04149154157204721
noisy,0.01,1,99,0.6578485189820642,1.7463773716304896,0.10815988625503192,0.09567168071297012,0.7374021884662638,0.058766244565734274
noisy,0.01,1,100,0.003850596607662432,1.7465741895174671,0.10797693413264345,0.09585353881091013,0.7373908399803264,0.05877868707612006
noisy,0.01,1,101,0.6873010311392136,1.9335405247138169,0.05871036355744807,0.14263947182098768,0.6961290390936199,0.10252112552794444
noisy,0.01,1,102,1.4840955515392102,1.7096459965799797,0.16762650980569718,0.0965195952256618,0.6960971137953171,0.03975678117332396
noisy,0.01,1,103,0.6391369520570139,1.7833678381480824,0.17025842793882964,0.09747672364692707,0.6714383002280491,0.06082654818619426
noisy,0.01,1,104,0.2540795002714718,1.7858711601082027,0.16233771651789516,0.0998794307644193,0.6760894130141695,0.06169343970351611
noisy,0.01,1,105,0.23669539944967327,1.773833116167539,0.16969082436287208,0.10050343274398664,0.6728826551563204,0.056923087736820956
noisy,0.01,1,106,0.9539754059514965,1.7218871643253972,0.1885302171652986,0.10959579374978705,0.6662932141559073,0.035580774929007186
noisy,0.01,1,107,0.9642320065177047,1.7668308685109382,0.35677551997416834,0.11132905793072939,0.5064742819115935,0.02542114018350875
noisy,0.01,1,108,0.23330237570917234,1.734409623846245,0.334307503834234,0.1030224945202503,0.5405264193335911,0.02214358231192455
noisy,0.01,1,109,0.008641288557558607,1.7340732062609763,0.3339680039400829,0.10312125303383399,0.5408580295703038,0.022052713455779298
noisy,0.01,1,110,0.33302900037961053,1.764379544675065,0.3104114639207119,0.1141925347125872,0.5454526649032208,0.02994333646348026
noisy,0.01,1,111,0.2184408888570033,1.7972967365209056,0.33972449815848127,0.1277567533816418,0.5021113850163054,0.030407363443571544
noisy,0.01,1,112,0.09811997588258237,1.783335537996852,0.3293184200858511,0.12525816901722217,0.5167407514472362,0.02868265944969045
noisy,0.01,1,113,0.34562582470243797,1.7291881235591995,0.2981152825678137,0.10386900750650604,0.5728057484260726,0.025209961499607608
noisy,0.01,1,114,0.019307941023725725,1.7285444634587634,0.2978512568171113,0.10262129116598859,0.5739911739272521,0.025536278089648035
noisy,0.01,1,115,0.42476159229408944,1.7569517357333497,0.3082596506562187,0.1251627487479917,0.5427615967009581,0.023816003894831433
noisy,0.01,1,116,0.05484709615120442,1.757264126573817,0.30543082971825747,0.123049890142781,0.5464107334466124,0.02510854669234912
noisy,0.01,1,117,0.21708077826770128,1.7648070357954955,0.3081174189738826,0.10811785456667593,0.5510416999799976,0.032723026479443945
noisy,0.01,1,118,0.3618927539209832,1.773864589378992,0.270374857691885,0.10852977059319562,0.5807343869791769,0.04036098473574236
noisy,0.01,1,119,0.4161168935825107,1.6774638641132835,0.2929170502570538,0.06480199220946717,0.6166131900667423,0.025667767466736865
noisy,0.01,1,120,0.23909796291263774,1.6649676109975544,0.2692644419804469,0.05846478147541142,0.6446720786678359,0.027598697876305773
noisy,0.01,1,121,0.9150011697201955,1.7823162915632433,0.24002417033082793,0.060809761137935125,0.6338830292414048,0.06528303928983208
noisy,0.01,1,122,0.7705516314017613,1.6968255228210316,0.2210088419687102,0.07050399010528602,0.6696303979050987,0.03885677002090494
noisy,0.01,1,123,0.3083564336993744,1.6863794871998434,0.2110748235582714,0.0735663323650651,0.6794397398367672,0.03591910423989642
noisy,0.01,1,124,0.9290506439283501,1.7256235578058188,0.18596983452044363,0.11241968923106704,0.6656702291846538,0.03594024706383547
noisy,0.01,1,125,0.471707628224976,1.7295251027701937,0.16912107165984425,0.1257806045710312,0.6709028782385966,0.03419544553052786
noisy,0.01,1,126,0.40022501000203164,1.7861019116333474,0.2108165099486254,0.13203395645532784,0.6142066468705855,0.04294288672546135
noisy,0.01,1,127,0.664451818389349,1.7440340523910358,0.28387493123501584,0.0875619625989945,0.5907651006870621,0.03779800547892764
noisy,0.01,1,128,0.45442753162933835,1.704889158777918,0.26156637315538084,0.09975562122353926,0.6141138437884612,0.02456416183261857
noisy,0.01,1,129,0.3922279337421091,1.7155860241576495,0.27275687894867656,0.08161083759282338,0.6124421261614623,0.03319015729703782
noisy,0.01,1,130,0.37502565007889294,1.6863381649995208,0.2749181448394202,0.04594865132115107,0.6411806342559254,0.0379525695835034
noisy,0.01,1,131,0.5360212403465996,1.6359684007717903,0.21986665872466316,0.04394148242955074,0.704991269384591,0.031200589461195163
noisy,0.01,1,132,0.14110699866432808,1.6260800352795917,0.2081124751148541,0.04283333086704785,0.7187925981999496,0.03026159581814837
noisy,0.01,1,133,0.657196901156567,1.6781547675530681,0.16373900248782355,0.04606024103168125,0.7399091217676472,0.050291634712847894
noisy,0.01,1,134,0.418090895633214,1.6967517330473048,0.12503444715639192,0.05443947278640463,0.7628598449081763,0.05766623514902713
noisy,0.01,1,135,0.12629877374274995,1.7021645986856577,0.1182214835709387,0.052801186971919795,0.768193002510903,0.060784326946238566
noisy,0.01,1,136,0.012195455317854292,1.701993326140252,0.11720687571615372,0.05280241776932054,0.7691250254058691,0.06086568110865668
noisy,0.01,1,137,0.41677783778868926,1.7002583166432916,0.11791535767492858,0.061449510855401686,0.7636820530751585,0.05695307839451122
noisy,0.01,1,138,0.9345673854113556,1.7658803329603543,0.24299224417900508,0.08813352996257118,0.6193331434051634,0.04954108245326034
noisy,0.01,1,139,1.0300019101123326,1.7665460258133145,0.31436431684741284,0.07422859200095036,0.5659769407471599,0.045430150404476906
noisy,0.01,1,140,0.09067983936984322,1.7661913799438946,0.31615858817976156,0.07677088700950954,0.5629670723483972,0.04410345246233175
noisy,0.01,1,141,0.12075953657040711,1.7743166404485817,0.316174766527462,0.07304900522656624,0.5628465390035232,0.04792968924244865
noisy,0.01,1,142,0.0014878560323293571,1.7744318171307396,0.31594319042285374,0.07310559343847509,0.5629777773521604,0.04797343878651089
noisy,0.01,1,143,0.5424785128561814,1.8432918091815067,0.37912967645274753,0.05823888130785324,0.4972966905017516,0.06533475173764759
noisy,0.01,1,144,0.07629563088994701,1.8492941519397503,0.3821912208739485,0.058551111926535185,0.4926970098817811,0.06656065731773522
noisy,0.01,1,145,0.2243238255614426,1.8478136923545576,0.3278540122901051,0.06567023929503192,0.53562830530229,0.07084744311257313
noisy,0.01,1,146,0.2917648288421322,1.8974570467242116,0.30750268151081916,0.07330099031684234,0.5338737624751833,0.08532256569715518
noisy,0.01,1,147,0.5844447645940853,1.8786419089009843,0.4034196714635429,0.11398289752171965,0.4317102087711171,0.05088722224362037
noisy,0.01,1,148,0.38852424197830043,1.9216572453752987,0.3953024628449774,0.13142993150566545,0.4153323619606544,0.057935243688702925
noisy,0.01,1,149,0.37870821525575477,1.9564149009981056,0.40807242306822156,0.11134415581108908,0.4064355313779297,0.07414788974275961
noisy,0.01,1,150,0.2880025500780903,1.9114133325111817,0.4653565118730481,0.09363513790213923,0.38127904564446274,0.059729304580349946
noisy,0.01,1,151,0.19329272687900695,1.949731568901869,0.48224468100464063,0.1021827502757444,0.3502602280403417,0.0653123406792733
noisy,0.01,1,152,0.08207215298898407,1.9510154797027042,0.4815431985737564,0.10563964301747554,0.3483655608982301,0.06445159751053793
noisy,0.01,1,153,0.10637721285457137,1.9366359137094518,0.4664016733386583,0.10517371830261327,0.3658847475816873,0.06253986077704118
noisy,0.01,1,154,0.7021469937753898,1.8462353020930524,0.531385455467777,0.09810289777941907,0.34101958255917325,0.02949206419363073
noisy,0.01,1,155,0.2545607845531751,1.8436857053150617,0.5361956144441792,0.10152581529484757,0.33554572985385933,0.02673284040711392
noisy,0.01,1,156,0.8679063054732957,1.82891419801243,0.5285389804346988,0.08411255604426897,0.3571344986917018,0.03021396482933056
noisy,0.01,1,157,0.10207436094060285,1.833783650030834,0.5258735453625722,0.08958778263823955,0.3546313980416552,0.029907273957533145
noisy,0.01,1,158,0.6790833703125804,1.8841882084546357,0.5500755672258283,0.06345937024232505,0.33507471664348465,0.05139034588836198
noisy,0.01,1,159,0.12881196342641826,1.9004887048547123,0.5313242071054557,0.07582462749985248,0.3387791250448766,0.05407204034981529
noisy,0.01,1,160,0.5454282063874416,1.9297686052501817,0.4408903695400694,0.12055128731605227,0.3803998349485976,0.058158508195280664
noisy,0.01,1,161,0.37082726153312473,1.9351352124264636,0.4315250637041174,0.09747630339224247,0.4010293948651584,0.06996923803848176
noisy,0.01,1,162,0.6142063089646399,1.9366856305490938,0.3791729303820834,0.126157510563903,0.4280310911145066,0.06663846793950698
noisy,0.01,1,163,0.249256292183419,1.9356129646222717,0.38752133332846783,0.1175378607562814,0.42644657594422386,0.06849422997102672
noisy,0.01,1,164,0.008274170861106711,1.9349074552184673,0.3886195709669891,0.11723451890931035,0.4258947078162474,0.06825120230745317
noisy,0.01,1,165,0.03429924591910205,1.9345852187487063,0.3904486646969286,0.11797921598189906,0.4239576635685065,0.06761445575266577
noisy,0.01,1,166,0.18710861908038706,1.953560649035664,0.38984896176865785,0.1279703864426632,0.4127602464175765,0.06942040537110261
noisy,0.01,1,167,0.49574330099858344,2.030394744086705,0.3701472253913002,0.16217271112073967,0.3861509098212856,0.08152915366667453
noisy,0.01,1,168,0.4798122891224921,1.9999065874598438,0.38678108645082576,0.16687502395416334,0.3779204701436672,0.06842341945134373
noisy,0.01,1,169,0.26432344043859873,1.9528621684461256,0.42192729503695203,0.16207198435589537,0.3644684931480059,0.05153222745914665
noisy,0.01,1,170,0.7265227978350629,1.8927773830659362,0.4353325033549085,0.16138577144889166,0.3710399925047072,0.03224173269149275
noisy,0.01,1,171,0.13462495291605592,1.9045248051581924,0.43350191667315646,0.16790115017467674,0.3651682861977631,0.03342864695440368
noisy,0.01,1,172,0.911389726563359,1.831724805575495,0.39377876100844644,0.10052539112741934,0.4620903951234374,0.0436054527406969
noisy,0.01,1,173,0.04490455298218783,1.8313675744977536,0.4001308525855605,0.0993581328709922,0.4574412759929438,0.043069738550503577
noisy,0.01,1,174,0.7563269829843204,1.9356419549066122,0.3767647622869736,0.13088541120351999,0.42751172957635786,0.06483809693314857
noisy,0.01,1,175,0.002951643604313575,1.9357490227395941,0.3767179923599432,0.13103600716089464,0.42742811297646327,0.06481788750269904
noisy,0.01,1,176,0.12149465933908374,1.9296898327887382,0.3783264037827496,0.12066004273240255,0.4341926082703305,0.0668209452145171
noisy,0.01,1,177,0.3818502008216467,1.885409668028696,0.4227049115457998,0.11188340129875816,0.41440882352762803,0.05100286362781402
noisy,0.01,1,178,0.12786443979712794,1.8845999677924439,0.4268572552140755,0.1049510564110398,0.41532832635957906,0.05286336201530556
noisy,0.01,1,179,0.46211445337394136,1.8791978514098984,0.44890899910509074,0.0594886835429759,0.4258656712918886,0.06573664606004484
noisy,0.01,1,180,0.3883691285736918,1.9149256235663434,0.4276676554450048,0.04784540051409586,0.44078421469574386,0.08370272934515562
noisy,0.01,1,181,0.04686464549741376,1.914025206317664,0.42777350320252655,0.04883056384125043,0.44035234747757934,0.08304358547864371
noisy,0.01,1,182,0.24931272910907754,1.8922853823297734,0.4387623446614544,0.047876602107409495,0.437880535017047,0.07548051821408909
noisy,0.01,1,183,0.42252235120394604,1.9226973057646826,0.45750687705371196,0.04461921846592473,0.4148096247990246,0.08306427968133877
noisy,0.01,1,184,0.3233619797392784,2.0067908167002577,0.4382915342675918,0.05460990912560974,0.4004608186169975,0.1066377379898009
noisy,0.01,1,185,0.40431413665646465,2.088063483142001,0.4122001135243512,0.09018722915288915,0.3771594928781195,0.1204531644446401
noisy,0.01,1,186,0.19568640092621226,2.081027438020556,0.41309820370437844,0.09176046714237146,0.3774889371239027,0.11765239202934756
noisy,0.01,1,187,0.4925846733967714,2.0627220152969974,0.349541223584602,0.14391583762355545,0.40558006787597,0.10096287091587253
noisy,0.01,1,188,0.04663750255712529,2.058730287733286,0.3495960163536287,0.1428853246032965,0.40733878413816327,0.10017987490491154
noisy,0.01,1,189,0.4153465890558473,2.017470112706182,0.3293474890802068,0.18707876774874108,0.40983545208906186,0.07373829108199041
noisy,0.01,1,190,0.2677071516518481,2.0110595005622636,0.34666226261877425,0.1893550950796518,0.3954104968047396,0.0685721454968343
noisy,0.01,1,191,0.3944295080145821,2.030201637036285,0.4197854850098929,0.16935032959625884,0.33911414500442805,0.07175004038942029
noisy,0.01,1,192,0.5616226935526308,1.9975017546496747,0.3708227698791656,0.2211250840144346,0.35916047054288014,0.04889167556351962
noisy,0.01,1,193,0.08926515863277129,1.9983687418336156,0.3694047777042982,0.22293736938266812,0.3590175469462825,0.0486403059667512
noisy,0.01,1,194,0.40504435199545097,2.016501453589426,0.3434197310213002,0.21939028692923962,0.37822064851018555,0.058969333539274756
noisy,0.01,1,195,0.4072887303191226,1.9777844695909985,0.32726415722565855,0.21860725498075229,0.404007015095701,0.05012157269788803
noisy,0.01,1,196,0.4138420631061297,1.9929289876706648,0.28816686087859766,0.22289732568793075,0.43063016107983415,0.05830565235363755
noisy,0.01,1,197,0.1794257247238385,2.0015108518451954,0.29936219353524,0.21630214588008606,0.42248570868786584,0.061849951896808066
noisy,0.01,1,198,0.1797154417145031,1.9761612095845709,0.2972471044903889,0.20693085260213406,0.43750954308770185,0.05831249981977534
noisy,0.01,1,199,0.2191524365916837,1.9852798638464617,0.29855332506315185,0.22429577473557383,0.4230681694740548,0.054082730727219405
noisy,0.01,1,200,0.18708186509320163,1.9981004147640706,0.3050294364914999,0.23434071133594114,0.40756539128471236,0.053064460887846665
noisy,0.01,1,201,0.17246743122813984,1.9941706115383047,0.31258956060907706,0.2502271624351848,0.3924919275897305,0.044691349366007715
noisy,0.01,1,202,0.8828537360532173,1.8866677853524865,0.3236586373479176,0.15525062581398158,0.4727591867695697,0.04833155006853102
noisy,0.01,1,203,0.5961309429258143,1.8634658321338269,0.33538014561672286,0.12693713204416096,0.48686010387455864,0.050822618464557656
noisy,0.01,1,204,0.06460039690137023,1.8519949389192696,0.334358218288667,0.12161465170339004,0.4943899987960645,0.04963713121187835
noisy,0.01,1,205,0.6314618878532212,1.8042182422381152,0.2343122334783239,0.18252987157553946,0.5575039353850251,0.025653959561111706
noisy,0.01,1,206,0.4909343878971401,1.8338313479439436,0.2909208629613692,0.19429865372410693,0.49263817311291236,0.022142310201611552
noisy,0.01,1,207,0.10502698383061329,1.8369352691191965,0.29061350983244577,0.19818041578496562,0.4896096451666793,0.021596429215909173
noisy,0.01,1,208,0.332028160279157,1.8643451974571434,0.30890371797633104,0.15647986320022517,0.4913128957118609,0.04330352311158289
noisy,0.01,1,209,0.2359524596831798,1.8634485933768432,0.2931247898859951,0.15517513612594278,0.5059984676804135,0.045701606307648635
noisy,0.01,1,210,0.29750798817258556,1.879341256103063,0.2976664495426022,0.1674465372762961,0.4898648406820374,0.04502217249906432
noisy,0.01,1,211,0.4674295386648725,1.8351051073562614,0.3535504591312525,0.15617107019316137,0.46161172912968307,0.02866674154590311
noisy,0.01,1,212,0.06692792190006117,1.8282189355448726,0.3546213966914912,0.15532615867716543,0.46323572067633706,0.026816723955006283
noisy,0.01,1,213,0.1879009106778579,1.849886843010693,0.3367900516566005,0.15874355668150153,0.470128484225378,0.03433790743652003
noisy,0.01,1,214,0.689257790683771,1.8503847749894917,0.3360131770486052,0.15961968565613005,0.47011439714031833,0.03425274015494646
noisy,0.01,1,215,0.48114756582071644,1.8101942542499516,0.324833754806479,0.15131127412833742,0.4966989443538181,0.027156026711365477
noisy,0.01,1,216,0.159992326400245,1.8036007570562989,0.3225455039595449,0.1509955811684896,0.5008109032049731,0.025648011666992473
noisy,0.01,1,217,0.9004129938548427,1.8824655903723448,0.386147364785301,0.07513257364072645,0.4693208940177488,0.06939916755622366
noisy,0.01,1,218,0.10904396156547591,1.8777707609957504,0.3843461699575835,0.07037543105054572,0.47518004622723264,0.07009835276463812
noisy,0.01,1,219,0.014777630276512355,1.8776384999059954,0.3843241800242115,0.06986899347045876,0.4755493120816849,0.07025751442364493
noisy,0.01,1,220,0.27550826501101133,1.8787331669188847,0.388843739761647,0.05609368179289329,0.4798033025401884,0.07525927590527143
noisy,0.01,1,221,0.11319067038130015,1.8637068258349248,0.3866758257379798,0.05665032155963826,0.4857550625071521,0.07091879019522972
noisy,0.01,1,222,0.058001156838143934,1.8701744886125098,0.38496144640083574,0.05992841912840975,0.48331125143190246,0.07179888303885197
noisy,0.01,1,223,0.1292035024380311,1.841110135867979,0.36598904249952086,0.054837336379465834,0.5113633152129948,0.06781030590801851
noisy,0.01,1,224,0.3951664023334172,1.9272407197819417,0.35684604965600325,0.0705817404288407,0.4841901849135493,0.08838202500160677
noisy,0.01,1,225,0.07595406973268723,1.9279958320768005,0.36828020436417597,0.06828957290779014,0.4755193044180941,0.08791091830993977
noisy,0.01,1,226,0.14475589361973457,1.9339102537583936,0.36758677792703776,0.06790414130526631,0.47461265257419566,0.0898964281935002
noisy,0.01,1,227,0.08629776153247454,1.9307402310658393,0.36262142791827034,0.06749542913512335,0.48007801244958975,0.08980513049701654
noisy,0.01,1,228,0.23871131445048377,1.932090234103416,0.37963384185165766,0.05466567349122678,0.47290701551817066,0.09279346913894498
noisy,0.01,1,229,0.41844783676788566,2.0002791081558264,0.3972246913939025,0.06294371495012073,0.4325951969093722,0.10723639674660453
noisy,0.01,1,230,0.07436532934661955,2.005946525698996,0.40350817237919334,0.06325557785932431,0.42532629302675506,0.10790995673472725
noisy,0.01,1,231,0.9838502545026179,1.857258535061012,0.33475236357042853,0.13607947125804207,0.4836184226783867,0.04554974249314269
noisy,0.01,1,232,0.19757424847921468,1.8428172489524195,0.3296979063910315,0.12676590029631324,0.4979521239978457,0.04558406931480959
noisy,0.01,1,233,0.045099865878004464,1.8472832381566573,0.3320830612309322,0.12719434817382108,0.49431505824119176,0.04640753235405487
noisy,0.01,1,234,0.2502477504895045,1.8773458772741396,0.32745525010728654,0.13513956427342363,0.4845711585461503,0.05283402707313959
noisy,0.01,1,235,0.6933690584264697,1.7754711648790542,0.27570066624424194,0.11726782477960226,0.570282506465617,0.036749002510538864
noisy,0.01,1,236,0.12763510341756046,1.7898649011939423,0.26479888495256554,0.11900107795289987,0.5743953872998138,0.04180464979472089
noisy,0.01,1,237,0.006617352657486836,1.789205442776066,0.2646458699767251,0.1189944886926293,0.5747263423261316,0.04163329900451395
noisy,0.01,1,238,0.3619453911669542,1.7704813930357173,0.2510484156847084,0.1089388279447818,0.59819802217115,0.04181473419935983
noisy,0.01,1,239,0.420931262138766,1.7669815169238086,0.2451816988953365,0.10797199267717929,0.6049024964521891,0.04194381197529509
noisy,0.01,1,240,1.0962161471834402,1.6645354316595806,0.1568119759035468,0.06327242120847075,0.7393276458484684,0.04058795703951406
noisy,0.01,1,241,0.3107136926846544,1.6482555421987906,0.18657966239061738,0.06860710539017381,0.7150120972967374,0.029801134922471433
noisy,0.01,1,242,0.3945463905693063,1.6532178084235953,0.1637252437149187,0.054438991085881155,0.7421242348527942,0.03971153034640594
noisy,0.01,1,243,1.1214676788658824,1.6599350115913867,0.1399516289448403,0.035736167845860305,0.7723408099097386,0.051971393299560666
noisy,0.01,1,244,0.05933716421714129,1.6533232762186771,0.14011440868153657,0.03497572423027365,0.7746256521357604,0.05028421495242941
noisy,0.01,1,245,0.4300951175973782,1.6860821443849174,0.13244122826950333,0.043534469515941386,0.7663141619398255,0.0577101402747298
noisy,0.01,1,246,0.1825441345572449,1.6870268750182889,0.11719390325250308,0.0506979101675082,0.7748642645170369,0.05724392206295186
noisy,0.01,1,247,0.9581172993057407,1.6851139615032822,0.10170831385393866,0.051108426639187875,0.7886444912004485,0.05853876830642485
noisy,0.01,1,248,0.16292734630406264,1.7011959605474707,0.09290754161388613,0.042035408834695455,0.7971494387958187,0.06790761075559987
noisy,0.01,1,249,1.0064338728552706,1.5846417393881789,0.07076091586377868,0.09283881869359423,0.819554752478728,0.016845512963899106
noisy,0.01,1,250,0.2579837118973986,1.57944238656636,0.056545798007602614,0.09654290757457815,0.831187959352071,0.01572333506574828
noisy,0.01,1,251,0.07549496629508212,1.592236161469974,0.055997956049223425,0.10025094499294909,0.8255854663468538,0.01816563261097374
noisy,0.01,1,252,0.32259031810099253,1.672499565990701,0.07002019349086815,0.12168811726475871,0.7763844001583596,0.03190728908601353
noisy,0.01,1,253,0.5568313410622046,1.7118949753670378,0.11051623406091618,0.11920370696208923,0.7310448619020052,0.03923519707498936
noisy,0.01,1,254,0.3026167448842898,1.6825469280818062,0.10948467356128194,0.1331922834909723,0.7320041654803706,0.02531887746737519
noisy,0.01,1,255,0.14521532034268494,1.682745879486762,0.11346403532216039,0.1187556201523147,0.7373816562345257,0.030398688290999305
noisy,0.01,1,256,0.43746683601057157,1.6538281045617467,0.12138652251247459,0.11578020365178107,0.7408864833906785,0.021946790445065888
noisy,0.01,1,257,0.1823750306502919,1.643966963767953,0.15018812854311858,0.09833169285901325,0.7295401629926639,0.02194001560520433
noisy,0.01,1,258,0.04509693267755238,1.6394333163194397,0.14962820712692856,0.09566475406267361,0.733011714827725,0.021695323982672887
noisy,0.01,1,259,0.1682742954581014,1.64690688723339,0.1506827114173808,0.10372755287199091,0.7249151760074315,0.020674559703196916
noisy,0.01,1,260,0.20571393083082484,1.6422346719841905,0.145165195688681,0.1013257299163758,0.732569046815864,0.020940027579079288
noisy,0.01,1,261,0.25908663350855904,1.6547164585695704,0.1522379502765905,0.10256682837406209,0.7219700359315753,0.02322518541777217
noisy,0.01,1,262,0.18314467510208488,1.6291793965434251,0.13087943640683378,0.10234720428911884,0.7482119366692441,0.018561422634803315
noisy,0.01,1,263,0.35758445266401045,1.6636000161828268,0.11837625167459988,0.09419651720670037,0.753918043828891,0.03350918728980864
noisy,0.01,1,264,0.2639088298310495,1.6604158499601709,0.11879553884002461,0.07529143402833113,0.7661600677607573,0.03975295937088698
noisy,0.01,1,265,0.33846382633782923,1.660624855954399,0.117586444497282,0.09678607938930528,0.7538877344265486,0.03173974168686418
noisy,0.01,1,266,0.20250494149513204,1.6543223551795905,0.14842028552550193,0.09041993007320656,0.7328896800644581,0.02827010433683339
noisy,0.01,1,267,0.08391925616888457,1.650498895189603,0.14225368040575712,0.08915265972842222,0.7401581557179021,0.028435504147918636
noisy,0.01,1,268,0.49332523375051013,1.640512762731202,0.1722763078137297,0.06522517274935154,0.7318017834235412,0.03069673601337759
noisy,0.01,1,269,0.13346991193248267,1.6621322106707408,0.18650324265547083,0.07602809234860083,0.7063983836071484,0.031070281388779934
noisy,0.01,1,270,0.2633780321339115,1.659123707065514,0.19027424668940457,0.09562836710199199,0.6919360496695237,0.022161336539079722
noisy,0.01,1,271,0.1892587273614492,1.6627201557705305,0.18167521536027587,0.10165494516047627,0.694618184987409,0.02205165449183899
noisy,0.01,1,272,0.30166430975077335,1.6666095059798507,0.19170917207169097,0.09579407501499454,0.6883762726326402,0.024120480280674407
noisy,0.01,1,273,0.21809180942363965,1.6629040975218954,0.2009694225166767,0.1019941236710456,0.6776231778452304,0.019413275967047307
noisy,0.01,1,274,0.22805053985211773,1.6519123940508678,0.18263335462683336,0.11554098100909128,0.6884303387415599,0.013395325622515572
noisy,0.01,1,275,0.25980535091366513,1.6762319610141003,0.17516139745091885,0.12016387481241361,0.684874263768207,0.01980046396846049
noisy,0.01,1,276,0.41708427475532545,1.6475458138486467,0.14885384267134935,0.12932364397027923,0.7105463369586316,0.0112761763997399
noisy,0.01,1,277,0.4843899462721307,1.6566241094678418,0.17793847111708155,0.12321427593497797,0.6863849264564849,0.012462326491455643
noisy,0.01,1,278,0.181388473836704,1.6658755696010932,0.18247848855749876,0.12511041264858433,0.6785448417588693,0.013866257035047626
noisy,0.01,1,279,0.20686698774807263,1.6529000496488737,0.192931355624047,0.10837587088360351,0.6836197965666623,0.015072976925687214
noisy,0.01,1,280,0.13624827924650199,1.6664181922692431,0.2000096370057639,0.11976306748937575,0.6664762376632626,0.013751057841597858
noisy,0.01,1,281,0.2008679328719154,1.6710499021989653,0.19913506563637617,0.12568999725474325,0.6622176244552698,0.012957312653610789
noisy,0.01,1,282,0.2287217028788291,1.694175313655821,0.20819738664201484,0.1221135966048357,0.6497303997842168,0.019958616968932714
noisy,0.01,1,283,0.3342409880715419,1.6827105243411709,0.2305814356174026,0.10078622947818985,0.6468537983072825,0.0217785365971251
noisy,0.01,1,284,0.20688848936697574,1.7053414411892769,0.20612246090276734,0.09955352153881857,0.6621168471990397,0.0322071703593744
noisy,0.01,1,285,0.14974014461040422,1.715333749896284,0.18698772926776608,0.09866436012491075,0.6762999591123569,0.03804795149496628
noisy,0.01,1,286,0.042014952807222616,1.7153473323474957,0.18979610474758687,0.0985071080439724,0.6739576062256687,0.037739180982772035
noisy,0.01,1,287,0.9410161346313555,1.7764762815247377,0.20106181979277846,0.08897382994858208,0.6520049204731702,0.05795942978546947
noisy,0.01,1,288,0.9453970330068845,1.7031084311642177,0.20117520323805788,0.12848205204885194,0.6492571253045669,0.021085619408523243
noisy,0.01,1,289,0.05178646493004327,1.7068103296448194,0.1984991975485904,0.1348946191814421,0.6465373052495854,0.02006887802038208
noisy,0.01,1,290,0.378496554505548,1.759317642219877,0.20680607850591293,0.11651600288054029,0.6351362868932553,0.041541631720291496
noisy,0.01,1,291,0.03045998548623513,1.7582220909174027,0.20591328734926628,0.11720396617861512,0.6358099457660336,0.04107280070608495
noisy,0.01,1,292,0.3209767689695559,1.7837208074364972,0.22080594605021694,0.12317246940814908,0.6117097637371948,0.044311820804439225
noisy,0.01,1,293,0.518620228627697,1.8042950220078735,0.22908726124018108,0.1358871839072476,0.5906493511021966,0.04437620375037477
noisy,0.01,1,294,0.5119946574559404,1.7110588171564836,0.2453599361003413,0.08430582243641456,0.6358294934289604,0.03450474803428374
noisy,0.01,1,295,0.8678762874915295,1.6638315768047076,0.24253989059790476,0.06730559119566384,0.6626981771909705,0.027456341015460878
noisy,0.01,1,296,0.05858710181200877,1.6633323983436161,0.2423997460739005,0.06954470058972646,0.6615871485139126,0.02646840482246052
noisy,0.01,1,297,0.3687369570834559,1.7212202360970261,0.25767420949662684,0.08974347297785026,0.6188214119760451,0.03376090554947773
noisy,0.01,1,298,0.6391265907441263,1.7990082792173638,0.23562387824529932,0.09917274021369504,0.6091360541166634,0.05606732742434217
noisy,0.01,1,299,0.931401816254947,1.7471123782529776,0.27313979843174335,0.08152352248722905,0.6028569750392315,0.04247970404179602
noisy,0.01,2,0,0.47012347454438114,2.8493025529737603,0.178051879744862,0.27496422763317746,0.2424625381235297,0.30452135449843093
noisy,0.01,2,1,0.4008726956671975,2.822338225862663,0.194584886791517,0.26189275376651716,0.24408390776276703,0.2994384516791988
noisy,0.01,2,2,0.22872441861546022,2.8514496742484696,0.20472048021496747,0.25121563102123945,0.23335953508822757,0.31070435367556554
noisy,0.01,2,3,0.05025763588491827,2.846995319672536,0.20731331994653657,0.24802589956290538,0.23437777086227127,0.31028300962828675
noisy,0.01,2,4,0.4591946855653102,2.748649219154549,0.18767906094498127,0.2684997224743993,0.26756421098518535,0.27625700559543415
noisy,0.01,2,5,0.2849391667987256,2.6977912510232565,0.19824853514526414,0.23179968622978472,0.2957842484920206,0.2741675301329305
noisy,0.01,2,6,1.12005091080209,2.7448637065956363,0.14968542736554108,0.3735360371594315,0.23734898039535923,0.23942955507966823
noisy,0.01,2,7,0.6378130617667922,2.726322553272071,0.14815417450491186,0.369782794610538,0.2463851159486185,0.23567791493593165
noisy,0.01,2,8,1.2002863258821879,2.4031110442632095,0.2426686861466517,0.30717954085599414,0.2978019833329507,0.15234978966440355
noisy,0.01,2,9,0.015029073168992824,2.4054371966095136,0.2421480262729295,0.30650161109355384,0.29798185894391577,0.1533685036896009
noisy,0.01,2,10,0.0944667638395913,2.3907171510260543,0.2413027695727268,0.30639461774148224,0.3030946448086684,0.14920796787712257
noisy,0.01,2,11,0.9088943357346578,2.247794574539967,0.34159178075370406,0.3033917838179467,0.2605421914465595,0.09447424398178987
noisy,0.01,2,12,0.033512539754160714,2.24648046935782,0.33948380164991054,0.3036374563028443,0.2625904202678604,0.09428832177938484
noisy,0.01,2,13,0.1219263805542152,2.2385548610842405,0.33220727636780784,0.3090562810408753,0.26787024853692354,0.09086619405439328
noisy,0.01,2,14,0.3933227398665633,2.180145190800636,0.3436938955080679,0.27051650027560775,0.29864841404219644,0.08714119017412798
noisy,0.01,2,15,0.09863779589068145,2.183532005555075,0.34164181734591054,0.2762140600440433,0.29594158046177504,0.08620254214827103
noisy,0.01,2,16,0.4700275725335874,2.152076166777258,0.36979756454598345,0.21062718519981202,0.3210292604935319,0.09854598976067264
noisy,0.01,2,17,0.2784050261252524,2.1737695384039455,0.34008729862040576,0.2130598804548946,0.3387320327371217,0.10812078818757798
noisy,0.01,2,18,0.4332925301860062,2.1958596359394034,0.38914279305422894,0.15746407286273859,0.3240710232995175,0.12932211078351497
noisy,0.01,2,19,0.15471891063498333,2.177588353060848,0.41616173889420593,0.15746768560558594,0.3062085261407857,0.1201620493594224
noisy,0.01,2,20,0.33332381374203024,2.1663244909057515,0.41209417140547566,0.16106924359529615,0.31080563844048914,0.11603094655873905
noisy,0.01,2,21,0.6436395990895072,2.1938535538382515,0.4798374425711954,0.13353509873390046,0.26142287014230536,0.12520458855259872
noisy,0.01,2,22,0.3556027212180186,2.2026901448332508,0.5099519484110954,0.1360975251298889,0.2314441276083355,0.12250639885068038
noisy,0.01,2,23,1.0783180689904899,2.204335682174066,0.5240750888340395,0.13016798055721662,0.2224898353822905,0.12326709522645332
noisy,0.01,2,24,0.20411314495140329,2.1957277887772486,0.5109889457126916,0.14436627440166333,0.22753799606266223,0.11710678382298298
noisy,0.01,2,25,0.7134159830748128,2.175950826089501,0.5532080466213822,0.13719931197564428,0.2015651610132642,0.10802748038970926
noisy,0.01,2,26,0.9211235567345273,2.1645315023495386,0.4386420706658648,0.28677693192343706,0.21176765337425452,0.06281334403644367
noisy,0.01,2,27,1.1220301387947982,2.104116320815872,0.29779944539601366,0.29358194287021405,0.3464148949466038,0.062203716787168406
noisy,0.01,2,28,0.14137424458749703,2.106732277965339,0.2952417710818946,0.29166220028543977,0.3490207243211702,0.06407530431149541
noisy,0.01,2,29,1.4969609091058445,2.1261165481778264,0.3463322152300714,0.14622188286681514,0.38829167083533106,0.11915423106778243
noisy,0.01,2,30,0.007988932426084006,2.1274098515619673,0.3465640605120255,0.14677498526139932,0.38737269698958077,0.11928825723699438
noisy,0.01,2,31,1.1019122427678596,2.059984413933174,0.3437890208023233,0.13448173542484154,0.41712793957587485,0.10460130419696025
noisy,0.01,2,32,0.3175938418717195,2.0019007159782496,0.33881355763495424,0.12040200156424746,0.4471461464069434,0.09363829439385493
noisy,0.01,2,33,0.6001779872458453,1.9208253336825014,0.30339549886871875,0.10508450687176482,0.5109868531971947,0.08053314106232164
noisy,0.01,2,34,0.665546461299531,2.0129516698343233,0.32581073776123964,0.09095456508859683,0.4731975402784726,0.1100371568716908
noisy,0.01,2,35,0.15385249262909184,2.0124521044417354,0.32352489077353364,0.10343870842838389,0.4676439558062249,0.10539244499185764
noisy,0.01,2,36,0.4612733161775395,2.000799075219877,0.31285327564828985,0.13925341147155917,0.4582858184834799,0.08960749439667119
noisy,0.01,2,37,0.06756869400851073,2.005172743390841,0.31958753081416014,0.1392625765194938,0.4511843210814196,0.08996557158492648
noisy,0.01,2,38,0.5402252092608251,2.033868155987522,0.24801594858362375,0.14932635661649823,0.4983447596309277,0.10431293516895034
noisy,0.01,2,39,0.15128053852823342,2.031976808452112,0.2462264246033303,0.15013583785725487,0.49995105998811434,0.10368667755130065
noisy,0.01,2,40,0.7687672589090593,1.919644834296478,0.23992843105275952,0.13741811608876967,0.5463051687121637,0.07634828414630716
noisy,0.01,2,41,0.8175012187566548,1.9241729990610004,0.2481629495137637,0.14487675790357057,0.5332680243690248,0.07369226821364105
noisy,0.01,2,42,0.5053472995641701,1.8981063241142584,0.254559612103412,0.14286789686096277,0.5366562045762628,0.06591628645936239
noisy,0.01,2,43,0.608513048733581,1.884697627368457,0.2256650134317695,0.14596506658824357,0.5636957266917115,0.06467419328827537
noisy,0.01,2,44,0.6420162660651841,1.8778922279477952,0.23832422751228088,0.14150791477247449,0.5574904310860658,0.06267742662917894
noisy,0.01,2,45,0.8614307083189489,1.8282080414241448,0.21497525118453006,0.10452237521015552,0.6151027053742135,0.06539966823110097
noisy,0.01,2,46,0.7537276712246217,1.8104960892907027,0.22655951203261707,0.1019243255480037,0.611898739877055,0.05961742254232427
noisy,0.01,2,47,0.005841115198563784,1.8109473437767782,0.22614882161846145,0.10213747146460984,0.6119899279986363,0.05972377891829256
noisy,0.01,2,48,0.4291358627378946,1.801719205788967,0.2483593767027374,0.10238059182010374,0.5953400495112199,0.05391998196593905
noisy,0.01,2,49,0.2684258036315473,1.775745476580131,0.22376306793518014,0.12142445270845341,0.6125792211080787,0.04223325824828776
noisy,0.01,2,50,0.9956231737742178,1.7647954513482667,0.3070506564392213,0.11349471423066959,0.5486615593629435,0.030793069967165736
noisy,0.01,2,51,0.8159245455171905,1.7421954566620954,0.36329282241828315,0.07629711928750597,0.5296482636880326,0.030761794606178235
noisy,0.01,2,52,0.6296923524350856,1.7909243177234855,0.42762140862636644,0.06375415865300306,0.4675571160080801,0.04106731671255053
noisy,0.01,2,53,1.2181325771380183,1.8383879615291407,0.3248197412292099,0.08283446544568318,0.5304661743518551,0.06187961897325184
noisy,0.01,2,54,0.6351737455697698,1.8276376343417333,0.20462555408031188,0.10628635827503276,0.6231495633915334,0.06593852425312198
noisy,0.01,2,55,0.6496911438298408,1.9550345734632182,0.24774657375422404,0.11996210733453533,0.5398427413034163,0.09244857760782436
noisy,0.01,2,56,1.7178473428357321,1.9358730788010883,0.15908582049059872,0.23661711216526193,0.5506004786501056,0.05369658869403377
noisy,0.01,2,57,0.7578226242912933,1.7622073999065182,0.1899933692486727,0.17322212394868022,0.6139825690966827,0.022801937705964385
noisy,0.01,2,58,0.12917625025147544,1.755863810749942,0.1873081970462109,0.1733311839695498,0.6181153442049093,0.021245274779329942
noisy,0.01,2,59,0.21968790935352084,1.7534118475569096,0.1584258819103246,0.16979376794222517,0.646047721106988,0.02573262904046214
noisy,0.01,2,60,0.8039841364952733,1.6639982483570448,0.1646239871563948,0.09382464591442462,0.7138607483018704,0.027690618627310173
noisy,0.01,2,61,0.41509956819936633,1.6736177888057104,0.17367624422830868,0.1212926275204441,0.6862404689435188,0.018790659307728486
noisy,0.01,2,62,0.04849306197138477,1.6717945803038923,0.18066223796011566,0.11888771559763495,0.6822007213476584,0.018249325094590905
noisy,0.01,2,63,0.4644445264129932,1.6539756008261546,0.14046281381473588,0.11459405188895236,0.7250025231597903,0.01994061113652137
noisy,0.01,2,64,0.05290916369995452,1.6569500210084673,0.14340049801395713,0.11258685046514337,0.7228082691787656,0.021204382342134044
noisy,0.01,2,65,0.13107374589889917,1.6593551801142234,0.14372702942157964,0.11932918502953715,0.7176595033501338,0.01928428219874948
noisy,0.01,2,66,0.24252432817593536,1.676915999072739,0.14159152209655887,0.10904105558790392,0.7206583019905587,0.028709120324978587
noisy,0.01,2,67,0.9386270393733869,1.8327547824199895,0.17703387637087398,0.15192194977890727,0.6174704588876027,0.05357371496261608
noisy,0.01,2,68,0.763901057594918,1.7684494257559693,0.1944414512343451,0.12573376546701776,0.6374804569292355,0.04234432636940164
noisy,0.01,2,69,0.07136124646058331,1.7681363250351865,0.1989037628633335,0.13077675867219116,0.6306038364264182,0.039715642038057185
noisy,0.01,2,70,0.7368783283745867,1.8024814010397454,0.23046210835712314,0.1124797657637984,0.6043901323455776,0.05266799353350084
noisy,0.01,2,71,0.22057788778329593,1.8016625318331092,0.23201627909776687,0.100362559512552,0.6107432020310976,0.05687795935858347
noisy,0.01,2,72,0.11635326611576578,1.8020692675444232,0.24257979080788267,0.0960631132522115,0.6041260480283949,0.057231047911511054
noisy,0.01,2,73,0.04914292378816529,1.7968035301311076,0.24794001039126556,0.09246410770021284,0.6032567134783356,0.056339168430185944
noisy,0.01,2,74,0.2786711440421641,1.7853078725102958,0.24098840434111385,0.10006626046362321,0.6079867079259894,0.05095862726927354
noisy,0.01,2,75,0.16531518171541743,1.8044896093380847,0.24161853157342497,0.10146169433490038,0.600921013341123,0.055998760750551685
noisy,0.01,2,76,0.32339072448666895,1.7340074034177788,0.23380862402215874,0.09872819482623547,0.6301726666714176,0.037290514480188296
noisy,0.01,2,77,0.29533072898630053,1.7229943613658136,0.2300492630358482,0.11651297127129837,0.6257352086654726,0.027702557027380947
noisy,0.01,2,78,0.3606266380520535,1.710353342502074,0.1852965594896575,0.1070664215598726,0.6740631538569242,0.03357386509354578
noisy,0.01,2,79,0.005830073321702767,1.7103506445241383,0.18556936264720525,0.10674717592156627,0.6740240027679396,0.03365945866328887
noisy,0.01,2,80,0.13068545493297282,1.7124877638867817,0.18360304144645584,0.10280935691344256,0.6775229167406994,0.03606468489940215
noisy,0.01,2,81,0.3325807749060906,1.7365965572002153,0.18737493688572104,0.1103294931716303,0.6624966807628453,0.03979888917980338
noisy,0.01,2,82,0.8371814117417661,1.7388552220964077,0.13703900835005847,0.09139868935957503,0.717171117194113,0.054391185096253555
noisy,0.01,2,83,0.2948574891197488,1.7368684499833786,0.14764393293716518,0.08510831685869562,0.7124285473455788,0.054819202858560415
noisy,0.01,2,84,0.3105185979511579,1.6869611819134456,0.14839136108622375,0.06690624545226513,0.7377651364416199,0.046937257019891154
noisy,0.01,2,85,0.033699189487378045,1.6869434160997117,0.1496608911447754,0.06714673255495301,0.7365193752046959,0.0466730010955757
noisy,0.01,2,86,0.5301240922417527,1.6685953991351579,0.1282255939624818,0.04984686441960928,0.7712528336840604,0.05067470793384857
noisy,0.01,2,87,0.046772259694992185,1.6670891590883679,0.13241470187372298,0.049736326904349565,0.7681255316468824,0.049723439575045145
noisy,0.01,2,88,0.03250757913338294,1.6665767208897433,0.13228122318212648,0.05152317123789621,0.7672895456702994,0.04890605990967787
noisy,0.01,2,89,0.1667889351374445,1.6598403775915311,0.12680760084875864,0.04837265890815241,0.7759868315679773,0.0488329086751117
noisy,0.01,2,90,0.48957007407443665,1.7104214170634326,0.12550039193639198,0.06113995947014754,0.7542737627532727,0.05908588584018773
noisy,0.01,2,91,0.42370611237128875,1.6786252407952924,0.15205605709824807,0.06867785630949462,0.7359546437268338,0.04331144286542352
noisy,0.01,2,92,0.5216737210284884,1.807058849790629,0.13547565957790286,0.07511095726301205,0.7084158924401145,0.08099749071897065
noisy,0.01,2,93,0.2315287305973473,1.7800548937121699,0.13303471246935236,0.06969232559494404,0.7218596019099652,0.07541336002573845
noisy,0.01,2,94,0.462286312656946,1.783634493546821,0.1326282755353618,0.08332564460005128,0.712743813417139,0.07130226644744797
noisy,0.01,2,95,0.3787792013608854,1.789238639631192,0.11853052082325503,0.09502062975025312,0.7161207271645,0.07032812226199188
noisy,0.01,2,96,0.060884345206435486,1.7937724204660002,0.11475881479216155,0.09351766240156154,0.7189843457608839,0.072739177045393
noisy,0.01,2,97,0.021285454742611454,1.7944215010507623,0.11439813158009235,0.09282309280598443,0.7195342189967483,0.0732445566171749
noisy,0.01,2,98,0.08860907395137545,1.791150739230018,0.11970200015037694,0.09398280925308872,0.7151778383856542,0.07113735221088016
noisy,0.01,2,99,0.695588057802521,1.8136570667148437,0.25032264742547394,0.0996868977497811,0.5917761559322111,0.058214298892533836
noisy,0.01,2,100,0.33037812734255595,1.818951355813466,0.26328808582241925,0.1418061008547788,0.5531052721386576,0.041800541184144425
noisy,0.01,2,101,0.6600986919947932,1.879237895566122,0.20652366881611733,0.1522905171540794,0.5779848500870942,0.06320096394270912
noisy,0.01,2,102,0.08807840838563308,1.8861018105299006,0.2177846602831386,0.15044607685098368,0.5673469917317331,0.06442227113414471
noisy,0.01,2,103,0.45575318712508306,1.846933218509978,0.15585613272632215,0.16763160117518372,0.6219841942254589,0.05452807187303524
noisy,0.01,2,104,0.4348583793034777,1.8608476794062054,0.17902883602484643,0.16073897998964756,0.6020302164560496,0.05820196752945646
noisy,0.01,2,105,0.11223321926081554,1.8720049026058336,0.177695443717743,0.1640959264708107,0.597829923908125,0.060378705903321374
noisy,0.01,2,106,0.6853106205235272,1.8924397373396693,0.08148934405182576,0.21443949962514908,0.6443145106627908,0.05975664566023437
noisy,0.01,2,107,0.017659072182141244,1.8918241842541152,0.08218254491197832,0.21452071028213468,0.6438444716782281,0.05945227312765891
noisy,0.01,2,108,0.1746958448202383,1.9095622008948754,0.08500147365038564,0.21233735567878423,0.6375002230125291,0.06516094765830117
noisy,0.01,2,109,0.3348768039722927,1.9358885103978591,0.08676010179485778,0.22151591049119315,0.6225659822711068,0.06915800544284235
noisy,0.01,2,110,0.21757490636082027,1.925501253061911,0.10540586469621213,0.20757033179206733,0.6180125803853217,0.06901122312639892
noisy,0.01,2,111,0.2340484083397337,1.9154848626945868,0.10167632576800714,0.19204571076075838,0.6337418820596331,0.07253608141160134
noisy,0.01,2,112,0.7693488885997805,1.8714922288164317,0.13318473471189102,0.1867280618108126,0.6226585293458692,0.057428674131427285
noisy,0.01,2,113,0.039687778044026345,1.8703083740129327,0.13379770346536557,0.1891201834352175,0.6210068625883258,0.05607525051109105
noisy,0.01,2,114,0.8242003595805693,1.8180330169657093,0.17027409816309383,0.17463884859222675,0.6137134367531837,0.04137361649149567
noisy,0.01,2,115,0.20039841788820584,1.8103537755452033,0.19684553978217323,0.15666800076999954,0.6040024132690295,0.042484046178797856
noisy,0.01,2,116,0.7421190390596166,1.7010557000878852,0.22414791270452505,0.11103324946345262,0.6406982994834572,0.0241205383485651
noisy,0.01,2,117,0.611262044403702,1.7903354681214532,0.19289740141737843,0.10895863034067019,0.6426798682264989,0.05546410001545252
noisy,0.01,2,118,0.24510934442514656,1.7889359936293432,0.22124799895190816,0.10063381281007111,0.6236568316605305,0.05446135657749023
noisy,0.01,2,119,0.1107189737376757,1.7853346486934134,0.22916111727962596,0.09815313959957572,0.6193949978902165,0.05329074523058182
noisy,0.01,2,120,0.6631218358525044,1.700321002863945,0.28897961829776253,0.04096661447550751,0.6279558502818139,0.042097916944916026
noisy,0.01,2,121,1.2711532341199927,1.890562321807089,0.30888120888116233,0.11659343570394086,0.5080952174894383,0.06643013792545853
noisy,0.01,2,122,0.12814678612630578,1.8880900131704974,0.33269859914402006,0.10841402925514024,0.49329462100723176,0.06559275059360802
noisy,0.01,2,123,0.7983026242000061,1.9397803312130892,0.29463464222151803,0.2262570016591447,0.43864372558750975,0.04046463053182756
noisy,0.01,2,124,0.3655836744583141,1.8820091201062226,0.2741479497470725,0.2061841652400091,0.4856347735616283,0.03403311145129004
noisy,0.01,2,125,0.5093552892212746,1.804204164713802,0.2803578773860874,0.14366102549058238,0.5415632263624166,0.03441787076091363
noisy,0.01,2,126,0.27225018409080903,1.8244459758810787,0.3011120626584716,0.1546902750773625,0.5108976670937715,0.03329999517039429
noisy,0.01,2,127,0.5885342828114578,1.9283216060783797,0.30566149904616097,0.09728411490306099,0.5116171125466065,0.08543727350417153
noisy,0.01,2,128,0.5415590543416293,2.0127091711654947,0.3197684321435329,0.10134702304937081,0.4720942164431157,0.10679032836398059
noisy,0.01,2,129,0.4247715305537011,2.012916131230637,0.3275219639078189,0.05982335985646565,0.4908788899003855,0.1217757863353301
noisy,0.01,2,130,1.1924744790885538,2.0039823880648675,0.234326971974537,0.17526935180319192,0.5030525980450655,0.08735107817720561
noisy,0.01,2,131,0.2736276508076055,2.009165614113209,0.24641836771924205,0.2145268626604684,0.46700960584952333,0.07204516377076609
noisy,0.01,2,132,0.07587330922251467,1.9901250531792491,0.24275706494382746,0.21206952327764664,0.47728521972640775,0.0678881920521182
noisy,0.01,2,133,0.9458502699271777,2.0507171313173163,0.23581994763230896,0.2565042255082623,0.4382312168666056,0.06944460999282319
noisy,0.01,2,134,0.29685815208359306,2.005149084211448,0.25178201666444333,0.2544130277684855,0.43914477463972545,0.054660180927345724
noisy,0.01,2,135,0.3483529969235022,1.9922465295876706,0.22911991679607657,0.2942761613953313,0.43813974970021385,0.03846417210837838
noisy,0.01,2,136,0.05942593904911225,1.9953919157473767,0.2263460736137145,0.297092675132827,0.4378879089438767,0.03867334230958165
noisy,0.01,2,137,0.05583156767534708,1.996797758000732,0.22649198619310462,0.29484119453768715,0.4387234922467958,0.03994332702241227
noisy,0.01,2,138,1.3421338844345871,2.1741087434020154,0.15507950838647294,0.20720183518185714,0.5019136434186517,0.13580501301301828
noisy,0.01,2,139,0.7158019368653176,2.050126435605765,0.15958314686517616,0.22757201623277384,0.5220353960490632,0.09080944085298674
noisy,0.01,2,140,1.2536995694390463,1.8795292115833953,0.13113123944974014,0.0888761831999961,0.682291355012214,0.09770122233804969
noisy,0.01,2,141,0.04263847600668669,1.8860487639532977,0.12947689297020581,0.0880232404026589,0.6823283713927635,0.10017149523437191
noisy,0.01,2,142,0.7727344113518437,1.829476737932793,0.21860537816897063,0.10096965730709792,0.6137715639620802,0.0666534005618513
noisy,0.01,2,143,0.07867734035244212,1.8302657472640216,0.21888817687196394,0.09706808065917687,0.6156957422151743,0.0683480002536849
noisy,0.01,2,144,0.48615941090975234,1.809496803200911,0.2799438915961975,0.09691513476905957,0.5690920281269497,0.054048945507793225
noisy,0.01,2,145,0.7598155589075757,1.7597660216315312,0.26545550254497763,0.06427261532307375,0.6163935865848502,0.053878295547098484
noisy,0.01,2,146,0.43348150956444126,1.7613565248026746,0.3233225257903758,0.06611582856317456,0.5647630205702826,0.045798625076167034
noisy,0.01,2,147,0.22426515014376808,1.7389722861749595,0.3370297003078191,0.06648935434481949,0.5592995058714957,0.037181439475865816
noisy,0.01,2,148,0.2866497952491048,1.7112597967497847,0.3575114794043015,0.0612580638718454,0.5530141940392045,0.028216262684648632
noisy,0.01,2,149,0.6886726186494345,1.7644880819133035,0.36444179159432954,0.07961761244834903,0.5200413138115967,0.03589928214572478
noisy,0.01,2,150,0.6205014508450406,1.747989054520169,0.3728479718372632,0.08768908509964796,0.5126945959190182,0.026768347144070666
noisy,0.01,2,151,0.7238628162886013,1.7770792172906733,0.3032299779903368,0.09956402458021014,0.556902479840718,0.04030351758873521
noisy,0.01,2,152,0.5740888742730021,1.8545584663680055,0.3370615648099594,0.09593509379904827,0.5070792703101581,0.05992407108083417
noisy,0.01,2,153,0.2688480546930805,1.874532698792147,0.2989682635293448,0.09845668582102109,0.5325271961514308,0.07004785449820335
noisy,0.01,2,154,0.22005679912399256,1.8202537213119656,0.2995044563840821,0.09093100897763988,0.5526960650487718,0.056868469589506365
noisy,0.01,2,155,0.028026688960380852,1.8207865104199359,0.3006184258145693,0.09014213508275111,0.552061792822193,0.057177646280486515
noisy,0.01,2,156,0.008933149045332323,1.8201801338985384,0.3009684828216069,0.09036454152505863,0.5518013849480624,0.056865590705272064
noisy,0.01,2,157,0.8084050312172684,1.8493053910951793,0.24281545275263247,0.09603315054359911,0.590002406080479,0.07114899062328942
noisy,0.01,2,158,0.9898465808946667,1.9013875146045165,0.213107700109606,0.15459248360036276,0.5643386310064197,0.06796118528361156
noisy,0.01,2,159,0.9196340123889969,1.9402738517210572,0.29594461695848445,0.09051174747369613,0.5206512833455919,0.09289235222222758
noisy,0.01,2,160,0.6293116186279769,1.8885171282481918,0.3204446375341931,0.1099215837152311,0.5028162291656091,0.06681754958496679
noisy,0.01,2,161,1.0346071466337923,1.8919717351624223,0.31796007644639096,0.1587808276432085,0.473946914405305,0.04931218150509553
noisy,0.01,2,162,0.07179927203106101,1.892588527302691,0.31977323764818766,0.15417030014344962,0.47502922992308794,0.0510272322852748
noisy,0.01,2,163,0.003872710920403699,1.8922631737460085,0.31969278669461787,0.1539581008258154,0.4753246577579387,0.05102445472162813
noisy,0.01,2,164,0.8219980439753272,1.9138297332033904,0.3598884883966539,0.13233093847288308,0.4475848949232608,0.06019567820720223
noisy,0.01,2,165,0.4703697716468014,1.9140913677762192,0.4054755549074003,0.12455890440708785,0.41301718079072647,0.05694835989478538
noisy,0.01,2,166,0.4943842426291667,1.9079127952188009,0.4235059490710885,0.10005718215829379,0.4143538384997773,0.06208303027084043
noisy,0.01,2,167,0.4569766977219832,1.9012141860846217,0.4287756271525973,0.05363213564926185,0.4403082931875388,0.07728394401060217
noisy,0.01,2,168,0.20839634299044818,1.9018108464457362,0.4171915683619112,0.05822311252544994,0.4472817679650634,0.07730355114757546
noisy,0.01,2,169,0.6952416700660261,1.9749738605268208,0.433445237460218,0.07249843432331109,0.40299505244174505,0.0910612757747259
noisy,0.01,2,170,0.0786259270971631,1.9738404743989986,0.4327658640066313,0.07874302691767324,0.40007749947707727,0.08841360959861819
noisy,0.01,2,171,0.16163688694359835,1.9583819923091794,0.4160163859935295,0.09066450631289116,0.4117140428933947,0.08160506480018473
noisy,0.01,2,172,0.14199163095327094,1.9285478530583908,0.4171462173963935,0.08322612493874053,0.4240877933391183,0.07553986432574766
noisy,0.01,2,173,0.19645605009281394,1.924650596425615,0.43091489608575984,0.0702760757767895,0.4213413467760611,0.07746768136138951
noisy,0.01,2,174,0.74318203824805,2.010587436714021,0.5081065685372246,0.12430514343396971,0.29662553982057643,0.07096274820822934
noisy,0.01,2,175,0.6614376218640236,2.0031205544065886,0.48933891968961857,0.1400139790572809,0.305300399394975,0.06534670185812556
noisy,0.01,2,176,0.09442888014018637,2.0018493981551173,0.4776427391663341,0.1384746795766466,0.3166541093145715,0.06722847194244783
noisy,0.01,2,177,0.15491637325613541,2.0111893915787458,0.43145554841624706,0.15397583895489456,0.34408586930349894,0.07048274332535938
noisy,0.01,2,178,0.5662068741512447,2.0072383007692935,0.37902416043071996,0.15065557438801083,0.3923777538272163,0.07794251135405274
noisy,0.01,2,179,0.7906258649309188,2.012690749725047,0.4122386891024552,0.1487892114809478,0.36334152161194977,0.07563057780464721
noisy,0.01,2,180,1.0578242117189793,1.9562745110247914,0.34745069403888995,0.18190984175370248,0.4154116277889574,0.05522783641845019
noisy,0.01,2,181,0.8805685346014868,1.8946646294742335,0.45834750609837127,0.13442798435861686,0.3672172604304875,0.04000724911252433
noisy,0.01,2,182,0.8418369481805674,1.8380974904402443,0.4606917564012153,0.10015148868329145,0.4028638409996391,0.03629291391585409
noisy,0.01,2,183,0.03348779771476651,1.8402622378443085,0.4603354152218987,0.09876840586926083,0.4033815445484871,0.03751463436035348
noisy,0.01,2,184,0.5789453495526645,1.89723127333334,0.3891744707466241,0.13222731769684157,0.42730884103253286,0.05128937052400149
noisy,0.01,2,185,0.09024766075890889,1.9009985518078178,0.3874311299979184,0.13342119863682092,0.4269686219997244,0.05217904936553634
noisy,0.01,2,186,0.02376244665356353,1.89944973659388,0.38723644271293534,0.13461943786894937,0.4268573014348946,0.0512868179832207
noisy,0.01,2,187,0.19249762065009537,1.8907327510093375,0.3762179205721326,0.1561007613535345,0.42574119230756813,0.041940125766764765
noisy,0.01,2,188,0.7629193040775125,1.8338999183129827,0.24980313551332284,0.11406423044703863,0.5774082301373071,0.0587244039023313
noisy,0.01,2,189,0.1176427009049832,1.8420615747620759,0.25235991968195187,0.11542568782786626,0.5719517745039582,0.060262617986223836
noisy,0.01,2,190,0.167487829225133,1.8690169226773679,0.2683724816403196,0.10211784564197394,0.5583403417705041,0.07116933094720251
noisy,0.01,2,191,0.09353729803114796,1.8679057524516616,0.2581629672076343,0.10319588038761307,0.5668325112524064,0.07180864115234617
noisy,0.01,2,192,0.7555344714783099,1.9451001806118153,0.23258888073929418,0.10160509274142791,0.5671717745439049,0.09863425197537307
noisy,0.01,2,193,0.13917507935548093,1.9407601030731876,0.22953000939291057,0.10344459767970673,0.5699660252623653,0.09705936766501731
noisy,0.01,2,194,0.34568986308294675,1.9175649618997044,0.20157534748698724,0.09015914204305717,0.6091864646915561,0.0990790457783994
noisy,0.01,2,195,0.5883018788299486,1.9068439775955008,0.18515859865291512,0.10763774627064746,0.6158092455512616,0.09139440952517588
noisy,0.01,2,196,0.7893835337017663,1.8017191513467912,0.25983888422423007,0.10139583603467918,0.5860150076200956,0.052750272120995215
noisy,0.01,2,197,0.3117990053724465,1.7880461983922684,0.23718105636566983,0.11324611847871531,0.6023637530002443,0.04720907215537051
noisy,0.01,2,198,0.3942439851816733,1.865078887521822,0.2657032259891874,0.11685759420034925,0.5527450278390205,0.06469415197144292
noisy,0.01,2,199,0.22225791431265046,1.8626022241797235,0.29368958882056967,0.09444883367824644,0.5430689085171534,0.06879266898403047
noisy,0.01,2,200,0.2135603774222536,1.8826199307152092,0.3247113924284887,0.08588245575790476,0.5156483664824574,0.07375778533114921
noisy,0.01,2,201,0.5354913487099111,1.9226405873468368,0.38581171536288966,0.09205156399562417,0.4473848749356389,0.07475184570584728
noisy,0.01,2,202,0.10039747686824443,1.9427452193395591,0.38246987317745157,0.09597934742463693,0.44193303261352246,0.07961774678438899
noisy,0.01,2,203,0.27067250508117174,1.9449778970297666,0.37100853674598766,0.10020593425653637,0.44855391009628526,0.08023161890119064
noisy,0.01,2,204,0.7653754879720509,1.8206967759688635,0.4294695383312578,0.11428961380738582,0.42616450111028115,0.03007634675107513
noisy,0.01,2,205,0.16230016254121404,1.8400985722592476,0.4439125884709473,0.12118581822905536,0.40379940147625243,0.031102191823744876
noisy,0.01,2,206,0.8063345506670946,1.8879755392467583,0.36306364021640775,0.11351677925204151,0.4640100708940706,0.05940950963748011
noisy,0.01,2,207,0.09449553099694097,1.8864991745323347,0.35564238853620517,0.11292592098155757,0.471204831231839,0.06022685925039836
noisy,0.01,2,208,0.1800724443164631,1.8658532081325006,0.33923461328713983,0.11531603158433498,0.4899681794143607,0.05548117571416451
noisy,0.01,2,209,0.5437092860229323,1.8254412680080507,0.2730384360350122,0.1108519591439763,0.5617865099214119,0.05432309489959962
noisy,0.01,2,210,0.08753526798682021,1.8398946592962184,0.2787121421143309,0.1129086765102138,0.5513550525201395,0.05702412885531585
noisy,0.01,2,211,0.0837717980030026,1.8192098337356946,0.27460596056499315,0.10611286411058914,0.5651838447336069,0.05409733059081094
noisy,0.01,2,212,0.06680503144161162,1.817727538137697,0.27642753363960126,0.10821100222417879,0.5627561395475686,0.05260532458865134
noisy,0.01,2,213,0.10777474904898555,1.8171170798707224,0.2723546022030548,0.11133994527029373,0.5645330309412536,0.05177242158539802
noisy,0.01,2,214,0.14563765452476315,1.8311424004739711,0.2659122014735807,0.10473444538143495,0.570028225573041,0.05932512757194333
noisy,0.01,2,215,0.7309432689798986,1.771223394234557,0.2779718628247862,0.0767485605498424,0.5945010517231724,0.05077852490219916
noisy,0.01,2,216,0.3836695139762014,1.7604878951902978,0.31622797136693537,0.08473220429309747,0.5596913955908575,0.039348428749109696
noisy,0.01,2,217,0.6795971573446871,1.7778811023322125,0.3204585407028934,0.05861307212901313,0.5669810341314646,0.053947353036628926
noisy,0.01,2,218,0.1715654659201388,1.755059959247934,0.33084041124820784,0.06180350899727512,0.5627821155262929,0.044573964228224155
noisy,0.01,2,219,0.09299234027275785,1.751993145813114,0.32197988971693164,0.06233047842518258,0.5710154813692966,0.04467415048858919
noisy,0.01,2,220,0.5209900224581391,1.688278123006703,0.35135413559118334,0.04775288681766092,0.5734246303585611,0.02746834723259472
noisy,0.01,2,221,0.12046539213042928,1.6979769239952047,0.3381868801347732,0.045246410627812386,0.5834765450085083,0.033090164228906094
noisy,0.01,2,222,0.25475766992895027,1.71129611889598,0.3459943251692755,0.047999784706875256,0.5711075775715635,0.034898312552285746
noisy,0.01,2,223,0.028184325841720828,1.7097641422748797,0.34663288636423123,0.04659855334037337,0.5718711783983074,0.03489738189708809
noisy,0.01,2,224,0.052694003097712994,1.7112602648976118,0.34964798625532756,0.04442748264290414,0.5701634029353744,0.03576112816639397
noisy,0.01,2,225,0.19564452901249751,1.7131302074658035,0.3450481207835877,0.04050578328142008,0.5759988956590361,0.03844720027595619
noisy,0.01,2,226,0.32176418416201974,1.713673329189033,0.3620198965491433,0.04731174050302363,0.5569957004586908,0.03367266248914233
noisy,0.01,2,227,0.35319860890740434,1.7300119742122004,0.3573275763793451,0.060494935928984764,0.5481103599539874,0.034067127737682765
noisy,0.01,2,228,0.7233233282458997,1.7149198943444055,0.4001940877616864,0.06171894347316143,0.5148379285694099,0.023249040195742258
noisy,0.01,2,229,0.007224825618323258,1.7145908530252922,0.3998849797235559,0.061629229967463936,0.5152565663073715,0.02322922400160861
noisy,0.01,2,230,0.2508544666343407,1.7109919096029915,0.38507588764954326,0.045628508920647896,0.5389312499297995,0.030364353500009256
noisy,0.01,2,231,0.04286317288642846,1.711849948559321,0.3829802912682876,0.045889060079533486,0.5403252114406359,0.030805437211542955
noisy,0.01,2,232,0.1251851298729889,1.7048937428313027,0.37897203183543243,0.04311768263747046,0.5475407198141342,0.030369565712962895
noisy,0.01,2,233,0.2507300939760171,1.7061052924023257,0.3391116232763266,0.05590290227937575,0.573716468047656,0.03126900639664163
noisy,0.01,2,234,0.5850703024188995,1.705521654509503,0.25936398540183686,0.07533295594074942,0.630868896127204,0.034434162530209804
noisy,0.01,2,235,0.5044328390504224,1.6841702860627445,0.185108908681535,0.1048979890190827,0.6833005647953477,0.026692537504034514
noisy,0.01,2,236,0.2788894306868308,1.6675513076228328,0.1974751276042429,0.08852512153129066,0.6875766026537994,0.026423148210667123
noisy,0.01,2,237,0.13075740559724794,1.6710125682401855,0.2105399408885032,0.08985759519312993,0.6744059665751806,0.025196497343186273
noisy,0.01,2,238,0.6758823454147227,1.6379521326758855,0.28175540719548287,0.05108326531064455,0.6463933708617083,0.020767956632164263
noisy,0.01,2,239,0.04515545431058951,1.637690983746763,0.28771566020590134,0.05019407062883546,0.6418613618684497,0.020228907296813585
noisy,0.01,2,240,0.7200911994441402,1.6422885544378254,0.2846713276229823,0.061366631463852774,0.6362521682542783,0.017709872658886655
noisy,0.01,2,241,0.6161161959753338,1.6761669043622278,0.27250520396941763,0.06298558779762173,0.6357731625379615,0.028736045694999122
noisy,0.01,2,242,0.0049184074741766,1.676321943940802,0.27268612326899516,0.06291127361654872,0.6356165921619777,0.028786010952478402
noisy,0.01,2,243,0.18465753737837404,1.65083943098556,0.2745713780889008,0.07034384281085754,0.6369344275785305,0.01815035152171109
noisy,0.01,2,244,0.41378968703793584,1.6414997435091427,0.2973210499619718,0.06890218869508619,0.6209019835156345,0.012874777827307454
noisy,0.01,2,245,0.19272439391352564,1.6302769990877033,0.3016929674846613,0.055282900949150206,0.6288255481484085,0.014198583417780032
noisy,0.01,2,246,0.365900150500238,1.6884948694797262,0.2852583717256632,0.07273202202629744,0.6150954013602031,0.026914204887836204
noisy,0.01,2,247,0.5578420946840174,1.6793371138292488,0.3382100608547652,0.044170941834594885,0.5896209760738553,0.027998021236784673
noisy,0.01,2,248,0.4584456896409425,1.698779284993432,0.3217072000226044,0.03746168759048335,0.6022739907609382,0.03855712162597405
noisy,0.01,2,249,0.2196856396039948,1.7111987958508914,0.317556194646302,0.04642254972862244,0.5966737551756428,0.039347500449432804
noisy,0.01,2,250,0.3886420261114859,1.6866763624005787,0.30360208738324695,0.061725616399260344,0.6065484926662131,0.02812380355127953
noisy,0.01,2,251,0.5588555471622394,1.6796668979982432,0.31791929732995894,0.04386517067762942,0.6072445079281323,0.030971024064279404
noisy,0.01,2,252,0.24040743487421715,1.6861854042512239,0.36671988612530315,0.04377077700253976,0.5632302749876122,0.026279061884544916
noisy,0.01,2,253,0.08767934527714102,1.6768252704078004,0.3709549671218029,0.04332131079818898,0.5626143031517067,0.023109418928301505
noisy,0.01,2,254,0.20154134690528736,1.6772725257145498,0.35544940132759417,0.048779499116278005,0.5725049749414739,0.023266124614653896
noisy,0.01,2,255,0.04320388950873166,1.6750502589484182,0.3573728050380516,0.04616018841623588,0.5731132525019318,0.0233537540437807
noisy,0.01,2,256,0.03431275987531958,1.6766898565610933,0.35807207277491643,0.047567367152749576,0.571159183078707,0.023201376993627017
noisy,0.01,2,257,0.40099170716711957,1.6351344810802875,0.36725368178912776,0.04138268577039387,0.579308191586147,0.012055440854331304
noisy,0.01,2,258,0.32136866461951513,1.6477079076463175,0.3549785614671544,0.043080644493471695,0.5851480504997393,0.016792743539634634
noisy,0.01,2,259,0.3934323798166562,1.6590697593220276,0.39181408773354154,0.055130139613248294,0.5425907249708789,0.010465047682331348
noisy,0.01,2,260,0.030004751461092383,1.6589641461800109,0.3927740123819078,0.05456535287021937,0.5421415994789721,0.010519035268900792
noisy,0.01,2,261,0.5985826816759102,1.7003782635244047,0.38705991458814565,0.05540644359542508,0.5343335259760696,0.023200115840359754
noisy,0.01,2,262,0.13463137607323036,1.710191877264704,0.39504994047385145,0.06038023632696664,0.5214899241042013,0.02307989909498076
noisy,0.01,2,263,0.10530128341633857,1.706643244101715,0.39020863078275136,0.06181057347908134,0.5258306384534972,0.022150157284670048
noisy,0.01,2,264,0.801698554714676,1.637431922795709,0.3285998346835835,0.06111911330166381,0.5998586119233117,0.010422440091441157
noisy,0.01,2,265,0.6138437133631669,1.7849669963675912,0.2578130473782146,0.0997616138358279,0.5937164929558321,0.04870884583012541
noisy,0.01,2,266,0.3611126300529577,1.8148487284714558,0.2585676149331358,0.08712059349008626,0.5920257186598966,0.06228607291688139
noisy,0.01,2,267,0.15374762582359508,1.799816127162445,0.26196180771891886,0.08176464147826662,0.5968225161690546,0.05945103463375995
noisy,0.01,2,268,0.01528918987605496,1.8008247941354913,0.2604274204793673,0.08263166142694432,0.5973184503052356,0.059622467788452906
noisy,0.01,2,269,0.10180995299015262,1.7989683842579032,0.2645936048481528,0.0819068801769175,0.5947084819967542,0.05879103297817554
noisy,0.01,2,270,0.019961269048507965,1.8025671601703694,0.26727301246431484,0.08213750633624137,0.5911869725642969,0.05940250863514695
noisy,0.01,2,271,0.03652311523910515,1.799767741040637,0.2709482042500395,0.08148649876304803,0.5892351308913556,0.05833016609555686
noisy,0.01,2,272,0.4035267404979062,1.7695402496807127,0.24207731340220554,0.0821518259109,0.622728174541637,0.053042686145257575
noisy,0.01,2,273,0.3225595424883075,1.7392313116092353,0.2482879451374963,0.07182402176439928,0.6326625814773069,0.04722545162079757
noisy,0.01,2,274,0.22672449907986447,1.7714479843906685,0.24128216193353755,0.0785634123131645,0.6250634746252085,0.055090951128089594
noisy,0.01,2,275,0.47383543924661325,1.7556421816349634,0.22716233532937669,0.07206881000236832,0.6459593565636516,0.054809498104603484
noisy,0.01,2,276,1.4527862768154614,1.9673013211805637,0.3942508820333905,0.08908349251854474,0.4287959453990397,0.08786968004902508
noisy,0.01,2,277,0.025629785610368966,1.966960152356109,0.3927280554568775,0.08841637332829357,0.4306173582701537,0.08823821294467525
noisy,0.01,2,278,0.020530798588885485,1.96870814889267,0.39422014362290414,0.08817292060059571,0.4289677594415101,0.08863917633499006
noisy,0.01,2,279,0.5237269153585625,1.9756976849552454,0.4622802134609368,0.07322395487826953,0.37754501061785756,0.08695082104293622
noisy,0.01,2,280,0.10640342807164413,1.9838091910768787,0.4647737573235666,0.07138029683085653,0.37414926134524085,0.08969668450033592
noisy,0.01,2,281,0.06774963898351416,1.9725395616178445,0.45919228526475697,0.07304511077584429,0.3812373133566228,0.0865252906027758
noisy,0.01,2,282,0.2241218126146194,1.9461282241965938,0.4403872922064249,0.07205298449701593,0.40578241624352507,0.0817773070530341
noisy,0.01,2,283,0.5763199888169804,1.9112346143734844,0.38221225269887316,0.06608836803244589,0.4698003261474855,0.08189905312119548
noisy,0.01,2,284,0.913684656028639,1.8733778106040229,0.40149410458260915,0.10084144513257778,0.4429844201038386,0.0546800301809744
noisy,0.01,2,285,0.4384255522745662,1.9311417847479149,0.45214842860957366,0.12500592326332044,0.36758847824705904,0.05525716988004695
noisy,0.01,2,286,0.4523241057177074,1.999793661354674,0.42406590825836354,0.15357835969066322,0.35403084289032494,0.06832488916064829
noisy,0.01,2,287,0.14465351885883465,2.010646450666791,0.41604904799014725,0.15481616369451973,0.3569741346178319,0.07216065369750109
noisy,0.01,2,288,0.0855869554798086,2.0060166594116735,0.4140771034836599,0.15765954474763377,0.35828928831208023,0.06997406345662614
noisy,0.01,2,289,0.15668681502575055,1.9790013058308065,0.43033306311756986,0.1488428910211865,0.35765752875486306,0.0631665171063806
noisy,0.01,2,290,0.580683333973866,1.9186853222389944,0.41135826732967623,0.12237583582213347,0.4079418796751995,0.058324017172990905
noisy,0.01,2,291,0.7001589701976662,1.9662632391362236,0.46827541751317914,0.06521467402030356,0.38008495835352535,0.08642495011299195
noisy,0.01,2,292,0.8244424359290919,2.025543730806617,0.41548491796226705,0.15988078968843383,0.3499778818549008,0.07465641049439825
noisy,0.01,2,293,0.2787008705199686,2.043747492179395,0.417318617429848,0.14892796852467294,0.34975916669983376,0.08399424734564541
noisy,0.01,2,294,0.13594301929697497,2.0255463943235235,0.42192032575759597,0.1478061413489008,0.351840298981268,0.0784332339122352
noisy,0.01,2,295,0.2727596059558043,2.0148220929717384,0.4249335424728151,0.15859051417884248,0.3457975233486309,0.07067841999971153
noisy,0.01,2,296,0.1802224382408905,2.0007544001638133,0.4227271862808061,0.1348314315194746,0.36638537642147595,0.07605600577824345
noisy,0.01,2,297,0.2866197682451518,2.0135797953637335,0.415534141177777,0.1188660313002942,0.3785886650412544,0.08701116248067452
noisy,0.01,2,298,0.7015443635173132,1.9009194866142005,0.3577452358517402,0.1463054147156069,0.44466071624527814,0.051288633187374866
noisy,0.01,2,299,0.3825521889375513,1.8807173352008468,0.39493897794645877,0.13695642003328984,0.4243072788434421,0.04379732317680934
noisy,0.01,3,0,0.13028497289632796,3.102369208984912,0.27989862902024953,0.2256733618491395,0.11100002842700236,0.38342798070360856
noisy,0.01,3,1,1.129688354441897,2.530322650578411,0.3717911064780238,0.18080826286499307,0.22662914062686965,0.22077149003011337
noisy,0.01,3,2,0.2863653259119029,2.5161993337186357,0.34623007607283,0.17377974873813232,0.2570359071257353,0.22295426806330237
noisy,0.01,3,3,0.49943259876454343,2.550033770221712,0.3389886043066854,0.18265596661260702,0.24791992370921764,0.23043550537148993
noisy,0.01,3,4,0.7282083519967308,2.402838448913237,0.3679113498308826,0.23857557211431268,0.23199771657337176,0.16151536148143306
noisy,0.01,3,5,1.6068637651624134,2.0256670050258534,0.4414109326189621,0.24870806357022485,0.27337316951010476,0.03650783430070834
noisy,0.01,3,6,0.2695879574166602,1.9870456886501568,0.41700296612693755,0.22268875450930514,0.32157148224381904,0.03873679711993823
noisy,0.01,3,7,0.4384094286942819,1.960360774049837,0.40357756214286744,0.2116683877467867,0.3476931407233793,0.037060909386966566
noisy,0.01,3,8,0.32417984801576955,1.9383932247739757,0.3802687195388034,0.20251391670918695,0.37980365108896963,0.037413712663039965
noisy,0.01,3,9,0.15263573586707935,1.9423818196665004,0.3809856849289195,0.21092281540667845,0.37286929856868734,0.035222201095714695
noisy,0.01,3,10,0.8670818702084934,1.8567582200987223,0.386186845698354,0.15942766662387137,0.4251219425166501,0.029263545161124505
noisy,0.01,3,11,0.09692087984876606,1.8575094462441395,0.3879599783438341,0.15535421873502986,0.42587045766555237,0.030815345255583743
noisy,0.01,3,12,0.3008382732514292,1.8368815523401913,0.34735432045129316,0.17774431721365638,0.4532053201157844,0.021696042219266187
noisy,0.01,3,13,0.523286006704442,1.8716157013017884,0.3540217385679669,0.16913626471069554,0.44250219590980205,0.03433980081153554
noisy,0.01,3,14,0.4758273314801009,1.8850894548264723,0.28618485383581144,0.19002650736147036,0.484236799389696,0.039551839413022205
noisy,0.01,3,15,0.0877469193656033,1.878680008006776,0.27877694100018185,0.18710210709862596,0.49431418712797015,0.03980676477322202
noisy,0.01,3,16,0.6357198155019457,1.8365942396607018,0.2455773596114344,0.18619252323220967,0.5359645812644778,0.03226553589187808
noisy,0.01,3,17,0.5187748847529328,1.7852597266920254,0.28196194255895674,0.16555673453404038,0.5323241655158528,0.020157157391150163
noisy,0.01,3,18,0.17510788084473816,1.775053459722536,0.283975522927653,0.1693268415254557,0.5312821938761535,0.01541544167073784
noisy,0.01,3,19,0.13539592595770916,1.7748318683344073,0.29193272809438964,0.17219312828816263,0.522716408592582,0.013157735024865811
noisy,0.01,3,20,0.10926038428442197,1.7746150815277777,0.2949489204282951,0.1792121107120252,0.51587091459438,0.00996805426529983
noisy,0.01,3,21,0.1000302351312714,1.7707691898438909,0.29675570789133154,0.16681257646308179,0.5230505334664304,0.013381182179156301
noisy,0.01,3,22,0.32941593759460375,1.8148327995527709,0.3326043149027893,0.14402806171567947,0.49309668684525704,0.0302709365362742
noisy,0.01,3,23,0.2732195846037915,1.8130894405905986,0.30244103896369146,0.1364601541325275,0.5242898290266765,0.03680897787710466
noisy,0.01,3,24,0.8780253695440539,1.9395375737254332,0.29012086950661725,0.15402983259524175,0.48687392672543284,0.06897537117270815
noisy,0.01,3,25,1.0140324313542866,1.9616265671343003,0.3838796054904531,0.15695128433201733,0.39775774694166854,0.06141136323586121
noisy,0.01,3,26,0.36645673791645694,1.9665058263831208,0.3587180846666673,0.21160053759503164,0.38452195028777303,0.045159427450528145
noisy,0.01,3,27,0.08946693706093356,1.9558532304720027,0.34872758851894614,0.21260772175049264,0.39564289822087184,0.043021791509689405
noisy,0.01,3,28,0.17731106333667523,1.9425756583967175,0.3648014666482804,0.18217842818612257,0.404334704569793,0.04868540059580416
noisy,0.01,3,29,0.14999959588749334,1.94621707611512,0.37519979711711615,0.16478526064130888,0.4049639121196732,0.05505103012190171
noisy,0.01,3,30,0.16787897096946836,1.9209897053927008,0.38459170726776704,0.1398692530642766,0.4195744166569673,0.0559646230109892
noisy,0.01,3,31,0.7667511532781647,1.938465192784974,0.48096090256896384,0.08071009056751731,0.3678474029947517,0.07048160386876716
noisy,0.01,3,32,0.3723926220554848,1.9812797283288368,0.4536658485757621,0.09634230604781004,0.3691181295708369,0.08087371580559115
noisy,0.01,3,33,0.22112217202084747,1.9591755562031818,0.42606148400499155,0.09768095322917715,0.39853118363508516,0.07772637913074613
noisy,0.01,3,34,0.5900546613265771,1.9656924715847652,0.5081068031317736,0.06110430402240429,0.34856742849108885,0.08222146435473338
noisy,0.01,3,35,0.23907554883043858,1.9026641450376582,0.45934627703361874,0.07379744699691164,0.4011953685965116,0.06566090737295813
noisy,0.01,3,36,0.1485158647410596,1.8880868980924208,0.4451778287681012,0.0762859746148868,0.4161399712371816,0.06239622537983047
noisy,0.01,3,37,0.3240700479946039,1.905341411544249,0.4216479240918958,0.10392790610139009,0.4143336120191119,0.06009055778760229
noisy,0.01,3,38,0.07646430423482897,1.9160063569052548,0.4097919457666054,0.10290219718619553,0.42202706193597506,0.06527879511122406
noisy,0.01,3,39,0.8177544924546966,1.8304657529238046,0.51632751479658,0.07527604759976841,0.3725792648175544,0.03581717278609718
noisy,0.01,3,40,0.013825509755402976,1.8315271319536222,0.5154940065592358,0.07661881437657535,0.37215858221448606,0.03572859684970285
noisy,0.01,3,41,0.7776052310364319,1.8015225341833256,0.5849862525378321,0.043258123061550344,0.34185179203467303,0.029903832365944665
noisy,0.01,3,42,0.19689729786477983,1.78183697054125,0.5703049263923583,0.047334404566759546,0.3577257645480108,0.024634904492871326
noisy,0.01,3,43,0.4250444255885632,1.8023805508716932,0.5276110852795908,0.06192320932805445,0.37935251634520795,0.031113189047146845
noisy,0.01,3,44,0.14175003714626655,1.7819905332651629,0.5287922120893217,0.0618813919015372,0.38436506133075826,0.02496133467838283
noisy,0.01,3,45,0.241560121881772,1.7898336810830846,0.5477225373798307,0.07468253770652346,0.35795845473115495,0.01963647018249096
noisy,0.01,3,46,0.8078836071072144,1.7670101566183245,0.554840205030701,0.034307505889810005,0.3833519499794193,0.0275003391000697
noisy,0.01,3,47,0.27308796567376686,1.7531112073611923,0.5237621432845595,0.03537300296444774,0.41346638262698254,0.02739847112401035
noisy,0.01,3,48,0.2454519211314617,1.7273514987912042,0.5381460168296444,0.024724622303277263,0.41524395977216677,0.02188540109491164
noisy,0.01,3,49,0.4469130647485109,1.7015032894228534,0.5384562014746218,0.007580567716477884,0.43313138067988494,0.020831850129015426
noisy,0.01,3,50,0.14060621312819654,1.701647156511459,0.5488641564972373,0.008349012013368795,0.4236790267378542,0.019107804751539777
noisy,0.01,3,51,0.1078524397453284,1.7174299149029288,0.5507102288574497,0.007767056957495133,0.41780408486659426,0.0237186293184609
noisy,0.01,3,52,0.038817889115306425,1.7193262395760518,0.5562707768614692,0.0076714625202622885,0.4125312921008256,0.02352646851744292
noisy,0.01,3,53,0.3806089443387472,1.710413383281685,0.5388977448953494,0.019151819397347364,0.42301235525755754,0.018938080449745823
noisy,0.01,3,54,0.0990777330007393,1.7111452873411623,0.5360984502656049,0.02109915916433631,0.42400344767663267,0.01879894289342614
noisy,0.01,3,55,0.5656461741891678,1.722650673611472,0.5591785416444439,0.023655088508068283,0.39923181666441765,0.01793455318307005
noisy,0.01,3,56,0.9014481260091995,1.8622643766535134,0.3177230389567696,0.10690848943422505,0.5147533647383569,0.06061510687064851
noisy,0.01,3,57,0.0011583204614058762,1.8623309746209489,0.3179065300336833,0.10682095805914339,0.5146291388943213,0.060643373012852025
noisy,0.01,3,58,0.008385370485485683,1.860898082516248,0.3177913639455685,0.106473593687029,0.5153643541492471,0.0603706882181554
noisy,0.01,3,59,0.6336802400182944,1.8061702186422681,0.36309723200059296,0.11258049647554713,0.48865765255918714,0.035664618964672774
noisy,0.01,3,60,0.7898997538723052,1.74481713972074,0.3328759491690989,0.1263252720742759,0.5243751505099209,0.016423628246704382
noisy,0.01,3,61,0.14539501286344517,1.733215714099164,0.34180997490582554,0.11791251050314402,0.5252544732040829,0.015023041386947645
noisy,0.01,3,62,0.15616259194212395,1.7302818558383515,0.34057467930942853,0.10940204931250888,0.5324142943785832,0.01760897699947939
noisy,0.01,3,63,0.3670217075268705,1.7409116853592177,0.3508542404059032,0.09002925939324095,0.5323148953055618,0.02680160489529415
noisy,0.01,3,64,0.3324241806985821,1.6969469700627027,0.33109925023081266,0.09565984126875796,0.5588765362032361,0.014364372297193357
noisy,0.01,3,65,0.6837285255896847,1.7554184405504698,0.3170315263010206,0.08901786438003192,0.557856676509546,0.03609393280940153
noisy,0.01,3,66,0.023955211741850016,1.7531028096745154,0.3160401229325921,0.0894097047536555,0.5591551535424358,0.03539501877131665
noisy,0.01,3,67,0.7468317074235526,1.8049776221373093,0.35351287177380913,0.07493807820399127,0.5204092459282782,0.05113980409392138
noisy,0.01,3,68,0.20795167441246695,1.8224660057903226,0.3477569828991363,0.07225547636389257,0.52187011973036,0.058117421006611214
noisy,0.01,3,69,0.3944561331882117,1.848504796676482,0.3331809574469811,0.06484158629670927,0.5313358891597701,0.07064156709653946
noisy,0.01,3,70,0.868372223514599,1.9728419868043006,0.3954035244496661,0.06422167600353466,0.44145017078434046,0.09892462876245879
noisy,0.01,3,71,0.994507916038856,2.0011749585094285,0.38540172767540665,0.06849002721004661,0.43910438534652935,0.10700385976801746
noisy,0.01,3,72,1.0885301294038012,1.8657203906397701,0.39931769843847176,0.09101224380816572,0.45314955012512,0.05652050762824241
noisy,0.01,3,73,0.15924551739590956,1.8888378846631952,0.3999459763585173,0.09003702974427227,0.44640049430495565,0.0636164995922548
noisy,0.01,3,74,0.2347456470597547,1.9083768637760412,0.3908363800898233,0.09791347519232631,0.44365582212487376,0.06759432259297675
noisy,0.01,3,75,0.30374315596418455,1.923684881515247,0.41381835884468937,0.08285591408254159,0.4286105034250076,0.0747152236477615
noisy,0.01,3,76,0.9110059817321587,2.16229826013159,0.46833337766309086,0.10933412452464819,0.2953785902793049,0.12695390753295616
noisy,0.01,3,77,0.7811819033231597,1.969234784570804,0.38739064653215516,0.08749645919872229,0.43510951288655086,0.09000338138257159
noisy,0.01,3,78,0.439559044316411,1.9277578162461144,0.38180134795928716,0.103980014163368,0.44200720276620953,0.07221143511113536
noisy,0.01,3,79,0.5507825857494015,1.946129323814969,0.40522146634703166,0.10456699050731481,0.41607449617928555,0.07413704696636797
noisy,0.01,3,80,0.15321589761879406,1.9404147209563236,0.3945987080858632,0.10358737011361535,0.42750207336665386,0.07431184843386755
noisy,0.01,3,81,0.07099879218730965,1.940397025494988,0.3974299955452444,0.10019919510321128,0.4271497154326948,0.0752210939188496
noisy,0.01,3,82,0.3389840711024579,1.9441320917281342,0.38836161410077163,0.11149149404770675,0.42692657635657577,0.07322031549494583
noisy,0.01,3,83,0.733157576585653,1.8762688605074658,0.457472910733462,0.09751677139070708,0.3960131874436848,0.04899713043214612
noisy,0.01,3,84,0.024999072891658924,1.8746763101897232,0.45548241807588075,0.09696700056220588,0.39853030058156236,0.04902028078035104
noisy,0.01,3,85,0.017854805395476403,1.8738750211525192,0.4559310729592997,0.09620228667806618,0.39884963413630775,0.049017006226326446
noisy,0.01,3,86,0.3668051343411172,1.9030433999546412,0.4791071893624877,0.09713745659433104,0.3697783739424209,0.05397698010076026
noisy,0.01,3,87,0.2230254645110108,1.9362356681443311,0.4657036756759222,0.12096456613415332,0.35692092115294444,0.056410837036979904
noisy,0.01,3,88,0.612011504417751,1.8644812718269246,0.3808448391074769,0.10696598669507135,0.45962930253160833,0.052559871665843264
noisy,0.01,3,89,0.41128351516089623,1.9629253134722404,0.3480660652446325,0.1086801753076549,0.45783929619632613,0.08541446325138649
noisy,0.01,3,90,1.2245298133348115,1.9006673179543239,0.49121226631115084,0.08610717440588006,0.36684682264272744,0.055833736640241695
noisy,0.01,3,91,0.2944472687086102,1.857351217995725,0.4823621348078836,0.06984370979497602,0.3971741556097392,0.050619999787401296
noisy,0.01,3,92,0.039369174919556826,1.8565404754178396,0.47410062133234354,0.0704370110697613,0.4041482411239154,0.051314126473979836
noisy,0.01,3,93,0.14296501124045236,1.8550054223227996,0.46356821394085945,0.07190141164413458,0.4127546355378535,0.05177573887715239
noisy,0.01,3,94,0.542598683154214,1.8181198621341805,0.4084044280016734,0.07090806835956052,0.47169635618452077,0.04899114745424531
noisy,0.01,3,95,0.3949244272080277,1.8089374346567215,0.4284817615862746,0.07506717198680427,0.4545579774305664,0.04189308899635474
noisy,0.01,3,96,0.2487274919403719,1.791686746127063,0.4395526678947983,0.08089793648434648,0.44652944861353977,0.03301994700731546
noisy,0.01,3,97,0.16249054460786283,1.7819561812882314,0.428744976982213,0.08219982335174587,0.4578978686992325,0.03115733096680875
noisy,0.01,3,98,0.32165653281845513,1.7883760111465654,0.4191648766748047,0.11730376961708366,0.4427025837015368,0.02082877000657481
noisy,0.01,3,99,0.025338230887431215,1.7846203450468965,0.4176365848916035,0.11503942198882115,0.44651383300635755,0.0208101601132179
noisy,0.01,3,100,0.18921919201966353,1.7777059066990264,0.41198639388984815,0.10476248948313813,0.4597228734882526,0.023528243138761045
noisy,0.01,3,101,0.020837358315475285,1.7772782119065165,0.4108542512043968,0.10512385289881673,0.46060190429600417,0.023419991600782238
noisy,0.01,3,102,0.42379681783495826,1.8020193933466953,0.3835028748144683,0.11366075729706257,0.4716299999334511,0.031206367955018032
noisy,0.01,3,103,0.4088351639220493,1.8448390613947265,0.39612004491695196,0.12121883368978123,0.443508716655288,0.03915240473797885
noisy,0.01,3,104,0.15667297138134137,1.8436283624934933,0.3959120842924628,0.11593372320249419,0.44728760057760414,0.04086659192743894
noisy,0.01,3,105,0.11870773829286918,1.8313039969479723,0.38855508935209343,0.11407667295309147,0.4583940652610546,0.03897417243376055
noisy,0.01,3,106,0.1724946264876064,1.8357201426042897,0.3891460478164851,0.11448781666248209,0.45633176667041303,0.040034368850619714
noisy,0.01,3,107,0.3628440968459439,1.8204313606957727,0.37953757224934287,0.1099743365928233,0.4718849179879845,0.0386031731698492
noisy,0.01,3,108,0.1643513442249933,1.7889067419083933,0.3525013587169966,0.10106409778570091,0.5099584871240713,0.0364760563732312
noisy,0.01,3,109,0.47091824765084667,1.8011430533889874,0.3883768761363098,0.10343245767507576,0.47396895545096657,0.03422171073764791
noisy,0.01,3,110,0.11264157627010718,1.8160940526164813,0.3756048811682817,0.10763748386181611,0.4779870007438759,0.03877063422602636
noisy,0.01,3,111,0.3756684071267953,1.774680270125583,0.3810693190538179,0.08933934927195336,0.49672320085922983,0.03286813081499895
noisy,0.01,3,112,0.7085982587886974,1.8230433196010392,0.3596464161548201,0.14547156400699776,0.4664732604924922,0.02840875934568998
noisy,0.01,3,113,0.35233479167800397,1.837762775563791,0.33912020801446274,0.15827019915429869,0.4719819985762637,0.03062759425497484
noisy,0.01,3,114,0.29712685965932906,1.8557171983790381,0.3728717211494838,0.1554975053390619,0.439304260526565,0.032326512984889436
noisy,0.01,3,115,0.13822974270442268,1.8651214585404312,0.38541114253594044,0.15167861613882083,0.4280764465257849,0.034833794799453845
noisy,0.01,3,116,0.3313945907866594,1.9168240926849183,0.4047615915874786,0.16713577917366598,0.38673223716952304,0.04137039206933217
noisy,0.01,3,117,0.2570298406644783,1.9326983967937499,0.3933691339036122,0.16843249295737706,0.3910688514836207,0.04712952165539004
noisy,0.01,3,118,0.1512102658161929,1.9321735578354617,0.3904677225818423,0.16791543281076088,0.39403677195100456,0.04758007265639211
noisy,0.01,3,119,0.992472031328359,1.7653758639231596,0.343589090185419,0.08545241303779848,0.5341831018439537,0.03677539493282894
noisy,0.01,3,120,0.4242714507854511,1.7799182638971085,0.3150359792427172,0.06615756736740566,0.5664196140088961,0.05238683938098117
noisy,0.01,3,121,0.08541058521950601,1.7786049667857793,0.32394686763204183,0.07187792802921264,0.5555893509137234,0.04858585342502208
noisy,0.01,3,122,0.3120788449305108,1.789607151448377,0.30448168579086843,0.0699732381566786,0.5703314627192106,0.05521361333324234
noisy,0.01,3,123,0.4436866973410362,1.7977271405305228,0.3310983340490891,0.08714099415979364,0.5343856309144055,0.04737504087671174
noisy,0.01,3,124,0.12599159451201317,1.8018332104044483,0.31842353630992204,0.0918513814650615,0.5412212192090725,0.04850386301594397
noisy,0.01,3,125,0.34076861874200665,1.8217432423084707,0.3082480894419302,0.09923499960254457,0.5395970967614043,0.05291981419412098
noisy,0.01,3,126,0.14462211244972667,1.8319404999805138,0.3123658201164039,0.10037243384650935,0.5323350943658208,0.05492665167126597
noisy,0.01,3,127,0.050965937087311286,1.8341443570758063,0.3147671219969815,0.09955984054395042,0.5301114544832871,0.05556158297578092
noisy,0.01,3,128,0.04016574932030076,1.8290982126814417,0.31882504656808247,0.09844725469459949,0.5287795457808347,0.053948152956483426
noisy,0.01,3,129,0.10714663972612558,1.8293602379019638,0.30930867490245195,0.09453249173401497,0.5393267621206274,0.056832071242905804
noisy,0.01,3,130,0.22698092559585367,1.8397910717201054,0.33003658452499085,0.09051734017619512,0.5208246478841467,0.05862142741466736
noisy,0.01,3,131,0.7969784095184889,1.8817109996277168,0.38089052988287764,0.035499195587892635,0.49845419968708193,0.08515607484214771
noisy,0.01,3,132,0.027281780319752952,1.885224826212909,0.38499378372137094,0.03594436369945132,0.4936079170302048,0.08545393554897292
noisy,0.01,3,133,0.009523990331218729,1.8851567685887725,0.3843035745043378,0.036072334717366615,0.49414415635211684,0.08547993442617884
noisy,0.01,3,134,0.185247768939006,1.889669003357437,0.4169806288044331,0.05062812314175427,0.4557076506591399,0.07668359739467286
noisy,0.01,3,135,0.4107411262230006,1.897901551774798,0.4272419019376891,0.04358678322015336,0.448780340403934,0.08039097443822357
noisy,0.01,3,136,0.035515190626034976,1.8989473275180648,0.42844009335049593,0.04436145636880187,0.4469647017753886,0.08023374850531365
noisy,0.01,3,137,0.31923506280873076,1.896428278420089,0.4549580245560557,0.041138751063086954,0.4268707909428464,0.07703243343801103
noisy,0.01,3,138,0.20898082782514035,1.8984917342969605,0.46639705376478424,0.04066705092476302,0.41671647421147734,0.07621942109897557
noisy,0.01,3,139,0.08802202250808236,1.8963682780061575,0.45847773800950026,0.0400165351958851,0.42455122369377296,0.07695450310084162
noisy,0.01,3,140,0.35368682746775554,1.9401693767550652,0.49483409500626924,0.05638633804679581,0.37036301111118836,0.07841655583574655
noisy,0.01,3,141,0.04689711914397668,1.936668262784483,0.5010068251608611,0.058148527332567486,0.36500960662016385,0.0758350408864075
noisy,0.01,3,142,0.05366632656659931,1.9372679942395585,0.4951301379151297,0.057269700790164337,0.37041939228217835,0.07718076901252763
noisy,0.01,3,143,0.26278195297345874,1.9130170766501196,0.4585357095786266,0.07269027059051768,0.399526200598338,0.06924781923251777
noisy,0.01,3,144,0.35419622116023675,1.9070742625166832,0.4832712525543835,0.09490182803449855,0.3663874195354208,0.05543949987569712
noisy,0.01,3,145,0.7770114733721201,1.9023670156647035,0.5481761284220575,0.10987944688191911,0.3029033780179399,0.03904104667808341
noisy,0.01,3,146,0.2562647896702426,1.9033246585388615,0.5321569900765308,0.10064423525494408,0.32201380981615385,0.04518496485237122
noisy,0.01,3,147,0.23459632560843602,1.8736149392453285,0.551929230303336,0.09807656360736743,0.31536862801403776,0.03462557807525901
noisy,0.01,3,148,0.12998765544034896,1.854234227548298,0.5577053110967628,0.08135625398332702,0.32636356760142415,0.03457486731848599
noisy,0.01,3,149,0.35310292989015224,1.8391397507990344,0.5035104829256473,0.090408249801278,0.3717474350144887,0.03433383225858603
noisy,0.01,3,150,0.2550069385906622,1.8087838107353964,0.5185880432378599,0.07385816714534926,0.37788862619261837,0.029665163424172445
noisy,0.01,3,151,0.47204602084821423,1.807879342608135,0.4891361937313959,0.07313258980402453,0.4038946671333978,0.033836549331181874
noisy,0.01,3,152,0.2110636412398888,1.8288063048212553,0.4947507485921466,0.07680234287728584,0.39065911108190976,0.03778779744865784
noisy,0.01,3,153,0.5348910111351834,1.8479512748487839,0.4755752121074031,0.08195286177086154,0.3983388518759453,0.044133074245789994
noisy,0.01,3,154,0.2696332580526395,1.8570402000474646,0.4578345203643818,0.10006669106114416,0.3997966323713623,0.042302156203111715
noisy,0.01,3,155,0.27736889425432776,1.8413324208078292,0.43125737827247457,0.0851626104373785,0.43642771064873653,0.047152300641410495
noisy,0.01,3,156,0.15299144427991143,1.834443497116953,0.43925753325221395,0.07857177839078477,0.4356201303328091,0.04655055802419225
noisy,0.01,3,157,0.08153972926083844,1.8329999723883184,0.45162850786147213,0.08176234330943975,0.4234440748543247,0.04316507397476322
noisy,0.01,3,158,0.3455821333918685,1.846968686530435,0.4320861414412467,0.09542001672995262,0.427757196875507,0.04473664495329351
noisy,0.01,3,159,0.19740512530552687,1.8476896429765828,0.39474526359611256,0.0734949531595415,0.47316207550292555,0.058597707741420334
noisy,0.01,3,160,0.018892943626269698,1.8479470508297404,0.3971490047253195,0.07309915544593305,0.47125867736487,0.05849316246387748
noisy,0.01,3,161,0.5770742922322787,1.8115455708473043,0.3472790161397915,0.08505524373274607,0.5176298789633452,0.05003586116411722
noisy,0.01,3,162,0.1598242398467871,1.790059304090025,0.3621352806213971,0.07127227597729863,0.5196236316972148,0.046968811704089446
noisy,0.01,3,163,0.27519953250884743,1.7869605318974073,0.3549016850197591,0.049181168657436714,0.5403719285069318,0.055545217815872516
noisy,0.01,3,164,0.22369069082197157,1.7693175454759758,0.3809449498133459,0.0547972168330952,0.5196512931209619,0.044606540232597115
noisy,0.01,3,165,0.46301012247567996,1.72649185738782,0.3602506755090701,0.032862305199719534,0.5636395105691907,0.043247508722019753
noisy,0.01,3,166,0.32766472786897777,1.6984425297565988,0.35809490130109334,0.025559461977491725,0.5782762230737346,0.03806941364768044
noisy,0.01,3,167,0.5628722687833942,1.7666092852575428,0.39206951768191023,0.03878384055591386,0.5207127227160179,0.048433919046158125
noisy,0.01,3,168,0.40906307013937865,1.8389862304920674,0.34256100890663116,0.06646745024177278,0.5250451387968371,0.06592640205475901
noisy,0.01,3,169,0.03995969495735821,1.8393046532760533,0.3395341827380144,0.06663607418224644,0.5274597589397935,0.06636998413994577
noisy,0.01,3,170,0.5010313941165815,1.8948876384143252,0.366509880186762,0.061528013756529706,0.49095424584102987,0.08100786021567838
noisy,0.01,3,171,0.08358015510021133,1.8828057843903907,0.36703206400327576,0.061559766425905375,0.49404322531898515,0.07736494425183373
noisy,0.01,3,172,0.07236799108795822,1.8751032609990248,0.36408887414627367,0.0658848697744298,0.49618969573039967,0.07383656034889682
noisy,0.01,3,173,0.4046450334135443,1.8243058926877198,0.3919372406287877,0.06393299607173747,0.48834920368219975,0.05578055961727513
noisy,0.01,3,174,0.09199286164948735,1.8257889367158529,0.39497416692127396,0.06676440998184754,0.4835542629155115,0.05470716018136703
noisy,0.01,3,175,0.010879529989321984,1.8263734844202428,0.394583819721811,0.06672503317589662,0.4837426040086545,0.054948543093637926
noisy,0.01,3,176,1.0098531418479968,1.7708359912061802,0.3549109771988397,0.1197218862748203,0.5017470816052034,0.023620054921136637
noisy,0.01,3,177,0.20118821971118425,1.7977096919996314,0.35921451404927646,0.12293276526149617,0.48814247704931074,0.029710243639916544
noisy,0.01,3,178,0.07496256817830727,1.7910558884200283,0.3584812070227877,0.12145937763332366,0.4916406052015207,0.028418810142367947
noisy,0.01,3,179,0.10496778995729983,1.8080346418405548,0.3644211281103268,0.1323903613272418,0.47480605125045294,0.028382459311978435
noisy,0.01,3,180,0.2799380880896944,1.8445167443746902,0.34321910641279446,0.12523396153200328,0.4867282191558126,0.04481871289938973
noisy,0.01,3,181,0.8901419064495724,1.8227485766932716,0.3064384341538257,0.14651409504014481,0.5118178301574684,0.035229640648560955
noisy,0.01,3,182,0.7493795020855032,1.7975032742524812,0.25566635925450276,0.170517082654992,0.5483923644798362,0.02542419361066916
noisy,0.01,3,183,0.36452786292647965,1.7998223613948006,0.2888071380576179,0.16152987565161608,0.5245870822231891,0.025075904067576975
noisy,0.01,3,184,0.6140602526720603,1.8215761647914872,0.25172274118209487,0.11476093324323067,0.5789551001442288,0.05456122543044575
noisy,0.01,3,185,0.2146597095998004,1.80803687825731,0.2507275942354272,0.10890756491736736,0.5874111227977633,0.05295371804944204
noisy,0.01,3,186,1.0832070112228382,1.8759927826118603,0.19988618601651595,0.17382072426724846,0.5714624806501944,0.05483060906604126
noisy,0.01,3,187,1.1068614816176672,1.8264875475649882,0.3123164788926532,0.10093860437578334,0.5336373705707352,0.053107546160828266
noisy,0.01,3,188,0.1999144670553483,1.8363107412803932,0.31358758135338116,0.10584187876335586,0.5266295093850896,0.053941030498173295
noisy,0.01,3,189,0.2808979694964364,1.8015442359826923,0.3071293299962882,0.09543750765541249,0.5488552865693396,0.04857787577895973
noisy,0.01,3,190,0.4924647175939788,1.7702845314247173,0.28425033395515886,0.1431239647196142,0.5485360200320576,0.02408968129316945
noisy,0.01,3,191,0.12222047179238626,1.7753208140253207,0.28843862220704236,0.14880883008837606,0.5399408369427192,0.022811710761862485
noisy,0.01,3,192,0.3726760214776763,1.7916680479595843,0.27659967839247585,0.17419503656452828,0.5297662384006984,0.01943904664229753
noisy,0.01,3,193,1.1136612939299082,1.882396038317142,0.18517129414739913,0.08867701505297687,0.6346897551773443,0.09146193562227967
noisy,0.01,3,194,0.39404910430312623,1.847314143198461,0.18501790953736177,0.07796827680396858,0.6517769978997542,0.08523681575891537
noisy,0.01,3,195,0.1472540145041413,1.8766690407173046,0.19010216707550917,0.07251729791225389,0.6420646740121201,0.09531586100011687
noisy,0.01,3,196,0.3556506912573277,1.9657388215599738,0.19420259577093793,0.0982668597525538,0.5963724075566109,0.11115813691989733
noisy,0.01,3,197,0.26727107143961354,1.9826033752666783,0.18038057928630621,0.10054292902635893,0.6019724049806121,0.11710408670672275
noisy,0.01,3,198,0.23346012108959258,1.9933558576025288,0.1880303167743103,0.09806056705132782,0.5937032959936552,0.12020582018070669
noisy,0.01,3,199,0.21056377596687884,1.990051165452755,0.19132932172457534,0.09614319959626627,0.5930005505318127,0.11952692814734565
noisy,0.01,3,200,0.5654055744525978,1.879351645978411,0.1646071928213207,0.10719519177870702,0.6420094965908347,0.08618811880913758
noisy,0.01,3,201,0.041217687889005816,1.8789667723891996,0.1656603610579233,0.10979014588978288,0.6396118202798349,0.084937672772459
noisy,0.01,3,202,0.7331437312532252,1.9377447894182525,0.22469410061120404,0.10587135780758106,0.5735465048324089,0.09588803674880605
noisy,0.01,3,203,0.042435168463273554,1.944945987845207,0.22057489540281117,0.10776504732141655,0.573823082597702,0.09783697467807033
noisy,0.01,3,204,0.5094347413396428,1.948917427861276,0.27986792411165334,0.1245340859780914,0.5110760049684487,0.08452198494180653
noisy,0.01,3,205,1.0461418243357912,1.9406509356926764,0.3047839821928909,0.16395927380475994,0.46779936101715236,0.06345738298519674
noisy,0.01,3,206,1.15984219638631,1.9398588377866053,0.23849263505702928,0.16187507786135094,0.5265664252617455,0.07306586181987419
noisy,0.01,3,207,0.12898785836296262,1.9355079671273465,0.23810750838937506,0.17265919987559147,0.5215621945209316,0.06767109721410189
noisy,0.01,3,208,0.9412956927553751,1.9017848471612135,0.17407181886262574,0.15195816192992834,0.5996423590660448,0.07432766014140119
noisy,0.01,3,209,0.46369563462212326,1.9774755568797562,0.15270819424426085,0.14975185132360375,0.5971855927914188,0.10035436164071655
noisy,0.01,3,210,0.23459681851091113,1.9635617705665989,0.134543410924366,0.16341406811608336,0.6086378844424789,0.09340463651707183
noisy,0.01,3,211,0.04545947228325431,1.9693779505461038,0.12875908328847033,0.16678435438796035,0.6098665487206604,0.09459001360290897
noisy,0.01,3,212,0.15669682482257385,1.9722340053378047,0.14508325729805804,0.1692232175897969,0.5933711754226141,0.09232234968953096
noisy,0.01,3,213,0.1322323038475578,1.9710392572085602,0.15193947834769073,0.16847252618898556,0.5882422986127078,0.09134569685061601
noisy,0.01,3,214,0.3887925437302364,2.021347124284791,0.1529256446014263,0.16885529294632393,0.5723191968813427,0.10589986557090711
noisy,0.01,3,215,0.04574954521376384,2.022075210488572,0.15336408802191734,0.16599811477612705,0.5734803069206256,0.10715749028133005
noisy,0.01,3,216,0.14116606634343146,2.010324653066729,0.15347807402340627,0.1692310204848781,0.5748590727625,0.10243183272921565
noisy,0.01,3,217,0.8264220508863218,1.8877151745717675,0.22815724861709472,0.12292588943829008,0.5748116781094866,0.07410518383512855
noisy,0.01,3,218,0.00483069563052288,1.886864683978266,0.22810961069222208,0.12298555726665242,0.5750670470074825,0.07383778503364312
noisy,0.01,3,219,0.19390079396544024,1.8753577807930168,0.22881054377841534,0.10754370123911966,0.5873532714074294,0.07629248357503565
noisy,0.01,3,220,0.5098394103697501,1.9239866833488428,0.27407470313677795,0.13897612257480435,0.5145545034806369,0.07239467080778074
noisy,0.01,3,221,0.2621619809069742,1.9479176479516587,0.2841273930121758,0.14582716220262934,0.49461468218415333,0.07543076260104156
noisy,0.01,3,222,0.40793445601593703,1.918315879881451,0.24813061588418284,0.121292833866429,0.5495153169085275,0.08106123334086061
noisy,0.01,3,223,0.28777020151028304,1.9056094545673758,0.24653278725693165,0.11441544000083284,0.5588719335938,0.0801798391484355
noisy,0.01,3,224,0.7133914361475034,1.9269405846428997,0.2111284584511838,0.1039432764535555,0.5896613910267795,0.0952668740684813
noisy,0.01,3,225,0.45124877931084595,1.9407788713121816,0.2559125873482229,0.11484465174338905,0.5401302737914362,0.0891124871169519
noisy,0.01,3,226,0.0324983029859105,1.9416799204750885,0.2554751868361713,0.11403242095832636,0.540742260721734,0.08975013148376831
noisy,0.01,3,227,0.07163934753044038,1.9493756710370067,0.2563242607711032,0.11294456360972766,0.5384091334789296,0.09232204214023966
noisy,0.01,3,228,1.1373621498351045,1.8233382669341074,0.17950012639136995,0.04433958878276091,0.6843837002091032,0.09177658461676594
noisy,0.01,3,229,0.18028404825599864,1.791001528616577,0.20490555074083505,0.03873960722110771,0.6753579878787728,0.08099685415928445
noisy,0.01,3,230,0.11123431223677194,1.787796811671123,0.20216233846664483,0.04278651399422675,0.6761854167398804,0.07886573079924808
noisy,0.01,3,231,0.6930623035877919,1.809338394573783,0.21496131096194254,0.143179354373662,0.5969056438538132,0.04495369081058233
noisy,0.01,3,232,0.35616671084426343,1.771204309265963,0.23343033456843404,0.14894595856190332,0.5886321990592835,0.028991507810378958
noisy,0.01,3,233,0.3232681085937684,1.786292286529114,0.27087790914183846,0.12742011360831426,0.5650183430904115,0.0366836341594358
noisy,0.01,3,234,0.08358134655281901,1.7830118112143956,0.2750889488105998,0.1330073055928687,0.558912755357872,0.03299099023865948
noisy,0.01,3,235,0.17078670475166272,1.8003546705033202,0.2690590696376322,0.13965785674178216,0.554922282114157,0.03636079150642875
noisy,0.01,3,236,0.13656018045730867,1.7927104007813335,0.26144124158703824,0.1370399069991142,0.5653717559367197,0.036147095477127925
noisy,0.01,3,237,0.9298767967265993,1.8034300452651972,0.2588625994239363,0.08468476464767992,0.5966394096540287,0.05981322627435519
noisy,0.01,3,238,0.5070011217030685,1.7322342759701008,0.22041040346233223,0.0680225517896926,0.661216757699305,0.05035028704867012
noisy,0.01,3,239,0.7680329239810829,1.7023633882656228,0.21248622067831213,0.030968359863678963,0.6997699731024153,0.056775446355593645
noisy,0.01,3,240,0.6247541727498174,1.7237117743116053,0.2270842159490855,0.030413263052254867,0.6811491308247185,0.0613533901739411
noisy,0.01,3,241,0.15489797719055787,1.7261467497229257,0.24003882256910217,0.03161824412527922,0.6684609947820357,0.05988193852358292
noisy,0.01,3,242,0.40001860092161223,1.772562503904321,0.24937360967296787,0.04997630690494393,0.6353458833772538,0.06530420004483427
noisy,0.01,3,243,0.12199157645227388,1.7657759558473822,0.2587115574365012,0.04906835899835401,0.6298257326965546,0.06239435086859022
noisy,0.01,3,244,0.7254709629924072,1.7812436894899168,0.2610819999856661,0.089845181501665,0.5980902384899863,0.05098258002268257
noisy,0.01,3,245,0.3513973086955957,1.7524395993118154,0.2515946255992157,0.0768442135093984,0.6228076486796031,0.04875351221178284
noisy,0.01,3,246,0.6526869763038118,1.8224064639391238,0.2793228310207039,0.07490449035712793,0.5793664257427851,0.06640625287938313
noisy,0.01,3,247,0.2095598809537476,1.8193141711807608,0.27400816274022344,0.08205882880174843,0.580469762707799,0.06346324575022905
noisy,0.01,3,248,0.7829394536674921,1.869099417008798,0.2843854589735002,0.09625029014073214,0.5480845562248118,0.07127969466095592
noisy,0.01,3,249,0.07006287301192185,1.874914583962727,0.28359919564162106,0.09687590043950167,0.5466647543413976,0.0728601495774797
noisy,0.01,3,250,1.2570662299985986,1.785671886817875,0.33015809034881394,0.11920617113915771,0.5190442993422956,0.03159143916973278
noisy,0.01,3,251,0.20425468485336726,1.7946937243739622,0.333801009527947,0.11808721654601827,0.5139277214291926,0.03418405249684219
noisy,0.01,3,252,0.6269575271289796,1.9062224016250566,0.3786721243609128,0.11985252250307298,0.44129885157883375,0.06017650155718053
noisy,0.01,3,253,0.110369529924359,1.9005308146983673,0.3786878871504582,0.11432966406350649,0.4463508211947279,0.06063162759130749
noisy,0.01,3,254,1.2016466218628885,1.9893967414136158,0.32010981422158385,0.20543420692893544,0.414817373964697,0.05963860488478385
noisy,0.01,3,255,0.19544244819553672,1.989952416277199,0.3169657942686596,0.20457168962902192,0.4178918855335525,0.06057063056876605
noisy,0.01,3,256,0.7207848760299385,2.115464606877667,0.29190736082483254,0.13241821872770912,0.44681222628030015,0.1288621941671581
noisy,0.01,3,257,0.125589681090786,2.117758028454104,0.28494356831936496,0.12375017289487908,0.4574702916198169,0.13383596716593893
noisy,0.01,3,258,0.48994962166761874,2.067309893282844,0.3386881938116806,0.16769592012705112,0.3990021674789216,0.09461371858234667
noisy,0.01,3,259,0.5999038459849533,2.070106790769565,0.37610530184370183,0.1634662259316951,0.36855401023906476,0.09187446198553838
noisy,0.01,3,260,1.3564191958867073,2.0034718828171068,0.5494529889111516,0.09841420367582847,0.2791294772610237,0.07300333015199634
noisy,0.01,3,261,0.3928720063413493,2.0103768041183923,0.529946351661286,0.11232767167320842,0.28529660358348685,0.07242937308201872
noisy,0.01,3,262,1.0922662742086686,2.002061428953262,0.5420258504330763,0.1551451848016447,0.2511851345637172,0.05164383020156187
noisy,0.01,3,263,0.24628309591207653,1.9959947740574437,0.523963970633734,0.1655750946734626,0.2620645501554194,0.0483963845373842
noisy,0.01,3,264,0.35092879482545075,1.9170211482613104,0.5842090370726319,0.11777589945960057,0.26289813348346514,0.035116929984302374
noisy,0.01,3,265,0.7478660928318266,1.979145034929198,0.5768941912957201,0.11612290727474271,0.2519268817553892,0.05505601967414812
noisy,0.01,3,266,0.3588631865568459,1.968162773004284,0.5661536715627997,0.14369969189874854,0.24747590272847297,0.042670733809978725
noisy,0.01,3,267,0.38862771302228194,1.988055546364356,0.4920951944270901,0.15021723555846084,0.3011164359581994,0.056571134056249694
noisy,0.01,3,268,0.30873565888032206,2.0410961629470745,0.5055464692298095,0.155790652792041,0.2705900677778271,0.06807281020032223
noisy,0.01,3,269,0.8175148575683089,2.086978252055398,0.557779372974928,0.14976476589578688,0.21606250580244118,0.07639335532684415
noisy,0.01,3,270,0.09796274750260403,2.088285926675714,0.556570042846154,0.1463590350078876,0.21879621502673338,0.07827470711922505
noisy,0.01,3,271,0.3773564612492919,2.0517326942004104,0.5663254779311032,0.14606302909801147,0.22135220689156257,0.06625928607932285
noisy,0.01,3,272,0.6037050526938436,2.0314041445126803,0.5735223485321514,0.15260260813534848,0.217161174282482,0.05671386905001817
noisy,0.01,3,273,0.360781883005989,2.042211498529833,0.5990638731498871,0.13185565638238647,0.2048240812461843,0.06425638922154221
noisy,0.01,3,274,0.4644887174945288,1.9991549583449983,0.5890615336674848,0.12008619502281527,0.23321371223053014,0.057638559079169836
noisy,0.01,3,275,0.15190671297022842,1.9972199306560112,0.5721914737367414,0.12234850932895819,0.2468360623479372,0.05862395458636305
noisy,0.01,3,276,0.2644867228809744,1.9582482244170987,0.5875135421851032,0.12194933865861786,0.2454078513348031,0.04512926782147586
noisy,0.01,3,277,0.2564240985084254,1.968847529707717,0.5971164854433383,0.12647491238359465,0.23131067334964067,0.045097928823426295
noisy,0.01,3,278,0.036846137605613505,1.9685404413252618,0.5979442198903685,0.1287616793219811,0.2292941166364057,0.043999984151244675
noisy,0.01,3,279,0.4485639564809401,1.9426977007093786,0.5242919127888733,0.1135284183664392,0.3092919867266279,0.05288768211805962
noisy,0.01,3,280,0.1540051616029814,1.9559934674208288,0.5440419980091211,0.11784268832396635,0.2858121299278585,0.05230318373905405
noisy,0.01,3,281,0.16722230101003646,1.9642410192041004,0.5440838428775481,0.11665791038685977,0.2840788616398072,0.05517938509578488
noisy,0.01,3,282,0.07310709205921029,1.96400735196699,0.5491771963023424,0.11516283025958036,0.28069848897241484,0.054961484465662354
noisy,0.01,3,283,0.05029212730005497,1.9582262217753776,0.5484476558450857,0.11500179463652765,0.283120417505855,0.0534301320125317
noisy,0.01,3,284,0.30103961657732614,1.9682280088573143,0.570790874757101,0.11690630969522957,0.2598784903534526,0.052424325194216796
noisy,0.01,3,285,0.08203558338573547,1.9803184987629974,0.5617624114415755,0.12037259799179398,0.2619377465279948,0.055927244038635804
noisy,0.01,3,286,0.15561171463923051,1.9633408263704253,0.5753744293354481,0.1097025974486003,0.2617988009071016,0.05312417230885
noisy,0.01,3,287,0.14914876403054222,1.983563740963718,0.5854138279959036,0.09802264184598329,0.25441738563025207,0.06214614452786103
noisy,0.01,3,288,0.04520483169471845,1.9847724644097986,0.5850677262875132,0.09699216620795412,0.25498980313995867,0.062950304364574
noisy,0.01,3,289,0.023693582217675813,1.984263070391081,0.5858812497489599,0.09628530661465311,0.2548758616213523,0.06295758201503475
noisy,0.01,3,290,0.5060514635406398,1.928374565408663,0.4934979445398076,0.14691345170390868,0.3194750900173746,0.04011351373890893
noisy,0.01,3,291,0.058192566270012125,1.9278747015434599,0.48921012044688816,0.14579423764294056,0.32398683660082706,0.041008805309344164
noisy,0.01,3,292,0.2763706842088175,1.8834605070101966,0.4940830272101773,0.1147429359873778,0.35188356740409427,0.039290469398350625
noisy,0.01,3,293,0.38929745665518223,1.8870865636220697,0.5125679570622753,0.13731450799062184,0.3211283365592332,0.0289891983878696
noisy,0.01,3,294,0.22151314775692643,1.88362937874222,0.5038685286720069,0.14248141530607222,0.3264452951323666,0.027204760889554327
noisy,0.01,3,295,0.14799394208239391,1.8769930996708317,0.493311386167944,0.14002610321824766,0.33896004109573385,0.027702469518074584
noisy,0.01,3,296,0.5539925219491076,1.8806921731121524,0.5743250666285574,0.11689922273531263,0.2825717178558153,0.02620399278031475
noisy,0.01,3,297,0.14053426421014592,1.8875733152341736,0.5869856948167295,0.13218774769126104,0.2603547731954646,0.020471784296544972
noisy,0.01,3,298,0.372100194101223,1.8767864422858969,0.584828812735664,0.1450208244152327,0.2575222722891943,0.012628090559909013
noisy,0.01,3,299,0.23079358431277683,1.8627841667248823,0.5966437813527993,0.13230003071192148,0.2593036444487331,0.011752543486546092
noisy,0.01,4,0,1.9518122801091486,2.718392603324312,0.2498272116527092,0.07570339622182524,0.3410236526734518,0.3334457394520138
noisy,0.01,4,1,0.08211276953806745,2.7292059712904577,0.2436089945106323,0.07969037565579089,0.3407694607110009,0.33593116912257587
noisy,0.01,4,2,0.5782803610782139,2.5652998652961254,0.2976266538575998,0.1137414718955511,0.32128874848312705,0.2673431257637221
noisy,0.01,4,3,0.1110515946056709,2.5594806123947214,0.2952571346450227,0.11610800741120156,0.32358244646274575,0.26505241148103015
noisy,0.01,4,4,0.6114976327517141,2.488306545613932,0.3439377124112492,0.18866477384123298,0.2580679394215166,0.20932957432600124
noisy,0.01,4,5,0.6662520825630041,2.4420552773427953,0.4455008252250434,0.18735130289145588,0.1852101375715319,0.1819377343119688
noisy,0.01,4,6,0.15419806283898782,2.489985823050081,0.40377575064461446,0.19553863492775087,0.20196666621322806,0.19871894821440683
noisy,0.01,4,7,0.9102524357149376,2.131478508409226,0.5388474296772519,0.1086703178640447,0.24436287138376553,0.10811938107493793
noisy,0.01,4,8,0.7658580864081171,2.162551132163205,0.5441188302262454,0.10056069318515118,0.235700131482212,0.11962034510639143
noisy,0.01,4,9,0.7283402731991373,1.9572935651756596,0.5816865713479646,0.06918852713558059,0.282989936806521,0.06613496470993374
noisy,0.01,4,10,0.24374149309004997,1.9489051769993928,0.5584070298310561,0.0884665108827448,0.2935796971458218,0.059546762140377234
noisy,0.01,4,11,0.5958925886661781,1.9290790232452302,0.4461030178866636,0.10018506921601596,0.3886128779307793,0.06509903496654093
noisy,0.01,4,12,0.2854063308914239,1.8713565236181413,0.4232096150644486,0.10554827342494104,0.42199852796581555,0.049243583544794835
noisy,0.01,4,13,0.3932038557250017,1.841780651501684,0.42532226408749263,0.10395601025084286,0.4298653554530997,0.04085637020856485
noisy,0.01,4,14,0.05378924438263985,1.8460763146604129,0.4262237250129321,0.10606885768835068,0.42652818254970976,0.041179234749007504
noisy,0.01,4,15,0.2649254743591894,1.8347028195101966,0.430519404535847,0.10226665382199031,0.4285143040233816,0.03869963761878118
noisy,0.01,4,16,0.14996985759353265,1.8119036180440702,0.4284184751565413,0.09203974668016897,0.44331430593170207,0.03622747223158771
noisy,0.01,4,17,0.01802917628083378,1.8120627815680184,0.429179103309011,0.09454144054162797,0.44107685696305066,0.03520259918631036
noisy,0.01,4,18,0.15856585861183817,1.7970658313070609,0.4206447324095932,0.09329760017805773,0.45360373615318483,0.032453931259164175
noisy,0.01,4,19,0.07732326228870434,1.7959512550115904,0.41635871318251383,0.0976301453160272,0.4549616241784915,0.03104951732296753
noisy,0.01,4,20,0.3810802290681714,1.8068546255507882,0.3804944551248862,0.11722681046375519,0.47060827912707026,0.03167045528428842
noisy,0.01,4,21,0.020534916024188707,1.8059327742411835,0.3786498474008721,0.11836107136917848,0.4717731329478623,0.031215948282086955
noisy,0.01,4,22,0.1755944151082112,1.8282945954761898,0.364733238909518,0.12433139675194399,0.4735129324576358,0.037422431880902274
noisy,0.01,4,23,0.01630928384838301,1.8300025895471832,0.3665273005152131,0.12419271851937332,0.4715484512930028,0.03773152967241074
noisy,0.01,4,24,0.012908369710196155,1.8298801282190484,0.36623651893464215,0.12360308590466591,0.4721970776560719,0.03796331750462007
noisy,0.01,4,25,0.4231059064040904,1.8468381501489421,0.31391065158571063,0.178243517242886,0.47880497076641015,0.029040860404993256
noisy,0.01,4,26,0.4491862293216364,1.85703610586892,0.3696823455343587,0.15737448798290715,0.4405125874006984,0.03243057908203578
noisy,0.01,4,27,0.47902595589403296,1.7850422538685429,0.4143404563181037,0.0964884973004685,0.4606143077751822,0.02855673860624568
noisy,0.01,4,28,0.2740725012263294,1.7696126812537925,0.433827959434663,0.10563537841268472,0.44277091861523726,0.017765743537414915
noisy,0.01,4,29,0.7776276247459492,1.701360787658531,0.4651644202357511,0.07273495558094015,0.45612153411721357,0.005979090066095155
noisy,0.01,4,30,0.4421799985575525,1.75346390164702,0.4829682524247415,0.06698759544147126,0.42899131664417806,0.021052835489609203
noisy,0.01,4,31,0.02090693719219383,1.7534108124350072,0.48183037844006515,0.06663715116404854,0.430200330141701,0.021332140254185335
noisy,0.01,4,32,0.3617892639013004,1.7019222083269994,0.4705117632199482,0.05151638747864155,0.4643939591764839,0.013577890124926382
noisy,0.01,4,33,0.15064044028986365,1.6990851659902522,0.4865482340132488,0.05037161780941525,0.4521418009809431,0.010938347196392766
noisy,0.01,4,34,0.06289380090311437,1.6964947795721894,0.48821354132035255,0.047189483637457855,0.4534289446685986,0.011168030373590968
noisy,0.01,4,35,0.25362661090912064,1.7232033462865572,0.46967975450463917,0.06360392162651055,0.451410345750212,0.015305978118638288
noisy,0.01,4,36,0.013499239576049149,1.7242545994912846,0.47012920715191037,0.06323972966968486,0.45093778290768544,0.015693280270719392
noisy,0.01,4,37,0.2248033419600714,1.7341318025343657,0.5011156074874734,0.056377723885234016,0.4256051702757295,0.016901498351563182
noisy,0.01,4,38,0.17414210835704935,1.739242035403568,0.4762830426076055,0.06422344789490637,0.4406258062539173,0.018867703243570885
noisy,0.01,4,39,0.38611385523108444,1.6966029737702377,0.4855513763615351,0.044996019937963413,0.45703437632970867,0.012418227370792801
noisy,0.01,4,40,0.0321113803656775,1.696255022824029,0.48480364129157827,0.0455923371511191,0.45741335859511456,0.012190662962188015
noisy,0.01,4,41,0.07661591051146388,1.6995435938470018,0.487299281362517,0.04925470552687069,0.45204735886749203,0.011398654243120348
noisy,0.01,4,42,0.09630561777157709,1.7127517458756991,0.4978651302553686,0.04926025692784479,0.43906926180417294,0.01380535101261363
noisy,0.01,4,43,0.12526193808298558,1.712370235221033,0.4883233242114169,0.04069910015027035,0.452646143955446,0.018331431682866776
noisy,0.01,4,44,0.5415194365778042,1.7088292231657067,0.4569951142077984,0.03363597020634442,0.48498383512635307,0.02438508045950421
noisy,0.01,4,45,0.019775573920920997,1.709112781054598,0.45533547421490933,0.03384929966320323,0.48619751739653266,0.024617708725354837
noisy,0.01,4,46,0.07511192455421811,1.7129450244370195,0.4534201574329131,0.028867995269559247,0.4897813194932751,0.027930527804252495
noisy,0.01,4,47,0.19979477347805963,1.7299860384854393,0.4578154925519642,0.020189361802713083,0.4863158529787828,0.03567929266653992
noisy,0.01,4,48,0.6807475310051814,1.7779962815910872,0.5531273763171944,0.08400874391704818,0.35108635044252395,0.011777529323233366
noisy,0.01,4,49,0.39869824779452673,1.7572395554305065,0.44601049582699404,0.10726726536088943,0.4349333663384886,0.011788872473628025
noisy,0.01,4,50,0.1030533078010226,1.7639359528757628,0.4447123878798943,0.10783042332999668,0.4337317925078717,0.013725396282237316
noisy,0.01,4,51,0.27744264574721456,1.7572001041338496,0.42565176682520556,0.10671188819218495,0.452804008509762,0.014832336472847488
noisy,0.01,4,52,0.15511282195802778,1.7571432558927202,0.41709861727409553,0.1107029891993104,0.4577341120548524,0.014464281471741646
noisy,0.01,4,53,0.4027452393202108,1.74250598887923,0.39383301670708404,0.09973083180985007,0.4888236252827158,0.017612526200350087
noisy,0.01,4,54,0.2771820604102654,1.7720394240955162,0.3833029733637551,0.11315980873290338,0.48094522615647045,0.022591991746871123
noisy,0.01,4,55,0.11915326607413623,1.7624326426385575,0.36227599231374596,0.11064758880059852,0.5034460454926872,0.023630373392968237
noisy,0.01,4,56,0.4587440560571837,1.7872254521350306,0.42319316818548414,0.10592918699291423,0.4465543050842317,0.024323339737369873
noisy,0.01,4,57,0.15099855145672247,1.7823626329896145,0.4248189758933912,0.11047000146458968,0.44380083206670184,0.02091019057531729
noisy,0.01,4,58,0.12322733423207277,1.7944861064749376,0.4422689160461596,0.10278751971033219,0.42992952747363133,0.02501403676987692
noisy,0.01,4,59,0.06430261844070861,1.799524384515531,0.44414432861428665,0.10722184677606209,0.4241116286686552,0.024522195940995927
noisy,0.01,4,60,0.15837959205964314,1.8043529269286651,0.44514758723742665,0.0937240511224631,0.43011008310656274,0.031018278533547515
noisy,0.01,4,61,0.9945373725495305,1.7057159624002798,0.3426529760378883,0.06588548766944356,0.5646284920221928,0.026833044270475438
noisy,0.01,4,62,0.00218455103458802,1.70606359161118,0.3426958884395265,0.06601382773767639,0.5644098726580874,0.026880411164709725
noisy,0.01,4,63,0.07973489194410158,1.714208637206173,0.3379697015580948,0.06747472659872361,0.5651880963519299,0.029367475491251776
noisy,0.01,4,64,0.6888395607820724,1.7189136697726426,0.3681965172892048,0.0647430821123709,0.539391906253842,0.027668494344582156
noisy,0.01,4,65,0.3881504656746988,1.7342544420698223,0.3363149436914739,0.07567293147819659,0.5556575376008164,0.03235458722951319
noisy,0.01,4,66,0.10407772677717694,1.7439280537658066,0.3269856717927308,0.09326557185630993,0.5500379267006857,0.029710829650273426
noisy,0.01,4,67,0.4774549476569506,1.773289020170154,0.30424925415399845,0.09554106635594249,0.5596141033359386,0.040595576154120426
noisy,0.01,4,68,0.3597812653752053,1.7469427755312361,0.3066681535551025,0.08793805037139826,0.5699743586961536,0.03541943737734564
noisy,0.01,4,69,0.07059618557104522,1.7514697619767197,0.3054683099502103,0.08466779230438426,0.5716872828344224,0.03817661491098317
noisy,0.01,4,70,0.2520689558004957,1.742487720940198,0.28017585292332253,0.09052146490140964,0.592598747174051,0.036703935001216825
noisy,0.01,4,71,0.6872438393184015,1.743637800920405,0.22683144803243271,0.09142647665721965,0.6378663286063087,0.043875746704038994
noisy,0.01,4,72,0.35775404813466466,1.7770820642482603,0.1937285786926381,0.11825568704830738,0.6401505650451205,0.04786516921393403
noisy,0.01,4,73,0.6539713615784409,1.8262839521470786,0.19227136443063356,0.1618396961551498,0.6000838522825691,0.0458050871316477
noisy,0.01,4,74,0.30772960162721974,1.8369414854569672,0.2100810342734394,0.16280583787854802,0.5809241697256395,0.04618895812237313
noisy,0.01,4,75,1.2499668434611522,1.9445106875960236,0.18242196943502315,0.07613788873345533,0.6264727156141187,0.11496742621740284
noisy,0.01,4,76,0.18211775290547294,1.9425028599615521,0.19196248592970483,0.09067562822137115,0.6098402430536993,0.10752164279522473
noisy,0.01,4,77,0.12003735936013388,1.9269968508293323,0.18468579625171613,0.08895047850008683,0.6217820380018302,0.10458168724636696
noisy,0.01,4,78,0.2050487301312387,1.9303427177861145,0.2100972490208514,0.101078289809403,0.5913144039344287,0.09751005723531697
noisy,0.01,4,79,0.6427985480404448,1.8442942943924625,0.2073564678324366,0.14104616363806202,0.5944848639932531,0.05711250453624833
noisy,0.01,4,80,0.10814178019063433,1.857213763973116,0.20562359482601444,0.14575997199253105,0.5892753388054406,0.059341094376014016
noisy,0.01,4,81,0.33725972508546076,1.8468400278130135,0.24772588501532578,0.12911069074057102,0.5661363426621477,0.057027081581955436
noisy,0.01,4,82,0.674238577019422,1.8399465630061098,0.24657434756512828,0.1600096371155987,0.5501827921917682,0.043233223127504744
noisy,0.01,4,83,0.14860298117855456,1.8429741728276492,0.24472407331673512,0.1556293215754451,0.5535795217614793,0.0460670833463406
noisy,0.01,4,84,0.5823616437846807,1.9116077494576753,0.21445838267649114,0.12932238684688166,0.5756873657216526,0.0805318647549746
noisy,0.01,4,85,0.4281430142000258,1.8578415089949554,0.22336813322044916,0.13609965608166827,0.5796682260584809,0.060863984639401576
noisy,0.01,4,86,0.08864257339155301,1.8510894606642958,0.23330911097967552,0.13376390546451838,0.5744937906395453,0.05843319291626078
noisy,0.01,4,87,0.8447270984179328,1.8334623072663447,0.14120458023501256,0.17921031906249718,0.631550541100104,0.048034559602386374
noisy,0.01,4,88,0.09883975458797148,1.8253888020709015,0.14394289902743804,0.1858929699891392,0.6274539990976322,0.042710131885790426
noisy,0.01,4,89,0.3914177393890044,1.8626778797716839,0.19108704190183512,0.2034999560246945,0.5647914337869774,0.04062156828649306
noisy,0.01,4,90,0.478478218836243,1.918962510785056,0.15581905559016979,0.30093716021598427,0.519036529321672,0.024207254872173966
noisy,0.01,4,91,0.377035482204518,1.899746672333659,0.16805910777029617,0.29430501003049525,0.518166108596614,0.019469773602594553
noisy,0.01,4,92,0.7141879732953348,1.9509090334347385,0.13520527161041712,0.3086254688469728,0.5227607229964486,0.03340853654616152
noisy,0.01,4,93,0.5089616981567863,1.9328704700490464,0.17496757403641508,0.29966791856105657,0.49914220846342644,0.026222298939101878
noisy,0.01,4,94,0.03915633872384086,1.926400902191825,0.17538157902055626,0.29987802238863465,0.5005629788528918,0.02417741973791735
noisy,0.01,4,95,0.12396242248359944,1.9369664800504076,0.17477629633451042,0.2938351604021179,0.5016666036502868,0.029721939613084888
noisy,0.01,4,96,0.30438820202835615,1.9393835706646942,0.18340319101626104,0.25759990302408026,0.5156626079556963,0.04333429800396233
noisy,0.01,4,97,0.05237333668628827,1.9365919849558588,0.18332254742646625,0.25388657738781106,0.5188290617042246,0.04396181348149814
noisy,0.01,4,98,0.28271180909359706,1.9021244000678943,0.1896847796694928,0.2237306433121572,0.5419629692636737,0.044621607754676405
noisy,0.01,4,99,0.16988663224037862,1.9015949576322266,0.17794445761816288,0.23985012086223195,0.5424011827159501,0.03980423880365508
noisy,0.01,4,100,0.5311025327537151,1.9446280443863129,0.17133124534872263,0.22260914556101644,0.5460031029111352,0.060056506179125814
noisy,0.01,4,101,0.1489049299270834,1.9451099247403074,0.16817099938635424,0.2162549182675495,0.5524938566617857,0.06308022568431063
noisy,0.01,4,102,0.5425217340234666,1.9058922555508089,0.16169326927573946,0.227860086251214,0.562553781616392,0.047892862856654526
noisy,0.01,4,103,0.7614994500763655,1.8965161386235738,0.1697853389332798,0.23975234683081242,0.5510224964228597,0.039439817813048006
noisy,0.01,4,104,0.1459347177878989,1.8889612423588886,0.15963262976619524,0.2304335206249606,0.5677556816695079,0.042178167939336285
noisy,0.01,4,105,0.5170604629674891,1.8237689575466658,0.20041363503151766,0.18085012055897354,0.5820992268857479,0.03663701752376101
noisy,0.01,4,106,0.3553948019980441,1.7584000865051619,0.18820798229007638,0.13753950493138126,0.6385877256541704,0.035664787124371926
noisy,0.01,4,107,0.30685002013342455,1.7262471317366244,0.1836098043743535,0.12790175740113496,0.6580020662802535,0.030486371944258094
noisy,0.01,4,108,0.005516848701514476,1.7257491201789796,0.18377310694506588,0.1276523279327083,0.6581611420918377,0.03041342303038796
noisy,0.01,4,109,0.12135405337903415,1.7318686454314571,0.1775541887686523,0.13237557731939276,0.658838253593626,0.031231980318328894
noisy,0.01,4,110,0.15330849832389862,1.720508249364805,0.1812978662318387,0.12947420529696785,0.6607346630112227,0.028493265459970708
noisy,0.01,4,111,0.02285115001723398,1.7213464777710048,0.1823825396731496,0.12762238964152772,0.6606861284078982,0.029308942277424435
noisy,0.01,4,112,0.4177624130970826,1.703414632861932,0.17830132164459478,0.12615252626786244,0.6704290484189324,0.025117103668610585
noisy,0.01,4,113,0.19549240305786914,1.7293594819794633,0.15837886927802183,0.1261589131085832,0.6800376526341393,0.035424564979255724
noisy,0.01,4,114,0.30203684011940224,1.7099398797283276,0.17791339757789812,0.12601895692068132,0.6689190820373989,0.027148563464021714
noisy,0.01,4,115,0.33751658390974665,1.7211044275261933,0.20370566929493758,0.10554914182743548,0.6558617458849305,0.03488344299269646
noisy,0.01,4,116,0.43104026833315995,1.7413719018575058,0.20350989360366664,0.0948551693963171,0.6566293751442617,0.045005561855754446
noisy,0.01,4,117,0.26233186427270955,1.7157892372470327,0.22059626437669122,0.09209075972444992,0.6510842975529454,0.036228678345913465
noisy,0.01,4,118,0.05221149901626854,1.7118401257815505,0.2147061141900612,0.09034379198993808,0.6584304564654639,0.036519637354536734
noisy,0.01,4,119,0.024158649495804096,1.7113189734284047,0.21331149545486622,0.0915634552860634,0.659041639131573,0.03608341012749747
noisy,0.01,4,120,0.3210040890844507,1.7858118337975337,0.23273161958668176,0.07691169349194248,0.6292436134531623,0.061113073468213555
noisy,0.01,4,121,0.7507163647678716,1.7472941461646585,0.22824593832834536,0.10909058157623196,0.6246873248800275,0.03797615521539525
noisy,0.01,4,122,0.3366329544223845,1.735890475089766,0.2193906831045866,0.1123738925626153,0.6337033753938516,0.03453204893894655
noisy,0.01,4,123,0.34789653599728027,1.7379219789403137,0.21626943532196768,0.09619792286439505,0.6457652332441108,0.041767408569526425
noisy,0.01,4,124,0.3876778312842389,1.6958761391094792,0.23366466108285883,0.06852764211602547,0.6601638324190229,0.03764386438209294
noisy,0.01,4,125,0.10594078549183868,1.69041494842211,0.22900154261736558,0.06209926648600831,0.6697800497057662,0.03911914119085987
noisy,0.01,4,126,0.3445279242005168,1.6735321189228762,0.23939504851381246,0.06465073426126254,0.6641918494151741,0.031762367809751
noisy,0.01,4,127,0.38972373935393995,1.681769060625628,0.23918449142091974,0.08186407480067157,0.6513336150814882,0.027617818696920447
noisy,0.01,4,128,0.0028281885315668137,1.6814085325163362,0.23911343993731043,0.08164543302991062,0.6516363569848643,0.027604770047914576
noisy,0.01,4,129,0.5225969753810218,1.664312711195346,0.21631270354305793,0.0819086812794151,0.6762805347073413,0.02549808047018567
noisy,0.01,4,130,0.11491423880215734,1.6773110165165859,0.22602766587065687,0.09125712955856338,0.6582615928968701,0.024453611673909612
noisy,0.01,4,131,0.1382178646163096,1.7179969571895886,0.23200128607622622,0.11649365138763168,0.6255329971872999,0.02597206534884213
noisy,0.01,4,132,0.026008948450906812,1.7147697366359802,0.23372362255484821,0.11451903650195566,0.6262098788284297,0.02554746211476643
noisy,0.01,4,133,0.3523092155228369,1.7181654089305667,0.2131484614627826,0.10352285707616826,0.6497951625020293,0.03353351895901981
noisy,0.01,4,134,0.46841239981586236,1.6807928833924992,0.22866452343071642,0.05836602349316765,0.6752173297364237,0.037752123339692294
noisy,0.01,4,135,0.10900449828477538,1.6821246721538488,0.22530487262550092,0.05882462954199197,0.6774523252538033,0.03841817257870379
noisy,0.01,4,136,0.503663494484496,1.7250906627554161,0.2341566196376649,0.08617289298987037,0.6402358326843077,0.03943465468815707
noisy,0.01,4,137,0.8044959435937926,1.7923172544005053,0.2188580265191483,0.11941241565668459,0.6131716353744777,0.048557922449689456
noisy,0.01,4,138,0.06517269602045186,1.7909523198355144,0.2209207412689169,0.12242156883820424,0.6099374123407997,0.046720277552079297
noisy,0.01,4,139,0.3757638017996179,1.8486714880457573,0.2618766154310394,0.12059132605106368,0.5585964649420996,0.058935593575797376
noisy,0.01,4,140,0.34366352658253163,1.8493344625750148,0.2746660909829784,0.11924401523725088,0.5481735601855521,0.057916333594218716
noisy,0.01,4,141,0.3065162336570282,1.8121311621060197,0.2735967699112912,0.11757003912290821,0.5610995428691778,0.04773364809662278
noisy,0.01,4,142,0.12319847429170974,1.8152318967369268,0.2614032317167616,0.11398493724236623,0.5729316101889441,0.05168022085192801
noisy,0.01,4,143,0.7259117034845985,1.8056054154623478,0.19759249600628206,0.18236658263487546,0.5889718373562052,0.031069084002637398
noisy,0.01,4,144,0.05418962385737913,1.813381750093103,0.20632818837280087,0.18268389830485718,0.5789189022342727,0.03206901108806935
noisy,0.01,4,145,0.45164201728766784,1.7425029669715502,0.18866335191002653,0.17196351226964002,0.6217278156735969,0.017645320146736535
noisy,0.01,4,146,0.1261794891324803,1.7548277018280214,0.18752458632654245,0.1797790639272983,0.6142734102524903,0.01842293949366904
noisy,0.01,4,147,0.20318966964259824,1.7563517569154792,0.19511028456932472,0.1711684108256576,0.6125409896464429,0.021180314958574864
noisy,0.01,4,148,0.20907666865968952,1.7208113406116954,0.1857970868118029,0.15691042281686762,0.6398703131841692,0.017422177187160298
noisy,0.01,4,149,0.18548780714627625,1.7258098713030567,0.19269164093079288,0.15860400725236212,0.6313779428551998,0.017326408961645265
noisy,0.01,4,150,0.15729178121546283,1.7153732493439946,0.2044879948725078,0.1543530728851093,0.626854229833895,0.014304702408487937
noisy,0.01,4,151,0.6670365574536813,1.7072126818424218,0.20713919296963876,0.14071669468312395,0.6353517467510832,0.016792365596154112
noisy,0.01,4,152,0.4054586512502251,1.7552585259921785,0.22025394263182774,0.12159781957493374,0.621560240873245,0.03658799691999352
noisy,0.01,4,153,0.14436401263810464,1.7423666302276404,0.23100723143088148,0.11612436247174451,0.6194236304955802,0.03344477560179368
noisy,0.01,4,154,0.35698056267574557,1.7922626190378894,0.179031067324415,0.14394841812152553,0.6325982876888613,0.04442222686519826
noisy,0.01,4,155,0.4676355106057612,1.788575779590101,0.1196048249031399,0.1712521451888324,0.6684429575084998,0.04070007239952789
noisy,0.01,4,156,0.7331266500987121,1.812003162127671,0.09837188864068143,0.20389251109542567,0.659893116726115,0.0378424835377779
noisy,0.01,4,157,0.4188369378680351,1.7379928360471735,0.09922709557306147,0.20266426471899843,0.6817793791935639,0.016329260514376245
noisy,0.01,4,158,0.3642553815152504,1.783597782090604,0.11607966949601514,0.2279711790934509,0.638131841086941,0.017817310323593072
noisy,0.01,4,159,0.03497161634732075,1.7851398142149253,0.11600202599386729,0.2313788357066098,0.6356526105303667,0.01696652776915626
noisy,0.01,4,160,0.3445120264659624,1.8249238624505026,0.13731714699965342,0.22407359718028166,0.6098965245673883,0.028712731252676756
noisy,0.01,4,161,0.2576025996240759,1.8074861604855024,0.1499026278926811,0.20893124891053122,0.6134268038061446,0.027739319390643058
noisy,0.01,4,162,0.8590704231755808,1.7568551409333282,0.09672845840835982,0.12230048491739995,0.7278232692233961,0.053147787450844225
noisy,0.01,4,163,0.11242463340749964,1.7721765890174825,0.1054983822734329,0.1250591202513161,0.7139722622303037,0.055470235244947264
noisy,0.01,4,164,0.43039570242399344,1.6989379977914034,0.15016784914850953,0.11963761044098872,0.7001719700128128,0.030022570397688818
noisy,0.01,4,165,0.27146420365897705,1.7108039810251303,0.16674318517537326,0.1211965601459084,0.6813207565687438,0.030739498109974457
noisy,0.01,4,166,0.4354492416023304,1.7427707734139113,0.13567474513382197,0.1519424655945598,0.6799077906216752,0.032474998649943146
noisy,0.01,4,167,0.07938395789824193,1.7473116820825836,0.13480705588447045,0.14856244447931985,0.6813984329917661,0.03523206664444356
noisy,0.01,4,168,0.03222524421289563,1.7458239248428822,0.13548417406989285,0.14720577228529655,0.6820852464229769,0.03522480722183373
noisy,0.01,4,169,0.423803220153785,1.6695619359912177,0.17021764459092745,0.09900168929986188,0.7041703820249987,0.026610284084211934
noisy,0.01,4,170,0.42175078165018803,1.6280234448288255,0.15631629756541285,0.09528208367370747,0.7308157751132159,0.01758584364766376
noisy,0.01,4,171,0.4333283235318946,1.6851726631458923,0.1874901721549489,0.13471237674103756,0.6625860451992991,0.015211405904714488
noisy,0.01,4,172,0.13651338341878372,1.6762451972558496,0.20418486576682618,0.12636900474904553,0.6558877305098435,0.013558398974284841
noisy,0.01,4,173,0.24946559302043214,1.6946350457009922,0.24003743533986613,0.11356864822859199,0.6272758862023039,0.019118030229238
noisy,0.01,4,174,0.29018663294846414,1.6990192348867252,0.22213985210081058,0.0984550066782569,0.6507824973132388,0.02862264390769381
noisy,0.01,4,175,0.3176894136122454,1.6815425822579326,0.20836744144541375,0.10032637803517439,0.6667283101629893,0.02457787035642251
noisy,0.01,4,176,0.5731526140007187,1.7655038117925341,0.19726424578912335,0.11580713374468594,0.6420131664761786,0.04491545399001202
noisy,0.01,4,177,0.40085810970049707,1.7639159573847234,0.20190118736967508,0.12976571628127173,0.6298752808969733,0.03845781545207984
noisy,0.01,4,178,0.43234179110731574,1.7009152502174292,0.15272655751476633,0.12780861785326514,0.6923350048881446,0.02712981974382404
noisy,0.01,4,179,0.003612921398596536,1.7009827472355452,0.15262359385995947,0.12793866537900175,0.6923243384664576,0.027113402294581194
noisy,0.01,4,180,0.011451368860435615,1.702132545765845,0.1522603584854216,0.12924292438951512,0.6914966444122941,0.027000072712769323
noisy,0.01,4,181,0.20841464545810595,1.6960428873526534,0.14895453541880013,0.11329086201517434,0.7059906180750242,0.03176398449100139
noisy,0.01,4,182,0.7603154626558523,1.7880323947101646,0.15597186188111167,0.11325810592191683,0.6727323370296612,0.05803769516731029
noisy,0.01,4,183,0.2700467251706895,1.767087143353478,0.15295697181043535,0.12985463340053022,0.6713174388878241,0.045870955901210375
noisy,0.01,4,184,0.1490792948170533,1.7835715758758646,0.16433903882056267,0.12956766078955065,0.6567506831794194,0.0493426172104673
noisy,0.01,4,185,0.5506032487028278,1.914910142054221,0.16346681003256283,0.09997467368578206,0.636951215785266,0.09960730049638906
noisy,0.01,4,186,0.2827441258705221,1.9154025915891917,0.16018145240809295,0.10405147846362038,0.6371435997226411,0.0986234694056456
noisy,0.01,4,187,0.06671351555269212,1.9266347099783914,0.15458152881627465,0.1011882843643681,0.6404492406703569,0.10378094614900035
noisy,0.01,4,188,0.9254166219616344,1.9036133051217146,0.08390562178266311,0.11266294280874993,0.7015369621068053,0.10189447330178161
noisy,0.01,4,189,1.0676291879499367,1.7914862338345496,0.07781677859670019,0.05875437693436957,0.773238124672259,0.09019071979667113
noisy,0.01,4,190,0.2697192131308807,1.8468696398773905,0.08800931214150895,0.04039655680067315,0.7593406527056488,0.11225347835216917
noisy,0.01,4,191,0.9892578888684512,1.8763819646475102,0.16203986977528628,0.08864487491782842,0.6565412766231591,0.09277397868372635
noisy,0.01,4,192,0.7886390008498007,1.9046686805917628,0.14650495405803193,0.08660237212591902,0.6629273623810407,0.1039653114350084
noisy,0.01,4,193,0.3915003711590531,1.8395894456500392,0.17688325314914122,0.08271363029482058,0.6581860538607358,0.08221706269530235
noisy,0.01,4,194,0.28819232358364033,1.8754904129913932,0.17438994892080947,0.08523712197012401,0.6481941831767876,0.09217874593227895
noisy,0.01,4,195,0.3013070684974034,1.8483390357964844,0.1682436502380785,0.08436476316966962,0.6620776619232138,0.08531392466903798
noisy,0.01,4,196,0.10446923534618571,1.8401596780503575,0.17231312044879574,0.08701261502233346,0.6593313604333875,0.08134290409548334
noisy,0.01,4,197,0.4204060521442443,1.810417701845185,0.18483161677580653,0.09652880780776811,0.6513956845373267,0.06724389087909874
noisy,0.01,4,198,0.7222066190443006,1.688963507541823,0.15365987594070488,0.09709551693099057,0.7139790495933024,0.0352655575350022
noisy,0.01,4,199,0.7624339376343414,1.7621046646312866,0.21295169196575697,0.12702110122000868,0.6225263631039489,0.03750084371028546
noisy,0.01,4,200,0.2076092382776551,1.7614788266375379,0.21410764714779965,0.1444759362805744,0.6109768211488443,0.03043959542278167
noisy,0.01,4,201,0.09786682290723547,1.7618571126769804,0.22640439626444805,0.133360305365446,0.6070524247053789,0.03318287366472709
noisy,0.01,4,202,0.12486585311126287,1.7789345509725387,0.2435844993515181,0.13433210238114543,0.5865455737511944,0.035537824516142014
noisy,0.01,4,203,0.08408793125999736,1.7800024355460597,0.24006258968907077,0.137302231425011,0.5874519425029572,0.03518323638296107
noisy,0.01,4,204,0.5293151939986275,1.7903527253618698,0.22541772935700113,0.10331395328696096,0.6179780219098967,0.053290295446141084
noisy,0.01,4,205,0.7834945964277733,1.8020706753936915,0.17930170675014215,0.1358226911863058,0.634465353854754,0.050410248208798115
noisy,0.01,4,206,0.22642771468963208,1.8309439800676395,0.17840843579598004,0.12252179529815109,0.63489844927635,0.06417131962951894
noisy,0.01,4,207,0.39722497260664014,1.7863795945005756,0.17289606187006998,0.09809297584199031,0.667881188482506,0.061129773805433774
noisy,0.01,4,208,0.2979463891242595,1.8322668289668855,0.15743362049560325,0.10200085933063613,0.6653327239289016,0.07523279624485905
noisy,0.01,4,209,0.37445944477804366,1.7758587229607965,0.16731591758280714,0.10677447938371937,0.6704811633022253,0.05542843973124826
noisy,0.01,4,210,0.9177642826689375,1.757869187859924,0.07575728374910219,0.18279202853801335,0.7085102671988274,0.032940420514056996
noisy,0.01,4,211,0.18268737784819908,1.7896895042372538,0.08086227566741346,0.18466132597189303,0.6935164594239226,0.04095993893677089
noisy,0.01,4,212,0.04304769990266964,1.7817028542692535,0.08049628994496291,0.18223552372929616,0.697687196912524,0.03958098941321685
noisy,0.01,4,213,0.45018462633015627,1.8023323084742422,0.06820040739344485,0.1770802707669224,0.7054468988965927,0.04927242294304008
noisy,0.01,4,214,0.881814172724265,1.850376345688846,0.03259181856225044,0.2699889615009076,0.6651293198685438,0.032289900068298016
noisy,0.01,4,215,0.5217106785275938,1.7585395494862386,0.07227147087537533,0.1966929176773016,0.7027941076209365,0.028241503826386488
noisy,0.01,4,216,0.07956791151082498,1.7634681219244488,0.07437158772440375,0.19698774729619653,0.6993302753535868,0.029310389625812883
noisy,0.01,4,217,0.02328251110156998,1.762964299757124,0.07300718512855771,0.19557619834419762,0.701532845620549,0.029883770906695823
noisy,0.01,4,218,0.5553821015055288,1.7316281237213327,0.10755740409222961,0.1579786091569256,0.7039024982764174,0.03056148847442734
noisy,0.01,4,219,0.45805027650203556,1.787066191530874,0.11764781282003042,0.17071571063360275,0.6709177557470944,0.04071872079927244
noisy,0.01,4,220,0.49237826809985563,1.818421523613983,0.0907781719328604,0.15473958607616908,0.6948167199072492,0.05966552208372125
noisy,0.01,4,221,0.3221417674212685,1.8256220290114904,0.10723704098168949,0.16087430814906592,0.674617813811313,0.05727083705793147
noisy,0.01,4,222,0.12655833724420204,1.8311712081404052,0.11647215370990713,0.161480535377741,0.6645874261620751,0.05745988475027664
noisy,0.01,4,223,1.2233208149555137,1.9985058280606214,0.1369287492071692,0.21653396494587443,0.5636408498847717,0.08289643596218474
noisy,0.01,4,224,0.11198533093557117,1.98926068044199,0.13888050349398534,0.2133400619074201,0.5666351973842542,0.08114423721434036
noisy,0.01,4,225,0.5819088336429606,1.946561513863887,0.13216631290884712,0.1042833276964762,0.6521084752874606,0.11144188410721606
noisy,0.01,4,226,0.8718821531510911,1.9406968580386597,0.19821251740792475,0.13226871516013064,0.5793614171720967,0.09015735025984797
noisy,0.01,4,227,0.02597503823926317,1.9354018292642379,0.19502068036326153,0.13046110576967856,0.5847984172523049,0.08971979661475499
noisy,0.01,4,228,0.7057209764025174,1.7956393288152608,0.19749294985639917,0.13159676211161997,0.6232002678877533,0.047710020144227434
noisy,0.01,4,229,0.14282316225580946,1.8174101478925684,0.1978974305247819,0.12381893782206049,0.6212071944163858,0.05707643723677179
noisy,0.01,4,230,0.13238232175353914,1.8462911374271171,0.20753419718553637,0.12016422484257629,0.6065841397339659,0.06571743823792159
noisy,0.01,4,231,1.0414060439215949,1.9748971449264259,0.2540854492880919,0.12886156756794304,0.5230401488507496,0.0940128342932154
noisy,0.01,4,232,0.4921322300797387,1.9631079305637928,0.2930556274549752,0.12655260039382318,0.49426735519431286,0.08612441695688869
noisy,0.01,4,233,1.6053450856707048,1.9036840805063213,0.27792003145181393,0.20756247999863467,0.47514644126593886,0.039371047283612445
noisy,0.01,4,234,0.02481413568602875,1.9015464081851392,0.27801875912688734,0.20623745521313225,0.47650283048496167,0.039240955175018695
noisy,0.01,4,235,0.5942856793990359,1.9030265292663109,0.3509571766944244,0.17623327416191437,0.4315437291311793,0.04126582001248202
noisy,0.01,4,236,0.42805799352936325,1.9404560407652536,0.3272570543370666,0.1783652389420441,0.4396428766211029,0.0547348300997864
noisy,0.01,4,237,0.34742185159120587,1.862340673538774,0.3285228922696149,0.13132019903052905,0.4904160868602991,0.04974082183955708
noisy,0.01,4,238,0.19275725854094483,1.835296201671602,0.32927513541776127,0.11322050361786536,0.5088532298518725,0.04865113111250091
noisy,0.01,4,239,0.7688283289317037,1.9023688057556054,0.3011601415769628,0.08152377853563117,0.53284468805644,0.08447139183096607
noisy,0.01,4,240,0.19015233445680124,1.8947864479261336,0.3204901766704228,0.09251488396420648,0.5116285902187664,0.07536634914660435
noisy,0.01,4,241,1.0258017076412167,1.7635359368303103,0.24254227194361058,0.06192970519442192,0.6365572687019445,0.058970754160022974
noisy,0.01,4,242,0.8068552485201508,1.781143973986126,0.2899452943236133,0.11589982835862521,0.5571380329689908,0.037016844348770755
noisy,0.01,4,243,0.42420619766926126,1.7751064586020122,0.27091491543124696,0.1005511822753728,0.5848086512134056,0.04372525107997455
noisy,0.01,4,244,0.92828307929449,1.7898492181760448,0.17622941125315858,0.039015050532038215,0.7004003896882723,0.08435514852653085
noisy,0.01,4,245,0.8236179916420959,1.9517931190834874,0.17491040508675246,0.01865632655199835,0.6663047626232191,0.14012850573803007
noisy,0.01,4,246,0.42415164638077485,1.8678667543963299,0.19619119032541904,0.04100237291180167,0.6588215913235702,0.10398484543920916
noisy,0.01,4,247,1.611556288728027,1.6459127516184202,0.19381060860912228,0.0841627623429846,0.6998409284217169,0.022185700626176252
noisy,0.01,4,248,0.30736609868472714,1.6793949840603375,0.20375818231202347,0.10130553023241116,0.6707551366830983,0.02418115077246711
noisy,0.01,4,249,0.12264134897850226,1.6812691693587531,0.20514496606534585,0.10183729933657297,0.6686716531652214,0.024346081432859733
noisy,0.01,4,250,0.015374964568763971,1.6815410406271545,0.20683743620290124,0.10140804938744696,0.6673887041576338,0.024365810252017922
noisy,0.01,4,251,0.003166104492264815,1.6819777076022437,0.2070836100771,0.10140142361054907,0.6670503619421028,0.02446460437024814
noisy,0.01,4,252,0.4898366027628103,1.639577432573931,0.22740637298902658,0.07803356671977629,0.6763663736214719,0.018193686669725158
noisy,0.01,4,253,0.2340143760084152,1.639740585287067,0.26493160507176905,0.07267833598915942,0.6471186370869879,0.015271421852083524
noisy,0.01,4,254,0.006091325834858288,1.6393307342371193,0.2649773673935194,0.07232373240878645,0.6474185831874262,0.015280317010268038
noisy,0.01,4,255,0.6249604271724823,1.6005350646626528,0.22300013581448927,0.06503249303282022,0.6997434629269373,0.012223908225753142
noisy,0.01,4,256,0.40905317082069853,1.6131762288230462,0.17349820146978326,0.07038821933815309,0.7356430056731869,0.020470573518876913
noisy,0.01,4,257,0.2169669336872188,1.6303448285842737,0.18247262085882432,0.07048588836897791,0.7227144594210179,0.024327031351179848
noisy,0.01,4,258,0.0026192475925190667,1.6301106217959953,0.18226033705749167,0.07044014877922011,0.7229961684733041,0.024303345689984057
noisy,0.01,4,259,0.6780619766213962,1.7515406708098558,0.2667292131731359,0.09448303643196013,0.5991179529059453,0.03966979748895867
noisy,0.01,4,260,0.005362612835600439,1.7518655797084208,0.2666684526924337,0.09456694574804489,0.5990229633153847,0.039741638244136734
noisy,0.01,4,261,0.38443774473853054,1.7484663340089224,0.2967241621681594,0.07614083347464429,0.5853782143231335,0.04175679003406275
noisy,0.01,4,262,0.05856851930730045,1.750326442411208,0.29144925982373754,0.07910266995499651,0.5875659272874552,0.04188214293381084
noisy,0.01,4,263,0.9980239082360637,1.7490056519447341,0.3670310619646114,0.033413100996677735,0.5508073376688906,0.04874849936982041
noisy,0.01,4,264,0.2389098691637592,1.7250687475914184,0.3847983237059466,0.042289665684223474,0.5370738778291028,0.03583813278072713
noisy,0.01,4,265,0.1131695952499272,1.725622035211926,0.3938732513345258,0.04735632466315824,0.5259667669835054,0.03280365701881072
noisy,0.01,4,266,0.3396469695144333,1.7260613530145366,0.33645281644408537,0.027756657210670117,0.5874620497798161,0.048328476565428484
noisy,0.01,4,267,0.2819856215501204,1.7324566932556946,0.3937842984110713,0.031322004299019754,0.5338981513325031,0.040995545957405816
noisy,0.01,4,268,0.34335224464303155,1.7457522108806605,0.3856123995188095,0.04525160888075824,0.5284489343697846,0.04068705723064761
noisy,0.01,4,269,0.2707866958808131,1.769399869155413,0.37024146042234307,0.05394294408723484,0.5293839598343003,0.04643163565612177
noisy,0.01,4,270,0.09988099167821839,1.76715209384574,0.36616692213599017,0.05045660827750656,0.535707432180932,0.047669037405571275
noisy,0.01,4,271,0.32937182259047404,1.7201797236248084,0.34829141463148783,0.029098625752408167,0.5781458006024213,0.04446415901368276
noisy,0.01,4,272,0.008657806145496133,1.7208242366157709,0.3482308056230531,0.028718776411727362,0.5782420230018939,0.04480839496332568
noisy,0.01,4,273,0.13075716112507188,1.7065761865631126,0.3400153157172911,0.04511000118139939,0.5794434009599949,0.03543128214131451
noisy,0.01,4,274,0.18113613111199683,1.7258264469223212,0.3375290519982629,0.057851178125243076,0.5680640931378462,0.036555676738647784
noisy,0.01,4,275,0.41506066796137114,1.7309352086249161,0.3394782030977922,0.06649360304338149,0.5595539900870343,0.034474203771792014
noisy,0.01,4,276,0.23720727831823718,1.7109500946716818,0.31957372997612427,0.06739303674295011,0.5820893499439281,0.030943883336997543
noisy,0.01,4,277,0.19938421942061135,1.7207121480765812,0.3110230552116592,0.08093720007481202,0.5782599811657744,0.029779763547754315
noisy,0.01,4,278,0.20889207388973088,1.715053464701324,0.30392105111851947,0.07497293300612012,0.5897384033021934,0.03136761257316711
noisy,0.01,4,279,0.27863496664213283,1.7286974514850912,0.3356829853029351,0.06898891237262503,0.5619555777820819,0.03337252454235809
noisy,0.01,4,280,0.7753564410377316,1.7879462890803774,0.4620255332675357,0.09320299042671207,0.4207462334401295,0.02402524286562273
noisy,0.01,4,281,0.30214907019399107,1.768604162761431,0.4633604797428682,0.07330001348603063,0.4375140818489245,0.025825424922176703
noisy,0.01,4,282,0.311404589854649,1.7810995349578875,0.48442696994262424,0.07605714920406463,0.41403012156193564,0.02548575929137545
noisy,0.01,4,283,0.409212968021162,1.8041636918109931,0.4689382516508959,0.08107254832874483,0.4174734614711044,0.032515738549254845
noisy,0.01,4,284,0.009534535987768003,1.8033746439217802,0.46895728748683463,0.08133962336339207,0.4175254580985901,0.03217763105118318
noisy,0.01,4,285,0.31730023189447787,1.7576384691776508,0.47440532873573943,0.04963978777918005,0.44578227181013175,0.03017261167494892
noisy,0.01,4,286,0.24850277701625567,1.7260207540956647,0.4857067363903599,0.04617170034293629,0.44751014882318935,0.02061141444351451
noisy,0.01,4,287,0.5181619889335703,1.7528221795720877,0.445623695351795,0.04424735949100278,0.4752793970656051,0.034849548091597085
noisy,0.01,4,288,0.18985277693718988,1.7330719153024745,0.438815593174659,0.038500400695894804,0.49049615046426837,0.03218785566517771
noisy,0.01,4,289,0.5536904553882755,1.6525682889075552,0.42963650305614587,0.02952375964313908,0.5276647974260067,0.013174939874708233
noisy,0.01,4,290,0.07337995228590793,1.6546146761766558,0.4322208192619378,0.03076622995328812,0.524069741554653,0.01294320923012114
noisy,0.01,4,291,0.1306691267527605,1.6650777987133432,0.4449439148748773,0.03375688160694395,0.5081841509822094,0.013115052535969366
noisy,0.01,4,292,0.17902940983185456,1.6711662624391754,0.4412833987450683,0.03930983284750128,0.5061244081585383,0.013282360248892127
noisy,0.01,4,293,0.3195642102509705,1.6544840417361997,0.42105577788379994,0.0343847108098448,0.5315017067124643,0.013057804593890965
noisy,0.01,4,294,0.6797531350166515,1.7400414457283901,0.36835377842022204,0.07000045409134445,0.5297904553161262,0.031855312172307436
noisy,0.01,4,295,0.0657143167336471,1.7463480369129933,0.3669905874190807,0.06983542821418583,0.5292079464331237,0.03396603793360987
noisy,0.01,4,296,0.7903811412979822,1.7614323377125403,0.4110968195833415,0.05738146105469645,0.4943975348988848,0.0371241844630771
noisy,0.01,4,297,0.7849856617976907,1.85022161953717,0.3438976860114966,0.11191811644606153,0.4926391241398871,0.05154507340255475
noisy,0.01,4,298,0.2796660785097594,1.83649490099908,0.30911190024115404,0.08380691334728936,0.5439900452049953,0.06309114120656141
noisy,0.01,4,299,0.8851011268561709,1.995185040779188,0.19933933588272013,0.23956320675766324,0.4964777201607376,0.06461973719887905
exact,0.1,0,0,0.2047532602058735,3.093294700698219,0.20613929930084965,0.17456956285134673,0.2083891350913126,0.4109020027564911
exact,0.1,0,1,0.8974737050740537,2.8387771597247697,0.2236695432540149,0.20951570320794866,0.2462450564316148,0.32056969710642175
exact,0.1,0,2,1.3296301746643742,2.3118201447577387,0.23680574476044655,0.25183659704662803,0.3634633017980134,0.14789435639491214
exact,0.1,0,3,1.0414622264595723,2.187293173330747,0.27810856495770964,0.2269715111681998,0.3796400469317335,0.11527987694235711
exact,0.1,0,4,0.3449003902292343,2.1647726880084317,0.3028655797899527,0.19454546065879036,0.3847675584690589,0.11782140108219809
exact,0.1,0,5,0.14303960803184484,2.16207092093782,0.3209100883272462,0.18668110671301108,0.37482910361104393,0.11757970134869886
exact,0.1,0,6,1.168939328157914,2.079074848487907,0.31352696970270494,0.3362967924863183,0.3141881435632579,0.0359880942477189
exact,0.1,0,7,0.5506774189621304,2.0101090198592066,0.29923655635347507,0.34781946326328333,0.33975241011201274,0.013191570271228784
exact,0.1,0,8,0.01574412926010676,2.0103025613527388,0.30003783227973135,0.3475999242146603,0.3391391871814896,0.01322305632411879
exact,0.1,0,9,0.41286213669565086,1.9838557131060832,0.28901221799227844,0.3313409899154284,0.36632667949620473,0.013320112596088528
exact,0.1,0,10,0.6045057756206378,1.9381825389155802,0.2815624712647149,0.2395694594907702,0.4422450105023088,0.036623058742206054
exact,0.1,0,11,0.024844465560757874,1.938398720115185,0.2839490105829645,0.2393315490721068,0.4402679235000041,0.0364515168449245
exact,0.1,0,12,0.2695961770542148,1.9302189953844313,0.30235708992770405,0.2119771740865865,0.44353999864707283,0.042125737338636685
exact,0.1,0,13,0.2234105219644849,1.9283059241932294,0.3026553509115021,0.2016117243662134,0.45019384642436333,0.04553907829792115
exact,0.1,0,14,0.8766247250695872,1.7927847357696027,0.3862912295173374,0.11911898648184505,0.46859831476867925,0.025991469232138426
exact,0.1,0,15,0.5341152582607734,1.7269386890828,0.36203473981259915,0.1168005569530095,0.5103419067830288,0.010822796451362634
exact,0.1,0,16,0.1382073339978543,1.7194757718431126,0.35903155777266677,0.10023491511917759,0.5253097650610487,0.015423762047106963
exact,0.1,0,17,0.532599180535993,1.7031285853472413,0.3377379643569667,0.0741954788959524,0.5645222016964888,0.023544355050592092
exact,0.1,0,18,0.04868808932929721,1.7058536550645182,0.3362054568851646,0.07230585236817345,0.5662040542957778,0.025284636450884086
exact,0.1,0,19,0.1330821498350911,1.7065505598293522,0.32941432317700975,0.08013595961471146,0.5670452987177587,0.023404418490520263
exact,0.1,0,20,0.34793698156052244,1.6903775038970386,0.3007838424594987,0.07662256523797487,0.5987195690041135,0.023874023298412823
exact,0.1,0,21,0.3345260692526563,1.7070193295424283,0.27556499249956073,0.06926560480596343,0.620144741353299,0.03502466134117679
exact,0.1,0,22,0.2847508129291326,1.7038099174563266,0.2896587950278358,0.06950289394672535,0.608755888319015,0.032082422706423946
exact,0.1,0,23,0.2056966210463012,1.6957120891145248,0.2721230231400139,0.07159573299739148,0.6250267254669643,0.03125451839563032
exact,0.1,0,24,0.38730387246292214,1.6984979056852363,0.2219144479484969,0.1029241327156384,0.6483801590950358,0.02678126024082892
exact,0.1,0,25,0.007423664649682138,1.699014893495194,0.220861440351686,0.10319896299978973,0.6489704047399536,0.026969191908570608
exact,0.1,0,26,0.43954971754914957,1.6904083530073994,0.22101590003457297,0.07673379520861318,0.6676810196406744,0.03456928511613948
exact,0.1,0,27,0.14697910887106885,1.6912023101530194,0.2006398683553633,0.0720364751468233,0.6880042403657949,0.039319416132018496
exact,0.1,0,28,0.20114154208632573,1.6903706628977269,0.19260389038825937,0.07502630849651136,0.6933755522337878,0.038994248881441526
exact,0.1,0,29,0.9372664215841543,1.6172264221383192,0.09881462797915017,0.10279066579152413,0.7793508917799314,0.01904381444939433
exact,0.1,0,30,0.3619582753917097,1.6245596771892548,0.09924286717990313,0.1123056705456676,0.7709396419440371,0.01751182033039206
exact,0.1,0,31,0.495234372101719,1.6040263162772759,0.09776122563561117,0.07635078869275559,0.8004921391366955,0.02539584653493777
exact,0.1,0,32,0.20242349865235357,1.5997323514150592,0.10986029882077794,0.07639046909353926,0.7912141950062263,0.022535037079456553
exact,0.1,0,33,0.6693000165891644,1.5389039464896128,0.07065131505637627,0.041819191582062196,0.8647293856372282,0.022800107724333277
exact,0.1,0,34,0.02287969177862703,1.5393983701026213,0.0693374440766474,0.041558989741718774,0.8658885310031392,0.023215035178494575
exact,0.1,0,35,0.17250127437522067,1.536518123301623,0.06887050710942176,0.04166176258980495,0.8670856165265602,0.022382113774213036
exact,0.1,0,36,0.227615387098733,1.5390154038681343,0.07956335951421988,0.04595739985617728,0.8543735529740526,0.020105687655550108
exact,0.1,0,37,0.5711682532395845,1.5555670646086697,0.10483269421497493,0.05201670700554374,0.8237233459162658,0.01942725286321559
exact,0.1,0,38,0.3317058019089767,1.5526197697265336,0.08510279585417477,0.06169422747350368,0.8357904974939818,0.017412479178339865
exact,0.1,0,39,0.05942643027150766,1.5504960229875169,0.08778405515897379,0.06289241431392124,0.8333450415015916,0.015978489025513305
exact,0.1,0,40,0.1471510052929929,1.5455488288503967,0.0917965687698005,0.05495017385334996,0.8362255852457005,0.017027672131149054
exact,0.1,0,41,0.007400346882498097,1.5456471558676586,0.09190275343573882,0.05528975379535191,0.8358941411108971,0.016913351658012277
exact,0.1,0,42,0.06793125985862157,1.5488528055896653,0.09257497984206677,0.05540942231043205,0.8342850738920057,0.017730523955495552
exact,0.1,0,43,0.09230267476429087,1.5503131226255766,0.09399035493378435,0.05657953442573431,0.8318971500555776,0.017532960584903754
exact,0.1,0,44,0.17473387144162456,1.5493657228927842,0.10740160612173208,0.06118751664259845,0.8176589865010495,0.013751890734620053
exact,0.1,0,45,0.15973929796979291,1.5431788926721497,0.10457371455668107,0.050498046944916664,0.8285575740585348,0.016370664439867514
exact,0.1,0,46,0.20459333163500296,1.5538806103265055,0.11641791378820363,0.053606885375796005,0.8131603467087999,0.01681485412720051
exact,0.1,0,47,0.10128817218283817,1.554146640971861,0.12695696771537943,0.05100704988204085,0.8055209463258319,0.01651503607674776
exact,0.1,0,48,0.011856427045475404,1.553946338966308,0.12761161125039464,0.051524811470727405,0.8046910950516499,0.01617248222722808
exact,0.1,0,49,0.356170250063936,1.5363202005112575,0.1217830040419019,0.05192509293508252,0.8147344921993596,0.011557410823656031
exact,0.1,0,50,0.05907954615101931,1.5355692166347403,0.12437579608951196,0.05258909212572741,0.8122914904522889,0.01074362133247182
exact,0.1,0,51,0.19576127476670885,1.5376446793145515,0.1125184966173394,0.0499275438994576,0.8236363062855581,0.013917653197644932
exact,0.1,0,52,0.15930013790649056,1.534515413279651,0.11580367194555281,0.04889882862189052,0.8223408111110799,0.012956688321476744
exact,0.1,0,53,0.22715600428713928,1.5327639462162321,0.11325811778932789,0.04790016846181757,0.8256917455033943,0.013149968245460216
exact,0.1,0,54,0.6006266566011114,1.5348648552750792,0.0859973091652069,0.03827752399397647,0.8547492258047648,0.0209759410360519
exact,0.1,0,55,0.08369127558838607,1.5375291045853576,0.0871966153805863,0.04051682023102054,0.8515302908709033,0.020756273517489928
exact,0.1,0,56,0.0705603684304389,1.5353992150679447,0.0851988727834085,0.03641289300570041,0.8564394711725886,0.021948763038302555
exact,0.1,0,57,0.0363558068130235,1.5352835031360461,0.08212083333106412,0.03699445936045774,0.8587950026993543,0.022089704609123906
exact,0.1,0,58,0.15873154584760474,1.5248810609615766,0.07005520365393879,0.04087938695507798,0.8699870962400431,0.019078313150940194
exact,0.1,0,59,0.18902731935652678,1.5233057102850471,0.0619410916511328,0.04633227053308115,0.8741523138747539,0.01757432394103224
exact,0.1,0,60,0.25318433218211656,1.514966368095002,0.050416080170845055,0.05035656582556837,0.8841819707447316,0.015045383258854987
exact,0.1,0,61,0.07709397318429245,1.513361689023678,0.047614335382012735,0.046362833513797205,0.8895710136284857,0.01645181747570436
exact,0.1,0,62,0.10667321430572241,1.5163131495706659,0.04410866785972046,0.04246625032529542,0.8941633701258647,0.019261711689119332
exact,0.1,0,63,0.06795494315063204,1.517137055305925,0.04339062165221441,0.04550080656004332,0.8926676630048609,0.0184409087828814
exact,0.1,0,64,0.07702609509992404,1.51726998223523,0.04674434359565902,0.04468846661181992,0.8902064003138266,0.01836078947869447
exact,0.1,0,65,0.21297723534910654,1.5206209080100965,0.04887613544471649,0.057799556158101735,0.8792447069692975,0.014079601427884319
exact,0.1,0,66,0.29457121419940807,1.513118487222501,0.03732021979577311,0.07057973605126733,0.8836433905534654,0.008456653599494058
exact,0.1,0,67,0.37357457411028683,1.496915152870271,0.028673981585369747,0.06643873287893677,0.8985504653085342,0.0063368202271591794
exact,0.1,0,68,0.05383726255636832,1.4976529125757583,0.0265218157993226,0.06626640545284827,0.9003155746448267,0.006896204103002427
exact,0.1,0,69,0.0144590652441038,1.4975520841758037,0.02668541412907475,0.0658894644458104,0.9004358632611963,0.006989258163918664
exact,0.1,0,70,0.0062242226595757705,1.4975995860214097,0.02653764585470859,0.06595255577038056,0.9005116641144629,0.006998134260447954
exact,0.1,0,71,0.2216441788413165,1.497400976976302,0.03392823665340036,0.056647354711685874,0.8998786246226079,0.009545784012305946
exact,0.1,0,72,0.10558696352879328,1.4912360914923266,0.03287716001476086,0.056233720012324635,0.9028801079317319,0.008009012041182711
exact,0.1,0,73,0.3496783456922072,1.4844375387068895,0.036517997725991104,0.046867786575777386,0.9075153474731614,0.00909886822507011
exact,0.1,0,74,0.1840333144572608,1.4794463390600148,0.03894693986153613,0.0381852497277513,0.9122503940402054,0.010617416370507227
exact,0.1,0,75,0.2716202909816652,1.4803389459931724,0.04584862858490478,0.023148197919816267,0.9152741042663505,0.015729069228928413
exact,0.1,0,76,0.19596286054605405,1.4727947657938876,0.057997550642022874,0.02104256418326127,0.9082203843191871,0.012739500855528786
exact,0.1,0,77,0.23017972704402812,1.470400141525891,0.06965025546603426,0.019478292233231508,0.8997396495031394,0.011131802797594804
exact,0.1,0,78,0.11179488370274993,1.4671880686848096,0.07336209229645968,0.0189889589734818,0.8977598506368569,0.009889098093201624
exact,0.1,0,79,0.016209769516391193,1.4674080541991659,0.07342471037181536,0.018675969291742527,0.8978337817048038,0.010065538631638367
exact,0.1,0,80,0.06942481537284462,1.4642906111132006,0.06819693536108862,0.01702831989901366,0.9043357944577658,0.010438950282132039
exact,0.1,0,81,0.2147855725901426,1.4643096196845276,0.061375224224604626,0.01630383724097344,0.9107265649271525,0.01159437360726948
exact,0.1,0,82,0.04811737963982554,1.4641614197684532,0.06140571824892149,0.01660486963321305,0.9105575307900811,0.011431881327784369
exact,0.1,0,83,0.392865542846387,1.4742168580451929,0.07171554090672438,0.021357510834337286,0.8956439130600212,0.011283035198917185
exact,0.1,0,84,0.6743827432049788,1.5085881147756224,0.05191345485500656,0.04187035223376293,0.8900176386257318,0.0161985542854987
exact,0.1,0,85,0.3128472407428145,1.4949190570821065,0.07555030802311564,0.02365707391759303,0.8847385682566643,0.01605404980262709
exact,0.1,0,86,0.10276091615071903,1.4906203993763134,0.07931994091612712,0.0240249738900894,0.8825007325040455,0.014154352689738069
exact,0.1,0,87,0.10050351774070979,1.4904030539471873,0.07978706606695024,0.02553272420681003,0.8812250612055896,0.013455148520650159
exact,0.1,0,88,0.12367682533877292,1.4891495157893366,0.07937253383469856,0.024121839375116055,0.8828311374112812,0.0136744893789043
exact,0.1,0,89,0.1286400461514401,1.4896270739397603,0.08706675736203161,0.028219511664838146,0.873450336311979,0.01126339466115118
exact,0.1,0,90,0.08830838170028665,1.4870962119338866,0.08924182108600223,0.030990144448561616,0.8705919566007193,0.009176077864716923
exact,0.1,0,91,0.24657627882569136,1.4855056162562614,0.0809733748072143,0.022893419718027667,0.8832770896366706,0.012856115838087444
exact,0.1,0,92,0.15213113266756187,1.4866518755297318,0.07898633224902117,0.02416346870216987,0.8838825717335682,0.012967627315240718
exact,0.1,0,93,0.12724620833699982,1.4803679622664547,0.07942610918147895,0.020442726866240827,0.8876658068271479,0.012465357125132276
exact,0.1,0,94,0.024128076475118596,1.4801683252033244,0.0810179484665217,0.019746669235974457,0.8867687200009327,0.0124666622965712
exact,0.1,0,95,0.32259539890852096,1.4546521211849508,0.06241875374905354,0.008813761769207062,0.9173207069566756,0.011446777525063935
exact,0.1,0,96,0.05393325796318359,1.4526885729250212,0.06078116949588424,0.0092723468980751,0.9190473618716449,0.010899121734395565
exact,0.1,0,97,0.3154763964734029,1.4644212786657107,0.0824925418606038,0.011073798131699624,0.8955233167533134,0.010910343254383234
exact,0.1,0,98,0.04076380782168439,1.4642934687332692,0.08498215046220536,0.010559669316049165,0.8937100035429144,0.010748176678831075
exact,0.1,0,99,0.014790449942641351,1.4646735492273446,0.0855118286677685,0.010174689425421395,0.893374071369584,0.010939410537226118
exact,0.1,0,100,0.021574614552523498,1.4643524591822104,0.0860244786530868,0.010093432609305151,0.8930728977905981,0.010809190947009856
exact,0.1,0,101,0.09542926025748352,1.4646818210831547,0.07702054528778339,0.009307567251806198,0.9013088669347766,0.012363020525633775
exact,0.1,0,102,0.005777536728328675,1.4647029862839989,0.07720735617851533,0.009232606846667032,0.9011861786720423,0.012373858302775341
exact,0.1,0,103,0.3530083805403653,1.4434471570776237,0.0904576518977218,0.009273682647209432,0.8959185252961939,0.004350140158874818
exact,0.1,0,104,0.25832609149967467,1.4457014517947,0.09985490687624264,0.008745348587554156,0.8873898315002884,0.0040099130359148236
exact,0.1,0,105,0.1008207585543961,1.4455525731178442,0.09439775465260196,0.007147513430635153,0.8931774312152079,0.005277300701555014
exact,0.1,0,106,0.025784278728483757,1.4453271657159195,0.09512921414156014,0.007269633919414216,0.8925313960794224,0.0050697558596032
exact,0.1,0,107,0.17775659820156622,1.444344604108272,0.09668638152750389,0.008215824221242032,0.8908803795050257,0.004217414746228248
exact,0.1,0,108,0.13045184068537818,1.4455045850451709,0.09798012697225751,0.007794050768317353,0.8896703645304819,0.004555457728943324
exact,0.1,0,109,0.1520007854933109,1.4449589266791378,0.1005517406584791,0.005332926160387594,0.8891158033021306,0.004999529879002585
exact,0.1,0,110,0.0690304190738754,1.4437052563880317,0.09807623211393558,0.004822124466580734,0.8919604856697925,0.005141157749691043
exact,0.1,0,111,0.042204058232511256,1.4431442310696825,0.09604110080497479,0.005142670616511207,0.8937014493676336,0.005114779210880305
exact,0.1,0,112,0.23507194731644532,1.445221264995031,0.09992176924026809,0.004846772303862611,0.8898877896596176,0.005343668796251799
exact,0.1,0,113,0.0526696201336766,1.4451629437714228,0.10024844821661853,0.004855041634485901,0.8896153885792181,0.005281121569677491
exact,0.1,0,114,0.26702846341158054,1.4720803374241127,0.07745689885038488,0.009718310257535764,0.8984796201633086,0.014345170728770767
exact,0.1,0,115,0.35205868699303655,1.4686689221480158,0.09424505509194499,0.013752224903489204,0.8823653339771479,0.00963738602741801
exact,0.1,0,116,0.16112580743420923,1.4648262011545983,0.07630311550727328,0.010587040491884974,0.9010990595183195,0.012010784482522234
exact,0.1,0,117,0.14363805034952215,1.4725430308763576,0.07846236446402742,0.012877233013194248,0.8955100341605983,0.013150368362180075
exact,0.1,0,118,0.07360960199556121,1.4721281625689513,0.0729946903055596,0.012065338333944627,0.9009015220568432,0.014038449303652572
exact,0.1,0,119,0.004147539709395742,1.4721085338637279,0.07317286592101847,0.011974624922444048,0.9008082029787557,0.014044306177781721
exact,0.1,0,120,0.4259193741936838,1.4562805392267952,0.06177475280159881,0.009904921242873652,0.9167232841862756,0.011597041769251946
exact,0.1,0,121,0.04552785864202742,1.4567575001518949,0.06106950842458091,0.009915447946599964,0.9171902679240871,0.011824775704732086
exact,0.1,0,122,0.18244894164049694,1.4520584636165068,0.055649066381253505,0.00824885263178822,0.9243444317116677,0.011757649275290475
exact,0.1,0,123,0.38223226763036766,1.4541939594918905,0.08628647112905823,0.004123204120509156,0.8995548012709267,0.010035523479505941
exact,0.1,0,124,0.09993918645431765,1.4530346762889073,0.08356675866590325,0.004417506095626439,0.9020866699933158,0.0099290652451546
exact,0.1,0,125,0.06832128582612274,1.4525804090885357,0.07610355246987789,0.003705175559465618,0.9091678942614566,0.01102337770920003
exact,0.1,0,126,0.020127844553392255,1.4535386700836588,0.07755146968163261,0.0036221878581374793,0.9076728230497009,0.011153519410529163
exact,0.1,0,127,0.5455943871193549,1.5134541164086788,0.12870094079654854,0.013115292711620968,0.8394855964057325,0.01869817008609803
exact,0.1,0,128,0.4765137362280075,1.489783290970983,0.11353260764446872,0.009178070121237924,0.8621393145854818,0.015150007648811505
exact,0.1,0,129,0.2740355345074784,1.4976301476939582,0.13829737529635117,0.013019217824426882,0.8358855451533527,0.012797861725869362
exact,0.1,0,130,0.296908344918986,1.4998915963057384,0.16071217083520134,0.014075158806630095,0.815070925727414,0.010141744630754651
exact,0.1,0,131,0.016753714985784818,1.4996903855029045,0.15947183605304657,0.014374836978419675,0.816023431781534,0.010129895186999768
exact,0.1,0,132,0.08703696061813664,1.5008080631544864,0.1635476880831179,0.012719524420680224,0.8131729743131538,0.010559813183047958
exact,0.1,0,133,0.22458675880939438,1.49616364532444,0.1683996577977084,0.014359251792029152,0.8093178655240287,0.007923224886233792
exact,0.1,0,134,0.04030651806954221,1.4963286432186362,0.16537968675007614,0.014498391714434691,0.811807676915165,0.008314244620324212
exact,0.1,0,135,0.32984684080283067,1.4957989289189353,0.17294367184422876,0.017622598583162417,0.803459496399999,0.005974233172609851
exact,0.1,0,136,0.047181907958243466,1.4931225829782302,0.17812762889825326,0.016722845862126447,0.8003042969367351,0.004845228302885214
exact,0.1,0,137,0.1981119212308112,1.4954646487016163,0.1705111752713643,0.02067624780123715,0.8037845376719512,0.005028039255447337
exact,0.1,0,138,0.036028448316298686,1.4957508325545061,0.16894907633411488,0.02182955925286538,0.8043442852617418,0.0048770791512779054
exact,0.1,0,139,0.08001907918304596,1.4900272856162649,0.16376833570009497,0.018249271384675757,0.8127558871341956,0.005226505781033793
exact,0.1,0,140,0.10648593499098273,1.4943157547125747,0.16775044750380172,0.01896245429695228,0.8075834771650194,0.005703621034226622
exact,0.1,0,141,0.2921066307332227,1.4867503459326243,0.1686399012917124,0.013537923710906279,0.8124057078388484,0.005416467158532975
exact,0.1,0,142,0.11721934612733483,1.4807201952632225,0.1673167087674807,0.012879665486932743,0.8157494260484022,0.004054199697184465
exact,0.1,0,143,0.11040145527762173,1.4823982690345712,0.16047364814808826,0.011680119465159872,0.8219424907938968,0.0059037415928549185
exact,0.1,0,144,0.19299230017820435,1.4774505734509158,0.16335834686600129,0.006585313329053367,0.8240519562948291,0.006004383510116203
exact,0.1,0,145,0.12217269625327631,1.4732352666961133,0.17015964602129022,0.0058752224942746475,0.8198281006005763,0.0041370308838589494
exact,0.1,0,146,0.12016459607544305,1.4770594671218995,0.1644543823420862,0.0085080603674258,0.8220257541123118,0.005011803178176164
exact,0.1,0,147,0.06283230806515151,1.4770418622406676,0.1739549710069653,0.007554178280457985,0.8143631998834905,0.0041276508290862286
exact,0.1,0,148,0.007919218637472289,1.4771163606221125,0.17434481308451058,0.0074954468581174705,0.8140386551510603,0.004121084906311668
exact,0.1,0,149,0.049323682512927666,1.4768090952592556,0.17134490643054054,0.008688612198395129,0.8159989605291741,0.0039675208418902055
exact,0.1,0,150,0.17234648220954543,1.474930666508279,0.17337073209197368,0.006899907488882419,0.8159011126237897,0.003828247795354199
exact,0.1,0,151,0.12133612283481554,1.4789946437895367,0.1767635389962397,0.007421213097322762,0.8114261586738085,0.004389089232629106
exact,0.1,0,152,0.10669045757011628,1.477124542569715,0.17580415505054683,0.008204652517842902,0.8123294281429183,0.003661764288691913
exact,0.1,0,153,0.05240722129671445,1.477464572866316,0.1831549496453726,0.008328566616311713,0.8057648996268164,0.0027515841114993046
exact,0.1,0,154,0.20477757498937166,1.4706902227102436,0.14777415621969767,0.0071304897238135545,0.8392695216121954,0.0058258324442934445
exact,0.1,0,155,0.22935004807178316,1.4840686255980844,0.12127652783492117,0.005334072374149047,0.8594713749886236,0.013918024802306181
exact,0.1,0,156,0.06414257581262106,1.48544934113429,0.12558681469869074,0.005968336956165286,0.8549179428536707,0.013526905491473337
exact,0.1,0,157,0.16716771465042157,1.483615000879401,0.1152986800520554,0.00782209842049447,0.8632696676226143,0.013609553904835918
exact,0.1,0,158,0.14236012832603287,1.492377744948046,0.11193141880284824,0.006541878632790487,0.864395914609168,0.017130787955193395
exact,0.1,0,159,0.44602267916315597,1.4679386519737723,0.11244267017050512,0.012697170839097221,0.8673866881235255,0.007473470866872247
exact,0.1,0,160,0.07664013625349748,1.467896141919287,0.1120326497080725,0.013829862277482641,0.8670552988658646,0.007082189148580168
exact,0.1,0,161,0.045371138815451996,1.4681068462927396,0.11131974682917598,0.014229089569650726,0.8673664641073838,0.0070846994937894476
exact,0.1,0,162,0.028788234755932507,1.4678732882390726,0.10937452917736837,0.014751942626160981,0.8688058492860434,0.0070676789104272796
exact,0.1,0,163,0.07400195181197305,1.4702724154460658,0.11133743235150174,0.014431590327115884,0.8665836505441469,0.007647326777235543
exact,0.1,0,164,0.19529269547469524,1.4596955488040517,0.11204957778334271,0.012002846012973179,0.8706028720063702,0.00534470419731399
exact,0.1,0,165,0.04142105317524841,1.4615846589279347,0.11405226208951295,0.011378141036024202,0.8686856454997068,0.0058839513747560145
exact,0.1,0,166,0.11838950210827931,1.4610778928805193,0.0992334717278579,0.010418835219866515,0.8823346708596612,0.008013022192614317
exact,0.1,0,167,0.18740360879676995,1.4541954326359765,0.11702870820505124,0.011263181544722438,0.8683564944050254,0.003351615845200985
exact,0.1,0,168,0.1271755937834048,1.4515506753074856,0.11240231059880461,0.009849876995053592,0.8740435527224926,0.0037042596836492875
exact,0.1,0,169,0.045587304618279006,1.4520834266669935,0.1131494654369554,0.010369199321358819,0.8729135640733307,0.003567771168355171
exact,0.1,0,170,0.08143902046552146,1.4507103140689102,0.11009849691755927,0.00923593363346738,0.8766788858242963,0.003986683624677066
exact,0.1,0,171,0.324436953109455,1.4833465958052625,0.12983196942281267,0.014385000719430472,0.8466388879832878,0.009144141874469073
exact,0.1,0,172,0.2813507764444812,1.4707668923195731,0.12631504567101395,0.012434907519342932,0.8546349063667302,0.006615140442912857
exact,0.1,0,173,0.3604156148936227,1.4925279711459052,0.1500571229510952,0.012400272339894939,0.8275524315504716,0.009990173158538193
exact,0.1,0,174,0.3059119891964856,1.5060879105181482,0.11922266522657478,0.004019748672785359,0.855545763397315,0.021211822703324855
exact,0.1,0,175,0.04668527368159202,1.5061853093982487,0.12063632651041084,0.005126435998591481,0.8536014399065622,0.020635797584435456
exact,0.1,0,176,0.3414360107302901,1.5162331444077395,0.10223198757144328,0.00549520115654922,0.8664179920893696,0.025854819182637934
exact,0.1,0,177,0.15806359509778542,1.5146285947317082,0.10487347239417455,0.002819572219744469,0.8662498403101678,0.026057115075913084
exact,0.1,0,178,0.2532538116790018,1.5021534641088392,0.10268968668822226,0.006008164891514846,0.8698755766895429,0.021426571730720097
exact,0.1,0,179,0.04868517019626728,1.5024891724693896,0.10038490343593637,0.005217670743035776,0.8722726759070036,0.02212474991402427
exact,0.1,0,180,0.12561071727821016,1.5015436356067795,0.10788053679230149,0.005860928965586414,0.8656273227016954,0.020631211540416715
exact,0.1,0,181,0.20567132137785732,1.4981324932692084,0.11412370947982828,0.0038514591767879374,0.862446725810084,0.01957810553329969
exact,0.1,0,182,0.06385898827715752,1.496304387092839,0.11722390292865383,0.00461004383708837,0.8598201660484285,0.01834588718582934
exact,0.1,0,183,0.2576629141784896,1.485961073865933,0.10626065134868715,0.005434598397333929,0.8719214488932397,0.016383301360739146
exact,0.1,0,184,0.040882566181942345,1.486148546018958,0.10605455585386311,0.005179008549846086,0.8722035710427223,0.016562864553568472
exact,0.1,0,185,0.22691673617379837,1.4796042419020385,0.11780092416236274,0.00466574911771252,0.8642340317952844,0.013299294924640458
exact,0.1,0,186,0.0155788726086495,1.4788085138537852,0.11757835064416826,0.004638147422030172,0.8646807868675991,0.013102715066202586
exact,0.1,0,187,0.2980124122237946,1.466940009817271,0.0729745835525311,0.006254454524418423,0.9060566989045803,0.014714263018470244
exact,0.1,0,188,0.12322471040072003,1.4631892457855336,0.08009240374127442,0.004886075637842164,0.9018123737443838,0.013209146876499631
exact,0.1,0,189,0.09480651626398247,1.4628969442961826,0.07496402621295882,0.00875468555995533,0.9039733179213193,0.012307970305766467
exact,0.1,0,190,0.03885507043558892,1.462403678777672,0.07389274167079736,0.009071233736833188,0.9048574576632756,0.01217856692909372
exact,0.1,0,191,0.0058588429109064505,1.462426398772379,0.0739130071941338,0.009060476558103832,0.9048397137510317,0.012186802496730709
exact,0.1,0,192,0.05502256666531506,1.4617409911524972,0.07425614906121031,0.009841397424023552,0.9042602989844828,0.011642154530283475
exact,0.1,0,193,0.0842817648371745,1.4604803808063946,0.07124865573445197,0.010359954193660835,0.9069349153957187,0.011456474676168574
exact,0.1,0,194,0.13894481840177597,1.4576805553317649,0.06810309834782105,0.012640994273805096,0.9090953022716363,0.010160605106737646
exact,0.1,0,195,0.2990545656002726,1.4737026995581357,0.062017558388252174,0.01731975083183831,0.9067508167594431,0.013911874020466447
exact,0.1,0,196,0.32629413568538124,1.4615710804191513,0.08624155972198823,0.009304109221283777,0.8941974413156795,0.010256889741048627
exact,0.1,0,197,0.3995555759812383,1.4534486822795083,0.06228296232679563,0.01005567044950806,0.917026954129742,0.010634413093954286
exact,0.1,0,198,0.1958352740667874,1.4483452427454353,0.05681730297903485,0.005935245299443757,0.9258606093472399,0.01138684237428159
exact,0.1,0,199,0.12403630942844412,1.4470508120412817,0.04940742127614043,0.004468966682174348,0.9336172813003364,0.01250633074134893
exact,0.1,0,200,0.024489656532042846,1.4465637070147284,0.048784410867050786,0.004394890529255776,0.9343513013527283,0.01246939725096521
exact,0.1,0,201,0.08133780348224907,1.4428068566027124,0.04661571789665615,0.004832220415757793,0.9370875030916267,0.011464558595959422
exact,0.1,0,202,0.20904527907766024,1.44346538649676,0.06214970710486052,0.004514736635712389,0.9235378326850625,0.009797723574364677
exact,0.1,0,203,0.08844690254967713,1.442976027793997,0.05923228513438242,0.004597643459959609,0.9261761907163455,0.009993880689312586
exact,0.1,0,204,0.18112370651853726,1.442208911179823,0.060549446727391695,0.002936181778599517,0.9262843784357958,0.010229993058213045
exact,0.1,0,205,0.06688736640288537,1.439543679020523,0.06532518121152635,0.0030475902005133873,0.9228411529963182,0.008786075591642075
exact,0.1,0,206,0.07343469453644513,1.4411544103733445,0.062070150680911505,0.0034140711466847814,0.9249748947343742,0.009540883438029486
exact,0.1,0,207,0.07227863550373609,1.4401671811552081,0.0653183553185305,0.0031753177564060845,0.9225829549647209,0.00892337196034255
exact,0.1,0,208,0.05464964777100079,1.439675472403013,0.06648655275363956,0.004197452392055845,0.9210769006066278,0.00823909424767681
exact,0.1,0,209,0.14607656335364097,1.4364867879353316,0.06645688134790227,0.0051714051085210684,0.9214456349277832,0.006926078615793376
exact,0.1,0,210,0.15969575797497637,1.4367062462973137,0.060480315680251924,0.005197951302507723,0.9265763424833606,0.00774539053387963
exact,0.1,0,211,0.003765031517229289,1.436739312973817,0.060539814821541846,0.005198534204654645,0.926514273410421,0.007747377563382482
exact,0.1,0,212,0.1857262081740113,1.4317369601049976,0.05460818512278379,0.0034417468857023247,0.9342614470017006,0.007688620989813443
exact,0.1,0,213,0.10857852756486619,1.4303803268655695,0.05253938607624471,0.001957822679166603,0.9373884841736452,0.008114307070943532
exact,0.1,0,214,0.20940192189010876,1.431058326732968,0.03818636433795963,0.001133079908537185,0.9502235037099328,0.010457052043570347
exact,0.1,0,215,0.36494900144084863,1.455932443800205,0.03914983063726826,0.012215810432476541,0.935131842154786,0.013502516775469278
exact,0.1,0,216,0.1733827110122971,1.449557650142389,0.03681781567989106,0.01049615159960283,0.9401243781109697,0.012561654609536368
exact,0.1,0,217,0.0664887847353512,1.449275223146608,0.03461200434749443,0.010799167540592212,0.9419455991612135,0.01264322895070002
exact,0.1,0,218,0.21380133955253938,1.44328242920304,0.04443609047592206,0.014671516752692456,0.9327521856249682,0.008140207146417366
exact,0.1,0,219,0.06950235701587851,1.4437055748298224,0.04575263677753465,0.01574766095795708,0.9308113250475676,0.007688377216940734
exact,0.1,0,220,0.11588065462647965,1.4512137087277175,0.04392239692073187,0.02007957584842531,0.9274968725834735,0.008501154647369289
exact,0.1,0,221,0.1989635421067888,1.4430966602660626,0.04178403193167082,0.016871754752109384,0.9337584434893974,0.007585769826822302
exact,0.1,0,222,0.03451489047692046,1.4419522442575994,0.042436701086329374,0.015260469368206983,0.9345266997227571,0.007776129822706455
exact,0.1,0,223,0.08377491052728214,1.4429715148692108,0.04195680690387309,0.018172011036246702,0.9328394395303844,0.007031742529495788
exact,0.1,0,224,0.12620963407496433,1.4428268366410624,0.03762659108488279,0.01721049673816442,0.9372565705139155,0.00790634166303733
exact,0.1,0,225,0.22873239045561142,1.4546695448770615,0.03178322293696435,0.024901579994858467,0.9340774139136755,0.009237783154501715
exact,0.1,0,226,0.07269061574890022,1.456037171903693,0.029762541384211097,0.024407068549097827,0.9357413290948144,0.010089060971876736
exact,0.1,0,227,0.050976582993402894,1.454760899513238,0.029326501552239728,0.02235072100360662,0.9377743370178381,0.010548440426315602
exact,0.1,0,228,0.22149462023071353,1.4596007605579995,0.024095788826087886,0.02218488981461187,0.9410063128332204,0.012713008526079777
exact,0.1,0,229,0.05215704762197527,1.4595142423755387,0.025132795832460274,0.022043936164911432,0.940214078768544,0.01260918923408431
exact,0.1,0,230,0.2609920682194967,1.4523455022843608,0.03150552036679159,0.018558698035870486,0.9389382778353882,0.010997503761949724
exact,0.1,0,231,0.0926937363073538,1.4533566119056134,0.03178058336592385,0.01871556802040905,0.9383009317457066,0.011202916867960468
exact,0.1,0,232,0.15872142290203087,1.4474505593823135,0.03743259629774625,0.02562337701495254,0.9308429680252475,0.006101058662053863
exact,0.1,0,233,0.19268459081594794,1.4428937862551998,0.04122871050724949,0.027807738229036663,0.9275305050349054,0.0034330462288084925
exact,0.1,0,234,0.17578369354571455,1.4482634605162656,0.037634909567976535,0.02878788221661502,0.9284656457189171,0.005111562496491471
exact,0.1,0,235,0.1556756880253224,1.4445929034780696,0.03544853986444144,0.028463783774493472,0.931663529783312,0.004424146577753153
exact,0.1,0,236,0.19752023709638458,1.4396295629104978,0.020056322144866245,0.025018487263829638,0.9487057473935903,0.006219443197713829
exact,0.1,0,237,0.07692056934276792,1.4400719848831094,0.017634595102429672,0.025569309455277342,0.9503476397553067,0.0064484556869863745
exact,0.1,0,238,0.2553993951589856,1.4486199729310814,0.012005352832572433,0.02541634324853659,0.9528201886889739,0.009758115229917088
exact,0.1,0,239,0.048672605502219905,1.4477900983304166,0.012068562619450374,0.024733552081982524,0.9534343403954862,0.009763544903080835
exact,0.1,0,240,0.17776440605094462,1.4482909880230075,0.016587693360501983,0.02298031595557338,0.9504256012719611,0.010006389411963475
exact,0.1,0,241,0.03058483414912508,1.4471161745057102,0.016423248920564994,0.023240714361882166,0.9507566277109133,0.00957940900663961
exact,0.1,0,242,0.07615846364533575,1.4448739706925446,0.016756709325292152,0.023570736992193045,0.9509266452356541,0.00874590844686069
exact,0.1,0,243,0.031539621592579066,1.443888503524426,0.016213076569454112,0.02382828164445985,0.9515343380755016,0.008424303710584558
exact,0.1,0,244,0.05201357942378834,1.4443284654833863,0.015736437760059747,0.022277536345341357,0.9527806225639962,0.009205403330602714
exact,0.1,0,245,0.1426701043139608,1.454958541217357,0.018276768085528694,0.023938492672059435,0.9463780161920115,0.011406723050400474
exact,0.1,0,246,0.26690644054218915,1.453161832581026,0.02637317392718325,0.025067865048081662,0.9391437893677863,0.00941517165694888
exact,0.1,0,247,0.1047560070108548,1.4560390776721077,0.020689959350683726,0.027639935838453374,0.9416577892064322,0.01001231560443067
exact,0.1,0,248,0.07864334407003347,1.4517835444617107,0.01936574079203412,0.026724026881102828,0.9446443022679167,0.009265930058946242
exact,0.1,0,249,0.03925283321083116,1.451790266928036,0.019415734737374006,0.027363156918011562,0.9442027956853531,0.009018312659261295
exact,0.1,0,250,0.14963556374141274,1.4528998306331575,0.01842935677127734,0.028165392174010873,0.9442377123069537,0.009167538747757973
exact,0.1,0,251,0.008541407925662159,1.453052869328968,0.018439177213058454,0.027968278834658966,0.9443057961452199,0.009286747807062602
exact,0.1,0,252,0.02824665439073433,1.4522167466895513,0.017584598571784692,0.02923177090762711,0.9445175364420619,0.008666094078526166
exact,0.1,0,253,0.1366340528007765,1.4541142503924331,0.0229734046848189,0.02704428606469573,0.9406046658168417,0.00937764343364358
exact,0.1,0,254,0.1633879762652911,1.46716524287872,0.02479570571723398,0.04127835389899742,0.9263273826216704,0.00759855776209831
exact,0.1,0,255,0.4455604290034028,1.4556569428231214,0.03223542774848165,0.02986869621973699,0.9303138036527254,0.007582072379055992
exact,0.1,0,256,0.07321125481180879,1.4551438282981493,0.033869477866598954,0.026925391045240513,0.9308626920779981,0.00834243901016243
exact,0.1,0,257,0.11618113219870488,1.4555478549868712,0.030150028730773697,0.024547674467113346,0.9354612842432193,0.009841012558893615
exact,0.1,0,258,0.18285908503787357,1.4511967937437316,0.027431836068730935,0.02424700332340514,0.9393113875317228,0.00900977307614122
exact,0.1,0,259,0.15003259093420962,1.4510694053732154,0.023744044965904876,0.022933859493811944,0.9433816761878348,0.009940419352448345
exact,0.1,0,260,0.22344282531860682,1.447366914755624,0.03299163426810705,0.02572867582637042,0.9346779898520059,0.006601700053516654
exact,0.1,0,261,0.1107649731478812,1.4478411315755821,0.03174497828673489,0.026775181695801065,0.9349771311044648,0.006502708912999336
exact,0.1,0,262,0.20683767705238396,1.4552905552276305,0.036935608329816724,0.024938443878119637,0.9293740293010243,0.008751918491039432
exact,0.1,0,263,0.1126530846064213,1.4653652380557067,0.04075231550890028,0.023403952825706637,0.9240044226193456,0.01183930904604759
exact,0.1,0,264,0.11479311348166021,1.467878105820211,0.03832256574470131,0.024603486630601083,0.9246358743198475,0.01243807330485015
exact,0.1,0,265,0.510719150493267,1.4778500419373652,0.057282630190455666,0.029735619880222237,0.9019626094810526,0.011019140448269555
exact,0.1,0,266,0.22226346889946302,1.4660161949907908,0.06164662860078214,0.029513157006044035,0.9018058556874597,0.007034358705714137
exact,0.1,0,267,0.04138883814541491,1.4685927583297966,0.06296016655387066,0.028673613775089975,0.9004159440341774,0.0079502756368621
exact,0.1,0,268,0.131631568430603,1.4630605028023653,0.05798496715963374,0.029806281056604603,0.9056939237441447,0.006514828039616988
exact,0.1,0,269,0.2260313816064798,1.4750308798392684,0.05606568335397079,0.028321644915635324,0.9047352622221233,0.010877409508270524
exact,0.1,0,270,0.12182117275910793,1.4773710774398734,0.055224717596623334,0.03138781852442323,0.9028764655368969,0.01051099834205651
exact,0.1,0,271,0.2867096919277188,1.4969300403774304,0.05961299161532008,0.03773687282349736,0.8893200605873174,0.013330074973865128
exact,0.1,0,272,0.3538452846053705,1.5022508178507175,0.047620483281368794,0.049477600276105954,0.8909340657552927,0.011967850687232578
exact,0.1,0,273,0.28033986427696406,1.484403704355976,0.06260418089431691,0.03498259064827905,0.8921319565058429,0.010281271951561172
exact,0.1,0,274,0.00984190313665359,1.4846069831323312,0.062113742631813185,0.03486128107627664,0.8925742598092995,0.010450716482610622
exact,0.1,0,275,0.19596872039998584,1.477979365364111,0.060942339676397214,0.03609169657609675,0.8947999049552384,0.008166058792267693
exact,0.1,0,276,0.09432870600021548,1.476187089734299,0.061392850980030715,0.03265717989633754,0.8970641426997799,0.008885826423851776
exact,0.1,0,277,0.17051621488769406,1.4724132419764708,0.06440728320121396,0.031216086426644682,0.896447507116453,0.007929123255688397
exact,0.1,0,278,0.22100678368476742,1.4730887562932007,0.05538327365599205,0.036128981775576455,0.9010743067654543,0.007413437802977188
exact,0.1,0,279,0.293568732260822,1.4570637043037853,0.05929130308358848,0.034351398395687426,0.903520979713674,0.002836318807050227
exact,0.1,0,280,0.15467908081901446,1.4596751315659153,0.06846398152285264,0.027333569440691454,0.8990927105376747,0.005109738498781068
exact,0.1,0,281,0.06751032299044404,1.460194681170606,0.06837055845656674,0.02436091107743278,0.9008600103512413,0.006408520114759082
exact,0.1,0,282,0.06456478715777542,1.4593431446229204,0.06969918206737398,0.021979629829669386,0.9014284848370685,0.006892703265888012
exact,0.1,0,283,0.13316229066562596,1.4604596580470461,0.07130592683620715,0.025045974258846814,0.8977985917873,0.0058495071176459315
exact,0.1,0,284,0.04679602646106637,1.4599243804739417,0.07028127908170125,0.02544164127201403,0.8986056360050695,0.005671443641215314
exact,0.1,0,285,0.05660332895129109,1.4604032406220147,0.07009526003383257,0.02253837962968091,0.9004228439227169,0.0069435164137696655
exact,0.1,0,286,0.08053970189096385,1.4590066430859259,0.0698574960192645,0.02104436543570731,0.9019692848978196,0.007128853647208504
exact,0.1,0,287,0.028235652851392033,1.4592175646925245,0.06954974045936049,0.021183527405005623,0.9020888461196452,0.007177886015988694
exact,0.1,0,288,0.06489946056125256,1.4604468145996672,0.06783108550321673,0.020708723700662665,0.9035163862338702,0.007943804562250412
exact,0.1,0,289,0.13252136278688187,1.4552440919968541,0.07230614935997592,0.021752950059137133,0.90051231339313,0.005428587187757034
exact,0.1,0,290,0.06745016345504584,1.4549597975689,0.0685460586168121,0.02250252270181574,0.9034104106100744,0.005541008071297723
exact,0.1,0,291,0.033027103752661796,1.4536691848845404,0.06842362641792887,0.02380779809338241,0.9030920199016171,0.004676555587071585
exact,0.1,0,292,0.09115173529539752,1.4508292690754496,0.06609387604848022,0.02485550653612043,0.9053170916828611,0.003733525732538249
exact,0.1,0,293,0.094726012924923,1.4488462447222215,0.060947920100209815,0.02363285394525167,0.9111491497810441,0.0042700761734943615
exact,0.1,0,294,0.11321686487333232,1.4467478030157783,0.0636454832428457,0.01897831997061406,0.9123013864101056,0.0050748103764347
exact,0.1,0,295,0.14877384030121849,1.4452029215924365,0.06528940842239812,0.02102873614315577,0.9100568583263431,0.003624997108103028
exact,0.1,0,296,0.26153997417031494,1.4368322269457845,0.05082060740648453,0.019996490406339936,0.9257984216759939,0.00338448051118165
exact,0.1,0,297,0.13622340013667866,1.4409798003871428,0.050891468303902024,0.019011939965480854,0.9251154359550458,0.004981155775571383
exact,0.1,0,298,0.2600143143083255,1.4391291921011216,0.05422852735972362,0.012388840159014288,0.9268557928492024,0.006526839632059741
exact,0.1,0,299,0.08601904314662413,1.437224433850247,0.054054692085469654,0.013558408190924945,0.9268482661207378,0.005538633602867648
exact,0.1,1,0,1.163686199173188,2.226372842598727,0.47931776207012405,0.1256060505751456,0.25718528521703177,0.13789090213769856
exact,0.1,1,1,0.09701972468640818,2.220613281542747,0.47299294048588125,0.12059688436320626,0.26736843130602717,0.1390417438448853
exact,0.1,1,2,0.21507877288504698,2.2094274878862725,0.4809572491926027,0.11148492513229478,0.2693993540359128,0.1381584716391898
exact,0.1,1,3,0.2785328118459918,2.1883805571082435,0.4573023284122158,0.11337114879274993,0.2947191535144851,0.13460736928054928
exact,0.1,1,4,0.12817716308253296,2.1792295500178755,0.46042790262987376,0.11432872874842825,0.29413448038678514,0.1311088882349128
exact,0.1,1,5,0.5751810668737496,2.10440069251789,0.4707852773470332,0.13609357710062595,0.29387592570587157,0.09924521984646935
exact,0.1,1,6,0.03163015749321829,2.1055427831014706,0.4737474508929185,0.1325334862989384,0.2931785848905318,0.10054047791761123
exact,0.1,1,7,0.09150588528407155,2.1044151613263486,0.47526947846227086,0.12739013040200728,0.2953536167417562,0.10198677439396572
exact,0.1,1,8,0.3400600777333338,2.0879336282214256,0.453948596814969,0.15065817935376788,0.30424681241234947,0.09114641141891357
exact,0.1,1,9,0.07369897945355319,2.0876628200043506,0.45227047338867166,0.15275616725182564,0.30448285916075546,0.09049050019874733
exact,0.1,1,10,0.21543339895979555,2.0863754500003497,0.49053904113596,0.12549465873382146,0.28870916495831656,0.09525713517190217
exact,0.1,1,11,0.19772859366595016,2.076973942002106,0.4943823788814892,0.1180073161034916,0.2927586467829484,0.09485165823207073
exact,0.1,1,12,0.030657767605667935,2.0767722762239074,0.49687094954823424,0.11735599517292716,0.2910820451803296,0.09469101009850897
exact,0.1,1,13,0.5685590636863567,2.0736606849228485,0.4520311721231794,0.19243281841861015,0.28452913725414575,0.0710068722040648
exact,0.1,1,14,0.17906936146016228,2.0660580510922366,0.45130625676701125,0.1943080182453335,0.28623799286983775,0.06814773211781744
exact,0.1,1,15,0.5241774402011433,2.0177436377188247,0.517857429080195,0.16694938985723518,0.2600706138727224,0.05512256718984741
exact,0.1,1,16,0.005462107637900004,2.0177609440095847,0.5177040982881698,0.16720272326464683,0.26004206477048675,0.05505111367669673
exact,0.1,1,17,0.37678761339835637,1.9889089326678835,0.4941857709641833,0.1790127102513471,0.28145969280005223,0.045341825984417515
exact,0.1,1,18,0.6295980600784287,1.9100562438484188,0.49652238652117886,0.12198430663162996,0.3375312138277158,0.04396209301947541
exact,0.1,1,19,0.2761961683445417,1.8959285438900282,0.4617199764339977,0.10208086600984488,0.3837781943694718,0.052420963186685474
exact,0.1,1,20,0.18660942203190595,1.8954362575188983,0.465525309561003,0.10725832068348402,0.37747740710199046,0.04973896265352258
exact,0.1,1,21,0.3395741149153082,1.874479865718485,0.4343063841722992,0.08752668561043753,0.4225939649198368,0.05557296529742651
exact,0.1,1,22,0.7795467496861651,1.7928356798348597,0.3539566739752064,0.1296266824596112,0.4900035354760658,0.026413108089116552
exact,0.1,1,23,0.6424304186262201,1.7625428854342398,0.3808990465370027,0.0971735241201279,0.49563437450811476,0.0262930548347547
exact,0.1,1,24,0.3716523897797871,1.728840143352559,0.3493416854850628,0.09456151096202907,0.5343946362950726,0.02170216725783571
exact,0.1,1,25,0.13489160350612558,1.7338874483532636,0.35703628399116666,0.10329651907587824,0.5208988611066822,0.018768335826273023
exact,0.1,1,26,0.8837547978755111,1.6714646154246455,0.2466666199888929,0.02349146171462857,0.6838913452341152,0.04595057306236343
exact,0.1,1,27,0.46116411574272564,1.6447730374896161,0.24043472784533348,0.0341296879887625,0.6906146893296937,0.034820894836210314
exact,0.1,1,28,0.15358797754008688,1.642128842899252,0.24388569115480915,0.03267796150992783,0.6893018922534923,0.034134455081770834
exact,0.1,1,29,0.09918759205291403,1.6407095069202848,0.2443648836129071,0.03742200811426904,0.6863789595058599,0.03183414876696407
exact,0.1,1,30,0.29065983370864534,1.6175789845285669,0.2224902207706871,0.02766133679553512,0.7182032660435822,0.031645176390195574
exact,0.1,1,31,0.3488856964322407,1.5951801561774062,0.20520629794825992,0.02607274927955342,0.7408024570754497,0.02791849569673701
exact,0.1,1,32,0.494399578604327,1.5414502677320945,0.19889346977152475,0.02191571563728073,0.7647501262316659,0.01444068835952865
exact,0.1,1,33,0.16465849098828642,1.5345612345555733,0.1916286862556813,0.024051425032042988,0.771777093939529,0.0125427947727468
exact,0.1,1,34,0.334334329849451,1.531970540989583,0.19623790850664563,0.019480690236450326,0.7713664581280464,0.012914943128857749
exact,0.1,1,35,0.1674120319502232,1.5281311959556108,0.1877028524359503,0.021146554292094905,0.7788848146010731,0.012265778670881713
exact,0.1,1,36,0.3494222746646969,1.5300840104244067,0.1285856288533672,0.015167921628503563,0.833388466558687,0.022857982959442236
exact,0.1,1,37,0.20050361340963274,1.532927203212826,0.13562992272783606,0.027041015486537284,0.8190756542555648,0.018253407530061713
exact,0.1,1,38,0.6115255367269442,1.4780375481294508,0.12772521063683356,0.02951185412178228,0.8406895263631787,0.002073408878205404
exact,0.1,1,39,0.023629528775648084,1.4785029349660046,0.12831616249464117,0.029934840388613285,0.8397758612465639,0.0019731358701815522
exact,0.1,1,40,0.21278086706369342,1.4766755475178321,0.11176337720860942,0.032829367680482155,0.8529330040970923,0.0024742510138160735
exact,0.1,1,41,0.12952348018285317,1.4816541510768637,0.11795046394417683,0.03093086453092524,0.8472459563442662,0.003872715180631739
exact,0.1,1,42,0.0813992188343288,1.4811844355434984,0.11366972114265092,0.03349462710387224,0.8495255741919168,0.003310077561560085
exact,0.1,1,43,0.35193794837965575,1.492730191869764,0.12892865077708385,0.02915758913518409,0.8355067863744103,0.006406973713321579
exact,0.1,1,44,0.04457466288767984,1.4918548039738253,0.12512897391961042,0.029810236384552782,0.8386685879793672,0.00639220171646966
exact,0.1,1,45,0.017471629089823554,1.4920438185033682,0.12789631938492746,0.030109944672832768,0.8360194830360008,0.00597425290623894
exact,0.1,1,46,0.13059372018610196,1.494927162994784,0.13683618569976735,0.029782209045545023,0.8275907966749572,0.005790808579730414
exact,0.1,1,47,0.04377042323929004,1.4951646489647508,0.13899089424818525,0.03136346206585184,0.8246688052577202,0.004976838428242661
exact,0.1,1,48,0.010940974394703228,1.4950655985367853,0.13857652377571877,0.03107690814292629,0.8252356898773583,0.005110878203996581
exact,0.1,1,49,0.09958206250272893,1.4968974191229583,0.13842400280859815,0.03300389268446351,0.8236342963231802,0.004937808183758094
exact,0.1,1,50,0.13249631281675808,1.4940982556958249,0.13578283646018388,0.027506264398202196,0.8301598169480326,0.006551082193581256
exact,0.1,1,51,0.06341265315962019,1.4934370532932872,0.13155203794658868,0.027395398743812503,0.8341046499358374,0.006947913373761236
exact,0.1,1,52,0.20882450131277963,1.493873592391526,0.1210745684985147,0.024668496721258024,0.8447780683100851,0.0094788664701421
exact,0.1,1,53,0.10814913988184187,1.491302268042176,0.129691024131677,0.021083343744218615,0.8402599913244937,0.008965640799610769
exact,0.1,1,54,0.13431051144553313,1.488202675268107,0.13514557943492098,0.02077745207897159,0.8366223953915514,0.0074545730945561025
exact,0.1,1,55,0.2589897989941753,1.4877241182433638,0.14243582373567434,0.02484909537727744,0.8279051637326377,0.004809917154410401
exact,0.1,1,56,0.35015327857644607,1.4758513335839392,0.12456182823823361,0.02465921690793716,0.8470911463522555,0.0036878085015736957
exact,0.1,1,57,0.4958171497330667,1.4815212307506476,0.09928736598988377,0.022603357776366784,0.8686845582517994,0.009424717981950123
exact,0.1,1,58,0.1367865278981955,1.4805706109049024,0.09545413488259175,0.02001960364770869,0.8739037649367003,0.010622496532999324
exact,0.1,1,59,0.11416762126320737,1.4814481350032076,0.09450403506194904,0.018484793483942247,0.8754209598260785,0.011590211628030199
exact,0.1,1,60,0.17851945112315906,1.4782596496991738,0.10694414933405078,0.015205447337421255,0.8675618330651361,0.010288570263391705
exact,0.1,1,61,0.030468817056959807,1.4784462187064105,0.1075428966909042,0.015331852059314722,0.8669069367143694,0.010218314535411816
exact,0.1,1,62,0.229523403797148,1.490260757441919,0.10877092816338378,0.022789811666455113,0.8577204601314312,0.010718800038729952
exact,0.1,1,63,0.06308256348326244,1.4933976807263454,0.1165022000528787,0.02225635487152347,0.8503905712665873,0.01085087380901047
exact,0.1,1,64,0.06880629964542825,1.494911224209053,0.12393527365727847,0.021537193597866672,0.8439178686682478,0.010609664076607123
exact,0.1,1,65,0.18301272339475344,1.4967860186963318,0.13134346772829322,0.025024624794613416,0.834759633965035,0.008872273512058309
exact,0.1,1,66,0.010493489993557148,1.4968385741483632,0.13029269683198108,0.02580654497088894,0.8351746640138331,0.008726094183296899
exact,0.1,1,67,0.016233636007597196,1.4967781894716197,0.13060313403455764,0.02589702584298724,0.8348665329337533,0.008633307188701759
exact,0.1,1,68,0.017314488310123388,1.4962524441520766,0.1295005883925175,0.025458510577041887,0.8362527258128611,0.00878817521757944
exact,0.1,1,69,0.09651241321789811,1.5005077972850314,0.12722312852054313,0.030211283521439182,0.8340340993571669,0.008531488600850812
exact,0.1,1,70,0.1737873700188136,1.5002434457166143,0.1473465182266518,0.02845967024009803,0.8176928907256816,0.006500920807568437
exact,0.1,1,71,0.25221483731606653,1.4874241910999804,0.12422330739260634,0.024054815817011608,0.8443291445846689,0.0073927322057131505
exact,0.1,1,72,0.043585036090503994,1.4870427319459087,0.12188100429380945,0.023802796096437186,0.846636411421738,0.007679788188015295
exact,0.1,1,73,0.07993928504577497,1.4834446178048621,0.11594231150042011,0.02263713073233064,0.8535927293518994,0.007827828415349902
exact,0.1,1,74,0.15045791303310924,1.4760721287343623,0.11650375895345325,0.01780628515645169,0.8582782652273353,0.007411690662759714
exact,0.1,1,75,0.2779420364611515,1.4767265479469331,0.15576615940741576,0.013118680777904478,0.8268262690884771,0.004288890726202704
exact,0.1,1,76,0.15796787734015894,1.4784241982305786,0.14370830337532448,0.014068067129743692,0.8362219568484636,0.006001672646468369
exact,0.1,1,77,0.03375888908221374,1.4771143532318283,0.14414428231676535,0.014892575067726309,0.8357209532484698,0.005242189367038559
exact,0.1,1,78,0.1387135701102088,1.4694218784059885,0.1476807227161918,0.012986925989149333,0.8361037628539926,0.0032285884406662727
exact,0.1,1,79,0.18967126970622666,1.4710906317123242,0.16846062871257125,0.005389515149026828,0.8222408281376984,0.003909028000703567
exact,0.1,1,80,0.008707676121425173,1.4713234432724986,0.16922920744222902,0.005397029124069434,0.8214991205795396,0.0038746428541620737
exact,0.1,1,81,0.0652222867173398,1.4715283908777994,0.16925170682938473,0.005875032019185869,0.8211231713546352,0.003750089796794043
exact,0.1,1,82,0.015272207967327908,1.4718433108384703,0.16988422972657694,0.00596915850788642,0.820421842562837,0.0037247692026996745
exact,0.1,1,83,0.12638127890089143,1.4752106494111785,0.17957946555339033,0.008402475496445473,0.8094935485123056,0.0025245104378585955
exact,0.1,1,84,0.08201435310548888,1.4747293281784035,0.18363957752412025,0.007827325294846123,0.8064641316960345,0.002068965484999181
exact,0.1,1,85,0.07387764379848878,1.4761553313066915,0.1771830708582627,0.008980905351722319,0.8109382902884682,0.00289773350154678
exact,0.1,1,86,0.15422253565499391,1.4747490538300523,0.16018934325252332,0.010250813003995694,0.8253403059884696,0.004219537755011447
exact,0.1,1,87,0.012706964857240955,1.4749020608211132,0.16113404757053673,0.01054167388590402,0.8242937496363614,0.004030528907197871
exact,0.1,1,88,0.04910954404398383,1.476091660505374,0.161563911179952,0.011634388135226348,0.822891709941332,0.003909990743489683
exact,0.1,1,89,0.0036838293881694337,1.4760734378855174,0.16142207241587755,0.011581201813765974,0.8230533118499815,0.0039434139203749444
exact,0.1,1,90,0.0645645306110058,1.4745013957082838,0.15976429909129664,0.010992576095951737,0.825324450745713,0.003918674067038635
exact,0.1,1,91,0.032538833890988064,1.4755657012912744,0.15871817390704004,0.010110233979568542,0.8264643244778674,0.004707267635523989
exact,0.1,1,92,0.24992564213462837,1.4823273459942816,0.14556699493833372,0.018506013112421397,0.8307037472355359,0.005223244713709106
exact,0.1,1,93,0.166950781423438,1.4894680962459155,0.15159308556249707,0.018146854007786768,0.8235694952475614,0.00669056518215473
exact,0.1,1,94,0.056902961798684336,1.4891135986198862,0.156042845135222,0.01787634994464471,0.8199729296009507,0.006107875319182582
exact,0.1,1,95,0.031226774569045622,1.488901929432813,0.15445390495228123,0.01638532689592374,0.8223391387406265,0.006821629411168647
exact,0.1,1,96,0.17450077734677183,1.4978915211549213,0.15977175700310461,0.017309613548516133,0.8144809047470118,0.008437724701367338
exact,0.1,1,97,0.19377243872129768,1.492895208628964,0.1500845168926174,0.01960632779728481,0.8229632273436814,0.007345927966416475
exact,0.1,1,98,0.05642927231741024,1.4952112006209133,0.14605140320321147,0.021322281071369506,0.8247229722742285,0.007903343451190504
exact,0.1,1,99,0.2920669580343471,1.497895635595827,0.1416250601209895,0.023461648100537174,0.8264540489415001,0.008459242836973338
exact,0.1,1,100,0.018879607507684137,1.4974399049569433,0.1409249673807305,0.02380714482742292,0.8269843340162798,0.008283553775566905
exact,0.1,1,101,0.06458482538713538,1.499620319320491,0.1435238182124338,0.024225908060434797,0.8238191394522242,0.00843113427490727
exact,0.1,1,102,0.1322614596271617,1.4954672702324958,0.14828374349971618,0.024892112382324513,0.8204986642540771,0.0063254798638821014
exact,0.1,1,103,0.12947246574485058,1.4943139787067208,0.1407442920736751,0.021819945668401893,0.829296600963235,0.00813916129468784
exact,0.1,1,104,0.07702569287729617,1.4957883954726772,0.13685152603347375,0.021322743222542555,0.8325530913790226,0.009272639364961238
exact,0.1,1,105,0.013843311709145427,1.4958124017117709,0.13585895045649274,0.021013603055412944,0.8336005738006622,0.009526872687431973
exact,0.1,1,106,0.19309744328771541,1.4936283351553834,0.1325790727906212,0.021909636447579414,0.836546920276529,0.008964370485270413
exact,0.1,1,107,0.12271657676166207,1.4934284657261339,0.14212409916327262,0.01961737467101701,0.8297210307150163,0.008537495450694092
exact,0.1,1,108,0.09418895650953377,1.4921129174282117,0.1483020727297079,0.018513640950594643,0.8254206756900568,0.007763610629640595
exact,0.1,1,109,0.35962006557782444,1.483044154128942,0.14442041153588658,0.019313959881282716,0.830988842418217,0.005276786164613642
exact,0.1,1,110,0.14044023850721415,1.482812197887347,0.15722252617590127,0.01861916217021459,0.8203551647492232,0.0038031469046608275
exact,0.1,1,111,0.1464230543378593,1.4747570241015293,0.15186869373678658,0.014461088072805833,0.8299686763230392,0.003701541867368461
exact,0.1,1,112,0.197611750682353,1.4751875988919059,0.14977942419068224,0.015822194071940677,0.8308161021580825,0.003582279579294611
exact,0.1,1,113,0.03530556047864053,1.4748157634076677,0.15010632106224728,0.016666632178780887,0.8301197705773806,0.003107276181591279
exact,0.1,1,114,0.07838379257946472,1.4767088329034848,0.15044006658537765,0.015341614408890432,0.8300879903197402,0.004130328685991729
exact,0.1,1,115,0.004998755796673748,1.4767514409447304,0.15013589153667875,0.015421740970428097,0.8302903217967362,0.004152045696156978
exact,0.1,1,116,0.17541026105234075,1.4687211345670341,0.14924274446045083,0.008482691199574345,0.8377392635853844,0.004535300754590378
exact,0.1,1,117,0.10338739690273538,1.4674655896255269,0.1427965972947746,0.007414150411778742,0.8443794862460736,0.005409766047373142
exact,0.1,1,118,0.20439802833862308,1.4773795310475968,0.12530145378730861,0.014142520055201845,0.8525001725445518,0.008055853612937768
exact,0.1,1,119,0.19800590169553098,1.473645903433911,0.1241710224775196,0.009631415260232918,0.8573822050942537,0.008815357167993908
exact,0.1,1,120,0.18016352573344466,1.4652577291416349,0.11749538596967693,0.013284204061352037,0.8634194178722724,0.005800992096698661
exact,0.1,1,121,0.045800249434514065,1.4652889318422901,0.12042763643808646,0.013143786781845206,0.8609445515703877,0.005484025209680635
exact,0.1,1,122,0.0903361758255619,1.4624223613502494,0.12331221681357661,0.011298841172377326,0.8604252873997542,0.004963654614291969
exact,0.1,1,123,0.10659544055492631,1.4626434082332451,0.13108604729354784,0.007881604896578725,0.8557087141813021,0.005323633628571335
exact,0.1,1,124,0.0542811610872541,1.4646943918154547,0.13582798857311287,0.007742287637893003,0.8510606338938218,0.005369089895172167
exact,0.1,1,125,0.13326412637109541,1.4584808515244574,0.13910378838269247,0.007060162623494219,0.8504745208750484,0.0033615281187649544
exact,0.1,1,126,0.021022712652377477,1.458274558571459,0.13797046689126552,0.0073177445876529724,0.8513623402075514,0.003349448313530086
exact,0.1,1,127,0.15737318962201644,1.4638945991570946,0.12517898384018408,0.00918906174231163,0.8596695875660003,0.005962366851503994
exact,0.1,1,128,0.13111434035687247,1.4616011919104852,0.1201687563854855,0.01202153410247967,0.8629577463495051,0.004851963162529592
exact,0.1,1,129,0.3613282569511443,1.4568914194013034,0.12537121938427206,0.00753690556238023,0.8626010898441506,0.0044907852091970926
exact,0.1,1,130,0.1550848650941212,1.4524420382850232,0.12713119468013234,0.0043684906240785675,0.8643494561639431,0.004150858531845953
exact,0.1,1,131,0.053819702229543104,1.4523745333188627,0.12783519972848012,0.004510872528172381,0.8636685869504372,0.0039853407929101945
exact,0.1,1,132,0.15707580229359408,1.4498885358459905,0.12308622599706504,0.0027311651683383452,0.8696410942237903,0.004541514610806335
exact,0.1,1,133,0.01667958012655981,1.4499645750251466,0.12292172356779141,0.0025617651233056514,0.8698666145477139,0.004649896761188928
exact,0.1,1,134,0.10217171872415683,1.4507312884191261,0.11944906729936085,0.002483006090630068,0.8727112308215358,0.005356695788473331
exact,0.1,1,135,0.11042049874535848,1.4500292718552803,0.11167787387505704,0.0025711492421230803,0.8796314191879618,0.006119557694858098
exact,0.1,1,136,0.22179009813401776,1.4476329002226844,0.09843512932088826,0.004509860276835427,0.8906761707812928,0.006378839620983551
exact,0.1,1,137,0.043324636767779166,1.4473699284617714,0.09643826510870902,0.003888013591912013,0.8928788952106284,0.0067948260887506825
exact,0.1,1,138,0.06199019503713634,1.446925164401126,0.09731082954653736,0.004217502422697996,0.8920466006338423,0.006425067396922337
exact,0.1,1,139,0.17257600490591687,1.4364474173809105,0.08197783672170462,0.001945519508878551,0.9099236364233347,0.006153007346082145
exact,0.1,1,140,0.06407438543056639,1.4365041445200522,0.0807857424011055,0.001780121120827436,0.9110483781599832,0.006385758318083913
exact,0.1,1,141,0.2207729106930366,1.4524795275080775,0.09195762093501103,0.0035667085461104243,0.8954661438121244,0.009009526706754185
exact,0.1,1,142,0.08605987594131292,1.449529625777317,0.09560367059644369,0.003405329073243025,0.8932643179059898,0.007726682424323609
exact,0.1,1,143,0.13748718633082677,1.449038143608574,0.09432765807741153,0.004238365370030678,0.8940059825643744,0.007427993988183286
exact,0.1,1,144,0.10392080816721015,1.4457191859285226,0.09155085141992517,0.005510265350181002,0.8966223273697259,0.006316555860167885
exact,0.1,1,145,0.2752191640636855,1.45019096868378,0.07739659755448106,0.010955558958864369,0.9042592662727064,0.007388577213948071
exact,0.1,1,146,0.03200788254190435,1.4488821117624517,0.07780022004697011,0.010823666694833464,0.9043774160690903,0.006998697189106211
exact,0.1,1,147,0.2948035133331918,1.457918011184704,0.08205916266131061,0.008520746478035577,0.8994109111106648,0.010009179749989022
exact,0.1,1,148,0.04274791478807953,1.4585721623993422,0.08208505167495588,0.007858145963663856,0.8996046221636256,0.010452180197754776
exact,0.1,1,149,0.07699957467485859,1.4594045076516848,0.0878056076768908,0.008516748548122443,0.8939647047840998,0.009712938990886932
exact,0.1,1,150,0.3118754150615136,1.4637267137006096,0.09251285233479208,0.013016453176994633,0.8857955417362108,0.008675152752002634
exact,0.1,1,151,0.05880777510901583,1.4646699771510827,0.08962496406548252,0.014655920755701294,0.8870168934153092,0.008702221763507031
exact,0.1,1,152,0.03906673190220991,1.4640681269224272,0.08839284492015129,0.013887020840573649,0.888744897573124,0.00897523666615118
exact,0.1,1,153,0.13109275796624076,1.4628936974459525,0.08570224131245266,0.01561227946597857,0.8903695931001807,0.008315886121388087
exact,0.1,1,154,0.14776977555940263,1.466551963624065,0.09379243504458853,0.022094300841793858,0.8782243527026785,0.005888911410939187
exact,0.1,1,155,0.21802011923903988,1.460701373439199,0.09564231816629506,0.02273950156951465,0.8779488101887516,0.003669370075438645
exact,0.1,1,156,0.025369625128711312,1.4610763835726637,0.09511975450023129,0.023279195276767074,0.8779588083742276,0.003642241848774039
exact,0.1,1,157,0.1443451753207963,1.4597308759418892,0.10662799189325693,0.02143985887952094,0.8694733444385645,0.002458804788657553
exact,0.1,1,158,0.0617888590044987,1.458994722001303,0.10381012487644628,0.023085121711361636,0.8711274560912265,0.0019772973209655014
exact,0.1,1,159,0.005284995374356463,1.4589177147293055,0.10403091911611742,0.02303309871677467,0.8709902070683071,0.001945775098800848
exact,0.1,1,160,0.14422467733728414,1.4573518045723224,0.09966614476772206,0.02185323370213007,0.8759858612534799,0.0024947602766679116
exact,0.1,1,161,0.043253025427517945,1.4571517151260267,0.10438062790403653,0.02150144296920556,0.8721570719933938,0.0019608571333640835
exact,0.1,1,162,0.2540842169475538,1.4482711755737612,0.10157559417814922,0.011200456761002519,0.883608961371887,0.00361498768896111
exact,0.1,1,163,0.050546531942301416,1.450117571403713,0.10395572543578184,0.01093819413312377,0.881150616006168,0.003955464424926394
exact,0.1,1,164,0.07613718185461246,1.4506258280056303,0.10559638754480684,0.010896656942742075,0.87959667860826,0.003910276904191035
exact,0.1,1,165,0.0295853932369433,1.450825828609099,0.10610579716019283,0.010286200986177493,0.8794715858610548,0.004136415992574846
exact,0.1,1,166,0.2512054895183373,1.4501600806838184,0.10026635545036318,0.015237633809658818,0.8816901564669886,0.002805854272989481
exact,0.1,1,167,0.14341345281979562,1.4487247080251042,0.10140684089139078,0.013109225170279723,0.8824398993334368,0.0030440346048926357
exact,0.1,1,168,0.25606448226995926,1.4448173876894546,0.09138755026898646,0.014115251780266375,0.8917043593693583,0.002792838581388864
exact,0.1,1,169,0.0127929154502084,1.4453395246313383,0.09191404568545056,0.014286312026254213,0.8909848635483086,0.002814778739986635
exact,0.1,1,170,0.08011849274833256,1.4449373318289158,0.08624130341816173,0.017154856472531756,0.8942712387643871,0.002332601344919441
exact,0.1,1,171,0.02961990247996593,1.4443748046915978,0.08649101115954642,0.016955118752653903,0.8943441617281679,0.00220970835963181
exact,0.1,1,172,0.04224977903335837,1.4436381991225202,0.08572784577165947,0.017285594150031853,0.8950231180761794,0.001963442002129262
exact,0.1,1,173,0.15209372218329842,1.444738579335219,0.09064128873910236,0.017156418854205917,0.8904953912966879,0.001706901110003841
exact,0.1,1,174,0.20858248204534358,1.4469780314397658,0.0890166814712341,0.011999306424789464,0.8944391630618316,0.004544849042144968
exact,0.1,1,175,0.2624100575675353,1.4369542753530187,0.07789818740872177,0.013443752417452416,0.9062084119982142,0.00244964817561162
exact,0.1,1,176,0.006829297957655661,1.4367896614969033,0.07815302555872142,0.013283359168413719,0.9061344339022842,0.0024291813705806424
exact,0.1,1,177,0.02383581938803303,1.4366082789390187,0.07930666119549354,0.012663978337591433,0.9055662027960785,0.0024631576708365045
exact,0.1,1,178,0.05934331818586963,1.438839805999073,0.0805143036112515,0.013053515017837757,0.9036103364697989,0.0028218449011118835
exact,0.1,1,179,0.2434551770259752,1.4442352554427194,0.07225725955585731,0.015568312842794103,0.9076499714022692,0.00452445619907944
exact,0.1,1,180,0.050727764961149856,1.4430805346066566,0.07189651205106058,0.015406129470243534,0.9084074879563468,0.004289870522349112
exact,0.1,1,181,0.2097188033701876,1.435799569733589,0.05865116333178471,0.012969000164575693,0.9236269823900594,0.004752854113580121
exact,0.1,1,182,0.12723480294048498,1.4325611791424655,0.0551600882656017,0.011975544314067107,0.9282484450249747,0.004615922395356429
exact,0.1,1,183,0.07194326793875273,1.4317993406669334,0.05428949497376815,0.011656364977303954,0.929431684808707,0.004622455240220788
exact,0.1,1,184,0.26941215325142287,1.4324252247336196,0.0759090618490887,0.00982482328613531,0.9115271738190023,0.002738941045773774
exact,0.1,1,185,0.14459665137980246,1.4347470401768327,0.07184045246452321,0.01044999111347387,0.9139981284271697,0.0037114279948332143
exact,0.1,1,186,0.2673127133651515,1.4349274024056282,0.0612520826952622,0.01784107222467356,0.918600166812473,0.0023066782675912555
exact,0.1,1,187,0.09245575959526806,1.4383183181238555,0.05628742258352279,0.018978516451647165,0.9212193505329155,0.0035147104319145734
exact,0.1,1,188,0.2216914920746199,1.440930651282282,0.052772784664174614,0.013635109885875412,0.9268190672370926,0.006773038212857437
exact,0.1,1,189,0.26811560868450457,1.4348689258083618,0.04142496907285818,0.017350291136428397,0.9362173895692504,0.005007350221463083
exact,0.1,1,190,0.06651235163680534,1.4366098916027572,0.04142793820070536,0.020034589403071117,0.9340354173615883,0.004502055034635207
exact,0.1,1,191,0.009084695441788138,1.4367181335778878,0.041436315704580354,0.020133330102200097,0.9339348238810332,0.004495530312186363
exact,0.1,1,192,0.07328437543859943,1.4378220443981946,0.04130508443060376,0.020143954115337724,0.933715101210371,0.004835860243687409
exact,0.1,1,193,0.1377004817943437,1.4391381291257237,0.037778292687451566,0.021850322257545303,0.9353451244939617,0.005026260561041459
exact,0.1,1,194,0.11315154269260666,1.4377498083496718,0.04011083764964016,0.022470296873783144,0.933337817552409,0.004081047924167741
exact,0.1,1,195,0.04557422371863586,1.4387035538337583,0.03762845367093464,0.02305643828293642,0.9348578753927543,0.00445723265337466
exact,0.1,1,196,0.2637538020600826,1.4426902291444177,0.030920002905249183,0.02056210294942332,0.9410741552563677,0.007443738888959673
exact,0.1,1,197,0.1530474592033739,1.4435351238033411,0.03243892572558346,0.017715401613211015,0.941261050446678,0.008584622214527599
exact,0.1,1,198,0.317858967286373,1.4492861799326648,0.03566762080846072,0.02728436445819261,0.9308097398429239,0.006238274890422755
exact,0.1,1,199,0.5753959028945915,1.4527057363193914,0.032375925489455275,0.02456086796008344,0.9343540026639389,0.008709203886522429
exact,0.1,1,200,0.10341301136628095,1.451345933689085,0.03238961345445959,0.021468990886985426,0.9366606196327742,0.009480776025780756
exact,0.1,1,201,0.11521984470145959,1.459504120707839,0.03378631756091644,0.024335903019018244,0.9312448510946932,0.010632928325372127
exact,0.1,1,202,0.21602109822540327,1.4499833932667605,0.02707031479453372,0.0264213093861915,0.938640438914272,0.007867936905002702
exact,0.1,1,203,0.10564365784890518,1.4510745186529672,0.029093944815056904,0.026736512763429577,0.9363551052509719,0.00781443717054163
exact,0.1,1,204,0.07931027587713123,1.4492159859907248,0.027111894868259157,0.023842386617836584,0.940429203312715,0.008616515201189343
exact,0.1,1,205,0.022998793137489315,1.4492529081577425,0.027417863237508163,0.023027290051632864,0.9406560397201396,0.008898806990719441
exact,0.1,1,206,0.17742918358397838,1.4458061215171134,0.029063969773501834,0.02496676537155408,0.9390410540907692,0.0069282107641748325
exact,0.1,1,207,0.06661699314931988,1.4456935264966086,0.02712261958889516,0.025319021074284558,0.9405508078998813,0.0070075514369390265
exact,0.1,1,208,0.09810122765027793,1.4432202475009144,0.0276583686634003,0.025487246139911608,0.9407131238808022,0.006141261315885979
exact,0.1,1,209,0.20447995459046817,1.4426521034682487,0.034200610086570056,0.0209175400493649,0.9380020639675986,0.006879785896466321
exact,0.1,1,210,0.29356057133645375,1.4490978396953238,0.030874885097203132,0.015541648310238628,0.9423217267859514,0.011261739806606804
exact,0.1,1,211,0.22834914577151033,1.4425010610889917,0.03156368311229138,0.014524531774060897,0.9443087600443816,0.009603025069266219
exact,0.1,1,212,0.32990419432006124,1.4297309236301345,0.0378353938022847,0.010155466889763634,0.9453324772572846,0.006676662050667108
exact,0.1,1,213,0.09448224831393057,1.433380483849068,0.041073706598990796,0.011093997991035139,0.9408414818236085,0.0069908135863655805
exact,0.1,1,214,0.028868050362491234,1.4322507169425724,0.04070947588047139,0.011316869403941736,0.9413566028210352,0.006617051894551591
exact,0.1,1,215,0.22223232097324805,1.4335372946633835,0.03793183597755004,0.018606366712087468,0.9388828617496024,0.00457893556076011
exact,0.1,1,216,0.005413466223507635,1.4335128686766125,0.03774518150588414,0.01869732940226232,0.9389966583653455,0.0045608307265080925
exact,0.1,1,217,0.07168518099106048,1.4327280884398175,0.039526184282259305,0.016032909216496083,0.9393258396708177,0.00511506683042686
exact,0.1,1,218,0.09828984610159731,1.433717953510818,0.04049251570125629,0.016790681965063923,0.9377193394802844,0.004997462853395393
exact,0.1,1,219,0.07061446896084797,1.432669407163443,0.03913738964666423,0.01766163568872408,0.9386736202162546,0.00452735444835717
exact,0.1,1,220,0.20248044976702934,1.4408458000068796,0.048816305656825085,0.020232727053009932,0.9262094213374713,0.004741545952693667
exact,0.1,1,221,0.16647507422215496,1.446171711835261,0.05349403080952773,0.01726057624809137,0.9223891492678712,0.0068562436745097126
exact,0.1,1,222,0.33588415684596656,1.4576943832973774,0.03648622590892757,0.020970966327373938,0.9315098989268813,0.011032908836817222
exact,0.1,1,223,0.155618500305284,1.4522484504759796,0.028532034920431965,0.017099114218484215,0.9424666651478893,0.01190218571319445
exact,0.1,1,224,0.05253140058000194,1.4523925375589701,0.02997722876342945,0.01634625532991365,0.9416288494595517,0.012047666447105216
exact,0.1,1,225,0.0005460120308768135,1.4523971432560567,0.02996161890584033,0.0163456325752562,0.9416414933711388,0.012051255147764684
exact,0.1,1,226,0.2521476643342239,1.4497875677100827,0.04627632405112352,0.009812121016302805,0.9322263479742995,0.011685206958274272
exact,0.1,1,227,0.23038221718798715,1.4447065385888838,0.05442667552746476,0.014484448001487881,0.9237298052858696,0.007359071185177668
exact,0.1,1,228,0.09814674051480377,1.4414039187342726,0.04797506644901855,0.01314646755303724,0.9311667156337619,0.007711750364182422
exact,0.1,1,229,0.11029735919876442,1.4377421361472318,0.05580330662877521,0.010340516183167123,0.927162588783402,0.0066935884046557615
exact,0.1,1,230,0.07418650168118679,1.4352748050113233,0.051818559924915956,0.009071197034435137,0.9321572083718656,0.006953034668783353
exact,0.1,1,231,0.11086090588510719,1.4373164848919353,0.05116206496495695,0.007310219091586695,0.9332149906337481,0.008312725309708066
exact,0.1,1,232,0.007321457907511958,1.437509457033191,0.05153776072023093,0.007449871497884934,0.9327434318534544,0.008268935928429644
exact,0.1,1,233,0.2652976766137981,1.4564596635420102,0.07198903013695836,0.010025552750791866,0.9076893663024707,0.010296050809779153
exact,0.1,1,234,0.009983582888623721,1.456471952798709,0.07210327143488089,0.0101577706115347,0.9075042441330168,0.010234713820567617
exact,0.1,1,235,0.34643622946236985,1.4626872785985103,0.07723420285569257,0.017259628210911444,0.8967905665330239,0.008715602400372072
exact,0.1,1,236,0.09574267723699034,1.4612602251666553,0.0747507373807483,0.011410763214435854,0.9029999382823088,0.010838561122507083
exact,0.1,1,237,0.03421678972017167,1.461693924637731,0.07668253561660325,0.010741160903752354,0.9016020505827532,0.01097425289689116
exact,0.1,1,238,0.12751004962706636,1.4616361774964441,0.08575936605070578,0.008612643395740912,0.8950264757223761,0.010601514831177203
exact,0.1,1,239,0.06843062458300431,1.463199356708184,0.08406378139112404,0.008256076456044571,0.8962612114499386,0.011418930702892714
exact,0.1,1,240,0.07335585577870418,1.4603959197926084,0.07985016059290836,0.010190147847876987,0.8995673790051946,0.010392312554020167
exact,0.1,1,241,0.42873514126214896,1.4441409248892934,0.06854275230997646,0.007197120437244719,0.916100738856765,0.008159388396013812
exact,0.1,1,242,0.09930521073055608,1.4429482427949298,0.06464705450670093,0.008601882496124176,0.9189815220955502,0.007769540901624747
exact,0.1,1,243,0.13106913586315977,1.44468674211436,0.06486683842694728,0.010004210608407286,0.9174054114567284,0.0077235395079170805
exact,0.1,1,244,0.2206238492517265,1.4345645193374503,0.06693825317732588,0.004209328848505664,0.9221922831715488,0.006660134802619764
exact,0.1,1,245,0.15819415425732675,1.4271338893772563,0.06435054214235456,0.0032944090218370884,0.9272209663384857,0.0051340824973226135
exact,0.1,1,246,0.016960935588889864,1.4265765401293313,0.06332342297253328,0.003047978598825627,0.9284348663952208,0.0051937320334204205
exact,0.1,1,247,0.17484575399990368,1.4330386081827915,0.06344761183402234,0.006064656812133569,0.9245398696214479,0.005947861732396302
exact,0.1,1,248,0.18184787589327941,1.4277505060614888,0.06020073072270327,0.005492890219075011,0.9292953224583012,0.00501105659992068
exact,0.1,1,249,0.04961890700205274,1.4258524715296603,0.0587138271206397,0.005381699372835893,0.9312244923059974,0.004679981200526931
exact,0.1,1,250,0.06470896346219596,1.4234318003082562,0.055500930882685685,0.006232989243899543,0.9342182119810764,0.004047867892338478
exact,0.1,1,251,0.13751046116553753,1.4263796048188433,0.04371546889075337,0.006244390726296791,0.9436191334114534,0.006421006971496376
exact,0.1,1,252,0.06711685063172042,1.424779312605726,0.04671763403501924,0.0061696503529697615,0.9415207072652403,0.005592008346770743
exact,0.1,1,253,0.1398128799530811,1.4257789983359515,0.040465267940373945,0.009165580854768261,0.9448237516951375,0.00554539950972021
exact,0.1,1,254,0.0032484685076151487,1.4258150606113722,0.040348706216776775,0.00915557843434466,0.9449209709694246,0.005574744379453954
exact,0.1,1,255,0.10179714565611767,1.4272640563277077,0.044679167983512104,0.007985505416855962,0.9414367599967114,0.005898566602920478
exact,0.1,1,256,0.00623229605403458,1.427295741343309,0.04457820540451857,0.008102970123611606,0.9414426738154398,0.005876150656429916
exact,0.1,1,257,0.13632888550659422,1.4261971356550296,0.04295870378943241,0.006366508837528879,0.9442580354568859,0.0064167519161528646
exact,0.1,1,258,0.20736108684362628,1.4264434146991494,0.053571176651627674,0.005192439908502535,0.9356525282011658,0.0055838552387039355
exact,0.1,1,259,0.03753157882675169,1.4271865732856772,0.052641712631580594,0.005923255540964784,0.9357900204688213,0.005645011358633269
exact,0.1,1,260,0.002689328992772952,1.4271392549346573,0.05263897908114105,0.005866294587157527,0.9358417427545449,0.005652983577156564
exact,0.1,1,261,0.15877330015028085,1.4242058987262842,0.05007110798228284,0.007489466792692957,0.937947091924428,0.004492333300596138
exact,0.1,1,262,0.05887227188472377,1.4242920818556006,0.04952617244274698,0.0083262533271121,0.9378785107999611,0.00426906343017981
exact,0.1,1,263,0.05853896530997815,1.4248353079940679,0.05080621495063837,0.007988444295756375,0.936809746599552,0.00439559415405333
exact,0.1,1,264,0.022998793867686603,1.4254281129684527,0.05148351922556112,0.007719782546456409,0.93620932282061,0.004587375407372591
exact,0.1,1,265,0.07451652647519709,1.4276832669723187,0.044585392338543424,0.009828263183117216,0.9402523871371582,0.005333957341181128
exact,0.1,1,266,0.09446888492028112,1.4267023268935595,0.04238693940949837,0.007980005558051279,0.9436072309606574,0.006025824071793023
exact,0.1,1,267,0.2513398210438133,1.4667540559778327,0.035018493013941665,0.010049848757588698,0.9368676357896916,0.01806402243877819
exact,0.1,1,268,0.17391598796973873,1.4615609129002636,0.029457206842865565,0.009324054005978752,0.9437125582697504,0.017506180881405344
exact,0.1,1,269,0.23239506626696999,1.455978647417605,0.03373571118499745,0.007644485930619438,0.9426756382171195,0.01594416466726359
exact,0.1,1,270,0.18544476823865363,1.453150884926731,0.030988079777705735,0.011077525070852915,0.9437858532448008,0.014148541906640574
exact,0.1,1,271,0.14310998625637347,1.4514830149793407,0.028772306836047045,0.011866790386205197,0.9457259892967401,0.013634913481007642
exact,0.1,1,272,0.020724087662404175,1.451034487822112,0.02898776194639016,0.011867904642460016,0.9456703555835073,0.01347397782764245
exact,0.1,1,273,0.06229743170620215,1.4511757167791037,0.02827464902754663,0.01462983866996921,0.9445395965520413,0.012555915750442887
exact,0.1,1,274,0.0570775660394566,1.453066047937529,0.029122138691708238,0.014341636542545479,0.9434173001380093,0.01311892462773699
exact,0.1,1,275,0.11860066993316827,1.4544951147076917,0.026013833133580327,0.016229086283613633,0.9445370234441803,0.013220057138625677
exact,0.1,1,276,0.33979857461594354,1.4528554699037697,0.0382015479093412,0.013134664918528702,0.9363032862991831,0.01236050087294701
exact,0.1,1,277,0.09185821684695862,1.4598204843853058,0.044583773031589426,0.012137181503750679,0.9292853002850336,0.013993745179626257
exact,0.1,1,278,0.07644168380048214,1.4609305179032137,0.04411530980418964,0.010288150269471094,0.930510127088568,0.015086412837771401
exact,0.1,1,279,0.18490953239282343,1.4650230593320068,0.05077832461702791,0.014076870407714331,0.9211360093380201,0.014008795637237595
exact,0.1,1,280,0.1922252187715266,1.4607153374837283,0.04763990577974321,0.017073390066111548,0.9232959553424085,0.011990748811736857
exact,0.1,1,281,0.07470445268141679,1.4580565529141694,0.047296461980373315,0.019609834897189257,0.9228136280367905,0.010280075085647059
exact,0.1,1,282,0.2759170518677894,1.4476071090049178,0.05443322967506228,0.012546916066200751,0.9240634247716057,0.008956429487131257
exact,0.1,1,283,0.16909288963453087,1.451481881051667,0.055858206527117545,0.013840736098322539,0.9208693539227731,0.009431703451786825
exact,0.1,1,284,0.10774326893849666,1.4466783694428726,0.04881014548299338,0.014858964746463553,0.9278120820223409,0.008518807748202252
exact,0.1,1,285,0.008103708071797,1.4466209655619058,0.04854370492330554,0.014989574843542533,0.9279806575244927,0.008486062708659323
exact,0.1,1,286,0.1573796794510002,1.4505274173518543,0.051656848094043216,0.015465121930615132,0.9238111136194049,0.009066916355936731
exact,0.1,1,287,0.3630227929265398,1.4527736073067596,0.04014724887784206,0.016758792316800705,0.9323846453996868,0.01070931340567033
exact,0.1,1,288,0.06227914793769823,1.450437985245197,0.0347603658964187,0.014636358657632388,0.9390935779068694,0.01150969753907943
exact,0.1,1,289,0.09507774246668968,1.4509843188744065,0.036182570905295544,0.01499665416509902,0.9374670200379562,0.011353754891649224
exact,0.1,1,290,0.12362810699732557,1.4534207509777035,0.0371856542074324,0.01754995822772437,0.9342868417533254,0.010977545811517749
exact,0.1,1,291,0.06525157624817882,1.4529080663708553,0.03920788260074225,0.016800410035513493,0.9331386451238974,0.01085306223984673
exact,0.1,1,292,0.26636117689947364,1.456758339651244,0.04343085749280864,0.013887667241320035,0.9301155278275415,0.012565947438329783
exact,0.1,1,293,0.15500086426503742,1.4592051462996498,0.04523493240088308,0.016621363709543775,0.9261221289541758,0.012021574935397348
exact,0.1,1,294,0.24234398917834063,1.4569515316613284,0.037909512400259124,0.01597944854957902,0.9335801672753936,0.012530871774768275
exact,0.1,1,295,0.22364675890737729,1.4503818410305225,0.030420141681248486,0.019738146006895864,0.9397378137954835,0.010103898516372192
exact,0.1,1,296,0.0453197666992572,1.4497145564971086,0.03000752999045597,0.01878624982917996,0.940885677469537,0.01032054271082705
exact,0.1,1,297,0.12944457925216207,1.4460804470681266,0.03578807759099647,0.016142490992638474,0.9385569360832238,0.009512495333141318
exact,0.1,1,298,0.05963401187442948,1.4454042673266214,0.03339471756321011,0.016204038557436698,0.9408083233712736,0.009592920508079588
exact,0.1,1,299,0.2420638351536227,1.432833725771598,0.03412640185477525,0.017923769748264085,0.9428356999195401,0.00511412847742052
exact,0.1,2,0,0.5542355956654528,2.8320173461613942,0.17943120712495228,0.2703468449322839,0.24915115748815442,0.30107079045460944
exact,0.1,2,1,0.08399672330486724,2.8296855216812427,0.18293518419792557,0.26662056432378795,0.24908912880092363,0.30135512267736286
exact,0.1,2,2,0.37093957706197167,2.779836520653977,0.16397126082700975,0.2767579486024379,0.2738389077253406,0.28543188284521176
exact,0.1,2,3,0.602678058722384,2.7095371960864227,0.1979631452702821,0.24326938465327294,0.28557301391069223,0.2731944561657527
exact,0.1,2,4,0.6272495671024858,2.6009823617709773,0.208842323522889,0.25422778367739846,0.3012878695746569,0.23564202322505556
exact,0.1,2,5,0.026747294145401668,2.5999356570703327,0.20924092242512246,0.2565949499800882,0.29980343651940694,0.23436069107538254
exact,0.1,2,6,0.4310518325367479,2.565828589990189,0.21093201978547405,0.3097974741550216,0.2758429251623164,0.2034275808971879
exact,0.1,2,7,0.2384409750605947,2.5503420191508925,0.19524901992427646,0.3078605425678401,0.29508775894080624,0.20180267856707723
exact,0.1,2,8,0.8763986106483593,2.3085964364410945,0.2326598475914325,0.2791317911966603,0.35130123635702515,0.13690712485488205
exact,0.1,2,9,0.02075084316228651,2.3084059370817553,0.23479079787840318,0.2794444019200462,0.3493282073746681,0.13643659282688256
exact,0.1,2,10,0.6916613081541175,2.1885427433353812,0.24411376513555458,0.275006191519352,0.379217435348058,0.10166260799703546
exact,0.1,2,11,0.5468821314203811,2.0988123705352626,0.30534741617729966,0.23340802012788714,0.3782352605173244,0.08300930317748874
exact,0.1,2,12,0.4501751301965804,2.058383971969614,0.3007838291532105,0.24481601389503893,0.38708174911795534,0.06731840783379525
exact,0.1,2,13,0.5930362135161582,1.9742725516152673,0.2115253267195849,0.25397040228771245,0.4832828519166308,0.05122141907607186
exact,0.1,2,14,0.31613199997459807,1.964754565272408,0.23030783882533581,0.2693325879151069,0.4604588271492187,0.039900746110338454
exact,0.1,2,15,0.020696296168617012,1.9642541033359682,0.23238107035427324,0.2707101327240421,0.45797309894031596,0.03893569798136854
exact,0.1,2,16,0.37104904561431246,1.9488018502790294,0.24850354120357335,0.24852005683491868,0.4621753371878997,0.04080106477360827
exact,0.1,2,17,0.3212387688419949,1.9301271812387135,0.20747097404419196,0.22831258242037103,0.5155109923706285,0.04870545116480868
exact,0.1,2,18,0.1979433176020607,1.9137762149694175,0.2179208249468722,0.21166065824946473,0.5214998333806417,0.04891868342302151
exact,0.1,2,19,0.23909110971965827,1.9007489940393598,0.1970128002934141,0.20875280518306055,0.545210551984532,0.049023842538993355
exact,0.1,2,20,0.06920182090188237,1.9002990842703322,0.19439720047871695,0.2081886321714859,0.547952769968439,0.04946139738135825
exact,0.1,2,21,0.07759705457545962,1.8995282183845261,0.19819197877319095,0.20907387605708871,0.5443532791062419,0.04838086606347855
exact,0.1,2,22,0.37285558011496256,1.8707835143095977,0.26399607276604103,0.20410275913976936,0.49898601281097166,0.03291515528321799
exact,0.1,2,23,0.20110205297787007,1.8680166637719766,0.25939666064342415,0.201924088264517,0.5051100106035293,0.033569240488529474
exact,0.1,2,24,0.4061627128183385,1.8355053649713056,0.27963916232708397,0.15742846340983954,0.5245003521975796,0.038432022065496896
exact,0.1,2,25,0.03322023934653008,1.8366377379938372,0.2822749674957146,0.15689487470240646,0.52221710050968,0.03861305729219891
exact,0.1,2,26,0.4290048831829553,1.8186340081859307,0.2897439407809116,0.1683891924874762,0.5140218794163848,0.02784498731522759
exact,0.1,2,27,0.3184099319524442,1.8329761035028285,0.2648866497012643,0.14996535725786564,0.5425754811676671,0.042572511873203024
exact,0.1,2,28,0.3546518193148325,1.8236164709033909,0.2578439542066427,0.153766126248266,0.5490898684294049,0.039300051115686525
exact,0.1,2,29,0.2676205742887596,1.816751420308784,0.2652746933345331,0.15105528456861755,0.546356262902202,0.037313759194647446
exact,0.1,2,30,0.20655505860197368,1.811260102166293,0.30643709594485236,0.1380060145925337,0.520429591463248,0.035127297999366064
exact,0.1,2,31,0.06148891573562922,1.8113475893349442,0.3012526242668883,0.1378044136365344,0.5250042129858415,0.03593874911073573
exact,0.1,2,32,0.2986462117145336,1.787880436229779,0.31685560170942023,0.1360997458384385,0.5194998819327147,0.027544770519426567
exact,0.1,2,33,0.25603209381495406,1.7705084105594304,0.30137751203492985,0.13165010160344473,0.5407211127436774,0.026251273617948028
exact,0.1,2,34,0.26335620891441275,1.7671311407689074,0.29193734186558606,0.13013008135187634,0.5508061021662912,0.027126474616246506
exact,0.1,2,35,0.40001816002972024,1.7419388065959203,0.2850383851814429,0.12962321351310666,0.5645127221582268,0.020825679147223743
exact,0.1,2,36,0.15382768559391707,1.737863744706057,0.2812782055654393,0.12741832509101741,0.5703202937126467,0.02098317563089655
exact,0.1,2,37,0.12642149883400952,1.7352125460888053,0.28759743729789855,0.12824471509708077,0.565133245750322,0.019024601854698737
exact,0.1,2,38,0.3836147973186509,1.7307874698595795,0.2631331340452361,0.14869979193634034,0.5750209910976539,0.013146082920769827
exact,0.1,2,39,0.22939511382641337,1.7226504511663627,0.2512645621582636,0.15117719868813242,0.5861660137542625,0.011392225399341442
exact,0.1,2,40,0.0017848405701030093,1.7226377384930378,0.2515362821884115,0.15097995119106125,0.5860558950682508,0.011427871552276425
exact,0.1,2,41,0.0909956431621729,1.7215475536593359,0.26036774656239997,0.14572173129071744,0.5819695239185089,0.011940998228373842
exact,0.1,2,42,0.37168496071161883,1.706416478299569,0.2987416974661245,0.12376831732244124,0.566753058822756,0.010736926388678451
exact,0.1,2,43,0.26709246581288926,1.6919887105588853,0.31525627801902734,0.09571807413950602,0.5739877335250504,0.015037914316416365
exact,0.1,2,44,0.2402182373433098,1.6809457661271405,0.3328067304789216,0.08751009333366312,0.5671366016207068,0.012546574566708393
exact,0.1,2,45,0.36044394370203997,1.6759056337110148,0.3765148633202648,0.07445637132056483,0.5389297258883495,0.010099039470820885
exact,0.1,2,46,0.12288801911669264,1.6704335072056145,0.37900197997486235,0.0718384151875531,0.5400091484516352,0.00915045638594945
exact,0.1,2,47,0.021224746858848675,1.6703187296828494,0.38093303626093766,0.0720998771013865,0.5382166751549801,0.008750411482695624
exact,0.1,2,48,0.1894660470364294,1.6604407110684467,0.3765129223779297,0.07054063668420318,0.5459030646927395,0.007043376245127594
exact,0.1,2,49,0.3165460612411167,1.6467227472716737,0.2941047193792049,0.08613311477149249,0.611532366762308,0.008229799086994638
exact,0.1,2,50,0.14703578114323898,1.6448998253975828,0.285440045330632,0.08401778092086717,0.620866222121668,0.009675951626832907
exact,0.1,2,51,0.6380501995947687,1.6832382033110653,0.13656988474026188,0.10244134683419778,0.7272170346334039,0.03377173379213636
exact,0.1,2,52,0.3372156045493132,1.679055643467678,0.16253309078839848,0.09774098769948412,0.7088088660771236,0.030917055434993897
exact,0.1,2,53,0.25374196213779737,1.683630930197032,0.1571570899808694,0.08578197701103105,0.7194946596330147,0.03756627337508475
exact,0.1,2,54,0.08995477539676955,1.6826416861387523,0.1515056454367252,0.08644089188940364,0.7242876415012658,0.03776582117260537
exact,0.1,2,55,0.5900109841178648,1.6548281628195651,0.19389626376395064,0.09536784315571702,0.6902254682161622,0.020510424864170165
exact,0.1,2,56,0.2422744132657509,1.6497418096430763,0.19652596550019566,0.10349473657861777,0.6844428118458918,0.015536486075294826
exact,0.1,2,57,0.15935321943770017,1.6426338203420159,0.17444482600516423,0.10145256075690444,0.7069556925899623,0.017146920647969126
exact,0.1,2,58,0.017726268283318886,1.6422753967986916,0.17357848237226134,0.10272395621782306,0.7070300730290832,0.016667488380832495
exact,0.1,2,59,0.18886013258978554,1.6385654118925257,0.1796270317784416,0.08451426633301434,0.7141017514324071,0.02175695045613692
exact,0.1,2,60,0.4812400243435458,1.6655301474389794,0.16519641699901128,0.10974085426455471,0.703103317742559,0.021959410993875026
exact,0.1,2,61,0.3996131776495995,1.6649143881327098,0.15474726476090347,0.11633904623209756,0.7082898515266378,0.020623837480361132
exact,0.1,2,62,0.21627719130464373,1.6523798696993435,0.16199349990810932,0.0947414581787313,0.7190151681948073,0.024249873718352164
exact,0.1,2,63,0.24334761861502696,1.6511316912804943,0.13382601554404,0.09338096790089218,0.7446846137271864,0.028108402827881428
exact,0.1,2,64,0.3496129988105057,1.6260033107994036,0.09726510653327729,0.09026101839728456,0.7858302546633585,0.026643620406079517
exact,0.1,2,65,0.09561834345359557,1.6260760043865108,0.1007317649760811,0.08883306036647406,0.783674500208671,0.026760674448773808
exact,0.1,2,66,0.4827125042689805,1.5928785090545527,0.0776453918861503,0.07613503092515873,0.821434618886265,0.024784958302426097
exact,0.1,2,67,0.2064010212971149,1.5863144033601742,0.0768113419923583,0.07455486163898933,0.8250812868546173,0.023552509514035144
exact,0.1,2,68,0.029151057709775406,1.586884146315646,0.07864549857274163,0.07352045400035638,0.8239545062877789,0.02387954113912301
exact,0.1,2,69,0.02525931778102112,1.5859182408146664,0.0780970394812302,0.07424667033778408,0.8242696016416121,0.02338668853937372
exact,0.1,2,70,0.437886518011786,1.5558108359067941,0.09997678503048922,0.058904892304245615,0.8236208294251246,0.017497493240140577
exact,0.1,2,71,0.18427687617635868,1.5554491105398944,0.11898636390054337,0.05395194217220319,0.8102482956941771,0.016813398233076284
exact,0.1,2,72,0.38200978908795313,1.5611277131281291,0.15102847909739361,0.040976429876515646,0.7887230471192445,0.01927204390684637
exact,0.1,2,73,0.09675540083237426,1.5641631024313787,0.1551862256357743,0.04256758895065487,0.7832281015351317,0.019018083878439056
exact,0.1,2,74,0.4244110772182844,1.5361625730146302,0.13672611369332843,0.0468754830393705,0.8049052838873375,0.011493119379963631
exact,0.1,2,75,0.17562247270340317,1.531727667297599,0.1414803382167309,0.043268987145608014,0.8043135750389102,0.01093709959875075
exact,0.1,2,76,0.0688584972039325,1.5310836338129918,0.14322113285629864,0.043315253961146355,0.802962306734486,0.010501306448069072
exact,0.1,2,77,0.14672408474754212,1.5400577343425716,0.1293350378160817,0.04081663028377765,0.8139227587284272,0.015925573171713336
exact,0.1,2,78,0.08604014979557537,1.5384723725490392,0.13524076693678824,0.04053815007984077,0.8094284815318663,0.014792601451504595
exact,0.1,2,79,0.19988628668961184,1.5346909538843387,0.13548670063968501,0.038319930065420005,0.8117056211245893,0.01448774817030557
exact,0.1,2,80,0.10823993425740235,1.5321365408102345,0.13488935206182673,0.03536110981866937,0.8148105433388263,0.014938994780677568
exact,0.1,2,81,0.023818459476967112,1.5319552605128464,0.1331311511468468,0.0362554016684708,0.815840566874956,0.014772880309726469
exact,0.1,2,82,0.07254685338168694,1.530813196175306,0.1294911639828012,0.038508689439731354,0.8179520364470285,0.014048110130438909
exact,0.1,2,83,0.11646340450941048,1.5260824408973626,0.12439547021715776,0.03968856533334082,0.8230568670053158,0.012859097444185638
exact,0.1,2,84,0.12946324446573348,1.5301274169942196,0.1226211806574288,0.040840983729057735,0.8226896231644297,0.0138482124490838
exact,0.1,2,85,0.10283973769948429,1.5281387417516261,0.11031655027970547,0.04460560124770057,0.8316581657543434,0.01341968271825061
exact,0.1,2,86,0.1683684399124133,1.5278054916046127,0.11718953030423129,0.04551147842947675,0.8252164951616657,0.012082496104626318
exact,0.1,2,87,0.04099775304263072,1.5263683483373187,0.1155714109669157,0.046210076556094166,0.8266184590808393,0.011600053396150882
exact,0.1,2,88,0.13993658368750417,1.523366991546465,0.10807460072589956,0.05130641539655164,0.830881820473808,0.00973716340374072
exact,0.1,2,89,0.10778319762595254,1.520602247062871,0.11548285577641045,0.046680552240086784,0.8281133256408023,0.009723266342700446
exact,0.1,2,90,0.1256200613804586,1.5146986982554391,0.1099187656404956,0.048654936175001974,0.8334843477957626,0.007941950388739823
exact,0.1,2,91,0.025234403914524396,1.5149943583561616,0.10972107149168486,0.049267879309314894,0.833189957284506,0.007821091914494363
exact,0.1,2,92,0.07730097920419231,1.5127870592793817,0.111339207735472,0.05063369299094254,0.8315918583220983,0.006435240951487217
exact,0.1,2,93,0.13970279581318223,1.5187857469198418,0.12147132496398992,0.04960634851786187,0.8216334126580818,0.007288913860066554
exact,0.1,2,94,0.34739948322149755,1.49480292323947,0.0867460531910026,0.04573260500094223,0.8613627954675434,0.0061585463405118964
exact,0.1,2,95,0.03630393041340444,1.494367009052548,0.08600922680466815,0.046113682760364455,0.8618981629715011,0.005978927463466315
exact,0.1,2,96,0.16901536926706015,1.4994730561914191,0.08315368288258591,0.041374014925516275,0.8658024869911244,0.00966981520077355
exact,0.1,2,97,0.017482210047258917,1.4997586493523156,0.08164013915996902,0.041806550358938016,0.8667687531998397,0.009784557281253244
exact,0.1,2,98,0.07802630470862688,1.503641976451161,0.0770018087656307,0.04295966858588887,0.8689449650204504,0.011093557628030059
exact,0.1,2,99,0.04389768324959051,1.5035484515751505,0.07858311409350723,0.044280039576024825,0.8667785106274439,0.010358335703024045
exact,0.1,2,100,0.079697555627863,1.5008960756509155,0.07762745433208978,0.044562312582452426,0.8682229094147299,0.009587323670727852
exact,0.1,2,101,0.07662364672720327,1.5005349043652345,0.07400078159756494,0.04319124951494318,0.8723376657062155,0.010470303181276383
exact,0.1,2,102,0.07902733204541006,1.502117091911941,0.07242844916273804,0.04399031338875408,0.8727443164566627,0.010836920991845217
exact,0.1,2,103,0.11465814203618789,1.5039933635097236,0.06881727566441258,0.044055555248241555,0.8752943030739703,0.011832866013375479
exact,0.1,2,104,0.48293265829686405,1.483295543857251,0.06315420224804658,0.04427391310895269,0.8862328241247408,0.0063390605182600535
exact,0.1,2,105,0.0803424763970684,1.482585823150825,0.06424461404582646,0.04172676221767908,0.8870685490790116,0.006960074657482851
exact,0.1,2,106,0.059235746658917884,1.485114978959099,0.06861005290870423,0.04350796255523548,0.881411886065173,0.006470098470887312
exact,0.1,2,107,0.24100246065934547,1.492819783347942,0.07846888237851357,0.04547019048795358,0.8693231037135576,0.006737823419975276
exact,0.1,2,108,0.20643450348921175,1.4845011247823219,0.06736109969140705,0.05349375030455688,0.8765067969759922,0.0026383530280438714
exact,0.1,2,109,0.05283175036707532,1.4850394237022655,0.06821485037848111,0.05326859865077135,0.8757423924292299,0.0027741585415177097
exact,0.1,2,110,0.03748808835392481,1.4854593886631144,0.06513820599699623,0.05332461284388998,0.8782643684325222,0.0032728127265916254
exact,0.1,2,111,0.19259794156185706,1.4963891407669707,0.0678210516505255,0.050520554235998216,0.8744190614669783,0.007239332646497882
exact,0.1,2,112,0.03064909792030327,1.496658165172884,0.06572986590277133,0.05190784683674801,0.8753037541974533,0.007058533063027439
exact,0.1,2,113,0.2473110774045476,1.4953009986632912,0.057963721239692796,0.03173545887199002,0.8949547888715821,0.015346031016735139
exact,0.1,2,114,0.26862383679862134,1.484507964230654,0.06202320724300263,0.02703769439504078,0.8975244505289124,0.013414647833044333
exact,0.1,2,115,0.1632037641043774,1.485876389264027,0.05406907649236443,0.0324875025362206,0.9006805292717849,0.012762891699630071
exact,0.1,2,116,0.08249484629685108,1.4824481098520303,0.05591373083171531,0.029613319475951364,0.9018679540732154,0.012604995619117869
exact,0.1,2,117,0.13171086361900597,1.4882199631837658,0.054783040598557015,0.02729714396558519,0.9025754920605263,0.015344323375331393
exact,0.1,2,118,0.2828373084875331,1.4767416723390496,0.045049492456812064,0.025587305369382488,0.9155281759259972,0.013835026247808135
exact,0.1,2,119,0.1500012899006505,1.4733162412792709,0.0357403598931654,0.02997733254277756,0.9219477398843643,0.012334567679692772
exact,0.1,2,120,0.38176244909944046,1.4883983526210371,0.05364100921005801,0.03146827234374441,0.9009365455120083,0.013954172934189157
exact,0.1,2,121,0.16820979474219308,1.4826846601392256,0.04577285938824256,0.031629501087627875,0.9093934267118012,0.01320421281232836
exact,0.1,2,122,0.07248319511129862,1.4826006053152467,0.047984386386578294,0.02997506880062961,0.9085136386988547,0.013526906113937295
exact,0.1,2,123,0.18597817234143824,1.479173810450537,0.052309412728829684,0.031661373199933084,0.9047145394470939,0.011314674624143302
exact,0.1,2,124,0.20530813006123239,1.4760239055871354,0.054733561230358455,0.030559098106609485,0.9042173258246161,0.010490014838415945
exact,0.1,2,125,0.023452683580009986,1.4767105247794485,0.05402579154826384,0.030828446369021288,0.9044640998588448,0.010681662223870072
exact,0.1,2,126,0.488792418350048,1.5237484120450275,0.0521568235254278,0.018712053324200367,0.8996434475666824,0.029487675583689515
exact,0.1,2,127,0.27697980037395425,1.5135077874765022,0.050924540219054265,0.020511587087898332,0.902640780821359,0.025923091871688408
exact,0.1,2,128,0.04477611858469625,1.5131849242707895,0.048754235929682165,0.023499386711719285,0.9027792787750619,0.024967098583536643
exact,0.1,2,129,0.008738236289414017,1.512671120879623,0.04884834121356736,0.023516599714999746,0.9028389384470182,0.024796120624414757
exact,0.1,2,130,0.32567964448141856,1.5311422358187967,0.030112183230306178,0.04251170984893909,0.9019450934311745,0.025431013489580358
exact,0.1,2,131,0.07422879389836019,1.5291864167251572,0.027263399807617307,0.04109119854773425,0.9058895964761227,0.025755805168525825
exact,0.1,2,132,0.48352399901924425,1.5002345611552603,0.037169283695523,0.026302381547828782,0.9149901360285915,0.02153819872805675
exact,0.1,2,133,0.14544580993988887,1.4978345025451125,0.0369956590121951,0.027020764061496103,0.9154087885214639,0.020574788404844897
exact,0.1,2,134,0.08073719463728048,1.4971914079968385,0.03567316429459093,0.027770205115767777,0.9162893322428903,0.020267298346750815
exact,0.1,2,135,0.016981740402751015,1.4972653716476358,0.03619317553968488,0.027111616348547633,0.9162214891775112,0.020473718934256306
exact,0.1,2,136,0.12144148491416393,1.505906024454454,0.03734587404363092,0.04056488926053033,0.9043248721301081,0.017764364565730634
exact,0.1,2,137,0.48760082645123487,1.5028044261217355,0.03176495686434819,0.04967425838568748,0.9044764757584242,0.014084308991540158
exact,0.1,2,138,0.09058430371579726,1.5003429988561747,0.03286724338429444,0.04526483691573837,0.9069733872588264,0.01489453244114076
exact,0.1,2,139,0.23181073131719887,1.4937894515710237,0.03746035991526778,0.0363460976614984,0.9104303267702485,0.015763215652985375
exact,0.1,2,140,0.10766323594744794,1.4890597181745457,0.03748782842645004,0.034685850792390574,0.9128371811619331,0.014989139619226259
exact,0.1,2,141,0.21013201142486793,1.4906333395437792,0.03878950463216188,0.02989261541578881,0.9142020715009715,0.017115808451077748
exact,0.1,2,142,0.3979260087248209,1.4933805515039325,0.04424239847471558,0.020318531444411307,0.9145584523762282,0.020880617704644902
exact,0.1,2,143,0.5291887080372862,1.4559212783744662,0.03734133070763827,0.020617386427341025,0.9315089225219222,0.010532360343098561
exact,0.1,2,144,0.09647455114162548,1.4551398425550588,0.03617970945085331,0.024980986745106834,0.930052004778401,0.008787299025638975
exact,0.1,2,145,0.08427461294406742,1.4548861948696938,0.034949478445115346,0.02707216617481406,0.9299058162621482,0.008072539117922417
exact,0.1,2,146,0.11736389242586753,1.4549009086057532,0.0320512854879033,0.02784676094827377,0.9319509089559925,0.00815104460783043
exact,0.1,2,147,0.21323204928978726,1.4501554786921713,0.03283466853086988,0.02079656608586648,0.9370420277192689,0.00932673766399476
exact,0.1,2,148,0.04465252212091911,1.449705768773353,0.03599914370662573,0.020469381329265565,0.9346164989371565,0.008914976026952267
exact,0.1,2,149,0.07900790775430647,1.4466166810892083,0.03867138265847464,0.020434743935827015,0.9332228792446389,0.007670994161059395
exact,0.1,2,150,0.13795367973878328,1.45447048803076,0.03365930925880047,0.016218662616093466,0.9378774274179187,0.01224460070718746
exact,0.1,2,151,0.14020729293854917,1.4518208981522667,0.03445606836409645,0.017632839148939584,0.9370923969435581,0.010818695543405973
exact,0.1,2,152,0.1833453115681582,1.4578813532129065,0.0370104261176599,0.0171038564241134,0.9333922784142428,0.012493439043983819
exact,0.1,2,153,0.04906519459116751,1.4600982382404857,0.03710275323745452,0.017004461654431452,0.9327153750401153,0.013177410067998784
exact,0.1,2,154,0.3925793044756425,1.4685069779056041,0.04467996817272952,0.017663315065447473,0.923200792309183,0.014455924452640139
exact,0.1,2,155,0.14148582242030486,1.4632950710317933,0.04845244985574132,0.02181760298364173,0.9188836420811635,0.010846305079453536
exact,0.1,2,156,0.19611422855521596,1.4642161371778883,0.046904138299848706,0.016404188672573025,0.9233135017105161,0.013378171317062166
exact,0.1,2,157,0.2201316720236665,1.4563848254199205,0.05892152628610811,0.014140110133593231,0.9165574776869008,0.010380885893398018
exact,0.1,2,158,0.1901556476332839,1.4543466568263625,0.06667209216917543,0.02084316278564292,0.9062533243747565,0.006231420670425206
exact,0.1,2,159,0.07349709940346143,1.4564217136517976,0.0710874114872146,0.018877639046482684,0.9030053640964393,0.007029585369863487
exact,0.1,2,160,0.09302382537445648,1.4533853231949578,0.07584641037502547,0.017800061801941124,0.9004249405995667,0.005928587223466789
exact,0.1,2,161,0.0762087790252508,1.4542285056046067,0.07578107353436934,0.019007379355461398,0.899484328138349,0.005727218971820323
exact,0.1,2,162,0.0238203115365634,1.4534955162410341,0.07640608281607161,0.017945086418456848,0.8998146463028006,0.005834184462670879
exact,0.1,2,163,0.27907890101980853,1.448331024421706,0.09420939899947513,0.015365853258801703,0.8874295048943777,0.002995242847345574
exact,0.1,2,164,0.15285709645052847,1.4440424379757597,0.08795352975771416,0.016108500627152265,0.8936924479405076,0.0022455216746260277
exact,0.1,2,165,0.059939494846512904,1.4439758224040427,0.08666226045114703,0.016193029512945156,0.8947850569134455,0.002359653122462336
exact,0.1,2,166,0.021542192017437428,1.4441817797726626,0.08752491428038285,0.015356036138161925,0.8944904039379606,0.002628645643494643
exact,0.1,2,167,0.10992490383372527,1.4439795736855103,0.08563756399009806,0.016856680684071375,0.8952660339758085,0.002239721350021949
exact,0.1,2,168,0.002039273772950677,1.4440118429137905,0.08567010936378482,0.016830024864088633,0.895244602022352,0.002255263749774646
exact,0.1,2,169,0.03882977033753958,1.443235349660644,0.08765800717389206,0.01570179908080449,0.8944411395270543,0.0021990542182491407
exact,0.1,2,170,0.19965303923852645,1.4333398736432186,0.07857252121981748,0.013912149783108054,0.9064029923054817,0.0011123366915927165
exact,0.1,2,171,0.1917376144318971,1.4279039684754729,0.06479594230225745,0.015357364354188873,0.9191320586541097,0.000714634689443963
exact,0.1,2,172,0.018266669925784018,1.4271417754534188,0.06470166561577853,0.01492012877806588,0.9197112323886623,0.0006669732174932652
exact,0.1,2,173,0.04096187718773692,1.4270355876747047,0.06454476436273666,0.015434572874427198,0.9195609833859875,0.00045967937684870247
exact,0.1,2,174,0.345985599218949,1.4685200422686997,0.07047375869223477,0.025806324306130488,0.895662335298739,0.008057581702895937
exact,0.1,2,175,0.1283686951810025,1.4671293274148585,0.06941620437876037,0.019672362381517077,0.9007937698500513,0.010117663389671301
exact,0.1,2,176,0.07898259818881925,1.4663213255407637,0.062484130164422114,0.023111260794962046,0.9049479683197379,0.009456640720877834
exact,0.1,2,177,0.026636116386072217,1.4662937455440297,0.061991851519307625,0.024172277543134616,0.9047285236362504,0.009107347301307451
exact,0.1,2,178,0.07278959607868166,1.4676773616645438,0.05990387950689671,0.028366245635320624,0.9035424218739003,0.008187452983882368
exact,0.1,2,179,0.04785861284531032,1.4691702832643376,0.06025526899821595,0.027268698839095034,0.9034725250903468,0.009003507072342244
exact,0.1,2,180,0.106001823489457,1.4704966232381596,0.05619440759906035,0.029033016999976097,0.9055278056591529,0.009244769741810604
exact,0.1,2,181,0.1991905091347269,1.4704731927745165,0.061822946064860655,0.032513183813347064,0.8984732416039021,0.007190628517890239
exact,0.1,2,182,0.38255338640074316,1.4644146096048682,0.04179214695925233,0.04334005032324127,0.9110383113083004,0.003829491409206086
exact,0.1,2,183,0.24713063853853612,1.4601505308649798,0.03618099579368241,0.04045344077790353,0.9189849399300964,0.00438062349831769
exact,0.1,2,184,0.06732243854109027,1.459868568146196,0.03632054357973292,0.04107858728668013,0.9185599513987918,0.004040917734795227
exact,0.1,2,185,0.33530209639050784,1.476512697476257,0.03456105190188574,0.02782600905889345,0.923360313552513,0.014252625486707814
exact,0.1,2,186,0.2586001672518377,1.4703403467773322,0.038286241518600855,0.020527554969721876,0.9264611550072509,0.014725048504426314
exact,0.1,2,187,0.07609467512168795,1.470415101408684,0.03788514406591696,0.022007065218288577,0.9258726432202786,0.014235147495515754
exact,0.1,2,188,0.17142148050544748,1.4744866754455184,0.04778986206086627,0.025528885765826865,0.9138430515178951,0.012838200655411703
exact,0.1,2,189,0.24753315119653613,1.4632590618194437,0.04463835386746832,0.028421645715960328,0.9181323244082563,0.008807676008315089
exact,0.1,2,190,0.02440307244446771,1.4629140121978006,0.04500278279737892,0.028066576601055677,0.9181366384854074,0.008794002116157891
exact,0.1,2,191,0.3245714826992589,1.461193218987972,0.03786873474176258,0.041404748362051616,0.9166143399275236,0.0041121769686621725
exact,0.1,2,192,0.14562737626684202,1.4605785477534239,0.034385856271682766,0.03821523373444378,0.9218095067551275,0.00558940323874583
exact,0.1,2,193,0.05901828879989415,1.4584362458572084,0.0354521837920638,0.03962451987543926,0.9206425658150486,0.004280730517448481
exact,0.1,2,194,0.06403825728270468,1.4572727759318689,0.03220128671156886,0.03796701148328504,0.9248503339460621,0.004981367859084055
exact,0.1,2,195,0.22883536383389114,1.4550400804139796,0.03939019759575668,0.03476480209667779,0.9212227301091215,0.004622270198444035
exact,0.1,2,196,0.0484976416977405,1.4527292398464355,0.043830440617762964,0.03312950814988831,0.9190471509256295,0.003992900306719125
exact,0.1,2,197,0.14829670503611228,1.4524039958909731,0.03801684061254101,0.03732648205580473,0.9216174980301141,0.0030391793015401365
exact,0.1,2,198,0.1460898265247021,1.4466443427988855,0.026393746086758863,0.03328676311689158,0.935970591049368,0.004348899746981553
exact,0.1,2,199,0.26069760497732025,1.4414566696937423,0.022360400600779942,0.023752619683817786,0.9469358887183854,0.006951090997016804
exact,0.1,2,200,0.08164384052339449,1.4422060384309945,0.022641155694114286,0.024003686304867156,0.9463128104513723,0.007042347549646386
exact,0.1,2,201,0.09191984037001441,1.4429019430294983,0.023567646700657127,0.022919600136193343,0.9459689234086353,0.00754382975451428
exact,0.1,2,202,0.18530908166817744,1.4395506109150848,0.030534734169614428,0.025394806546299407,0.9393490584257301,0.004721400858356035
exact,0.1,2,203,0.22893055208008412,1.4390769097030434,0.020329566780309734,0.02166976053934745,0.9507056811568899,0.00729499152345283
exact,0.1,2,204,0.10867400959573112,1.4423341087867154,0.01792637430562364,0.025868272866782737,0.9492361320114451,0.006969220816148627
exact,0.1,2,205,0.0542065213322652,1.4390778541317106,0.017857421380150354,0.023823582541454048,0.9515296224432097,0.006789373635185816
exact,0.1,2,206,0.19326287997244648,1.4337146851501663,0.012455858022404625,0.02105127320521143,0.9595563538859777,0.006936514886406269
exact,0.1,2,207,0.11596607908558809,1.4355415996814689,0.01397816553848222,0.020933653492422037,0.9577573529471376,0.007330828021958187
exact,0.1,2,208,0.07544443031347114,1.4313797949178584,0.01237074964010701,0.01844196657716579,0.9619407489508974,0.007246534831829825
exact,0.1,2,209,0.08461290049511391,1.4297088242380358,0.016292453752560266,0.016608307719910537,0.960148207431996,0.006951031095533209
exact,0.1,2,210,0.14519431436421842,1.427684593099884,0.012803066187808262,0.015621579675775557,0.9644081441091672,0.007167210027248915
exact,0.1,2,211,0.1505533457444425,1.42718420088616,0.00992967635193943,0.011910128154875035,0.9693667637123131,0.00879343178087252
exact,0.1,2,212,0.16644394113993036,1.4247264781120097,0.015102261024911958,0.013427313598508288,0.9646383140115127,0.00683211136506707
exact,0.1,2,213,0.12188998297497053,1.4177967706145533,0.01569432277464359,0.015101131585692613,0.9651416308344947,0.0040629148051691735
exact,0.1,2,214,0.1052517531660051,1.4226944656897753,0.020555614876320495,0.018055848771785635,0.9576111939790923,0.0037773423728016137
exact,0.1,2,215,0.15636382756548767,1.4250744070006713,0.01539942514458103,0.017793962977017214,0.9615694479712511,0.005237163907150768
exact,0.1,2,216,0.142266191882519,1.4220945684378707,0.015556161384292529,0.018801271849500457,0.9616932065847554,0.003949360181451541
exact,0.1,2,217,0.2479449775225045,1.4281427166190548,0.01638062998167704,0.007291571478429633,0.9663104763305244,0.010017322209368996
exact,0.1,2,218,0.16199197504850202,1.4219974160911,0.020357017847466755,0.006423362288856764,0.9652006774287507,0.008018942434925689
exact,0.1,2,219,0.06846898984431721,1.4232439689555887,0.02309343011879548,0.006400567750477315,0.9624550838985537,0.008050918232173505
exact,0.1,2,220,0.032406238653615305,1.4226504484145286,0.021762999651736812,0.006983999610826174,0.9634314531052117,0.007821547632225298
exact,0.1,2,221,0.03985429327097468,1.4210241721949695,0.0210378213345052,0.00705550785924584,0.9645032880522,0.00740338275404896
exact,0.1,2,222,0.02474248941047561,1.4212053508524836,0.02165705432405346,0.007221082224818074,0.9638061055574181,0.007315757893710461
exact,0.1,2,223,0.25231591628251504,1.4305487559050798,0.029714669058521895,0.010654398847961108,0.9518689307623044,0.007762001331212627
exact,0.1,2,224,0.41681326965912263,1.4282298979135657,0.03201721273909751,0.006486973903321046,0.9531299321844607,0.00836588117312054
exact,0.1,2,225,0.01585680489274912,1.4282836084559556,0.032034037648964876,0.006763273284544439,0.9529280605634083,0.008274628503082327
exact,0.1,2,226,0.05372634452233634,1.4264837800858325,0.03102364759610043,0.0065813129644938136,0.9544572180318419,0.007937821407563788
exact,0.1,2,227,0.2438496747156159,1.4310395991210927,0.023029626764904755,0.009863329967739752,0.9580499767642779,0.009057066503077622
exact,0.1,2,228,0.05679119154583832,1.4303505312305378,0.02254375763715548,0.009056272882268701,0.9591789997269802,0.009220969753595633
exact,0.1,2,229,0.008283982582082253,1.4300885948102424,0.022583868552128558,0.009109620017632125,0.9591886810674684,0.009117830362770946
exact,0.1,2,230,0.02067002707683259,1.4295551365665768,0.022400901913932084,0.009223461164352012,0.9594362736641229,0.008939363257593076
exact,0.1,2,231,0.17132602712247574,1.4360829807982454,0.022836152543206985,0.007920452957372781,0.9579257317238932,0.011317662775527076
exact,0.1,2,232,0.25227122778935757,1.4354448803824214,0.02437464060495051,0.0080547625056396,0.9566886000525751,0.01088199683683491
exact,0.1,2,233,0.06953363940199964,1.4313700825129558,0.021974425689883233,0.005653211192364982,0.9614827351265864,0.010889627991165284
exact,0.1,2,234,0.09309647807799977,1.4334493124023724,0.018622951441308964,0.003142573591052421,0.9653485276173158,0.012885947350322809
exact,0.1,2,235,0.1870677507923094,1.4361723425976014,0.018409917685379248,0.003269618881043536,0.9646473235674262,0.013673139866151124
exact,0.1,2,236,0.04571338116633674,1.4359973999311106,0.017399754058198123,0.0025926078122083165,0.966001202170721,0.01400643595887242
exact,0.1,2,237,0.005317621322245003,1.4360422703902678,0.01723717771305132,0.002629077348264961,0.9661072576056094,0.014026487333074374
exact,0.1,2,238,0.08297959889180362,1.4358363828235807,0.015903301080979634,0.002695078248113153,0.9672924518924623,0.014109168778444944
exact,0.1,2,239,0.09190035256067228,1.4293140613808037,0.016393188075389316,0.002801889557672697,0.9687349884002782,0.01206993396665984
exact,0.1,2,240,0.14860155371358869,1.4307398692124225,0.01674993629894265,0.004338955030667735,0.9670471266108025,0.011863982059587247
exact,0.1,2,241,0.5062269951202293,1.4228461532685932,0.031351792957965655,0.002295218868483401,0.9579073242706834,0.008445663902867577
exact,0.1,2,242,0.514417373374879,1.427939423588268,0.03649550231193095,0.0066539709320994934,0.9492035462840187,0.007646980471950898
exact,0.1,2,243,0.025188206869081547,1.4281365777556638,0.035945850483880035,0.006080448419373575,0.9499802122822143,0.007993488814532167
exact,0.1,2,244,0.3356788582223042,1.4285310957549398,0.021827666599654936,0.0020564071596589025,0.9646834994378286,0.011432426802857422
exact,0.1,2,245,0.1817941769900422,1.4210281143633627,0.021920761188853,0.0038746709135504204,0.9657028165718246,0.008501751325772015
exact,0.1,2,246,0.06907256428690561,1.4222846119033947,0.023395973480635556,0.004010618384352768,0.9639572135113418,0.008636194623669926
exact,0.1,2,247,0.1938383373873396,1.425338289209108,0.032335189132700705,0.005650250436277181,0.9542293907323683,0.007785169698653753
exact,0.1,2,248,0.1382403992423281,1.4235958495814982,0.0380277912690308,0.004900223959707438,0.9502424256079445,0.006829559163317271
exact,0.1,2,249,0.10298974809704219,1.432695301507992,0.04047016172367814,0.004542448268991369,0.9456312463982731,0.009356143609057404
exact,0.1,2,250,0.1194099222966056,1.4312512710738057,0.05193977082957005,0.0031138939771654978,0.9369367352816773,0.00800959991158708
exact,0.1,2,251,0.17547555829866932,1.4252676578433556,0.05912310829808361,0.002821674036673913,0.9326272015122762,0.005428016152966317
exact,0.1,2,252,0.07492352361846331,1.4243127320598405,0.053951710689584306,0.003140366982279831,0.9372244823792467,0.005683439948889006
exact,0.1,2,253,0.23253874909941175,1.4297298871408128,0.044950985914671907,0.001929610580835978,0.944220347911696,0.008899055592796221
exact,0.1,2,254,0.21979274697329407,1.4191800908705805,0.03172216862450729,0.0045972033510240035,0.9572455702903633,0.006435057734105539
exact,0.1,2,255,0.02488182991952223,1.4184904310225583,0.03135370209052902,0.0045802864466301055,0.9577825005413972,0.006283510921443576
exact,0.1,2,256,0.044697740855693724,1.417893454715245,0.03089153092657458,0.0048468340676867784,0.9581980294681194,0.006063605537619213
exact,0.1,2,257,0.01369427980456342,1.4180588726035501,0.031025105375513604,0.004921746445661096,0.9579858673172014,0.006067280861623999
exact,0.1,2,258,0.08071050372032573,1.4208474259629191,0.030752720249311798,0.0056072682137027615,0.9569708391093661,0.0066691724276193905
exact,0.1,2,259,0.13691009215367098,1.4243258560755172,0.04048408444760577,0.004139277594159358,0.9483534387100303,0.007023199248204634
exact,0.1,2,260,0.23252387035514574,1.4279467069405556,0.03602470011031905,0.005150692094880844,0.9505439659694243,0.008280641825375959
exact,0.1,2,261,0.21032472330134291,1.4297521554366646,0.033662800404496235,0.006543069859273423,0.9512067486846206,0.008587381051609786
exact,0.1,2,262,0.038209402616633525,1.4298937417688808,0.03547957353689736,0.0058700529299048915,0.9499959621649697,0.008654411368228048
exact,0.1,2,263,0.024440910187244133,1.4295987123228555,0.03568570690292769,0.005736742852375021,0.9499862355187927,0.00859131472590447
exact,0.1,2,264,0.1289406485515413,1.426571939044097,0.03459315110458426,0.006377486431930772,0.9514413704860646,0.0075879919774204585
exact,0.1,2,265,0.059335769521635814,1.4235051877185172,0.033060143470826246,0.006598682383082712,0.9535529480655373,0.006788226080553817
exact,0.1,2,266,0.3435139467221867,1.4352762513751796,0.03523055039236898,0.016316675505927008,0.9421425509357401,0.006310223165963916
exact,0.1,2,267,0.11464294767977717,1.4330332592748554,0.03574595149212588,0.01574746136443634,0.9427111686369923,0.005795418506445527
exact,0.1,2,268,0.2273094034012717,1.4211203875790022,0.025640315931524715,0.017973092395886153,0.9536902740470078,0.0026963176255813933
exact,0.1,2,269,0.042513995520297526,1.4210570336565203,0.02546166643693847,0.01833580933608951,0.9536403304673325,0.002562193759639463
exact,0.1,2,270,0.0008717316865382574,1.4210515725736705,0.025457342912080377,0.018346827317804817,0.9536389003187492,0.0025569294513656526
exact,0.1,2,271,0.010791249947176229,1.4207359912477389,0.025307277588176205,0.017836380270308237,0.954179869224864,0.0026764729166514293
exact,0.1,2,272,0.14716670070068014,1.4222615418130886,0.02332002142556143,0.020401786997200723,0.9538725612307433,0.002405630346494619
exact,0.1,2,273,0.17706918974030464,1.4206619944448162,0.019012674790183433,0.018131862607189658,0.9595148904011738,0.0033405722014531705
exact,0.1,2,274,0.007527462105064213,1.4209684807803813,0.019197590462219975,0.018306801633312577,0.9591540177893829,0.0033415901150845016
exact,0.1,2,275,0.08022682293324863,1.4232315871272752,0.020461689933754173,0.018632193780407785,0.9571766248623031,0.003729491423534984
exact,0.1,2,276,0.11575446674205736,1.4224529670578223,0.02433308316523781,0.018544996890843417,0.9540815977780293,0.0030403221658895905
exact,0.1,2,277,0.08083525063040846,1.4183046730730444,0.01903684154762226,0.019167772884142745,0.9595518906515975,0.002243494916637383
exact,0.1,2,278,0.04846711189403868,1.418075286573442,0.0186931768982816,0.019164424394698308,0.9599221778606375,0.00222022084638259
exact,0.1,2,279,0.04561424820836038,1.4169260999191626,0.019046531261168332,0.01839289369739584,0.9604328967457265,0.0021276782957094166
exact,0.1,2,280,0.11069376974920159,1.4149987043183387,0.01931206387727065,0.015884084649201043,0.9623279122951148,0.0024759391784134146
exact,0.1,2,281,0.05507237683575731,1.4152832006285212,0.019954136675621573,0.01732449220141752,0.9607901920919708,0.0019311790309900648
exact,0.1,2,282,0.014859731914310094,1.4150061968854715,0.02007806167153355,0.016961208409925915,0.9609893348287141,0.001971395089826446
exact,0.1,2,283,0.021737524066066244,1.4149949706131615,0.019506326658802378,0.016835256898381962,0.9615699756923684,0.002088440750447337
exact,0.1,2,284,0.1786628781641646,1.4105934302615637,0.01855717594737486,0.01170502369574482,0.9668851878877176,0.0028526124691626727
exact,0.1,2,285,0.03564889705435478,1.4110146154542034,0.018032521532924277,0.011722716486960487,0.967207346874277,0.0030374151058382352
exact,0.1,2,286,0.048242711148927454,1.4113048938995423,0.017481589686366747,0.012203228612249402,0.9673044894572436,0.0030106922441403444
exact,0.1,2,287,0.042271627687822055,1.4111746990981522,0.018510694819658065,0.011916418941752693,0.9666221487292329,0.0029507375093562782
exact,0.1,2,288,0.08156649767466076,1.4123705527230075,0.017527906611770654,0.012587049204576515,0.9667096970565352,0.003175347127117702
exact,0.1,2,289,0.0469274801672587,1.41179172025508,0.017189145324070846,0.011772984243510492,0.9676819862455049,0.003355884186913686
exact,0.1,2,290,0.1911011340037806,1.412572454935708,0.012887005116176992,0.013635365335407908,0.9700533958613818,0.0034242336870332858
exact,0.1,2,291,0.08829757271396829,1.4118419962824649,0.016040388319030388,0.011703719941296922,0.9687132867347699,0.0035426050049028176
exact,0.1,2,292,0.12520207985437892,1.4118917767335877,0.016321681472448155,0.01019375348771198,0.9693887230368562,0.004095842002983611
exact,0.1,2,293,0.061988979786563314,1.4113788286966904,0.015156159367142237,0.009449814415960048,0.9710201716337206,0.004373854583177219
exact,0.1,2,294,0.0427419535243805,1.410947113428726,0.014431497647797005,0.00991367774447515,0.97149380615092,0.004161018456807993
exact,0.1,2,295,0.002419408651807148,1.410985374241763,0.014479858074965338,0.009912498765818414,0.9714409336636254,0.0041667094955908125
exact,0.1,2,296,0.11826007163718905,1.4087891410698399,0.017329620253513745,0.008562229825428825,0.9704410797635895,0.0036670701574679763
exact,0.1,2,297,0.024894533946522388,1.4081999092567103,0.017273418910073172,0.008702390683754299,0.9705782732635609,0.003445917142611665
exact,0.1,2,298,0.1500446926279178,1.4019810289781705,0.012639571794531654,0.005645482751487236,0.9783678779174972,0.0033470675364838253
exact,0.1,2,299,0.08888806275350447,1.3998522163904874,0.014864425863753238,0.005149915275587567,0.977363883004493,0.0026217758561663364
exact,0.1,3,0,0.01803540390395815,3.107293833071098,0.2673165177564971,0.24729317107514998,0.10717052466314256,0.3782197865052103
exact,0.1,3,1,0.6076943866425497,2.8347198405338654,0.32531872152343894,0.22866344301860314,0.14827006741502466,0.2977477680429334
exact,0.1,3,2,0.32863058187172783,2.7888617115188095,0.30673006091718996,0.20713667049248313,0.19080206558757098,0.29533120300275595
exact,0.1,3,3,0.2607878247052646,2.7649798760724966,0.30613155369403944,0.20606236240668763,0.19895565195815396,0.288850431941119
exact,0.1,3,4,0.8888210549030143,2.51861342473831,0.2989118087396626,0.2992525517089206,0.22035727013826867,0.18147836941314807
exact,0.1,3,5,0.7446890149059797,2.292396143769798,0.3380683663367734,0.29552529858201154,0.2552794672728756,0.11112686780833946
exact,0.1,3,6,0.3739842692453204,2.2425047161413754,0.3673651128694231,0.31867617297697654,0.23063399971312282,0.08332471444047754
exact,0.1,3,7,0.5895507418623966,2.175318722968205,0.377321429775538,0.28170510817075534,0.26433079329424164,0.07664266875946518
exact,0.1,3,8,0.2704769707247223,2.1484174350026595,0.34812080607021967,0.2775182556620585,0.29988652946313865,0.07447440880458335
exact,0.1,3,9,0.03808211394726771,2.1477106754055413,0.34939350890081233,0.27784621830993056,0.29879941951373956,0.07396085327551764
exact,0.1,3,10,0.957832316479183,1.9499008031577354,0.35152246504872436,0.2066788506230855,0.39861556222213707,0.0431831221060531
exact,0.1,3,11,0.23131382870186107,1.9327682599631353,0.3356482401780697,0.21040141346858612,0.4150547445134105,0.038895601839933715
exact,0.1,3,12,0.02981870152867469,1.93081285486446,0.3339641513514777,0.21298879758649014,0.41549802912247064,0.037549021939561604
exact,0.1,3,13,0.4070374553968027,1.8936574411396419,0.37338008739473366,0.1772634629366419,0.41435729608244654,0.0349991535861779
exact,0.1,3,14,0.07602251711585623,1.8905874894908514,0.38417202475882495,0.17352164077949442,0.40826157025405974,0.03404476420762092
exact,0.1,3,15,0.4543376891902111,1.8978489724401835,0.38828729685013486,0.1663553052540204,0.40697121411615345,0.038386183779691226
exact,0.1,3,16,0.6560171454873291,1.8804281113785526,0.303397827256687,0.1687237645791508,0.48381457979530956,0.044063828368852476
exact,0.1,3,17,0.29581833570886834,1.8682392184291314,0.29534470110256583,0.18810944628297946,0.4824711417826024,0.034074710831852296
exact,0.1,3,18,0.10697867787044836,1.871584154011839,0.29185117380960174,0.18595145047742279,0.48582350321564843,0.03637387249732706
exact,0.1,3,19,0.12835059682049876,1.8714653467779014,0.2834832154550149,0.194520814106659,0.48782960555142973,0.03416636488689634
exact,0.1,3,20,0.03037185952778182,1.8717032631813262,0.28571931909775683,0.193373268146399,0.4865323801443674,0.03437503261147689
exact,0.1,3,21,0.015962720726580462,1.8700545498587744,0.28400132396439615,0.1931327734396908,0.48864884469329595,0.03421705790261725
exact,0.1,3,22,0.32587802176383013,1.8619890974934923,0.29244262707130775,0.1783226751337574,0.4928180175754936,0.03641668021944128
exact,0.1,3,23,0.5825177317425566,1.8411754891936503,0.23113918070046263,0.14358249435835765,0.573261419632394,0.05201690530878572
exact,0.1,3,24,0.16322740596080362,1.8294655924723493,0.2083747030972562,0.14096761299958935,0.598027617614737,0.052630066288417494
exact,0.1,3,25,0.7049603296494421,1.7569865081674318,0.24754455281588883,0.07328883983617361,0.6271609497713057,0.052005657576631795
exact,0.1,3,26,0.6554538402093497,1.7890894832146473,0.2333014674531847,0.06415147574856464,0.6356452537619014,0.06690180303634922
exact,0.1,3,27,0.11865317201197187,1.7841897305765633,0.23130322279859203,0.06410777660580755,0.6388493615930516,0.0657396390025489
exact,0.1,3,28,0.5914522542318006,1.7496188556390189,0.27676049765059685,0.07078896479234963,0.6055951028015538,0.04685543475549976
exact,0.1,3,29,0.4544303252157508,1.715812808737746,0.24339146669711986,0.06858788151610003,0.6458125274313409,0.04220812435543934
exact,0.1,3,30,0.051198715286581424,1.7133540978431525,0.2529454799747033,0.06653237826768753,0.639533191971753,0.04098894978585627
exact,0.1,3,31,0.06491500099286891,1.7134020695322347,0.2572258026888611,0.06369839527533294,0.6375599476636253,0.04151585437218063
exact,0.1,3,32,0.009966327877944936,1.7131953409309177,0.25640100434307755,0.06407067851330958,0.6381055799643585,0.04142273717925442
exact,0.1,3,33,0.09039152122828506,1.7173360849866979,0.24707519716884419,0.06666172274049528,0.6433597869169895,0.042903293173671
exact,0.1,3,34,0.6025930158760985,1.745360213521427,0.2606704377255462,0.0895959574339826,0.6091918974368729,0.040541707403598325
exact,0.1,3,35,0.34635003781114876,1.7139563001796982,0.24723573019914483,0.081674078913929,0.6349705180740228,0.03611967281290337
exact,0.1,3,36,0.12829323697860698,1.7143404427589393,0.25712817777507774,0.08375470921619718,0.6250128670352347,0.03410424597349038
exact,0.1,3,37,0.43258724199958143,1.6967889005807395,0.2799844014192333,0.10304114007349086,0.5985529130607321,0.01842154544654377
exact,0.1,3,38,0.25935484655266444,1.7034265102928385,0.27135776811123297,0.08624125748213753,0.6143924333929751,0.028008541013654423
exact,0.1,3,39,0.2707115741314434,1.6956259107448124,0.24144467584788304,0.07445533011348328,0.649846416313194,0.03425357772543979
exact,0.1,3,40,0.46572763195918315,1.6804074963966038,0.2389285672907865,0.06016000881153003,0.6653324875088052,0.035578936388878206
exact,0.1,3,41,0.31720783728379237,1.6698038040883714,0.2359818883993715,0.06716787978254313,0.6666987999080489,0.030151431910036497
exact,0.1,3,42,0.4640578290364036,1.641623290853306,0.25132018200951606,0.05447693994228213,0.6695647934841519,0.024638084564050085
exact,0.1,3,43,0.2896650289963859,1.6332240804350966,0.2539784810777434,0.04337044924368507,0.6765939462533304,0.026057123425241184
exact,0.1,3,44,0.3995335340579383,1.6127720215078911,0.18920310718491398,0.053958042245858914,0.73226902062129,0.02456982994793718
exact,0.1,3,45,0.10167760147550098,1.6133241356146155,0.1778128593190682,0.05570170184787,0.7409158395829418,0.025569599250119958
exact,0.1,3,46,0.55700010843269,1.5749730463336902,0.13010380856740453,0.041556524169619476,0.8024555243356329,0.025884142927343135
exact,0.1,3,47,0.06635976214925092,1.5738227501800357,0.13169671799748978,0.03903210808554407,0.8029710314024897,0.02630014251447642
exact,0.1,3,48,0.490019480263701,1.5874359305900032,0.14659832098814846,0.02298108897235681,0.7959054523273321,0.03451513771216268
exact,0.1,3,49,0.40879603059354724,1.5604085455737842,0.14954945022171706,0.04089941217654277,0.7902690357581017,0.019282101843638443
exact,0.1,3,50,0.03155847439430655,1.5600837220032067,0.15015637452006586,0.03902167296187679,0.7909978547273453,0.01982409779071195
exact,0.1,3,51,0.018081011113210324,1.5600850216230506,0.1493233658076346,0.03941396462219331,0.7914791010212322,0.01978356854893981
exact,0.1,3,52,0.11166467827867632,1.5573764750910712,0.14531986281029577,0.036995946907105524,0.7972552291798732,0.020428961102725487
exact,0.1,3,53,0.6126489431049499,1.4929854381381666,0.07403241125787932,0.03515341737240595,0.8795207767597638,0.011293394609950935
exact,0.1,3,54,0.18591509069941628,1.4866645461479913,0.08842839568443543,0.03446704065864776,0.8692776454841116,0.007826918172805218
exact,0.1,3,55,0.17780409086445909,1.4833224825845186,0.08204080379469383,0.03337681703407886,0.8765075507193156,0.008074828451911598
exact,0.1,3,56,0.1888291486158229,1.482863048082717,0.07947868153430353,0.03682122521557651,0.8767452342998842,0.00695485895023588
exact,0.1,3,57,0.2281402099677229,1.493696760175302,0.08713467970757936,0.0360786704865219,0.8673225661126776,0.009464083693221317
exact,0.1,3,58,0.15511679989254892,1.4907778429668184,0.1037563186623434,0.03855256654112065,0.852183611437972,0.005507503358563848
exact,0.1,3,59,0.03195061722607573,1.4910595741665644,0.10147493265364527,0.03760964631773139,0.8546693877258601,0.006246033302763237
exact,0.1,3,60,0.05750382115249047,1.491048648945122,0.09903634356536438,0.03884778678298749,0.856030226769111,0.006085642882537221
exact,0.1,3,61,0.18656980879271481,1.5014716812079887,0.0970523805867298,0.03517325905754829,0.8569402080291568,0.010834152326565106
exact,0.1,3,62,0.3734278592785536,1.4930189466331343,0.09010980836752629,0.03226471155429189,0.8672913447625846,0.010334135315597185
exact,0.1,3,63,0.18508436278182192,1.4986988490845439,0.09121682911733718,0.03493807131317721,0.862989548210659,0.010855551358826683
exact,0.1,3,64,0.010635747580338042,1.4986193153782854,0.09152692119004106,0.03468423581102497,0.8629000652632899,0.010888777735644123
exact,0.1,3,65,0.017058726026259727,1.4984550213466292,0.09296204905577478,0.03437061894506605,0.8618928962434262,0.010774435755732963
exact,0.1,3,66,0.018950473357847386,1.4979330083155875,0.09183202866639509,0.03473266672879056,0.8628078557648976,0.010627448839916835
exact,0.1,3,67,0.43360633739422005,1.534526135336072,0.08343416505431042,0.012823967216109228,0.8728318393422891,0.030910028387291136
exact,0.1,3,68,0.17651010012308183,1.5340656233867302,0.07460960490152684,0.007119791246018245,0.8841894160615869,0.03408118779086807
exact,0.1,3,69,0.1766598281875427,1.5358838068676108,0.07787366477083595,0.00983755434977184,0.8791231190291653,0.03316566185022698
exact,0.1,3,70,0.24197886624516957,1.534374166743129,0.0654539865197213,0.008572626867211932,0.8911782907127563,0.034795095900310505
exact,0.1,3,71,0.16614505642159014,1.5258837298935986,0.0589296240035853,0.011003183458002726,0.8978784881267048,0.03218870441170716
exact,0.1,3,72,0.07647219495927625,1.5267661716745247,0.06375421315871242,0.010073910050474366,0.8939860878552499,0.03218578893556319
exact,0.1,3,73,0.11016242398929417,1.5198155512098077,0.0674180796367019,0.012278269107172729,0.8914880826064119,0.0288155686497134
exact,0.1,3,74,0.02721966024269061,1.5197239258800668,0.06741358552861057,0.012242836326884686,0.8915411093263337,0.028802468818171126
exact,0.1,3,75,0.19581765614130725,1.5240343056106511,0.05663559265010603,0.015231680726045372,0.8978084568697776,0.030324269754071008
exact,0.1,3,76,0.7024750110349106,1.4967958455281427,0.04904513351791914,0.024304676615366713,0.9068880592408815,0.01976213062583264
exact,0.1,3,77,0.17101085523647108,1.5011243246530954,0.05031631115930245,0.025769469100822392,0.9035886941651258,0.020325525574749537
exact,0.1,3,78,0.02867957568453234,1.5014393523922922,0.050883050921223735,0.026517849546341635,0.9025377178796525,0.020061381652782217
exact,0.1,3,79,0.042534883682627415,1.5026343277554106,0.052936889734820754,0.026010763302846275,0.9007062065285709,0.0203461404337621
exact,0.1,3,80,0.13998021783844555,1.4983040145432662,0.05706043821769624,0.01946199269250061,0.9024493564515803,0.021028212638222913
exact,0.1,3,81,0.20334081606177098,1.5127098199633338,0.073066836777025,0.024912724462584974,0.8808502731150397,0.021170165645350382
exact,0.1,3,82,0.3450698792068285,1.495575932848162,0.08916395210269483,0.019961686741564233,0.8749695173981332,0.015904843757607732
exact,0.1,3,83,0.0999520144760633,1.4914229794864926,0.08644057203534497,0.017969463550687657,0.8798064795570405,0.015783484856926974
exact,0.1,3,84,0.4279600221466888,1.4775752551470445,0.10813552129992365,0.025155551098447644,0.8605709145467589,0.0061380130548698494
exact,0.1,3,85,0.2550877133496882,1.4761095327693272,0.1359886743341177,0.017808848207503676,0.841309287617641,0.0048931898407375985
exact,0.1,3,86,0.061554179118822105,1.4746770205161164,0.12958380141312942,0.017057622039464603,0.8477712292754533,0.0055873472719525094
exact,0.1,3,87,0.03934675767307172,1.4745854923349608,0.13052000440050743,0.01704448306267385,0.8469918622652307,0.0054436502715880224
exact,0.1,3,88,0.1636561617859026,1.4823488661209567,0.132124081739045,0.014853212454273543,0.844650570113002,0.00837213569367948
exact,0.1,3,89,0.36866498221366606,1.463324849269293,0.10899594742316775,0.01064001756429425,0.87302910815548,0.007334926857058163
exact,0.1,3,90,0.14774248901817444,1.464014351815171,0.09991027770188274,0.010927625430615037,0.8805593434134531,0.00860275345404914
exact,0.1,3,91,0.24563679410982092,1.4650647685523601,0.11388871024905983,0.0092895860099249,0.8690887918862773,0.007732911854737959
exact,0.1,3,92,0.09261046837454245,1.4627854224225398,0.1187082200283315,0.007536908902943503,0.8666535266581243,0.0071013444106006705
exact,0.1,3,93,0.03730184989999784,1.4646597590058934,0.1219933522233611,0.006608262881159147,0.8638128084653277,0.0075855764301519454
exact,0.1,3,94,0.12579624359725708,1.464383351486533,0.11830753663438004,0.0052319577520958385,0.8679552565389803,0.008505249074543654
exact,0.1,3,95,0.11926756713639099,1.4597844529254411,0.10713584420928852,0.005675814976431878,0.8787717830213218,0.008416557792957776
exact,0.1,3,96,0.0997430680305119,1.4549564977942517,0.09855770610781206,0.006613267711681477,0.8870948220783651,0.007734204102141464
exact,0.1,3,97,0.207948486764117,1.4579947181699382,0.10632578054229616,0.013494044064765945,0.8751684597684878,0.005011715624450109
exact,0.1,3,98,0.35948780340446357,1.4530288158653357,0.08507724340400798,0.005055744343896456,0.90037671907317,0.009490293178925574
exact,0.1,3,99,0.08503996946861743,1.453726786547864,0.0851362300806998,0.0050896979026187695,0.9000972391065213,0.009676832910160242
exact,0.1,3,100,0.11785594193561262,1.456235031781658,0.08237918653267509,0.006458014735427311,0.9009086178120499,0.010254180919847703
exact,0.1,3,101,0.027204759449898655,1.45617567723604,0.08181266558806462,0.005883488431209684,0.9017757839204541,0.010528062060271483
exact,0.1,3,102,0.05437560386433998,1.4534976565439495,0.0826678419173543,0.0057838847125474754,0.9018865526971475,0.009661720672950774
exact,0.1,3,103,0.03249770923732953,1.4542098916913195,0.08565369315941361,0.005956749762788012,0.8989660170423491,0.009423540035449256
exact,0.1,3,104,0.3523854684323286,1.4630605221180364,0.08595456728702423,0.022791004929705646,0.8856568709046603,0.005597556878609863
exact,0.1,3,105,0.008757129918488538,1.4632159477084377,0.08634254702449336,0.022941822781324353,0.8851793955925421,0.005536234601640252
exact,0.1,3,106,0.2491573544563257,1.454046828399252,0.08036594500547202,0.018078675733995235,0.8961171511284087,0.005438228132124091
exact,0.1,3,107,0.12977338080104872,1.452248449893465,0.07409087834084281,0.019960123413494707,0.9009551556969567,0.004993842548705815
exact,0.1,3,108,0.2914084109519617,1.4446317551917338,0.06869247533121757,0.013778678293843922,0.9117483822370929,0.0057804641378456905
exact,0.1,3,109,0.08537474443870989,1.4437776825745126,0.06972929773263636,0.017389396785368733,0.9088620316309891,0.004019273851005656
exact,0.1,3,110,0.016011639445107514,1.4439176988377693,0.07052891105305549,0.017031859598538278,0.9083447494280353,0.004094479920370968
exact,0.1,3,111,0.019403187712373066,1.4442531347110172,0.07187829327710064,0.01692519867708398,0.9071348921265555,0.0040616159192599826
exact,0.1,3,112,0.07466748964568133,1.44396497787377,0.07265775735439951,0.017427291726948377,0.9062300114373957,0.003684939481256506
exact,0.1,3,113,0.00740806077373686,1.4441209128353372,0.07259972708423716,0.0178597161917628,0.9059666047842048,0.003573951939795348
exact,0.1,3,114,0.22158625946776062,1.448750195189325,0.0809580446930098,0.013984063279149476,0.8997073114944234,0.0053505805334172684
exact,0.1,3,115,0.15226128376654915,1.4517892459260753,0.0893724740167553,0.01368407114472428,0.8916589762031333,0.005284478635387162
exact,0.1,3,116,0.13427443079424578,1.446316090690388,0.0754816180901139,0.016026154382777116,0.9039383851967407,0.0045538423303682195
exact,0.1,3,117,0.08775705842124637,1.4459903932563174,0.07748531177307641,0.017479485013731318,0.9013887171336041,0.0036464860795881932
exact,0.1,3,118,0.014264846237850085,1.4461968250141644,0.07718363875963614,0.017707205716221936,0.9014494368133045,0.0036597187108375227
exact,0.1,3,119,0.19115844268043852,1.4443125574550955,0.08909818771226445,0.01128768298302114,0.8955994137396233,0.004014715565091098
exact,0.1,3,120,0.2296734111414825,1.437130086616984,0.08679790101453676,0.010337996344373438,0.9003226524386481,0.0025414502024417693
exact,0.1,3,121,0.1186617458588763,1.4398889735746085,0.08583986378356293,0.010147422386100207,0.9004570747496996,0.0035556390806372436
exact,0.1,3,122,0.2682530891337613,1.4410319430635454,0.07186633028414073,0.00958740618215751,0.9126449388153872,0.005901324718314573
exact,0.1,3,123,0.19713125878555246,1.4339736031343733,0.05931985905156633,0.011102743512172369,0.9247415870212496,0.004835810415011582
exact,0.1,3,124,0.10479406184562273,1.431375138509249,0.05700788189291976,0.00903974409151249,0.9288072423313369,0.005145131684230819
exact,0.1,3,125,0.18839482487554193,1.4272969898274157,0.06553472306398736,0.010924461577558726,0.9214133340584836,0.0021274812999703386
exact,0.1,3,126,0.05424557541513303,1.428198965535018,0.06490283590053234,0.011110087334370541,0.9215817260125674,0.0024053507525295986
exact,0.1,3,127,0.033925450828342765,1.4280301969828229,0.0636819721420164,0.010513010932372904,0.9230663148758471,0.002738702049763648
exact,0.1,3,128,0.17749518338901885,1.4356095770008475,0.0659581346990229,0.012548784547419608,0.9175713091725904,0.003921771580967107
exact,0.1,3,129,0.07653729582797192,1.433902473990752,0.06360229260343937,0.011426778637655934,0.9208271621910032,0.004143766567901331
exact,0.1,3,130,0.05294522089739573,1.4339625484304335,0.06268503773281,0.01244744227279671,0.9209770950067299,0.0038904249876634818
exact,0.1,3,131,0.15861891152833985,1.4291736075948287,0.06397519036550846,0.01170289097033668,0.9217342916369496,0.002587627027205328
exact,0.1,3,132,0.10648746100807911,1.4271613284618452,0.06184125978614422,0.010748873239832632,0.9247834018010191,0.002626465173004011
exact,0.1,3,133,0.04021620924202196,1.4277864031649288,0.06171380546592389,0.011927766271669957,0.9239788558033069,0.0023795724590991796
exact,0.1,3,134,0.10524504290215851,1.4299367668624934,0.059908181559583426,0.012678515447283833,0.9244504631970346,0.0029628397960982378
exact,0.1,3,135,0.0678152421941045,1.4289471720466411,0.05792956638444485,0.013272739534821477,0.9261018436162457,0.0026958504644880353
exact,0.1,3,136,0.10828739881829359,1.4301254368548244,0.05680101079557837,0.012786983880725963,0.9270373902584259,0.0033746150652698564
exact,0.1,3,137,0.1257861959923901,1.425747088534252,0.04758010338764076,0.010596221023059998,0.9377382305965831,0.004085444992716122
exact,0.1,3,138,0.10364284530326881,1.424290698341652,0.04359468591994182,0.00884697056035398,0.9427319622900286,0.004826381229675618
exact,0.1,3,139,0.09200616867194603,1.423972008675938,0.04752905604028675,0.009580437804165018,0.9389389968382529,0.0039515093172954
exact,0.1,3,140,0.20034937717843262,1.418702415400479,0.0438259985118496,0.012158335253509813,0.9421373702068269,0.0018782960278137407
exact,0.1,3,141,0.06336539871341508,1.4176774447160216,0.045594724104185046,0.010960228381012087,0.9416404985051638,0.0018045490096390468
exact,0.1,3,142,0.01296989830234812,1.4176161392590727,0.04635204260684213,0.010965387196004072,0.9409946708381778,0.001687899358976119
exact,0.1,3,143,0.035343872263999675,1.4188204076733801,0.04731553916187548,0.012027318828865732,0.9391385753970884,0.001518566612170392
exact,0.1,3,144,0.060086313177002686,1.4181536766198768,0.044582006833131196,0.012230581197806043,0.9415957962596886,0.0015916157093742323
exact,0.1,3,145,0.03249704530046316,1.4181055387801136,0.04481722747674386,0.012558099244612929,0.9412019238611802,0.0014227494174630711
exact,0.1,3,146,0.010198175536158129,1.4178577101278795,0.044715062610409466,0.012256953009788752,0.9415512114360607,0.0014767729437412081
exact,0.1,3,147,0.29360777795619697,1.4383488800922832,0.05052303455036399,0.010995093271453123,0.9311832129290132,0.0072986592491697914
exact,0.1,3,148,0.10618712775363924,1.4352610225463054,0.04914905787822165,0.012098877003914654,0.9326145785403775,0.006137486577486144
exact,0.1,3,149,0.0563408178516054,1.4354369666172389,0.05243967718345256,0.011206279288531882,0.9302445589891337,0.006109484538881866
exact,0.1,3,150,0.1719650443899996,1.4376511912566203,0.057363015573113116,0.010381779819730897,0.9258035584083928,0.0064516461987631545
exact,0.1,3,151,0.24434740472297972,1.4376911242439048,0.053246600851275167,0.010229804039858015,0.9294765425390994,0.007047052569767437
exact,0.1,3,152,0.23278364823230982,1.4384122706632132,0.05906085505180251,0.011104560819999623,0.9236491270536114,0.006185457074586468
exact,0.1,3,153,0.1672174921417355,1.4381782292169818,0.06490030864415525,0.009447158812767996,0.919652540210049,0.005999992333027731
exact,0.1,3,154,0.19238242976985281,1.4323231650916044,0.05454011957887406,0.010083204075855114,0.9300321059158052,0.005344570429465622
exact,0.1,3,155,0.07690506173667089,1.4298349751035868,0.05274301892808446,0.009374784754262821,0.9327771664126172,0.005105029905035585
exact,0.1,3,156,0.08855763635527561,1.4313852285619806,0.052722956523736084,0.00875636808207545,0.9327176724101882,0.005803002984000317
exact,0.1,3,157,0.09740860237428443,1.4306760419966045,0.049939334921430344,0.007641780836752135,0.93604722405041,0.006371660191407571
exact,0.1,3,158,0.004098662115706392,1.4306766670062603,0.05009323072957517,0.007624086422896555,0.9359237317561571,0.006358951091371173
exact,0.1,3,159,0.06690094454549575,1.4308732753218132,0.04719241149411042,0.007204693654448722,0.9386562210794366,0.006946673772004295
exact,0.1,3,160,0.12440026371113684,1.4347173333414427,0.04745492303002118,0.00911581668752906,0.9361020996340521,0.007327160648397663
exact,0.1,3,161,0.2958168773090897,1.425432296321926,0.052864700795255216,0.009659216488432798,0.9338015543538857,0.003674528362426383
exact,0.1,3,162,0.14851054440060432,1.4329759387452783,0.04993064939770574,0.011436285692145429,0.9330213638165877,0.005611701093561139
exact,0.1,3,163,0.08553431291469255,1.4370952166383313,0.05569336714424199,0.011929897667026216,0.9264659490486808,0.0059107861400509954
exact,0.1,3,164,0.3223588527797741,1.434402724184797,0.05853605122469378,0.012651769167360107,0.924338403848906,0.004473775759040215
exact,0.1,3,165,0.07778741986689483,1.4373472991458547,0.057462552710691096,0.014586329646273658,0.9232026567748126,0.004748460868222616
exact,0.1,3,166,0.1281167152587022,1.4389476186215349,0.0568257947233306,0.016766741547490804,0.9219327421503128,0.004474721578865711
exact,0.1,3,167,0.17447346696230775,1.4336459347718469,0.04695291856007743,0.016896938439251493,0.9320378886895354,0.004112254311135551
exact,0.1,3,168,0.040266532572573316,1.4339235680421023,0.04721540940105396,0.01792304600012499,0.9310909295836447,0.003770615015176418
exact,0.1,3,169,0.06995096996284664,1.4327815811018398,0.04531530190806201,0.017851081035229432,0.9331322427923667,0.0037013742643418356
exact,0.1,3,170,0.247542644058213,1.4269877994830866,0.03627683107718976,0.016602948453554624,0.9435124503753618,0.0036077700938937788
exact,0.1,3,171,0.1635723063559499,1.4378474514887483,0.038319963891277786,0.011751471292701326,0.9415113838181746,0.008417180997846276
exact,0.1,3,172,0.14040992720707626,1.4349599212012063,0.041558990597202077,0.012717583442962345,0.9389432862543854,0.006780139705450213
exact,0.1,3,173,0.11376246892532205,1.4391697566870407,0.04300417305229273,0.014951178971852063,0.9350489816777656,0.006995666298089576
exact,0.1,3,174,0.24273164833421726,1.43019553152282,0.03313946394829523,0.010518417525048347,0.9490684233357216,0.00727369519093476
exact,0.1,3,175,0.008749224985552528,1.4302387812547026,0.033103268195626916,0.010558254898555554,0.9490624935517993,0.007275983354018321
exact,0.1,3,176,0.17555094828323456,1.4285610569051164,0.03679239392403071,0.01091441420148771,0.9461198132448618,0.0061733786296198105
exact,0.1,3,177,0.09981205972979272,1.4296430729229317,0.03446573461599604,0.015302778037658723,0.945110404752497,0.005121082593848349
exact,0.1,3,178,0.11087320638930472,1.4255450515501076,0.034533915120414996,0.013184787547617344,0.947579676856869,0.0047016204750986446
exact,0.1,3,179,0.2686932741508663,1.4397600492988962,0.028399822708864878,0.021398699935574986,0.9436254779303163,0.006575999425243949
exact,0.1,3,180,0.13121504237610893,1.4380260214784863,0.029496108109862113,0.024693349428311848,0.9411425929313151,0.00466794953051094
exact,0.1,3,181,0.005098653045549281,1.4381279614777187,0.029735625601336895,0.024794175906766407,0.9408408257709798,0.004629372720916857
exact,0.1,3,182,0.11835874038493355,1.4371184527626102,0.02834613179578039,0.025364233398321404,0.9420002439290772,0.004289390876821104
exact,0.1,3,183,0.06198157420476395,1.4357700463941878,0.03148691834475639,0.023227152173778933,0.9409827502966758,0.004303179184788913
exact,0.1,3,184,0.03034878386213527,1.4356775981682717,0.03047720995961919,0.023794047343070227,0.9415403644776771,0.004188378219633526
exact,0.1,3,185,0.15683424145112232,1.4323815406670115,0.0251938456458393,0.020294281368159774,0.9492986777385144,0.005213195247486487
exact,0.1,3,186,0.09430916656463846,1.4319571183524553,0.025628059105872947,0.020615995322684287,0.948846306773313,0.004909638798129575
exact,0.1,3,187,0.049623356482983286,1.4328282309608538,0.024255714405070693,0.022273850120026938,0.9487587565492033,0.004711678925699147
exact,0.1,3,188,0.06200918540564508,1.4317976323221746,0.020788108586210188,0.021412498572444358,0.9526257783410654,0.005173614500280076
exact,0.1,3,189,0.2528884805822311,1.4355162407044053,0.016359212248168997,0.0207903479572115,0.955774397270681,0.007076042523938444
exact,0.1,3,190,0.016204258991197304,1.435478188637314,0.01604886502019206,0.02105578992364661,0.9558922417645119,0.007003103291649429
exact,0.1,3,191,0.26401245114147187,1.432017026868725,0.01874085977628324,0.029496729977527184,0.9493404719872202,0.002421938258969478
exact,0.1,3,192,0.04982121606527196,1.429720656744266,0.01825341277968039,0.02899109971647128,0.9507610089550552,0.0019944785487931178
exact,0.1,3,193,0.14231426623988952,1.4287759832843263,0.021275660962475143,0.027090684176010744,0.9495798361746096,0.00205381868690448
exact,0.1,3,194,0.011430123644178336,1.429065819333331,0.021423242197001344,0.02701416320488087,0.9494123349941415,0.002150259603976265
exact,0.1,3,195,0.062270399500720885,1.4305728071421242,0.02079617520199325,0.028117022546863626,0.9488293135832649,0.00225748866787825
exact,0.1,3,196,0.03295314169528745,1.429741728185803,0.020497937163977784,0.02767597326044678,0.9496096076960496,0.0022164818795258026
exact,0.1,3,197,0.006142802161346793,1.429766782800441,0.02051947920080811,0.027719355531516575,0.949556491310563,0.002204673957112274
exact,0.1,3,198,0.05693884914693845,1.431091996941971,0.020899199827339236,0.02879622223001609,0.9481645602174528,0.00214001772519183
exact,0.1,3,199,0.11757288266183494,1.4317981300250369,0.019444889350374247,0.03179814462053136,0.947365467052105,0.0013914989769894357
exact,0.1,3,200,0.063843179173438,1.4314801972607352,0.0201468884930476,0.03160402987553031,0.9469671849489041,0.0012818966825180092
exact,0.1,3,201,0.13282318911710453,1.426981934711051,0.016197068113363147,0.030899792501974974,0.9521874736749368,0.0007156657097250603
exact,0.1,3,202,0.16546130162280448,1.4279404016480852,0.01656291570299585,0.02968511459082084,0.9523357714905895,0.001416198215593896
exact,0.1,3,203,0.12070811004516008,1.4292124289218116,0.015035475303674255,0.026953999356993066,0.9549835312926896,0.0030269940466429264
exact,0.1,3,204,0.07736159320941272,1.427720822633179,0.016841216392195206,0.021856933077304873,0.9570071800129687,0.004294670517531226
exact,0.1,3,205,0.19855230414621425,1.4274863258974675,0.017243940208539983,0.02163655217586379,0.9568616711233663,0.004257836492230008
exact,0.1,3,206,0.33121543435578826,1.4349972153146704,0.028190223095374393,0.019759835505984123,0.9462375111216673,0.005812430276974191
exact,0.1,3,207,0.007330926301422042,1.4349632398452092,0.028178300198728034,0.019729239990745825,0.9462769583806154,0.005815501429910752
exact,0.1,3,208,0.16670125976721886,1.4428586070474774,0.026789245025447994,0.019057000464510754,0.9455622151152887,0.0085915393947525
exact,0.1,3,209,0.09515808077813034,1.4403268250020955,0.02842682732330228,0.022321941121774474,0.9428617784646335,0.006389453090289671
exact,0.1,3,210,0.21475998637945873,1.4467516728932641,0.021224820617309934,0.02722622063526138,0.9442038904090484,0.007345068338380141
exact,0.1,3,211,0.06274536309404964,1.4457956095968338,0.023531117397312232,0.02777953702458454,0.9421316498079737,0.00655769577012957
exact,0.1,3,212,0.2867699589749284,1.4417788532751246,0.01557630396420146,0.022855761019135053,0.953319147745092,0.008248787271571497
exact,0.1,3,213,0.058984201356412816,1.4401935715461074,0.017188996541083013,0.022714154231899354,0.952469319436108,0.007627529790909615
exact,0.1,3,214,0.023129731283049237,1.440593868328958,0.0170676916454154,0.022391049185677712,0.9526565687460784,0.007884690422828427
exact,0.1,3,215,0.13863758284483046,1.438467857742656,0.01373918559843371,0.023495502222930276,0.9555100459116823,0.007255266266953806
exact,0.1,3,216,0.10366015964690584,1.438281850442827,0.015647586945583523,0.02101765524807765,0.9554338910112922,0.007900866795046682
exact,0.1,3,217,0.00727296676329664,1.43844880343942,0.01572468423235425,0.021069673892335557,0.9552847714638355,0.007920870411474734
exact,0.1,3,218,0.17995555755281492,1.429063177344694,0.017008268484473038,0.021962115713136485,0.956397580486473,0.004632035315917341
exact,0.1,3,219,0.13476338918900055,1.427096411284041,0.014217914700049855,0.02131330674295682,0.9598202434472436,0.004648535109749746
exact,0.1,3,220,0.12934610133287094,1.4256494318731798,0.014589834246401426,0.02228241970474933,0.959324656423306,0.003803089625543223
exact,0.1,3,221,0.10815087593832826,1.4241970551253522,0.015107944207605473,0.01857337983502937,0.9616015531888972,0.004717122768468078
exact,0.1,3,222,0.0228066522688124,1.4243333700823657,0.014771992533344578,0.01891613153832939,0.9616420895162279,0.004669786412098117
exact,0.1,3,223,0.11776126003681138,1.4210818298587706,0.014765803728020119,0.015981714821010063,0.9644313654203838,0.00482111603058602
exact,0.1,3,224,0.12186727958585286,1.4216965315680343,0.016532641690776607,0.013518493784827874,0.9642322882209724,0.005716576303423167
exact,0.1,3,225,0.09026180751676115,1.4215190098651356,0.017951197286657165,0.013021775692916748,0.9633539889576628,0.0056730380627633
exact,0.1,3,226,0.2865307042131737,1.4379850639915128,0.02207941844979687,0.013895169953885992,0.9543190402271727,0.009706371369144479
exact,0.1,3,227,0.33120757169172543,1.460140824248962,0.023181902016454096,0.018998419435065333,0.943617760096217,0.014201918452263554
exact,0.1,3,228,0.28906993575735024,1.4467880140270823,0.02389805877866414,0.023845061887063895,0.9439536621304431,0.008303217203828851
exact,0.1,3,229,0.27903157764703485,1.4458740279728493,0.019730540301158034,0.018674980455482812,0.9510662550033582,0.010528224240000996
exact,0.1,3,230,0.00200267018861687,1.4459116806981855,0.019733598609252143,0.018712979381390958,0.9510288640634188,0.010524557945938103
exact,0.1,3,231,0.13405939800514569,1.4424760722288343,0.016575846017322256,0.015289500337351684,0.9569273815015297,0.011207272143796439
exact,0.1,3,232,0.21505125271382036,1.4381407753361648,0.02063930450687114,0.015724538025346374,0.954396659170708,0.009239498297074558
exact,0.1,3,233,0.25196500528818433,1.435233137451684,0.021951404445300658,0.016718646881923416,0.9534982661922842,0.007831682480491785
exact,0.1,3,234,0.0520780227134214,1.4360170165177961,0.021180111347810913,0.016634253511490754,0.9539912748739932,0.008194360266705263
exact,0.1,3,235,0.14473366330160523,1.4310658562106382,0.029113447042877945,0.01490593450232696,0.9496058533692643,0.006374765085530769
exact,0.1,3,236,0.015846543749908903,1.431200725857748,0.029497438693868692,0.014631902299099001,0.9494003958007495,0.006470263206282807
exact,0.1,3,237,0.08934233976106855,1.431889422879597,0.026635132760339863,0.013890092269068482,0.9521543422331604,0.007320432737431221
exact,0.1,3,238,0.11608874228287297,1.4351341309914563,0.02362599710022755,0.01874592980412225,0.9508095313065645,0.0068185417890857655
exact,0.1,3,239,0.03580102645564402,1.4365566647866421,0.024621244991253864,0.019646148111258987,0.948960619008208,0.006771987889279114
exact,0.1,3,240,0.42202777697421934,1.460395337664591,0.030806599618741555,0.030123452635816877,0.9299967141764413,0.009073233569000331
exact,0.1,3,241,0.04903939056354409,1.4609975951322038,0.030689150370796413,0.029152852420537983,0.930521484979349,0.009636512229316755
exact,0.1,3,242,0.05104326537170432,1.4604088009695873,0.029457727273107706,0.031228205165703616,0.9304858195158603,0.008828248045328316
exact,0.1,3,243,0.03246418946458718,1.4602497780179495,0.029718940300523872,0.03166697405817787,0.9300333738415243,0.008580711799773844
exact,0.1,3,244,0.038530001374909015,1.4592422861766985,0.029027634883922047,0.0315973452651325,0.9309787980102702,0.00839622184067527
exact,0.1,3,245,0.2603986735059633,1.4752374759182072,0.023875802576203736,0.03022569579414727,0.9315776394210802,0.0143208622085688
exact,0.1,3,246,0.12200891653382229,1.4721324179650388,0.029418937161946993,0.02719081301333342,0.9295406007469177,0.013849649077801921
exact,0.1,3,247,0.07754105533577277,1.4722076842247591,0.02586315019424817,0.028348244731666503,0.9319048160172874,0.013883789056797982
exact,0.1,3,248,0.010233876099580166,1.4725396725908269,0.02632014274423067,0.02865435203103773,0.9312178777055294,0.013807627519202195
exact,0.1,3,249,0.07820672640862113,1.4739332229953614,0.026682047273290616,0.03003301686679246,0.9296347499612703,0.013650185898646533
exact,0.1,3,250,0.16734513415795144,1.4752325034984108,0.022979466642294066,0.028397327171342086,0.9334937221487666,0.015129484037597285
exact,0.1,3,251,0.2752102511685297,1.4660890349242854,0.029719903944528513,0.03389211762699686,0.9269219445869943,0.009466033841480473
exact,0.1,3,252,0.03154331187655864,1.4684473569324359,0.030700429812322492,0.03577772218131858,0.9241991013208131,0.009322746685545787
exact,0.1,3,253,0.0569305813629173,1.4686955816530631,0.02757570080070993,0.03520126881324482,0.9272091247109974,0.010013905675047965
exact,0.1,3,254,0.1272444941530788,1.4702403549501981,0.024767597414651604,0.03384466718889528,0.9300413548227398,0.011346380573713373
exact,0.1,3,255,0.2555566969994916,1.4691096888886095,0.02929970314588849,0.03177259799927685,0.9277045330509206,0.011223165803914126
exact,0.1,3,256,0.42019710033620694,1.4404009831906548,0.04233746097745059,0.01388579305109306,0.9359252860297096,0.007851459941746802
exact,0.1,3,257,0.017932626340055373,1.440767488543865,0.04297724281723733,0.0134952022319717,0.9355002123728589,0.008027342577932103
exact,0.1,3,258,0.017148175557556045,1.4404108294812112,0.04287172803840571,0.013057174434641609,0.9359694970332241,0.00810160049372861
exact,0.1,3,259,0.28589419796967175,1.4292299549842962,0.053509690860917655,0.011659320831958336,0.9308726843755358,0.003958303931588227
exact,0.1,3,260,0.05011362028271301,1.4299001916661203,0.0580154537481347,0.010667691254075455,0.9273576775329155,0.0039591774648742965
exact,0.1,3,261,0.08984982404830402,1.4284420174759693,0.05603685099716876,0.009143446734042564,0.930460543039284,0.004359159229504553
exact,0.1,3,262,0.04371914157127659,1.4280749856019443,0.05588468871469058,0.009910488806681023,0.9302270397827785,0.003977782695849802
exact,0.1,3,263,0.06684837041891249,1.4279467005813518,0.05647326863887384,0.009381330908056712,0.9300794972879937,0.004065903165075792
exact,0.1,3,264,0.23617987208750543,1.4237875201730672,0.048926797905554764,0.015513470229916686,0.9340987995829191,0.0014609322816095394
exact,0.1,3,265,0.03897964854922271,1.4240766989032732,0.05009093557487581,0.016034068595568773,0.9326748693610087,0.0012001264685466508
exact,0.1,3,266,0.2606689377802915,1.4403934213644505,0.03374324294549789,0.016998695887370952,0.9414991815058267,0.00775887966130454
exact,0.1,3,267,0.03486303704478394,1.4401038651368736,0.032694774343014585,0.01689570230699737,0.9425640413992771,0.007845481950710954
exact,0.1,3,268,0.0815526541582148,1.436481107905472,0.030221352834287982,0.01696505067508667,0.945755406605552,0.007058189885073405
exact,0.1,3,269,0.17696211685467952,1.435255795569199,0.03440578056786921,0.01450964784907076,0.9439879750888781,0.00709659649418197
exact,0.1,3,270,0.08554600672973117,1.436426212575446,0.030980491692106364,0.01323092282710505,0.9474226002141677,0.008365985266620956
exact,0.1,3,271,0.041402065679193134,1.4365349252168933,0.030761512649686906,0.013457240206570527,0.9474412494370891,0.008339997706653576
exact,0.1,3,272,0.03886504943255531,1.4357586876480255,0.031026658463280815,0.013771629390427259,0.9472454350844259,0.00795627706186601
exact,0.1,3,273,0.06932940512530923,1.4380726796032033,0.036540734346126966,0.01536067636960157,0.9407612572534629,0.00733733203080864
exact,0.1,3,274,0.12472540981148938,1.440195535092916,0.03419615746240631,0.0169273071497468,0.9412068489589032,0.0076696864289437
exact,0.1,3,275,0.04537370952680675,1.4406659288535335,0.03299335998972133,0.015990755049480644,0.9426972201752112,0.008318664785586887
exact,0.1,3,276,0.13409572891371724,1.4393407657373463,0.030307973576987408,0.020654899742698303,0.9425451104880402,0.006492016192273983
exact,0.1,3,277,0.06002000384455641,1.4393630926731558,0.027193493273567088,0.019368559934736903,0.9460539515551318,0.0073839952365642
exact,0.1,3,278,0.02150536036146633,1.438739165254797,0.02758562396457037,0.01898812898651183,0.9461325362216246,0.007293710827293209
exact,0.1,3,279,0.2517826005741348,1.4265697222802414,0.015997620772638485,0.015489665895249013,0.9620309516157242,0.0064817617163884615
exact,0.1,3,280,0.03111459412039963,1.4267919693086772,0.016407327147843324,0.01590162408538691,0.9613518744450165,0.006339174321753357
exact,0.1,3,281,0.09893937349483645,1.428975402249404,0.018028333902003407,0.015260822601019183,0.9596850799639981,0.007025763532979367
exact,0.1,3,282,0.11444426118975293,1.4325718683985806,0.016271627892868883,0.01659769528637797,0.959322899796646,0.00780777702410723
exact,0.1,3,283,0.06739727130155418,1.4321379553372913,0.01755639916556148,0.016047462180277267,0.9586707470408107,0.007725391613350596
exact,0.1,3,284,0.12614342998270564,1.4317169709430049,0.021594099845674276,0.014980409716964686,0.9559312178631068,0.00749427257425436
exact,0.1,3,285,0.1675210767052881,1.4361176474511768,0.028114992727042005,0.008986696345213692,0.9526456922826584,0.010252618645085818
exact,0.1,3,286,0.04695566543735574,1.4367866848973216,0.02782069142347184,0.009121371787892834,0.9526205464195013,0.01043739036913388
exact,0.1,3,287,0.04633681851619444,1.4369704706620843,0.03108157363183628,0.008664811736782385,0.9500022308557987,0.010251383775582653
exact,0.1,3,288,0.1510112091637445,1.4273908896759457,0.030310260594719106,0.008236356462486926,0.9537849773669197,0.007668405575874349
exact,0.1,3,289,0.151698710587534,1.432513524058139,0.026508268848936235,0.012659908073601012,0.9528421007709915,0.007989722306471199
exact,0.1,3,290,0.18571616969338686,1.4293605630062656,0.031919779815360025,0.015337032312462943,0.9473952922069508,0.00534789566522625
exact,0.1,3,291,0.09741033826002507,1.4277496221350459,0.029074206298495747,0.015914911830749147,0.9499994715833042,0.005011410287450946
exact,0.1,3,292,0.16244484065482118,1.4283645914450984,0.03297383477025228,0.016231954718681864,0.9462164630876438,0.0045777474234220275
exact,0.1,3,293,0.03986068871814049,1.4293444844692509,0.032738837249664275,0.016469330696590193,0.9459836262694518,0.004808205784293791
exact,0.1,3,294,0.10441966194717617,1.430283793288148,0.0335228456597784,0.016110938511812285,0.9452424991605615,0.005123716667847846
exact,0.1,3,295,0.15108251423875885,1.4315170959319672,0.032618755593861966,0.017792966350701354,0.9446234732297181,0.00496480482571854
exact,0.1,3,296,6.416650255396117e-05,1.4315160543671364,0.03262049648268325,0.01779142180163928,0.9446232197486559,0.004964861967021607
exact,0.1,3,297,0.031763383244804475,1.4317518817229231,0.03228016553000515,0.017548542714713178,0.9450007325727798,0.005170559182501831
exact,0.1,3,298,0.032351823867222504,1.4320261088311383,0.030858961500165646,0.017108535829798897,0.9464324431582094,0.005600059511826061
exact,0.1,3,299,0.0006502184963689955,1.432025042136041,0.03086243753415748,0.0171213175185754,0.9464218070370378,0.005594437910229303
exact,0.1,4,0,1.8210815361424575,2.6611153118494313,0.2461227215478602,0.08055298386021396,0.35801232843795494,0.3153119661539709
exact,0.1,4,1,0.44875678698792293,2.6004259932696137,0.2851224440933118,0.0662092511829055,0.3509794363848386,0.29768886833894426
exact,0.1,4,2,0.9298528866728963,2.384603602307776,0.34653938840000137,0.13219120542768215,0.3208228879253099,0.20044651824700652
exact,0.1,4,3,0.2793968941809265,2.349225809921749,0.3395194652305356,0.12639124044150557,0.34080095478164,0.1932883395463189
exact,0.1,4,4,0.2750650918924329,2.3244484103295164,0.3519388860654696,0.15540712273266874,0.31959155488856617,0.1730624363132956
exact,0.1,4,5,0.3224456324174344,2.29735356282165,0.39918000640331924,0.157456378708902,0.28566280196945115,0.15770081291832766
exact,0.1,4,6,0.622640732933661,2.194067875107152,0.5159781740319986,0.14310919893173268,0.22451898489553923,0.11639364214072949
exact,0.1,4,7,0.5573245539819873,2.1758549027392777,0.6084261879367701,0.10175782558871548,0.17604404793900186,0.11377193853551268
exact,0.1,4,8,0.24514471304744578,2.155447253419071,0.6209863815999674,0.09738740064304087,0.17396397990639353,0.10766223785059813
exact,0.1,4,9,0.05763682323944897,2.153770887815122,0.6223046919643478,0.09537101496680633,0.17456256778074403,0.10776172528810185
exact,0.1,4,10,0.7080805815033886,2.039780678318921,0.579337789946062,0.130290680725948,0.22336868415541977,0.06700284517257023
exact,0.1,4,11,0.6311628171681501,2.0069393214891496,0.5104121745549517,0.14529238335125116,0.28287235131227273,0.0614230907815245
exact,0.1,4,12,0.019742191529625475,2.006479620761583,0.5123899424852721,0.1438837012808951,0.2821735937660204,0.06155276246781239
exact,0.1,4,13,0.917570210497517,1.8264836040065966,0.5260715152344179,0.08893572951948887,0.35700890024506154,0.02798385500103184
exact,0.1,4,14,0.09022268516943543,1.825319947431829,0.5124065325856156,0.09333272347394057,0.3663827035195369,0.027878040420907045
exact,0.1,4,15,0.2958624632716925,1.8172465442320507,0.4747072423186275,0.0957288578169994,0.39966843699004007,0.029895462874332947
exact,0.1,4,16,0.035355305116018025,1.8187675944789432,0.47490399937992084,0.09829332936478133,0.39747833723140635,0.0293243340238915
exact,0.1,4,17,0.4744750760836258,1.8616836767279088,0.4863997889940843,0.1596612693972112,0.33737653908277904,0.016562402525925356
exact,0.1,4,18,0.08710707543622302,1.8613272014404738,0.4933789124603698,0.1602590373397839,0.3311254386441618,0.015236611555684546
exact,0.1,4,19,0.3804480128435111,1.8271623686445593,0.5059492243757198,0.13166914966067667,0.3478889774363866,0.014492648527217097
exact,0.1,4,20,0.12051575935686169,1.8207193440888847,0.5171329596603309,0.13042467251020745,0.3409498358497222,0.011492531979739443
exact,0.1,4,21,0.273813449425113,1.801653163297377,0.5035774408162348,0.10802534010071731,0.3719182728927873,0.01647894619026069
exact,0.1,4,22,0.299905291049285,1.786555929124492,0.5304334125376697,0.09887468811257084,0.35892035810007,0.01177154124968949
exact,0.1,4,23,0.0821674201977558,1.7863033953998064,0.5242843726054996,0.10248017654369193,0.36206086028632567,0.011174590564482773
exact,0.1,4,24,0.2808001231146914,1.7749250837134865,0.5114196170884506,0.08921103643540967,0.3845889855315762,0.01478036094456327
exact,0.1,4,25,0.11074650670824583,1.7773548851330392,0.49562482004605424,0.10148753022088254,0.3899082654518272,0.012979384281236109
exact,0.1,4,26,0.02560030779337103,1.7774691127128786,0.4951617869962143,0.10002114513609033,0.3911716351024933,0.013645432765202034
exact,0.1,4,27,0.37006756097159754,1.757208910312095,0.5036092454707497,0.09112135309409637,0.3953398557804447,0.009929545654709384
exact,0.1,4,28,0.022781042999288913,1.7581986522082194,0.5055527738959475,0.09201351200117874,0.3928320297224899,0.00960168438038393
exact,0.1,4,29,0.34350311054008636,1.742553328613849,0.4559140684413193,0.10019198183490252,0.43508303282197924,0.008810916901798891
exact,0.1,4,30,0.33493547721027744,1.727343169320607,0.432882603196817,0.0949902046105604,0.4625743138589114,0.00955287833371127
exact,0.1,4,31,0.10201264114903917,1.7225727836655005,0.43924430114966245,0.087448757454586,0.46313548878290245,0.010171452612849121
exact,0.1,4,32,0.08223030762614421,1.719263234036618,0.44226255087763006,0.0853762256753178,0.4627860512927685,0.009575172154283586
exact,0.1,4,33,0.4152061540270325,1.697742708744927,0.443829668130783,0.07216420294222672,0.4758965014959297,0.008109627431060631
exact,0.1,4,34,0.3284479961653115,1.6948434882448806,0.41414833303864196,0.06769426504549969,0.5050590577614233,0.013098344154435004
exact,0.1,4,35,0.01889673994999916,1.6951019061305865,0.41392791462881917,0.06816995309875828,0.5048803116699413,0.013021820602481384
exact,0.1,4,36,0.011015620935580728,1.6944955932709556,0.41428591018985567,0.06780575713398836,0.5049745741705077,0.012933758505648275
exact,0.1,4,37,0.3131268957340214,1.6951638835038532,0.4717035360729472,0.04139323295024881,0.471584055600482,0.015319175376322058
exact,0.1,4,38,0.30943319004665787,1.6707234820907382,0.4232373677168052,0.04784017331412999,0.5165516847371476,0.012370774231917278
exact,0.1,4,39,0.2787509862087055,1.685960267751701,0.4128871187164583,0.06865055804423442,0.5081775391013492,0.010284784137958117
exact,0.1,4,40,0.006161140114741976,1.6855389991489602,0.41270183869365085,0.06831053208297382,0.5086704690981589,0.01031716012521647
exact,0.1,4,41,0.14105550811158343,1.676740894604172,0.4017610201952195,0.06513831585527484,0.5226448848595899,0.010455779089915839
exact,0.1,4,42,0.5214833967903101,1.6623416559893933,0.33285794935994584,0.059523403442943004,0.5898069293059279,0.017811717891183253
exact,0.1,4,43,0.044043538574907955,1.6631757553326543,0.3351525841907756,0.060750457474746444,0.5868230361694364,0.01727392216504147
exact,0.1,4,44,0.15077923928793902,1.6645142528332564,0.3597530043941799,0.05222005347061697,0.5704371551114171,0.017589787023785983
exact,0.1,4,45,0.1664152494480823,1.657177265123344,0.35471108043578553,0.05157170519618641,0.5773547151888818,0.016362499179146364
exact,0.1,4,46,0.28550165147657103,1.6438717682288218,0.4126052626550347,0.05102425570221891,0.5316762446855192,0.004694236957227282
exact,0.1,4,47,0.2530142737374288,1.6517549357133494,0.41733005164392634,0.053174074225282274,0.5239559698768982,0.005539904253893161
exact,0.1,4,48,0.1099823222545736,1.6494206934215319,0.40436247998544816,0.05338558032543452,0.5356915597432766,0.006560379945840823
exact,0.1,4,49,0.07347885678285561,1.6491820630574523,0.4003539644453908,0.05641345532411314,0.5373550145733554,0.005877565657140614
exact,0.1,4,50,0.0953785354749218,1.6478529058241913,0.3911891696517395,0.056413448759039864,0.5456499664873994,0.006747415101821343
exact,0.1,4,51,0.03455811858899663,1.6483121215031942,0.38685560784520423,0.058036097275408316,0.5482535863409733,0.006854708538414174
exact,0.1,4,52,0.6132822986490928,1.6610088155087066,0.322699091797743,0.04763740023529801,0.6062986022581291,0.023364905708829823
exact,0.1,4,53,0.14277434958203727,1.656867336462731,0.3335931169932452,0.0545727237774954,0.5938365815457554,0.01799757768350394
exact,0.1,4,54,0.16421408745146948,1.6580548860679278,0.3114613290480013,0.06354873623605055,0.6070835272471313,0.01790640746881692
exact,0.1,4,55,0.19322430736129415,1.6552370635622746,0.29390814056818,0.07117155443343184,0.6183980863517551,0.016522218646633106
exact,0.1,4,56,0.004542998503889714,1.65527585386124,0.2929957931679829,0.07142933291942644,0.6190168967295452,0.016557977183045518
exact,0.1,4,57,0.20539421430667656,1.6448446463712985,0.28322723013255235,0.07471255374706508,0.6285258176993685,0.013534398421014006
exact,0.1,4,58,0.2176272260536175,1.6492764561149256,0.28077194020395996,0.07627748743871635,0.6283769063087041,0.014573666048619614
exact,0.1,4,59,0.0010152449153793819,1.6493094377547062,0.2807657177350144,0.07632067681762637,0.6283459501617805,0.014567655285578745
exact,0.1,4,60,0.19064473588405342,1.63897608436086,0.25589995749368183,0.07856492490264459,0.651537013876977,0.013998103726696501
exact,0.1,4,61,0.048684255810696186,1.6401501055966763,0.2527775018211128,0.07742504267228517,0.6545956951172432,0.0152017603893588
exact,0.1,4,62,0.031609979413053935,1.6405476789351117,0.25359038773091896,0.07555530404156786,0.6549261737101559,0.015928134517357213
exact,0.1,4,63,0.3698232042302587,1.6222031347300792,0.24957245266588324,0.06301911160452799,0.6715528867163207,0.015855549013268123
exact,0.1,4,64,0.8978775480022464,1.6843958521615041,0.13243003381701085,0.0848695403557838,0.7413061139084588,0.041394311918746575
exact,0.1,4,65,0.19301052394219534,1.6789616351080763,0.13148321071429603,0.09327822376613389,0.7385500680206094,0.03668849749896082
exact,0.1,4,66,0.3733492538581302,1.6991969946599477,0.1615003201533236,0.10116085928992576,0.7016422801306406,0.035696540426110035
exact,0.1,4,67,0.9645806462725174,1.660900531759658,0.1906154419621238,0.0945121424503074,0.691802534773437,0.02306988081413176
exact,0.1,4,68,0.14454512842878928,1.6581910142578016,0.19068281956922772,0.08522841745838415,0.6982663621881373,0.02582240078425077
exact,0.1,4,69,0.20576557507527252,1.6487175005427621,0.1946125539784472,0.08351525896875762,0.6987151227887929,0.023157064264002165
exact,0.1,4,70,0.6443448229590985,1.6696520638391055,0.19420371628574246,0.06388196850855847,0.7049854254951536,0.036928889710545365
exact,0.1,4,71,0.21175854200742106,1.6575450109924217,0.19772989909640487,0.057228696739950166,0.7096106906452945,0.0354307135183504
exact,0.1,4,72,0.2602907855766349,1.6358177528481492,0.21024955262787764,0.06684277817359364,0.6992478276382075,0.023659841560321283
exact,0.1,4,73,0.35762686497372453,1.6424076029352914,0.20924650636893488,0.08679847871960389,0.6858682145391097,0.01808680037235155
exact,0.1,4,74,0.19795937480045825,1.6374030538316169,0.19242607977394116,0.09719774767294508,0.695525580703645,0.014850591849468823
exact,0.1,4,75,0.05101775348818185,1.639413810092274,0.18047152146536988,0.10157505781199191,0.7026036466059752,0.015349774116663073
exact,0.1,4,76,0.1284737510602294,1.6436500019513787,0.16990621456877414,0.11199496252336479,0.7040987003631379,0.014000122544723218
exact,0.1,4,77,0.3485674767164788,1.6256629216893856,0.1809555361162877,0.09712586475725327,0.7089921634597225,0.012926435666736564
exact,0.1,4,78,0.10735879677994199,1.6269811051474135,0.1876171760818569,0.10294623869777962,0.6992372728529406,0.010199312367422938
exact,0.1,4,79,0.1092029462469274,1.621760467627606,0.19136136740168036,0.09608881191390471,0.7017584277568395,0.010791392927575482
exact,0.1,4,80,0.2855597673936715,1.6225639808664383,0.19864231922731376,0.09367268738542539,0.6966948213373331,0.01099017204992782
exact,0.1,4,81,0.31023994398021304,1.6117728898684727,0.260510104341807,0.062312955341103836,0.6655992852783505,0.01157765503873863
exact,0.1,4,82,0.08606591581860457,1.6099643417943845,0.25495488365454244,0.06148872861348085,0.671452549060492,0.012103838671484684
exact,0.1,4,83,0.006628246360311993,1.609929702418266,0.25480641511053304,0.06168440091911615,0.6714707597102535,0.012038424260097392
exact,0.1,4,84,0.09742693413656286,1.6074290772223958,0.25233988578371314,0.061761463586175465,0.6742987386127755,0.011599912017335987
exact,0.1,4,85,0.3208991803950182,1.5921067981174952,0.2392307860034182,0.04528700771633369,0.7003459842696708,0.015136222010577275
exact,0.1,4,86,0.1410562576316391,1.5864102822089274,0.23725822513951852,0.04444795340258144,0.7042579609046817,0.01403586055321825
exact,0.1,4,87,0.35785523320185775,1.585759946454251,0.24424412127879275,0.04146329276912514,0.7002373676063451,0.014055218345736968
exact,0.1,4,88,0.10383419459762669,1.5808434298106517,0.22571752759820135,0.04195815330667199,0.7174454646308901,0.01487885446423658
exact,0.1,4,89,0.27647174616571135,1.5705069547953834,0.2325588903742025,0.03847122776696468,0.7167235244545634,0.012246357404269395
exact,0.1,4,90,0.32138604768192625,1.5896506400838286,0.24992268647254062,0.0387253191375852,0.695855496996152,0.015496497393722148
exact,0.1,4,91,0.04591430607771595,1.5890605984374204,0.2533990265843329,0.037744512031374584,0.6936232161508523,0.015233245233440244
exact,0.1,4,92,0.3345064063247005,1.5817866751147907,0.21123706159496086,0.04838533533728514,0.7257580803693192,0.014619522698434698
exact,0.1,4,93,0.247661761191428,1.5690636257209962,0.21444884631163377,0.03479829344254856,0.735122899581011,0.01562996066480674
exact,0.1,4,94,0.4403906508124632,1.5829447776309324,0.2528228190877965,0.0479687415047137,0.6896241148787761,0.009584324528713675
exact,0.1,4,95,0.013681191259748288,1.5830880484157954,0.2542409481314678,0.04759870570469192,0.6885814599037221,0.009578886260118252
exact,0.1,4,96,0.15769724851317804,1.578979482362816,0.2502414287595275,0.04940447952757319,0.6921476272215433,0.00820646449135608
exact,0.1,4,97,0.0165953702536613,1.5789209972181677,0.24912515368870253,0.05024308537824592,0.6926148494178079,0.008016911515243712
exact,0.1,4,98,0.08559525056967132,1.5806402387958312,0.24278605967296873,0.05340457103772508,0.6956492177115929,0.008160151577713236
exact,0.1,4,99,0.05467873836077164,1.5825160597156762,0.23444175499864575,0.05857582008331751,0.6991366504976171,0.007845774420419767
exact,0.1,4,100,0.2223071607310768,1.5748367380501416,0.2484349984370175,0.049164376896345875,0.6950859827433026,0.0073146419233341186
exact,0.1,4,101,0.1680612374687912,1.5779670419502432,0.2648698894417936,0.05001042343413501,0.6794025177308257,0.005717169393245704
exact,0.1,4,102,0.049698933856635485,1.5772982788919112,0.2591045783046906,0.05079146834851777,0.6841117613087866,0.005992192038005067
exact,0.1,4,103,0.11481509433491059,1.579312851644078,0.2637394020466415,0.04657911791709282,0.6820994618708057,0.007582018165459956
exact,0.1,4,104,0.1186040770403417,1.5785820244517428,0.2649494260039926,0.04589263065728704,0.6816909914998766,0.007466951838843791
exact,0.1,4,105,0.2183299835942332,1.5815215466039463,0.27922572920095445,0.04295054955911182,0.670275165255513,0.0075485559844207725
exact,0.1,4,106,0.04887637993592609,1.5811478509438006,0.27823499449806866,0.04232613516306289,0.6716283376970734,0.007810532641795074
exact,0.1,4,107,0.004209961237767429,1.5809685262471922,0.2781531870237192,0.04225642441534775,0.6717951615664236,0.007795226994509522
exact,0.1,4,108,0.02300285786022737,1.5808993835883474,0.2768038426706335,0.04176367335590227,0.6732876123278031,0.00814487164566126
exact,0.1,4,109,0.13742080762240505,1.5816454985342894,0.2759677019770887,0.04522882481543116,0.6716541502850079,0.007149322922472273
exact,0.1,4,110,0.21172148365982815,1.5776555460584887,0.3022125851898522,0.0400164840550418,0.6533347073957486,0.004436223359357254
exact,0.1,4,111,0.1719851544900486,1.569648043027743,0.2811706134691143,0.03642554708436659,0.6761259370232651,0.0062779024232540856
exact,0.1,4,112,0.21201407050708207,1.5659937585937467,0.2851768187766429,0.029920896071784504,0.6777505409696717,0.007151744181900899
exact,0.1,4,113,0.035452134055351914,1.5649795469751413,0.28213122951847497,0.02872400094431097,0.6814254086366912,0.007719360900522757
exact,0.1,4,114,0.1529396632501597,1.5619998193102222,0.2540804709960994,0.0370196489081085,0.7014830795881011,0.007416800507691146
exact,0.1,4,115,0.16185511710172662,1.559306894731003,0.25251036735965116,0.037521537483985734,0.7033303570625348,0.006637738093828303
exact,0.1,4,116,0.20726396499624875,1.5649966687166164,0.2744666841068642,0.030774904220489493,0.6867913949467847,0.007967016725861715
exact,0.1,4,117,0.23774717861151975,1.6022672113972893,0.24307188004237162,0.03932556071632108,0.6976905310610214,0.019912028180285896
exact,0.1,4,118,0.008303623744675873,1.6023409909360093,0.2424438982775216,0.039603509460548775,0.6980414138863539,0.0199111783755757
exact,0.1,4,119,0.27178631089894373,1.5951296843838187,0.23701495730038688,0.04581268319887352,0.7010481051737828,0.016124254326956862
exact,0.1,4,120,0.1918848178362868,1.5974783605319316,0.24442483886974758,0.05582414729325963,0.6877577904975092,0.01199322333948355
exact,0.1,4,121,0.2177386338576529,1.5826546747375618,0.22455638677248282,0.0456826422310098,0.7156181749348339,0.01414279606167353
exact,0.1,4,122,0.035636792780484206,1.584286774194094,0.2233062018457563,0.04635402109169757,0.71580512240644,0.014534654656106061
exact,0.1,4,123,0.1471869060544446,1.5857038102292005,0.21537862176032596,0.05197307887899553,0.7187934605892584,0.01385483877142017
exact,0.1,4,124,0.043209577362648105,1.5843325967189823,0.20828238595519272,0.05211733696210105,0.7252649021060011,0.014335374976705083
exact,0.1,4,125,0.09740947532983774,1.5878742821711183,0.21850356440996763,0.050210896421282514,0.7165286677061036,0.01475687146264633
exact,0.1,4,126,0.08671038751338263,1.5927466210131516,0.2242865054240752,0.0516207609025843,0.7092034172670582,0.014889316406282334
exact,0.1,4,127,0.3163686391218724,1.5808645696097334,0.2386211782934861,0.047497509705455646,0.7028355929702885,0.011045719030769738
exact,0.1,4,128,0.18101221994028632,1.578324370648021,0.23850603702085646,0.04810307024405926,0.7033131480352639,0.010077744699820413
exact,0.1,4,129,0.18459707810569947,1.5816930732632417,0.23071415945940701,0.04655561679527897,0.7100253337491349,0.012704889996179181
exact,0.1,4,130,0.10547746334681553,1.5793287216571301,0.22864030473848157,0.04702420396942768,0.7122334758294552,0.012102015462635556
exact,0.1,4,131,0.08415533480258129,1.5781556248398432,0.22301707707923807,0.04620995005643522,0.7179584189621236,0.012814553902203082
exact,0.1,4,132,0.02776892579397472,1.576934067561797,0.2193391115533312,0.0454453783981607,0.7219809925609222,0.013234517487585824
exact,0.1,4,133,0.15451781691746294,1.5743840519621481,0.22742128803253556,0.05129823315954737,0.7121162040643891,0.009164274743527878
exact,0.1,4,134,0.23075933249407124,1.5944305147383406,0.23796376915999065,0.053138317817877916,0.6959139398162015,0.012983973205929828
exact,0.1,4,135,0.2893880265212377,1.575912264065802,0.2578215696503428,0.04785549209947421,0.687443436437881,0.006879501812302086
exact,0.1,4,136,0.32369854804626963,1.5693769764112386,0.2738013516869913,0.03248740963089839,0.6850157373099894,0.008695501372120884
exact,0.1,4,137,0.014119457910269743,1.5689921872997707,0.2721669842403044,0.03263906573938183,0.6864512431288804,0.008742706891433341
exact,0.1,4,138,0.3935967529256413,1.5570315076177033,0.25367345430671256,0.024688051107501344,0.7109156733883559,0.010722821197430222
exact,0.1,4,139,0.3593666352651882,1.5373526691468637,0.23419599520847592,0.017857578335992563,0.7378400770420259,0.010106349413505536
exact,0.1,4,140,0.23440710426324904,1.5325100157026055,0.2504627482090815,0.016242194898764443,0.7261674302222606,0.007127626669893389
exact,0.1,4,141,0.14631426582412743,1.5303699241649216,0.24985682879104312,0.018896345586433487,0.7256869265666847,0.005559899055838739
exact,0.1,4,142,0.15427831793377786,1.5251608133717351,0.24821723186325917,0.012792957302289505,0.7324187929582023,0.0065710178762490605
exact,0.1,4,143,0.03764233213327253,1.5252735424526067,0.24356066180142585,0.01333221905694047,0.7360894691105515,0.00701765003108222
exact,0.1,4,144,0.2628127625461688,1.529164630488517,0.24940212758253844,0.020196100269639666,0.7256351487934206,0.004766623354401383
exact,0.1,4,145,0.015402402274027435,1.5286198763924554,0.24873002001841027,0.0200785776734532,0.7264514970385147,0.004739905269621815
exact,0.1,4,146,0.0711642289386809,1.5279791034113934,0.25075422243026596,0.01970103202339539,0.7251196375490759,0.004425107997262742
exact,0.1,4,147,0.09805458868212502,1.52395474514887,0.24969940019857728,0.016691386670456287,0.7290832201318964,0.0045259929990700285
exact,0.1,4,148,0.1769138390036486,1.5153616254070374,0.21386224752402877,0.01560124467068754,0.7633826779799373,0.007153829825346458
exact,0.1,4,149,0.26562265500692556,1.5037548910019265,0.19265023646961868,0.02691472003806723,0.7782427779440673,0.0021922655482467636
exact,0.1,4,150,0.058518000995622634,1.5047049371076666,0.1928693065770678,0.027563356697917502,0.7773704822693152,0.002196854455699482
exact,0.1,4,151,0.024341618201614068,1.5044063741269795,0.19447466044377415,0.027724660694773667,0.775965348792648,0.001835330068804066
exact,0.1,4,152,0.143804269756445,1.5059764561832059,0.19308369318212779,0.03258573701582066,0.7737052649778169,0.000625304824234742
exact,0.1,4,153,0.1472486388535369,1.5102170812632558,0.1966792611009821,0.029919584572777432,0.7709747451913558,0.002426409134884738
exact,0.1,4,154,0.29761646482332327,1.4999295623123412,0.18473893916068104,0.028536093796914172,0.7852442252171892,0.0014807418252156359
exact,0.1,4,155,0.13447330372468258,1.506074835290041,0.17960044134187478,0.032160220680503095,0.7856481872192864,0.0025911507583355683
exact,0.1,4,156,0.32755105914389393,1.5035583512220008,0.17737724541673647,0.021184461286552648,0.7951072025168984,0.006331090779812542
exact,0.1,4,157,0.11216047908380165,1.5012859363154643,0.1649547356573083,0.023256561781755267,0.8052937394600844,0.006494963100852044
exact,0.1,4,158,0.03270421859184234,1.5006165347574136,0.16889714722537766,0.022928430549673036,0.8022687843694033,0.005905637855546085
exact,0.1,4,159,0.14066437146503324,1.4995170941150586,0.1655133957135757,0.021729910804722176,0.806275931638443,0.006480761843259077
exact,0.1,4,160,0.05883672543084251,1.4981426885086726,0.16550594067287028,0.02200936075539903,0.8065168189800045,0.005967879591726143
exact,0.1,4,161,0.03689871159688244,1.4985995211774858,0.1667230294591288,0.020859738982938695,0.8060344155224763,0.0063828160354562034
exact,0.1,4,162,0.12303423016330312,1.499078112470308,0.17257794837308893,0.015988386542927103,0.803816218987333,0.007617446096651079
exact,0.1,4,163,0.0212077911837947,1.4987404060589133,0.17371587280079517,0.01570010884424769,0.8031056955583591,0.007478322796597973
exact,0.1,4,164,0.09239421863704786,1.4966459733282946,0.17651771043258999,0.013355010875386505,0.8027414648958914,0.007385813796132141
exact,0.1,4,165,0.035114580087724424,1.4979256120344806,0.1752459804906524,0.013452932916947343,0.8034068625677961,0.007894224024604119
exact,0.1,4,166,0.18557544198703477,1.495346569833311,0.18169863548962153,0.012966872264094707,0.798865073767816,0.006469418478467709
exact,0.1,4,167,0.20727988460963676,1.4984400079364724,0.20726938477424822,0.012412371527927115,0.7760857164909329,0.004232527206891717
exact,0.1,4,168,0.2210352600110683,1.5064194600797836,0.17934101229978325,0.015940571329331278,0.7957951468394671,0.008923269531418513
exact,0.1,4,169,0.05134218642749842,1.508015024747999,0.1794163894294848,0.01648372326729474,0.7949213252418477,0.009178562061372826
exact,0.1,4,170,0.10232126542047215,1.5078802068585717,0.17684782858716327,0.012742603508791665,0.7995056236037791,0.010903944300265945
exact,0.1,4,171,0.12433833239604776,1.5050743251371526,0.18425747642368023,0.009167684953943956,0.7961097729309062,0.010465065691469452
exact,0.1,4,172,0.3106667489686724,1.5089591117426837,0.172092438514558,0.011420071787312577,0.8041357685849815,0.012351721113147918
exact,0.1,4,173,0.13385530920381083,1.5036925296688606,0.1644807246500842,0.013051982424241906,0.8113018822167778,0.011165410708896085
exact,0.1,4,174,0.11097836059236962,1.5006001609310193,0.17323722170543465,0.010701698225837898,0.8060612334792872,0.009999846589440349
exact,0.1,4,175,0.25753550543154685,1.4980391584551724,0.17553361364437184,0.01493249006560677,0.8022085496015433,0.007325346688478061
exact,0.1,4,176,0.19807878167289095,1.4943296724080823,0.18336733899746968,0.014043493839184107,0.7970510519760132,0.005538115187333082
exact,0.1,4,177,0.09666027700752622,1.4936363753697586,0.1712127102164905,0.015585711734569074,0.8068635692281722,0.00633800882076831
exact,0.1,4,178,0.22185091674783308,1.4774847708267138,0.169420386865236,0.010751231299866632,0.816195843776153,0.0036325380587444674
exact,0.1,4,179,0.0308600850008742,1.4774554997317657,0.17358475971819942,0.010251954559048367,0.8128940251699994,0.0032692605527527654
exact,0.1,4,180,0.08770569318482549,1.4764209773432113,0.1648417008823128,0.009928225451268431,0.8209998973141299,0.004230176352288835
exact,0.1,4,181,0.07769129422795382,1.4798210315487212,0.16770930827460676,0.011057124776092806,0.8168016622017986,0.004431904747501886
exact,0.1,4,182,0.03064641981740751,1.4798388280930403,0.1668425173767396,0.011260430331741591,0.8174240709241953,0.004472981367323527
exact,0.1,4,183,0.1322347001353409,1.4832866592440523,0.15249604865814184,0.011181948130059714,0.8289236133971429,0.007398389814655414
exact,0.1,4,184,0.1134987544796244,1.4835887737582578,0.14785481348669502,0.010700459315983395,0.8331680953945756,0.008276631802746019
exact,0.1,4,185,0.13116755396226162,1.484563846186471,0.14907248396457795,0.013609963753746436,0.8300204738147955,0.007297078466880094
exact,0.1,4,186,0.04824624531903263,1.485420483243068,0.1486422235482916,0.013875061932841663,0.8299768211007852,0.007505893418081583
exact,0.1,4,187,0.11564252616791004,1.4833747490764837,0.14524517134961473,0.014317590514072198,0.8332637320004352,0.007173506135877893
exact,0.1,4,188,0.2981685433683271,1.4839510872607091,0.11793533317975029,0.017990484182741153,0.8545824514259464,0.009491731211561993
exact,0.1,4,189,0.2348653730367676,1.4957555030301002,0.10998975973921707,0.018545167450508868,0.8576566329125035,0.013808439897770485
exact,0.1,4,190,0.18612720786328305,1.4862603363150586,0.1123071307334445,0.018957140857912676,0.8581990757743699,0.01053665263427287
exact,0.1,4,191,0.5251698791739471,1.4939640242410377,0.14542968875213583,0.025147566327770463,0.823267930083813,0.006154814836280755
exact,0.1,4,192,0.023524739375261797,1.494149233934314,0.14573201214674839,0.025009204302228367,0.8230356962978289,0.00622308725319431
exact,0.1,4,193,0.016635798405495457,1.4936358939383543,0.14637856373807,0.0244620523584363,0.8229638678755358,0.0061955160279578
exact,0.1,4,194,0.05785864339793898,1.4910833189523183,0.14685077252728224,0.02420326005354334,0.823469625194222,0.005476342224952577
exact,0.1,4,195,0.02014045192806683,1.491117004601668,0.1484977218035871,0.023423369294347886,0.8225097184656632,0.005569190436401771
exact,0.1,4,196,0.26408929751767724,1.508195279230127,0.1475391240576319,0.02468003478165835,0.8175060781352991,0.01027476302541075
exact,0.1,4,197,0.24127364537084156,1.4997289207217157,0.1319471701341402,0.0280491639778077,0.8314920610555585,0.008511604832493627
exact,0.1,4,198,0.0022437903985688817,1.4997491218026924,0.13184067519975132,0.027999572625222943,0.8316093795628474,0.008550372612178439
exact,0.1,4,199,0.13361377487852297,1.5052844642370367,0.12991900085689007,0.022496484160746243,0.8350438797968296,0.012540635185534164
exact,0.1,4,200,0.22558081823697892,1.4949984932127955,0.1284056239656314,0.02078256015398736,0.840468947369701,0.01034286851068017
exact,0.1,4,201,0.06229367407428742,1.495136254524859,0.12264934001119428,0.02045270297023023,0.8456410394166419,0.011256917601933624
exact,0.1,4,202,0.09527512215147288,1.4908063678401564,0.11612276574801299,0.021615173396488767,0.8518855860764794,0.010376474779018997
exact,0.1,4,203,0.056991636041459515,1.4906353695240422,0.11386034128775108,0.02286917118814987,0.8531298323118488,0.010140655212250329
exact,0.1,4,204,0.056837076075669166,1.4909085886479632,0.11645135755559773,0.022111478436370555,0.8512622576568218,0.010174906351209972
exact,0.1,4,205,0.13612162321450919,1.4903535878842602,0.12847936402338878,0.01922055432585364,0.8427476165449801,0.00955246510577753
exact,0.1,4,206,0.18742688277095002,1.4983649312573464,0.12173980005678675,0.02432861224489486,0.8430781957131388,0.010853391985179558
exact,0.1,4,207,0.2387733622945386,1.4947763279941984,0.10901032313305492,0.020785905525654954,0.8574132035887007,0.012790567752589447
exact,0.1,4,208,0.06671418573484666,1.4950898432719568,0.10243879334940383,0.0219530055201484,0.8623198308006218,0.013288370329825949
exact,0.1,4,209,0.03904866486137715,1.495867900999481,0.10328984925691395,0.02105430312831369,0.8619041726693109,0.01375167494546144
exact,0.1,4,210,0.18965837832437024,1.4884724747076292,0.08583876393369744,0.025493821158046763,0.8765490149262221,0.012118399982033737
exact,0.1,4,211,0.2151481409627901,1.4904714038776936,0.07481762775507947,0.023415898158636803,0.8868452981866648,0.014921175899618958
exact,0.1,4,212,0.2247965478073273,1.486896640224928,0.07458255904295599,0.02188534106581163,0.8890576543110368,0.01447444558019563
exact,0.1,4,213,0.009901651956866084,1.4865515708247856,0.07396230840224627,0.021995855098404363,0.8896321492473773,0.014409687251972045
exact,0.1,4,214,0.22843905057245417,1.4783748177892961,0.039958712868542946,0.0266397840689115,0.9188329329846674,0.014568570077878169
exact,0.1,4,215,0.25537493412518697,1.497174867256338,0.04856018378367587,0.018171301499477162,0.9109964182702177,0.022272096446629266
exact,0.1,4,216,0.2734986608219083,1.5175980584950262,0.04823343768548107,0.03544786004592351,0.894528473493734,0.021790228774861437
exact,0.1,4,217,0.015216413026486464,1.5179208091365808,0.04803283721831619,0.0355243428024578,0.8945603477776345,0.021882472201591518
exact,0.1,4,218,0.07742723586334223,1.5191002250920185,0.04813372675647747,0.036371290022507705,0.8935984678003897,0.021896515420625224
exact,0.1,4,219,0.3498940081468996,1.5182072163128422,0.041396571345352184,0.04670713823939224,0.8933428715670385,0.01855341884821706
exact,0.1,4,220,0.062061273828622254,1.518278934469534,0.0416041752864937,0.04861875778027568,0.8919579361580761,0.017819130775154436
exact,0.1,4,221,0.07783733229186784,1.5208975785343,0.04324839980242065,0.05131983183086773,0.8880767179968834,0.017355050369828207
exact,0.1,4,222,0.1552028949058932,1.517189094754626,0.04354452614176342,0.04276861956079027,0.8942084599123674,0.019478394385078913
exact,0.1,4,223,0.09010951333923867,1.5181560837045847,0.047760297162035774,0.04188839751760955,0.8907901634470989,0.01956114187325579
exact,0.1,4,224,0.05285579872660431,1.5177087150274384,0.04809188090839059,0.041888166595021564,0.8906338535985798,0.019386098898008054
exact,0.1,4,225,0.001073064979307703,1.517746479646419,0.0480294011275377,0.04191175209071919,0.8906625399995426,0.019396306782200494
exact,0.1,4,226,0.24736601014596118,1.5018051010579332,0.05107740098855991,0.03791090128130011,0.8952082119382024,0.01580348579193763
exact,0.1,4,227,0.7104821446437849,1.5361837448571496,0.05902088130304065,0.06887275093883719,0.858943601603562,0.01316276615456011
exact,0.1,4,228,0.24449489223121756,1.5278025697780107,0.06980815454079399,0.06826025426904035,0.8524083928563947,0.009523198333770945
exact,0.1,4,229,0.018775368774559098,1.5280346493855002,0.0693644572075084,0.06902854265211675,0.8522513645247598,0.009355635615615138
exact,0.1,4,230,0.08592533782148629,1.5288671250941015,0.07279314408007707,0.07006035991391783,0.8483804723688904,0.008766023637114755
exact,0.1,4,231,0.1549375460523168,1.525523853731911,0.0693783754521161,0.06730326103639955,0.8540496343777759,0.009268729133708437
exact,0.1,4,232,0.044514971931679866,1.5258354410214252,0.06774794463540536,0.06856836739760698,0.8545958430293518,0.00908784493763597
exact,0.1,4,233,0.18294323653929823,1.5202529973492986,0.06443433381504467,0.0706043723480823,0.8578794950126012,0.007081798824271806
exact,0.1,4,234,0.16612484740855427,1.526981407414169,0.07289602836740466,0.06362676231365844,0.8528253487202082,0.010651860598728743
exact,0.1,4,235,0.13510186233225585,1.5287881542463728,0.06751880920284642,0.06012454333154129,0.8591387317659526,0.013217915699659842
exact,0.1,4,236,0.07811768479157133,1.529036589709985,0.06723859198078003,0.06390717419860838,0.8569712172510633,0.01188301656954837
exact,0.1,4,237,0.25059418127889166,1.5227097032268593,0.06654123997330529,0.051195282234595275,0.8673128924468783,0.014950585345221189
exact,0.1,4,238,0.4373730511417867,1.5754775304202828,0.08014878992616979,0.047322034083842696,0.8422146453081116,0.030314530681875992
exact,0.1,4,239,0.14516779703252813,1.568790911728018,0.07865596915783575,0.05773292023690357,0.8390603777721951,0.024550732833065504
exact,0.1,4,240,0.3206887991749914,1.5605082998444297,0.08412217957530234,0.058412292504341046,0.836334905377784,0.02113062254257273
exact,0.1,4,241,0.02919674892011881,1.5607266093669019,0.08270415721120866,0.05877449371694317,0.837281085434419,0.02124026363742909
exact,0.1,4,242,0.2862454145571705,1.5385169224874242,0.10529966477596761,0.06039256526480884,0.8231933367760822,0.011114433183141537
exact,0.1,4,243,0.13347277078904207,1.542367411302581,0.09448667056936338,0.06704913615817465,0.8273509661001777,0.011113227172284164
exact,0.1,4,244,0.3746229493316922,1.5224312947366816,0.06994793010637505,0.05980411909797794,0.8591049913336128,0.011142959462034112
exact,0.1,4,245,0.0023509702179100728,1.5224699755482476,0.06983886708980581,0.05992782462777475,0.8591120741457261,0.01112123413669341
exact,0.1,4,246,0.28914712529934405,1.513421810685594,0.06938730823937157,0.05618396947926337,0.8645023019252634,0.009926420356101575
exact,0.1,4,247,0.4159674955849629,1.5394128529479991,0.08502009390021067,0.06332010793132317,0.8387715845172563,0.012888213651209846
exact,0.1,4,248,0.013019740133337246,1.53934751264294,0.08462833976774518,0.06288248930793874,0.839402459949694,0.013086710974622107
exact,0.1,4,249,0.05691258758636076,1.53932625668915,0.0875078442392188,0.05926030229145352,0.8391398501298795,0.014092003339448272
exact,0.1,4,250,0.13074887423786538,1.5351781189515887,0.08909041702856563,0.06232756951591316,0.8370959513915487,0.011486062063972562
exact,0.1,4,251,0.1397350572137519,1.532687518719566,0.08465130057024846,0.06893366120603206,0.8376175709011741,0.00879746732254536
exact,0.1,4,252,0.0727591451234062,1.5303695570959253,0.08885619627395396,0.06888038874362104,0.8346764891681127,0.007586925814312331
exact,0.1,4,253,0.14020809510063376,1.5264650062533212,0.08318609946273947,0.07033176585074784,0.8398738492849545,0.006608285401558247
exact,0.1,4,254,0.07316565393256386,1.5280629192998019,0.08169282063990306,0.06962260829287632,0.8411386339699418,0.007545937097278792
exact,0.1,4,255,0.10246897274868755,1.5219255990524023,0.07609167269761138,0.06770541857305148,0.8490201724372828,0.007182736292054426
exact,0.1,4,256,0.14506633303188118,1.5226943234876427,0.0790565861606955,0.07006205536032985,0.8447540805186989,0.00612727796027574
exact,0.1,4,257,0.1758277501425702,1.5159242364205514,0.07508565786351779,0.06529054211827454,0.8531676395913046,0.006456160426903106
exact,0.1,4,258,0.02317878319464714,1.5157932073492753,0.0756024664516831,0.0645748935145454,0.8531985753772475,0.006624064656524028
exact,0.1,4,259,0.07143791005987317,1.5146030434578697,0.07717660642131877,0.06322609272899397,0.8530138361085922,0.006583464741095147
exact,0.1,4,260,0.09301082075147672,1.5128991014666362,0.07850902803197903,0.06312710978784973,0.8524196159186657,0.0059442462615055475
exact,0.1,4,261,0.169995141529314,1.5102291408855877,0.07337292916102636,0.06531556740723242,0.8563324159690595,0.004979087462681737
exact,0.1,4,262,0.09081651524236518,1.5129785068333654,0.06655984555790162,0.06940102716615322,0.8589279338213831,0.005111193454562111
exact,0.1,4,263,0.1264219842364508,1.5141434314716626,0.06265046329601577,0.07241239543952345,0.8601278561938369,0.004809285070623977
exact,0.1,4,264,0.16086882022308657,1.5126963822412651,0.07000459549278087,0.06937768428516888,0.8560249923920121,0.004592727830038246
exact,0.1,4,265,0.20745106253919587,1.5087591707021204,0.05950980512176164,0.06609730186142009,0.8683636985602624,0.00602919445655573
exact,0.1,4,266,0.2008039932731338,1.5045037800079983,0.061005053479926366,0.06409404161956248,0.8695606889024022,0.005340215998108906
exact,0.1,4,267,0.27405567346580056,1.5257760172421686,0.04935307599949679,0.07081766032146675,0.8692525939973758,0.010576669681660716
exact,0.1,4,268,0.0430011684106547,1.5269628947221678,0.05091705475620942,0.072573796476886,0.8664522033313822,0.010056945435522373
exact,0.1,4,269,0.1160926844224643,1.5255725134305596,0.05689993442676362,0.0721748530023924,0.8618969323935213,0.009028280177322752
exact,0.1,4,270,0.17856894751418284,1.515700891800763,0.06593959621119197,0.0648510753431886,0.8614730580461614,0.007736270399458197
exact,0.1,4,271,0.18007165552402418,1.5102601343843884,0.06485589752588358,0.056865760395297595,0.8689665587288286,0.009311783349990315
exact,0.1,4,272,0.1316471142081103,1.5039245706801485,0.06092537008510077,0.05048910326100864,0.8782135008662262,0.010372025787664399
exact,0.1,4,273,0.3385197190603154,1.5104826801674918,0.06173602474096624,0.04748765851925765,0.8774185498075078,0.013357766932268353
exact,0.1,4,274,0.0523494569320101,1.5091436811473493,0.06262236437598333,0.047745662559217236,0.8768835401872008,0.012748432877598534
exact,0.1,4,275,0.4724636594642856,1.4853941980687113,0.09697538585668945,0.02294051639525907,0.8693411060508047,0.010742991697246618
exact,0.1,4,276,0.42657294124451084,1.5326290551108837,0.09356291213698292,0.024947990616933757,0.8570685015831584,0.024420595662924895
exact,0.1,4,277,0.408485571545917,1.5273924599228321,0.1282467668555856,0.014969625088835549,0.8346034387018346,0.022180169353744374
exact,0.1,4,278,0.09784492570055062,1.5239847209149833,0.13102511133935835,0.01938795422493414,0.8304629983904437,0.019123936045263905
exact,0.1,4,279,0.0939232663622023,1.5206609647561822,0.1291788378398003,0.018638934772146818,0.8335173023613367,0.01866492502671624
exact,0.1,4,280,0.2861874291932078,1.5229858928362983,0.12337795661034456,0.02502337741398819,0.8339266895028403,0.017671976472826863
exact,0.1,4,281,0.00998067006337431,1.5232877913809484,0.12298425323195325,0.024840016616256472,0.8342931905337148,0.017882539618075455
exact,0.1,4,282,0.3916898915485664,1.5578259100166367,0.13178679828857542,0.03693436245840147,0.8089268103830866,0.022352028869936647
exact,0.1,4,283,0.2134422104776166,1.552884554799893,0.12811228723293075,0.03978584483430299,0.8118237431765815,0.020278124756184714
exact,0.1,4,284,0.2782870184632185,1.5611450036255152,0.13818366841159493,0.029631411516903017,0.8068952084417049,0.025289711629797096
exact,0.1,4,285,0.6017103487379565,1.550537881760591,0.15143265811563422,0.03466201165034784,0.7954092016314318,0.018496128602585985
exact,0.1,4,286,0.17923904267989943,1.5538004856086867,0.14945933738303627,0.03986663775201835,0.7929422423024046,0.01773178256254074
exact,0.1,4,287,0.45975404460669633,1.516968942032472,0.15559489148297295,0.037355764811143305,0.8000693053057225,0.006980038400161245
exact,0.1,4,288,0.27458495649918896,1.51333743972518,0.1470613572474169,0.03738951320574593,0.8085421640484071,0.0070069654984301726
exact,0.1,4,289,0.10789220000742016,1.5102991915796853,0.14967768577858853,0.03738320652374809,0.8071716060122083,0.0057675016854550065
exact,0.1,4,290,0.012429113061849975,1.510256855797874,0.14929840584577417,0.03717031541704595,0.8076454262405979,0.005885852496581845
exact,0.1,4,291,0.30882751183174406,1.520500789650192,0.15862650139098003,0.025024241928494714,0.8040092558998275,0.01234000078069778
exact,0.1,4,292,0.01994456639256252,1.5202029561164059,0.15734093835898066,0.02505084007677621,0.8051984291911688,0.012409792373074425
exact,0.1,4,293,0.14225064509400434,1.517990551059185,0.15096348630407402,0.022539010822304806,0.8129505635377561,0.013546939335865217
exact,0.1,4,294,0.5007473932922263,1.543398488318533,0.14502149213282636,0.026128920687459083,0.8083710699673474,0.020478517212367153
exact,0.1,4,295,0.32208991270193826,1.5452931512041577,0.14193278727120892,0.012743268613189137,0.8187729536491851,0.026550990466416874
exact,0.1,4,296,0.4239841159406835,1.5271588630628636,0.15036106386826953,0.02058945807343294,0.8119637717400187,0.01708570631827884
exact,0.1,4,297,0.3380890180681485,1.5419052131390147,0.15009262753260424,0.017024984397988094,0.810033303645302,0.02284908442410568
exact,0.1,4,298,0.21366653671402283,1.5253195182350616,0.14243711853882918,0.021264996149906512,0.8189808711106548,0.01731701420060957
exact,0.1,4,299,0.24316694219838578,1.5187689251479959,0.12407683111642491,0.020775646678122407,0.8371953497217094,0.01795217248374339
noisy,0.1,0,0,0.2001022311393181,3.093774079210045,0.20594192355981442,0.17462585581761073,0.20838478005004632,0.4110474405725285
noisy,0.1,0,1,0.6543278712895703,2.897518212411178,0.22166896927358543,0.19702508446438988,0.23844096174835716,0.34286498451366754
noisy,0.1,0,2,1.1642830577853611,2.3340079729664183,0.2513373992357923,0.24397432477047457,0.3492231447397311,0.15546513125400202
noisy,0.1,0,3,0.9586578066053337,2.09711596757118,0.2918679409660811,0.2354466569191928,0.38910484038155774,0.08358056173316843
noisy,0.1,0,4,0.26163579553831406,2.076939081506885,0.3059189718594286,0.21207669626790285,0.3972267667294358,0.08477756514323274
noisy,0.1,0,5,0.17434724661288709,2.064942512193616,0.32782926154439856,0.20186000747906488,0.38812830962897754,0.08218242134755911
noisy,0.1,0,6,0.7634805222682183,1.982568310173131,0.3489230520694782,0.2862664919973958,0.3426091374986297,0.022201318434496384
noisy,0.1,0,7,0.2140415674250104,1.9663942839052304,0.3358327319098319,0.2992966146257438,0.35068388897112596,0.014186764493298415
noisy,0.1,0,8,0.22307524840580267,1.9556180119037698,0.3444101259947631,0.29610342847428783,0.3484198851175341,0.011066560413414956
noisy,0.1,0,9,0.14046616881969357,1.9531337612177213,0.3383362340082771,0.2942711975946769,0.35549639096051167,0.011896177436534414
noisy,0.1,0,10,0.4179420665022917,1.9165699078436231,0.3402129280140907,0.2393383765676875,0.3981907237832324,0.02225797163498945
noisy,0.1,0,11,0.1586596444249153,1.9074860694055755,0.33603532404855857,0.2386057556981602,0.40491158060026733,0.020447339653013975
noisy,0.1,0,12,0.15672513091703877,1.9071532962128637,0.3391859395456856,0.22793886191487084,0.40881836662654614,0.024056831912897383
noisy,0.1,0,13,0.44242890335153784,1.8786786508682378,0.3330332278535384,0.20730832440858557,0.43512919791030774,0.024529249827568374
noisy,0.1,0,14,0.4737186388927515,1.7955123918198737,0.3469385600049106,0.15134682651955744,0.48193865859947943,0.019775954876052538
noisy,0.1,0,15,0.1830776873684954,1.7808127833050975,0.3394917556455226,0.15453337360040625,0.4907394832234235,0.015235387530647676
noisy,0.1,0,16,0.006608323066028987,1.7807489457161008,0.3401819493566639,0.1549573584644872,0.48990295684501306,0.014957735333835842
noisy,0.1,0,17,0.3282821260159846,1.74741380062728,0.3115739536451191,0.12532567550058848,0.5426131359122406,0.0204872349420519
noisy,0.1,0,18,0.07315750989946429,1.7445385155365691,0.314621463112276,0.1271792399112545,0.5396911613191102,0.018508135657359332
noisy,0.1,0,19,0.12060222814907394,1.7478094825888288,0.3199749180711503,0.11720749659345106,0.5402297768756834,0.022587808459715197
noisy,0.1,0,20,0.17914469041279485,1.7386162584147908,0.3320734076561088,0.12272488254158775,0.529108143960423,0.016093565841880375
noisy,0.1,0,21,0.17619282781379297,1.750973465108539,0.304724562041947,0.1259901251111436,0.5470702506090497,0.022215062237859674
noisy,0.1,0,22,0.2854997654329057,1.7536169817012544,0.3419043652296495,0.12852497519966954,0.5126385447299118,0.01693211484076921
noisy,0.1,0,23,0.20622584165539581,1.7456150764209433,0.30717524143749886,0.1268514048927426,0.5460053941391779,0.019967959530580576
noisy,0.1,0,24,0.39870883466210216,1.7554865816417211,0.27191858920582657,0.17405320503265148,0.5445725415241134,0.00945566423740862
noisy,0.1,0,25,0.18464337764307823,1.7401370125632263,0.3178974082949863,0.1533857607371997,0.5220718739714353,0.006644956996378815
noisy,0.1,0,26,0.08545832749223325,1.7392228696020904,0.3200259989715664,0.15024042668908183,0.5224343814470256,0.007299192892326209
noisy,0.1,0,27,0.021327779232524324,1.73866208303265,0.32199448921778373,0.15079406134132867,0.5205609669667741,0.006650482474113569
noisy,0.1,0,28,0.05970956488745252,1.7361373694789026,0.3301127204832492,0.14508840291120037,0.5178009333304809,0.006997943275069676
noisy,0.1,0,29,0.5867497285595167,1.7109977812745216,0.2599693526748824,0.14066124331768626,0.5885380584502776,0.010831345557153744
noisy,0.1,0,30,0.34729094629874446,1.675810659805163,0.2978135289837111,0.10517684743213813,0.5880196531414194,0.008989970442731409
noisy,0.1,0,31,0.13946933368570277,1.6721248652292295,0.3104360170868127,0.09972832132510644,0.5815502679746872,0.00828539361339362
noisy,0.1,0,32,0.048635731352260014,1.6701334710640021,0.31360533798230183,0.09987724562826575,0.5793082576818653,0.007209158707567139
noisy,0.1,0,33,0.26845108257257483,1.642719106296652,0.2943363464660249,0.07483716711298946,0.6194683296871157,0.011358156733869872
noisy,0.1,0,34,0.15825914515298833,1.632874687286048,0.2624102764606496,0.07998866083498969,0.6468272731321918,0.010773789572169012
noisy,0.1,0,35,0.07248646584339444,1.6288004996483814,0.26716838803944976,0.07882916013145057,0.6446269477038291,0.009375504125270571
noisy,0.1,0,36,0.2754479877243294,1.6146763643214337,0.2639274767172217,0.06277903580925605,0.6614949213685739,0.011798566104948331
noisy,0.1,0,37,0.07130615675123408,1.6136469268845353,0.2719740305763033,0.06161254157602192,0.6555522878239954,0.010861140023679343
noisy,0.1,0,38,0.043596194277051525,1.6149806147411345,0.2748891122141416,0.05965987519005721,0.653838268530299,0.011612744065502202
noisy,0.1,0,39,0.05833731008460713,1.6131915786061315,0.2731767962750815,0.05812980591446398,0.6567920777626441,0.011901320047810403
noisy,0.1,0,40,0.19283842355362082,1.605251554524675,0.2835702825170918,0.049506172395393226,0.6554585421551942,0.011465002932320847
noisy,0.1,0,41,0.22799202159512788,1.5960836155804532,0.2691703263687292,0.054122213211701485,0.6677875766255201,0.00891988379404916
noisy,0.1,0,42,0.2983303569140847,1.5768558387843856,0.2446930570103669,0.05023485059221018,0.697070891477137,0.008001200920286031
noisy,0.1,0,43,0.21812669647624716,1.5823549130310581,0.2404824030302683,0.06153481906698296,0.6921249649470128,0.005857812955735876
noisy,0.1,0,44,0.03532966090715551,1.5824884038631182,0.24248466728177862,0.06202674469491052,0.6900472793360447,0.005441308687266263
noisy,0.1,0,45,0.19355935169151095,1.5742557299819933,0.22155314263661807,0.05757079220969825,0.7133727163565987,0.007503348797085015
noisy,0.1,0,46,0.19331172423553608,1.576847670190351,0.2133888035770721,0.0652829536353849,0.7149290307111347,0.006399212076408341
noisy,0.1,0,47,0.04959102446446195,1.5755083568530523,0.21038558977989769,0.06455788262513994,0.7183769566889078,0.00667957090605454
noisy,0.1,0,48,0.17566553126089335,1.5703585782596396,0.19372776411822695,0.05663551217953793,0.7392396197521737,0.010397103950061473
noisy,0.1,0,49,0.013537322805496271,1.5701872788366458,0.19448776114953567,0.05602414176794148,0.7390080417723839,0.010480055310139116
noisy,0.1,0,50,0.16470310180448056,1.5648835560873915,0.18395333684257972,0.0566899605570361,0.7493100788501699,0.01004662375021446
noisy,0.1,0,51,0.03570835818536621,1.5631988052020602,0.18505874904531516,0.05572786352193526,0.7494429120406457,0.00977047539210384
noisy,0.1,0,52,0.23251604351098643,1.5483369101014295,0.180048242935098,0.04652507616148817,0.7638732222836773,0.009553458619736683
noisy,0.1,0,53,0.08232813552022038,1.546784104450852,0.17864825234389053,0.047997894833666455,0.7646392363306271,0.008714616491816018
noisy,0.1,0,54,0.1604020405735358,1.5408476863953653,0.16578097989370136,0.04311521429812624,0.7805880896917465,0.010515716116425657
noisy,0.1,0,55,0.1665314898535147,1.5355724719011365,0.15833268240470513,0.0332404889536023,0.7947226917910559,0.013704136850636464
noisy,0.1,0,56,0.11799745803000405,1.5294029326441276,0.15353777157263854,0.030445565782457606,0.8024446688689519,0.013571993775951995
noisy,0.1,0,57,0.13601383804925773,1.5308473496078634,0.14920149340799116,0.03438879620666057,0.8033491938346624,0.013060516550685953
noisy,0.1,0,58,0.038981360039906134,1.5295005101051773,0.14795727165598985,0.0344816980960294,0.8047723443167855,0.012788685931195322
noisy,0.1,0,59,0.02927912648883693,1.5298332625613011,0.14837845233030802,0.03474513215289229,0.804144832575368,0.01273158294143166
noisy,0.1,0,60,0.11423019490321171,1.5224604913836206,0.14237727055013558,0.03677842215537194,0.810289685196733,0.010554622097759486
noisy,0.1,0,61,0.2255519027297845,1.5176668923107286,0.16947948225107903,0.027977409445880126,0.7935919451532777,0.008951163149763174
noisy,0.1,0,62,0.20100787441479084,1.5112998660627333,0.15426896229686596,0.024624366885182065,0.8107697430492867,0.010336927768665329
noisy,0.1,0,63,0.10748757824185264,1.5101187192954384,0.15103066704678497,0.026486913942663164,0.8127834722526712,0.009698946757880784
noisy,0.1,0,64,0.2846699834393799,1.4997994396800431,0.12455649877548028,0.027726834203451154,0.8381004346058434,0.009616232415225218
noisy,0.1,0,65,0.039604084339225354,1.5013378034303315,0.12662575462249592,0.028213031993469306,0.8355434576131819,0.009617755770852854
noisy,0.1,0,66,0.014331145549658093,1.5010665331249742,0.12693686720551234,0.027906696324137965,0.8355425971728471,0.009613839297502636
noisy,0.1,0,67,0.27167437559692087,1.4875208422485728,0.12092293494558842,0.020346559844283175,0.8494663891738616,0.009264116036266708
noisy,0.1,0,68,0.25710655679577,1.4969829222757318,0.10157521974918932,0.027629135130351076,0.8589989553135274,0.011796689806932202
noisy,0.1,0,69,0.35081475960323594,1.4899728429108612,0.10697370095693447,0.02844569665321395,0.8558717424912344,0.008708859898617137
noisy,0.1,0,70,0.013331923715303562,1.4898734090023418,0.10690177068010909,0.027808099240637835,0.8563582288345393,0.00893190124471388
noisy,0.1,0,71,0.27396275402279624,1.476483641152986,0.10093301691820007,0.031150788753902814,0.8634572602444588,0.004458934083438142
noisy,0.1,0,72,0.05279890312813161,1.4790004486950485,0.1017376043357896,0.03137841794407583,0.8618696367240994,0.005014340996034947
noisy,0.1,0,73,0.07114476615679512,1.4795693909024148,0.10086835749605538,0.03431123228559472,0.8606438811741197,0.004176529044230326
noisy,0.1,0,74,0.05755316235590757,1.4801617202428539,0.10405173658686452,0.031993143202587,0.8591301825233442,0.004824937687204301
noisy,0.1,0,75,0.2657906905398698,1.4718468616172586,0.10872716542360271,0.027721946633307838,0.8601666478582971,0.0033842400847924788
noisy,0.1,0,76,0.10382637374568734,1.471223094089664,0.10836981003871604,0.02834328347301809,0.8602783767968349,0.003008529691430754
noisy,0.1,0,77,0.07814402644289613,1.4727816230689845,0.11546820201848419,0.025010819318695903,0.8556981949571772,0.003822783705642706
noisy,0.1,0,78,0.02209815666428802,1.4717448406189888,0.1152405395209387,0.024808884780329138,0.8563286535161092,0.003621922182622997
noisy,0.1,0,79,0.04650258115725593,1.4718348057240405,0.1180841564340974,0.024524317763364174,0.8540028251304974,0.003388700672040974
noisy,0.1,0,80,0.00597201962955296,1.47188494123153,0.11825758776396753,0.024693518690627962,0.8537323486180249,0.0033165449273794296
noisy,0.1,0,81,0.26456680530682153,1.458787294409738,0.10225622322925272,0.020850921299953237,0.8739246235295942,0.002968231941199852
noisy,0.1,0,82,0.0981528116913982,1.4616110136524738,0.09548685150911924,0.021851828209439466,0.8783637624772141,0.004297557804227106
noisy,0.1,0,83,0.25546546711120754,1.465844912294395,0.0824430801921114,0.020686098806526703,0.8891934914180596,0.0076773295833023935
noisy,0.1,0,84,0.011841424577869825,1.466292161850262,0.08195921654725781,0.021039070922157493,0.8892639980693091,0.007737714461275668
noisy,0.1,0,85,0.13749274528236174,1.4649938627915315,0.07451886094987965,0.02649175944350274,0.892758345162706,0.006231034443911596
noisy,0.1,0,86,0.1694124329776975,1.460791684824547,0.09184243338010835,0.017205096468430405,0.8846572987434362,0.00629517140802501
noisy,0.1,0,87,0.05043940576724672,1.459444743237387,0.08722418606806474,0.016560029448232868,0.8894797485010404,0.006736035982662038
noisy,0.1,0,88,0.09774360004812535,1.4564875115967553,0.08312561819592398,0.01651656988317668,0.8939552152631958,0.0064025966577035825
noisy,0.1,0,89,0.11437664095428775,1.4626436174858968,0.0936657263006162,0.018938200395330763,0.881447012592638,0.005949060711415033
noisy,0.1,0,90,0.014157362061087378,1.4625225927394891,0.09358872270283215,0.018763109335526152,0.8816583496519587,0.005989818309683091
noisy,0.1,0,91,0.086488959717098,1.4596922412302145,0.08956106680021779,0.01815538579899813,0.8863827528979071,0.005900794502877023
noisy,0.1,0,92,0.044315780926263953,1.4573762233057768,0.08764570847474436,0.01823323855522348,0.8886902953333755,0.005430757636656466
noisy,0.1,0,93,0.10451522297807969,1.4583939715145127,0.09212794233447352,0.017735977941954924,0.88479110898189,0.005344970741681613
noisy,0.1,0,94,0.047871403745375574,1.4561443076714717,0.08523618489537874,0.018024258685870292,0.891284556204273,0.00545500021447801
noisy,0.1,0,95,0.20916552755516024,1.4543430149436913,0.08014215213169014,0.019386316909563488,0.8954148516489508,0.005056679309795478
noisy,0.1,0,96,0.014346669556107722,1.4545296852590397,0.07899175422807998,0.019899167904328538,0.8960445968376138,0.005064481029977546
noisy,0.1,0,97,0.2960284962900914,1.4391900942870495,0.07648787839063288,0.01607912068544574,0.9051426420703673,0.002290358853554122
noisy,0.1,0,98,0.13707512982073303,1.4346583890230182,0.06789179909952635,0.016391766400371467,0.9137876667692443,0.0019287677308579237
noisy,0.1,0,99,0.2685811201343319,1.452438911298725,0.0688573203669518,0.013931448589282875,0.909193699895787,0.008017531147978292
noisy,0.1,0,100,0.2299479202541984,1.4448498252618416,0.07333662855435533,0.016073624011991534,0.906213812527127,0.004375934906526177
noisy,0.1,0,101,0.0962402436591213,1.4400234629460669,0.07363875311554828,0.017036677028190825,0.9067861143694815,0.0025384554867792664
noisy,0.1,0,102,0.015331193502061108,1.4404319129869365,0.0734953324977765,0.017106932494350736,0.9067464543562238,0.002651280651648994
noisy,0.1,0,103,0.2124517678457778,1.4398122597304648,0.08469087202512361,0.01684829361786612,0.8973324637277152,0.001128370629295045
noisy,0.1,0,104,0.0600385842495601,1.4383369314952317,0.07906348727407937,0.01680408545902372,0.902701928366074,0.0014304989008230187
noisy,0.1,0,105,0.06901280860765893,1.436677465894288,0.072523126866621,0.0171221699675829,0.9086985119866601,0.0016561911791360647
noisy,0.1,0,106,0.011598092556232897,1.4367522897752343,0.07275699734394829,0.017246173489192176,0.9083956517868182,0.0016011773800413138
noisy,0.1,0,107,0.19707540004747046,1.4344280559955,0.06439200255006226,0.016396843023194288,0.916904546259316,0.0023066081674274035
noisy,0.1,0,108,0.05182140422402881,1.4364205729996244,0.06856981492110469,0.016631113175106956,0.9125254082008535,0.0022736637029349234
noisy,0.1,0,109,0.05790863088914133,1.437995034054692,0.06411666961065345,0.018658312896136908,0.9146858226040174,0.002539194889192335
noisy,0.1,0,110,0.13902231253450734,1.4403270408224302,0.05765716094384061,0.018549402343733843,0.9196943485212626,0.004099088191162939
noisy,0.1,0,111,0.07261072572437055,1.4404105182368605,0.06050839457756685,0.018955775255859668,0.9169313651163802,0.0036044650501933398
noisy,0.1,0,112,0.008534604241139165,1.4405200068560624,0.061033405498135705,0.019183046567294096,0.9163003075561473,0.0034832403784228567
noisy,0.1,0,113,0.20737701128819083,1.4494266689737068,0.0682112695834914,0.012318641501423281,0.9116494380949985,0.0078206508200868
noisy,0.1,0,114,0.05512652798206511,1.4497442719875386,0.06636345038360976,0.01249401730097433,0.91305773330941,0.008084799006005802
noisy,0.1,0,115,0.05557090540532908,1.4489023073247673,0.06584186247490806,0.012053736213388818,0.9140350151984693,0.00806938611323373
noisy,0.1,0,116,0.17247745203785658,1.449068433787837,0.06272873417490286,0.014046924508765534,0.9154659382530572,0.007758403063274402
noisy,0.1,0,117,0.3091157582472082,1.4433358494130941,0.06941258991964665,0.010749604115606111,0.9133809051441215,0.006456900820625749
noisy,0.1,0,118,0.08733395916642628,1.4428586624372033,0.06570015965387598,0.011929416537389905,0.9160288116085569,0.0063416122001772575
noisy,0.1,0,119,0.00885052460362104,1.4430437913234238,0.06573665758005583,0.011661510310424943,0.9161079764597545,0.006493855649764832
noisy,0.1,0,120,0.07582328371936509,1.4450596379066363,0.07222793478920511,0.012418387073674573,0.9093814481276227,0.005972230009497606
noisy,0.1,0,121,0.11713988602859932,1.4366026417082516,0.06649805619710568,0.010509075422749104,0.918069091144848,0.004923777235297243
noisy,0.1,0,122,0.04792052894481458,1.43632270298648,0.06640878549626272,0.010013334260726198,0.9185370487197344,0.005040831523276615
noisy,0.1,0,123,0.03807486986042988,1.4353362888423664,0.06514794805735781,0.009776775400251287,0.9200757560287947,0.004999520513596117
noisy,0.1,0,124,0.04685748806223271,1.4341516929546905,0.06674353214854045,0.007706182152337669,0.9203184242070969,0.005231861492024956
noisy,0.1,0,125,0.02114509808016038,1.4340847305116915,0.06677737958835235,0.007802535090539252,0.9202490964098053,0.005170988911303108
noisy,0.1,0,126,0.1566394082619809,1.4292767706921594,0.06559574440359496,0.008045684997614199,0.9225557037536848,0.00380286684510591
noisy,0.1,0,127,0.01690799074131006,1.4291856283643536,0.0658296183909174,0.008266746587048655,0.9222418681031082,0.0036617669189258077
noisy,0.1,0,128,0.14727265276596924,1.4349789647740465,0.08475522443194405,0.013709338408195474,0.9006535853692198,0.0008818517906407165
noisy,0.1,0,129,0.030204193614190022,1.4349497897268635,0.08498479719686998,0.013592037810080136,0.9005347956477423,0.0008883693453075667
noisy,0.1,0,130,0.09338869808125275,1.4354740420874033,0.0840262626271899,0.011809720609396886,0.9023181547470974,0.0018458620163157786
noisy,0.1,0,131,0.06659781924099661,1.4351728679591287,0.0836957579429783,0.011601522796028997,0.9028244650305377,0.0018782542304548507
noisy,0.1,0,132,0.13453705274732722,1.4329452321055272,0.07721961335117025,0.01163575345314787,0.9091089657353315,0.002035667460350406
noisy,0.1,0,133,0.002311492309672758,1.4329232942134238,0.07730520956448317,0.011581365457248678,0.9090745392084678,0.0020388857698003414
noisy,0.1,0,134,0.05722474789945409,1.4351499167200605,0.07733260213210354,0.011620249588684142,0.9083659235701044,0.0026812247091078834
noisy,0.1,0,135,0.04749833429814318,1.4362087845096103,0.07480546571731286,0.011761708167900104,0.9101671392580112,0.0032656868567758706
noisy,0.1,0,136,0.11179148373776115,1.4339820229556444,0.07450032388166257,0.011509575459281458,0.9112500035034052,0.0027400971556506416
noisy,0.1,0,137,0.0355926372110847,1.4329771093503159,0.06966388468150646,0.011526890560505227,0.9157541015432715,0.0030551232147167915
noisy,0.1,0,138,0.21167245386750408,1.4395311884689266,0.07506119865352899,0.011979502605856883,0.9088235545239567,0.004135744216657402
noisy,0.1,0,139,0.03710802644491196,1.4398387516013957,0.07500546982836526,0.011533488995996198,0.9090570768903476,0.004403964285290989
noisy,0.1,0,140,0.07793235380668134,1.4423802137298387,0.06739863387705525,0.014383299994900452,0.9131701229775804,0.005047943150463986
noisy,0.1,0,141,0.15101383082801434,1.4465697207602777,0.05958012638729618,0.016711711151263298,0.9173028594520505,0.00640530300939012
noisy,0.1,0,142,0.09975005920859954,1.4452047273967692,0.0576932740376727,0.018514744258735956,0.9182368950808157,0.00555508662277564
noisy,0.1,0,143,0.10848783752298945,1.4612764763112625,0.061227800076017615,0.021065060833352835,0.9088068734507382,0.008900265639891472
noisy,0.1,0,144,0.10447159744799092,1.4563999467505435,0.06427526008499373,0.021052343774808937,0.907604363020502,0.007068033119695407
noisy,0.1,0,145,0.06189102135831448,1.4543822109085578,0.06402542167347583,0.02173733365374598,0.9079967442014042,0.006240500471374004
noisy,0.1,0,146,0.02150905671878777,1.4543357829976247,0.06287779929129124,0.02141728260839436,0.9092093007897338,0.006495617310580555
noisy,0.1,0,147,0.01590058417059481,1.4538274243057123,0.0629014104084107,0.021608287910974622,0.9092212843160387,0.006269017364575892
noisy,0.1,0,148,0.0594822260143707,1.4512922393866952,0.06376928004451783,0.020620572988815495,0.9098282650759839,0.005781881890682659
noisy,0.1,0,149,0.026623062713770795,1.4500660340723512,0.06308803568957737,0.01985383426838338,0.911260815292031,0.005797314750008343
noisy,0.1,0,150,0.1393145254405681,1.444977321681015,0.07067824254998892,0.018110761281150366,0.9072321678884261,0.003978828280434671
noisy,0.1,0,151,0.04945260164095089,1.44610648328143,0.0680881008381788,0.018384279393761332,0.9089859369165184,0.004541682851541478
noisy,0.1,0,152,0.1931527869193812,1.4414104365991955,0.0750947288189465,0.014444442588672423,0.906710419022402,0.003750409569979079
noisy,0.1,0,153,0.0011027357075366617,1.4414285057949028,0.07513489083336294,0.014475755490196338,0.9066506595375945,0.0037386941388462564
noisy,0.1,0,154,0.02371792018530056,1.4412432125194576,0.075323563264452,0.014395145270118917,0.9065910796333606,0.0036902118320685092
noisy,0.1,0,155,0.03587999463779849,1.4412143807957816,0.07685687109807209,0.014861922522704173,0.904974048385589,0.00330715799363479
noisy,0.1,0,156,0.027860773407155648,1.4419523957014506,0.07746847360388108,0.0146534956059985,0.9043510315241251,0.0035269992659953562
noisy,0.1,0,157,0.04149797402787987,1.4417610983008813,0.07744028424871024,0.014859894481240086,0.9043045634910953,0.0033952577789542865
noisy,0.1,0,158,0.11779131969669876,1.4472907974594909,0.08110171756019804,0.015126849939077463,0.8993075040072855,0.004463928493438975
noisy,0.1,0,159,0.03980348744080402,1.4482331766831118,0.08433753682933737,0.015934491993870717,0.8957079731282809,0.004019998048511119
noisy,0.1,0,160,0.053157601144630126,1.4482379303916144,0.08248558089054094,0.01589241474528266,0.8973465211175679,0.004275483246608501
noisy,0.1,0,161,0.0300063782022338,1.4486034245001214,0.08464951274443691,0.015625094942624842,0.8955178136146937,0.004207578698244408
noisy,0.1,0,162,0.029852085647871382,1.4478932376092055,0.08266941601639843,0.016926206604945888,0.8966485728823413,0.0037558044963144042
noisy,0.1,0,163,0.22977017779485365,1.4516528034294118,0.062359329223286776,0.01942793935130178,0.9116891227112817,0.006523608714129863
noisy,0.1,0,164,0.030183237401069762,1.4513804079251003,0.06345930869601889,0.01827432252756366,0.9115251018926125,0.006741266883805023
noisy,0.1,0,165,0.1281502822530456,1.4557040139680832,0.063681307381153,0.022161905279981065,0.9076417623511364,0.006515024987729464
noisy,0.1,0,166,0.0998743217496667,1.4590923473117536,0.06383398373385879,0.024420692682334693,0.9051050444044202,0.0066402791793864525
noisy,0.1,0,167,0.10732306275167502,1.4609958249074682,0.06740004582460728,0.029510154466999398,0.8982812549408383,0.004808544767555003
noisy,0.1,0,168,0.03878106488264166,1.4611557515417413,0.0685934492978802,0.029798273685443594,0.8970152025354579,0.004593074481218466
noisy,0.1,0,169,0.361801152658881,1.4619815632997812,0.058456821740426164,0.023264731852229683,0.9096520611949493,0.00862638521239475
noisy,0.1,0,170,0.18472420519101398,1.4522850346200569,0.048526582930550226,0.02679617406886008,0.919003323604129,0.005673919396460794
noisy,0.1,0,171,0.042096799990395395,1.4526914051661992,0.05048309207508345,0.026439746505770266,0.9173968508337188,0.00568031058542747
noisy,0.1,0,172,0.049173531733686104,1.4529313092534744,0.050628836397800414,0.026784267739663924,0.9169852439264814,0.0056016519360541205
noisy,0.1,0,173,0.1611824648862239,1.4620033837280932,0.056997609706988084,0.022588014559849746,0.9113370420217736,0.009077333711388679
noisy,0.1,0,174,0.025352524226764192,1.4622568911535199,0.056720370423701504,0.023334236847947977,0.9110415847412608,0.008903807987089743
noisy,0.1,0,175,0.26084851661580555,1.4659884836779644,0.0599302562201241,0.034696730851957576,0.9001024553919534,0.0052705575359648735
noisy,0.1,0,176,0.0037894602224700577,1.4658763767983327,0.05998466305101425,0.03464746639754293,0.9001187644787787,0.005249106072664187
noisy,0.1,0,177,0.050826436642091306,1.4649032973890408,0.06194871655997364,0.032536439505630774,0.9000015071654979,0.005513336768897719
noisy,0.1,0,178,0.14310920109855985,1.4670686608256647,0.057073354687463405,0.031656026034125366,0.9041548042161891,0.007115815062222045
noisy,0.1,0,179,0.026743097364669694,1.4671238343035131,0.05665128428472451,0.03211501256367966,0.9042223856152105,0.007011317536385265
noisy,0.1,0,180,0.06127517215209038,1.4694164758964328,0.06138072243457945,0.03273087400093853,0.8990375291401559,0.006850874424326225
noisy,0.1,0,181,0.10741965904599116,1.4720332372852618,0.06279679273354459,0.03198060893954978,0.8974910645727913,0.007731533754114378
noisy,0.1,0,182,0.1137910938123241,1.47203106568561,0.06480362827116151,0.030826780103786377,0.8964562908906878,0.007913300734364328
noisy,0.1,0,183,0.14762349880766124,1.47505136479073,0.06556689742742049,0.036643542480773096,0.89129561417515,0.006493945916656391
noisy,0.1,0,184,0.03744540431653208,1.4745461668370683,0.06499051605730094,0.03644803771307204,0.8920688462808647,0.0064925999487624435
noisy,0.1,0,185,0.06283495929674285,1.4727706951971384,0.06635734868497589,0.03662246898717833,0.8912961331755205,0.005724049152325361
noisy,0.1,0,186,0.12114993738941848,1.4706826365916086,0.06568218357011751,0.03619706301771361,0.8927672289924247,0.005353524419744252
noisy,0.1,0,187,0.36995633777696574,1.4540715217951128,0.06377634840321633,0.023494903896213455,0.9072179962725836,0.005510751427986671
noisy,0.1,0,188,0.12066066130064367,1.451892591936884,0.06543224003794892,0.02111915389327039,0.907891519182833,0.005557086885947606
noisy,0.1,0,189,0.21199531261809199,1.4508538769366082,0.06737916192252816,0.018925522460596117,0.9078603856788088,0.005834929938066961
noisy,0.1,0,190,0.1074880165047948,1.4498520396928634,0.06559463139347872,0.020632127162524213,0.9086568792861278,0.005116362157869194
noisy,0.1,0,191,0.056839938531630156,1.4482784343146646,0.06767327979902968,0.021803786058515268,0.9065861028075868,0.003936831334868232
noisy,0.1,0,192,0.11216272802557735,1.4433173235582593,0.06149715408093929,0.020917986609446857,0.913991606124078,0.0035932531855359263
noisy,0.1,0,193,0.0012264842225704342,1.4432935373695739,0.06146346665292209,0.020944315674381413,0.9140117380727689,0.0035804795999275626
noisy,0.1,0,194,0.20819025072269082,1.4462161808082579,0.05635048424859136,0.022478335434723464,0.91665356292787,0.004517617388815107
noisy,0.1,0,195,0.1884824387554539,1.457203143932535,0.06373589018850528,0.02118952289296927,0.9077514143350428,0.007323172583482681
noisy,0.1,0,196,0.10210322246421187,1.4541487681252532,0.057528855340176696,0.02013366501436659,0.9147238970160831,0.007613582629373509
noisy,0.1,0,197,0.006347156036645568,1.453872986813269,0.05744909820824136,0.019921106371112354,0.9150068973974509,0.007622898023195377
noisy,0.1,0,198,0.1364797260088378,1.4466509889300143,0.05531287348633077,0.021299978546879567,0.9181591039025622,0.005228044064227522
noisy,0.1,0,199,0.0376084670831921,1.446950129169559,0.053035143702390666,0.021678885985254692,0.9198223241941079,0.005463646118246698
noisy,0.1,0,200,0.08605770458234474,1.4468712809251871,0.06154225022243978,0.021525209652835636,0.9125217835107291,0.004410756613995531
noisy,0.1,0,201,0.07433112715953069,1.4436144563652495,0.06496129164917265,0.02199428888488087,0.9102164745307233,0.0028279449352231604
noisy,0.1,0,202,0.2072986762213986,1.449744788336232,0.06156319559891736,0.024507627371564897,0.9098044833746165,0.004124693654901148
noisy,0.1,0,203,0.14067239200812764,1.4469018965511753,0.056600468548370614,0.020086986156535303,0.9177127731443193,0.005599772150774895
noisy,0.1,0,204,0.20745302661089224,1.4414039035309936,0.04986140751526298,0.02717397990264655,0.9208340752060988,0.0021305373759916216
noisy,0.1,0,205,0.01060978116001976,1.4414207242954367,0.05053207399829145,0.027163036589275616,0.9202508621658112,0.0020540272466217885
noisy,0.1,0,206,0.18780461119022124,1.4464123948992091,0.05259095719171872,0.027752455035511114,0.916608884296663,0.0030477034761071295
noisy,0.1,0,207,0.003166124812559845,1.4463602365551729,0.05272651429322614,0.02770884909120777,0.9165331277745159,0.0030315088410501445
noisy,0.1,0,208,0.039264679560438207,1.446000087406036,0.0537172438611016,0.026837083153966712,0.9163156157831579,0.003130057201773883
noisy,0.1,0,209,0.009189025673549622,1.4460164332079124,0.05405628297192697,0.026777444103074026,0.9160519935891389,0.003114279335860047
noisy,0.1,0,210,0.005787102103931421,1.4462420599938601,0.053917736462534574,0.026771783704350675,0.9161093791576902,0.0032011006754245636
noisy,0.1,0,211,0.021612378675491026,1.446008486390391,0.053512756971988935,0.02713931387095456,0.9163043608291872,0.003043568327869341
noisy,0.1,0,212,0.037061355728656056,1.4447241908803083,0.05156569074213893,0.027201062961279283,0.9183454446099103,0.0028878016866714443
noisy,0.1,0,213,0.15280927932472027,1.4451985115202484,0.04749389120895682,0.02560205956071457,0.9227464165560118,0.004157632674316882
noisy,0.1,0,214,0.1680051532865036,1.4468342543260855,0.039847754282088005,0.031199997225482046,0.9254656009763185,0.0034866475161115544
noisy,0.1,0,215,0.2847754477872509,1.4437309284021214,0.04651812441624798,0.02445629177146176,0.9247426110765399,0.004282972735750423
noisy,0.1,0,216,0.08819041516980985,1.4386970341507426,0.04903043396473928,0.020384786368739458,0.9265661618305575,0.004018617835963605
noisy,0.1,0,217,0.014248017797945475,1.4387905264997016,0.04869976210279421,0.02041922870707351,0.9268055517932021,0.004075457396930215
noisy,0.1,0,218,0.01682494477718076,1.4384031857764972,0.049749178067426465,0.020416358041742678,0.9260068208975171,0.00382764299331385
noisy,0.1,0,219,0.10534467254765294,1.437253430459626,0.04135075679142921,0.02532808890948395,0.9306334785732974,0.0026876757257895214
noisy,0.1,0,220,0.013904023810756075,1.4373735003747488,0.040867356572260684,0.02539012783459991,0.9309812054316624,0.0027613101614769515
noisy,0.1,0,221,0.11387289928970896,1.4376118571882721,0.03861814668043586,0.025559805827846307,0.9327679669062513,0.003054080585466564
noisy,0.1,0,222,0.15981266739545327,1.4379491886729538,0.04477947221144071,0.02339758509036547,0.9286309328280088,0.0031920098701850425
noisy,0.1,0,223,0.04238139446242746,1.4371670914157375,0.0452649242303895,0.023017259602091632,0.9286750433764115,0.0030427727911074023
noisy,0.1,0,224,0.06665624285233207,1.4366394447209316,0.04491038177477673,0.02287691827954027,0.9292278744226432,0.0029848255230398428
noisy,0.1,0,225,0.06350748083205021,1.4377023816866803,0.04819076530467947,0.023915944255814836,0.9254071780711176,0.002486112368388126
noisy,0.1,0,226,0.16133673972799414,1.4415978942013699,0.046773064097826625,0.028188735975424515,0.922842226831269,0.0021959730954798124
noisy,0.1,0,227,0.09997430801740848,1.4394648736042848,0.04708200035672483,0.027835225283610033,0.9234246227389145,0.0016581516207506124
noisy,0.1,0,228,0.038572791073238785,1.4407845684386826,0.04563768805327528,0.028796729572975497,0.9236976296107818,0.001867952762967396
noisy,0.1,0,229,0.11596180642372972,1.4367856947365236,0.0518770239623364,0.021000030147769,0.9242692576865872,0.0028536882033074204
noisy,0.1,0,230,0.05279090142575993,1.4375181977011409,0.05209215246225734,0.02002616562890794,0.9244672899243083,0.0034143919845263625
noisy,0.1,0,231,0.007552165444940737,1.4373805373535684,0.05203291354268016,0.02004186144424695,0.9245500973587146,0.0033751276543583465
noisy,0.1,0,232,0.06983971268637074,1.4394911610526337,0.04971688707429599,0.021343171916924197,0.9251381575943164,0.0038017834144634557
noisy,0.1,0,233,0.2136271518887946,1.439880864383415,0.045751109462587015,0.022610295735466815,0.9276974770545204,0.003941117747425797
noisy,0.1,0,234,0.2069582516618549,1.4526745009258872,0.06398645338536936,0.021591476842007223,0.9086276844703535,0.005794385302269927
noisy,0.1,0,235,0.01409208180848509,1.4526664116787997,0.06410147696506643,0.021398167107073512,0.9086494753039536,0.005850880623906497
noisy,0.1,0,236,0.23333252173033603,1.4360227633857758,0.05381742441824104,0.013592252361563965,0.9273908987036215,0.0051994245165734795
noisy,0.1,0,237,0.043526123685296625,1.4350497492632435,0.054532577518776285,0.015184352046475781,0.9260697338383008,0.004213336596447123
noisy,0.1,0,238,0.24570918416720786,1.4371906484821277,0.04253830334906808,0.010604177085547143,0.9387359421545207,0.008121577410864054
noisy,0.1,0,239,0.053236287605250815,1.4361391488537036,0.04161404933064685,0.010324569649683727,0.9400278227045651,0.00803355831510438
noisy,0.1,0,240,0.12387506893719545,1.433862482469748,0.04453795245451539,0.011434724344369108,0.9374643422257614,0.00656298097535416
noisy,0.1,0,241,0.22769233409198963,1.4326142864680849,0.05019760695268364,0.01627536427300154,0.929898330414863,0.003628698359451779
noisy,0.1,0,242,0.060735627874965184,1.431158291242129,0.051608494231161026,0.014870655007524616,0.9299696987315105,0.0035511520298037247
noisy,0.1,0,243,0.0005587569787162752,1.4311866573908556,0.051671334719392656,0.014874322832368825,0.9299041881050256,0.003550154343212991
noisy,0.1,0,244,0.018790691602043406,1.4314661344616508,0.05204276852695209,0.014772590097106008,0.9295602297126998,0.0036244116632421696
noisy,0.1,0,245,0.23429525794344985,1.4473262079456526,0.051049088790452335,0.009769243306248216,0.9288194567514665,0.010362211151832798
noisy,0.1,0,246,0.08968633724725805,1.4456471180453,0.050786593999732774,0.0077832336744167304,0.9307771313657474,0.010653040960103215
noisy,0.1,0,247,0.010553143970901561,1.4450793580134318,0.051222896216157054,0.007816385125585298,0.9305444578618826,0.010416260796375247
noisy,0.1,0,248,0.1452417200838677,1.4438093154423528,0.05668822903517544,0.011482242272500416,0.9238829910260233,0.00794653766630085
noisy,0.1,0,249,0.09664355553686581,1.4447268249348144,0.06179832513306436,0.011463470911737975,0.9191655812562493,0.007572622698948386
noisy,0.1,0,250,0.20952389003941793,1.4473919937050224,0.052906397293788834,0.014951187743873533,0.9239698924257994,0.008172522536538187
noisy,0.1,0,251,0.03479548683390021,1.4477272102481653,0.05224612330886149,0.015335955564847816,0.9242080513213815,0.008209869804909222
noisy,0.1,0,252,0.028761947999009274,1.4472708655305229,0.0514811818404773,0.014925666914664612,0.9252648544616131,0.00832829678324502
noisy,0.1,0,253,0.10895110681303777,1.4439563698962117,0.04910692299341766,0.011201245292748734,0.9306267422727209,0.009065089441112726
noisy,0.1,0,254,0.27217412595055024,1.4383068860627632,0.06571394435071193,0.0146249079873412,0.9156981154957649,0.003963032166182058
noisy,0.1,0,255,0.16764932154328602,1.4448827902516888,0.07280425609752988,0.01048327046175946,0.910129854378281,0.006582619062429643
noisy,0.1,0,256,0.058433805749518786,1.4467784036860252,0.07110388179522004,0.010266654254201826,0.9111840036258864,0.007445460324691715
noisy,0.1,0,257,0.12573048024205494,1.4456971576218673,0.07460544995508647,0.009052870180014261,0.9092038431788351,0.007137836686064155
noisy,0.1,0,258,0.09168778244638849,1.4460985223647729,0.08189490118545809,0.008402093131344483,0.9031338015193426,0.006569204163854852
noisy,0.1,0,259,0.04105616526212447,1.444835574935324,0.08410164394675582,0.007984114992332944,0.9018440239846036,0.006070217076307569
noisy,0.1,0,260,0.16417790262494236,1.4398128124098342,0.0892705288623378,0.0063410704137957215,0.899847007636743,0.004541393087123576
noisy,0.1,0,261,0.22902314338134627,1.4364346687849492,0.08389378163787031,0.006385376315642755,0.905507582873536,0.0042132591729508425
noisy,0.1,0,262,0.04118243295815799,1.4366848607051674,0.08195120325224003,0.007402725665391677,0.9064964467426013,0.004149624339766974
noisy,0.1,0,263,0.13346533557632936,1.434468028131072,0.06587833282312476,0.008255532893548936,0.9206387507218415,0.00522738356148478
noisy,0.1,0,264,0.08014154453412597,1.434790791632409,0.06614578386577076,0.007751776697093159,0.9206217827204605,0.005480656716675643
noisy,0.1,0,265,0.16336557155591436,1.4390720422994445,0.06820719136607979,0.0056959824974897495,0.9188272429591776,0.007269583177252902
noisy,0.1,0,266,0.09423567438498175,1.4367215298300358,0.06690879373552606,0.007051322777186384,0.9198173685226181,0.00622251496466951
noisy,0.1,0,267,0.3024149461998604,1.4218308944425984,0.05517414180717449,0.004803534917029032,0.9358641393992135,0.004158183876582988
noisy,0.1,0,268,0.08801710799452847,1.4241718680283435,0.0566654641759288,0.004721689864231638,0.9339190343068151,0.00469381165302447
noisy,0.1,0,269,0.01978801490040559,1.4245454483818163,0.05704492641731257,0.004614157774362323,0.9335437587117705,0.004797157096554567
noisy,0.1,0,270,0.02837799187982458,1.424998639674645,0.05800121400133633,0.004503640011172836,0.9326435351806963,0.00485161080679442
noisy,0.1,0,271,0.04570844827685505,1.4258253176041134,0.05774408149271187,0.00496796718976553,0.9323347872363162,0.004953164081206424
noisy,0.1,0,272,0.01596381837734981,1.4266476255557163,0.05694556309279016,0.005116392136495253,0.9326953250459141,0.005242719724800515
noisy,0.1,0,273,0.029000642936444193,1.4277356826370047,0.055778907992375615,0.005087978576779203,0.9334077096198906,0.005725403810954543
noisy,0.1,0,274,0.2243229324754796,1.4204991539882486,0.05545850632702362,0.0022114682641787282,0.9376174788655733,0.004712546543224337
noisy,0.1,0,275,0.13470419135992392,1.4117700193241687,0.049875248779432904,0.002554679625114518,0.9448673743560684,0.0027026972393842464
noisy,0.1,0,276,0.08037435112637445,1.4111185576360556,0.048319742967410304,0.0031213567795293972,0.9460669335308861,0.0024919667221741867
noisy,0.1,0,277,0.06517491852282546,1.4121809253394784,0.04923472545776792,0.0031679163249164416,0.9449242756363915,0.0026730825809241285
noisy,0.1,0,278,0.011501833272632211,1.4121994604676884,0.04908156528787143,0.0030400198449010095,0.9451316779916307,0.002746736875596886
noisy,0.1,0,279,0.028211817954433088,1.411813126516157,0.05019967387072356,0.003058733318721244,0.944259127761973,0.00248246504858235
noisy,0.1,0,280,0.12051516768406147,1.4101107862517948,0.04337847110264644,0.0018873307604868248,0.9514431217720707,0.0032910763647961607
noisy,0.1,0,281,0.012904701626393997,1.4100900465345685,0.043445791597382315,0.0020878470113925153,0.9512662479606053,0.0032001134306198233
noisy,0.1,0,282,0.014414781087544369,1.4102523448068274,0.04335904073257582,0.002286046959403869,0.9511709357285939,0.0031839765794264593
noisy,0.1,0,283,0.07033012838219295,1.4097288383651998,0.04432762516000196,0.0033818552904019326,0.9498018952871441,0.002488624262452025
noisy,0.1,0,284,0.002843413723166599,1.4097223943028454,0.044154007297237244,0.003452861434441767,0.9499113244383592,0.0024818068299617964
noisy,0.1,0,285,0.11707841177121736,1.4133832169717842,0.03638510176598366,0.0033418154319642636,0.9556741848684496,0.004598897933602512
noisy,0.1,0,286,0.24371465091826394,1.4058155115573743,0.04023159098017479,0.0022907172946802024,0.9552150206365733,0.002262671088571698
noisy,0.1,0,287,0.2095790490042414,1.4080488136686782,0.03936200545102446,0.00707118794414219,0.9523482183755907,0.001218588229242783
noisy,0.1,0,288,0.15172926611849102,1.413802252205157,0.036641023448194976,0.00468902346168546,0.9544913833292104,0.0041785697609093295
noisy,0.1,0,289,0.024959931476041065,1.4133841621818806,0.03637672113315992,0.004778132969324328,0.9547909998088233,0.004054146088692516
noisy,0.1,0,290,0.07671167830121664,1.4143605300946551,0.038249673340608324,0.005117086855217362,0.952656171097431,0.003977068706743384
noisy,0.1,0,291,0.007957323914161332,1.414139562051603,0.03835920647134922,0.0050232798817314355,0.9526843058081794,0.00393320783873992
noisy,0.1,0,292,0.12902417397126578,1.4131307692419535,0.04030269343139636,0.006414229134964132,0.9504254694758393,0.002857607957800272
noisy,0.1,0,293,0.0953097145422359,1.4158678674121934,0.04643781821064207,0.005783562686530043,0.9446494931803711,0.003129125922456815
noisy,0.1,0,294,0.12041311551583866,1.4087863016953643,0.042839057244420504,0.002676960696755276,0.9518177434562133,0.0026662386026109113
noisy,0.1,0,295,0.01927840262069329,1.4092529777412595,0.043208099688385355,0.0027297623928678864,0.9513243747421045,0.002737763176642221
noisy,0.1,0,296,0.0119910428591544,1.4093118879889108,0.04397310908769397,0.0026894330989461934,0.950664213636974,0.0026732441763859505
noisy,0.1,0,297,0.10922187104006298,1.4111525818502086,0.05280236352659333,0.0015880416864928006,0.9430956528615663,0.0025139419253475516
noisy,0.1,0,298,0.010704375756905096,1.4111655556208336,0.052680946015192506,0.0017475070862928636,0.9430989184401231,0.002472628458391574
noisy,0.1,0,299,0.0747004389821089,1.410237871697544,0.051829168213182564,0.002117159962076404,0.9438884371173862,0.002165234707354848
noisy,0.1,1,0,0.931351272691973,2.203707398856819,0.503939314198439,0.11340807405137407,0.2501901519030056,0.13246245984718125
noisy,0.1,1,1,0.06598928005550903,2.1997467190535533,0.4987917162366291,0.11036302829240303,0.25763040337916104,0.13321485209180672
noisy,0.1,1,2,0.009683632315136859,2.200000977528545,0.49854926648077214,0.11076461406195932,0.2575177012560186,0.13316841820124986
noisy,0.1,1,3,0.26780017890268937,2.1743462706552394,0.4800161087074362,0.11097187819399129,0.28081335331621,0.1281986597823625
noisy,0.1,1,4,0.08008306465926623,2.1687736380123814,0.484611175712648,0.1100548180873105,0.27906809795512305,0.12626590824491846
noisy,0.1,1,5,0.3802427627320856,2.119300793705722,0.50105360017451,0.12453420291304948,0.27061391399050144,0.10379828292193916
noisy,0.1,1,6,0.019814652542117644,2.1183263273087434,0.5000094580812111,0.12600940774700364,0.27089195956259304,0.10308917460919233
noisy,0.1,1,7,0.18064815941615844,2.1098773049376938,0.5056555839479541,0.11515486444731735,0.27517775106170367,0.10401180054302481
noisy,0.1,1,8,0.31749262316734644,2.0872734532867425,0.4852731829246494,0.13548937690611357,0.2868427090398657,0.09239473112937135
noisy,0.1,1,9,0.03845817876863249,2.0875132590018355,0.48424018423605386,0.13507523360550597,0.2879121274186381,0.09277245473980214
noisy,0.1,1,10,0.004860409285175393,2.087588231945384,0.4851293092058795,0.13453625168573202,0.2874573059802063,0.09287713312818224
noisy,0.1,1,11,0.2700534771371179,2.06558869140714,0.4939405888232591,0.12778307600774075,0.29049311592027965,0.08778321924872051
noisy,0.1,1,12,0.23127188850776292,2.0553165586522435,0.47781956665396286,0.13540837491405178,0.3026725277877271,0.08409953064425824
noisy,0.1,1,13,0.4536815361527256,2.023418614831877,0.4777279668933376,0.17421441402935023,0.2883732215856305,0.05968439749168173
noisy,0.1,1,14,0.32403856478631593,1.9917643119875137,0.4846539187663341,0.17245619999959397,0.292805847468599,0.050084033765472824
noisy,0.1,1,15,0.5488288925145753,1.9257269795622112,0.5412602862785102,0.14440854751284438,0.2808294122985119,0.033501753910133596
noisy,0.1,1,16,0.08130449570598972,1.925811906638943,0.5409082751045028,0.14680912665861737,0.2796375956200751,0.032645002616804863
noisy,0.1,1,17,0.30865607405430606,1.9057885943187962,0.5185681369618961,0.15547887100337232,0.2993683590659948,0.02658463296873682
noisy,0.1,1,18,0.3565717183635577,1.870405799181988,0.5092978654871406,0.1310570780909483,0.3326702886350155,0.026974767786895722
noisy,0.1,1,19,0.2566099404648412,1.8492370708603327,0.48035215815861365,0.11554329308935853,0.3732521374195967,0.030852411332431134
noisy,0.1,1,20,0.10283262858865783,1.8486552415903186,0.4852010020470451,0.11672525258724113,0.3685341839520569,0.02953956141365692
noisy,0.1,1,21,0.2614055195474066,1.8197960635071815,0.45608470776418825,0.10213442585871073,0.41099561788595834,0.030785248491142694
noisy,0.1,1,22,0.4385049496602737,1.7714103061683777,0.40753356710421706,0.13231168176446045,0.44850745624464206,0.011647294886680459
noisy,0.1,1,23,0.32832623557187574,1.757202647435699,0.436858515782801,0.1070482271303021,0.44295236369555324,0.013140893391343677
noisy,0.1,1,24,0.28247657397878356,1.7295746712315756,0.4007184058060864,0.10272821969516044,0.48486269155817435,0.011690682940578742
noisy,0.1,1,25,0.23742804282228416,1.740447035574081,0.4230859849284192,0.10584139835218753,0.4604838545067375,0.010588762212655811
noisy,0.1,1,26,0.5559736227267427,1.6754858641949189,0.3220872549972063,0.04450560773541517,0.6044821253974781,0.02892501186990034
noisy,0.1,1,27,0.10698722445522445,1.6740438344675472,0.324967235395921,0.04515844981034273,0.6020168241981623,0.027857490595574047
noisy,0.1,1,28,0.06257978369831108,1.6749310965352624,0.32501898729779466,0.045235216885610725,0.601662841410272,0.028082954406322573
noisy,0.1,1,29,0.028757002495694906,1.6746120047352915,0.32605224206830075,0.04463557148400008,0.6012336131478018,0.028078573299897488
noisy,0.1,1,30,0.26799205212737476,1.6506560314975207,0.29251076947697896,0.03702144896945207,0.642002648997226,0.028465132556343045
noisy,0.1,1,31,0.012413848499999686,1.650581235588932,0.29236777477192083,0.03675709237032313,0.6423114534352187,0.028563679422537503
noisy,0.1,1,32,0.2907535536796786,1.6124284571363798,0.29552158175525306,0.025782420917413635,0.6576241681380199,0.02107182918931336
noisy,0.1,1,33,0.1618922338471752,1.6026274777133664,0.27179921005933977,0.026787274977620953,0.680435364163674,0.02097815079936522
noisy,0.1,1,34,0.30520008755847855,1.606882721500543,0.25054157911838304,0.02157573677374808,0.700807509388485,0.02707517471938376
noisy,0.1,1,35,0.1128455692436541,1.6058831027354885,0.2476474845843545,0.02068161850831635,0.7041629746450728,0.02750792226225637
noisy,0.1,1,36,0.1520386476535347,1.6055575258710384,0.2243087875528909,0.018148750537607887,0.7260560218748014,0.03148644003469976
noisy,0.1,1,37,0.49004424705635696,1.5759967310595973,0.23403337247943634,0.03291976738801348,0.7172475963127641,0.015799263819786025
noisy,0.1,1,38,0.14104990176274484,1.5686628587979865,0.238560401579846,0.03515148266673037,0.714115171965539,0.01217294378788468
noisy,0.1,1,39,0.07510767148341943,1.5676480020451005,0.2337363164261825,0.03854088277964393,0.7165055256978149,0.01121727509635868
noisy,0.1,1,40,0.3199549278942868,1.5481125371514395,0.19025470957619034,0.041996152922224195,0.7578745801207292,0.009874557380856255
noisy,0.1,1,41,0.07785076337167952,1.5467788987371522,0.1876066113528982,0.04220437446763728,0.7604397113905752,0.009749302788889353
noisy,0.1,1,42,0.11347359018982325,1.5459444422855833,0.1741826803075994,0.04529407465967505,0.7704353934234512,0.010087851609274369
noisy,0.1,1,43,0.39901963435695476,1.5373035163105508,0.21046971977660922,0.022344875595231913,0.7556651534507528,0.011520251177405967
noisy,0.1,1,44,0.058359110524179414,1.5337438812642372,0.20572639413536195,0.023410683796478014,0.7601768965524178,0.010686025515742279
noisy,0.1,1,45,0.021403732866747696,1.533508347430334,0.20974407144197077,0.023255325702681545,0.7568558323293532,0.010144770525994598
noisy,0.1,1,46,0.006255718553437761,1.5330413250939674,0.20928696192036597,0.02331592448701682,0.757353325442509,0.010043788150108214
noisy,0.1,1,47,0.14201940455823256,1.5324138749014928,0.2091375655998621,0.02584571310509967,0.7561060596724533,0.008910661622584887
noisy,0.1,1,48,0.16651670756400602,1.527256434976773,0.21137002921346765,0.027132411698126815,0.7549007275249621,0.006596831563443272
noisy,0.1,1,49,0.10519618891412455,1.528363590491032,0.21508959202652947,0.024174475805918885,0.753172454404285,0.0075634777632664005
noisy,0.1,1,50,0.10786747520905929,1.5308762541762713,0.21868903226423747,0.020218779232575496,0.7517490969971549,0.009343091506031966
noisy,0.1,1,51,0.020200260746059406,1.5312052661621174,0.2194433764980206,0.020471652246278404,0.7508410492647655,0.009243921990935478
noisy,0.1,1,52,0.07673678060527922,1.5312399846808569,0.22517697990857122,0.021363985631648416,0.7453057033932812,0.008153331066499216
noisy,0.1,1,53,0.015175154246389239,1.5306569685155413,0.2235884350980707,0.02163159980047966,0.7466909402086465,0.00808902489280319
noisy,0.1,1,54,0.133597777591785,1.5270292137466053,0.22541155935807763,0.021763233456188302,0.7461019014254102,0.006723305760323868
noisy,0.1,1,55,0.07988562914542907,1.527211524444182,0.22906197675758272,0.02270397916409099,0.7423006640388238,0.005933380039502537
noisy,0.1,1,56,0.23396714488626458,1.5186404906403677,0.21466674168796795,0.025630697801049263,0.7555181071478948,0.004184453363088007
noisy,0.1,1,57,0.23785691430093714,1.5301985357951136,0.20798494569387735,0.025992667319139462,0.7576713256517547,0.008351061335228527
noisy,0.1,1,58,0.26036513574072107,1.514396133859506,0.20494535236176717,0.020466466971778063,0.7684016052404025,0.006186575426052271
noisy,0.1,1,59,0.0016273930494214092,1.514360421681193,0.20494926548359158,0.020473858083130996,0.7684042155342009,0.006172660899076562
noisy,0.1,1,60,0.04222374267992553,1.5130509019032454,0.20662163796075714,0.020326076058453938,0.7674316272108883,0.005620658769900585
noisy,0.1,1,61,0.34592848563916007,1.4996532628422967,0.19301993708457363,0.00979872703669009,0.7897143327481915,0.007467003130544864
noisy,0.1,1,62,0.19540445555467195,1.5025965109388182,0.20512278321503566,0.012299196316406052,0.7767883117161197,0.00578970875243863
noisy,0.1,1,63,0.030844984838040518,1.5031312762765463,0.209107523242955,0.011422863815226742,0.773712538806797,0.005757074135021288
noisy,0.1,1,64,0.020669412618736088,1.5027164716291828,0.20620687475176477,0.011949915831507658,0.7760275541029074,0.005815655313820245
noisy,0.1,1,65,0.3277905487106178,1.4906419750331943,0.20293479401993922,0.00800045626013555,0.7848851319592888,0.004179617760636274
noisy,0.1,1,66,0.028949078923324496,1.489511045111207,0.20441116305407525,0.006512461246888442,0.7848580725360699,0.004218303162966248
noisy,0.1,1,67,0.10501412411103994,1.4851203521364074,0.19856960863166023,0.0049467419449893335,0.7921987996556247,0.00428484976772577
noisy,0.1,1,68,0.013053606014000775,1.4850883004361113,0.19932934528405744,0.004847518622007056,0.7916098849393505,0.004213251154585089
noisy,0.1,1,69,0.08986180385691142,1.4865441113031406,0.20180006851009968,0.004119720343122722,0.7894832054656463,0.004597005681131337
noisy,0.1,1,70,0.11825039556715573,1.4903960082742638,0.2161827276597762,0.00209574164137316,0.7771075679653633,0.004613962733487263
noisy,0.1,1,71,0.10085639947210454,1.4829846448407378,0.20857237188629832,0.0021163430715565204,0.7858959573969463,0.003415327645198942
noisy,0.1,1,72,0.08310014024609672,1.4839112875640061,0.2044537775998404,0.0017941431995870576,0.789396625454042,0.004355453746530357
noisy,0.1,1,73,0.049815968924668164,1.483486567506034,0.20751879249670313,0.0015066137779857801,0.7870389972672404,0.003935596458070794
noisy,0.1,1,74,0.06628281048615423,1.4828855228130966,0.2035832938077252,0.001240402337800149,0.7907986653254946,0.004377638528980081
noisy,0.1,1,75,0.07052907112520138,1.4801168971715444,0.19543015226882957,0.0022981357129192317,0.7980450689601103,0.004226643058140873
noisy,0.1,1,76,0.04353096229024195,1.479635664020858,0.19791260069615554,0.0024453449104910796,0.7959405814448633,0.0037014729484899623
noisy,0.1,1,77,0.13467284170910754,1.4816444729860567,0.19990516965416205,0.004929291409053152,0.7920793131021283,0.0030862258346564878
noisy,0.1,1,78,0.04773095291457108,1.4811382804659763,0.20254808814682584,0.005231306791109919,0.789747535252183,0.002473069809881276
noisy,0.1,1,79,0.05568835723679562,1.4822418712551741,0.2009521699012997,0.004617277462110567,0.79118609240583,0.0032444602307597986
noisy,0.1,1,80,0.02901431343052574,1.481190584319455,0.19825649987635913,0.0052344782216113255,0.7934567799033156,0.003052241998713929
noisy,0.1,1,81,0.03994081164128094,1.4805221117968408,0.194734370698547,0.005503949203861281,0.7965470529984692,0.0032146270991226513
noisy,0.1,1,82,0.15420065941871183,1.4756966026123768,0.18820544325210442,0.005195772220529432,0.8038381981580395,0.002760586369326636
noisy,0.1,1,83,0.07005408971454119,1.4801749551307495,0.19363042342889203,0.004922983273647956,0.7979679298602087,0.0034786634372512325
noisy,0.1,1,84,0.10974045293405613,1.4784712940450122,0.1895469829753758,0.0032252161580207804,0.8030694057914061,0.004158395075197489
noisy,0.1,1,85,0.1627122586418405,1.4760553555998368,0.1928004440982959,0.005787034446395412,0.7993748799764788,0.0020376414788296814
noisy,0.1,1,86,0.02074977519223497,1.4772553104563653,0.19550327182677502,0.005303551943944496,0.7969708333048025,0.00222234292447804
noisy,0.1,1,87,0.1309924057684845,1.4730898207365528,0.18782954015038955,0.005986591943109234,0.8044479891186561,0.0017358787878451825
noisy,0.1,1,88,0.14121241962420714,1.476601149028897,0.17683954922459222,0.01047663660500605,0.8101797945956671,0.002504019574734638
noisy,0.1,1,89,0.16782535929232886,1.475609448815248,0.17636774811835104,0.009891188961490233,0.8112456148096315,0.002495448110527144
noisy,0.1,1,90,0.06360472468659242,1.4751013512856506,0.17603235788774818,0.009703358993427627,0.8118037542136279,0.0024605289051962778
noisy,0.1,1,91,0.02913817261578472,1.4760768867519256,0.17424695940993767,0.009690879958330857,0.8130739731549458,0.002988187476785657
noisy,0.1,1,92,0.014011819259031243,1.4760329985600371,0.17317265321239367,0.009574658846568456,0.8140924754424042,0.0031602124986337844
noisy,0.1,1,93,0.0308036266476846,1.4737569311612684,0.17279508730976753,0.010077632429330519,0.8147839477605336,0.0023433325003683106
noisy,0.1,1,94,0.051135642558801396,1.4750230270246087,0.17744974696642837,0.009491580233741866,0.8107262435058795,0.002332429293950322
noisy,0.1,1,95,0.10756071048672311,1.4811304609232676,0.16996936500364881,0.014797250856708547,0.8121366281384186,0.0030967560012240838
noisy,0.1,1,96,0.012413258454762799,1.481463586606253,0.17114651913348372,0.015186018826718103,0.8107745234910126,0.0028929385487855667
noisy,0.1,1,97,0.0627916756551723,1.4828182637171865,0.1787337004727626,0.015014273404856013,0.803886473053855,0.002365553068526303
noisy,0.1,1,98,0.041849022667156933,1.4838661372050526,0.17872332958435508,0.014993588487576601,0.8035978427021504,0.002685239225917916
noisy,0.1,1,99,0.06111808642744987,1.4839035968266974,0.1803324914939468,0.013751218247815326,0.8029567334946364,0.002959556763601477
noisy,0.1,1,100,0.04698064826661761,1.4838205497231893,0.18185713063221523,0.013121391339019222,0.8020461173105065,0.0029753607182590766
noisy,0.1,1,101,0.14386840040096974,1.4905452180416099,0.19649478967115114,0.010591330488344375,0.7889042041476518,0.004009675692852761
noisy,0.1,1,102,0.027473142195958644,1.4910436722224532,0.19692303360589644,0.011492087582918947,0.7878278851737749,0.003756993637409775
noisy,0.1,1,103,0.0324855607061175,1.490250608925485,0.19717553387461456,0.011393216937100232,0.7879046196499473,0.0035266295383379167
noisy,0.1,1,104,0.12458923511439934,1.4872194074869614,0.19762850153803152,0.010057720139273276,0.7892345931358858,0.003079185186809367
noisy,0.1,1,105,0.025030825333669363,1.487018268615671,0.19876595103235037,0.009689015510581614,0.7885343616972065,0.003010671759861573
noisy,0.1,1,106,0.07815448809415049,1.4897512480845096,0.19152698337757917,0.01146274814467644,0.7929150169513053,0.004095251526439032
noisy,0.1,1,107,0.08855395283317236,1.4918129238822713,0.19876080205474952,0.012461673159675118,0.7854049114145618,0.0033726133710135935
noisy,0.1,1,108,0.09824880418600558,1.489597295217605,0.2053322212944367,0.010179539064287904,0.7817660715250081,0.0027221681162673647
noisy,0.1,1,109,0.15228656074614222,1.4911709124402814,0.20120249760359998,0.013068204589818276,0.7831000723891166,0.0026292254174651846
noisy,0.1,1,110,0.013814151758560482,1.4914099299818433,0.20056176616893506,0.013145250497603832,0.7835379865591212,0.0027549967743398804
noisy,0.1,1,111,0.034519236406777135,1.4926812297308076,0.2048766035145305,0.011963797412718703,0.7801455129856602,0.003014086087090792
noisy,0.1,1,112,0.09674279100145267,1.4920099544814003,0.1947451384928312,0.009083192526329713,0.7909221434306352,0.005249525550203865
noisy,0.1,1,113,0.060285562981153534,1.4934465410777575,0.1942578061196676,0.011429579378060727,0.7894693676560748,0.004843246846196956
noisy,0.1,1,114,0.10845140888122885,1.49147324977585,0.18933859691070087,0.015026867270443542,0.7921024632040142,0.0035320726148413504
noisy,0.1,1,115,0.009263230557553875,1.491267901330382,0.1896136894387761,0.014922022496289308,0.7919891639349365,0.003475124129998199
noisy,0.1,1,116,0.0639769715780858,1.490251056167714,0.186789134322909,0.014806221089283185,0.7948152784104022,0.003589366177405509
noisy,0.1,1,117,0.14180782224284388,1.4849916727658945,0.18227593025118485,0.008947404901444774,0.8039160710529181,0.004860593794452376
noisy,0.1,1,118,0.1290072433766909,1.489882435650929,0.17572178462582053,0.010354180540959724,0.8072920915213715,0.006631943311848193
noisy,0.1,1,119,0.015539251803420986,1.4903423835528251,0.1751432162676322,0.010465383350570965,0.8075898207166766,0.0068015796651202595
noisy,0.1,1,120,0.07338906270451849,1.4905670792643249,0.17758450906244547,0.009480014306848519,0.8060112491689708,0.006924227461735287
noisy,0.1,1,121,0.09604930205387063,1.492427557228636,0.17649155572568687,0.012950232108933708,0.8042640648289764,0.006294147336403151
noisy,0.1,1,122,0.09936942104832269,1.4875617341256138,0.1683140156504304,0.012186278898881173,0.8132843597947321,0.0062153456559563645
noisy,0.1,1,123,0.0034167761215935927,1.487559668497231,0.16832178618287086,0.012239581798306042,0.8132452567257188,0.006193375293104358
noisy,0.1,1,124,0.10456985956407196,1.4861395330695837,0.1788583732850412,0.013570229646384872,0.8036870161992653,0.003884380869308521
noisy,0.1,1,125,0.04286491638049483,1.485022858452317,0.17571775445017226,0.01411140397100991,0.80641208952208,0.0037587520567378806
noisy,0.1,1,126,0.0697921053157192,1.4880543953680472,0.17625427112791278,0.016158624446751337,0.8037821308707715,0.003804973554564347
noisy,0.1,1,127,0.1864122514904015,1.4896300981312736,0.15907808741727208,0.021708705501104257,0.8148116794225517,0.004401527659071888
noisy,0.1,1,128,0.030672728188801623,1.4887858175030722,0.15611683201548668,0.022144895040916327,0.817366451864776,0.004371821078821046
noisy,0.1,1,129,0.11476931462530016,1.484234910358143,0.1543420063012216,0.019204456504606667,0.82207605333829,0.0043774838558816205
noisy,0.1,1,130,0.13724722473416426,1.4826712749515218,0.167463462673008,0.018330262011758983,0.8116735986357799,0.002532676679453139
noisy,0.1,1,131,0.006553980708122131,1.4827176146383712,0.16765198492128117,0.018186332782563253,0.8115850061845198,0.0025766761116357115
noisy,0.1,1,132,0.04084570503328039,1.4834590209786163,0.164641472375114,0.020227428446962042,0.8127200109776962,0.002411088200227828
noisy,0.1,1,133,0.08296701620565727,1.4834191752624832,0.16600076250459217,0.01649956506786103,0.8138551892862411,0.003644483141305702
noisy,0.1,1,134,0.19265017965808448,1.4895150616350472,0.1624983832956272,0.021319602205055462,0.8121132490933524,0.004068765405964855
noisy,0.1,1,135,0.019329989101970174,1.4894009623312106,0.16277823588211304,0.021195324745835704,0.811980637974978,0.00404580139707323
noisy,0.1,1,136,0.05817873732885315,1.4863013423817752,0.1581531141276729,0.01961420289303055,0.817897034585291,0.004335648394005621
noisy,0.1,1,137,0.24063536967732913,1.4718697924958957,0.13155430804622195,0.01912025163394738,0.845612864544877,0.003712575774953637
noisy,0.1,1,138,0.0764174091746099,1.4738323087218799,0.1321794131806239,0.016230637558027464,0.8462747130245886,0.005315236236760199
noisy,0.1,1,139,0.05624488829052973,1.4762346967716877,0.1275228834624437,0.015046060394117875,0.8503473223260932,0.007083733817345172
noisy,0.1,1,140,0.059237708320143134,1.474598204403951,0.12236998585572265,0.015505163672867271,0.8550328922915511,0.007091958179858946
noisy,0.1,1,141,0.02963853426044702,1.4748063294605476,0.11909491285686054,0.01557755410543347,0.8577770139692011,0.007550519068504922
noisy,0.1,1,142,0.0807003758556676,1.4758562538537314,0.11828110850258312,0.019861813872957792,0.8555234416758669,0.006333635948592192
noisy,0.1,1,143,0.11119322388549334,1.4749442863594813,0.11237468468239671,0.022182068548285912,0.8594998491299766,0.005943397639340852
noisy,0.1,1,144,0.09935624852078079,1.471855073132448,0.10700993319593184,0.018218385351356246,0.8675390247932883,0.007232656659423626
noisy,0.1,1,145,0.08657529681222462,1.4759834860402274,0.10802771436161221,0.019100833555941728,0.8648827144423279,0.007988737640118173
noisy,0.1,1,146,0.05891977653373094,1.472754341331058,0.11450317337264522,0.017089955913195756,0.8614466630863944,0.006960207627764574
noisy,0.1,1,147,0.18581201885826845,1.4713122348104941,0.13074573089398445,0.01955529879638261,0.8462125803174019,0.0034863899922311556
noisy,0.1,1,148,0.08388518883148158,1.4678899986801153,0.12239228062950369,0.021213288668517398,0.8534708129354556,0.0029236177665232736
noisy,0.1,1,149,0.023200839746277874,1.4684985064906853,0.12336454726443494,0.021316995273699367,0.8523800874967995,0.00293836996506634
noisy,0.1,1,150,0.08936061472632031,1.4622953739849573,0.12337529083184443,0.017974175673014275,0.8562777241376036,0.0023728093575376605
noisy,0.1,1,151,0.10169382596504914,1.4607845382584854,0.12424688098418472,0.014584394741679439,0.8580643324189672,0.0031043918551687424
noisy,0.1,1,152,0.23903220892534552,1.4690370844290332,0.10835496839895643,0.01732469210595194,0.8677564306158286,0.006563908879262997
noisy,0.1,1,153,0.1916679371090134,1.4731324750514014,0.1103200392966002,0.02141539810752353,0.8623000938376372,0.005964468758238982
noisy,0.1,1,154,0.11269679074175698,1.4747606812440102,0.11259419577832169,0.023057920738230125,0.8588213477472596,0.005526535736188719
noisy,0.1,1,155,0.13741913140402218,1.4700610655445223,0.10907646138992434,0.02108124385065979,0.8645002110368153,0.005342083722600597
noisy,0.1,1,156,0.055736200156388804,1.4699483416677512,0.11085063073924267,0.01889804770363826,0.8643397510132506,0.005911570543868512
noisy,0.1,1,157,0.06791406686534174,1.4710349620429755,0.11177143757321706,0.018894033933054163,0.863218375909845,0.006116152583883793
noisy,0.1,1,158,0.09550584751414093,1.4703666612519903,0.1130663562529404,0.016938732658321833,0.8634990080902041,0.006495902998533649
noisy,0.1,1,159,0.02918319308082573,1.4707164884562307,0.11448647427545892,0.017809135892701177,0.8616203993345352,0.006083990497304772
noisy,0.1,1,160,0.018626298813614994,1.4708504001173972,0.11456233595837598,0.018248702521675538,0.8612426803174751,0.005946281202473451
noisy,0.1,1,161,0.19872768325149082,1.4639184319611032,0.1126568360033843,0.015172207094874747,0.8668605780730455,0.005310378828695431
noisy,0.1,1,162,0.021481015253812075,1.4631797311605836,0.11345424311206806,0.014098122391809612,0.8670500321559191,0.005397602340203083
noisy,0.1,1,163,0.14100433517014568,1.4729026611553089,0.1164183536926999,0.015520709726659285,0.8607064497233073,0.007354486857333452
noisy,0.1,1,164,0.21455792651395358,1.4779495892958692,0.12740277071972556,0.015604961437484254,0.8495977235210481,0.007394544321742131
noisy,0.1,1,165,0.004156604513991635,1.478021786085651,0.1274671182850596,0.015612212088660874,0.849515840897695,0.007404828728584302
noisy,0.1,1,166,0.034955752763199094,1.4779566208526003,0.12617661158838084,0.015376612747744347,0.850803950127232,0.007642825536642935
noisy,0.1,1,167,0.07289972428116055,1.4740576441676727,0.12556786375209675,0.014817695932537223,0.8528353213135392,0.006779119001826766
noisy,0.1,1,168,0.11070411541149852,1.4680357861385174,0.12446503417551134,0.013669097208709385,0.8562909950967581,0.005574873519021236
noisy,0.1,1,169,0.1949223126866855,1.4721105319560877,0.12137864965466019,0.015642727635032674,0.8565480954091356,0.006430527301171462
noisy,0.1,1,170,0.05962007310590758,1.4728333048963738,0.11860623726064315,0.016082601400516004,0.8584748183448643,0.006836342993976397
noisy,0.1,1,171,0.08729032853734618,1.4694928850766087,0.12074021629692042,0.015368092472076163,0.858049758090263,0.0058419331407404945
noisy,0.1,1,172,0.1171589357894842,1.4683870457344557,0.10809841220770072,0.013646744799113628,0.8704486635515751,0.007806179441610384
noisy,0.1,1,173,0.057052391668548835,1.467520127647037,0.11492830636649451,0.013334527930853341,0.864952286346871,0.00678487935578116
noisy,0.1,1,174,0.1714950147317718,1.465433055367896,0.11011571180781046,0.013682728525121755,0.8695457507579025,0.006655808909165308
noisy,0.1,1,175,0.08650412819115487,1.4637608060738903,0.10681421736203059,0.016649070691803002,0.871080661601884,0.0054560503442823765
noisy,0.1,1,176,0.10235837700893215,1.461690450550498,0.09921860658752207,0.0165627928299182,0.8783629694475403,0.005855631135019466
noisy,0.1,1,177,0.14809300462948127,1.4590107644931103,0.09042894205012979,0.020558852825176808,0.8843411849923913,0.004671020132302093
noisy,0.1,1,178,0.2102829288574871,1.459704112109234,0.08165183440132318,0.021084576759829533,0.8914577606958879,0.005805828142959355
noisy,0.1,1,179,0.11523937688325524,1.4596781503389948,0.08838199705632534,0.02188599885261972,0.8851052244701788,0.004626779620876105
noisy,0.1,1,180,0.05054657657165131,1.4578132566294295,0.09017483048772815,0.020801966962339782,0.8847672783452009,0.004255924204731221
noisy,0.1,1,181,0.06445234026177744,1.4573250007447067,0.08993983248914492,0.02229774483223162,0.8841911157551663,0.0035713069234571612
noisy,0.1,1,182,0.010092740348773617,1.4571043328127244,0.08923680345936258,0.022283701722521438,0.8848777449867541,0.003601749831361848
noisy,0.1,1,183,0.051458160899346614,1.455782533759376,0.08680941210783293,0.022679719247864598,0.8871395889830566,0.0033712796612459677
noisy,0.1,1,184,0.18353951817261943,1.4593365565046226,0.09159335210450675,0.021068758959462572,0.8829145693353964,0.0044233196006343845
noisy,0.1,1,185,0.03602048509637865,1.4571491943218566,0.09176115543090543,0.020834324533342066,0.8835622187481493,0.0038423012876031854
noisy,0.1,1,186,0.045637631526915357,1.457668343744953,0.09408868694141004,0.021206322829811032,0.8811504292523075,0.0035545609764714146
noisy,0.1,1,187,0.06873265719623246,1.456461735693533,0.09016091700944986,0.020701875139719578,0.885242203673989,0.0038950041768416096
noisy,0.1,1,188,0.0026091253152112845,1.456424254007564,0.09010525475456264,0.02060686085550306,0.8853606191349951,0.0039272652549392955
noisy,0.1,1,189,0.028459505847422406,1.4564874528790255,0.08937922967090191,0.021508230936687966,0.885416549758832,0.003695989633578143
noisy,0.1,1,190,0.17659155980800278,1.4630726190372745,0.08141793325020209,0.026175492348224756,0.887511655244335,0.004894919157238207
noisy,0.1,1,191,0.1306802098057237,1.4597903681907043,0.08253695732277311,0.021582284592806734,0.8903528113253943,0.005527946759025902
noisy,0.1,1,192,0.08289307494414978,1.4612358674256982,0.07630166945303068,0.02219686548149796,0.8949775376091121,0.006523927456359217
noisy,0.1,1,193,0.012485755054512993,1.4610800978896243,0.07741258070137615,0.021809610687570865,0.894295244540861,0.006482564070192078
noisy,0.1,1,194,0.0748007605143357,1.459374314879668,0.07894202629553987,0.02032508998469978,0.8943871994860055,0.0063456842337548626
noisy,0.1,1,195,0.030421307036885482,1.4574455351579176,0.07777227947988183,0.02031849928985792,0.8959828799657336,0.005926341264526803
noisy,0.1,1,196,0.21745522536220918,1.4643169674716734,0.05381432994572926,0.01934644398575896,0.9154339261093722,0.011405299959139616
noisy,0.1,1,197,0.1599810554995206,1.4617760520834515,0.053110980195593585,0.022130675552148413,0.9150772202198458,0.009681124032412248
noisy,0.1,1,198,0.07095293464371963,1.4622964129548717,0.05444398367284385,0.025817800296881466,0.9114774401961616,0.008260775834113082
noisy,0.1,1,199,0.32974619663436855,1.4623275558205582,0.03823237024781932,0.03714926730141505,0.9185943429336352,0.0060240195171303475
noisy,0.1,1,200,0.17399661754607262,1.4541327384009584,0.03518633424114156,0.03109799627066931,0.9274299741875051,0.0062856953006840575
noisy,0.1,1,201,0.2806171969161363,1.458600262835016,0.04878727004281573,0.029551804291815052,0.9151960297406962,0.006464895924672911
noisy,0.1,1,202,0.23100419346592382,1.458707743065764,0.058290922378035834,0.024981975852033652,0.9097048938040564,0.007022207965874199
noisy,0.1,1,203,0.28940648384159484,1.4433261194915625,0.05177237496730817,0.025914951786753987,0.9193763031985576,0.002936370047380379
noisy,0.1,1,204,0.14827931657200707,1.4384675008402235,0.04933944978852784,0.021927200960174316,0.9254095461649245,0.0033238030863732594
noisy,0.1,1,205,0.08070929373498012,1.4369621845413934,0.05335078994573324,0.018799183324556948,0.9242942619163046,0.0035557648134052966
noisy,0.1,1,206,0.09884609381551818,1.433985542659842,0.05309705875306501,0.016453327197322638,0.9268518125800922,0.0035978014695201388
noisy,0.1,1,207,0.10655794011545358,1.4345813431512358,0.05158081860409103,0.018905391729033875,0.9264790024939566,0.003034787172918407
noisy,0.1,1,208,0.13121523875161112,1.4339480791221686,0.056227669719881766,0.016098875758318577,0.9243517382277795,0.003321716294020095
noisy,0.1,1,209,0.13573498632758796,1.4366722422948475,0.06579695334801171,0.018998827097717295,0.9134023604241143,0.0018018591301567286
noisy,0.1,1,210,0.11417117349919825,1.434417832883978,0.06295564051732384,0.020194863921214896,0.9158083257268066,0.0010411698346547192
noisy,0.1,1,211,0.008413974312134087,1.4344157491997516,0.06250235195200994,0.020353289611060848,0.9161061251649588,0.001038233271970433
noisy,0.1,1,212,0.07854248938383535,1.4330481020863257,0.06280874893822472,0.019358968656075115,0.9168604557037907,0.0009718267019094385
noisy,0.1,1,213,0.03204411692568153,1.4335448585042654,0.06226773915351681,0.01920728720547478,0.9172787411388557,0.0012462325021527368
noisy,0.1,1,214,0.059511561034014455,1.4312890335868746,0.05617870042604053,0.02078789749486041,0.9222797999743519,0.0007536021047472005
noisy,0.1,1,215,0.006272707117022852,1.4313254887942883,0.05597052892282438,0.02091992432480094,0.9223687932055928,0.0007407535467818633
noisy,0.1,1,216,0.011321098735788371,1.4315391282339731,0.056521794533286075,0.020804248075142806,0.9218962111727842,0.0007777462187868657
noisy,0.1,1,217,0.0567551423155237,1.4302638701602415,0.05793599354497478,0.019410591512813505,0.9219042415295758,0.0007491734126358706
noisy,0.1,1,218,0.018711979896760857,1.4306596537572178,0.05674090010239052,0.02015085301474025,0.9223707154960323,0.0007375313868369654
noisy,0.1,1,219,0.01863206031848714,1.4302930858689833,0.05683538154005546,0.01981302963582908,0.9226062911618006,0.0007452976623149221
noisy,0.1,1,220,0.21403382545686267,1.4396451109190005,0.05789337049575036,0.02130911526574895,0.9179818402248503,0.0028156740136504833
noisy,0.1,1,221,0.14669528623344277,1.4524127673113623,0.058707673088878386,0.02154019606864139,0.9133400815615862,0.006412049280894039
noisy,0.1,1,222,0.2384364152152553,1.4474890802218077,0.07415892654138358,0.02023370026020815,0.9021384373539411,0.00346893584446729
noisy,0.1,1,223,0.003114540426758655,1.447530218811582,0.07397810935343821,0.020279456519750595,0.90225552003014,0.003486914096671144
noisy,0.1,1,224,0.10397752599674315,1.4488576734156804,0.07298308794672492,0.019143515939316652,0.9034322821660395,0.004441113947918958
noisy,0.1,1,225,0.1255774093093341,1.4441331442760827,0.06703053674599078,0.015086338289467436,0.9125355958660479,0.005347529098493893
noisy,0.1,1,226,0.25044024761882616,1.4420177491579165,0.08175626623844102,0.013924189063234095,0.9010459695338855,0.0032735751644393254
noisy,0.1,1,227,0.0022419202083261286,1.442068573516396,0.08188718146976723,0.013985542751054462,0.9008788067988168,0.003248468980361483
noisy,0.1,1,228,0.15344738435815125,1.4438098447972856,0.0796202553527851,0.014131355116612029,0.9022477158468468,0.004000673683756171
noisy,0.1,1,229,0.02124344034236817,1.4432163178991453,0.07964627141027542,0.014230721387473607,0.902339601333628,0.003783405868622838
noisy,0.1,1,230,0.043180584785295933,1.4427320507165946,0.0802875244310702,0.013043402563277885,0.9026595067088174,0.00400956629683447
noisy,0.1,1,231,0.03016680974978944,1.4415396542885601,0.07929561717421893,0.012473504794157762,0.9042306890320201,0.004000188999603303
noisy,0.1,1,232,0.19942789842025377,1.4490043086106967,0.08629712878346722,0.01127047341997678,0.8966591248468239,0.005773272949732172
noisy,0.1,1,233,0.13367753251222939,1.4467326032380305,0.0895724945012633,0.012130880729904439,0.8939462013737582,0.004350423395073967
noisy,0.1,1,234,0.029752518964232727,1.4471852795837514,0.09042726017768712,0.01221764831171357,0.8930134254374806,0.004341666073118664
noisy,0.1,1,235,0.00860284979571542,1.44755052288294,0.09082723075667873,0.012197645251540965,0.8925689700311223,0.00440615396065798
noisy,0.1,1,236,0.06906864225165886,1.444785577167277,0.09311794787517974,0.011876715395420475,0.8915919685530623,0.003413368176337417
noisy,0.1,1,237,0.11992814967525224,1.445062584585807,0.0881711670501901,0.014027461400727038,0.8944884754017426,0.0033128961473403726
noisy,0.1,1,238,0.026468956045572964,1.4448591593194369,0.08785349454978832,0.014143759963515856,0.8947536312048254,0.0032491142818702684
noisy,0.1,1,239,0.03576149719301705,1.4444425581032985,0.0892137293316804,0.013077936828923248,0.8943517985858599,0.003356535253536356
noisy,0.1,1,240,0.09127896493300734,1.441774370291121,0.07925025545322792,0.01526665748180431,0.9024711654853799,0.0030119215795879704
noisy,0.1,1,241,0.08700445829308627,1.4436982158876643,0.07751963632042337,0.01586554473476304,0.9030380444392176,0.00357677450559586
noisy,0.1,1,242,0.030797167378477874,1.4433218437125999,0.0768112863946839,0.015216870743568138,0.904168759632372,0.0038030832293759866
noisy,0.1,1,243,0.11578016625135158,1.443338870402362,0.08079789252997527,0.012520993833095066,0.9023581159266294,0.004322997710300187
noisy,0.1,1,244,0.2552331099344892,1.4459021788166166,0.08865605506814447,0.016412820695804683,0.8923402533021633,0.0025908709338876997
noisy,0.1,1,245,0.09933741165441469,1.4410437659310529,0.07783543181177469,0.016598131615190102,0.903096749399626,0.002469687173409212
noisy,0.1,1,246,0.06781587782898035,1.4391530462458388,0.07965930887248142,0.016373638837521656,0.9022069776875151,0.0017600746024818321
noisy,0.1,1,247,0.06760324515053043,1.4394985164445795,0.07743462150830373,0.015259591862991905,0.9047333043178873,0.0025724823108170913
noisy,0.1,1,248,0.12521458268747668,1.4382969081193524,0.07510686496419934,0.01629348165367211,0.9064787437906993,0.002120909591429367
noisy,0.1,1,249,0.07079329859116146,1.435362935275831,0.0770092750520356,0.014304741256857883,0.906922293403867,0.001763690287239597
noisy,0.1,1,250,0.017657182412222028,1.436037324113356,0.07626333638794024,0.01416588671770717,0.9074584083140669,0.002112368580285747
noisy,0.1,1,251,0.15751524147926785,1.4397378139566805,0.07906359247484089,0.014994455891813042,0.903406601499696,0.0025353501336501565
noisy,0.1,1,252,0.10790057934937025,1.4342380033543647,0.08025335316165022,0.011994543487492237,0.9058588054440394,0.0018932979068180967
noisy,0.1,1,253,0.06585603035055143,1.4338029817097147,0.07648912636853443,0.013015552286877227,0.9086368236460777,0.0018584976985106848
noisy,0.1,1,254,0.16150214058579873,1.4367631933665153,0.07351395089306118,0.017520180268261826,0.9075628867299259,0.0014029821087511243
noisy,0.1,1,255,0.2153086377424198,1.4369692200877595,0.07949961949396278,0.016425877196828698,0.9029617308591965,0.0011127724500119695
noisy,0.1,1,256,0.11291462235967573,1.4381513648361806,0.08463211033271337,0.016012068377198332,0.8983940812444331,0.0009617400456552161
noisy,0.1,1,257,0.042366159707307414,1.4385490288877585,0.08577967562802241,0.016608860901975362,0.8969066172604901,0.0007048462095121328
noisy,0.1,1,258,0.072690399602288,1.440731120444667,0.08647159840133521,0.016378161062599223,0.8957991409978541,0.0013510995382116247
noisy,0.1,1,259,0.11276111867628097,1.4405688760023092,0.09489512009677081,0.015463633712325286,0.8890740080849114,0.0005672381059925357
noisy,0.1,1,260,0.014671640656889105,1.440547778189413,0.09401805591350003,0.01559576693105172,0.8897625741237054,0.0006236030317427883
noisy,0.1,1,261,0.0006053984223405515,1.4405449151122434,0.09400376852422196,0.015586915480754419,0.8897813497786946,0.0006279662163290493
noisy,0.1,1,262,0.0970627307426185,1.4411477755350082,0.09846796756377267,0.014522920090559117,0.8863721177384692,0.000636994607198884
noisy,0.1,1,263,0.12722318251035214,1.4414970965708107,0.09165096121291616,0.01520542339647658,0.8917849120640591,0.0013587033265483038
noisy,0.1,1,264,0.23198851057095415,1.4453137946751884,0.09725869498882636,0.012348051393014408,0.8875361014922059,0.0028571521259533944
noisy,0.1,1,265,0.163702294108224,1.4405682564535889,0.09187266263099812,0.012556368556430466,0.8935071968543791,0.0020637719581922454
noisy,0.1,1,266,0.01990302832564339,1.441685734194451,0.09302414271223296,0.012435875075910745,0.8922470456924905,0.0022929365193657056
noisy,0.1,1,267,0.07503152980352795,1.4392320579960456,0.09033597382587716,0.013536458551138577,0.8946357533451889,0.0014918142777954782
noisy,0.1,1,268,0.2684510741033581,1.4374316622814054,0.08240086407720285,0.007402168458918429,0.9058832968579205,0.004313670605958251
noisy,0.1,1,269,0.14074499869602763,1.4390115313478535,0.08230267692960454,0.010939065429648598,0.9033099315038973,0.0034483261368496855
noisy,0.1,1,270,0.10568087529391054,1.4389385481202246,0.08090173288701781,0.010841666539233427,0.9046129353819267,0.003643665191822116
noisy,0.1,1,271,0.034398297651204744,1.4397043081818819,0.07985304145695839,0.011638553031468808,0.9048063504140159,0.0037020550975569305
noisy,0.1,1,272,0.20319819744327106,1.4439624674938238,0.08253703501215652,0.012159507152751886,0.90088118200177,0.004422275833321576
noisy,0.1,1,273,0.08935833525611125,1.4414962806232796,0.08141689593703264,0.011120498159645997,0.9032324367767703,0.00423016912655108
noisy,0.1,1,274,0.12585795322083815,1.4395652338834042,0.0907641566950931,0.00894540455995956,0.8970062796220624,0.0032841591228849683
noisy,0.1,1,275,0.12446004564990326,1.436201549758581,0.0909429470700611,0.0065412487043433575,0.8993370251264345,0.003178779099160944
noisy,0.1,1,276,0.035389073251280934,1.4362270102086916,0.0905331433853878,0.006379136048079235,0.8997869576633746,0.003300762903158438
noisy,0.1,1,277,0.07447801051894165,1.436434329720343,0.08785818049536796,0.007801257456639027,0.9011758505062806,0.0031647115417124993
noisy,0.1,1,278,0.15080587571137635,1.440595051104131,0.08302434679061864,0.012165456379976194,0.9014517988570222,0.003358397972383068
noisy,0.1,1,279,0.04405213001300609,1.441471897055908,0.08442885066870338,0.012043680960497495,0.9000430254080212,0.0034844429627779645
noisy,0.1,1,280,0.2635428978479471,1.4462465773458149,0.10570433763844525,0.012465253091116488,0.8798305283383495,0.001999880932088698
noisy,0.1,1,281,0.039318364294012635,1.4455827948093514,0.10612067072582375,0.011628683120718247,0.8801826188261123,0.0020680273273458102
noisy,0.1,1,282,0.049304080638102814,1.445455516789745,0.10876229083632309,0.011556843401810539,0.8779643106007473,0.0017165551611189177
noisy,0.1,1,283,0.09627567479619718,1.4436688687079584,0.10957829320317597,0.01103931868897004,0.8781039136803316,0.001278474427522406
noisy,0.1,1,284,0.027064259082544194,1.4429480892124784,0.11017072917119805,0.010843341059105248,0.8779230769828897,0.0010628527868070119
noisy,0.1,1,285,0.12019657550263219,1.4407763101524145,0.1081155434494916,0.008905640237413288,0.8815564002936737,0.0014224160194214464
noisy,0.1,1,286,0.06055861226050146,1.4414744453910788,0.10949425885187797,0.008583664867254615,0.8803479565542981,0.0015741197265692261
noisy,0.1,1,287,0.10045888095628505,1.4403579169011813,0.11086766137626691,0.00743086888428557,0.8801966926778181,0.001504777061629491
noisy,0.1,1,288,0.03324753181077587,1.438980162831996,0.10974877587866183,0.00713251570223817,0.8817644058180539,0.0013543026010461306
noisy,0.1,1,289,0.008815487060928717,1.4391179076718636,0.10992585606282827,0.007220649586640382,0.8815147776472974,0.0013387167032339854
noisy,0.1,1,290,0.10459603832568937,1.4365512225629522,0.1069480990144856,0.005086326722539948,0.8861907975972103,0.0017747766657639984
noisy,0.1,1,291,0.022831746953307093,1.4367371398358892,0.10732354013901196,0.005516699482855157,0.8855422019220525,0.001617558456080443
noisy,0.1,1,292,0.06734917191788616,1.4419286400251268,0.11081108405382688,0.004397554309868078,0.8816579461964246,0.0031334154398803423
noisy,0.1,1,293,0.07296713507384955,1.444676214398171,0.11119481356071445,0.005735702524415757,0.8796804668596409,0.003389017055228946
noisy,0.1,1,294,0.009966875344980225,1.444491083652041,0.11074853442006237,0.005619114353826311,0.880196185586549,0.003436165639562418
noisy,0.1,1,295,0.032788636372424136,1.4438758194027808,0.11105825793014924,0.005146853151654013,0.8804013069583924,0.00339358195980444
noisy,0.1,1,296,0.14654509922838707,1.43740351350919,0.10832090761386695,0.005991982836436009,0.884181648440693,0.0015054611090039693
noisy,0.1,1,297,0.07717414986691398,1.4372648461309436,0.10980710536029606,0.004694121472301498,0.8837319379621756,0.0017668352052268286
noisy,0.1,1,298,0.0031757217482669894,1.4372482628711247,0.10982417983913448,0.00469904332667387,0.8837189392322714,0.001757837601920239
noisy,0.1,1,299,0.18803577302605845,1.4369167141344465,0.09745477554161527,0.003914717307482689,0.8950774984784011,0.003553008672500888
noisy,0.1,2,0,0.4662664462637625,2.8500900925089026,0.1780001379318808,0.2751563968991356,0.2421593731521157,0.30468409201686797
noisy,0.1,2,1,0.11381854779319794,2.846593759263172,0.1822559556612879,0.27044853352945664,0.24238922431498744,0.3049062864942681
noisy,0.1,2,2,0.23050166903412944,2.815584686030551,0.1700700296748919,0.27930175027771564,0.2565604882609918,0.29406773178640055
noisy,0.1,2,3,0.37109921830124293,2.7705358062994145,0.19155517926024446,0.25712372967333574,0.2647692516299656,0.2865518394364541
noisy,0.1,2,4,0.5037800486839843,2.677965672859578,0.18930942307903414,0.27170741881978244,0.2848950414404946,0.2540881166606887
noisy,0.1,2,5,0.18829170230892456,2.6648452553654383,0.19161603222930798,0.2536110103750167,0.2978123191727985,0.25696063822287685
noisy,0.1,2,6,0.33561937718186496,2.641497616985177,0.18672588585069994,0.2974652505713603,0.2820705218028612,0.23373834177507857
noisy,0.1,2,7,0.24954288086737472,2.612979175842833,0.1760757040419117,0.2961309891238851,0.30043040350934214,0.2273629033248611
noisy,0.1,2,8,0.775479240616551,2.339734020382747,0.21707335491005406,0.2777004939169157,0.3564778898268412,0.14874826134618896
noisy,0.1,2,9,0.25106353356968497,2.310387991704628,0.2460013053766724,0.2803536803277448,0.338523448289441,0.13512156600614184
noisy,0.1,2,10,0.4513087642320886,2.2307963167835925,0.2587948680997588,0.28574710586206853,0.34757774909711137,0.10788027694106124
noisy,0.1,2,11,0.11858980436227284,2.2229399900602598,0.27357390348038013,0.28029410724231424,0.34047801999449895,0.10565396928280679
noisy,0.1,2,12,0.4689228268689476,2.1694774061500897,0.27938213149858726,0.3016313701342531,0.338156561082828,0.0808299372843316
noisy,0.1,2,13,0.42186654036631693,2.1099539086487313,0.21181373912295795,0.32344453424225605,0.4006214041450484,0.0641203224897376
noisy,0.1,2,14,0.034268352983054945,2.110028113837863,0.21391280362033033,0.3239078710259878,0.39850464889642545,0.0636746764572565
noisy,0.1,2,15,0.022557966707973835,2.109201178831955,0.2157268614000804,0.3260684194080399,0.3958633680404576,0.062341351151422184
noisy,0.1,2,16,0.1721898577467076,2.107446707062269,0.22148747910264033,0.31413807215319567,0.3986892370170102,0.06568521172715386
noisy,0.1,2,17,0.22049389804014982,2.098054830808428,0.19681173749520425,0.3021434171731779,0.4300873670032236,0.07095747832839433
noisy,0.1,2,18,0.140690329344942,2.086193035861284,0.2108153658864839,0.28814494672420565,0.4300360687807134,0.07100361860859711
noisy,0.1,2,19,0.0025441447563945008,2.0862132362472106,0.2105849902497343,0.28812139316592367,0.4302435025750475,0.07105011400929465
noisy,0.1,2,20,0.16468814349500493,2.0781759463808025,0.20990709174540498,0.2864297234300986,0.4342286675427193,0.06943451728177713
noisy,0.1,2,21,0.1931112424121227,2.0678041799321107,0.193451929694761,0.28301417220359626,0.45358800694682905,0.06994589115481374
noisy,0.1,2,22,0.3637282147014036,2.0360263744921605,0.23342487259782232,0.30576314327944204,0.4145166846180632,0.04629529950467239
noisy,0.1,2,23,0.22114636579062746,2.0262217198318284,0.2411208058996266,0.28974032799238636,0.4205470637921815,0.048591802315805656
noisy,0.1,2,24,0.042334631882841214,2.0238004526619675,0.24216522845577715,0.28595771518559415,0.42266953163324433,0.049207524725384325
noisy,0.1,2,25,0.22256397653254795,2.0189900599679453,0.25791381966350396,0.28402599309344434,0.4116756596086914,0.04638452763436037
noisy,0.1,2,26,0.1388553218508608,2.0182598042758655,0.25268451203253023,0.30140215830468065,0.40578921479337293,0.040124114869416236
noisy,0.1,2,27,0.3204535045719237,2.018369337312053,0.23586900425109217,0.2602239514840052,0.44543671358693476,0.0584703306779679
noisy,0.1,2,28,0.44055889409501214,1.9848304755879635,0.21167432245438705,0.2838232128539089,0.4617819616975429,0.042720502994161164
noisy,0.1,2,29,0.06890280514489815,1.9851726422572844,0.20740288591205364,0.2809769528844973,0.467112549441635,0.04450761176181413
noisy,0.1,2,30,0.27461643686401765,1.9637466598251287,0.2340427139903774,0.2739435506920391,0.4547103070129833,0.037303428304600116
noisy,0.1,2,31,0.06913343056803603,1.9614474920179246,0.23579826614695953,0.2776623291596911,0.4515978708017926,0.034941533891556804
noisy,0.1,2,32,0.021013971645152535,1.9608158033130725,0.2371147514741082,0.2790019272022189,0.44982818413756387,0.03405513718610913
noisy,0.1,2,33,0.08176197386928845,1.9599822580808484,0.24569624460587977,0.27379042295756656,0.44585005247839066,0.03466327995816291
noisy,0.1,2,34,0.34658423017826906,1.935279715003755,0.21525868024190872,0.2618711387570255,0.48671113203431954,0.03615904896674633
noisy,0.1,2,35,0.2201007302443034,1.9262232266857204,0.20326677233420287,0.2648742689885947,0.49790952312134085,0.033949435555861586
noisy,0.1,2,36,0.13608506860909955,1.9178349991644656,0.206736809031899,0.25756105137048796,0.5018576826340881,0.033844456963524935
noisy,0.1,2,37,0.2977394435962199,1.883261854233162,0.20294132779636445,0.23838323644756268,0.5270771600609897,0.03159827569508311
noisy,0.1,2,38,0.2954719723376913,1.869828734717649,0.21239452939958944,0.24847495169067157,0.5166825418047994,0.022447977104939565
noisy,0.1,2,39,0.2975692994776186,1.8380081665529253,0.2058070230091123,0.2381883600524208,0.5380658457415263,0.01793877119694074
noisy,0.1,2,40,0.13854378074174864,1.8368988290818873,0.18996526130130312,0.24382529979639797,0.5486471384233886,0.017562300478910227
noisy,0.1,2,41,0.14691131652798387,1.8299339055039692,0.18436608699115967,0.24823103116207731,0.5528495815625769,0.014553300284186147
noisy,0.1,2,42,0.06394796158419891,1.8262256585003975,0.18992448498954667,0.24468892967390582,0.5513027954504993,0.014083789886048161
noisy,0.1,2,43,0.14967069702106528,1.8218057388068523,0.1887038453906131,0.24928635896021248,0.5508473380648645,0.011162457584310037
noisy,0.1,2,44,0.3028363415505737,1.7973037049481553,0.1717601113395397,0.22933525666002028,0.5849764395583373,0.013928192442102662
noisy,0.1,2,45,0.03218836155719984,1.7975801438387604,0.17160915550987504,0.22890907635224553,0.5852868852690347,0.014194882868844641
noisy,0.1,2,46,0.09611109932302497,1.7939794219246092,0.1760839550305123,0.22558308193270754,0.584513554841467,0.013819408195313125
noisy,0.1,2,47,0.4199093984556379,1.758971970651908,0.15864389106570093,0.1686813279494511,0.6448996973394044,0.027775083645443475
noisy,0.1,2,48,0.14182192956213796,1.7519727034674475,0.16322247228438821,0.16500598339779213,0.64525654878777,0.026514995530049632
noisy,0.1,2,49,0.379500303888926,1.7207395759187445,0.1059577902472742,0.16401015102701158,0.7048005597209667,0.025231499004747575
noisy,0.1,2,50,0.1150068029819522,1.71880267193201,0.10407879910705746,0.15983808180239462,0.709572810066002,0.02651030902454584
noisy,0.1,2,51,0.03968463166383998,1.7189742767862328,0.10371538943985895,0.160639020543089,0.7093449262373744,0.026300663779677748
noisy,0.1,2,52,0.08747175077442051,1.7171180249072617,0.10012402544313029,0.16182412248233968,0.7122849430744478,0.025766909000082324
noisy,0.1,2,53,0.5130884984275321,1.6609757216318393,0.11469235650226374,0.15253968609116694,0.7219483214918125,0.01081963591475693
noisy,0.1,2,54,0.04569601205876136,1.6630746766402396,0.11519714264615626,0.1548767316678299,0.7194504531116246,0.010475672574389309
noisy,0.1,2,55,0.011054036486893473,1.6629138238900631,0.11512206221712247,0.1552547267337067,0.719330634079742,0.010292576969428972
noisy,0.1,2,56,0.17620214024209366,1.658420611946609,0.13138330483802965,0.14481292124426143,0.7129626860998143,0.01084108781789462
noisy,0.1,2,57,0.5066909291665066,1.6110429394580004,0.09877996225597459,0.11861966673702037,0.7714512053353705,0.011149165671634568
noisy,0.1,2,58,0.309123511560028,1.5770407840065552,0.09192372720339964,0.09580485816884268,0.801555640750419,0.010715773877338733
noisy,0.1,2,59,0.009325692406856517,1.5766284945113531,0.09212245534918677,0.09573384271959823,0.8015486647791861,0.01059503715202882
noisy,0.1,2,60,0.08897225257824189,1.5739507623875748,0.09838820130545234,0.09488993311349382,0.7974110448147768,0.009310820766277173
noisy,0.1,2,61,0.07842781632207292,1.574573356001212,0.09491736011262177,0.09148608145985676,0.8023468235589712,0.011249734868550089
noisy,0.1,2,62,0.21497470570611807,1.563579419473495,0.09456287366118399,0.0861048875396508,0.8092331834662027,0.010099055332962624
noisy,0.1,2,63,0.10938723135623112,1.5605650513033085,0.10436746251830555,0.07788871564973943,0.8066672493108594,0.011076572521095654
noisy,0.1,2,64,0.008346031559631595,1.5598463666758466,0.1048143484282437,0.07748790587651255,0.8067387990032104,0.010958946692033344
noisy,0.1,2,65,0.051188193372218305,1.5590917200936238,0.10378686843437143,0.07595405264014324,0.8088032780764581,0.011455800849027144
noisy,0.1,2,66,0.11349875988671584,1.5564529309497424,0.11087680296919421,0.07428613880384356,0.8044467794801886,0.01039027874677372
noisy,0.1,2,67,0.07723824105341931,1.5549686249234695,0.10463234611860373,0.07750220476896477,0.8083332459893957,0.009532203123035805
noisy,0.1,2,68,0.26550878996495114,1.5639975735353273,0.08791067663182496,0.09982708449511715,0.8064295387874152,0.005832700085642556
noisy,0.1,2,69,0.07152254431857691,1.5638090047724322,0.08609075972988406,0.09661738744841813,0.8100498083890514,0.007242044432646419
noisy,0.1,2,70,0.19505061178351737,1.5554187647884183,0.08222057023460078,0.09486315185177777,0.8169867720823646,0.005929505831256875
noisy,0.1,2,71,0.15208930697408604,1.5536685419835905,0.0894663754232443,0.09098695670117796,0.8135911162516949,0.005955551623882841
noisy,0.1,2,72,0.36395662910072085,1.5365986962831415,0.10149411348979624,0.08286140593479964,0.8131975421842957,0.00244693839110842
noisy,0.1,2,73,0.20728700626059407,1.5328059493667587,0.09133684683312286,0.08113152626994184,0.8242288473868516,0.00330277951008358
noisy,0.1,2,74,0.24753874449525065,1.53333352441809,0.07533161811595417,0.08203888593853031,0.8374465923337706,0.005182903611744995
noisy,0.1,2,75,0.07789852758287452,1.528674210003404,0.07602005736742275,0.08157810797716937,0.8385126113928589,0.0038892232625489017
noisy,0.1,2,76,0.012917886645300775,1.5284000485066942,0.0760598093658292,0.0817649106321263,0.8384438909307472,0.0037313890712973316
noisy,0.1,2,77,0.10814164872281296,1.5340909669831209,0.07713463233145236,0.08410898220906468,0.8343737175127958,0.0043826679466871556
noisy,0.1,2,78,0.04480420002946668,1.5331920273837305,0.0775279284707163,0.08234995240199695,0.8353839042353498,0.004738214891936831
noisy,0.1,2,79,0.3286411232140375,1.5276607523706203,0.08666848116525745,0.07220387934111734,0.8353309502666459,0.005796689226979314
noisy,0.1,2,80,0.023553937691030417,1.5275709039473022,0.08660572994279206,0.0724707160848114,0.8352473897886227,0.0056761641837739085
noisy,0.1,2,81,0.25321193066192754,1.5197405564676245,0.0738411988522011,0.08073229495806405,0.8435804954529441,0.0018460107367908206
noisy,0.1,2,82,0.10440955751692005,1.5162885711599852,0.06566518789774055,0.08134268250106955,0.8513483236495034,0.0016438059516866088
noisy,0.1,2,83,0.07129684009705632,1.5183009635510933,0.066746861890775,0.08206931349182293,0.8493606625439978,0.0018231620734043
noisy,0.1,2,84,0.10125067128101392,1.5147243005278759,0.06458903659224138,0.08171658718335283,0.8525186102449013,0.0011757659795045023
noisy,0.1,2,85,0.004369291861075521,1.5146610676269194,0.0645121186687806,0.08170617449170664,0.8526107968738738,0.001170909965638858
noisy,0.1,2,86,0.07025455191615038,1.5173428405219083,0.06926957041010205,0.08191724805789807,0.8475411762266433,0.0012720053053564943
noisy,0.1,2,87,0.18352422807947733,1.5040935587032596,0.059838502212254924,0.07580525528077676,0.8634614114078338,0.0008948310991344405
noisy,0.1,2,88,0.3191350564418832,1.4911360229926527,0.05435720769638874,0.05356212133028777,0.8858309219322738,0.006249749041049788
noisy,0.1,2,89,0.12610380536061772,1.4917034003810496,0.05303826084093004,0.05686675544239046,0.8847688625335918,0.005326121183087758
noisy,0.1,2,90,0.24480895145679785,1.4820048060832538,0.054654643246729175,0.055088284626894024,0.8873361554124615,0.0029209167139153725
noisy,0.1,2,91,0.04584213576163165,1.4834549793263963,0.05420255664080375,0.05535042213518165,0.8871380269154034,0.0033089943086111744
noisy,0.1,2,92,0.06029175547300866,1.4826314682764645,0.056281129728169954,0.05541605366786009,0.8855297128888782,0.002773103715091795
noisy,0.1,2,93,0.0949991663394026,1.4811844513333294,0.055709964493471216,0.054049115126737116,0.8873021315824968,0.0029387887972948394
noisy,0.1,2,94,0.22149167618481486,1.4686035803360247,0.04876137403652004,0.04752615748822534,0.9011272296684169,0.002585238806837781
noisy,0.1,2,95,0.1133137883909508,1.4746696090213782,0.05036861963802771,0.04690445662665306,0.8983107391989631,0.0044161845363562165
noisy,0.1,2,96,0.034851537877693316,1.4756233292871803,0.049277363759650465,0.0470926031744474,0.8988629810026858,0.0047670520632164025
noisy,0.1,2,97,0.19967215369106234,1.4681214403958163,0.04280970287182345,0.04114354550563148,0.9104101389984646,0.00563661262408059
noisy,0.1,2,98,0.20407931219088013,1.4672395305144352,0.037804443586133614,0.030495660066635604,0.9216290509876252,0.010070845359605708
noisy,0.1,2,99,0.15295235071680496,1.4663357822706196,0.04598860384060937,0.030076144017290977,0.9150173161339358,0.008917936008163995
noisy,0.1,2,100,0.29752316925441846,1.4649086365960668,0.05115878752731924,0.03375707204089912,0.9086529065274038,0.006431233904377811
noisy,0.1,2,101,0.013273320975713432,1.4649825651098043,0.05102702472423091,0.034078787094957146,0.9085467630426576,0.006347425138154337
noisy,0.1,2,102,0.2786459214927168,1.4812311597905603,0.0618216423211085,0.02977226266173666,0.8969795752241354,0.011426519793019452
noisy,0.1,2,103,0.044710503483656794,1.4825918210318048,0.06031969155769954,0.02867086354264661,0.8985671092512393,0.012442335648414559
noisy,0.1,2,104,0.018440347205615278,1.4824386692871638,0.06063199644418687,0.02945855801614214,0.8978527193227682,0.012056726216902776
noisy,0.1,2,105,0.29990419031819354,1.489489569734113,0.04581450781925891,0.025701733553454606,0.9110081090552029,0.017475649572083692
noisy,0.1,2,106,0.22971919969422683,1.4800403583374722,0.05181206558879778,0.026668512282757746,0.9079818627796891,0.013537559348755487
noisy,0.1,2,107,0.20842847048188665,1.475709236061378,0.03993442920126632,0.02744883432327989,0.9191440611330921,0.013472675342361717
noisy,0.1,2,108,0.020756146899657324,1.476451056002032,0.03981421537624677,0.02752506171497445,0.9189816386696226,0.013679084239156269
noisy,0.1,2,109,0.03284201283822777,1.477347884734066,0.04044297823019559,0.02778702888743343,0.9180048120439989,0.013765180838372125
noisy,0.1,2,110,0.14290890147676796,1.471622985715616,0.03760905583448532,0.02771870729792074,0.9222181932274374,0.012454043640156598
noisy,0.1,2,111,0.020312344044214115,1.4716654651023067,0.0369506956504114,0.02735130332932824,0.9230075010454234,0.012690499974836999
noisy,0.1,2,112,0.4616360846965107,1.474826043059353,0.03571851374874183,0.04198019186837928,0.9140889151348145,0.0082123792480644
noisy,0.1,2,113,0.13558489571441956,1.4659740347362467,0.03595941075696505,0.04003617081977886,0.9177084638022093,0.0062959546210467855
noisy,0.1,2,114,0.0234679856977887,1.4659750585432094,0.0359850608869591,0.04049036952239973,0.9174046689385793,0.006119900652061846
noisy,0.1,2,115,0.01586346239200838,1.466201150939447,0.035851757999245885,0.04090771140212834,0.9171955816897339,0.006044948908891856
noisy,0.1,2,116,0.24862039590952964,1.4765054841559844,0.03563408997811177,0.044426470007563425,0.9121504000595381,0.007789039954786771
noisy,0.1,2,117,0.160571854608133,1.4647308948687465,0.03607457732970325,0.03974424899699143,0.9181575463716488,0.0060236273016565185
noisy,0.1,2,118,0.08335233769612344,1.4636702950718388,0.037796274696471906,0.03759335185684736,0.9183014894143332,0.0063088840323474935
noisy,0.1,2,119,0.07297731362632476,1.4653204868570837,0.03814397421182837,0.035958421630601964,0.9185204784748162,0.007377125682753526
noisy,0.1,2,120,0.02276175151346299,1.4644964272234893,0.03705490994022276,0.03458439898601968,0.9205657022438307,0.007794988829926734
noisy,0.1,2,121,0.1271647022978862,1.4621098114045004,0.036222164942688005,0.03502223592284181,0.9217294244957824,0.007026174638687807
noisy,0.1,2,122,0.01509813675074851,1.4621844546126077,0.03629778218768515,0.03465209915378595,0.9218704301459556,0.007179688512573284
noisy,0.1,2,123,0.3088084997492853,1.4441586459571794,0.035763760234598006,0.03203585214985824,0.9293056233072736,0.0028947643082701574
noisy,0.1,2,124,0.16753749778144938,1.4370645219804967,0.03423236398134363,0.026272935633761332,0.9363160540074524,0.0031786463774425857
noisy,0.1,2,125,0.013598021218786628,1.4373956400499304,0.03350400796909484,0.026314405756248337,0.9368277333022554,0.003353852972401372
noisy,0.1,2,126,0.006759899464668707,1.4375191244881003,0.03368437335633482,0.026123426000095824,0.9367519428563528,0.0034402577872166703
noisy,0.1,2,127,0.007772525260225552,1.4377014979399527,0.03395238962453442,0.026088388249432944,0.9364856061749114,0.0034736159511213113
noisy,0.1,2,128,0.14961571245803543,1.431642679415893,0.03594114293397031,0.023568483915304316,0.9381090688547772,0.0023813042959482675
noisy,0.1,2,129,0.11894112972077044,1.43262054400513,0.03215530603359476,0.01736204098575181,0.9449673881055174,0.005515264875135929
noisy,0.1,2,130,0.22353022447205115,1.4400878271803634,0.028698045240193443,0.029779712603080957,0.938077135486831,0.0034451066698946253
noisy,0.1,2,131,0.06009218887193141,1.4403357602473053,0.029839215407416797,0.0295416074654561,0.9371549786234111,0.0034641985037159873
noisy,0.1,2,132,0.10266188027453561,1.4353942930741213,0.033700188671391296,0.027523794865182517,0.9365016384605154,0.002274378002910869
noisy,0.1,2,133,0.11450197952799455,1.4349800361993814,0.03575788047231939,0.02612032457663113,0.9356979939378396,0.002423801013209934
noisy,0.1,2,134,0.05483792572049412,1.4344882036600544,0.03685563721547778,0.024701331070542877,0.9357647734828417,0.002678258231137627
noisy,0.1,2,135,0.026804261922371127,1.4352550339800858,0.035842851956105384,0.025278215724406014,0.9360637196183097,0.002815212701178864
noisy,0.1,2,136,0.170281964103924,1.438560112049165,0.032773048199483915,0.02327969486506741,0.9389994970339686,0.004947759901480068
noisy,0.1,2,137,0.15019867015653338,1.4351989333871145,0.031184187753285374,0.024936331096360387,0.940357909080675,0.0035215720696793345
noisy,0.1,2,138,0.008304522250546481,1.4351788411016904,0.031116116845511868,0.024902448442128383,0.9404442708724947,0.0035371638398649674
noisy,0.1,2,139,0.022677865211153867,1.4353194847373278,0.03065507971423273,0.024685930136388874,0.9409390204434462,0.0037199697059321067
noisy,0.1,2,140,0.22916767435381288,1.4309380831438738,0.029243368461305413,0.022382098490110507,0.9448988387926643,0.0034756942559198032
noisy,0.1,2,141,0.017510763416066208,1.431085848049657,0.028456674903081985,0.02226915210929243,0.9456116401941564,0.0036625327934691715
noisy,0.1,2,142,0.21355370252276867,1.4229777750692665,0.03054074071873889,0.017179859411797865,0.9493522398249837,0.0029271600444795032
noisy,0.1,2,143,0.0012577851419343228,1.422948018982725,0.03053492967952767,0.01718622140469126,0.949362205102976,0.0029166438128050897
noisy,0.1,2,144,0.0584672640252393,1.4242136622323653,0.03269155864598063,0.015330234683164213,0.9482537978947099,0.0037244087761453635
noisy,0.1,2,145,0.0651053241279448,1.4241795836182498,0.030453675674544295,0.015159799735650483,0.9503229897896113,0.004063534800193995
noisy,0.1,2,146,0.20125473889638687,1.412843876705108,0.02687482437158622,0.01254169951310734,0.9584353118709462,0.002148164244360275
noisy,0.1,2,147,0.12902456858428135,1.409903449653723,0.025977442252225195,0.012307501850028265,0.9602370747982406,0.0014779810995059687
noisy,0.1,2,148,0.09459483133396072,1.4075454845875353,0.02707778660242676,0.009628890189289453,0.961636515274723,0.0016568079335607196
noisy,0.1,2,149,0.04181947046308809,1.4072244460058958,0.025928681586681778,0.010166132604712231,0.9624022291467642,0.0015029566618417175
noisy,0.1,2,150,0.0005967722041536477,1.4072328192513937,0.02590895612579685,0.010174439037579202,0.9624118183256729,0.00150478651095095
noisy,0.1,2,151,0.08333685877150897,1.4096667468469084,0.023037583031679635,0.011873652644242555,0.9631432385572334,0.0019455257668442587
noisy,0.1,2,152,0.021790650207549334,1.4097796954849626,0.023182538218077992,0.011792192534880779,0.9630336053358066,0.001991663911234603
noisy,0.1,2,153,0.06644200928858512,1.4109946814347594,0.025439928770753996,0.01128698967190304,0.96101479715777,0.0022582843995728307
noisy,0.1,2,154,0.13036547755473293,1.4172334155140507,0.02526377980730571,0.015112233937731867,0.9569456982209606,0.002678288034001801
noisy,0.1,2,155,0.0968232068407815,1.4187856359110311,0.026112451362223163,0.01543477343309702,0.9555439986153764,0.002908776589303349
noisy,0.1,2,156,0.0386043656617403,1.4185408894530782,0.02505634137446126,0.015399875528463199,0.9565603682588029,0.002983414838272701
noisy,0.1,2,157,0.015534413163550198,1.4189242813973242,0.024972282733946433,0.01536670963045988,0.9565404753342595,0.0031205323013342
noisy,0.1,2,158,0.20295888895634562,1.4231062495025608,0.024552412399992847,0.020311564562120778,0.9526016884332151,0.002534334604671149
noisy,0.1,2,159,0.09376036100438784,1.4250294784368833,0.023278625518056918,0.020059178488463086,0.9532991478848991,0.0033630481085809615
noisy,0.1,2,160,0.04319925100426143,1.4259304353767561,0.02433180394977896,0.019680424634814384,0.9523468030110339,0.0036409684043727736
noisy,0.1,2,161,0.0006041581451416977,1.4259566565157114,0.024328271944430192,0.01969160964602645,0.9523351722694994,0.0036449461400440025
noisy,0.1,2,162,0.18004769859253475,1.4172966996701235,0.02566081330674803,0.014016964730267076,0.9572589361547091,0.0030632858082757035
noisy,0.1,2,163,0.07572984247235581,1.4161010060083659,0.027175714092817733,0.01261737307042517,0.957158595114376,0.0030483177223812165
noisy,0.1,2,164,0.01342573860893026,1.416122584187348,0.027335710857759047,0.012889819804043764,0.9568436709582868,0.0029307983799104335
noisy,0.1,2,165,0.14677108742180325,1.4127366929911744,0.02626060463093781,0.011574510406066791,0.9596027854360761,0.0025620995269193636
noisy,0.1,2,166,0.10941154453903477,1.4100991329234434,0.02513780691727238,0.011205196454937793,0.961595212806135,0.002061783821654813
noisy,0.1,2,167,0.2863919576280754,1.4067525210054104,0.030466515668356915,0.008006660614114463,0.959918671299367,0.0016081524181615365
noisy,0.1,2,168,0.09930935123120471,1.4080141576369312,0.03341861985857803,0.007390701679058467,0.9573485350320342,0.001842143430329294
noisy,0.1,2,169,0.10621293687727364,1.411346243588836,0.0302620606827622,0.009217144216881554,0.9579829569968618,0.0025378381034945174
noisy,0.1,2,170,0.02038333007367371,1.411765201349392,0.031248446633821873,0.009489863156035215,0.9568284056296137,0.002433284580529313
noisy,0.1,2,171,0.15303695136681153,1.4151793951819447,0.031164176124658573,0.009908836252757987,0.9556286038608882,0.0032983837616952197
noisy,0.1,2,172,0.20226632262929303,1.4105066700172861,0.02042761131267272,0.006703838923479447,0.9683773159648054,0.004491233799042477
noisy,0.1,2,173,0.045029178709955715,1.4108764600867154,0.02014619718590631,0.006474686049455343,0.9686553172650416,0.0047237994995967935
noisy,0.1,2,174,0.09422030578134526,1.412272967263549,0.021772652735621404,0.008868051822885196,0.9653367054876436,0.004022589953849904
noisy,0.1,2,175,0.015824561653425544,1.4127844883581502,0.021671515826039874,0.009126852470946498,0.9651127212699706,0.004088910433043097
noisy,0.1,2,176,0.07432546435156799,1.4128698004661524,0.022663647060028356,0.009417538985458353,0.9640408405094812,0.0038779734450321186
noisy,0.1,2,177,0.012738267652457856,1.4132866051575619,0.022855717871044182,0.009452423169095326,0.9637277288653112,0.003964130094549328
noisy,0.1,2,178,0.14028728870325685,1.4157400036911612,0.024711582656975463,0.013867065946959588,0.958642833274603,0.0027785181214620455
noisy,0.1,2,179,0.0639281344367185,1.4149446327195925,0.02179490915213144,0.015302565523407141,0.9605362182321537,0.0023663070923075685
noisy,0.1,2,180,0.11764358607470018,1.4166763816027408,0.02550132055273491,0.014406437930584836,0.9573410366110748,0.00275120490560538
noisy,0.1,2,181,0.04202252153772799,1.4162234624953536,0.02484107277502805,0.013920393970624763,0.9583531741053821,0.002885359148965063
noisy,0.1,2,182,0.05773754765978021,1.417712502030314,0.0252522479161924,0.013586314528541098,0.9577590566988731,0.0034023808563933993
noisy,0.1,2,183,0.037944748863810523,1.4166103176717533,0.026149866123946753,0.013457835274155719,0.9573822156744196,0.003010082927477934
noisy,0.1,2,184,0.055795555538498416,1.4156957496825007,0.028057158762093002,0.013208517511067188,0.9561430516103203,0.002591272116519518
noisy,0.1,2,185,0.09692339371540623,1.417013806961863,0.023892142828189838,0.009910532650349475,0.9614320426640559,0.00476528185740482
noisy,0.1,2,186,0.0327721971319998,1.4164590310219385,0.025105875043616097,0.009218911823184548,0.9609656171310097,0.004709596002189697
noisy,0.1,2,187,0.010855964350048854,1.4166092318386017,0.025342407403504227,0.009103150673217188,0.9607862333111213,0.0047682086121571795
noisy,0.1,2,188,0.21680632006027775,1.4164886421116463,0.030940491071588295,0.006017742582159466,0.9578466544136848,0.005195111932567583
noisy,0.1,2,189,0.08242717724060686,1.414777088956163,0.02599209931801042,0.007299746251595686,0.961880700196166,0.004827454234227963
noisy,0.1,2,190,0.01689889144617962,1.4148282762208282,0.02662245325561027,0.0073135587775601295,0.9613065447022163,0.004757443264613248
noisy,0.1,2,191,0.02276411085622354,1.414311327064596,0.026650340474447844,0.007760652966434143,0.9611585847901476,0.004430421768970515
noisy,0.1,2,192,0.020732661441434645,1.413854799272076,0.026666268882341644,0.007880527277588877,0.9612059372285183,0.0042472666115511174
noisy,0.1,2,193,0.012443425791570296,1.4132379360952478,0.026294203616013298,0.007948588961313395,0.9616717879357503,0.004085419486923126
noisy,0.1,2,194,0.2547993815853254,1.4244985490336033,0.017173651408680993,0.011334367446309638,0.9641941007980207,0.007297880346988647
noisy,0.1,2,195,0.2467872407345563,1.418356982234543,0.022491767129407612,0.011288826940267144,0.9614018109288504,0.00481759500147472
noisy,0.1,2,196,0.045856651733629405,1.4178814458838302,0.02087617653203746,0.012342863147022612,0.9623005572507808,0.004480403070159129
noisy,0.1,2,197,0.021819204761413857,1.4171846337375187,0.021324167327477408,0.012226931591296319,0.9621881101966558,0.004260790884570455
noisy,0.1,2,198,0.005073120270389753,1.4172996764135597,0.021467662818328785,0.0122731376787539,0.9620000096795698,0.004259189823347449
noisy,0.1,2,199,0.03525582590955269,1.4164271436879992,0.021525123547363325,0.011570989641694977,0.9626440702746359,0.004259816536305853
noisy,0.1,2,200,0.02685949924052647,1.4152496926351754,0.021040982328271604,0.01140519470256252,0.9635192293985222,0.004034593570643679
noisy,0.1,2,201,0.08546807912061968,1.4139705471868826,0.021763456332654616,0.012570574740971022,0.9625459314065578,0.0031200375198165223
noisy,0.1,2,202,0.028139445662964543,1.4128407781428518,0.020914286584797596,0.012802308140078928,0.9634793294639071,0.0028040758112163264
noisy,0.1,2,203,0.16118774763308505,1.409455923124125,0.02364922278022102,0.012104669072450388,0.9625285860970397,0.0017175220502888327
noisy,0.1,2,204,0.06727262418717192,1.4082330243901178,0.022843311714815916,0.011357861594356127,0.9640582873403964,0.0017405393504314646
noisy,0.1,2,205,0.11794851575978146,1.4072729627634777,0.021606795154250718,0.00986350677366726,0.966349343853937,0.002180354218145008
noisy,0.1,2,206,0.07890849947580136,1.4055676465501965,0.019393589174682667,0.008725255520840363,0.9694941125168046,0.0023870427876723378
noisy,0.1,2,207,0.08094879169366365,1.4026464663552058,0.01693320037073485,0.010059167669675712,0.9716837074766423,0.0013239244829470745
noisy,0.1,2,208,0.1022547574655617,1.4016364848686023,0.02043764805746392,0.009123688463390643,0.9695028013170223,0.0009358621621231556
noisy,0.1,2,209,0.01676142666838132,1.4016940474876147,0.02038334699740517,0.009223171241460817,0.9694714668911583,0.0009220148699757215
noisy,0.1,2,210,0.010517463245196729,1.4014801736289777,0.02019783511060345,0.009104494579104972,0.9697705581046406,0.0009271122056509847
noisy,0.1,2,211,0.062051565101137074,1.40109368767119,0.020930803414699422,0.008431943925124698,0.9696620826765021,0.0009751699836737937
noisy,0.1,2,212,0.0059929750103036306,1.40107581578288,0.020854617070495185,0.008436917020870398,0.969730843700756,0.000977622207878481
noisy,0.1,2,213,0.01904504792764783,1.4009818472540174,0.020514411917334514,0.008151231217281984,0.970232946668895,0.0011014101964884318
noisy,0.1,2,214,0.055546378158031866,1.4011144183740305,0.022979089846831925,0.007268551727939008,0.9685882655821426,0.0011640928430864796
noisy,0.1,2,215,0.21948432863573591,1.4038052160106167,0.020443490734416567,0.008207050007798759,0.9694217964599502,0.0019276627978344991
noisy,0.1,2,216,0.10008199661388062,1.402789136759503,0.018490662868942652,0.008266459018821469,0.9713922573106746,0.0018506208015613168
noisy,0.1,2,217,0.1066405433579344,1.4005803423100156,0.019506195857317637,0.0069739740411856755,0.9719624744469028,0.0015573556545939015
noisy,0.1,2,218,0.06539253587252501,1.4004239791050503,0.02087500476611261,0.0075891682820506436,0.970432103503552,0.0011037234482847848
noisy,0.1,2,219,0.03125461247982411,1.4004809453043177,0.02087125829497441,0.00741214685105038,0.9705281865939217,0.0011884082600535195
noisy,0.1,2,220,0.09613272274728035,1.3998295492909862,0.021149307481319206,0.006107448974856743,0.9712875668074146,0.0014556767364094334
noisy,0.1,2,221,0.11041662797797519,1.4061286481681023,0.017829903859467526,0.007168514998157712,0.9716581726167646,0.0033434085256102215
noisy,0.1,2,222,0.050236340367700284,1.4073858692304322,0.017551279358264282,0.007720907880821368,0.9711857336632509,0.003542079097663503
noisy,0.1,2,223,0.16569032591069163,1.4113116055828296,0.016302084793405013,0.010783192848374187,0.9692127823871348,0.003701939971086077
noisy,0.1,2,224,0.025771046098089306,1.412399643666045,0.015906287151563208,0.011011767621404628,0.9690936845671594,0.003988260659872762
noisy,0.1,2,225,0.11607419514912135,1.4146396854096177,0.013264665579774133,0.01031477939453689,0.9711677682262423,0.005252786799446544
noisy,0.1,2,226,0.07440545393619732,1.4154182316357184,0.012926574853317083,0.008307896937858987,0.9724758972224548,0.006289630986369242
noisy,0.1,2,227,0.0032746279146528487,1.4154000230744896,0.013037109738643709,0.008333590229488602,0.9723688258631424,0.006260474168725156
noisy,0.1,2,228,0.14499771623523006,1.4203882035417954,0.012994944411875648,0.010674491966710196,0.9694732906146344,0.0068572730067796486
noisy,0.1,2,229,0.024330477695912123,1.4203989353449444,0.013285079071134909,0.010756113491732914,0.9691660928065027,0.006792714630629379
noisy,0.1,2,230,0.22034888699417965,1.4167502624862185,0.01766803869101967,0.011949577593984243,0.965681822712864,0.004700561002132163
noisy,0.1,2,231,0.15207695345743513,1.4171946017147095,0.020647638543827024,0.014411234591471053,0.9614222746083777,0.0035188522563242386
noisy,0.1,2,232,0.18459296576911627,1.424433733370894,0.021491487664790258,0.013054648990502984,0.9593766040323811,0.006077259312325685
noisy,0.1,2,233,0.06626806292915778,1.424604717475078,0.02198006568217311,0.013613457356072648,0.9585529224211269,0.005853554540627429
noisy,0.1,2,234,0.13563956742873517,1.420546106467376,0.024543547002021885,0.013912131194381372,0.957334592161061,0.00420972964253574
noisy,0.1,2,235,0.21068773999577325,1.4174993265059586,0.019818800937196818,0.016546615898842487,0.9607323250505992,0.002902258113361521
noisy,0.1,2,236,8.315629092964238e-05,1.4174977629990284,0.01981824522744359,0.016546658550701657,0.9607332481471179,0.0029018480747368815
noisy,0.1,2,237,0.1779595042811702,1.4181422997920472,0.022968060777010562,0.016976070191052642,0.9575254020843288,0.002530466947608146
noisy,0.1,2,238,0.038482720585307106,1.4178732778737642,0.02219626018018572,0.015861543231826133,0.9589697805060804,0.0029724160819078007
noisy,0.1,2,239,0.022252955730073548,1.4181491319551212,0.022650157746495037,0.016219552875398002,0.9582697065624863,0.002860582815620608
noisy,0.1,2,240,0.005269021587445938,1.4182799494742584,0.02270149751634748,0.01618322212090901,0.9582085475155373,0.002906732847206227
noisy,0.1,2,241,0.044096817803802105,1.4179990776284603,0.021927508065260868,0.015483747510824887,0.9594011976054366,0.003187546818477694
noisy,0.1,2,242,0.016693762218346328,1.417444903140898,0.021842350093380775,0.015467845363160624,0.9596499611066582,0.0030398434368004244
noisy,0.1,2,243,0.1396594868914686,1.4143184317114128,0.01750800924546793,0.015585363527486643,0.9642904904298049,0.002616136797240602
noisy,0.1,2,244,0.0029115849174559116,1.414249561717296,0.01752027593374308,0.015541971692393568,0.9643271186438005,0.002610633730062909
noisy,0.1,2,245,0.10357223956962155,1.4127681767427902,0.015431270608389978,0.016389971351115043,0.9660659381242245,0.0021128199162705457
noisy,0.1,2,246,0.06653649100335356,1.4171014050652506,0.017941522732659386,0.018731345006718577,0.9611360840668952,0.0021910481937268723
noisy,0.1,2,247,0.017299765272763862,1.4175005400647664,0.018132875228917357,0.01897202740823931,0.9607013340573625,0.0021937633054809297
noisy,0.1,2,248,0.18271783368545538,1.4226096851410368,0.01878147764397904,0.017216348727455325,0.9597057373144128,0.0042964363141529275
noisy,0.1,2,249,0.027739720081445277,1.4227650991870255,0.019664228354165637,0.017556249335435297,0.9586781376292507,0.004101384681148322
noisy,0.1,2,250,0.03856665904168084,1.4215649168074986,0.020360135640825706,0.018080217941515143,0.9581021704220235,0.0034574759956356852
noisy,0.1,2,251,0.04602667806902954,1.4202687303977062,0.019582442796432824,0.01748156374289003,0.9595370649253234,0.003398928535353748
noisy,0.1,2,252,0.05592327449703635,1.4185412694747848,0.017250231627611464,0.017677133233542724,0.9619654426307184,0.003107192508127367
noisy,0.1,2,253,0.14541058595059392,1.4130665185052882,0.021045883580801686,0.016861219537466096,0.960782139182818,0.00131075769891421
noisy,0.1,2,254,0.18411608015885514,1.4071884392282046,0.022720721241599545,0.011346298811625822,0.9644827003939689,0.0014502795528057951
noisy,0.1,2,255,0.1641931635153011,1.4066838778978696,0.02070252509684624,0.011329861695299353,0.9664051429356427,0.001562470272211725
noisy,0.1,2,256,0.012368898798012479,1.4069164603496511,0.020234274775120922,0.011690972736702356,0.9665211891137458,0.0015535633744309127
noisy,0.1,2,257,0.05782088899286464,1.405708708069188,0.01971884903881671,0.011666661812178321,0.9673450482195799,0.0012694409294250763
noisy,0.1,2,258,0.18248721573036164,1.4090714411805298,0.02339838064960574,0.007815274268313502,0.9655202646369442,0.0032660804451365593
noisy,0.1,2,259,0.15143885546131103,1.4137270524981131,0.025535299088560684,0.010366298977359726,0.9606907691900226,0.0034076327440569496
noisy,0.1,2,260,0.05550753641873647,1.4134626973391091,0.025596554020183383,0.0106497150371622,0.9605401357263409,0.003213595216313487
noisy,0.1,2,261,0.14005695211817573,1.417992652932548,0.021646840877601554,0.012952823252855383,0.961216561574253,0.0041837742952902475
noisy,0.1,2,262,0.00880049413535744,1.4181970082779458,0.02159719405206681,0.012934981211097185,0.9612102913684729,0.004257533368363117
noisy,0.1,2,263,0.04359923913725691,1.4176501736499247,0.02226056338143201,0.012683805548870821,0.9609490607382509,0.004106570331446209
noisy,0.1,2,264,0.13887959260027918,1.4209172368110106,0.022555328484770612,0.012424533527635893,0.9598822704316627,0.00513786755593063
noisy,0.1,2,265,0.007615260325838313,1.420893820039973,0.02267900102384993,0.012339923472747096,0.9598336685688467,0.005147406934556245
noisy,0.1,2,266,0.011929663963382547,1.4207045221225718,0.02314200622575366,0.012030951295890945,0.9596770641665922,0.00514997831176327
noisy,0.1,2,267,0.016200983437010624,1.4206194651348851,0.02288396848148076,0.012236732634383168,0.9598001056817619,0.005079193202374241
noisy,0.1,2,268,0.019937182025750788,1.4200165682354824,0.022436269098405605,0.012087087288526602,0.9604627844277077,0.005013859185360028
noisy,0.1,2,269,0.028872816869988605,1.421037524665192,0.02254601567453561,0.011972131168377831,0.9601350496813142,0.005346803475772316
noisy,0.1,2,270,0.08768637164030224,1.4189452699717024,0.024576110847995974,0.01135980643481839,0.9593631410309525,0.004700941686233153
noisy,0.1,2,271,0.28244466413743746,1.4191442692147247,0.030709961032456982,0.011174727659662643,0.954063475178303,0.004051836129577431
noisy,0.1,2,272,0.116803748474922,1.4204855138996777,0.030942940534434797,0.010115666521549747,0.954118157005704,0.004823235938311504
noisy,0.1,2,273,0.10149632769171187,1.4162674850253258,0.02857645798020591,0.010728317376203169,0.9570568517302778,0.0036383729133131603
noisy,0.1,2,274,0.014194973441771758,1.416269231629044,0.02816256440913139,0.011044642014821379,0.9572216598678597,0.0035711337081875557
noisy,0.1,2,275,0.0933585489459797,1.419530171370277,0.028648549598324313,0.013800263198640675,0.9541215945589704,0.003429592644064648
noisy,0.1,2,276,0.06746852643555015,1.420881175618201,0.027015200385834322,0.012929969359213006,0.9556857334301874,0.004369096824765257
noisy,0.1,2,277,0.007213894976302981,1.4206232424623875,0.026878807291430287,0.012980152018778746,0.9558502995001731,0.00429074118961795
noisy,0.1,2,278,0.020222419017226836,1.420537478802382,0.026390538144420647,0.012435769667760693,0.9566394005211192,0.004534291666699546
noisy,0.1,2,279,0.024668841285165832,1.4213004384010088,0.026408690683637936,0.01348594300525718,0.9557462608184564,0.004359105492648459
noisy,0.1,2,280,0.05056009733234483,1.4211570766154642,0.026083934796076926,0.0126489847674166,0.9565910022719037,0.004676078164602621
noisy,0.1,2,281,0.21942548693041417,1.4362885653423652,0.02430386151390289,0.012693160524652993,0.95362536323886,0.00937761472258401
noisy,0.1,2,282,0.0018507795466575772,1.4363663765774335,0.024363391888656948,0.012717866666554688,0.9535349779374105,0.00938376350737796
noisy,0.1,2,283,0.13551670869928825,1.4334380748835958,0.03111696905201292,0.009630302141529977,0.9504216441505848,0.008831084655872266
noisy,0.1,2,284,0.10822146864957123,1.4278864106066813,0.029339932847362638,0.008883302233781854,0.9540840335422754,0.0076927313765801295
noisy,0.1,2,285,0.10561504571814978,1.4273920148952595,0.028392275760722195,0.011451274340539535,0.9534667481389222,0.006689701759816135
noisy,0.1,2,286,0.2175117615202912,1.4257827437434376,0.023876744452473023,0.01299361785795826,0.9569311685677704,0.006198469121798333
noisy,0.1,2,287,0.02357385248178631,1.425662079525875,0.02347712000350027,0.012880035680763418,0.9573863070649988,0.0062565372507375405
noisy,0.1,2,288,0.08420855745789552,1.4247497045431345,0.022436781271366106,0.014539121336816542,0.9575374703436663,0.005486627048151103
noisy,0.1,2,289,0.23161336264456622,1.4237438505377136,0.027493144105670015,0.01630616386759308,0.9523265683179237,0.003874123708813267
noisy,0.1,2,290,0.08471036160481199,1.4222118738543867,0.02783469076790536,0.016793934870957154,0.9521810206095496,0.003190353751587843
noisy,0.1,2,291,0.12494165102834752,1.4196735566860559,0.02796908993797014,0.014004884381945835,0.9545454187710671,0.003480606909016774
noisy,0.1,2,292,0.12805353832081928,1.4210242588603532,0.025565877287419072,0.016707865182964157,0.9545677120201653,0.003158545509451511
noisy,0.1,2,293,0.009869556227932126,1.4212005012217017,0.025404153422272722,0.016965466905492315,0.9544969731174613,0.0031334065547735665
noisy,0.1,2,294,0.1773542132053986,1.4225020717869585,0.0284515361530635,0.016248452551802163,0.9518943230081676,0.003405688286966799
noisy,0.1,2,295,0.08299140676390351,1.421677558778111,0.026699861964116216,0.01659051932439674,0.953456420415369,0.003253198296117931
noisy,0.1,2,296,0.0634519651415754,1.4202542068922153,0.02435852084148141,0.017049027870585997,0.9556390909135318,0.0029533603744007785
noisy,0.1,2,297,0.008028750005177734,1.420218553797168,0.024512283872277274,0.0171849970727357,0.9554311807493692,0.0028715383056178894
noisy,0.1,2,298,0.0840863074059603,1.4172675293593564,0.02387258734952573,0.017086974815079044,0.9569266506451481,0.0021137871902471746
noisy,0.1,2,299,0.012389151647222289,1.4170816158832085,0.02356362169067576,0.017272847822757603,0.9571364515216167,0.002027078964949881
noisy,0.1,3,0,0.018225939938566763,3.107294786538891,0.26730003965194093,0.24731955922779908,0.10716829468437619,0.37821210643588393
noisy,0.1,3,1,0.4422086149046662,2.9265806373758907,0.30782797141269547,0.23649567375993405,0.13168377851089724,0.3239925763164732
noisy,0.1,3,2,0.3331980204849969,2.869183455982875,0.2922374842758527,0.2115313918744168,0.17710183649231231,0.3191292873574181
noisy,0.1,3,3,0.1175579363829468,2.8612773356726535,0.29321271975118773,0.21020520367395462,0.17938417933377368,0.317197897241084
noisy,0.1,3,4,0.6852298622543459,2.6182972465562093,0.3037749822758049,0.2951789618616123,0.18947155813306885,0.211574497729514
noisy,0.1,3,5,0.5794067260925654,2.4533707283284136,0.3243189343961452,0.299256208386236,0.21762536701569035,0.1587994902019284
noisy,0.1,3,6,0.4793993563216646,2.342442407387241,0.3725555989937951,0.3201058646190586,0.1959975614991166,0.1113409748880298
noisy,0.1,3,7,0.09835342746227861,2.338709334001992,0.3744071193753821,0.31324792888502523,0.1996783755299727,0.11266657620961992
noisy,0.1,3,8,0.15071407902869446,2.3256904504072424,0.3632417428553772,0.30842508897021303,0.21602043962012044,0.11231272855428936
noisy,0.1,3,9,0.13030299165402587,2.3132352514369203,0.3669796401155195,0.309009534267153,0.21610635036183204,0.1079044752554954
noisy,0.1,3,10,0.8785761418810585,2.0631827219279604,0.35301060950227137,0.24134526413191065,0.3428151096962281,0.06282901666958991
noisy,0.1,3,11,0.015802196424921297,2.062183242515931,0.35231781081714675,0.24246440547943066,0.3430212600407943,0.062196523662628254
noisy,0.1,3,12,0.03311937730759262,2.0622360116310867,0.3525019592201203,0.24024457925139273,0.3442037254978274,0.06304973603065957
noisy,0.1,3,13,0.2948123219772254,2.0269851878867393,0.36796688298125185,0.21398819442647252,0.3573115694382745,0.0607333531540012
noisy,0.1,3,14,0.29693136300193146,1.996941911195812,0.4190445095196378,0.1863859374189346,0.33910289755765866,0.055466655503768975
noisy,0.1,3,15,0.42202961372677117,1.9853173711079257,0.4234378713830646,0.1713390313143199,0.3479522891265964,0.05727080817601917
noisy,0.1,3,16,0.4855769520916515,1.931042219645878,0.406942544078872,0.16509338665004605,0.38192340240459505,0.04604066686648673
noisy,0.1,3,17,0.26664938985486586,1.9159311443314138,0.39752663369075847,0.18250867381352956,0.383806760854111,0.03615793164160113
noisy,0.1,3,18,0.19235702330479393,1.9120213420603887,0.3844530007706633,0.1843287703978328,0.39509296496699875,0.036125263864505174
noisy,0.1,3,19,0.0379702858859685,1.910368179052335,0.3862947562429202,0.18123673169860666,0.39588747030248206,0.03658104175599117
noisy,0.1,3,20,0.16012594969943114,1.9085993871778215,0.3918302851291247,0.17356383724051727,0.39634245659360473,0.0382634210367534
noisy,0.1,3,21,0.07670271654496848,1.9110834684011575,0.3991158222567624,0.16901444528149254,0.39212831302200235,0.03974141943974256
noisy,0.1,3,22,0.21965527333086252,1.9109886158741596,0.40458203869866594,0.149654435475217,0.3993133230641836,0.046450202761933436
noisy,0.1,3,23,0.504729802248767,1.8777127522757329,0.3349182860311065,0.1495950739838929,0.4691556166016032,0.04633102338339738
noisy,0.1,3,24,0.05993366910843176,1.8736180121208952,0.3238848696229167,0.15070781002310193,0.4791956326015395,0.046211687752441936
noisy,0.1,3,25,0.23598633308429243,1.8589431747375658,0.34263783364665756,0.12859137939928714,0.48091747324669415,0.04785331370736122
noisy,0.1,3,26,0.1599389393813908,1.8563702092864618,0.3308258842412716,0.11761750259249043,0.4986030416148495,0.052953571551388565
noisy,0.1,3,27,0.04230659296736129,1.8557524085401904,0.3280133549278187,0.11758852795948577,0.5012296584068796,0.053168458705815914
noisy,0.1,3,28,0.14513300972175736,1.853767917212075,0.3475630596603707,0.12066595843543382,0.4830607175433442,0.048710264360851366
noisy,0.1,3,29,0.10663644680753387,1.853010509859483,0.3420669856707462,0.12013941435700207,0.48834714323514483,0.04944645673710689
noisy,0.1,3,30,0.08886738334549557,1.8466714300358709,0.358917825511354,0.12230513199133568,0.47435511447509,0.04442192802222044
noisy,0.1,3,31,0.2822824849747117,1.8409347232889286,0.3486133900572649,0.11129063061491268,0.4916939887936408,0.04840199053418167
noisy,0.1,3,32,0.23237501045223374,1.8253974287059025,0.3387009234632272,0.11439188436213181,0.5029184877072395,0.043988704467401545
noisy,0.1,3,33,0.1349934580968688,1.8119442889860453,0.35466150919003464,0.11435138873586387,0.49314205281650975,0.037845049257591655
noisy,0.1,3,34,0.08858897569589197,1.8072205551263518,0.3604241194532073,0.10483764303423183,0.49540862656926804,0.03932961094329284
noisy,0.1,3,35,0.2584652530087619,1.7999251430767647,0.39340317796850627,0.10120885341358916,0.4713629658053357,0.03402500281256896
noisy,0.1,3,36,0.1593354798271316,1.7999104234149543,0.3922078122939124,0.10722696102159449,0.4687016855942885,0.03186354109020465
noisy,0.1,3,37,0.028416568675311345,1.8000412021600016,0.3914142376472305,0.10564825416222548,0.4703161419488412,0.03262136624170292
noisy,0.1,3,38,0.15849430964444877,1.7976250536918845,0.39550385392044024,0.11386250058444004,0.4624623064720369,0.02817133902308286
noisy,0.1,3,39,0.19554144926951267,1.7972347124208783,0.4280501087951229,0.12228264767392186,0.4293925023947168,0.020274741136238443
noisy,0.1,3,40,0.002921818423783487,1.7971673920631703,0.4278439504421838,0.12197415955905666,0.4297789247709417,0.020402965227817843
noisy,0.1,3,41,0.06832545751240104,1.7966477454931724,0.43041984385925725,0.11937642344585554,0.42930902906361984,0.02089470363126742
noisy,0.1,3,42,0.11597368572256528,1.797329893874805,0.4294659870598111,0.12130965635423599,0.42874301689085964,0.02048133969509342
noisy,0.1,3,43,0.0495605021889782,1.79720050447168,0.4274493422603645,0.12303588466718313,0.42945750592635423,0.0200572671460982
noisy,0.1,3,44,0.3684204615477926,1.76623368144476,0.4206849218959281,0.10454077562355746,0.455750272971596,0.01902402950891855
noisy,0.1,3,45,0.3323812380898741,1.7437592788451943,0.40674905936942896,0.08836138903828403,0.48431019217092386,0.020579359421363144
noisy,0.1,3,46,0.31479550680960583,1.72190908111157,0.3590468080529067,0.06637783955496335,0.545397084964954,0.029178267427176073
noisy,0.1,3,47,0.09534741661627777,1.7236250457437992,0.36282002896202015,0.06860087974072668,0.5402674245809561,0.028311666716297104
noisy,0.1,3,48,0.022300857526715845,1.7244086118501867,0.36368944447550267,0.06760632529648139,0.5398979959068327,0.028806234321183177
noisy,0.1,3,49,0.1974395839439243,1.71544635232795,0.353396191017171,0.06016813521368559,0.5560016735320636,0.030434000237079838
noisy,0.1,3,50,0.08560099194291942,1.7110612487851822,0.34427285870872504,0.05859234897490389,0.566141507936707,0.030993284379664074
noisy,0.1,3,51,0.2082455785071933,1.6962352187355882,0.3345429509205805,0.04682082852312515,0.5861683993459273,0.0324678212103671
noisy,0.1,3,52,0.051628224790328726,1.6971495060829966,0.3364826811395469,0.04639596349268104,0.5844847039997745,0.0326366513679977
noisy,0.1,3,53,0.1182394866773393,1.6932348800910595,0.3480252901569498,0.04610961559080157,0.5758479512889271,0.03001714296332165
noisy,0.1,3,54,0.06859897323302006,1.6915298115010153,0.3564364250833898,0.04422681406908335,0.5702486057004975,0.029088155147029296
noisy,0.1,3,55,0.03655285164713962,1.6911890854521083,0.35315661695027256,0.0445327990044076,0.5729922714235984,0.029318312621721423
noisy,0.1,3,56,0.08088032917585244,1.6863562638879332,0.3498177243518673,0.04252031223524752,0.578540944556527,0.029121018856358077
noisy,0.1,3,57,0.12865572163136715,1.6869675858178572,0.3709434442390697,0.03757212608980128,0.5631716062836386,0.02831282338749031
noisy,0.1,3,58,0.19644631960545667,1.6803093350090486,0.387562083977807,0.042894713879991636,0.5475212365193011,0.022021965622900243
noisy,0.1,3,59,0.35996273046475835,1.6875577891974405,0.4494202620648513,0.0375848294159782,0.49534596220923366,0.017648946309936908
noisy,0.1,3,60,0.14897880625212664,1.6787293369131888,0.4333609135347353,0.04053809881221345,0.5099617813358636,0.016139206317187797
noisy,0.1,3,61,0.0803408218838737,1.6822211310410995,0.4366898275640453,0.03628341603052353,0.5086826196807019,0.018344136724729194
noisy,0.1,3,62,0.09163570850505473,1.6797925905013662,0.4555423549313366,0.03251543718609077,0.4954836873900118,0.016458520492560715
noisy,0.1,3,63,0.01236747137736574,1.679705038545828,0.454385241116068,0.03241192405980177,0.4965693036268899,0.016633531197240384
noisy,0.1,3,64,0.12218567924573981,1.6721384808710738,0.4592127424455589,0.030724882703955854,0.49568255801203404,0.0143798168384512
noisy,0.1,3,65,0.2338933949009505,1.6633287607324618,0.42767315036320974,0.03549360681923977,0.5225079155802383,0.014325327237312262
noisy,0.1,3,66,0.14127678265213015,1.6554955285626591,0.40822347443009405,0.03838004378250878,0.5398048958883812,0.013591585899015796
noisy,0.1,3,67,0.15396182836848363,1.6588075818660255,0.41314824204457484,0.044848173238353786,0.530601790072465,0.011401794644606405
noisy,0.1,3,68,0.35023830069112566,1.64281827312553,0.4021707099395505,0.04825337102140039,0.5426873048287315,0.006888614210317721
noisy,0.1,3,69,0.051610995328519316,1.6420501359512247,0.39897291380582656,0.049902839487763445,0.5446562282695163,0.006468018436893671
noisy,0.1,3,70,0.13917101491242542,1.641151737472572,0.3947843767774622,0.04595319284299952,0.5509641326821634,0.008298297697374994
noisy,0.1,3,71,0.141180961229839,1.6510964299510327,0.3834795968094752,0.05003152980252663,0.5552699370332672,0.011218936354731056
noisy,0.1,3,72,0.04293799026054314,1.6485878352690042,0.37497075712739686,0.05174558581857419,0.5622964347416244,0.010987222312404541
noisy,0.1,3,73,0.004301923484309175,1.6485975589619766,0.3739642852840384,0.052015312176813544,0.5629960090192107,0.011024393519937394
noisy,0.1,3,74,0.23501240267651033,1.6422911502535678,0.3709647308156635,0.05763404269072624,0.5639875731116968,0.007413653381913564
noisy,0.1,3,75,0.0007066253921943212,1.6422758510267728,0.37102842353301857,0.05762990812503556,0.5639396702756168,0.007401998066329188
noisy,0.1,3,76,0.29427079251618005,1.6319203024045725,0.35667373811255504,0.060762615734463225,0.577458686708384,0.00510495944459788
noisy,0.1,3,77,0.06511054966831523,1.6305587798521783,0.35545795421735615,0.061646229158982054,0.5783664447568783,0.004529371866783638
noisy,0.1,3,78,0.11818131168256564,1.627172244761548,0.34450293683350625,0.06134855304740025,0.5890093224136855,0.005139187705407928
noisy,0.1,3,79,0.14443783201277313,1.6158027675034294,0.3299419322841975,0.05634890102946131,0.60802453631241,0.005684630373931202
noisy,0.1,3,80,0.06981432266766305,1.6177911955239899,0.33063813488556504,0.056484659800306654,0.6067520149931244,0.006125190321003958
noisy,0.1,3,81,0.14817323162569704,1.614981827395347,0.32311532913524654,0.04883569498848553,0.6187946872175294,0.009254288658738603
noisy,0.1,3,82,0.1397955223103049,1.6130671028659687,0.3170068717510445,0.047737431430137915,0.6253174151995798,0.009938281619237854
noisy,0.1,3,83,0.042908168752910036,1.615955491469287,0.31818489967432123,0.04897748014947453,0.6226816525004071,0.010155967675797259
noisy,0.1,3,84,0.01109669746365334,1.6160630361027264,0.3194880486588949,0.048750396052475,0.6216632659642198,0.010098289324410342
noisy,0.1,3,85,0.001881378662074093,1.616088300269673,0.31932164115879896,0.04879813821784435,0.6217702389388318,0.010109981684524826
noisy,0.1,3,86,0.09510260065435382,1.6139787331652042,0.31053220315393776,0.050287185891341055,0.6290750487496396,0.01010556220508163
noisy,0.1,3,87,0.1651193061552476,1.6138622135930971,0.31148759834273765,0.05158483755621811,0.6274838524030137,0.009443711698030596
noisy,0.1,3,88,0.023477716819616523,1.6141640959012828,0.3114562862670579,0.05056960060171769,0.628047255107886,0.009926858023338604
noisy,0.1,3,89,0.014579019654775038,1.613912379011552,0.31203274212648263,0.05083771808440044,0.6274579999383207,0.00967153985079624
noisy,0.1,3,90,0.19031507390318497,1.6084800482578816,0.3356523582116772,0.04030302097052738,0.6151375119548352,0.008907108862960221
noisy,0.1,3,91,0.07987811537459427,1.6060504309894519,0.3363366584219687,0.038391692531819156,0.6164416325959027,0.008830016450309492
noisy,0.1,3,92,0.08333473620004989,1.6050896073970011,0.33476703781284284,0.035169151088432465,0.6200677805751679,0.009996030523556933
noisy,0.1,3,93,0.3841312471369742,1.5928733507398474,0.2994158664764987,0.040882317295135986,0.6507225450239851,0.008979271204380274
noisy,0.1,3,94,0.058924062573350436,1.5932743261277038,0.30187114901010814,0.039176795782306685,0.6495314475173423,0.009420607690242864
noisy,0.1,3,95,0.196185245580274,1.5940119896057303,0.28519876283605555,0.04050041994842653,0.662923503897758,0.011377313317760056
noisy,0.1,3,96,0.03995470968075046,1.5916997819901635,0.28304816659300125,0.041253806679192886,0.6650038034802599,0.010694223247546151
noisy,0.1,3,97,0.2898635389981798,1.575996021241693,0.3013944943385295,0.024524724099880484,0.6640864446530497,0.009994336908540423
noisy,0.1,3,98,0.15169033308629917,1.5766202503465985,0.3162808100870975,0.02066498130840369,0.6534049231651177,0.009649285439381181
noisy,0.1,3,99,0.10181222017272418,1.5786247101989666,0.31614842849471386,0.021475234753050132,0.6524272245966394,0.009949112155596712
noisy,0.1,3,100,0.40819364337949077,1.5885515132472658,0.3554576297075607,0.022636055427871213,0.6148011599049807,0.00710515495958729
noisy,0.1,3,101,0.025499367603333545,1.5887966890751617,0.35570428144639776,0.02330526473467228,0.6141031664144208,0.006887287404509228
noisy,0.1,3,102,0.11233796011656574,1.5897061605365783,0.35261390960089006,0.023896696026819514,0.6161395518730367,0.007349842499253879
noisy,0.1,3,103,0.12409431282430836,1.5881426854973155,0.3248541760723614,0.03026032749430127,0.6366690476873332,0.008216448746004067
noisy,0.1,3,104,0.06261353139416315,1.5871538034498713,0.3242024242367741,0.03090736229919598,0.6371258346675749,0.007764378796455129
noisy,0.1,3,105,0.04716573079349473,1.5849343869668904,0.3252806954897307,0.03055523116246088,0.6370665205779934,0.007097552769814981
noisy,0.1,3,106,0.04313078808481771,1.5836366723308595,0.3226475869284384,0.030133047281428748,0.6399868477790592,0.00723251801107363
noisy,0.1,3,107,0.20613290877663543,1.5684348889553048,0.30375916230288286,0.02771257620825398,0.6623092890971647,0.006218972391698512
noisy,0.1,3,108,0.3053069997113198,1.5806870855755861,0.31096245826955243,0.02833904936926473,0.6520699800257425,0.00862851233544046
noisy,0.1,3,109,0.05919210774591128,1.5808069517467553,0.31268793834504377,0.027693393190523743,0.6509402814427522,0.008678387021680261
noisy,0.1,3,110,0.09696110991644624,1.582595316579654,0.2999780030632823,0.028555354846375877,0.6608752018459348,0.010591440244407065
noisy,0.1,3,111,0.1669546740711672,1.5798027816826863,0.32292522859087297,0.023936283604595696,0.6447007374325593,0.00843775037197206
noisy,0.1,3,112,0.05999855127884124,1.581059819391313,0.3211165193381327,0.02456041632062118,0.6455083648271749,0.00881469951407129
noisy,0.1,3,113,0.14267331796581906,1.5804008282659139,0.31697708703988353,0.02879203598851167,0.6466733182621892,0.007557558709415618
noisy,0.1,3,114,0.0053674381284513,1.5802524344582172,0.31718312445428604,0.02886574042334324,0.6464935461128893,0.007457589009481443
noisy,0.1,3,115,0.027229939331299968,1.5801081387469993,0.3149934814637075,0.028142988746749916,0.6488755250632744,0.007988004726268308
noisy,0.1,3,116,0.004546033777296003,1.5800840854260598,0.3148045250700878,0.028160658743872313,0.6490351585390397,0.007999657647000252
noisy,0.1,3,117,0.06425350648933048,1.578670783987484,0.30611503457204536,0.028002720459575175,0.6570665027687739,0.008815742199605542
noisy,0.1,3,118,0.03141761323204306,1.578715059476333,0.30036811370827643,0.027870163763213357,0.6621072402883277,0.009654482240182513
noisy,0.1,3,119,0.08445297587895778,1.5796872579223449,0.29211081229928626,0.02786861276345258,0.6689662866937668,0.0110542882434944
noisy,0.1,3,120,0.1050485449726688,1.575444151736833,0.27896340537614583,0.02953422183251334,0.6805740248408616,0.010928347950479223
noisy,0.1,3,121,0.1645652375300415,1.5718486130537361,0.27908172817478977,0.03498007470532445,0.6781752621942966,0.007762934925589132
noisy,0.1,3,122,0.15550773512222804,1.5756278063114701,0.28142836729277754,0.037188099176254236,0.6736645005061672,0.007719033024801063
noisy,0.1,3,123,0.009558382508111696,1.5755377346245718,0.28042165939754393,0.03724444889714034,0.6745278676629873,0.007806024042328302
noisy,0.1,3,124,0.1185328771127383,1.5756719991334738,0.2699964039395133,0.0368777470594174,0.6837408927264993,0.009384956274570125
noisy,0.1,3,125,0.0012340708577544546,1.575683334945094,0.26994062795535484,0.03693000596748053,0.6837536054539299,0.009375760623234801
noisy,0.1,3,126,0.00010921352659318262,1.5756837394063943,0.26993432582420585,0.03693050450141986,0.683758635812638,0.0093765338617363
noisy,0.1,3,127,0.21821785159991083,1.5697412060796299,0.24983702554735954,0.036759423720978145,0.703030777454752,0.010372773276910389
noisy,0.1,3,128,0.06724022933631238,1.5656530999592786,0.2449676922967203,0.0337986270688085,0.7102868289798463,0.01094685165462495
noisy,0.1,3,129,0.058461129420902064,1.5664282044770665,0.24325946334826531,0.03743593061369506,0.709293437301439,0.010011168736600663
noisy,0.1,3,130,0.02479609998408705,1.565655194145797,0.24218779625348674,0.036947778644633424,0.7107521566442355,0.010112268457644274
noisy,0.1,3,131,0.24392291649710435,1.5474041856460894,0.2289401829764752,0.035252697481212576,0.7286828201036557,0.007124299438656468
noisy,0.1,3,132,0.15528007308021227,1.5507079498233611,0.23882917166198242,0.040390754522461186,0.7159605888284415,0.004819484987114892
noisy,0.1,3,133,0.01755405074218331,1.5506169249842654,0.23914004135748496,0.0402388043471363,0.7158118097016507,0.004809344593728109
noisy,0.1,3,134,0.05182193259242855,1.549110742348343,0.23914158395013937,0.040526127121430784,0.7160787851857201,0.00425350374270972
noisy,0.1,3,135,0.2437947754631749,1.5318562109903258,0.22654412044912423,0.03633491824266394,0.7346936347220138,0.002427326586198174
noisy,0.1,3,136,0.07819470372633125,1.531908749856238,0.23014392548731633,0.03570317408852678,0.7319462610747897,0.0022066393493672333
noisy,0.1,3,137,0.08074811676051401,1.5290347407880738,0.22576319295233432,0.036050879023285264,0.7363812571855417,0.0018046708388387129
noisy,0.1,3,138,0.09407956043723954,1.527101218889373,0.23115540011902364,0.03210680861123894,0.7347119273411645,0.002025863928572915
noisy,0.1,3,139,0.25525790134561194,1.512315997071411,0.20807997863452157,0.027718807853703856,0.7618166397349022,0.00238457377687236
noisy,0.1,3,140,0.021032405510776942,1.512543290222452,0.20822999723078664,0.026987855152188774,0.7620706329814555,0.0027115146355690366
noisy,0.1,3,141,0.08088918678695375,1.5114411299039017,0.20589958672093264,0.024421328496103956,0.76600493525722,0.00367414952574322
noisy,0.1,3,142,0.21144305976340508,1.5194405975214782,0.19430006765564847,0.01711517083326992,0.7782206671944788,0.010364094316602925
noisy,0.1,3,143,0.11643968917778735,1.5203806596374017,0.20193159614402267,0.015101251963320256,0.772561134731568,0.010406017161089104
noisy,0.1,3,144,0.03978246847400428,1.5200157735434041,0.20377026578236174,0.01677029424269046,0.7700416342984145,0.009417805676533305
noisy,0.1,3,145,0.1882742642133967,1.5249559040172502,0.20069431157299628,0.023733783690147336,0.7669466469892763,0.008625257747580075
noisy,0.1,3,146,0.04361699853325263,1.5240625607223637,0.1973346261538428,0.02541585897886452,0.7690885025520082,0.0081610123152845
noisy,0.1,3,147,0.3978054592444096,1.5548014082353998,0.19957876380257625,0.04551148659291936,0.7456316385782481,0.009278111026256317
noisy,0.1,3,148,0.25656275750370733,1.545717224018728,0.2119780617790168,0.0333582411525271,0.7450642762016277,0.009599420866828473
noisy,0.1,3,149,0.057590326335048965,1.544435364901441,0.21755830399103074,0.033901460490137966,0.7402671414717921,0.008273094047039237
noisy,0.1,3,150,0.36130024027661384,1.532164249897579,0.2202251840961248,0.024186074828887533,0.7475847090020205,0.008004032072967234
noisy,0.1,3,151,0.03339497891138268,1.532897533376708,0.22116970349870668,0.025623733981818386,0.7456604171634107,0.007546145356064295
noisy,0.1,3,152,0.002275443181861847,1.5328426996694395,0.22124395109760703,0.025662737659902606,0.7455881502827033,0.007505160959787117
noisy,0.1,3,153,0.11277816712972669,1.5312353196862984,0.21925045918416786,0.021149355755463752,0.7505809097976583,0.00901927526271004
noisy,0.1,3,154,0.058274567726766854,1.52993752841025,0.21523529429411117,0.020773051222599745,0.7546811928610464,0.009310461622242668
noisy,0.1,3,155,0.0489950241346372,1.5266502752992208,0.20902773321294327,0.019456875459059376,0.7618541992389674,0.009661192089029848
noisy,0.1,3,156,0.0007587577158114228,1.5266086646926964,0.2089281927510405,0.01945129552415482,0.7619563536298636,0.009664158094941177
noisy,0.1,3,157,0.33161405930295634,1.5223901547176037,0.190554465309775,0.012789767987216285,0.7832732697203293,0.013382496982679523
noisy,0.1,3,158,0.045939350593836165,1.522051092152663,0.18617151088216283,0.014425836224997764,0.7861688768058712,0.013233776086968206
noisy,0.1,3,159,0.007028323714621365,1.52207243751508,0.1871241019086161,0.014514714679058108,0.7852802720498481,0.013080911362477701
noisy,0.1,3,160,0.038752260751788906,1.5217656860793882,0.1915577064883602,0.013132157479693176,0.782375306146425,0.012934829885521677
noisy,0.1,3,161,0.04496377804898703,1.5214997356477384,0.18634374067012605,0.01348164648579814,0.7867662083617111,0.013408404482364817
noisy,0.1,3,162,0.16492878225399202,1.518883790007552,0.17437867751743502,0.018542661097104823,0.7948062073165653,0.012272454068894913
noisy,0.1,3,163,0.12295086084632237,1.5119400179272258,0.1758452539711585,0.01309925093087369,0.7989537342189521,0.012101760879015726
noisy,0.1,3,164,0.27724764861050044,1.486711423530909,0.16511517876791254,0.011032909049775493,0.8170299133111748,0.006821998871137242
noisy,0.1,3,165,0.0180478319816757,1.4868005417498917,0.16557285544224618,0.010673111791877259,0.8168281965249629,0.0069258362409137745
noisy,0.1,3,166,0.08539020881289616,1.4849064485867765,0.17372843524470344,0.00982952147208582,0.8108228722760307,0.005619171007179913
noisy,0.1,3,167,0.11942273532040458,1.4787888403757445,0.1695551776482411,0.01114774911617219,0.8154470928614587,0.003849980374128079
noisy,0.1,3,168,0.1901297933480235,1.4857329337455005,0.15543199017071505,0.015665197733722172,0.8228730884683998,0.006029723627163064
noisy,0.1,3,169,0.0031934410333638585,1.485622859102968,0.15579885215270262,0.015597247797639914,0.8226287608330488,0.005975139216608671
noisy,0.1,3,170,0.1458288697584073,1.4892070704984102,0.15298525597576695,0.015722851367604807,0.8239353672220063,0.007356525434621914
noisy,0.1,3,171,0.18545542743522622,1.4943684354421714,0.15518588387397755,0.016604585979139788,0.8199474082180715,0.008262121928811159
noisy,0.1,3,172,0.1849177193711507,1.4840313723448626,0.1420681421678315,0.018810616572680895,0.8330534396395719,0.0060678016199155775
noisy,0.1,3,173,0.24169442590791837,1.4798944590770784,0.1169542823581478,0.027382258698327014,0.8508292372210743,0.004834221722450934
noisy,0.1,3,174,0.1670975511893634,1.4708517296762518,0.11679354000721087,0.024608562556970325,0.8553655367503576,0.003232360685461239
noisy,0.1,3,175,0.028847068309551444,1.4715222372480605,0.119563391162629,0.024044306467558306,0.8531049057605669,0.0032873966092458176
noisy,0.1,3,176,0.11456992967287138,1.4642480063080385,0.1194554374699981,0.019630573832305005,0.8580858419956301,0.002828146702066785
noisy,0.1,3,177,0.04614614527672574,1.463891308443697,0.11850817047820324,0.01840204387040038,0.8597762103605802,0.003313575290816122
noisy,0.1,3,178,0.10362091294955507,1.463503298547188,0.11137671196808553,0.019931684699577068,0.8651531615159869,0.0035384418163505117
noisy,0.1,3,179,0.04870626825722826,1.4638123052426264,0.11274294321025526,0.020824857907948847,0.8633194572641706,0.0031127416176253424
noisy,0.1,3,180,0.1295583454775624,1.4602152217418818,0.10759710334460719,0.019012193455752238,0.8699879960405544,0.003402707159086181
noisy,0.1,3,181,0.1928494995983777,1.4552598538330561,0.1108316134695278,0.014644814326871158,0.871343644992984,0.003179927210616945
noisy,0.1,3,182,0.14635640403721442,1.453989332401847,0.1061651790808067,0.009565934305099411,0.8789275265838975,0.005341360030196389
noisy,0.1,3,183,0.15193185276584734,1.454334897638294,0.10372593858104827,0.010813471736049378,0.8801771986575676,0.00528339102533478
noisy,0.1,3,184,0.14848535836790688,1.4516630557326915,0.09896870865470944,0.011372228678612624,0.8847673569098431,0.004891705756834952
noisy,0.1,3,185,0.07454443640308477,1.4511502776486196,0.097956578164194,0.01058193279561825,0.8862903453681148,0.005171143672072982
noisy,0.1,3,186,0.012813162099337715,1.4507566017141618,0.09726503529271946,0.010386496545620353,0.8871305201198805,0.005217948041779778
noisy,0.1,3,187,0.06168756354018153,1.4516525744217565,0.10233752752558084,0.01207616732929373,0.8814003616758428,0.004185943469282544
noisy,0.1,3,188,0.18395659476518597,1.449382497787356,0.09851826390470458,0.009644648780409262,0.8869056259655548,0.00493146134933145
noisy,0.1,3,189,0.04464211291051509,1.44813023725042,0.09953824272855752,0.010764679930403384,0.885695168293203,0.004001909047835975
noisy,0.1,3,190,0.1003119981789498,1.4492921083484491,0.09912215413530567,0.009603044494994575,0.8864321388093802,0.004842662560319565
noisy,0.1,3,191,0.00855800716090016,1.4493588119517662,0.0985654534132007,0.009607925644720303,0.8868942785331709,0.0049323424089080395
noisy,0.1,3,192,0.055005895433715105,1.449015715165045,0.09962835174263218,0.010507071301458006,0.8855135179419614,0.004351059013948317
noisy,0.1,3,193,0.27896592261386044,1.4627273428183187,0.1081828288630815,0.012625797825746445,0.8726852650630055,0.006506108248166458
noisy,0.1,3,194,0.3955438454810068,1.453410527695325,0.10632497483803605,0.01655719250966742,0.8746328717272385,0.0024849609250579747
noisy,0.1,3,195,0.06770794186741114,1.4568038448763856,0.10362332874404744,0.01738705539388152,0.8754657520962571,0.00352386376581398
noisy,0.1,3,196,0.25632182349218025,1.4533563816910295,0.08846979373667478,0.013879382086272408,0.891859744878079,0.0057910792989739794
noisy,0.1,3,197,0.1970862406888045,1.4439989247216438,0.0749144063954971,0.015563122256820203,0.9054069683168833,0.004115503030799464
noisy,0.1,3,198,0.01473744133254494,1.4444618155868711,0.07486608763137176,0.01550951558909723,0.9053449459706762,0.004279450808854896
noisy,0.1,3,199,0.012928309227572307,1.4444493251054131,0.07475437177182147,0.015154547907019752,0.9056658201146892,0.004425260206469577
noisy,0.1,3,200,0.1522522155137267,1.4394504689345387,0.06669227851376898,0.012828532901913093,0.9156181772883274,0.004861011295990398
noisy,0.1,3,201,0.01993973723147109,1.4392820615890936,0.06813722162357011,0.0129509400141581,0.9143324400088602,0.00457939835341162
noisy,0.1,3,202,0.10873147177626329,1.437411137098518,0.06023101004608426,0.014444981396006367,0.9208567245824185,0.004467283975490867
noisy,0.1,3,203,0.03493392437230736,1.4377298406861827,0.060732532639750335,0.01445128512657944,0.920320859852776,0.004495322380894272
noisy,0.1,3,204,0.0049028970184739895,1.437639347574206,0.06096459122930586,0.01450569999284637,0.9201116344941477,0.004418074283700201
noisy,0.1,3,205,0.20859233475639524,1.4412680137574418,0.06444647797751996,0.007800413647816957,0.9201514619762322,0.007601646398430824
noisy,0.1,3,206,0.02641005439800255,1.4412308424788278,0.0643208354374632,0.008591298404568709,0.9197821650185778,0.00730570113939031
noisy,0.1,3,207,0.0704356520029246,1.4420470139516137,0.06653135662896927,0.008291977694023614,0.9177977590345882,0.007378906642419078
noisy,0.1,3,208,0.08352847763453511,1.4452341527879327,0.0677154971716473,0.007711890585581161,0.9161788348035034,0.008393777439268175
noisy,0.1,3,209,0.022052302648080307,1.44555697893932,0.0677361609862436,0.00759640720105823,0.9161365604491312,0.008530871363566896
noisy,0.1,3,210,0.18981561893015125,1.440531164373839,0.0780251153978622,0.010364331425738412,0.9069433857127853,0.004667167463614066
noisy,0.1,3,211,0.02884378631133546,1.4406758685947991,0.07819623250168768,0.01065924643789099,0.9065686679189038,0.00457585314151744
noisy,0.1,3,212,0.008107519347685714,1.4402608775575856,0.07809643867859908,0.010524461356349228,0.9068622451945972,0.0045168547704545195
noisy,0.1,3,213,0.09511382571654434,1.4387254425349776,0.07996711403429328,0.009760132083891067,0.9061605230707266,0.00411223081108901
noisy,0.1,3,214,0.012849626684328541,1.4383390107686558,0.08035822775447203,0.009688714067153473,0.9059784917034265,0.00397456647494798
noisy,0.1,3,215,0.011413054750300555,1.4386120211458389,0.0798994168980673,0.009996525623652275,0.9061067937713563,0.003997263706924059
noisy,0.1,3,216,0.03991780247888507,1.4366807903218555,0.07891924835542591,0.00952673049397077,0.9078250753489105,0.003728945801692592
noisy,0.1,3,217,0.131288999965182,1.4370912527139363,0.07455502061001484,0.012405954156326027,0.9097246801792982,0.00331434505436086
noisy,0.1,3,218,0.09231523552443832,1.440397557203656,0.07192957966134969,0.01586165880272599,0.9088926459317207,0.0033161156042037085
noisy,0.1,3,219,0.0738725702103693,1.4414488532009957,0.07393922656936908,0.015706492768807593,0.9069248651795301,0.003429415482293286
noisy,0.1,3,220,0.10040429789223666,1.443347342887689,0.07821056058905491,0.015601139067931102,0.9027036164448116,0.003484683898202484
noisy,0.1,3,221,0.024951993447029516,1.4429274182475471,0.07742151092761765,0.01572756581905702,0.9034376818519572,0.0034132414013681896
noisy,0.1,3,222,0.2760288144287178,1.4465831077276463,0.05687141475892802,0.00987622453743296,0.9238949133405598,0.00935744736307924
noisy,0.1,3,223,0.23682636682060568,1.4515536109430258,0.04954981405211455,0.012219964050910142,0.927354706465435,0.010875515431540124
noisy,0.1,3,224,0.26205760267912453,1.4484278036984446,0.050372998022406475,0.015933893606131434,0.9252637546454031,0.008429353726058991
noisy,0.1,3,225,0.23000765526667175,1.434307031715007,0.039497913843805806,0.016001080994601825,0.9389015501167618,0.005599455044830568
noisy,0.1,3,226,0.1722799444338311,1.4343051638151274,0.03592628068925431,0.015296306881623756,0.9424557265836633,0.006321685845458707
noisy,0.1,3,227,0.16620601724716874,1.4341586014277214,0.045215206238677016,0.013131260893693394,0.9357344853359355,0.005919047531694013
noisy,0.1,3,228,0.08142504131537824,1.4352287126364232,0.05081480697061899,0.014301101659540967,0.9298067980181486,0.005077293351691499
noisy,0.1,3,229,0.07856067183311058,1.4333119024183822,0.04977149802773534,0.013703351392214107,0.9316561371699281,0.0048690134101225715
noisy,0.1,3,230,0.09588230040972083,1.4309918947411855,0.04915900059491319,0.012700175033581892,0.9335005056364856,0.004640318735019448
noisy,0.1,3,231,0.11938260426395533,1.4324113740284088,0.048927009412492894,0.011163761639207175,0.9342333807180029,0.0056758482302971406
noisy,0.1,3,232,0.01900440445169846,1.432682056771418,0.048392874319917394,0.011136967548311534,0.9346356565832545,0.005834501548516532
noisy,0.1,3,233,0.05646648535039238,1.435200601766333,0.04546294941289591,0.011798702818841593,0.9360345644150441,0.006703783353218404
noisy,0.1,3,234,0.18488547808956318,1.435815294323319,0.05157430759900098,0.01169578813638136,0.9305839645051623,0.006145939759455341
noisy,0.1,3,235,0.18034487649565548,1.4342261158676772,0.05013570220252126,0.014539468946114712,0.930549155496276,0.004775673355088042
noisy,0.1,3,236,0.06232503046048847,1.4349246994050577,0.05158352596770002,0.015991082682352144,0.9281796688837294,0.004245722466218507
noisy,0.1,3,237,0.07442399029969238,1.4340631694976915,0.053876903829498744,0.014639259372955502,0.9272720787248638,0.004211758072681948
noisy,0.1,3,238,0.08273114128969568,1.4348323266121874,0.049795711825906606,0.016092986073681644,0.9297035979839032,0.004407704116508605
noisy,0.1,3,239,0.09344352814368849,1.4315171647055072,0.047789453657682654,0.015159591578522869,0.933015997587077,0.004034957176717593
noisy,0.1,3,240,0.05011284942156635,1.4331398866915595,0.0459715914648481,0.014859259364325592,0.9343064513350616,0.004862697835764647
noisy,0.1,3,241,0.12692223709891592,1.4294080706377243,0.04314994599101721,0.011852812409750932,0.9397386711430409,0.005258570456190984
noisy,0.1,3,242,0.07821506045293021,1.4303709763810717,0.04567477454481026,0.011802461083054763,0.937280918913058,0.005241845459077087
noisy,0.1,3,243,0.04394143777317414,1.4288110610220512,0.046073326119692115,0.011807355270211326,0.937393150587492,0.004726168022604667
noisy,0.1,3,244,0.18012378177954844,1.4240767971413786,0.03894468654585617,0.01295418207875602,0.9443087311871649,0.0037924001882229438
noisy,0.1,3,245,0.12894204490585193,1.4268070779081086,0.0370791184421747,0.016558044300378584,0.9428937134957671,0.003469123761679645
noisy,0.1,3,246,0.07334965327754617,1.4283078975460797,0.03889545007393073,0.015464864136115999,0.9415402520119149,0.00409943377803845
noisy,0.1,3,247,0.06472661860752889,1.4296973431407,0.0390713156325386,0.015936278867427184,0.9406822900295237,0.00431011547051032
noisy,0.1,3,248,0.03429222084814744,1.4282651116052187,0.03903155643745475,0.01595872462186167,0.9411282307176456,0.0038814882230378163
noisy,0.1,3,249,0.15667950250208335,1.4285150542508205,0.037286346435836754,0.012792077019363473,0.944538965193068,0.0053826113517317885
noisy,0.1,3,250,0.13930083849700114,1.425648744817729,0.048697429467871284,0.012210189410817095,0.9357926780119418,0.0032997031093699152
noisy,0.1,3,251,0.08425336042419117,1.4242620542394793,0.04348137134378884,0.012275940035192227,0.9407148552964212,0.0035278333245977733
noisy,0.1,3,252,0.0711992605996794,1.4293994969139967,0.04365363870683575,0.012957922198618152,0.9386170453791955,0.004771393715350573
noisy,0.1,3,253,0.1506052239041306,1.4282457956903432,0.04506313453579889,0.012356838711540271,0.9381019735895471,0.004478053163113778
noisy,0.1,3,254,0.07434913756442213,1.4276936111548468,0.042789754866541053,0.012622965455046601,0.9400847584929145,0.00450252118549789
noisy,0.1,3,255,0.13402123881969558,1.4290345842501195,0.03633241750249146,0.012237749764373819,0.9455607653010639,0.005869067432070867
noisy,0.1,3,256,0.08828754982678183,1.4287596253817239,0.03198661952221312,0.012223689469430268,0.9494443587037207,0.00634533230463591
noisy,0.1,3,257,0.1200521629420105,1.4245121346825882,0.03280598551207846,0.013891209892508739,0.9489568889733436,0.004345915622069185
noisy,0.1,3,258,0.09144720827462188,1.4221131633100341,0.02858256664251689,0.012225285933049031,0.9543882395194039,0.004803907905030151
noisy,0.1,3,259,0.17322930040536466,1.423485807686189,0.028019258501899826,0.01278052649639632,0.9541284262849864,0.005071788716717461
noisy,0.1,3,260,0.15189608464715953,1.4201260447144606,0.02839963596423881,0.013275747359052278,0.9544869958323808,0.003837620844328068
noisy,0.1,3,261,0.11849183441372547,1.4219699592307817,0.02205981699792929,0.013028936598681698,0.9596278147690152,0.005283431634373918
noisy,0.1,3,262,0.03904948059353065,1.4211270849515054,0.02239762411809649,0.014164990586491576,0.9588791099403888,0.004558275355023119
noisy,0.1,3,263,0.019758895586710956,1.4211458012586995,0.022394883855151818,0.01368763441202182,0.9591717552161598,0.004745726516666399
noisy,0.1,3,264,0.02830094653763747,1.4209862092516563,0.022980602475170763,0.012954856735704061,0.9591618049239421,0.00490273586518313
noisy,0.1,3,265,0.015505325823323993,1.4212150158646113,0.023147943960890576,0.0132204447955622,0.9587831666959457,0.004848444547601625
noisy,0.1,3,266,0.1269707811472467,1.4172321708641094,0.019629798462969077,0.011811944472970591,0.9639108024395979,0.004647454624462389
noisy,0.1,3,267,0.058467807591660356,1.4152887564940952,0.019116671779479993,0.01102222589914804,0.9654254476524945,0.004435654668877496
noisy,0.1,3,268,0.13661618734477088,1.4264469951931176,0.02356095284541855,0.012537573616743585,0.9572922860729172,0.006609187464920712
noisy,0.1,3,269,0.010008906933944059,1.4262964834553702,0.02332206798561891,0.012431904696913262,0.9576110380732902,0.006634989244177643
noisy,0.1,3,270,0.0031316401320511528,1.4262285480738561,0.023515380458541377,0.012450565754387863,0.9574508540251585,0.0065831997619123185
noisy,0.1,3,271,0.0035795685485940087,1.4264234951514279,0.0234787905045154,0.012495187708357135,0.9573972693274527,0.00662875245967473
noisy,0.1,3,272,0.11656024965341152,1.4324567052738466,0.02630451203767604,0.011398650122671617,0.9538184349491792,0.00847840289047327
noisy,0.1,3,273,0.19775484067504234,1.4325313582573578,0.029245258298508017,0.012682648893672079,0.9504333061900009,0.007638786617819042
noisy,0.1,3,274,0.1039353928412321,1.4342429944662516,0.03414799999911638,0.014184030782588163,0.9447153530344916,0.00695261618380378
noisy,0.1,3,275,0.14339873105054682,1.4279034221057265,0.03370518329286112,0.00907849793994622,0.9501473408909082,0.007068977876284497
noisy,0.1,3,276,0.06896793317864686,1.4265894949923366,0.03107057563649185,0.00953868453943267,0.9525520779198191,0.006838661904256417
noisy,0.1,3,277,0.20272903732256964,1.4258472730196434,0.018900048705793242,0.00896377173156945,0.9637552457114342,0.008380933851203164
noisy,0.1,3,278,0.14196994501980953,1.4232464585651703,0.025400670463890763,0.007169340782212779,0.9599631928603523,0.0074667958935442525
noisy,0.1,3,279,0.050806099321925625,1.4241103087307299,0.024451025189847233,0.007227672136926409,0.960499743764308,0.007821558908918337
noisy,0.1,3,280,0.15857700963388158,1.4216516183601324,0.022618108121429326,0.007465599994029626,0.962682804465022,0.007233487419519178
noisy,0.1,3,281,0.061812284437473476,1.4207165924883987,0.023873004383232546,0.006419105481064788,0.9625132950758728,0.007194595059829905
noisy,0.1,3,282,0.11696054044296034,1.4154790566927258,0.027746419037765795,0.007769655192823255,0.959849260825612,0.004634664943798997
noisy,0.1,3,283,0.039797966938931076,1.4144861758467249,0.026358359225327217,0.008214544546563977,0.9610802909298933,0.004346805298215568
noisy,0.1,3,284,0.09947178718284654,1.4151969973099026,0.02414511482010049,0.008969247269598364,0.9623340071865636,0.004551630723737541
noisy,0.1,3,285,0.21131229980383026,1.4120891308987438,0.0291849984201847,0.00763112094684129,0.9596856618420233,0.0034982187909506743
noisy,0.1,3,286,0.03754162577097285,1.4132639019695405,0.02925847584549893,0.0083023037479439,0.958856712238427,0.003582508168130206
noisy,0.1,3,287,0.02887253779918008,1.4131654646841754,0.02941275822882576,0.008703882621129583,0.958502361435315,0.0033809977147296793
noisy,0.1,3,288,0.18208879028097763,1.4057962302169127,0.02429594982593334,0.007122862188371328,0.9661382509292336,0.0024429370564617767
noisy,0.1,3,289,0.125921147083864,1.4030661684067027,0.022942114159556534,0.0076450125200901225,0.9678075868277178,0.0016052864926354752
noisy,0.1,3,290,0.02961871860898061,1.4018454037349561,0.02165783173272788,0.007492009799548654,0.9693865234851419,0.001463634982581689
noisy,0.1,3,291,0.06858407926047179,1.40363635259329,0.022835784600508387,0.0066098472616122166,0.9683727631905673,0.00218160494731217
noisy,0.1,3,292,0.015629042498766878,1.4036116511292978,0.02337838345885092,0.006333633780696375,0.9680774724154247,0.0022105103450279144
noisy,0.1,3,293,0.1804616057605023,1.406749117468102,0.021950858372942042,0.006932914306121454,0.9680209085754266,0.003095318745509864
noisy,0.1,3,294,0.24353779147495416,1.4313073959778637,0.01937557528817848,0.0054408852554689476,0.9639024421167529,0.01128109733959975
noisy,0.1,3,295,0.2624899901682516,1.4215365116731442,0.014539805236329093,0.00788033566191016,0.9695149417295108,0.008064917372249935
noisy,0.1,3,296,0.1832861465925821,1.427325951003041,0.014195599707169966,0.008063484819761813,0.9679829079745144,0.009758007498553885
noisy,0.1,3,297,0.02601521398173645,1.4266330524817317,0.0138697440748125,0.008001292869977314,0.9685118205190892,0.00961714253612079
noisy,0.1,3,298,0.1272360589588064,1.4228476493239155,0.013884305914379592,0.011032539010566948,0.9677442218000866,0.007338933274966877
noisy,0.1,3,299,0.0984644454205405,1.423037473448063,0.013421523166597536,0.010796973726198067,0.9682380713006475,0.007543431806556804
noisy,0.1,4,0,1.4480418213293889,2.527840875194058,0.2365422349764251,0.10903940903436003,0.387833585117506,0.26658477087170895
noisy,0.1,4,1,0.40409602002473566,2.4719927753302984,0.26604148243055437,0.09112684778708277,0.38976780667389255,0.2530638631084704
noisy,0.1,4,2,0.5575551753980111,2.382805836524977,0.29441477110146014,0.12256754598700882,0.37215178207726557,0.2108659008342656
noisy,0.1,4,3,0.28691726736142414,2.340732865118994,0.30745909033994256,0.12566859629423432,0.37135317214211594,0.19551914122370717
noisy,0.1,4,4,0.12945208337623626,2.3351568990303173,0.31113327817513065,0.11610743731894294,0.37569261558419825,0.19706666892172814
noisy,0.1,4,5,0.376669735647738,2.2891493142120214,0.33672964225745033,0.1451083097755607,0.34935493619837116,0.16880711176861782
noisy,0.1,4,6,0.6211737506266214,2.1271110327213494,0.4464199605518442,0.14172613621021,0.3046760872876155,0.10717781595033042
noisy,0.1,4,7,1.0431133116246196,2.1033595325617584,0.545778343022545,0.11927349533250646,0.24018395944173876,0.09476420220320977
noisy,0.1,4,8,0.10431542438454888,2.096443400287477,0.5433147714389104,0.11952273588485772,0.24417070144105685,0.09299179123517497
noisy,0.1,4,9,0.09526982681709256,2.094754101638512,0.5456845318503284,0.11850429410620938,0.2432600528598073,0.09255112118365509
noisy,0.1,4,10,0.5577794725249987,2.018595701588249,0.5028943982443983,0.10739297643216,0.30910471268514284,0.0806079126382988
noisy,0.1,4,11,0.11827002699719721,2.0154724373566264,0.49848423844106315,0.0915547340021433,0.32351552454023574,0.08644550301655783
noisy,0.1,4,12,0.277946022769903,1.9852168895401021,0.5151450492673759,0.07062676623660437,0.3309453848958688,0.08328279960015099
noisy,0.1,4,13,0.5373664024577018,1.9071280625565992,0.4989281157174534,0.07036465025575744,0.3679813151972054,0.062725918829584
noisy,0.1,4,14,0.35053563421242856,1.8697797269718195,0.5590567067155806,0.05071266692507295,0.3394318450350515,0.05079878132429494
noisy,0.1,4,15,0.3023045200796336,1.8497119591148905,0.5300281592093983,0.03959327090026516,0.3770638970972671,0.05331467279306927
noisy,0.1,4,16,0.23348655276931785,1.8406767036201355,0.526885507644984,0.046684773171834,0.3780636937082037,0.04836602547497833
noisy,0.1,4,17,0.24598649872932624,1.8200683409478304,0.5039090753244838,0.06527567238496074,0.3924399967034869,0.03837525558706869
noisy,0.1,4,18,0.38463836615555963,1.8067737311109275,0.44350027119276275,0.062439823770017375,0.4500287915164396,0.04403111352078041
noisy,0.1,4,19,0.09103076948085811,1.8051048238926892,0.4448828610743384,0.06312410719322335,0.44891010782512925,0.04308292390730891
noisy,0.1,4,20,0.25965832188958254,1.782562054489013,0.42029777786354955,0.06415410047230163,0.4760811682403748,0.03946695342377399
noisy,0.1,4,21,0.2452478448394686,1.7577060157287803,0.4222165511945345,0.06321103929572694,0.482333184359678,0.03223922515006061
noisy,0.1,4,22,0.159386360441567,1.7482567458296836,0.42970747735068826,0.06074678218159627,0.48018228048288825,0.029363459984827235
noisy,0.1,4,23,0.2485110444307788,1.7326227399841212,0.4050223990595696,0.06030873689687919,0.5063240531495026,0.02834481089404866
noisy,0.1,4,24,0.18866078009596132,1.7337847416304888,0.4071311376691976,0.06623101140908444,0.5005226348454103,0.026115216076307627
noisy,0.1,4,25,0.24500892676878658,1.7221154879843035,0.37127887281335886,0.07761515981184225,0.527871385966877,0.023234581407921985
noisy,0.1,4,26,0.01190583914867585,1.7218714042633496,0.3724656690897607,0.07803384767442711,0.526662318269171,0.022838164966641192
noisy,0.1,4,27,0.13893813409958974,1.7156798733214265,0.3477097177211025,0.08746335756475997,0.5440493701829718,0.020777554531165737
noisy,0.1,4,28,0.0018718845734833345,1.7157637438132383,0.3479186914327477,0.08745620192243068,0.5438486687300278,0.020776437914793885
noisy,0.1,4,29,0.38518157188082114,1.6723573311471063,0.35033400550598,0.07879960713570747,0.5598964551325407,0.010969932225771877
noisy,0.1,4,30,0.4118618838605467,1.6505365405906145,0.3140581510229259,0.06599653741518331,0.6055519907210043,0.014393320840886497
noisy,0.1,4,31,0.058291513752191645,1.6517486367191272,0.317990566193559,0.06358129483359969,0.6032824645941502,0.015145674378691085
noisy,0.1,4,32,0.19017841617460363,1.6528113366282284,0.3227837640778047,0.054856992647876725,0.6041989642457067,0.01816027902861194
noisy,0.1,4,33,0.27858569213421924,1.6315631511646207,0.33380519853667284,0.048219776726238325,0.6050383751038777,0.012936649633211162
noisy,0.1,4,34,0.10566424896824207,1.6304733762676364,0.33255604987921783,0.047139185639676784,0.6071052021389971,0.013199562342108296
noisy,0.1,4,35,0.1803391195484446,1.619709448155193,0.32512547690508803,0.045525281809459764,0.617700266665291,0.01164897462016132
noisy,0.1,4,36,0.11716048556263559,1.6160342283700828,0.33140651145206595,0.04092520425836707,0.6161918139069752,0.011476470382591765
noisy,0.1,4,37,0.11067245359881739,1.607094260222708,0.3189011519545784,0.04366858260906171,0.627951589190211,0.009478676246148938
noisy,0.1,4,38,0.07779257311485682,1.6078665624385067,0.32430755807291606,0.042126917435080485,0.6239997687083263,0.009565755783677288
noisy,0.1,4,39,0.1972168985113961,1.5926551553274468,0.3290360240224611,0.03208536177163578,0.6305954834261527,0.00828313077975048
noisy,0.1,4,40,0.10319209452718434,1.5950297936533022,0.32295469104499946,0.03500347218171169,0.6333522595609391,0.0086895772123497
noisy,0.1,4,41,0.12825672996696103,1.594148880127146,0.3147939593776644,0.030488275235022427,0.6434525255213872,0.01126523986592603
noisy,0.1,4,42,0.33502495133434385,1.5775236270555442,0.2963695566335645,0.02208868912822539,0.6694859037897009,0.012055850448509356
noisy,0.1,4,43,0.004882645397447399,1.5775818917175561,0.29588749608536935,0.022246301609183523,0.6697886204053133,0.012077581900133845
noisy,0.1,4,44,0.26762731944909357,1.5646007619815543,0.28135758956205215,0.01940884770185663,0.6879551310866227,0.011278431649468575
noisy,0.1,4,45,0.12646017455263026,1.5564854092175426,0.2735085622920203,0.018828923562095416,0.6975100676026719,0.01015244654321235
noisy,0.1,4,46,0.08239476300659632,1.5534027694287493,0.2790774315289679,0.017806307543672056,0.6942301012643123,0.008886159663047798
noisy,0.1,4,47,0.012568628246662876,1.553515987249823,0.2788727967355687,0.01754144416219652,0.6945373077378677,0.00904845136436715
noisy,0.1,4,48,0.08414264357415871,1.5505163382666476,0.26903980690838847,0.018626822772488092,0.7032709347639537,0.009062435555169631
noisy,0.1,4,49,0.18374333136016485,1.5365768812082177,0.2538824635718057,0.014570541676858414,0.723032378178501,0.008514616572834914
noisy,0.1,4,50,0.02756932743941476,1.5362219365347178,0.2533193737544527,0.015506430763821473,0.7230474991800708,0.008126696301655103
noisy,0.1,4,51,0.03927670062403176,1.5339827415191492,0.2482468965939859,0.015426331117230794,0.7281562677763093,0.008170504512473961
noisy,0.1,4,52,0.0826628619688563,1.5375205442936195,0.24326760038410575,0.016801680397379358,0.7305767021366888,0.009354017081826184
noisy,0.1,4,53,0.04870568136102482,1.5384780951471646,0.2505921976429692,0.01692333750804379,0.723868782781895,0.008615682067091977
noisy,0.1,4,54,0.054504004836780674,1.5375889349683673,0.24870229910409414,0.017164496448196495,0.7256211011125309,0.008512103335178612
noisy,0.1,4,55,0.202416954078945,1.5344680198344434,0.22722712309101595,0.017207902847576936,0.7451391095186609,0.010425864542746218
noisy,0.1,4,56,0.08986533213173953,1.5289740492034294,0.21423704257857548,0.013824388732038177,0.7601256168707468,0.011812951818639422
noisy,0.1,4,57,0.16413715956150554,1.5238548983436182,0.2161740604572575,0.009946588579848332,0.7623563279299088,0.011523023032985405
noisy,0.1,4,58,0.08460725965560456,1.5274619754380414,0.2008586495310983,0.010832620605184584,0.7740342107093744,0.014274519154342816
noisy,0.1,4,59,0.25229827061993976,1.5166810865162388,0.19775465517239874,0.013689317928429718,0.7781555075585408,0.010400519340630672
noisy,0.1,4,60,0.14655934834736364,1.5114932854028744,0.19614693136785008,0.01633905332250997,0.7794499559322163,0.008064059377423636
noisy,0.1,4,61,0.20527849778882182,1.5051014557968276,0.21668371010988724,0.01495426923703712,0.7643715721223276,0.003990448530747888
noisy,0.1,4,62,0.24213179651415004,1.491878281979002,0.1962468424574351,0.011319016364285726,0.788274875820928,0.0041592653573511995
noisy,0.1,4,63,0.06797326701344007,1.4897570778274092,0.19436093245761024,0.011415717097948601,0.7904811174524129,0.0037422329920283643
noisy,0.1,4,64,0.007399059634189596,1.4898632784360584,0.19448921932787644,0.011220273789171543,0.7904590693889673,0.003831437493984718
noisy,0.1,4,65,0.045668209926225535,1.4892105091453711,0.19509855585525274,0.011063457445996754,0.7902201748010316,0.0036178118977187156
noisy,0.1,4,66,0.15516257035778835,1.493767490740929,0.20014930624222363,0.015410675137506614,0.7817977645621164,0.0026422540581534358
noisy,0.1,4,67,0.1686316891747989,1.5013055161222861,0.18520138347436446,0.017338041949759662,0.7913552000206223,0.006105374555253637
noisy,0.1,4,68,0.17989461242687005,1.4913697294936612,0.17530877321318644,0.014603764213391528,0.8045828221876032,0.005504640385818875
noisy,0.1,4,69,0.21876018287730403,1.4895304853365998,0.1822909433397849,0.015103974154235806,0.7987521266676516,0.0038529558383277296
noisy,0.1,4,70,0.04570718204486122,1.490514191742654,0.18316479911328748,0.01568958877713115,0.7973395866038472,0.0038060255057341913
noisy,0.1,4,71,0.027150612423429886,1.4910720379676616,0.18301630083953968,0.01591007765747989,0.7971670477402079,0.003906573762772543
noisy,0.1,4,72,0.1310262766317463,1.4879255531151199,0.1721628310645984,0.013097172425171846,0.8092683964824995,0.005471600027730265
noisy,0.1,4,73,0.006253586220555371,1.4876454122851892,0.1722001627769967,0.012820075887448469,0.8094902852321956,0.005489476103359245
noisy,0.1,4,74,0.08011925345053811,1.48481716226825,0.16795396621887665,0.01093116465599913,0.8151866098437262,0.005928259281398112
noisy,0.1,4,75,0.023940259037772194,1.4842918783105497,0.16632356849130928,0.011368955456679833,0.8164886206058232,0.005818855446187736
noisy,0.1,4,76,0.06576075466582532,1.4822081856978546,0.16455433771494904,0.01200759588884882,0.8182489202370121,0.005189146159190043
noisy,0.1,4,77,0.26889065403956985,1.4814348994865858,0.16838584854466823,0.01175804487449709,0.8153020032083723,0.004554103372462307
noisy,0.1,4,78,0.017851672961842632,1.4815216434504874,0.16758075939156367,0.01200599569929433,0.8158227249489991,0.004590519960142764
noisy,0.1,4,79,0.29350030688219747,1.4758898693529996,0.13840096049325562,0.013817825550359951,0.8417445818177077,0.006036632138676719
noisy,0.1,4,80,0.2238313778245352,1.4719730520579744,0.11953018217123275,0.01725668538686247,0.857199185118609,0.006013947323295708
noisy,0.1,4,81,0.055620612803614196,1.4691471037304138,0.11550716876555717,0.01601157031327214,0.8623093889308533,0.006171871990317445
noisy,0.1,4,82,0.1849519121286,1.4644543975032316,0.11643367324308891,0.018161476449618692,0.8615639348859645,0.003840915421327962
noisy,0.1,4,83,0.16891902432544126,1.4612232974462858,0.10843775399714625,0.015637270163532342,0.8710455228801541,0.004879452959167252
noisy,0.1,4,84,0.37739897196297534,1.4723396178739503,0.07901760808806342,0.01138007806311776,0.8960134561888182,0.013588857660000599
noisy,0.1,4,85,0.06063971561379699,1.4715532994777236,0.08022636346226922,0.009899348298783995,0.8961100886457515,0.013764199593195305
noisy,0.1,4,86,0.1463877912727183,1.4671146573234992,0.08181618890763769,0.010271120672206105,0.8958108693979707,0.01210182102218558
noisy,0.1,4,87,0.1120568552752952,1.4632009506660308,0.07378528868941475,0.008612703536866075,0.9049985885690237,0.012603419204695477
noisy,0.1,4,88,0.054808874474838065,1.4615823643589612,0.07054399145812061,0.008410846347784624,0.9084294529685011,0.01261570922559355
noisy,0.1,4,89,0.13321751038310958,1.4554852931127935,0.07160279784085646,0.012079341774620047,0.9070432734090582,0.009274586975465333
noisy,0.1,4,90,0.03396677431301179,1.4536457640750322,0.07182804018172202,0.012060643081890527,0.9074042290978106,0.008707087638576893
noisy,0.1,4,91,0.08663528041215651,1.4533441673233778,0.0714429081809121,0.0108596630184572,0.9085731986166206,0.009124230184010144
noisy,0.1,4,92,0.2116259696194902,1.446851110934502,0.05592520823531156,0.008726201666863104,0.9253530983106304,0.009995491787194957
noisy,0.1,4,93,0.15835102904820852,1.4394667911823382,0.05516915028682219,0.007717408181735657,0.9288289101041495,0.00828453142729268
noisy,0.1,4,94,0.06798486832995013,1.4401741922034574,0.05665154994457705,0.008744814270983853,0.9266894287198824,0.007914207064556852
noisy,0.1,4,95,0.0881380877282938,1.4407479275835062,0.06078854511230658,0.011448658137815143,0.9212360799325228,0.006526716817355586
noisy,0.1,4,96,0.1725618151132945,1.4407090757514955,0.04675316260939918,0.01161264662269831,0.9333891771667964,0.008245013601106011
noisy,0.1,4,97,0.0735255055478774,1.4408974724622625,0.04551383130231255,0.011885660343227213,0.934245452150647,0.008355056203813138
noisy,0.1,4,98,0.2468654696887818,1.4405543119283557,0.04153609049106015,0.011540150762901292,0.9380322317927191,0.008891526953319427
noisy,0.1,4,99,0.1683887075050734,1.4352816408634368,0.05109322485224853,0.013854063286540012,0.9298251069321435,0.005227604929067967
noisy,0.1,4,100,0.05855968841351589,1.432841872673809,0.05197167764464488,0.013357994362562523,0.9300901500521658,0.004580177940626799
noisy,0.1,4,101,0.19084906522766687,1.4311363127214567,0.04205781016621346,0.01930114882277524,0.9355647322162934,0.003076308794717862
noisy,0.1,4,102,0.04217903552344052,1.4303730708007916,0.043914722027960415,0.019838577871274462,0.9338381600608655,0.0024085400398996945
noisy,0.1,4,103,0.11494597261189546,1.4277229323974665,0.042047903958110665,0.019075544765944554,0.9367263003112108,0.0021502509647339796
noisy,0.1,4,104,0.140250654908595,1.423975177635634,0.04124319198691958,0.01523670586114777,0.9409189200007788,0.002601182151153878
noisy,0.1,4,105,0.030930968810571557,1.4241330721525138,0.04161376242361332,0.015287840135273503,0.9405169926970236,0.0025814047440895047
noisy,0.1,4,106,0.038098616321804,1.4247936718777237,0.043353885214238455,0.015318641709550593,0.9387833436011997,0.002544129475011213
noisy,0.1,4,107,0.03451008142437811,1.4237109506837453,0.04466340624904011,0.01462599954465997,0.9383911363186289,0.0023194578876710565
noisy,0.1,4,108,0.17189894065959402,1.423849958268556,0.04692802411923042,0.014334244177566282,0.9365546219792038,0.00218310972399945
noisy,0.1,4,109,0.06596532338298877,1.4234858789559095,0.05113868807485162,0.014624696816100877,0.9328091326158905,0.0014274824931571257
noisy,0.1,4,110,0.14592350774328253,1.4218215144702233,0.04927169002718118,0.013546134800952682,0.9356000948642232,0.0015820803076429671
noisy,0.1,4,111,0.022668879915727302,1.4219848313391577,0.048318193405147314,0.01373242816679909,0.936268123502154,0.0016812549258994624
noisy,0.1,4,112,0.01400287366122921,1.4224610945152174,0.048117579580562696,0.014075976301867597,0.9360889737230293,0.0017174703945403895
noisy,0.1,4,113,0.12243660699459724,1.4213443935697996,0.04386606567371959,0.014925948904272741,0.9396035742988156,0.0016044111231920581
noisy,0.1,4,114,0.11668710452504494,1.4229680696978915,0.046965775687071824,0.014372582110974426,0.9367597082434015,0.001901933958552304
noisy,0.1,4,115,0.16131310953060182,1.4328482856245779,0.04664278939384316,0.012842653915566844,0.9350565900499404,0.005457966640649706
noisy,0.1,4,116,0.22095154780545212,1.4256314287354501,0.0402789189087778,0.016685612368612244,0.9403711915409081,0.0026642771817017336
noisy,0.1,4,117,0.20162478643469572,1.4264584009584595,0.038684038087017314,0.02367551105115207,0.9371880376535928,0.0004524132082378092
noisy,0.1,4,118,0.1464182739553506,1.4232194645430671,0.03649095886069537,0.019113525371055474,0.9428890137208265,0.001506502047422786
noisy,0.1,4,119,0.13324643637752195,1.4262499808205975,0.03308425983770921,0.020765845889135794,0.9439391763345867,0.0022107179385682883
noisy,0.1,4,120,0.08622605709824747,1.4252658842100239,0.03627649792360336,0.020195614119267874,0.941798407364951,0.001729480592177788
noisy,0.1,4,121,0.1713509455847092,1.4223780929921288,0.044091519590027536,0.015718409944635168,0.9386090953447832,0.001580975120554135
noisy,0.1,4,122,0.05021549019729707,1.4228707798186981,0.040842243801741604,0.0168231800335349,0.9406138788415622,0.0017206973231612551
noisy,0.1,4,123,0.05374640458612728,1.4237706018669374,0.041365190470837754,0.01646509637520017,0.9401122327140761,0.0020574804398859445
noisy,0.1,4,124,0.05094609849620585,1.4235281656600542,0.04237717979080337,0.01546557595261923,0.9399202670864013,0.002236977170176155
noisy,0.1,4,125,0.16167598107131198,1.434432495613536,0.05652946543265328,0.016995977459082455,0.9233891593510379,0.0030853977572263525
noisy,0.1,4,126,0.12229112866916719,1.4370228964513372,0.05511883605902944,0.017672014310758162,0.9234321161181476,0.003777033512064875
noisy,0.1,4,127,0.27656801985576723,1.4255358115381243,0.042499395663418045,0.014167428545907149,0.940021841196998,0.003311334593676822
noisy,0.1,4,128,0.05511421092669497,1.4239850550314888,0.03976789947341124,0.015306966819738877,0.9421599174173797,0.0027652162894701736
noisy,0.1,4,129,0.014737203734693671,1.4235186817707048,0.040048850010251914,0.01536615234213576,0.942016513339867,0.002568484307745259
noisy,0.1,4,130,0.04763969359919429,1.4218406348091208,0.03875499151558273,0.015631110405583657,0.9434796781640197,0.002134219914813987
noisy,0.1,4,131,0.1584025955526158,1.4316446542833523,0.033518000260840265,0.016641661225515247,0.9445139557926707,0.005326382720973745
noisy,0.1,4,132,0.059626752947224304,1.4303222668681321,0.030791377667132143,0.017317058589205278,0.9468680591065084,0.0050235046371542155
noisy,0.1,4,133,0.26826459787553225,1.4246855147779007,0.05024271987783098,0.010922962980699436,0.9355277991453402,0.0033065179961293076
noisy,0.1,4,134,0.09627266442985291,1.4254310725018766,0.04814523601857643,0.011863305144830636,0.9365539661215588,0.00343749271503414
noisy,0.1,4,135,0.043107088981196036,1.424998872675492,0.04969237315534676,0.011843092270235075,0.9353449260737612,0.0031196085006570335
noisy,0.1,4,136,0.02797050425433536,1.4252440974619018,0.047844619784726775,0.011588861984043661,0.9370417742523313,0.0035247439788983963
noisy,0.1,4,137,0.0008825854514723092,1.4252414766807946,0.04786035168785756,0.011584368714408941,0.9370316095178248,0.0035236700799087532
noisy,0.1,4,138,0.06075547556392866,1.4255319438931544,0.049078757804000304,0.011542614987660045,0.9359082035858874,0.0034704236224522298
noisy,0.1,4,139,0.05935359637369422,1.425351721131053,0.049479743708844726,0.011995774103061994,0.9353311198031732,0.0031933623849201218
noisy,0.1,4,140,0.004123023885767907,1.4253146873856266,0.049567200107400844,0.012076007877442237,0.9352161060653745,0.0031406859497824123
noisy,0.1,4,141,0.16453634084900806,1.4283051002190208,0.03887807879613707,0.014764191357467614,0.9419903126278186,0.004367417218576709
noisy,0.1,4,142,0.04433493239921543,1.4291974844625506,0.038344372985066225,0.014748094359399467,0.9422011581809864,0.004706374474547871
noisy,0.1,4,143,0.030254023568704533,1.4289934559813717,0.0388235095724019,0.014111544623815135,0.9422379280426147,0.0048270177611682945
noisy,0.1,4,144,0.0041617873590444054,1.4288426738570925,0.03868175000743055,0.014045826589157073,0.942447117564237,0.004825305839175367
noisy,0.1,4,145,0.17092569795204327,1.4264774177794934,0.04237551392305315,0.012789659199652907,0.9407039829023355,0.004130843974958428
noisy,0.1,4,146,0.12401841355604057,1.4266761317146137,0.04856460485032824,0.01181706603021527,0.9358471503253667,0.0037711787940898026
noisy,0.1,4,147,0.06511740807327379,1.424706416532126,0.05015136278507521,0.0098452307643676,0.9362689742137704,0.0037344322367868564
noisy,0.1,4,148,0.08192686866386731,1.4234561945035782,0.050819143854508975,0.010773886874039306,0.9354821412689134,0.0029248280025383913
noisy,0.1,4,149,0.2517696441849691,1.4162342158026107,0.04549207834267252,0.0066093848942203525,0.9448542998967961,0.0030442368663109714
noisy,0.1,4,150,0.22653665417456043,1.4170211616906854,0.03901263113254468,0.010800638612921389,0.9476783398613401,0.0025083903931938426
noisy,0.1,4,151,0.1280676005641001,1.4218663963301765,0.03687089156709472,0.012401922822676048,0.9471170411629384,0.0036101444472907414
noisy,0.1,4,152,0.06261309089604727,1.4205124374849174,0.037194140760956895,0.012614540867289862,0.9471051273469242,0.0030861910248291503
noisy,0.1,4,153,0.06468702068668752,1.4208866346625701,0.0380810954373297,0.012886277446971796,0.946051554339904,0.002981072775794413
noisy,0.1,4,154,0.026532817736733078,1.4199473782527898,0.038213935831491554,0.012896906629030497,0.946207867823343,0.0026812897161348644
noisy,0.1,4,155,0.05986900503048648,1.4204247720307648,0.03704710534655965,0.012554789904761724,0.9472965067820328,0.0031015979666457983
noisy,0.1,4,156,0.14000901886611308,1.4137215535189678,0.03186120556418656,0.009901679486646681,0.9554573874059902,0.002779727543176544
noisy,0.1,4,157,0.1884738317399754,1.4102371896183021,0.03242458026793247,0.00864713256837411,0.9567775937273945,0.002150693436298965
noisy,0.1,4,158,0.029121129628038034,1.4105680739728044,0.03196319230595673,0.009509673178061676,0.9565476041092157,0.001979530406765948
noisy,0.1,4,159,0.014487511588959279,1.4108793199680525,0.03116664829733906,0.009689114571828689,0.9570393750078292,0.0021048621230030646
noisy,0.1,4,160,0.14563495312468086,1.4119586769930739,0.03812773817223741,0.008596742982145468,0.9513193118337627,0.0019562070118544833
noisy,0.1,4,161,0.10140268584946187,1.4121091673432737,0.04367930467432273,0.008199544554960952,0.946675535227935,0.001445615542781385
noisy,0.1,4,162,0.024705210822866794,1.4121517694424603,0.04297400087053029,0.008432395067753517,0.9471341257049634,0.0014594783567528466
noisy,0.1,4,163,0.07983801726368256,1.4132208962378092,0.0409300903749224,0.008771476793526512,0.9483904030600407,0.0019080297715104565
noisy,0.1,4,164,0.040516159386606715,1.4140994433526282,0.03956388931876477,0.00862631571131658,0.9494119117452353,0.00239788322468347
noisy,0.1,4,165,0.033434517087879895,1.4152979786744249,0.039547348334531,0.008498509287919651,0.9491497164759019,0.0028044259016475398
noisy,0.1,4,166,0.043399128422606736,1.4161295645246579,0.040859460752962366,0.008563730543196523,0.9477172437707357,0.002859564933105307
noisy,0.1,4,167,0.09385303580784302,1.415955614158627,0.03717773681163242,0.00907712473753217,0.9506641657888116,0.003080972662023772
noisy,0.1,4,168,0.12358788424753558,1.4120327396420072,0.03938289457716443,0.008061100038147086,0.9505337173582392,0.0020222880264492713
noisy,0.1,4,169,0.0332755317678677,1.4138199290356628,0.04010107858755848,0.008855230133327192,0.9488841964544179,0.0021594948246965247
noisy,0.1,4,170,0.12708780064131178,1.4116963925847932,0.0411678776569975,0.008282335298086665,0.9489385752237056,0.0016112118212103462
noisy,0.1,4,171,0.08160704281763148,1.4124167474126414,0.039359328601545174,0.008512219460961744,0.950160730095973,0.00196772184152002
noisy,0.1,4,172,0.08734310736763354,1.414235290162288,0.04154929885991124,0.008841026852136153,0.9475057367387858,0.0021039375491668194
noisy,0.1,4,173,0.060826446756255245,1.4120225455792128,0.0406409258152251,0.010112918724401143,0.9481673463689452,0.0010788090914285492
noisy,0.1,4,174,0.12923867191420868,1.408257893042989,0.035951439459280546,0.008753017001782016,0.9542208904726949,0.0010746530662426258
noisy,0.1,4,175,0.1882546684471895,1.4105401367303148,0.03159453256494195,0.0061766657895334235,0.9589433795659961,0.0032854220795285665
noisy,0.1,4,176,0.05755943261319744,1.4100184878086517,0.030067257609021843,0.007413530295895314,0.959665075881687,0.0028541362133957873
noisy,0.1,4,177,0.07138421848067096,1.4097733924210694,0.03064440558521041,0.007440967912991229,0.9592169616745467,0.0026976648272517335
noisy,0.1,4,178,0.14026284323190424,1.4082520105959961,0.027777313179399122,0.011713299725117136,0.9595241841341415,0.0009852029613421401
noisy,0.1,4,179,0.03111884837271632,1.4083933758504181,0.026792346925925387,0.01208395162539039,0.9601124960742936,0.0010112053743906047
noisy,0.1,4,180,0.07154511000844711,1.4117698190890569,0.029445863376123364,0.011857050821137647,0.9569337969275428,0.0017632888751962245
noisy,0.1,4,181,0.045324496470858046,1.4113916133291549,0.029375929000242784,0.011100884961002486,0.9575757382833952,0.0019474477553595674
noisy,0.1,4,182,0.049833196046529055,1.4115198344316646,0.02805605723464756,0.010994700622851242,0.9587558058279031,0.0021934363145981574
noisy,0.1,4,183,0.11795196142629737,1.4079379768821925,0.028436006976019716,0.010327670557448921,0.9599010236395809,0.0013352988269505189
noisy,0.1,4,184,0.006712712527951026,1.4077153852343236,0.028510910540937587,0.010308673028565614,0.9599134953360272,0.0012669210944695106
noisy,0.1,4,185,0.11730390276061417,1.4122185021452878,0.032266875975924446,0.009782869216436943,0.9556231474928765,0.002327107314762139
noisy,0.1,4,186,0.047277154127368076,1.4125333721371236,0.03275598298341295,0.00986367761975335,0.9550526031313651,0.002327736265468649
noisy,0.1,4,187,0.09547528611146908,1.4127146125702035,0.03316560631443491,0.009907446274501765,0.9546140820623042,0.002312865348759078
noisy,0.1,4,188,0.21603097468614516,1.4046651331695843,0.02966396027506979,0.0060749711270535346,0.9624364458175099,0.0018246227803668125
noisy,0.1,4,189,0.051833336177515066,1.4057537079054578,0.03405536027669793,0.006069177730546286,0.9582828905001686,0.0015925714925870726
noisy,0.1,4,190,0.08346385779441334,1.4067652286340446,0.029820969975042584,0.006091983660195242,0.961665203093137,0.002421843271625289
noisy,0.1,4,191,0.03919285902520642,1.4077584646366967,0.030948416826958276,0.005396146184563208,0.960817206991389,0.0028382299970896112
noisy,0.1,4,192,0.05799334725597902,1.4072506947778698,0.02945264758362742,0.004952361489395497,0.9625489994957624,0.0030459914312146027
noisy,0.1,4,193,0.000404045800678432,1.4072597772647764,0.02944128741653735,0.0049490963433760065,0.9625582451203497,0.003051371119736934
noisy,0.1,4,194,0.1316449205041863,1.4044471979810556,0.025152236889387367,0.003960522276339546,0.9677513595391644,0.003135881295108753
noisy,0.1,4,195,0.12337430426850915,1.4028289592343313,0.029091574412174526,0.004315423602797127,0.9645721031536931,0.0020208988313352634
noisy,0.1,4,196,0.20753969181096119,1.4130830530796676,0.0200312304629594,0.011275343286397312,0.9651248730373662,0.0035685532132772
noisy,0.1,4,197,0.14317489741370082,1.4100936906273738,0.023458874875134605,0.011187054475697372,0.9630740943484455,0.002279976300722466
noisy,0.1,4,198,0.062016552884597495,1.4047569356245677,0.021652206014315434,0.008435487191380474,0.9679419729141671,0.0019703338801370447
noisy,0.1,4,199,0.026256796665257306,1.4051317577031925,0.022037137362563484,0.008796750177597581,0.9672705843928098,0.0018955280670291841
noisy,0.1,4,200,0.014963294542393951,1.4055589833740767,0.02255651753178095,0.008761556322943486,0.9667119633155647,0.0019699628297108022
noisy,0.1,4,201,0.16434100912883906,1.404057982761619,0.01851890496258322,0.005588149268922918,0.9726510314091966,0.0032419143592971856
noisy,0.1,4,202,0.1707138101512097,1.4027873646276494,0.016941861457763014,0.006831544848986384,0.9736350203679304,0.002591573325320202
noisy,0.1,4,203,0.0016892918967637352,1.4028365322013336,0.01701209936741296,0.006843199207787308,0.9735518444434671,0.002592856981332668
noisy,0.1,4,204,0.12538467771373651,1.4026080976758155,0.020514915051054575,0.004681612456072414,0.9719003203348905,0.0029031521579826287
noisy,0.1,4,205,0.09687587774242311,1.4042857048291646,0.01673984076953222,0.00576300331810553,0.9740288933513805,0.003468262560981814
noisy,0.1,4,206,0.005324975022812671,1.4043126516865487,0.01696591628332907,0.005731744709425248,0.9738428028674062,0.003459536139839537
noisy,0.1,4,207,0.06810748293646574,1.4033465253446866,0.017855852444648344,0.005116446859504311,0.9737338744280437,0.0032938262678035637
noisy,0.1,4,208,0.08610228188917934,1.401828596340679,0.013882746840491804,0.004253389213230353,0.9781902441683296,0.0036736197779482995
noisy,0.1,4,209,0.060343890322837344,1.402147194176232,0.013606925029993677,0.0033139598430066055,0.9789190191761087,0.004160095950890977
noisy,0.1,4,210,0.10061847206670764,1.401013768178209,0.013794207892364404,0.003682500570711382,0.9788635545632982,0.0036597369736259405
noisy,0.1,4,211,0.05259503307752311,1.4015999855473278,0.012767063568352437,0.0041778815740068365,0.9792795820292324,0.0037754728284083473
noisy,0.1,4,212,0.1329846355074551,1.3995850004074917,0.013462698723704883,0.00275522572348096,0.9801524510512687,0.0036296245015455227
noisy,0.1,4,213,0.05302556260721758,1.399114576042274,0.012307227149802476,0.0034888299915180354,0.9808467301775732,0.003357212681106334
noisy,0.1,4,214,0.1282490522600712,1.4015657676798752,0.014426574101463396,0.00336806549968484,0.9783421536259348,0.003863206772916932
noisy,0.1,4,215,0.024088454758748212,1.4013412047571112,0.014290514794494792,0.0035090613789320727,0.9784402857794172,0.00376013804715593
noisy,0.1,4,216,0.15737440517987172,1.4051779506778883,0.013246010299458348,0.006579185363063512,0.9763097571844759,0.003865047153002265
noisy,0.1,4,217,0.042763910850044974,1.4042110099249316,0.012727022239210267,0.006475355468684608,0.9771146695040465,0.0036829527880587343
noisy,0.1,4,218,0.006156816065776817,1.4040916288208176,0.012808639056887547,0.006439347191945038,0.9771011531362143,0.0036508606149532126
noisy,0.1,4,219,0.07097436638432582,1.4042571074216479,0.012298781459981508,0.006999443966855674,0.9771501617667046,0.00355161280645829
noisy,0.1,4,220,0.11180939551559277,1.405358767476523,0.011755545168427245,0.006438767059206309,0.9776451117787691,0.004160575993597392
noisy,0.1,4,221,0.09057131421286613,1.4026294327473547,0.01159613244428129,0.005494775398665739,0.9791802618721985,0.0037288302848544775
noisy,0.1,4,222,0.05891692592995279,1.4025552213085162,0.011805586361275024,0.004968749032091791,0.9793454586316294,0.0038802059750038457
noisy,0.1,4,223,0.15546678497921718,1.405670213977915,0.009022580665916059,0.005422111155108217,0.9805704836540855,0.004984824524890325
noisy,0.1,4,224,0.02710656775743675,1.4053423203725046,0.008930127149465042,0.005091207366838583,0.9809538108285512,0.005024854655145193
noisy,0.1,4,225,0.06787748518981948,1.4061577867991604,0.0076789533348471575,0.005719928659114718,0.9814149055601071,0.005186212445931045
noisy,0.1,4,226,0.02172986266668886,1.406192489057425,0.0074026386234257256,0.005755350607287371,0.9816240498279627,0.0052179609413241426
noisy,0.1,4,227,0.11337011108407774,1.4005947157375562,0.00887408802317768,0.005231345284365815,0.982326023620647,0.0035685430718093245
noisy,0.1,4,228,0.05818392863147892,1.398985344390233,0.009346356573633599,0.005664983366855411,0.982122583312094,0.0028660767474169794
noisy,0.1,4,229,0.028008039423729342,1.3993613650178933,0.009110640102081824,0.005505388024470155,0.9823157833372315,0.0030681885362165264
noisy,0.1,4,230,0.1411667358479462,1.3998325218263006,0.010002264114401003,0.005176389981863066,0.9816008412640863,0.00322050463964961
noisy,0.1,4,231,0.032143436453771046,1.3992009052149148,0.0098747243019569,0.004615200982603287,0.9822478234870683,0.0032622512283715576
noisy,0.1,4,232,0.04222846577758944,1.4001004806984998,0.010280881858336154,0.005053243249223134,0.9813541894623575,0.0033116854300832303
noisy,0.1,4,233,0.21773827771539794,1.397755071920004,0.012801838343634086,0.0053267015944461205,0.9796789447494831,0.0021925153124367188
noisy,0.1,4,234,0.059751511778449916,1.3987384184475666,0.011963171515277206,0.006327035683102009,0.9794993322741498,0.002210460527471035
noisy,0.1,4,235,0.030670310836285353,1.3997396784206686,0.01200631086739808,0.006412485584819808,0.9791112755984331,0.002469927949349005
noisy,0.1,4,236,0.025639121874700858,1.3990096783605408,0.012088093114153133,0.006407454849773668,0.9792597746577265,0.0022446773783467333
noisy,0.1,4,237,0.033067698852391914,1.3989934887055666,0.012319836244450736,0.005947020400009686,0.9793475919816073,0.0023855513739323244
noisy,0.1,4,238,0.04015655503608332,1.3978357156997299,0.012760711424995925,0.005629720517705627,0.9795030525622817,0.002106515495016802
noisy,0.1,4,239,0.018346784065943034,1.3977545814538437,0.012374245535507212,0.005679309625094208,0.9798340181755189,0.0021124266638797547
noisy,0.1,4,240,0.04940082115936073,1.3995880899413973,0.012611601183013377,0.005956350520083121,0.9789103194457646,0.0025217288511390416
noisy,0.1,4,241,0.060111789824440875,1.4021443558880797,0.010626487119678882,0.006933078195439364,0.9792797085001147,0.0031607261847671373
noisy,0.1,4,242,0.034954519610618795,1.401093145303492,0.009636313011044654,0.007089012274899378,0.9803603059025232,0.002914368811532684
noisy,0.1,4,243,0.02405275170458443,1.4020676734821909,0.010095039517684909,0.007276548701611693,0.9795538271422608,0.003074584638442546
noisy,0.1,4,244,0.10719600249431116,1.4004791394419507,0.010815508863705131,0.007032862930034683,0.9795473132756698,0.002604314930590409
noisy,0.1,4,245,0.025142206123564846,1.4006526259522432,0.010921905675561368,0.007062717589893349,0.9793843263471815,0.0026310503873637017
noisy,0.1,4,246,0.2441989447455862,1.3995915309726061,0.014351080188064153,0.007660380792732524,0.9763333757388097,0.001655163280393564
noisy,0.1,4,247,0.14125532613252287,1.399180982030729,0.014238183745319408,0.00742017084481733,0.9767028418902624,0.0016388035196009839
noisy,0.1,4,248,0.03558434739825278,1.4003452751362027,0.014166492423814646,0.008265298923726693,0.9758957507006321,0.0016724579518265987
noisy,0.1,4,249,0.1258010599238336,1.399048098757739,0.013627966793666122,0.008386523289841347,0.9766762913298463,0.0013092185866461473
noisy,0.1,4,250,0.09803746776306033,1.3977554258986165,0.015185676447984346,0.007366118123439207,0.9763321112684752,0.001116094160101277
noisy,0.1,4,251,0.019538631266914762,1.397555294179486,0.015407463953150131,0.007195514711742568,0.9763035820917749,0.001093439243332428
noisy,0.1,4,252,0.12203628376591888,1.3979985901340426,0.011260451488998449,0.007491319230638598,0.9796111626626359,0.0016370666177269704
noisy,0.1,4,253,0.07972112904535643,1.3992767517081661,0.01143991888876979,0.008128128637355188,0.978679952793889,0.0017519996799860555
noisy,0.1,4,254,0.02385994857759169,1.3988297137402657,0.011456948785202568,0.00803427687091059,0.9788560370840957,0.001652737259790984
noisy,0.1,4,255,0.0637497964256918,1.3991975119592932,0.010605530440659539,0.007504343908816808,0.9798191254522404,0.0020710001982834152
noisy,0.1,4,256,0.03597473640693369,1.3993700758352796,0.010946283093204556,0.007997658977364024,0.9791643551266573,0.001891702802774115
noisy,0.1,4,257,0.0001138728461225827,1.3993698790868796,0.010946896783506832,0.007996572787859124,0.9791645508170939,0.0018919796115401662
noisy,0.1,4,258,0.18066866235458315,1.3930354422538778,0.010925016450665983,0.005508938272501849,0.9826074565640041,0.0009585887128282008
noisy,0.1,4,259,0.026856720604701345,1.3934925358970058,0.01082094756503241,0.005855264598520537,0.982347878089143,0.0009759097473039163
noisy,0.1,4,260,0.010186331899603829,1.3937769755764118,0.010661401380325989,0.006023399731685922,0.9822985320717212,0.0010166668162669005
noisy,0.1,4,261,0.06559473676606975,1.3936233029275475,0.00929713892814472,0.006451483184948191,0.983270674828512,0.00098070305839503
noisy,0.1,4,262,0.05373879135004245,1.3924098015573578,0.009308865853149486,0.005421935914723554,0.9842592232985024,0.0010099749336246724
noisy,0.1,4,263,0.02816355152172064,1.391979832595428,0.009057245933468985,0.005208668255959342,0.9847390159967044,0.0009950698138672801
noisy,0.1,4,264,0.10313751901849155,1.3899597726132564,0.009237009698408419,0.004151904563239948,0.9858372567031556,0.0007738290351961088
noisy,0.1,4,265,0.005418354633729527,1.3900251347859898,0.0092924310289532,0.004155294458282311,0.9857673162922393,0.0007849582205252343
noisy,0.1,4,266,0.18207494189264278,1.394166919594084,0.010102687667877577,0.0038197030443361023,0.9840371705356858,0.0020404387521005185
noisy,0.1,4,267,0.07500548234675097,1.3969450514235622,0.009959011718024012,0.0036786333342041628,0.983424954126343,0.0029374008214287785
noisy,0.1,4,268,0.19086875448701945,1.3934051678169717,0.008223353170844085,0.002328367268565722,0.9868301833266365,0.002618096233953713
noisy,0.1,4,269,0.030141706566792215,1.39302562915513,0.00834362273046437,0.0019587216542889833,0.987067060040411,0.0026305955748357358
noisy,0.1,4,270,0.06903975111199503,1.392304082561201,0.008847903936907146,0.002431885860044628,0.9865473781322548,0.002172832070793451
noisy,0.1,4,271,0.07141167332883924,1.3933408827966596,0.01103937404052803,0.003067813917710672,0.9839303938212917,0.0019624182204695567
noisy,0.1,4,272,0.00951281021698356,1.3934389550133577,0.011054288017176716,0.0029711875280877854,0.9839481466017447,0.002026377852990912
noisy,0.1,4,273,0.04267731308355021,1.3912926338657854,0.011918430468629029,0.0028531898671055956,0.9839038986720496,0.0013244809922156784
noisy,0.1,4,274,0.04082650427590104,1.3909321029250221,0.011745216291826344,0.002758264812174203,0.9842211810594033,0.00127533783659622
noisy,0.1,4,275,0.032337160338646836,1.3909898282755617,0.012029721293928977,0.0029826892590205756,0.9838163196127463,0.0011712698343041585
noisy,0.1,4,276,0.0025610001874154242,1.3910132057791134,0.01204207186019257,0.0030148097963990338,0.9837786689468191,0.0011644493965892958
noisy,0.1,4,277,0.024121764762095127,1.3909256825603904,0.012128759945236715,0.003034548524597154,0.9837166936418846,0.0011199978882815557
noisy,0.1,4,278,0.060628000856376964,1.3910054872258286,0.014375933267399778,0.002504453402708507,0.9820585069177794,0.0010611064121123677
noisy,0.1,4,279,0.04948946263175458,1.390179883841806,0.012994749715261869,0.002328371899067754,0.9836195391389513,0.0010573392467191371
noisy,0.1,4,280,0.0096906650811436,1.3901752714501434,0.012780080697631323,0.0023243409443414304,0.9838109503950957,0.0010846279629314595
noisy,0.1,4,281,0.2277987138659228,1.4011055932302894,0.012201646127977715,0.006413127348126015,0.97853453697803,0.0028506895458663127
noisy,0.1,4,282,0.013745087332790092,1.4015279578966096,0.012302825217904956,0.006588812192079219,0.97821178348176,0.002896579108255874
noisy,0.1,4,283,0.022403646633029267,1.400939155747957,0.011906810732338343,0.006461431475202902,0.9788115874949236,0.002820170297535014
noisy,0.1,4,284,0.016889845585683738,1.401675993521062,0.011518353671175732,0.0069304857378751274,0.9786412910928035,0.002909869498145638
noisy,0.1,4,285,0.0730596960929688,1.4003134786768763,0.01132827068354999,0.007653468456656444,0.978763820806475,0.0022544400533186337
noisy,0.1,4,286,0.12177533285575881,1.4005733587215912,0.012856103013308515,0.006919663081179642,0.9778068751357532,0.00241735876975865
noisy,0.1,4,287,0.0017769147001669983,1.4004876146500214,0.012864315104981766,0.006904890658578957,0.9778343266443409,0.0023964675920984343
noisy,0.1,4,288,0.019365576788549353,1.4003824884830993,0.01263837865490647,0.006802381462720587,0.9781264707162193,0.002432769166153619
noisy,0.1,4,289,0.10546825421042766,1.3964813748725058,0.012041799081341158,0.004605817661293998,0.9811681821790961,0.002184201078268825
noisy,0.1,4,290,0.13363738167099717,1.398678143386407,0.01225389129904843,0.003653122625687653,0.9809210888242279,0.003171897251036047
noisy,0.1,4,291,0.061574235523585485,1.4012609944372092,0.012283269736643915,0.005123644607741008,0.9792165274563925,0.003376558199222605
noisy,0.1,4,292,0.03067069231765307,1.40049450983043,0.01234276448305106,0.005075270424197685,0.9794222034233798,0.0031597616693714785
noisy,0.1,4,293,0.0860620400868358,1.4002107262621555,0.010653411468435483,0.005390529578949223,0.9807868678460865,0.0031691911065286926
noisy,0.1,4,294,0.019304987369104798,1.3998846953195863,0.010173507680174724,0.005026443607733483,0.9815287063572885,0.0032713423548033768
noisy,0.1,4,295,0.13075534100062214,1.4002227932860214,0.013513263508944794,0.005387129017134595,0.9782870443628885,0.002812563111032121
noisy,0.1,4,296,0.05820568301714957,1.399596756343291,0.014158450879962432,0.0048270874493277,0.9782565972215452,0.0027578644491645906
noisy,0.1,4,297,0.0012935038073925986,1.3996073657831059,0.014157582847035454,0.004840204811964783,0.9782460717746653,0.0027561405663343867
noisy,0.1,4,298,0.07431147961178877,1.397438286479472,0.014660380195914627,0.004165260117605133,0.9788695663273159,0.0023047933591643557
noisy,0.1,4,299,0.05961857332149494,1.397167199174768,0.015064546323366818,0.0041379314915449125,0.9786139723537566,0.002183549831331774
