veh_id,t_depart,origin,dest
0,0,2,20
1,0,1,10
2,0,6,24
3,0,2,12
4,0,16,10
5,0,10,3
6,0,4,1
7,0,11,1
8,1,23,14
9,1,0,11
10,1,10,16
11,1,4,5
12,2,16,24
13,2,1,23
14,2,5,4
15,2,12,6
16,2,17,5
17,2,24,14
18,2,3,13
19,3,20,8
20,4,3,16
21,4,10,16
22,4,11,4
23,4,21,5
24,4,0,20
25,4,0,12
26,5,19,9
27,5,17,13
28,5,22,2
29,5,19,5
30,5,18,7
31,5,8,18
32,5,6,17
33,5,24,20
34,6,21,8
35,6,19,6
36,6,7,9
37,6,5,1
38,6,5,3
39,6,8,6
40,6,0,17
41,6,16,12
42,7,1,8
43,7,1,4
44,7,18,22
45,7,22,11
46,7,6,3
47,8,7,24
48,8,22,18
49,8,5,13
50,8,1,21
51,8,15,2
52,8,23,16
53,8,16,4
54,9,14,11
55,9,20,23
56,9,20,9
57,9,23,7
58,9,13,16
59,10,7,4
60,10,2,10
61,10,17,0
62,10,18,6
63,10,23,11
64,11,13,4
65,11,24,7
66,11,22,6
67,11,19,11
68,12,11,22
69,12,11,18
70,12,9,5
71,12,16,4
72,12,14,3
73,12,13,3
74,12,9,6
75,12,5,18
76,12,6,18
77,12,6,19
78,13,24,2
79,13,4,8
80,13,22,5
81,13,10,6
82,13,2,12
83,13,21,10
84,13,7,17
85,13,8,21
86,13,21,23
87,13,19,6
88,13,13,7
89,13,14,1
90,14,8,24
91,14,24,2
92,14,24,11
93,14,18,6
94,14,7,20
95,14,9,2
96,15,2,23
97,15,12,21
98,15,8,15
99,16,20,2
100,16,7,15
101,16,2,5
102,16,14,16
103,17,14,0
104,17,22,18
105,17,13,24
106,18,24,18
107,18,10,24
108,18,22,10
109,19,4,14
110,19,2,20
111,19,7,11
112,20,18,4
113,20,5,13
114,20,8,14
115,20,3,15
116,21,9,10
117,21,17,23
118,21,21,1
119,21,15,9
120,21,5,4
121,22,17,23
122,22,23,11
123,22,6,22
124,22,4,23
125,22,12,5
126,22,1,24
127,22,12,22
128,22,11,18
129,22,10,17
130,22,13,17
131,22,0,3
132,23,12,1
133,23,23,1
134,23,21,15
135,23,16,14
136,23,6,21
137,23,9,23
138,23,15,23
139,23,20,19
140,24,6,19
141,24,11,7
142,24,9,13
143,24,0,17
144,24,18,4
145,24,22,9
146,24,12,18
147,24,14,21
148,25,8,17
149,25,7,15
150,25,14,3
151,25,18,0
152,25,6,16
153,26,8,12
154,26,12,0
155,26,3,5
156,26,24,1
157,26,1,24
158,26,1,3
159,27,7,9
160,27,24,10
161,27,2,11
162,27,2,5
163,27,2,17
164,28,4,1
165,28,6,14
166,28,10,9
167,28,7,3
168,28,2,11
169,29,21,9
170,29,23,11
171,29,19,22
172,29,10,18
173,29,3,16
174,29,15,5
175,30,10,1
176,30,5,21
177,30,12,2
178,30,17,13
179,30,6,8
180,31,2,23
181,31,11,15
182,31,12,15
183,31,5,9
184,31,22,13
185,32,20,0
186,32,16,19
187,32,5,23
188,32,15,3
189,32,1,12
190,33,4,18
191,33,4,13
192,33,4,19
193,33,22,15
194,33,24,0
195,33,2,8
196,33,2,16
197,33,21,15
198,34,21,8
199,34,9,6
200,34,16,8
201,34,10,22
202,34,9,7
203,35,1,21
204,35,2,15
205,35,10,18
206,35,12,8
207,35,14,11
208,35,3,14
209,35,22,20
210,35,24,3
211,35,10,8
212,36,11,2
213,36,6,20
214,36,18,21
215,36,4,15
216,36,18,12
217,37,13,7
218,37,9,2
219,38,18,14
220,38,8,12
221,38,13,6
222,38,17,1
223,38,5,4
224,38,4,11
225,38,13,7
226,38,23,1
227,38,9,11
228,38,22,18
229,38,4,21
230,38,9,21
231,38,8,17
232,39,22,7
233,39,12,24
234,40,2,12
235,40,0,22
236,40,22,1
237,40,7,23
238,41,24,0
239,41,0,11
240,41,3,22
241,41,9,6
242,42,12,16
243,42,5,9
244,42,4,1
245,42,12,19
246,42,6,21
247,43,21,5
248,43,3,1
249,43,6,4
250,43,21,1
251,43,22,2
252,44,4,8
253,44,11,3
254,44,0,2
255,44,5,22
256,44,0,19
257,44,23,1
258,44,22,8
259,44,11,20
260,44,24,16
261,44,24,18
262,45,2,13
263,45,7,9
264,45,4,7
265,45,10,9
266,45,4,11
267,45,10,17
268,45,4,12
269,46,11,5
270,46,17,2
271,46,12,24
272,46,10,16
273,47,19,21
274,47,14,17
275,47,21,23
276,47,21,1
277,47,10,3
278,47,2,24
279,47,15,21
280,47,6,0
281,48,21,8
282,48,4,5
283,48,16,12
284,49,11,1
285,49,9,15
286,49,5,13
287,49,16,2
288,49,4,8
289,49,24,1
290,49,23,19
291,49,5,24
292,50,1,8
293,50,12,22
294,50,23,0
295,51,11,21
296,51,19,23
297,51,4,20
298,51,2,20
299,51,0,23
300,51,18,0
301,52,5,14
302,52,18,7
303,52,21,3
304,52,15,6
305,52,23,15
306,52,1,17
307,53,19,9
308,53,14,11
309,53,22,20
310,53,14,4
311,53,21,23
312,53,2,19
313,53,9,23
314,54,6,4
315,54,8,5
316,54,19,22
317,55,21,10
318,55,17,8
319,55,12,24
320,55,12,1
321,55,11,7
322,56,21,18
323,56,0,18
324,56,12,5
325,57,19,1
326,57,3,14
327,57,22,12
328,57,21,8
329,57,9,23
330,57,14,11
331,57,17,13
332,58,14,16
333,58,15,21
334,58,0,11
335,58,16,4
336,59,18,21
337,59,14,11
338,60,22,19
339,60,2,5
340,60,9,23
341,60,24,9
342,60,18,22
343,60,3,6
344,60,22,19
345,61,22,3
346,61,23,4
347,61,3,12
348,61,4,13
349,61,18,24
350,61,6,14
351,61,13,4
352,62,13,0
353,62,6,19
354,62,3,17
355,62,6,21
356,62,2,8
357,62,11,1
358,63,7,24
359,63,20,2
360,63,4,14
361,63,3,14
362,63,13,17
363,63,8,21
364,63,11,24
365,63,8,1
366,64,8,4
367,64,3,12
368,64,3,20
369,65,13,10
370,65,6,0
371,65,5,2
372,65,6,19
373,65,8,11
374,65,1,20
375,65,23,4
376,65,17,1
377,66,21,8
378,66,12,18
379,66,18,22
380,66,15,9
381,66,13,9
382,66,13,19
383,66,5,7
384,67,1,22
385,67,18,0
386,67,2,24
387,67,22,1
388,67,8,10
389,68,6,4
390,68,22,16
391,68,9,3
392,68,15,7
393,68,20,24
394,69,4,8
395,69,3,11
396,69,12,18
397,69,23,15
398,70,4,23
399,70,16,24
400,70,17,1
401,70,24,14
402,70,14,22
403,71,0,19
404,71,13,10
405,71,5,23
406,71,22,24
407,71,22,24
408,71,18,15
409,71,22,24
410,72,3,12
411,72,16,13
412,72,9,10
413,72,17,6
414,73,7,15
415,73,14,8
416,73,12,1
417,73,8,6
418,73,15,18
419,73,7,14
420,73,21,6
421,73,3,17
422,74,12,18
423,74,15,23
424,74,9,11
425,74,21,9
426,74,3,21
427,74,8,4
428,75,20,13
429,75,13,20
430,75,18,1
431,76,14,16
432,76,5,12
433,76,17,19
434,76,9,1
435,76,4,22
436,77,2,20
437,77,21,17
438,77,2,17
439,77,17,10
440,77,4,5
441,77,21,8
442,77,12,24
443,78,24,11
444,78,3,18
445,78,3,15
446,78,17,2
447,78,8,20
448,78,23,5
449,78,3,9
450,78,11,17
451,78,24,12
452,79,22,13
453,79,13,17
454,79,0,23
455,80,23,4
456,80,14,4
457,80,16,14
458,80,14,17
459,81,9,20
460,81,18,14
461,81,6,23
462,81,24,20
463,82,24,20
464,82,14,22
465,82,23,21
466,82,1,9
467,82,14,8
468,82,8,23
469,82,23,20
470,82,3,10
471,82,15,13
472,82,1,17
473,82,18,20
474,82,19,20
475,83,15,23
476,83,22,4
477,83,18,10
478,83,17,4
479,83,21,12
480,83,22,3
481,83,20,18
482,83,11,23
483,84,20,18
484,84,13,19
485,84,8,11
486,84,21,12
487,84,7,20
488,84,7,9
489,85,4,22
490,85,1,5
491,85,2,18
492,85,16,22
493,85,8,20
494,85,2,24
495,85,2,0
496,86,14,11
497,86,16,7
498,87,22,1
499,87,24,9
500,87,21,19
501,87,5,21
502,87,18,0
503,87,4,16
504,87,7,21
505,87,6,2
506,88,15,0
507,88,6,2
508,88,6,9
509,88,0,17
510,89,7,21
511,89,0,19
512,89,0,13
513,89,16,10
514,89,20,2
515,89,5,19
516,90,4,5
517,90,24,13
518,90,9,6
519,90,24,21
520,90,14,1
521,90,15,12
522,90,11,15
523,90,12,6
524,90,21,24
525,90,16,20
526,90,19,22
527,90,1,5
528,90,0,4
529,90,12,5
530,91,3,17
531,91,0,23
532,91,24,8
533,91,24,2
534,92,4,7
535,92,24,22
536,92,14,23
537,93,9,16
538,93,18,21
539,93,12,3
540,93,9,1
541,93,22,19
542,93,4,7
543,94,23,5
544,94,22,1
545,94,15,18
546,94,17,19
547,94,22,2
548,94,19,23
549,94,0,8
550,94,23,7
551,94,7,13
552,95,19,22
553,95,17,14
554,95,7,14
555,95,20,10
556,95,24,17
557,95,0,2
558,95,10,9
559,96,9,17
560,96,7,17
561,96,9,23
562,96,21,7
563,96,4,14
564,96,20,3
565,96,21,0
566,96,20,22
567,96,20,23
568,96,12,9
569,96,15,8
570,96,16,4
571,96,19,10
572,97,5,19
573,97,19,15
574,97,17,9
575,97,23,12
576,97,23,10
577,97,21,6
578,97,7,1
579,97,20,17
580,97,11,4
581,97,3,21
582,97,20,9
583,98,4,10
584,98,15,7
585,98,22,20
586,99,22,18
587,99,14,17
588,99,1,9
589,100,12,15
590,100,12,3
591,100,5,13
592,100,20,18
593,100,13,0
594,100,19,21
595,100,3,9
596,100,17,1
597,100,11,7
598,101,1,7
599,101,12,4
600,101,9,18
601,101,11,21
602,101,11,21
603,101,6,3
604,102,16,24
605,102,17,2
606,102,15,4
607,102,11,15
608,103,21,8
609,103,8,16
610,103,3,21
611,103,0,3
612,104,19,8
613,104,7,9
614,104,12,2
615,104,13,15
616,104,18,21
617,104,0,2
618,105,5,14
619,105,12,18
620,105,5,21
621,106,20,6
622,106,8,17
623,106,8,10
624,106,16,5
625,106,19,3
626,106,21,4
627,106,19,23
628,107,20,17
629,107,1,22
630,107,21,0
631,107,5,12
632,107,23,15
633,107,6,10
634,107,16,24
635,107,8,5
636,108,15,18
637,108,5,21
638,108,19,3
639,108,5,2
640,108,23,13
641,108,4,17
642,108,17,2
643,109,10,14
644,109,11,3
645,109,9,24
646,109,10,21
647,110,17,24
648,110,21,9
649,110,4,5
650,111,22,15
651,111,2,6
652,111,24,21
653,111,14,2
654,111,23,13
655,111,9,5
656,111,22,13
657,112,20,10
658,112,8,2
659,112,14,1
660,112,14,12
661,112,11,15
662,112,7,10
663,113,15,13
664,113,2,21
665,113,13,19
666,113,24,18
667,113,10,8
668,113,16,14
669,113,14,3
670,113,7,19
671,114,1,3
672,114,17,6
673,114,4,16
674,114,15,19
675,114,24,13
676,115,24,9
677,115,11,1
678,115,5,19
679,115,3,0
680,115,4,12
681,115,6,9
682,115,10,12
683,115,16,7
684,116,9,16
685,116,3,24
686,116,1,11
687,116,5,8
688,116,14,1
689,117,5,2
690,117,1,16
691,118,7,22
692,119,6,19
693,119,8,0
694,119,0,13
695,119,2,10
696,119,4,7
697,119,23,1
698,119,4,18
699,119,9,12
700,119,13,1
701,120,22,2
702,120,22,8
703,121,8,15
704,121,3,18
705,121,15,5
706,121,3,9
707,122,12,23
708,122,11,1
709,122,15,19
710,122,14,22
711,122,11,9
712,122,21,1
713,122,8,19
714,123,5,19
715,123,4,19
716,123,6,0
717,123,19,15
718,123,20,0
719,123,3,24
720,124,0,16
721,124,11,22
722,124,2,0
723,124,14,11
724,124,6,15
725,125,9,18
726,125,18,14
727,125,20,19
728,125,12,24
729,125,19,8
730,126,13,19
731,126,20,8
732,126,17,11
733,127,16,19
734,127,18,15
735,127,22,16
736,127,4,13
737,127,14,24
738,127,23,11
739,127,5,3
740,128,8,20
741,128,23,6
742,129,0,15
743,129,9,20
744,129,20,17
745,129,8,5
746,129,24,9
747,130,9,7
748,130,6,15
749,130,18,5
750,130,10,9
751,130,6,4
752,130,7,3
753,131,5,17
754,131,21,6
755,131,4,7
756,131,10,7
757,131,16,9
758,131,4,6
759,131,22,24
760,132,2,10
761,132,10,24
762,132,22,10
763,132,1,8
764,132,10,2
765,133,16,22
766,133,11,22
767,133,0,22
768,133,3,17
769,133,7,23
770,133,17,20
771,133,4,15
772,133,3,20
773,134,21,12
774,134,19,10
775,134,11,22
776,134,9,5
777,134,2,9
778,134,14,22
779,135,17,19
780,135,9,24
781,135,19,17
782,136,24,10
783,136,8,16
784,136,21,2
785,136,23,19
786,136,12,4
787,137,1,11
788,137,22,20
789,137,9,21
790,137,16,9
791,137,15,3
792,137,16,23
793,138,16,14
794,138,8,24
795,139,12,15
796,139,22,18
797,139,19,2
798,139,2,17
799,139,15,8
800,139,9,11
801,140,23,14
802,140,16,6
803,140,11,9
804,140,15,17
805,140,8,6
806,140,13,7
807,141,0,9
808,141,8,10
809,141,18,0
810,141,19,23
811,141,15,23
812,141,8,20
813,142,19,10
814,142,10,19
815,142,14,4
816,142,14,4
817,142,3,12
818,143,10,14
819,143,12,23
820,143,5,3
821,143,20,11
822,144,18,5
823,144,7,21
824,144,20,4
825,144,1,5
826,144,3,6
827,144,24,11
828,144,20,11
829,145,10,3
830,145,15,19
831,145,21,13
832,145,15,0
833,145,12,6
834,146,23,0
835,146,0,19
836,146,5,8
837,146,0,10
838,146,22,12
839,146,7,16
840,146,7,9
841,147,2,14
842,147,12,9
843,147,0,11
844,147,17,13
845,147,3,18
846,147,5,20
847,147,13,24
848,147,7,16
849,148,0,7
850,148,1,20
851,148,6,16
852,148,11,8
853,148,1,17
854,148,2,15
855,148,9,17
856,148,6,19
857,149,23,4
858,149,16,3
859,149,9,6
860,149,19,12
861,149,19,5
862,149,22,14
863,150,19,4
864,150,16,10
865,150,9,24
866,150,23,8
867,150,15,13
868,150,21,12
869,150,13,2
870,151,23,16
871,151,20,8
872,151,20,11
873,151,1,8
874,151,8,16
875,152,11,8
876,152,15,21
877,152,6,2
878,152,2,4
879,152,6,10
880,152,22,12
881,152,24,13
882,153,19,5
883,153,12,19
884,153,24,13
885,153,22,1
886,153,17,14
887,153,12,3
888,154,3,16
889,154,2,17
890,154,0,10
891,154,9,19
892,154,14,17
893,154,24,16
894,155,14,23
895,155,2,8
896,156,24,8
897,156,9,19
898,156,2,6
899,157,13,21
900,157,3,11
901,157,9,23
902,157,16,2
903,157,9,6
904,158,8,19
905,158,9,1
906,158,24,13
907,158,15,24
908,158,5,15
909,158,1,19
910,158,10,17
911,158,6,20
912,158,8,22
913,159,13,5
914,159,3,16
915,159,21,14
916,159,19,21
917,159,16,23
918,159,11,14
919,159,24,2
920,159,10,0
921,159,23,4
922,159,1,8
923,159,22,15
924,160,2,24
925,160,19,23
926,160,18,4
927,160,8,0
928,161,2,9
929,161,24,21
930,161,15,8
931,161,18,10
932,161,14,20
933,161,19,7
934,161,0,14
935,161,15,8
936,162,5,3
937,162,23,2
938,162,18,3
939,162,14,21
940,163,7,15
941,163,11,21
942,163,17,1
943,163,17,3
944,164,23,16
945,164,8,11
946,164,20,2
947,164,20,5
948,164,2,22
949,164,17,3
950,164,7,19
951,165,16,18
952,165,11,7
953,165,22,15
954,165,5,7
955,166,11,23
956,166,4,1
957,166,10,20
958,166,13,10
959,166,14,23
960,166,0,3
961,166,12,19
962,166,17,4
963,166,23,17
964,167,15,14
965,167,22,7
966,168,10,17
967,168,21,13
968,168,2,19
969,168,15,13
970,168,22,15
971,169,20,12
972,169,8,18
973,169,22,7
974,169,8,15
975,169,20,22
976,169,5,21
977,169,3,10
978,169,15,21
979,169,5,20
980,169,13,10
981,169,15,3
982,169,10,2
983,169,20,1
984,170,8,24
985,170,7,24
986,170,5,21
987,170,1,20
988,170,3,7
989,170,5,21
990,170,20,18
991,170,11,1
992,170,12,0
993,170,1,17
994,171,17,24
995,171,6,17
996,171,14,22
997,171,8,21
998,171,14,12
999,171,7,18
1000,171,9,15
1001,171,5,15
1002,172,21,4
1003,172,24,0
1004,172,1,14
1005,172,21,19
1006,172,11,5
1007,172,14,5
1008,172,0,7
1009,172,5,2
1010,172,2,19
1011,173,10,3
1012,173,6,12
1013,173,8,2
1014,174,24,2
1015,174,16,13
1016,174,17,14
1017,174,5,12
1018,175,9,19
1019,175,17,2
1020,175,16,23
1021,175,19,21
1022,175,12,2
1023,175,10,18
1024,175,17,1
1025,176,1,10
1026,176,5,1
1027,176,19,7
1028,176,1,23
1029,176,15,13
1030,177,16,2
1031,177,23,8
1032,177,14,17
1033,177,20,10
1034,178,5,22
1035,178,2,12
1036,178,11,24
1037,178,4,22
1038,178,11,1
1039,179,8,14
1040,179,6,24
1041,179,16,3
1042,179,11,4
1043,179,13,17
1044,179,18,21
1045,180,15,17
1046,180,13,5
1047,180,14,1
1048,180,21,7
1049,180,7,3
1050,180,16,0
1051,180,1,13
1052,181,23,1
1053,181,0,11
1054,181,4,6
1055,181,6,3
1056,181,9,13
1057,181,12,2
1058,181,22,1
1059,181,22,0
1060,181,22,11
1061,181,18,3
1062,182,3,1
1063,182,8,23
1064,182,18,24
1065,182,1,19
1066,182,24,9
1067,182,4,21
1068,182,18,7
1069,182,11,8
1070,183,4,15
1071,183,21,8
1072,184,1,8
1073,184,20,5
1074,184,18,4
1075,184,21,6
1076,184,4,24
1077,184,13,1
1078,184,5,3
1079,184,12,24
1080,184,5,21
1081,184,20,1
1082,184,4,12
1083,184,2,19
1084,184,10,21
1085,185,21,24
1086,185,3,24
1087,185,24,6
1088,185,8,22
1089,186,2,9
1090,186,12,21
1091,186,11,19
1092,186,19,2
1093,186,11,9
1094,186,16,24
1095,186,22,4
1096,187,8,10
1097,187,10,20
1098,187,8,14
1099,187,17,4
1100,187,22,19
1101,188,3,13
1102,188,6,13
1103,188,16,6
1104,188,1,7
1105,188,0,11
1106,188,12,10
1107,189,5,1
1108,189,1,24
1109,190,0,19
1110,190,21,8
1111,191,3,1
1112,191,5,15
1113,191,17,4
1114,191,20,22
1115,191,1,11
1116,192,21,14
1117,192,24,9
1118,192,20,11
1119,193,14,6
1120,193,16,13
1121,194,24,22
1122,194,13,6
1123,194,21,3
1124,194,18,14
1125,194,10,2
1126,194,13,20
1127,194,22,12
1128,195,10,6
1129,195,18,5
1130,195,18,4
1131,195,2,20
1132,195,17,19
1133,195,8,23
1134,195,3,6
1135,196,19,12
1136,196,24,15
1137,196,11,17
1138,196,3,9
1139,196,23,15
1140,196,10,9
1141,196,10,21
1142,197,5,16
1143,197,13,15
1144,197,6,15
1145,197,10,14
1146,197,19,9
1147,197,11,14
1148,198,3,7
1149,198,13,0
1150,198,12,4
1151,198,19,5
1152,198,5,14
1153,198,19,21
1154,198,9,16
1155,199,2,18
1156,199,16,10
1157,199,7,21
1158,199,8,20
1159,199,14,3
1160,199,22,19
1161,200,24,3
1162,200,15,7
1163,200,20,6
1164,200,0,12
1165,200,23,7
1166,201,2,6
1167,201,19,5
1168,201,15,12
1169,201,8,19
1170,201,2,5
1171,201,7,23
1172,201,17,4
1173,202,18,14
1174,202,24,5
1175,202,20,22
1176,202,15,0
1177,202,17,5
1178,202,17,15
1179,203,9,5
1180,203,1,9
1181,203,11,7
1182,203,2,0
1183,203,15,17
1184,204,10,7
1185,204,21,9
1186,205,20,2
1187,205,3,18
1188,205,20,14
1189,205,17,4
1190,205,10,18
1191,205,11,19
1192,205,7,23
1193,205,15,12
1194,206,0,8
1195,206,0,17
1196,206,11,24
1197,206,17,1
1198,206,7,0
1199,206,1,17
1200,207,11,1
1201,207,18,16
1202,207,0,12
1203,207,11,17
1204,208,23,1
1205,208,24,21
1206,208,4,5
1207,208,22,12
1208,208,21,10
1209,208,23,6
1210,208,3,17
1211,208,10,19
1212,208,1,8
1213,209,6,16
1214,209,11,1
1215,209,21,4
1216,209,10,7
1217,210,12,19
1218,210,12,24
1219,210,8,2
1220,210,1,4
1221,210,7,16
1222,210,0,9
1223,210,6,12
1224,211,14,11
1225,212,22,19
1226,212,17,0
1227,212,24,1
1228,212,15,11
1229,212,19,13
1230,212,12,23
1231,212,4,24
1232,212,22,20
1233,212,11,9
1234,212,10,4
1235,212,12,15
1236,213,8,21
1237,213,16,20
1238,213,12,24
1239,213,19,21
1240,214,10,17
1241,214,18,6
1242,214,6,23
1243,214,22,13
1244,214,17,23
1245,214,23,10
1246,214,2,15
1247,214,15,22
1248,214,0,23
1249,215,4,14
1250,215,10,21
1251,215,0,16
1252,215,21,11
1253,215,14,23
1254,215,11,21
1255,215,21,1
1256,215,20,4
1257,216,4,23
1258,216,10,18
1259,216,23,6
1260,217,11,2
1261,217,4,18
1262,217,7,21
1263,217,0,9
1264,217,4,0
1265,217,6,22
1266,217,3,17
1267,218,14,8
1268,218,6,9
1269,218,16,8
1270,218,5,16
1271,219,10,1
1272,219,10,0
1273,219,9,0
1274,219,15,1
1275,219,5,19
1276,219,4,8
1277,219,6,16
1278,220,5,16
1279,220,3,18
1280,220,3,23
1281,220,7,1
1282,220,6,12
1283,221,22,4
1284,221,7,9
1285,221,4,10
1286,221,12,20
1287,221,17,6
1288,222,17,7
1289,222,0,10
1290,222,0,14
1291,222,6,19
1292,222,4,11
1293,223,24,17
1294,223,5,1
1295,223,5,16
1296,223,18,15
1297,223,22,2
1298,223,19,11
1299,223,7,24
1300,223,11,20
1301,224,12,22
1302,224,2,8
1303,224,21,14
1304,224,18,11
1305,224,24,0
1306,224,24,13
1307,224,8,6
1308,225,7,3
1309,225,16,14
1310,225,20,19
1311,225,16,12
1312,225,3,10
1313,225,16,23
1314,225,4,23
1315,225,13,1
1316,225,12,6
1317,225,16,1
1318,225,19,8
1319,225,2,9
1320,225,24,12
1321,225,13,24
1322,226,7,18
1323,226,12,19
1324,226,2,4
1325,226,12,10
1326,226,10,1
1327,227,4,1
1328,227,3,5
1329,227,2,10
1330,227,24,18
1331,227,22,1
1332,228,1,22
1333,228,11,18
1334,228,19,17
1335,228,18,20
1336,228,1,3
1337,229,12,15
1338,229,22,2
1339,229,7,20
1340,229,8,5
1341,229,12,16
1342,230,14,24
1343,230,17,14
1344,230,20,13
1345,230,16,18
1346,230,24,0
1347,230,16,13
1348,230,12,24
1349,230,0,11
1350,230,10,13
1351,231,21,4
1352,231,3,22
1353,231,22,9
1354,232,7,17
1355,232,20,23
1356,232,19,16
1357,232,23,7
1358,232,12,19
1359,232,16,22
1360,232,16,8
1361,233,16,4
1362,233,8,15
1363,233,22,3
1364,233,9,11
1365,233,4,14
1366,233,4,6
1367,233,4,10
1368,233,6,2
1369,233,14,1
1370,233,22,24
1371,234,14,11
1372,234,8,2
1373,234,13,7
1374,234,3,9
1375,234,21,23
1376,234,0,13
1377,235,17,21
1378,235,12,9
1379,235,11,15
1380,235,17,19
1381,235,13,5
1382,235,20,11
1383,235,7,15
1384,236,2,16
1385,236,3,23
1386,236,2,14
1387,236,24,22
1388,237,22,15
1389,237,4,1
1390,237,22,2
1391,237,17,19
1392,237,22,10
1393,238,7,16
1394,238,6,24
1395,238,20,24
1396,238,6,19
1397,238,21,0
1398,238,20,10
1399,238,3,0
1400,238,7,1
1401,239,24,9
1402,239,3,18
1403,239,6,17
1404,239,0,13
1405,239,19,5
1406,239,2,12
1407,240,17,15
1408,240,9,24
1409,240,11,15
1410,240,17,24
1411,241,6,22
1412,241,18,22
1413,241,13,23
1414,241,16,22
1415,241,10,20
1416,241,18,8
1417,241,18,9
1418,241,3,15
1419,242,23,9
1420,242,8,22
1421,242,22,4
1422,242,7,9
1423,242,8,10
1424,242,14,11
1425,242,12,2
1426,243,24,22
1427,244,18,21
1428,244,11,20
1429,244,24,9
1430,244,9,20
1431,244,5,17
1432,244,16,20
1433,244,22,15
1434,244,13,6
1435,244,24,16
1436,244,13,22
1437,244,20,0
1438,244,10,13
1439,244,9,11
1440,244,1,3
1441,245,16,14
1442,245,7,10
1443,245,16,2
1444,245,17,0
1445,246,17,9
1446,246,15,23
1447,246,17,4
1448,246,3,20
1449,246,6,24
1450,246,1,13
1451,247,20,10
1452,247,16,2
1453,247,10,9
1454,247,0,12
1455,247,16,4
1456,247,8,5
1457,247,23,19
1458,247,9,17
1459,248,22,13
1460,248,24,14
1461,248,2,13
1462,248,10,14
1463,248,23,5
1464,248,20,13
1465,249,1,23
1466,249,16,23
1467,249,0,22
1468,249,18,14
1469,249,23,0
1470,249,20,5
1471,249,24,4
1472,249,10,0
1473,249,3,12
1474,250,21,19
1475,250,20,18
1476,250,8,20
1477,250,10,2
1478,250,23,9
1479,250,4,24
1480,250,17,10
1481,250,18,0
1482,250,22,6
1483,251,15,8
1484,251,7,22
1485,251,17,23
1486,251,16,12
1487,251,18,14
1488,251,3,11
1489,251,5,3
1490,251,12,15
1491,252,3,11
1492,252,5,8
1493,252,3,24
1494,252,20,10
1495,252,4,19
1496,252,7,22
1497,252,11,5
1498,252,1,24
1499,253,6,14
1500,253,24,14
1501,253,24,0
1502,253,19,3
1503,253,0,13
1504,254,1,22
1505,254,10,20
1506,254,3,12
1507,254,0,4
1508,254,3,22
1509,254,23,4
1510,254,5,8
1511,255,20,10
1512,255,12,23
1513,255,20,5
1514,255,8,14
1515,255,1,10
1516,256,11,21
1517,256,4,24
1518,256,23,14
1519,256,14,15
1520,257,8,16
1521,257,14,10
1522,257,5,7
1523,258,11,21
1524,258,12,21
1525,258,13,22
1526,258,2,19
1527,258,14,2
1528,258,13,7
1529,258,3,20
1530,258,7,3
1531,258,17,24
1532,258,4,16
1533,259,6,22
1534,259,23,0
1535,259,4,5
1536,259,6,21
1537,259,2,0
1538,259,21,1
1539,260,14,6
1540,260,22,11
1541,260,3,14
1542,260,18,24
1543,260,14,3
1544,260,15,0
1545,261,16,10
1546,261,24,6
1547,261,11,1
1548,261,17,2
1549,262,3,20
1550,262,13,3
1551,263,16,14
1552,263,2,12
1553,263,10,18
1554,263,19,13
1555,263,18,8
1556,263,8,16
1557,263,5,4
1558,264,6,3
1559,264,19,8
1560,264,20,3
1561,264,8,20
1562,264,4,12
1563,264,7,11
1564,264,16,3
1565,264,8,6
1566,265,7,17
1567,265,11,0
1568,265,3,20
1569,265,0,14
1570,265,7,1
1571,265,18,4
1572,265,7,5
1573,265,3,21
1574,265,19,9
1575,265,21,2
1576,265,20,8
1577,266,14,23
1578,266,19,7
1579,266,14,0
1580,266,5,7
1581,266,8,6
1582,266,9,20
1583,266,9,23
1584,267,21,14
1585,267,11,8
1586,267,18,6
1587,267,18,2
1588,267,10,14
1589,267,5,23
1590,267,22,12
1591,268,6,10
1592,268,7,14
1593,268,4,1
1594,268,16,19
1595,268,10,23
1596,268,9,0
1597,268,11,13
1598,269,20,14
1599,269,22,3
1600,269,6,19
1601,269,24,21
1602,269,21,3
1603,269,0,11
1604,269,1,15
1605,270,23,20
1606,270,9,24
1607,270,23,5
1608,270,0,2
1609,270,12,3
1610,270,11,3
1611,270,15,1
1612,270,0,19
1613,271,22,7
1614,271,6,16
1615,271,3,19
1616,271,17,0
1617,271,13,2
1618,271,21,3
1619,272,17,14
1620,272,8,16
1621,272,6,15
1622,272,20,16
1623,273,14,18
1624,273,1,4
1625,273,24,4
1626,273,18,22
1627,273,1,11
1628,273,21,3
1629,274,20,19
1630,274,11,0
1631,274,12,15
1632,275,18,22
1633,275,10,13
1634,275,0,18
1635,275,2,4
1636,275,19,9
1637,276,0,8
1638,276,8,2
1639,276,4,0
1640,276,6,12
1641,277,12,20
1642,277,10,0
1643,277,18,9
1644,277,10,22
1645,278,1,21
1646,278,13,22
1647,278,4,6
1648,278,2,21
1649,278,6,21
1650,278,14,6
1651,278,4,2
1652,278,22,14
1653,279,14,20
1654,279,24,18
1655,279,13,17
1656,279,14,10
1657,279,9,20
1658,279,11,8
1659,279,10,9
1660,279,20,23
1661,280,15,22
1662,280,11,20
1663,280,2,22
1664,280,18,2
1665,281,21,14
1666,281,20,13
1667,281,17,6
1668,281,8,14
1669,281,15,12
1670,282,3,22
1671,282,23,21
1672,282,2,11
1673,282,24,9
1674,283,24,9
1675,283,22,3
1676,283,20,2
1677,283,16,5
1678,283,12,14
1679,283,15,21
1680,283,8,23
1681,283,2,21
1682,283,3,22
1683,283,4,21
1684,284,8,19
1685,284,8,4
1686,284,5,21
1687,284,24,16
1688,284,23,2
1689,284,0,4
1690,285,20,7
1691,285,11,17
1692,285,19,15
1693,285,12,10
1694,285,0,13
1695,285,7,3
1696,286,11,20
1697,287,7,13
1698,287,6,3
1699,287,24,5
1700,287,13,21
1701,287,9,7
1702,287,13,23
1703,288,8,21
1704,288,8,12
1705,288,1,14
1706,289,7,22
1707,289,5,2
1708,289,24,5
1709,290,14,2
1710,290,10,19
1711,290,9,11
1712,290,5,1
1713,291,21,12
1714,291,13,21
1715,291,8,12
1716,291,4,16
1717,291,13,10
1718,291,13,5
1719,291,15,7
1720,291,4,24
1721,291,9,15
1722,291,7,20
1723,292,10,22
1724,292,1,8
1725,292,4,24
1726,292,7,13
1727,292,16,10
1728,292,22,24
1729,292,0,2
1730,292,11,21
1731,292,16,22
1732,293,22,7
1733,293,1,17
1734,293,0,4
1735,293,16,9
1736,293,5,11
1737,294,12,19
1738,294,19,21
1739,294,13,19
1740,294,4,6
1741,294,23,3
1742,294,4,19
1743,294,22,5
1744,295,13,11
1745,295,17,4
1746,295,20,13
1747,295,8,2
1748,295,8,16
1749,295,21,23
1750,295,4,19
1751,295,20,12
1752,296,16,1
1753,296,5,23
1754,296,12,14
1755,296,10,2
1756,296,21,24
1757,296,7,22
1758,296,14,8
1759,297,21,12
1760,297,9,11
1761,297,14,15
1762,297,4,16
1763,297,11,13
1764,297,20,22
1765,297,15,22
1766,297,22,8
1767,298,7,24
1768,298,14,20
1769,298,19,7
1770,298,13,10
1771,298,20,0
1772,298,0,11
1773,299,22,20
1774,299,11,18
1775,299,15,19
1776,299,16,23
1777,299,7,11
1778,300,8,24
1779,300,8,4
1780,300,2,23
1781,300,14,6
1782,300,4,5
1783,300,8,19
1784,300,0,16
1785,300,6,2
1786,300,12,22
1787,300,4,12
1788,301,2,6
1789,301,23,16
1790,301,0,2
1791,301,5,1
1792,301,16,12
1793,301,12,4
1794,301,12,15
1795,301,13,7
1796,301,1,16
1797,302,6,15
1798,302,5,4
1799,302,8,0
1800,302,17,19
1801,302,5,3
1802,302,12,16
1803,303,11,9
1804,303,22,7
1805,304,15,21
1806,304,12,14
1807,304,15,19
1808,304,17,3
1809,304,19,6
1810,304,22,2
1811,305,3,10
1812,305,10,22
1813,305,21,18
1814,305,19,21
1815,306,14,2
1816,306,20,11
1817,306,16,19
1818,306,1,3
1819,306,20,10
1820,307,12,23
1821,307,14,6
1822,307,8,10
1823,307,1,24
1824,307,15,18
1825,308,1,19
1826,308,5,3
1827,308,8,21
1828,308,0,16
1829,308,13,1
1830,308,0,9
1831,308,5,20
1832,309,16,1
1833,309,20,16
1834,310,2,4
1835,310,12,0
1836,310,12,21
1837,310,16,6
1838,310,7,3
1839,310,16,3
1840,311,14,22
1841,311,24,4
1842,311,14,5
1843,311,0,19
1844,311,18,21
1845,311,19,7
1846,311,18,4
1847,311,17,1
1848,311,8,22
1849,311,5,15
1850,311,19,7
1851,311,20,3
1852,312,22,12
1853,312,15,6
1854,312,3,13
1855,312,10,22
1856,312,7,19
1857,312,20,23
1858,312,13,9
1859,312,22,1
1860,313,24,11
1861,313,2,8
1862,313,20,16
1863,313,3,15
1864,313,9,6
1865,313,16,12
1866,313,21,7
1867,314,7,13
1868,314,22,11
1869,314,0,11
1870,314,24,22
1871,314,5,4
1872,314,12,23
1873,314,15,5
1874,314,7,18
1875,315,0,13
1876,315,4,14
1877,315,5,11
1878,315,19,7
1879,315,17,24
1880,316,13,9
1881,316,22,20
1882,316,6,9
1883,316,15,4
1884,317,8,24
1885,317,9,7
1886,317,12,4
1887,317,0,13
1888,317,21,7
1889,318,21,14
1890,318,1,10
1891,319,15,21
1892,319,20,17
1893,319,2,19
1894,319,6,16
1895,319,22,12
1896,320,1,10
1897,320,15,14
1898,320,22,4
1899,320,1,12
1900,320,22,6
1901,320,12,8
1902,320,16,20
1903,320,6,22
1904,321,12,4
1905,321,4,19
1906,321,15,8
1907,321,1,13
1908,321,3,22
1909,322,23,1
1910,322,14,16
1911,322,7,10
1912,322,21,5
1913,322,17,5
1914,322,19,9
1915,323,16,24
1916,323,0,18
1917,323,22,3
1918,323,22,16
1919,323,4,12
1920,323,18,20
1921,324,18,24
1922,324,10,13
1923,324,15,17
1924,324,13,2
1925,324,0,12
1926,324,24,9
1927,324,15,24
1928,325,22,18
1929,325,5,15
1930,325,2,4
1931,325,19,10
1932,325,24,22
1933,325,22,14
1934,325,13,16
1935,326,6,23
1936,326,24,6
1937,326,4,19
1938,326,5,17
1939,326,9,12
1940,326,3,7
1941,326,12,18
1942,326,24,6
1943,327,20,8
1944,327,9,11
1945,327,6,22
1946,327,15,22
1947,327,18,2
1948,327,0,7
1949,328,2,19
1950,328,4,15
1951,328,8,24
1952,328,20,1
1953,328,5,7
1954,328,23,15
1955,328,21,1
1956,328,14,7
1957,329,21,17
1958,329,2,8
1959,329,13,4
1960,330,16,20
1961,330,23,12
1962,331,19,5
1963,331,8,2
1964,331,19,7
1965,331,20,8
1966,331,24,17
1967,331,1,5
1968,332,15,11
1969,332,1,18
1970,332,5,19
1971,332,23,14
1972,332,16,3
1973,332,10,24
1974,333,24,11
1975,333,20,2
1976,333,23,17
1977,333,23,5
1978,333,23,8
1979,333,5,18
1980,333,1,24
1981,333,9,19
1982,333,11,18
1983,333,14,23
1984,333,3,16
1985,334,11,21
1986,334,11,23
1987,334,11,2
1988,334,16,2
1989,334,5,13
1990,335,12,10
1991,335,6,23
1992,335,24,11
1993,335,21,3
1994,335,15,13
1995,336,19,9
1996,336,16,8
1997,336,5,4
1998,336,5,11
1999,336,9,1
2000,336,7,15
2001,336,24,16
2002,336,8,6
2003,336,24,16
2004,336,6,0
2005,337,16,6
2006,337,23,14
2007,337,16,13
2008,337,12,10
2009,338,17,20
2010,338,16,4
2011,338,17,1
2012,339,24,18
2013,339,12,15
2014,339,13,6
2015,340,1,8
2016,340,24,13
2017,340,1,8
2018,341,16,13
2019,341,21,24
2020,342,9,24
2021,342,4,17
2022,342,21,8
2023,342,13,9
2024,342,9,23
2025,342,2,15
2026,342,3,17
2027,342,4,13
2028,342,6,0
2029,343,0,11
2030,343,8,0
2031,343,21,5
2032,343,15,7
2033,343,6,10
2034,344,21,18
2035,344,1,23
2036,344,14,0
2037,344,22,9
2038,345,22,3
2039,345,23,17
2040,345,10,14
2041,345,12,4
2042,345,7,17
2043,345,3,11
2044,345,5,1
2045,345,15,14
2046,346,4,12
2047,346,15,13
2048,346,18,9
2049,346,7,10
2050,346,1,9
2051,346,8,5
2052,346,18,24
2053,347,2,21
2054,347,24,7
2055,347,20,16
2056,347,3,0
2057,347,5,23
2058,347,24,6
2059,347,13,0
2060,347,2,18
2061,348,24,6
2062,348,0,23
2063,349,24,1
2064,349,13,2
2065,349,13,15
2066,349,4,11
2067,349,24,15
2068,350,5,22
2069,350,1,4
2070,350,15,0
2071,350,15,21
2072,350,18,12
2073,351,11,24
2074,351,11,14
2075,351,21,19
2076,351,16,19
2077,351,13,1
2078,351,5,15
2079,351,20,16
2080,351,17,11
2081,351,4,23
2082,352,12,14
2083,352,19,23
2084,352,19,9
2085,352,11,0
2086,353,10,0
2087,353,10,1
2088,353,2,0
2089,353,21,1
2090,354,8,0
2091,354,11,14
2092,354,10,0
2093,354,7,16
2094,354,11,22
2095,354,20,6
2096,354,19,11
2097,354,5,4
2098,354,0,22
2099,355,1,19
2100,355,23,14
2101,355,12,5
2102,355,12,22
2103,355,6,8
2104,355,0,11
2105,355,13,22
2106,355,24,2
2107,356,5,16
2108,356,14,21
2109,356,15,22
2110,356,13,17
2111,357,16,10
2112,357,22,3
2113,357,6,12
2114,357,16,13
2115,358,20,11
2116,358,0,23
2117,358,4,7
2118,358,3,14
2119,358,15,5
2120,359,23,11
2121,359,9,5
2122,359,7,16
2123,359,0,19
2124,359,9,0
2125,359,15,21
2126,360,22,20
2127,360,9,20
2128,361,20,6
2129,361,20,6
2130,361,15,6
2131,361,8,5
2132,362,23,2
2133,362,15,3
2134,362,9,19
2135,362,24,8
2136,362,19,15
2137,362,22,11
2138,362,14,10
2139,362,16,0
2140,362,15,0
2141,363,24,4
2142,363,15,24
2143,363,4,11
2144,363,3,24
2145,363,17,1
2146,363,0,11
2147,363,14,22
2148,364,12,22
2149,364,1,16
2150,364,1,17
2151,364,18,1
2152,364,17,8
2153,365,22,6
2154,365,21,11
2155,365,2,18
2156,365,13,4
2157,365,0,21
2158,365,18,8
2159,366,13,16
2160,366,13,22
2161,366,10,16
2162,366,15,14
2163,366,6,21
2164,366,16,23
2165,367,23,1
2166,367,4,5
2167,367,24,18
2168,367,8,10
2169,367,10,18
2170,367,4,13
2171,368,0,4
2172,368,16,9
2173,368,16,4
2174,368,6,0
2175,368,24,14
2176,369,10,3
2177,369,7,0
2178,369,18,8
2179,370,10,23
2180,370,17,11
2181,370,24,16
2182,370,16,5
2183,370,21,13
2184,370,20,18
2185,371,18,6
2186,371,8,19
2187,372,23,19
2188,372,19,20
2189,372,17,24
2190,372,12,18
2191,372,16,4
2192,372,3,1
2193,372,15,5
2194,372,15,8
2195,372,24,16
2196,373,14,24
2197,373,5,11
2198,373,15,22
2199,373,16,13
2200,373,3,1
2201,373,24,16
2202,374,19,6
2203,374,8,23
2204,374,17,5
2205,374,4,14
2206,374,7,11
2207,375,13,24
2208,375,3,20
2209,375,14,21
2210,375,7,22
2211,375,4,24
2212,375,10,19
2213,376,3,1
2214,376,20,14
2215,376,14,21
2216,376,12,19
2217,376,3,9
2218,376,17,21
2219,376,20,3
2220,376,5,3
2221,377,11,23
2222,377,23,0
2223,377,7,13
2224,377,20,12
2225,377,10,2
2226,377,21,6
2227,377,0,14
2228,377,21,19
2229,378,8,1
2230,378,17,19
2231,378,9,5
2232,378,20,5
2233,378,6,24
2234,378,20,6
2235,378,0,15
2236,378,5,2
2237,379,17,4
2238,379,19,13
2239,379,7,15
2240,379,24,1
2241,379,19,22
2242,379,18,8
2243,380,7,20
2244,380,17,8
2245,380,2,8
2246,380,23,21
2247,380,11,1
2248,381,4,7
2249,381,19,8
2250,381,6,22
2251,381,10,24
2252,381,16,4
2253,381,6,3
2254,381,21,5
2255,382,10,22
2256,382,2,13
2257,382,18,7
2258,382,9,20
2259,382,2,23
2260,382,12,18
2261,382,23,12
2262,383,1,24
2263,383,6,21
2264,383,17,8
2265,383,14,18
2266,384,4,22
2267,384,19,12
2268,384,24,21
2269,384,21,4
2270,385,20,23
2271,385,16,12
2272,385,8,20
2273,385,16,9
2274,385,18,24
2275,386,5,8
2276,386,2,4
2277,386,13,21
2278,386,13,11
2279,386,7,11
2280,386,15,22
2281,386,7,11
2282,386,24,14
2283,387,14,1
2284,387,12,5
2285,387,20,4
2286,387,6,19
2287,388,2,16
2288,388,6,3
2289,388,17,1
2290,388,12,24
2291,388,7,19
2292,388,21,0
2293,389,1,19
2294,389,0,18
2295,389,17,0
2296,389,9,15
2297,389,5,12
2298,389,22,16
2299,389,17,24
2300,390,16,0
2301,390,12,9
2302,390,19,10
2303,391,9,17
2304,391,17,7
2305,391,3,23
2306,391,8,16
2307,391,16,14
2308,391,20,4
2309,391,15,14
2310,391,0,13
2311,392,18,22
2312,392,16,10
2313,392,13,17
2314,392,0,21
2315,392,2,15
2316,393,0,12
2317,393,4,16
2318,393,10,22
2319,393,0,14
2320,393,15,24
2321,393,22,6
2322,393,13,16
2323,393,11,22
2324,393,6,18
2325,393,15,13
2326,394,21,4
2327,394,20,23
2328,394,17,1
2329,394,12,19
2330,394,0,23
2331,394,7,10
2332,394,2,14
2333,394,13,11
2334,395,8,20
2335,395,11,20
2336,395,2,23
2337,395,4,0
2338,395,19,13
2339,395,5,7
2340,396,20,13
2341,396,11,8
2342,396,1,10
2343,396,24,3
2344,397,7,23
2345,397,12,5
2346,397,24,14
2347,397,15,14
2348,397,2,21
2349,397,11,13
2350,397,10,9
2351,397,2,9
2352,397,14,23
2353,397,16,19
2354,397,7,23
2355,397,4,11
2356,398,21,14
2357,399,12,19
2358,399,18,3
2359,399,20,3
2360,400,24,15
2361,400,16,6
2362,400,22,2
2363,401,2,23
2364,401,13,10
2365,401,14,3
2366,401,2,21
2367,401,22,14
2368,402,1,23
2369,402,8,14
2370,402,10,9
2371,402,2,12
2372,402,22,6
2373,402,24,18
2374,402,22,1
2375,403,2,21
2376,403,11,5
2377,403,8,11
2378,403,18,20
2379,403,13,5
2380,403,5,9
2381,403,22,15
2382,403,19,15
2383,404,5,17
2384,404,9,17
2385,404,18,15
2386,404,16,19
2387,405,17,7
2388,405,17,8
2389,406,10,7
2390,406,24,6
2391,407,4,0
2392,407,24,9
2393,407,5,2
2394,407,18,3
2395,407,21,7
2396,408,22,12
2397,408,12,23
2398,408,3,1
2399,408,9,19
2400,408,12,5
2401,408,6,14
2402,409,8,6
2403,409,10,19
2404,409,19,0
2405,409,0,8
2406,409,9,7
2407,409,0,15
2408,409,15,18
2409,409,17,2
2410,410,0,18
2411,410,18,15
2412,410,12,2
2413,410,9,3
2414,410,8,2
2415,410,19,4
2416,411,6,20
2417,411,5,23
2418,412,10,22
2419,412,20,9
2420,412,3,22
2421,412,24,16
2422,412,18,3
2423,413,18,15
2424,413,24,8
2425,413,6,4
2426,413,6,14
2427,414,24,10
2428,414,24,0
2429,414,16,6
2430,414,10,1
2431,414,7,18
2432,414,6,15
2433,414,1,20
2434,415,18,21
2435,415,14,7
2436,415,20,4
2437,415,7,19
2438,416,12,1
2439,416,2,4
2440,416,24,12
2441,416,16,7
2442,416,11,23
2443,416,17,23
2444,417,6,20
2445,417,7,21
2446,417,12,22
2447,418,6,9
2448,418,4,0
2449,418,7,24
2450,418,3,17
2451,418,9,21
2452,418,4,2
2453,418,23,5
2454,418,18,3
2455,419,7,16
2456,419,10,1
2457,419,10,18
2458,419,21,1
2459,419,22,9
2460,419,13,7
2461,419,13,22
2462,419,0,19
2463,419,18,0
2464,420,5,21
2465,420,0,14
2466,420,10,16
2467,420,17,24
2468,420,16,24
2469,420,21,19
2470,420,4,20
2471,420,7,9
2472,420,15,19
2473,420,7,15
2474,420,7,4
2475,420,19,1
2476,421,17,20
2477,421,11,15
2478,421,8,21
2479,421,9,3
2480,421,20,0
2481,421,12,10
2482,421,17,4
2483,422,18,4
2484,422,20,12
2485,422,2,18
2486,422,23,14
2487,422,4,10
2488,422,14,12
2489,422,16,1
2490,422,24,20
2491,422,18,12
2492,422,12,9
2493,422,12,10
2494,423,17,10
2495,423,7,18
2496,423,14,21
2497,423,21,2
2498,424,19,1
2499,424,20,10
2500,425,11,5
2501,425,8,15
2502,425,20,16
2503,425,1,5
2504,425,13,4
2505,425,19,4
2506,426,9,0
2507,426,10,7
2508,426,5,19
2509,427,9,5
2510,427,3,14
2511,427,9,2
2512,427,2,23
2513,427,17,23
2514,427,22,13
2515,427,9,18
2516,427,3,22
2517,427,8,23
2518,427,23,10
2519,428,12,20
2520,428,4,6
2521,428,17,8
2522,429,8,4
2523,429,19,16
2524,429,20,3
2525,429,4,15
2526,429,1,8
2527,430,8,16
2528,430,20,17
2529,430,3,17
2530,430,13,17
2531,431,14,22
2532,431,14,23
2533,431,23,10
2534,431,9,21
2535,431,21,23
2536,431,21,6
2537,431,11,5
2538,432,13,0
2539,432,9,15
2540,432,13,24
2541,432,20,23
2542,432,22,18
2543,432,0,2
2544,432,2,13
2545,432,0,14
2546,432,11,22
2547,432,24,1
2548,432,22,7
2549,433,24,18
2550,433,11,3
2551,433,11,13
2552,433,16,9
2553,433,9,1
2554,433,16,2
2555,434,0,2
2556,434,4,6
2557,434,18,3
2558,434,9,22
2559,434,23,5
2560,434,16,19
2561,434,18,5
2562,434,1,4
2563,434,4,2
2564,435,10,24
2565,435,0,21
2566,435,15,1
2567,435,6,2
2568,436,4,11
2569,436,4,6
2570,437,0,3
2571,437,5,20
2572,437,1,12
2573,438,5,4
2574,438,8,11
2575,438,19,9
2576,438,3,0
2577,438,4,13
2578,438,11,14
2579,438,9,3
2580,439,0,2
2581,439,6,10
2582,439,14,3
2583,439,11,22
2584,439,23,17
2585,440,11,23
2586,440,14,15
2587,440,1,12
2588,440,23,6
2589,440,12,18
2590,440,20,4
2591,440,1,14
2592,440,1,22
2593,441,23,10
2594,441,12,5
2595,441,22,7
2596,441,12,22
2597,441,2,17
2598,441,17,19
2599,441,7,19
2600,441,7,9
2601,442,17,24
2602,442,15,14
2603,442,13,2
2604,442,6,9
2605,442,0,18
2606,442,9,19
2607,442,12,15
2608,442,0,16
2609,443,22,7
2610,443,21,18
2611,443,17,21
2612,443,0,7
2613,443,16,2
2614,443,15,7
2615,443,12,23
2616,444,7,22
2617,444,22,16
2618,444,10,3
2619,444,24,2
2620,444,4,18
2621,444,14,0
2622,444,9,3
2623,444,2,8
2624,444,3,1
2625,444,23,7
2626,445,22,19
2627,445,2,14
2628,445,24,14
2629,445,21,8
2630,445,24,21
2631,446,24,7
2632,446,12,19
2633,446,15,7
2634,446,0,24
2635,446,12,3
2636,446,15,8
2637,446,5,23
2638,446,19,16
2639,447,15,23
2640,447,23,5
2641,447,19,1
2642,447,16,7
2643,447,5,3
2644,447,9,10
2645,447,23,6
2646,447,6,12
2647,447,6,22
2648,447,8,11
2649,447,10,12
2650,448,23,2
2651,448,19,4
2652,448,22,20
2653,448,24,6
2654,448,17,20
2655,448,14,3
2656,448,15,23
2657,449,6,12
2658,449,17,14
2659,449,0,20
2660,449,1,3
2661,450,11,4
2662,450,10,2
2663,450,11,2
2664,450,22,12
2665,450,9,6
2666,450,8,18
2667,451,5,19
2668,452,5,9
2669,453,13,15
2670,453,11,0
2671,454,23,0
2672,454,18,16
2673,454,4,2
2674,454,17,11
2675,454,4,23
2676,455,7,23
2677,455,7,3
2678,455,20,10
2679,455,24,12
2680,455,6,20
2681,455,15,13
2682,456,18,1
2683,456,21,1
2684,456,16,3
2685,456,10,7
2686,456,14,1
2687,456,20,19
2688,457,16,0
2689,457,6,13
2690,457,18,15
2691,457,11,21
2692,457,21,0
2693,458,14,10
2694,458,13,9
2695,458,8,16
2696,458,5,24
2697,458,19,7
2698,458,10,20
2699,459,21,15
2700,459,14,3
2701,459,15,5
2702,459,14,12
2703,459,21,14
2704,460,12,14
2705,460,6,22
2706,460,6,18
2707,460,16,22
2708,460,10,14
2709,460,20,11
2710,460,16,9
2711,460,1,3
2712,461,5,16
2713,461,0,3
2714,461,12,15
2715,461,15,19
2716,462,0,6
2717,462,3,22
2718,462,15,9
2719,462,15,12
2720,463,13,10
2721,463,17,15
2722,463,15,8
2723,463,18,8
2724,463,5,15
2725,463,20,6
2726,464,9,20
2727,464,10,0
2728,464,13,22
2729,464,7,18
2730,464,3,10
2731,464,4,19
2732,464,17,2
2733,464,15,18
2734,464,10,23
2735,465,1,3
2736,465,1,4
2737,465,1,8
2738,465,17,5
2739,465,15,7
2740,466,13,6
2741,466,1,3
2742,466,16,13
2743,466,10,23
2744,466,17,0
2745,466,11,18
2746,467,16,23
2747,467,16,0
2748,467,24,8
2749,467,17,21
2750,468,5,19
2751,469,9,11
2752,469,14,2
2753,469,1,16
2754,469,11,24
2755,469,8,10
2756,469,15,6
2757,469,24,12
2758,469,11,4
2759,470,2,20
2760,470,13,19
2761,470,10,21
2762,470,15,7
2763,470,0,7
2764,470,24,2
2765,470,5,13
2766,471,14,0
2767,471,9,5
2768,471,8,4
2769,471,24,3
2770,471,3,12
2771,471,5,16
2772,471,21,23
2773,471,7,4
2774,472,6,20
2775,472,2,20
2776,472,9,5
2777,472,21,7
2778,472,14,17
2779,473,7,24
2780,473,15,18
2781,473,12,20
2782,473,15,14
2783,473,5,8
2784,473,1,15
2785,473,10,2
2786,473,3,17
2787,473,17,3
2788,473,6,14
2789,474,17,11
2790,474,24,11
2791,474,23,2
2792,474,17,11
2793,474,8,2
2794,474,2,19
2795,475,22,19
2796,475,21,13
2797,475,23,8
2798,476,7,21
2799,477,11,0
2800,477,21,8
2801,477,3,0
2802,477,10,3
2803,477,24,11
2804,477,16,8
2805,477,18,6
2806,477,20,4
2807,478,10,7
2808,478,5,14
2809,478,19,17
2810,478,19,7
2811,479,7,23
2812,479,24,5
2813,479,13,19
2814,479,22,1
2815,479,19,20
2816,479,6,2
2817,479,15,14
2818,479,8,17
2819,480,1,17
2820,480,20,7
2821,480,23,12
2822,481,13,4
2823,481,13,20
2824,481,8,2
2825,481,5,12
2826,481,19,0
2827,482,17,0
2828,482,16,4
2829,482,21,15
2830,482,1,13
2831,483,5,24
2832,483,3,16
2833,483,4,11
2834,483,16,8
2835,483,23,1
2836,483,4,12
2837,483,7,4
2838,484,12,23
2839,484,6,4
2840,484,10,4
2841,485,17,14
2842,485,13,9
2843,485,23,9
2844,485,10,20
2845,485,10,8
2846,485,9,24
2847,485,22,12
2848,485,16,6
2849,486,8,20
2850,486,11,14
2851,486,18,10
2852,487,11,14
2853,487,10,22
2854,487,13,21
2855,487,5,11
2856,487,11,19
2857,487,8,24
2858,487,24,15
2859,487,3,13
2860,488,15,17
2861,488,3,23
2862,488,12,10
2863,488,16,18
2864,488,19,23
2865,488,4,11
2866,489,22,13
2867,489,22,3
2868,489,13,15
2869,489,24,7
2870,489,19,4
2871,490,5,18
2872,490,4,22
2873,490,0,21
2874,491,17,7
2875,491,20,17
2876,491,18,16
2877,491,21,15
2878,492,17,5
2879,492,21,1
2880,492,9,17
2881,492,9,13
2882,492,15,9
2883,493,8,14
2884,493,16,4
2885,493,17,5
2886,493,11,23
2887,494,15,11
2888,494,18,9
2889,494,0,6
2890,494,3,22
2891,494,6,4
2892,494,5,12
2893,494,17,19
2894,495,14,20
2895,495,5,13
2896,495,15,4
2897,495,18,1
2898,495,21,14
2899,495,2,9
2900,495,5,24
2901,496,13,6
2902,496,5,11
2903,496,23,3
2904,496,9,1
2905,496,19,0
2906,496,9,15
2907,496,18,9
2908,496,12,1
2909,497,8,16
2910,497,11,5
2911,497,1,19
2912,497,21,23
2913,497,22,4
2914,497,22,20
2915,497,13,15
2916,498,10,7
2917,498,1,3
2918,498,18,22
2919,498,12,21
2920,499,6,22
2921,499,7,23
2922,499,6,17
2923,499,6,13
2924,500,20,24
2925,500,0,12
2926,500,22,10
2927,500,17,21
2928,502,19,9
2929,502,11,13
2930,502,13,16
2931,503,1,12
2932,503,8,22
2933,503,21,19
2934,503,11,1
2935,504,9,7
2936,504,11,20
2937,504,9,1
2938,504,16,1
2939,504,5,19
2940,504,23,17
2941,505,12,4
2942,505,4,1
2943,505,22,24
2944,505,24,8
2945,505,12,0
2946,506,24,14
2947,506,5,17
2948,506,7,16
2949,506,15,14
2950,506,2,20
2951,506,22,3
2952,506,20,9
2953,506,24,17
2954,506,11,23
2955,506,22,11
2956,506,4,8
2957,506,16,5
2958,506,4,1
2959,507,23,1
2960,507,17,4
2961,507,19,13
2962,507,21,24
2963,507,13,0
2964,507,16,4
2965,507,12,15
2966,507,10,17
2967,508,22,13
2968,508,0,19
2969,508,21,5
2970,508,10,1
2971,508,6,19
2972,509,2,19
2973,509,8,18
2974,509,14,3
2975,509,4,11
2976,510,23,10
2977,510,13,6
2978,510,8,21
2979,510,10,14
2980,510,24,20
2981,510,16,14
2982,510,15,3
2983,510,3,12
2984,511,18,24
2985,511,6,20
2986,511,15,7
2987,511,6,2
2988,511,5,21
2989,511,6,17
2990,511,8,24
2991,512,2,19
2992,512,2,10
2993,512,2,6
2994,512,5,4
2995,513,8,14
2996,513,20,11
2997,513,15,6
2998,513,13,21
2999,513,10,6
3000,513,5,16
3001,513,14,23
3002,513,2,9
3003,514,11,23
3004,514,23,12
3005,515,11,0
3006,515,16,4
3007,515,4,8
3008,515,6,0
3009,515,24,15
3010,515,24,3
3011,515,9,7
3012,515,14,1
3013,515,0,15
3014,515,5,23
3015,516,22,10
3016,516,9,5
3017,516,17,23
3018,516,20,0
3019,516,3,15
3020,517,24,22
3021,517,2,13
3022,517,20,13
3023,517,10,6
3024,518,2,4
3025,518,1,20
3026,518,21,18
3027,518,9,11
3028,518,5,23
3029,519,21,12
3030,519,3,12
3031,519,19,8
3032,520,24,4
3033,520,2,14
3034,520,7,23
3035,520,24,6
3036,520,17,8
3037,521,13,22
3038,521,5,11
3039,521,10,2
3040,521,23,6
3041,521,23,9
3042,521,17,7
3043,521,20,9
3044,522,22,19
3045,522,19,11
3046,522,20,22
3047,522,21,23
3048,522,7,11
3049,522,2,4
3050,522,15,23
3051,522,16,6
3052,522,5,23
3053,523,8,10
3054,523,13,2
3055,523,10,7
3056,523,16,5
3057,523,10,17
3058,523,8,15
3059,523,20,7
3060,523,4,11
3061,524,7,21
3062,524,6,3
3063,524,12,0
3064,524,20,19
3065,524,10,3
3066,524,22,3
3067,524,3,0
3068,524,8,21
3069,524,0,12
3070,524,8,17
3071,524,3,20
3072,524,2,11
3073,525,21,14
3074,525,6,0
3075,525,11,14
3076,525,11,1
3077,526,19,15
3078,526,0,3
3079,526,1,20
3080,526,23,5
3081,526,21,7
3082,526,17,11
3083,526,17,9
3084,526,17,0
3085,526,1,15
3086,526,4,22
3087,527,10,12
3088,527,15,18
3089,527,1,11
3090,527,5,22
3091,527,4,17
3092,527,14,24
3093,527,19,11
3094,527,6,18
3095,527,5,1
3096,527,12,14
3097,527,14,10
3098,527,19,2
3099,527,10,2
3100,528,21,2
3101,528,10,23
3102,528,22,5
3103,528,24,5
3104,529,10,19
3105,529,15,11
3106,529,17,24
3107,529,5,4
3108,529,22,1
3109,529,13,20
3110,529,15,0
3111,529,11,4
3112,529,20,14
3113,530,11,9
3114,530,19,12
3115,530,16,6
3116,530,24,2
3117,530,23,6
3118,530,0,3
3119,531,9,23
3120,531,24,12
3121,531,4,21
3122,531,2,8
3123,531,1,24
3124,531,17,0
3125,531,7,14
3126,532,3,20
3127,532,23,8
3128,532,12,14
3129,532,24,21
3130,532,14,24
3131,532,19,2
3132,533,13,4
3133,533,13,3
3134,533,14,7
3135,533,14,7
3136,533,21,1
3137,533,20,18
3138,533,16,7
3139,534,20,10
3140,534,3,6
3141,534,21,5
3142,534,19,17
3143,534,3,13
3144,535,5,4
3145,535,10,7
3146,535,10,3
3147,535,15,0
3148,536,5,24
3149,536,10,9
3150,536,11,9
3151,536,9,21
3152,537,23,7
3153,537,9,11
3154,537,14,23
3155,537,11,24
3156,537,16,13
3157,537,15,7
3158,537,16,24
3159,537,15,22
3160,537,5,3
3161,538,1,15
3162,538,21,19
3163,538,14,3
3164,538,23,8
3165,538,8,15
3166,538,3,22
3167,538,15,5
3168,539,5,4
3169,539,21,15
3170,539,22,8
3171,539,4,11
3172,540,3,21
3173,540,8,6
3174,540,21,24
3175,540,17,23
3176,540,20,16
3177,540,24,14
3178,540,3,5
3179,540,23,9
3180,540,2,24
3181,540,10,14
3182,540,24,14
3183,541,7,19
3184,541,5,23
3185,541,11,1
3186,541,24,3
3187,542,24,2
3188,542,0,18
3189,542,3,22
3190,542,9,12
3191,542,10,9
3192,542,11,2
3193,542,24,20
3194,543,16,8
3195,543,12,24
3196,543,7,4
3197,543,18,0
3198,543,21,3
3199,543,5,16
3200,543,7,1
3201,543,4,13
3202,543,8,24
3203,544,4,12
3204,544,18,11
3205,544,24,16
3206,544,4,14
3207,544,9,11
3208,544,8,17
3209,544,12,19
3210,544,5,1
3211,544,0,20
3212,545,20,4
3213,545,1,19
3214,545,13,23
3215,545,5,17
3216,545,17,1
3217,545,8,5
3218,546,24,0
3219,546,4,6
3220,546,12,18
3221,546,21,24
3222,546,11,14
3223,546,21,9
3224,546,15,11
3225,546,6,20
3226,546,16,7
3227,547,6,16
3228,547,21,5
3229,547,7,3
3230,547,14,0
3231,547,9,12
3232,547,10,24
3233,547,7,19
3234,547,0,14
3235,548,24,8
3236,548,16,3
3237,548,5,20
3238,548,19,11
3239,548,6,3
3240,549,23,8
3241,549,3,16
3242,549,8,23
3243,549,16,18
3244,550,3,5
3245,550,5,14
3246,550,24,0
3247,550,2,12
3248,550,11,1
3249,550,15,1
3250,551,3,15
3251,551,7,3
3252,551,24,14
3253,551,15,3
3254,551,3,20
3255,551,11,17
3256,551,2,16
3257,551,2,13
3258,551,1,14
3259,552,5,4
3260,552,23,2
3261,552,23,1
3262,553,24,7
3263,553,5,17
3264,553,20,11
3265,553,0,20
3266,553,10,12
3267,553,20,10
3268,553,24,3
3269,554,1,23
3270,554,10,6
3271,555,15,8
3272,555,23,1
3273,555,5,18
3274,555,20,17
3275,555,4,8
3276,555,2,4
3277,555,24,2
3278,556,14,11
3279,556,3,18
3280,556,1,5
3281,556,12,1
3282,556,12,22
3283,556,3,1
3284,556,17,19
3285,556,23,9
3286,557,4,19
3287,557,4,11
3288,557,9,5
3289,557,11,5
3290,558,18,12
3291,558,1,20
3292,558,17,14
3293,558,21,0
3294,558,17,10
3295,559,4,1
3296,559,0,3
3297,559,9,7
3298,559,11,18
3299,559,24,7
3300,559,17,4
3301,560,9,5
3302,560,8,5
3303,560,22,16
3304,560,14,11
3305,560,22,10
3306,560,20,2
3307,560,6,4
3308,560,21,15
3309,560,10,8
3310,561,8,20
3311,561,4,12
3312,561,5,16
3313,561,7,4
3314,562,7,14
3315,562,7,4
3316,562,15,2
3317,562,15,3
3318,562,21,12
3319,562,4,17
3320,563,21,2
3321,563,2,18
3322,563,15,11
3323,563,23,3
3324,563,0,22
3325,564,7,24
3326,564,21,7
3327,564,5,21
3328,564,3,12
3329,564,22,9
3330,565,23,8
3331,565,5,20
3332,565,23,9
3333,565,4,2
3334,565,1,11
3335,565,8,0
3336,566,3,15
3337,566,11,14
3338,566,9,16
3339,566,7,19
3340,566,18,3
3341,567,11,23
3342,567,20,17
3343,567,6,10
3344,568,8,1
3345,568,12,18
3346,568,22,15
3347,569,16,7
3348,569,22,18
3349,569,9,18
3350,569,1,7
3351,569,6,13
3352,569,22,14
3353,570,21,1
3354,570,20,24
3355,570,13,22
3356,570,11,8
3357,570,7,14
3358,570,4,19
3359,570,9,20
3360,570,24,7
3361,571,19,4
3362,571,15,19
3363,571,12,2
3364,571,23,21
3365,571,16,9
3366,571,16,23
3367,571,15,6
3368,571,17,3
3369,572,14,10
3370,572,7,19
3371,572,19,5
3372,572,10,24
3373,573,20,1
3374,573,22,0
3375,573,1,3
3376,573,5,1
3377,573,5,17
3378,573,18,6
3379,574,3,12
3380,574,14,2
3381,574,2,16
3382,574,14,23
3383,574,12,10
3384,574,14,1
3385,575,7,3
3386,575,19,3
3387,575,5,8
3388,575,15,19
3389,575,18,5
3390,575,7,15
3391,575,14,8
3392,576,21,4
3393,576,5,14
3394,576,13,16
3395,576,14,7
3396,576,22,19
3397,576,3,13
3398,577,19,23
3399,577,3,6
3400,577,3,6
3401,577,23,13
3402,577,20,8
3403,577,0,20
3404,577,11,23
3405,577,20,13
3406,577,24,10
3407,578,6,18
3408,578,23,2
3409,578,12,4
3410,578,5,18
3411,578,19,20
3412,579,16,7
3413,579,11,22
3414,579,5,4
3415,579,0,10
3416,579,16,19
3417,579,11,22
3418,580,15,24
3419,580,2,13
3420,580,17,24
3421,580,15,8
3422,580,15,9
3423,580,17,19
3424,580,9,6
3425,580,14,10
3426,580,11,13
3427,580,7,24
3428,581,0,19
3429,581,22,6
3430,581,4,14
3431,581,3,7
3432,581,10,7
3433,581,5,14
3434,581,16,3
3435,581,15,3
3436,582,3,20
3437,582,22,24
3438,582,13,0
3439,582,19,12
3440,582,2,16
3441,583,4,12
3442,583,0,11
3443,583,18,9
3444,583,8,21
3445,583,3,6
3446,583,4,14
3447,583,2,0
3448,583,2,21
3449,583,19,17
3450,583,19,4
3451,584,7,9
3452,584,21,6
3453,584,10,3
3454,584,7,19
3455,585,16,19
3456,585,18,22
3457,585,16,9
3458,585,24,11
3459,585,12,1
3460,585,2,4
3461,585,14,16
3462,586,9,5
3463,586,9,7
3464,586,15,13
3465,586,0,23
3466,586,5,20
3467,587,16,13
3468,587,18,8
3469,587,14,11
3470,587,15,4
3471,587,22,16
3472,587,13,22
3473,587,0,20
3474,587,20,6
3475,587,0,2
3476,587,18,24
3477,588,4,11
3478,588,22,9
3479,589,16,7
3480,589,8,12
3481,589,14,16
3482,589,2,15
3483,589,23,17
3484,589,12,3
3485,589,21,19
3486,589,22,7
3487,590,12,5
3488,590,12,16
3489,590,15,7
3490,590,22,10
3491,590,18,12
3492,591,9,22
3493,591,18,7
3494,591,12,21
3495,591,7,13
3496,591,18,22
3497,592,9,12
3498,592,12,1
3499,592,1,10
3500,592,1,10
3501,592,6,8
3502,593,14,11
3503,593,6,0
3504,593,23,21
3505,593,22,16
3506,593,19,17
3507,594,1,8
3508,594,9,11
3509,594,8,1
3510,594,24,18
3511,594,0,8
3512,594,24,22
3513,594,19,11
3514,595,7,22
3515,595,10,0
3516,595,4,19
3517,595,8,6
3518,595,4,6
3519,595,17,20
3520,595,12,20
3521,595,9,7
3522,595,1,10
3523,596,22,12
3524,596,4,19
3525,596,13,3
3526,597,1,22
3527,597,6,9
3528,597,19,8
3529,597,11,20
3530,597,1,14
3531,598,17,9
3532,598,17,14
3533,598,9,11
3534,598,21,23
3535,598,17,4
3536,598,20,11
3537,598,2,15
3538,599,21,17
3539,599,15,17
3540,600,5,1
3541,600,1,5
3542,601,24,22
3543,601,15,9
3544,601,22,9
3545,601,16,24
3546,601,5,4
3547,602,10,24
3548,602,16,10
3549,602,23,0
3550,602,17,11
3551,602,18,12
3552,603,6,23
3553,603,20,4
3554,603,11,17
3555,603,23,20
3556,603,13,1
3557,603,11,23
3558,603,12,5
3559,603,19,2
3560,604,5,19
3561,605,22,14
3562,605,16,22
3563,605,0,7
3564,605,9,10
3565,605,23,1
3566,606,16,6
3567,606,18,21
3568,606,18,12
3569,606,5,14
3570,606,13,22
3571,606,9,15
3572,606,22,8
3573,607,23,8
3574,607,15,5
3575,607,22,10
3576,607,0,14
3577,607,8,10
3578,607,9,23
3579,607,16,3
3580,608,4,8
3581,608,8,22
3582,608,24,1
3583,608,1,21
3584,608,19,21
3585,608,2,0
3586,608,10,0
3587,608,9,23
3588,608,11,15
3589,609,3,20
3590,609,6,21
3591,609,20,3
3592,609,7,20
3593,610,17,19
3594,610,2,16
3595,610,12,5
3596,610,2,16
3597,611,15,13
3598,611,16,23
3599,611,22,10
3600,611,5,13
3601,612,12,21
3602,612,19,23
3603,612,3,24
3604,612,7,22
3605,612,6,2
3606,612,3,16
3607,612,11,2
3608,612,0,12
3609,613,0,11
3610,613,7,17
3611,613,19,4
3612,613,22,6
3613,613,4,6
3614,613,17,19
3615,614,1,24
3616,614,12,15
3617,614,3,12
3618,614,24,7
3619,614,5,23
3620,615,21,12
3621,615,2,17
3622,615,11,23
3623,615,21,14
3624,615,15,23
3625,615,5,16
3626,616,8,23
3627,616,20,22
3628,616,13,11
3629,616,11,20
3630,616,24,12
3631,616,21,23
3632,616,19,3
3633,616,5,22
3634,617,13,24
3635,617,10,21
3636,617,24,17
3637,617,16,0
3638,617,8,23
3639,618,16,10
3640,618,0,10
3641,618,18,4
3642,618,11,15
3643,618,5,14
3644,618,6,16
3645,618,11,21
3646,619,20,5
3647,619,6,24
3648,619,6,17
3649,619,5,12
3650,619,1,4
3651,619,18,5
3652,619,5,2
3653,619,1,14
3654,619,8,19
3655,620,12,23
3656,620,8,14
3657,620,19,10
3658,620,19,12
3659,621,12,21
3660,621,24,4
3661,621,10,7
3662,621,16,6
3663,621,11,3
3664,621,8,18
3665,622,4,10
3666,622,4,10
3667,622,15,17
3668,622,0,2
3669,622,16,10
3670,622,22,18
3671,622,4,6
3672,623,4,19
3673,623,21,11
3674,623,15,21
3675,623,1,17
3676,623,2,15
3677,623,1,15
3678,623,15,22
3679,623,23,7
3680,623,9,19
3681,623,20,18
3682,623,23,20
3683,623,18,10
3684,624,16,6
3685,625,16,6
3686,625,0,9
3687,625,17,11
3688,625,20,0
3689,626,15,22
3690,626,0,12
3691,626,3,20
3692,626,14,11
3693,626,20,2
3694,627,13,20
3695,627,6,10
3696,627,10,19
3697,627,8,6
3698,627,10,22
3699,628,14,4
3700,628,21,13
3701,628,5,9
3702,628,3,14
3703,628,11,2
3704,628,23,15
3705,628,5,16
3706,628,3,15
3707,629,16,20
3708,629,21,3
3709,629,21,5
3710,629,4,6
3711,629,11,14
3712,629,19,21
3713,629,21,12
3714,630,20,10
3715,630,1,12
3716,630,2,9
3717,630,24,15
3718,630,0,7
3719,630,22,14
3720,630,5,1
3721,630,20,16
3722,631,22,0
3723,631,22,7
3724,631,13,10
3725,631,3,9
3726,631,4,5
3727,631,22,11
3728,632,13,19
3729,632,12,24
3730,632,18,12
3731,632,23,2
3732,632,19,12
3733,633,16,10
3734,633,15,23
3735,633,2,6
3736,633,6,23
3737,633,22,7
3738,633,1,5
3739,633,2,14
3740,633,3,22
3741,634,9,11
3742,634,13,4
3743,634,19,3
3744,634,7,13
3745,634,10,16
3746,635,10,9
3747,635,10,7
3748,635,9,11
3749,635,1,5
3750,636,14,2
3751,636,24,14
3752,636,7,1
3753,637,11,15
3754,637,10,8
3755,637,10,18
3756,637,11,24
3757,637,0,11
3758,637,11,4
3759,637,5,16
3760,637,20,8
3761,638,2,11
3762,638,9,0
3763,638,1,7
3764,638,23,15
3765,638,4,13
3766,639,21,0
3767,639,17,6
3768,639,18,11
3769,639,23,13
3770,640,20,17
3771,640,3,9
3772,640,12,9
3773,640,13,7
3774,640,8,4
3775,640,22,8
3776,640,20,7
3777,641,5,20
3778,641,16,13
3779,641,22,12
3780,641,5,13
3781,641,16,10
3782,641,17,20
3783,641,6,14
3784,642,12,4
3785,642,13,16
3786,642,3,15
3787,642,7,9
3788,642,0,7
3789,642,10,13
3790,643,0,2
3791,643,11,13
3792,643,11,1
3793,643,12,2
3794,643,4,6
3795,643,8,15
3796,644,22,19
3797,644,18,6
3798,644,3,1
3799,644,2,15
3800,644,10,21
3801,644,1,22
3802,644,6,4
3803,645,16,7
3804,645,22,13
3805,645,20,10
3806,645,17,9
3807,645,20,23
3808,646,1,17
3809,646,4,15
3810,646,21,12
3811,646,20,0
3812,646,16,20
3813,647,6,15
3814,647,1,4
3815,647,19,4
3816,647,11,14
3817,647,12,1
3818,648,14,8
3819,648,4,10
3820,648,2,13
3821,648,4,23
3822,648,14,16
3823,648,18,3
3824,648,0,7
3825,649,14,2
3826,650,2,5
3827,650,6,8
3828,650,21,14
3829,650,12,24
3830,650,16,14
3831,650,9,19
3832,650,6,14
3833,650,14,8
3834,650,13,10
3835,651,6,13
3836,651,14,6
3837,652,4,7
3838,652,6,24
3839,652,3,20
3840,652,21,8
3841,652,23,11
3842,653,21,7
3843,653,11,21
3844,653,15,21
3845,654,8,1
3846,654,11,20
3847,654,12,23
3848,654,14,18
3849,654,7,1
3850,654,22,16
3851,654,19,4
3852,655,0,19
3853,655,20,10
3854,655,7,1
3855,655,0,14
3856,656,16,24
3857,656,6,15
3858,656,14,6
3859,656,15,4
3860,657,22,18
3861,657,9,11
3862,657,12,21
3863,658,23,16
3864,658,15,17
3865,658,17,7
3866,658,6,21
3867,658,24,13
3868,658,13,7
3869,659,18,16
3870,659,2,4
3871,659,4,5
3872,659,2,0
3873,659,7,9
3874,660,20,14
3875,660,9,13
3876,660,19,20
3877,660,14,1
3878,660,4,14
3879,660,9,18
3880,660,24,8
3881,660,8,1
3882,661,6,13
3883,661,16,5
3884,661,2,23
3885,661,0,22
3886,661,22,18
3887,661,13,11
3888,661,2,15
3889,661,24,11
3890,661,9,19
3891,662,7,5
3892,662,18,3
3893,662,2,0
3894,662,18,10
3895,662,16,20
3896,662,1,14
3897,662,17,21
3898,662,24,4
3899,663,3,18
3900,663,4,19
3901,663,5,3
3902,663,18,4
3903,664,14,4
3904,664,20,13
3905,664,0,11
3906,664,15,19
3907,664,18,4
3908,665,1,16
3909,665,4,20
3910,666,2,18
3911,666,18,12
3912,666,11,2
3913,666,4,1
3914,666,7,11
3915,667,17,20
3916,667,23,19
3917,667,8,21
3918,667,17,15
3919,667,14,7
3920,667,17,10
3921,667,0,7
3922,668,13,15
3923,668,12,2
3924,668,22,6
3925,668,5,11
3926,668,15,11
3927,669,5,3
3928,669,6,8
3929,669,4,8
3930,670,13,1
3931,670,5,20
3932,670,16,6
3933,670,1,23
3934,670,10,21
3935,670,11,20
3936,671,15,19
3937,671,7,13
3938,671,22,16
3939,671,14,10
3940,671,14,22
3941,671,23,21
3942,671,6,16
3943,672,6,18
3944,672,1,13
3945,672,6,8
3946,672,6,24
3947,672,23,6
3948,672,14,0
3949,672,22,15
3950,672,18,4
3951,672,15,12
3952,673,1,18
3953,673,14,16
3954,673,20,3
3955,673,23,1
3956,673,10,16
3957,674,12,8
3958,674,12,14
3959,674,17,10
3960,674,2,19
3961,674,19,22
3962,675,9,21
3963,675,11,0
3964,675,4,15
3965,675,24,21
3966,675,20,5
3967,675,18,5
3968,675,9,21
3969,675,2,13
3970,676,14,22
3971,676,0,24
3972,676,5,4
3973,676,2,6
3974,676,1,22
3975,676,0,20
3976,677,5,11
3977,677,13,23
3978,677,9,19
3979,678,8,17
3980,678,0,22
3981,678,6,12
3982,678,11,5
3983,678,2,18
3984,678,8,18
3985,678,6,2
3986,678,10,23
3987,679,10,23
3988,679,19,20
3989,679,12,10
3990,679,10,2
3991,679,2,13
3992,679,18,15
3993,679,3,6
3994,679,1,13
3995,679,21,24
3996,680,23,21
3997,681,11,9
3998,681,6,10
3999,681,11,0
4000,682,8,23
4001,682,12,15
4002,682,4,22
4003,682,15,22
4004,682,12,3
4005,682,6,17
4006,682,14,18
4007,682,24,8
4008,682,10,8
4009,683,20,4
4010,683,15,21
4011,683,17,5
4012,683,14,17
4013,683,2,14
4014,684,15,5
4015,684,17,3
4016,684,0,22
4017,684,9,15
4018,685,20,4
4019,685,14,21
4020,685,9,20
4021,685,20,17
4022,685,22,8
4023,685,8,22
4024,685,22,1
4025,685,15,0
4026,685,21,0
4027,685,0,13
4028,685,4,6
4029,685,18,0
4030,686,13,0
4031,686,3,14
4032,686,2,5
4033,687,22,20
4034,687,2,9
4035,687,6,19
4036,687,9,20
4037,687,9,1
4038,687,9,5
4039,687,15,2
4040,687,19,5
4041,687,12,23
4042,687,22,4
4043,688,4,17
4044,688,14,10
4045,688,21,17
4046,688,19,10
4047,688,12,0
4048,689,20,18
4049,689,19,6
4050,689,2,4
4051,689,6,13
4052,689,3,13
4053,690,15,13
4054,690,7,18
4055,690,19,21
4056,690,1,7
4057,690,14,23
4058,690,19,15
4059,691,12,16
4060,691,5,12
4061,691,20,19
4062,691,9,24
4063,691,21,3
4064,692,24,11
4065,692,3,15
4066,692,9,17
4067,692,5,19
4068,692,18,16
4069,692,0,23
4070,692,4,14
4071,692,8,18
4072,692,1,9
4073,693,21,8
4074,693,12,1
4075,693,18,22
4076,693,11,14
4077,694,11,5
4078,694,20,16
4079,694,21,3
4080,694,7,15
4081,694,18,16
4082,695,0,10
4083,695,0,14
4084,695,0,12
4085,695,24,18
4086,695,22,15
4087,695,1,11
4088,696,5,9
4089,696,6,13
4090,696,21,24
4091,696,15,13
4092,696,16,23
4093,696,19,22
4094,696,19,4
4095,696,7,15
4096,696,13,5
4097,696,3,12
4098,697,9,13
4099,697,18,21
4100,697,5,21
4101,697,9,12
4102,697,22,8
4103,697,8,24
4104,697,20,10
4105,697,11,3
4106,698,20,19
4107,698,14,10
4108,698,13,16
4109,699,9,13
4110,699,3,24
4111,699,24,13
4112,699,18,3
4113,700,0,18
4114,700,19,7
4115,700,19,6
4116,700,20,24
4117,701,2,10
4118,701,19,0
4119,701,3,19
4120,701,12,3
4121,701,17,19
4122,701,22,13
4123,702,5,1
4124,702,8,23
4125,702,11,13
4126,702,15,9
4127,702,10,3
4128,703,3,23
4129,703,5,20
4130,703,2,19
4131,703,5,15
4132,703,12,8
4133,703,9,6
4134,703,4,1
4135,704,20,17
4136,704,23,11
4137,704,23,4
4138,704,15,6
4139,705,18,15
4140,705,4,14
4141,705,19,7
4142,706,20,8
4143,706,11,13
4144,706,13,5
4145,706,13,15
4146,707,24,4
4147,707,24,0
4148,707,16,1
4149,707,3,9
4150,707,19,11
4151,707,1,3
4152,707,12,20
4153,707,18,8
4154,708,0,6
4155,708,12,0
4156,708,13,4
4157,708,9,11
4158,709,18,4
4159,709,9,3
4160,709,17,2
4161,709,10,23
4162,709,18,16
4163,709,19,6
4164,709,8,2
4165,709,18,6
4166,709,21,9
4167,710,3,9
4168,710,24,7
4169,710,10,0
4170,710,9,11
4171,710,0,17
4172,710,3,9
4173,710,13,11
4174,711,6,4
4175,711,15,19
4176,711,0,19
4177,711,18,7
4178,712,13,20
4179,712,18,12
4180,712,10,16
4181,712,16,13
4182,712,4,20
4183,712,13,15
4184,712,17,5
4185,713,5,14
4186,713,0,12
4187,713,15,1
4188,713,11,14
4189,713,20,5
4190,713,13,21
4191,713,4,24
4192,714,13,0
4193,714,1,5
4194,715,23,4
4195,715,23,8
4196,715,16,9
4197,715,12,0
4198,715,9,20
4199,715,3,20
4200,715,5,22
4201,715,17,0
4202,715,4,0
4203,715,1,24
4204,716,17,24
4205,716,4,17
4206,716,23,8
4207,716,13,15
4208,716,17,14
4209,716,21,19
4210,717,8,17
4211,717,0,17
4212,717,10,6
4213,717,19,13
4214,717,18,5
4215,718,9,24
4216,718,13,1
4217,718,19,1
4218,718,20,8
4219,719,9,21
4220,719,8,1
4221,719,23,6
4222,719,24,17
4223,719,24,5
4224,719,4,0
4225,721,1,21
4226,721,24,3
4227,721,8,21
4228,721,19,20
4229,721,12,18
4230,721,5,8
4231,722,5,9
4232,722,18,4
4233,722,22,9
4234,722,10,1
4235,722,23,15
4236,722,17,19
4237,723,8,24
4238,723,17,15
4239,724,4,19
4240,724,6,17
4241,724,2,15
4242,725,2,13
4243,725,20,6
4244,725,15,18
4245,725,23,7
4246,725,16,1
4247,725,7,4
4248,725,7,21
4249,726,0,18
4250,726,11,4
4251,726,17,1
4252,726,1,5
4253,726,20,10
4254,726,5,23
4255,726,18,10
4256,726,7,17
4257,726,4,5
4258,727,3,6
4259,727,15,12
4260,727,5,2
4261,727,6,21
4262,727,17,24
4263,727,5,1
4264,727,22,1
4265,728,18,4
4266,728,15,23
4267,728,15,13
4268,728,21,1
4269,728,0,8
4270,728,10,8
4271,728,10,17
4272,728,8,17
4273,729,16,23
4274,729,3,15
4275,729,12,10
4276,729,21,18
4277,729,15,7
4278,729,16,14
4279,729,22,13
4280,729,23,19
4281,730,2,16
4282,730,6,15
4283,730,0,10
4284,730,24,21
4285,730,14,20
4286,730,0,6
4287,730,5,18
4288,730,12,14
4289,731,9,21
4290,731,2,8
4291,731,1,17
4292,731,24,21
4293,731,0,24
4294,731,10,0
4295,731,14,4
4296,731,0,15
4297,732,10,20
4298,732,11,20
4299,732,16,20
4300,732,7,9
4301,733,6,8
4302,733,18,9
4303,733,5,12
4304,733,3,20
4305,733,14,11
4306,733,2,14
4307,733,9,24
4308,733,15,6
4309,733,12,19
4310,734,20,22
4311,734,4,14
4312,734,9,7
4313,734,14,16
4314,734,23,6
4315,734,1,24
4316,734,21,15
4317,734,0,17
4318,734,5,17
4319,734,5,15
4320,735,18,24
4321,735,24,15
4322,735,9,10
4323,736,0,4
4324,736,15,23
4325,736,9,23
4326,736,1,24
4327,736,21,3
4328,736,0,19
4329,736,4,24
4330,736,0,12
4331,736,19,9
4332,736,17,1
4333,737,19,20
4334,737,9,3
4335,737,6,8
4336,737,10,9
4337,737,21,19
4338,738,23,14
4339,738,19,1
4340,738,11,18
4341,738,20,12
4342,738,11,21
4343,738,8,15
4344,738,16,3
4345,738,9,10
4346,738,13,20
4347,738,8,5
4348,738,12,5
4349,738,9,16
4350,739,14,20
4351,739,14,23
4352,739,17,0
4353,739,20,22
4354,739,14,7
4355,739,11,22
4356,740,6,21
4357,740,0,19
4358,740,5,8
4359,740,7,19
4360,740,23,20
4361,741,0,16
4362,741,5,20
4363,741,16,7
4364,741,11,23
4365,741,2,13
4366,742,24,21
4367,742,17,7
4368,742,22,18
4369,742,16,5
4370,742,23,19
4371,742,2,8
4372,743,3,19
4373,743,6,14
4374,743,21,17
4375,743,12,24
4376,743,1,12
4377,744,0,22
4378,744,8,10
4379,744,23,13
4380,744,19,5
4381,744,8,14
4382,744,9,1
4383,744,2,10
4384,744,23,2
4385,744,0,6
4386,745,3,1
4387,745,8,20
4388,745,9,13
4389,745,13,22
4390,746,9,5
4391,746,13,23
4392,746,10,18
4393,746,6,13
4394,746,22,8
4395,746,9,16
4396,746,4,15
4397,747,21,15
4398,747,19,9
4399,747,8,4
4400,747,21,23
4401,747,23,8
4402,747,8,22
4403,747,11,7
4404,747,3,1
4405,748,21,17
4406,748,15,8
4407,748,23,4
4408,748,8,1
4409,748,17,20
4410,748,9,10
4411,749,5,21
4412,749,5,2
4413,749,6,10
4414,749,13,16
4415,749,9,7
4416,750,0,3
4417,750,7,5
4418,750,4,17
4419,750,24,15
4420,750,20,2
4421,750,18,9
4422,750,16,9
4423,750,2,21
4424,750,0,7
4425,750,21,11
4426,750,12,10
4427,751,12,16
4428,751,13,3
4429,751,15,5
4430,751,9,12
4431,751,22,9
4432,751,9,13
4433,751,23,10
4434,752,8,17
4435,752,15,13
4436,752,7,18
4437,752,7,10
4438,752,20,18
4439,752,20,7
4440,752,0,9
4441,753,10,4
4442,754,16,8
4443,754,24,22
4444,754,5,8
4445,754,20,10
4446,755,7,15
4447,755,7,19
4448,755,11,2
4449,755,19,2
4450,755,16,8
4451,755,7,10
4452,755,22,2
4453,755,1,23
4454,756,6,23
4455,756,11,22
4456,756,5,12
4457,757,5,23
4458,757,3,5
4459,757,14,20
4460,757,22,15
4461,757,14,1
4462,757,13,21
4463,757,2,6
4464,757,18,8
4465,757,11,24
4466,757,4,7
4467,758,21,15
4468,758,4,22
4469,758,0,4
4470,758,15,8
4471,758,3,17
4472,758,12,10
4473,758,14,4
4474,758,9,12
4475,758,1,14
4476,759,14,12
4477,759,19,1
4478,759,0,22
4479,759,7,10
4480,759,18,5
4481,760,5,9
4482,760,18,22
4483,760,2,10
4484,761,21,10
4485,761,23,5
4486,761,19,22
4487,761,6,22
4488,761,21,23
4489,762,2,24
4490,762,18,2
4491,762,4,23
4492,762,9,16
4493,763,11,19
4494,763,15,3
4495,763,11,19
4496,763,16,22
4497,763,9,21
4498,763,19,2
4499,764,6,3
4500,764,8,22
4501,764,14,22
4502,764,22,7
4503,764,13,6
4504,764,17,0
4505,764,17,21
4506,764,11,15
4507,764,16,23
4508,764,14,4
4509,764,16,4
4510,765,12,14
4511,765,23,15
4512,765,24,20
4513,765,21,4
4514,765,16,10
4515,765,9,11
4516,765,5,13
4517,765,1,11
4518,765,8,10
4519,766,3,13
4520,766,10,8
4521,766,21,24
4522,766,14,10
4523,766,20,13
4524,767,3,0
4525,767,6,0
4526,767,16,10
4527,767,16,10
4528,767,6,12
4529,767,22,16
4530,767,19,23
4531,767,21,18
4532,767,15,11
4533,768,7,24
4534,768,1,5
4535,768,9,0
4536,768,4,23
4537,768,8,5
4538,768,16,4
4539,769,18,11
4540,769,22,9
4541,769,5,1
4542,769,0,8
4543,769,9,10
4544,770,1,20
4545,770,8,18
4546,770,21,9
4547,770,15,6
4548,770,14,5
4549,771,0,12
4550,771,19,13
4551,771,24,11
4552,771,24,2
4553,771,2,23
4554,771,14,3
4555,771,0,20
4556,771,3,7
4557,771,9,18
4558,771,10,19
4559,771,16,6
4560,772,24,10
4561,772,15,8
4562,772,24,21
4563,772,4,13
4564,772,7,5
4565,772,3,11
4566,772,6,21
4567,772,15,14
4568,772,10,7
4569,773,6,15
4570,773,1,12
4571,773,15,6
4572,773,15,22
4573,773,17,24
4574,774,11,1
4575,774,14,17
4576,774,12,2
4577,774,11,14
4578,775,14,16
4579,775,3,11
4580,775,5,18
4581,775,2,9
4582,775,8,23
4583,776,23,6
4584,776,16,12
4585,776,6,23
4586,776,8,23
4587,776,12,5
4588,776,10,22
4589,776,2,8
4590,777,6,15
4591,777,17,14
4592,777,10,21
4593,777,2,16
4594,777,10,4
4595,778,20,23
4596,778,7,3
4597,778,0,16
4598,778,13,19
4599,778,4,14
4600,779,9,21
4601,779,20,13
4602,779,18,3
4603,779,16,18
4604,779,24,16
4605,779,11,14
4606,779,2,24
4607,779,11,8
4608,780,22,2
4609,780,14,18
4610,780,7,21
4611,780,21,0
4612,780,4,0
4613,780,8,18
4614,780,15,6
4615,780,9,12
4616,781,16,14
4617,781,0,11
4618,781,6,9
4619,782,1,7
4620,782,22,9
4621,782,21,1
4622,782,12,15
4623,782,2,14
4624,782,18,22
4625,782,8,21
4626,782,3,22
4627,783,22,0
4628,783,11,8
4629,783,22,2
4630,783,16,0
4631,783,15,12
4632,784,3,24
4633,784,5,19
4634,784,21,9
4635,784,22,9
4636,784,6,23
4637,784,14,22
4638,784,13,4
4639,785,10,8
4640,785,21,17
4641,785,4,21
4642,785,24,2
4643,785,2,6
4644,785,20,14
4645,786,16,2
4646,786,15,19
4647,786,14,15
4648,786,11,24
4649,786,11,20
4650,786,1,20
4651,786,8,0
4652,786,19,12
4653,787,19,20
4654,787,19,4
4655,787,21,18
4656,787,4,13
4657,788,23,17
4658,788,17,5
4659,788,5,9
4660,788,14,22
4661,788,2,22
4662,788,7,20
4663,788,23,2
4664,788,15,0
4665,788,19,15
4666,789,17,13
4667,789,19,17
4668,789,3,23
4669,789,24,17
4670,789,10,13
4671,789,10,7
4672,789,22,8
4673,790,8,10
4674,790,6,19
4675,790,6,20
4676,790,14,1
4677,790,8,11
4678,791,12,15
4679,791,14,22
4680,792,23,9
4681,792,20,3
4682,792,11,24
4683,792,1,21
4684,792,10,3
4685,792,2,22
4686,792,16,12
4687,793,12,21
4688,793,18,12
4689,793,21,14
4690,793,4,12
4691,794,19,9
4692,794,18,15
4693,794,9,23
4694,794,9,10
4695,795,19,7
4696,795,3,15
4697,795,13,17
4698,795,3,9
4699,795,16,18
4700,795,11,9
4701,795,0,14
4702,796,19,1
4703,796,17,4
4704,796,11,21
4705,796,12,23
4706,796,17,9
4707,796,11,13
4708,797,17,3
4709,797,14,22
4710,797,15,0
4711,798,18,12
4712,798,12,24
4713,798,3,11
4714,798,11,17
4715,798,21,9
4716,799,9,21
4717,799,16,20
4718,799,19,10
4719,799,22,20
4720,799,21,17
4721,800,1,7
4722,800,24,18
4723,801,1,4
4724,801,17,7
4725,801,5,21
4726,802,8,20
4727,802,15,11
4728,802,5,2
4729,802,7,16
4730,802,22,11
4731,802,4,16
4732,803,17,24
4733,803,17,1
4734,803,13,20
4735,803,15,4
4736,803,2,22
4737,804,9,2
4738,804,0,22
4739,804,21,11
4740,804,24,7
4741,804,1,11
4742,805,13,4
4743,805,1,5
4744,805,2,10
4745,805,13,6
4746,805,20,5
4747,806,24,12
4748,806,14,7
4749,807,15,4
4750,807,6,0
4751,807,7,13
4752,807,14,18
4753,807,3,15
4754,807,15,17
4755,808,23,17
4756,808,10,22
4757,808,13,21
4758,808,22,9
4759,808,7,21
4760,808,0,2
4761,808,15,13
4762,808,6,24
4763,808,17,14
4764,808,8,0
4765,808,22,11
4766,808,21,17
4767,809,5,4
4768,809,10,0
4769,809,6,20
4770,809,12,4
4771,809,16,4
4772,809,16,5
4773,810,0,14
4774,810,17,8
4775,810,17,10
4776,810,19,11
4777,810,3,17
4778,811,11,7
4779,811,5,2
4780,811,18,21
4781,811,5,9
4782,811,4,20
4783,811,4,13
4784,812,7,16
4785,812,17,14
4786,813,15,19
4787,813,24,10
4788,813,2,16
4789,813,1,15
4790,813,2,19
4791,814,1,17
4792,814,19,1
4793,814,8,0
4794,814,21,15
4795,814,15,21
4796,814,20,4
4797,814,19,10
4798,815,10,2
4799,815,5,15
4800,815,10,9
4801,815,11,9
4802,815,8,14
4803,815,17,2
4804,815,8,21
4805,816,10,0
4806,816,5,21
4807,816,0,23
4808,816,9,20
4809,816,15,9
4810,816,15,21
4811,817,23,8
4812,817,5,23
4813,817,1,11
4814,817,0,18
4815,817,22,11
4816,817,22,2
4817,817,11,17
4818,818,1,8
4819,818,22,13
4820,818,22,4
4821,818,20,19
4822,818,2,23
4823,818,12,5
4824,818,18,10
4825,818,4,22
4826,819,14,2
4827,819,9,18
4828,819,16,7
4829,819,20,3
4830,820,19,17
4831,820,20,4
4832,820,14,8
4833,820,10,17
4834,820,2,8
4835,820,5,7
4836,821,17,15
4837,821,15,18
4838,821,19,17
4839,821,9,11
4840,821,7,20
4841,821,13,3
4842,821,0,21
4843,822,8,21
4844,822,22,3
4845,822,4,24
4846,822,20,7
4847,823,3,23
4848,823,15,7
4849,824,0,7
4850,824,6,14
4851,824,12,15
4852,824,20,9
4853,824,11,23
4854,824,17,8
4855,824,15,11
4856,824,14,12
4857,824,11,18
4858,825,6,12
4859,825,8,18
4860,825,7,21
4861,825,0,8
4862,826,2,9
4863,826,8,6
4864,826,13,9
4865,826,14,4
4866,826,4,14
4867,826,20,11
4868,826,14,23
4869,827,16,13
4870,827,10,6
4871,827,19,22
4872,827,0,4
4873,827,24,17
4874,828,16,19
4875,828,10,8
4876,828,13,4
4877,828,19,13
4878,829,14,4
4879,829,10,1
4880,829,19,15
4881,829,22,24
4882,829,19,22
4883,829,15,18
4884,829,21,12
4885,830,2,11
4886,830,1,7
4887,830,15,24
4888,831,17,3
4889,831,17,19
4890,831,9,23
4891,831,23,9
4892,831,17,10
4893,832,18,4
4894,832,23,0
4895,832,21,1
4896,832,4,10
4897,833,8,19
4898,833,1,15
4899,833,19,1
4900,833,13,4
4901,833,21,4
4902,833,8,0
4903,833,11,18
4904,833,19,17
4905,833,20,23
4906,833,5,3
4907,834,8,12
4908,834,21,4
4909,834,2,22
4910,834,8,23
4911,834,18,6
4912,834,8,10
4913,834,9,13
4914,835,1,14
4915,835,5,21
4916,835,17,3
4917,835,13,4
4918,835,9,1
4919,835,1,23
4920,836,5,4
4921,836,5,13
4922,836,17,5
4923,836,0,8
4924,836,4,2
4925,837,0,18
4926,837,16,24
4927,837,15,18
4928,837,21,13
4929,837,8,20
4930,837,11,1
4931,837,0,20
4932,838,23,3
4933,838,17,15
4934,838,21,1
4935,838,21,11
4936,838,6,9
4937,839,19,20
4938,839,17,10
4939,839,11,0
4940,839,11,21
4941,839,22,7
4942,839,5,15
4943,839,5,20
4944,839,3,16
4945,840,13,2
4946,840,15,9
4947,840,13,10
4948,840,17,1
4949,840,15,4
4950,840,13,10
4951,840,5,9
4952,840,11,20
4953,840,13,1
4954,840,7,22
4955,841,19,1
4956,841,21,1
4957,841,3,11
4958,841,15,13
4959,842,6,0
4960,842,7,13
4961,842,18,4
4962,842,12,21
4963,843,20,16
4964,843,5,19
4965,843,17,14
4966,843,16,20
4967,844,10,2
4968,844,2,15
4969,844,0,3
4970,844,7,19
4971,844,12,18
4972,845,11,7
4973,845,19,10
4974,845,6,9
4975,845,5,1
4976,846,15,1
4977,846,7,14
4978,846,16,7
4979,846,10,17
4980,846,22,3
4981,846,17,0
4982,846,13,4
4983,846,5,4
4984,846,21,19
4985,846,4,21
4986,846,0,2
4987,847,21,8
4988,847,22,13
4989,847,24,1
4990,847,24,14
4991,847,7,11
4992,847,18,9
4993,848,14,2
4994,848,7,19
4995,848,24,6
4996,848,15,5
4997,848,7,23
4998,848,16,23
4999,848,3,24
5000,848,19,5
5001,849,4,11
5002,849,8,14
5003,849,6,8
5004,850,22,3
5005,850,3,13
5006,850,24,18
5007,850,21,14
5008,850,8,15
5009,850,7,23
5010,850,5,22
5011,850,23,5
5012,850,12,2
5013,850,17,19
5014,850,21,8
5015,851,19,11
5016,851,8,16
5017,851,13,19
5018,852,1,21
5019,852,3,16
5020,852,15,18
5021,852,7,3
5022,852,13,10
5023,852,24,8
5024,853,8,18
5025,853,12,14
5026,853,17,20
5027,853,16,22
5028,853,12,22
5029,853,3,21
5030,853,24,22
5031,853,10,3
5032,853,23,15
5033,854,22,19
5034,854,5,23
5035,854,0,4
5036,854,24,4
5037,855,14,21
5038,855,4,8
5039,855,12,5
5040,855,20,7
5041,855,3,17
5042,856,21,0
5043,856,0,17
5044,856,6,15
5045,857,19,17
5046,857,17,23
5047,857,21,15
5048,857,20,9
5049,857,0,19
5050,857,21,15
5051,857,20,17
5052,857,22,0
5053,858,23,9
5054,858,12,20
5055,858,13,6
5056,858,13,15
5057,859,5,7
5058,859,19,0
5059,859,11,23
5060,859,14,22
5061,859,22,19
5062,860,6,22
5063,860,15,3
5064,860,0,8
5065,860,6,13
5066,860,9,20
5067,861,13,3
5068,862,9,24
5069,862,20,0
5070,862,19,4
5071,862,11,4
5072,862,3,6
5073,863,5,19
5074,863,12,5
5075,863,2,20
5076,863,4,17
5077,864,8,6
5078,864,1,24
5079,864,5,2
5080,865,24,12
5081,865,11,13
5082,865,17,1
5083,865,16,24
5084,866,5,18
5085,866,13,4
5086,866,0,22
5087,866,20,5
5088,867,17,14
5089,867,2,21
5090,867,15,21
5091,867,10,20
5092,867,7,14
5093,867,7,4
5094,867,23,21
5095,867,5,15
5096,867,10,22
5097,868,1,13
5098,868,24,6
5099,868,5,23
5100,868,5,18
5101,868,10,2
5102,868,17,8
5103,868,18,4
5104,868,20,3
5105,868,5,14
5106,868,18,22
5107,868,8,24
5108,868,11,5
5109,869,20,5
5110,869,10,16
5111,869,9,1
5112,870,3,12
5113,870,23,9
5114,870,15,5
5115,870,4,0
5116,871,22,6
5117,871,9,0
5118,871,24,2
5119,871,13,15
5120,871,0,11
5121,871,18,2
5122,871,3,5
5123,873,11,4
5124,873,21,11
5125,873,7,15
5126,874,4,2
5127,874,8,21
5128,874,4,8
5129,874,12,6
5130,875,23,10
5131,875,20,3
5132,875,17,11
5133,875,9,7
5134,875,6,19
5135,875,4,6
5136,875,19,2
5137,876,20,10
5138,876,12,15
5139,876,9,20
5140,876,22,4
5141,876,1,11
5142,876,15,19
5143,876,14,12
5144,876,10,17
5145,876,24,16
5146,876,3,6
5147,877,5,23
5148,877,7,21
5149,877,16,0
5150,877,16,9
5151,877,24,18
5152,877,21,8
5153,877,9,21
5154,878,21,2
5155,878,0,22
5156,878,0,18
5157,878,11,0
5158,878,15,22
5159,879,6,24
5160,879,21,24
5161,879,20,10
5162,879,1,5
5163,879,14,6
5164,879,1,7
5165,879,13,22
5166,880,15,4
5167,880,10,8
5168,880,19,15
5169,880,17,5
5170,880,8,6
5171,880,20,13
5172,880,14,11
5173,880,11,22
5174,881,16,10
5175,881,2,16
5176,881,13,7
5177,881,24,8
5178,881,14,3
5179,881,21,17
5180,881,17,24
5181,881,23,15
5182,882,15,19
5183,882,21,18
5184,882,20,5
5185,882,20,19
5186,883,18,11
5187,883,12,10
5188,883,8,5
5189,883,17,21
5190,883,21,23
5191,883,4,2
5192,883,6,19
5193,883,16,6
5194,883,12,16
5195,883,10,13
5196,883,7,13
5197,883,0,18
5198,884,1,16
5199,884,9,13
5200,884,24,10
5201,884,23,19
5202,885,11,17
5203,885,19,0
5204,885,8,1
5205,886,3,10
5206,886,16,4
5207,886,16,10
5208,886,0,20
5209,886,3,0
5210,886,19,23
5211,887,7,4
5212,887,6,17
5213,887,20,14
5214,887,23,10
5215,887,14,1
5216,887,2,15
5217,888,2,5
5218,888,14,16
5219,888,3,24
5220,888,23,11
5221,888,24,22
5222,889,23,7
5223,889,0,11
5224,890,18,12
5225,890,1,3
5226,891,10,12
5227,891,0,20
5228,891,5,13
5229,891,16,9
5230,892,16,22
5231,892,23,1
5232,892,11,21
5233,892,8,16
5234,892,4,13
5235,892,19,20
5236,892,20,14
5237,892,22,3
5238,893,2,19
5239,893,10,23
5240,893,4,24
5241,893,9,20
5242,893,19,22
5243,893,17,19
5244,894,12,1
5245,894,7,16
5246,894,14,18
5247,894,19,17
5248,894,2,5
5249,894,20,3
5250,895,17,1
5251,895,4,5
5252,895,0,15
5253,895,12,22
5254,895,15,23
5255,895,24,13
5256,895,0,17
5257,896,14,3
5258,896,6,4
5259,896,22,9
5260,897,22,24
5261,897,3,15
5262,897,7,4
5263,897,13,6
5264,897,13,2
5265,897,16,18
5266,898,3,12
5267,898,13,24
5268,898,15,17
5269,898,16,5
5270,898,5,11
5271,898,12,22
5272,898,10,17
5273,899,9,0
5274,899,0,12
5275,899,3,15
5276,899,7,14
5277,899,17,5
5278,899,14,2
5279,899,23,10
5280,899,2,16
5281,899,5,20
5282,899,10,4
5283,899,17,14
5284,899,11,5
5285,900,5,8
5286,900,21,6
5287,900,12,23
5288,900,3,17
5289,901,16,9
5290,901,4,19
5291,901,21,15
5292,901,13,0
5293,901,5,11
5294,901,22,12
5295,902,6,0
5296,902,19,15
5297,903,2,9
5298,903,5,15
5299,903,15,24
5300,903,3,16
5301,903,22,14
5302,903,4,11
5303,903,17,3
5304,903,24,7
5305,903,9,6
5306,903,21,18
5307,904,16,10
5308,904,12,6
5309,904,12,19
5310,904,19,0
5311,904,12,24
5312,904,3,10
5313,905,14,0
5314,905,16,22
5315,905,11,18
5316,905,4,13
5317,905,21,14
5318,905,2,10
5319,906,22,18
5320,906,7,24
5321,906,23,10
5322,906,0,16
5323,907,20,1
5324,907,4,5
5325,907,1,7
5326,907,5,15
5327,908,19,23
5328,908,16,13
5329,908,9,12
5330,908,6,10
5331,908,24,15
5332,908,0,24
5333,908,16,13
5334,908,10,2
5335,909,18,6
5336,909,22,19
5337,909,24,1
5338,909,23,9
5339,910,7,13
5340,910,15,8
5341,910,11,20
5342,910,2,24
5343,910,16,8
5344,910,7,15
5345,911,15,6
5346,911,17,15
5347,912,10,2
5348,912,20,23
5349,912,3,18
5350,912,16,10
5351,912,3,24
5352,912,11,21
5353,912,7,19
5354,913,6,3
5355,913,22,18
5356,913,3,15
5357,913,22,10
5358,913,13,17
5359,913,7,9
5360,913,8,1
5361,913,2,16
5362,913,7,11
5363,914,15,6
5364,914,14,15
5365,914,1,17
5366,914,5,16
5367,914,22,7
5368,915,16,12
5369,915,15,21
5370,915,16,20
5371,915,15,14
5372,916,9,15
5373,916,8,16
5374,916,20,3
5375,917,15,1
5376,917,13,21
5377,917,2,5
5378,917,20,7
5379,917,17,5
5380,917,24,8
5381,917,14,7
5382,917,4,8
5383,917,4,11
5384,918,18,22
5385,918,3,22
5386,918,5,23
5387,918,15,2
5388,918,23,7
5389,919,15,22
5390,919,2,18
5391,919,14,0
5392,919,8,10
5393,919,6,4
5394,919,22,20
5395,920,17,5
5396,920,5,16
5397,921,14,10
5398,921,23,4
5399,921,18,2
5400,921,3,22
5401,921,12,2
5402,921,1,14
5403,921,4,11
5404,921,14,1
5405,922,0,9
5406,922,9,1
5407,922,12,19
5408,922,9,2
5409,922,5,9
5410,922,10,24
5411,923,13,15
5412,923,4,12
5413,923,9,19
5414,923,20,22
5415,923,8,16
5416,924,9,18
5417,924,7,17
5418,924,15,22
5419,924,15,4
5420,924,12,21
5421,925,24,14
5422,925,15,3
5423,925,15,13
5424,925,12,22
5425,925,24,10
5426,926,14,10
5427,926,2,24
5428,926,16,3
5429,926,4,21
5430,926,12,23
5431,926,12,22
5432,927,12,5
5433,927,5,20
5434,927,11,20
5435,927,7,22
5436,927,22,10
5437,928,7,15
5438,928,8,24
5439,928,3,1
5440,928,5,22
5441,928,1,13
5442,929,1,13
5443,929,23,11
5444,929,11,21
5445,929,12,10
5446,930,4,11
5447,930,24,8
5448,930,8,21
5449,930,1,4
5450,930,10,23
5451,930,3,1
5452,931,17,19
5453,931,21,18
5454,931,13,3
5455,931,18,10
5456,931,14,22
5457,931,6,24
5458,932,1,3
5459,932,21,12
5460,932,9,13
5461,932,22,20
5462,933,6,16
5463,933,0,7
5464,933,3,13
5465,933,8,12
5466,933,17,9
5467,933,1,3
5468,933,21,23
5469,933,12,5
5470,933,11,8
5471,934,18,22
5472,934,9,24
5473,934,16,24
5474,934,22,15
5475,934,1,4
5476,934,3,23
5477,934,20,5
5478,935,20,10
5479,935,11,3
5480,936,20,19
5481,936,16,13
5482,936,23,20
5483,936,14,3
5484,936,0,22
5485,936,8,1
5486,936,6,14
5487,936,24,11
5488,936,9,13
5489,936,4,10
5490,936,7,3
5491,936,0,6
5492,937,11,24
5493,937,8,24
5494,937,21,1
5495,937,21,1
5496,937,20,0
5497,938,9,19
5498,938,17,4
5499,938,20,16
5500,938,2,17
5501,939,12,1
5502,939,3,24
5503,939,12,8
5504,939,8,11
5505,939,9,1
5506,939,0,23
5507,940,2,23
5508,940,20,24
5509,940,7,22
5510,940,0,16
5511,941,7,17
5512,941,7,4
5513,942,12,5
5514,942,16,6
5515,942,13,17
5516,942,20,24
5517,942,19,8
5518,943,8,2
5519,943,5,22
5520,943,5,8
5521,943,9,17
5522,943,12,22
5523,943,17,9
5524,943,0,11
5525,944,5,24
5526,944,11,2
5527,944,18,20
5528,944,0,19
5529,945,14,15
5530,945,6,0
5531,945,6,17
5532,945,10,18
5533,945,3,14
5534,946,18,15
5535,946,18,22
5536,946,4,6
5537,946,4,15
5538,946,24,15
5539,946,2,24
5540,946,23,4
5541,946,4,22
5542,946,20,18
5543,946,20,16
5544,946,5,20
5545,946,20,2
5546,947,9,10
5547,947,7,23
5548,947,11,3
5549,947,19,6
5550,947,17,0
5551,947,1,22
5552,948,5,18
5553,948,6,9
5554,948,18,3
5555,948,2,15
5556,948,23,19
5557,948,16,1
5558,949,2,11
5559,949,5,15
5560,949,0,23
5561,949,6,2
5562,949,19,5
5563,950,10,12
5564,950,7,16
5565,950,5,20
5566,950,8,16
5567,950,6,17
5568,951,17,1
5569,951,5,12
5570,952,18,8
5571,952,6,19
5572,952,1,23
5573,952,24,11
5574,952,7,9
5575,952,16,0
5576,952,5,14
5577,953,18,20
5578,953,19,23
5579,954,13,21
5580,954,24,8
5581,954,6,4
5582,954,2,10
5583,954,2,16
5584,954,10,6
5585,954,22,9
5586,954,21,11
5587,955,11,22
5588,955,8,2
5589,955,9,19
5590,955,5,8
5591,955,14,24
5592,955,15,4
5593,956,8,19
5594,956,10,0
5595,956,19,4
5596,956,15,7
5597,956,14,18
5598,956,10,0
5599,956,4,1
5600,956,20,22
5601,956,23,11
5602,956,23,2
5603,957,19,2
5604,957,16,19
5605,957,7,16
5606,957,9,21
5607,957,21,11
5608,958,6,13
5609,958,12,10
5610,958,18,3
5611,958,22,3
5612,958,3,13
5613,958,10,12
5614,958,10,4
5615,959,22,7
5616,959,1,14
5617,959,3,12
5618,959,8,2
5619,959,1,23
5620,960,5,1
5621,960,8,20
5622,960,20,0
5623,960,23,6
5624,960,3,18
5625,960,10,2
5626,960,2,15
5627,961,7,24
5628,961,13,24
5629,961,11,8
5630,961,14,7
5631,961,12,1
5632,961,15,17
5633,961,3,23
5634,961,3,10
5635,961,21,10
5636,961,12,5
5637,962,0,16
5638,962,20,1
5639,962,8,5
5640,962,18,11
5641,962,13,5
5642,963,10,23
5643,963,17,2
5644,963,16,3
5645,963,3,7
5646,963,21,15
5647,964,12,22
5648,964,15,11
5649,964,9,12
5650,964,12,24
5651,965,1,18
5652,965,23,12
5653,965,5,4
5654,965,4,15
5655,965,8,10
5656,965,13,23
5657,965,16,22
5658,965,19,21
5659,965,19,17
5660,965,12,20
5661,966,24,10
5662,966,24,9
5663,966,5,9
5664,966,23,6
5665,967,18,11
5666,967,3,19
5667,967,18,4
5668,967,5,21
5669,967,11,15
5670,967,8,2
5671,967,24,6
5672,967,23,15
5673,968,8,19
5674,968,0,8
5675,968,5,4
5676,968,21,18
5677,968,21,12
5678,968,2,10
5679,968,10,7
5680,968,17,21
5681,968,21,13
5682,969,6,8
5683,969,10,3
5684,969,16,3
5685,969,5,14
5686,969,14,16
5687,969,15,7
5688,969,9,3
5689,969,4,2
5690,970,17,0
5691,971,24,15
5692,971,0,24
5693,971,9,23
5694,971,1,8
5695,971,23,3
5696,971,7,9
5697,972,21,12
5698,972,21,12
5699,972,0,3
5700,972,14,11
5701,972,11,1
5702,972,18,10
5703,973,21,4
5704,973,5,16
5705,973,15,5
5706,973,18,15
5707,973,14,21
5708,973,13,20
5709,974,20,7
5710,974,21,23
5711,974,0,13
5712,974,1,4
5713,974,3,0
5714,974,3,0
5715,974,17,24
5716,974,18,12
5717,975,15,6
5718,975,21,2
5719,975,22,19
5720,975,20,17
5721,975,7,14
5722,976,3,13
5723,976,1,4
5724,976,3,7
5725,976,1,11
5726,977,10,20
5727,977,24,11
5728,977,10,6
5729,977,3,0
5730,977,20,10
5731,978,7,9
5732,978,7,15
5733,978,11,22
5734,978,5,9
5735,978,14,22
5736,979,24,13
5737,979,0,2
5738,979,16,13
5739,979,24,11
5740,979,10,24
5741,979,4,5
5742,979,10,23
5743,980,23,9
5744,980,24,15
5745,980,13,9
5746,981,1,22
5747,981,15,6
5748,981,4,5
5749,981,18,9
5750,982,22,2
5751,982,17,5
5752,982,0,17
5753,982,19,5
5754,982,8,23
5755,982,2,5
5756,982,14,3
5757,983,11,5
5758,983,9,10
5759,983,13,10
5760,983,18,22
5761,983,0,7
5762,984,24,5
5763,984,16,7
5764,984,22,3
5765,984,20,13
5766,985,6,10
5767,985,15,21
5768,985,23,17
5769,985,24,7
5770,985,16,0
5771,986,7,0
5772,986,14,18
5773,986,17,7
5774,987,11,20
5775,987,12,2
5776,987,21,13
5777,987,24,20
5778,987,5,15
5779,987,24,12
5780,987,13,4
5781,988,20,8
5782,988,20,0
5783,988,9,21
5784,988,1,20
5785,988,3,16
5786,989,13,11
5787,989,5,11
5788,989,10,14
5789,989,2,10
5790,989,20,12
5791,989,15,12
5792,989,19,6
5793,989,23,21
5794,989,16,22
5795,989,15,8
5796,990,8,11
5797,990,6,21
5798,990,9,12
5799,990,6,9
5800,990,3,9
5801,990,17,23
5802,990,5,22
5803,990,1,21
5804,990,19,3
5805,990,23,3
5806,991,12,24
5807,991,20,1
5808,991,23,11
5809,991,19,4
5810,991,23,7
5811,991,23,4
5812,991,3,23
5813,991,23,6
5814,991,14,12
5815,991,19,21
5816,992,21,23
5817,992,14,24
5818,992,21,5
5819,992,16,23
5820,992,17,21
5821,992,16,13
5822,992,7,23
5823,993,12,1
5824,993,22,14
5825,993,1,23
5826,993,11,5
5827,993,9,13
5828,993,13,22
5829,994,1,11
5830,994,18,11
5831,994,15,4
5832,994,13,21
5833,994,9,19
5834,994,22,9
5835,994,4,14
5836,994,12,9
5837,994,8,12
5838,994,24,9
5839,994,24,20
5840,995,21,23
5841,995,13,5
5842,995,5,14
5843,995,0,13
5844,995,20,22
5845,995,15,17
5846,995,10,7
5847,995,11,15
5848,996,4,13
5849,996,5,19
5850,996,19,2
5851,996,0,9
5852,996,10,22
5853,996,15,18
5854,996,0,3
5855,996,13,10
5856,996,10,21
5857,997,0,6
5858,997,16,7
5859,997,0,16
5860,997,21,2
5861,997,12,10
5862,998,20,24
5863,998,12,5
5864,998,4,5
5865,998,1,10
5866,998,13,3
5867,998,23,14
5868,998,4,21
5869,999,12,22
5870,999,17,19
5871,999,8,20
5872,999,24,0
5873,999,8,6
5874,999,14,24
5875,1000,22,20
5876,1000,15,11
5877,1000,22,0
5878,1000,6,20
5879,1000,24,3
5880,1000,0,9
5881,1000,11,20
5882,1001,21,17
5883,1001,12,1
5884,1001,5,17
5885,1001,13,6
5886,1001,5,1
5887,1002,2,17
5888,1002,9,0
5889,1002,14,7
5890,1003,23,10
5891,1003,9,1
5892,1003,7,20
5893,1003,4,6
5894,1003,20,8
5895,1004,6,15
5896,1004,20,0
5897,1005,13,19
5898,1005,4,0
5899,1005,4,10
5900,1005,7,20
5901,1005,3,13
5902,1005,20,7
5903,1006,13,3
5904,1006,7,3
5905,1006,21,10
5906,1007,21,14
5907,1007,10,13
5908,1007,15,5
5909,1007,17,9
5910,1007,23,4
5911,1007,19,20
5912,1007,10,6
5913,1007,19,7
5914,1008,5,17
5915,1008,14,10
5916,1008,12,16
5917,1008,16,18
5918,1008,11,18
5919,1009,23,4
5920,1009,11,1
5921,1009,4,5
5922,1009,22,19
5923,1009,18,21
5924,1009,4,13
5925,1009,16,10
5926,1009,6,19
5927,1009,17,9
5928,1010,6,2
5929,1010,0,12
5930,1010,10,23
5931,1010,11,8
5932,1010,6,23
5933,1011,18,22
5934,1011,1,9
5935,1011,12,1
5936,1011,22,16
5937,1011,0,9
5938,1011,7,16
5939,1011,23,17
5940,1012,0,19
5941,1012,17,20
5942,1012,20,19
5943,1012,5,20
5944,1012,16,6
5945,1012,17,13
5946,1013,19,10
5947,1013,7,14
5948,1013,15,6
5949,1013,4,24
5950,1014,17,3
5951,1014,10,4
5952,1014,22,15
5953,1014,7,18
5954,1015,9,22
5955,1015,24,21
5956,1015,16,22
5957,1015,24,6
5958,1015,13,7
5959,1015,5,3
5960,1015,1,23
5961,1016,21,12
5962,1016,4,22
5963,1016,6,20
5964,1016,17,3
5965,1016,21,1
5966,1016,18,24
5967,1016,13,17
5968,1017,16,23
5969,1017,0,3
5970,1017,4,15
5971,1017,19,10
5972,1017,21,17
5973,1017,12,16
5974,1018,20,24
5975,1018,1,11
5976,1018,7,5
5977,1018,23,11
5978,1019,16,13
5979,1019,14,6
5980,1019,5,9
5981,1019,20,8
5982,1019,4,20
5983,1020,14,6
5984,1020,8,10
5985,1020,21,3
5986,1020,24,20
5987,1020,6,13
5988,1020,3,17
5989,1020,1,23
5990,1020,23,0
5991,1021,24,16
5992,1021,6,20
5993,1021,9,20
5994,1021,1,22
5995,1022,1,7
5996,1022,1,13
5997,1022,15,24
5998,1022,22,10
5999,1022,8,19
6000,1023,1,5
6001,1023,8,12
6002,1023,23,20
6003,1023,3,18
6004,1024,14,3
6005,1024,3,14
6006,1024,16,3
6007,1024,3,15
6008,1024,22,1
6009,1025,9,21
6010,1025,7,22
6011,1025,15,24
6012,1026,0,4
6013,1026,7,24
6014,1026,10,1
6015,1026,15,2
6016,1026,2,18
6017,1026,2,5
6018,1027,10,18
6019,1027,7,23
6020,1027,6,15
6021,1027,6,14
6022,1027,20,3
6023,1027,22,24
6024,1027,16,0
6025,1027,3,7
6026,1027,8,10
6027,1028,10,16
6028,1028,20,17
6029,1028,14,12
6030,1028,22,11
6031,1028,12,23
6032,1028,17,24
6033,1028,9,3
6034,1029,4,14
6035,1029,24,22
6036,1029,12,16
6037,1030,17,2
6038,1030,24,22
6039,1030,0,11
6040,1030,1,13
6041,1030,0,7
6042,1030,1,21
6043,1030,0,18
6044,1031,11,13
6045,1031,5,12
6046,1031,24,10
6047,1031,10,17
6048,1031,13,2
6049,1031,4,15
6050,1031,22,6
6051,1031,1,4
6052,1031,9,21
6053,1031,24,13
6054,1031,5,18
6055,1032,3,9
6056,1032,1,18
6057,1032,2,20
6058,1032,18,10
6059,1033,1,15
6060,1033,2,24
6061,1033,21,14
6062,1033,23,3
6063,1033,10,16
6064,1034,20,1
6065,1034,13,11
6066,1034,4,2
6067,1034,22,3
6068,1034,5,17
6069,1034,0,22
6070,1034,15,22
6071,1034,5,1
6072,1035,10,8
6073,1035,21,2
6074,1035,20,9
6075,1035,13,21
6076,1035,13,1
6077,1035,19,21
6078,1035,5,16
6079,1035,1,4
6080,1035,11,20
6081,1036,16,8
6082,1036,1,24
6083,1036,24,11
6084,1036,13,24
6085,1036,7,0
6086,1036,2,6
6087,1036,24,10
6088,1036,9,16
6089,1036,9,10
6090,1036,22,14
6091,1036,5,12
6092,1037,22,2
6093,1037,21,3
6094,1037,5,18
6095,1037,13,9
6096,1037,19,23
6097,1038,19,12
6098,1039,1,17
6099,1039,3,21
6100,1039,14,7
6101,1039,11,24
6102,1039,14,18
6103,1039,20,17
6104,1039,21,15
6105,1039,7,23
6106,1040,11,1
6107,1040,18,20
6108,1040,6,16
6109,1040,6,19
6110,1040,1,21
6111,1040,2,6
6112,1040,12,23
6113,1040,23,10
6114,1040,10,16
6115,1041,21,11
6116,1041,7,21
6117,1041,21,12
6118,1042,14,23
6119,1042,4,12
6120,1042,6,16
6121,1042,23,20
6122,1043,19,0
6123,1043,21,2
6124,1043,9,24
6125,1043,2,10
6126,1043,3,9
6127,1043,17,3
6128,1044,23,12
6129,1044,0,10
6130,1044,21,14
6131,1044,6,19
6132,1044,16,10
6133,1044,3,9
6134,1045,13,16
6135,1045,20,8
6136,1045,22,15
6137,1045,9,23
6138,1045,17,1
6139,1045,1,12
6140,1045,18,3
6141,1046,10,17
6142,1046,13,24
6143,1046,24,3
6144,1046,9,15
6145,1046,15,18
6146,1047,19,2
6147,1047,21,23
6148,1047,6,10
6149,1047,0,8
6150,1047,3,16
6151,1047,12,14
6152,1047,2,0
6153,1047,9,5
6154,1048,22,15
6155,1048,19,22
6156,1048,15,1
6157,1048,3,21
6158,1048,15,4
6159,1048,13,9
6160,1048,24,5
6161,1048,11,19
6162,1049,6,18
6163,1049,1,12
6164,1049,0,3
6165,1049,3,6
6166,1050,13,20
6167,1050,9,12
6168,1051,19,15
6169,1051,17,10
6170,1051,11,5
6171,1051,22,19
6172,1051,15,12
6173,1051,0,4
6174,1051,2,24
6175,1051,2,16
6176,1051,3,12
6177,1051,7,13
6178,1052,24,5
6179,1052,3,7
6180,1052,23,20
6181,1052,8,1
6182,1052,16,1
6183,1052,2,14
6184,1053,19,21
6185,1053,14,8
6186,1053,0,24
6187,1053,19,12
6188,1053,14,0
6189,1053,13,22
6190,1054,22,7
6191,1054,20,9
6192,1054,16,0
6193,1054,17,2
6194,1054,4,15
6195,1054,14,20
6196,1055,0,4
6197,1055,24,1
6198,1055,8,14
6199,1055,10,19
6200,1055,21,18
6201,1055,2,12
6202,1055,3,19
6203,1056,10,20
6204,1056,17,15
6205,1056,22,11
6206,1056,11,17
6207,1056,20,14
6208,1056,12,10
6209,1056,8,12
6210,1057,0,18
6211,1057,24,12
6212,1058,17,5
6213,1058,19,12
6214,1058,22,12
6215,1058,21,10
6216,1058,11,5
6217,1058,17,4
6218,1059,12,2
6219,1059,20,18
6220,1059,0,7
6221,1059,24,18
6222,1060,1,20
6223,1060,1,10
6224,1060,20,2
6225,1060,4,14
6226,1060,3,1
6227,1060,9,12
6228,1060,15,11
6229,1060,18,16
6230,1061,16,0
6231,1061,13,20
6232,1061,3,19
6233,1061,24,9
6234,1061,8,10
6235,1062,5,11
6236,1062,11,17
6237,1062,16,10
6238,1062,15,2
6239,1062,24,9
6240,1062,6,13
6241,1063,15,18
6242,1063,10,1
6243,1063,18,9
6244,1063,24,20
6245,1063,17,23
6246,1063,22,24
6247,1063,18,22
6248,1063,19,15
6249,1064,19,0
6250,1064,22,12
6251,1064,4,10
6252,1064,23,20
6253,1064,6,9
6254,1064,24,9
6255,1065,11,22
6256,1065,15,2
6257,1065,10,6
6258,1065,13,9
6259,1065,5,2
6260,1065,24,22
6261,1065,3,15
6262,1066,18,24
6263,1066,9,11
6264,1066,16,19
6265,1066,2,5
6266,1067,16,5
6267,1067,17,8
6268,1067,19,11
6269,1067,11,22
6270,1067,15,6
6271,1068,20,11
6272,1068,1,3
6273,1068,12,8
6274,1068,22,12
6275,1069,22,6
6276,1069,15,12
6277,1069,5,12
6278,1069,11,5
6279,1069,0,16
6280,1069,15,2
6281,1069,7,15
6282,1070,22,14
6283,1070,23,21
6284,1070,13,17
6285,1070,22,6
6286,1070,11,21
6287,1070,20,19
6288,1071,20,1
6289,1071,5,17
6290,1071,7,11
6291,1071,4,24
6292,1072,4,7
6293,1072,24,1
6294,1072,15,5
6295,1072,1,23
6296,1072,20,6
6297,1072,1,5
6298,1073,20,6
6299,1073,15,24
6300,1073,6,3
6301,1073,2,6
6302,1074,23,6
6303,1074,16,12
6304,1074,11,5
6305,1074,3,12
6306,1074,11,2
6307,1075,16,13
6308,1075,20,17
6309,1075,13,17
6310,1075,24,1
6311,1075,7,13
6312,1075,5,15
6313,1075,2,22
6314,1076,19,6
6315,1076,12,0
6316,1076,6,0
6317,1076,19,4
6318,1076,24,3
6319,1077,15,19
6320,1077,14,2
6321,1077,19,15
6322,1077,23,10
6323,1077,11,18
6324,1077,18,12
6325,1077,13,19
6326,1077,3,11
6327,1077,15,6
6328,1077,22,18
6329,1078,18,11
6330,1078,24,1
6331,1078,1,9
6332,1078,3,22
6333,1078,5,17
6334,1078,2,18
6335,1079,1,12
6336,1079,15,22
6337,1079,23,19
6338,1079,20,9
6339,1079,18,9
6340,1080,13,5
6341,1081,4,19
6342,1081,13,6
6343,1081,11,1
6344,1082,11,8
6345,1082,16,3
6346,1082,12,16
6347,1082,16,2
6348,1083,2,17
6349,1083,20,13
6350,1083,23,1
6351,1083,7,16
6352,1083,20,2
6353,1083,16,23
6354,1083,7,4
6355,1083,19,20
6356,1084,15,7
6357,1084,14,3
6358,1084,20,6
6359,1084,11,22
6360,1084,12,4
6361,1084,21,14
6362,1084,22,11
6363,1084,23,9
6364,1084,7,21
6365,1085,3,9
6366,1085,6,22
6367,1085,1,8
6368,1085,22,18
6369,1085,1,21
6370,1086,17,5
6371,1086,1,18
6372,1086,16,10
6373,1086,15,1
6374,1086,0,6
6375,1086,21,12
6376,1087,12,2
6377,1087,21,18
6378,1087,16,10
6379,1087,21,19
6380,1087,15,4
6381,1088,17,1
6382,1088,12,2
6383,1088,6,13
6384,1088,23,21
6385,1088,6,4
6386,1088,2,17
6387,1089,21,24
6388,1089,3,9
6389,1089,24,7
6390,1089,22,0
6391,1089,20,3
6392,1089,8,14
6393,1089,16,7
6394,1090,10,6
6395,1090,15,14
6396,1090,0,23
6397,1090,0,13
6398,1090,5,16
6399,1090,23,16
6400,1090,9,6
6401,1091,21,8
6402,1091,24,1
6403,1091,9,2
6404,1091,0,10
6405,1091,8,23
6406,1091,20,2
6407,1091,24,5
6408,1091,1,8
6409,1091,2,6
6410,1091,20,16
6411,1092,16,22
6412,1092,3,15
6413,1092,19,10
6414,1092,16,4
6415,1092,20,13
6416,1092,15,4
6417,1092,7,11
6418,1092,18,11
6419,1093,0,10
6420,1093,10,21
6421,1093,11,20
6422,1093,20,18
6423,1093,3,14
6424,1093,23,4
6425,1093,12,23
6426,1093,10,9
6427,1094,18,2
6428,1094,15,1
6429,1094,13,0
6430,1095,22,4
6431,1095,16,23
6432,1095,8,22
6433,1095,0,21
6434,1095,12,0
6435,1095,15,1
6436,1095,5,15
6437,1095,19,1
6438,1095,7,3
6439,1096,2,6
6440,1096,21,11
6441,1096,16,9
6442,1096,1,14
6443,1096,2,5
6444,1096,10,24
6445,1096,20,24
6446,1096,15,22
6447,1096,6,22
6448,1097,15,6
6449,1097,8,20
6450,1097,4,11
6451,1097,10,1
6452,1097,19,20
6453,1098,2,12
6454,1098,4,17
6455,1098,4,15
6456,1098,13,19
6457,1099,17,20
6458,1099,22,0
6459,1099,12,20
6460,1099,20,16
6461,1099,20,13
6462,1099,4,19
6463,1099,24,10
6464,1099,12,2
6465,1099,3,20
6466,1100,1,24
6467,1100,0,15
6468,1100,22,2
6469,1100,7,1
6470,1100,0,9
6471,1100,12,24
6472,1100,5,8
6473,1101,5,19
6474,1101,10,13
6475,1101,24,5
6476,1101,23,0
6477,1101,3,21
6478,1101,14,20
6479,1102,2,20
6480,1102,8,4
6481,1102,17,2
6482,1102,8,21
6483,1102,7,1
6484,1102,8,18
6485,1102,12,21
6486,1102,11,20
6487,1103,9,12
6488,1103,20,11
6489,1103,7,18
6490,1103,14,22
6491,1103,19,13
6492,1103,4,0
6493,1103,8,24
6494,1104,17,2
6495,1104,15,13
6496,1104,14,12
6497,1104,15,18
6498,1104,0,21
6499,1104,4,8
6500,1104,3,20
6501,1104,22,6
6502,1105,4,20
6503,1105,23,7
6504,1105,1,8
6505,1105,9,3
6506,1105,2,0
6507,1105,14,3
6508,1105,12,5
6509,1105,14,1
6510,1106,17,3
6511,1106,14,22
6512,1106,7,21
6513,1106,21,3
6514,1106,13,3
6515,1106,17,2
6516,1106,6,4
6517,1107,9,21
6518,1107,4,15
6519,1107,15,3
6520,1107,19,5
6521,1107,0,17
6522,1108,20,1
6523,1108,8,4
6524,1108,15,11
6525,1108,2,6
6526,1108,5,23
6527,1108,23,13
6528,1108,19,21
6529,1108,20,12
6530,1108,14,21
6531,1108,20,2
6532,1109,21,15
6533,1109,5,3
6534,1109,3,22
6535,1109,2,17
6536,1109,22,8
6537,1109,18,6
6538,1109,20,16
6539,1109,4,14
6540,1110,2,18
6541,1110,3,14
6542,1110,3,10
6543,1110,19,16
6544,1110,0,18
6545,1110,0,9
6546,1110,10,20
6547,1110,5,21
6548,1110,10,9
6549,1110,13,11
6550,1111,6,9
6551,1111,4,22
6552,1111,21,6
6553,1111,8,10
6554,1111,3,21
6555,1111,9,19
6556,1111,12,1
6557,1111,18,15
6558,1111,9,7
6559,1111,3,19
6560,1111,17,23
6561,1111,4,21
6562,1111,21,24
6563,1112,10,6
6564,1112,15,3
6565,1112,14,10
6566,1112,14,11
6567,1112,0,17
6568,1112,23,20
6569,1112,2,19
6570,1112,18,12
6571,1112,23,12
6572,1112,14,7
6573,1113,21,10
6574,1113,22,5
6575,1113,4,1
6576,1113,24,0
6577,1113,22,24
6578,1113,15,23
6579,1114,4,21
6580,1114,8,0
6581,1114,4,19
6582,1114,7,22
6583,1114,5,1
6584,1115,15,11
6585,1115,2,0
6586,1115,20,14
6587,1115,9,1
6588,1115,0,15
6589,1115,11,15
6590,1116,4,24
6591,1116,4,23
6592,1116,3,7
6593,1116,11,19
6594,1116,12,21
6595,1116,20,14
6596,1116,5,17
6597,1116,12,24
6598,1116,3,13
6599,1117,17,6
6600,1117,7,11
6601,1117,2,18
6602,1117,14,4
6603,1117,16,4
6604,1117,5,14
6605,1117,3,12
6606,1118,15,21
6607,1118,19,6
6608,1118,10,14
6609,1118,6,10
6610,1118,19,12
6611,1119,0,14
6612,1119,14,1
6613,1119,4,10
6614,1119,8,14
6615,1119,15,19
6616,1120,14,20
6617,1120,17,5
6618,1120,16,2
6619,1120,5,20
6620,1120,19,6
6621,1121,10,14
6622,1121,21,24
6623,1121,17,10
6624,1121,0,10
6625,1121,5,11
6626,1121,20,24
6627,1122,4,0
6628,1122,0,6
6629,1122,2,9
6630,1122,1,18
6631,1123,14,16
6632,1123,12,1
6633,1123,8,1
6634,1123,5,4
6635,1123,10,23
6636,1123,11,15
6637,1123,5,4
6638,1123,6,21
6639,1123,17,11
6640,1123,16,9
6641,1123,2,18
6642,1124,14,21
6643,1124,13,7
6644,1124,2,21
6645,1124,22,16
6646,1124,6,23
6647,1124,17,2
6648,1124,10,4
6649,1125,13,2
6650,1125,3,7
6651,1125,22,15
6652,1125,0,10
6653,1125,20,12
6654,1125,20,13
6655,1125,16,13
6656,1126,5,14
6657,1126,9,5
6658,1126,18,22
6659,1126,8,10
6660,1126,13,7
6661,1126,17,24
6662,1127,18,9
6663,1127,11,1
6664,1127,20,19
6665,1128,17,20
6666,1128,10,19
6667,1128,9,7
6668,1128,6,19
6669,1128,19,17
6670,1128,0,19
6671,1129,10,19
6672,1129,6,24
6673,1129,13,19
6674,1129,14,21
6675,1129,8,12
6676,1130,8,19
6677,1130,19,7
6678,1130,16,10
6679,1130,11,4
6680,1130,23,10
6681,1131,18,3
6682,1131,0,24
6683,1131,15,6
6684,1131,7,24
6685,1131,12,10
6686,1131,22,11
6687,1131,13,11
6688,1131,18,11
6689,1131,1,5
6690,1132,7,15
6691,1132,14,16
6692,1132,16,18
6693,1132,4,8
6694,1132,0,18
6695,1133,2,18
6696,1133,24,3
6697,1133,2,4
6698,1133,4,23
6699,1133,1,5
6700,1133,24,4
6701,1134,16,12
6702,1134,21,11
6703,1134,13,17
6704,1134,18,16
6705,1134,9,19
6706,1134,12,9
6707,1134,24,21
6708,1135,16,3
6709,1135,22,24
6710,1135,10,18
6711,1135,18,12
6712,1135,9,17
6713,1135,1,15
6714,1135,6,0
6715,1136,18,16
6716,1136,5,7
6717,1136,24,6
6718,1136,18,4
6719,1136,6,21
6720,1136,5,13
6721,1136,10,13
6722,1136,1,23
6723,1137,16,10
6724,1137,18,6
6725,1137,4,0
6726,1137,16,10
6727,1137,7,21
6728,1137,3,12
6729,1137,7,18
6730,1137,16,14
6731,1138,4,8
6732,1138,6,16
6733,1138,19,9
6734,1138,19,1
6735,1138,4,6
6736,1139,4,21
6737,1139,21,18
6738,1139,21,9
6739,1139,8,22
6740,1139,24,21
6741,1140,22,5
6742,1140,19,2
6743,1140,18,10
6744,1140,19,9
6745,1140,6,13
6746,1141,0,4
6747,1141,5,14
6748,1141,23,2
6749,1141,6,16
6750,1141,14,17
6751,1141,7,20
6752,1142,5,12
6753,1142,9,5
6754,1142,13,4
6755,1142,3,19
6756,1142,1,4
6757,1143,15,6
6758,1143,1,22
6759,1143,0,14
6760,1143,5,22
6761,1143,15,14
6762,1143,11,1
6763,1143,3,6
6764,1143,23,9
6765,1143,5,15
6766,1144,12,8
6767,1144,13,1
6768,1144,17,14
6769,1144,23,16
6770,1145,19,1
6771,1145,11,7
6772,1145,17,3
6773,1145,16,9
6774,1146,5,19
6775,1146,16,10
6776,1146,4,1
6777,1146,6,8
6778,1147,7,15
6779,1147,6,24
6780,1147,4,1
6781,1147,11,9
6782,1147,3,5
6783,1148,7,14
6784,1148,1,10
6785,1148,20,22
6786,1148,13,6
6787,1148,3,14
6788,1148,9,6
6789,1148,3,15
6790,1148,17,3
6791,1148,2,0
6792,1149,22,8
6793,1149,13,3
6794,1149,3,21
6795,1149,2,6
6796,1149,24,11
6797,1149,10,20
6798,1150,19,7
6799,1150,20,12
6800,1150,16,23
6801,1150,13,4
6802,1150,17,14
6803,1150,24,12
6804,1150,13,23
6805,1150,24,13
6806,1151,3,17
6807,1151,23,10
6808,1151,13,0
6809,1151,15,3
6810,1151,14,17
6811,1151,11,3
6812,1151,7,11
6813,1152,19,11
6814,1152,24,5
6815,1152,7,21
6816,1152,9,13
6817,1152,5,11
6818,1153,4,5
6819,1154,23,17
6820,1154,0,16
6821,1154,9,0
6822,1154,21,11
6823,1155,15,21
6824,1155,18,9
6825,1155,17,5
6826,1155,24,13
6827,1155,13,22
6828,1156,16,2
6829,1156,23,20
6830,1156,23,14
6831,1156,17,10
6832,1156,2,11
6833,1156,18,24
6834,1156,21,18
6835,1156,10,20
6836,1156,24,11
6837,1156,10,7
6838,1156,7,23
6839,1156,16,12
6840,1157,24,15
6841,1157,19,5
6842,1157,10,13
6843,1157,9,7
6844,1157,16,3
6845,1157,11,13
6846,1157,5,14
6847,1157,21,9
6848,1158,9,2
6849,1158,6,20
6850,1158,11,9
6851,1158,15,23
6852,1159,1,5
6853,1159,19,5
6854,1159,20,2
6855,1160,16,19
6856,1160,6,21
6857,1160,14,0
6858,1160,14,6
6859,1160,2,16
6860,1161,6,15
6861,1161,17,24
6862,1161,5,20
6863,1161,6,21
6864,1161,19,2
6865,1161,9,19
6866,1161,17,23
6867,1161,5,13
6868,1162,22,18
6869,1162,7,9
6870,1163,6,10
6871,1163,6,4
6872,1163,15,18
6873,1163,21,14
6874,1164,7,18
6875,1164,2,17
6876,1164,3,13
6877,1164,14,6
6878,1164,6,8
6879,1165,20,22
6880,1165,4,15
6881,1165,2,0
6882,1165,5,20
6883,1165,6,12
6884,1165,20,1
6885,1165,22,5
6886,1165,7,0
6887,1165,15,14
6888,1165,24,16
6889,1165,17,6
6890,1166,17,13
6891,1166,7,20
6892,1166,15,2
6893,1166,6,17
6894,1167,14,24
6895,1167,13,16
6896,1167,24,6
6897,1167,15,6
6898,1168,22,10
6899,1168,11,2
6900,1168,13,3
6901,1168,22,1
6902,1168,0,6
6903,1169,23,6
6904,1169,5,23
6905,1169,24,6
6906,1169,18,21
6907,1170,4,19
6908,1170,16,20
6909,1170,12,2
6910,1171,2,10
6911,1171,21,7
6912,1171,4,15
6913,1172,8,11
6914,1172,0,9
6915,1172,16,24
6916,1172,8,19
6917,1172,0,21
6918,1173,24,0
6919,1173,17,8
6920,1173,9,19
6921,1173,11,5
6922,1174,0,15
6923,1174,4,5
6924,1174,16,14
6925,1174,2,21
6926,1174,6,12
6927,1174,16,9
6928,1174,22,7
6929,1174,1,14
6930,1175,17,9
6931,1175,4,16
6932,1176,16,9
6933,1176,5,22
6934,1176,21,17
6935,1176,19,15
6936,1176,3,7
6937,1176,22,13
6938,1176,6,16
6939,1176,17,23
6940,1176,9,12
6941,1177,19,21
6942,1177,21,0
6943,1177,4,24
6944,1177,19,7
6945,1177,4,6
6946,1177,23,7
6947,1178,1,5
6948,1178,2,6
6949,1178,14,12
6950,1178,14,12
6951,1178,4,11
6952,1178,15,17
6953,1178,3,22
6954,1179,5,8
6955,1179,1,11
6956,1179,20,9
6957,1179,16,8
6958,1179,9,12
6959,1179,7,21
6960,1180,13,15
6961,1180,20,6
6962,1180,8,0
6963,1181,20,23
6964,1181,13,5
6965,1181,6,0
6966,1182,12,19
6967,1182,11,21
6968,1182,23,7
6969,1182,4,24
6970,1182,22,1
6971,1183,18,8
6972,1183,10,8
6973,1183,11,14
6974,1183,1,21
6975,1183,10,19
6976,1183,7,4
6977,1183,14,6
6978,1183,7,16
6979,1184,18,22
6980,1184,13,7
6981,1184,8,19
6982,1185,1,12
6983,1185,14,18
6984,1185,5,4
6985,1185,5,21
6986,1185,15,3
6987,1185,13,5
6988,1185,4,18
6989,1186,23,6
6990,1186,7,21
6991,1186,0,2
6992,1186,15,22
6993,1187,19,11
6994,1187,19,1
6995,1187,21,1
6996,1187,21,10
6997,1188,4,12
6998,1188,13,1
6999,1188,12,24
7000,1188,24,20
7001,1188,2,24
7002,1189,22,13
7003,1190,14,8
7004,1190,17,13
7005,1190,7,10
7006,1190,10,0
7007,1190,0,9
7008,1190,19,21
7009,1190,17,2
7010,1190,2,22
7011,1190,11,0
7012,1190,6,24
7013,1190,1,4
7014,1190,21,14
7015,1191,9,16
7016,1191,24,10
7017,1191,4,19
7018,1191,24,14
7019,1191,17,7
7020,1191,7,10
7021,1191,17,21
7022,1191,15,22
7023,1191,16,2
7024,1191,21,15
7025,1191,10,18
7026,1192,13,19
7027,1192,6,21
7028,1193,20,18
7029,1193,14,3
7030,1193,16,9
7031,1193,17,21
7032,1194,6,4
7033,1194,19,16
7034,1194,13,22
7035,1194,5,3
7036,1194,4,16
7037,1194,4,15
7038,1194,16,4
7039,1194,21,14
7040,1194,16,24
7041,1195,1,4
7042,1195,4,5
7043,1195,17,0
7044,1195,10,23
7045,1195,16,12
7046,1195,5,18
7047,1195,17,15
7048,1195,20,10
7049,1196,21,3
7050,1196,14,18
7051,1196,5,9
7052,1196,2,18
7053,1197,17,3
7054,1197,16,19
7055,1197,9,15
7056,1197,18,10
7057,1197,7,3
7058,1197,18,3
7059,1198,4,1
7060,1198,20,23
7061,1198,8,21
7062,1198,1,5
7063,1198,12,14
7064,1198,14,7
7065,1199,17,13
7066,1199,5,19
7067,1199,24,16
7068,1199,17,9
7069,1200,18,15
7070,1200,24,14
7071,1200,24,12
7072,1200,9,0
7073,1200,20,4
7074,1200,9,0
7075,1200,16,24
7076,1201,16,24
7077,1201,17,21
7078,1201,20,22
7079,1201,7,11
7080,1201,9,18
7081,1201,1,19
7082,1202,3,15
7083,1202,15,18
7084,1202,0,9
7085,1202,5,14
7086,1202,8,14
7087,1202,20,17
7088,1202,7,9
7089,1202,17,2
7090,1203,14,11
7091,1203,24,8
7092,1203,10,18
7093,1203,8,23
7094,1203,8,23
7095,1203,1,13
7096,1203,10,0
7097,1203,0,3
7098,1204,13,20
7099,1204,22,16
7100,1204,14,10
7101,1204,16,2
7102,1204,0,12
7103,1205,12,16
7104,1205,13,4
7105,1205,23,12
7106,1205,23,10
7107,1205,16,1
7108,1205,6,0
7109,1205,0,7
7110,1205,17,24
7111,1206,4,21
7112,1206,22,3
7113,1206,11,8
7114,1206,8,21
7115,1207,20,10
7116,1207,19,5
7117,1207,3,7
7118,1207,4,20
7119,1207,4,19
7120,1207,14,17
7121,1207,12,14
7122,1208,19,3
7123,1208,7,14
7124,1208,20,1
7125,1208,1,12
7126,1208,24,5
7127,1209,7,1
7128,1209,21,11
7129,1209,20,23
7130,1209,8,11
7131,1209,21,10
7132,1209,24,12
7133,1209,11,24
7134,1209,0,22
7135,1210,10,24
7136,1210,5,11
7137,1210,22,0
7138,1210,18,14
7139,1210,5,24
7140,1211,19,10
7141,1211,3,13
7142,1211,20,13
7143,1211,17,20
7144,1211,11,19
7145,1211,24,11
7146,1211,9,24
7147,1212,14,3
7148,1212,10,22
7149,1212,19,16
7150,1212,0,10
7151,1212,4,22
7152,1212,17,2
7153,1212,24,4
7154,1212,0,12
7155,1212,3,24
7156,1213,18,0
7157,1213,9,23
7158,1213,3,5
7159,1213,24,15
7160,1214,8,1
7161,1214,6,14
7162,1214,20,18
7163,1214,17,20
7164,1214,5,1
7165,1214,18,24
7166,1214,9,3
7167,1215,17,7
7168,1215,22,8
7169,1215,14,10
7170,1215,10,0
7171,1215,9,0
7172,1215,3,10
7173,1215,1,18
7174,1215,6,2
7175,1216,6,16
7176,1216,20,7
7177,1216,13,11
7178,1216,11,19
7179,1216,16,23
7180,1216,16,13
7181,1217,18,14
7182,1217,14,12
7183,1217,18,4
7184,1217,20,6
7185,1218,20,17
7186,1218,23,1
7187,1218,8,5
7188,1218,1,20
7189,1218,23,20
7190,1218,11,24
7191,1219,17,15
7192,1219,24,20
7193,1219,4,17
7194,1219,3,22
7195,1219,18,15
7196,1219,23,11
7197,1220,23,0
7198,1220,10,19
7199,1220,10,16
7200,1220,4,1
7201,1220,22,14
7202,1220,21,15
7203,1221,4,23
7204,1221,0,12
7205,1221,1,4
7206,1221,9,6
7207,1221,7,15
7208,1222,9,5
7209,1222,3,6
7210,1222,5,8
7211,1222,0,8
7212,1223,17,14
7213,1223,11,9
7214,1223,0,4
7215,1223,14,18
7216,1223,10,0
7217,1224,2,16
7218,1224,22,7
7219,1224,14,8
7220,1224,21,1
7221,1224,9,11
7222,1224,7,5
7223,1224,20,11
7224,1224,8,15
7225,1225,0,11
7226,1225,4,12
7227,1225,18,10
7228,1225,17,5
7229,1225,19,23
7230,1225,19,15
7231,1225,4,22
7232,1226,1,23
7233,1226,15,2
7234,1227,9,7
7235,1227,5,2
7236,1227,24,8
7237,1227,11,15
7238,1227,24,4
7239,1227,19,8
7240,1227,20,10
7241,1227,22,0
7242,1227,22,0
7243,1227,16,9
7244,1227,16,12
7245,1228,20,12
7246,1228,20,6
7247,1228,11,14
7248,1228,3,21
7249,1228,22,4
7250,1228,18,8
7251,1229,19,10
7252,1229,21,17
7253,1229,22,9
7254,1229,0,9
7255,1229,9,21
7256,1230,13,9
7257,1230,19,17
7258,1230,4,22
7259,1230,16,9
7260,1230,20,22
7261,1230,13,9
7262,1230,16,13
7263,1231,5,22
7264,1231,19,5
7265,1231,0,7
7266,1231,21,18
7267,1231,11,15
7268,1231,14,16
7269,1232,24,2
7270,1232,7,5
7271,1232,10,18
7272,1233,1,12
7273,1233,18,5
7274,1233,4,18
7275,1233,15,14
7276,1234,12,1
7277,1234,22,19
7278,1234,0,8
7279,1234,17,15
7280,1234,21,2
7281,1234,20,17
7282,1234,18,1
7283,1235,2,12
7284,1235,1,18
7285,1235,18,2
7286,1235,10,18
7287,1236,10,17
7288,1236,20,22
7289,1236,11,4
7290,1237,17,4
7291,1237,5,3
7292,1237,6,16
7293,1237,12,18
7294,1237,5,17
7295,1237,7,9
7296,1237,10,7
7297,1238,17,5
7298,1238,24,3
7299,1238,7,15
7300,1238,24,0
7301,1238,7,18
7302,1238,22,15
7303,1238,8,12
7304,1239,7,5
7305,1239,18,3
7306,1239,10,3
7307,1239,5,7
7308,1239,2,19
7309,1239,4,14
7310,1239,2,12
7311,1239,15,9
7312,1240,1,14
7313,1240,12,16
7314,1241,5,1
7315,1241,19,13
7316,1241,17,10
7317,1241,14,22
7318,1241,21,13
7319,1242,19,23
7320,1242,9,18
7321,1242,15,9
7322,1242,16,20
7323,1243,11,17
7324,1243,3,1
7325,1243,4,18
7326,1243,3,19
7327,1243,16,20
7328,1243,22,5
7329,1244,3,17
7330,1244,19,3
7331,1244,5,13
7332,1244,17,2
7333,1244,4,11
7334,1244,10,18
7335,1244,17,19
7336,1244,16,4
7337,1244,16,13
7338,1244,7,9
7339,1245,13,22
7340,1245,7,15
7341,1245,15,17
7342,1245,6,21
7343,1245,5,20
7344,1246,9,1
7345,1246,24,3
7346,1246,14,8
7347,1246,22,5
7348,1246,0,11
7349,1246,6,18
7350,1246,3,22
7351,1246,19,10
7352,1246,17,8
7353,1246,11,23
7354,1247,17,13
7355,1247,21,24
7356,1247,2,20
7357,1247,11,0
7358,1247,24,9
7359,1247,24,6
7360,1247,19,8
7361,1247,14,16
7362,1248,5,9
7363,1248,24,0
7364,1248,1,20
7365,1248,7,17
7366,1248,6,16
7367,1248,21,18
7368,1248,1,4
7369,1248,0,23
7370,1249,8,5
7371,1249,24,10
7372,1249,15,2
7373,1249,24,20
7374,1249,2,18
7375,1250,3,24
7376,1250,17,14
7377,1250,20,11
7378,1250,0,9
7379,1250,5,20
7380,1250,14,7
7381,1250,18,14
7382,1251,23,17
7383,1251,22,4
7384,1251,23,9
7385,1251,9,21
7386,1251,0,4
7387,1251,3,9
7388,1252,5,2
7389,1252,9,7
7390,1252,14,0
7391,1252,4,23
7392,1252,21,24
7393,1253,15,22
7394,1253,13,16
7395,1253,20,16
7396,1253,0,12
7397,1253,19,17
7398,1253,23,16
7399,1253,11,8
7400,1254,19,0
7401,1254,11,9
7402,1254,4,10
7403,1254,14,11
7404,1254,18,9
7405,1254,9,12
7406,1254,19,10
7407,1254,22,2
7408,1255,22,13
7409,1255,1,5
7410,1255,23,5
7411,1255,24,8
7412,1255,19,5
7413,1255,18,3
7414,1255,18,21
7415,1255,21,6
7416,1256,13,5
7417,1256,13,15
7418,1257,4,18
7419,1257,6,12
7420,1257,11,13
7421,1257,12,18
7422,1258,22,8
7423,1258,3,15
7424,1258,21,3
7425,1258,8,17
7426,1258,13,22
7427,1258,7,0
7428,1258,13,23
7429,1258,18,4
7430,1259,23,5
7431,1259,5,14
7432,1259,10,20
7433,1259,14,16
7434,1259,12,6
7435,1259,1,24
7436,1259,2,5
7437,1259,21,6
7438,1260,12,15
7439,1260,22,9
7440,1260,20,10
7441,1261,7,14
7442,1261,11,5
7443,1261,21,13
7444,1261,15,17
7445,1262,2,18
7446,1262,17,19
7447,1262,11,8
7448,1262,16,19
7449,1263,17,1
7450,1263,23,13
7451,1263,11,15
7452,1263,6,20
7453,1263,17,8
7454,1264,15,5
7455,1264,2,12
7456,1264,11,20
7457,1264,5,9
7458,1264,2,8
7459,1264,19,21
7460,1264,16,4
7461,1264,24,12
7462,1264,6,3
7463,1264,20,14
7464,1265,24,0
7465,1265,11,3
7466,1265,11,23
7467,1265,20,14
7468,1265,18,22
7469,1265,13,3
7470,1265,4,0
7471,1265,20,14
7472,1266,0,24
7473,1266,4,24
7474,1266,6,2
7475,1266,4,10
7476,1266,2,14
7477,1266,6,22
7478,1266,0,18
7479,1267,24,20
7480,1267,2,13
7481,1267,10,22
7482,1268,12,1
7483,1268,0,4
7484,1268,18,6
7485,1268,12,14
7486,1268,0,24
7487,1268,6,4
7488,1268,9,12
7489,1268,9,17
7490,1268,24,20
7491,1269,5,9
7492,1269,16,4
7493,1269,15,21
7494,1270,1,17
7495,1270,19,20
7496,1270,15,22
7497,1271,11,2
7498,1271,20,12
7499,1271,24,2
7500,1271,6,19
7501,1271,1,9
7502,1271,14,17
7503,1272,9,16
7504,1272,2,18
7505,1272,23,12
7506,1272,7,17
7507,1272,9,17
7508,1272,0,13
7509,1272,2,22
7510,1272,5,13
7511,1272,4,24
7512,1273,15,11
7513,1273,14,22
7514,1273,18,21
7515,1273,6,10
7516,1273,7,14
7517,1273,12,4
7518,1273,0,19
7519,1273,11,0
7520,1274,6,20
7521,1274,3,14
7522,1274,23,5
7523,1274,20,2
7524,1275,6,24
7525,1275,12,22
7526,1275,14,23
7527,1275,0,15
7528,1275,20,13
7529,1275,18,22
7530,1275,5,24
7531,1275,19,7
7532,1276,16,7
7533,1276,15,11
7534,1276,12,5
7535,1276,12,9
7536,1276,16,20
7537,1276,4,0
7538,1277,24,15
7539,1277,12,22
7540,1277,6,15
7541,1277,1,13
7542,1277,0,18
7543,1277,13,9
7544,1277,13,5
7545,1278,19,15
7546,1278,4,17
7547,1278,9,2
7548,1279,14,3
7549,1279,12,4
7550,1279,12,10
7551,1279,8,11
7552,1279,11,1
7553,1280,3,5
7554,1280,24,6
7555,1280,16,1
7556,1280,6,13
7557,1280,1,15
7558,1280,1,15
7559,1280,4,23
7560,1280,7,24
7561,1281,24,2
7562,1281,17,21
7563,1281,18,5
7564,1281,21,0
7565,1281,20,14
7566,1282,2,13
7567,1282,9,15
7568,1282,8,19
7569,1282,3,6
7570,1282,21,0
7571,1282,21,9
7572,1282,10,24
7573,1283,23,6
7574,1283,0,8
7575,1283,8,10
7576,1283,5,9
7577,1283,19,12
7578,1283,23,6
7579,1283,17,4
7580,1283,14,18
7581,1284,8,10
7582,1284,18,8
7583,1284,14,7
7584,1285,3,18
7585,1285,9,19
7586,1285,5,18
7587,1285,16,3
7588,1285,12,1
7589,1285,22,7
7590,1286,2,24
7591,1286,22,10
7592,1286,10,16
7593,1286,5,17
7594,1286,0,24
7595,1286,9,23
7596,1286,7,21
7597,1286,9,11
7598,1286,0,22
7599,1286,3,14
7600,1286,5,8
7601,1286,20,12
7602,1286,3,13
7603,1286,0,18
7604,1287,15,2
7605,1287,22,19
7606,1287,3,21
7607,1287,16,4
7608,1287,9,12
7609,1287,11,20
7610,1288,0,14
7611,1288,18,14
7612,1288,1,20
7613,1288,1,23
7614,1288,7,5
7615,1288,18,21
7616,1288,8,22
7617,1289,1,20
7618,1289,20,23
7619,1289,3,14
7620,1289,7,13
7621,1289,22,13
7622,1289,24,4
7623,1289,17,13
7624,1290,3,15
7625,1290,1,16
7626,1290,10,8
7627,1290,19,6
7628,1291,1,18
7629,1291,3,21
7630,1291,10,2
7631,1291,15,0
7632,1291,14,5
7633,1291,22,2
7634,1291,22,5
7635,1291,12,9
7636,1291,8,11
7637,1292,10,13
7638,1292,13,0
7639,1292,21,11
7640,1292,8,22
7641,1292,24,3
7642,1292,12,22
7643,1292,19,21
7644,1292,8,2
7645,1292,7,19
7646,1292,20,16
7647,1293,9,10
7648,1293,23,21
7649,1293,20,9
7650,1293,3,7
7651,1294,17,0
7652,1294,14,23
7653,1294,22,13
7654,1294,8,10
7655,1295,19,6
7656,1295,0,23
7657,1295,12,21
7658,1295,16,20
7659,1295,19,2
7660,1296,14,2
7661,1296,0,8
7662,1296,22,2
7663,1296,7,10
7664,1296,16,3
7665,1296,1,13
7666,1296,5,24
7667,1296,24,2
7668,1297,17,19
7669,1297,2,18
7670,1298,19,16
7671,1298,6,16
7672,1298,19,9
7673,1298,7,19
7674,1298,23,3
7675,1298,8,10
7676,1299,24,11
7677,1299,9,21
7678,1299,23,13
7679,1299,24,14
7680,1299,20,5
7681,1299,13,3
7682,1299,24,9
7683,1300,15,18
7684,1300,0,13
7685,1300,8,14
7686,1300,21,6
7687,1300,7,17
7688,1300,7,17
7689,1300,8,14
7690,1301,18,24
7691,1301,20,22
7692,1301,21,8
7693,1301,16,12
7694,1301,1,8
7695,1302,0,12
7696,1302,19,6
7697,1302,20,0
7698,1303,15,22
7699,1303,20,6
7700,1303,10,18
7701,1303,13,10
7702,1303,23,8
7703,1303,21,4
7704,1303,11,14
7705,1304,11,21
7706,1305,22,18
7707,1305,20,19
7708,1305,14,7
7709,1305,2,16
7710,1306,17,15
7711,1306,17,5
7712,1306,7,0
7713,1306,18,21
7714,1306,13,1
7715,1307,18,2
7716,1307,13,1
7717,1307,20,0
7718,1307,12,1
7719,1308,0,4
7720,1308,13,6
7721,1308,15,17
7722,1308,15,13
7723,1308,3,22
7724,1308,15,0
7725,1309,15,19
7726,1309,16,10
7727,1309,12,23
7728,1309,20,17
7729,1309,20,6
7730,1310,3,15
7731,1310,24,18
7732,1310,9,2
7733,1310,16,9
7734,1310,7,4
7735,1310,19,1
7736,1310,1,22
7737,1311,6,8
7738,1311,0,15
7739,1311,11,1
7740,1311,0,13
7741,1311,6,2
7742,1311,10,20
7743,1312,4,22
7744,1312,6,24
7745,1312,7,23
7746,1312,10,4
7747,1312,15,12
7748,1312,18,9
7749,1313,22,9
7750,1314,5,21
7751,1314,4,16
7752,1314,4,20
7753,1314,15,19
7754,1314,23,12
7755,1314,10,8
7756,1314,2,11
7757,1315,15,18
7758,1315,2,24
7759,1315,17,10
7760,1316,8,21
7761,1316,21,23
7762,1316,19,2
7763,1316,24,2
7764,1317,8,17
7765,1317,4,15
7766,1317,1,3
7767,1317,14,5
7768,1317,12,20
7769,1317,18,22
7770,1318,22,6
7771,1318,0,10
7772,1318,7,4
7773,1318,8,16
7774,1318,11,22
7775,1318,11,8
7776,1319,12,9
7777,1319,24,20
7778,1319,22,19
7779,1319,13,22
7780,1319,3,19
7781,1320,4,23
7782,1320,3,20
7783,1321,15,3
7784,1321,19,4
7785,1321,21,17
7786,1322,14,0
7787,1322,3,19
7788,1322,4,14
7789,1322,17,4
7790,1323,22,1
7791,1323,15,6
7792,1323,8,22
7793,1323,9,24
7794,1323,20,19
7795,1323,17,7
7796,1323,14,6
7797,1324,16,18
7798,1324,5,8
7799,1324,12,3
7800,1324,19,3
7801,1324,12,5
7802,1324,5,3
7803,1324,24,12
7804,1324,2,9
7805,1324,13,1
7806,1325,11,1
7807,1325,6,22
7808,1325,24,16
7809,1325,7,24
7810,1326,15,0
7811,1326,9,6
7812,1326,10,19
7813,1326,10,8
7814,1326,11,0
7815,1327,19,13
7816,1327,20,0
7817,1327,17,24
7818,1327,10,13
7819,1327,7,14
7820,1327,14,21
7821,1327,11,17
7822,1328,9,7
7823,1328,15,19
7824,1328,0,16
7825,1328,15,17
7826,1328,7,5
7827,1329,14,21
7828,1329,24,16
7829,1329,19,17
7830,1330,23,16
7831,1330,14,23
7832,1330,4,2
7833,1330,17,6
7834,1330,22,18
7835,1330,11,22
7836,1330,1,14
7837,1331,4,20
7838,1331,6,0
7839,1331,24,17
7840,1331,22,8
7841,1331,15,5
7842,1331,11,21
7843,1331,5,23
7844,1331,9,24
7845,1331,11,5
7846,1332,1,7
7847,1332,20,11
7848,1332,21,2
7849,1332,0,19
7850,1333,6,8
7851,1333,14,10
7852,1333,22,15
7853,1333,15,11
7854,1333,23,4
7855,1333,22,0
7856,1334,16,0
7857,1334,6,8
7858,1334,0,15
7859,1334,3,24
7860,1334,13,15
7861,1334,5,7
7862,1335,21,0
7863,1335,14,20
7864,1335,9,11
7865,1335,23,11
7866,1336,0,8
7867,1336,21,19
7868,1337,11,14
7869,1337,13,1
7870,1337,15,21
7871,1337,4,23
7872,1337,14,0
7873,1338,1,11
7874,1338,6,20
7875,1338,14,0
7876,1338,13,5
7877,1338,21,11
7878,1338,13,2
7879,1338,24,4
7880,1338,18,24
7881,1339,15,12
7882,1339,0,24
7883,1339,18,11
7884,1339,8,10
7885,1340,6,12
7886,1340,4,17
7887,1340,10,20
7888,1340,15,19
7889,1340,12,23
7890,1340,13,9
7891,1340,10,22
7892,1340,24,12
7893,1340,1,15
7894,1341,0,10
7895,1341,9,13
7896,1341,0,21
7897,1342,3,24
7898,1342,22,2
7899,1342,8,22
7900,1342,4,11
7901,1342,0,11
7902,1343,21,24
7903,1343,14,4
7904,1343,10,19
7905,1343,23,8
7906,1343,16,10
7907,1343,16,2
7908,1344,3,9
7909,1344,13,0
7910,1344,23,19
7911,1345,15,5
7912,1345,7,4
7913,1345,19,17
7914,1346,9,18
7915,1346,1,13
7916,1346,10,0
7917,1346,8,1
7918,1346,0,7
7919,1346,14,12
7920,1346,0,23
7921,1347,22,15
7922,1347,10,14
7923,1347,23,6
7924,1347,2,22
7925,1348,13,4
7926,1348,21,11
7927,1348,1,4
7928,1348,19,17
7929,1348,14,5
7930,1348,24,7
7931,1348,7,15
7932,1349,13,6
7933,1349,24,17
7934,1349,18,20
7935,1349,0,21
7936,1349,10,8
7937,1349,13,24
7938,1349,2,5
7939,1350,15,0
7940,1350,14,16
7941,1350,7,21
7942,1351,12,5
7943,1351,17,4
7944,1351,17,19
7945,1351,20,7
7946,1351,7,23
7947,1352,18,22
7948,1352,0,18
7949,1352,16,5
7950,1352,19,8
7951,1353,15,17
7952,1353,7,15
7953,1353,8,20
7954,1353,1,19
7955,1354,3,24
7956,1354,17,3
7957,1354,3,7
7958,1354,14,0
7959,1354,6,0
7960,1354,11,1
7961,1354,7,16
7962,1355,3,18
7963,1355,19,15
7964,1355,12,1
7965,1355,20,9
7966,1356,2,0
7967,1356,22,7
7968,1356,1,15
7969,1356,20,22
7970,1357,3,1
7971,1357,19,21
7972,1357,7,0
7973,1357,9,16
7974,1357,3,14
7975,1358,16,24
7976,1358,15,4
7977,1358,9,2
7978,1358,19,5
7979,1359,10,1
7980,1359,3,12
7981,1359,23,14
7982,1359,19,5
7983,1359,0,3
7984,1359,15,5
7985,1360,22,18
7986,1360,15,6
7987,1360,10,9
7988,1360,9,0
7989,1360,15,19
7990,1361,11,20
7991,1361,11,19
7992,1361,8,24
7993,1361,4,17
7994,1362,1,12
7995,1362,5,13
7996,1362,22,3
7997,1362,8,2
7998,1362,3,22
7999,1362,23,2
8000,1362,11,8
8001,1363,6,0
8002,1363,5,9
8003,1364,4,14
8004,1364,18,6
8005,1364,18,20
8006,1364,2,22
8007,1364,4,2
8008,1364,7,24
8009,1364,4,16
8010,1365,0,2
8011,1365,23,20
8012,1365,13,7
8013,1365,10,16
8014,1365,11,9
8015,1365,18,16
8016,1366,23,7
8017,1366,24,3
8018,1366,7,16
8019,1366,3,17
8020,1367,3,24
8021,1367,11,0
8022,1367,5,2
8023,1367,7,19
8024,1367,22,8
8025,1367,11,19
8026,1367,17,9
8027,1368,3,16
8028,1368,15,9
8029,1368,9,21
8030,1368,13,3
8031,1369,6,15
8032,1369,4,11
8033,1369,9,18
8034,1369,10,21
8035,1370,16,12
8036,1370,6,2
8037,1370,10,17
8038,1370,2,10
8039,1370,3,23
8040,1370,3,14
8041,1370,23,11
8042,1370,5,7
8043,1370,9,1
8044,1370,23,5
8045,1371,22,2
8046,1371,3,24
8047,1371,2,20
8048,1371,10,0
8049,1371,6,16
8050,1371,1,11
8051,1372,14,10
8052,1372,21,12
8053,1372,10,14
8054,1373,17,11
8055,1373,12,1
8056,1373,10,23
8057,1373,4,14
8058,1373,9,16
8059,1373,6,17
8060,1373,24,2
8061,1373,18,24
8062,1373,23,0
8063,1373,12,20
8064,1373,19,23
8065,1374,10,18
8066,1374,11,14
8067,1374,4,7
8068,1374,6,8
8069,1374,2,18
8070,1374,15,14
8071,1375,18,22
8072,1375,11,23
8073,1375,8,23
8074,1376,21,0
8075,1376,3,24
8076,1376,0,16
8077,1376,7,21
8078,1376,19,16
8079,1376,5,7
8080,1377,4,6
8081,1377,5,14
8082,1377,16,0
8083,1377,21,6
8084,1377,18,4
8085,1377,21,13
8086,1377,23,8
8087,1377,9,24
8088,1377,23,6
8089,1378,0,10
8090,1378,18,16
8091,1378,22,15
8092,1378,10,14
8093,1378,15,24
8094,1378,18,10
8095,1378,7,10
8096,1379,14,17
8097,1379,11,22
8098,1379,16,5
8099,1379,16,9
8100,1379,20,16
8101,1379,11,23
8102,1380,5,9
8103,1380,16,9
8104,1380,9,6
8105,1380,14,20
8106,1380,2,22
8107,1380,10,14
8108,1380,12,8
8109,1380,24,20
8110,1380,7,11
8111,1380,10,18
8112,1380,16,12
8113,1381,22,8
8114,1381,2,13
8115,1381,15,3
8116,1381,2,13
8117,1382,20,5
8118,1382,10,12
8119,1382,20,18
8120,1382,0,13
8121,1382,22,15
8122,1383,10,8
8123,1383,16,1
8124,1383,2,17
8125,1383,22,14
8126,1383,9,12
8127,1384,0,19
8128,1384,24,16
8129,1384,13,6
8130,1385,0,9
8131,1385,10,20
8132,1385,21,2
8133,1385,0,4
8134,1385,8,22
8135,1385,12,22
8136,1385,21,24
8137,1386,22,14
8138,1386,8,4
8139,1386,5,15
8140,1386,2,19
8141,1386,14,20
8142,1386,16,4
8143,1386,0,17
8144,1386,7,4
8145,1387,22,9
8146,1387,3,6
8147,1387,12,8
8148,1387,12,18
8149,1387,14,16
8150,1387,22,14
8151,1387,4,17
8152,1387,7,11
8153,1387,19,17
8154,1387,18,12
8155,1388,15,3
8156,1388,14,8
8157,1388,24,16
8158,1388,14,17
8159,1388,7,1
8160,1388,13,7
8161,1388,24,17
8162,1388,4,19
8163,1388,20,19
8164,1388,14,3
8165,1389,16,18
8166,1389,7,10
8167,1389,7,0
8168,1389,18,16
8169,1390,11,23
8170,1390,2,13
8171,1390,11,9
8172,1390,9,22
8173,1390,24,22
8174,1390,5,18
8175,1390,16,1
8176,1390,10,21
8177,1391,13,15
8178,1391,9,5
8179,1391,20,10
8180,1391,9,5
8181,1391,11,7
8182,1392,21,6
8183,1392,6,21
8184,1392,11,9
8185,1392,8,14
8186,1392,10,17
8187,1392,9,19
8188,1392,1,17
8189,1393,23,1
8190,1393,16,14
8191,1393,6,15
8192,1393,10,6
8193,1393,0,11
8194,1393,7,18
8195,1393,14,16
8196,1393,22,0
8197,1394,3,14
8198,1394,24,6
8199,1394,0,24
8200,1394,18,16
8201,1394,9,12
8202,1394,0,11
8203,1394,21,12
8204,1394,9,12
8205,1394,19,21
8206,1395,5,23
8207,1395,7,4
8208,1395,7,11
8209,1395,9,1
8210,1395,2,16
8211,1395,9,15
8212,1396,15,17
8213,1396,7,21
8214,1396,2,24
8215,1396,22,4
8216,1396,0,11
8217,1397,7,15
8218,1397,24,13
8219,1397,23,17
8220,1397,13,1
8221,1397,15,3
8222,1397,24,22
8223,1398,8,20
8224,1398,14,20
8225,1398,24,4
8226,1398,9,10
8227,1398,11,0
8228,1399,24,6
8229,1399,5,15
8230,1399,24,3
8231,1400,2,10
8232,1400,21,1
8233,1400,15,21
8234,1400,20,22
8235,1400,21,4
8236,1400,0,18
8237,1400,21,14
8238,1401,19,6
8239,1401,2,14
8240,1401,3,19
8241,1401,5,19
8242,1401,23,21
8243,1401,1,24
8244,1401,13,11
8245,1402,11,3
8246,1402,24,5
8247,1402,18,3
8248,1403,9,17
8249,1403,13,5
8250,1403,24,6
8251,1403,22,5
8252,1403,6,10
8253,1403,22,16
8254,1403,2,9
8255,1403,7,24
8256,1403,18,12
8257,1403,23,7
8258,1404,14,3
8259,1404,7,19
8260,1404,11,1
8261,1404,4,0
8262,1404,11,5
8263,1405,9,2
8264,1405,8,4
8265,1405,6,24
8266,1405,4,7
8267,1405,23,13
8268,1405,3,0
8269,1405,0,4
8270,1405,13,2
8271,1406,12,1
8272,1406,14,23
8273,1406,11,13
8274,1406,10,14
8275,1406,5,20
8276,1406,19,10
8277,1406,2,0
8278,1406,7,23
8279,1407,13,1
8280,1407,15,5
8281,1408,24,8
8282,1408,2,10
8283,1408,4,1
8284,1408,22,20
8285,1408,12,8
8286,1408,8,17
8287,1408,15,23
8288,1408,15,18
8289,1409,17,23
8290,1409,18,4
8291,1409,12,16
8292,1409,16,23
8293,1409,2,22
8294,1409,13,7
8295,1409,13,9
8296,1409,20,17
8297,1410,23,1
8298,1410,20,16
8299,1410,21,11
8300,1410,14,12
8301,1410,18,0
8302,1411,14,12
8303,1411,23,20
8304,1411,7,23
8305,1411,20,7
8306,1411,18,1
8307,1411,12,18
8308,1411,24,14
8309,1412,10,1
8310,1412,18,21
8311,1412,13,0
8312,1412,13,0
8313,1412,8,11
8314,1412,17,23
8315,1412,17,14
8316,1412,8,23
8317,1414,22,9
8318,1414,19,6
8319,1415,11,14
8320,1415,9,12
8321,1415,22,8
8322,1415,18,4
8323,1415,20,3
8324,1415,23,6
8325,1415,15,22
8326,1416,8,16
8327,1416,23,0
8328,1417,5,13
8329,1417,13,9
8330,1417,15,17
8331,1417,5,8
8332,1418,5,4
8333,1418,9,20
8334,1418,5,15
8335,1418,11,13
8336,1418,15,5
8337,1418,2,12
8338,1419,23,12
8339,1419,21,24
8340,1419,23,9
8341,1419,20,17
8342,1419,5,13
8343,1419,5,2
8344,1419,23,13
8345,1419,6,24
8346,1419,15,8
8347,1419,21,7
8348,1420,17,24
8349,1420,22,15
8350,1420,8,24
8351,1420,22,14
8352,1420,14,1
8353,1421,19,16
8354,1421,12,24
8355,1421,9,24
8356,1421,4,21
8357,1422,16,7
8358,1422,3,17
8359,1422,20,11
8360,1422,11,9
8361,1422,15,19
8362,1422,24,14
8363,1422,0,6
8364,1422,10,18
8365,1422,18,3
8366,1423,2,10
8367,1423,11,24
8368,1423,11,4
8369,1423,7,24
8370,1423,8,14
8371,1424,3,19
8372,1424,18,3
8373,1424,16,9
8374,1424,5,11
8375,1424,2,21
8376,1424,14,8
8377,1424,17,1
8378,1424,6,13
8379,1425,15,22
8380,1425,21,8
8381,1425,19,20
8382,1425,21,12
8383,1425,6,21
8384,1425,21,24
8385,1425,24,5
8386,1425,23,16
8387,1425,21,7
8388,1425,3,11
8389,1425,12,6
8390,1425,21,15
8391,1426,19,11
8392,1426,9,17
8393,1426,16,8
8394,1426,15,22
8395,1427,5,14
8396,1427,15,7
8397,1428,10,18
8398,1428,19,4
8399,1428,23,0
8400,1428,5,16
8401,1429,1,13
8402,1429,24,18
8403,1429,24,9
8404,1429,18,7
8405,1429,6,17
8406,1429,5,18
8407,1429,21,17
8408,1429,15,22
8409,1429,24,11
8410,1429,13,0
8411,1429,21,4
8412,1430,8,1
8413,1430,13,19
8414,1431,0,8
8415,1431,18,1
8416,1431,19,20
8417,1431,7,14
8418,1431,6,22
8419,1431,0,21
8420,1432,1,9
8421,1432,7,13
8422,1432,11,24
8423,1432,18,0
8424,1433,9,19
8425,1433,16,22
8426,1433,14,16
8427,1433,1,9
8428,1433,20,6
8429,1433,4,1
8430,1433,11,3
8431,1434,12,0
8432,1434,5,7
8433,1434,0,22
8434,1434,10,2
8435,1434,12,24
8436,1434,16,10
8437,1434,9,7
8438,1435,0,23
8439,1435,7,14
8440,1435,1,23
8441,1435,24,21
8442,1436,23,6
8443,1436,15,19
8444,1436,22,16
8445,1437,7,24
8446,1437,5,17
8447,1437,13,17
8448,1437,17,11
8449,1437,16,2
8450,1438,2,17
8451,1438,21,15
8452,1438,21,19
8453,1438,0,19
8454,1438,2,11
8455,1438,20,13
8456,1438,6,8
8457,1438,21,15
8458,1438,22,24
8459,1438,7,20
8460,1439,0,21
8461,1439,5,19
8462,1439,11,8
8463,1439,23,3
8464,1439,13,1
8465,1439,19,4
8466,1439,5,2
8467,1440,3,17
8468,1440,18,22
8469,1440,6,23
8470,1440,19,8
8471,1440,23,17
8472,1440,6,17
8473,1440,2,21
8474,1441,14,24
8475,1441,16,8
8476,1441,21,12
8477,1441,4,23
8478,1441,24,8
8479,1441,21,6
8480,1442,1,9
8481,1442,21,5
8482,1442,22,8
8483,1443,7,10
8484,1443,11,2
8485,1443,5,22
8486,1443,8,22
8487,1443,17,10
8488,1443,22,7
8489,1444,5,3
8490,1444,14,10
8491,1444,9,18
8492,1444,9,2
8493,1444,18,2
8494,1444,9,10
8495,1444,1,18
8496,1445,12,19
8497,1445,5,8
8498,1445,2,0
8499,1445,7,0
8500,1445,12,8
8501,1446,21,1
8502,1446,17,2
8503,1446,23,15
8504,1446,0,23
8505,1446,6,2
8506,1447,17,0
8507,1447,24,6
8508,1447,0,11
8509,1447,0,16
8510,1447,23,21
8511,1447,19,3
8512,1447,13,4
8513,1447,13,15
8514,1447,20,18
8515,1448,6,16
8516,1448,10,8
8517,1448,16,18
8518,1448,16,12
8519,1448,10,22
8520,1448,16,10
8521,1448,23,15
8522,1448,14,0
8523,1449,4,1
8524,1449,19,8
8525,1449,1,4
8526,1449,13,15
8527,1449,7,0
8528,1449,10,8
8529,1450,17,11
8530,1450,17,24
8531,1450,0,2
8532,1450,3,17
8533,1451,0,21
8534,1451,20,22
8535,1451,18,0
8536,1451,1,5
8537,1451,20,4
8538,1451,18,6
8539,1452,2,17
8540,1452,11,1
8541,1453,19,7
8542,1453,16,3
8543,1453,6,20
8544,1453,18,14
8545,1453,12,5
8546,1453,22,5
8547,1454,10,18
8548,1454,14,5
8549,1454,13,15
8550,1455,7,14
8551,1455,6,17
8552,1455,19,13
8553,1455,12,15
8554,1455,7,18
8555,1455,13,0
8556,1455,16,13
8557,1455,4,7
8558,1455,9,24
8559,1455,10,18
8560,1456,23,16
8561,1456,22,0
8562,1456,6,2
8563,1456,0,21
8564,1456,16,20
8565,1457,16,0
8566,1457,16,19
8567,1457,7,4
8568,1457,10,4
8569,1457,15,12
8570,1458,5,16
8571,1458,22,1
8572,1458,24,2
8573,1458,13,1
8574,1458,4,20
8575,1458,11,20
8576,1459,22,11
8577,1459,5,22
8578,1459,1,11
8579,1459,12,14
8580,1459,10,1
8581,1459,21,19
8582,1459,4,7
8583,1459,13,22
8584,1460,9,12
8585,1460,1,16
8586,1460,12,14
8587,1460,17,4
8588,1461,6,13
8589,1461,6,15
8590,1461,24,17
8591,1461,23,16
8592,1461,11,22
8593,1461,3,12
8594,1462,1,12
8595,1462,20,4
8596,1462,22,3
8597,1462,12,0
8598,1463,17,23
8599,1463,14,2
8600,1463,15,8
8601,1463,7,19
8602,1463,21,8
8603,1463,9,20
8604,1463,23,5
8605,1463,0,24
8606,1464,23,20
8607,1464,2,14
8608,1464,9,13
8609,1464,16,20
8610,1464,12,16
8611,1464,9,7
8612,1464,18,9
8613,1465,8,1
8614,1465,12,4
8615,1465,18,5
8616,1465,21,5
8617,1465,2,21
8618,1465,21,2
8619,1465,17,0
8620,1466,0,22
8621,1466,6,4
8622,1466,21,2
8623,1466,19,17
8624,1467,24,12
8625,1467,23,6
8626,1467,12,20
8627,1467,19,8
8628,1467,13,21
8629,1468,18,8
8630,1468,4,12
8631,1468,8,1
8632,1468,7,24
8633,1468,5,1
8634,1468,24,8
8635,1468,2,14
8636,1469,20,2
8637,1469,4,2
8638,1469,3,24
8639,1469,1,14
8640,1470,19,22
8641,1470,2,21
8642,1470,1,20
8643,1470,13,9
8644,1470,14,7
8645,1470,9,22
8646,1470,13,4
8647,1470,22,5
8648,1470,1,12
8649,1470,23,6
8650,1471,15,21
8651,1471,16,12
8652,1471,6,17
8653,1471,17,3
8654,1472,24,16
8655,1472,15,7
8656,1472,4,23
8657,1473,11,15
8658,1473,13,0
8659,1473,18,9
8660,1473,11,17
8661,1473,7,9
8662,1473,19,23
8663,1473,1,15
8664,1474,4,23
8665,1474,1,3
8666,1474,1,3
8667,1474,1,23
8668,1474,5,8
8669,1474,5,21
8670,1474,12,24
8671,1474,20,17
8672,1475,5,24
8673,1475,24,4
8674,1475,22,11
8675,1475,2,14
8676,1475,14,16
8677,1475,12,21
8678,1475,5,7
8679,1475,19,2
8680,1476,0,22
8681,1476,8,14
8682,1476,7,22
8683,1476,15,22
8684,1476,0,23
8685,1476,21,18
8686,1477,6,2
8687,1477,1,9
8688,1477,3,24
8689,1477,4,20
8690,1477,0,2
8691,1477,5,17
8692,1478,22,1
8693,1478,17,6
8694,1478,8,22
8695,1478,4,22
8696,1478,9,6
8697,1478,18,21
8698,1478,11,22
8699,1478,13,6
8700,1479,5,13
8701,1479,12,19
8702,1479,18,11
8703,1479,21,7
8704,1479,20,23
8705,1479,9,7
8706,1479,15,2
8707,1480,2,22
8708,1480,0,2
8709,1480,11,24
8710,1480,5,17
8711,1480,15,24
8712,1480,19,10
8713,1480,10,18
8714,1481,8,16
8715,1481,7,14
8716,1481,16,10
8717,1481,15,9
8718,1481,9,13
8719,1481,12,5
8720,1481,18,4
8721,1481,9,24
8722,1482,5,19
8723,1482,4,21
8724,1482,7,14
8725,1482,16,22
8726,1482,6,12
8727,1483,12,2
8728,1483,6,15
8729,1483,1,19
8730,1483,5,8
8731,1483,8,21
8732,1483,11,1
8733,1483,22,18
8734,1484,4,17
8735,1484,6,20
8736,1484,19,5
8737,1484,3,18
8738,1484,16,23
8739,1484,18,4
8740,1485,12,2
8741,1485,6,15
8742,1485,17,4
8743,1485,21,7
8744,1486,6,9
8745,1486,0,12
8746,1486,0,17
8747,1486,13,2
8748,1486,0,8
8749,1486,5,18
8750,1486,20,10
8751,1486,21,9
8752,1486,11,19
8753,1486,6,21
8754,1486,13,6
8755,1486,22,15
8756,1487,24,5
8757,1487,15,12
8758,1487,9,17
8759,1488,2,16
8760,1488,4,6
8761,1488,15,11
8762,1488,18,12
8763,1488,21,15
8764,1488,4,23
8765,1488,21,14
8766,1488,4,17
8767,1488,20,14
8768,1489,7,17
8769,1489,11,19
8770,1489,23,20
8771,1489,9,21
8772,1489,4,20
8773,1489,3,14
8774,1490,22,10
8775,1490,18,0
8776,1490,14,17
8777,1490,19,22
8778,1490,16,23
8779,1490,22,0
8780,1490,12,20
8781,1491,17,10
8782,1491,17,1
8783,1492,9,0
8784,1492,19,21
8785,1492,16,1
8786,1492,20,8
8787,1492,16,4
8788,1492,10,4
8789,1493,24,18
8790,1493,7,21
8791,1493,4,22
8792,1493,8,2
8793,1493,9,19
8794,1494,23,7
8795,1494,24,15
8796,1494,7,22
8797,1494,22,13
8798,1494,1,8
8799,1495,3,21
8800,1495,4,17
8801,1495,2,18
8802,1495,1,20
8803,1495,7,9
8804,1495,10,17
8805,1495,19,12
8806,1496,22,14
8807,1496,9,22
8808,1496,1,3
8809,1496,5,21
8810,1496,17,4
8811,1496,23,20
8812,1497,6,13
8813,1497,23,0
8814,1497,4,18
8815,1497,18,21
8816,1497,20,7
8817,1497,19,22
8818,1497,20,7
8819,1497,10,24
8820,1497,20,10
8821,1497,23,1
8822,1498,20,13
8823,1498,24,14
8824,1498,19,17
8825,1498,1,11
8826,1498,19,7
8827,1498,10,8
8828,1498,16,5
8829,1498,14,12
8830,1499,17,10
8831,1499,8,10
8832,1499,24,22
8833,1499,13,19
8834,1500,17,24
8835,1500,5,22
8836,1500,19,6
8837,1500,24,9
8838,1500,4,13
8839,1500,6,3
8840,1501,12,9
8841,1501,15,23
8842,1501,0,4
8843,1501,22,6
8844,1501,5,4
8845,1501,17,2
8846,1501,18,24
8847,1501,10,6
8848,1501,3,5
8849,1501,11,7
8850,1501,4,0
8851,1501,6,0
8852,1502,6,8
8853,1502,23,8
8854,1502,9,19
8855,1502,18,16
8856,1502,2,12
8857,1502,0,4
8858,1502,6,14
8859,1502,8,6
8860,1502,12,2
8861,1502,23,19
8862,1502,14,11
8863,1503,14,6
8864,1503,12,9
8865,1503,19,0
8866,1503,23,19
8867,1503,21,17
8868,1503,11,15
8869,1503,20,13
8870,1503,12,16
8871,1504,1,14
8872,1504,17,2
8873,1504,10,1
8874,1504,20,13
8875,1504,2,19
8876,1504,20,3
8877,1504,15,22
8878,1504,11,5
8879,1505,15,12
8880,1505,1,23
8881,1506,10,2
8882,1506,16,20
8883,1506,2,8
8884,1506,12,15
8885,1506,17,13
8886,1506,20,7
8887,1507,23,9
8888,1507,0,10
8889,1507,5,9
8890,1507,3,5
8891,1508,6,2
8892,1508,19,10
8893,1508,22,14
8894,1508,4,11
8895,1508,18,15
8896,1508,18,24
8897,1508,11,21
8898,1508,5,18
8899,1509,23,21
8900,1509,18,15
8901,1509,1,19
8902,1509,10,17
8903,1509,15,5
8904,1509,12,19
8905,1510,10,12
8906,1510,2,15
8907,1510,20,1
8908,1510,5,16
8909,1510,13,4
8910,1511,23,16
8911,1511,18,11
8912,1511,8,21
8913,1511,14,10
8914,1511,10,12
8915,1512,10,19
8916,1512,6,9
8917,1512,9,15
8918,1512,9,16
8919,1512,15,2
8920,1513,6,17
8921,1513,23,4
8922,1513,16,19
8923,1513,12,5
8924,1513,7,19
8925,1514,11,15
8926,1514,3,0
8927,1514,8,11
8928,1514,10,22
8929,1514,7,4
8930,1515,20,11
8931,1515,0,12
8932,1515,2,6
8933,1516,14,3
8934,1516,1,3
8935,1516,21,0
8936,1516,16,0
8937,1517,6,16
8938,1517,5,16
8939,1517,4,0
8940,1518,5,7
8941,1518,3,23
8942,1518,12,2
8943,1519,21,8
8944,1519,10,18
8945,1519,20,4
8946,1519,14,3
8947,1519,22,10
8948,1519,13,21
8949,1519,1,23
8950,1519,8,11
8951,1519,11,13
8952,1519,17,13
8953,1519,22,16
8954,1520,15,7
8955,1520,15,9
8956,1520,15,8
8957,1520,8,17
8958,1520,23,11
8959,1520,16,0
8960,1520,9,11
8961,1521,15,2
8962,1521,14,23
8963,1521,24,14
8964,1521,23,3
8965,1522,2,14
8966,1522,4,11
8967,1522,8,21
8968,1522,16,13
8969,1523,15,13
8970,1523,15,7
8971,1523,19,17
8972,1524,1,4
8973,1524,9,6
8974,1524,6,8
8975,1524,9,11
8976,1525,4,17
8977,1525,6,8
8978,1525,12,3
8979,1525,22,9
8980,1525,13,1
8981,1525,0,9
8982,1526,10,2
8983,1526,0,6
8984,1526,0,18
8985,1526,16,13
8986,1526,16,9
8987,1526,22,24
8988,1526,7,17
8989,1527,14,12
8990,1527,13,15
8991,1527,1,5
8992,1527,2,17
8993,1527,5,22
8994,1527,11,0
8995,1528,9,6
8996,1528,8,14
8997,1529,14,12
8998,1529,8,12
8999,1529,14,15
9000,1529,2,9
9001,1529,24,3
9002,1529,20,12
9003,1530,6,22
9004,1530,3,14
9005,1530,0,17
9006,1530,17,5
9007,1530,4,15
9008,1530,19,22
9009,1530,22,9
9010,1531,9,20
9011,1532,0,6
9012,1532,11,2
9013,1532,22,14
9014,1533,2,16
9015,1533,24,6
9016,1533,4,22
9017,1533,11,0
9018,1534,24,9
9019,1534,14,4
9020,1534,4,6
9021,1534,12,6
9022,1534,7,5
9023,1534,7,17
9024,1534,3,13
9025,1535,3,0
9026,1535,19,10
9027,1535,19,1
9028,1535,22,18
9029,1535,13,9
9030,1536,16,1
9031,1536,10,17
9032,1536,16,22
9033,1536,20,6
9034,1537,1,11
9035,1537,2,20
9036,1537,3,13
9037,1537,21,24
9038,1537,13,17
9039,1537,4,10
9040,1537,16,18
9041,1537,21,13
9042,1538,24,4
9043,1538,17,0
9044,1538,4,22
9045,1538,3,13
9046,1538,3,1
9047,1538,4,21
9048,1539,9,12
9049,1539,4,6
9050,1539,17,9
9051,1539,10,21
9052,1539,2,12
9053,1539,6,0
9054,1539,7,11
9055,1539,6,9
9056,1539,24,13
9057,1539,9,22
9058,1540,13,19
9059,1540,2,21
9060,1540,23,11
9061,1540,15,14
9062,1541,18,11
9063,1541,22,9
9064,1541,2,23
9065,1541,3,7
9066,1541,17,0
9067,1541,9,15
9068,1541,20,18
9069,1541,13,11
9070,1542,7,3
9071,1542,4,24
9072,1543,12,10
9073,1543,7,14
9074,1543,0,13
9075,1543,9,10
9076,1544,17,24
9077,1544,9,6
9078,1545,5,8
9079,1545,24,20
9080,1545,8,19
9081,1545,23,8
9082,1546,9,3
9083,1546,17,13
9084,1546,4,19
9085,1546,24,22
9086,1546,8,0
9087,1546,19,4
9088,1546,20,9
9089,1547,7,18
9090,1547,24,20
9091,1547,19,17
9092,1548,5,7
9093,1548,5,4
9094,1548,0,22
9095,1548,20,0
9096,1548,21,23
9097,1548,16,7
9098,1548,24,20
9099,1548,16,8
9100,1549,21,1
9101,1549,3,16
9102,1549,12,18
9103,1549,23,12
9104,1549,5,23
9105,1549,9,16
9106,1549,15,0
9107,1549,21,8
9108,1549,11,2
9109,1550,13,4
9110,1550,10,13
9111,1550,15,2
9112,1550,23,20
9113,1550,12,14
9114,1550,1,23
9115,1550,15,12
9116,1551,5,22
9117,1551,1,15
9118,1551,20,4
9119,1551,4,12
9120,1551,19,22
9121,1552,14,17
9122,1552,15,12
9123,1552,18,5
9124,1552,12,8
9125,1552,20,5
9126,1552,19,3
9127,1553,19,7
9128,1554,23,17
9129,1554,19,0
9130,1554,2,21
9131,1554,9,21
9132,1554,1,15
9133,1555,3,1
9134,1555,23,5
9135,1555,6,12
9136,1555,4,1
9137,1555,0,4
9138,1555,17,2
9139,1555,11,7
9140,1555,5,19
9141,1556,22,18
9142,1556,6,12
9143,1556,11,7
9144,1556,13,23
9145,1556,14,15
9146,1556,18,9
9147,1556,17,24
9148,1556,23,8
9149,1557,13,7
9150,1557,7,4
9151,1557,8,19
9152,1557,6,4
9153,1557,1,23
9154,1558,20,16
9155,1558,3,16
9156,1558,8,5
9157,1558,24,0
9158,1558,23,14
9159,1559,9,19
9160,1559,8,5
9161,1559,5,17
9162,1559,4,2
9163,1559,5,8
9164,1559,20,23
9165,1559,19,9
9166,1560,23,9
9167,1560,3,5
9168,1560,17,11
9169,1560,0,11
9170,1560,22,24
9171,1560,14,5
9172,1560,17,9
9173,1560,17,1
9174,1560,3,17
9175,1561,24,14
9176,1561,17,9
9177,1561,5,21
9178,1562,1,22
9179,1562,0,13
9180,1562,10,1
9181,1562,2,22
9182,1563,10,7
9183,1563,4,19
9184,1563,4,6
9185,1563,11,18
9186,1564,7,0
9187,1564,4,16
9188,1564,12,24
9189,1564,19,2
9190,1564,2,21
9191,1564,20,19
9192,1564,22,2
9193,1565,3,24
9194,1565,5,15
9195,1565,14,17
9196,1565,2,12
9197,1565,22,3
9198,1565,9,22
9199,1566,15,9
9200,1566,8,12
9201,1566,14,24
9202,1566,9,11
9203,1566,11,21
9204,1566,24,6
9205,1566,12,20
9206,1567,0,12
9207,1567,18,12
9208,1567,19,1
9209,1567,16,14
9210,1567,7,16
9211,1567,12,5
9212,1567,4,24
9213,1567,24,11
9214,1567,9,20
9215,1567,10,1
9216,1567,12,10
9217,1568,20,1
9218,1568,2,22
9219,1568,20,16
9220,1568,15,5
9221,1568,8,20
9222,1568,17,7
9223,1568,18,20
9224,1568,21,23
9225,1568,22,6
9226,1569,2,17
9227,1569,11,21
9228,1569,6,2
9229,1569,16,9
9230,1569,22,9
9231,1569,4,18
9232,1569,1,17
9233,1570,10,6
9234,1570,5,22
9235,1570,24,12
9236,1570,6,18
9237,1571,23,11
9238,1571,1,21
9239,1571,13,10
9240,1571,24,20
9241,1571,24,20
9242,1572,19,21
9243,1572,9,13
9244,1572,10,3
9245,1572,16,10
9246,1572,24,2
9247,1572,1,11
9248,1573,5,7
9249,1573,1,7
9250,1573,7,1
9251,1573,13,21
9252,1573,2,17
9253,1574,4,2
9254,1574,24,8
9255,1574,0,18
9256,1574,4,23
9257,1574,23,10
9258,1574,14,21
9259,1574,5,8
9260,1574,11,21
9261,1575,11,7
9262,1575,7,13
9263,1575,8,2
9264,1575,2,18
9265,1575,15,8
9266,1576,9,11
9267,1576,24,10
9268,1576,20,16
9269,1576,2,20
9270,1576,13,0
9271,1577,21,1
9272,1577,1,4
9273,1577,19,15
9274,1577,10,2
9275,1577,20,3
9276,1577,4,14
9277,1578,6,17
9278,1578,11,5
9279,1578,14,21
9280,1578,16,2
9281,1578,21,5
9282,1579,20,0
9283,1579,13,4
9284,1579,10,6
9285,1579,10,6
9286,1579,17,9
9287,1579,2,21
9288,1579,22,12
9289,1580,18,6
9290,1580,15,12
9291,1580,6,12
9292,1580,15,17
9293,1581,13,9
9294,1581,0,13
9295,1581,1,9
9296,1581,5,17
9297,1581,13,1
9298,1581,11,17
9299,1581,12,24
9300,1582,9,21
9301,1582,23,16
9302,1582,20,11
9303,1582,1,4
9304,1582,3,11
9305,1582,7,5
9306,1582,21,7
9307,1583,5,21
9308,1583,11,24
9309,1583,23,14
9310,1583,19,16
9311,1583,4,0
9312,1583,14,12
9313,1583,8,16
9314,1583,20,22
9315,1583,13,5
9316,1584,8,20
9317,1584,17,13
9318,1584,12,24
9319,1585,5,12
9320,1585,20,7
9321,1585,9,0
9322,1585,16,18
9323,1585,24,7
9324,1585,24,15
9325,1585,10,24
9326,1586,8,5
9327,1586,16,3
9328,1586,22,20
9329,1586,22,20
9330,1586,10,0
9331,1586,12,3
9332,1587,1,7
9333,1587,13,1
9334,1587,10,3
9335,1587,17,21
9336,1588,22,10
9337,1588,4,23
9338,1588,18,1
9339,1588,15,24
9340,1588,5,4
9341,1588,4,16
9342,1588,1,24
9343,1588,6,17
9344,1588,13,21
9345,1589,2,5
9346,1589,12,20
9347,1589,4,15
9348,1589,23,16
9349,1589,23,16
9350,1589,0,7
9351,1590,12,9
9352,1590,3,20
9353,1590,5,15
9354,1590,16,10
9355,1591,5,4
9356,1591,4,8
9357,1591,0,9
9358,1591,0,16
9359,1592,1,11
9360,1592,7,3
9361,1592,15,6
9362,1592,10,16
9363,1592,3,6
9364,1592,21,3
9365,1592,8,15
9366,1592,7,5
9367,1593,12,3
9368,1593,19,5
9369,1593,19,6
9370,1593,0,9
9371,1593,5,23
9372,1593,7,10
9373,1593,19,17
9374,1594,21,7
9375,1594,6,23
9376,1594,19,20
9377,1594,9,21
9378,1594,9,5
9379,1594,5,4
9380,1595,5,8
9381,1595,14,5
9382,1595,6,13
9383,1595,11,17
9384,1595,16,8
9385,1595,1,20
9386,1595,9,7
9387,1595,23,7
9388,1595,22,15
9389,1596,11,8
9390,1596,0,17
9391,1596,9,1
9392,1596,17,9
9393,1596,1,24
9394,1596,1,5
9395,1597,1,5
9396,1597,22,14
9397,1597,22,14
9398,1597,10,17
9399,1597,6,16
9400,1597,19,23
9401,1598,6,18
9402,1598,23,3
9403,1598,8,18
9404,1599,16,9
9405,1599,16,6
9406,1599,20,7
9407,1599,17,8
9408,1599,24,4
9409,1599,14,12
9410,1599,2,0
9411,1600,15,13
9412,1600,10,6
9413,1600,19,6
9414,1600,3,15
9415,1601,0,19
9416,1601,24,8
9417,1601,0,16
9418,1602,7,15
9419,1602,5,4
9420,1602,0,10
9421,1602,21,0
9422,1602,7,23
9423,1603,14,21
9424,1603,4,7
9425,1603,1,21
9426,1603,23,8
9427,1604,22,0
9428,1604,2,22
9429,1604,9,24
9430,1605,24,10
9431,1605,10,7
9432,1605,18,1
9433,1605,9,22
9434,1606,1,16
9435,1606,12,3
9436,1606,24,13
9437,1606,15,3
9438,1606,8,15
9439,1606,0,17
9440,1607,23,2
9441,1607,3,5
9442,1607,5,22
9443,1608,13,2
9444,1608,23,17
9445,1608,2,11
9446,1608,22,12
9447,1608,3,19
9448,1608,4,0
9449,1609,14,2
9450,1609,11,13
9451,1609,13,7
9452,1609,5,11
9453,1609,19,23
9454,1609,0,20
9455,1610,5,14
9456,1610,1,4
9457,1610,0,17
9458,1610,23,20
9459,1610,15,23
9460,1610,6,14
9461,1610,16,9
9462,1611,0,23
9463,1611,8,14
9464,1611,3,7
9465,1611,23,6
9466,1611,7,1
9467,1611,19,17
9468,1612,9,20
9469,1612,2,4
9470,1613,20,16
9471,1613,24,2
9472,1613,19,12
9473,1613,22,8
9474,1613,9,21
9475,1614,18,1
9476,1614,21,14
9477,1614,19,20
9478,1614,19,9
9479,1614,10,17
9480,1614,3,5
9481,1614,24,7
9482,1614,12,18
9483,1614,10,13
9484,1615,1,20
9485,1615,5,16
9486,1615,4,18
9487,1615,0,23
9488,1615,21,12
9489,1615,8,5
9490,1615,2,24
9491,1615,9,16
9492,1615,11,15
9493,1615,3,13
9494,1615,6,14
9495,1615,1,11
9496,1615,22,7
9497,1615,0,7
9498,1616,5,18
9499,1616,20,17
9500,1616,18,12
9501,1616,12,22
9502,1616,22,7
9503,1616,1,17
9504,1617,16,4
9505,1617,7,20
9506,1617,24,17
9507,1617,20,18
9508,1617,4,15
9509,1617,4,1
9510,1617,8,2
9511,1618,20,7
9512,1618,5,20
9513,1618,12,22
9514,1618,24,3
9515,1618,9,5
9516,1618,10,2
9517,1618,5,11
9518,1618,10,20
9519,1618,20,18
9520,1619,10,7
9521,1619,14,6
9522,1619,24,2
9523,1619,15,17
9524,1619,8,5
9525,1619,7,22
9526,1619,17,14
9527,1620,2,20
9528,1620,22,2
9529,1620,4,24
9530,1620,0,3
9531,1620,11,4
9532,1620,8,18
9533,1620,0,17
9534,1621,2,15
9535,1621,11,17
9536,1621,6,23
9537,1621,9,10
9538,1621,16,14
9539,1621,9,19
9540,1621,20,19
9541,1621,0,17
9542,1622,8,23
9543,1622,9,10
9544,1622,22,20
9545,1622,17,10
9546,1622,20,1
9547,1623,9,22
9548,1623,19,16
9549,1623,18,20
9550,1623,1,24
9551,1623,24,14
9552,1623,18,24
9553,1623,14,10
9554,1624,18,4
9555,1624,21,15
9556,1624,23,8
9557,1624,6,2
9558,1624,8,12
9559,1624,16,6
9560,1624,23,2
9561,1624,3,19
9562,1625,9,15
9563,1625,22,12
9564,1626,7,3
9565,1626,17,20
9566,1626,15,5
9567,1626,13,9
9568,1626,12,18
9569,1627,24,0
9570,1627,2,23
9571,1627,20,2
9572,1627,15,7
9573,1627,12,19
9574,1627,2,24
9575,1627,11,14
9576,1628,17,15
9577,1628,13,20
9578,1628,8,6
9579,1628,17,19
9580,1629,15,12
9581,1629,13,0
9582,1629,4,6
9583,1630,8,5
9584,1630,3,9
9585,1630,0,21
9586,1630,5,23
9587,1630,18,1
9588,1630,22,24
9589,1630,13,3
9590,1631,0,19
9591,1631,24,14
9592,1631,10,16
9593,1632,24,3
9594,1632,21,19
9595,1632,12,14
9596,1632,17,5
9597,1632,20,7
9598,1632,0,3
9599,1632,5,20
9600,1633,15,9
9601,1633,8,12
9602,1633,5,24
9603,1633,4,15
9604,1633,13,17
9605,1633,10,14
9606,1633,1,18
9607,1633,6,0
9608,1633,15,3
9609,1633,14,8
9610,1633,16,9
9611,1634,10,1
9612,1634,4,19
9613,1635,22,11
9614,1635,3,15
9615,1635,17,3
9616,1635,0,3
9617,1635,1,12
9618,1636,2,23
9619,1636,4,17
9620,1636,24,21
9621,1637,7,11
9622,1637,16,10
9623,1637,23,16
9624,1637,21,0
9625,1637,20,5
9626,1637,7,9
9627,1637,0,14
9628,1638,5,20
9629,1638,6,20
9630,1639,5,4
9631,1639,5,18
9632,1639,24,9
9633,1640,0,15
9634,1640,18,16
9635,1640,18,10
9636,1641,19,1
9637,1641,16,9
9638,1641,22,1
9639,1641,13,21
9640,1641,21,5
9641,1641,5,9
9642,1641,16,22
9643,1642,6,21
9644,1642,20,24
9645,1642,5,24
9646,1642,23,8
9647,1643,14,18
9648,1643,16,14
9649,1643,3,9
9650,1644,17,10
9651,1644,4,17
9652,1644,12,15
9653,1644,7,16
9654,1644,15,12
9655,1644,3,5
9656,1644,4,1
9657,1644,9,17
9658,1645,11,15
9659,1645,5,19
9660,1645,14,6
9661,1645,1,20
9662,1645,13,3
9663,1645,10,12
9664,1646,0,4
9665,1646,8,11
9666,1646,20,5
9667,1646,8,10
9668,1646,0,20
9669,1646,24,5
9670,1646,9,15
9671,1646,4,20
9672,1647,3,23
9673,1647,8,19
9674,1647,10,2
9675,1647,19,7
9676,1647,19,20
9677,1647,19,12
9678,1648,14,18
9679,1648,13,23
9680,1648,9,1
9681,1648,16,24
9682,1648,17,4
9683,1649,11,8
9684,1649,0,21
9685,1649,14,22
9686,1649,22,8
9687,1649,22,20
9688,1649,2,5
9689,1649,6,17
9690,1649,6,14
9691,1649,11,13
9692,1649,24,21
9693,1650,14,11
9694,1650,4,6
9695,1650,15,19
9696,1650,18,9
9697,1650,9,16
9698,1650,8,19
9699,1650,22,20
9700,1651,14,18
9701,1651,8,17
9702,1651,8,2
9703,1651,12,0
9704,1651,21,2
9705,1651,12,10
9706,1652,21,8
9707,1652,16,7
9708,1652,4,21
9709,1652,11,2
9710,1652,22,9
9711,1652,24,12
9712,1652,17,20
9713,1653,18,9
9714,1653,19,15
9715,1653,15,24
9716,1654,23,7
9717,1654,14,3
9718,1654,3,20
9719,1654,8,18
9720,1654,12,1
9721,1654,2,5
9722,1654,22,0
9723,1654,9,12
9724,1654,24,3
9725,1654,9,19
9726,1655,6,12
9727,1655,11,3
9728,1655,17,9
9729,1655,13,23
9730,1655,18,5
9731,1655,11,17
9732,1655,11,2
9733,1655,8,11
9734,1656,24,2
9735,1656,2,17
9736,1656,15,8
9737,1656,0,18
9738,1656,2,12
9739,1657,12,16
9740,1657,0,24
9741,1657,15,2
9742,1658,7,20
9743,1658,22,7
9744,1658,7,21
9745,1658,24,10
9746,1659,9,2
9747,1659,0,3
9748,1659,0,17
9749,1659,14,23
9750,1659,12,6
9751,1660,1,18
9752,1660,16,14
9753,1660,19,6
9754,1660,8,19
9755,1660,18,22
9756,1660,2,21
9757,1660,19,20
9758,1660,3,23
9759,1660,9,18
9760,1661,20,22
9761,1661,9,21
9762,1662,23,9
9763,1662,3,7
9764,1662,17,4
9765,1662,5,12
9766,1662,12,15
9767,1662,0,23
9768,1663,2,5
9769,1663,9,21
9770,1664,2,6
9771,1664,14,4
9772,1664,18,5
9773,1664,5,18
9774,1664,17,4
9775,1664,23,2
9776,1665,24,21
9777,1665,23,12
9778,1665,14,21
9779,1665,16,13
9780,1665,18,0
9781,1665,5,23
9782,1665,0,7
9783,1665,4,16
9784,1665,15,23
9785,1665,3,5
9786,1666,7,19
9787,1666,1,13
9788,1666,18,7
9789,1666,8,12
9790,1666,7,22
9791,1667,7,21
9792,1667,9,7
9793,1667,11,23
9794,1667,4,16
9795,1667,6,14
9796,1667,16,0
9797,1668,18,9
9798,1668,6,17
9799,1668,21,2
9800,1668,1,14
9801,1668,20,16
9802,1668,21,19
9803,1668,21,8
9804,1669,8,23
9805,1669,6,18
9806,1669,8,18
9807,1669,13,4
9808,1669,1,4
9809,1669,4,11
9810,1670,20,4
9811,1670,16,7
9812,1670,24,17
9813,1671,3,20
9814,1671,23,21
9815,1673,22,15
9816,1673,24,1
9817,1673,12,24
9818,1673,0,13
9819,1673,17,0
9820,1673,20,13
9821,1673,22,14
9822,1673,24,18
9823,1673,3,7
9824,1673,7,18
9825,1673,5,3
9826,1673,20,0
9827,1674,18,20
9828,1674,21,3
9829,1674,17,24
9830,1674,3,23
9831,1674,2,17
9832,1674,6,20
9833,1674,10,1
9834,1674,24,18
9835,1674,19,9
9836,1675,12,18
9837,1675,24,14
9838,1675,17,11
9839,1675,1,22
9840,1676,7,5
9841,1676,3,21
9842,1676,11,18
9843,1676,0,17
9844,1676,11,9
9845,1676,13,2
9846,1677,11,2
9847,1677,3,20
9848,1677,3,20
9849,1677,10,24
9850,1677,20,6
9851,1678,8,17
9852,1678,3,1
9853,1678,15,4
9854,1678,23,20
9855,1678,13,19
9856,1678,21,23
9857,1678,20,13
9858,1679,24,10
9859,1679,21,9
9860,1679,3,19
9861,1680,1,24
9862,1680,7,22
9863,1680,16,14
9864,1680,24,5
9865,1681,2,8
9866,1681,3,5
9867,1681,5,19
9868,1681,12,4
9869,1681,19,22
9870,1681,1,11
9871,1681,17,10
9872,1681,3,5
9873,1682,6,18
9874,1682,4,12
9875,1682,17,3
9876,1682,17,9
9877,1682,14,24
9878,1682,19,13
9879,1682,13,20
9880,1682,24,14
9881,1683,22,0
9882,1683,15,4
9883,1683,12,16
9884,1684,15,0
9885,1684,8,16
9886,1684,6,2
9887,1684,6,22
9888,1684,20,19
9889,1684,12,22
9890,1684,3,22
9891,1685,12,3
9892,1685,23,19
9893,1685,9,2
9894,1685,3,18
9895,1685,23,15
9896,1685,4,0
9897,1685,9,0
9898,1686,18,7
9899,1686,24,6
9900,1686,17,3
9901,1686,5,22
9902,1686,4,22
9903,1686,17,2
9904,1687,19,1
9905,1687,8,10
9906,1687,16,20
9907,1687,0,7
9908,1688,4,15
9909,1688,9,18
9910,1688,15,0
9911,1688,20,24
9912,1688,11,2
9913,1688,9,12
9914,1688,16,9
9915,1688,16,5
9916,1689,4,12
9917,1689,12,21
9918,1689,10,9
9919,1689,19,20
9920,1689,15,0
9921,1689,2,4
9922,1689,20,13
9923,1689,7,4
9924,1690,14,11
9925,1690,17,2
9926,1690,4,22
9927,1690,20,23
9928,1690,2,17
9929,1690,14,6
9930,1690,9,17
9931,1690,11,9
9932,1691,19,16
9933,1691,20,19
9934,1692,0,24
9935,1692,10,20
9936,1692,18,7
9937,1692,18,21
9938,1692,14,1
9939,1693,21,17
9940,1693,14,7
9941,1693,23,7
9942,1693,1,3
9943,1693,9,11
9944,1693,16,1
9945,1694,24,8
9946,1694,24,0
9947,1694,20,22
9948,1694,7,0
9949,1694,0,22
9950,1694,12,22
9951,1695,18,12
9952,1695,1,5
9953,1695,20,4
9954,1696,21,19
9955,1696,0,8
9956,1696,8,12
9957,1696,14,5
9958,1696,22,15
9959,1696,4,17
9960,1696,17,11
9961,1697,10,21
9962,1697,3,6
9963,1697,17,8
9964,1697,18,14
9965,1697,13,0
9966,1697,20,23
9967,1697,9,22
9968,1697,10,1
9969,1698,12,8
9970,1698,6,9
9971,1698,3,10
9972,1699,24,9
9973,1699,2,13
9974,1699,7,20
9975,1699,2,20
9976,1699,2,12
9977,1699,2,9
9978,1700,13,11
9979,1700,10,24
9980,1700,3,24
9981,1700,21,24
9982,1700,2,17
9983,1700,7,20
9984,1701,0,4
9985,1701,19,22
9986,1701,0,14
9987,1701,2,4
9988,1701,9,3
9989,1702,8,16
9990,1702,10,20
9991,1702,8,11
9992,1703,16,7
9993,1703,5,3
9994,1703,7,18
9995,1703,20,18
9996,1703,18,6
9997,1703,9,17
9998,1703,0,10
9999,1703,0,19
10000,1703,24,8
10001,1704,8,22
10002,1704,24,21
10003,1704,23,14
10004,1704,18,0
10005,1704,7,3
10006,1704,18,15
10007,1704,0,8
10008,1704,19,8
10009,1705,22,13
10010,1705,0,21
10011,1705,8,24
10012,1705,15,2
10013,1705,24,16
10014,1705,4,23
10015,1705,13,24
10016,1705,24,7
10017,1705,24,13
10018,1706,0,18
10019,1706,14,11
10020,1706,21,17
10021,1706,13,6
10022,1706,1,12
10023,1707,17,0
10024,1707,6,14
10025,1707,5,15
10026,1707,18,16
10027,1707,15,2
10028,1708,12,14
10029,1708,0,11
10030,1708,20,5
10031,1708,5,15
10032,1708,11,18
10033,1708,18,20
10034,1708,0,13
10035,1709,3,1
10036,1709,8,11
10037,1709,6,20
10038,1709,20,24
10039,1710,21,15
10040,1710,8,1
10041,1710,3,20
10042,1710,14,18
10043,1710,9,21
10044,1710,3,18
10045,1711,14,23
10046,1711,16,18
10047,1711,23,8
10048,1711,4,19
10049,1711,17,9
10050,1711,11,2
10051,1711,0,14
10052,1712,23,19
10053,1712,4,17
10054,1712,16,12
10055,1712,23,3
10056,1712,8,22
10057,1713,6,24
10058,1713,1,16
10059,1713,23,12
10060,1713,23,17
10061,1713,23,11
10062,1714,5,1
10063,1714,12,22
10064,1714,13,6
10065,1714,3,10
10066,1714,13,6
10067,1715,11,23
10068,1715,13,9
10069,1716,2,15
10070,1716,7,15
10071,1716,1,23
10072,1716,16,5
10073,1716,3,19
10074,1716,8,11
10075,1717,17,1
10076,1717,16,20
10077,1717,10,14
10078,1717,4,1
10079,1717,24,12
10080,1717,22,15
10081,1717,3,18
10082,1717,24,14
10083,1717,23,15
10084,1717,13,22
10085,1718,18,9
10086,1718,20,18
10087,1718,3,15
10088,1718,2,8
10089,1718,20,13
10090,1719,24,0
10091,1719,12,22
10092,1719,3,1
10093,1719,4,23
10094,1719,22,13
10095,1719,21,13
10096,1719,4,18
10097,1719,17,4
10098,1719,11,15
10099,1719,20,0
10100,1719,22,1
10101,1720,9,24
10102,1720,24,14
10103,1720,4,8
10104,1720,14,3
10105,1720,14,10
10106,1720,22,7
10107,1720,18,3
10108,1721,22,5
10109,1721,6,18
10110,1721,12,4
10111,1721,3,10
10112,1722,24,21
10113,1722,13,16
10114,1722,2,20
10115,1722,14,20
10116,1722,3,6
10117,1722,10,0
10118,1722,1,23
10119,1723,21,1
10120,1723,21,13
10121,1723,3,15
10122,1723,22,20
10123,1723,2,11
10124,1723,4,19
10125,1723,0,17
10126,1723,5,8
10127,1723,8,1
10128,1723,16,10
10129,1723,15,4
10130,1723,7,14
10131,1723,24,10
10132,1723,2,23
10133,1724,15,13
10134,1724,15,21
10135,1724,7,22
10136,1724,13,0
10137,1724,2,12
10138,1724,20,9
10139,1725,0,13
10140,1725,18,1
10141,1725,13,3
10142,1725,21,9
10143,1725,18,3
10144,1725,17,23
10145,1725,22,6
10146,1725,1,9
10147,1725,15,13
10148,1725,15,1
10149,1725,4,16
10150,1726,16,13
10151,1726,15,8
10152,1726,6,12
10153,1726,0,17
10154,1726,8,11
10155,1726,0,8
10156,1726,16,20
10157,1726,4,21
10158,1726,19,11
10159,1727,5,1
10160,1727,22,19
10161,1727,21,4
10162,1727,2,21
10163,1728,20,3
10164,1728,13,21
10165,1728,6,3
10166,1729,11,5
10167,1729,12,16
10168,1729,2,9
10169,1729,11,22
10170,1729,19,6
10171,1730,16,3
10172,1730,1,13
10173,1730,22,2
10174,1730,4,22
10175,1731,5,4
10176,1731,9,13
10177,1731,9,17
10178,1731,10,19
10179,1731,19,0
10180,1731,1,3
10181,1731,5,24
10182,1731,24,11
10183,1731,1,11
10184,1732,0,13
10185,1732,7,19
10186,1733,22,7
10187,1733,6,22
10188,1733,5,15
10189,1733,13,15
10190,1733,8,16
10191,1734,10,12
10192,1734,4,23
10193,1734,22,18
10194,1734,12,24
10195,1735,8,20
10196,1735,10,7
10197,1735,16,24
10198,1735,5,8
10199,1736,18,12
10200,1736,5,4
10201,1736,16,1
10202,1736,20,11
10203,1736,16,4
10204,1737,2,18
10205,1737,19,4
10206,1737,0,7
10207,1737,10,13
10208,1738,21,1
10209,1738,12,19
10210,1738,11,19
10211,1738,1,5
10212,1738,8,16
10213,1738,22,7
10214,1738,7,24
10215,1738,8,17
10216,1738,16,12
10217,1738,8,5
10218,1739,2,24
10219,1739,0,15
10220,1739,13,11
10221,1739,4,13
10222,1740,21,7
10223,1740,19,16
10224,1740,21,0
10225,1740,22,11
10226,1740,12,0
10227,1740,14,16
10228,1741,10,19
10229,1741,3,11
10230,1741,11,3
10231,1741,6,4
10232,1742,10,19
10233,1742,10,23
10234,1742,23,13
10235,1742,17,5
10236,1742,7,18
10237,1742,18,20
10238,1742,15,2
10239,1743,6,12
10240,1743,14,7
10241,1743,2,23
10242,1743,22,19
10243,1743,0,13
10244,1743,15,1
10245,1744,8,19
10246,1744,3,9
10247,1744,21,9
10248,1744,21,24
10249,1744,19,1
10250,1745,6,10
10251,1745,17,24
10252,1745,23,5
10253,1745,23,20
10254,1745,11,21
10255,1745,10,3
10256,1745,7,20
10257,1746,2,9
10258,1746,4,19
10259,1746,10,21
10260,1746,0,17
10261,1746,19,12
10262,1746,14,18
10263,1746,18,7
10264,1746,8,15
10265,1746,9,1
10266,1747,16,22
10267,1747,21,7
10268,1747,19,0
10269,1747,24,2
10270,1747,9,12
10271,1747,17,15
10272,1748,24,2
10273,1748,19,3
10274,1748,1,10
10275,1748,20,3
10276,1748,9,11
10277,1748,8,15
10278,1749,15,17
10279,1749,19,23
10280,1749,2,20
10281,1749,4,16
10282,1749,10,1
10283,1750,10,13
10284,1750,17,14
10285,1750,11,24
10286,1750,11,2
10287,1750,5,4
10288,1750,22,13
10289,1750,1,4
10290,1750,1,11
10291,1751,16,1
10292,1751,15,1
10293,1751,0,3
10294,1751,1,10
10295,1751,19,13
10296,1752,13,4
10297,1752,21,15
10298,1752,3,24
10299,1752,3,11
10300,1752,20,14
10301,1752,21,10
10302,1753,3,0
10303,1753,24,4
10304,1753,5,23
10305,1753,6,3
10306,1753,12,18
10307,1753,12,2
10308,1753,2,20
10309,1753,6,0
10310,1754,13,23
10311,1754,23,8
10312,1754,1,16
10313,1754,2,21
10314,1755,18,24
10315,1755,13,24
10316,1755,10,0
10317,1755,18,2
10318,1755,1,5
10319,1755,12,14
10320,1755,11,21
10321,1755,1,22
10322,1755,21,9
10323,1756,11,15
10324,1756,22,3
10325,1756,14,23
10326,1756,21,12
10327,1756,2,13
10328,1757,13,17
10329,1757,24,13
10330,1757,15,3
10331,1758,21,18
10332,1758,14,17
10333,1758,21,7
10334,1759,11,24
10335,1759,20,9
10336,1759,24,9
10337,1759,11,19
10338,1760,22,6
10339,1760,8,12
10340,1760,3,9
10341,1760,5,17
10342,1760,5,9
10343,1760,4,21
10344,1760,8,6
10345,1761,0,20
10346,1761,21,4
10347,1761,1,24
10348,1761,6,10
10349,1761,2,18
10350,1761,0,13
10351,1761,6,22
10352,1761,4,13
10353,1761,5,17
10354,1762,24,1
10355,1762,8,24
10356,1762,18,21
10357,1762,24,4
10358,1763,4,12
10359,1763,14,23
10360,1763,4,18
10361,1763,15,21
10362,1763,18,5
10363,1763,0,9
10364,1764,12,10
10365,1764,7,10
10366,1764,20,3
10367,1764,24,8
10368,1765,14,0
10369,1765,3,23
10370,1765,4,20
10371,1765,0,24
10372,1766,24,14
10373,1766,22,9
10374,1766,23,3
10375,1766,13,15
10376,1766,10,22
10377,1766,11,17
10378,1767,20,14
10379,1767,13,19
10380,1767,2,19
10381,1767,20,6
10382,1767,5,19
10383,1767,23,19
10384,1767,8,20
10385,1767,12,6
10386,1768,11,4
10387,1768,17,2
10388,1769,15,3
10389,1769,8,24
10390,1769,1,11
10391,1769,2,13
10392,1769,24,6
10393,1769,15,9
10394,1769,18,12
10395,1769,16,3
10396,1770,10,9
10397,1771,23,7
10398,1771,6,23
10399,1771,16,23
10400,1771,11,24
10401,1771,21,13
10402,1771,11,8
10403,1771,16,5
10404,1771,12,4
10405,1771,17,5
10406,1771,12,16
10407,1771,6,14
10408,1771,17,2
10409,1772,23,16
10410,1772,1,3
10411,1772,6,9
10412,1772,20,12
10413,1773,9,22
10414,1773,2,21
10415,1773,17,14
10416,1773,3,19
10417,1773,17,15
10418,1773,24,12
10419,1774,1,11
10420,1774,21,0
10421,1774,2,13
10422,1774,20,11
10423,1774,3,1
10424,1774,19,9
10425,1775,24,21
10426,1775,7,19
10427,1775,17,23
10428,1775,2,9
10429,1775,6,14
10430,1775,2,9
10431,1775,17,23
10432,1775,11,8
10433,1775,5,19
10434,1776,3,0
10435,1776,14,16
10436,1776,17,21
10437,1776,11,5
10438,1776,6,0
10439,1776,16,22
10440,1776,13,11
10441,1777,6,18
10442,1777,22,4
10443,1777,3,1
10444,1777,9,5
10445,1777,13,23
10446,1777,18,16
10447,1778,1,16
10448,1778,1,24
10449,1778,20,12
10450,1778,15,21
10451,1779,15,19
10452,1779,2,6
10453,1779,5,14
10454,1779,1,21
10455,1780,3,15
10456,1780,16,2
10457,1780,15,8
10458,1780,16,4
10459,1781,21,23
10460,1781,18,3
10461,1781,2,23
10462,1781,8,23
10463,1781,19,5
10464,1781,23,8
10465,1781,21,10
10466,1782,1,19
10467,1782,10,9
10468,1782,18,6
10469,1782,6,20
10470,1782,9,13
10471,1783,8,4
10472,1783,5,17
10473,1783,5,12
10474,1783,15,12
10475,1783,21,12
10476,1783,11,17
10477,1784,11,14
10478,1784,1,23
10479,1784,9,20
10480,1784,16,19
10481,1784,0,20
10482,1784,2,10
10483,1785,17,20
10484,1785,20,13
10485,1785,13,21
10486,1785,9,19
10487,1785,20,5
10488,1785,3,5
10489,1786,6,21
10490,1786,19,4
10491,1786,15,7
10492,1786,22,5
10493,1786,11,20
10494,1786,16,6
10495,1786,22,11
10496,1786,4,12
10497,1786,1,14
10498,1787,12,9
10499,1787,23,13
10500,1787,14,12
10501,1787,6,16
10502,1787,13,16
10503,1788,2,23
10504,1788,15,21
10505,1788,21,11
10506,1788,3,13
10507,1789,4,2
10508,1789,10,17
10509,1789,18,4
10510,1789,9,15
10511,1789,20,9
10512,1789,18,14
10513,1789,13,10
10514,1789,4,5
10515,1789,1,19
10516,1790,6,9
10517,1790,7,15
10518,1790,5,20
10519,1791,3,21
10520,1791,2,4
10521,1791,18,2
10522,1791,11,24
10523,1791,14,12
10524,1791,22,14
10525,1791,0,14
10526,1791,6,20
10527,1791,21,12
10528,1792,12,23
10529,1792,12,0
10530,1792,14,10
10531,1793,23,6
10532,1793,4,15
10533,1793,24,2
10534,1793,11,21
10535,1793,13,2
10536,1793,18,1
10537,1794,12,18
10538,1794,18,9
10539,1794,22,20
10540,1794,5,15
10541,1794,6,18
10542,1794,15,13
10543,1794,1,20
10544,1795,17,4
10545,1795,13,9
10546,1795,9,24
10547,1795,0,8
10548,1795,8,19
10549,1795,20,3
10550,1795,17,24
10551,1795,19,12
10552,1796,0,7
10553,1796,2,14
10554,1796,0,2
10555,1796,13,22
10556,1796,8,5
10557,1796,11,4
10558,1796,11,4
10559,1796,13,11
10560,1796,4,18
10561,1796,7,22
10562,1797,2,24
10563,1797,20,2
10564,1797,23,9
10565,1797,0,15
10566,1797,8,15
10567,1797,8,10
10568,1797,8,12
10569,1797,3,18
10570,1798,8,0
10571,1798,14,18
10572,1798,9,12
10573,1798,21,5
10574,1798,17,14
10575,1798,8,6
10576,1798,7,11
10577,1799,11,21
10578,1799,15,13
10579,1799,14,11
