veh_id,t_depart,origin,dest
0,0,17,24
1,0,16,12
2,0,13,17
3,0,16,19
4,0,15,8
5,0,12,2
6,0,11,18
7,0,2,21
8,0,6,10
9,1,8,11
10,1,16,4
11,1,3,16
12,1,10,3
13,1,14,11
14,2,15,0
15,2,2,17
16,2,18,14
17,2,3,7
18,2,10,7
19,2,15,17
20,3,3,17
21,3,20,19
22,3,18,4
23,4,22,12
24,4,17,3
25,5,19,12
26,5,1,24
27,5,6,21
28,5,6,16
29,5,3,11
30,5,17,11
31,5,2,17
32,5,14,12
33,5,11,14
34,5,17,21
35,6,19,12
36,6,6,22
37,6,12,14
38,6,5,7
39,6,21,5
40,6,21,19
41,7,23,7
42,7,2,8
43,7,13,6
44,7,1,17
45,7,3,24
46,7,22,16
47,7,13,11
48,7,10,21
49,8,16,4
50,8,21,2
51,8,20,13
52,8,17,0
53,8,13,7
54,9,23,7
55,9,21,24
56,9,15,12
57,9,5,9
58,9,23,3
59,9,10,0
60,9,19,20
61,9,6,14
62,10,9,1
63,10,14,5
64,10,19,12
65,10,24,10
66,10,16,23
67,10,14,4
68,10,22,9
69,11,9,17
70,11,1,4
71,11,8,11
72,11,6,18
73,11,13,3
74,12,16,10
75,12,2,20
76,12,6,21
77,12,3,17
78,12,24,20
79,12,17,4
80,12,23,1
81,12,10,1
82,13,5,4
83,13,7,4
84,13,15,14
85,14,12,4
86,14,2,19
87,14,17,21
88,14,0,12
89,14,23,16
90,14,2,15
91,14,3,5
92,15,16,0
93,15,17,13
94,15,4,2
95,15,24,20
96,15,9,23
97,15,11,0
98,15,8,1
99,15,12,20
100,15,3,24
101,16,5,21
102,16,22,24
103,16,16,24
104,16,11,5
105,16,16,2
106,16,20,3
107,17,2,17
108,17,10,21
109,17,1,10
110,17,15,19
111,17,22,13
112,18,16,20
113,18,18,10
114,18,20,16
115,18,9,13
116,19,1,17
117,19,12,16
118,19,8,5
119,19,14,20
120,19,5,18
121,20,2,23
122,20,22,5
123,20,23,21
124,21,11,3
125,21,12,3
126,21,5,4
127,21,5,23
128,21,22,14
129,21,23,8
130,22,15,8
131,22,4,7
132,22,16,12
133,22,0,24
134,22,18,4
135,22,7,10
136,22,12,18
137,22,6,21
138,23,1,13
139,23,7,18
140,23,17,20
141,23,6,3
142,23,12,21
143,24,21,5
144,24,12,19
145,24,23,15
146,24,8,22
147,24,15,1
148,24,21,10
149,24,15,7
150,24,0,4
151,24,2,5
152,25,22,2
153,25,7,21
154,25,14,21
155,25,3,13
156,25,15,11
157,25,6,18
158,25,19,16
159,25,13,20
160,26,7,17
161,26,11,7
162,26,18,16
163,26,2,12
164,26,16,6
165,26,4,6
166,26,20,7
167,26,12,8
168,26,14,11
169,26,6,16
170,26,7,15
171,26,1,19
172,26,14,12
173,27,17,7
174,27,16,22
175,27,12,18
176,27,19,23
177,27,14,2
178,27,18,5
179,28,20,10
180,28,5,15
181,28,10,1
182,28,15,0
183,29,2,24
184,29,1,13
185,29,13,10
186,29,1,23
187,29,3,9
188,29,8,5
189,30,15,6
190,30,2,6
191,30,6,8
192,30,4,10
193,30,10,16
194,30,13,10
195,30,9,2
196,30,15,1
197,30,17,20
198,30,2,9
199,30,18,9
200,30,9,1
201,30,9,16
202,30,0,16
203,30,18,9
204,30,22,2
205,30,2,9
206,30,10,1
207,31,12,23
208,31,17,24
209,31,21,3
210,32,14,24
211,32,15,4
212,32,14,1
213,33,14,17
214,33,8,4
215,33,17,14
216,33,0,4
217,34,12,2
218,34,20,2
219,34,14,21
220,34,12,21
221,34,9,1
222,34,3,6
223,34,20,24
224,34,11,18
225,35,5,13
226,36,8,17
227,36,6,18
228,36,0,17
229,36,17,13
230,36,3,6
231,36,6,15
232,36,2,15
233,36,13,3
234,37,21,24
235,37,16,12
236,37,18,11
237,37,10,4
238,37,8,20
239,37,15,24
240,37,7,15
241,38,0,21
242,38,21,18
243,38,2,0
244,39,7,14
245,39,5,9
246,39,18,4
247,39,6,10
248,39,10,20
249,40,14,6
250,40,9,1
251,40,2,18
252,40,12,1
253,40,15,11
254,41,2,6
255,41,0,18
256,41,19,16
257,41,2,20
258,42,23,0
259,42,12,8
260,42,17,6
261,42,8,19
262,42,1,16
263,42,18,24
264,42,0,7
265,43,1,5
266,43,3,20
267,43,0,16
268,43,24,13
269,43,23,9
270,43,2,23
271,44,4,10
272,44,11,4
273,44,10,7
274,44,22,19
275,44,0,23
276,44,7,5
277,44,0,19
278,44,3,5
279,44,9,0
280,45,9,0
281,45,9,15
282,45,4,21
283,45,19,0
284,45,9,3
285,45,23,14
286,46,2,24
287,46,7,15
288,46,5,14
289,46,4,5
290,47,1,3
291,47,2,19
292,47,0,21
293,47,19,13
294,47,23,19
295,48,7,21
296,48,14,22
297,48,3,20
298,49,13,21
299,49,8,22
300,49,24,13
301,50,19,2
302,50,9,20
303,50,10,1
304,50,9,7
305,50,3,1
306,51,22,5
307,51,21,12
308,51,11,14
309,51,18,12
310,51,0,7
311,52,19,10
312,52,21,1
313,52,11,9
314,52,20,6
315,53,11,8
316,53,5,9
317,53,13,4
318,53,20,19
319,53,1,18
320,53,13,7
321,54,18,14
322,54,6,0
323,54,5,22
324,54,1,12
325,55,4,12
326,55,5,22
327,55,15,0
328,55,17,13
329,55,0,6
330,56,15,9
331,56,11,15
332,56,19,2
333,56,6,18
334,56,11,21
335,56,21,24
336,56,0,24
337,56,20,19
338,57,15,4
339,57,14,0
340,57,15,5
341,57,1,10
342,57,18,12
343,57,22,20
344,57,4,15
345,57,22,2
346,57,23,9
347,58,8,14
348,58,6,21
349,58,15,19
350,58,1,8
351,58,17,10
352,58,15,23
353,58,23,8
354,58,0,4
355,59,15,3
356,59,17,20
357,59,1,9
358,59,0,19
359,59,4,5
360,60,9,24
361,60,1,11
362,60,21,18
363,60,24,10
364,60,17,10
365,60,20,19
366,60,18,20
367,61,4,1
368,61,3,21
369,61,17,8
370,62,5,18
371,62,4,12
372,62,21,4
373,62,0,7
374,62,5,3
375,62,20,8
376,63,3,19
377,63,7,1
378,63,16,12
379,63,17,23
380,64,1,12
381,64,0,14
382,64,4,11
383,64,23,2
384,65,13,4
385,65,1,8
386,65,16,18
387,65,17,7
388,65,22,3
389,65,23,1
390,66,0,19
391,66,1,17
392,66,16,3
393,66,4,21
394,66,4,21
395,66,5,22
396,66,11,3
397,67,22,19
398,67,21,24
399,67,15,21
400,67,0,10
401,67,9,0
402,67,11,24
403,67,23,9
404,68,10,6
405,68,9,3
406,68,0,11
407,68,16,19
408,68,5,2
409,68,9,12
410,68,21,8
411,68,19,13
412,69,21,8
413,69,10,16
414,69,8,17
415,69,14,0
416,69,8,18
417,69,21,23
418,70,3,13
419,70,18,9
420,70,2,6
421,70,1,19
422,70,9,12
423,70,10,21
424,71,20,13
425,71,23,16
426,71,0,4
427,71,4,2
428,72,6,19
429,72,11,20
430,72,13,1
431,72,15,9
432,73,19,16
433,73,2,8
434,73,1,4
435,73,7,23
436,73,15,6
437,73,23,4
438,74,9,18
439,74,2,16
440,74,6,17
441,74,5,19
442,74,20,18
443,75,7,21
444,75,12,6
445,75,15,13
446,75,10,24
447,75,13,19
448,75,24,9
449,75,3,9
450,75,17,0
451,76,22,24
452,76,3,18
453,76,17,13
454,76,21,10
455,76,24,21
456,76,20,7
457,76,4,12
458,76,15,7
459,76,24,1
460,76,12,16
461,76,20,24
462,77,5,2
463,77,22,10
464,77,3,6
465,77,5,12
466,77,7,14
467,78,15,13
468,78,22,24
469,78,2,24
470,78,5,14
471,79,0,6
472,79,10,24
473,79,17,15
474,79,6,17
475,79,7,11
476,80,21,14
477,80,17,23
478,80,12,2
479,80,4,17
480,80,22,11
481,80,17,24
482,80,22,8
483,81,11,4
484,81,21,1
485,81,19,9
486,81,19,13
487,81,0,18
488,81,14,17
489,81,16,7
490,81,2,17
491,82,14,20
492,82,8,16
493,82,12,1
494,83,22,7
495,83,22,15
496,83,15,22
497,83,0,11
498,84,22,8
499,84,18,4
500,84,16,1
501,84,6,3
502,85,19,21
503,85,10,19
504,85,12,1
505,85,0,9
506,85,1,8
507,85,9,17
508,85,3,22
509,85,22,15
510,85,20,7
511,86,10,23
512,86,16,22
513,86,11,9
514,86,11,18
515,86,5,8
516,87,13,5
517,87,0,20
518,87,16,18
519,87,11,4
520,87,7,3
521,88,19,17
522,88,17,13
523,88,23,10
524,88,0,7
525,88,13,24
526,88,18,20
527,88,3,19
528,88,5,2
529,88,23,6
530,89,4,0
531,89,6,20
532,89,24,20
533,89,1,20
534,89,1,24
535,90,4,8
536,90,23,6
537,90,16,9
538,90,16,10
539,90,15,5
540,90,1,11
541,90,8,6
542,90,1,7
543,90,19,5
544,90,9,5
545,91,14,24
546,91,10,17
547,91,4,12
548,91,21,19
549,91,21,23
550,91,18,12
551,92,12,0
552,92,9,5
553,92,14,3
554,92,22,6
555,92,2,18
556,92,16,10
557,92,2,17
558,93,7,18
559,93,16,22
560,93,6,14
561,93,14,8
562,93,20,9
563,94,10,20
564,94,0,7
565,94,14,11
566,94,19,20
567,94,11,2
568,94,5,18
569,95,9,24
570,95,17,1
571,95,12,9
572,95,9,19
573,95,19,1
574,95,21,8
575,96,8,21
576,96,4,17
577,96,8,21
578,97,6,8
579,97,4,8
580,97,8,0
581,97,6,19
582,97,12,18
583,97,24,8
584,97,11,8
585,97,15,5
586,98,8,22
587,98,15,14
588,98,15,11
589,98,15,12
590,98,4,7
591,99,22,4
592,99,16,14
593,99,18,7
594,99,21,23
595,99,7,13
596,99,9,23
597,99,5,17
598,100,22,12
599,100,2,10
600,100,21,17
601,100,4,20
602,100,22,16
603,101,21,1
604,101,20,16
605,101,12,10
606,101,14,21
607,102,11,4
608,102,19,4
609,102,22,10
610,102,22,7
611,102,10,23
612,103,18,1
613,103,18,1
614,103,16,18
615,103,11,14
616,103,9,16
617,103,4,8
618,103,12,3
619,104,24,6
620,104,18,14
621,104,4,5
622,104,20,18
623,104,13,11
624,105,14,8
625,105,10,8
626,105,7,1
627,106,18,6
628,106,7,20
629,106,4,0
630,106,1,18
631,106,15,2
632,106,14,4
633,106,3,10
634,107,2,9
635,107,20,19
636,107,7,19
637,107,12,3
638,107,2,11
639,108,18,8
640,108,19,17
641,108,14,10
642,109,19,0
643,109,19,15
644,109,15,12
645,110,3,13
646,110,15,19
647,110,4,10
648,110,9,24
649,110,21,24
650,110,23,7
651,111,15,3
652,111,7,10
653,111,0,21
654,111,17,8
655,111,7,18
656,111,1,10
657,111,1,15
658,111,4,5
659,111,1,14
660,112,18,16
661,112,17,9
662,112,21,13
663,112,14,6
664,112,2,13
665,112,9,20
666,113,20,14
667,113,14,4
668,113,20,16
669,113,15,2
670,113,16,1
671,113,18,9
672,113,0,12
673,114,23,17
674,114,19,1
675,114,8,1
676,114,19,7
677,114,15,9
678,115,5,23
679,116,12,16
680,116,7,23
681,116,23,3
682,116,10,20
683,116,7,5
684,117,23,17
685,117,10,7
686,117,16,20
687,117,14,24
688,117,6,14
689,117,12,21
690,117,14,24
691,117,7,13
692,117,15,5
693,117,10,3
694,118,8,4
695,118,3,7
696,118,10,20
697,119,13,20
698,119,16,2
699,119,19,12
700,119,7,19
701,119,1,11
702,119,19,7
703,119,9,10
704,120,8,18
705,120,4,24
706,120,22,4
707,120,21,19
708,120,18,10
709,120,7,13
710,121,15,5
711,121,20,12
712,121,7,14
713,121,8,19
714,121,8,4
715,121,0,13
716,122,23,13
717,122,6,15
718,122,23,14
719,122,12,6
720,122,2,14
721,122,12,19
722,122,13,1
723,122,14,23
724,123,22,11
725,123,3,21
726,123,7,20
727,123,6,9
728,124,23,10
729,124,0,11
730,124,15,22
731,124,7,14
732,125,10,24
733,125,24,12
734,126,24,13
735,126,17,23
736,126,5,2
737,126,3,12
738,126,18,12
739,126,3,21
740,127,14,23
741,127,10,1
742,127,17,7
743,127,21,24
744,127,11,2
745,127,11,3
746,128,6,23
747,128,16,19
748,128,6,10
749,128,6,8
750,128,20,9
751,128,2,4
752,128,17,21
753,128,12,5
754,129,11,22
755,129,15,14
756,129,1,22
757,129,11,24
758,129,6,16
759,129,20,7
760,130,20,3
761,130,5,9
762,130,23,11
763,130,8,17
764,130,17,0
765,130,2,16
766,130,15,12
767,131,2,11
768,131,5,14
769,131,14,3
770,131,5,22
771,131,16,3
772,131,8,18
773,131,6,10
774,131,15,13
775,132,0,6
776,132,19,9
777,132,15,14
778,132,9,15
779,132,15,19
780,132,13,19
781,132,9,13
782,132,18,22
783,132,16,4
784,132,15,12
785,132,23,13
786,133,4,20
787,133,3,0
788,133,1,10
789,133,5,3
790,133,4,5
791,133,7,1
792,133,4,2
793,134,13,0
794,134,3,18
795,134,11,5
796,134,4,10
797,134,8,24
798,134,15,0
799,134,20,10
800,134,19,22
801,134,1,19
802,134,4,10
803,135,4,22
804,135,21,23
805,135,6,9
806,135,21,5
807,135,0,21
808,136,18,10
809,136,12,21
810,136,9,12
811,136,14,21
812,136,15,22
813,136,21,0
814,136,8,20
815,136,0,15
816,137,24,15
817,137,7,13
818,137,10,8
819,137,10,2
820,137,14,12
821,137,24,10
822,137,7,18
823,138,0,15
824,138,2,17
825,138,10,3
826,138,24,4
827,138,23,4
828,138,19,1
829,138,22,4
830,138,8,10
831,139,17,8
832,139,15,8
833,139,3,15
834,139,24,21
835,139,14,15
836,139,11,2
837,140,8,4
838,140,8,0
839,140,9,2
840,140,9,17
841,140,6,21
842,140,11,18
843,141,0,8
844,141,1,5
845,141,8,15
846,142,3,14
847,142,5,2
848,142,23,21
849,142,3,6
850,142,1,11
851,142,8,4
852,142,15,11
853,142,8,18
854,143,11,15
855,143,4,1
856,143,18,11
857,144,17,5
858,144,23,14
859,144,11,9
860,144,6,14
861,145,6,2
862,145,13,23
863,145,10,7
864,145,5,15
865,145,2,12
866,145,20,14
867,145,0,15
868,145,21,14
869,145,17,2
870,145,7,17
871,146,14,3
872,146,15,11
873,146,17,21
874,146,0,23
875,146,17,21
876,146,15,24
877,147,10,2
878,147,5,18
879,147,17,10
880,147,18,8
881,147,11,20
882,147,14,21
883,147,19,7
884,147,16,2
885,147,6,2
886,148,22,2
887,148,14,20
888,149,5,16
889,149,20,6
890,149,4,0
891,149,9,23
892,150,12,23
893,150,21,24
894,150,22,6
895,150,3,14
896,150,15,13
897,151,13,19
898,151,6,17
899,151,19,23
900,152,4,0
901,152,22,7
902,153,10,12
903,153,8,15
904,153,19,2
905,153,21,17
906,153,1,5
907,153,20,6
908,153,15,14
909,153,18,4
910,153,19,8
911,154,8,6
912,154,20,24
913,154,5,17
914,154,11,3
915,154,22,10
916,154,19,13
917,154,21,7
918,154,11,8
919,155,11,13
920,155,9,11
921,155,1,17
922,155,13,3
923,155,6,16
924,155,2,22
925,155,18,2
926,155,8,21
927,155,19,8
928,156,6,15
929,156,9,6
930,156,22,5
931,156,8,14
932,157,0,18
933,157,6,19
934,157,8,10
935,157,9,21
936,157,1,9
937,158,1,20
938,158,17,23
939,158,19,21
940,158,10,2
941,159,3,23
942,159,8,16
943,159,13,24
944,159,2,13
945,159,19,4
946,160,2,10
947,160,9,12
948,160,20,3
949,160,14,1
950,161,22,1
951,161,20,2
952,162,10,19
953,162,8,23
954,162,24,4
955,163,12,22
956,163,2,22
957,163,0,14
958,163,23,0
959,164,12,2
960,164,10,14
961,164,17,8
962,164,8,16
963,164,22,11
964,165,14,20
965,165,5,2
966,165,6,4
967,165,8,18
968,165,3,17
969,165,2,0
970,165,13,0
971,166,9,5
972,166,22,2
973,166,8,21
974,166,12,14
975,166,23,7
976,166,11,22
977,166,10,12
978,167,12,16
979,167,24,20
980,167,24,2
981,167,24,2
982,167,1,11
983,167,4,8
984,167,1,15
985,167,11,1
986,167,1,10
987,168,2,14
988,168,22,9
989,168,8,18
990,168,16,20
991,169,20,12
992,169,11,3
993,169,4,20
994,169,19,3
995,169,24,11
996,169,18,7
997,170,16,24
998,170,15,4
999,170,23,7
1000,170,14,12
1001,170,17,24
1002,170,11,22
1003,171,8,19
1004,171,12,20
1005,171,3,22
1006,171,23,6
1007,171,0,2
1008,171,0,9
1009,171,23,12
1010,172,0,3
1011,172,13,10
1012,172,1,12
1013,172,24,15
1014,172,4,22
1015,172,2,11
1016,172,20,10
1017,172,15,23
1018,172,16,23
1019,173,17,7
1020,173,22,2
1021,173,21,13
1022,174,3,13
1023,174,5,19
1024,174,22,13
1025,174,13,2
1026,174,1,24
1027,175,18,0
1028,175,16,22
1029,175,15,24
1030,175,6,15
1031,175,3,24
1032,175,19,6
1033,175,6,22
1034,175,4,15
1035,175,11,1
1036,175,8,19
1037,175,23,21
1038,176,21,7
1039,176,11,23
1040,176,2,23
1041,176,1,21
1042,176,24,20
1043,176,16,4
1044,177,21,15
1045,177,21,9
1046,177,10,24
1047,179,0,23
1048,179,18,11
1049,179,19,3
1050,179,8,16
1051,179,2,14
1052,179,6,8
1053,179,10,14
1054,179,23,19
1055,179,12,4
1056,179,16,14
1057,180,22,15
1058,180,23,19
1059,180,7,11
1060,180,9,11
1061,180,6,3
1062,181,14,3
1063,181,18,2
1064,181,1,21
1065,182,20,10
1066,182,2,20
1067,182,9,2
1068,182,2,12
1069,182,7,17
1070,183,21,1
1071,183,11,18
1072,183,20,14
1073,183,1,8
1074,183,2,8
1075,184,8,18
1076,184,20,13
1077,184,8,4
1078,184,24,16
1079,185,6,8
1080,185,15,5
1081,185,1,23
1082,185,22,9
1083,185,2,13
1084,185,24,0
1085,185,17,10
1086,186,10,24
1087,186,3,5
1088,186,5,13
1089,186,10,17
1090,186,1,24
1091,186,11,17
1092,186,22,15
1093,187,14,8
1094,187,1,8
1095,187,2,0
1096,187,11,4
1097,187,6,23
1098,187,18,22
1099,187,22,11
1100,187,14,12
1101,188,4,0
1102,188,2,10
1103,188,4,7
1104,188,5,1
1105,188,5,7
1106,189,1,17
1107,189,7,4
1108,189,21,17
1109,189,22,7
1110,189,10,19
1111,189,11,22
1112,189,24,4
1113,189,15,6
1114,189,0,21
1115,189,4,16
1116,190,4,5
1117,190,7,15
1118,190,7,21
1119,190,15,0
1120,190,15,11
1121,190,3,21
1122,190,2,14
1123,191,2,4
1124,191,15,3
1125,192,4,7
1126,192,17,13
1127,192,9,5
1128,192,22,0
1129,192,24,8
1130,192,23,19
1131,192,22,24
1132,192,20,23
1133,193,22,16
1134,193,22,16
1135,193,16,19
1136,193,11,8
1137,193,8,2
1138,193,6,12
1139,194,11,22
1140,194,13,21
1141,194,4,0
1142,194,19,6
1143,194,13,7
1144,194,16,12
1145,194,22,10
1146,195,17,3
1147,195,19,23
1148,195,0,14
1149,195,8,21
1150,195,21,3
1151,195,10,20
1152,196,11,21
1153,196,2,19
1154,196,11,24
1155,196,18,22
1156,196,1,3
1157,197,22,7
1158,197,20,6
1159,197,7,23
1160,197,22,24
1161,197,0,21
1162,197,7,11
1163,197,9,7
1164,197,6,18
1165,198,22,8
1166,198,11,0
1167,198,0,4
1168,198,1,3
1169,198,22,6
1170,199,23,2
1171,199,7,15
1172,199,24,4
1173,199,5,16
1174,199,23,6
1175,199,5,13
1176,199,21,9
1177,200,14,22
1178,200,20,0
1179,200,7,4
1180,201,7,5
1181,201,22,7
1182,201,8,21
1183,201,18,10
1184,201,14,17
1185,201,10,13
1186,201,23,16
1187,201,22,5
1188,201,8,15
1189,202,13,11
1190,202,2,16
1191,202,12,23
1192,202,13,9
1193,202,8,15
1194,202,11,23
1195,203,19,20
1196,203,6,22
1197,203,22,20
1198,203,21,12
1199,203,8,15
1200,203,15,21
1201,203,23,11
1202,203,10,23
1203,203,4,2
1204,204,10,24
1205,204,10,9
1206,204,19,2
1207,204,11,8
1208,205,22,13
1209,205,2,4
1210,205,2,5
1211,205,5,11
1212,205,9,17
1213,205,14,23
1214,205,6,19
1215,205,7,0
1216,205,3,24
1217,205,20,4
1218,205,19,20
1219,206,3,24
1220,206,7,11
1221,206,15,11
1222,206,15,9
1223,206,16,10
1224,206,8,20
1225,206,2,15
1226,206,3,11
1227,207,4,17
1228,207,18,3
1229,208,16,9
1230,208,24,2
1231,208,20,1
1232,208,17,3
1233,208,13,11
1234,208,3,15
1235,208,22,1
1236,209,24,5
1237,209,16,4
1238,209,6,10
1239,209,6,13
1240,209,13,16
1241,209,20,4
1242,210,22,3
1243,210,2,20
1244,210,1,3
1245,210,17,15
1246,210,1,24
1247,210,3,6
1248,211,9,22
1249,211,20,24
1250,211,2,8
1251,211,6,0
1252,211,11,15
1253,212,0,24
1254,212,21,7
1255,212,3,14
1256,212,19,4
1257,212,2,5
1258,212,2,6
1259,212,13,6
1260,212,16,18
1261,213,9,15
1262,213,4,20
1263,213,2,14
1264,213,23,2
1265,213,21,9
1266,214,19,3
1267,214,10,6
1268,214,16,1
1269,214,10,22
1270,215,17,3
1271,215,14,11
1272,215,0,14
1273,215,10,8
1274,215,11,9
1275,216,9,13
1276,216,16,24
1277,216,24,11
1278,216,24,5
1279,216,3,13
1280,216,9,12
1281,217,16,2
1282,217,22,11
1283,217,4,11
1284,218,3,5
1285,218,21,9
1286,218,22,19
1287,218,12,23
1288,218,23,21
1289,218,7,0
1290,218,17,20
1291,219,21,15
1292,219,1,24
1293,219,12,10
1294,219,2,6
1295,219,13,1
1296,220,11,18
1297,220,19,9
1298,220,10,7
1299,220,1,9
1300,220,24,15
1301,220,13,15
1302,220,16,3
1303,220,0,15
1304,221,10,24
1305,221,2,17
1306,221,22,3
1307,221,12,0
1308,222,13,19
1309,222,19,15
1310,222,15,17
1311,222,12,6
1312,222,15,12
1313,222,0,3
1314,223,7,20
1315,223,21,4
1316,223,17,19
1317,223,14,7
1318,223,19,12
1319,223,24,18
1320,223,8,15
1321,223,23,21
1322,224,2,9
1323,224,17,2
1324,224,19,10
1325,224,16,18
1326,224,0,15
1327,225,15,12
1328,225,1,7
1329,225,8,16
1330,225,5,21
1331,225,24,18
1332,225,24,10
1333,225,18,12
1334,225,14,21
1335,226,23,7
1336,226,5,24
1337,226,11,2
1338,226,17,19
1339,226,16,10
1340,226,1,21
1341,226,12,6
1342,227,14,16
1343,227,2,17
1344,227,1,3
1345,227,21,0
1346,227,7,14
1347,227,8,18
1348,227,14,23
1349,227,9,3
1350,227,20,23
1351,228,19,13
1352,228,2,19
1353,228,23,2
1354,229,24,14
1355,229,22,5
1356,229,13,3
1357,229,22,10
1358,229,10,2
1359,230,2,24
1360,230,2,10
1361,230,10,9
1362,230,8,21
1363,230,11,20
1364,230,6,3
1365,230,13,22
1366,230,16,7
1367,230,15,12
1368,230,12,9
1369,230,13,22
1370,231,0,8
1371,231,2,17
1372,231,18,4
1373,231,20,7
1374,231,15,3
1375,231,0,22
1376,231,24,1
1377,232,1,22
1378,232,22,15
1379,232,5,2
1380,232,1,3
1381,232,18,0
1382,232,4,6
1383,233,3,19
1384,233,13,5
1385,233,12,5
1386,233,6,9
1387,233,5,19
1388,234,14,3
1389,234,11,19
1390,234,13,1
1391,234,14,16
1392,234,14,23
1393,234,15,6
1394,234,0,8
1395,235,4,15
1396,235,24,18
1397,235,24,15
1398,235,21,4
1399,235,19,13
1400,236,3,22
1401,236,7,4
1402,236,11,20
1403,236,11,19
1404,236,8,12
1405,237,2,6
1406,237,9,18
1407,237,23,21
1408,237,3,21
1409,237,13,9
1410,237,14,17
1411,238,12,2
1412,238,12,24
1413,238,13,5
1414,239,11,9
1415,239,24,6
1416,239,2,20
1417,240,20,3
1418,240,15,18
1419,240,6,14
1420,240,17,7
1421,240,22,6
1422,241,13,7
1423,241,23,13
1424,242,14,1
1425,242,5,19
1426,242,3,11
1427,242,11,0
1428,242,2,23
1429,242,1,18
1430,243,20,6
1431,243,12,23
1432,243,23,21
1433,243,2,14
1434,244,19,21
1435,244,3,21
1436,244,9,21
1437,245,1,7
1438,245,14,5
1439,245,22,4
1440,245,2,21
1441,245,6,14
1442,246,22,14
1443,247,8,12
1444,247,12,23
1445,247,2,23
1446,247,22,24
1447,247,22,11
1448,248,1,3
1449,248,1,14
1450,248,18,10
1451,248,0,4
1452,248,11,14
1453,248,9,15
1454,248,12,16
1455,248,7,0
1456,248,22,18
1457,248,9,21
1458,249,8,10
1459,249,17,8
1460,249,1,3
1461,249,10,23
1462,249,11,7
1463,249,12,3
1464,250,18,2
1465,250,17,10
1466,250,11,24
1467,250,1,23
1468,251,4,7
1469,251,0,9
1470,251,4,15
1471,251,21,0
1472,251,20,1
1473,251,4,15
1474,251,11,22
1475,252,21,4
1476,252,16,4
1477,252,17,2
1478,252,16,2
1479,252,17,7
1480,252,24,13
1481,253,1,20
1482,253,15,0
1483,253,11,23
1484,253,13,19
1485,253,21,7
1486,254,22,10
1487,254,20,5
1488,254,15,3
1489,254,16,20
1490,254,4,17
1491,254,14,12
1492,254,11,20
1493,254,21,23
1494,255,12,6
1495,255,16,9
1496,255,21,8
1497,256,23,19
1498,256,8,15
1499,256,10,24
1500,256,23,21
1501,256,5,1
1502,256,23,9
1503,256,6,14
1504,256,16,23
1505,257,11,15
1506,257,17,6
1507,257,21,1
1508,257,2,8
1509,257,10,6
1510,257,12,21
1511,257,11,3
1512,258,6,19
1513,258,9,10
1514,258,4,2
1515,258,14,15
1516,258,2,20
1517,259,0,2
1518,259,22,2
1519,260,12,22
1520,260,18,9
1521,260,3,6
1522,260,5,7
1523,260,0,7
1524,260,8,16
1525,260,24,13
1526,260,1,17
1527,260,9,22
1528,260,14,4
1529,261,7,4
1530,261,15,12
1531,261,20,7
1532,261,22,19
1533,261,11,4
1534,261,10,19
1535,261,19,9
1536,262,12,8
1537,262,23,21
1538,262,21,2
1539,262,0,17
1540,263,24,11
1541,263,10,24
1542,263,17,10
1543,263,5,9
1544,264,14,11
1545,264,10,17
1546,264,16,1
1547,264,23,10
1548,264,20,3
1549,264,13,9
1550,264,8,24
1551,265,23,7
1552,265,5,19
1553,265,11,20
1554,265,5,9
1555,265,20,24
1556,265,20,1
1557,265,19,10
1558,265,24,2
1559,266,22,14
1560,266,17,19
1561,266,16,5
1562,266,13,2
1563,266,23,9
1564,266,20,17
1565,266,22,18
1566,267,4,10
1567,267,13,11
1568,267,1,4
1569,267,24,15
1570,268,5,23
1571,268,10,6
1572,268,21,14
1573,268,15,11
1574,268,6,2
1575,268,3,6
1576,269,9,3
1577,269,18,15
1578,269,4,1
1579,269,4,24
1580,269,23,0
1581,270,5,7
1582,270,5,4
1583,270,11,19
1584,270,13,1
1585,271,23,8
1586,271,7,18
1587,271,0,9
1588,271,7,16
1589,272,11,4
1590,272,10,0
1591,272,11,17
1592,272,24,3
1593,272,1,11
1594,273,21,9
1595,273,23,16
1596,273,24,14
1597,273,22,20
1598,273,1,11
1599,273,10,12
1600,273,18,16
1601,273,16,0
1602,274,14,21
1603,274,24,20
1604,274,10,7
1605,274,2,6
1606,274,1,13
1607,274,9,17
1608,274,4,13
1609,275,19,5
1610,275,8,16
1611,275,6,2
1612,275,8,17
1613,275,3,21
1614,275,6,17
1615,275,7,23
1616,276,19,4
1617,276,20,23
1618,276,22,8
1619,276,1,17
1620,276,15,5
1621,276,9,16
1622,277,17,14
1623,277,8,23
1624,277,20,22
1625,277,20,22
1626,277,1,14
1627,277,19,7
1628,278,12,20
1629,278,10,12
1630,278,24,2
1631,278,12,21
1632,278,4,16
1633,278,2,4
1634,279,22,8
1635,279,6,12
1636,279,13,22
1637,279,20,11
1638,279,13,9
1639,279,0,7
1640,280,2,23
1641,280,3,23
1642,280,11,21
1643,280,24,15
1644,281,22,10
1645,282,0,18
1646,282,17,23
1647,282,23,21
1648,282,15,6
1649,282,5,23
1650,282,19,20
1651,282,19,23
1652,282,2,20
1653,283,23,12
1654,283,18,8
1655,283,6,18
1656,283,22,0
1657,283,22,16
1658,283,11,3
1659,283,20,3
1660,283,6,13
1661,283,9,10
1662,283,9,23
1663,283,14,0
1664,283,2,23
1665,283,24,9
1666,283,17,13
1667,283,9,10
1668,284,20,22
1669,284,2,22
1670,284,8,10
1671,284,10,18
1672,285,17,0
1673,285,3,22
1674,285,2,18
1675,285,5,16
1676,285,6,15
1677,286,14,8
1678,286,23,0
1679,286,21,18
1680,287,7,4
1681,287,0,12
1682,287,21,10
1683,287,21,24
1684,287,9,11
1685,287,24,1
1686,287,12,5
1687,287,4,0
1688,288,17,3
1689,288,10,23
1690,288,23,2
1691,288,20,8
1692,289,14,1
1693,289,17,2
1694,289,0,22
1695,289,20,8
1696,290,8,6
1697,290,5,22
1698,290,19,7
1699,290,7,19
1700,290,20,19
1701,291,2,11
1702,291,14,12
1703,291,0,10
1704,291,7,11
1705,291,8,23
1706,291,15,12
1707,292,10,13
1708,292,19,0
1709,292,12,18
1710,293,3,19
1711,293,3,0
1712,293,19,22
1713,293,15,9
1714,293,20,14
1715,293,1,13
1716,294,23,12
1717,294,11,4
1718,294,19,8
1719,294,0,14
1720,294,1,4
1721,295,2,19
1722,295,18,6
1723,295,0,24
1724,295,4,16
1725,295,20,0
1726,295,10,4
1727,295,16,20
1728,295,3,12
1729,295,13,1
1730,296,2,14
1731,296,7,20
1732,296,20,16
1733,296,1,13
1734,297,8,1
1735,297,24,10
1736,297,21,14
1737,297,10,1
1738,297,24,2
1739,297,0,13
1740,298,16,1
1741,298,24,1
1742,298,2,24
1743,298,6,16
1744,298,8,15
1745,299,17,13
1746,299,19,0
1747,300,21,4
1748,300,14,21
1749,300,18,1
1750,300,8,19
1751,300,22,6
1752,300,4,19
1753,301,19,3
1754,301,12,16
1755,301,2,12
1756,301,2,0
1757,301,2,10
1758,302,3,15
1759,302,18,4
1760,302,2,19
1761,302,21,18
1762,302,16,13
1763,302,4,10
1764,302,9,0
1765,302,8,1
1766,302,22,11
1767,302,14,3
1768,302,13,20
1769,302,1,10
1770,303,11,0
1771,303,22,0
1772,303,10,17
1773,303,20,0
1774,303,17,10
1775,304,1,15
1776,304,1,21
1777,304,4,5
1778,304,8,14
1779,304,24,21
1780,304,6,23
1781,304,13,24
1782,305,5,22
1783,305,5,9
1784,305,18,9
1785,305,24,4
1786,305,3,10
1787,305,24,3
1788,305,19,5
1789,305,17,3
1790,305,13,11
1791,306,4,8
1792,306,0,8
1793,306,9,6
1794,307,15,14
1795,307,4,7
1796,307,15,9
1797,307,24,13
1798,307,13,1
1799,307,6,24
1800,307,13,24
1801,307,13,11
1802,307,19,6
1803,308,12,24
1804,308,18,14
1805,308,5,23
1806,308,15,0
1807,308,11,19
1808,309,16,3
1809,309,23,5
1810,309,8,11
1811,309,17,19
1812,309,10,17
1813,309,1,20
1814,309,1,9
1815,309,23,0
1816,309,11,18
1817,309,11,21
1818,309,3,11
1819,310,12,8
1820,310,13,6
1821,310,7,13
1822,310,23,16
1823,310,19,16
1824,311,24,1
1825,311,11,14
1826,311,8,15
1827,311,5,17
1828,311,2,5
1829,311,3,22
1830,311,8,5
1831,311,14,20
1832,312,4,17
1833,312,6,24
1834,312,6,21
1835,312,16,19
1836,312,2,20
1837,312,12,4
1838,312,23,2
1839,312,17,6
1840,313,5,2
1841,313,11,22
1842,313,13,2
1843,313,15,9
1844,313,21,24
1845,313,20,18
1846,313,4,13
1847,313,7,3
1848,314,20,23
1849,314,5,19
1850,314,19,1
1851,314,10,0
1852,315,6,4
1853,315,4,6
1854,315,14,24
1855,316,3,15
1856,316,3,16
1857,316,2,11
1858,316,24,16
1859,316,1,11
1860,317,14,10
1861,317,13,11
1862,317,23,4
1863,318,17,0
1864,318,7,5
1865,318,10,8
1866,318,5,22
1867,318,2,4
1868,318,13,20
1869,318,2,10
1870,319,14,21
1871,319,10,13
1872,319,3,18
1873,320,17,21
1874,320,14,2
1875,320,21,10
1876,320,1,3
1877,320,0,3
1878,320,3,10
1879,321,18,6
1880,321,24,18
1881,321,4,10
1882,321,3,14
1883,321,20,8
1884,321,2,9
1885,322,6,22
1886,322,21,19
1887,322,8,21
1888,322,15,9
1889,322,3,23
1890,322,8,5
1891,322,24,14
1892,322,7,22
1893,323,4,20
1894,323,21,5
1895,323,7,19
1896,323,15,12
1897,323,2,24
1898,323,10,8
1899,323,17,15
1900,324,11,1
1901,324,4,0
1902,324,4,8
1903,324,18,22
1904,324,18,0
1905,324,2,10
1906,324,4,0
1907,324,1,11
1908,324,23,20
1909,324,8,15
1910,324,6,16
1911,324,22,1
1912,325,2,20
1913,325,19,17
1914,325,12,4
1915,325,15,4
1916,325,4,14
1917,326,11,8
1918,326,2,21
1919,326,0,6
1920,326,15,17
1921,327,9,1
1922,327,23,13
1923,327,18,12
1924,327,9,5
1925,327,10,24
1926,327,23,1
1927,328,6,4
1928,328,24,18
1929,328,0,24
1930,328,11,15
1931,328,2,8
1932,328,1,23
1933,329,19,21
1934,329,23,0
1935,329,24,18
1936,329,10,16
1937,329,9,0
1938,330,11,20
1939,330,21,1
1940,330,14,24
1941,330,12,5
1942,330,14,6
1943,330,18,6
1944,331,0,20
1945,331,6,13
1946,331,11,5
1947,331,12,24
1948,331,19,10
1949,331,11,7
1950,331,4,15
1951,331,0,3
1952,331,6,17
1953,331,6,24
1954,331,2,14
1955,332,3,7
1956,332,21,10
1957,332,2,4
1958,332,14,0
1959,332,22,0
1960,333,7,1
1961,333,2,10
1962,333,21,5
1963,333,20,12
1964,333,22,0
1965,333,9,7
1966,333,3,20
1967,333,1,16
1968,334,21,19
1969,334,21,1
1970,334,22,10
1971,334,3,12
1972,334,3,9
1973,334,15,21
1974,334,1,11
1975,334,19,8
1976,335,15,0
1977,335,15,18
1978,335,11,0
1979,335,21,8
1980,335,14,2
1981,335,15,17
1982,335,20,7
1983,335,10,14
1984,335,4,21
1985,336,18,21
1986,336,1,13
1987,336,14,4
1988,336,12,3
1989,336,2,24
1990,336,4,8
1991,337,1,3
1992,337,23,14
1993,337,7,19
1994,337,12,6
1995,337,20,14
1996,337,17,3
1997,338,0,13
1998,338,12,5
1999,338,16,1
2000,338,21,10
2001,338,2,16
2002,338,15,21
2003,338,24,22
2004,338,23,5
2005,338,15,22
2006,338,13,16
2007,339,21,7
2008,339,18,7
2009,339,0,2
2010,339,12,19
2011,339,19,12
2012,339,21,13
2013,339,13,21
2014,340,24,18
2015,340,13,17
2016,340,18,24
2017,340,9,20
2018,340,16,18
2019,340,21,24
2020,340,5,22
2021,340,3,19
2022,340,6,18
2023,340,1,19
2024,340,10,20
2025,341,17,0
2026,342,8,10
2027,342,9,24
2028,342,22,0
2029,342,1,18
2030,343,18,11
2031,343,2,22
2032,343,11,8
2033,343,1,4
2034,343,4,19
2035,343,14,6
2036,343,10,4
2037,343,24,3
2038,343,3,11
2039,343,1,18
2040,344,22,12
2041,344,2,24
2042,344,4,7
2043,344,23,14
2044,344,18,2
2045,345,24,9
2046,345,2,12
2047,345,23,6
2048,345,10,17
2049,346,22,14
2050,346,15,6
2051,346,12,23
2052,346,21,9
2053,347,12,19
2054,347,12,5
2055,347,16,18
2056,347,8,0
2057,347,22,15
2058,348,11,3
2059,348,4,24
2060,348,7,23
2061,348,10,23
2062,348,19,0
2063,349,23,3
2064,349,1,9
2065,349,16,7
2066,349,10,8
2067,350,21,24
2068,350,17,14
2069,350,23,13
2070,350,3,5
2071,351,24,6
2072,351,23,2
2073,351,21,10
2074,351,16,5
2075,351,12,5
2076,351,7,24
2077,351,18,10
2078,352,4,6
2079,352,6,4
2080,352,18,7
2081,352,5,12
2082,352,24,4
2083,352,16,23
2084,353,8,24
2085,353,18,11
2086,353,0,7
2087,353,4,17
2088,353,18,16
2089,353,6,22
2090,353,24,4
2091,354,10,20
2092,354,19,11
2093,354,2,20
2094,354,7,23
2095,354,24,16
2096,354,21,17
2097,355,23,10
2098,355,23,14
2099,356,21,4
2100,356,15,21
2101,356,12,6
2102,356,15,13
2103,356,22,10
2104,356,2,4
2105,356,4,18
2106,356,1,16
2107,357,3,14
2108,357,17,24
2109,357,19,12
2110,358,14,21
2111,358,17,7
2112,358,22,10
2113,358,15,19
2114,358,15,7
2115,359,12,20
2116,359,5,12
2117,359,24,18
2118,359,18,0
2119,360,15,24
2120,360,23,9
2121,360,15,8
2122,360,5,12
2123,360,14,18
2124,360,8,17
2125,361,0,9
2126,361,11,22
2127,361,3,11
2128,361,21,2
2129,361,18,7
2130,362,12,4
2131,362,4,8
2132,362,20,7
2133,362,21,19
2134,362,1,4
2135,362,6,24
2136,362,3,18
2137,363,5,24
2138,363,19,10
2139,363,2,9
2140,363,19,9
2141,363,0,23
2142,363,18,11
2143,363,21,15
2144,363,12,23
2145,363,5,18
2146,363,22,3
2147,364,7,18
2148,364,24,16
2149,365,14,11
2150,365,17,15
2151,365,17,1
2152,365,20,5
2153,365,13,0
2154,365,24,1
2155,366,18,2
2156,366,3,9
2157,366,9,3
2158,366,19,4
2159,366,6,10
2160,366,10,1
2161,367,24,5
2162,367,19,3
2163,367,9,13
2164,367,24,20
2165,368,11,22
2166,368,3,13
2167,368,3,1
2168,369,13,22
2169,369,20,4
2170,369,0,16
2171,369,15,7
2172,369,3,11
2173,369,20,23
2174,369,11,14
2175,369,7,3
2176,370,4,11
2177,370,23,12
2178,370,0,17
2179,370,19,15
2180,370,15,6
2181,370,14,7
2182,371,14,2
2183,371,23,0
2184,371,15,11
2185,371,16,13
2186,371,24,10
2187,371,15,7
2188,371,20,13
2189,371,18,14
2190,371,19,2
2191,371,6,22
2192,371,0,18
2193,371,23,2
2194,371,11,23
2195,372,15,23
2196,372,7,16
2197,372,10,22
2198,372,9,13
2199,372,15,4
2200,372,10,2
2201,372,7,1
2202,372,18,20
2203,372,2,17
2204,373,14,6
2205,373,17,6
2206,374,18,14
2207,374,11,15
2208,374,11,20
2209,374,18,11
2210,374,13,23
2211,375,3,16
2212,375,14,16
2213,375,11,2
2214,375,19,2
2215,375,6,12
2216,375,3,18
2217,375,18,11
2218,375,9,11
2219,375,18,5
2220,376,15,8
2221,376,24,18
2222,376,18,9
2223,376,2,24
2224,376,15,5
2225,376,4,12
2226,377,0,8
2227,377,20,14
2228,377,20,14
2229,377,22,20
2230,377,18,16
2231,377,23,0
2232,378,9,18
2233,378,11,8
2234,378,5,19
2235,378,3,1
2236,378,3,1
2237,378,2,20
2238,379,16,2
2239,380,23,5
2240,380,14,12
2241,380,3,7
2242,380,1,24
2243,380,20,8
2244,381,14,11
2245,381,9,5
2246,381,7,14
2247,381,9,17
2248,382,3,7
2249,382,18,16
2250,382,15,6
2251,382,10,1
2252,383,5,7
2253,383,8,24
2254,383,6,0
2255,383,0,8
2256,383,8,17
2257,383,11,18
2258,384,3,20
2259,384,19,17
2260,384,3,22
2261,384,17,5
2262,384,20,13
2263,384,19,13
2264,385,3,12
2265,385,18,16
2266,385,9,24
2267,385,9,22
2268,385,20,1
2269,386,22,7
2270,386,6,2
2271,386,5,22
2272,386,0,18
2273,386,11,0
2274,386,6,23
2275,387,3,22
2276,387,10,8
2277,387,13,1
2278,387,13,11
2279,387,13,15
2280,387,22,8
2281,387,10,0
2282,387,3,11
2283,387,9,20
2284,387,23,20
2285,387,7,18
2286,387,24,12
2287,388,15,5
2288,388,3,6
2289,388,3,5
2290,388,3,24
2291,388,17,9
2292,388,4,8
2293,389,19,16
2294,389,24,17
2295,389,17,19
2296,389,7,13
2297,389,12,8
2298,389,14,1
2299,390,13,11
2300,390,18,9
2301,390,0,7
2302,390,5,19
2303,390,4,8
2304,390,18,14
2305,391,13,2
2306,391,19,7
2307,391,20,13
2308,391,4,2
2309,391,2,23
2310,392,17,6
2311,392,20,8
2312,392,4,21
2313,392,16,6
2314,392,2,15
2315,392,22,20
2316,392,3,21
2317,393,24,5
2318,393,14,2
2319,393,0,12
2320,394,13,22
2321,394,19,21
2322,394,11,0
2323,394,4,17
2324,394,15,11
2325,394,17,8
2326,394,8,18
2327,394,7,17
2328,395,8,16
2329,395,9,2
2330,395,7,23
2331,395,14,23
2332,395,13,7
2333,395,24,11
2334,395,0,7
2335,396,12,4
2336,396,3,16
2337,396,16,18
2338,396,0,11
2339,396,6,24
2340,396,7,3
2341,396,22,8
2342,397,19,21
2343,397,20,22
2344,397,0,14
2345,397,17,6
2346,397,7,16
2347,397,8,11
2348,398,24,2
2349,398,15,1
2350,398,0,2
2351,398,16,8
2352,398,15,9
2353,398,9,3
2354,399,23,14
2355,399,16,5
2356,399,17,2
2357,399,7,11
2358,399,24,7
2359,399,11,21
2360,399,10,3
2361,399,1,10
2362,399,24,20
2363,399,24,21
2364,399,6,15
2365,399,7,24
2366,399,22,4
2367,399,10,16
2368,400,6,16
2369,400,2,13
2370,400,2,11
2371,400,12,5
2372,401,8,24
2373,401,3,24
2374,402,5,19
2375,402,24,14
2376,402,19,9
2377,402,7,13
2378,402,18,15
2379,402,1,3
2380,402,23,3
2381,403,7,13
2382,403,19,16
2383,404,4,20
2384,404,12,9
2385,404,16,20
2386,404,24,21
2387,405,12,0
2388,405,1,12
2389,406,19,6
2390,406,8,20
2391,406,17,1
2392,406,8,0
2393,406,19,4
2394,406,16,1
2395,407,13,3
2396,407,15,8
2397,407,12,10
2398,407,3,0
2399,407,12,23
2400,408,14,1
2401,408,7,5
2402,408,1,24
2403,408,12,14
2404,409,3,21
2405,409,4,13
2406,409,6,17
2407,409,8,2
2408,410,19,8
2409,410,7,17
2410,410,19,7
2411,410,12,23
2412,411,11,3
2413,411,14,23
2414,411,20,16
2415,411,24,1
2416,411,10,20
2417,411,12,9
2418,411,19,12
2419,411,14,11
2420,411,19,21
2421,412,14,12
2422,412,23,5
2423,412,11,7
2424,412,22,4
2425,412,8,22
2426,412,1,14
2427,412,19,4
2428,412,11,13
2429,413,0,17
2430,413,5,7
2431,413,5,12
2432,413,17,23
2433,413,2,17
2434,413,9,15
2435,413,18,1
2436,413,3,16
2437,414,2,9
2438,414,1,18
2439,414,21,1
2440,414,21,19
2441,414,7,3
2442,414,13,21
2443,414,10,21
2444,414,12,19
2445,415,3,1
2446,415,10,17
2447,415,11,21
2448,415,9,18
2449,415,14,15
2450,416,7,3
2451,416,15,0
2452,416,3,0
2453,416,14,10
2454,416,2,15
2455,416,23,14
2456,416,11,0
2457,417,2,20
2458,417,3,20
2459,417,10,8
2460,417,15,19
2461,417,3,14
2462,417,3,22
2463,418,2,20
2464,418,7,20
2465,418,18,5
2466,419,3,18
2467,419,21,1
2468,419,1,17
2469,419,11,13
2470,419,15,0
2471,419,7,5
2472,419,24,15
2473,421,18,9
2474,421,24,20
2475,421,19,16
2476,421,22,0
2477,421,5,15
2478,421,10,13
2479,422,23,19
2480,422,10,16
2481,422,14,1
2482,422,1,15
2483,422,4,16
2484,422,4,24
2485,422,0,16
2486,423,16,12
2487,423,9,11
2488,423,20,2
2489,423,6,16
2490,423,11,5
2491,423,9,2
2492,423,6,10
2493,424,19,9
2494,424,14,20
2495,425,11,1
2496,425,5,4
2497,425,1,19
2498,425,15,9
2499,425,21,7
2500,426,0,24
2501,426,4,18
2502,426,7,18
2503,426,8,1
2504,426,24,22
2505,427,1,23
2506,427,21,0
2507,427,5,22
2508,427,7,16
2509,428,18,3
2510,429,0,3
2511,429,21,13
2512,429,16,19
2513,429,21,9
2514,429,8,24
2515,429,13,15
2516,429,24,14
2517,429,6,13
2518,429,12,0
2519,430,11,4
2520,430,13,11
2521,430,2,15
2522,431,20,11
2523,431,10,12
2524,431,13,22
2525,431,20,6
2526,431,8,20
2527,431,0,13
2528,431,13,23
2529,431,9,22
2530,431,14,4
2531,432,24,21
2532,432,1,8
2533,432,10,1
2534,432,21,24
2535,432,22,8
2536,432,12,20
2537,432,18,11
2538,432,19,21
2539,433,9,17
2540,433,15,9
2541,433,4,7
2542,433,6,16
2543,433,17,10
2544,433,2,14
2545,433,5,11
2546,433,7,5
2547,433,13,22
2548,433,16,19
2549,433,17,8
2550,434,19,21
2551,434,0,14
2552,434,11,21
2553,434,24,2
2554,434,14,6
2555,435,19,0
2556,435,0,13
2557,436,12,9
2558,436,17,9
2559,436,1,17
2560,436,19,17
2561,437,16,5
2562,437,6,14
2563,437,3,7
2564,437,7,21
2565,437,4,22
2566,437,23,21
2567,437,21,5
2568,437,0,22
2569,438,4,23
2570,439,24,9
2571,439,2,5
2572,440,19,1
2573,440,13,9
2574,440,16,7
2575,440,9,5
2576,441,18,9
2577,441,20,10
2578,442,20,2
2579,442,1,12
2580,442,14,24
2581,442,13,4
2582,442,3,14
2583,442,2,19
2584,442,0,10
2585,442,10,19
2586,443,3,10
2587,443,16,12
2588,443,23,2
2589,443,4,20
2590,443,16,20
2591,444,4,22
2592,444,3,11
2593,445,20,14
2594,445,1,10
2595,445,16,6
2596,445,19,1
2597,445,16,12
2598,445,9,24
2599,445,16,12
2600,445,23,4
2601,446,2,16
2602,446,7,0
2603,446,0,15
2604,447,17,15
2605,447,11,22
2606,447,11,2
2607,447,6,14
2608,447,4,20
2609,447,12,20
2610,447,10,7
2611,447,3,15
2612,448,0,15
2613,448,24,4
2614,448,8,12
2615,448,9,17
2616,448,8,19
2617,448,15,1
2618,448,20,3
2619,448,13,2
2620,448,19,17
2621,448,18,5
2622,448,23,17
2623,449,1,3
2624,449,14,22
2625,450,15,2
2626,450,18,24
2627,450,9,18
2628,450,18,20
2629,450,21,19
2630,450,12,4
2631,450,16,0
2632,450,4,10
2633,450,7,10
2634,451,6,23
2635,451,11,8
2636,451,12,2
2637,452,1,20
2638,452,16,18
2639,452,20,24
2640,452,20,5
2641,453,24,9
2642,453,12,2
2643,453,9,1
2644,453,20,22
2645,453,24,13
2646,454,0,8
2647,454,12,8
2648,454,21,9
2649,454,19,8
2650,454,6,2
2651,455,4,5
2652,455,0,3
2653,455,13,24
2654,455,11,1
2655,456,7,11
2656,456,22,3
2657,456,0,12
2658,456,8,21
2659,456,11,1
2660,456,22,14
2661,456,18,11
2662,456,13,16
2663,457,9,23
2664,457,21,23
2665,458,24,1
2666,458,5,9
2667,458,10,3
2668,458,21,7
2669,458,14,7
2670,458,0,4
2671,458,19,8
2672,459,21,14
2673,459,8,19
2674,459,9,18
2675,459,3,5
2676,459,0,12
2677,459,5,15
2678,460,22,2
2679,460,8,23
2680,460,14,15
2681,460,13,1
2682,460,9,1
2683,460,2,13
2684,460,7,4
2685,461,24,18
2686,461,6,13
2687,461,10,18
2688,461,7,3
2689,461,20,8
2690,461,20,1
2691,462,22,18
2692,462,16,24
2693,462,14,16
2694,462,16,9
2695,462,16,1
2696,462,6,9
2697,462,13,2
2698,462,22,9
2699,463,3,24
2700,463,18,1
2701,463,24,0
2702,463,2,13
2703,464,15,8
2704,464,23,12
2705,464,8,5
2706,464,19,20
2707,464,11,15
2708,465,0,7
2709,465,18,16
2710,466,2,9
2711,466,18,21
2712,466,2,23
2713,466,19,23
2714,466,5,4
2715,466,22,13
2716,467,19,8
2717,468,2,23
2718,468,19,17
2719,468,2,4
2720,468,22,8
2721,468,21,6
2722,468,15,2
2723,468,3,16
2724,468,14,0
2725,468,15,0
2726,469,21,1
2727,470,13,19
2728,470,4,12
2729,470,16,22
2730,470,20,9
2731,470,12,10
2732,470,12,24
2733,470,22,0
2734,470,14,24
2735,470,0,23
2736,470,21,17
2737,470,11,4
2738,471,5,12
2739,471,2,19
2740,471,12,23
2741,471,20,3
2742,471,16,6
2743,471,13,17
2744,471,16,0
2745,472,23,2
2746,472,17,10
2747,472,2,19
2748,472,9,11
2749,473,5,16
2750,473,18,22
2751,473,3,15
2752,473,3,9
2753,473,21,19
2754,473,12,5
2755,474,15,24
2756,474,11,8
2757,474,23,15
2758,474,24,6
2759,474,19,6
2760,474,9,1
2761,474,4,23
2762,475,5,15
2763,475,10,9
2764,475,14,16
2765,475,22,7
2766,475,4,17
2767,475,24,15
2768,475,20,1
2769,476,20,4
2770,476,16,1
2771,476,21,5
2772,477,12,15
2773,477,0,16
2774,477,8,1
2775,477,6,0
2776,477,11,21
2777,477,6,14
2778,477,21,2
2779,477,22,13
2780,477,4,0
2781,478,6,8
2782,478,16,14
2783,478,11,8
2784,478,12,24
2785,478,20,23
2786,478,11,3
2787,479,16,9
2788,479,6,12
2789,479,19,17
2790,479,24,1
2791,479,14,22
2792,479,11,18
2793,479,1,13
2794,480,10,19
2795,480,3,15
2796,480,24,3
2797,480,15,3
2798,480,0,2
2799,480,12,15
2800,480,21,4
2801,480,6,3
2802,480,8,1
2803,480,10,6
2804,480,22,4
2805,480,21,11
2806,481,20,2
2807,482,15,0
2808,482,2,12
2809,482,9,10
2810,482,0,13
2811,482,15,22
2812,482,11,1
2813,482,11,23
2814,482,18,12
2815,482,9,12
2816,483,2,14
2817,483,20,8
2818,484,3,5
2819,484,4,14
2820,484,1,23
2821,485,2,19
2822,485,5,22
2823,485,17,3
2824,485,20,10
2825,485,3,15
2826,485,18,12
2827,485,23,6
2828,485,24,8
2829,485,21,6
2830,486,8,5
2831,486,5,17
2832,486,8,1
2833,486,15,11
2834,486,23,16
2835,486,1,17
2836,487,16,23
2837,487,21,24
2838,487,20,17
2839,488,7,22
2840,488,14,15
2841,489,22,5
2842,489,7,14
2843,489,8,0
2844,489,12,18
2845,489,0,6
2846,490,3,22
2847,490,18,15
2848,490,19,23
2849,490,4,19
2850,490,20,2
2851,490,0,2
2852,490,3,16
2853,491,24,14
2854,491,24,16
2855,491,21,2
2856,491,2,18
2857,491,21,5
2858,491,19,16
2859,491,14,0
2860,491,13,24
2861,491,2,6
2862,491,4,12
2863,491,11,14
2864,492,16,7
2865,492,20,13
2866,492,11,18
2867,492,0,9
2868,492,2,11
2869,492,12,24
2870,492,8,22
2871,492,18,5
2872,493,12,1
2873,493,20,3
2874,493,19,21
2875,493,16,19
2876,493,10,12
2877,493,5,15
2878,493,23,11
2879,494,10,12
2880,494,4,22
2881,494,24,20
2882,494,13,9
2883,494,2,10
2884,494,10,3
2885,495,3,7
2886,495,5,1
2887,495,14,20
2888,496,13,17
2889,496,3,9
2890,496,3,13
2891,496,18,16
2892,496,13,0
2893,496,11,8
2894,497,17,11
2895,497,6,8
2896,497,9,18
2897,497,20,10
2898,498,18,21
2899,498,15,17
2900,498,1,10
2901,498,5,13
2902,498,16,10
2903,498,20,14
2904,499,24,9
2905,499,14,2
2906,499,22,5
2907,499,13,15
2908,499,21,24
2909,500,15,24
2910,500,5,23
2911,500,9,5
2912,500,23,12
2913,500,3,7
2914,500,0,6
2915,500,13,9
2916,500,2,14
2917,500,11,2
2918,501,22,24
2919,501,11,15
2920,501,1,23
2921,501,11,13
2922,502,8,18
2923,502,22,3
2924,502,23,2
2925,502,6,0
2926,502,19,1
2927,502,16,0
2928,502,11,18
2929,503,24,13
2930,503,3,19
2931,504,13,4
2932,504,7,1
2933,504,16,10
2934,504,5,11
2935,504,21,0
2936,504,14,23
2937,504,9,16
2938,505,11,21
2939,505,11,23
2940,505,8,14
2941,505,11,15
2942,505,6,0
2943,505,17,24
2944,506,8,14
2945,506,22,2
2946,506,1,18
2947,506,12,1
2948,506,24,22
2949,506,6,23
2950,507,14,6
2951,507,4,23
2952,507,4,14
2953,507,10,2
2954,507,3,15
2955,507,3,16
2956,507,21,15
2957,507,24,6
2958,508,15,22
2959,508,21,18
2960,508,7,10
2961,508,18,9
2962,508,12,18
2963,508,22,6
2964,509,11,24
2965,509,15,22
2966,509,11,4
2967,509,23,0
2968,509,8,5
2969,509,23,20
2970,509,2,18
2971,510,12,21
2972,510,22,20
2973,510,6,3
2974,510,18,11
2975,510,14,3
2976,510,13,24
2977,510,15,2
2978,511,11,0
2979,511,3,14
2980,511,22,3
2981,511,14,24
2982,511,16,20
2983,511,15,2
2984,512,11,17
2985,512,21,17
2986,512,4,18
2987,512,4,20
2988,512,8,17
2989,512,16,6
2990,512,14,6
2991,513,2,15
2992,513,23,10
2993,514,15,0
2994,514,0,6
2995,514,16,7
2996,514,11,13
2997,514,21,23
2998,514,2,4
2999,514,6,19
3000,515,11,23
3001,515,15,17
3002,515,8,16
3003,515,16,2
3004,515,17,21
3005,515,5,20
3006,516,19,16
3007,516,12,20
3008,516,12,16
3009,516,7,5
3010,516,2,12
3011,516,21,14
3012,517,14,18
3013,517,11,1
3014,517,6,24
3015,517,18,24
3016,517,18,14
3017,517,22,3
3018,517,22,9
3019,517,14,2
3020,518,11,14
3021,518,9,21
3022,518,15,2
3023,518,12,0
3024,518,10,4
3025,519,21,18
3026,519,18,16
3027,519,6,18
3028,519,10,17
3029,519,0,12
3030,520,4,12
3031,520,3,16
3032,520,17,4
3033,520,10,18
3034,521,6,4
3035,521,24,5
3036,521,5,17
3037,521,0,3
3038,521,24,1
3039,521,10,0
3040,521,4,17
3041,521,5,3
3042,522,8,0
3043,522,23,3
3044,522,4,21
3045,522,16,4
3046,522,6,20
3047,522,15,6
3048,523,2,22
3049,523,24,5
3050,523,7,20
3051,523,1,14
3052,523,2,13
3053,524,20,18
3054,525,15,17
3055,525,11,14
3056,525,12,23
3057,525,15,2
3058,525,3,7
3059,525,0,15
3060,526,1,9
3061,526,16,19
3062,526,8,0
3063,526,10,20
3064,526,5,7
3065,526,4,21
3066,527,24,9
3067,527,23,15
3068,527,15,17
3069,527,4,24
3070,527,12,19
3071,527,6,13
3072,527,13,21
3073,528,11,1
3074,528,18,1
3075,528,0,10
3076,528,0,15
3077,528,3,23
3078,529,4,15
3079,529,16,9
3080,529,23,13
3081,529,6,16
3082,529,21,8
3083,529,10,23
3084,529,19,16
3085,530,17,9
3086,530,3,6
3087,530,18,12
3088,530,9,6
3089,530,18,24
3090,530,1,4
3091,530,14,24
3092,530,2,13
3093,530,9,12
3094,531,14,10
3095,531,14,15
3096,531,20,4
3097,532,19,1
3098,532,0,8
3099,532,17,15
3100,532,23,16
3101,533,19,21
3102,533,6,19
3103,533,7,5
3104,533,8,1
3105,533,20,3
3106,533,1,24
3107,533,10,12
3108,534,24,21
3109,534,8,19
3110,534,5,23
3111,534,19,17
3112,534,8,24
3113,534,14,3
3114,534,20,5
3115,534,3,7
3116,534,15,4
3117,535,10,16
3118,535,11,13
3119,535,16,14
3120,535,1,4
3121,536,14,12
3122,536,20,3
3123,536,23,11
3124,536,3,5
3125,536,6,0
3126,536,19,17
3127,536,20,2
3128,536,4,17
3129,536,11,24
3130,536,15,18
3131,536,17,20
3132,537,22,4
3133,537,21,4
3134,537,11,20
3135,537,3,11
3136,537,7,24
3137,538,15,11
3138,538,6,12
3139,538,14,8
3140,538,18,20
3141,538,10,17
3142,538,24,3
3143,538,10,4
3144,539,3,14
3145,539,11,9
3146,539,18,16
3147,539,2,19
3148,539,9,0
3149,539,23,20
3150,540,21,10
3151,540,17,13
3152,540,8,15
3153,540,8,14
3154,540,8,19
3155,541,1,23
3156,541,11,22
3157,541,7,17
3158,541,2,13
3159,541,14,22
3160,541,17,21
3161,541,6,0
3162,541,15,24
3163,541,15,24
3164,541,24,16
3165,542,18,15
3166,542,17,14
3167,542,10,12
3168,542,24,11
3169,542,24,18
3170,542,14,20
3171,542,0,6
3172,542,5,24
3173,543,6,9
3174,543,17,11
3175,543,17,0
3176,543,7,4
3177,544,5,18
3178,544,10,7
3179,544,12,15
3180,544,10,9
3181,544,3,12
3182,544,8,15
3183,544,19,13
3184,544,24,3
3185,544,15,0
3186,544,24,15
3187,544,12,22
3188,545,1,22
3189,545,12,6
3190,545,4,12
3191,545,0,4
3192,545,12,18
3193,546,3,22
3194,546,24,12
3195,546,1,20
3196,547,3,6
3197,547,2,13
3198,547,22,11
3199,547,10,20
3200,547,8,17
3201,547,2,23
3202,547,22,13
3203,547,4,19
3204,547,1,21
3205,548,2,16
3206,548,3,19
3207,548,0,14
3208,548,23,1
3209,548,22,4
3210,548,6,15
3211,548,23,21
3212,548,7,3
3213,549,22,5
3214,549,10,14
3215,549,8,23
3216,549,4,17
3217,549,3,10
3218,550,24,6
3219,550,11,17
3220,550,13,0
3221,550,0,23
3222,550,8,17
3223,550,5,18
3224,551,19,16
3225,551,2,0
3226,551,11,15
3227,551,10,17
3228,552,19,13
3229,552,7,22
3230,552,17,9
3231,552,4,5
3232,552,3,12
3233,552,7,11
3234,552,8,17
3235,553,2,24
3236,553,22,18
3237,553,9,21
3238,553,22,16
3239,553,2,22
3240,553,9,17
3241,553,16,10
3242,554,4,16
3243,554,19,11
3244,554,1,24
3245,554,5,7
3246,554,17,7
3247,554,21,1
3248,555,6,16
3249,555,19,13
3250,555,17,1
3251,555,10,12
3252,555,14,2
3253,555,7,4
3254,555,2,18
3255,555,22,18
3256,555,7,20
3257,555,19,6
3258,555,18,16
3259,555,5,23
3260,556,24,10
3261,556,8,16
3262,556,11,18
3263,556,13,2
3264,556,4,19
3265,556,18,15
3266,556,15,3
3267,556,4,17
3268,556,5,7
3269,557,4,13
3270,557,24,12
3271,557,3,0
3272,557,4,22
3273,557,3,18
3274,557,18,3
3275,558,3,22
3276,558,4,11
3277,559,18,7
3278,559,13,3
3279,559,22,10
3280,559,9,21
3281,559,6,12
3282,559,24,9
3283,560,5,22
3284,560,19,13
3285,560,15,4
3286,560,3,1
3287,560,20,14
3288,560,14,15
3289,561,1,21
3290,561,19,12
3291,561,13,3
3292,561,16,3
3293,561,0,23
3294,561,23,13
3295,561,5,23
3296,561,17,23
3297,561,23,1
3298,562,13,6
3299,562,5,23
3300,562,17,9
3301,562,18,15
3302,562,3,17
3303,562,21,19
3304,562,6,0
3305,562,18,20
3306,562,0,24
3307,562,23,5
3308,563,18,5
3309,563,10,16
3310,563,19,6
3311,563,9,16
3312,563,4,8
3313,563,19,16
3314,563,11,15
3315,563,24,12
3316,563,5,21
3317,564,9,3
3318,564,3,23
3319,564,22,4
3320,564,2,20
3321,565,18,4
3322,565,17,15
3323,565,17,4
3324,565,14,16
3325,565,23,0
3326,566,2,11
3327,566,2,14
3328,566,0,17
3329,566,21,5
3330,568,11,24
3331,568,20,19
3332,568,12,4
3333,568,0,17
3334,568,11,0
3335,568,20,12
3336,569,0,4
3337,569,24,5
3338,569,2,14
3339,569,23,0
3340,569,1,9
3341,570,11,3
3342,570,5,24
3343,570,1,8
3344,570,2,0
3345,570,5,24
3346,570,23,1
3347,570,13,9
3348,570,13,11
3349,570,14,10
3350,571,17,5
3351,571,1,10
3352,571,19,15
3353,571,3,14
3354,571,11,4
3355,571,12,14
3356,571,6,3
3357,571,6,8
3358,572,9,19
3359,572,24,20
3360,572,1,10
3361,572,4,21
3362,572,10,13
3363,572,12,21
3364,573,1,19
3365,573,11,0
3366,573,20,2
3367,573,4,0
3368,573,10,9
3369,574,19,21
3370,574,12,15
3371,574,4,17
3372,574,3,14
3373,574,0,18
3374,574,5,14
3375,575,15,23
3376,575,10,19
3377,575,19,5
3378,575,13,16
3379,576,3,5
3380,576,14,2
3381,576,3,23
3382,576,22,0
3383,576,2,17
3384,576,20,1
3385,576,19,2
3386,577,7,9
3387,577,14,18
3388,577,11,2
3389,577,12,0
3390,577,8,16
3391,577,22,8
3392,577,7,24
3393,577,12,23
3394,577,23,19
3395,577,24,20
3396,578,12,4
3397,578,16,20
3398,578,21,8
3399,578,12,19
3400,579,24,0
3401,579,1,10
3402,579,20,8
3403,579,24,13
3404,580,24,9
3405,580,18,16
3406,580,18,5
3407,580,18,12
3408,581,22,10
3409,581,10,12
3410,581,13,1
3411,581,13,5
3412,582,20,17
3413,582,9,23
3414,582,9,15
3415,582,4,2
3416,583,24,3
3417,583,9,10
3418,583,5,23
3419,583,19,3
3420,584,7,17
3421,584,8,20
3422,584,21,4
3423,584,24,3
3424,585,4,17
3425,585,14,10
3426,585,17,24
3427,585,19,21
3428,586,0,4
3429,586,21,18
3430,586,18,16
3431,586,10,13
3432,586,6,20
3433,587,9,20
3434,587,3,13
3435,587,16,3
3436,587,13,4
3437,587,12,24
3438,588,24,8
3439,588,4,12
3440,588,16,23
3441,588,3,7
3442,588,23,12
3443,588,3,9
3444,588,4,20
3445,588,24,9
3446,589,22,12
3447,589,18,5
3448,589,19,11
3449,589,22,15
3450,589,13,22
3451,589,5,17
3452,589,15,9
3453,589,3,20
3454,590,8,12
3455,590,24,15
3456,590,5,14
3457,590,10,21
3458,590,4,14
3459,590,22,9
3460,590,14,7
3461,590,10,22
3462,590,13,3
3463,591,3,24
3464,591,3,1
3465,591,16,13
3466,591,16,4
3467,592,10,17
3468,592,0,2
3469,593,13,16
3470,593,22,18
3471,593,24,15
3472,593,15,7
3473,593,5,12
3474,593,16,12
3475,593,1,22
3476,594,7,19
3477,594,15,6
3478,594,9,11
3479,594,6,19
3480,595,18,11
3481,595,3,16
3482,595,13,4
3483,595,20,18
3484,595,13,10
3485,595,17,20
3486,596,12,10
3487,596,0,20
3488,596,12,19
3489,597,17,9
3490,597,6,24
3491,597,4,19
3492,598,21,1
3493,598,9,12
3494,598,18,21
3495,598,20,24
3496,598,4,8
3497,598,9,3
3498,599,20,5
3499,599,5,9
3500,599,9,18
3501,599,3,15
3502,599,23,6
3503,599,5,11
3504,599,15,12
3505,599,4,1
3506,599,7,19
3507,599,23,9
3508,600,8,4
3509,600,2,17
3510,600,18,5
3511,601,21,17
3512,601,12,24
3513,601,11,2
3514,601,9,15
3515,601,2,12
3516,601,20,12
3517,601,12,16
3518,602,23,7
3519,602,11,20
3520,603,0,20
3521,603,21,6
3522,603,22,12
3523,603,4,20
3524,604,22,12
3525,604,8,4
3526,604,3,7
3527,604,11,15
3528,604,0,19
3529,605,1,11
3530,605,1,13
3531,605,7,4
3532,605,23,9
3533,605,17,20
3534,605,15,22
3535,605,17,0
3536,606,9,6
3537,606,8,23
3538,606,17,21
3539,607,18,8
3540,607,23,12
3541,607,3,16
3542,607,16,20
3543,607,7,24
3544,607,3,10
3545,607,6,14
3546,608,0,14
3547,608,4,13
3548,608,17,15
3549,608,16,12
3550,609,18,6
3551,609,16,8
3552,609,16,3
3553,609,11,13
3554,609,15,24
3555,609,5,23
3556,609,4,18
3557,609,12,23
3558,610,10,23
3559,610,17,7
3560,610,24,17
3561,610,18,24
3562,610,14,23
3563,610,24,11
3564,610,19,1
3565,611,24,20
3566,611,23,13
3567,611,23,12
3568,612,24,20
3569,612,23,0
3570,612,7,23
3571,612,8,16
3572,612,11,22
3573,612,20,5
3574,612,0,22
3575,613,7,19
3576,613,6,2
3577,613,3,18
3578,614,3,9
3579,615,2,19
3580,615,0,15
3581,615,18,11
3582,615,19,23
3583,615,20,1
3584,616,3,12
3585,616,0,18
3586,616,8,1
3587,616,15,14
3588,616,10,12
3589,617,8,14
3590,618,14,6
3591,618,9,22
3592,619,1,22
3593,619,6,23
3594,619,0,3
3595,619,11,21
3596,619,15,24
3597,619,21,9
3598,620,17,23
3599,620,8,1
3600,621,16,9
3601,621,9,22
3602,621,2,11
3603,621,24,15
3604,621,19,1
3605,621,24,20
3606,621,11,5
3607,621,2,17
3608,621,15,11
3609,621,0,9
3610,621,13,1
3611,622,6,19
3612,622,24,3
3613,622,18,14
3614,622,24,10
3615,622,10,2
3616,622,21,13
3617,622,18,3
3618,622,20,5
3619,623,14,8
3620,623,7,14
3621,623,2,21
3622,623,24,11
3623,623,22,2
3624,623,16,10
3625,623,14,17
3626,623,13,21
3627,624,1,17
3628,624,22,1
3629,625,4,17
3630,625,2,21
3631,625,15,2
3632,625,14,3
3633,625,17,6
3634,625,21,8
3635,625,16,2
3636,626,0,11
3637,626,4,15
3638,626,11,18
3639,626,16,22
3640,626,8,23
3641,626,16,14
3642,627,14,22
3643,627,14,11
3644,627,18,9
3645,627,14,11
3646,627,4,23
3647,627,0,16
3648,628,22,24
3649,628,0,3
3650,628,12,24
3651,628,5,9
3652,629,23,7
3653,629,23,19
3654,629,24,5
3655,629,17,2
3656,630,4,0
3657,630,16,12
3658,631,20,4
3659,631,18,0
3660,631,4,7
3661,631,18,0
3662,631,23,4
3663,631,16,2
3664,631,8,21
3665,631,24,6
3666,632,12,0
3667,632,4,8
3668,632,24,11
3669,632,4,7
3670,632,19,22
3671,632,5,16
3672,632,18,15
3673,632,20,13
3674,633,7,16
3675,633,13,4
3676,633,16,12
3677,633,20,0
3678,633,4,18
3679,633,0,17
3680,633,16,19
3681,633,5,21
3682,633,20,7
3683,634,22,0
3684,634,16,0
3685,634,18,20
3686,634,5,2
3687,634,24,18
3688,634,10,9
3689,635,10,16
3690,635,21,10
3691,635,24,21
3692,635,24,10
3693,635,9,20
3694,635,12,6
3695,636,0,4
3696,636,9,13
3697,636,10,6
3698,636,24,10
3699,637,24,8
3700,637,19,11
3701,637,14,22
3702,637,11,23
3703,637,20,17
3704,637,21,12
3705,637,2,12
3706,638,23,7
3707,638,23,10
3708,638,22,10
3709,638,1,3
3710,639,0,7
3711,639,5,23
3712,639,3,15
3713,639,21,6
3714,640,0,8
3715,640,17,9
3716,640,19,12
3717,640,13,21
3718,640,15,14
3719,640,13,11
3720,640,13,19
3721,640,20,23
3722,640,0,19
3723,641,16,7
3724,641,0,4
3725,641,10,22
3726,641,21,18
3727,641,4,0
3728,641,11,3
3729,641,24,15
3730,641,14,20
3731,641,23,4
3732,641,2,5
3733,641,5,20
3734,641,7,5
3735,642,3,20
3736,642,9,20
3737,642,23,2
3738,642,16,1
3739,642,19,4
3740,642,23,2
3741,642,10,1
3742,642,0,24
3743,642,19,9
3744,643,19,3
3745,643,21,9
3746,643,2,22
3747,644,20,17
3748,644,14,12
3749,644,16,10
3750,644,12,0
3751,644,19,23
3752,645,7,4
3753,645,21,8
3754,645,5,1
3755,645,7,14
3756,645,17,3
3757,645,7,19
3758,645,15,4
3759,645,13,23
3760,645,2,23
3761,645,7,24
3762,645,4,23
3763,646,12,18
3764,646,18,22
3765,646,8,16
3766,646,23,14
3767,646,15,4
3768,646,20,10
3769,646,7,10
3770,647,6,20
3771,647,9,7
3772,648,11,1
3773,648,21,9
3774,648,12,4
3775,648,9,10
3776,648,18,4
3777,649,24,13
3778,649,2,6
3779,649,21,24
3780,649,20,18
3781,649,9,1
3782,649,10,0
3783,649,4,7
3784,650,6,19
3785,650,12,14
3786,650,8,0
3787,650,9,22
3788,650,18,8
3789,650,3,5
3790,650,23,17
3791,650,8,17
3792,651,17,2
3793,651,1,9
3794,651,20,10
3795,651,23,13
3796,651,6,10
3797,652,16,9
3798,652,13,17
3799,652,17,4
3800,652,20,1
3801,652,10,2
3802,653,6,17
3803,653,24,0
3804,653,5,19
3805,653,19,5
3806,653,0,21
3807,653,1,17
3808,653,18,1
3809,653,1,10
3810,654,20,16
3811,654,4,22
3812,654,2,19
3813,654,8,5
3814,654,16,9
3815,655,22,13
3816,655,6,14
3817,655,22,24
3818,655,8,23
3819,655,2,11
3820,655,22,19
3821,655,6,12
3822,656,24,11
3823,656,21,8
3824,656,16,5
3825,656,0,24
3826,656,4,5
3827,656,4,21
3828,656,13,1
3829,657,6,10
3830,657,15,4
3831,657,6,3
3832,658,4,0
3833,658,2,11
3834,658,10,9
3835,658,20,9
3836,658,15,2
3837,659,3,23
3838,659,9,11
3839,659,13,3
3840,659,23,10
3841,659,1,3
3842,659,9,5
3843,659,2,15
3844,659,13,20
3845,659,24,21
3846,659,21,17
3847,660,4,0
3848,660,9,19
3849,660,10,18
3850,660,19,16
3851,660,2,15
3852,660,3,17
3853,661,12,22
3854,661,11,24
3855,661,8,20
3856,661,19,22
3857,661,0,9
3858,661,2,21
3859,661,21,0
3860,661,20,0
3861,662,14,22
3862,662,1,15
3863,662,24,20
3864,662,2,9
3865,663,18,7
3866,663,6,9
3867,663,13,10
3868,663,15,17
3869,663,19,12
3870,664,1,23
3871,664,3,11
3872,664,6,16
3873,665,2,0
3874,666,20,19
3875,666,0,3
3876,666,9,2
3877,666,3,18
3878,666,1,9
3879,666,2,24
3880,667,5,24
3881,667,23,9
3882,667,15,17
3883,667,6,14
3884,667,17,4
3885,667,17,5
3886,667,15,0
3887,668,3,10
3888,668,18,0
3889,668,24,0
3890,668,18,14
3891,668,2,21
3892,669,0,13
3893,669,7,21
3894,669,18,0
3895,669,18,14
3896,669,3,5
3897,669,9,3
3898,669,4,6
3899,669,8,4
3900,669,1,13
3901,670,12,24
3902,670,15,0
3903,670,8,0
3904,670,14,4
3905,670,1,23
3906,670,0,22
3907,671,0,24
3908,671,4,13
3909,671,15,3
3910,671,11,3
3911,671,23,5
3912,671,22,12
3913,672,15,11
3914,672,9,12
3915,672,13,1
3916,672,20,1
3917,672,21,15
3918,672,0,14
3919,672,13,9
3920,672,9,2
3921,672,17,8
3922,672,21,5
3923,673,16,14
3924,673,23,6
3925,673,6,14
3926,673,15,3
3927,673,23,19
3928,673,12,21
3929,673,21,18
3930,674,10,0
3931,674,21,18
3932,674,10,21
3933,674,1,23
3934,674,8,23
3935,674,10,12
3936,674,10,18
3937,675,17,24
3938,675,19,4
3939,675,1,10
3940,675,9,23
3941,675,21,24
3942,676,19,21
3943,676,15,2
3944,676,19,12
3945,676,12,1
3946,676,15,1
3947,676,2,19
3948,677,16,4
3949,677,10,14
3950,677,22,24
3951,677,7,3
3952,677,1,19
3953,678,12,10
3954,678,3,6
3955,678,10,21
3956,678,22,9
3957,679,15,19
3958,679,6,19
3959,679,3,23
3960,679,24,15
3961,679,10,13
3962,679,15,9
3963,679,14,8
3964,680,2,5
3965,680,18,20
3966,680,14,12
3967,680,22,18
3968,680,1,14
3969,681,23,0
3970,681,5,2
3971,681,1,7
3972,681,16,9
3973,681,9,15
3974,681,10,4
3975,681,14,5
3976,682,21,7
3977,682,12,15
3978,682,9,2
3979,682,17,10
3980,683,9,20
3981,683,10,18
3982,683,0,21
3983,683,21,5
3984,683,11,17
3985,683,20,1
3986,684,21,18
3987,684,19,15
3988,684,18,2
3989,684,17,9
3990,685,8,10
3991,685,6,9
3992,685,3,22
3993,685,13,10
3994,685,18,0
3995,685,9,11
3996,685,12,10
3997,685,10,1
3998,686,15,4
3999,686,22,13
4000,686,4,16
4001,687,14,1
4002,687,20,7
4003,687,2,12
4004,687,22,0
4005,687,3,24
4006,687,22,1
4007,687,6,4
4008,688,20,2
4009,688,3,17
4010,688,11,15
4011,689,16,22
4012,689,22,5
4013,689,8,12
4014,689,19,7
4015,689,7,13
4016,689,6,13
4017,690,16,24
4018,690,11,21
4019,690,10,18
4020,690,11,15
4021,690,18,3
4022,690,12,14
4023,690,4,5
4024,691,4,15
4025,691,13,6
4026,691,23,19
4027,691,21,24
4028,692,9,15
4029,692,6,20
4030,692,3,0
4031,692,20,0
4032,692,20,19
4033,693,21,17
4034,693,11,3
4035,693,17,20
4036,693,18,9
4037,693,0,11
4038,693,21,24
4039,693,14,22
4040,693,15,1
4041,694,22,4
4042,694,7,24
4043,694,6,23
4044,694,9,23
4045,695,6,14
4046,695,3,17
4047,695,12,21
4048,695,19,11
4049,695,24,4
4050,695,2,8
4051,696,24,2
4052,696,3,1
4053,696,3,22
4054,696,2,14
4055,697,7,16
4056,697,0,3
4057,697,19,6
4058,697,8,10
4059,697,14,7
4060,698,8,18
4061,698,6,2
4062,698,11,2
4063,699,19,20
4064,699,1,19
4065,699,21,14
4066,699,4,10
4067,699,3,9
4068,699,16,6
4069,700,14,0
4070,700,0,21
4071,700,22,10
4072,700,22,1
4073,700,10,21
4074,700,21,17
4075,700,0,15
4076,700,12,16
4077,700,22,10
4078,702,7,21
4079,702,11,13
4080,702,1,19
4081,702,22,16
4082,702,11,1
4083,702,7,0
4084,703,5,3
4085,703,5,9
4086,703,21,3
4087,703,13,3
4088,703,5,14
4089,703,22,19
4090,703,3,22
4091,703,2,24
4092,704,5,17
4093,704,9,20
4094,704,12,4
4095,704,18,24
4096,704,1,20
4097,704,23,17
4098,704,7,0
4099,705,6,24
4100,705,12,8
4101,705,1,19
4102,706,20,19
4103,706,20,19
4104,706,4,21
4105,706,20,24
4106,706,7,20
4107,706,20,11
4108,706,4,8
4109,707,0,4
4110,707,7,13
4111,707,19,5
4112,708,3,10
4113,708,20,9
4114,709,22,6
4115,709,20,4
4116,709,6,19
4117,709,7,13
4118,709,15,17
4119,709,24,20
4120,709,0,16
4121,710,19,2
4122,710,11,9
4123,710,10,8
4124,710,23,7
4125,711,17,8
4126,711,1,7
4127,711,9,15
4128,711,0,16
4129,711,2,20
4130,712,10,4
4131,713,24,18
4132,713,12,4
4133,713,2,9
4134,713,14,3
4135,713,0,9
4136,713,20,9
4137,714,14,1
4138,714,9,15
4139,714,13,19
4140,715,19,21
4141,715,15,19
4142,715,12,16
4143,715,24,21
4144,715,5,18
4145,715,3,16
4146,716,8,20
4147,716,22,8
4148,717,15,17
4149,717,9,2
4150,717,5,1
4151,717,10,8
4152,717,16,2
4153,717,15,13
4154,717,0,2
4155,718,2,10
4156,718,11,1
4157,718,4,8
4158,718,12,10
4159,718,18,3
4160,719,6,9
4161,719,11,22
4162,719,15,23
4163,719,19,15
4164,719,14,22
4165,719,21,23
4166,720,6,21
4167,720,23,1
4168,720,19,11
4169,720,5,3
4170,720,7,4
4171,720,2,15
4172,720,22,19
4173,720,11,17
4174,721,22,1
4175,721,22,8
4176,721,24,14
4177,721,8,10
4178,722,11,24
4179,722,18,12
4180,722,16,3
4181,722,20,9
4182,722,8,19
4183,722,12,0
4184,722,22,8
4185,723,24,15
4186,723,12,2
4187,723,18,1
4188,724,9,7
4189,724,5,3
4190,724,11,0
4191,724,7,13
4192,724,24,9
4193,724,11,8
4194,725,16,10
4195,725,18,9
4196,725,9,10
4197,725,1,14
4198,725,7,15
4199,725,1,16
4200,726,22,8
4201,726,24,4
4202,726,10,23
4203,726,16,7
4204,726,21,15
4205,726,1,14
4206,726,11,21
4207,727,17,8
4208,727,13,5
4209,727,15,24
4210,728,12,20
4211,728,7,20
4212,729,16,19
4213,729,9,17
4214,729,19,6
4215,729,9,12
4216,729,23,15
4217,729,11,1
4218,729,11,13
4219,729,22,12
4220,729,3,14
4221,729,21,10
4222,729,9,1
4223,730,17,24
4224,730,7,0
4225,730,16,9
4226,730,1,12
4227,730,2,22
4228,730,16,12
4229,730,14,23
4230,730,23,19
4231,731,16,6
4232,731,12,22
4233,731,11,1
4234,731,0,17
4235,731,0,2
4236,731,0,3
4237,731,13,9
4238,732,22,13
4239,732,20,9
4240,732,1,20
4241,733,8,0
4242,733,1,16
4243,733,23,13
4244,733,0,20
4245,733,12,16
4246,734,20,22
4247,734,11,23
4248,734,3,18
4249,734,8,5
4250,734,13,10
4251,734,14,4
4252,734,9,5
4253,734,24,6
4254,735,12,2
4255,735,18,14
4256,735,23,12
4257,735,5,19
4258,735,17,7
4259,735,24,12
4260,736,1,22
4261,736,6,2
4262,736,5,22
4263,736,8,14
4264,736,12,20
4265,736,21,1
4266,736,10,19
4267,736,11,21
4268,736,0,17
4269,737,21,23
4270,737,18,22
4271,737,5,19
4272,737,17,5
4273,737,12,10
4274,737,0,22
4275,737,17,13
4276,737,17,7
4277,738,4,6
4278,738,0,9
4279,738,24,22
4280,739,6,18
4281,739,13,10
4282,739,6,18
4283,739,14,11
4284,740,0,10
4285,740,11,1
4286,740,9,5
4287,740,22,13
4288,741,10,24
4289,741,20,14
4290,741,3,11
4291,741,20,7
4292,741,24,2
4293,741,24,15
4294,741,4,18
4295,741,9,6
4296,741,24,15
4297,741,17,0
4298,741,16,4
4299,742,21,19
4300,742,5,1
4301,742,19,13
4302,742,3,9
4303,743,5,17
4304,743,20,16
4305,743,13,2
4306,743,23,20
4307,743,24,6
4308,743,11,20
4309,743,5,18
4310,744,13,22
4311,744,15,21
4312,744,10,23
4313,744,17,10
4314,744,5,23
4315,744,6,3
4316,745,16,4
4317,745,0,9
4318,745,1,12
4319,745,11,19
4320,745,23,1
4321,746,15,4
4322,746,21,5
4323,746,20,19
4324,746,6,8
4325,746,19,17
4326,746,20,4
4327,746,17,24
4328,747,7,9
4329,747,9,18
4330,747,19,7
4331,747,6,19
4332,747,17,9
4333,747,24,12
4334,748,16,10
4335,748,13,20
4336,748,8,17
4337,748,23,11
4338,748,4,7
4339,749,13,1
4340,749,20,5
4341,749,20,13
4342,749,21,15
4343,750,1,5
4344,750,12,4
4345,750,4,22
4346,750,24,16
4347,750,2,5
4348,750,22,19
4349,751,7,13
4350,751,5,4
4351,751,15,6
4352,751,10,18
4353,751,4,14
4354,751,6,21
4355,752,3,15
4356,752,4,16
4357,753,16,10
4358,753,20,16
4359,753,13,15
4360,753,20,14
4361,753,15,0
4362,753,5,16
4363,754,16,4
4364,754,9,1
4365,754,2,18
4366,754,16,4
4367,754,14,18
4368,755,8,12
4369,755,9,19
4370,755,9,0
4371,755,13,24
4372,755,22,15
4373,755,23,10
4374,756,13,15
4375,756,22,8
4376,756,23,19
4377,756,2,12
4378,756,1,5
4379,757,14,5
4380,757,7,24
4381,758,7,19
4382,758,14,23
4383,758,1,14
4384,758,20,12
4385,758,18,0
4386,758,21,2
4387,759,22,8
4388,759,15,6
4389,759,18,1
4390,760,22,9
4391,760,24,20
4392,760,0,20
4393,760,3,1
4394,760,20,14
4395,761,15,23
4396,761,13,3
4397,761,20,17
4398,761,16,5
4399,761,22,11
4400,761,14,24
4401,761,11,22
4402,761,7,11
4403,761,24,18
4404,761,9,5
4405,762,0,6
4406,762,11,9
4407,762,9,20
4408,763,24,5
4409,763,4,20
4410,763,9,17
4411,763,19,15
4412,763,23,20
4413,763,13,11
4414,764,19,23
4415,764,15,11
4416,764,12,1
4417,764,1,17
4418,764,6,18
4419,764,23,21
4420,765,13,10
4421,765,11,22
4422,765,2,17
4423,766,17,3
4424,766,21,23
4425,767,22,2
4426,767,20,23
4427,767,16,22
4428,767,1,11
4429,767,19,2
4430,767,6,16
4431,768,15,1
4432,768,20,5
4433,768,9,0
4434,768,22,3
4435,768,21,11
4436,768,1,4
4437,768,21,9
4438,768,8,1
4439,768,10,17
4440,768,5,1
4441,768,17,9
4442,768,19,6
4443,768,11,23
4444,768,2,10
4445,769,16,1
4446,769,4,14
4447,769,6,18
4448,769,23,6
4449,769,12,20
4450,769,5,7
4451,770,13,23
4452,770,11,13
4453,770,21,15
4454,770,24,0
4455,770,19,20
4456,770,24,7
4457,770,13,19
4458,771,9,5
4459,771,3,16
4460,771,9,1
4461,771,17,13
4462,771,18,1
4463,771,2,5
4464,771,14,23
4465,772,5,13
4466,772,22,20
4467,772,23,11
4468,772,15,14
4469,772,11,5
4470,773,14,21
4471,773,14,7
4472,773,11,19
4473,773,4,21
4474,774,22,9
4475,774,20,8
4476,774,16,20
4477,774,18,3
4478,775,12,5
4479,775,5,9
4480,775,2,6
4481,775,18,2
4482,775,6,20
4483,775,20,17
4484,775,5,17
4485,775,10,18
4486,776,17,11
4487,776,15,23
4488,776,2,12
4489,776,20,19
4490,776,19,23
4491,776,18,14
4492,776,23,8
4493,776,0,17
4494,776,16,8
4495,776,16,4
4496,777,13,4
4497,777,8,6
4498,777,10,16
4499,777,12,9
4500,777,14,5
4501,777,13,7
4502,777,8,16
4503,778,3,14
4504,778,3,24
4505,779,1,24
4506,779,4,24
4507,779,24,0
4508,779,23,20
4509,779,20,2
4510,779,24,5
4511,779,9,23
4512,780,24,6
4513,780,10,19
4514,780,15,4
4515,780,24,3
4516,780,23,4
4517,780,20,3
4518,780,19,13
4519,781,14,11
4520,781,5,20
4521,781,19,17
4522,781,15,23
4523,781,10,3
4524,781,3,14
4525,781,23,4
4526,781,0,2
4527,782,0,2
4528,782,16,3
4529,782,16,4
4530,782,13,7
4531,782,18,6
4532,782,15,5
4533,782,6,19
4534,782,19,4
4535,783,11,4
4536,783,2,5
4537,783,8,19
4538,783,19,3
4539,783,14,6
4540,784,10,3
4541,784,15,18
4542,784,6,20
4543,784,22,5
4544,784,23,4
4545,785,18,24
4546,785,20,18
4547,785,21,4
4548,785,12,23
4549,785,18,16
4550,785,3,12
4551,785,1,12
4552,785,1,7
4553,785,7,4
4554,786,10,14
4555,786,23,2
4556,786,19,1
4557,786,14,5
4558,786,18,21
4559,786,7,3
4560,786,16,9
4561,787,13,17
4562,787,14,17
4563,787,8,20
4564,787,21,9
4565,787,0,3
4566,787,12,2
4567,787,3,9
4568,788,23,16
4569,788,10,23
4570,788,3,16
4571,788,18,8
4572,788,23,19
4573,788,0,2
4574,789,20,18
4575,789,24,3
4576,789,0,16
4577,789,5,13
4578,790,20,2
4579,790,23,17
4580,790,0,14
4581,790,1,18
4582,790,1,10
4583,791,14,0
4584,791,11,19
4585,791,15,22
4586,791,14,2
4587,791,14,3
4588,791,10,3
4589,791,0,10
4590,792,8,15
4591,792,19,10
4592,793,0,18
4593,793,23,17
4594,793,9,13
4595,793,17,21
4596,793,12,21
4597,793,3,18
4598,794,9,20
4599,794,21,0
4600,794,16,4
4601,794,17,14
4602,794,18,6
4603,794,22,0
4604,794,5,11
4605,794,0,20
4606,795,16,5
4607,795,21,23
4608,795,14,7
4609,795,12,22
4610,795,16,10
4611,795,12,15
4612,795,6,23
4613,795,15,11
4614,795,15,11
4615,795,0,3
4616,796,13,19
4617,796,22,4
4618,796,6,14
4619,796,13,11
4620,796,6,17
4621,796,3,0
4622,796,24,11
4623,797,16,8
4624,797,19,16
4625,797,20,5
4626,797,14,18
4627,797,15,21
4628,797,12,16
4629,798,11,0
4630,798,5,13
4631,798,14,6
4632,798,12,15
4633,798,21,2
4634,798,13,2
4635,798,17,24
4636,799,21,10
4637,799,16,22
4638,799,18,9
4639,799,24,15
4640,800,7,5
4641,800,0,22
4642,800,19,5
4643,800,21,4
4644,800,20,0
4645,800,14,11
4646,800,7,0
4647,800,4,7
4648,800,19,13
4649,801,11,19
4650,801,3,21
4651,801,1,16
4652,801,5,23
4653,801,2,13
4654,801,18,12
4655,801,15,22
4656,801,19,3
4657,802,22,3
4658,802,13,9
4659,802,18,16
4660,803,21,7
4661,803,5,17
4662,803,1,17
4663,803,10,19
4664,803,1,24
4665,803,8,1
4666,803,10,0
4667,804,20,22
4668,804,7,24
4669,804,19,11
4670,805,21,9
4671,805,5,1
4672,805,21,15
4673,805,21,15
4674,805,10,14
4675,805,19,7
4676,805,2,9
4677,805,6,13
4678,805,7,11
4679,805,3,19
4680,806,9,20
4681,806,16,2
4682,806,0,8
4683,806,3,15
4684,806,22,15
4685,807,21,17
4686,807,5,18
4687,807,17,15
4688,807,1,4
4689,807,16,18
4690,808,10,21
4691,808,13,19
4692,808,18,3
4693,809,22,12
4694,809,15,22
4695,809,10,8
4696,809,24,7
4697,809,6,16
4698,809,11,23
4699,809,16,23
4700,810,3,19
4701,810,20,18
4702,810,0,6
4703,810,23,3
4704,810,24,15
4705,810,2,16
4706,810,14,0
4707,810,5,24
4708,811,3,6
4709,811,16,1
4710,811,15,14
4711,811,5,13
4712,811,2,6
4713,811,19,2
4714,811,15,8
4715,811,15,12
4716,812,16,0
4717,812,0,23
4718,812,9,10
4719,812,3,0
4720,812,5,15
4721,812,17,1
4722,812,19,11
4723,812,24,21
4724,813,14,17
4725,813,9,19
4726,813,16,7
4727,813,0,2
4728,814,6,20
4729,814,24,10
4730,814,4,22
4731,814,1,18
4732,814,7,21
4733,815,6,24
4734,815,23,0
4735,815,4,21
4736,815,16,4
4737,816,14,23
4738,816,7,16
4739,816,19,15
4740,816,11,0
4741,817,5,14
4742,817,14,20
4743,817,19,15
4744,817,1,13
4745,817,0,18
4746,817,17,9
4747,817,8,18
4748,817,3,19
4749,817,16,13
4750,817,24,6
4751,818,12,18
4752,818,17,24
4753,818,9,11
4754,818,21,15
4755,818,23,8
4756,818,11,15
4757,818,4,23
4758,818,3,5
4759,819,10,2
4760,819,0,18
4761,819,11,18
4762,819,22,3
4763,819,11,24
4764,819,3,6
4765,819,11,2
4766,819,7,15
4767,820,18,12
4768,820,7,22
4769,820,10,17
4770,820,11,3
4771,821,22,2
4772,821,23,3
4773,821,14,7
4774,821,2,8
4775,821,24,11
4776,821,9,20
4777,821,4,8
4778,822,16,4
4779,822,1,9
4780,822,20,3
4781,822,11,9
4782,822,16,6
4783,823,21,2
4784,823,1,8
4785,823,15,7
4786,823,12,21
4787,823,4,13
4788,823,16,2
4789,823,6,24
4790,824,18,16
4791,824,23,2
4792,824,20,22
4793,824,2,13
4794,824,15,6
4795,824,7,1
4796,825,20,0
4797,825,15,24
4798,825,15,17
4799,825,21,10
4800,825,22,11
4801,825,9,2
4802,825,7,21
4803,826,11,13
4804,826,6,14
4805,826,18,4
4806,826,16,2
4807,826,18,9
4808,826,18,12
4809,826,5,8
4810,826,23,11
4811,827,6,16
4812,827,9,1
4813,827,1,22
4814,827,6,12
4815,827,8,4
4816,827,21,13
4817,827,6,19
4818,828,10,9
4819,828,19,23
4820,828,24,5
4821,828,3,12
4822,828,17,3
4823,828,10,16
4824,829,15,3
4825,829,24,11
4826,829,18,0
4827,829,9,10
4828,829,11,0
4829,829,20,7
4830,829,17,19
4831,829,2,5
4832,830,6,12
4833,830,0,9
4834,830,18,24
4835,830,5,18
4836,830,23,19
4837,831,6,13
4838,831,14,4
4839,831,12,15
4840,831,13,19
4841,831,14,7
4842,832,15,6
4843,832,18,6
4844,832,5,12
4845,832,11,21
4846,832,14,17
4847,832,4,16
4848,833,16,23
4849,833,18,20
4850,833,20,4
4851,833,3,7
4852,833,13,4
4853,833,9,5
4854,833,7,13
4855,833,19,11
4856,834,5,16
4857,834,14,11
4858,834,7,5
4859,834,13,24
4860,834,17,15
4861,834,2,11
4862,835,19,7
4863,835,14,24
4864,835,12,1
4865,835,7,1
4866,835,7,20
4867,835,15,12
4868,835,6,2
4869,835,9,20
4870,835,8,5
4871,836,7,14
4872,836,8,17
4873,836,1,11
4874,836,20,18
4875,836,19,2
4876,836,10,17
4877,836,10,18
4878,837,11,19
4879,837,23,14
4880,837,7,14
4881,837,24,21
4882,837,5,8
4883,837,22,9
4884,837,11,7
4885,837,13,20
4886,837,5,23
4887,838,20,19
4888,838,15,2
4889,838,3,20
4890,838,3,19
4891,838,16,24
4892,838,16,6
4893,839,9,6
4894,839,14,11
4895,839,8,22
4896,839,13,5
4897,839,7,5
4898,839,18,16
4899,839,3,23
4900,839,20,24
4901,839,20,16
4902,840,24,18
4903,840,24,5
4904,840,20,8
4905,840,21,2
4906,840,4,7
4907,841,3,21
4908,841,20,9
4909,841,9,24
4910,841,21,13
4911,841,14,8
4912,841,14,6
4913,841,3,23
4914,841,16,24
4915,842,19,16
4916,842,23,1
4917,842,10,4
4918,842,6,17
4919,842,10,0
4920,842,2,24
4921,842,21,23
4922,842,8,24
4923,842,0,18
4924,842,21,23
4925,842,4,1
4926,842,10,12
4927,843,9,3
4928,843,0,11
4929,844,0,16
4930,844,16,7
4931,844,10,3
4932,844,5,3
4933,844,7,9
4934,844,4,6
4935,844,11,21
4936,845,3,13
4937,845,6,23
4938,845,19,3
4939,845,5,21
4940,845,11,14
4941,846,13,3
4942,846,8,6
4943,846,18,2
4944,846,16,7
4945,846,14,6
4946,846,24,3
4947,847,18,16
4948,847,5,24
4949,847,18,16
4950,847,1,9
4951,847,23,9
4952,848,21,15
4953,848,1,5
4954,848,10,16
4955,848,13,9
4956,848,3,7
4957,848,23,8
4958,849,13,23
4959,849,7,3
4960,849,9,18
4961,849,9,16
4962,849,13,10
4963,849,5,3
4964,850,19,1
4965,850,10,19
4966,850,3,16
4967,850,4,23
4968,850,18,8
4969,850,23,19
4970,850,17,2
4971,851,19,21
4972,851,21,17
4973,851,0,14
4974,851,17,20
4975,851,13,10
4976,851,0,10
4977,852,15,7
4978,852,24,16
4979,852,7,15
4980,852,18,20
4981,852,11,15
4982,852,5,16
4983,852,15,24
4984,852,11,13
4985,853,1,19
4986,853,8,18
4987,853,18,15
4988,853,13,24
4989,853,18,1
4990,854,12,10
4991,854,20,1
4992,854,7,0
4993,854,10,23
4994,854,18,11
4995,854,21,2
4996,854,15,6
4997,854,5,17
4998,855,16,7
4999,855,10,24
5000,855,5,24
5001,855,4,19
5002,856,13,1
5003,856,1,3
5004,856,9,2
5005,856,7,10
5006,856,8,16
5007,856,21,19
5008,856,17,15
5009,857,12,23
5010,857,19,4
5011,857,12,8
5012,857,24,15
5013,857,17,24
5014,858,13,3
5015,858,13,7
5016,858,21,10
5017,858,22,9
5018,858,12,15
5019,859,16,6
5020,859,17,2
5021,859,0,6
5022,859,8,24
5023,859,5,11
5024,859,12,22
5025,859,21,14
5026,860,19,13
5027,860,9,19
5028,860,9,1
5029,860,17,8
5030,861,4,11
5031,861,0,4
5032,861,7,10
5033,862,19,21
5034,862,6,22
5035,862,19,9
5036,863,20,17
5037,864,13,21
5038,864,14,1
5039,864,2,10
5040,864,4,15
5041,864,7,9
5042,864,9,11
5043,865,23,14
5044,865,18,10
5045,865,2,11
5046,865,19,5
5047,865,18,24
5048,865,12,9
5049,865,2,22
5050,865,13,20
5051,865,7,5
5052,865,19,7
5053,866,5,12
5054,866,11,8
5055,866,16,7
5056,866,8,10
5057,866,14,10
5058,867,0,23
5059,867,5,3
5060,867,13,1
5061,868,3,20
5062,868,1,8
5063,868,8,20
5064,868,18,1
5065,868,11,0
5066,868,9,20
5067,868,18,8
5068,868,6,18
5069,869,8,12
5070,869,1,11
5071,869,8,0
5072,869,5,13
5073,870,8,16
5074,870,1,10
5075,870,15,12
5076,870,22,13
5077,870,15,0
5078,871,4,23
5079,871,2,21
5080,871,21,11
5081,872,3,24
5082,872,3,18
5083,872,22,18
5084,872,21,5
5085,872,14,7
5086,872,1,3
5087,873,19,0
5088,873,23,6
5089,873,20,22
5090,873,22,2
5091,873,2,21
5092,873,8,4
5093,874,0,7
5094,874,21,18
5095,874,3,11
5096,874,4,24
5097,875,16,14
5098,875,10,9
5099,875,15,2
5100,875,23,7
5101,875,2,23
5102,876,0,16
5103,876,3,13
5104,876,14,15
5105,876,24,16
5106,876,1,22
5107,876,10,9
5108,876,13,17
5109,876,20,3
5110,876,12,15
5111,877,13,23
5112,877,19,23
5113,877,14,7
5114,878,10,17
5115,878,12,15
5116,878,3,24
5117,878,15,5
5118,878,19,17
5119,878,5,15
5120,878,12,21
5121,878,0,15
5122,878,13,16
5123,879,6,24
5124,879,18,22
5125,879,3,0
5126,880,12,8
5127,880,19,5
5128,880,22,8
5129,881,24,0
5130,881,7,9
5131,881,20,9
5132,881,0,18
5133,881,9,18
5134,881,24,10
5135,881,22,11
5136,882,18,8
5137,882,6,4
5138,882,20,4
5139,882,3,10
5140,882,10,6
5141,882,22,15
5142,883,19,21
5143,883,3,20
5144,883,14,18
5145,883,17,24
5146,883,0,20
5147,883,14,20
5148,883,3,15
5149,884,3,7
5150,884,2,6
5151,884,22,16
5152,884,13,10
5153,884,14,0
5154,884,14,12
5155,885,12,6
5156,885,16,3
5157,885,0,8
5158,885,7,14
5159,885,0,3
5160,886,14,18
5161,886,20,17
5162,886,2,20
5163,886,2,16
5164,887,20,6
5165,887,5,13
5166,887,3,1
5167,887,12,2
5168,887,4,12
5169,888,5,13
5170,888,22,9
5171,888,4,19
5172,888,16,14
5173,888,22,13
5174,888,17,1
5175,888,18,8
5176,889,22,7
5177,889,22,2
5178,889,20,14
5179,889,8,14
5180,889,2,5
5181,889,20,5
5182,889,14,5
5183,889,17,14
5184,889,22,12
5185,889,12,24
5186,889,15,9
5187,890,15,9
5188,890,13,2
5189,891,24,20
5190,891,24,20
5191,891,4,10
5192,891,5,9
5193,891,20,8
5194,891,19,4
5195,892,0,20
5196,892,16,6
5197,892,10,2
5198,892,4,2
5199,892,12,15
5200,892,18,14
5201,892,23,0
5202,892,4,20
5203,892,13,2
5204,892,22,5
5205,892,14,24
5206,893,4,16
5207,893,3,17
5208,893,11,9
5209,893,2,15
5210,894,17,14
5211,894,13,23
5212,894,22,3
5213,895,18,3
5214,895,5,24
5215,895,20,24
5216,895,24,8
5217,895,7,17
5218,895,14,17
5219,895,10,23
5220,896,19,10
5221,896,17,24
5222,896,7,24
5223,896,18,14
5224,897,15,7
5225,897,3,24
5226,897,18,5
5227,897,13,24
5228,897,12,20
5229,898,6,9
5230,898,1,3
5231,899,5,9
5232,899,23,14
5233,899,0,14
5234,899,23,14
5235,899,4,20
5236,900,15,13
5237,900,18,15
5238,900,16,20
5239,900,19,9
5240,901,10,20
5241,901,13,1
5242,901,2,5
5243,901,5,22
5244,901,16,13
5245,901,14,1
5246,901,2,21
5247,901,4,2
5248,901,3,24
5249,901,12,0
5250,901,17,24
5251,902,6,2
5252,902,23,5
5253,902,22,5
5254,902,4,19
5255,902,17,7
5256,903,10,0
5257,903,19,12
5258,903,17,0
5259,903,10,20
5260,904,18,3
5261,904,19,10
5262,904,1,16
5263,905,8,18
5264,905,7,16
5265,905,6,16
5266,905,17,3
5267,905,19,4
5268,906,2,21
5269,906,10,4
5270,906,22,19
5271,906,12,1
5272,906,7,3
5273,906,22,14
5274,907,17,21
5275,907,5,24
5276,907,4,13
5277,907,13,9
5278,907,22,24
5279,908,9,10
5280,908,18,2
5281,908,12,18
5282,908,14,16
5283,908,18,2
5284,908,15,17
5285,908,3,16
5286,909,23,17
5287,909,1,19
5288,909,4,21
5289,909,21,23
5290,909,24,16
5291,909,0,2
5292,910,15,9
5293,910,13,6
5294,910,3,6
5295,910,20,3
5296,911,13,24
5297,911,7,23
5298,911,21,9
5299,911,17,8
5300,911,17,20
5301,911,23,7
5302,911,8,6
5303,911,8,14
5304,911,1,12
5305,911,20,16
5306,911,12,5
5307,912,17,5
5308,912,22,8
5309,912,20,22
5310,912,13,15
5311,912,13,19
5312,913,21,14
5313,913,2,16
5314,913,22,10
5315,913,9,19
5316,913,6,15
5317,913,19,8
5318,913,18,14
5319,913,1,20
5320,913,20,6
5321,913,17,11
5322,913,11,1
5323,914,6,2
5324,914,22,1
5325,914,18,4
5326,914,20,23
5327,914,6,19
5328,914,4,5
5329,915,24,4
5330,915,3,12
5331,915,5,1
5332,915,13,24
5333,915,23,9
5334,915,3,9
5335,915,9,19
5336,915,0,22
5337,916,1,19
5338,916,24,12
5339,917,0,11
5340,917,17,8
5341,917,12,6
5342,917,18,2
5343,917,0,13
5344,917,0,8
5345,917,20,6
5346,918,14,6
5347,918,17,6
5348,918,8,4
5349,918,10,22
5350,918,0,2
5351,918,22,16
5352,918,23,7
5353,919,18,12
5354,919,9,1
5355,919,11,8
5356,919,24,22
5357,919,14,21
5358,919,14,1
5359,920,17,24
5360,920,9,20
5361,920,7,23
5362,920,9,22
5363,920,17,15
5364,920,3,15
5365,920,9,10
5366,920,18,4
5367,921,2,22
5368,921,10,6
5369,921,18,7
5370,921,24,20
5371,921,21,3
5372,921,17,7
5373,921,16,10
5374,922,8,21
5375,922,9,22
5376,922,21,10
5377,922,8,20
5378,922,20,10
5379,923,14,5
5380,923,24,5
5381,923,5,21
5382,923,9,16
5383,923,3,9
5384,924,18,9
5385,924,13,19
5386,924,7,17
5387,924,2,6
5388,924,3,5
5389,924,9,21
5390,925,22,4
5391,925,21,4
5392,925,0,18
5393,925,2,18
5394,926,24,10
5395,926,8,21
5396,926,21,18
5397,926,9,21
5398,926,22,10
5399,927,17,24
5400,927,14,20
5401,927,21,3
5402,927,0,18
5403,927,15,23
5404,927,24,15
5405,927,2,24
5406,928,11,7
5407,928,9,1
5408,928,12,4
5409,928,3,23
5410,928,6,20
5411,929,0,6
5412,929,11,13
5413,929,8,24
5414,929,9,6
5415,929,6,22
5416,929,9,23
5417,929,4,18
5418,929,8,19
5419,930,18,22
5420,930,0,16
5421,930,21,0
5422,930,18,5
5423,930,4,5
5424,930,16,4
5425,930,1,8
5426,931,17,21
5427,931,21,1
5428,931,15,6
5429,931,0,3
5430,931,24,11
5431,932,5,24
5432,932,0,15
5433,932,4,12
5434,932,21,4
5435,932,10,16
5436,932,0,22
5437,932,24,21
5438,932,20,17
5439,932,6,3
5440,932,3,7
5441,933,11,2
5442,933,20,7
5443,933,13,7
5444,933,17,2
5445,934,8,4
5446,934,16,18
5447,934,7,17
5448,934,5,8
5449,934,11,15
5450,935,20,18
5451,935,13,2
5452,935,8,11
5453,935,8,5
5454,935,15,14
5455,935,17,11
5456,936,14,5
5457,936,1,8
5458,936,22,5
5459,936,9,5
5460,936,14,5
5461,936,3,14
5462,936,5,20
5463,936,19,12
5464,937,21,23
5465,937,2,4
5466,937,3,15
5467,937,15,18
5468,937,7,5
5469,937,0,6
5470,938,23,9
5471,938,20,7
5472,938,5,7
5473,938,21,9
5474,938,14,18
5475,938,0,16
5476,938,16,20
5477,939,1,5
5478,939,16,19
5479,939,19,5
5480,939,1,3
5481,939,10,21
5482,940,18,8
5483,940,16,19
5484,940,20,2
5485,940,5,22
5486,941,7,18
5487,941,20,6
5488,941,2,23
5489,941,8,12
5490,941,18,8
5491,941,2,10
5492,941,7,3
5493,942,8,16
5494,942,11,9
5495,943,6,9
5496,943,15,3
5497,943,3,1
5498,943,8,16
5499,944,0,10
5500,944,9,20
5501,944,16,9
5502,944,20,13
5503,944,14,3
5504,944,22,1
5505,944,15,13
5506,944,1,8
5507,944,0,11
5508,944,10,8
5509,944,11,5
5510,945,20,9
5511,945,24,18
5512,945,24,11
5513,945,15,24
5514,946,8,10
5515,946,19,21
5516,946,21,4
5517,946,18,24
5518,946,5,3
5519,947,22,1
5520,947,15,1
5521,947,12,5
5522,947,7,3
5523,947,0,21
5524,947,17,11
5525,948,8,11
5526,948,2,16
5527,948,6,17
5528,948,12,22
5529,948,10,7
5530,948,14,4
5531,949,0,16
5532,949,16,8
5533,949,5,12
5534,949,12,9
5535,949,16,1
5536,949,14,12
5537,949,19,9
5538,949,12,20
5539,949,0,17
5540,949,5,2
5541,949,7,11
5542,949,3,23
5543,950,7,10
5544,950,4,16
5545,950,9,10
5546,951,12,24
5547,951,24,4
5548,951,18,16
5549,951,18,9
5550,952,7,14
5551,952,12,18
5552,952,14,24
5553,952,2,13
5554,952,6,15
5555,952,17,15
5556,953,12,8
5557,953,5,9
5558,953,2,6
5559,953,8,10
5560,953,1,5
5561,953,4,15
5562,954,23,16
5563,954,19,12
5564,954,12,23
5565,954,9,18
5566,954,24,12
5567,954,17,21
5568,955,9,18
5569,955,15,23
5570,955,10,9
5571,955,13,22
5572,955,2,0
5573,955,14,24
5574,955,14,10
5575,955,18,9
5576,956,21,2
5577,956,23,0
5578,956,12,10
5579,956,21,4
5580,956,19,13
5581,956,1,22
5582,956,20,8
5583,956,5,2
5584,957,4,14
5585,957,7,18
5586,957,24,7
5587,957,23,11
5588,957,0,21
5589,957,4,22
5590,957,0,9
5591,958,19,0
5592,958,12,3
5593,959,4,12
5594,959,8,16
5595,959,7,15
5596,959,23,6
5597,959,20,8
5598,959,4,20
5599,959,12,22
5600,959,13,21
5601,959,22,6
5602,960,2,5
5603,960,9,12
5604,960,5,1
5605,960,4,12
5606,961,20,19
5607,961,16,1
5608,961,17,10
5609,962,22,6
5610,962,1,9
5611,962,12,8
5612,962,1,15
5613,962,24,15
5614,962,3,5
5615,962,12,21
5616,963,7,21
5617,963,20,16
5618,963,1,4
5619,963,16,19
5620,964,1,5
5621,964,9,15
5622,964,1,20
5623,965,1,13
5624,965,21,23
5625,965,1,9
5626,966,8,12
5627,966,17,6
5628,966,14,6
5629,966,1,12
5630,966,6,21
5631,966,11,19
5632,966,13,4
5633,966,19,8
5634,967,22,18
5635,967,22,4
5636,967,15,3
5637,967,3,13
5638,967,1,7
5639,967,12,10
5640,967,1,16
5641,968,17,1
5642,968,11,2
5643,968,4,10
5644,968,5,14
5645,968,8,12
5646,968,17,0
5647,968,2,8
5648,968,7,13
5649,969,23,19
5650,969,19,0
5651,969,22,13
5652,969,9,1
5653,969,14,0
5654,969,16,10
5655,970,9,3
5656,970,17,6
5657,970,0,18
5658,970,11,8
5659,970,5,15
5660,970,15,14
5661,970,24,3
5662,970,2,11
5663,971,0,13
5664,971,8,19
5665,971,7,0
5666,971,4,20
5667,971,18,0
5668,972,0,23
5669,972,12,5
5670,972,10,9
5671,972,24,18
5672,972,4,0
5673,972,14,4
5674,973,3,0
5675,973,13,9
5676,973,1,18
5677,973,24,12
5678,973,0,13
5679,973,19,23
5680,973,22,18
5681,973,3,7
5682,974,10,17
5683,974,0,15
5684,974,12,8
5685,974,1,24
5686,974,20,5
5687,974,7,5
5688,974,6,23
5689,974,7,23
5690,975,4,10
5691,975,19,11
5692,975,2,8
5693,976,9,0
5694,976,15,21
5695,976,17,10
5696,977,1,22
5697,977,8,23
5698,977,17,15
5699,977,3,10
5700,977,8,11
5701,978,12,15
5702,978,22,2
5703,978,7,24
5704,978,8,15
5705,978,23,3
5706,978,10,16
5707,979,21,15
5708,979,24,22
5709,979,13,22
5710,979,3,9
5711,979,7,24
5712,979,22,9
5713,979,10,24
5714,980,5,23
5715,980,20,1
5716,980,24,12
5717,980,7,23
5718,980,21,4
5719,980,7,23
5720,980,9,15
5721,980,21,7
5722,981,21,6
5723,981,24,0
5724,981,7,19
5725,981,14,1
5726,981,9,21
5727,982,18,3
5728,982,2,17
5729,982,0,11
5730,982,6,14
5731,982,22,14
5732,982,14,11
5733,982,1,14
5734,982,20,4
5735,982,8,0
5736,983,4,14
5737,983,22,8
5738,983,10,21
5739,983,15,6
5740,983,3,22
5741,984,4,12
5742,984,19,17
5743,984,21,14
5744,984,1,11
5745,984,0,21
5746,984,2,4
5747,984,8,14
5748,985,22,16
5749,985,0,18
5750,985,13,23
5751,985,16,7
5752,985,3,13
5753,985,3,10
5754,986,14,8
5755,986,3,7
5756,986,7,19
5757,986,8,0
5758,986,24,15
5759,986,13,1
5760,987,21,1
5761,987,24,18
5762,987,15,14
5763,987,15,5
5764,987,23,13
5765,987,19,16
5766,988,0,14
5767,988,7,3
5768,988,20,6
5769,988,2,17
5770,989,20,1
5771,989,12,2
5772,989,6,19
5773,989,17,10
5774,989,21,11
5775,990,20,0
5776,990,7,18
5777,990,19,4
5778,990,3,21
5779,990,9,6
5780,990,10,4
5781,991,6,16
5782,991,24,14
5783,991,2,10
5784,991,12,15
5785,991,7,18
5786,991,19,10
5787,991,11,4
5788,991,16,6
5789,992,23,20
5790,992,9,17
5791,992,15,18
5792,992,1,22
5793,992,1,16
5794,992,12,20
5795,992,2,11
5796,992,10,21
5797,992,0,8
5798,992,1,11
5799,993,5,15
5800,993,11,0
5801,993,13,6
5802,993,2,22
5803,993,9,7
5804,993,10,16
5805,994,18,0
5806,994,2,18
5807,994,8,5
5808,994,23,19
5809,994,10,3
5810,994,8,20
5811,994,7,11
5812,994,1,16
5813,995,3,10
5814,995,10,16
5815,995,13,1
5816,995,22,20
5817,995,24,20
5818,995,22,7
5819,996,4,6
5820,996,7,9
5821,996,5,17
5822,996,13,21
5823,996,2,16
5824,996,1,3
5825,996,3,6
5826,996,23,17
5827,997,14,16
5828,997,1,11
5829,997,6,10
5830,997,8,21
5831,997,18,20
5832,997,22,11
5833,997,2,10
5834,998,24,6
5835,999,18,9
5836,999,15,21
5837,999,8,14
5838,999,9,16
5839,999,1,22
5840,999,6,24
5841,999,21,14
5842,999,15,5
5843,1000,21,24
5844,1000,14,4
5845,1000,18,1
5846,1000,3,24
5847,1000,0,12
5848,1000,0,8
5849,1001,12,8
5850,1001,23,20
5851,1001,20,13
5852,1002,15,12
5853,1002,24,2
5854,1002,9,1
5855,1002,18,14
5856,1002,5,20
5857,1002,9,7
5858,1002,5,1
5859,1002,10,14
5860,1003,14,21
5861,1003,24,9
5862,1004,4,19
5863,1004,6,3
5864,1004,9,6
5865,1004,6,13
5866,1005,12,20
5867,1005,17,23
5868,1005,16,24
5869,1005,1,23
5870,1005,16,2
5871,1005,19,9
5872,1005,24,11
5873,1006,13,15
5874,1006,10,14
5875,1006,18,2
5876,1006,20,11
5877,1007,3,17
5878,1007,13,19
5879,1007,23,10
5880,1007,17,19
5881,1007,5,21
5882,1008,2,8
5883,1008,16,1
5884,1008,15,21
5885,1008,15,19
5886,1008,17,4
5887,1008,6,0
5888,1009,13,4
5889,1009,23,4
5890,1009,15,12
5891,1009,12,14
5892,1009,24,13
5893,1009,6,20
5894,1009,2,4
5895,1009,12,15
5896,1009,18,24
5897,1009,8,6
5898,1009,13,6
5899,1009,19,13
5900,1010,0,10
5901,1010,23,11
5902,1010,10,9
5903,1010,15,11
5904,1011,11,20
5905,1011,20,1
5906,1011,10,18
5907,1011,15,12
5908,1011,1,21
5909,1011,12,14
5910,1011,16,2
5911,1011,3,0
5912,1012,22,6
5913,1012,2,19
5914,1012,2,0
5915,1013,9,16
5916,1013,6,18
5917,1013,11,22
5918,1013,22,12
5919,1013,0,2
5920,1013,11,5
5921,1013,16,22
5922,1014,12,20
5923,1014,17,21
5924,1014,6,14
5925,1014,17,1
5926,1014,2,4
5927,1015,10,13
5928,1015,1,14
5929,1015,22,3
5930,1015,18,2
5931,1016,18,1
5932,1016,9,20
5933,1016,7,14
5934,1016,23,0
5935,1016,22,3
5936,1016,10,12
5937,1016,14,3
5938,1016,1,18
5939,1016,0,21
5940,1016,22,24
5941,1016,19,22
5942,1016,5,1
5943,1016,12,10
5944,1017,16,20
5945,1017,9,20
5946,1017,14,10
5947,1017,22,0
5948,1017,21,13
5949,1017,14,20
5950,1018,16,22
5951,1018,9,24
5952,1018,18,24
5953,1018,5,23
5954,1019,4,19
5955,1019,17,20
5956,1019,10,18
5957,1019,16,12
5958,1019,13,22
5959,1019,5,8
5960,1019,15,17
5961,1019,3,16
5962,1019,7,9
5963,1020,19,2
5964,1020,15,13
5965,1020,13,24
5966,1020,8,2
5967,1020,14,21
5968,1020,15,6
5969,1020,12,19
5970,1020,2,9
5971,1021,18,10
5972,1021,13,16
5973,1021,8,17
5974,1021,20,13
5975,1021,13,17
5976,1021,1,24
5977,1022,2,13
5978,1022,20,13
5979,1022,4,14
5980,1022,21,18
5981,1022,16,22
5982,1022,18,7
5983,1022,24,11
5984,1023,0,11
5985,1023,2,19
5986,1023,23,7
5987,1023,9,1
5988,1023,24,15
5989,1023,17,1
5990,1023,17,6
5991,1023,23,15
5992,1023,21,13
5993,1024,14,6
5994,1024,20,9
5995,1024,9,1
5996,1024,2,17
5997,1024,7,18
5998,1024,19,16
5999,1025,23,4
6000,1025,1,16
6001,1025,10,4
6002,1025,16,10
6003,1025,0,6
6004,1025,15,1
6005,1025,4,5
6006,1025,15,13
6007,1026,3,15
6008,1026,5,12
6009,1026,14,8
6010,1026,2,22
6011,1026,20,7
6012,1026,10,18
6013,1026,24,13
6014,1027,9,16
6015,1027,19,23
6016,1027,21,9
6017,1027,7,1
6018,1027,2,8
6019,1028,22,19
6020,1028,18,24
6021,1028,24,11
6022,1028,2,18
6023,1028,18,21
6024,1028,8,22
6025,1028,16,7
6026,1028,16,20
6027,1028,16,2
6028,1028,6,20
6029,1029,11,23
6030,1029,17,15
6031,1029,1,9
6032,1029,21,24
6033,1029,15,17
6034,1030,15,17
6035,1030,17,14
6036,1030,5,21
6037,1030,2,16
6038,1030,12,19
6039,1030,23,5
6040,1031,2,15
6041,1031,7,9
6042,1031,12,0
6043,1031,14,6
6044,1031,15,22
6045,1031,14,15
6046,1031,5,15
6047,1031,4,12
6048,1031,11,13
6049,1032,11,23
6050,1032,13,4
6051,1032,9,11
6052,1032,5,12
6053,1032,15,12
6054,1033,14,3
6055,1033,7,1
6056,1033,2,9
6057,1033,6,24
6058,1034,24,16
6059,1034,17,19
6060,1034,6,2
6061,1034,5,14
6062,1034,17,20
6063,1034,15,11
6064,1034,16,0
6065,1035,4,1
6066,1035,7,4
6067,1035,22,11
6068,1035,19,2
6069,1035,1,11
6070,1035,17,21
6071,1035,4,1
6072,1035,19,3
6073,1035,3,5
6074,1036,24,10
6075,1036,7,21
6076,1036,24,12
6077,1036,0,14
6078,1036,11,15
6079,1037,24,15
6080,1037,22,15
6081,1037,19,22
6082,1037,6,24
6083,1037,16,7
6084,1037,11,21
6085,1038,3,23
6086,1038,16,6
6087,1038,24,0
6088,1038,1,10
6089,1038,10,3
6090,1038,1,5
6091,1038,11,18
6092,1038,18,8
6093,1039,21,4
6094,1039,24,18
6095,1039,4,24
6096,1039,4,21
6097,1039,20,17
6098,1039,3,23
6099,1039,23,20
6100,1039,22,4
6101,1039,20,24
6102,1039,9,10
6103,1040,20,7
6104,1040,0,24
6105,1040,22,7
6106,1041,1,14
6107,1041,22,14
6108,1041,1,18
6109,1041,3,15
6110,1041,8,10
6111,1042,12,4
6112,1042,21,4
6113,1042,20,3
6114,1042,13,0
6115,1043,0,17
6116,1043,12,8
6117,1043,2,18
6118,1043,17,6
6119,1043,12,16
6120,1044,5,13
6121,1044,18,9
6122,1044,20,3
6123,1044,4,10
6124,1044,17,5
6125,1045,21,4
6126,1045,9,10
6127,1045,2,16
6128,1045,8,18
6129,1046,5,1
6130,1046,0,17
6131,1046,5,2
6132,1046,20,12
6133,1046,14,8
6134,1046,9,20
6135,1046,8,14
6136,1046,9,7
6137,1046,4,6
6138,1046,20,19
6139,1046,13,9
6140,1046,14,4
6141,1046,22,5
6142,1046,13,17
6143,1047,4,7
6144,1047,2,9
6145,1047,14,3
6146,1047,20,23
6147,1048,24,3
6148,1048,8,1
6149,1048,23,4
6150,1048,9,6
6151,1048,6,19
6152,1048,16,12
6153,1048,22,10
6154,1048,5,22
6155,1048,10,9
6156,1049,1,21
6157,1049,4,16
6158,1049,16,22
6159,1049,22,16
6160,1049,1,4
6161,1049,0,7
6162,1049,24,0
6163,1049,1,15
6164,1050,22,9
6165,1050,15,0
6166,1050,18,0
6167,1050,8,0
6168,1050,22,10
6169,1050,12,18
6170,1051,8,2
6171,1051,23,13
6172,1051,6,16
6173,1051,17,8
6174,1051,9,16
6175,1051,14,8
6176,1051,3,16
6177,1051,21,3
6178,1051,0,2
6179,1052,4,17
6180,1052,13,0
6181,1052,13,3
6182,1052,12,8
6183,1052,3,21
6184,1052,9,16
6185,1053,17,8
6186,1053,1,22
6187,1053,23,12
6188,1053,8,11
6189,1053,6,0
6190,1053,22,13
6191,1053,20,1
6192,1053,10,13
6193,1053,14,23
6194,1054,13,24
6195,1054,3,14
6196,1054,5,13
6197,1054,18,12
6198,1054,3,0
6199,1054,1,4
6200,1054,9,5
6201,1054,4,20
6202,1055,23,17
6203,1055,7,1
6204,1055,10,19
6205,1055,4,17
6206,1055,1,17
6207,1055,12,22
6208,1055,4,19
6209,1055,11,22
6210,1055,15,9
6211,1056,20,4
6212,1056,4,7
6213,1056,13,10
6214,1056,24,0
6215,1056,17,21
6216,1056,18,16
6217,1057,2,0
6218,1057,19,5
6219,1057,14,22
6220,1057,20,10
6221,1057,13,23
6222,1057,21,10
6223,1057,14,21
6224,1058,22,3
6225,1058,21,19
6226,1059,17,5
6227,1059,2,10
6228,1059,10,9
6229,1059,10,2
6230,1059,0,20
6231,1060,3,14
6232,1060,20,17
6233,1060,16,23
6234,1060,14,16
6235,1060,7,13
6236,1060,3,10
6237,1061,18,16
6238,1061,21,17
6239,1061,20,8
6240,1062,11,20
6241,1062,1,14
6242,1062,11,18
6243,1062,19,8
6244,1062,17,5
6245,1062,20,18
6246,1062,14,12
6247,1063,5,9
6248,1063,7,3
6249,1063,11,3
6250,1063,5,7
6251,1063,1,13
6252,1063,0,17
6253,1063,2,22
6254,1064,15,23
6255,1064,23,15
6256,1064,14,20
6257,1064,22,5
6258,1064,23,9
6259,1064,1,11
6260,1064,19,8
6261,1065,4,5
6262,1065,13,2
6263,1065,7,13
6264,1065,20,8
6265,1065,8,2
6266,1065,13,1
6267,1065,19,7
6268,1066,24,14
6269,1066,24,8
6270,1066,13,20
6271,1066,18,14
6272,1066,11,7
6273,1066,17,11
6274,1066,14,23
6275,1066,21,4
6276,1067,4,15
6277,1067,11,0
6278,1067,13,3
6279,1067,8,11
6280,1067,4,20
6281,1067,24,1
6282,1068,15,0
6283,1068,13,2
6284,1068,6,24
6285,1068,16,12
6286,1068,12,23
6287,1068,24,13
6288,1068,10,17
6289,1069,3,5
6290,1069,23,13
6291,1069,16,6
6292,1069,19,1
6293,1069,0,13
6294,1069,2,11
6295,1070,20,9
6296,1070,20,2
6297,1070,5,9
6298,1070,5,12
6299,1070,14,12
6300,1071,6,22
6301,1071,7,18
6302,1071,17,14
6303,1071,1,4
6304,1071,9,3
6305,1071,12,6
6306,1071,0,15
6307,1072,21,17
6308,1072,2,13
6309,1072,11,13
6310,1072,11,1
6311,1072,12,16
6312,1072,22,18
6313,1072,11,14
6314,1072,21,14
6315,1072,21,12
6316,1072,11,18
6317,1072,8,19
6318,1073,12,9
6319,1073,2,22
6320,1074,1,4
6321,1074,20,7
6322,1074,23,20
6323,1074,22,19
6324,1074,12,15
6325,1074,5,13
6326,1074,17,9
6327,1074,13,7
6328,1075,24,15
6329,1075,22,14
6330,1075,22,15
6331,1075,23,3
6332,1075,6,22
6333,1075,8,11
6334,1076,5,12
6335,1076,14,2
6336,1076,4,12
6337,1076,24,21
6338,1076,1,15
6339,1076,15,21
6340,1076,3,0
6341,1076,3,1
6342,1076,10,3
6343,1076,6,17
6344,1076,4,13
6345,1077,10,7
6346,1077,8,12
6347,1077,24,13
6348,1077,10,3
6349,1077,20,2
6350,1077,15,19
6351,1078,21,9
6352,1078,16,1
6353,1078,3,16
6354,1078,17,14
6355,1078,10,3
6356,1078,0,8
6357,1078,10,23
6358,1078,16,24
6359,1078,15,3
6360,1078,13,11
6361,1079,3,20
6362,1079,10,2
6363,1079,17,10
6364,1079,13,0
6365,1080,7,18
6366,1080,3,18
6367,1080,14,2
6368,1080,16,7
6369,1080,7,14
6370,1080,3,0
6371,1080,16,7
6372,1081,21,5
6373,1081,6,16
6374,1081,18,4
6375,1081,16,0
6376,1081,22,6
6377,1081,4,20
6378,1082,7,16
6379,1082,24,17
6380,1082,13,3
6381,1082,4,7
6382,1082,19,12
6383,1082,10,21
6384,1083,6,4
6385,1083,6,3
6386,1083,14,23
6387,1083,4,7
6388,1084,24,21
6389,1084,21,2
6390,1084,7,21
6391,1084,12,19
6392,1084,16,19
6393,1084,12,9
6394,1085,9,24
6395,1085,19,8
6396,1085,19,9
6397,1086,18,0
6398,1087,16,23
6399,1087,13,17
6400,1087,4,6
6401,1087,19,20
6402,1087,12,20
6403,1087,21,14
6404,1087,7,16
6405,1087,23,8
6406,1087,14,12
6407,1087,8,24
6408,1087,17,4
6409,1087,8,19
6410,1088,13,21
6411,1088,18,21
6412,1088,8,2
6413,1088,16,5
6414,1088,23,4
6415,1088,20,19
6416,1088,17,0
6417,1089,24,11
6418,1089,1,20
6419,1089,17,2
6420,1089,9,20
6421,1089,21,15
6422,1090,9,15
6423,1090,20,14
6424,1090,16,7
6425,1090,22,16
6426,1090,6,12
6427,1091,14,21
6428,1091,22,14
6429,1091,11,15
6430,1091,18,20
6431,1092,14,16
6432,1092,5,7
6433,1092,0,9
6434,1092,23,14
6435,1093,15,23
6436,1093,5,9
6437,1093,15,13
6438,1093,5,16
6439,1093,24,5
6440,1093,11,2
6441,1094,17,11
6442,1094,17,20
6443,1094,14,24
6444,1094,9,3
6445,1095,11,19
6446,1095,23,9
6447,1095,19,2
6448,1095,22,10
6449,1096,12,3
6450,1096,17,21
6451,1096,1,20
6452,1096,11,19
6453,1096,17,8
6454,1096,23,21
6455,1096,14,17
6456,1097,10,19
6457,1097,9,20
6458,1098,14,0
6459,1098,20,13
6460,1098,24,2
6461,1098,9,7
6462,1099,0,23
6463,1099,21,12
6464,1099,15,6
6465,1099,15,5
6466,1099,22,10
6467,1099,12,2
6468,1100,14,7
6469,1100,22,1
6470,1100,1,12
6471,1100,20,22
6472,1100,0,11
6473,1101,10,7
6474,1101,8,24
6475,1101,3,11
6476,1101,18,7
6477,1101,24,6
6478,1101,4,5
6479,1102,15,8
6480,1102,23,10
6481,1102,10,24
6482,1102,1,10
6483,1102,17,3
6484,1102,11,15
6485,1102,9,5
6486,1102,12,15
6487,1102,15,1
6488,1102,3,5
6489,1102,3,1
6490,1102,21,14
6491,1102,21,11
6492,1103,16,0
6493,1103,11,20
6494,1103,11,14
6495,1103,3,19
6496,1103,5,14
6497,1104,14,17
6498,1104,4,16
6499,1104,6,4
6500,1104,11,24
6501,1105,14,2
6502,1105,4,23
6503,1105,20,22
6504,1105,9,7
6505,1105,21,17
6506,1105,13,19
6507,1106,2,18
6508,1106,3,16
6509,1106,18,10
6510,1107,4,10
6511,1108,3,7
6512,1108,1,7
6513,1108,10,6
6514,1108,21,1
6515,1108,19,1
6516,1108,20,1
6517,1108,15,3
6518,1108,19,3
6519,1109,19,12
6520,1109,21,4
6521,1109,1,21
6522,1109,20,10
6523,1109,4,2
6524,1109,22,2
6525,1109,22,5
6526,1109,0,20
6527,1109,22,7
6528,1110,12,3
6529,1110,2,11
6530,1110,14,6
6531,1110,8,19
6532,1111,9,6
6533,1111,13,0
6534,1111,5,19
6535,1112,17,7
6536,1112,18,22
6537,1112,20,10
6538,1112,5,20
6539,1112,4,2
6540,1113,9,11
6541,1113,15,13
6542,1113,2,18
6543,1113,8,24
6544,1113,8,18
6545,1113,11,20
6546,1114,15,18
6547,1114,9,1
6548,1114,20,9
6549,1114,24,17
6550,1114,1,12
6551,1114,9,22
6552,1114,4,24
6553,1114,12,1
6554,1114,16,2
6555,1115,22,1
6556,1115,7,24
6557,1116,3,24
6558,1116,6,15
6559,1116,15,21
6560,1116,12,2
6561,1116,9,13
6562,1116,20,8
6563,1117,13,16
6564,1117,14,20
6565,1118,6,0
6566,1118,24,13
6567,1118,15,21
6568,1118,12,1
6569,1118,1,16
6570,1118,15,6
6571,1118,10,4
6572,1118,0,4
6573,1118,24,17
6574,1119,21,24
6575,1119,2,0
6576,1119,3,24
6577,1119,24,3
6578,1120,16,22
6579,1120,12,22
6580,1120,5,21
6581,1120,15,18
6582,1120,22,15
6583,1120,9,3
6584,1120,17,9
6585,1121,2,14
6586,1121,21,13
6587,1121,6,0
6588,1121,8,1
6589,1122,9,3
6590,1122,10,13
6591,1122,18,1
6592,1122,3,0
6593,1122,7,5
6594,1122,0,22
6595,1123,1,9
6596,1123,4,21
6597,1123,19,4
6598,1123,16,13
6599,1123,12,22
6600,1123,13,19
6601,1124,19,17
6602,1124,5,22
6603,1124,5,18
6604,1124,4,21
6605,1125,2,24
6606,1125,0,24
6607,1125,23,4
6608,1126,21,19
6609,1126,15,21
6610,1126,1,24
6611,1126,10,22
6612,1126,4,11
6613,1126,24,7
6614,1127,1,22
6615,1127,15,18
6616,1127,20,4
6617,1127,21,1
6618,1127,15,7
6619,1127,8,16
6620,1128,19,6
6621,1128,3,10
6622,1128,17,1
6623,1128,8,1
6624,1129,3,21
6625,1129,0,19
6626,1129,3,13
6627,1129,10,16
6628,1129,12,0
6629,1129,21,18
6630,1129,0,23
6631,1129,0,16
6632,1129,20,19
6633,1129,6,22
6634,1129,10,17
6635,1129,5,24
6636,1130,16,14
6637,1130,15,23
6638,1130,9,20
6639,1130,20,7
6640,1131,8,5
6641,1131,2,10
6642,1131,13,4
6643,1131,18,9
6644,1131,18,1
6645,1131,15,14
6646,1131,13,10
6647,1131,23,17
6648,1131,17,2
6649,1131,11,14
6650,1132,22,14
6651,1132,18,16
6652,1132,1,13
6653,1132,23,5
6654,1133,17,20
6655,1133,0,2
6656,1133,8,14
6657,1133,10,21
6658,1133,16,8
6659,1133,19,8
6660,1133,21,13
6661,1134,2,16
6662,1134,21,17
6663,1134,11,4
6664,1134,2,14
6665,1134,22,7
6666,1134,11,9
6667,1134,23,13
6668,1134,0,11
6669,1135,14,2
6670,1135,8,21
6671,1136,21,7
6672,1136,9,23
6673,1136,23,5
6674,1136,10,19
6675,1136,7,11
6676,1136,5,16
6677,1136,21,9
6678,1136,20,23
6679,1136,14,12
6680,1137,18,1
6681,1137,6,12
6682,1137,10,24
6683,1137,14,11
6684,1137,1,19
6685,1137,22,1
6686,1137,2,15
6687,1137,2,15
6688,1138,23,2
6689,1138,17,0
6690,1138,18,16
6691,1138,11,22
6692,1138,20,10
6693,1139,4,11
6694,1139,12,8
6695,1139,2,11
6696,1139,24,16
6697,1139,5,22
6698,1139,14,11
6699,1139,10,14
6700,1139,20,13
6701,1140,1,14
6702,1140,12,0
6703,1140,7,23
6704,1140,3,18
6705,1141,19,5
6706,1141,22,2
6707,1141,16,7
6708,1141,18,20
6709,1141,12,19
6710,1141,8,16
6711,1141,7,14
6712,1142,11,20
6713,1142,9,24
6714,1142,0,24
6715,1142,10,2
6716,1142,16,13
6717,1142,18,10
6718,1143,14,0
6719,1143,5,23
6720,1143,13,15
6721,1143,4,23
6722,1143,17,0
6723,1143,22,10
6724,1144,5,2
6725,1144,9,13
6726,1144,17,10
6727,1144,24,21
6728,1144,3,19
6729,1145,5,22
6730,1145,9,17
6731,1145,24,5
6732,1145,2,14
6733,1145,6,18
6734,1146,4,7
6735,1146,4,5
6736,1146,2,24
6737,1146,5,24
6738,1146,12,0
6739,1146,8,10
6740,1146,2,9
6741,1146,17,19
6742,1146,15,11
6743,1147,5,17
6744,1147,2,9
6745,1147,17,24
6746,1148,15,0
6747,1148,16,13
6748,1148,7,15
6749,1148,13,1
6750,1149,14,5
6751,1149,1,14
6752,1149,5,2
6753,1149,9,3
6754,1149,1,7
6755,1149,14,5
6756,1150,1,13
6757,1150,0,19
6758,1150,10,17
6759,1150,4,21
6760,1150,19,13
6761,1151,12,9
6762,1151,22,19
6763,1151,0,9
6764,1151,19,5
6765,1152,6,0
6766,1152,17,24
6767,1152,14,2
6768,1152,4,0
6769,1152,1,3
6770,1152,8,16
6771,1152,9,24
6772,1152,13,21
6773,1152,13,15
6774,1153,8,12
6775,1153,8,1
6776,1154,19,4
6777,1154,9,5
6778,1154,5,11
6779,1155,15,24
6780,1155,3,16
6781,1155,14,6
6782,1155,19,12
6783,1155,8,2
6784,1156,7,20
6785,1156,7,13
6786,1156,21,15
6787,1157,5,12
6788,1157,18,7
6789,1157,8,15
6790,1157,9,20
6791,1158,7,24
6792,1158,17,19
6793,1158,19,20
6794,1158,5,20
6795,1158,11,14
6796,1158,12,8
6797,1159,1,8
6798,1159,13,7
6799,1159,11,20
6800,1159,5,20
6801,1159,23,20
6802,1160,18,16
6803,1160,12,9
6804,1160,8,18
6805,1160,15,4
6806,1160,12,0
6807,1160,11,24
6808,1160,15,2
6809,1161,5,22
6810,1161,20,17
6811,1161,10,24
6812,1161,20,14
6813,1161,12,5
6814,1161,3,14
6815,1162,12,4
6816,1162,6,17
6817,1162,4,2
6818,1162,15,23
6819,1162,20,4
6820,1162,20,5
6821,1162,13,21
6822,1162,18,14
6823,1163,2,15
6824,1163,6,16
6825,1163,21,2
6826,1163,8,16
6827,1163,23,16
6828,1163,10,9
6829,1163,20,8
6830,1163,16,18
6831,1163,4,13
6832,1164,4,17
6833,1164,14,0
6834,1164,17,4
6835,1164,15,13
6836,1164,22,1
6837,1164,21,4
6838,1164,9,0
6839,1164,0,13
6840,1164,23,17
6841,1164,20,8
6842,1165,9,19
6843,1165,11,17
6844,1165,7,16
6845,1165,9,10
6846,1165,15,1
6847,1166,8,14
6848,1166,10,23
6849,1166,4,15
6850,1166,14,21
6851,1166,1,23
6852,1167,15,2
6853,1167,23,6
6854,1167,14,6
6855,1167,15,3
6856,1167,24,15
6857,1167,3,16
6858,1167,18,11
6859,1167,19,4
6860,1168,21,1
6861,1168,24,17
6862,1168,0,13
6863,1168,24,21
6864,1168,7,10
6865,1168,22,14
6866,1169,1,8
6867,1169,1,24
6868,1169,19,7
6869,1169,11,7
6870,1169,17,20
6871,1169,13,3
6872,1169,1,15
6873,1169,17,10
6874,1169,15,17
6875,1169,0,12
6876,1170,7,24
6877,1170,13,6
6878,1170,15,21
6879,1170,18,21
6880,1170,16,9
6881,1170,4,23
6882,1170,5,23
6883,1171,5,22
6884,1171,0,12
6885,1171,20,16
6886,1171,22,7
6887,1171,4,16
6888,1171,18,7
6889,1171,3,0
6890,1171,12,23
6891,1171,1,10
6892,1171,8,24
6893,1171,10,13
6894,1171,12,19
6895,1171,21,2
6896,1172,13,9
6897,1172,17,7
6898,1172,2,21
6899,1172,0,13
6900,1173,5,23
6901,1173,15,4
6902,1173,9,6
6903,1173,17,20
6904,1173,23,2
6905,1173,9,19
6906,1173,11,3
6907,1173,20,13
6908,1174,2,9
6909,1174,22,20
6910,1174,6,24
6911,1174,13,4
6912,1174,9,17
6913,1175,15,5
6914,1175,11,4
6915,1175,1,19
6916,1176,9,18
6917,1176,12,15
6918,1176,11,18
6919,1176,13,24
6920,1176,7,23
6921,1176,0,10
6922,1176,16,8
6923,1177,22,14
6924,1177,22,5
6925,1177,16,10
6926,1177,24,1
6927,1178,1,4
6928,1178,19,7
6929,1178,21,13
6930,1179,8,21
6931,1179,11,21
6932,1179,15,2
6933,1179,14,12
6934,1179,17,10
6935,1179,4,19
6936,1179,2,24
6937,1179,18,22
6938,1179,9,3
6939,1179,12,6
6940,1180,9,18
6941,1180,21,10
6942,1180,17,5
6943,1180,23,16
6944,1180,19,5
6945,1180,16,8
6946,1181,17,13
6947,1181,4,2
6948,1181,7,13
6949,1181,9,16
6950,1182,5,3
6951,1182,8,24
6952,1182,0,24
6953,1182,13,7
6954,1182,17,7
6955,1182,5,21
6956,1182,11,24
6957,1182,6,22
6958,1182,24,21
6959,1183,12,16
6960,1183,2,15
6961,1183,11,7
6962,1183,2,24
6963,1183,9,20
6964,1184,18,1
6965,1184,21,15
6966,1184,23,11
6967,1185,22,19
6968,1185,0,11
6969,1185,24,0
6970,1185,12,3
6971,1185,17,6
6972,1185,16,2
6973,1186,13,22
6974,1186,17,15
6975,1186,17,6
6976,1186,13,7
6977,1187,11,18
6978,1187,23,15
6979,1187,5,8
6980,1187,14,12
6981,1187,0,7
6982,1188,0,2
6983,1188,24,5
6984,1188,6,8
6985,1189,15,8
6986,1189,16,24
6987,1190,15,12
6988,1190,17,9
6989,1190,2,8
6990,1190,21,17
6991,1190,9,21
6992,1190,19,12
6993,1190,1,21
6994,1190,5,24
6995,1191,20,13
6996,1191,3,20
6997,1191,4,23
6998,1192,23,6
6999,1192,14,12
7000,1192,24,1
7001,1192,10,6
7002,1192,21,8
7003,1193,0,22
7004,1193,11,13
7005,1193,4,2
7006,1193,14,10
7007,1193,14,16
7008,1193,5,12
7009,1193,20,7
7010,1193,1,18
7011,1194,4,24
7012,1194,24,21
7013,1194,14,15
7014,1194,0,15
7015,1194,1,21
7016,1194,23,8
7017,1194,3,18
7018,1194,10,1
7019,1194,24,16
7020,1194,20,7
7021,1194,13,9
7022,1194,7,22
7023,1194,15,3
7024,1195,23,17
7025,1195,3,10
7026,1195,19,1
7027,1195,22,15
7028,1195,5,18
7029,1195,24,16
7030,1195,19,16
7031,1196,19,1
7032,1196,13,7
7033,1197,17,7
7034,1197,17,3
7035,1197,5,15
7036,1197,7,23
7037,1197,15,13
7038,1197,22,14
7039,1197,9,2
7040,1197,18,1
7041,1197,11,17
7042,1198,12,20
7043,1198,8,24
7044,1198,16,13
7045,1198,15,4
7046,1198,14,1
7047,1199,4,20
7048,1199,22,15
7049,1199,15,23
7050,1199,17,0
7051,1199,16,4
7052,1200,17,15
7053,1200,11,24
7054,1200,4,13
7055,1200,12,2
7056,1200,19,23
7057,1200,15,19
7058,1200,12,2
7059,1200,7,11
7060,1200,21,14
7061,1200,6,2
7062,1201,22,5
7063,1201,5,18
7064,1201,7,19
7065,1201,4,13
7066,1201,22,4
7067,1202,24,22
7068,1202,7,23
7069,1202,16,24
7070,1203,2,8
7071,1203,19,4
7072,1203,17,11
7073,1203,6,23
7074,1204,15,13
7075,1204,24,9
7076,1204,12,15
7077,1204,4,17
7078,1204,13,15
7079,1204,19,12
7080,1204,23,14
7081,1205,20,0
7082,1205,19,3
7083,1205,19,17
7084,1205,18,16
7085,1205,21,8
7086,1205,4,19
7087,1205,1,23
7088,1205,6,8
7089,1205,21,3
7090,1205,10,8
7091,1206,12,18
7092,1206,2,24
7093,1206,14,20
7094,1206,23,3
7095,1206,9,0
7096,1207,5,9
7097,1207,2,16
7098,1207,19,13
7099,1208,3,5
7100,1208,5,18
7101,1208,0,6
7102,1208,14,16
7103,1208,18,14
7104,1208,0,20
7105,1208,2,13
7106,1208,7,13
7107,1208,17,6
7108,1209,9,7
7109,1209,16,24
7110,1209,18,14
7111,1209,16,24
7112,1209,2,16
7113,1209,19,13
7114,1209,4,22
7115,1210,5,17
7116,1210,10,3
7117,1210,18,16
7118,1210,22,9
7119,1211,24,8
7120,1211,22,6
7121,1211,11,9
7122,1211,13,5
7123,1211,16,6
7124,1212,3,9
7125,1212,21,2
7126,1212,12,22
7127,1212,2,12
7128,1212,12,8
7129,1212,5,7
7130,1213,8,4
7131,1213,8,11
7132,1213,3,7
7133,1213,1,13
7134,1214,13,24
7135,1214,5,24
7136,1214,17,23
7137,1215,19,9
7138,1215,23,20
7139,1215,4,0
7140,1215,15,11
7141,1215,6,16
7142,1215,19,21
7143,1215,12,6
7144,1215,8,6
7145,1215,14,5
7146,1216,4,5
7147,1216,11,18
7148,1216,9,3
7149,1216,18,8
7150,1216,10,1
7151,1217,18,15
7152,1217,22,12
7153,1217,1,24
7154,1217,22,8
7155,1218,11,15
7156,1218,6,12
7157,1218,14,3
7158,1219,8,12
7159,1219,1,7
7160,1219,11,14
7161,1219,23,4
7162,1219,4,16
7163,1219,7,19
7164,1219,18,10
7165,1220,23,14
7166,1220,1,17
7167,1220,0,11
7168,1220,14,24
7169,1220,17,20
7170,1220,12,21
7171,1220,18,6
7172,1221,6,8
7173,1221,6,23
7174,1221,5,23
7175,1221,15,19
7176,1221,15,14
7177,1221,17,6
7178,1221,6,4
7179,1222,20,11
7180,1222,24,8
7181,1222,5,3
7182,1222,2,13
7183,1222,20,22
7184,1222,0,24
7185,1222,9,22
7186,1222,0,9
7187,1222,0,15
7188,1222,8,12
7189,1223,18,0
7190,1223,19,23
7191,1223,22,6
7192,1223,1,19
7193,1223,17,23
7194,1223,18,20
7195,1223,9,11
7196,1223,1,19
7197,1224,5,15
7198,1224,24,3
7199,1224,11,21
7200,1224,19,13
7201,1224,10,21
7202,1225,15,7
7203,1225,0,21
7204,1226,24,21
7205,1226,9,11
7206,1226,10,6
7207,1227,23,16
7208,1227,20,12
7209,1227,2,16
7210,1227,0,10
7211,1227,5,8
7212,1227,14,2
7213,1227,22,9
7214,1227,16,0
7215,1227,24,6
7216,1227,24,7
7217,1228,16,2
7218,1228,17,19
7219,1228,6,14
7220,1228,8,19
7221,1229,0,13
7222,1229,9,23
7223,1229,12,6
7224,1229,6,23
7225,1229,4,13
7226,1230,3,11
7227,1230,21,9
7228,1230,19,8
7229,1230,18,8
7230,1230,1,24
7231,1231,22,13
7232,1231,4,23
7233,1231,1,18
7234,1231,14,16
7235,1231,1,17
7236,1231,23,21
7237,1232,6,17
7238,1232,24,17
7239,1232,18,1
7240,1232,5,1
7241,1232,10,21
7242,1232,11,17
7243,1232,16,22
7244,1233,15,13
7245,1233,9,18
7246,1233,21,5
7247,1233,23,7
7248,1233,3,17
7249,1233,10,6
7250,1233,3,1
7251,1233,14,21
7252,1234,21,12
7253,1234,14,7
7254,1234,5,2
7255,1234,11,23
7256,1235,17,11
7257,1235,22,10
7258,1235,15,23
7259,1235,5,4
7260,1236,9,24
7261,1236,23,13
7262,1236,0,21
7263,1236,16,0
7264,1237,21,9
7265,1237,16,18
7266,1237,1,7
7267,1237,14,4
7268,1237,17,3
7269,1237,6,21
7270,1237,4,10
7271,1237,10,6
7272,1237,14,10
7273,1238,24,0
7274,1238,1,15
7275,1238,10,2
7276,1238,3,15
7277,1238,14,16
7278,1238,14,0
7279,1238,20,23
7280,1239,6,17
7281,1239,16,1
7282,1239,19,22
7283,1239,22,0
7284,1239,15,13
7285,1239,23,16
7286,1240,15,12
7287,1240,15,3
7288,1240,12,14
7289,1240,10,24
7290,1240,19,1
7291,1240,11,9
7292,1241,0,23
7293,1241,0,16
7294,1241,15,6
7295,1241,20,6
7296,1241,3,17
7297,1242,24,5
7298,1242,0,14
7299,1242,3,13
7300,1242,1,13
7301,1243,14,21
7302,1243,6,3
7303,1243,0,12
7304,1243,16,4
7305,1243,2,15
7306,1243,16,7
7307,1244,21,12
7308,1244,9,11
7309,1244,18,7
7310,1244,5,17
7311,1244,8,16
7312,1245,8,19
7313,1245,3,17
7314,1245,14,21
7315,1245,17,19
7316,1246,16,20
7317,1246,7,13
7318,1246,18,6
7319,1246,8,20
7320,1246,11,22
7321,1246,18,8
7322,1246,16,7
7323,1246,23,7
7324,1246,8,0
7325,1247,3,1
7326,1247,19,4
7327,1247,13,9
7328,1247,4,11
7329,1247,16,0
7330,1247,17,2
7331,1247,0,8
7332,1247,0,2
7333,1247,24,22
7334,1247,10,9
7335,1248,6,23
7336,1248,18,10
7337,1248,12,3
7338,1248,22,8
7339,1248,6,10
7340,1249,9,11
7341,1249,2,4
7342,1249,16,1
7343,1250,2,10
7344,1250,20,16
7345,1250,22,20
7346,1250,2,4
7347,1250,19,0
7348,1251,3,9
7349,1251,19,3
7350,1251,10,21
7351,1251,19,20
7352,1251,16,5
7353,1251,4,12
7354,1251,13,7
7355,1251,14,4
7356,1252,15,0
7357,1252,3,21
7358,1252,22,4
7359,1252,22,24
7360,1252,24,7
7361,1253,7,13
7362,1253,24,0
7363,1253,23,0
7364,1253,19,8
7365,1254,1,15
7366,1254,0,21
7367,1254,10,6
7368,1254,10,12
7369,1254,24,14
7370,1255,23,17
7371,1255,6,9
7372,1255,21,11
7373,1255,10,6
7374,1255,12,23
7375,1255,3,15
7376,1255,9,12
7377,1256,22,1
7378,1256,6,4
7379,1256,12,2
7380,1256,19,11
7381,1256,23,14
7382,1256,22,5
7383,1256,0,3
7384,1256,6,17
7385,1256,13,4
7386,1257,6,16
7387,1257,1,20
7388,1257,10,1
7389,1257,21,18
7390,1257,1,13
7391,1257,5,17
7392,1257,14,15
7393,1257,13,9
7394,1257,19,4
7395,1257,22,10
7396,1258,1,4
7397,1258,6,3
7398,1258,7,4
7399,1258,13,19
7400,1258,4,14
7401,1259,17,5
7402,1259,1,21
7403,1259,1,12
7404,1259,24,20
7405,1260,1,8
7406,1260,23,5
7407,1260,23,8
7408,1260,22,7
7409,1260,22,11
7410,1260,0,21
7411,1260,11,7
7412,1261,11,21
7413,1261,17,15
7414,1261,12,15
7415,1261,14,8
7416,1261,8,10
7417,1261,12,24
7418,1261,24,5
7419,1262,15,23
7420,1262,20,4
7421,1262,3,5
7422,1262,10,1
7423,1262,3,1
7424,1262,19,5
7425,1262,8,14
7426,1262,8,23
7427,1263,0,17
7428,1263,15,12
7429,1263,4,20
7430,1263,5,8
7431,1263,21,13
7432,1263,14,10
7433,1263,3,22
7434,1264,5,1
7435,1264,10,1
7436,1264,10,8
7437,1264,15,8
7438,1264,10,16
7439,1264,24,9
7440,1264,2,11
7441,1264,1,3
7442,1264,2,5
7443,1265,9,15
7444,1265,10,0
7445,1265,17,24
7446,1265,6,14
7447,1265,1,11
7448,1265,9,20
7449,1265,0,22
7450,1266,22,5
7451,1266,3,1
7452,1266,7,11
7453,1267,20,5
7454,1267,23,17
7455,1267,13,21
7456,1268,15,12
7457,1268,9,10
7458,1268,2,5
7459,1268,19,6
7460,1268,20,14
7461,1268,23,11
7462,1268,4,15
7463,1268,22,5
7464,1268,7,23
7465,1269,11,23
7466,1269,19,17
7467,1269,24,5
7468,1269,16,22
7469,1269,4,20
7470,1270,16,23
7471,1270,6,13
7472,1270,6,3
7473,1270,9,7
7474,1270,4,13
7475,1271,3,22
7476,1271,20,11
7477,1271,19,15
7478,1271,5,20
7479,1271,14,4
7480,1272,19,22
7481,1272,19,17
7482,1272,7,9
7483,1272,3,12
7484,1272,2,8
7485,1272,14,23
7486,1272,8,6
7487,1272,23,20
7488,1272,9,0
7489,1272,23,5
7490,1272,20,3
7491,1273,5,7
7492,1273,17,14
7493,1273,0,14
7494,1273,7,18
7495,1273,20,17
7496,1273,21,6
7497,1274,3,13
7498,1274,9,18
7499,1274,24,7
7500,1274,13,19
7501,1274,1,14
7502,1275,22,6
7503,1275,11,1
7504,1275,23,14
7505,1275,8,24
7506,1275,5,18
7507,1275,14,0
7508,1275,1,20
7509,1275,23,16
7510,1275,1,23
7511,1275,0,4
7512,1275,10,9
7513,1276,14,24
7514,1276,23,7
7515,1276,16,18
7516,1276,17,3
7517,1276,21,2
7518,1276,24,3
7519,1276,24,21
7520,1277,7,11
7521,1277,24,16
7522,1277,18,4
7523,1277,20,0
7524,1277,0,13
7525,1277,13,24
7526,1278,17,21
7527,1278,7,15
7528,1278,9,18
7529,1278,14,12
7530,1278,8,17
7531,1279,17,21
7532,1280,9,0
7533,1280,2,6
7534,1280,18,7
7535,1280,24,6
7536,1281,5,22
7537,1281,24,16
7538,1281,6,20
7539,1281,10,16
7540,1281,21,11
7541,1281,12,23
7542,1281,10,24
7543,1281,10,14
7544,1281,18,16
7545,1281,17,7
7546,1282,20,24
7547,1282,20,13
7548,1282,19,5
7549,1282,13,17
7550,1283,7,22
7551,1283,17,20
7552,1283,23,14
7553,1283,13,17
7554,1284,10,6
7555,1284,6,22
7556,1284,4,18
7557,1284,11,8
7558,1284,15,22
7559,1284,7,18
7560,1284,10,19
7561,1285,20,17
7562,1286,7,22
7563,1286,3,6
7564,1286,20,18
7565,1286,20,1
7566,1286,3,9
7567,1286,12,9
7568,1287,23,11
7569,1287,22,2
7570,1287,5,3
7571,1287,24,15
7572,1287,3,0
7573,1287,23,16
7574,1288,10,23
7575,1288,15,13
7576,1288,21,5
7577,1288,2,11
7578,1288,16,12
7579,1288,23,21
7580,1289,6,3
7581,1289,3,11
7582,1289,10,21
7583,1289,18,20
7584,1289,5,17
7585,1289,15,24
7586,1289,6,15
7587,1289,23,8
7588,1290,0,7
7589,1290,4,13
7590,1290,23,11
7591,1290,7,16
7592,1290,12,16
7593,1290,10,17
7594,1290,17,10
7595,1290,6,0
7596,1291,24,15
7597,1291,18,6
7598,1291,4,13
7599,1291,11,4
7600,1291,20,10
7601,1291,10,21
7602,1291,6,13
7603,1291,13,0
7604,1291,11,5
7605,1291,17,3
7606,1292,23,11
7607,1292,24,21
7608,1292,20,1
7609,1292,5,2
7610,1292,0,22
7611,1292,10,2
7612,1292,8,14
7613,1293,21,17
7614,1293,8,6
7615,1293,18,9
7616,1293,21,12
7617,1294,18,0
7618,1294,5,12
7619,1294,15,18
7620,1294,8,0
7621,1294,23,5
7622,1295,0,12
7623,1295,14,0
7624,1295,4,7
7625,1295,16,20
7626,1295,15,21
7627,1295,8,15
7628,1295,10,17
7629,1295,8,16
7630,1296,2,0
7631,1296,16,8
7632,1296,10,8
7633,1296,12,19
7634,1297,7,1
7635,1297,3,12
7636,1298,24,6
7637,1298,21,13
7638,1298,14,6
7639,1298,5,21
7640,1298,6,12
7641,1298,10,23
7642,1299,24,6
7643,1299,14,10
7644,1299,2,15
7645,1299,8,23
7646,1300,15,12
7647,1300,22,13
7648,1300,20,16
7649,1300,22,4
7650,1300,24,0
7651,1300,15,12
7652,1301,7,24
7653,1301,3,10
7654,1301,8,15
7655,1301,3,10
7656,1301,1,13
7657,1301,1,18
7658,1302,0,21
7659,1302,24,2
7660,1302,4,22
7661,1303,7,5
7662,1303,19,16
7663,1303,23,19
7664,1303,23,13
7665,1303,6,13
7666,1303,20,22
7667,1303,13,11
7668,1304,9,0
7669,1304,3,18
7670,1304,2,12
7671,1304,0,3
7672,1304,1,10
7673,1305,8,5
7674,1305,7,10
7675,1305,0,16
7676,1305,18,1
7677,1305,18,4
7678,1306,14,3
7679,1306,14,3
7680,1306,16,9
7681,1306,3,9
7682,1306,11,21
7683,1306,16,9
7684,1306,12,8
7685,1307,2,17
7686,1307,2,13
7687,1307,17,19
7688,1307,14,10
7689,1307,20,22
7690,1307,24,13
7691,1308,12,2
7692,1308,6,8
7693,1308,20,9
7694,1309,18,16
7695,1309,2,18
7696,1309,24,15
7697,1309,2,24
7698,1310,17,23
7699,1310,24,12
7700,1310,12,3
7701,1310,18,9
7702,1310,13,15
7703,1310,18,5
7704,1310,16,2
7705,1311,1,17
7706,1311,6,22
7707,1311,19,17
7708,1311,4,24
7709,1311,5,13
7710,1311,23,13
7711,1311,12,4
7712,1311,24,9
7713,1311,5,1
7714,1311,24,13
7715,1311,2,14
7716,1312,0,6
7717,1312,7,3
7718,1312,16,19
7719,1312,19,17
7720,1312,16,6
7721,1312,11,1
7722,1312,22,24
7723,1312,4,0
7724,1312,10,18
7725,1313,22,13
7726,1313,15,1
7727,1313,12,14
7728,1313,12,21
7729,1313,6,18
7730,1313,18,1
7731,1314,5,9
7732,1314,16,24
7733,1314,1,15
7734,1314,19,20
7735,1314,1,16
7736,1315,23,16
7737,1315,15,6
7738,1315,14,23
7739,1315,14,7
7740,1315,18,9
7741,1315,19,13
7742,1316,21,12
7743,1316,16,23
7744,1316,10,12
7745,1316,16,3
7746,1316,6,24
7747,1316,1,20
7748,1316,9,19
7749,1317,0,11
7750,1317,4,5
7751,1317,4,6
7752,1317,16,12
7753,1317,10,0
7754,1318,17,14
7755,1318,11,24
7756,1318,6,23
7757,1318,0,4
7758,1318,18,9
7759,1318,17,3
7760,1318,6,13
7761,1318,12,1
7762,1318,14,23
7763,1318,13,3
7764,1318,18,22
7765,1319,13,2
7766,1319,16,7
7767,1319,9,0
7768,1319,14,16
7769,1319,8,6
7770,1319,9,12
7771,1319,18,10
7772,1319,22,11
7773,1319,17,24
7774,1320,5,23
7775,1320,6,19
7776,1321,6,10
7777,1321,14,5
7778,1322,12,22
7779,1322,10,6
7780,1323,1,8
7781,1323,14,17
7782,1323,23,19
7783,1323,17,9
7784,1323,18,0
7785,1324,16,6
7786,1324,20,11
7787,1324,22,16
7788,1325,12,20
7789,1325,6,18
7790,1325,19,20
7791,1326,22,11
7792,1326,9,18
7793,1326,19,4
7794,1326,7,22
7795,1327,15,12
7796,1327,13,1
7797,1327,19,3
7798,1327,9,22
7799,1327,8,18
7800,1327,4,18
7801,1327,2,9
7802,1327,0,8
7803,1328,14,17
7804,1328,19,16
7805,1328,18,0
7806,1329,5,24
7807,1329,16,4
7808,1330,19,15
7809,1330,12,18
7810,1330,1,4
7811,1330,6,16
7812,1331,12,6
7813,1331,5,1
7814,1331,23,5
7815,1331,14,20
7816,1331,16,24
7817,1332,3,13
7818,1332,4,19
7819,1332,13,7
7820,1332,18,7
7821,1333,19,22
7822,1333,11,0
7823,1333,17,21
7824,1333,1,24
7825,1333,14,10
7826,1333,21,19
7827,1334,21,23
7828,1334,23,20
7829,1334,23,9
7830,1335,16,12
7831,1335,2,4
7832,1335,8,14
7833,1335,20,1
7834,1335,21,4
7835,1335,4,1
7836,1335,24,5
7837,1336,1,20
7838,1336,1,19
7839,1336,9,7
7840,1336,11,7
7841,1336,16,9
7842,1337,13,15
7843,1337,10,0
7844,1337,0,21
7845,1337,21,12
7846,1337,4,5
7847,1337,3,6
7848,1338,4,15
7849,1338,9,1
7850,1338,4,24
7851,1339,23,10
7852,1339,7,18
7853,1339,9,7
7854,1339,2,6
7855,1339,9,19
7856,1340,19,1
7857,1340,13,19
7858,1340,5,24
7859,1340,12,8
7860,1340,24,4
7861,1340,3,10
7862,1340,10,2
7863,1341,8,10
7864,1341,22,3
7865,1341,15,4
7866,1341,0,11
7867,1342,19,17
7868,1342,6,21
7869,1343,1,9
7870,1343,12,3
7871,1343,10,3
7872,1343,8,14
7873,1344,17,9
7874,1344,19,15
7875,1344,18,22
7876,1344,22,8
7877,1344,14,17
7878,1345,10,2
7879,1345,16,19
7880,1345,7,13
7881,1345,7,24
7882,1345,18,16
7883,1346,22,2
7884,1346,13,16
7885,1346,1,17
7886,1346,19,8
7887,1347,6,15
7888,1347,14,15
7889,1347,10,7
7890,1347,6,22
7891,1347,15,19
7892,1348,15,18
7893,1348,23,7
7894,1348,16,23
7895,1348,1,15
7896,1348,2,19
7897,1348,16,12
7898,1349,3,15
7899,1349,3,5
7900,1350,11,7
7901,1350,5,17
7902,1350,17,2
7903,1350,5,20
7904,1350,0,3
7905,1350,8,11
7906,1350,22,13
7907,1351,17,20
7908,1351,1,9
7909,1351,4,20
7910,1351,16,13
7911,1352,10,4
7912,1352,4,16
7913,1352,12,0
7914,1352,12,20
7915,1352,5,20
7916,1352,13,23
7917,1352,1,13
7918,1352,0,18
7919,1352,6,23
7920,1352,9,0
7921,1353,14,22
7922,1353,4,2
7923,1353,6,4
7924,1353,3,24
7925,1353,19,6
7926,1353,8,12
7927,1353,6,2
7928,1353,17,23
7929,1354,1,21
7930,1354,4,1
7931,1354,3,15
7932,1354,23,13
7933,1354,4,11
7934,1354,18,1
7935,1354,21,19
7936,1354,4,16
7937,1354,13,17
7938,1355,7,22
7939,1355,16,10
7940,1355,20,1
7941,1355,15,8
7942,1355,13,15
7943,1356,16,1
7944,1356,22,1
7945,1356,15,18
7946,1356,24,12
7947,1356,19,16
7948,1356,16,14
7949,1356,1,13
7950,1356,10,1
7951,1357,23,1
7952,1357,14,11
7953,1357,20,2
7954,1357,6,17
7955,1357,22,16
7956,1358,10,12
7957,1358,7,24
7958,1358,2,9
7959,1358,23,5
7960,1358,20,16
7961,1358,15,21
7962,1358,4,15
7963,1359,3,14
7964,1359,20,6
7965,1359,24,17
7966,1359,9,6
7967,1359,2,11
7968,1359,23,1
7969,1359,20,9
7970,1359,21,3
7971,1360,4,20
7972,1360,9,15
7973,1360,24,22
7974,1360,0,13
7975,1361,3,9
7976,1361,15,12
7977,1361,4,15
7978,1361,13,7
7979,1361,3,16
7980,1361,14,17
7981,1362,11,18
7982,1362,24,12
7983,1362,7,9
7984,1362,16,7
7985,1362,13,11
7986,1362,11,5
7987,1362,20,7
7988,1363,11,19
7989,1363,15,6
7990,1363,18,6
7991,1363,16,2
7992,1363,2,14
7993,1363,16,0
7994,1364,21,15
7995,1364,12,15
7996,1365,13,0
7997,1365,4,22
7998,1365,7,5
7999,1365,15,21
8000,1365,7,17
8001,1365,22,10
8002,1365,18,11
8003,1365,2,0
8004,1366,23,21
8005,1366,15,11
8006,1366,14,22
8007,1366,3,12
8008,1366,14,3
8009,1366,19,3
8010,1366,12,21
8011,1367,9,12
8012,1367,20,8
8013,1367,0,3
8014,1368,24,21
8015,1369,22,3
8016,1369,7,21
8017,1369,1,7
8018,1370,8,12
8019,1370,24,17
8020,1370,9,13
8021,1370,16,13
8022,1370,24,22
8023,1370,18,11
8024,1370,7,4
8025,1371,11,15
8026,1371,12,1
8027,1371,16,7
8028,1371,19,6
8029,1371,2,21
8030,1371,3,5
8031,1371,19,10
8032,1372,1,14
8033,1372,20,4
8034,1372,16,9
8035,1372,16,7
8036,1372,19,9
8037,1372,10,6
8038,1372,10,0
8039,1373,24,14
8040,1373,0,22
8041,1373,24,13
8042,1373,15,3
8043,1373,18,9
8044,1373,4,13
8045,1373,21,9
8046,1373,21,11
8047,1373,24,17
8048,1373,22,20
8049,1374,14,7
8050,1374,14,22
8051,1374,12,22
8052,1374,8,2
8053,1375,9,2
8054,1375,2,8
8055,1375,11,3
8056,1375,23,21
8057,1375,9,3
8058,1375,12,4
8059,1376,3,11
8060,1376,19,23
8061,1376,17,20
8062,1376,13,20
8063,1377,2,16
8064,1377,17,14
8065,1377,10,1
8066,1377,5,11
8067,1377,15,18
8068,1377,3,11
8069,1377,7,21
8070,1378,16,7
8071,1378,13,5
8072,1378,13,16
8073,1378,19,11
8074,1378,13,3
8075,1378,11,4
8076,1378,13,4
8077,1379,10,14
8078,1379,8,5
8079,1379,11,23
8080,1379,24,9
8081,1380,4,6
8082,1380,18,20
8083,1381,15,24
8084,1381,5,7
8085,1381,5,20
8086,1381,22,8
8087,1381,23,8
8088,1381,15,3
8089,1382,20,8
8090,1382,2,6
8091,1382,20,18
8092,1382,6,23
8093,1383,8,16
8094,1383,3,17
8095,1383,12,9
8096,1383,13,5
8097,1383,4,20
8098,1383,11,23
8099,1384,19,0
8100,1384,19,1
8101,1384,12,1
8102,1384,17,23
8103,1384,24,16
8104,1384,2,15
8105,1385,1,11
8106,1385,4,18
8107,1385,5,18
8108,1385,15,13
8109,1386,22,15
8110,1386,15,9
8111,1386,2,21
8112,1386,22,14
8113,1386,24,20
8114,1386,2,20
8115,1387,0,11
8116,1387,24,12
8117,1387,21,8
8118,1387,13,2
8119,1387,7,22
8120,1388,10,4
8121,1388,5,3
8122,1388,5,19
8123,1388,15,14
8124,1388,9,22
8125,1388,18,11
8126,1389,6,21
8127,1389,5,15
8128,1389,0,15
8129,1389,11,14
8130,1389,0,7
8131,1389,12,8
8132,1389,14,6
8133,1389,21,15
8134,1390,6,17
8135,1390,0,3
8136,1390,22,16
8137,1390,5,22
8138,1390,16,24
8139,1390,16,18
8140,1391,3,22
8141,1391,16,2
8142,1391,8,5
8143,1391,24,10
8144,1391,19,3
8145,1391,7,17
8146,1391,1,19
8147,1392,12,19
8148,1392,16,6
8149,1392,18,7
8150,1392,16,6
8151,1392,15,21
8152,1392,9,5
8153,1392,12,22
8154,1393,6,18
8155,1393,0,2
8156,1393,19,6
8157,1393,7,10
8158,1393,8,24
8159,1394,17,13
8160,1394,3,7
8161,1394,24,22
8162,1394,10,17
8163,1394,20,6
8164,1394,14,23
8165,1395,19,7
8166,1395,8,18
8167,1395,5,14
8168,1395,10,1
8169,1395,15,19
8170,1396,22,13
8171,1396,23,11
8172,1396,14,10
8173,1397,14,2
8174,1397,6,20
8175,1397,16,14
8176,1397,14,24
8177,1397,5,18
8178,1397,21,11
8179,1397,4,14
8180,1397,2,18
8181,1398,2,17
8182,1398,8,2
8183,1398,8,12
8184,1398,2,12
8185,1398,6,24
8186,1399,13,6
8187,1400,2,23
8188,1400,18,22
8189,1400,17,2
8190,1401,1,20
8191,1401,20,17
8192,1401,5,18
8193,1401,20,10
8194,1401,5,20
8195,1401,2,23
8196,1401,7,21
8197,1401,5,2
8198,1402,24,20
8199,1402,0,24
8200,1402,9,21
8201,1402,13,0
8202,1403,0,7
8203,1403,21,13
8204,1403,19,10
8205,1403,22,1
8206,1403,4,21
8207,1403,10,21
8208,1403,17,7
8209,1403,17,7
8210,1404,7,23
8211,1404,15,1
8212,1404,13,2
8213,1404,17,3
8214,1405,24,2
8215,1405,16,22
8216,1405,9,19
8217,1406,14,24
8218,1406,16,4
8219,1406,19,8
8220,1406,12,4
8221,1407,11,7
8222,1407,18,15
8223,1407,8,4
8224,1407,3,11
8225,1407,21,8
8226,1407,16,6
8227,1408,2,19
8228,1408,14,0
8229,1408,17,7
8230,1408,24,8
8231,1408,8,4
8232,1408,19,11
8233,1408,13,2
8234,1408,23,12
8235,1409,18,15
8236,1409,9,3
8237,1409,6,2
8238,1409,0,7
8239,1410,23,8
8240,1410,12,6
8241,1410,23,21
8242,1410,9,10
8243,1410,14,23
8244,1410,3,20
8245,1410,0,6
8246,1410,16,24
8247,1410,8,19
8248,1410,15,17
8249,1411,1,8
8250,1411,18,1
8251,1411,5,20
8252,1411,18,9
8253,1411,3,10
8254,1411,20,8
8255,1411,22,7
8256,1412,4,21
8257,1412,4,10
8258,1412,10,18
8259,1412,8,1
8260,1413,21,0
8261,1413,16,7
8262,1413,3,21
8263,1413,21,6
8264,1413,21,11
8265,1414,10,23
8266,1414,10,24
8267,1414,16,9
8268,1414,10,7
8269,1414,19,11
8270,1414,21,19
8271,1414,7,16
8272,1414,6,9
8273,1414,8,22
8274,1415,23,8
8275,1415,11,21
8276,1415,8,12
8277,1415,4,8
8278,1415,2,18
8279,1416,7,10
8280,1416,10,8
8281,1416,9,0
8282,1416,20,18
8283,1416,3,17
8284,1416,13,1
8285,1417,19,10
8286,1417,16,8
8287,1417,24,9
8288,1417,1,18
8289,1417,22,15
8290,1417,13,24
8291,1417,17,11
8292,1418,14,23
8293,1418,7,13
8294,1418,22,18
8295,1418,5,22
8296,1418,7,19
8297,1419,8,16
8298,1419,15,0
8299,1419,22,4
8300,1419,5,18
8301,1419,1,20
8302,1419,8,15
8303,1419,0,21
8304,1419,7,24
8305,1419,20,23
8306,1420,7,19
8307,1420,14,8
8308,1420,2,21
8309,1420,11,7
8310,1420,14,18
8311,1420,19,8
8312,1420,4,21
8313,1421,14,15
8314,1421,16,23
8315,1421,17,14
8316,1421,21,18
8317,1421,6,13
8318,1421,22,9
8319,1422,3,12
8320,1422,5,12
8321,1422,23,12
8322,1422,9,7
8323,1422,21,2
8324,1422,4,18
8325,1422,1,10
8326,1422,13,1
8327,1423,8,20
8328,1423,19,6
8329,1423,22,14
8330,1423,18,1
8331,1423,10,2
8332,1423,14,22
8333,1424,17,9
8334,1424,19,17
8335,1424,14,17
8336,1425,20,0
8337,1425,9,3
8338,1425,10,23
8339,1425,15,3
8340,1425,18,20
8341,1425,24,16
8342,1426,13,0
8343,1426,0,8
8344,1426,4,17
8345,1426,23,14
8346,1426,4,16
8347,1426,16,23
8348,1426,22,3
8349,1426,13,10
8350,1427,10,12
8351,1427,24,0
8352,1427,24,22
8353,1427,14,20
8354,1427,20,6
8355,1428,2,5
8356,1428,20,11
8357,1428,15,12
8358,1429,21,18
8359,1429,19,11
8360,1429,20,4
8361,1429,20,24
8362,1429,16,0
8363,1429,22,20
8364,1430,22,0
8365,1430,9,3
8366,1430,17,4
8367,1430,24,18
8368,1430,9,17
8369,1430,9,2
8370,1431,23,14
8371,1431,1,24
8372,1431,15,9
8373,1431,7,5
8374,1431,20,24
8375,1431,12,5
8376,1431,18,24
8377,1431,17,13
8378,1432,15,5
8379,1432,24,6
8380,1432,6,2
8381,1433,6,3
8382,1433,19,20
8383,1433,18,5
8384,1433,9,22
8385,1433,10,23
8386,1433,17,13
8387,1433,20,22
8388,1433,1,22
8389,1434,6,22
8390,1434,22,15
8391,1434,10,2
8392,1434,7,21
8393,1435,11,21
8394,1435,24,0
8395,1435,20,14
8396,1435,8,24
8397,1435,18,5
8398,1435,3,1
8399,1435,8,11
8400,1435,21,1
8401,1435,12,15
8402,1436,16,4
8403,1436,0,13
8404,1437,0,16
8405,1437,18,4
8406,1437,18,6
8407,1437,9,19
8408,1438,15,17
8409,1438,10,3
8410,1438,20,4
8411,1438,4,13
8412,1439,18,24
8413,1439,13,3
8414,1439,17,23
8415,1439,1,7
8416,1439,10,16
8417,1439,16,6
8418,1439,21,12
8419,1439,15,11
8420,1440,0,9
8421,1440,24,1
8422,1440,22,11
8423,1440,12,4
8424,1440,12,19
8425,1440,10,3
8426,1440,11,23
8427,1441,14,22
8428,1441,15,14
8429,1441,15,18
8430,1441,15,3
8431,1442,10,0
8432,1442,4,21
8433,1442,14,10
8434,1442,2,5
8435,1443,16,20
8436,1443,8,12
8437,1443,24,12
8438,1443,7,23
8439,1443,13,0
8440,1443,11,4
8441,1443,3,20
8442,1443,5,17
8443,1444,2,9
8444,1444,16,10
8445,1444,20,19
8446,1444,22,13
8447,1444,14,8
8448,1445,15,1
8449,1445,23,13
8450,1445,17,14
8451,1445,5,16
8452,1445,9,13
8453,1445,7,18
8454,1446,24,11
8455,1446,9,15
8456,1446,14,11
8457,1446,19,17
8458,1447,19,1
8459,1447,12,24
8460,1447,7,23
8461,1447,22,19
8462,1448,10,17
8463,1448,12,15
8464,1448,0,9
8465,1448,14,8
8466,1448,15,5
8467,1448,0,18
8468,1448,24,1
8469,1448,22,14
8470,1448,18,0
8471,1448,23,14
8472,1449,15,23
8473,1449,14,20
8474,1449,20,8
8475,1449,15,11
8476,1449,5,15
8477,1449,3,15
8478,1449,16,9
8479,1449,5,4
8480,1450,3,1
8481,1450,19,11
8482,1450,12,21
8483,1450,20,12
8484,1450,24,15
8485,1451,12,9
8486,1451,10,7
8487,1451,13,19
8488,1451,17,24
8489,1451,19,22
8490,1451,10,3
8491,1452,0,6
8492,1452,19,17
8493,1453,11,20
8494,1453,14,6
8495,1453,2,20
8496,1453,2,4
8497,1453,16,2
8498,1453,14,15
8499,1453,6,17
8500,1454,6,17
8501,1454,13,2
8502,1454,7,4
8503,1454,19,22
8504,1454,11,23
8505,1455,13,6
8506,1455,2,23
8507,1455,15,22
8508,1455,3,23
8509,1455,2,12
8510,1455,23,16
8511,1456,1,7
8512,1456,14,5
8513,1456,14,15
8514,1456,1,10
8515,1456,16,4
8516,1457,21,17
8517,1457,3,20
8518,1457,10,22
8519,1457,4,24
8520,1457,0,11
8521,1457,18,12
8522,1458,6,21
8523,1458,19,20
8524,1458,11,7
8525,1459,17,4
8526,1459,20,19
8527,1459,6,18
8528,1459,20,0
8529,1459,21,1
8530,1460,22,0
8531,1460,1,5
8532,1460,6,8
8533,1460,6,22
8534,1461,4,5
8535,1461,5,19
8536,1461,22,8
8537,1462,4,11
8538,1462,11,23
8539,1462,1,7
8540,1462,17,24
8541,1462,14,23
8542,1463,4,10
8543,1463,10,12
8544,1463,6,20
8545,1463,13,2
8546,1463,1,12
8547,1464,4,11
8548,1464,7,22
8549,1464,13,21
8550,1464,10,7
8551,1464,3,21
8552,1465,3,13
8553,1465,7,10
8554,1465,18,21
8555,1465,4,2
8556,1465,22,4
8557,1465,20,6
8558,1466,20,6
8559,1466,20,12
8560,1466,1,3
8561,1466,17,8
8562,1467,18,2
8563,1467,8,10
8564,1467,13,17
8565,1467,16,12
8566,1467,24,1
8567,1467,1,10
8568,1467,4,7
8569,1468,20,22
8570,1469,24,14
8571,1469,17,2
8572,1469,15,22
8573,1469,18,12
8574,1469,8,18
8575,1470,16,10
8576,1470,5,2
8577,1470,17,15
8578,1470,21,4
8579,1470,11,23
8580,1470,8,4
8581,1470,19,20
8582,1471,5,4
8583,1471,12,10
8584,1471,5,22
8585,1471,11,19
8586,1472,6,12
8587,1472,5,24
8588,1472,4,11
8589,1472,22,1
8590,1473,5,7
8591,1473,6,13
8592,1473,24,20
8593,1473,13,17
8594,1473,6,22
8595,1473,0,3
8596,1474,16,7
8597,1474,20,24
8598,1474,18,20
8599,1474,0,7
8600,1475,15,8
8601,1475,13,23
8602,1475,8,12
8603,1475,16,13
8604,1475,24,1
8605,1475,19,0
8606,1475,19,22
8607,1475,14,0
8608,1475,1,10
8609,1475,13,0
8610,1476,13,5
8611,1476,19,21
8612,1476,14,16
8613,1476,3,21
8614,1476,7,16
8615,1477,5,23
8616,1477,9,2
8617,1477,15,4
8618,1477,14,16
8619,1477,9,23
8620,1478,18,21
8621,1478,1,21
8622,1478,12,4
8623,1478,13,22
8624,1479,5,24
8625,1479,0,23
8626,1479,15,8
8627,1479,8,23
8628,1479,4,18
8629,1480,18,10
8630,1480,15,1
8631,1480,17,7
8632,1481,20,4
8633,1481,11,9
8634,1481,10,6
8635,1481,18,16
8636,1481,1,16
8637,1481,18,8
8638,1482,0,10
8639,1482,20,6
8640,1482,2,6
8641,1482,10,0
8642,1483,15,1
8643,1483,14,24
8644,1483,19,7
8645,1483,24,6
8646,1483,11,17
8647,1483,9,21
8648,1483,21,9
8649,1483,8,19
8650,1483,17,14
8651,1483,7,14
8652,1483,20,19
8653,1483,21,0
8654,1483,13,16
8655,1483,16,24
8656,1483,9,23
8657,1484,11,9
8658,1484,5,21
8659,1484,24,9
8660,1484,6,22
8661,1484,1,23
8662,1484,2,13
8663,1484,12,22
8664,1485,24,3
8665,1485,9,16
8666,1485,9,16
8667,1485,20,12
8668,1485,21,10
8669,1486,8,24
8670,1486,11,0
8671,1486,0,18
8672,1486,19,15
8673,1486,6,13
8674,1486,15,7
8675,1486,6,8
8676,1487,9,24
8677,1487,8,19
8678,1487,11,1
8679,1488,6,14
8680,1488,5,20
8681,1488,0,3
8682,1488,17,0
8683,1488,20,4
8684,1488,9,22
8685,1489,18,20
8686,1489,9,13
8687,1489,5,1
8688,1490,0,19
8689,1490,14,16
8690,1490,14,0
8691,1490,20,16
8692,1490,14,10
8693,1490,0,11
8694,1491,8,24
8695,1491,0,4
8696,1491,2,9
8697,1492,8,14
8698,1492,23,15
8699,1492,24,10
8700,1492,12,22
8701,1492,18,20
8702,1493,0,14
8703,1493,15,8
8704,1493,15,0
8705,1493,11,22
8706,1494,14,2
8707,1494,12,2
8708,1494,6,24
8709,1494,18,7
8710,1494,23,12
8711,1494,24,1
8712,1494,19,13
8713,1495,20,9
8714,1495,18,11
8715,1495,3,0
8716,1495,15,18
8717,1495,22,13
8718,1495,21,7
8719,1495,18,20
8720,1496,4,19
8721,1496,13,5
8722,1496,17,11
8723,1496,21,7
8724,1496,23,19
8725,1496,12,23
8726,1497,6,15
8727,1497,8,21
8728,1497,15,9
8729,1497,24,16
8730,1497,1,20
8731,1497,3,16
8732,1497,21,5
8733,1498,21,7
8734,1498,12,10
8735,1498,23,3
8736,1498,0,10
8737,1498,14,11
8738,1499,15,8
8739,1499,2,0
8740,1499,23,16
8741,1499,4,22
8742,1499,9,23
8743,1499,9,7
8744,1499,19,4
8745,1499,5,16
8746,1499,16,1
8747,1500,12,4
8748,1500,12,4
8749,1500,11,18
8750,1500,23,11
8751,1500,13,16
8752,1500,24,14
8753,1501,3,22
8754,1501,23,19
8755,1501,6,23
8756,1501,21,14
8757,1502,18,7
8758,1502,24,21
8759,1502,4,8
8760,1502,3,10
8761,1502,24,17
8762,1502,10,13
8763,1502,5,2
8764,1502,18,7
8765,1503,15,17
8766,1503,8,21
8767,1503,19,22
8768,1503,8,0
8769,1503,24,16
8770,1503,23,6
8771,1503,8,17
8772,1503,6,14
8773,1503,1,13
8774,1504,22,9
8775,1504,24,16
8776,1504,22,19
8777,1505,3,20
8778,1505,11,0
8779,1505,0,20
8780,1505,10,13
8781,1505,3,17
8782,1505,3,14
8783,1505,22,16
8784,1505,5,12
8785,1506,1,13
8786,1506,15,11
8787,1506,23,7
8788,1506,15,24
8789,1506,17,5
8790,1506,4,8
8791,1507,9,13
8792,1507,8,16
8793,1507,0,22
8794,1507,7,24
8795,1507,20,13
8796,1508,8,2
8797,1508,12,9
8798,1508,1,3
8799,1508,10,9
8800,1508,4,16
8801,1508,20,24
8802,1508,24,4
8803,1508,5,2
8804,1508,5,4
8805,1508,13,1
8806,1508,11,0
8807,1508,9,23
8808,1509,13,23
8809,1509,0,9
8810,1509,13,19
8811,1509,9,17
8812,1510,10,19
8813,1510,18,16
8814,1510,3,1
8815,1510,15,7
8816,1510,15,17
8817,1511,1,3
8818,1511,0,23
8819,1511,0,16
8820,1511,15,12
8821,1511,7,0
8822,1512,12,0
8823,1512,10,13
8824,1512,17,24
8825,1512,24,21
8826,1512,14,5
8827,1512,7,3
8828,1512,21,12
8829,1512,18,24
8830,1512,9,24
8831,1512,0,24
8832,1512,21,24
8833,1512,20,2
8834,1513,8,10
8835,1513,15,5
8836,1513,0,12
8837,1513,17,6
8838,1513,13,22
8839,1513,2,22
8840,1514,5,20
8841,1514,2,18
8842,1514,2,5
8843,1514,16,0
8844,1514,2,19
8845,1514,9,16
8846,1514,4,22
8847,1514,24,5
8848,1514,9,21
8849,1514,5,8
8850,1515,11,23
8851,1515,0,15
8852,1515,2,0
8853,1515,20,13
8854,1515,19,22
8855,1515,16,0
8856,1516,9,12
8857,1516,16,7
8858,1516,15,0
8859,1516,24,3
8860,1516,18,5
8861,1517,9,18
8862,1517,5,2
8863,1517,19,17
8864,1517,9,19
8865,1517,7,20
8866,1517,21,24
8867,1518,14,24
8868,1518,0,23
8869,1518,2,13
8870,1518,24,12
8871,1518,24,16
8872,1518,18,2
8873,1518,12,21
8874,1518,0,6
8875,1519,0,23
8876,1519,4,11
8877,1519,6,23
8878,1519,10,6
8879,1519,7,20
8880,1519,0,18
8881,1519,21,23
8882,1520,23,4
8883,1520,10,3
8884,1520,3,5
8885,1520,22,12
8886,1520,15,3
8887,1521,11,7
8888,1521,16,8
8889,1521,13,23
8890,1521,21,5
8891,1521,7,14
8892,1521,21,4
8893,1521,18,2
8894,1522,19,12
8895,1522,8,0
8896,1522,21,9
8897,1522,0,12
8898,1522,20,12
8899,1522,9,16
8900,1523,0,4
8901,1523,20,24
8902,1523,21,8
8903,1523,2,10
8904,1523,6,18
8905,1524,17,13
8906,1524,17,9
8907,1525,0,23
8908,1525,3,12
8909,1525,3,5
8910,1525,22,18
8911,1525,21,14
8912,1525,0,4
8913,1525,18,6
8914,1526,16,4
8915,1526,18,10
8916,1526,6,9
8917,1526,10,3
8918,1526,2,22
8919,1526,2,6
8920,1526,11,14
8921,1526,4,8
8922,1526,2,8
8923,1526,5,14
8924,1526,21,5
8925,1526,4,24
8926,1526,9,10
8927,1527,13,4
8928,1527,19,3
8929,1527,8,20
8930,1527,22,3
8931,1527,5,18
8932,1527,14,6
8933,1527,0,4
8934,1528,20,13
8935,1528,23,11
8936,1528,17,23
8937,1528,17,20
8938,1528,18,4
8939,1528,5,21
8940,1529,11,17
8941,1529,21,18
8942,1529,21,24
8943,1529,16,18
8944,1529,20,19
8945,1530,19,23
8946,1530,7,23
8947,1530,0,16
8948,1530,5,9
8949,1530,14,8
8950,1531,21,4
8951,1531,7,19
8952,1531,9,18
8953,1531,13,6
8954,1531,21,6
8955,1531,1,11
8956,1531,11,2
8957,1531,21,10
8958,1532,19,4
8959,1532,23,16
8960,1532,24,6
8961,1532,3,13
8962,1533,21,1
8963,1533,14,8
8964,1533,4,0
8965,1534,20,4
8966,1534,21,19
8967,1534,14,20
8968,1534,14,12
8969,1534,1,3
8970,1534,0,17
8971,1534,12,1
8972,1534,19,21
8973,1535,2,18
8974,1535,17,24
8975,1535,19,20
8976,1535,6,14
8977,1535,6,8
8978,1535,6,14
8979,1535,15,11
8980,1535,18,1
8981,1535,3,21
8982,1536,24,11
8983,1537,16,19
8984,1537,24,21
8985,1537,20,13
8986,1537,14,24
8987,1537,21,8
8988,1538,22,18
8989,1539,16,0
8990,1539,19,17
8991,1539,0,21
8992,1539,4,16
8993,1539,21,9
8994,1539,5,21
8995,1539,7,5
8996,1540,24,11
8997,1540,1,23
8998,1540,22,1
8999,1540,7,9
9000,1540,11,1
9001,1540,1,12
9002,1540,20,19
9003,1540,22,1
9004,1540,6,12
9005,1541,14,10
9006,1541,22,4
9007,1541,11,1
9008,1541,4,24
9009,1541,15,21
9010,1541,24,16
9011,1541,23,21
9012,1541,16,23
9013,1542,1,16
9014,1542,8,5
9015,1542,10,23
9016,1542,8,5
9017,1542,5,20
9018,1542,23,12
9019,1543,0,4
9020,1543,19,21
9021,1543,20,8
9022,1543,23,10
9023,1543,12,1
9024,1543,0,23
9025,1544,15,21
9026,1544,6,4
9027,1544,21,3
9028,1544,14,2
9029,1544,4,11
9030,1544,6,4
9031,1544,21,2
9032,1544,22,7
9033,1545,20,23
9034,1545,12,1
9035,1545,23,5
9036,1545,7,18
9037,1545,7,14
9038,1545,17,3
9039,1546,20,23
9040,1546,13,24
9041,1546,7,19
9042,1546,19,0
9043,1546,11,22
9044,1546,5,9
9045,1546,20,24
9046,1546,16,12
9047,1547,8,16
9048,1547,12,0
9049,1547,7,9
9050,1547,4,8
9051,1547,3,11
9052,1547,23,7
9053,1548,23,15
9054,1548,16,14
9055,1548,9,5
9056,1548,2,24
9057,1548,14,3
9058,1549,10,3
9059,1549,6,23
9060,1549,20,12
9061,1549,24,2
9062,1549,3,17
9063,1550,12,24
9064,1550,10,20
9065,1550,16,8
9066,1550,0,10
9067,1550,20,2
9068,1550,1,4
9069,1550,5,20
9070,1551,6,14
9071,1551,10,3
9072,1551,24,5
9073,1551,24,0
9074,1551,2,8
9075,1551,20,6
9076,1551,18,7
9077,1551,13,10
9078,1552,0,4
9079,1552,22,12
9080,1552,18,0
9081,1552,15,22
9082,1552,18,7
9083,1552,6,4
9084,1552,1,8
9085,1552,18,9
9086,1553,2,18
9087,1553,17,4
9088,1553,16,3
9089,1553,7,3
9090,1553,16,22
9091,1554,14,7
9092,1554,11,22
9093,1554,7,16
9094,1554,0,18
9095,1554,7,16
9096,1554,6,9
9097,1554,1,11
9098,1554,24,11
9099,1554,24,6
9100,1554,17,11
9101,1555,7,15
9102,1555,13,10
9103,1555,15,18
9104,1555,8,15
9105,1555,3,18
9106,1555,19,7
9107,1555,0,24
9108,1555,11,4
9109,1555,19,15
9110,1556,21,7
9111,1556,0,20
9112,1556,15,12
9113,1556,16,24
9114,1556,10,24
9115,1556,12,0
9116,1557,3,23
9117,1557,17,1
9118,1557,18,1
9119,1557,2,24
9120,1557,16,6
9121,1557,6,23
9122,1558,23,15
9123,1558,5,3
9124,1558,11,15
9125,1558,14,7
9126,1558,12,10
9127,1559,24,2
9128,1559,6,24
9129,1559,12,10
9130,1559,0,24
9131,1559,24,3
9132,1560,24,11
9133,1560,16,20
9134,1560,3,16
9135,1561,0,8
9136,1561,6,16
9137,1561,0,6
9138,1561,10,13
9139,1561,18,22
9140,1561,18,4
9141,1561,24,11
9142,1561,4,14
9143,1562,13,21
9144,1562,6,0
9145,1562,2,16
9146,1562,5,7
9147,1563,21,17
9148,1563,6,14
9149,1564,11,2
9150,1564,3,9
9151,1564,10,0
9152,1564,20,13
9153,1564,2,23
9154,1564,24,7
9155,1564,23,10
9156,1564,0,16
9157,1564,2,12
9158,1564,21,17
9159,1565,20,16
9160,1565,3,1
9161,1565,11,9
9162,1565,21,1
9163,1565,24,10
9164,1566,4,23
9165,1566,2,19
9166,1566,9,7
9167,1566,21,15
9168,1566,21,1
9169,1566,22,1
9170,1567,23,15
9171,1567,11,18
9172,1567,1,21
9173,1567,15,1
9174,1567,23,3
9175,1568,22,7
9176,1568,6,18
9177,1568,2,12
9178,1568,12,0
9179,1568,2,24
9180,1568,9,20
9181,1568,14,24
9182,1568,5,9
9183,1568,6,9
9184,1568,1,19
9185,1568,21,23
9186,1569,4,15
9187,1569,13,7
9188,1569,3,11
9189,1569,13,2
9190,1569,22,2
9191,1569,7,1
9192,1569,0,24
9193,1569,13,11
9194,1570,10,8
9195,1570,12,3
9196,1570,5,12
9197,1570,4,11
9198,1571,21,3
9199,1571,11,18
9200,1571,22,14
9201,1571,1,11
9202,1571,16,22
9203,1571,24,10
9204,1571,14,3
9205,1572,14,15
9206,1572,8,4
9207,1573,23,14
9208,1573,12,21
9209,1573,18,10
9210,1573,23,19
9211,1574,12,0
9212,1574,3,13
9213,1574,5,9
9214,1574,17,21
9215,1574,14,21
9216,1574,23,12
9217,1574,14,22
9218,1575,2,14
9219,1575,23,2
9220,1575,6,17
9221,1575,18,22
9222,1575,0,24
9223,1575,18,12
9224,1575,20,4
9225,1575,22,18
9226,1575,23,19
9227,1576,5,23
9228,1576,7,23
9229,1576,8,22
9230,1576,9,3
9231,1576,24,9
9232,1577,5,20
9233,1577,6,17
9234,1577,11,7
9235,1577,8,20
9236,1578,1,19
9237,1578,11,20
9238,1578,22,19
9239,1578,1,22
9240,1578,17,11
9241,1578,0,18
9242,1579,0,24
9243,1579,12,15
9244,1579,9,6
9245,1579,5,9
9246,1579,7,1
9247,1579,7,13
9248,1579,16,10
9249,1579,19,6
9250,1580,14,23
9251,1580,8,22
9252,1580,14,23
9253,1580,2,10
9254,1580,6,12
9255,1581,9,0
9256,1581,19,15
9257,1582,8,1
9258,1582,11,21
9259,1582,8,18
9260,1582,15,1
9261,1582,11,23
9262,1582,3,17
9263,1583,22,7
9264,1583,3,0
9265,1583,19,12
9266,1583,19,0
9267,1583,0,16
9268,1583,21,4
9269,1583,11,21
9270,1584,23,1
9271,1584,14,4
9272,1584,4,22
9273,1584,4,13
9274,1584,0,24
9275,1584,14,24
9276,1584,8,18
9277,1585,15,8
9278,1585,14,21
9279,1586,11,8
9280,1586,23,10
9281,1586,21,9
9282,1587,0,12
9283,1587,21,3
9284,1587,9,24
9285,1587,19,12
9286,1587,10,1
9287,1587,21,5
9288,1587,0,15
9289,1588,13,21
9290,1588,21,1
9291,1588,7,5
9292,1588,2,14
9293,1589,5,11
9294,1589,0,10
9295,1589,3,17
9296,1590,21,24
9297,1590,20,22
9298,1590,13,4
9299,1590,23,12
9300,1590,7,9
9301,1591,20,23
9302,1591,9,11
9303,1591,19,21
9304,1591,24,11
9305,1592,10,21
9306,1592,10,1
9307,1592,20,24
9308,1592,22,2
9309,1592,23,6
9310,1592,14,22
9311,1592,21,2
9312,1592,8,15
9313,1593,5,7
9314,1593,24,1
9315,1593,11,15
9316,1593,19,20
9317,1593,20,14
9318,1593,22,13
9319,1593,17,19
9320,1594,20,4
9321,1594,14,11
9322,1594,12,8
9323,1594,9,2
9324,1594,5,8
9325,1595,19,10
9326,1595,16,0
9327,1595,8,12
9328,1595,18,8
9329,1595,8,22
9330,1595,1,16
9331,1595,24,1
9332,1595,4,0
9333,1595,24,12
9334,1595,24,22
9335,1595,8,1
9336,1596,11,18
9337,1596,5,20
9338,1596,12,14
9339,1596,17,8
9340,1596,2,11
9341,1596,5,13
9342,1597,24,5
9343,1597,22,7
9344,1597,21,9
9345,1597,11,20
9346,1597,14,2
9347,1598,19,17
9348,1598,4,20
9349,1598,20,11
9350,1598,4,16
9351,1599,13,11
9352,1599,15,8
9353,1599,13,24
9354,1599,1,13
9355,1599,0,23
9356,1599,16,10
9357,1599,7,18
9358,1600,10,9
9359,1600,18,15
9360,1600,14,4
9361,1600,0,24
9362,1600,17,23
9363,1600,2,13
9364,1600,1,14
9365,1600,3,9
9366,1600,8,15
9367,1600,2,0
9368,1600,3,10
9369,1600,12,21
9370,1601,5,16
9371,1601,11,21
9372,1601,15,12
9373,1601,6,15
9374,1601,4,15
9375,1601,12,5
9376,1601,0,7
9377,1601,7,5
9378,1602,14,3
9379,1602,0,17
9380,1602,14,18
9381,1603,11,22
9382,1603,6,23
9383,1603,1,16
9384,1603,10,16
9385,1603,5,22
9386,1603,12,18
9387,1604,21,24
9388,1604,6,2
9389,1604,4,20
9390,1604,10,13
9391,1604,5,1
9392,1604,15,21
9393,1604,18,20
9394,1604,13,10
9395,1605,24,1
9396,1605,4,21
9397,1605,15,11
9398,1605,8,15
9399,1605,24,12
9400,1605,19,8
9401,1605,18,10
9402,1606,8,15
9403,1606,10,17
9404,1606,16,19
9405,1606,13,4
9406,1606,12,21
9407,1606,7,18
9408,1607,16,4
9409,1607,3,17
9410,1607,12,15
9411,1607,7,21
9412,1607,14,23
9413,1608,4,5
9414,1608,18,24
9415,1608,1,23
9416,1609,22,12
9417,1609,10,23
9418,1609,2,20
9419,1609,15,18
9420,1609,24,2
9421,1610,20,0
9422,1610,4,2
9423,1610,9,13
9424,1610,7,22
9425,1610,5,20
9426,1610,6,20
9427,1610,3,21
9428,1610,5,17
9429,1611,24,14
9430,1611,21,0
9431,1611,10,13
9432,1611,13,22
9433,1611,23,12
9434,1612,19,6
9435,1612,21,10
9436,1612,1,24
9437,1612,17,2
9438,1612,7,1
9439,1612,24,21
9440,1612,13,5
9441,1612,22,1
9442,1613,2,11
9443,1613,21,5
9444,1613,2,21
9445,1613,14,0
9446,1613,9,19
9447,1613,4,22
9448,1614,6,8
9449,1614,16,4
9450,1615,6,19
9451,1615,10,17
9452,1615,10,22
9453,1615,1,14
9454,1615,23,3
9455,1616,5,1
9456,1616,23,16
9457,1616,8,2
9458,1616,18,8
9459,1616,20,19
9460,1616,16,1
9461,1616,7,1
9462,1616,18,14
9463,1617,17,2
9464,1617,2,6
9465,1617,18,2
9466,1617,18,20
9467,1618,1,18
9468,1618,6,18
9469,1618,7,21
9470,1618,4,6
9471,1618,2,14
9472,1618,16,5
9473,1619,2,13
9474,1619,6,9
9475,1620,5,14
9476,1620,7,4
9477,1620,5,23
9478,1620,24,18
9479,1620,13,20
9480,1621,15,14
9481,1621,12,6
9482,1621,5,17
9483,1621,10,22
9484,1621,12,6
9485,1621,18,2
9486,1621,3,9
9487,1622,13,1
9488,1622,24,14
9489,1622,0,9
9490,1623,1,20
9491,1623,6,19
9492,1623,0,15
9493,1623,21,4
9494,1624,24,2
9495,1624,24,15
9496,1624,11,8
9497,1624,2,6
9498,1624,12,18
9499,1624,18,20
9500,1624,8,24
9501,1625,20,22
9502,1625,13,3
9503,1625,20,6
9504,1625,18,20
9505,1625,0,17
9506,1626,24,13
9507,1626,18,4
9508,1626,23,7
9509,1626,8,22
9510,1626,7,10
9511,1627,4,11
9512,1627,7,24
9513,1627,2,0
9514,1627,16,0
9515,1627,20,9
9516,1627,13,7
9517,1627,19,15
9518,1627,6,9
9519,1627,9,5
9520,1627,5,8
9521,1628,24,4
9522,1628,3,23
9523,1628,12,6
9524,1628,0,13
9525,1628,1,11
9526,1629,6,18
9527,1629,0,18
9528,1629,20,17
9529,1629,7,13
9530,1629,12,23
9531,1629,21,9
9532,1629,7,11
9533,1629,14,11
9534,1629,20,11
9535,1630,6,23
9536,1630,23,9
9537,1630,15,8
9538,1630,24,1
9539,1630,19,7
9540,1630,6,20
9541,1631,11,22
9542,1631,20,18
9543,1631,14,20
9544,1631,19,22
9545,1631,3,13
9546,1632,22,7
9547,1632,11,9
9548,1632,21,3
9549,1633,12,8
9550,1633,20,19
9551,1633,9,16
9552,1633,5,15
9553,1633,0,15
9554,1633,19,11
9555,1633,1,5
9556,1634,24,4
9557,1634,12,8
9558,1634,13,16
9559,1634,18,2
9560,1634,17,6
9561,1635,18,22
9562,1635,8,0
9563,1635,16,14
9564,1635,24,7
9565,1635,18,15
9566,1635,20,7
9567,1636,11,20
9568,1636,8,18
9569,1636,22,9
9570,1636,24,12
9571,1636,20,23
9572,1637,7,11
9573,1637,17,14
9574,1637,1,22
9575,1637,4,15
9576,1637,3,1
9577,1637,5,12
9578,1638,14,24
9579,1638,8,23
9580,1638,14,23
9581,1638,12,9
9582,1638,1,19
9583,1638,13,20
9584,1638,7,17
9585,1639,18,1
9586,1639,18,14
9587,1639,2,5
9588,1639,2,22
9589,1639,18,20
9590,1639,18,4
9591,1639,23,5
9592,1640,1,12
9593,1640,14,23
9594,1640,11,4
9595,1640,24,13
9596,1640,13,7
9597,1640,8,24
9598,1641,18,10
9599,1641,2,20
9600,1641,12,15
9601,1642,3,17
9602,1643,23,20
9603,1643,17,21
9604,1643,24,2
9605,1643,20,8
9606,1643,13,19
9607,1644,23,4
9608,1644,12,4
9609,1644,8,10
9610,1644,19,15
9611,1645,9,6
9612,1645,20,18
9613,1645,13,19
9614,1645,16,13
9615,1645,17,5
9616,1646,4,18
9617,1646,8,15
9618,1646,14,4
9619,1646,16,4
9620,1646,6,14
9621,1646,5,18
9622,1646,4,8
9623,1646,19,20
9624,1647,16,23
9625,1647,24,0
9626,1647,19,5
9627,1647,17,10
9628,1647,23,14
9629,1647,24,3
9630,1647,10,19
9631,1648,9,22
9632,1648,5,9
9633,1648,4,7
9634,1648,3,7
9635,1648,11,7
9636,1649,7,22
9637,1649,15,9
9638,1649,9,16
9639,1649,20,22
9640,1650,9,6
9641,1650,14,17
9642,1650,21,13
9643,1650,6,15
9644,1650,19,23
9645,1650,21,1
9646,1650,15,8
9647,1650,20,3
9648,1650,10,19
9649,1650,6,9
9650,1651,21,14
9651,1651,13,0
9652,1651,14,22
9653,1651,6,18
9654,1652,9,18
9655,1652,2,14
9656,1652,13,22
9657,1652,11,15
9658,1652,20,13
9659,1652,10,12
9660,1652,8,10
9661,1652,5,11
9662,1653,21,12
9663,1653,2,12
9664,1653,13,5
9665,1653,15,13
9666,1653,24,1
9667,1653,10,24
9668,1653,1,11
9669,1653,21,10
9670,1653,3,14
9671,1654,0,7
9672,1654,2,5
9673,1654,6,8
9674,1654,21,12
9675,1654,24,4
9676,1654,24,10
9677,1654,14,10
9678,1654,9,15
9679,1655,21,10
9680,1655,1,10
9681,1655,11,8
9682,1655,14,15
9683,1655,18,9
9684,1655,9,22
9685,1655,23,11
9686,1655,19,5
9687,1655,22,13
9688,1656,10,12
9689,1656,17,14
9690,1656,9,6
9691,1656,1,16
9692,1656,12,23
9693,1656,21,17
9694,1656,7,24
9695,1656,5,1
9696,1656,22,4
9697,1656,21,14
9698,1656,13,2
9699,1657,21,1
9700,1657,18,5
9701,1657,6,12
9702,1657,13,23
9703,1657,17,2
9704,1657,9,6
9705,1657,0,24
9706,1658,8,24
9707,1658,11,14
9708,1658,3,20
9709,1658,12,6
9710,1659,5,15
9711,1659,22,14
9712,1659,4,12
9713,1659,24,17
9714,1659,2,16
9715,1660,9,5
9716,1660,19,23
9717,1661,3,18
9718,1661,21,2
9719,1662,4,19
9720,1662,17,8
9721,1662,21,19
9722,1662,21,11
9723,1662,10,3
9724,1663,11,8
9725,1663,1,13
9726,1663,14,23
9727,1664,21,15
9728,1664,7,14
9729,1664,7,11
9730,1664,1,9
9731,1664,1,14
9732,1664,18,15
9733,1664,5,3
9734,1664,4,18
9735,1664,0,3
9736,1665,1,18
9737,1665,16,9
9738,1665,7,22
9739,1665,4,16
9740,1666,4,23
9741,1666,20,23
9742,1666,11,0
9743,1666,1,17
9744,1666,5,22
9745,1667,18,21
9746,1667,19,1
9747,1667,21,9
9748,1667,21,11
9749,1667,8,11
9750,1667,20,11
9751,1667,20,7
9752,1667,7,9
9753,1668,11,15
9754,1668,22,11
9755,1668,2,12
9756,1668,13,20
9757,1668,4,13
9758,1668,21,6
9759,1668,19,23
9760,1668,17,9
9761,1668,3,24
9762,1668,19,6
9763,1668,24,14
9764,1668,21,4
9765,1669,13,15
9766,1669,14,11
9767,1669,2,17
9768,1669,14,2
9769,1669,1,4
9770,1669,8,22
9771,1669,21,23
9772,1670,2,13
9773,1670,12,4
9774,1670,6,2
9775,1670,24,6
9776,1670,0,20
9777,1670,4,2
9778,1670,6,12
9779,1671,15,3
9780,1671,20,5
9781,1671,12,23
9782,1671,21,13
9783,1671,4,13
9784,1671,4,21
9785,1671,22,18
9786,1672,11,0
9787,1672,11,7
9788,1672,16,19
9789,1672,17,21
9790,1672,19,20
9791,1672,1,16
9792,1673,9,21
9793,1673,11,20
9794,1673,13,19
9795,1673,0,14
9796,1673,6,21
9797,1674,2,12
9798,1674,9,17
9799,1674,17,1
9800,1674,14,1
9801,1674,3,6
9802,1674,14,7
9803,1674,14,24
9804,1674,1,15
9805,1675,0,11
9806,1675,0,21
9807,1675,6,3
9808,1675,18,3
9809,1675,18,10
9810,1675,5,22
9811,1675,18,22
9812,1675,21,9
9813,1676,17,24
9814,1676,22,16
9815,1676,9,19
9816,1676,19,13
9817,1676,4,19
9818,1676,0,23
9819,1676,3,23
9820,1677,19,1
9821,1677,21,6
9822,1677,4,18
9823,1677,9,5
9824,1677,6,13
9825,1677,3,16
9826,1677,16,1
9827,1678,16,6
9828,1678,0,22
9829,1678,5,22
9830,1679,3,17
9831,1679,22,15
9832,1679,0,10
9833,1679,8,17
9834,1679,5,4
9835,1679,10,0
9836,1679,12,4
9837,1679,14,1
9838,1679,1,24
9839,1679,9,20
9840,1680,16,0
9841,1680,23,5
9842,1680,21,14
9843,1680,3,14
9844,1681,6,23
9845,1681,20,0
9846,1681,12,20
9847,1681,8,20
9848,1681,22,6
9849,1681,0,10
9850,1682,4,11
9851,1682,9,2
9852,1682,11,24
9853,1682,22,18
9854,1683,17,0
9855,1683,16,5
9856,1683,19,20
9857,1683,16,23
9858,1683,4,18
9859,1683,6,8
9860,1683,12,0
9861,1683,15,11
9862,1683,15,17
9863,1684,22,16
9864,1684,7,22
9865,1684,7,3
9866,1684,6,17
9867,1684,23,6
9868,1685,3,12
9869,1685,20,4
9870,1685,5,21
9871,1686,17,8
9872,1686,0,18
9873,1686,6,8
9874,1686,14,21
9875,1686,20,16
9876,1686,24,18
9877,1687,12,16
9878,1687,10,1
9879,1687,22,3
9880,1687,24,8
9881,1687,4,22
9882,1687,17,20
9883,1687,7,10
9884,1688,14,15
9885,1688,17,23
9886,1688,5,12
9887,1688,9,1
9888,1688,4,20
9889,1688,20,4
9890,1688,15,2
9891,1689,19,11
9892,1689,20,10
9893,1689,5,4
9894,1689,15,23
9895,1689,13,0
9896,1690,3,11
9897,1690,15,4
9898,1690,3,0
9899,1690,21,19
9900,1690,7,3
9901,1691,10,20
9902,1691,21,12
9903,1691,1,21
9904,1692,4,0
9905,1692,3,10
9906,1692,24,17
9907,1693,12,15
9908,1693,4,20
9909,1693,22,24
9910,1693,14,23
9911,1693,4,16
9912,1693,17,1
9913,1693,11,8
9914,1694,10,1
9915,1694,6,12
9916,1694,24,9
9917,1694,11,22
9918,1694,3,11
9919,1694,18,3
9920,1694,4,18
9921,1694,24,5
9922,1695,1,21
9923,1695,20,6
9924,1695,8,6
9925,1696,10,16
9926,1696,22,6
9927,1696,18,24
9928,1696,1,17
9929,1696,6,2
9930,1696,23,15
9931,1696,22,4
9932,1696,20,7
9933,1696,21,18
9934,1697,16,8
9935,1697,12,23
9936,1697,9,22
9937,1697,11,20
9938,1697,8,19
9939,1697,3,5
9940,1698,0,18
9941,1698,10,1
9942,1698,21,5
9943,1698,11,24
9944,1698,10,18
9945,1698,12,23
9946,1698,4,15
9947,1698,4,13
9948,1698,1,4
9949,1699,0,9
9950,1699,22,24
9951,1700,18,16
9952,1700,24,22
9953,1700,5,19
9954,1700,4,19
9955,1700,10,1
9956,1700,24,7
9957,1700,6,17
9958,1701,17,2
9959,1701,9,15
9960,1701,11,4
9961,1701,23,6
9962,1701,18,1
9963,1701,10,2
9964,1701,4,2
9965,1702,21,17
9966,1702,3,24
9967,1702,24,7
9968,1703,18,0
9969,1703,20,8
9970,1703,10,20
9971,1703,14,23
9972,1703,21,24
9973,1703,10,1
9974,1704,3,16
9975,1704,19,17
9976,1704,5,12
9977,1704,5,23
9978,1704,23,4
9979,1704,6,10
9980,1704,5,17
9981,1704,16,0
9982,1705,9,20
9983,1706,9,7
9984,1706,18,6
9985,1706,17,15
9986,1706,2,23
9987,1706,10,7
9988,1707,15,24
9989,1707,9,3
9990,1708,24,5
9991,1708,24,14
9992,1708,11,0
9993,1708,19,2
9994,1708,5,8
9995,1709,19,5
9996,1709,4,2
9997,1709,16,1
9998,1709,20,24
9999,1709,23,15
10000,1709,22,8
10001,1709,16,1
10002,1709,9,7
10003,1709,9,21
10004,1710,12,14
10005,1710,6,20
10006,1710,17,8
10007,1710,3,18
10008,1710,19,7
10009,1710,10,21
10010,1710,14,15
10011,1710,2,8
10012,1710,0,22
10013,1711,7,0
10014,1711,17,9
10015,1711,14,8
10016,1711,16,4
10017,1711,8,15
10018,1711,2,19
10019,1711,19,7
10020,1712,14,11
10021,1713,6,3
10022,1713,16,6
10023,1713,13,17
10024,1713,22,11
10025,1714,3,24
10026,1714,12,3
10027,1714,20,2
10028,1714,7,16
10029,1714,10,20
10030,1715,17,7
10031,1715,11,21
10032,1715,24,4
10033,1715,6,16
10034,1715,18,16
10035,1716,11,21
10036,1716,11,23
10037,1716,22,19
10038,1716,10,22
10039,1717,2,21
10040,1717,3,11
10041,1717,4,18
10042,1717,0,2
10043,1718,21,15
10044,1718,1,18
10045,1718,18,10
10046,1719,20,2
10047,1719,13,11
10048,1719,3,1
10049,1720,3,1
10050,1720,7,0
10051,1720,6,15
10052,1720,17,15
10053,1720,9,19
10054,1721,11,21
10055,1721,19,5
10056,1721,7,16
10057,1721,18,14
10058,1722,1,22
10059,1722,3,21
10060,1722,12,10
10061,1722,8,22
10062,1723,3,17
10063,1723,17,14
10064,1723,14,1
10065,1723,2,13
10066,1723,9,7
10067,1723,11,3
10068,1723,11,7
10069,1723,8,2
10070,1723,0,15
10071,1724,11,19
10072,1724,7,24
10073,1724,22,11
10074,1724,12,5
10075,1724,0,10
10076,1725,3,5
10077,1725,15,23
10078,1725,0,14
10079,1725,14,5
10080,1726,10,4
10081,1726,16,19
10082,1726,7,10
10083,1726,24,1
10084,1726,9,21
10085,1726,10,6
10086,1726,1,10
10087,1726,0,24
10088,1726,17,4
10089,1726,7,1
10090,1726,21,15
10091,1727,18,7
10092,1727,19,22
10093,1727,17,4
10094,1727,4,24
10095,1727,4,5
10096,1727,2,24
10097,1727,23,12
10098,1727,21,23
10099,1728,16,0
10100,1728,6,19
10101,1728,18,9
10102,1728,13,15
10103,1728,6,0
10104,1728,15,14
10105,1728,18,24
10106,1729,9,10
10107,1729,18,11
10108,1729,7,9
10109,1729,15,0
10110,1729,23,19
10111,1729,22,3
10112,1729,12,16
10113,1729,6,4
10114,1729,20,22
10115,1729,24,7
10116,1729,12,5
10117,1730,4,7
10118,1730,3,23
10119,1730,19,9
10120,1730,19,8
10121,1730,5,21
10122,1731,22,19
10123,1731,12,6
10124,1731,5,22
10125,1731,9,17
10126,1731,3,5
10127,1732,0,9
10128,1732,0,11
10129,1732,12,9
10130,1732,3,17
10131,1732,6,22
10132,1732,2,23
10133,1732,24,11
10134,1732,14,15
10135,1732,4,8
10136,1732,3,24
10137,1733,15,12
10138,1733,8,19
10139,1733,9,5
10140,1733,16,12
10141,1733,2,18
10142,1733,21,13
10143,1733,4,12
10144,1733,10,20
10145,1733,7,11
10146,1734,18,15
10147,1734,3,11
10148,1734,1,9
10149,1734,14,11
10150,1734,19,11
10151,1734,7,3
10152,1735,23,20
10153,1735,12,4
10154,1735,17,23
10155,1735,22,0
10156,1735,23,15
10157,1735,14,17
10158,1735,5,9
10159,1735,18,14
10160,1735,12,6
10161,1735,17,5
10162,1735,14,11
10163,1735,0,12
10164,1736,21,2
10165,1736,4,21
10166,1736,14,18
10167,1736,22,8
10168,1736,24,16
10169,1736,14,23
10170,1736,15,21
10171,1736,10,16
10172,1737,24,16
10173,1737,19,9
10174,1737,1,19
10175,1737,17,6
10176,1737,23,17
10177,1737,3,17
10178,1737,8,15
10179,1738,3,20
10180,1738,0,10
10181,1738,16,4
10182,1738,4,20
10183,1738,7,4
10184,1738,17,14
10185,1738,14,15
10186,1738,11,22
10187,1738,24,9
10188,1739,24,1
10189,1739,16,13
10190,1739,12,2
10191,1739,15,5
10192,1739,9,10
10193,1739,5,17
10194,1739,10,22
10195,1740,17,14
10196,1740,22,18
10197,1740,11,1
10198,1740,1,18
10199,1740,18,15
10200,1740,2,4
10201,1740,23,0
10202,1741,24,7
10203,1741,21,19
10204,1741,4,23
10205,1742,7,9
10206,1742,13,7
10207,1742,18,24
10208,1742,2,18
10209,1742,7,21
10210,1743,24,15
10211,1743,23,19
10212,1743,10,12
10213,1743,24,14
10214,1744,13,15
10215,1744,13,6
10216,1744,22,14
10217,1744,20,5
10218,1745,8,5
10219,1745,16,1
10220,1745,5,24
10221,1745,6,23
10222,1745,7,15
10223,1746,10,23
10224,1746,16,18
10225,1746,24,11
10226,1746,19,1
10227,1746,6,22
10228,1746,19,11
10229,1747,16,13
10230,1747,16,22
10231,1747,22,18
10232,1747,10,12
10233,1748,21,7
10234,1748,0,12
10235,1748,2,23
10236,1748,20,7
10237,1748,20,16
10238,1748,1,16
10239,1749,20,7
10240,1749,10,16
10241,1749,13,7
10242,1749,15,9
10243,1749,4,11
10244,1749,20,13
10245,1749,7,13
10246,1749,24,2
10247,1749,0,2
10248,1750,22,20
10249,1750,21,23
10250,1750,18,10
10251,1750,2,9
10252,1750,19,17
10253,1750,11,4
10254,1750,1,8
10255,1750,3,20
10256,1751,21,5
10257,1751,12,20
10258,1751,15,18
10259,1751,0,15
10260,1751,8,16
10261,1751,16,24
10262,1751,13,5
10263,1751,23,0
10264,1752,14,17
10265,1752,18,15
10266,1752,16,24
10267,1752,18,20
10268,1752,11,22
10269,1752,20,19
10270,1752,20,9
10271,1753,24,14
10272,1753,17,24
10273,1753,6,13
10274,1754,4,24
10275,1754,13,17
10276,1754,9,23
10277,1754,9,13
10278,1755,23,6
10279,1755,19,3
10280,1755,11,23
10281,1756,21,1
10282,1756,2,23
10283,1756,23,15
10284,1757,21,19
10285,1757,8,19
10286,1757,11,22
10287,1757,14,8
10288,1757,13,7
10289,1757,23,17
10290,1757,11,22
10291,1757,4,5
10292,1757,11,21
10293,1758,5,19
10294,1758,3,17
10295,1758,16,18
10296,1758,2,8
10297,1759,10,4
10298,1759,7,19
10299,1759,3,23
10300,1759,21,12
10301,1759,6,16
10302,1759,19,3
10303,1759,0,2
10304,1759,21,13
10305,1759,5,2
10306,1759,23,12
10307,1760,18,21
10308,1760,17,2
10309,1760,16,3
10310,1760,10,23
10311,1760,22,11
10312,1760,17,24
10313,1760,2,12
10314,1760,14,4
10315,1761,5,14
10316,1761,13,24
10317,1761,0,14
10318,1761,11,21
10319,1761,5,2
10320,1761,16,8
10321,1761,13,23
10322,1761,24,1
10323,1762,6,17
10324,1762,0,20
10325,1762,9,17
10326,1762,18,14
10327,1762,12,20
10328,1763,9,0
10329,1763,6,19
10330,1763,1,22
10331,1763,10,4
10332,1763,21,5
10333,1763,16,19
10334,1763,5,24
10335,1764,1,7
10336,1764,22,14
10337,1764,21,0
10338,1764,2,18
10339,1764,11,1
10340,1765,10,8
10341,1765,21,17
10342,1765,18,10
10343,1765,19,21
10344,1765,22,1
10345,1765,13,16
10346,1765,11,9
10347,1765,8,10
10348,1766,24,17
10349,1766,21,17
10350,1766,3,17
10351,1766,9,10
10352,1766,3,18
10353,1766,10,0
10354,1766,23,12
10355,1766,8,6
10356,1766,20,12
10357,1766,5,3
10358,1766,5,19
10359,1766,1,8
10360,1767,7,9
10361,1767,12,15
10362,1768,3,10
10363,1768,12,23
10364,1768,16,24
10365,1768,23,2
10366,1768,15,2
10367,1768,14,16
10368,1768,20,6
10369,1768,22,1
10370,1768,7,3
10371,1769,17,7
10372,1769,1,7
10373,1769,22,4
10374,1769,4,12
10375,1770,2,9
10376,1770,6,0
10377,1771,19,10
10378,1771,11,21
10379,1771,9,0
10380,1771,5,8
10381,1771,1,20
10382,1772,4,22
10383,1772,7,1
10384,1772,10,13
10385,1773,0,16
10386,1773,0,7
10387,1773,23,19
10388,1773,3,9
10389,1773,20,18
10390,1773,24,3
10391,1773,7,4
10392,1773,20,4
10393,1773,18,6
10394,1773,15,11
10395,1773,20,0
10396,1774,23,7
10397,1775,3,11
10398,1775,15,8
10399,1775,11,20
10400,1775,1,4
10401,1775,19,20
10402,1775,10,21
10403,1776,6,24
10404,1776,24,9
10405,1776,6,17
10406,1777,8,2
10407,1777,11,22
10408,1777,12,3
10409,1777,22,16
10410,1777,17,20
10411,1778,11,18
10412,1778,8,4
10413,1778,18,5
10414,1778,2,18
10415,1779,0,8
10416,1779,13,7
10417,1779,15,8
10418,1779,17,19
10419,1779,1,9
10420,1779,17,14
10421,1780,24,14
10422,1780,8,12
10423,1780,23,5
10424,1780,2,24
10425,1780,16,4
10426,1781,22,5
10427,1781,8,16
10428,1781,3,23
10429,1781,18,9
10430,1782,6,15
10431,1782,3,11
10432,1782,14,12
10433,1782,14,21
10434,1782,6,13
10435,1783,9,1
10436,1783,24,12
10437,1783,22,2
10438,1784,21,24
10439,1784,1,21
10440,1784,12,6
10441,1784,20,18
10442,1784,10,6
10443,1784,18,12
10444,1785,10,22
10445,1785,14,0
10446,1785,23,6
10447,1785,14,5
10448,1786,4,2
10449,1786,2,18
10450,1786,9,20
10451,1786,24,11
10452,1786,9,12
10453,1786,16,2
10454,1786,6,22
10455,1786,20,22
10456,1786,12,3
10457,1786,14,17
10458,1787,18,10
10459,1787,10,17
10460,1787,3,22
10461,1787,19,16
10462,1787,21,23
10463,1787,0,8
10464,1787,15,8
10465,1788,17,15
10466,1788,2,14
10467,1788,22,11
10468,1788,0,15
10469,1788,13,22
10470,1788,20,14
10471,1788,12,19
10472,1788,12,18
10473,1788,14,7
10474,1789,5,12
10475,1789,0,19
10476,1789,19,9
10477,1789,22,19
10478,1789,18,24
10479,1789,5,20
10480,1790,8,19
10481,1790,7,22
10482,1790,19,22
10483,1791,17,19
10484,1791,23,0
10485,1791,7,19
10486,1791,0,11
10487,1792,2,19
10488,1792,1,11
10489,1792,10,6
10490,1792,9,5
10491,1792,3,1
10492,1793,9,13
10493,1793,5,8
10494,1793,7,4
10495,1793,6,12
10496,1793,2,11
10497,1794,8,19
10498,1794,6,2
10499,1794,24,10
10500,1794,6,2
10501,1794,20,1
10502,1794,21,3
10503,1794,22,16
10504,1794,3,0
10505,1795,11,20
10506,1795,11,2
10507,1795,19,12
10508,1795,21,19
10509,1796,2,19
10510,1796,12,23
10511,1796,4,8
10512,1796,2,6
10513,1796,17,21
10514,1796,4,19
10515,1796,3,23
10516,1797,9,13
10517,1797,4,1
10518,1797,24,11
10519,1798,3,11
10520,1798,8,19
10521,1798,4,13
10522,1798,21,24
10523,1798,23,19
10524,1798,5,13
10525,1798,3,23
10526,1799,2,18
10527,1799,5,17
10528,1799,0,9
10529,1799,23,6
10530,1799,12,18
