veh_id,t_depart,origin,dest
0,0,11,1
1,0,5,21
2,0,1,5
3,0,15,17
4,0,0,8
5,1,16,23
6,1,7,22
7,1,11,18
8,1,6,9
9,1,17,13
10,1,16,23
11,1,23,9
12,1,3,0
13,2,23,20
14,2,0,23
15,2,3,5
16,3,24,4
17,3,18,7
18,3,3,21
19,4,18,15
20,4,17,10
21,4,6,17
22,4,10,18
23,4,2,5
24,5,12,21
25,5,1,15
26,5,7,16
27,5,7,9
28,5,21,5
29,5,24,0
30,5,0,10
31,5,20,19
32,6,8,6
33,6,2,20
34,6,4,16
35,6,22,6
36,6,17,14
37,7,16,20
38,7,8,22
39,7,11,24
40,7,17,0
41,7,13,10
42,7,9,17
43,7,19,7
44,8,15,4
45,8,5,8
46,8,7,17
47,8,0,11
48,9,15,0
49,9,10,9
50,9,23,12
51,9,21,10
52,9,15,19
53,9,3,13
54,9,13,16
55,9,7,22
56,10,14,17
57,10,2,18
58,10,21,3
59,10,8,4
60,11,1,9
61,11,15,1
62,11,10,0
63,11,21,5
64,11,18,24
65,11,6,10
66,11,9,13
67,11,1,12
68,12,4,20
69,12,9,13
70,12,5,11
71,12,17,6
72,12,1,14
73,12,17,23
74,12,7,24
75,13,16,0
76,13,8,24
77,13,13,17
78,14,6,21
79,14,7,1
80,14,9,0
81,14,14,5
82,15,4,23
83,15,23,14
84,15,6,17
85,15,24,16
86,15,17,14
87,15,6,12
88,15,19,2
89,16,7,16
90,16,8,21
91,16,15,6
92,16,4,20
93,16,18,24
94,16,14,20
95,17,16,0
96,17,8,6
97,17,7,11
98,18,12,10
99,18,6,0
100,18,24,14
101,18,22,18
102,18,6,2
103,19,16,12
104,19,19,6
105,19,7,5
106,19,4,6
107,19,17,10
108,20,8,2
109,20,18,4
110,20,21,15
111,20,21,6
112,20,10,2
113,20,22,3
114,20,11,0
115,20,20,13
116,21,0,10
117,21,18,8
118,21,12,2
119,22,19,12
120,22,2,17
121,22,4,6
122,22,18,5
123,22,22,12
124,23,1,21
125,23,19,2
126,24,16,24
127,24,10,19
128,24,10,2
129,24,6,24
130,24,9,16
131,25,16,23
132,25,12,3
133,25,17,11
134,25,0,10
135,25,5,3
136,25,17,14
137,26,18,10
138,26,3,17
139,26,13,23
140,26,23,20
141,26,10,20
142,26,21,18
143,27,8,16
144,27,1,13
145,27,7,22
146,27,3,7
147,28,7,4
148,28,24,13
149,28,14,7
150,28,7,14
151,28,13,5
152,29,11,19
153,29,15,14
154,29,11,14
155,29,3,16
156,30,12,5
157,30,22,12
158,30,4,13
159,30,15,21
160,30,3,23
161,30,23,13
162,30,0,18
163,30,16,9
164,30,11,13
165,30,3,15
166,30,21,18
167,31,23,0
168,31,24,16
169,31,17,15
170,32,21,17
171,32,8,0
172,32,23,19
173,33,15,8
174,33,23,15
175,33,13,5
176,33,2,20
177,33,19,4
178,33,23,16
179,34,7,20
180,34,1,7
181,34,1,4
182,35,9,6
183,35,3,20
184,35,10,2
185,35,4,11
186,35,15,6
187,35,0,20
188,35,9,16
189,36,10,22
190,36,13,5
191,37,17,21
192,37,20,10
193,37,11,9
194,37,13,6
195,37,14,12
196,37,21,0
197,37,3,16
198,38,15,12
199,38,5,4
200,38,7,19
201,38,3,18
202,38,7,1
203,39,10,13
204,39,24,15
205,39,0,10
206,39,24,18
207,39,1,10
208,39,9,11
209,39,1,21
210,40,23,8
211,40,10,16
212,40,13,16
213,40,21,7
214,40,22,13
215,40,1,15
216,40,2,5
217,40,16,24
218,41,23,16
219,41,9,3
220,41,14,24
221,41,17,9
222,41,12,8
223,42,13,24
224,42,20,19
225,42,6,20
226,42,1,13
227,42,11,1
228,42,3,17
229,42,13,3
230,42,3,17
231,43,9,21
232,43,23,8
233,43,0,7
234,43,12,16
235,43,20,4
236,43,15,19
237,43,5,14
238,44,24,11
239,44,3,0
240,45,14,4
241,45,22,9
242,45,9,23
243,45,20,13
244,46,17,23
245,46,9,13
246,46,0,4
247,46,8,15
248,46,12,23
249,46,22,0
250,46,9,23
251,46,24,11
252,47,10,20
253,47,20,6
254,47,6,2
255,47,24,21
256,47,14,8
257,47,4,16
258,47,22,7
259,47,4,0
260,47,10,8
261,48,6,14
262,48,2,20
263,48,1,13
264,49,12,18
265,49,10,12
266,49,6,17
267,49,1,4
268,49,19,3
269,49,8,23
270,49,21,0
271,49,2,10
272,50,4,0
273,50,12,9
274,50,11,19
275,50,5,19
276,51,5,15
277,51,15,12
278,51,14,3
279,51,8,1
280,51,7,11
281,51,15,5
282,51,20,3
283,51,14,11
284,51,19,1
285,52,10,24
286,52,6,4
287,52,1,8
288,52,12,22
289,52,15,1
290,53,1,16
291,53,19,1
292,53,14,7
293,53,4,13
294,53,7,23
295,53,11,24
296,53,21,9
297,54,23,6
298,54,17,21
299,54,0,9
300,54,3,16
301,54,11,3
302,54,20,5
303,54,22,3
304,54,8,2
305,55,18,3
306,55,7,22
307,55,22,6
308,55,10,3
309,55,18,24
310,55,18,8
311,55,13,22
312,56,14,21
313,56,0,2
314,56,11,18
315,57,19,17
316,57,15,17
317,57,7,20
318,57,10,13
319,57,10,22
320,58,23,19
321,58,20,0
322,58,15,0
323,58,14,23
324,58,3,21
325,59,20,0
326,59,6,16
327,59,21,12
328,59,21,19
329,59,10,4
330,59,15,12
331,60,5,7
332,60,18,12
333,60,24,1
334,60,24,14
335,60,23,17
336,61,3,16
337,61,23,13
338,61,3,17
339,61,18,14
340,61,11,20
341,62,17,20
342,62,21,19
343,62,20,3
344,62,16,9
345,62,20,12
346,62,13,15
347,63,5,3
348,63,5,2
349,63,7,17
350,63,12,16
351,63,16,8
352,64,20,12
353,64,20,4
354,64,15,23
355,64,24,1
356,64,24,14
357,65,17,7
358,65,9,2
359,65,1,23
360,65,5,3
361,65,16,13
362,65,1,24
363,65,17,5
364,65,5,21
365,65,10,14
366,65,24,16
367,65,21,0
368,66,1,8
369,66,2,23
370,66,17,13
371,66,12,9
372,67,18,12
373,67,15,21
374,67,19,7
375,67,2,11
376,68,23,0
377,68,14,22
378,68,5,13
379,68,6,8
380,69,14,2
381,69,19,16
382,69,9,21
383,69,18,16
384,69,0,21
385,69,20,1
386,69,20,16
387,69,17,21
388,70,23,4
389,70,24,3
390,70,24,6
391,70,16,7
392,70,17,4
393,70,6,0
394,70,2,13
395,71,12,3
396,71,21,7
397,71,21,15
398,71,20,11
399,71,22,14
400,71,3,22
401,71,17,23
402,71,8,1
403,71,4,8
404,72,6,22
405,72,0,15
406,73,2,19
407,73,6,8
408,73,15,13
409,73,19,20
410,73,8,0
411,73,19,17
412,74,22,3
413,74,5,13
414,74,6,22
415,74,20,0
416,75,23,21
417,75,13,0
418,75,20,24
419,75,21,6
420,75,4,17
421,76,9,16
422,76,13,10
423,76,0,17
424,76,19,22
425,76,19,22
426,76,11,17
427,76,4,8
428,77,2,15
429,77,19,2
430,77,14,12
431,77,16,4
432,78,2,5
433,78,0,17
434,78,3,19
435,78,10,23
436,78,8,20
437,78,11,7
438,78,19,0
439,78,5,11
440,79,23,12
441,79,7,4
442,79,8,6
443,79,22,14
444,79,14,7
445,79,1,22
446,80,6,10
447,80,5,22
448,80,16,12
449,80,14,23
450,80,4,17
451,80,0,13
452,81,1,13
453,81,23,6
454,81,1,8
455,81,7,15
456,81,7,20
457,82,23,9
458,82,21,19
459,82,18,11
460,82,11,13
461,82,7,20
462,82,20,7
463,82,11,13
464,82,14,12
465,82,13,19
466,83,18,3
467,83,2,8
468,83,11,8
469,83,22,1
470,83,15,21
471,83,18,16
472,83,11,3
473,83,2,4
474,84,23,21
475,84,6,0
476,84,6,9
477,84,15,19
478,84,19,17
479,84,20,4
480,84,6,4
481,84,9,5
482,84,0,3
483,85,22,0
484,85,0,21
485,85,21,0
486,85,23,16
487,86,10,6
488,86,23,9
489,86,17,7
490,86,24,10
491,86,11,8
492,87,22,7
493,87,1,7
494,87,13,5
495,87,1,5
496,87,15,7
497,87,1,8
498,87,0,4
499,87,18,22
500,88,12,9
501,88,16,2
502,88,8,12
503,88,15,14
504,89,21,2
505,89,23,5
506,89,12,8
507,89,0,2
508,89,24,4
509,89,20,7
510,89,11,22
511,90,9,2
512,90,21,17
513,90,7,23
514,90,12,23
515,90,5,24
516,91,19,15
517,92,1,4
518,92,19,9
519,92,0,16
520,92,1,4
521,92,3,20
522,92,18,9
523,92,7,15
524,92,12,19
525,92,14,20
526,93,2,5
527,93,3,14
528,93,16,20
529,93,11,18
530,93,13,22
531,93,23,15
532,93,24,8
533,93,22,4
534,93,9,20
535,93,15,0
536,93,3,22
537,93,6,21
538,94,1,13
539,94,10,24
540,94,14,18
541,94,6,9
542,94,18,0
543,94,2,16
544,94,16,1
545,94,6,18
546,94,8,18
547,95,18,21
548,95,7,1
549,95,19,23
550,95,12,4
551,95,0,21
552,95,18,14
553,95,5,19
554,96,24,5
555,96,24,9
556,96,18,7
557,96,1,18
558,96,17,1
559,96,9,17
560,96,7,4
561,96,24,2
562,97,7,14
563,97,3,14
564,97,14,18
565,97,10,4
566,97,16,0
567,97,0,2
568,98,1,21
569,98,5,21
570,98,9,21
571,98,12,8
572,98,21,14
573,98,11,14
574,99,12,18
575,99,16,0
576,99,18,24
577,99,0,20
578,99,14,23
579,99,0,2
580,100,1,21
581,100,12,9
582,100,20,16
583,101,18,22
584,101,24,4
585,101,10,3
586,101,24,3
587,102,10,9
588,102,10,6
589,102,21,10
590,102,14,17
591,102,11,22
592,102,12,4
593,102,10,1
594,103,15,4
595,103,13,15
596,103,10,2
597,103,7,20
598,103,2,13
599,103,14,22
600,104,5,2
601,104,24,7
602,104,11,7
603,104,10,7
604,104,11,7
605,104,10,12
606,104,3,9
607,105,18,10
608,105,2,24
609,105,0,24
610,105,0,13
611,106,11,0
612,106,18,24
613,106,11,5
614,106,12,23
615,106,1,5
616,106,22,16
617,107,8,19
618,107,18,6
619,107,9,6
620,107,7,16
621,107,7,1
622,107,23,0
623,108,19,9
624,108,0,21
625,108,4,13
626,108,11,24
627,108,3,13
628,108,21,13
629,108,16,3
630,108,13,20
631,109,14,18
632,109,6,14
633,109,18,8
634,109,10,2
635,109,0,23
636,109,20,18
637,109,15,24
638,110,8,18
639,110,9,7
640,110,1,19
641,110,14,17
642,110,17,3
643,110,24,9
644,111,7,21
645,111,7,22
646,111,24,22
647,111,13,6
648,111,10,17
649,112,24,6
650,112,3,12
651,112,10,3
652,112,15,4
653,112,14,0
654,113,7,10
655,113,11,18
656,113,16,10
657,113,18,5
658,113,24,1
659,113,20,24
660,113,19,6
661,113,5,2
662,113,19,11
663,114,19,6
664,114,11,8
665,114,8,20
666,114,1,19
667,114,21,7
668,114,1,24
669,115,22,10
670,115,6,22
671,115,24,5
672,115,2,8
673,115,11,21
674,116,1,11
675,116,22,13
676,116,10,9
677,116,2,19
678,116,20,9
679,116,20,4
680,116,14,21
681,116,15,23
682,116,2,16
683,117,5,22
684,117,0,12
685,117,12,24
686,117,5,17
687,117,11,8
688,117,2,5
689,117,6,2
690,117,13,7
691,118,19,16
692,118,16,8
693,118,14,3
694,118,16,8
695,118,16,4
696,119,10,21
697,119,11,15
698,119,6,9
699,119,22,16
700,119,12,6
701,119,22,11
702,119,14,1
703,119,22,19
704,119,15,22
705,119,17,6
706,119,11,15
707,120,8,6
708,120,8,1
709,120,19,17
710,120,17,11
711,121,10,16
712,121,1,15
713,121,12,3
714,122,4,21
715,122,16,8
716,122,11,15
717,122,9,17
718,122,8,17
719,122,0,11
720,123,10,20
721,123,22,15
722,123,24,0
723,123,21,15
724,123,14,15
725,124,19,6
726,124,23,11
727,124,24,2
728,124,1,8
729,124,19,21
730,125,19,4
731,125,11,4
732,125,7,16
733,126,12,22
734,126,13,9
735,126,9,13
736,126,4,16
737,126,16,4
738,126,15,23
739,126,14,7
740,127,24,9
741,127,3,22
742,127,0,3
743,127,22,5
744,127,4,20
745,127,11,14
746,127,21,15
747,127,23,5
748,127,5,17
749,127,17,14
750,127,21,3
751,128,5,19
752,128,8,19
753,128,2,0
754,128,3,23
755,128,5,8
756,128,24,7
757,128,24,9
758,128,7,11
759,128,22,24
760,129,24,13
761,129,17,23
762,129,6,14
763,129,21,1
764,129,5,22
765,130,9,13
766,130,15,22
767,130,11,4
768,130,9,7
769,130,24,0
770,130,18,7
771,131,1,9
772,131,22,9
773,131,9,23
774,131,18,12
775,131,11,13
776,131,10,20
777,131,7,19
778,131,7,5
779,132,12,1
780,132,20,1
781,132,1,13
782,132,17,7
783,132,7,3
784,133,21,13
785,133,11,18
786,133,21,5
787,133,3,20
788,133,11,18
789,134,13,5
790,134,1,8
791,134,24,20
792,134,3,15
793,134,7,3
794,135,6,21
795,135,16,0
796,135,11,17
797,135,10,8
798,136,19,17
799,136,1,15
800,136,24,7
801,136,9,22
802,136,16,23
803,136,10,0
804,136,23,4
805,137,20,9
806,138,9,17
807,138,2,6
808,138,21,1
809,139,11,2
810,139,5,23
811,139,5,8
812,139,1,4
813,139,22,15
814,140,4,1
815,140,20,23
816,140,14,8
817,141,10,6
818,141,5,8
819,141,5,20
820,141,21,8
821,141,12,3
822,141,24,1
823,142,5,22
824,142,20,5
825,142,1,19
826,142,3,9
827,142,2,9
828,143,17,21
829,143,24,20
830,143,10,24
831,143,0,10
832,143,19,20
833,144,15,2
834,144,12,10
835,144,9,21
836,144,0,2
837,145,10,9
838,145,6,22
839,145,11,24
840,145,5,24
841,145,6,23
842,145,0,15
843,145,1,10
844,145,19,4
845,146,5,8
846,146,1,15
847,147,19,7
848,147,18,22
849,147,5,13
850,147,23,17
851,147,15,9
852,147,0,22
853,148,22,24
854,148,24,10
855,148,18,24
856,148,4,1
857,148,8,17
858,148,1,16
859,148,4,0
860,148,13,4
861,149,20,3
862,149,9,20
863,149,19,15
864,149,4,23
865,149,14,0
866,149,15,5
867,149,1,22
868,150,13,4
869,150,9,16
870,150,16,18
871,150,12,3
872,150,16,2
873,150,10,24
874,150,1,21
875,150,23,20
876,151,0,16
877,151,1,20
878,151,1,12
879,152,4,21
880,152,20,2
881,152,15,13
882,152,0,17
883,152,9,3
884,153,7,22
885,153,12,20
886,154,14,1
887,154,0,22
888,154,21,10
889,154,10,19
890,154,7,18
891,154,5,12
892,154,18,11
893,154,6,17
894,155,2,4
895,156,1,10
896,156,14,2
897,156,11,21
898,156,12,6
899,156,6,10
900,156,5,17
901,157,11,18
902,158,24,16
903,158,14,23
904,158,6,13
905,158,6,10
906,158,13,3
907,158,13,16
908,158,14,6
909,158,22,9
910,159,1,19
911,159,7,17
912,159,16,2
913,159,2,15
914,159,22,2
915,160,20,18
916,160,19,17
917,160,3,19
918,160,7,11
919,160,17,7
920,161,3,14
921,161,5,14
922,161,9,5
923,161,6,12
924,162,9,13
925,162,6,14
926,162,10,17
927,162,0,23
928,162,10,20
929,163,20,12
930,163,10,3
931,163,6,0
932,163,8,12
933,164,24,4
934,164,18,12
935,164,1,8
936,164,21,13
937,164,18,2
938,164,3,6
939,164,23,19
940,165,19,13
941,165,19,7
942,165,15,9
943,165,24,22
944,165,8,11
945,165,13,15
946,166,1,15
947,166,1,14
948,166,16,0
949,166,2,14
950,166,9,12
951,167,21,7
952,167,2,6
953,167,10,7
954,167,3,15
955,167,4,18
956,167,6,2
957,167,24,21
958,167,3,13
959,167,23,15
960,168,4,15
961,168,20,0
962,168,2,10
963,168,0,17
964,168,21,8
965,168,4,15
966,168,21,24
967,169,23,12
968,169,20,0
969,169,11,22
970,169,1,15
971,169,17,4
972,169,12,10
973,169,10,12
974,170,6,12
975,170,12,23
976,170,0,18
977,170,22,1
978,170,24,3
979,170,23,14
980,171,22,10
981,171,9,11
982,171,13,0
983,171,13,11
984,171,10,21
985,171,9,16
986,171,3,20
987,171,22,9
988,172,0,7
989,172,6,22
990,172,4,17
991,172,22,3
992,172,4,6
993,173,2,13
994,173,8,11
995,173,8,15
996,173,16,5
997,173,12,8
998,173,3,6
999,173,23,19
1000,173,9,7
1001,174,4,5
1002,174,19,5
1003,174,3,13
1004,174,21,6
1005,174,7,21
1006,174,23,21
1007,174,5,19
1008,174,5,24
1009,174,20,2
1010,174,22,11
1011,174,13,4
1012,175,21,2
1013,175,2,13
1014,175,16,2
1015,176,21,3
1016,176,23,16
1017,176,17,0
1018,176,22,6
1019,176,23,5
1020,176,12,8
1021,177,0,17
1022,177,12,24
1023,177,18,10
1024,178,15,7
1025,178,18,11
1026,178,6,3
1027,178,17,11
1028,178,4,16
1029,178,0,17
1030,178,13,4
1031,178,14,11
1032,179,19,11
1033,179,4,6
1034,179,24,3
1035,179,19,7
1036,179,24,11
1037,179,14,23
1038,179,5,18
1039,179,11,20
1040,179,24,8
1041,179,7,10
1042,180,10,14
1043,180,22,10
1044,180,24,14
1045,181,11,13
1046,181,22,15
1047,181,15,3
1048,181,14,5
1049,182,16,7
1050,182,19,16
1051,182,9,5
1052,182,2,22
1053,182,24,5
1054,182,22,6
1055,183,20,1
1056,183,0,14
1057,183,19,5
1058,183,23,8
1059,183,14,1
1060,183,7,16
1061,183,4,7
1062,184,12,19
1063,184,9,10
1064,184,10,16
1065,185,1,18
1066,185,2,8
1067,185,6,4
1068,185,6,24
1069,185,21,14
1070,185,15,3
1071,186,23,4
1072,186,8,12
1073,186,16,14
1074,186,20,17
1075,186,18,7
1076,186,12,9
1077,186,2,22
1078,187,24,9
1079,187,5,18
1080,187,14,17
1081,187,21,6
1082,187,16,18
1083,188,5,3
1084,188,22,9
1085,188,22,15
1086,188,22,0
1087,188,18,11
1088,189,10,18
1089,189,13,5
1090,190,16,2
1091,190,3,5
1092,190,16,10
1093,190,3,12
1094,190,14,8
1095,190,8,20
1096,190,21,18
1097,190,0,4
1098,191,10,22
1099,191,5,7
1100,191,24,21
1101,191,7,20
1102,191,18,9
1103,191,2,8
1104,191,22,6
1105,192,24,12
1106,192,0,10
1107,192,19,15
1108,192,5,13
1109,192,14,0
1110,192,18,2
1111,193,20,14
1112,193,24,11
1113,194,5,18
1114,194,12,18
1115,194,4,13
1116,194,14,3
1117,194,7,10
1118,194,11,8
1119,194,2,24
1120,194,1,23
1121,194,12,22
1122,194,6,15
1123,195,18,2
1124,195,0,6
1125,195,10,23
1126,195,14,8
1127,196,17,3
1128,196,4,22
1129,196,14,18
1130,196,21,19
1131,197,9,2
1132,197,8,17
1133,197,16,0
1134,197,2,14
1135,197,1,12
1136,197,17,10
1137,197,14,6
1138,197,16,7
1139,197,17,19
1140,197,16,9
1141,198,0,12
1142,198,19,1
1143,198,5,7
1144,199,11,9
1145,199,6,10
1146,199,16,23
1147,199,9,5
1148,199,2,18
1149,199,12,3
1150,199,2,24
1151,200,23,16
1152,200,12,2
1153,200,21,1
1154,200,4,22
1155,200,11,2
1156,200,20,23
1157,200,10,14
1158,200,2,18
1159,200,0,13
1160,200,3,14
1161,201,12,22
1162,201,14,23
1163,202,13,9
1164,202,5,19
1165,202,1,17
1166,202,3,12
1167,202,15,3
1168,202,7,10
1169,203,3,17
1170,203,12,9
1171,203,13,0
1172,203,4,22
1173,203,20,18
1174,203,11,4
1175,204,14,22
1176,204,23,1
1177,204,2,23
1178,204,24,21
1179,204,19,12
1180,204,22,2
1181,204,12,0
1182,205,24,9
1183,205,1,21
1184,205,24,3
1185,205,17,20
1186,205,24,13
1187,206,2,10
1188,206,21,3
1189,206,6,15
1190,206,8,10
1191,206,10,4
1192,206,11,14
1193,206,11,0
1194,207,16,8
1195,207,5,11
1196,207,23,19
1197,207,0,3
1198,207,19,15
1199,208,20,10
1200,208,1,17
1201,208,0,12
1202,208,23,4
1203,208,4,8
1204,208,13,22
1205,208,1,13
1206,208,11,13
1207,208,10,18
1208,208,11,20
1209,208,2,14
1210,209,15,12
1211,209,10,18
1212,209,18,0
1213,209,9,5
1214,210,13,4
1215,210,19,16
1216,210,24,4
1217,210,9,0
1218,210,7,13
1219,210,4,13
1220,210,12,16
1221,210,11,18
1222,210,8,14
1223,211,15,12
1224,211,2,6
1225,211,17,3
1226,211,13,7
1227,211,12,8
1228,211,3,1
1229,211,8,1
1230,212,10,14
1231,212,8,10
1232,212,22,8
1233,212,19,0
1234,212,14,18
1235,212,14,3
1236,213,18,21
1237,213,6,4
1238,214,24,14
1239,214,6,24
1240,214,8,22
1241,214,4,20
1242,215,1,7
1243,215,7,3
1244,216,0,12
1245,216,14,12
1246,216,20,1
1247,216,20,5
1248,217,14,23
1249,217,20,17
1250,217,23,10
1251,217,14,18
1252,217,11,17
1253,217,19,16
1254,217,17,20
1255,217,24,4
1256,217,6,16
1257,218,15,19
1258,218,5,21
1259,218,20,1
1260,218,8,15
1261,218,23,0
1262,218,22,10
1263,218,4,15
1264,218,19,7
1265,218,17,13
1266,218,15,7
1267,219,20,7
1268,219,16,3
1269,219,18,12
1270,220,13,1
1271,220,11,22
1272,220,12,10
1273,220,15,2
1274,220,3,19
1275,221,0,22
1276,221,13,4
1277,221,16,23
1278,221,5,4
1279,221,5,4
1280,222,21,5
1281,222,23,10
1282,222,19,20
1283,223,15,6
1284,223,2,8
1285,224,23,2
1286,224,13,21
1287,224,20,0
1288,224,13,4
1289,224,2,0
1290,224,15,17
1291,224,2,16
1292,224,19,22
1293,225,16,13
1294,225,4,22
1295,225,24,4
1296,225,12,22
1297,225,0,19
1298,225,20,10
1299,226,19,7
1300,226,18,8
1301,226,2,14
1302,226,3,17
1303,227,13,11
1304,227,21,0
1305,227,5,16
1306,227,11,14
1307,227,6,12
1308,227,10,2
1309,227,10,8
1310,227,22,10
1311,227,10,18
1312,228,19,6
1313,228,6,10
1314,228,21,9
1315,228,22,8
1316,228,20,0
1317,228,12,20
1318,228,8,6
1319,228,11,19
1320,228,8,23
1321,229,12,22
1322,229,4,14
1323,229,7,23
1324,230,8,6
1325,230,14,4
1326,230,2,4
1327,230,19,15
1328,230,19,6
1329,230,13,15
1330,231,11,13
1331,231,3,10
1332,231,10,18
1333,231,10,9
1334,231,18,10
1335,231,21,13
1336,231,12,22
1337,231,17,5
1338,231,22,14
1339,232,20,11
1340,232,0,12
1341,233,20,3
1342,233,9,6
1343,233,20,12
1344,233,7,17
1345,233,10,9
1346,233,22,24
1347,234,13,6
1348,234,22,4
1349,234,14,4
1350,235,5,8
1351,235,0,15
1352,235,21,10
1353,235,0,9
1354,235,22,2
1355,235,22,1
1356,235,14,23
1357,235,5,14
1358,235,17,2
1359,236,2,4
1360,236,24,12
1361,236,5,13
1362,236,4,7
1363,236,5,21
1364,236,2,15
1365,237,23,12
1366,237,20,4
1367,237,7,19
1368,238,9,24
1369,238,16,6
1370,238,5,7
1371,238,11,9
1372,238,2,18
1373,238,2,14
1374,238,9,11
1375,238,10,20
1376,239,8,15
1377,239,9,10
1378,239,5,7
1379,239,3,18
1380,239,20,22
1381,239,11,1
1382,239,9,6
1383,240,14,5
1384,240,17,20
1385,240,21,17
1386,240,18,14
1387,240,6,18
1388,240,1,22
1389,241,17,19
1390,241,11,7
1391,241,22,13
1392,241,16,2
1393,241,23,0
1394,241,19,16
1395,242,17,4
1396,242,16,9
1397,242,2,11
1398,243,19,6
1399,243,23,5
1400,243,15,17
1401,243,11,21
1402,244,13,5
1403,244,14,2
1404,244,15,6
1405,244,16,23
1406,244,13,15
1407,245,0,11
1408,245,6,19
1409,245,24,13
1410,245,21,18
1411,245,10,21
1412,245,17,19
1413,245,11,14
1414,245,23,17
1415,245,12,3
1416,245,13,6
1417,246,1,17
1418,246,1,4
1419,247,5,8
1420,247,4,14
1421,247,11,22
1422,247,2,22
1423,247,10,20
1424,247,9,13
1425,248,13,0
1426,248,20,14
1427,248,14,21
1428,248,16,14
1429,248,9,16
1430,248,20,9
1431,248,10,6
1432,248,24,4
1433,249,5,4
1434,249,1,23
1435,249,12,4
1436,249,13,17
1437,249,10,18
1438,249,17,13
1439,249,5,20
1440,249,7,3
1441,249,4,19
1442,249,21,14
1443,249,22,14
1444,249,1,20
1445,250,20,8
1446,250,0,14
1447,250,14,17
1448,250,6,19
1449,251,2,9
1450,251,19,1
1451,251,5,20
1452,251,1,3
1453,251,3,18
1454,251,24,15
1455,251,11,8
1456,251,24,12
1457,252,5,24
1458,252,23,12
1459,252,3,15
1460,252,22,9
1461,253,24,6
1462,253,14,12
1463,253,11,15
1464,253,20,17
1465,254,6,18
1466,254,15,2
1467,254,17,8
1468,254,19,16
1469,255,23,13
1470,255,19,9
1471,255,9,21
1472,255,18,5
1473,255,9,11
1474,256,9,19
1475,256,22,4
1476,256,11,22
1477,256,1,7
1478,256,12,5
1479,256,16,4
1480,257,8,20
1481,257,21,15
1482,257,11,9
1483,257,21,10
1484,257,12,23
1485,258,13,9
1486,258,8,19
1487,258,0,24
1488,258,15,22
1489,258,2,8
1490,258,3,24
1491,258,14,2
1492,259,8,22
1493,259,3,14
1494,259,4,14
1495,259,10,19
1496,259,3,10
1497,259,11,2
1498,260,16,12
1499,260,23,12
1500,260,9,17
1501,260,18,22
1502,260,1,15
1503,260,15,14
1504,260,4,11
1505,261,6,2
1506,261,10,8
1507,261,22,18
1508,261,21,0
1509,262,6,16
1510,262,14,18
1511,262,17,10
1512,263,16,22
1513,263,3,7
1514,263,4,8
1515,263,1,22
1516,263,3,19
1517,263,6,10
1518,263,5,2
1519,263,0,21
1520,263,21,5
1521,264,3,22
1522,264,15,17
1523,264,18,0
1524,264,15,21
1525,264,4,20
1526,264,12,5
1527,264,11,1
1528,265,24,5
1529,265,20,1
1530,265,15,5
1531,265,23,20
1532,266,20,17
1533,266,6,15
1534,266,9,16
1535,266,22,4
1536,266,23,17
1537,267,23,11
1538,267,0,15
1539,267,5,11
1540,268,10,19
1541,268,8,24
1542,268,4,5
1543,269,9,2
1544,269,5,20
1545,269,7,4
1546,269,6,0
1547,269,24,12
1548,269,9,17
1549,269,4,22
1550,270,5,22
1551,270,21,6
1552,270,7,0
1553,270,13,24
1554,270,0,12
1555,270,13,23
1556,270,7,0
1557,270,0,14
1558,270,21,9
1559,270,19,4
1560,271,8,1
1561,271,10,12
1562,271,13,10
1563,271,12,4
1564,271,15,19
1565,271,16,10
1566,271,23,15
1567,271,23,21
1568,271,4,8
1569,272,24,2
1570,272,12,8
1571,272,2,24
1572,273,11,22
1573,273,12,0
1574,273,3,1
1575,274,18,11
1576,274,12,0
1577,274,11,0
1578,274,23,16
1579,275,8,10
1580,275,9,6
1581,275,13,6
1582,275,16,4
1583,275,4,2
1584,275,16,19
1585,276,13,7
1586,276,15,22
1587,276,14,2
1588,277,0,18
1589,277,15,22
1590,278,22,13
1591,278,7,17
1592,278,10,14
1593,278,8,12
1594,279,17,13
1595,279,3,22
1596,279,1,12
1597,279,24,7
1598,279,22,7
1599,279,24,0
1600,280,7,10
1601,280,10,3
1602,280,9,10
1603,280,2,6
1604,280,22,12
1605,280,8,14
1606,281,14,21
1607,281,11,17
1608,282,12,19
1609,282,9,15
1610,282,15,21
1611,282,2,5
1612,282,13,7
1613,283,20,4
1614,283,6,8
1615,283,12,22
1616,283,15,18
1617,283,18,1
1618,283,17,4
1619,284,20,1
1620,284,18,15
1621,284,4,14
1622,284,17,4
1623,285,2,18
1624,285,17,19
1625,285,11,7
1626,285,24,14
1627,285,0,8
1628,286,0,18
1629,286,22,19
1630,286,1,7
1631,286,11,3
1632,286,1,18
1633,287,11,19
1634,287,15,21
1635,287,14,24
1636,287,3,11
1637,287,12,0
1638,288,23,2
1639,288,8,5
1640,288,14,1
1641,288,12,21
1642,288,0,4
1643,288,1,17
1644,289,21,1
1645,289,12,24
1646,289,1,3
1647,290,6,2
1648,290,21,24
1649,290,18,7
1650,290,18,2
1651,291,1,4
1652,291,21,1
1653,291,18,16
1654,291,15,22
1655,292,22,7
1656,292,24,5
1657,292,24,17
1658,292,10,23
1659,293,17,4
1660,293,17,0
1661,293,22,6
1662,293,22,3
1663,293,5,9
1664,293,11,21
1665,294,11,18
1666,294,1,9
1667,294,1,3
1668,295,2,17
1669,295,10,16
1670,295,24,18
1671,295,21,18
1672,295,4,24
1673,295,12,3
1674,296,15,13
1675,296,11,5
1676,296,23,16
1677,297,23,6
1678,297,23,11
1679,297,3,24
1680,297,12,24
1681,297,18,11
1682,297,13,9
1683,297,15,18
1684,298,15,17
1685,298,0,15
1686,298,4,14
1687,298,17,5
1688,298,4,20
1689,298,6,21
1690,298,8,14
1691,299,2,13
1692,299,9,15
1693,299,21,17
1694,299,18,21
1695,300,13,21
1696,300,11,4
1697,300,1,5
1698,300,18,4
1699,300,8,23
1700,300,18,24
1701,300,12,4
1702,301,2,23
1703,301,2,12
1704,301,17,10
1705,302,14,23
1706,302,14,17
1707,302,19,1
1708,302,9,12
1709,302,23,17
1710,302,17,9
1711,303,12,6
1712,303,0,9
1713,303,8,20
1714,303,23,5
1715,303,13,16
1716,303,14,22
1717,303,24,14
1718,303,6,4
1719,303,1,11
1720,304,17,23
1721,304,3,18
1722,304,4,11
1723,304,3,14
1724,304,5,12
1725,304,23,21
1726,304,23,7
1727,304,23,10
1728,304,16,24
1729,304,10,18
1730,304,11,15
1731,304,24,13
1732,304,7,15
1733,305,1,3
1734,305,13,10
1735,305,18,8
1736,305,24,14
1737,305,10,9
1738,305,1,22
1739,306,4,10
1740,306,0,16
1741,306,22,0
1742,306,12,20
1743,306,11,5
1744,306,8,19
1745,307,6,19
1746,307,23,20
1747,307,17,4
1748,308,22,15
1749,308,8,12
1750,308,14,8
1751,308,13,7
1752,309,17,11
1753,309,4,17
1754,309,24,1
1755,309,16,10
1756,309,24,17
1757,310,4,10
1758,310,21,10
1759,310,12,0
1760,311,18,20
1761,311,22,3
1762,311,3,19
1763,311,14,21
1764,311,5,15
1765,312,1,11
1766,312,6,10
1767,312,17,7
1768,312,18,10
1769,312,17,11
1770,312,10,19
1771,312,1,9
1772,312,12,4
1773,313,20,10
1774,313,18,4
1775,313,12,4
1776,313,21,14
1777,313,12,4
1778,313,15,0
1779,313,23,6
1780,314,22,11
1781,314,8,21
1782,314,20,22
1783,314,2,16
1784,314,20,16
1785,314,4,1
1786,314,13,15
1787,314,1,23
1788,314,14,17
1789,314,20,2
1790,314,11,14
1791,315,4,15
1792,315,19,6
1793,315,4,14
1794,315,12,1
1795,315,12,23
1796,315,14,5
1797,315,19,13
1798,315,18,12
1799,315,6,15
1800,315,15,22
1801,316,15,5
1802,316,5,24
1803,316,2,9
1804,316,22,4
1805,316,8,20
1806,316,10,16
1807,317,11,8
1808,317,22,6
1809,317,20,17
1810,317,15,0
1811,318,8,24
1812,318,7,9
1813,318,11,7
1814,318,16,19
1815,318,23,3
1816,318,7,0
1817,318,1,15
1818,318,19,13
1819,318,19,16
1820,319,10,7
1821,319,9,2
1822,319,4,15
1823,319,3,22
1824,319,7,20
1825,319,17,21
1826,320,19,12
1827,320,21,6
1828,320,10,9
1829,320,0,12
1830,320,8,10
1831,320,24,13
1832,320,7,20
1833,320,15,5
1834,320,23,3
1835,321,6,23
1836,321,11,13
1837,321,3,18
1838,321,1,17
1839,322,18,9
1840,322,6,15
1841,322,20,7
1842,322,0,19
1843,322,21,23
1844,322,22,14
1845,323,15,17
1846,323,15,23
1847,323,7,22
1848,323,22,24
1849,323,0,10
1850,324,1,22
1851,324,10,0
1852,325,11,4
1853,325,9,6
1854,325,6,20
1855,325,18,0
1856,325,14,1
1857,325,12,1
1858,325,18,20
1859,325,9,15
1860,325,20,8
1861,325,18,12
1862,325,5,18
1863,325,0,10
1864,326,12,22
1865,326,14,3
1866,326,3,1
1867,327,8,20
1868,327,0,9
1869,328,12,8
1870,328,23,5
1871,328,15,5
1872,328,20,19
1873,328,10,22
1874,328,23,9
1875,328,13,0
1876,329,22,10
1877,329,17,8
1878,329,6,3
1879,329,21,0
1880,329,2,16
1881,329,18,10
1882,329,12,22
1883,329,13,5
1884,330,19,0
1885,330,7,24
1886,330,16,10
1887,330,7,20
1888,330,7,10
1889,331,5,4
1890,331,23,14
1891,331,5,13
1892,332,21,12
1893,332,9,13
1894,332,24,17
1895,332,8,20
1896,333,19,13
1897,333,1,8
1898,333,18,11
1899,333,17,0
1900,333,0,4
1901,333,6,8
1902,334,24,14
1903,334,11,8
1904,334,13,3
1905,334,2,5
1906,334,16,8
1907,335,18,12
1908,335,15,11
1909,335,6,24
1910,335,16,2
1911,335,16,14
1912,335,4,10
1913,335,20,5
1914,335,7,0
1915,336,14,15
1916,336,7,4
1917,336,15,22
1918,336,0,9
1919,336,7,20
1920,336,18,14
1921,337,5,23
1922,337,14,24
1923,337,10,12
1924,337,20,12
1925,337,23,5
1926,337,15,13
1927,337,14,8
1928,338,2,20
1929,338,0,17
1930,338,19,15
1931,339,12,8
1932,339,9,11
1933,339,23,12
1934,339,12,5
1935,340,13,4
1936,340,2,21
1937,340,22,24
1938,340,8,22
1939,340,1,17
1940,340,22,6
1941,340,15,21
1942,341,1,14
1943,341,18,20
1944,342,20,22
1945,342,12,18
1946,342,10,7
1947,342,10,8
1948,342,21,6
1949,342,22,18
1950,342,24,6
1951,342,14,22
1952,343,21,11
1953,343,0,10
1954,343,5,14
1955,343,24,20
1956,344,23,8
1957,344,18,11
1958,344,24,14
1959,344,12,9
1960,344,6,13
1961,344,7,5
1962,344,3,24
1963,344,2,23
1964,345,14,6
1965,345,21,9
1966,345,24,0
1967,345,18,22
1968,346,23,7
1969,346,17,7
1970,346,21,13
1971,346,3,0
1972,346,18,21
1973,346,8,4
1974,346,16,24
1975,346,23,12
1976,347,6,14
1977,347,15,11
1978,347,0,18
1979,348,19,1
1980,348,13,21
1981,348,14,8
1982,348,20,10
1983,348,3,5
1984,348,16,8
1985,348,15,18
1986,348,5,15
1987,348,10,18
1988,348,17,5
1989,349,20,4
1990,349,21,17
1991,349,5,13
1992,349,8,15
1993,349,7,16
1994,349,19,17
1995,349,20,10
1996,350,21,5
1997,350,21,19
1998,350,9,7
1999,350,7,20
2000,350,7,14
2001,350,9,23
2002,350,7,22
2003,350,10,12
2004,350,0,12
2005,351,11,22
2006,351,12,0
2007,351,21,9
2008,351,6,20
2009,351,12,23
2010,351,15,4
2011,351,10,4
2012,352,3,15
2013,352,12,15
2014,352,19,12
2015,352,21,5
2016,353,20,4
2017,353,17,10
2018,353,5,17
2019,353,19,4
2020,353,15,2
2021,353,18,20
2022,353,16,20
2023,353,7,4
2024,353,13,6
2025,354,3,23
2026,354,9,13
2027,354,11,14
2028,354,13,22
2029,355,6,10
2030,355,14,0
2031,355,7,13
2032,355,5,18
2033,355,8,18
2034,355,3,15
2035,355,15,23
2036,355,3,0
2037,356,8,18
2038,356,1,16
2039,356,6,12
2040,357,2,8
2041,357,23,8
2042,357,11,2
2043,357,24,13
2044,357,9,18
2045,357,20,9
2046,358,17,19
2047,358,0,3
2048,358,20,1
2049,358,3,7
2050,358,0,2
2051,358,13,21
2052,358,17,14
2053,358,2,23
2054,358,20,4
2055,359,17,14
2056,359,0,10
2057,359,12,5
2058,359,19,23
2059,359,18,3
2060,359,15,9
2061,359,11,3
2062,360,7,24
2063,360,4,15
2064,360,16,3
2065,360,10,13
2066,360,0,15
2067,360,18,20
2068,360,24,12
2069,360,16,8
2070,360,23,8
2071,361,21,12
2072,361,5,3
2073,361,13,6
2074,361,22,13
2075,361,12,21
2076,361,20,4
2077,361,13,0
2078,361,5,3
2079,361,8,12
2080,362,0,17
2081,362,21,18
2082,362,23,10
2083,362,1,10
2084,362,19,17
2085,362,3,17
2086,362,5,12
2087,363,6,0
2088,363,11,7
2089,363,5,13
2090,363,17,11
2091,363,14,8
2092,364,12,22
2093,364,23,7
2094,364,13,20
2095,364,22,13
2096,364,0,2
2097,364,4,1
2098,364,8,10
2099,365,10,8
2100,365,5,9
2101,365,9,19
2102,365,10,7
2103,365,10,1
2104,365,12,6
2105,365,19,4
2106,366,20,16
2107,366,6,18
2108,366,3,23
2109,366,4,18
2110,366,18,21
2111,366,4,10
2112,366,13,7
2113,367,19,2
2114,367,19,13
2115,367,9,2
2116,367,8,19
2117,367,15,24
2118,367,24,20
2119,367,4,19
2120,368,21,11
2121,368,8,0
2122,368,13,3
2123,368,21,9
2124,368,11,15
2125,368,0,19
2126,368,2,24
2127,368,20,7
2128,369,11,2
2129,369,19,15
2130,369,3,6
2131,369,20,7
2132,369,8,20
2133,369,4,23
2134,369,18,10
2135,369,6,4
2136,369,2,20
2137,370,15,5
2138,370,13,11
2139,370,21,0
2140,370,0,11
2141,371,10,18
2142,371,23,0
2143,371,13,15
2144,372,7,20
2145,372,23,19
2146,372,10,7
2147,372,2,16
2148,372,6,22
2149,372,10,2
2150,372,9,20
2151,373,22,14
2152,373,10,14
2153,373,8,10
2154,373,18,11
2155,373,20,11
2156,373,5,9
2157,373,17,2
2158,374,6,15
2159,374,14,20
2160,375,17,3
2161,375,16,3
2162,375,3,6
2163,375,19,3
2164,375,24,6
2165,375,10,20
2166,375,7,10
2167,376,18,2
2168,376,7,17
2169,376,14,21
2170,376,2,4
2171,376,8,12
2172,377,17,23
2173,377,17,7
2174,377,24,7
2175,377,16,20
2176,377,22,5
2177,377,0,20
2178,378,9,23
2179,378,12,19
2180,378,10,1
2181,378,22,6
2182,378,19,13
2183,378,9,15
2184,378,4,11
2185,378,14,21
2186,379,12,21
2187,379,14,6
2188,379,9,3
2189,379,4,5
2190,379,6,17
2191,379,5,2
2192,380,24,1
2193,380,16,4
2194,381,9,2
2195,381,11,21
2196,381,12,6
2197,381,14,8
2198,381,9,11
2199,381,6,13
2200,381,23,15
2201,381,5,8
2202,381,2,23
2203,381,3,9
2204,381,12,3
2205,381,5,14
2206,382,6,3
2207,382,5,14
2208,382,4,15
2209,382,0,23
2210,382,5,7
2211,382,8,10
2212,382,19,21
2213,383,9,11
2214,383,6,14
2215,383,11,3
2216,383,11,7
2217,383,0,10
2218,383,21,3
2219,384,2,19
2220,384,16,22
2221,384,23,5
2222,384,3,5
2223,384,12,2
2224,384,2,18
2225,385,19,12
2226,385,17,7
2227,385,13,17
2228,385,11,7
2229,385,4,1
2230,385,21,1
2231,385,18,5
2232,386,11,1
2233,386,0,23
2234,386,1,18
2235,386,13,6
2236,386,17,1
2237,387,2,23
2238,387,13,10
2239,387,15,24
2240,387,19,3
2241,388,6,0
2242,388,20,23
2243,388,2,11
2244,388,7,1
2245,388,21,10
2246,388,2,24
2247,389,7,23
2248,389,10,21
2249,389,5,1
2250,389,19,6
2251,390,2,8
2252,390,3,14
2253,390,0,18
2254,390,4,14
2255,390,23,4
2256,391,0,16
2257,391,19,3
2258,391,15,0
2259,391,7,22
2260,391,6,22
2261,392,5,8
2262,392,1,12
2263,392,9,11
2264,392,17,20
2265,392,17,14
2266,392,11,0
2267,392,20,14
2268,392,3,11
2269,393,11,22
2270,393,7,16
2271,393,13,15
2272,393,1,3
2273,393,22,0
2274,393,0,21
2275,393,10,7
2276,393,11,19
2277,393,12,16
2278,393,16,23
2279,394,5,21
2280,394,20,18
2281,394,3,23
2282,394,17,1
2283,394,21,10
2284,394,2,19
2285,394,19,17
2286,394,5,15
2287,394,18,15
2288,395,1,12
2289,395,5,15
2290,395,9,23
2291,395,23,8
2292,395,2,6
2293,395,8,20
2294,396,14,8
2295,396,11,15
2296,396,16,19
2297,396,13,19
2298,396,5,17
2299,397,14,0
2300,397,10,8
2301,397,21,12
2302,397,1,8
2303,398,9,2
2304,398,8,11
2305,398,19,20
2306,398,1,5
2307,398,24,5
2308,398,0,3
2309,399,24,8
2310,399,23,17
2311,399,9,22
2312,399,24,5
2313,399,10,0
2314,399,1,9
2315,399,15,14
2316,400,20,13
2317,400,9,22
2318,400,5,14
2319,400,4,12
2320,402,3,16
2321,402,7,11
2322,402,24,18
2323,402,20,18
2324,402,17,19
2325,403,4,2
2326,403,14,23
2327,403,3,1
2328,403,3,1
2329,403,11,9
2330,404,2,20
2331,404,4,11
2332,404,19,21
2333,404,5,19
2334,404,8,22
2335,404,0,4
2336,404,14,11
2337,405,8,0
2338,405,19,5
2339,405,9,21
2340,405,21,1
2341,406,6,16
2342,406,12,8
2343,406,7,1
2344,406,13,23
2345,406,13,10
2346,407,18,0
2347,407,3,18
2348,407,0,12
2349,407,2,0
2350,407,11,14
2351,407,10,17
2352,407,18,5
2353,408,23,19
2354,408,3,24
2355,408,0,23
2356,408,4,19
2357,408,3,17
2358,408,19,5
2359,408,4,21
2360,409,2,14
2361,409,7,3
2362,409,7,22
2363,409,11,19
2364,409,3,5
2365,409,18,2
2366,410,14,12
2367,410,5,18
2368,410,9,17
2369,410,17,3
2370,410,15,3
2371,410,20,14
2372,410,4,24
2373,410,12,23
2374,411,1,18
2375,411,23,6
2376,411,21,17
2377,411,23,3
2378,411,14,7
2379,411,19,12
2380,411,8,10
2381,411,21,15
2382,411,5,19
2383,412,14,12
2384,412,19,10
2385,412,0,17
2386,412,7,9
2387,412,20,23
2388,412,7,1
2389,413,10,13
2390,413,12,3
2391,413,13,1
2392,413,2,19
2393,413,3,19
2394,413,12,5
2395,413,7,18
2396,413,23,6
2397,414,16,20
2398,414,1,24
2399,414,14,3
2400,414,0,16
2401,414,12,24
2402,414,23,17
2403,414,24,16
2404,414,5,19
2405,415,16,18
2406,415,15,2
2407,415,10,16
2408,415,22,1
2409,415,22,0
2410,415,16,1
2411,415,9,18
2412,415,21,15
2413,415,13,15
2414,416,24,16
2415,416,17,1
2416,416,6,17
2417,416,20,18
2418,416,3,19
2419,417,18,3
2420,417,19,0
2421,417,13,19
2422,418,10,7
2423,418,10,24
2424,418,6,0
2425,419,15,9
2426,419,5,3
2427,419,8,18
2428,420,8,16
2429,420,23,13
2430,420,18,16
2431,420,3,6
2432,420,2,21
2433,420,5,8
2434,420,21,15
2435,420,22,0
2436,420,22,16
2437,421,11,20
2438,421,16,6
2439,421,14,18
2440,421,15,1
2441,421,0,12
2442,421,22,6
2443,422,19,4
2444,422,20,19
2445,422,24,2
2446,422,14,1
2447,422,15,22
2448,422,0,12
2449,422,7,15
2450,423,6,24
2451,423,8,23
2452,423,8,1
2453,424,12,16
2454,424,24,5
2455,424,16,22
2456,424,5,12
2457,424,17,7
2458,424,19,12
2459,424,17,1
2460,424,3,18
2461,424,21,23
2462,425,14,2
2463,425,14,20
2464,425,15,7
2465,425,18,12
2466,425,17,2
2467,425,21,24
2468,425,0,10
2469,426,22,20
2470,426,21,19
2471,426,4,20
2472,426,21,17
2473,426,2,12
2474,426,4,15
2475,427,2,15
2476,427,7,0
2477,427,18,3
2478,428,2,11
2479,428,3,21
2480,428,18,16
2481,428,0,18
2482,428,13,21
2483,428,5,1
2484,428,1,12
2485,429,15,3
2486,429,21,9
2487,429,19,22
2488,429,18,3
2489,430,9,24
2490,430,0,21
2491,430,12,21
2492,430,8,4
2493,430,24,17
2494,430,19,4
2495,431,22,11
2496,431,19,11
2497,431,6,15
2498,431,4,15
2499,432,0,8
2500,432,1,22
2501,432,4,16
2502,432,24,2
2503,432,2,8
2504,432,18,4
2505,432,19,2
2506,433,16,8
2507,433,15,5
2508,433,8,16
2509,433,12,10
2510,433,14,5
2511,433,7,5
2512,433,9,16
2513,434,17,23
2514,434,4,8
2515,434,13,24
2516,434,14,3
2517,434,11,0
2518,434,0,12
2519,434,13,20
2520,435,6,10
2521,435,8,17
2522,435,10,24
2523,435,12,16
2524,435,11,14
2525,435,21,19
2526,436,4,11
2527,436,7,4
2528,436,0,15
2529,436,18,9
2530,436,20,18
2531,436,16,10
2532,436,17,14
2533,436,5,22
2534,437,10,4
2535,437,6,17
2536,437,3,5
2537,437,11,23
2538,437,12,14
2539,437,6,20
2540,437,9,10
2541,438,13,3
2542,438,13,5
2543,439,7,11
2544,439,8,24
2545,439,24,13
2546,439,4,17
2547,439,12,9
2548,439,17,6
2549,439,4,7
2550,440,19,12
2551,440,11,7
2552,440,14,17
2553,440,0,13
2554,441,8,24
2555,441,11,1
2556,441,13,17
2557,441,6,16
2558,441,14,18
2559,441,10,8
2560,441,17,14
2561,442,3,6
2562,442,23,21
2563,442,7,16
2564,442,1,4
2565,442,19,3
2566,442,24,1
2567,442,22,15
2568,442,24,14
2569,442,0,16
2570,443,19,9
2571,443,19,0
2572,443,4,18
2573,443,9,11
2574,443,5,23
2575,444,17,3
2576,444,4,20
2577,444,14,23
2578,444,23,9
2579,444,21,0
2580,444,24,14
2581,444,19,17
2582,445,3,20
2583,445,8,5
2584,445,4,13
2585,445,24,21
2586,446,21,5
2587,446,7,10
2588,446,5,7
2589,447,7,15
2590,447,21,1
2591,448,9,6
2592,448,16,3
2593,448,5,19
2594,449,0,20
2595,449,15,5
2596,449,9,22
2597,450,14,15
2598,450,4,2
2599,450,4,10
2600,450,16,23
2601,451,14,0
2602,451,19,13
2603,451,3,5
2604,451,12,22
2605,452,3,23
2606,452,22,12
2607,452,19,7
2608,452,8,16
2609,452,9,24
2610,453,2,6
2611,453,10,14
2612,453,20,8
2613,453,15,17
2614,454,1,15
2615,454,10,17
2616,454,23,12
2617,454,9,3
2618,454,12,1
2619,455,17,6
2620,455,6,23
2621,455,5,1
2622,455,7,23
2623,455,18,6
2624,455,8,24
2625,455,23,0
2626,455,14,15
2627,455,10,16
2628,456,21,18
2629,456,10,21
2630,456,7,10
2631,456,15,21
2632,456,22,18
2633,457,8,5
2634,457,11,4
2635,457,11,9
2636,458,1,5
2637,458,4,13
2638,459,8,5
2639,459,22,19
2640,459,7,4
2641,459,20,1
2642,460,19,13
2643,460,9,1
2644,460,12,24
2645,460,4,17
2646,461,3,6
2647,461,11,3
2648,461,24,8
2649,461,10,24
2650,461,15,4
2651,461,17,20
2652,461,3,16
2653,461,2,10
2654,462,0,15
2655,462,7,3
2656,462,14,18
2657,462,15,24
2658,462,0,22
2659,462,22,10
2660,463,1,4
2661,463,10,0
2662,463,19,20
2663,463,6,13
2664,463,7,20
2665,463,4,22
2666,464,24,18
2667,464,10,21
2668,464,4,16
2669,464,19,12
2670,464,6,15
2671,464,2,15
2672,464,21,1
2673,464,6,14
2674,464,22,18
2675,465,6,22
2676,465,22,10
2677,466,23,9
2678,466,17,10
2679,466,17,19
2680,466,15,23
2681,466,15,2
2682,466,24,11
2683,466,0,3
2684,467,8,16
2685,467,22,15
2686,467,3,10
2687,467,10,17
2688,467,17,24
2689,467,11,17
2690,467,3,10
2691,467,11,8
2692,467,5,23
2693,468,15,23
2694,468,22,6
2695,468,21,1
2696,469,0,6
2697,470,15,8
2698,470,23,4
2699,470,7,23
2700,470,22,8
2701,470,6,4
2702,470,8,5
2703,470,10,13
2704,470,14,16
2705,470,14,0
2706,470,15,19
2707,471,6,14
2708,471,8,21
2709,471,21,2
2710,471,1,3
2711,471,15,18
2712,471,3,23
2713,472,19,11
2714,473,8,4
2715,473,10,18
2716,473,16,22
2717,473,3,19
2718,473,2,16
2719,474,11,14
2720,474,0,2
2721,474,19,23
2722,474,14,4
2723,474,9,20
2724,474,16,14
2725,474,10,12
2726,475,9,19
2727,475,5,20
2728,475,5,17
2729,475,14,15
2730,475,0,7
2731,475,11,4
2732,475,2,9
2733,476,14,6
2734,476,15,14
2735,476,15,11
2736,476,16,8
2737,476,7,10
2738,476,7,3
2739,476,24,2
2740,477,18,14
2741,477,19,0
2742,477,2,18
2743,477,7,9
2744,477,6,18
2745,477,12,9
2746,477,8,5
2747,478,3,9
2748,478,3,20
2749,478,19,23
2750,478,19,12
2751,478,18,10
2752,478,3,16
2753,479,5,15
2754,479,19,13
2755,479,12,9
2756,479,10,7
2757,480,7,23
2758,480,20,22
2759,480,17,3
2760,481,5,7
2761,481,8,6
2762,481,5,9
2763,481,15,5
2764,481,17,0
2765,481,3,22
2766,482,15,21
2767,482,10,13
2768,482,3,5
2769,482,21,5
2770,482,21,3
2771,482,16,20
2772,483,19,23
2773,483,19,2
2774,484,19,20
2775,484,17,15
2776,484,2,20
2777,484,18,0
2778,484,0,13
2779,485,5,8
2780,485,24,11
2781,485,3,5
2782,485,13,16
2783,485,2,17
2784,485,15,9
2785,485,17,21
2786,485,13,9
2787,486,12,2
2788,486,22,24
2789,486,17,6
2790,486,17,21
2791,486,17,23
2792,486,24,8
2793,486,14,7
2794,487,21,7
2795,487,17,19
2796,487,10,22
2797,487,15,8
2798,487,11,9
2799,488,0,24
2800,488,3,6
2801,488,24,7
2802,488,11,3
2803,489,3,18
2804,489,7,19
2805,489,24,4
2806,489,24,1
2807,489,24,16
2808,490,20,14
2809,490,13,5
2810,490,0,23
2811,490,10,17
2812,490,15,19
2813,491,22,16
2814,491,17,4
2815,491,4,0
2816,492,14,10
2817,492,4,11
2818,492,19,20
2819,492,6,19
2820,492,13,20
2821,493,19,15
2822,493,23,9
2823,493,12,3
2824,493,19,1
2825,493,3,11
2826,493,15,5
2827,493,16,7
2828,494,6,17
2829,494,2,19
2830,494,24,8
2831,494,10,14
2832,494,8,1
2833,494,8,6
2834,494,20,7
2835,494,15,13
2836,494,8,21
2837,495,6,10
2838,495,16,7
2839,495,11,19
2840,495,1,10
2841,495,15,4
2842,495,5,12
2843,496,1,15
2844,496,10,16
2845,496,15,17
2846,496,14,6
2847,496,12,16
2848,497,11,23
2849,497,1,16
2850,497,11,4
2851,497,9,7
2852,497,6,15
2853,497,0,20
2854,498,2,6
2855,498,5,2
2856,498,0,13
2857,498,20,17
2858,498,5,16
2859,499,20,10
2860,499,24,15
2861,499,10,18
2862,499,12,8
2863,499,7,17
2864,499,19,1
2865,500,15,7
2866,500,2,19
2867,501,22,13
2868,501,24,20
2869,501,13,21
2870,501,8,0
2871,501,11,1
2872,501,11,7
2873,501,1,19
2874,501,23,9
2875,501,20,22
2876,501,15,7
2877,501,18,9
2878,502,12,24
2879,502,20,19
2880,502,10,4
2881,502,16,9
2882,502,23,7
2883,503,7,24
2884,503,17,9
2885,504,12,24
2886,504,15,17
2887,504,17,1
2888,504,14,11
2889,505,24,9
2890,505,6,17
2891,505,24,8
2892,505,20,23
2893,505,8,23
2894,505,0,10
2895,505,22,18
2896,505,2,8
2897,505,1,12
2898,505,1,7
2899,505,16,2
2900,505,13,1
2901,506,6,10
2902,506,12,18
2903,506,21,15
2904,506,19,3
2905,506,3,19
2906,507,2,9
2907,507,6,2
2908,507,6,20
2909,507,20,9
2910,507,16,10
2911,507,10,17
2912,507,23,11
2913,508,6,8
2914,508,14,6
2915,508,5,3
2916,508,13,4
2917,508,3,14
2918,508,5,14
2919,508,2,20
2920,508,24,6
2921,509,17,14
2922,509,11,21
2923,509,10,6
2924,509,22,0
2925,509,20,13
2926,509,13,16
2927,510,8,4
2928,510,11,23
2929,510,6,0
2930,510,7,10
2931,511,22,8
2932,511,3,18
2933,511,14,15
2934,511,10,8
2935,511,17,9
2936,511,11,19
2937,512,13,10
2938,512,10,17
2939,512,14,20
2940,512,4,20
2941,512,11,17
2942,512,2,4
2943,513,8,14
2944,513,10,14
2945,513,5,23
2946,513,23,21
2947,513,10,16
2948,513,14,4
2949,514,5,3
2950,514,6,4
2951,514,14,10
2952,514,12,0
2953,514,11,3
2954,514,20,6
2955,515,20,10
2956,515,3,16
2957,515,0,3
2958,515,4,11
2959,515,19,22
2960,515,5,14
2961,515,15,8
2962,515,13,20
2963,515,20,4
2964,516,21,14
2965,516,0,19
2966,516,4,13
2967,516,1,7
2968,516,12,22
2969,516,1,12
2970,516,7,20
2971,516,15,3
2972,516,2,23
2973,516,22,16
2974,517,20,9
2975,517,3,22
2976,517,3,1
2977,517,11,4
2978,517,24,3
2979,517,9,13
2980,517,1,24
2981,517,1,12
2982,517,22,2
2983,517,19,15
2984,517,10,24
2985,518,5,21
2986,518,14,10
2987,518,12,5
2988,519,10,3
2989,519,18,4
2990,519,1,14
2991,519,23,17
2992,519,1,24
2993,519,7,11
2994,520,17,24
2995,520,4,10
2996,521,4,10
2997,521,1,11
2998,521,7,1
2999,521,4,20
3000,522,14,22
3001,522,3,6
3002,522,15,17
3003,522,24,6
3004,522,12,22
3005,522,12,23
3006,522,5,15
3007,523,5,1
3008,523,20,3
3009,523,5,18
3010,523,11,23
3011,523,11,23
3012,524,14,4
3013,524,21,18
3014,524,16,19
3015,524,22,1
3016,524,17,9
3017,524,9,20
3018,524,9,15
3019,524,24,8
3020,525,4,11
3021,525,6,4
3022,525,6,19
3023,525,22,8
3024,525,8,15
3025,525,19,2
3026,525,20,19
3027,526,23,11
3028,526,11,22
3029,526,14,8
3030,526,19,6
3031,526,6,24
3032,526,5,20
3033,526,4,14
3034,526,17,0
3035,527,9,23
3036,527,19,6
3037,527,4,17
3038,527,24,18
3039,527,6,12
3040,527,18,0
3041,527,0,2
3042,527,11,20
3043,528,18,16
3044,528,7,0
3045,528,13,20
3046,528,0,21
3047,528,2,9
3048,528,12,8
3049,528,9,18
3050,529,14,0
3051,529,15,13
3052,529,24,14
3053,529,16,8
3054,529,10,4
3055,529,6,16
3056,529,9,21
3057,530,17,20
3058,530,14,4
3059,530,23,2
3060,530,13,7
3061,530,18,2
3062,530,4,15
3063,530,0,23
3064,530,13,16
3065,530,6,22
3066,530,15,17
3067,530,20,13
3068,530,3,6
3069,530,20,3
3070,530,14,6
3071,531,24,17
3072,531,1,13
3073,531,14,0
3074,531,13,7
3075,532,0,12
3076,532,16,14
3077,533,23,12
3078,533,13,6
3079,533,24,13
3080,533,5,21
3081,533,19,16
3082,533,1,18
3083,533,8,4
3084,533,23,6
3085,533,11,5
3086,533,0,3
3087,533,21,12
3088,533,6,20
3089,533,20,0
3090,533,9,13
3091,534,12,5
3092,534,16,9
3093,534,8,21
3094,535,4,2
3095,535,2,20
3096,535,24,12
3097,535,2,20
3098,535,11,17
3099,536,10,16
3100,536,12,16
3101,536,5,13
3102,536,10,24
3103,536,15,21
3104,536,9,11
3105,536,19,9
3106,537,21,12
3107,537,18,21
3108,537,21,1
3109,537,6,9
3110,537,19,22
3111,537,20,12
3112,538,2,5
3113,538,2,4
3114,538,18,14
3115,538,11,0
3116,538,22,3
3117,538,11,14
3118,539,1,5
3119,539,9,18
3120,539,15,8
3121,539,4,24
3122,540,18,15
3123,540,14,7
3124,540,19,12
3125,540,23,4
3126,540,11,5
3127,540,9,13
3128,540,0,6
3129,540,0,3
3130,540,15,11
3131,541,2,10
3132,541,24,7
3133,541,22,16
3134,541,13,22
3135,541,21,3
3136,542,8,12
3137,542,22,19
3138,542,0,15
3139,543,2,5
3140,543,13,1
3141,543,4,24
3142,543,8,6
3143,543,6,12
3144,543,12,19
3145,543,22,19
3146,543,1,9
3147,543,22,10
3148,544,4,17
3149,544,23,5
3150,544,1,22
3151,544,20,12
3152,544,4,12
3153,544,14,0
3154,545,7,15
3155,545,1,18
3156,545,15,9
3157,546,9,2
3158,546,5,17
3159,547,7,24
3160,547,22,20
3161,547,17,1
3162,547,15,14
3163,547,20,24
3164,547,13,19
3165,547,13,3
3166,548,0,2
3167,548,16,23
3168,548,10,3
3169,548,7,4
3170,548,4,24
3171,548,17,10
3172,549,24,1
3173,549,10,21
3174,549,3,17
3175,549,18,5
3176,549,1,10
3177,550,1,19
3178,550,22,24
3179,550,13,9
3180,550,24,12
3181,550,19,6
3182,552,12,16
3183,552,22,12
3184,552,19,6
3185,552,15,1
3186,552,10,7
3187,552,23,20
3188,553,20,3
3189,553,4,24
3190,553,24,3
3191,553,0,23
3192,553,23,7
3193,553,17,9
3194,553,17,23
3195,553,20,23
3196,553,20,16
3197,554,21,18
3198,554,6,9
3199,554,8,12
3200,554,24,20
3201,554,3,21
3202,554,7,22
3203,554,3,16
3204,554,4,22
3205,554,4,17
3206,555,13,5
3207,555,5,13
3208,555,4,13
3209,555,18,11
3210,556,11,17
3211,556,15,4
3212,556,17,23
3213,556,24,16
3214,556,10,24
3215,556,16,8
3216,557,1,24
3217,557,18,2
3218,557,18,20
3219,557,18,21
3220,558,6,13
3221,558,21,1
3222,558,12,20
3223,558,22,11
3224,558,16,9
3225,558,7,14
3226,559,20,13
3227,559,19,8
3228,559,22,24
3229,559,11,5
3230,560,22,1
3231,560,23,14
3232,560,0,11
3233,560,0,24
3234,560,20,12
3235,560,13,10
3236,560,3,9
3237,560,14,1
3238,560,24,4
3239,560,6,17
3240,560,1,13
3241,561,12,5
3242,561,11,24
3243,561,24,10
3244,561,24,18
3245,561,18,3
3246,561,19,21
3247,561,9,17
3248,562,21,19
3249,562,6,14
3250,562,0,2
3251,562,19,5
3252,562,21,17
3253,562,16,6
3254,563,15,24
3255,563,5,13
3256,563,18,20
3257,563,10,16
3258,564,4,14
3259,564,16,6
3260,564,22,11
3261,564,19,0
3262,565,0,14
3263,565,23,2
3264,565,1,18
3265,566,5,23
3266,566,15,13
3267,566,8,17
3268,567,9,17
3269,567,24,1
3270,567,2,16
3271,567,20,23
3272,567,17,21
3273,568,19,5
3274,568,20,18
3275,568,4,8
3276,568,3,15
3277,568,5,7
3278,568,16,10
3279,568,6,8
3280,569,2,17
3281,569,16,5
3282,569,22,5
3283,569,20,23
3284,569,15,19
3285,570,4,17
3286,570,14,24
3287,570,0,8
3288,570,8,14
3289,570,24,9
3290,570,21,2
3291,570,1,24
3292,570,6,14
3293,571,6,12
3294,571,11,19
3295,571,21,19
3296,571,16,18
3297,571,22,24
3298,571,12,24
3299,571,18,2
3300,571,12,20
3301,572,5,12
3302,572,9,22
3303,572,15,6
3304,572,19,17
3305,572,14,5
3306,573,9,2
3307,573,12,0
3308,573,5,4
3309,573,23,21
3310,573,21,10
3311,574,22,13
3312,574,0,23
3313,574,3,7
3314,575,18,15
3315,575,22,12
3316,575,20,14
3317,576,6,13
3318,576,14,0
3319,576,24,5
3320,576,6,8
3321,576,1,11
3322,576,2,13
3323,576,9,10
3324,577,6,2
3325,577,11,14
3326,577,6,13
3327,577,0,24
3328,577,17,0
3329,578,12,24
3330,578,1,22
3331,578,12,8
3332,578,22,11
3333,578,12,1
3334,578,18,7
3335,578,11,9
3336,578,16,0
3337,578,19,12
3338,579,14,23
3339,579,3,17
3340,579,10,20
3341,579,12,22
3342,579,18,22
3343,579,21,6
3344,579,22,9
3345,579,24,1
3346,579,24,6
3347,580,10,22
3348,580,19,2
3349,580,20,23
3350,580,11,18
3351,580,14,21
3352,580,14,12
3353,580,19,5
3354,580,2,10
3355,580,3,20
3356,581,2,14
3357,581,16,13
3358,581,13,0
3359,581,23,12
3360,581,14,20
3361,581,4,14
3362,581,7,11
3363,581,16,23
3364,581,20,17
3365,581,10,21
3366,581,8,16
3367,581,3,1
3368,581,6,2
3369,582,1,22
3370,582,20,10
3371,582,0,13
3372,582,1,7
3373,582,21,18
3374,583,14,3
3375,583,9,20
3376,583,16,6
3377,583,4,10
3378,583,2,16
3379,583,14,18
3380,583,9,21
3381,583,0,4
3382,583,6,20
3383,584,15,6
3384,584,3,18
3385,584,12,23
3386,584,21,5
3387,585,21,0
3388,585,24,18
3389,585,4,0
3390,586,5,9
3391,586,9,6
3392,586,12,15
3393,586,23,14
3394,586,11,9
3395,586,10,22
3396,587,20,23
3397,587,23,2
3398,587,4,8
3399,587,23,14
3400,587,22,15
3401,587,2,19
3402,588,4,10
3403,588,2,4
3404,588,19,5
3405,588,17,7
3406,588,11,1
3407,588,14,4
3408,588,12,20
3409,588,22,9
3410,588,22,5
3411,588,16,12
3412,588,20,3
3413,589,19,16
3414,589,7,18
3415,589,3,16
3416,589,17,7
3417,590,16,5
3418,590,18,12
3419,590,4,22
3420,590,24,3
3421,591,17,14
3422,591,11,3
3423,591,1,18
3424,591,0,22
3425,592,24,6
3426,592,0,9
3427,592,16,1
3428,592,10,16
3429,592,5,15
3430,592,9,23
3431,592,20,13
3432,593,19,21
3433,593,7,9
3434,593,23,0
3435,594,18,21
3436,594,9,2
3437,594,20,12
3438,594,6,4
3439,594,10,7
3440,595,23,4
3441,595,9,16
3442,595,18,7
3443,595,18,24
3444,596,13,2
3445,596,2,9
3446,596,15,21
3447,596,24,3
3448,597,23,2
3449,597,6,21
3450,597,23,7
3451,597,5,2
3452,597,10,19
3453,598,17,3
3454,598,1,20
3455,598,7,18
3456,598,19,7
3457,598,23,5
3458,598,0,11
3459,598,19,13
3460,598,24,3
3461,599,15,5
3462,599,11,17
3463,599,22,18
3464,599,7,4
3465,600,3,5
3466,600,11,20
3467,600,1,8
3468,600,24,5
3469,600,18,14
3470,600,5,13
3471,600,18,21
3472,600,1,3
3473,600,20,18
3474,600,9,19
3475,601,0,19
3476,601,13,1
3477,601,10,9
3478,601,18,6
3479,601,14,23
3480,602,6,17
3481,602,10,21
3482,602,23,17
3483,602,18,9
3484,602,4,10
3485,602,21,15
3486,602,8,20
3487,602,20,12
3488,602,17,5
3489,602,11,17
3490,602,7,18
3491,603,9,13
3492,603,13,2
3493,603,8,2
3494,604,16,22
3495,604,10,20
3496,604,21,14
3497,604,12,23
3498,604,9,16
3499,604,12,0
3500,604,7,5
3501,605,21,9
3502,605,11,20
3503,605,5,7
3504,605,8,10
3505,605,13,1
3506,605,24,1
3507,605,4,18
3508,605,4,24
3509,605,4,16
3510,606,23,12
3511,606,21,13
3512,606,15,22
3513,606,15,7
3514,606,23,21
3515,606,17,14
3516,606,21,4
3517,607,8,11
3518,607,6,2
3519,607,5,21
3520,607,11,18
3521,607,7,3
3522,607,5,20
3523,608,10,14
3524,608,12,18
3525,608,15,14
3526,609,11,13
3527,609,19,4
3528,609,13,23
3529,609,12,24
3530,609,2,8
3531,609,10,21
3532,610,7,13
3533,610,9,3
3534,610,13,1
3535,610,4,12
3536,610,1,12
3537,610,14,16
3538,611,18,15
3539,611,20,9
3540,611,24,16
3541,611,14,12
3542,611,17,3
3543,611,18,4
3544,611,1,15
3545,612,18,10
3546,612,20,13
3547,612,5,14
3548,612,3,21
3549,612,6,24
3550,612,4,24
3551,613,15,8
3552,613,23,3
3553,613,11,22
3554,613,5,21
3555,613,21,8
3556,614,12,24
3557,614,0,23
3558,614,17,1
3559,614,0,18
3560,614,14,24
3561,615,18,6
3562,615,24,16
3563,615,1,20
3564,615,2,16
3565,616,7,10
3566,616,22,12
3567,616,0,19
3568,616,21,13
3569,616,3,6
3570,616,5,22
3571,617,6,19
3572,617,22,16
3573,617,14,12
3574,617,1,16
3575,617,24,13
3576,618,11,13
3577,618,10,17
3578,618,22,6
3579,618,8,12
3580,618,13,4
3581,618,5,15
3582,618,10,18
3583,619,14,22
3584,619,10,23
3585,619,22,10
3586,619,9,5
3587,619,15,13
3588,620,11,2
3589,620,21,18
3590,620,9,23
3591,620,9,16
3592,621,17,3
3593,621,16,10
3594,621,2,14
3595,621,22,18
3596,621,5,3
3597,622,13,1
3598,622,6,14
3599,622,7,20
3600,622,24,17
3601,622,12,3
3602,623,20,23
3603,623,4,6
3604,623,22,3
3605,623,22,18
3606,623,5,13
3607,623,15,11
3608,623,22,3
3609,624,19,6
3610,624,24,6
3611,624,17,21
3612,624,13,16
3613,625,21,11
3614,625,24,18
3615,625,18,22
3616,625,3,17
3617,625,19,6
3618,625,4,15
3619,625,13,23
3620,625,3,11
3621,626,20,13
3622,626,19,16
3623,626,16,12
3624,626,3,24
3625,626,4,0
3626,626,18,21
3627,626,14,1
3628,626,19,11
3629,626,5,1
3630,627,4,24
3631,627,16,0
3632,627,18,5
3633,627,4,0
3634,627,22,11
3635,627,7,4
3636,628,24,8
3637,628,8,0
3638,628,6,14
3639,628,15,22
3640,628,8,17
3641,628,21,7
3642,628,20,6
3643,628,21,12
3644,629,22,12
3645,629,24,7
3646,629,16,9
3647,629,12,24
3648,629,12,10
3649,630,17,15
3650,630,13,21
3651,630,16,6
3652,630,22,7
3653,630,8,24
3654,630,12,15
3655,630,23,2
3656,630,7,20
3657,630,11,15
3658,630,6,16
3659,631,17,14
3660,631,6,19
3661,631,0,9
3662,631,9,13
3663,632,0,15
3664,632,17,7
3665,632,11,0
3666,632,12,21
3667,632,21,4
3668,632,17,9
3669,632,10,21
3670,632,16,9
3671,632,8,11
3672,632,19,20
3673,632,9,13
3674,633,7,1
3675,633,11,13
3676,633,13,5
3677,634,21,4
3678,634,21,9
3679,635,14,23
3680,635,7,10
3681,635,16,14
3682,635,13,21
3683,636,17,23
3684,636,18,5
3685,637,20,3
3686,638,24,5
3687,638,15,12
3688,638,16,1
3689,639,19,22
3690,639,15,24
3691,639,14,7
3692,639,10,17
3693,639,19,15
3694,639,11,0
3695,639,16,12
3696,640,0,21
3697,640,24,4
3698,640,1,12
3699,641,24,3
3700,641,7,15
3701,641,20,11
3702,641,6,18
3703,641,21,9
3704,642,1,21
3705,642,8,20
3706,642,6,3
3707,642,0,9
3708,642,12,21
3709,642,8,5
3710,642,24,13
3711,642,13,2
3712,643,3,23
3713,643,17,4
3714,643,10,21
3715,643,1,19
3716,643,13,0
3717,643,15,8
3718,643,21,9
3719,644,16,6
3720,644,5,2
3721,644,17,7
3722,644,4,21
3723,644,14,21
3724,645,3,11
3725,645,21,8
3726,645,12,14
3727,645,18,11
3728,646,22,7
3729,646,22,7
3730,646,9,0
3731,646,20,8
3732,647,9,16
3733,647,17,6
3734,647,9,20
3735,647,3,24
3736,647,5,23
3737,648,3,22
3738,648,19,6
3739,648,12,20
3740,649,5,22
3741,649,23,19
3742,649,20,6
3743,650,16,8
3744,650,12,23
3745,650,6,18
3746,650,20,4
3747,650,21,7
3748,650,16,13
3749,650,23,0
3750,650,16,23
3751,651,3,7
3752,651,6,12
3753,651,14,7
3754,651,3,17
3755,651,16,20
3756,651,3,11
3757,651,23,6
3758,652,0,20
3759,652,14,1
3760,652,19,23
3761,652,20,9
3762,652,4,22
3763,652,1,5
3764,652,7,24
3765,652,7,21
3766,652,7,10
3767,652,5,3
3768,653,19,16
3769,653,7,4
3770,653,17,1
3771,653,6,22
3772,653,7,14
3773,653,14,18
3774,654,1,17
3775,654,21,23
3776,654,19,5
3777,654,10,2
3778,654,13,15
3779,654,5,24
3780,654,2,8
3781,655,20,8
3782,655,1,13
3783,655,12,21
3784,655,24,21
3785,655,10,16
3786,655,15,6
3787,655,22,4
3788,655,18,11
3789,656,13,21
3790,656,16,7
3791,656,22,13
3792,656,21,24
3793,656,0,12
3794,656,20,6
3795,656,17,21
3796,657,5,14
3797,657,19,20
3798,657,21,12
3799,658,14,6
3800,658,15,3
3801,659,2,22
3802,659,14,22
3803,659,5,13
3804,659,19,5
3805,659,7,10
3806,659,19,13
3807,659,6,2
3808,659,21,1
3809,659,20,9
3810,660,3,14
3811,660,14,15
3812,660,5,15
3813,660,19,15
3814,660,1,17
3815,660,19,6
3816,660,22,10
3817,660,2,0
3818,661,13,19
3819,661,4,7
3820,661,17,9
3821,661,17,10
3822,661,15,0
3823,661,21,17
3824,661,3,23
3825,662,9,6
3826,662,12,15
3827,662,16,10
3828,662,2,17
3829,662,9,16
3830,662,3,22
3831,662,23,14
3832,662,1,21
3833,663,23,6
3834,663,2,8
3835,663,22,2
3836,663,4,24
3837,663,12,22
3838,663,22,7
3839,663,10,24
3840,664,1,3
3841,664,9,6
3842,664,6,0
3843,664,5,17
3844,664,17,20
3845,664,18,22
3846,664,4,10
3847,664,4,1
3848,665,1,14
3849,665,19,7
3850,665,0,12
3851,665,2,18
3852,665,9,2
3853,665,17,10
3854,665,5,1
3855,666,14,0
3856,666,7,16
3857,666,11,19
3858,666,1,21
3859,666,11,7
3860,666,13,23
3861,666,0,20
3862,667,7,14
3863,667,14,0
3864,667,24,18
3865,667,18,3
3866,667,20,24
3867,667,4,7
3868,667,11,22
3869,668,7,20
3870,668,6,17
3871,668,2,21
3872,668,14,22
3873,668,12,16
3874,668,4,6
3875,668,19,0
3876,668,12,10
3877,668,22,18
3878,668,16,10
3879,668,8,4
3880,668,14,16
3881,668,18,0
3882,669,9,12
3883,669,5,11
3884,669,10,14
3885,669,1,4
3886,669,15,12
3887,669,19,20
3888,669,9,22
3889,669,7,16
3890,669,17,9
3891,669,17,19
3892,670,7,11
3893,670,16,20
3894,670,1,4
3895,670,6,16
3896,671,4,6
3897,671,5,2
3898,672,21,2
3899,672,0,15
3900,672,7,22
3901,673,9,18
3902,673,20,22
3903,673,19,2
3904,673,7,24
3905,673,5,22
3906,673,8,0
3907,673,20,8
3908,674,22,10
3909,674,10,1
3910,674,9,23
3911,674,3,24
3912,674,24,21
3913,675,8,2
3914,675,24,3
3915,675,23,12
3916,675,21,13
3917,675,13,2
3918,675,17,23
3919,675,2,4
3920,675,19,0
3921,676,2,13
3922,676,9,18
3923,676,15,19
3924,676,11,15
3925,676,8,23
3926,676,14,24
3927,677,16,6
3928,677,24,3
3929,677,14,20
3930,678,13,24
3931,678,17,21
3932,678,23,1
3933,678,14,20
3934,678,8,23
3935,679,14,20
3936,679,20,24
3937,679,3,9
3938,679,9,17
3939,679,7,14
3940,679,19,5
3941,679,5,1
3942,679,12,22
3943,680,8,22
3944,680,9,0
3945,680,22,20
3946,680,23,2
3947,681,10,20
3948,681,24,0
3949,681,22,19
3950,681,19,2
3951,681,14,5
3952,681,24,20
3953,681,22,0
3954,681,2,10
3955,681,21,14
3956,681,16,22
3957,682,17,5
3958,682,1,10
3959,682,1,16
3960,682,6,8
3961,682,1,10
3962,683,21,12
3963,683,6,23
3964,683,19,9
3965,683,2,19
3966,683,13,11
3967,683,17,6
3968,683,7,5
3969,683,18,16
3970,683,10,16
3971,683,16,14
3972,683,1,23
3973,683,9,0
3974,684,11,0
3975,684,15,24
3976,684,12,2
3977,684,14,23
3978,684,10,2
3979,684,21,17
3980,684,23,10
3981,685,0,20
3982,685,0,24
3983,685,14,12
3984,685,14,20
3985,686,4,16
3986,686,0,18
3987,686,23,3
3988,686,0,17
3989,686,21,17
3990,686,19,20
3991,686,20,14
3992,687,21,5
3993,687,6,13
3994,688,12,2
3995,688,14,20
3996,688,6,21
3997,688,7,24
3998,688,1,13
3999,689,11,5
4000,689,20,10
4001,689,4,18
4002,689,10,6
4003,690,20,14
4004,690,22,0
4005,690,4,13
4006,690,6,9
4007,690,19,11
4008,691,14,18
4009,691,5,19
4010,691,7,9
4011,691,4,8
4012,691,4,11
4013,692,20,14
4014,692,9,24
4015,692,5,20
4016,692,24,4
4017,692,23,0
4018,692,3,13
4019,692,19,7
4020,693,19,20
4021,693,5,17
4022,693,9,15
4023,693,22,2
4024,693,4,13
4025,693,3,19
4026,693,0,17
4027,694,7,5
4028,694,18,20
4029,694,5,12
4030,694,5,21
4031,695,24,21
4032,695,12,8
4033,695,24,5
4034,695,20,24
4035,695,3,19
4036,695,3,22
4037,695,9,20
4038,696,13,11
4039,696,15,12
4040,696,10,16
4041,696,2,6
4042,697,12,23
4043,697,6,13
4044,697,10,18
4045,697,3,19
4046,697,3,11
4047,697,16,20
4048,697,4,1
4049,697,8,2
4050,698,13,19
4051,698,13,17
4052,698,16,0
4053,698,5,2
4054,698,11,2
4055,698,18,7
4056,699,7,24
4057,699,7,13
4058,699,7,15
4059,699,22,2
4060,699,9,5
4061,699,3,5
4062,699,19,20
4063,699,14,11
4064,699,5,20
4065,699,5,8
4066,699,12,9
4067,699,23,9
4068,700,2,16
4069,700,12,20
4070,700,14,20
4071,700,3,1
4072,700,8,18
4073,701,16,1
4074,701,0,24
4075,701,1,24
4076,701,2,12
4077,701,24,15
4078,701,18,10
4079,701,23,4
4080,702,22,24
4081,702,13,22
4082,702,3,24
4083,702,10,23
4084,702,21,19
4085,702,24,5
4086,703,15,11
4087,703,6,4
4088,703,22,0
4089,704,16,13
4090,704,5,15
4091,704,3,11
4092,704,3,13
4093,704,11,21
4094,705,12,4
4095,705,4,11
4096,705,20,16
4097,705,19,10
4098,706,5,15
4099,706,19,8
4100,706,8,21
4101,706,10,3
4102,706,22,20
4103,707,20,18
4104,707,16,6
4105,707,10,12
4106,707,24,3
4107,707,5,12
4108,707,0,22
4109,707,9,19
4110,707,3,24
4111,708,15,12
4112,708,20,24
4113,708,9,11
4114,708,5,1
4115,709,21,1
4116,709,5,2
4117,709,17,3
4118,709,22,8
4119,709,13,9
4120,709,7,18
4121,709,15,2
4122,710,16,19
4123,710,19,15
4124,710,10,17
4125,710,11,22
4126,710,16,20
4127,710,22,15
4128,711,5,1
4129,711,11,19
4130,711,21,23
4131,711,13,3
4132,711,19,7
4133,711,23,19
4134,711,7,0
4135,711,4,13
4136,711,6,18
4137,712,4,0
4138,712,18,24
4139,712,14,22
4140,712,1,20
4141,712,19,1
4142,712,18,7
4143,712,24,8
4144,713,11,4
4145,713,4,6
4146,713,15,12
4147,713,0,17
4148,713,4,16
4149,713,23,5
4150,714,17,0
4151,715,24,4
4152,715,17,9
4153,715,11,15
4154,715,10,8
4155,715,19,4
4156,715,0,2
4157,715,1,12
4158,716,9,15
4159,716,19,21
4160,716,14,21
4161,716,12,3
4162,716,24,16
4163,717,4,23
4164,717,12,23
4165,717,11,24
4166,717,17,10
4167,717,3,9
4168,717,2,0
4169,717,10,19
4170,717,13,10
4171,717,2,4
4172,717,16,2
4173,717,21,1
4174,717,22,14
4175,718,7,4
4176,718,0,9
4177,719,24,1
4178,719,0,21
4179,719,16,6
4180,719,16,18
4181,719,23,3
4182,719,7,15
4183,720,13,11
4184,720,1,15
4185,720,24,1
4186,721,5,1
4187,721,3,15
4188,721,3,0
4189,721,24,4
4190,721,20,18
4191,722,15,23
4192,722,12,10
4193,722,19,17
4194,722,1,21
4195,722,1,8
4196,722,12,3
4197,722,3,14
4198,722,6,8
4199,722,14,3
4200,722,19,5
4201,723,4,5
4202,723,24,1
4203,723,14,8
4204,723,20,2
4205,724,5,15
4206,724,23,2
4207,724,0,8
4208,724,8,22
4209,724,7,9
4210,724,19,15
4211,725,4,18
4212,725,11,3
4213,725,10,21
4214,725,16,22
4215,725,22,11
4216,725,2,13
4217,726,2,9
4218,726,17,23
4219,726,2,12
4220,726,4,19
4221,726,21,18
4222,726,8,11
4223,727,13,16
4224,727,14,2
4225,727,1,5
4226,727,1,21
4227,727,13,19
4228,728,3,12
4229,728,13,22
4230,728,12,10
4231,728,22,14
4232,728,19,3
4233,728,17,13
4234,728,24,21
4235,729,22,2
4236,729,14,4
4237,729,8,10
4238,729,10,12
4239,729,23,8
4240,729,16,6
4241,729,20,12
4242,730,7,15
4243,730,8,22
4244,731,19,20
4245,731,5,15
4246,731,1,13
4247,731,4,1
4248,731,1,14
4249,731,0,21
4250,732,0,4
4251,732,24,2
4252,732,13,24
4253,732,24,1
4254,733,5,18
4255,733,12,4
4256,733,21,10
4257,733,10,4
4258,734,12,16
4259,734,1,12
4260,735,13,20
4261,735,3,16
4262,736,18,24
4263,737,10,0
4264,737,20,17
4265,737,1,15
4266,737,10,0
4267,737,6,12
4268,738,24,8
4269,738,24,6
4270,738,6,14
4271,738,8,12
4272,739,8,23
4273,739,0,18
4274,739,7,15
4275,739,8,20
4276,739,15,2
4277,739,3,12
4278,740,11,23
4279,740,0,12
4280,740,18,8
4281,740,11,18
4282,741,19,16
4283,741,11,23
4284,741,7,0
4285,741,13,0
4286,741,13,4
4287,742,9,23
4288,742,19,21
4289,742,6,17
4290,742,9,15
4291,742,19,3
4292,743,19,12
4293,743,8,20
4294,743,9,7
4295,743,5,11
4296,743,19,20
4297,743,21,13
4298,744,23,7
4299,744,12,3
4300,744,7,1
4301,745,23,15
4302,745,11,1
4303,745,12,4
4304,745,11,14
4305,745,6,14
4306,746,11,9
4307,746,19,7
4308,746,17,21
4309,746,23,14
4310,747,21,12
4311,747,6,12
4312,748,17,6
4313,748,3,14
4314,748,8,22
4315,748,11,19
4316,748,20,0
4317,748,19,5
4318,748,20,22
4319,748,4,6
4320,748,0,24
4321,749,3,1
4322,749,15,24
4323,749,3,16
4324,749,19,6
4325,749,4,17
4326,750,21,2
4327,750,15,7
4328,750,19,23
4329,750,15,23
4330,750,12,20
4331,750,23,6
4332,750,12,3
4333,750,23,2
4334,750,13,6
4335,750,20,18
4336,751,3,20
4337,752,11,5
4338,752,19,1
4339,752,9,7
4340,752,19,23
4341,752,20,19
4342,752,24,18
4343,752,8,5
4344,753,3,20
4345,753,4,19
4346,753,22,15
4347,753,16,19
4348,753,10,3
4349,754,17,10
4350,754,16,4
4351,754,14,3
4352,754,5,4
4353,755,11,2
4354,755,6,13
4355,755,18,7
4356,755,12,9
4357,755,14,2
4358,755,6,3
4359,755,0,19
4360,755,12,10
4361,756,20,18
4362,756,21,10
4363,756,1,13
4364,757,17,5
4365,757,13,4
4366,757,22,11
4367,757,6,0
4368,757,8,11
4369,758,4,16
4370,758,19,15
4371,758,10,14
4372,758,11,19
4373,758,2,12
4374,759,21,2
4375,759,7,21
4376,759,9,16
4377,759,18,9
4378,759,5,17
4379,759,0,2
4380,759,1,11
4381,759,6,16
4382,760,23,9
4383,760,1,5
4384,760,17,23
4385,760,17,11
4386,760,10,22
4387,760,9,1
4388,760,9,16
4389,760,3,19
4390,761,8,20
4391,761,23,6
4392,761,8,20
4393,761,12,24
4394,762,15,22
4395,762,12,8
4396,762,11,13
4397,763,4,1
4398,763,22,6
4399,763,0,23
4400,763,24,9
4401,764,10,3
4402,764,12,8
4403,764,20,9
4404,764,19,9
4405,764,0,18
4406,764,3,24
4407,764,23,1
4408,765,23,10
4409,765,4,11
4410,765,6,3
4411,765,22,3
4412,765,9,13
4413,765,20,0
4414,765,2,0
4415,765,11,21
4416,765,16,0
4417,765,15,12
4418,766,16,22
4419,766,7,22
4420,766,17,0
4421,766,4,18
4422,766,9,21
4423,767,4,14
4424,767,20,6
4425,767,6,9
4426,767,12,2
4427,767,21,10
4428,767,15,4
4429,768,2,13
4430,768,10,22
4431,768,9,22
4432,768,10,13
4433,768,14,24
4434,768,10,20
4435,768,21,24
4436,768,23,5
4437,769,14,22
4438,769,12,16
4439,769,9,20
4440,769,10,18
4441,769,8,20
4442,769,3,6
4443,769,20,19
4444,770,19,2
4445,770,17,19
4446,770,17,4
4447,770,9,13
4448,770,17,13
4449,770,24,13
4450,770,1,8
4451,771,0,16
4452,771,19,2
4453,771,3,13
4454,771,15,19
4455,772,9,19
4456,772,15,17
4457,772,11,23
4458,772,21,8
4459,772,19,3
4460,773,10,13
4461,773,14,11
4462,773,21,1
4463,773,22,8
4464,773,13,22
4465,773,12,1
4466,773,18,9
4467,773,19,15
4468,774,3,15
4469,774,18,22
4470,774,22,14
4471,774,23,13
4472,774,0,4
4473,774,6,4
4474,775,0,16
4475,775,10,0
4476,775,23,9
4477,776,22,4
4478,776,24,5
4479,776,24,0
4480,776,9,16
4481,777,6,20
4482,777,2,18
4483,777,10,24
4484,778,11,18
4485,778,6,18
4486,778,13,7
4487,778,17,14
4488,779,7,20
4489,779,22,15
4490,779,1,3
4491,780,19,22
4492,780,9,1
4493,780,22,1
4494,780,4,10
4495,780,23,16
4496,781,8,21
4497,781,20,8
4498,781,18,8
4499,781,20,19
4500,781,16,13
4501,781,15,21
4502,781,12,1
4503,781,7,24
4504,781,5,1
4505,782,18,2
4506,782,3,1
4507,782,19,16
4508,782,15,1
4509,782,6,10
4510,782,3,10
4511,782,20,11
4512,782,5,1
4513,782,23,13
4514,782,7,19
4515,783,0,14
4516,783,13,17
4517,783,5,1
4518,783,16,5
4519,784,10,9
4520,784,2,19
4521,784,23,8
4522,785,7,4
4523,785,15,6
4524,785,16,0
4525,785,24,16
4526,785,12,0
4527,786,13,20
4528,786,2,12
4529,786,22,24
4530,786,23,6
4531,786,17,10
4532,786,18,0
4533,786,14,5
4534,786,4,6
4535,787,0,8
4536,787,17,3
4537,787,22,13
4538,787,1,18
4539,787,4,11
4540,788,17,13
4541,789,6,21
4542,789,13,4
4543,789,17,11
4544,789,11,13
4545,789,10,4
4546,789,1,10
4547,789,5,9
4548,789,6,22
4549,789,21,11
4550,789,10,1
4551,790,13,9
4552,790,14,24
4553,790,6,8
4554,790,4,8
4555,791,3,15
4556,791,0,19
4557,791,17,19
4558,791,24,20
4559,791,18,21
4560,791,22,9
4561,791,2,17
4562,792,4,15
4563,792,7,1
4564,792,15,2
4565,792,22,7
4566,793,20,1
4567,793,10,23
4568,793,4,8
4569,793,12,20
4570,793,3,9
4571,794,22,2
4572,794,17,8
4573,794,20,16
4574,794,6,23
4575,794,4,0
4576,794,9,6
4577,794,21,8
4578,794,9,15
4579,794,4,6
4580,795,22,13
4581,795,6,15
4582,795,17,24
4583,795,4,21
4584,795,0,8
4585,795,13,17
4586,795,6,16
4587,796,24,17
4588,796,17,1
4589,796,21,13
4590,796,1,15
4591,796,21,3
4592,796,10,24
4593,796,18,24
4594,796,15,7
4595,796,12,24
4596,797,19,0
4597,797,14,11
4598,797,21,6
4599,798,13,23
4600,798,20,1
4601,798,12,24
4602,798,3,20
4603,798,21,18
4604,798,9,13
4605,799,10,21
4606,799,12,1
4607,799,23,12
4608,799,23,21
4609,800,8,0
4610,800,10,18
4611,800,14,7
4612,800,2,13
4613,800,18,0
4614,800,12,14
4615,801,19,3
4616,801,9,7
4617,801,4,14
4618,801,8,16
4619,801,12,10
4620,802,3,17
4621,802,6,8
4622,802,14,20
4623,802,8,5
4624,802,22,9
4625,802,23,10
4626,802,8,11
4627,803,24,21
4628,803,9,0
4629,803,22,1
4630,803,3,21
4631,803,19,7
4632,803,20,23
4633,803,16,18
4634,804,0,8
4635,804,3,19
4636,804,21,7
4637,804,17,14
4638,804,14,5
4639,805,10,4
4640,805,5,4
4641,805,7,17
4642,805,17,5
4643,805,17,19
4644,805,12,10
4645,805,1,20
4646,806,4,23
4647,806,21,8
4648,806,0,19
4649,806,13,10
4650,806,17,14
4651,806,18,5
4652,806,14,12
4653,806,20,18
4654,807,11,9
4655,807,3,15
4656,807,14,11
4657,807,21,13
4658,807,14,5
4659,807,23,7
4660,807,10,16
4661,808,12,1
4662,808,22,12
4663,808,15,14
4664,808,9,18
4665,808,17,0
4666,808,2,5
4667,808,14,0
4668,808,10,21
4669,808,2,4
4670,808,14,4
4671,809,17,11
4672,809,18,3
4673,809,12,9
4674,809,21,7
4675,809,24,9
4676,809,2,5
4677,810,9,17
4678,810,12,22
4679,810,14,20
4680,810,5,4
4681,810,16,6
4682,811,0,21
4683,811,17,24
4684,812,0,12
4685,812,8,2
4686,812,16,14
4687,812,10,4
4688,812,16,1
4689,813,23,16
4690,813,0,24
4691,813,5,22
4692,813,5,18
4693,813,7,1
4694,814,24,15
4695,814,8,0
4696,814,8,20
4697,814,3,1
4698,814,0,13
4699,815,16,1
4700,815,4,5
4701,815,10,23
4702,815,11,0
4703,816,7,22
4704,816,6,19
4705,816,17,10
4706,817,3,12
4707,817,19,13
4708,817,16,14
4709,817,1,15
4710,817,13,21
4711,817,4,0
4712,817,24,20
4713,817,24,7
4714,818,15,11
4715,818,1,10
4716,818,8,15
4717,818,18,11
4718,818,16,14
4719,818,13,0
4720,818,7,10
4721,818,12,22
4722,818,6,22
4723,818,23,13
4724,818,18,0
4725,818,8,1
4726,818,5,1
4727,818,17,19
4728,819,15,19
4729,819,15,11
4730,819,6,2
4731,819,1,13
4732,820,14,3
4733,820,3,20
4734,820,1,24
4735,820,6,10
4736,820,10,14
4737,820,21,1
4738,821,8,12
4739,821,4,11
4740,822,23,10
4741,822,4,24
4742,822,20,5
4743,823,3,1
4744,823,8,1
4745,823,11,15
4746,824,22,8
4747,824,24,11
4748,824,8,1
4749,824,13,4
4750,824,14,16
4751,824,14,15
4752,824,7,3
4753,824,12,10
4754,825,11,22
4755,825,20,24
4756,825,1,9
4757,826,18,2
4758,826,24,13
4759,826,21,10
4760,826,6,21
4761,826,13,19
4762,826,23,4
4763,826,18,11
4764,826,11,4
4765,827,15,0
4766,827,4,1
4767,827,10,1
4768,827,14,4
4769,828,19,9
4770,829,6,14
4771,829,15,7
4772,829,20,11
4773,829,19,7
4774,829,3,9
4775,829,17,14
4776,829,6,10
4777,830,16,19
4778,830,15,17
4779,830,15,4
4780,830,2,9
4781,830,16,12
4782,830,5,8
4783,830,1,19
4784,830,16,0
4785,830,15,9
4786,831,4,21
4787,831,15,0
4788,831,0,16
4789,831,15,2
4790,831,5,1
4791,831,4,11
4792,832,5,7
4793,832,15,5
4794,832,0,23
4795,832,2,17
4796,832,24,0
4797,832,3,7
4798,833,6,22
4799,833,7,17
4800,833,15,2
4801,833,21,8
4802,833,17,9
4803,833,2,0
4804,833,10,8
4805,834,13,21
4806,835,16,13
4807,835,3,12
4808,835,23,3
4809,835,0,8
4810,835,17,20
4811,835,4,11
4812,836,11,17
4813,836,24,16
4814,836,12,24
4815,836,24,3
4816,836,11,8
4817,836,5,13
4818,836,2,13
4819,836,21,13
4820,836,9,24
4821,836,6,21
4822,836,5,20
4823,837,10,16
4824,837,24,11
4825,837,0,6
4826,837,4,0
4827,837,11,9
4828,838,23,20
4829,838,3,12
4830,838,9,24
4831,838,5,19
4832,839,19,15
4833,839,0,20
4834,839,11,19
4835,839,3,22
4836,839,5,14
4837,839,24,16
4838,839,12,10
4839,839,0,17
4840,839,0,18
4841,839,20,0
4842,839,14,15
4843,840,9,1
4844,840,11,5
4845,840,6,23
4846,840,18,8
4847,840,17,9
4848,840,22,6
4849,841,5,20
4850,841,10,1
4851,841,23,9
4852,841,5,22
4853,841,13,4
4854,842,15,14
4855,842,13,6
4856,842,20,7
4857,842,13,24
4858,842,24,9
4859,842,8,6
4860,843,21,5
4861,843,2,4
4862,843,15,14
4863,843,11,8
4864,843,15,1
4865,843,14,4
4866,843,17,11
4867,843,2,6
4868,844,13,24
4869,844,24,0
4870,844,8,17
4871,844,4,19
4872,845,11,2
4873,845,21,5
4874,845,19,1
4875,845,21,12
4876,845,12,16
4877,845,20,17
4878,846,3,9
4879,846,16,3
4880,847,5,23
4881,847,5,8
4882,847,7,13
4883,847,9,3
4884,847,6,0
4885,847,20,18
4886,847,4,2
4887,847,21,6
4888,847,19,7
4889,847,9,20
4890,847,24,4
4891,848,1,10
4892,848,5,1
4893,848,0,7
4894,848,2,0
4895,848,5,2
4896,848,8,15
4897,849,10,6
4898,849,24,20
4899,850,2,12
4900,850,13,3
4901,851,0,4
4902,851,20,22
4903,851,19,12
4904,851,18,15
4905,851,14,16
4906,851,22,15
4907,852,8,17
4908,852,8,5
4909,852,16,24
4910,852,22,7
4911,852,17,9
4912,853,9,20
4913,853,16,24
4914,853,15,13
4915,853,7,14
4916,853,1,13
4917,853,22,11
4918,853,4,15
4919,853,18,22
4920,854,1,24
4921,854,23,20
4922,854,6,2
4923,854,8,2
4924,854,6,21
4925,854,4,23
4926,854,15,21
4927,855,16,19
4928,855,21,2
4929,855,19,0
4930,855,21,4
4931,855,11,3
4932,856,21,9
4933,856,1,10
4934,856,23,6
4935,856,22,13
4936,856,8,0
4937,856,6,14
4938,856,17,14
4939,857,13,5
4940,857,3,12
4941,857,24,1
4942,857,15,1
4943,857,21,5
4944,858,5,1
4945,858,24,6
4946,858,10,1
4947,858,16,18
4948,859,14,6
4949,859,11,13
4950,859,2,18
4951,859,7,3
4952,859,21,1
4953,859,20,7
4954,859,16,8
4955,859,16,22
4956,859,22,24
4957,859,1,13
4958,859,19,23
4959,860,18,11
4960,860,15,18
4961,860,20,7
4962,860,6,14
4963,860,1,4
4964,860,6,21
4965,860,15,6
4966,860,8,14
4967,861,12,15
4968,861,17,23
4969,861,3,13
4970,861,8,1
4971,861,20,5
4972,861,6,24
4973,862,14,4
4974,862,22,2
4975,862,21,17
4976,862,9,3
4977,862,11,24
4978,862,14,7
4979,862,14,5
4980,862,24,12
4981,862,17,15
4982,862,11,2
4983,863,9,16
4984,863,8,15
4985,863,9,6
4986,863,18,6
4987,863,10,2
4988,863,17,0
4989,863,13,10
4990,864,10,2
4991,864,21,15
4992,864,18,22
4993,864,4,13
4994,864,21,1
4995,864,5,11
4996,864,13,3
4997,864,20,6
4998,864,19,23
4999,865,14,2
5000,865,23,15
5001,865,0,10
5002,865,22,0
5003,865,20,8
5004,865,20,1
5005,865,17,5
5006,865,15,8
5007,865,12,4
5008,866,0,19
5009,866,1,23
5010,866,11,15
5011,866,1,21
5012,866,16,12
5013,866,20,17
5014,866,24,17
5015,867,5,19
5016,867,22,24
5017,867,7,22
5018,867,17,6
5019,867,5,1
5020,867,8,22
5021,867,21,4
5022,867,1,4
5023,868,17,15
5024,868,7,1
5025,868,16,0
5026,868,4,14
5027,869,24,0
5028,869,12,18
5029,869,20,10
5030,870,12,18
5031,870,21,14
5032,870,18,10
5033,870,20,5
5034,870,13,3
5035,870,2,6
5036,871,17,19
5037,871,22,11
5038,871,12,18
5039,871,3,6
5040,871,23,20
5041,871,9,24
5042,872,24,16
5043,872,5,15
5044,872,13,24
5045,872,2,15
5046,872,23,0
5047,872,19,6
5048,872,24,3
5049,872,24,2
5050,873,17,11
5051,873,3,6
5052,873,16,7
5053,873,15,11
5054,873,16,4
5055,873,14,4
5056,873,3,18
5057,873,10,22
5058,873,5,7
5059,873,21,10
5060,874,3,9
5061,875,18,15
5062,875,24,18
5063,875,23,7
5064,875,19,12
5065,875,1,18
5066,875,20,18
5067,875,20,24
5068,875,17,11
5069,875,20,13
5070,876,19,3
5071,876,10,17
5072,876,10,2
5073,876,13,1
5074,876,2,6
5075,876,2,10
5076,877,18,2
5077,877,22,18
5078,877,22,19
5079,877,21,10
5080,877,19,16
5081,877,4,5
5082,878,19,1
5083,878,17,11
5084,878,6,3
5085,878,23,7
5086,879,11,15
5087,879,7,10
5088,879,13,20
5089,879,21,8
5090,879,3,12
5091,879,14,12
5092,879,20,0
5093,879,9,24
5094,879,1,5
5095,879,18,0
5096,879,10,23
5097,880,9,6
5098,880,16,8
5099,880,15,3
5100,880,6,24
5101,880,9,6
5102,880,9,7
5103,881,10,21
5104,881,21,9
5105,881,0,4
5106,881,9,23
5107,882,7,11
5108,882,15,2
5109,882,4,0
5110,882,24,8
5111,883,19,0
5112,883,0,2
5113,883,19,16
5114,883,14,12
5115,883,15,7
5116,883,0,21
5117,883,20,3
5118,883,3,9
5119,883,17,15
5120,884,16,2
5121,884,0,10
5122,884,19,16
5123,884,24,16
5124,884,22,2
5125,884,16,13
5126,884,13,3
5127,884,19,11
5128,884,2,20
5129,884,10,17
5130,885,11,13
5131,885,11,23
5132,885,12,16
5133,885,5,13
5134,885,3,6
5135,885,15,11
5136,886,3,9
5137,886,18,0
5138,886,0,21
5139,886,21,13
5140,886,11,13
5141,886,14,0
5142,886,23,19
5143,886,9,24
5144,887,13,11
5145,887,13,23
5146,887,16,2
5147,887,5,12
5148,887,21,3
5149,887,5,2
5150,887,18,5
5151,887,14,0
5152,888,15,23
5153,888,21,10
5154,888,6,8
5155,889,13,22
5156,889,20,18
5157,889,17,1
5158,889,11,5
5159,889,5,14
5160,889,12,3
5161,889,8,22
5162,889,6,21
5163,890,14,0
5164,890,7,18
5165,890,11,8
5166,891,23,2
5167,891,19,15
5168,891,4,18
5169,891,21,8
5170,891,21,24
5171,891,6,22
5172,891,17,20
5173,892,12,3
5174,892,3,6
5175,892,19,17
5176,892,5,2
5177,892,10,18
5178,892,18,9
5179,892,3,18
5180,893,6,9
5181,893,19,22
5182,893,20,0
5183,893,12,16
5184,893,7,15
5185,893,18,15
5186,894,6,22
5187,894,7,23
5188,894,23,10
5189,894,23,0
5190,894,18,0
5191,894,16,4
5192,894,4,14
5193,895,2,22
5194,895,8,23
5195,895,18,20
5196,895,18,15
5197,895,10,9
5198,895,15,24
5199,895,6,24
5200,896,17,8
5201,896,14,17
5202,896,15,4
5203,896,6,21
5204,896,5,16
5205,896,18,10
5206,896,13,15
5207,896,17,5
5208,897,21,17
5209,897,0,18
5210,897,1,7
5211,897,15,6
5212,897,20,5
5213,897,19,6
5214,897,18,0
5215,898,5,13
5216,898,23,4
5217,899,12,18
5218,899,2,0
5219,899,14,4
5220,900,7,1
5221,901,17,2
5222,901,20,2
5223,901,12,6
5224,901,4,10
5225,901,19,3
5226,902,17,19
5227,902,20,18
5228,902,5,15
5229,902,8,1
5230,902,14,4
5231,902,13,17
5232,902,20,23
5233,902,4,0
5234,903,10,1
5235,903,1,15
5236,903,10,4
5237,903,12,16
5238,903,12,1
5239,903,6,20
5240,903,18,8
5241,904,19,16
5242,904,7,24
5243,904,3,5
5244,904,6,3
5245,904,18,22
5246,904,13,20
5247,905,11,5
5248,905,7,24
5249,905,13,17
5250,905,14,3
5251,905,15,6
5252,905,1,20
5253,906,20,24
5254,906,6,22
5255,906,21,23
5256,906,8,0
5257,906,23,0
5258,906,10,0
5259,906,1,16
5260,906,21,19
5261,906,10,23
5262,906,16,14
5263,906,21,12
5264,907,15,13
5265,907,18,0
5266,907,15,9
5267,907,18,11
5268,907,20,8
5269,907,18,16
5270,908,17,19
5271,908,23,15
5272,908,14,2
5273,908,10,22
5274,908,2,6
5275,908,15,11
5276,908,5,16
5277,909,0,13
5278,909,24,14
5279,909,24,7
5280,909,16,9
5281,909,18,21
5282,909,12,19
5283,909,2,16
5284,910,11,2
5285,910,15,18
5286,910,5,17
5287,910,6,24
5288,910,0,16
5289,910,0,11
5290,910,17,20
5291,910,0,8
5292,910,19,0
5293,910,12,14
5294,910,0,18
5295,911,4,8
5296,911,19,7
5297,911,12,1
5298,911,7,15
5299,911,3,16
5300,911,2,5
5301,911,6,23
5302,911,20,24
5303,912,1,18
5304,912,3,15
5305,912,1,18
5306,912,4,15
5307,912,22,6
5308,912,9,5
5309,912,7,3
5310,912,22,6
5311,912,24,15
5312,913,18,24
5313,913,21,17
5314,913,6,21
5315,913,5,19
5316,913,1,9
5317,913,8,15
5318,914,14,20
5319,914,2,13
5320,914,3,15
5321,914,14,1
5322,914,3,20
5323,914,14,16
5324,915,3,15
5325,915,7,21
5326,915,1,10
5327,915,19,0
5328,916,6,15
5329,916,23,0
5330,916,24,9
5331,916,11,20
5332,917,13,20
5333,917,21,15
5334,917,9,19
5335,917,21,10
5336,917,13,7
5337,917,21,0
5338,917,10,20
5339,918,15,21
5340,918,10,7
5341,918,15,12
5342,918,10,21
5343,918,14,11
5344,919,0,16
5345,919,14,24
5346,919,6,10
5347,919,0,20
5348,919,2,16
5349,919,6,19
5350,920,11,19
5351,920,3,21
5352,921,8,0
5353,921,7,20
5354,921,6,0
5355,921,9,0
5356,921,20,23
5357,921,8,18
5358,922,8,4
5359,922,20,11
5360,922,11,17
5361,922,22,8
5362,922,12,8
5363,923,7,18
5364,923,5,18
5365,923,2,21
5366,923,19,16
5367,923,19,15
5368,923,12,9
5369,924,21,17
5370,924,7,3
5371,924,16,10
5372,924,2,11
5373,924,12,9
5374,924,21,0
5375,925,10,24
5376,925,21,10
5377,925,16,4
5378,925,7,13
5379,926,9,5
5380,926,3,11
5381,926,24,10
5382,927,18,15
5383,927,10,20
5384,928,1,4
5385,928,8,4
5386,928,15,9
5387,928,24,13
5388,928,3,21
5389,929,24,4
5390,929,6,4
5391,929,15,22
5392,929,12,9
5393,929,0,20
5394,929,15,8
5395,929,20,14
5396,929,15,12
5397,929,24,1
5398,931,14,0
5399,931,6,4
5400,931,9,1
5401,931,13,19
5402,931,11,20
5403,931,23,6
5404,931,13,9
5405,931,13,20
5406,931,9,0
5407,932,17,2
5408,932,23,3
5409,933,20,22
5410,933,16,4
5411,933,8,23
5412,933,2,22
5413,933,6,2
5414,933,20,23
5415,933,20,14
5416,933,22,19
5417,933,0,16
5418,933,8,1
5419,934,13,15
5420,934,2,11
5421,934,13,3
5422,935,23,1
5423,935,21,17
5424,935,1,22
5425,935,4,24
5426,935,17,6
5427,935,24,3
5428,936,13,0
5429,936,22,1
5430,936,23,14
5431,936,18,0
5432,936,14,1
5433,936,13,22
5434,937,22,12
5435,937,20,23
5436,937,4,20
5437,937,11,20
5438,937,4,14
5439,937,17,14
5440,937,12,1
5441,937,23,1
5442,937,0,21
5443,938,24,17
5444,938,17,20
5445,938,7,14
5446,938,10,20
5447,938,2,21
5448,938,17,13
5449,938,6,10
5450,938,11,18
5451,939,2,22
5452,939,7,17
5453,939,1,7
5454,939,3,18
5455,939,1,19
5456,939,17,23
5457,940,7,21
5458,940,17,24
5459,941,17,9
5460,941,13,1
5461,941,7,10
5462,941,21,18
5463,941,15,6
5464,941,19,8
5465,941,9,16
5466,941,17,2
5467,942,22,4
5468,942,3,7
5469,942,10,13
5470,942,21,0
5471,942,7,1
5472,942,20,7
5473,943,21,0
5474,943,6,8
5475,943,3,17
5476,944,6,16
5477,944,11,3
5478,944,8,21
5479,944,16,22
5480,944,5,4
5481,944,4,16
5482,944,23,9
5483,945,13,19
5484,945,5,7
5485,945,9,12
5486,946,15,14
5487,946,4,17
5488,946,15,14
5489,946,22,13
5490,946,6,12
5491,946,12,14
5492,947,11,14
5493,947,3,11
5494,947,9,24
5495,947,4,7
5496,947,20,13
5497,947,17,10
5498,947,23,2
5499,947,17,8
5500,947,18,0
5501,948,6,23
5502,948,19,11
5503,948,4,2
5504,948,10,24
5505,948,9,17
5506,949,24,4
5507,949,10,7
5508,949,11,4
5509,949,10,18
5510,949,22,24
5511,950,12,15
5512,950,5,22
5513,950,23,8
5514,950,16,7
5515,950,20,24
5516,950,22,2
5517,950,10,13
5518,950,9,12
5519,951,1,19
5520,951,1,24
5521,951,12,19
5522,951,8,2
5523,951,16,8
5524,951,10,0
5525,951,0,20
5526,952,13,19
5527,952,10,19
5528,952,22,8
5529,952,21,2
5530,953,8,5
5531,953,10,2
5532,953,20,13
5533,954,10,16
5534,954,22,24
5535,954,14,4
5536,954,17,13
5537,954,20,12
5538,954,4,21
5539,955,18,20
5540,955,11,2
5541,955,21,0
5542,955,22,15
5543,955,18,9
5544,955,19,7
5545,956,19,20
5546,956,9,24
5547,956,12,5
5548,956,22,8
5549,956,12,5
5550,957,20,12
5551,957,4,6
5552,957,17,9
5553,957,5,3
5554,958,7,22
5555,958,15,6
5556,958,0,21
5557,958,4,17
5558,958,22,4
5559,958,15,1
5560,959,2,17
5561,959,16,5
5562,959,10,24
5563,959,21,24
5564,959,17,0
5565,959,17,11
5566,959,0,9
5567,960,17,2
5568,960,11,1
5569,960,13,2
5570,960,9,11
5571,960,9,1
5572,960,4,20
5573,961,1,22
5574,961,16,7
5575,961,17,23
5576,961,13,7
5577,961,5,18
5578,961,22,19
5579,961,11,18
5580,962,5,13
5581,962,19,22
5582,962,23,3
5583,962,22,7
5584,962,16,4
5585,962,1,5
5586,963,9,1
5587,963,14,7
5588,963,23,9
5589,963,15,8
5590,963,11,9
5591,963,4,22
5592,964,23,17
5593,964,18,16
5594,964,16,12
5595,964,9,18
5596,964,0,3
5597,964,19,8
5598,964,5,13
5599,964,13,0
5600,964,4,13
5601,965,7,3
5602,965,23,20
5603,965,19,4
5604,965,17,7
5605,965,16,19
5606,965,2,11
5607,965,15,0
5608,966,9,7
5609,966,20,18
5610,966,18,12
5611,966,19,5
5612,966,9,2
5613,967,19,10
5614,967,0,18
5615,968,22,1
5616,968,18,6
5617,968,0,11
5618,968,24,1
5619,969,12,6
5620,969,5,2
5621,969,8,2
5622,969,12,9
5623,969,0,12
5624,969,18,10
5625,969,13,23
5626,970,12,20
5627,970,20,1
5628,970,11,8
5629,970,10,18
5630,970,22,3
5631,970,8,12
5632,970,19,15
5633,970,22,19
5634,970,7,1
5635,970,23,15
5636,971,19,23
5637,971,19,4
5638,971,11,18
5639,971,19,22
5640,971,2,5
5641,971,17,23
5642,971,7,22
5643,971,12,14
5644,972,0,22
5645,972,20,11
5646,972,22,18
5647,972,1,10
5648,972,22,6
5649,973,4,0
5650,973,23,12
5651,973,6,23
5652,973,24,18
5653,973,10,19
5654,973,16,9
5655,973,9,24
5656,973,6,23
5657,973,19,0
5658,974,12,2
5659,974,18,6
5660,974,0,9
5661,974,7,14
5662,974,5,24
5663,974,1,20
5664,974,18,2
5665,975,8,11
5666,975,13,21
5667,975,24,12
5668,975,10,22
5669,975,4,12
5670,975,1,9
5671,975,21,0
5672,975,22,3
5673,975,7,1
5674,975,10,24
5675,976,9,2
5676,976,7,24
5677,976,14,11
5678,977,23,14
5679,977,24,9
5680,977,15,11
5681,977,21,9
5682,978,13,2
5683,978,19,6
5684,978,20,16
5685,978,3,22
5686,978,16,6
5687,978,5,1
5688,978,23,11
5689,979,6,19
5690,979,20,24
5691,979,19,1
5692,979,10,18
5693,979,0,16
5694,979,11,14
5695,979,6,10
5696,979,21,8
5697,980,0,11
5698,980,3,21
5699,980,23,20
5700,980,12,22
5701,980,2,22
5702,981,11,18
5703,981,11,17
5704,981,19,8
5705,981,3,20
5706,981,19,10
5707,981,20,19
5708,981,20,10
5709,981,13,1
5710,981,10,19
5711,981,24,0
5712,981,3,7
5713,981,18,16
5714,981,15,3
5715,982,1,21
5716,982,17,4
5717,982,9,0
5718,982,2,17
5719,982,1,13
5720,982,5,13
5721,982,22,1
5722,983,17,6
5723,983,0,3
5724,983,23,17
5725,984,19,11
5726,984,11,19
5727,984,3,10
5728,984,8,1
5729,984,22,8
5730,984,19,10
5731,985,6,15
5732,985,8,17
5733,985,4,11
5734,985,7,9
5735,986,14,2
5736,986,12,0
5737,986,12,2
5738,987,17,15
5739,987,20,1
5740,987,18,5
5741,987,14,22
5742,987,16,14
5743,988,13,20
5744,988,20,0
5745,988,12,0
5746,988,13,21
5747,988,22,7
5748,989,24,13
5749,989,8,24
5750,989,16,5
5751,989,7,20
5752,989,24,6
5753,989,7,14
5754,990,11,9
5755,990,20,14
5756,990,6,8
5757,990,8,18
5758,990,4,1
5759,990,7,19
5760,991,3,9
5761,991,6,10
5762,992,21,0
5763,992,18,8
5764,992,17,19
5765,992,5,24
5766,992,13,2
5767,992,4,19
5768,993,15,3
5769,993,12,18
5770,993,19,16
5771,993,11,22
5772,993,11,9
5773,993,6,4
5774,993,3,5
5775,993,11,3
5776,994,21,0
5777,994,6,9
5778,994,15,2
5779,994,16,24
5780,994,9,7
5781,994,2,16
5782,995,22,9
5783,995,22,15
5784,995,17,7
5785,995,24,11
5786,996,22,6
5787,996,4,7
5788,996,9,22
5789,996,11,2
5790,997,6,23
5791,997,10,16
5792,997,18,1
5793,997,20,2
5794,997,1,21
5795,997,21,15
5796,997,2,6
5797,998,0,2
5798,999,23,9
5799,999,22,13
5800,999,4,1
5801,999,9,11
5802,999,18,11
5803,999,20,16
5804,1000,6,23
5805,1000,2,6
5806,1000,7,4
5807,1000,18,12
5808,1000,23,3
5809,1001,18,1
5810,1001,7,10
5811,1002,6,15
5812,1002,12,16
5813,1002,16,4
5814,1002,4,13
5815,1002,13,4
5816,1002,13,0
5817,1002,3,23
5818,1002,0,20
5819,1003,4,12
5820,1003,6,10
5821,1003,12,5
5822,1003,2,22
5823,1004,21,3
5824,1004,17,20
5825,1004,24,1
5826,1004,9,5
5827,1004,16,6
5828,1004,14,24
5829,1004,0,20
5830,1005,14,5
5831,1005,16,5
5832,1005,19,7
5833,1005,19,0
5834,1005,10,1
5835,1005,19,5
5836,1005,22,12
5837,1005,14,16
5838,1006,1,19
5839,1006,7,13
5840,1006,4,17
5841,1006,12,6
5842,1006,20,2
5843,1006,21,5
5844,1006,4,24
5845,1006,15,5
5846,1007,10,21
5847,1007,17,8
5848,1007,10,12
5849,1007,11,5
5850,1007,13,0
5851,1008,2,23
5852,1008,21,9
5853,1008,13,7
5854,1009,20,6
5855,1009,3,14
5856,1009,2,20
5857,1009,15,5
5858,1009,18,22
5859,1010,11,9
5860,1010,19,4
5861,1010,15,23
5862,1010,3,15
5863,1010,19,12
5864,1010,21,18
5865,1011,23,8
5866,1011,12,1
5867,1011,15,18
5868,1011,22,9
5869,1011,16,6
5870,1012,4,11
5871,1012,9,12
5872,1012,14,15
5873,1012,9,3
5874,1013,23,13
5875,1013,13,15
5876,1013,22,24
5877,1013,23,17
5878,1014,18,9
5879,1014,5,15
5880,1014,10,0
5881,1014,22,13
5882,1014,13,3
5883,1015,23,12
5884,1015,9,22
5885,1016,17,9
5886,1016,20,5
5887,1016,2,5
5888,1016,14,7
5889,1016,8,6
5890,1017,3,10
5891,1017,0,21
5892,1017,19,16
5893,1017,6,14
5894,1017,5,23
5895,1018,11,9
5896,1018,1,24
5897,1018,11,23
5898,1018,6,12
5899,1018,12,5
5900,1019,20,24
5901,1019,16,23
5902,1019,9,16
5903,1019,2,21
5904,1019,16,0
5905,1019,10,16
5906,1019,23,21
5907,1020,22,10
5908,1020,24,8
5909,1020,6,24
5910,1020,24,12
5911,1021,12,18
5912,1021,17,6
5913,1021,10,4
5914,1022,22,14
5915,1022,15,4
5916,1022,12,5
5917,1023,13,10
5918,1023,11,19
5919,1023,20,13
5920,1023,21,8
5921,1023,23,20
5922,1023,23,5
5923,1023,17,6
5924,1023,23,9
5925,1023,10,24
5926,1024,22,12
5927,1025,7,20
5928,1025,0,3
5929,1025,18,12
5930,1026,1,20
5931,1026,6,18
5932,1026,24,18
5933,1026,2,21
5934,1026,14,6
5935,1026,22,3
5936,1026,15,7
5937,1026,21,4
5938,1026,20,16
5939,1026,9,15
5940,1026,10,1
5941,1026,18,3
5942,1027,15,0
5943,1027,14,16
5944,1027,9,1
5945,1027,2,13
5946,1027,19,11
5947,1028,1,9
5948,1028,3,18
5949,1028,6,20
5950,1028,9,12
5951,1028,6,16
5952,1028,23,12
5953,1028,11,14
5954,1028,15,7
5955,1029,17,10
5956,1029,11,23
5957,1029,15,24
5958,1029,0,3
5959,1029,3,5
5960,1029,9,5
5961,1029,12,24
5962,1030,8,18
5963,1030,10,18
5964,1030,8,19
5965,1030,0,3
5966,1030,7,1
5967,1030,1,5
5968,1031,9,10
5969,1031,8,0
5970,1031,5,8
5971,1031,24,7
5972,1031,16,12
5973,1032,22,5
5974,1032,10,9
5975,1032,23,1
5976,1032,7,5
5977,1032,4,23
5978,1033,9,15
5979,1033,14,16
5980,1033,16,4
5981,1033,15,0
5982,1033,24,16
5983,1033,21,9
5984,1033,15,14
5985,1033,11,17
5986,1033,4,7
5987,1034,16,7
5988,1034,9,1
5989,1034,20,6
5990,1034,2,11
5991,1034,16,18
5992,1034,3,21
5993,1035,15,3
5994,1035,1,8
5995,1035,16,13
5996,1035,15,21
5997,1035,1,14
5998,1035,20,11
5999,1035,5,8
6000,1036,9,13
6001,1036,19,21
6002,1036,20,10
6003,1036,14,7
6004,1036,9,20
6005,1036,1,20
6006,1037,4,8
6007,1037,21,3
6008,1037,21,1
6009,1037,13,24
6010,1037,14,4
6011,1037,23,8
6012,1038,13,15
6013,1038,10,0
6014,1038,14,20
6015,1038,6,23
6016,1038,1,21
6017,1039,19,20
6018,1039,21,2
6019,1039,11,9
6020,1039,0,4
6021,1039,19,11
6022,1039,1,21
6023,1040,19,1
6024,1040,19,7
6025,1040,4,11
6026,1040,19,13
6027,1040,12,14
6028,1041,18,9
6029,1041,8,5
6030,1042,6,4
6031,1042,3,22
6032,1042,7,1
6033,1043,7,24
6034,1043,8,15
6035,1043,22,11
6036,1043,9,0
6037,1043,11,2
6038,1043,1,7
6039,1043,4,11
6040,1043,0,11
6041,1043,18,2
6042,1043,1,20
6043,1044,21,19
6044,1044,1,22
6045,1044,16,9
6046,1044,22,0
6047,1045,8,24
6048,1045,0,2
6049,1045,1,12
6050,1046,14,11
6051,1046,8,18
6052,1046,0,11
6053,1047,24,18
6054,1047,22,11
6055,1047,9,19
6056,1048,11,24
6057,1048,17,7
6058,1048,11,0
6059,1048,4,18
6060,1048,22,16
6061,1048,19,7
6062,1048,24,21
6063,1049,1,5
6064,1049,14,2
6065,1049,18,12
6066,1050,0,17
6067,1050,1,4
6068,1050,11,21
6069,1050,4,19
6070,1050,19,1
6071,1050,19,8
6072,1050,2,0
6073,1051,10,24
6074,1051,2,18
6075,1051,1,7
6076,1052,17,14
6077,1052,20,11
6078,1052,3,16
6079,1052,11,21
6080,1052,14,0
6081,1052,21,5
6082,1052,13,21
6083,1053,16,5
6084,1053,3,19
6085,1053,20,12
6086,1053,7,14
6087,1053,18,3
6088,1053,22,24
6089,1053,19,10
6090,1054,19,21
6091,1054,13,9
6092,1054,16,20
6093,1054,23,19
6094,1054,11,17
6095,1054,11,19
6096,1054,20,7
6097,1055,22,19
6098,1055,6,24
6099,1055,16,22
6100,1055,1,14
6101,1055,0,21
6102,1055,22,0
6103,1055,6,10
6104,1056,15,22
6105,1056,19,4
6106,1056,13,23
6107,1056,5,24
6108,1056,23,0
6109,1057,4,1
6110,1057,23,19
6111,1057,8,10
6112,1057,14,0
6113,1057,15,21
6114,1057,6,16
6115,1057,14,22
6116,1057,17,1
6117,1057,0,14
6118,1057,15,18
6119,1057,7,5
6120,1057,6,3
6121,1057,14,10
6122,1058,10,2
6123,1058,2,20
6124,1058,13,1
6125,1058,5,23
6126,1058,12,21
6127,1058,22,4
6128,1059,18,4
6129,1059,9,2
6130,1059,10,1
6131,1059,23,21
6132,1059,9,17
6133,1059,22,24
6134,1060,21,9
6135,1060,12,21
6136,1060,2,24
6137,1060,21,17
6138,1060,18,11
6139,1060,9,1
6140,1060,19,3
6141,1061,20,17
6142,1061,11,15
6143,1061,19,8
6144,1061,13,3
6145,1061,3,11
6146,1062,19,5
6147,1062,4,6
6148,1062,15,9
6149,1062,16,5
6150,1062,16,14
6151,1062,21,12
6152,1063,6,22
6153,1063,15,7
6154,1063,17,14
6155,1063,12,24
6156,1063,12,1
6157,1064,6,23
6158,1064,10,2
6159,1064,6,22
6160,1064,7,9
6161,1064,1,14
6162,1064,24,22
6163,1065,20,3
6164,1065,19,10
6165,1065,14,22
6166,1065,15,23
6167,1065,14,1
6168,1065,20,22
6169,1065,24,12
6170,1066,23,7
6171,1066,21,2
6172,1066,11,17
6173,1066,5,17
6174,1067,24,11
6175,1067,7,14
6176,1067,24,16
6177,1067,18,14
6178,1067,21,11
6179,1067,9,5
6180,1067,13,4
6181,1067,23,21
6182,1067,6,9
6183,1067,12,5
6184,1067,19,0
6185,1068,1,13
6186,1068,20,11
6187,1068,24,4
6188,1068,21,0
6189,1068,14,10
6190,1068,21,23
6191,1068,6,12
6192,1068,4,11
6193,1068,11,13
6194,1068,4,14
6195,1068,4,16
6196,1068,8,23
6197,1069,23,15
6198,1069,22,0
6199,1069,0,6
6200,1070,22,11
6201,1070,0,14
6202,1070,21,11
6203,1070,12,1
6204,1071,3,1
6205,1071,12,22
6206,1071,9,12
6207,1071,13,19
6208,1071,15,18
6209,1072,19,17
6210,1072,13,22
6211,1072,5,17
6212,1072,7,13
6213,1072,5,22
6214,1072,20,14
6215,1073,23,16
6216,1073,6,12
6217,1073,12,3
6218,1073,11,17
6219,1073,4,8
6220,1073,6,0
6221,1073,5,20
6222,1073,12,14
6223,1074,8,21
6224,1074,9,1
6225,1074,9,10
6226,1074,22,24
6227,1074,15,4
6228,1075,7,18
6229,1075,0,12
6230,1075,1,13
6231,1075,22,1
6232,1076,1,21
6233,1076,18,0
6234,1076,18,20
6235,1076,23,16
6236,1076,6,18
6237,1076,24,7
6238,1076,13,5
6239,1076,3,17
6240,1077,22,11
6241,1077,3,13
6242,1077,21,0
6243,1077,0,12
6244,1078,16,23
6245,1078,20,10
6246,1078,15,11
6247,1078,8,23
6248,1078,4,0
6249,1079,4,22
6250,1079,7,14
6251,1079,11,8
6252,1079,17,4
6253,1079,16,12
6254,1080,4,7
6255,1080,1,4
6256,1080,14,17
6257,1080,4,23
6258,1080,2,6
6259,1080,8,16
6260,1080,20,3
6261,1080,1,17
6262,1081,22,14
6263,1081,17,2
6264,1081,21,10
6265,1081,11,3
6266,1081,7,22
6267,1081,24,7
6268,1081,8,6
6269,1081,6,13
6270,1082,12,15
6271,1082,4,6
6272,1082,14,22
6273,1082,15,11
6274,1082,14,11
6275,1082,21,3
6276,1082,0,10
6277,1083,19,23
6278,1083,15,21
6279,1084,14,16
6280,1084,21,15
6281,1084,3,21
6282,1084,20,6
6283,1084,23,5
6284,1084,4,21
6285,1084,23,5
6286,1084,20,4
6287,1084,15,18
6288,1085,18,22
6289,1085,13,2
6290,1085,7,11
6291,1085,3,20
6292,1085,1,12
6293,1086,5,17
6294,1086,8,1
6295,1086,1,21
6296,1087,24,2
6297,1087,17,7
6298,1087,22,9
6299,1087,11,14
6300,1087,7,9
6301,1087,14,6
6302,1087,24,13
6303,1087,17,2
6304,1088,15,8
6305,1088,10,19
6306,1088,19,5
6307,1088,1,17
6308,1088,24,20
6309,1088,1,11
6310,1088,14,11
6311,1089,14,16
6312,1089,23,2
6313,1089,14,8
6314,1089,22,1
6315,1089,20,3
6316,1089,6,21
6317,1089,8,1
6318,1090,24,6
6319,1090,6,23
6320,1090,0,18
6321,1090,14,6
6322,1091,19,16
6323,1091,23,21
6324,1091,17,23
6325,1091,7,18
6326,1091,16,3
6327,1092,11,24
6328,1092,24,17
6329,1092,2,16
6330,1093,13,11
6331,1093,14,20
6332,1093,21,23
6333,1093,24,0
6334,1093,1,8
6335,1093,6,2
6336,1093,7,18
6337,1095,10,24
6338,1095,19,13
6339,1095,0,16
6340,1095,8,1
6341,1095,2,18
6342,1095,19,15
6343,1095,20,2
6344,1096,11,7
6345,1096,13,24
6346,1096,18,5
6347,1096,11,24
6348,1097,9,2
6349,1097,2,17
6350,1097,24,10
6351,1098,6,9
6352,1098,20,19
6353,1098,2,12
6354,1098,10,19
6355,1098,6,9
6356,1099,20,6
6357,1099,22,15
6358,1099,1,5
6359,1100,1,16
6360,1100,2,19
6361,1100,7,4
6362,1100,18,16
6363,1100,10,20
6364,1100,5,14
6365,1100,7,23
6366,1100,14,5
6367,1101,18,3
6368,1101,3,12
6369,1101,11,14
6370,1101,9,13
6371,1102,0,9
6372,1102,20,11
6373,1102,7,15
6374,1102,18,12
6375,1102,18,7
6376,1102,3,0
6377,1102,5,16
6378,1102,15,4
6379,1102,18,11
6380,1102,15,8
6381,1103,19,0
6382,1103,16,7
6383,1103,9,21
6384,1103,18,9
6385,1103,6,24
6386,1103,20,2
6387,1103,14,2
6388,1104,16,23
6389,1104,23,9
6390,1104,2,16
6391,1104,21,7
6392,1104,20,17
6393,1104,1,22
6394,1105,0,10
6395,1105,18,8
6396,1105,14,4
6397,1105,1,18
6398,1105,23,17
6399,1105,21,4
6400,1105,6,17
6401,1105,8,14
6402,1105,21,14
6403,1106,5,20
6404,1106,16,10
6405,1106,23,17
6406,1106,11,20
6407,1107,10,20
6408,1107,9,15
6409,1107,8,4
6410,1107,10,9
6411,1108,1,21
6412,1108,11,21
6413,1108,22,3
6414,1108,23,13
6415,1108,0,10
6416,1108,15,4
6417,1108,6,2
6418,1108,2,6
6419,1108,16,6
6420,1109,21,19
6421,1109,15,13
6422,1109,6,4
6423,1109,6,17
6424,1109,12,5
6425,1110,18,14
6426,1110,11,7
6427,1110,22,10
6428,1110,1,19
6429,1110,2,17
6430,1110,6,8
6431,1110,8,14
6432,1111,14,24
6433,1111,12,22
6434,1111,9,23
6435,1111,16,3
6436,1111,10,2
6437,1111,5,19
6438,1111,21,15
6439,1112,17,11
6440,1112,21,7
6441,1112,5,15
6442,1112,13,16
6443,1112,16,22
6444,1112,19,9
6445,1112,17,4
6446,1113,12,5
6447,1113,5,22
6448,1113,10,14
6449,1113,8,14
6450,1113,0,18
6451,1113,0,13
6452,1114,0,19
6453,1114,7,9
6454,1114,13,9
6455,1114,15,13
6456,1114,14,7
6457,1114,2,13
6458,1115,19,15
6459,1115,6,20
6460,1115,7,13
6461,1115,19,8
6462,1115,9,1
6463,1115,13,21
6464,1116,2,18
6465,1116,10,2
6466,1116,1,17
6467,1117,0,21
6468,1117,1,22
6469,1117,22,18
6470,1117,23,12
6471,1117,1,12
6472,1117,5,1
6473,1118,6,9
6474,1118,2,10
6475,1118,4,22
6476,1118,21,8
6477,1118,1,18
6478,1119,17,8
6479,1119,4,20
6480,1119,23,4
6481,1119,23,1
6482,1119,22,3
6483,1119,20,12
6484,1120,7,3
6485,1120,0,20
6486,1120,18,9
6487,1120,14,10
6488,1120,10,22
6489,1120,15,22
6490,1120,14,5
6491,1120,4,15
6492,1120,5,7
6493,1121,18,11
6494,1121,8,22
6495,1121,14,11
6496,1121,7,19
6497,1121,20,18
6498,1121,23,1
6499,1121,16,19
6500,1121,0,4
6501,1122,2,19
6502,1122,22,3
6503,1122,21,6
6504,1123,16,24
6505,1123,18,12
6506,1123,11,2
6507,1123,15,18
6508,1123,2,10
6509,1124,0,13
6510,1124,9,12
6511,1124,0,2
6512,1124,5,2
6513,1124,21,23
6514,1124,3,9
6515,1124,4,6
6516,1124,10,7
6517,1124,18,12
6518,1125,21,17
6519,1125,22,5
6520,1125,24,9
6521,1125,1,14
6522,1126,0,7
6523,1126,13,3
6524,1126,10,17
6525,1126,17,19
6526,1127,8,2
6527,1127,14,11
6528,1127,7,15
6529,1127,15,2
6530,1127,8,14
6531,1127,4,12
6532,1127,19,21
6533,1127,12,15
6534,1128,6,17
6535,1128,11,13
6536,1128,0,10
6537,1128,8,12
6538,1128,12,21
6539,1129,22,16
6540,1129,6,14
6541,1129,4,8
6542,1129,14,12
6543,1130,12,1
6544,1130,11,13
6545,1130,21,7
6546,1130,2,19
6547,1130,24,13
6548,1131,8,4
6549,1131,16,24
6550,1131,8,20
6551,1131,15,4
6552,1131,23,15
6553,1131,20,1
6554,1132,14,24
6555,1132,5,22
6556,1132,7,20
6557,1132,6,21
6558,1133,1,23
6559,1133,2,6
6560,1133,13,20
6561,1133,7,10
6562,1133,5,19
6563,1133,14,5
6564,1133,21,6
6565,1133,23,15
6566,1133,18,9
6567,1133,9,0
6568,1134,11,8
6569,1135,0,4
6570,1135,2,11
6571,1135,23,11
6572,1135,10,0
6573,1135,13,4
6574,1135,7,9
6575,1135,13,4
6576,1135,21,13
6577,1135,20,12
6578,1136,16,9
6579,1136,5,20
6580,1136,0,21
6581,1137,9,17
6582,1137,9,7
6583,1137,10,6
6584,1137,13,20
6585,1137,15,13
6586,1138,14,7
6587,1138,2,8
6588,1138,1,22
6589,1138,4,21
6590,1138,19,7
6591,1138,12,16
6592,1138,12,5
6593,1138,5,4
6594,1139,20,19
6595,1139,7,0
6596,1139,15,19
6597,1139,8,6
6598,1139,23,3
6599,1139,19,10
6600,1139,12,19
6601,1140,22,24
6602,1140,3,19
6603,1140,17,2
6604,1140,20,14
6605,1140,5,21
6606,1140,0,23
6607,1141,4,12
6608,1141,18,21
6609,1141,0,9
6610,1141,23,11
6611,1141,11,8
6612,1142,5,24
6613,1142,22,15
6614,1142,16,9
6615,1142,20,8
6616,1142,10,20
6617,1143,14,21
6618,1143,3,14
6619,1143,17,15
6620,1143,23,2
6621,1143,5,14
6622,1144,11,24
6623,1144,9,22
6624,1144,11,19
6625,1144,18,11
6626,1144,14,8
6627,1144,9,15
6628,1145,11,1
6629,1145,18,20
6630,1145,4,10
6631,1145,11,18
6632,1145,9,22
6633,1145,6,19
6634,1146,2,9
6635,1146,2,18
6636,1147,10,6
6637,1147,12,1
6638,1147,17,15
6639,1147,18,15
6640,1147,0,15
6641,1148,23,20
6642,1148,11,0
6643,1148,14,24
6644,1148,7,5
6645,1148,8,1
6646,1148,5,8
6647,1148,5,12
6648,1148,20,14
6649,1148,1,4
6650,1149,13,19
6651,1149,24,8
6652,1149,9,15
6653,1149,17,0
6654,1149,23,10
6655,1149,19,23
6656,1149,5,17
6657,1150,12,8
6658,1150,3,11
6659,1150,19,8
6660,1150,22,8
6661,1150,2,5
6662,1151,5,24
6663,1151,1,22
6664,1151,5,11
6665,1151,9,10
6666,1152,0,7
6667,1152,20,18
6668,1152,17,0
6669,1152,17,20
6670,1152,15,14
6671,1152,17,1
6672,1152,1,12
6673,1153,17,5
6674,1153,22,18
6675,1153,18,2
6676,1154,22,2
6677,1154,8,21
6678,1154,9,17
6679,1154,1,22
6680,1155,7,0
6681,1155,0,9
6682,1155,11,8
6683,1155,23,12
6684,1155,3,7
6685,1155,1,18
6686,1155,3,13
6687,1156,6,9
6688,1156,13,22
6689,1156,22,24
6690,1156,15,1
6691,1156,21,17
6692,1157,11,5
6693,1157,1,8
6694,1157,24,8
6695,1157,23,5
6696,1157,10,13
6697,1157,7,14
6698,1158,12,6
6699,1158,22,14
6700,1158,22,13
6701,1158,3,21
6702,1158,6,12
6703,1158,19,22
6704,1158,4,1
6705,1158,1,14
6706,1158,15,2
6707,1159,11,8
6708,1159,20,12
6709,1159,7,19
6710,1159,12,6
6711,1160,15,7
6712,1160,22,12
6713,1160,24,1
6714,1160,17,23
6715,1160,7,24
6716,1161,19,4
6717,1161,10,23
6718,1161,16,20
6719,1161,20,2
6720,1161,4,12
6721,1161,20,8
6722,1161,22,24
6723,1162,18,12
6724,1162,20,4
6725,1162,3,14
6726,1163,18,15
6727,1163,16,22
6728,1163,10,24
6729,1163,24,16
6730,1163,22,5
6731,1163,15,22
6732,1163,12,4
6733,1163,3,12
6734,1164,24,4
6735,1164,11,24
6736,1164,10,8
6737,1164,5,3
6738,1164,10,16
6739,1165,19,1
6740,1165,24,9
6741,1165,20,8
6742,1165,8,17
6743,1166,17,19
6744,1166,22,14
6745,1166,17,10
6746,1166,9,17
6747,1166,7,5
6748,1166,11,13
6749,1166,0,10
6750,1167,0,14
6751,1167,12,24
6752,1167,11,23
6753,1167,3,5
6754,1167,23,14
6755,1168,13,11
6756,1168,5,11
6757,1168,6,9
6758,1168,0,15
6759,1169,18,1
6760,1169,16,10
6761,1169,8,21
6762,1169,11,17
6763,1169,0,21
6764,1169,23,3
6765,1169,20,18
6766,1170,17,14
6767,1170,16,0
6768,1170,10,4
6769,1170,13,5
6770,1170,22,16
6771,1170,24,9
6772,1170,13,21
6773,1170,11,2
6774,1171,21,10
6775,1171,10,9
6776,1171,17,3
6777,1171,6,4
6778,1171,17,15
6779,1171,8,16
6780,1172,23,14
6781,1172,8,4
6782,1172,19,7
6783,1172,1,23
6784,1172,13,24
6785,1173,23,20
6786,1173,22,6
6787,1173,5,21
6788,1173,19,15
6789,1173,9,16
6790,1173,15,7
6791,1173,13,17
6792,1174,7,18
6793,1174,2,15
6794,1174,21,19
6795,1174,24,21
6796,1174,24,2
6797,1174,22,3
6798,1174,21,12
6799,1174,0,7
6800,1174,10,7
6801,1175,22,5
6802,1175,22,3
6803,1175,16,3
6804,1175,1,23
6805,1175,13,19
6806,1175,24,16
6807,1175,7,15
6808,1175,16,7
6809,1175,16,8
6810,1176,18,24
6811,1176,1,16
6812,1176,8,11
6813,1176,15,1
6814,1176,10,4
6815,1176,8,6
6816,1177,20,14
6817,1177,14,24
6818,1177,10,21
6819,1177,11,13
6820,1177,9,24
6821,1177,3,12
6822,1177,19,4
6823,1177,23,7
6824,1177,2,24
6825,1177,20,4
6826,1178,9,3
6827,1178,15,21
6828,1178,15,17
6829,1178,17,13
6830,1178,14,3
6831,1178,23,14
6832,1178,21,24
6833,1178,18,4
6834,1178,10,7
6835,1178,7,11
6836,1179,17,15
6837,1179,11,2
6838,1179,5,15
6839,1179,18,3
6840,1179,3,15
6841,1179,23,21
6842,1179,2,0
6843,1180,21,4
6844,1180,4,2
6845,1180,13,20
6846,1180,1,10
6847,1180,22,7
6848,1180,6,17
6849,1180,1,12
6850,1180,9,5
6851,1181,2,20
6852,1182,9,6
6853,1182,9,24
6854,1182,12,1
6855,1182,19,10
6856,1183,10,18
6857,1183,0,3
6858,1183,14,18
6859,1183,15,7
6860,1183,5,20
6861,1183,1,12
6862,1183,12,16
6863,1183,7,23
6864,1184,0,23
6865,1184,8,15
6866,1184,11,7
6867,1184,3,9
6868,1185,16,19
6869,1185,14,10
6870,1185,11,4
6871,1185,21,9
6872,1185,15,22
6873,1185,2,20
6874,1186,7,22
6875,1186,1,16
6876,1186,21,0
6877,1186,17,10
6878,1186,3,20
6879,1186,12,24
6880,1187,15,1
6881,1187,0,6
6882,1187,4,8
6883,1187,12,1
6884,1187,18,0
6885,1188,2,11
6886,1188,21,17
6887,1188,19,8
6888,1188,6,14
6889,1189,1,17
6890,1189,13,4
6891,1189,12,23
6892,1189,17,0
6893,1189,11,4
6894,1189,11,3
6895,1190,8,17
6896,1190,19,5
6897,1190,17,5
6898,1190,23,21
6899,1191,1,14
6900,1191,4,23
6901,1191,1,11
6902,1191,1,23
6903,1191,21,9
6904,1192,22,9
6905,1192,17,13
6906,1192,19,16
6907,1192,16,4
6908,1192,7,16
6909,1192,8,16
6910,1192,0,22
6911,1193,8,19
6912,1193,7,18
6913,1193,9,19
6914,1193,19,3
6915,1193,4,20
6916,1193,21,12
6917,1193,11,18
6918,1193,23,15
6919,1194,2,8
6920,1195,16,9
6921,1195,13,1
6922,1195,19,17
6923,1195,11,7
6924,1196,16,8
6925,1196,4,17
6926,1196,15,9
6927,1196,2,17
6928,1196,15,19
6929,1196,22,16
6930,1196,23,7
6931,1197,18,22
6932,1197,19,22
6933,1197,5,23
6934,1197,9,6
6935,1197,19,8
6936,1198,0,14
6937,1198,16,2
6938,1198,22,0
6939,1198,17,19
6940,1198,5,22
6941,1199,3,21
6942,1199,12,18
6943,1199,12,5
6944,1199,12,5
6945,1200,16,6
6946,1200,9,5
6947,1200,2,16
6948,1201,22,10
6949,1201,5,19
6950,1201,22,0
6951,1201,2,15
6952,1201,19,11
6953,1201,13,24
6954,1201,4,13
6955,1202,0,7
6956,1202,10,13
6957,1202,1,20
6958,1202,10,4
6959,1202,8,2
6960,1203,0,15
6961,1203,11,9
6962,1203,17,15
6963,1203,0,21
6964,1203,5,4
6965,1204,1,11
6966,1204,4,2
6967,1204,3,0
6968,1204,16,23
6969,1204,8,11
6970,1204,3,24
6971,1205,24,9
6972,1205,15,21
6973,1205,3,12
6974,1205,11,24
6975,1205,13,1
6976,1205,18,4
6977,1205,8,17
6978,1205,22,9
6979,1206,5,21
6980,1206,24,17
6981,1206,17,1
6982,1206,10,19
6983,1206,1,24
6984,1206,18,11
6985,1207,9,7
6986,1207,2,12
6987,1207,9,18
6988,1207,20,9
6989,1207,3,14
6990,1208,4,2
6991,1208,19,0
6992,1209,6,23
6993,1209,3,22
6994,1209,21,1
6995,1209,15,18
6996,1209,20,0
6997,1209,21,24
6998,1209,18,7
6999,1209,15,17
7000,1209,7,21
7001,1209,11,23
7002,1209,23,3
7003,1209,11,23
7004,1210,6,23
7005,1210,13,19
7006,1210,5,14
7007,1210,12,4
7008,1210,21,11
7009,1210,19,23
7010,1210,9,18
7011,1210,19,0
7012,1211,16,5
7013,1211,15,9
7014,1212,0,23
7015,1212,8,19
7016,1212,18,3
7017,1212,5,15
7018,1212,6,22
7019,1213,7,13
7020,1213,2,22
7021,1213,7,0
7022,1213,16,2
7023,1213,20,5
7024,1213,19,5
7025,1213,17,6
7026,1213,5,21
7027,1213,13,10
7028,1214,17,7
7029,1214,13,21
7030,1214,15,2
7031,1214,19,15
7032,1214,15,14
7033,1214,8,14
7034,1214,10,12
7035,1215,15,5
7036,1215,12,3
7037,1215,2,23
7038,1215,1,19
7039,1215,6,10
7040,1216,18,9
7041,1216,16,12
7042,1216,4,16
7043,1216,16,8
7044,1217,17,14
7045,1217,17,15
7046,1218,15,24
7047,1218,23,8
7048,1218,0,14
7049,1218,2,15
7050,1218,19,10
7051,1218,9,5
7052,1218,15,0
7053,1218,15,21
7054,1218,2,6
7055,1218,21,7
7056,1219,0,7
7057,1219,15,11
7058,1219,3,17
7059,1219,7,11
7060,1220,10,21
7061,1220,9,24
7062,1220,24,14
7063,1220,3,14
7064,1220,21,14
7065,1220,10,8
7066,1220,6,20
7067,1221,11,19
7068,1221,18,24
7069,1221,17,23
7070,1221,10,12
7071,1221,12,15
7072,1221,7,14
7073,1221,14,15
7074,1222,18,16
7075,1222,11,8
7076,1222,2,19
7077,1222,24,0
7078,1222,10,2
7079,1222,4,0
7080,1222,3,9
7081,1223,23,2
7082,1223,22,5
7083,1223,24,5
7084,1223,5,7
7085,1223,24,20
7086,1223,22,14
7087,1223,19,6
7088,1224,10,16
7089,1224,7,10
7090,1224,20,7
7091,1225,9,6
7092,1225,6,18
7093,1225,15,18
7094,1225,22,7
7095,1225,17,24
7096,1226,2,5
7097,1226,18,8
7098,1227,2,8
7099,1227,9,15
7100,1227,0,9
7101,1227,5,3
7102,1227,15,2
7103,1227,3,1
7104,1227,19,3
7105,1227,18,8
7106,1228,16,6
7107,1228,23,0
7108,1228,6,13
7109,1228,7,24
7110,1228,17,7
7111,1229,15,3
7112,1229,15,24
7113,1229,7,4
7114,1229,5,18
7115,1229,15,9
7116,1229,9,1
7117,1229,10,2
7118,1229,12,0
7119,1229,2,21
7120,1230,8,10
7121,1230,18,20
7122,1230,0,12
7123,1230,11,0
7124,1230,15,12
7125,1231,21,11
7126,1232,1,5
7127,1232,22,14
7128,1232,2,8
7129,1232,17,19
7130,1232,2,24
7131,1232,14,10
7132,1232,11,23
7133,1232,11,5
7134,1232,18,11
7135,1232,3,7
7136,1233,10,19
7137,1233,23,13
7138,1233,0,15
7139,1233,3,23
7140,1233,2,19
7141,1233,5,18
7142,1233,16,2
7143,1233,12,6
7144,1234,20,12
7145,1234,9,11
7146,1234,0,14
7147,1234,19,8
7148,1234,10,9
7149,1234,12,19
7150,1234,17,8
7151,1234,3,13
7152,1235,1,14
7153,1235,15,19
7154,1235,8,23
7155,1235,12,21
7156,1236,2,14
7157,1236,3,23
7158,1236,11,13
7159,1236,4,12
7160,1236,10,17
7161,1237,20,4
7162,1237,24,13
7163,1237,8,20
7164,1237,16,22
7165,1237,19,13
7166,1237,3,9
7167,1237,2,19
7168,1237,15,3
7169,1237,4,2
7170,1237,11,3
7171,1238,22,0
7172,1238,3,5
7173,1238,1,11
7174,1238,20,6
7175,1238,10,1
7176,1239,15,24
7177,1239,7,13
7178,1239,17,8
7179,1239,21,11
7180,1239,9,18
7181,1239,16,9
7182,1240,15,14
7183,1240,1,11
7184,1240,7,21
7185,1240,19,22
7186,1240,2,22
7187,1241,5,1
7188,1241,0,17
7189,1241,21,9
7190,1242,7,4
7191,1242,22,16
7192,1242,22,12
7193,1242,1,7
7194,1242,7,24
7195,1243,0,23
7196,1243,14,5
7197,1243,6,14
7198,1244,17,5
7199,1244,4,12
7200,1244,16,18
7201,1244,0,7
7202,1244,17,4
7203,1245,4,23
7204,1245,0,14
7205,1245,20,11
7206,1245,4,15
7207,1245,0,10
7208,1246,13,21
7209,1246,16,6
7210,1247,4,6
7211,1247,24,15
7212,1247,1,3
7213,1248,14,15
7214,1248,20,19
7215,1248,24,1
7216,1248,5,7
7217,1248,0,3
7218,1248,19,0
7219,1248,24,10
7220,1249,1,7
7221,1249,24,17
7222,1249,3,23
7223,1249,11,23
7224,1250,16,0
7225,1250,12,6
7226,1250,10,6
7227,1250,7,20
7228,1250,21,8
7229,1250,1,11
7230,1250,18,8
7231,1250,24,6
7232,1250,0,10
7233,1250,9,5
7234,1250,2,9
7235,1251,17,23
7236,1251,18,11
7237,1251,14,3
7238,1251,12,19
7239,1251,2,11
7240,1251,21,8
7241,1251,10,0
7242,1251,9,24
7243,1251,1,18
7244,1251,16,4
7245,1251,18,24
7246,1251,3,18
7247,1251,10,24
7248,1251,20,3
7249,1252,19,3
7250,1252,0,8
7251,1252,21,0
7252,1253,3,20
7253,1253,7,20
7254,1253,2,18
7255,1253,11,22
7256,1253,4,19
7257,1253,14,21
7258,1254,6,8
7259,1254,0,14
7260,1254,9,18
7261,1254,8,18
7262,1254,13,21
7263,1254,17,24
7264,1254,9,2
7265,1255,1,24
7266,1256,5,13
7267,1256,24,10
7268,1256,13,9
7269,1256,2,5
7270,1256,17,19
7271,1257,3,17
7272,1257,20,1
7273,1257,16,20
7274,1257,18,8
7275,1257,20,0
7276,1257,1,21
7277,1257,10,22
7278,1258,20,12
7279,1258,21,23
7280,1258,4,22
7281,1258,19,17
7282,1258,3,23
7283,1258,2,5
7284,1259,18,5
7285,1259,4,22
7286,1259,24,0
7287,1259,23,20
7288,1259,7,24
7289,1259,12,18
7290,1259,0,4
7291,1260,5,7
7292,1260,0,11
7293,1260,5,4
7294,1260,23,5
7295,1260,3,17
7296,1260,23,3
7297,1261,7,19
7298,1261,9,24
7299,1261,15,23
7300,1261,12,9
7301,1261,7,20
7302,1261,10,3
7303,1262,1,15
7304,1262,7,23
7305,1262,5,18
7306,1263,15,3
7307,1263,4,8
7308,1263,1,12
7309,1263,8,15
7310,1264,2,16
7311,1264,7,0
7312,1264,20,9
7313,1264,7,21
7314,1264,6,23
7315,1265,6,12
7316,1265,21,2
7317,1265,5,8
7318,1266,9,21
7319,1266,18,9
7320,1266,0,8
7321,1266,19,0
7322,1266,16,5
7323,1266,13,17
7324,1267,0,24
7325,1267,4,13
7326,1268,9,23
7327,1268,14,8
7328,1268,23,13
7329,1268,5,22
7330,1268,23,6
7331,1269,10,0
7332,1269,5,16
7333,1269,18,14
7334,1269,12,4
7335,1269,16,20
7336,1269,13,11
7337,1270,3,7
7338,1270,7,1
7339,1270,5,9
7340,1270,8,12
7341,1270,11,18
7342,1271,3,11
7343,1271,9,12
7344,1271,4,20
7345,1272,14,22
7346,1272,16,1
7347,1272,19,7
7348,1272,21,6
7349,1272,15,12
7350,1272,15,6
7351,1272,24,0
7352,1272,18,4
7353,1273,5,23
7354,1273,15,6
7355,1273,22,8
7356,1273,1,18
7357,1274,24,15
7358,1274,4,19
7359,1274,14,20
7360,1274,3,11
7361,1274,8,22
7362,1275,17,24
7363,1275,14,12
7364,1275,7,4
7365,1275,22,19
7366,1275,18,5
7367,1275,21,8
7368,1275,23,9
7369,1276,4,16
7370,1276,20,9
7371,1276,11,13
7372,1276,23,12
7373,1277,19,6
7374,1277,21,6
7375,1277,24,0
7376,1277,8,19
7377,1277,7,18
7378,1277,4,1
7379,1277,17,5
7380,1278,14,10
7381,1279,18,8
7382,1279,5,19
7383,1279,3,16
7384,1279,7,23
7385,1280,1,8
7386,1280,6,15
7387,1280,21,1
7388,1280,22,11
7389,1280,23,13
7390,1280,16,4
7391,1280,11,3
7392,1282,15,23
7393,1282,23,20
7394,1282,20,14
7395,1282,20,0
7396,1282,17,19
7397,1282,2,8
7398,1282,19,10
7399,1282,4,14
7400,1283,16,19
7401,1283,1,17
7402,1283,21,11
7403,1283,10,4
7404,1283,21,12
7405,1283,19,11
7406,1284,14,0
7407,1284,11,19
7408,1284,18,16
7409,1285,9,17
7410,1285,20,24
7411,1285,10,13
7412,1286,21,9
7413,1286,24,22
7414,1286,14,17
7415,1286,16,6
7416,1286,10,7
7417,1286,0,6
7418,1287,9,7
7419,1287,7,3
7420,1287,1,3
7421,1287,12,20
7422,1288,8,16
7423,1288,3,7
7424,1288,22,1
7425,1288,22,14
7426,1288,14,2
7427,1288,3,13
7428,1288,14,10
7429,1288,22,13
7430,1288,10,24
7431,1288,17,7
7432,1288,1,21
7433,1288,16,22
7434,1288,1,3
7435,1289,17,0
7436,1289,24,22
7437,1289,15,18
7438,1289,24,17
7439,1289,10,14
7440,1289,1,14
7441,1289,1,16
7442,1289,11,20
7443,1289,9,3
7444,1290,13,1
7445,1290,17,4
7446,1290,2,5
7447,1291,16,12
7448,1291,11,20
7449,1291,13,11
7450,1291,20,17
7451,1291,17,6
7452,1291,6,24
7453,1291,22,0
7454,1291,7,17
7455,1292,14,4
7456,1292,1,23
7457,1292,21,8
7458,1292,7,15
7459,1293,9,11
7460,1294,9,18
7461,1294,16,23
7462,1294,23,11
7463,1294,13,15
7464,1294,19,0
7465,1295,21,4
7466,1295,24,11
7467,1295,4,2
7468,1295,10,19
7469,1296,19,3
7470,1296,13,11
7471,1296,19,6
7472,1296,18,7
7473,1296,20,10
7474,1297,22,0
7475,1297,11,24
7476,1298,14,3
7477,1298,6,10
7478,1298,4,18
7479,1298,2,17
7480,1298,9,22
7481,1299,2,6
7482,1299,15,22
7483,1299,12,15
7484,1299,21,1
7485,1299,14,20
7486,1300,17,11
7487,1300,2,17
7488,1300,16,10
7489,1300,11,20
7490,1301,19,4
7491,1301,6,16
7492,1301,18,22
7493,1301,10,6
7494,1301,3,10
7495,1301,24,22
7496,1301,19,22
7497,1301,12,16
7498,1301,2,13
7499,1302,9,11
7500,1302,3,16
7501,1302,24,14
7502,1302,9,1
7503,1302,20,5
7504,1302,22,4
7505,1302,11,21
7506,1302,23,3
7507,1303,3,9
7508,1303,17,20
7509,1303,14,15
7510,1303,15,23
7511,1303,11,17
7512,1303,17,15
7513,1303,13,17
7514,1303,18,20
7515,1304,22,11
7516,1304,0,19
7517,1304,1,20
7518,1304,11,21
7519,1304,16,0
7520,1304,13,19
7521,1304,15,8
7522,1305,17,7
7523,1305,8,19
7524,1305,22,6
7525,1305,13,10
7526,1305,8,23
7527,1305,23,2
7528,1306,1,19
7529,1306,4,24
7530,1306,21,6
7531,1306,5,23
7532,1306,5,24
7533,1306,19,13
7534,1306,4,12
7535,1306,23,19
7536,1306,12,1
7537,1307,2,10
7538,1307,2,6
7539,1307,10,19
7540,1307,15,24
7541,1307,23,8
7542,1307,2,10
7543,1307,23,0
7544,1307,22,13
7545,1307,9,23
7546,1308,10,21
7547,1308,9,20
7548,1308,12,24
7549,1308,22,11
7550,1308,13,21
7551,1308,12,6
7552,1309,20,19
7553,1309,23,11
7554,1309,21,14
7555,1309,5,11
7556,1310,8,15
7557,1310,24,11
7558,1310,19,7
7559,1310,8,18
7560,1310,2,22
7561,1310,22,3
7562,1310,10,19
7563,1311,14,4
7564,1311,9,23
7565,1311,0,23
7566,1312,19,15
7567,1312,2,21
7568,1312,17,5
7569,1312,13,19
7570,1312,20,4
7571,1312,17,1
7572,1312,1,3
7573,1312,9,7
7574,1312,7,22
7575,1313,7,14
7576,1313,6,3
7577,1313,19,2
7578,1313,9,20
7579,1313,2,14
7580,1313,16,19
7581,1314,12,6
7582,1314,15,9
7583,1314,2,24
7584,1315,17,7
7585,1315,2,13
7586,1315,4,6
7587,1315,23,21
7588,1315,13,1
7589,1315,7,11
7590,1315,4,23
7591,1315,3,11
7592,1316,7,1
7593,1316,19,9
7594,1316,10,13
7595,1316,7,17
7596,1317,7,14
7597,1317,21,10
7598,1317,4,20
7599,1317,14,24
7600,1318,17,9
7601,1318,21,24
7602,1318,3,13
7603,1318,5,22
7604,1319,0,20
7605,1319,0,9
7606,1319,18,24
7607,1319,15,24
7608,1320,14,12
7609,1320,13,19
7610,1320,12,16
7611,1320,9,6
7612,1320,3,20
7613,1321,8,2
7614,1321,22,10
7615,1321,21,23
7616,1321,23,7
7617,1321,2,9
7618,1322,4,11
7619,1322,16,24
7620,1322,13,5
7621,1322,24,14
7622,1322,23,16
7623,1322,1,8
7624,1323,1,19
7625,1323,15,2
7626,1323,20,23
7627,1323,7,21
7628,1323,24,6
7629,1323,1,14
7630,1324,11,19
7631,1324,6,4
7632,1324,8,0
7633,1324,11,19
7634,1324,14,6
7635,1324,4,24
7636,1325,4,20
7637,1325,17,10
7638,1325,1,22
7639,1325,23,10
7640,1325,10,17
7641,1325,13,22
7642,1326,0,10
7643,1326,13,23
7644,1326,12,4
7645,1326,17,0
7646,1326,4,13
7647,1326,8,19
7648,1326,1,24
7649,1326,4,15
7650,1326,6,13
7651,1326,22,4
7652,1327,24,18
7653,1327,15,14
7654,1327,5,12
7655,1328,18,14
7656,1328,16,20
7657,1328,14,21
7658,1329,7,18
7659,1329,11,15
7660,1329,10,14
7661,1329,7,23
7662,1329,1,21
7663,1329,2,13
7664,1329,2,4
7665,1329,16,24
7666,1329,13,5
7667,1329,11,15
7668,1329,19,2
7669,1329,6,23
7670,1330,10,18
7671,1330,18,5
7672,1330,16,10
7673,1330,20,10
7674,1330,24,11
7675,1330,22,20
7676,1330,23,4
7677,1330,12,24
7678,1331,13,0
7679,1331,2,14
7680,1331,0,9
7681,1331,20,4
7682,1332,6,14
7683,1332,1,18
7684,1332,8,16
7685,1332,10,20
7686,1332,2,21
7687,1332,8,4
7688,1332,18,8
7689,1332,20,19
7690,1333,16,2
7691,1333,6,0
7692,1333,0,2
7693,1333,22,24
7694,1333,1,9
7695,1333,4,19
7696,1334,15,12
7697,1334,8,1
7698,1334,19,6
7699,1334,19,23
7700,1335,13,7
7701,1335,6,22
7702,1335,8,6
7703,1335,22,16
7704,1335,4,11
7705,1335,0,14
7706,1335,19,13
7707,1335,18,15
7708,1336,4,7
7709,1336,20,24
7710,1336,15,0
7711,1336,23,21
7712,1337,5,19
7713,1337,18,9
7714,1337,23,20
7715,1337,18,15
7716,1337,22,3
7717,1337,13,0
7718,1337,19,17
7719,1338,3,24
7720,1338,23,9
7721,1338,21,3
7722,1338,21,23
7723,1338,9,10
7724,1339,2,20
7725,1339,2,14
7726,1339,3,23
7727,1339,24,0
7728,1339,0,6
7729,1339,19,11
7730,1339,1,9
7731,1339,9,18
7732,1340,12,1
7733,1340,16,20
7734,1340,23,10
7735,1340,17,13
7736,1340,3,14
7737,1340,0,9
7738,1340,19,15
7739,1340,21,12
7740,1340,19,15
7741,1340,19,6
7742,1341,2,8
7743,1341,23,7
7744,1341,4,20
7745,1341,5,11
7746,1341,10,17
7747,1341,14,17
7748,1341,10,22
7749,1341,8,6
7750,1341,1,5
7751,1341,2,15
7752,1342,24,2
7753,1342,7,21
7754,1342,9,1
7755,1342,4,6
7756,1342,2,8
7757,1342,17,3
7758,1342,0,12
7759,1343,0,14
7760,1343,9,20
7761,1343,5,4
7762,1344,9,13
7763,1344,7,0
7764,1344,6,15
7765,1344,21,24
7766,1345,8,10
7767,1345,13,7
7768,1345,15,4
7769,1346,24,16
7770,1346,14,12
7771,1346,0,6
7772,1346,6,22
7773,1346,22,7
7774,1346,14,1
7775,1347,0,2
7776,1347,2,14
7777,1347,8,14
7778,1347,23,15
7779,1347,17,13
7780,1348,19,5
7781,1348,8,16
7782,1348,20,3
7783,1348,5,12
7784,1348,0,13
7785,1348,22,15
7786,1348,4,21
7787,1348,7,24
7788,1348,16,20
7789,1349,13,24
7790,1349,11,4
7791,1349,18,2
7792,1349,4,7
7793,1349,21,12
7794,1349,21,8
7795,1349,5,13
7796,1349,20,11
7797,1349,7,11
7798,1349,15,11
7799,1350,22,1
7800,1350,12,9
7801,1350,5,9
7802,1350,8,15
7803,1350,24,14
7804,1350,5,24
7805,1351,24,10
7806,1351,14,15
7807,1351,9,19
7808,1351,1,16
7809,1351,6,18
7810,1351,15,0
7811,1351,24,18
7812,1352,19,7
7813,1352,23,7
7814,1352,5,19
7815,1353,3,1
7816,1353,18,16
7817,1353,12,18
7818,1353,19,10
7819,1353,10,1
7820,1353,0,20
7821,1354,21,10
7822,1354,16,10
7823,1354,20,3
7824,1354,11,21
7825,1355,2,11
7826,1355,6,12
7827,1355,3,10
7828,1355,9,20
7829,1355,23,21
7830,1355,19,22
7831,1355,19,15
7832,1356,11,9
7833,1356,20,1
7834,1356,19,12
7835,1356,10,12
7836,1356,22,12
7837,1356,22,18
7838,1357,5,19
7839,1357,24,18
7840,1357,22,2
7841,1357,11,17
7842,1357,24,11
7843,1357,7,17
7844,1358,11,23
7845,1358,0,15
7846,1358,0,24
7847,1358,3,24
7848,1358,22,18
7849,1358,5,17
7850,1358,22,8
7851,1359,8,10
7852,1359,16,24
7853,1359,10,0
7854,1359,5,17
7855,1359,18,24
7856,1359,3,1
7857,1359,13,21
7858,1359,4,22
7859,1360,24,0
7860,1360,22,8
7861,1360,6,4
7862,1361,4,10
7863,1361,21,9
7864,1361,11,23
7865,1361,20,16
7866,1361,8,15
7867,1361,2,24
7868,1361,19,8
7869,1361,20,22
7870,1362,22,6
7871,1362,22,10
7872,1362,22,18
7873,1362,6,15
7874,1362,9,0
7875,1363,1,17
7876,1363,24,21
7877,1363,6,20
7878,1363,23,10
7879,1363,4,20
7880,1363,16,22
7881,1363,5,13
7882,1364,11,23
7883,1364,17,0
7884,1364,3,10
7885,1365,22,14
7886,1365,5,17
7887,1365,20,22
7888,1365,5,16
7889,1365,14,18
7890,1365,20,8
7891,1366,18,6
7892,1366,17,4
7893,1366,20,24
7894,1366,2,22
7895,1366,10,14
7896,1366,24,14
7897,1367,6,12
7898,1367,17,2
7899,1367,18,21
7900,1367,19,21
7901,1367,24,0
7902,1368,15,17
7903,1368,13,5
7904,1368,14,7
7905,1368,12,18
7906,1368,20,24
7907,1368,22,15
7908,1369,15,19
7909,1369,12,15
7910,1369,23,11
7911,1369,8,2
7912,1370,22,24
7913,1370,13,23
7914,1370,2,9
7915,1370,19,4
7916,1371,22,4
7917,1371,5,19
7918,1371,19,11
7919,1371,18,11
7920,1371,13,1
7921,1371,11,8
7922,1372,19,23
7923,1372,13,15
7924,1372,21,14
7925,1372,19,6
7926,1372,11,7
7927,1373,7,16
7928,1373,2,10
7929,1373,18,2
7930,1373,11,17
7931,1374,23,9
7932,1374,1,12
7933,1374,19,13
7934,1375,16,0
7935,1375,17,6
7936,1375,19,12
7937,1375,9,16
7938,1375,1,9
7939,1375,15,6
7940,1375,24,21
7941,1375,12,10
7942,1375,11,23
7943,1375,8,6
7944,1375,4,6
7945,1375,12,9
7946,1375,2,11
7947,1375,8,17
7948,1376,24,15
7949,1376,20,12
7950,1376,3,13
7951,1376,23,15
7952,1376,23,21
7953,1376,0,13
7954,1377,4,18
7955,1377,5,8
7956,1377,0,10
7957,1378,11,0
7958,1378,18,24
7959,1378,12,23
7960,1378,17,5
7961,1378,16,12
7962,1379,19,13
7963,1379,10,13
7964,1379,12,14
7965,1379,15,13
7966,1379,23,2
7967,1379,14,2
7968,1379,3,11
7969,1379,14,22
7970,1379,9,20
7971,1379,7,17
7972,1380,15,12
7973,1380,4,18
7974,1380,4,18
7975,1380,12,21
7976,1380,10,24
7977,1380,15,8
7978,1381,20,2
7979,1381,1,15
7980,1381,19,4
7981,1381,8,12
7982,1381,3,19
7983,1381,6,16
7984,1381,23,9
7985,1381,3,22
7986,1382,12,8
7987,1382,14,17
7988,1382,23,13
7989,1382,3,24
7990,1382,16,5
7991,1382,15,18
7992,1382,23,8
7993,1382,12,4
7994,1382,18,7
7995,1383,5,8
7996,1383,12,22
7997,1383,6,14
7998,1383,16,13
7999,1383,0,7
8000,1384,4,0
8001,1384,3,18
8002,1384,17,2
8003,1384,21,14
8004,1385,15,2
8005,1385,14,21
8006,1385,10,17
8007,1385,12,6
8008,1385,17,1
8009,1385,4,20
8010,1386,7,15
8011,1386,22,12
8012,1386,15,8
8013,1386,12,16
8014,1386,7,20
8015,1386,2,21
8016,1387,16,24
8017,1387,17,19
8018,1387,23,7
8019,1387,12,20
8020,1387,3,14
8021,1387,1,14
8022,1387,10,16
8023,1387,10,20
8024,1387,22,20
8025,1387,6,22
8026,1387,4,18
8027,1387,3,5
8028,1388,0,12
8029,1388,15,6
8030,1388,1,19
8031,1388,14,12
8032,1388,8,0
8033,1388,13,6
8034,1389,3,10
8035,1389,8,6
8036,1389,14,24
8037,1389,5,20
8038,1389,5,3
8039,1389,23,20
8040,1390,5,20
8041,1390,15,3
8042,1390,12,18
8043,1391,24,11
8044,1391,0,24
8045,1391,4,20
8046,1391,9,5
8047,1391,19,4
8048,1391,16,20
8049,1392,24,21
8050,1392,20,22
8051,1392,4,8
8052,1392,11,20
8053,1392,2,22
8054,1392,0,4
8055,1392,20,2
8056,1392,15,12
8057,1392,20,9
8058,1393,13,4
8059,1393,7,13
8060,1393,17,10
8061,1393,18,15
8062,1394,2,13
8063,1394,16,4
8064,1394,4,5
8065,1394,0,7
8066,1395,19,13
8067,1395,22,13
8068,1395,14,7
8069,1395,2,9
8070,1396,6,14
8071,1396,5,13
8072,1396,13,19
8073,1396,16,7
8074,1396,18,21
8075,1396,10,19
8076,1396,13,15
8077,1396,24,10
8078,1396,13,21
8079,1396,17,23
8080,1397,13,7
8081,1397,15,13
8082,1397,7,23
8083,1397,12,24
8084,1397,18,20
8085,1397,21,19
8086,1397,11,22
8087,1397,23,9
8088,1397,20,10
8089,1397,14,1
8090,1398,15,4
8091,1398,14,4
8092,1399,13,24
8093,1399,8,2
8094,1399,20,8
8095,1399,24,3
8096,1399,2,20
8097,1399,21,0
8098,1399,17,4
8099,1400,6,19
8100,1400,6,4
8101,1400,12,6
8102,1400,3,13
8103,1400,12,3
8104,1401,8,1
8105,1401,2,0
8106,1401,10,3
8107,1401,11,17
8108,1401,14,2
8109,1402,14,5
8110,1402,22,0
8111,1402,18,14
8112,1402,15,4
8113,1402,23,12
8114,1403,19,7
8115,1403,18,0
8116,1403,5,3
8117,1403,6,23
8118,1403,19,6
8119,1403,24,17
8120,1403,24,9
8121,1403,18,3
8122,1403,8,10
8123,1404,20,7
8124,1404,3,12
8125,1404,6,16
8126,1404,2,19
8127,1404,13,5
8128,1404,15,12
8129,1405,14,8
8130,1406,8,16
8131,1406,14,12
8132,1406,17,11
8133,1406,10,7
8134,1407,6,0
8135,1407,14,10
8136,1407,13,11
8137,1407,2,11
8138,1407,13,0
8139,1407,18,14
8140,1408,5,22
8141,1408,6,24
8142,1408,7,5
8143,1408,1,9
8144,1408,6,19
8145,1408,5,19
8146,1408,7,9
8147,1409,18,3
8148,1409,2,6
8149,1409,0,17
8150,1409,9,5
8151,1409,7,3
8152,1409,4,6
8153,1410,17,11
8154,1410,3,10
8155,1410,6,15
8156,1410,19,13
8157,1410,15,14
8158,1410,24,20
8159,1410,3,16
8160,1410,6,2
8161,1410,13,21
8162,1410,3,9
8163,1410,7,10
8164,1411,2,24
8165,1411,10,2
8166,1411,5,21
8167,1411,15,24
8168,1411,19,15
8169,1412,24,13
8170,1412,18,2
8171,1413,2,10
8172,1413,9,19
8173,1413,7,17
8174,1413,12,10
8175,1413,11,21
8176,1414,21,2
8177,1414,10,12
8178,1414,1,22
8179,1414,13,3
8180,1414,19,6
8181,1415,5,8
8182,1415,23,2
8183,1415,19,12
8184,1415,12,14
8185,1415,4,11
8186,1415,5,7
8187,1415,5,15
8188,1415,3,18
8189,1415,22,8
8190,1416,5,7
8191,1416,21,19
8192,1416,16,9
8193,1416,23,4
8194,1416,18,15
8195,1416,24,22
8196,1417,9,22
8197,1417,8,17
8198,1417,9,10
8199,1417,2,21
8200,1417,14,4
8201,1417,1,21
8202,1417,15,22
8203,1417,24,3
8204,1418,14,17
8205,1418,1,23
8206,1419,17,8
8207,1419,17,2
8208,1420,0,22
8209,1420,5,12
8210,1420,16,3
8211,1420,11,21
8212,1420,8,12
8213,1420,20,13
8214,1421,11,4
8215,1421,17,23
8216,1422,15,18
8217,1422,2,24
8218,1422,4,5
8219,1422,15,8
8220,1422,5,8
8221,1422,23,3
8222,1422,23,3
8223,1422,0,18
8224,1422,22,8
8225,1422,14,15
8226,1422,1,10
8227,1423,3,24
8228,1423,22,13
8229,1423,5,22
8230,1423,7,0
8231,1423,3,18
8232,1424,8,4
8233,1424,8,4
8234,1424,14,6
8235,1424,24,9
8236,1425,14,10
8237,1425,18,21
8238,1425,0,11
8239,1425,13,7
8240,1426,4,2
8241,1426,18,8
8242,1426,13,7
8243,1426,14,15
8244,1426,23,11
8245,1426,21,18
8246,1426,7,13
8247,1426,4,22
8248,1426,9,21
8249,1426,12,22
8250,1426,8,20
8251,1426,22,3
8252,1427,13,4
8253,1427,10,14
8254,1427,12,24
8255,1427,10,4
8256,1427,19,21
8257,1427,22,19
8258,1427,11,24
8259,1427,23,14
8260,1428,22,7
8261,1428,24,7
8262,1428,18,11
8263,1428,14,10
8264,1428,0,16
8265,1428,17,1
8266,1429,0,14
8267,1429,14,15
8268,1429,8,14
8269,1429,12,15
8270,1429,22,10
8271,1429,21,4
8272,1429,6,9
8273,1429,20,2
8274,1429,13,16
8275,1429,5,12
8276,1429,2,22
8277,1429,23,15
8278,1430,21,13
8279,1430,7,4
8280,1430,18,24
8281,1431,22,3
8282,1431,8,22
8283,1431,18,9
8284,1431,19,22
8285,1431,16,9
8286,1432,16,2
8287,1432,15,8
8288,1432,3,1
8289,1432,2,9
8290,1432,22,24
8291,1433,15,12
8292,1433,23,9
8293,1433,18,7
8294,1433,20,5
8295,1433,0,20
8296,1433,2,0
8297,1434,9,0
8298,1434,9,22
8299,1434,9,11
8300,1436,15,2
8301,1436,4,10
8302,1436,3,14
8303,1436,8,6
8304,1437,0,2
8305,1437,1,3
8306,1437,21,10
8307,1437,6,23
8308,1438,3,10
8309,1438,23,13
8310,1438,20,3
8311,1438,23,0
8312,1438,7,16
8313,1438,14,11
8314,1438,6,16
8315,1438,2,8
8316,1438,5,11
8317,1438,6,0
8318,1438,8,11
8319,1439,8,22
8320,1439,9,16
8321,1439,3,14
8322,1439,1,21
8323,1439,1,15
8324,1439,6,15
8325,1439,8,17
8326,1439,8,0
8327,1439,22,24
8328,1439,4,13
8329,1439,12,23
8330,1439,20,2
8331,1440,10,14
8332,1440,12,22
8333,1440,19,15
8334,1440,17,11
8335,1440,15,23
8336,1440,7,15
8337,1441,15,6
8338,1441,8,5
8339,1441,21,18
8340,1441,18,4
8341,1441,17,21
8342,1441,21,9
8343,1441,9,21
8344,1441,2,10
8345,1441,16,12
8346,1441,4,21
8347,1441,18,2
8348,1441,24,4
8349,1442,11,20
8350,1442,3,6
8351,1442,8,1
8352,1442,5,20
8353,1442,4,1
8354,1442,21,10
8355,1442,11,13
8356,1442,0,6
8357,1442,14,22
8358,1442,0,11
8359,1442,10,14
8360,1442,24,0
8361,1443,0,2
8362,1443,14,12
8363,1443,4,22
8364,1443,9,15
8365,1443,13,10
8366,1443,4,17
8367,1443,1,15
8368,1444,13,6
8369,1444,6,12
8370,1444,3,13
8371,1444,15,7
8372,1444,17,19
8373,1445,3,18
8374,1445,13,21
8375,1445,1,23
8376,1445,9,21
8377,1445,12,1
8378,1445,9,12
8379,1446,14,10
8380,1446,23,13
8381,1446,24,0
8382,1446,20,3
8383,1447,20,16
8384,1447,10,3
8385,1447,6,20
8386,1447,16,14
8387,1447,4,24
8388,1447,16,6
8389,1448,19,22
8390,1448,10,16
8391,1448,11,13
8392,1448,20,4
8393,1448,23,4
8394,1448,21,9
8395,1449,7,1
8396,1449,8,23
8397,1449,4,16
8398,1449,19,10
8399,1449,4,15
8400,1450,2,5
8401,1450,14,8
8402,1450,15,6
8403,1450,4,2
8404,1450,21,18
8405,1450,18,16
8406,1450,4,2
8407,1451,19,8
8408,1451,10,0
8409,1451,4,7
8410,1451,22,24
8411,1451,20,11
8412,1452,2,16
8413,1452,10,20
8414,1453,4,8
8415,1453,3,18
8416,1453,6,21
8417,1453,18,5
8418,1453,18,9
8419,1453,8,23
8420,1453,16,19
8421,1454,1,5
8422,1454,14,7
8423,1454,6,2
8424,1455,21,0
8425,1455,9,6
8426,1455,20,14
8427,1455,16,6
8428,1456,14,12
8429,1456,13,23
8430,1456,24,13
8431,1456,10,9
8432,1456,23,17
8433,1456,18,14
8434,1456,22,6
8435,1457,17,1
8436,1457,8,21
8437,1457,4,17
8438,1457,4,14
8439,1457,9,23
8440,1457,19,23
8441,1457,16,22
8442,1457,19,7
8443,1458,21,0
8444,1458,17,5
8445,1458,22,5
8446,1458,6,13
8447,1459,20,13
8448,1459,1,12
8449,1459,10,18
8450,1459,20,16
8451,1460,16,7
8452,1460,1,3
8453,1460,19,12
8454,1460,21,18
8455,1461,8,18
8456,1461,1,7
8457,1461,9,21
8458,1461,20,10
8459,1461,16,22
8460,1461,10,21
8461,1462,12,5
8462,1462,12,18
8463,1462,17,21
8464,1462,11,13
8465,1462,1,23
8466,1462,19,23
8467,1463,19,2
8468,1463,12,18
8469,1463,9,11
8470,1463,13,9
8471,1463,17,0
8472,1464,20,24
8473,1464,15,19
8474,1464,24,9
8475,1464,22,20
8476,1464,3,14
8477,1465,18,9
8478,1465,20,14
8479,1465,2,9
8480,1465,8,18
8481,1465,18,7
8482,1466,15,0
8483,1466,7,20
8484,1466,19,9
8485,1466,23,21
8486,1466,4,20
8487,1467,0,20
8488,1467,16,5
8489,1467,5,9
8490,1467,7,15
8491,1468,9,7
8492,1468,14,24
8493,1468,18,24
8494,1468,15,8
8495,1468,2,24
8496,1468,5,3
8497,1468,10,3
8498,1468,8,17
8499,1468,14,12
8500,1468,19,3
8501,1469,18,8
8502,1469,17,14
8503,1469,6,14
8504,1469,18,15
8505,1470,18,6
8506,1470,12,18
8507,1470,17,4
8508,1470,1,18
8509,1470,10,2
8510,1470,17,6
8511,1470,5,2
8512,1471,3,20
8513,1471,19,4
8514,1471,2,8
8515,1471,14,18
8516,1471,17,11
8517,1472,9,24
8518,1472,15,19
8519,1472,0,18
8520,1472,10,2
8521,1472,18,14
8522,1472,19,2
8523,1472,8,15
8524,1473,11,13
8525,1473,5,22
8526,1473,17,15
8527,1473,9,2
8528,1473,11,23
8529,1473,6,9
8530,1474,13,5
8531,1474,0,15
8532,1474,10,9
8533,1475,8,0
8534,1475,16,6
8535,1475,10,4
8536,1475,17,10
8537,1475,13,22
8538,1475,6,23
8539,1475,10,13
8540,1475,24,21
8541,1475,19,17
8542,1475,6,8
8543,1476,15,23
8544,1476,1,10
8545,1476,11,7
8546,1476,12,0
8547,1476,22,5
8548,1477,19,2
8549,1477,13,5
8550,1477,24,11
8551,1477,6,14
8552,1477,11,23
8553,1478,7,21
8554,1478,11,21
8555,1478,9,16
8556,1478,20,17
8557,1478,9,10
8558,1478,18,5
8559,1479,0,17
8560,1479,24,7
8561,1480,4,22
8562,1480,21,12
8563,1481,18,0
8564,1481,0,18
8565,1481,6,4
8566,1482,20,0
8567,1482,3,9
8568,1482,15,12
8569,1482,2,16
8570,1483,8,5
8571,1483,2,12
8572,1483,15,5
8573,1483,12,4
8574,1484,9,10
8575,1484,19,1
8576,1484,5,13
8577,1484,3,16
8578,1484,15,14
8579,1484,7,11
8580,1485,9,5
8581,1485,18,6
8582,1485,13,20
8583,1485,22,14
8584,1485,3,19
8585,1485,12,6
8586,1485,14,4
8587,1485,7,15
8588,1486,4,24
8589,1486,20,24
8590,1486,14,5
8591,1486,20,16
8592,1486,10,12
8593,1486,16,24
8594,1487,0,14
8595,1487,17,3
8596,1487,16,24
8597,1487,4,5
8598,1487,17,7
8599,1488,12,6
8600,1488,14,10
8601,1488,14,4
8602,1489,24,1
8603,1489,22,15
8604,1489,6,3
8605,1489,8,18
8606,1489,20,16
8607,1489,9,2
8608,1490,7,16
8609,1490,16,10
8610,1490,13,3
8611,1490,1,12
8612,1490,2,6
8613,1491,9,18
8614,1491,18,2
8615,1491,4,18
8616,1492,0,16
8617,1492,21,15
8618,1492,7,18
8619,1492,23,11
8620,1492,1,5
8621,1492,10,23
8622,1493,24,6
8623,1493,16,6
8624,1493,0,13
8625,1493,20,10
8626,1493,19,0
8627,1493,20,14
8628,1493,18,16
8629,1493,22,0
8630,1494,15,22
8631,1494,2,4
8632,1494,22,12
8633,1494,21,14
8634,1494,24,2
8635,1494,20,16
8636,1494,9,11
8637,1495,19,2
8638,1495,18,4
8639,1495,20,24
8640,1495,16,4
8641,1495,10,1
8642,1496,7,19
8643,1496,10,9
8644,1496,21,18
8645,1496,9,24
8646,1496,10,2
8647,1496,21,24
8648,1496,17,2
8649,1496,21,17
8650,1497,22,18
8651,1497,2,12
8652,1497,19,0
8653,1497,24,3
8654,1497,6,12
8655,1497,15,17
8656,1497,18,4
8657,1497,7,0
8658,1497,14,23
8659,1498,3,11
8660,1499,13,5
8661,1499,11,23
8662,1500,4,21
8663,1500,12,20
8664,1500,9,17
8665,1500,3,21
8666,1500,2,19
8667,1501,6,8
8668,1501,13,19
8669,1501,19,16
8670,1501,11,0
8671,1501,3,24
8672,1501,20,8
8673,1501,9,16
8674,1502,2,24
8675,1502,23,15
8676,1502,15,4
8677,1502,1,3
8678,1502,20,22
8679,1503,18,3
8680,1503,18,0
8681,1503,0,6
8682,1503,19,15
8683,1503,22,13
8684,1503,5,4
8685,1504,16,14
8686,1504,24,13
8687,1504,11,2
8688,1504,10,17
8689,1505,17,19
8690,1505,6,2
8691,1505,11,24
8692,1505,15,1
8693,1506,17,0
8694,1506,11,13
8695,1506,6,23
8696,1506,23,21
8697,1507,13,6
8698,1507,15,13
8699,1507,7,13
8700,1507,9,12
8701,1507,15,18
8702,1507,23,11
8703,1507,8,10
8704,1507,16,5
8705,1508,5,15
8706,1508,16,1
8707,1508,20,6
8708,1509,5,3
8709,1509,5,16
8710,1509,3,19
8711,1509,15,12
8712,1509,14,16
8713,1509,1,10
8714,1509,8,16
8715,1509,1,24
8716,1509,15,24
8717,1509,17,13
8718,1509,1,19
8719,1509,16,19
8720,1510,0,10
8721,1510,5,16
8722,1510,13,9
8723,1510,8,22
8724,1510,3,7
8725,1510,11,2
8726,1510,5,24
8727,1510,18,9
8728,1511,20,12
8729,1511,4,0
8730,1511,15,8
8731,1511,14,2
8732,1511,10,22
8733,1511,9,20
8734,1511,24,10
8735,1512,14,12
8736,1512,4,1
8737,1512,20,0
8738,1513,10,7
8739,1513,0,16
8740,1513,5,3
8741,1513,24,8
8742,1513,5,12
8743,1513,19,1
8744,1513,10,20
8745,1513,15,21
8746,1513,3,6
8747,1513,21,14
8748,1514,8,2
8749,1514,6,8
8750,1514,13,11
8751,1514,0,15
8752,1514,0,8
8753,1514,1,17
8754,1514,7,15
8755,1514,16,23
8756,1514,16,13
8757,1515,24,2
8758,1515,17,10
8759,1515,15,6
8760,1515,18,22
8761,1515,0,13
8762,1515,4,5
8763,1516,10,22
8764,1516,19,9
8765,1516,14,0
8766,1516,12,10
8767,1516,4,5
8768,1516,0,19
8769,1516,16,7
8770,1516,20,0
8771,1516,14,21
8772,1516,11,17
8773,1516,4,10
8774,1516,16,7
8775,1517,17,14
8776,1517,1,10
8777,1517,7,5
8778,1518,10,19
8779,1518,24,15
8780,1518,18,16
8781,1518,0,16
8782,1518,14,7
8783,1519,19,7
8784,1519,13,19
8785,1519,6,16
8786,1519,20,24
8787,1519,2,5
8788,1519,24,12
8789,1519,6,13
8790,1519,19,21
8791,1519,14,18
8792,1520,17,11
8793,1520,20,3
8794,1520,19,23
8795,1520,19,20
8796,1520,23,5
8797,1520,18,20
8798,1520,18,5
8799,1520,18,0
8800,1520,6,10
8801,1520,5,23
8802,1520,18,20
8803,1520,19,12
8804,1520,19,6
8805,1520,0,8
8806,1521,16,5
8807,1521,23,10
8808,1521,11,17
8809,1521,2,12
8810,1521,7,9
8811,1521,18,9
8812,1521,13,4
8813,1521,2,0
8814,1522,23,8
8815,1522,22,4
8816,1522,20,9
8817,1522,21,5
8818,1523,15,24
8819,1523,16,5
8820,1523,7,4
8821,1523,0,4
8822,1523,12,10
8823,1524,23,21
8824,1524,2,17
8825,1524,14,21
8826,1524,13,19
8827,1524,20,11
8828,1524,8,19
8829,1524,20,2
8830,1525,6,0
8831,1525,11,4
8832,1525,9,6
8833,1525,23,1
8834,1525,5,12
8835,1525,7,5
8836,1525,13,21
8837,1525,1,17
8838,1525,21,13
8839,1526,16,19
8840,1526,9,20
8841,1526,8,23
8842,1526,16,18
8843,1526,19,2
8844,1526,1,14
8845,1526,13,6
8846,1527,8,20
8847,1527,18,11
8848,1527,22,4
8849,1527,23,20
8850,1527,3,7
8851,1528,17,15
8852,1528,17,20
8853,1528,18,11
8854,1528,5,2
8855,1528,24,15
8856,1528,14,23
8857,1528,24,17
8858,1529,2,10
8859,1529,13,0
8860,1529,7,21
8861,1529,13,7
8862,1529,24,7
8863,1530,20,1
8864,1530,20,8
8865,1530,5,19
8866,1530,22,6
8867,1530,2,22
8868,1530,15,11
8869,1530,14,22
8870,1531,19,7
8871,1531,8,21
8872,1531,5,11
8873,1531,24,1
8874,1531,18,10
8875,1531,15,12
8876,1531,0,8
8877,1531,13,10
8878,1532,21,15
8879,1532,23,2
8880,1532,5,8
8881,1532,15,14
8882,1532,23,20
8883,1532,19,8
8884,1533,12,4
8885,1533,8,17
8886,1533,19,13
8887,1534,14,15
8888,1534,6,2
8889,1534,2,10
8890,1535,23,11
8891,1535,21,11
8892,1535,1,18
8893,1535,0,14
8894,1535,0,7
8895,1535,17,24
8896,1536,3,10
8897,1536,1,7
8898,1536,14,21
8899,1536,14,11
8900,1537,23,10
8901,1537,10,20
8902,1537,2,24
8903,1537,3,17
8904,1537,0,4
8905,1537,21,18
8906,1537,19,6
8907,1538,21,8
8908,1538,8,19
8909,1539,6,17
8910,1539,0,2
8911,1539,9,15
8912,1539,23,14
8913,1539,19,1
8914,1539,19,21
8915,1540,5,4
8916,1540,1,23
8917,1540,16,5
8918,1540,23,16
8919,1540,2,23
8920,1541,11,14
8921,1541,14,12
8922,1541,22,5
8923,1541,1,8
8924,1541,20,24
8925,1541,2,21
8926,1541,2,14
8927,1542,11,5
8928,1542,0,6
8929,1542,3,14
8930,1542,21,2
8931,1542,2,16
8932,1542,9,22
8933,1543,0,20
8934,1543,1,14
8935,1543,20,18
8936,1543,5,4
8937,1543,3,15
8938,1543,2,20
8939,1544,13,20
8940,1544,6,15
8941,1544,7,15
8942,1544,12,10
8943,1545,7,14
8944,1545,10,21
8945,1546,15,18
8946,1546,23,21
8947,1546,4,17
8948,1546,19,22
8949,1546,23,1
8950,1547,14,0
8951,1547,24,6
8952,1547,1,8
8953,1547,19,1
8954,1547,12,15
8955,1547,18,10
8956,1548,4,22
8957,1548,3,11
8958,1548,2,14
8959,1548,22,14
8960,1548,14,24
8961,1548,21,13
8962,1548,18,14
8963,1548,1,18
8964,1549,2,16
8965,1549,7,24
8966,1549,1,12
8967,1549,22,7
8968,1549,8,10
8969,1549,15,0
8970,1549,3,11
8971,1550,8,6
8972,1550,23,17
8973,1550,17,5
8974,1550,12,16
8975,1551,16,13
8976,1551,1,17
8977,1551,20,13
8978,1551,18,21
8979,1551,1,22
8980,1551,10,6
8981,1552,2,0
8982,1552,6,18
8983,1552,16,22
8984,1552,23,1
8985,1553,4,7
8986,1553,4,1
8987,1553,18,22
8988,1554,4,5
8989,1554,21,19
8990,1554,17,19
8991,1554,22,19
8992,1554,16,2
8993,1554,7,16
8994,1554,16,10
8995,1554,17,1
8996,1554,0,9
8997,1555,8,16
8998,1555,13,10
8999,1556,2,16
9000,1556,4,23
9001,1556,22,15
9002,1556,17,13
9003,1556,21,10
9004,1556,21,13
9005,1556,11,20
9006,1556,22,16
9007,1556,16,8
9008,1556,15,5
9009,1556,2,11
9010,1557,0,4
9011,1557,2,8
9012,1557,15,24
9013,1557,18,22
9014,1558,24,16
9015,1558,24,8
9016,1558,13,3
9017,1558,5,21
9018,1558,21,19
9019,1559,2,10
9020,1560,8,15
9021,1560,23,13
9022,1560,24,2
9023,1560,3,23
9024,1560,11,4
9025,1560,16,23
9026,1560,13,16
9027,1561,6,12
9028,1561,20,6
9029,1561,2,0
9030,1561,0,13
9031,1561,1,15
9032,1562,24,9
9033,1562,9,13
9034,1562,5,4
9035,1562,15,12
9036,1562,23,20
9037,1562,2,15
9038,1562,23,14
9039,1562,8,20
9040,1562,1,5
9041,1563,22,19
9042,1563,18,14
9043,1563,11,20
9044,1563,5,23
9045,1563,17,15
9046,1563,11,7
9047,1563,4,8
9048,1563,13,20
9049,1563,14,0
9050,1563,15,5
9051,1564,12,1
9052,1564,4,2
9053,1564,8,1
9054,1564,18,9
9055,1564,24,8
9056,1564,10,12
9057,1565,10,22
9058,1565,6,0
9059,1565,21,0
9060,1565,1,21
9061,1565,15,24
9062,1565,23,2
9063,1565,13,21
9064,1565,9,2
9065,1566,7,21
9066,1566,6,9
9067,1567,9,17
9068,1567,9,0
9069,1567,18,16
9070,1567,13,19
9071,1568,0,12
9072,1569,7,9
9073,1569,20,9
9074,1569,18,6
9075,1569,22,4
9076,1569,19,17
9077,1569,11,18
9078,1569,6,12
9079,1569,13,24
9080,1569,23,4
9081,1569,8,17
9082,1570,18,7
9083,1570,12,22
9084,1570,19,11
9085,1570,22,12
9086,1570,3,0
9087,1571,10,22
9088,1571,4,5
9089,1572,22,18
9090,1572,14,0
9091,1572,18,20
9092,1572,5,14
9093,1572,12,6
9094,1572,8,21
9095,1572,20,17
9096,1573,24,1
9097,1573,14,5
9098,1573,5,1
9099,1573,3,13
9100,1573,7,9
9101,1573,22,6
9102,1574,14,2
9103,1574,12,23
9104,1574,20,12
9105,1574,21,17
9106,1575,3,16
9107,1575,5,21
9108,1575,12,2
9109,1575,21,13
9110,1575,15,6
9111,1575,8,14
9112,1576,14,17
9113,1576,13,23
9114,1576,11,1
9115,1576,24,14
9116,1577,0,9
9117,1578,18,20
9118,1578,22,2
9119,1578,14,7
9120,1578,4,0
9121,1578,7,0
9122,1578,13,1
9123,1578,22,14
9124,1578,19,20
9125,1579,10,22
9126,1579,14,11
9127,1579,9,0
9128,1579,0,4
9129,1579,6,16
9130,1580,0,19
9131,1580,16,24
9132,1580,11,13
9133,1580,10,16
9134,1580,19,1
9135,1580,22,14
9136,1580,15,4
9137,1580,7,4
9138,1581,20,11
9139,1581,17,9
9140,1581,7,17
9141,1581,15,21
9142,1581,5,15
9143,1581,6,23
9144,1582,24,18
9145,1582,2,5
9146,1582,18,10
9147,1582,9,2
9148,1583,18,5
9149,1583,0,17
9150,1583,10,4
9151,1583,9,20
9152,1583,10,9
9153,1583,16,23
9154,1583,21,6
9155,1583,5,8
9156,1583,16,18
9157,1583,13,10
9158,1584,3,23
9159,1584,6,0
9160,1584,21,10
9161,1584,19,5
9162,1584,7,14
9163,1584,10,6
9164,1584,8,10
9165,1585,6,24
9166,1585,7,15
9167,1585,17,8
9168,1585,24,8
9169,1585,23,8
9170,1586,6,3
9171,1586,22,0
9172,1586,23,7
9173,1586,4,7
9174,1586,21,23
9175,1586,21,15
9176,1586,23,6
9177,1586,6,13
9178,1587,19,15
9179,1587,16,13
9180,1587,12,3
9181,1588,1,16
9182,1588,2,18
9183,1588,1,23
9184,1588,22,18
9185,1588,1,9
9186,1588,23,16
9187,1588,23,3
9188,1589,16,3
9189,1590,10,2
9190,1590,17,3
9191,1590,19,9
9192,1590,17,9
9193,1590,10,0
9194,1590,8,18
9195,1590,23,14
9196,1590,15,14
9197,1591,21,7
9198,1591,23,3
9199,1591,0,22
9200,1591,8,22
9201,1591,8,5
9202,1591,16,0
9203,1591,12,23
9204,1591,6,19
9205,1591,9,20
9206,1592,14,20
9207,1592,5,19
9208,1592,10,6
9209,1592,12,22
9210,1592,4,20
9211,1592,16,8
9212,1593,8,23
9213,1593,11,8
9214,1593,2,8
9215,1593,4,14
9216,1593,4,17
9217,1593,18,11
9218,1594,23,17
9219,1594,15,21
9220,1594,22,19
9221,1594,9,22
9222,1594,11,8
9223,1594,9,6
9224,1594,10,24
9225,1594,0,9
9226,1594,18,24
9227,1595,1,13
9228,1595,15,8
9229,1595,20,0
9230,1595,5,4
9231,1595,11,14
9232,1595,4,5
9233,1595,18,12
9234,1596,19,9
9235,1596,12,3
9236,1596,19,11
9237,1596,9,1
9238,1596,21,0
9239,1597,18,12
9240,1597,19,4
9241,1597,0,15
9242,1598,12,9
9243,1598,15,11
9244,1598,1,15
9245,1598,12,6
9246,1598,21,5
9247,1598,4,21
9248,1598,10,8
9249,1598,5,18
9250,1599,24,22
9251,1599,23,11
9252,1599,17,19
9253,1599,13,3
9254,1599,8,5
9255,1600,13,24
9256,1600,21,24
9257,1600,10,22
9258,1600,3,17
9259,1600,21,1
9260,1600,24,17
9261,1600,14,21
9262,1600,7,10
9263,1600,20,2
9264,1601,3,20
9265,1601,23,1
9266,1601,20,16
9267,1601,24,0
9268,1601,18,8
9269,1601,24,21
9270,1602,14,3
9271,1602,2,17
9272,1602,23,3
9273,1602,16,10
9274,1602,14,2
9275,1603,4,22
9276,1603,24,5
9277,1603,18,21
9278,1603,14,11
9279,1603,18,0
9280,1603,0,16
9281,1603,10,4
9282,1604,3,6
9283,1604,7,23
9284,1604,20,7
9285,1604,6,4
9286,1604,7,18
9287,1604,5,17
9288,1604,16,0
9289,1605,13,17
9290,1605,20,5
9291,1605,4,10
9292,1605,15,5
9293,1605,10,0
9294,1605,18,1
9295,1605,15,14
9296,1605,1,14
9297,1605,15,24
9298,1606,23,16
9299,1606,16,5
9300,1606,14,0
9301,1606,20,5
9302,1606,5,15
9303,1607,4,1
9304,1607,19,7
9305,1607,9,15
9306,1607,22,7
9307,1608,22,9
9308,1608,15,11
9309,1608,19,7
9310,1608,4,14
9311,1608,17,5
9312,1608,17,11
9313,1608,16,23
9314,1608,3,13
9315,1609,21,7
9316,1609,14,4
9317,1609,22,5
9318,1609,15,0
9319,1609,7,9
9320,1610,16,12
9321,1610,9,10
9322,1610,14,24
9323,1610,19,10
9324,1610,18,7
9325,1610,3,16
9326,1610,20,23
9327,1610,6,12
9328,1611,23,2
9329,1611,20,6
9330,1611,16,20
9331,1611,21,7
9332,1612,24,2
9333,1612,16,19
9334,1612,9,0
9335,1612,14,23
9336,1612,12,0
9337,1612,5,13
9338,1612,14,10
9339,1613,0,24
9340,1613,17,11
9341,1613,2,15
9342,1613,7,14
9343,1613,6,19
9344,1613,4,14
9345,1613,23,16
9346,1614,19,1
9347,1614,10,2
9348,1614,24,3
9349,1614,0,11
9350,1614,21,11
9351,1614,12,19
9352,1614,8,20
9353,1615,4,15
9354,1615,11,22
9355,1615,21,11
9356,1615,20,11
9357,1615,23,20
9358,1615,12,2
9359,1615,8,22
9360,1615,4,11
9361,1616,10,9
9362,1616,15,3
9363,1616,16,2
9364,1616,24,8
9365,1616,17,24
9366,1617,21,1
9367,1617,3,12
9368,1617,6,9
9369,1617,13,20
9370,1617,24,10
9371,1617,4,16
9372,1617,4,1
9373,1618,7,9
9374,1618,6,12
9375,1618,0,7
9376,1618,5,21
9377,1618,2,16
9378,1618,22,1
9379,1618,8,20
9380,1618,1,20
9381,1618,23,1
9382,1618,11,2
9383,1618,3,0
9384,1618,7,20
9385,1619,18,22
9386,1619,22,4
9387,1619,11,23
9388,1619,20,17
9389,1619,1,15
9390,1619,17,19
9391,1620,20,24
9392,1620,1,17
9393,1620,5,14
9394,1620,2,6
9395,1620,14,2
9396,1620,20,23
9397,1621,17,5
9398,1621,15,18
9399,1622,2,23
9400,1622,8,4
9401,1622,6,19
9402,1622,24,9
9403,1622,9,11
9404,1622,2,8
9405,1622,22,14
9406,1622,22,6
9407,1623,9,24
9408,1623,20,18
9409,1623,24,12
9410,1623,18,14
9411,1623,1,22
9412,1623,8,23
9413,1623,7,1
9414,1623,18,7
9415,1623,6,17
9416,1623,9,5
9417,1623,1,4
9418,1623,15,2
9419,1623,16,6
9420,1623,3,23
9421,1624,11,14
9422,1624,21,0
9423,1624,9,17
9424,1624,21,10
9425,1625,15,13
9426,1625,23,13
9427,1625,3,12
9428,1625,20,5
9429,1625,7,10
9430,1625,15,23
9431,1625,17,5
9432,1626,15,7
9433,1626,3,18
9434,1626,13,15
9435,1626,17,6
9436,1626,10,0
9437,1626,1,19
9438,1626,8,14
9439,1626,14,17
9440,1626,24,10
9441,1626,5,3
9442,1626,8,5
9443,1627,8,21
9444,1627,3,5
9445,1627,16,1
9446,1627,10,16
9447,1627,17,14
9448,1627,12,10
9449,1627,21,13
9450,1628,4,0
9451,1628,15,6
9452,1628,11,17
9453,1628,6,22
9454,1628,22,12
9455,1628,16,20
9456,1628,5,19
9457,1628,24,15
9458,1628,13,5
9459,1629,12,5
9460,1629,15,21
9461,1629,14,21
9462,1629,10,8
9463,1629,16,1
9464,1629,10,7
9465,1629,9,21
9466,1629,23,10
9467,1629,21,18
9468,1630,12,6
9469,1630,22,4
9470,1630,14,17
9471,1631,22,8
9472,1631,21,18
9473,1631,9,5
9474,1631,23,10
9475,1631,19,20
9476,1631,9,20
9477,1631,6,19
9478,1631,13,19
9479,1631,18,1
9480,1632,3,15
9481,1632,21,9
9482,1632,4,24
9483,1632,18,12
9484,1632,7,14
9485,1632,10,9
9486,1632,15,19
9487,1633,6,8
9488,1633,19,21
9489,1633,4,23
9490,1633,21,5
9491,1633,22,16
9492,1633,0,8
9493,1633,0,19
9494,1634,15,6
9495,1634,22,18
9496,1634,5,16
9497,1634,7,13
9498,1634,18,4
9499,1634,11,9
9500,1634,17,23
9501,1635,9,12
9502,1635,19,10
9503,1635,14,18
9504,1635,4,21
9505,1635,10,20
9506,1635,23,6
9507,1635,23,12
9508,1636,8,24
9509,1636,23,4
9510,1636,5,3
9511,1636,10,13
9512,1636,22,18
9513,1637,13,22
9514,1637,1,15
9515,1637,20,1
9516,1637,10,19
9517,1637,15,22
9518,1637,17,8
9519,1637,16,4
9520,1637,0,14
9521,1637,17,8
9522,1637,2,16
9523,1637,18,14
9524,1638,7,21
9525,1638,6,20
9526,1638,1,19
9527,1638,22,13
9528,1638,19,23
9529,1638,19,2
9530,1638,6,17
9531,1638,2,17
9532,1639,7,22
9533,1639,12,20
9534,1639,23,19
9535,1639,23,20
9536,1639,3,17
9537,1639,1,11
9538,1640,13,19
9539,1640,8,23
9540,1640,24,22
9541,1640,0,13
9542,1640,17,8
9543,1640,7,3
9544,1640,1,20
9545,1641,2,5
9546,1641,8,15
9547,1641,3,5
9548,1641,3,7
9549,1641,19,6
9550,1641,14,8
9551,1641,22,11
9552,1641,24,21
9553,1642,14,2
9554,1642,4,8
9555,1642,2,21
9556,1642,17,19
9557,1642,0,13
9558,1643,22,2
9559,1643,11,21
9560,1643,14,21
9561,1644,21,3
9562,1644,11,23
9563,1645,23,10
9564,1645,11,24
9565,1645,13,5
9566,1645,19,16
9567,1645,20,22
9568,1646,10,4
9569,1646,14,23
9570,1646,8,12
9571,1646,3,19
9572,1646,10,6
9573,1646,10,20
9574,1646,12,19
9575,1647,24,20
9576,1647,24,21
9577,1647,5,19
9578,1648,12,9
9579,1648,5,22
9580,1648,3,20
9581,1648,22,3
9582,1648,0,7
9583,1649,12,10
9584,1649,16,0
9585,1649,18,21
9586,1649,7,18
9587,1650,2,0
9588,1650,9,7
9589,1650,16,20
9590,1650,21,4
9591,1650,9,0
9592,1651,22,12
9593,1651,10,2
9594,1651,22,7
9595,1651,0,8
9596,1652,7,5
9597,1652,2,21
9598,1652,8,17
9599,1652,2,8
9600,1652,11,18
9601,1652,24,15
9602,1653,5,1
9603,1653,7,0
9604,1653,14,21
9605,1653,14,6
9606,1654,16,0
9607,1654,23,15
9608,1654,20,3
9609,1654,20,4
9610,1654,8,23
9611,1655,9,13
9612,1655,8,12
9613,1656,3,22
9614,1656,2,8
9615,1656,14,16
9616,1656,0,19
9617,1656,6,4
9618,1657,22,2
9619,1657,2,5
9620,1657,20,3
9621,1658,17,14
9622,1658,24,18
9623,1658,9,3
9624,1658,7,17
9625,1658,20,1
9626,1659,3,11
9627,1659,15,14
9628,1659,3,7
9629,1659,10,23
9630,1659,4,17
9631,1659,9,1
9632,1660,21,14
9633,1660,20,3
9634,1660,21,5
9635,1660,16,0
9636,1661,11,7
9637,1661,19,23
9638,1661,9,21
9639,1661,21,6
9640,1661,24,7
9641,1661,6,13
9642,1661,4,16
9643,1661,20,8
9644,1661,20,3
9645,1662,10,4
9646,1662,20,2
9647,1662,15,13
9648,1662,9,2
9649,1662,3,23
9650,1662,4,20
9651,1662,9,13
9652,1663,17,10
9653,1663,0,18
9654,1663,8,20
9655,1663,0,3
9656,1663,3,23
9657,1663,6,19
9658,1663,20,2
9659,1663,0,15
9660,1664,1,12
9661,1664,21,9
9662,1664,11,7
9663,1664,12,10
9664,1664,5,13
9665,1664,6,21
9666,1665,15,17
9667,1665,23,2
9668,1665,13,9
9669,1665,2,18
9670,1665,8,4
9671,1665,23,8
9672,1665,24,1
9673,1665,2,22
9674,1665,24,5
9675,1665,15,14
9676,1665,16,5
9677,1665,17,7
9678,1665,8,2
9679,1665,3,17
9680,1665,1,11
9681,1665,2,21
9682,1666,9,24
9683,1666,13,20
9684,1666,23,3
9685,1666,24,6
9686,1666,19,0
9687,1666,9,11
9688,1666,10,17
9689,1667,23,11
9690,1667,1,13
9691,1667,5,16
9692,1667,9,7
9693,1667,24,11
9694,1667,8,24
9695,1667,1,15
9696,1667,19,23
9697,1667,9,16
9698,1668,24,0
9699,1668,6,15
9700,1668,7,19
9701,1668,10,7
9702,1668,12,14
9703,1669,12,9
9704,1669,10,14
9705,1669,7,16
9706,1669,3,0
9707,1669,8,14
9708,1670,9,23
9709,1670,2,14
9710,1670,5,8
9711,1670,24,13
9712,1670,24,1
9713,1670,0,13
9714,1671,1,10
9715,1671,2,12
9716,1671,24,10
9717,1671,9,1
9718,1672,19,16
9719,1672,20,23
9720,1672,24,8
9721,1672,21,9
9722,1672,22,19
9723,1672,20,2
9724,1673,3,13
9725,1673,4,14
9726,1673,13,11
9727,1673,15,1
9728,1674,20,11
9729,1674,19,0
9730,1674,18,16
9731,1675,11,15
9732,1675,11,3
9733,1675,1,8
9734,1675,14,8
9735,1675,5,4
9736,1675,8,2
9737,1675,13,9
9738,1675,14,20
9739,1675,21,11
9740,1676,13,11
9741,1676,17,21
9742,1676,8,20
9743,1676,2,8
9744,1676,18,16
9745,1676,14,7
9746,1677,16,14
9747,1677,20,4
9748,1677,23,11
9749,1677,22,10
9750,1677,15,8
9751,1677,9,15
9752,1677,16,20
9753,1677,18,21
9754,1677,22,4
9755,1677,19,16
9756,1677,0,16
9757,1678,16,9
9758,1678,13,10
9759,1678,17,5
9760,1679,18,1
9761,1679,20,7
9762,1679,13,23
9763,1679,17,23
9764,1679,22,14
9765,1679,5,7
9766,1679,7,4
9767,1679,17,14
9768,1680,6,12
9769,1680,14,20
9770,1680,8,22
9771,1680,15,4
9772,1681,10,12
9773,1681,19,16
9774,1681,9,12
9775,1681,19,20
9776,1681,21,19
9777,1681,3,9
9778,1681,11,2
9779,1682,24,10
9780,1682,0,17
9781,1682,17,6
9782,1683,16,6
9783,1683,13,9
9784,1683,16,2
9785,1683,19,2
9786,1683,12,19
9787,1683,20,5
9788,1683,15,1
9789,1683,12,19
9790,1684,24,8
9791,1684,2,10
9792,1684,11,13
9793,1684,12,8
9794,1684,10,6
9795,1685,23,11
9796,1685,20,1
9797,1686,21,3
9798,1686,7,18
9799,1686,21,17
9800,1686,18,0
9801,1686,20,17
9802,1687,10,3
9803,1687,2,0
9804,1687,16,24
9805,1687,6,0
9806,1687,3,23
9807,1688,23,1
9808,1688,20,13
9809,1688,20,14
9810,1688,6,13
9811,1688,21,24
9812,1689,19,3
9813,1689,20,24
9814,1689,13,20
9815,1689,2,8
9816,1689,9,19
9817,1689,11,18
9818,1689,18,24
9819,1690,4,17
9820,1690,5,16
9821,1690,5,21
9822,1690,23,6
9823,1690,14,4
9824,1691,4,24
9825,1691,10,0
9826,1691,11,2
9827,1691,7,13
9828,1691,15,17
9829,1691,19,6
9830,1692,7,9
9831,1692,9,18
9832,1692,19,13
9833,1692,14,24
9834,1692,6,8
9835,1693,9,23
9836,1693,24,14
9837,1693,16,6
9838,1693,0,7
9839,1693,4,23
9840,1693,7,11
9841,1693,19,2
9842,1693,5,17
9843,1694,14,20
9844,1694,4,14
9845,1694,1,19
9846,1694,15,17
9847,1694,14,7
9848,1695,7,0
9849,1695,16,14
9850,1695,0,6
9851,1695,7,19
9852,1695,21,24
9853,1695,19,17
9854,1695,6,19
9855,1696,12,4
9856,1696,16,13
9857,1696,24,11
9858,1697,1,21
9859,1697,17,13
9860,1697,3,17
9861,1697,21,14
9862,1697,6,3
9863,1697,2,18
9864,1697,16,8
9865,1698,4,7
9866,1698,4,14
9867,1698,7,5
9868,1698,9,1
9869,1699,1,22
9870,1699,17,21
9871,1699,15,21
9872,1699,6,17
9873,1699,9,11
9874,1699,16,8
9875,1700,14,1
9876,1700,7,24
9877,1700,14,17
9878,1700,17,3
9879,1700,11,7
9880,1701,9,16
9881,1701,2,4
9882,1702,7,23
9883,1702,4,6
9884,1702,6,2
9885,1702,15,14
9886,1702,24,5
9887,1703,16,4
9888,1703,15,5
9889,1703,5,13
9890,1703,1,21
9891,1703,24,9
9892,1704,4,0
9893,1704,23,8
9894,1704,22,10
9895,1704,15,14
9896,1704,15,23
9897,1705,24,20
9898,1705,6,4
9899,1705,14,22
9900,1705,14,23
9901,1705,8,10
9902,1705,7,15
9903,1705,3,19
9904,1706,19,20
9905,1706,6,3
9906,1706,14,18
9907,1707,23,7
9908,1707,22,18
9909,1707,6,2
9910,1707,18,24
9911,1708,22,7
9912,1708,23,11
9913,1708,15,9
9914,1708,9,10
9915,1708,13,24
9916,1708,12,0
9917,1708,13,10
9918,1709,3,18
9919,1709,2,0
9920,1709,4,5
9921,1709,18,2
9922,1709,11,9
9923,1709,12,3
9924,1709,24,10
9925,1709,15,13
9926,1709,23,21
9927,1709,0,8
9928,1710,18,8
9929,1710,24,10
9930,1710,2,21
9931,1710,7,4
9932,1710,21,24
9933,1710,1,8
9934,1711,9,13
9935,1711,15,12
9936,1711,1,8
9937,1711,23,13
9938,1711,12,14
9939,1712,10,21
9940,1712,18,24
9941,1712,11,17
9942,1713,6,24
9943,1713,21,5
9944,1713,18,6
9945,1714,2,16
9946,1714,23,3
9947,1714,12,9
9948,1714,12,22
9949,1714,1,12
9950,1714,8,21
9951,1715,6,10
9952,1715,7,3
9953,1715,22,8
9954,1716,22,24
9955,1716,21,1
9956,1716,3,16
9957,1716,19,0
9958,1717,14,16
9959,1717,21,6
9960,1718,0,21
9961,1718,19,6
9962,1718,16,12
9963,1718,15,9
9964,1718,4,18
9965,1718,3,0
9966,1718,11,21
9967,1719,24,6
9968,1720,9,7
9969,1720,0,12
9970,1720,6,3
9971,1720,12,4
9972,1720,6,23
9973,1720,7,19
9974,1720,12,23
9975,1720,23,10
9976,1720,4,2
9977,1720,1,9
9978,1720,1,5
9979,1721,4,14
9980,1721,7,21
9981,1721,19,2
9982,1721,13,19
9983,1721,22,5
9984,1721,10,4
9985,1721,6,10
9986,1722,20,22
9987,1722,19,4
9988,1722,8,4
9989,1722,8,4
9990,1722,2,13
9991,1722,18,11
9992,1723,8,24
9993,1723,10,7
9994,1723,23,2
9995,1723,20,5
9996,1723,23,15
9997,1724,0,21
9998,1724,13,20
9999,1724,8,15
10000,1724,1,23
10001,1724,20,17
10002,1724,4,13
10003,1724,7,20
10004,1724,23,11
10005,1724,17,4
10006,1725,7,17
10007,1725,3,16
10008,1725,20,5
10009,1725,6,20
10010,1725,9,13
10011,1726,18,11
10012,1726,13,21
10013,1726,0,6
10014,1726,24,2
10015,1726,17,7
10016,1727,11,23
10017,1727,22,13
10018,1727,20,13
10019,1727,18,0
10020,1727,7,13
10021,1727,3,24
10022,1728,16,14
10023,1728,6,2
10024,1728,14,15
10025,1728,17,23
10026,1728,23,8
10027,1728,0,24
10028,1728,21,2
10029,1728,20,23
10030,1728,10,1
10031,1728,21,8
10032,1729,10,12
10033,1729,8,14
10034,1729,16,1
10035,1729,17,15
10036,1729,21,23
10037,1729,23,7
10038,1729,13,20
10039,1729,10,17
10040,1729,23,8
10041,1730,19,5
10042,1730,20,7
10043,1730,16,22
10044,1730,10,20
10045,1730,9,15
10046,1730,5,1
10047,1730,15,9
10048,1730,15,0
10049,1730,19,21
10050,1730,1,13
10051,1730,17,2
10052,1730,7,19
10053,1731,0,11
10054,1731,16,6
10055,1731,10,18
10056,1731,12,4
10057,1732,7,0
10058,1732,3,24
10059,1732,4,20
10060,1732,18,6
10061,1732,16,14
10062,1732,16,2
10063,1732,19,11
10064,1733,21,19
10065,1733,16,8
10066,1733,16,1
10067,1733,13,17
10068,1733,3,0
10069,1733,3,11
10070,1734,4,23
10071,1734,2,22
10072,1734,5,7
10073,1734,3,0
10074,1735,21,8
10075,1735,17,23
10076,1735,22,1
10077,1735,3,23
10078,1735,19,5
10079,1735,15,21
10080,1735,21,14
10081,1735,13,15
10082,1735,14,6
10083,1736,2,13
10084,1736,5,13
10085,1736,17,8
10086,1736,21,5
10087,1736,23,13
10088,1736,1,21
10089,1737,1,7
10090,1737,19,16
10091,1737,16,2
10092,1737,11,20
10093,1738,5,14
10094,1738,1,4
10095,1738,22,4
10096,1738,20,17
10097,1738,1,8
10098,1738,13,23
10099,1739,23,10
10100,1739,3,7
10101,1739,10,23
10102,1739,3,13
10103,1739,20,24
10104,1739,0,6
10105,1739,10,2
10106,1739,2,16
10107,1740,7,23
10108,1740,22,10
10109,1741,16,8
10110,1741,17,10
10111,1742,2,8
10112,1742,10,12
10113,1742,20,7
10114,1742,7,16
10115,1743,9,16
10116,1743,5,19
10117,1743,24,5
10118,1743,1,3
10119,1743,7,1
10120,1743,7,19
10121,1744,16,5
10122,1744,6,23
10123,1744,19,12
10124,1744,1,10
10125,1744,11,21
10126,1744,3,7
10127,1745,13,24
10128,1745,4,6
10129,1745,24,14
10130,1745,2,13
10131,1745,3,7
10132,1745,5,7
10133,1745,16,24
10134,1745,2,22
10135,1745,24,3
10136,1745,22,13
10137,1745,20,1
10138,1745,12,0
10139,1745,15,6
10140,1747,8,5
10141,1747,13,16
10142,1747,21,3
10143,1747,15,3
10144,1748,17,20
10145,1748,16,5
10146,1748,21,17
10147,1748,12,18
10148,1748,19,3
10149,1748,24,5
10150,1748,16,1
10151,1748,16,22
10152,1748,17,15
10153,1749,21,24
10154,1749,17,7
10155,1749,5,18
10156,1749,11,19
10157,1749,10,12
10158,1749,10,13
10159,1749,15,1
10160,1750,23,14
10161,1750,8,11
10162,1750,17,20
10163,1751,21,2
10164,1752,13,4
10165,1752,13,16
10166,1753,17,15
10167,1753,20,8
10168,1753,24,8
10169,1753,8,6
10170,1753,9,22
10171,1753,8,17
10172,1754,20,18
10173,1754,4,24
10174,1754,10,16
10175,1754,19,9
10176,1754,24,21
10177,1754,5,22
10178,1754,4,15
10179,1754,21,4
10180,1755,1,19
10181,1755,14,23
10182,1755,23,1
10183,1755,4,8
10184,1755,21,11
10185,1755,16,19
10186,1755,9,21
10187,1755,19,10
10188,1755,21,15
10189,1756,10,12
10190,1756,0,2
10191,1756,4,13
10192,1757,2,11
10193,1757,5,21
10194,1757,14,3
10195,1757,0,19
10196,1757,14,21
10197,1757,1,14
10198,1758,0,23
10199,1758,10,1
10200,1758,10,8
10201,1758,12,8
10202,1758,15,0
10203,1759,13,15
10204,1759,23,0
10205,1759,21,3
10206,1760,13,9
10207,1760,19,4
10208,1760,18,3
10209,1760,19,4
10210,1760,10,21
10211,1760,13,22
10212,1760,17,1
10213,1760,13,17
10214,1760,7,1
10215,1760,0,10
10216,1760,8,10
10217,1761,4,24
10218,1761,7,9
10219,1761,4,11
10220,1761,20,1
10221,1761,11,20
10222,1761,4,6
10223,1761,23,11
10224,1762,23,11
10225,1762,0,13
10226,1762,5,2
10227,1762,7,17
10228,1763,22,16
10229,1763,0,18
10230,1763,0,10
10231,1763,15,21
10232,1763,1,15
10233,1763,11,19
10234,1764,24,21
10235,1764,18,8
10236,1764,3,23
10237,1764,14,21
10238,1765,5,4
10239,1765,3,6
10240,1765,17,14
10241,1765,14,16
10242,1765,24,7
10243,1765,11,22
10244,1765,1,13
10245,1765,23,4
10246,1765,24,13
10247,1765,5,13
10248,1765,9,1
10249,1765,11,23
10250,1766,11,24
10251,1766,3,11
10252,1766,3,6
10253,1766,13,1
10254,1766,16,18
10255,1767,21,7
10256,1767,7,21
10257,1767,5,22
10258,1767,19,23
10259,1767,0,24
10260,1767,23,0
10261,1767,20,9
10262,1768,5,16
10263,1768,22,12
10264,1768,23,15
10265,1768,19,20
10266,1768,9,24
10267,1768,8,15
10268,1769,18,11
10269,1769,2,4
10270,1769,17,2
10271,1769,14,2
10272,1769,21,18
10273,1769,4,21
10274,1769,13,0
10275,1770,18,6
10276,1770,10,16
10277,1770,24,17
10278,1771,8,10
10279,1771,1,14
10280,1771,5,8
10281,1771,19,11
10282,1771,21,4
10283,1771,23,1
10284,1772,19,22
10285,1772,2,5
10286,1772,17,6
10287,1772,3,14
10288,1772,19,3
10289,1773,24,13
10290,1773,15,2
10291,1773,23,3
10292,1773,0,11
10293,1773,8,1
10294,1773,20,19
10295,1774,5,7
10296,1774,18,5
10297,1774,6,2
10298,1774,18,22
10299,1774,2,16
10300,1774,13,1
10301,1774,13,22
10302,1774,7,4
10303,1774,1,9
10304,1775,1,18
10305,1775,1,14
10306,1775,4,18
10307,1775,0,2
10308,1775,13,19
10309,1775,3,10
10310,1775,23,7
10311,1775,17,5
10312,1775,17,6
10313,1775,6,2
10314,1775,10,7
10315,1775,20,24
10316,1775,7,4
10317,1776,20,9
10318,1776,4,22
10319,1776,18,24
10320,1776,11,13
10321,1776,2,18
10322,1777,13,21
10323,1777,1,16
10324,1777,8,12
10325,1777,8,18
10326,1777,23,1
10327,1778,1,22
10328,1778,4,11
10329,1778,24,17
10330,1778,7,20
10331,1778,4,14
10332,1778,24,8
10333,1778,0,22
10334,1779,2,12
10335,1779,24,21
10336,1779,10,13
10337,1780,21,9
10338,1780,2,22
10339,1780,5,11
10340,1780,0,18
10341,1781,13,1
10342,1781,8,12
10343,1781,11,24
10344,1781,13,11
10345,1781,4,7
10346,1781,12,6
10347,1781,2,5
10348,1781,14,4
10349,1781,12,4
10350,1782,22,2
10351,1782,22,15
10352,1782,20,24
10353,1782,15,8
10354,1782,20,13
10355,1782,14,11
10356,1782,3,14
10357,1783,11,15
10358,1783,12,23
10359,1783,24,9
10360,1784,5,16
10361,1784,5,2
10362,1784,17,13
10363,1785,3,11
10364,1785,24,9
10365,1785,10,4
10366,1785,23,1
10367,1785,10,12
10368,1785,3,5
10369,1785,22,11
10370,1785,4,19
10371,1786,0,19
10372,1786,24,10
10373,1786,3,21
10374,1786,6,3
10375,1786,14,15
10376,1786,5,12
10377,1787,9,1
10378,1787,4,5
10379,1787,20,0
10380,1787,24,2
10381,1787,11,15
10382,1787,3,0
10383,1787,7,23
10384,1787,5,15
10385,1788,16,0
10386,1788,21,15
10387,1788,8,1
10388,1788,7,21
10389,1789,9,7
10390,1789,13,17
10391,1790,19,2
10392,1790,15,21
10393,1790,16,19
10394,1790,24,15
10395,1790,13,22
10396,1790,13,4
10397,1791,2,22
10398,1791,13,0
10399,1791,20,18
10400,1791,9,20
10401,1791,11,4
10402,1791,18,14
10403,1791,10,8
10404,1791,23,4
10405,1791,21,7
10406,1791,12,5
10407,1791,17,7
10408,1792,14,0
10409,1792,24,3
10410,1792,15,9
10411,1792,21,8
10412,1792,9,1
10413,1792,3,12
10414,1792,1,21
10415,1792,9,17
10416,1792,7,22
10417,1792,9,12
10418,1793,8,19
10419,1793,11,23
10420,1793,14,10
10421,1793,4,14
10422,1793,6,12
10423,1793,1,14
10424,1793,21,2
10425,1794,1,22
10426,1794,11,0
10427,1794,0,6
10428,1794,23,7
10429,1794,10,7
10430,1794,20,24
10431,1794,11,3
10432,1794,12,2
10433,1794,10,14
10434,1795,19,12
10435,1795,21,17
10436,1795,19,6
10437,1795,1,3
10438,1795,22,10
10439,1795,5,22
10440,1795,21,9
10441,1795,5,21
10442,1795,21,12
10443,1795,1,9
10444,1796,13,15
10445,1796,5,13
10446,1796,0,16
10447,1796,15,11
10448,1796,15,17
10449,1796,8,19
10450,1796,9,12
10451,1797,17,21
10452,1797,22,20
10453,1797,2,10
10454,1797,13,21
10455,1797,16,9
10456,1797,6,22
10457,1797,11,22
10458,1798,21,3
10459,1798,7,20
10460,1798,6,8
10461,1798,16,19
10462,1798,11,0
10463,1799,8,5
10464,1799,12,2
10465,1799,20,11
10466,1799,20,16
10467,1799,15,17
