veh_id,t_depart,origin,dest
0,0,24,0
1,0,17,21
2,1,17,11
3,1,23,21
4,1,13,7
5,1,8,10
6,1,1,14
7,1,2,16
8,1,17,3
9,1,2,14
10,2,17,7
11,2,2,5
12,2,5,4
13,2,24,13
14,2,21,4
15,2,11,1
16,2,6,15
17,3,23,16
18,3,20,7
19,4,9,10
20,4,10,24
21,4,8,16
22,4,19,20
23,4,16,18
24,4,21,1
25,4,2,18
26,4,4,11
27,5,9,22
28,5,9,20
29,5,8,6
30,5,24,5
31,6,22,16
32,6,9,19
33,6,13,15
34,6,22,5
35,6,12,19
36,6,14,23
37,7,18,11
38,7,20,17
39,7,4,11
40,7,4,24
41,7,18,3
42,7,20,0
43,8,3,19
44,8,14,10
45,8,4,8
46,9,24,11
47,9,9,24
48,10,4,18
49,10,0,18
50,10,22,2
51,10,2,21
52,11,14,22
53,11,16,1
54,11,24,15
55,11,6,20
56,11,12,14
57,11,6,22
58,11,13,0
59,12,0,23
60,12,15,0
61,12,8,2
62,12,20,19
63,12,10,14
64,12,10,21
65,13,14,1
66,13,8,15
67,13,3,20
68,13,20,14
69,13,2,10
70,13,18,8
71,13,12,10
72,13,24,1
73,13,7,16
74,13,0,15
75,14,7,17
76,14,20,0
77,14,14,8
78,14,11,20
79,14,9,21
80,15,23,1
81,15,18,4
82,15,2,14
83,15,16,22
84,15,13,22
85,16,1,7
86,16,4,23
87,16,22,16
88,16,11,3
89,16,12,9
90,17,22,0
91,17,21,5
92,17,6,10
93,17,14,15
94,18,14,10
95,18,8,2
96,18,5,19
97,18,19,21
98,18,0,12
99,19,22,10
100,19,15,13
101,19,10,17
102,19,8,2
103,19,17,3
104,19,3,14
105,19,22,4
106,19,13,21
107,20,15,21
108,20,0,2
109,20,0,12
110,20,4,23
111,20,16,24
112,20,4,14
113,21,2,12
114,21,20,10
115,21,22,8
116,21,7,20
117,21,4,15
118,21,5,13
119,21,16,8
120,21,1,22
121,21,19,20
122,21,18,16
123,21,23,2
124,22,7,16
125,22,5,8
126,22,12,8
127,22,18,8
128,22,23,0
129,22,2,6
130,22,12,3
131,22,1,13
132,22,11,2
133,22,21,6
134,23,24,21
135,23,19,9
136,24,10,22
137,24,1,19
138,24,19,11
139,24,2,19
140,24,8,17
141,24,5,15
142,24,5,9
143,24,15,13
144,24,13,5
145,25,13,0
146,25,23,20
147,25,9,5
148,26,14,8
149,26,5,17
150,26,13,11
151,26,15,1
152,26,1,12
153,26,23,16
154,26,23,9
155,27,3,16
156,27,4,15
157,27,2,0
158,27,15,4
159,27,14,11
160,27,1,13
161,28,10,7
162,28,5,4
163,28,12,22
164,28,8,17
165,28,10,0
166,28,5,7
167,28,19,0
168,29,0,23
169,29,15,13
170,29,12,22
171,29,12,14
172,30,4,5
173,30,10,2
174,30,2,21
175,30,16,5
176,30,20,23
177,31,6,22
178,31,12,24
179,31,23,3
180,31,3,21
181,31,18,9
182,32,4,13
183,32,14,24
184,32,20,24
185,32,14,4
186,33,15,17
187,33,15,18
188,33,13,2
189,33,24,0
190,33,7,22
191,33,4,0
192,33,5,18
193,33,4,18
194,34,12,5
195,34,20,23
196,34,16,4
197,34,2,13
198,34,14,2
199,34,2,20
200,34,13,11
201,34,7,3
202,34,2,24
203,35,9,13
204,35,19,22
205,36,9,22
206,36,13,24
207,36,14,2
208,36,23,7
209,36,15,18
210,36,24,21
211,37,16,8
212,37,8,17
213,37,17,8
214,37,10,0
215,37,2,13
216,37,6,16
217,37,16,12
218,37,10,18
219,37,22,16
220,37,12,8
221,38,24,5
222,38,6,9
223,38,4,17
224,38,13,11
225,38,23,14
226,39,19,12
227,39,12,20
228,39,13,6
229,39,13,17
230,39,14,24
231,39,15,23
232,40,2,12
233,40,0,2
234,40,0,17
235,40,7,13
236,41,19,4
237,41,15,8
238,41,17,21
239,42,7,22
240,42,13,17
241,42,17,8
242,42,21,19
243,42,14,16
244,42,7,18
245,42,10,7
246,42,13,3
247,42,5,18
248,43,15,17
249,43,12,15
250,43,23,20
251,43,6,0
252,43,9,19
253,43,15,5
254,43,13,3
255,43,7,16
256,43,0,14
257,44,19,12
258,44,4,16
259,44,19,22
260,44,6,12
261,44,8,19
262,44,1,13
263,44,12,16
264,45,10,17
265,45,19,7
266,45,7,10
267,45,1,5
268,45,5,16
269,46,8,19
270,46,10,17
271,46,14,3
272,46,3,20
273,46,17,23
274,46,11,23
275,46,15,3
276,46,23,7
277,46,9,16
278,47,7,19
279,47,16,22
280,47,12,15
281,47,5,11
282,47,7,20
283,48,24,6
284,48,13,0
285,48,3,11
286,48,2,21
287,48,5,9
288,48,14,24
289,49,16,22
290,49,15,19
291,49,18,9
292,49,2,0
293,49,2,16
294,50,11,7
295,50,24,1
296,50,5,20
297,50,17,14
298,50,20,0
299,50,2,15
300,50,11,23
301,51,18,4
302,51,13,0
303,51,11,19
304,51,17,19
305,52,7,4
306,52,3,19
307,52,10,20
308,52,17,11
309,52,11,8
310,52,5,1
311,52,4,14
312,52,7,13
313,52,20,8
314,52,7,11
315,53,5,3
316,53,18,20
317,53,7,11
318,53,5,1
319,54,8,16
320,55,12,4
321,55,15,11
322,55,9,3
323,55,8,20
324,55,15,8
325,56,9,16
326,56,14,20
327,56,8,12
328,56,0,22
329,56,18,22
330,57,9,22
331,57,22,13
332,57,14,10
333,57,2,8
334,57,19,3
335,58,17,9
336,58,2,6
337,58,6,15
338,58,0,16
339,58,12,23
340,58,1,16
341,59,10,16
342,59,8,16
343,59,15,6
344,59,16,9
345,59,15,5
346,59,3,10
347,60,6,18
348,60,3,13
349,60,5,7
350,60,15,19
351,60,0,19
352,60,21,2
353,60,3,10
354,60,10,16
355,60,6,20
356,61,22,12
357,61,5,4
358,61,16,10
359,61,8,18
360,61,3,6
361,61,16,24
362,61,8,22
363,62,14,15
364,62,13,19
365,62,19,9
366,63,11,22
367,63,5,23
368,63,18,21
369,64,1,7
370,64,24,1
371,64,17,19
372,65,11,13
373,65,9,11
374,65,21,9
375,65,13,15
376,65,8,21
377,65,19,20
378,65,5,7
379,66,18,24
380,66,8,10
381,66,10,6
382,66,3,20
383,66,22,12
384,67,5,4
385,67,9,22
386,67,1,16
387,67,5,3
388,67,1,24
389,67,10,2
390,67,8,14
391,68,3,13
392,68,24,12
393,68,3,12
394,68,8,17
395,68,0,8
396,68,22,24
397,68,2,21
398,69,21,19
399,69,10,0
400,69,22,24
401,69,14,16
402,70,7,4
403,70,3,10
404,70,5,7
405,70,6,23
406,70,17,20
407,70,22,18
408,71,22,16
409,71,17,4
410,71,20,4
411,71,24,14
412,71,13,15
413,71,14,18
414,71,11,9
415,71,9,21
416,71,2,4
417,71,16,4
418,72,19,23
419,72,2,23
420,72,24,14
421,72,12,2
422,72,4,21
423,72,3,12
424,73,8,14
425,73,22,19
426,73,18,12
427,73,1,21
428,73,8,24
429,74,21,13
430,74,11,15
431,74,6,19
432,74,5,2
433,74,21,8
434,74,22,12
435,75,9,21
436,75,18,1
437,75,15,22
438,75,20,8
439,75,12,24
440,76,8,14
441,76,21,19
442,76,18,16
443,76,16,7
444,76,5,2
445,76,0,16
446,76,7,16
447,76,6,3
448,77,12,23
449,77,8,20
450,77,15,7
451,77,13,22
452,78,2,19
453,78,10,23
454,78,11,3
455,78,23,17
456,79,0,14
457,79,14,3
458,79,4,22
459,79,18,9
460,79,3,13
461,79,4,18
462,79,3,7
463,79,19,3
464,79,0,3
465,80,9,13
466,80,8,11
467,80,0,9
468,80,15,7
469,80,3,11
470,81,24,17
471,81,14,0
472,81,21,18
473,81,24,15
474,81,3,19
475,81,9,13
476,81,3,22
477,81,24,18
478,82,1,23
479,82,9,1
480,82,24,3
481,82,10,8
482,82,4,20
483,82,12,16
484,83,17,7
485,83,5,16
486,83,19,0
487,84,11,3
488,84,13,11
489,84,8,6
490,84,19,1
491,84,16,7
492,84,2,15
493,84,13,22
494,84,4,6
495,84,24,2
496,85,14,10
497,85,3,11
498,85,6,2
499,85,15,14
500,85,19,3
501,85,18,15
502,85,24,5
503,85,5,12
504,86,13,7
505,86,22,24
506,86,4,12
507,86,4,19
508,86,9,3
509,87,17,10
510,87,22,3
511,87,21,0
512,88,10,2
513,88,20,1
514,88,17,0
515,88,0,2
516,88,8,18
517,88,3,12
518,89,7,5
519,89,8,21
520,89,10,18
521,89,23,11
522,89,19,17
523,89,10,20
524,89,9,15
525,89,6,15
526,90,11,2
527,90,15,5
528,90,9,16
529,90,22,10
530,90,19,4
531,91,21,19
532,91,18,1
533,91,16,2
534,91,20,9
535,91,8,24
536,91,16,24
537,91,1,18
538,91,5,16
539,91,10,12
540,92,4,6
541,92,23,5
542,92,7,10
543,92,21,4
544,92,11,3
545,93,2,15
546,93,5,1
547,93,19,6
548,93,23,13
549,93,7,20
550,93,4,14
551,93,0,23
552,94,21,19
553,94,0,2
554,94,4,19
555,94,10,21
556,94,1,14
557,95,16,9
558,95,9,20
559,96,14,11
560,96,10,13
561,97,0,19
562,97,8,21
563,97,10,7
564,97,14,0
565,97,5,7
566,97,20,5
567,97,16,23
568,97,8,19
569,97,24,4
570,97,23,21
571,98,21,12
572,98,23,2
573,98,20,0
574,98,16,3
575,98,10,4
576,98,13,9
577,98,7,22
578,99,20,24
579,99,15,14
580,99,7,24
581,99,16,18
582,99,9,19
583,100,2,4
584,100,18,0
585,100,17,24
586,100,24,17
587,100,2,24
588,100,23,9
589,100,4,10
590,101,7,14
591,101,8,24
592,101,23,21
593,101,23,3
594,101,18,24
595,101,15,3
596,102,8,6
597,102,1,7
598,102,20,3
599,103,15,5
600,103,0,22
601,103,18,9
602,103,4,5
603,103,8,19
604,104,16,20
605,104,6,0
606,104,5,12
607,104,8,18
608,104,19,20
609,104,23,13
610,105,2,18
611,105,8,4
612,106,1,4
613,106,18,14
614,106,17,0
615,107,13,7
616,107,4,12
617,107,4,17
618,107,19,21
619,107,12,16
620,108,3,15
621,108,2,6
622,108,10,4
623,108,10,3
624,108,21,19
625,108,19,23
626,109,24,4
627,109,13,22
628,109,6,21
629,109,19,23
630,109,0,9
631,109,18,24
632,109,2,20
633,109,0,17
634,110,0,9
635,110,12,18
636,110,9,18
637,110,20,1
638,111,16,13
639,111,4,1
640,111,8,16
641,111,8,23
642,112,13,5
643,112,1,24
644,112,10,9
645,112,18,1
646,112,4,8
647,112,22,2
648,112,15,6
649,113,0,23
650,113,3,18
651,113,8,12
652,113,23,10
653,113,16,20
654,113,2,6
655,113,18,12
656,113,15,21
657,113,17,1
658,113,17,7
659,113,8,17
660,113,18,5
661,113,21,14
662,113,4,24
663,114,8,16
664,114,22,11
665,114,1,11
666,115,18,16
667,115,11,0
668,116,6,13
669,116,22,20
670,116,5,16
671,116,5,3
672,116,11,18
673,116,5,12
674,116,6,16
675,116,4,11
676,117,23,17
677,117,11,22
678,117,15,1
679,117,24,17
680,117,12,20
681,118,17,10
682,119,8,22
683,119,23,12
684,119,16,13
685,119,22,10
686,119,9,12
687,119,13,2
688,119,0,8
689,120,1,21
690,120,5,13
691,120,13,10
692,120,0,17
693,120,17,20
694,121,4,15
695,121,18,24
696,121,13,2
697,121,2,19
698,121,11,7
699,121,11,13
700,121,4,5
701,121,4,21
702,122,5,23
703,122,22,0
704,122,24,14
705,122,18,12
706,122,8,11
707,122,5,7
708,122,7,4
709,123,23,2
710,123,23,10
711,123,6,9
712,123,13,21
713,123,22,13
714,124,0,23
715,124,7,4
716,124,4,22
717,124,13,16
718,124,21,4
719,124,0,2
720,124,0,3
721,125,5,4
722,125,9,7
723,125,13,16
724,125,17,5
725,125,1,8
726,125,17,20
727,125,22,13
728,125,1,15
729,126,1,10
730,126,7,13
731,126,15,9
732,126,2,5
733,126,12,1
734,126,0,4
735,126,1,5
736,126,10,22
737,127,7,5
738,127,3,12
739,127,15,8
740,127,19,20
741,127,18,16
742,127,13,7
743,128,7,11
744,128,6,21
745,128,1,7
746,129,21,3
747,129,13,21
748,129,14,17
749,129,2,10
750,130,0,22
751,130,7,0
752,130,11,15
753,130,12,20
754,131,20,5
755,131,13,3
756,131,0,4
757,131,7,10
758,132,13,4
759,132,4,14
760,132,5,4
761,132,16,9
762,132,4,13
763,133,20,14
764,133,2,12
765,133,1,18
766,133,23,19
767,133,8,1
768,133,2,20
769,133,16,23
770,133,18,21
771,133,14,21
772,134,15,7
773,134,11,7
774,134,3,11
775,135,14,18
776,135,6,0
777,135,19,5
778,135,0,18
779,136,20,7
780,136,3,16
781,136,22,0
782,136,17,7
783,136,23,3
784,137,3,1
785,137,21,23
786,137,3,12
787,138,8,20
788,138,8,4
789,138,0,17
790,138,23,10
791,138,6,9
792,138,11,1
793,138,19,8
794,138,10,12
795,139,1,3
796,139,11,4
797,139,23,1
798,139,0,7
799,139,10,2
800,139,8,18
801,139,3,21
802,140,13,2
803,140,8,5
804,140,17,10
805,140,2,5
806,140,14,10
807,140,15,2
808,141,20,13
809,141,19,16
810,141,24,5
811,141,18,9
812,141,9,19
813,141,15,17
814,141,15,4
815,142,6,4
816,142,15,5
817,142,22,12
818,142,17,7
819,142,14,16
820,142,11,18
821,142,19,1
822,142,3,5
823,142,4,24
824,143,8,2
825,143,13,23
826,143,9,7
827,143,8,5
828,143,1,21
829,143,12,19
830,143,14,17
831,144,5,18
832,144,11,18
833,144,23,10
834,144,2,11
835,145,6,8
836,145,24,18
837,145,15,18
838,145,17,8
839,145,6,19
840,145,23,21
841,145,21,23
842,146,8,12
843,146,21,11
844,146,13,6
845,146,20,7
846,146,7,0
847,146,3,23
848,146,2,0
849,146,3,1
850,146,19,11
851,147,19,8
852,147,0,12
853,147,13,10
854,147,1,10
855,147,19,22
856,147,5,2
857,148,12,4
858,148,3,10
859,148,17,4
860,148,6,0
861,148,18,5
862,148,8,16
863,148,21,10
864,148,3,11
865,149,6,17
866,149,11,4
867,150,12,23
868,150,19,8
869,150,12,6
870,150,18,20
871,150,17,10
872,150,8,0
873,150,22,12
874,151,4,24
875,151,10,2
876,151,20,18
877,151,13,3
878,151,17,1
879,152,23,20
880,152,13,1
881,152,17,4
882,152,23,21
883,152,21,6
884,152,9,10
885,152,16,5
886,152,10,3
887,152,23,9
888,152,8,19
889,153,7,17
890,153,15,18
891,153,9,1
892,153,22,7
893,153,17,11
894,154,23,5
895,154,21,8
896,154,3,24
897,154,15,6
898,154,11,14
899,154,17,23
900,154,8,18
901,154,16,7
902,154,22,4
903,155,22,2
904,155,3,17
905,155,21,2
906,155,22,10
907,156,4,20
908,156,0,7
909,156,6,17
910,157,21,12
911,157,9,13
912,157,19,5
913,157,13,24
914,157,17,19
915,157,21,2
916,157,22,11
917,157,12,3
918,158,17,21
919,158,13,24
920,158,4,0
921,158,18,12
922,158,22,18
923,159,16,20
924,159,21,7
925,159,9,6
926,159,9,12
927,159,18,11
928,160,24,20
929,160,17,6
930,160,8,15
931,160,8,1
932,160,20,23
933,160,17,4
934,161,7,16
935,161,20,10
936,161,1,4
937,161,20,8
938,161,20,6
939,161,10,24
940,161,7,4
941,162,20,13
942,162,1,13
943,162,17,5
944,162,11,8
945,162,13,10
946,162,9,2
947,163,11,7
948,163,17,7
949,163,20,5
950,163,14,16
951,163,22,4
952,163,10,2
953,163,5,14
954,163,6,14
955,164,20,7
956,164,14,15
957,164,12,23
958,164,14,23
959,164,12,3
960,164,3,0
961,164,6,18
962,165,24,10
963,165,10,22
964,165,19,7
965,165,12,10
966,165,9,6
967,166,4,20
968,166,23,17
969,166,10,22
970,167,18,24
971,167,22,6
972,167,9,18
973,167,11,18
974,168,5,15
975,168,6,16
976,168,3,22
977,168,16,10
978,168,22,15
979,168,2,22
980,169,13,1
981,169,13,24
982,169,15,7
983,170,23,11
984,170,20,9
985,170,18,7
986,171,12,22
987,171,9,16
988,171,14,23
989,172,24,6
990,172,0,19
991,172,22,14
992,172,24,5
993,172,19,0
994,173,20,11
995,173,15,8
996,173,1,9
997,173,10,20
998,173,4,11
999,173,23,3
1000,173,12,20
1001,173,16,2
1002,174,15,0
1003,174,17,11
1004,174,21,24
1005,174,10,12
1006,174,18,10
1007,174,8,18
1008,175,17,6
1009,175,5,19
1010,175,18,5
1011,176,21,2
1012,176,17,7
1013,177,16,3
1014,177,10,13
1015,177,6,19
1016,177,5,11
1017,177,9,10
1018,177,9,17
1019,178,13,21
1020,178,9,3
1021,178,9,22
1022,178,2,14
1023,178,14,4
1024,179,8,19
1025,179,5,12
1026,179,2,20
1027,179,13,24
1028,179,9,12
1029,179,9,22
1030,180,23,6
1031,180,20,7
1032,180,6,14
1033,180,17,21
1034,180,20,19
1035,180,10,19
1036,181,17,13
1037,181,18,9
1038,181,3,9
1039,181,10,22
1040,181,22,8
1041,181,1,15
1042,181,23,14
1043,182,0,16
1044,182,16,23
1045,182,3,7
1046,182,4,20
1047,182,10,24
1048,183,10,24
1049,183,14,15
1050,184,24,12
1051,184,20,22
1052,184,0,18
1053,184,21,1
1054,184,24,22
1055,184,7,15
1056,184,24,22
1057,185,16,14
1058,185,23,20
1059,185,23,2
1060,186,17,4
1061,186,10,13
1062,186,0,20
1063,186,5,16
1064,186,16,14
1065,186,24,6
1066,187,8,19
1067,187,24,11
1068,187,5,17
1069,187,0,10
1070,188,8,15
1071,188,1,19
1072,188,11,5
1073,189,23,4
1074,189,17,5
1075,189,7,11
1076,189,17,10
1077,189,18,0
1078,189,10,2
1079,189,17,23
1080,189,16,0
1081,190,19,12
1082,190,20,7
1083,190,0,9
1084,190,21,2
1085,190,20,9
1086,191,18,16
1087,191,9,21
1088,191,12,21
1089,192,13,0
1090,192,8,17
1091,192,16,12
1092,193,6,12
1093,193,5,2
1094,193,7,1
1095,193,2,0
1096,193,13,15
1097,193,2,17
1098,193,9,20
1099,193,22,10
1100,193,15,23
1101,193,13,21
1102,194,20,8
1103,194,9,22
1104,194,4,18
1105,194,4,16
1106,194,17,11
1107,195,1,16
1108,195,12,16
1109,195,20,0
1110,195,4,18
1111,195,10,7
1112,195,5,20
1113,196,8,16
1114,196,21,2
1115,197,21,1
1116,198,6,24
1117,198,0,22
1118,198,20,5
1119,198,12,6
1120,198,16,1
1121,198,16,13
1122,199,18,14
1123,199,15,21
1124,199,16,7
1125,199,19,4
1126,200,14,23
1127,200,13,20
1128,200,12,10
1129,200,19,11
1130,200,20,17
1131,200,18,12
1132,200,2,8
1133,200,5,19
1134,200,16,9
1135,202,7,22
1136,202,21,9
1137,202,6,12
1138,202,21,15
1139,202,22,9
1140,203,13,9
1141,203,1,14
1142,203,12,18
1143,203,19,4
1144,203,14,21
1145,203,11,4
1146,203,2,24
1147,204,17,15
1148,204,24,3
1149,204,14,6
1150,204,3,7
1151,204,8,6
1152,204,20,11
1153,205,13,0
1154,205,11,8
1155,205,22,3
1156,205,2,13
1157,205,5,20
1158,205,1,23
1159,205,16,18
1160,205,1,5
1161,205,21,4
1162,206,24,22
1163,206,2,23
1164,206,24,14
1165,206,9,1
1166,206,11,8
1167,206,12,22
1168,207,24,20
1169,207,10,2
1170,207,19,15
1171,207,22,5
1172,207,21,12
1173,207,2,19
1174,208,18,1
1175,208,5,19
1176,208,1,24
1177,208,9,6
1178,208,14,12
1179,209,21,19
1180,209,19,21
1181,209,2,10
1182,209,23,13
1183,209,0,2
1184,209,20,7
1185,209,23,13
1186,210,16,2
1187,210,4,5
1188,210,24,12
1189,210,21,12
1190,210,17,7
1191,210,15,13
1192,211,5,7
1193,211,14,16
1194,211,13,17
1195,211,2,8
1196,211,22,9
1197,211,21,5
1198,211,17,20
1199,211,0,7
1200,211,6,14
1201,212,12,14
1202,212,12,3
1203,212,7,20
1204,212,18,14
1205,212,18,1
1206,213,20,0
1207,213,22,2
1208,213,6,9
1209,213,1,15
1210,213,24,14
1211,213,9,20
1212,213,9,2
1213,214,14,7
1214,214,4,17
1215,214,21,5
1216,214,8,17
1217,214,5,7
1218,215,24,2
1219,215,3,22
1220,215,10,17
1221,216,20,18
1222,216,14,8
1223,216,8,5
1224,216,6,15
1225,216,24,13
1226,216,0,23
1227,217,3,24
1228,217,15,12
1229,218,16,6
1230,218,19,22
1231,218,15,12
1232,218,24,6
1233,218,2,20
1234,219,13,23
1235,219,14,7
1236,219,2,22
1237,219,11,7
1238,219,21,8
1239,219,17,23
1240,219,24,6
1241,219,20,19
1242,219,6,18
1243,220,20,7
1244,220,15,0
1245,220,16,13
1246,220,7,4
1247,220,9,2
1248,220,9,3
1249,220,16,9
1250,221,4,12
1251,221,13,22
1252,221,0,24
1253,221,15,23
1254,221,17,5
1255,221,14,0
1256,221,2,19
1257,221,8,21
1258,221,14,3
1259,221,9,15
1260,222,15,3
1261,222,14,16
1262,222,12,8
1263,222,7,5
1264,222,7,17
1265,223,8,22
1266,223,15,23
1267,223,8,23
1268,223,21,12
1269,223,5,7
1270,223,12,20
1271,223,10,4
1272,224,13,2
1273,224,20,13
1274,224,15,0
1275,224,8,2
1276,224,16,8
1277,224,0,7
1278,224,15,6
1279,225,10,9
1280,225,21,2
1281,225,20,11
1282,225,1,13
1283,226,10,19
1284,226,1,19
1285,226,8,21
1286,226,16,8
1287,226,24,6
1288,227,21,8
1289,227,14,0
1290,227,0,13
1291,227,7,13
1292,227,15,24
1293,227,16,6
1294,227,16,13
1295,227,20,1
1296,227,17,21
1297,227,3,7
1298,227,23,11
1299,228,18,12
1300,228,10,0
1301,228,17,5
1302,229,10,12
1303,229,9,23
1304,229,14,24
1305,229,5,7
1306,229,17,21
1307,229,1,18
1308,229,11,5
1309,229,9,18
1310,229,7,19
1311,230,0,24
1312,230,1,16
1313,230,3,13
1314,230,22,6
1315,230,6,22
1316,231,6,4
1317,231,11,23
1318,231,15,21
1319,231,4,1
1320,231,5,17
1321,231,10,2
1322,232,5,12
1323,232,11,22
1324,232,15,5
1325,232,11,4
1326,232,2,14
1327,232,7,4
1328,232,17,5
1329,232,19,9
1330,232,19,20
1331,233,0,17
1332,233,21,13
1333,233,5,7
1334,233,10,1
1335,233,4,19
1336,233,17,10
1337,233,4,14
1338,233,5,1
1339,234,1,14
1340,234,12,6
1341,234,11,14
1342,234,0,6
1343,234,13,17
1344,235,0,7
1345,235,17,8
1346,235,0,16
1347,235,14,20
1348,235,0,7
1349,235,8,20
1350,235,22,19
1351,235,11,17
1352,236,15,19
1353,236,9,1
1354,236,19,20
1355,236,8,14
1356,236,13,19
1357,236,6,20
1358,236,8,16
1359,236,13,11
1360,236,9,6
1361,237,4,5
1362,237,17,20
1363,237,24,10
1364,237,17,2
1365,237,20,19
1366,237,24,10
1367,238,0,3
1368,238,8,6
1369,238,9,18
1370,238,0,19
1371,238,19,8
1372,239,10,9
1373,239,23,5
1374,239,22,12
1375,239,0,8
1376,239,8,6
1377,239,11,2
1378,239,13,22
1379,239,8,21
1380,239,23,16
1381,239,6,23
1382,240,24,11
1383,240,8,11
1384,240,0,7
1385,240,22,0
1386,240,22,24
1387,240,20,2
1388,240,15,21
1389,241,5,19
1390,241,13,23
1391,241,22,18
1392,241,1,17
1393,241,24,2
1394,241,15,19
1395,242,17,8
1396,242,7,22
1397,242,1,4
1398,242,18,6
1399,242,12,6
1400,243,8,6
1401,243,2,19
1402,243,15,9
1403,243,0,4
1404,243,23,16
1405,243,1,22
1406,243,13,24
1407,244,23,19
1408,244,15,11
1409,244,19,21
1410,244,11,3
1411,244,18,11
1412,244,8,4
1413,245,21,7
1414,245,18,24
1415,245,1,9
1416,246,14,6
1417,246,17,7
1418,246,1,4
1419,246,22,2
1420,246,20,1
1421,246,6,20
1422,246,3,6
1423,247,14,24
1424,247,5,3
1425,247,0,17
1426,247,1,10
1427,247,4,15
1428,248,11,0
1429,248,3,14
1430,248,4,22
1431,248,9,7
1432,248,5,14
1433,248,19,16
1434,248,9,22
1435,248,0,23
1436,249,15,13
1437,249,4,17
1438,249,13,11
1439,250,19,2
1440,250,1,23
1441,250,9,0
1442,250,15,21
1443,250,14,2
1444,251,0,9
1445,251,5,12
1446,251,15,4
1447,251,6,16
1448,252,21,17
1449,252,21,14
1450,252,3,19
1451,252,13,9
1452,253,13,22
1453,253,1,20
1454,253,16,6
1455,254,0,14
1456,254,2,17
1457,254,8,4
1458,254,23,1
1459,254,19,5
1460,254,23,4
1461,255,16,1
1462,255,8,14
1463,255,3,16
1464,255,4,6
1465,255,4,23
1466,255,9,2
1467,256,19,5
1468,256,13,11
1469,257,24,0
1470,257,4,24
1471,257,13,0
1472,257,10,12
1473,257,7,13
1474,257,17,2
1475,257,0,24
1476,258,7,14
1477,258,7,4
1478,258,15,12
1479,259,22,1
1480,259,3,5
1481,259,24,18
1482,259,3,9
1483,259,6,15
1484,259,21,19
1485,259,7,1
1486,259,3,7
1487,259,10,4
1488,259,5,11
1489,260,21,15
1490,260,9,23
1491,260,24,0
1492,260,5,9
1493,260,13,0
1494,260,8,21
1495,261,18,20
1496,261,15,1
1497,261,2,6
1498,261,4,8
1499,262,21,7
1500,262,20,13
1501,262,11,9
1502,262,12,9
1503,262,17,23
1504,263,2,9
1505,263,24,8
1506,263,4,12
1507,263,3,18
1508,263,18,14
1509,263,7,5
1510,263,23,10
1511,263,18,16
1512,263,6,19
1513,264,11,5
1514,264,9,23
1515,264,18,2
1516,264,19,1
1517,264,15,9
1518,264,11,0
1519,264,0,24
1520,264,2,10
1521,264,24,17
1522,264,13,22
1523,265,2,12
1524,266,18,15
1525,266,8,1
1526,267,4,15
1527,267,7,9
1528,267,1,11
1529,267,16,1
1530,267,12,14
1531,267,23,1
1532,268,4,17
1533,268,7,0
1534,268,19,7
1535,268,6,19
1536,268,18,21
1537,269,6,14
1538,269,21,12
1539,269,6,22
1540,270,23,15
1541,270,13,2
1542,270,7,4
1543,270,23,15
1544,270,16,6
1545,270,7,23
1546,271,8,11
1547,271,24,22
1548,271,3,7
1549,271,1,24
1550,271,20,23
1551,271,23,17
1552,272,20,2
1553,272,12,24
1554,272,3,21
1555,272,11,17
1556,273,17,14
1557,273,11,1
1558,273,17,6
1559,273,22,18
1560,273,5,16
1561,273,20,19
1562,273,6,4
1563,273,17,0
1564,273,17,15
1565,274,3,20
1566,274,4,6
1567,274,20,6
1568,274,5,22
1569,274,4,24
1570,275,13,19
1571,275,2,9
1572,276,4,14
1573,276,14,5
1574,276,21,0
1575,276,21,14
1576,276,21,0
1577,277,18,5
1578,277,15,5
1579,277,15,12
1580,277,11,23
1581,277,24,1
1582,277,20,1
1583,277,24,3
1584,278,7,19
1585,278,23,6
1586,278,1,4
1587,278,10,23
1588,278,5,11
1589,279,13,17
1590,279,9,17
1591,279,3,7
1592,279,2,4
1593,279,17,23
1594,280,4,6
1595,280,10,14
1596,281,17,2
1597,281,15,13
1598,281,9,12
1599,281,5,14
1600,282,8,12
1601,282,9,16
1602,282,7,3
1603,282,24,12
1604,282,8,15
1605,282,6,14
1606,283,13,9
1607,283,1,24
1608,283,13,11
1609,283,16,3
1610,283,5,13
1611,283,11,7
1612,284,24,8
1613,284,12,22
1614,284,17,1
1615,284,20,2
1616,284,11,9
1617,284,4,2
1618,285,21,24
1619,285,14,16
1620,285,20,4
1621,285,1,11
1622,285,16,24
1623,285,23,21
1624,286,14,15
1625,286,23,2
1626,286,12,18
1627,286,23,2
1628,286,17,9
1629,287,21,5
1630,287,7,14
1631,287,20,14
1632,287,3,10
1633,287,18,12
1634,287,19,16
1635,288,14,1
1636,288,10,6
1637,289,17,23
1638,289,20,18
1639,289,1,24
1640,289,11,22
1641,289,9,18
1642,289,9,22
1643,289,6,0
1644,289,17,5
1645,289,2,0
1646,289,14,22
1647,289,5,23
1648,290,0,4
1649,290,7,1
1650,291,9,3
1651,291,14,17
1652,291,9,3
1653,291,22,6
1654,291,22,3
1655,292,24,5
1656,292,17,10
1657,292,8,14
1658,293,17,13
1659,293,1,18
1660,293,12,23
1661,293,23,7
1662,293,4,16
1663,293,19,0
1664,293,21,14
1665,293,21,11
1666,294,18,14
1667,294,21,24
1668,294,16,13
1669,294,11,17
1670,294,23,12
1671,294,14,7
1672,294,16,1
1673,294,16,4
1674,294,7,19
1675,295,8,12
1676,295,16,2
1677,295,1,4
1678,295,1,8
1679,295,2,23
1680,295,3,13
1681,296,16,24
1682,296,20,8
1683,296,12,19
1684,296,7,19
1685,296,21,5
1686,297,21,2
1687,297,9,21
1688,297,7,21
1689,297,18,10
1690,297,9,13
1691,297,2,19
1692,297,5,11
1693,297,19,10
1694,297,5,16
1695,297,14,20
1696,298,21,2
1697,298,14,8
1698,298,7,18
1699,298,17,21
1700,298,20,4
1701,298,23,2
1702,298,10,12
1703,298,9,10
1704,298,15,22
1705,299,10,12
1706,299,4,10
1707,299,0,15
1708,299,15,21
1709,299,19,5
1710,299,5,15
1711,299,9,12
1712,299,12,14
1713,299,21,13
1714,299,0,21
1715,299,17,9
1716,300,20,22
1717,300,12,14
1718,300,3,14
1719,300,23,7
1720,300,5,16
1721,300,21,15
1722,300,18,16
1723,300,9,18
1724,300,7,0
1725,300,17,2
1726,300,15,14
1727,300,15,9
1728,301,4,7
1729,301,21,3
1730,301,16,1
1731,301,4,1
1732,301,19,4
1733,301,10,4
1734,301,15,24
1735,301,18,24
1736,302,17,8
1737,302,11,4
1738,302,3,18
1739,302,4,24
1740,302,21,3
1741,303,23,0
1742,303,15,17
1743,303,20,1
1744,303,21,8
1745,303,24,3
1746,303,5,24
1747,303,7,1
1748,303,20,7
1749,303,10,13
1750,303,4,21
1751,303,7,9
1752,304,10,8
1753,304,2,14
1754,304,13,6
1755,304,3,17
1756,304,3,10
1757,304,6,4
1758,304,8,12
1759,304,13,24
1760,305,24,2
1761,305,6,18
1762,305,2,15
1763,305,3,20
1764,305,0,14
1765,305,5,17
1766,306,0,20
1767,306,22,10
1768,306,21,9
1769,306,15,18
1770,306,24,3
1771,306,0,6
1772,307,0,16
1773,307,18,10
1774,307,8,16
1775,307,5,4
1776,307,9,13
1777,307,11,4
1778,308,2,9
1779,308,24,14
1780,309,8,18
1781,309,4,18
1782,309,2,16
1783,309,9,21
1784,309,22,18
1785,309,6,17
1786,309,14,24
1787,309,9,3
1788,309,23,12
1789,309,2,24
1790,309,2,5
1791,310,5,12
1792,310,2,24
1793,310,3,19
1794,310,16,23
1795,310,24,15
1796,311,9,18
1797,311,6,14
1798,311,14,6
1799,312,4,14
1800,312,23,15
1801,312,3,6
1802,312,21,10
1803,312,7,19
1804,312,23,11
1805,313,0,17
1806,313,21,4
1807,313,15,24
1808,313,2,9
1809,314,22,13
1810,314,3,0
1811,314,5,19
1812,314,6,23
1813,314,4,1
1814,314,6,9
1815,314,6,20
1816,314,12,23
1817,314,24,13
1818,315,8,0
1819,315,1,11
1820,315,22,10
1821,315,2,4
1822,315,22,5
1823,315,7,4
1824,315,23,16
1825,316,15,12
1826,316,4,13
1827,316,7,3
1828,316,24,21
1829,316,7,4
1830,317,21,8
1831,317,9,22
1832,317,3,12
1833,317,16,12
1834,317,0,6
1835,318,17,14
1836,318,24,11
1837,318,8,23
1838,318,6,23
1839,318,24,15
1840,318,19,2
1841,318,23,13
1842,318,13,7
1843,319,20,24
1844,319,17,21
1845,319,19,4
1846,319,14,4
1847,319,17,10
1848,320,22,12
1849,320,15,1
1850,320,16,2
1851,321,5,23
1852,321,22,1
1853,321,24,22
1854,321,10,20
1855,322,16,18
1856,322,4,19
1857,322,19,16
1858,322,18,11
1859,322,3,5
1860,323,0,8
1861,323,24,15
1862,323,7,20
1863,323,2,0
1864,323,0,9
1865,324,5,7
1866,324,23,13
1867,324,21,8
1868,324,6,16
1869,324,18,8
1870,324,4,2
1871,324,9,22
1872,324,11,17
1873,325,5,17
1874,325,20,0
1875,325,3,9
1876,325,12,20
1877,326,2,4
1878,326,4,13
1879,326,15,22
1880,326,15,23
1881,326,21,1
1882,326,22,19
1883,326,24,4
1884,326,15,21
1885,327,23,3
1886,327,8,15
1887,327,8,17
1888,327,9,2
1889,327,11,14
1890,327,22,0
1891,327,22,16
1892,327,16,20
1893,328,15,13
1894,328,17,7
1895,328,2,23
1896,328,8,10
1897,328,14,21
1898,328,18,15
1899,328,6,17
1900,328,21,8
1901,328,5,20
1902,329,13,9
1903,329,22,1
1904,330,17,19
1905,330,5,24
1906,330,8,20
1907,330,11,23
1908,330,6,13
1909,330,4,24
1910,330,18,3
1911,331,9,19
1912,331,5,23
1913,332,4,15
1914,332,18,5
1915,332,2,6
1916,332,11,17
1917,333,10,7
1918,333,12,9
1919,333,5,22
1920,333,4,23
1921,333,3,22
1922,333,1,22
1923,333,16,12
1924,334,9,18
1925,334,3,5
1926,334,8,2
1927,334,23,10
1928,334,11,7
1929,334,17,24
1930,334,1,17
1931,335,8,19
1932,335,11,20
1933,335,24,10
1934,335,16,19
1935,336,4,17
1936,336,21,10
1937,337,18,16
1938,337,24,13
1939,337,23,13
1940,337,8,10
1941,337,2,24
1942,338,13,2
1943,338,0,11
1944,338,0,24
1945,338,8,16
1946,338,12,24
1947,338,10,20
1948,338,3,10
1949,338,21,13
1950,338,11,14
1951,339,11,17
1952,339,22,7
1953,339,9,20
1954,339,13,6
1955,339,22,11
1956,339,7,24
1957,339,20,13
1958,339,8,15
1959,339,7,9
1960,340,15,11
1961,340,5,4
1962,340,15,18
1963,340,9,19
1964,340,4,19
1965,340,16,20
1966,341,16,4
1967,341,6,19
1968,341,7,3
1969,341,17,4
1970,341,15,1
1971,341,7,13
1972,342,6,15
1973,342,20,9
1974,342,24,12
1975,342,12,23
1976,342,11,23
1977,343,9,16
1978,343,16,13
1979,343,3,6
1980,343,19,6
1981,343,5,16
1982,343,1,18
1983,343,1,14
1984,343,9,16
1985,343,20,23
1986,344,16,4
1987,344,8,0
1988,344,12,9
1989,345,10,7
1990,345,6,24
1991,345,13,1
1992,345,2,20
1993,346,18,15
1994,346,2,9
1995,346,20,6
1996,346,12,5
1997,346,1,24
1998,347,21,24
1999,347,5,13
2000,347,17,15
2001,348,1,24
2002,348,24,1
2003,348,0,24
2004,348,3,16
2005,348,10,3
2006,348,16,18
2007,348,15,7
2008,348,4,21
2009,348,5,19
2010,349,11,0
2011,349,10,22
2012,349,6,10
2013,349,2,23
2014,349,22,12
2015,349,10,21
2016,349,1,5
2017,349,21,6
2018,349,13,7
2019,350,9,1
2020,350,14,12
2021,350,6,18
2022,350,22,19
2023,350,8,18
2024,350,20,23
2025,350,19,23
2026,350,5,7
2027,350,21,19
2028,350,12,24
2029,351,24,2
2030,351,9,10
2031,351,22,13
2032,351,24,3
2033,351,22,3
2034,351,9,12
2035,352,1,10
2036,352,17,23
2037,352,12,22
2038,352,11,24
2039,352,2,9
2040,353,17,5
2041,353,15,24
2042,353,0,20
2043,354,21,19
2044,354,10,14
2045,354,1,12
2046,354,21,14
2047,354,20,3
2048,354,0,8
2049,354,15,17
2050,355,12,15
2051,355,15,8
2052,355,7,13
2053,355,6,3
2054,355,20,12
2055,355,6,12
2056,355,5,24
2057,355,17,2
2058,355,0,22
2059,355,24,22
2060,356,13,24
2061,356,15,6
2062,356,14,2
2063,356,20,18
2064,357,17,21
2065,357,15,0
2066,357,3,1
2067,357,18,22
2068,357,17,1
2069,358,18,22
2070,358,8,19
2071,358,22,2
2072,358,13,2
2073,358,11,9
2074,358,22,13
2075,359,4,12
2076,359,15,19
2077,359,14,20
2078,359,19,7
2079,359,15,24
2080,360,8,22
2081,361,22,4
2082,361,23,7
2083,361,1,23
2084,361,2,15
2085,361,22,13
2086,361,24,3
2087,361,5,23
2088,362,24,1
2089,362,10,12
2090,362,15,6
2091,362,14,5
2092,362,9,12
2093,362,0,8
2094,362,13,5
2095,363,19,8
2096,363,19,2
2097,363,21,8
2098,364,21,2
2099,364,3,10
2100,364,20,14
2101,364,3,23
2102,364,13,0
2103,364,6,24
2104,365,1,15
2105,365,13,20
2106,365,10,24
2107,366,4,24
2108,366,17,7
2109,366,5,19
2110,366,6,2
2111,366,12,20
2112,366,7,24
2113,367,11,17
2114,367,5,15
2115,367,17,14
2116,367,19,22
2117,367,18,3
2118,367,22,11
2119,367,14,16
2120,367,3,13
2121,367,22,5
2122,368,6,17
2123,368,1,5
2124,368,15,17
2125,368,10,8
2126,368,2,21
2127,368,19,10
2128,368,2,6
2129,368,8,24
2130,368,23,21
2131,368,1,18
2132,368,21,0
2133,368,6,9
2134,368,12,3
2135,368,3,11
2136,369,17,4
2137,369,16,8
2138,369,0,24
2139,370,0,8
2140,370,18,24
2141,370,4,17
2142,370,18,3
2143,370,17,19
2144,370,2,20
2145,371,15,5
2146,371,8,20
2147,371,7,16
2148,371,23,3
2149,372,9,18
2150,372,15,3
2151,372,8,11
2152,372,0,21
2153,372,5,8
2154,373,20,19
2155,373,24,6
2156,373,2,16
2157,373,20,14
2158,373,10,13
2159,373,21,2
2160,373,14,5
2161,374,19,0
2162,374,21,15
2163,374,24,16
2164,374,11,8
2165,374,18,12
2166,374,21,12
2167,374,7,23
2168,374,20,23
2169,376,6,18
2170,376,15,1
2171,376,17,19
2172,376,18,10
2173,376,11,8
2174,376,14,1
2175,377,5,12
2176,377,15,22
2177,377,20,23
2178,377,14,23
2179,378,21,18
2180,378,16,0
2181,378,23,9
2182,378,6,20
2183,379,5,17
2184,379,8,19
2185,379,12,0
2186,379,18,2
2187,379,18,16
2188,380,19,10
2189,380,21,3
2190,380,21,4
2191,380,17,0
2192,380,22,0
2193,380,4,19
2194,381,20,23
2195,381,24,17
2196,381,5,21
2197,381,22,9
2198,382,20,8
2199,382,24,21
2200,382,4,15
2201,382,24,0
2202,382,2,23
2203,382,3,5
2204,383,1,15
2205,383,8,17
2206,383,7,20
2207,383,4,6
2208,383,22,18
2209,383,14,17
2210,383,23,3
2211,383,24,5
2212,384,6,18
2213,384,11,24
2214,384,19,22
2215,384,13,1
2216,384,20,24
2217,385,18,9
2218,385,12,20
2219,385,4,23
2220,385,11,18
2221,385,2,20
2222,385,24,2
2223,386,19,2
2224,386,15,12
2225,386,20,6
2226,386,8,20
2227,386,15,22
2228,386,20,3
2229,386,12,5
2230,386,24,18
2231,386,19,0
2232,387,4,12
2233,387,18,3
2234,387,0,22
2235,387,14,4
2236,388,24,7
2237,388,10,6
2238,388,6,4
2239,388,16,10
2240,388,21,14
2241,388,21,0
2242,388,16,23
2243,388,16,10
2244,389,12,2
2245,389,3,16
2246,389,9,24
2247,390,15,18
2248,390,17,5
2249,390,16,9
2250,391,8,1
2251,391,16,22
2252,391,15,0
2253,391,16,19
2254,391,0,6
2255,391,17,20
2256,392,18,6
2257,392,14,11
2258,392,22,1
2259,392,17,6
2260,392,5,22
2261,392,11,17
2262,392,17,5
2263,392,20,11
2264,393,14,2
2265,393,17,3
2266,393,14,7
2267,393,10,8
2268,393,15,14
2269,393,7,11
2270,393,5,2
2271,393,21,10
2272,393,2,21
2273,394,22,15
2274,394,0,23
2275,394,11,7
2276,394,11,24
2277,394,5,15
2278,395,17,11
2279,396,23,5
2280,396,11,23
2281,396,7,5
2282,396,12,22
2283,396,18,24
2284,397,10,7
2285,397,14,8
2286,397,4,2
2287,397,3,6
2288,397,11,13
2289,397,21,8
2290,397,15,8
2291,397,4,16
2292,398,9,18
2293,398,4,8
2294,398,9,20
2295,398,7,3
2296,398,7,17
2297,399,18,0
2298,399,2,16
2299,399,0,13
2300,399,21,13
2301,399,10,16
2302,399,18,2
2303,399,19,21
2304,399,21,17
2305,399,17,24
2306,400,14,0
2307,400,10,3
2308,400,21,7
2309,400,12,5
2310,400,21,23
2311,401,2,8
2312,401,22,11
2313,401,24,4
2314,401,13,3
2315,402,12,19
2316,402,16,23
2317,402,14,8
2318,402,2,10
2319,402,8,15
2320,402,0,7
2321,403,17,8
2322,403,13,11
2323,403,14,22
2324,403,23,0
2325,404,8,6
2326,404,18,3
2327,404,19,22
2328,404,17,15
2329,404,4,19
2330,405,6,3
2331,405,22,14
2332,405,19,16
2333,405,17,15
2334,405,1,11
2335,405,10,12
2336,405,24,7
2337,405,3,13
2338,406,0,9
2339,406,22,15
2340,406,11,4
2341,406,19,15
2342,406,21,3
2343,406,0,8
2344,407,22,19
2345,407,2,19
2346,407,15,23
2347,407,18,7
2348,407,24,12
2349,408,18,1
2350,408,14,24
2351,408,0,8
2352,408,10,19
2353,408,8,12
2354,408,4,17
2355,408,15,5
2356,409,23,4
2357,409,11,9
2358,409,12,23
2359,409,9,7
2360,409,11,15
2361,409,0,21
2362,409,17,14
2363,409,9,5
2364,410,8,16
2365,410,16,10
2366,410,15,2
2367,410,17,21
2368,410,24,22
2369,410,19,7
2370,410,23,20
2371,410,16,12
2372,410,13,1
2373,410,4,18
2374,411,10,14
2375,411,23,4
2376,411,1,24
2377,411,4,11
2378,411,13,7
2379,411,23,21
2380,411,18,4
2381,412,13,17
2382,412,20,22
2383,412,14,15
2384,412,23,1
2385,412,22,5
2386,412,1,21
2387,412,23,20
2388,412,11,2
2389,412,20,19
2390,412,0,16
2391,413,4,8
2392,413,10,22
2393,413,9,20
2394,414,24,4
2395,414,16,5
2396,414,18,3
2397,414,24,17
2398,414,9,12
2399,414,9,10
2400,414,9,20
2401,414,1,12
2402,414,17,6
2403,414,2,0
2404,415,3,15
2405,415,13,2
2406,415,12,6
2407,415,10,12
2408,415,7,13
2409,415,15,4
2410,415,22,0
2411,416,23,5
2412,416,9,3
2413,417,18,4
2414,417,3,14
2415,417,21,7
2416,417,21,11
2417,417,19,4
2418,417,15,24
2419,417,5,7
2420,418,21,6
2421,418,11,0
2422,418,6,20
2423,418,9,16
2424,418,14,1
2425,418,20,2
2426,418,20,14
2427,419,4,22
2428,419,9,10
2429,419,19,15
2430,419,14,11
2431,419,3,17
2432,419,2,12
2433,419,1,4
2434,420,20,2
2435,420,11,3
2436,420,2,21
2437,420,19,9
2438,420,21,0
2439,421,17,0
2440,421,7,22
2441,421,18,5
2442,421,5,1
2443,422,24,4
2444,422,19,0
2445,422,12,10
2446,422,0,6
2447,423,5,9
2448,423,21,3
2449,423,9,3
2450,423,6,23
2451,423,10,23
2452,424,11,15
2453,424,18,9
2454,424,7,4
2455,424,22,7
2456,424,10,18
2457,424,17,9
2458,424,4,0
2459,424,22,8
2460,424,20,6
2461,425,1,13
2462,425,4,18
2463,425,7,10
2464,425,0,4
2465,425,24,8
2466,425,19,10
2467,426,2,12
2468,426,17,1
2469,426,9,24
2470,426,15,8
2471,427,15,24
2472,427,16,9
2473,427,0,21
2474,427,7,16
2475,427,13,2
2476,428,11,3
2477,428,12,4
2478,428,7,16
2479,428,3,15
2480,428,8,17
2481,428,13,7
2482,428,15,21
2483,428,18,20
2484,428,20,18
2485,428,10,14
2486,429,3,7
2487,429,21,5
2488,429,15,1
2489,429,20,14
2490,429,19,5
2491,429,14,10
2492,429,5,7
2493,430,20,12
2494,430,11,2
2495,430,24,5
2496,430,9,12
2497,430,3,10
2498,430,1,19
2499,431,13,10
2500,431,8,15
2501,431,12,16
2502,431,16,20
2503,431,20,1
2504,432,5,1
2505,432,1,12
2506,432,13,23
2507,432,24,0
2508,432,20,8
2509,432,3,7
2510,432,13,6
2511,432,16,10
2512,433,13,2
2513,433,2,13
2514,433,2,12
2515,433,4,1
2516,433,18,16
2517,433,10,12
2518,433,8,1
2519,433,24,7
2520,434,16,0
2521,434,5,15
2522,434,3,21
2523,434,9,3
2524,434,2,8
2525,434,3,12
2526,435,18,4
2527,435,9,13
2528,435,2,6
2529,436,6,20
2530,436,5,8
2531,436,7,16
2532,436,18,7
2533,436,9,22
2534,437,23,16
2535,437,7,0
2536,437,4,24
2537,437,16,19
2538,437,11,24
2539,437,4,24
2540,437,17,24
2541,438,6,20
2542,438,23,17
2543,438,11,8
2544,438,24,3
2545,438,16,5
2546,439,9,3
2547,439,21,2
2548,439,10,7
2549,439,20,24
2550,439,8,22
2551,439,4,15
2552,440,16,18
2553,440,12,18
2554,440,3,5
2555,440,5,24
2556,440,0,7
2557,440,17,24
2558,440,9,6
2559,441,8,16
2560,441,5,7
2561,441,22,6
2562,441,9,11
2563,441,16,22
2564,442,24,17
2565,442,8,21
2566,442,16,20
2567,442,10,8
2568,443,7,0
2569,443,23,20
2570,443,5,3
2571,443,14,7
2572,444,23,9
2573,444,20,13
2574,444,18,3
2575,444,19,8
2576,444,16,24
2577,445,17,3
2578,445,15,14
2579,445,23,9
2580,446,11,0
2581,446,13,3
2582,446,11,20
2583,446,10,17
2584,446,15,4
2585,446,6,19
2586,446,9,24
2587,446,9,7
2588,446,14,5
2589,446,15,14
2590,447,3,19
2591,447,11,21
2592,447,10,9
2593,447,3,12
2594,447,14,17
2595,447,4,8
2596,447,2,15
2597,447,23,0
2598,448,0,14
2599,448,5,14
2600,448,5,12
2601,448,21,2
2602,448,4,1
2603,448,10,14
2604,448,15,18
2605,448,14,15
2606,449,18,7
2607,449,21,14
2608,449,22,4
2609,449,15,14
2610,449,7,13
2611,450,5,3
2612,450,4,13
2613,450,11,20
2614,450,5,14
2615,451,15,3
2616,451,16,23
2617,451,20,8
2618,451,23,14
2619,451,7,4
2620,451,6,20
2621,452,17,9
2622,452,17,14
2623,453,13,24
2624,453,9,6
2625,453,11,14
2626,453,13,0
2627,453,21,19
2628,453,8,5
2629,454,0,23
2630,454,3,7
2631,454,19,16
2632,454,11,15
2633,454,23,15
2634,454,21,24
2635,454,21,5
2636,455,22,3
2637,455,15,5
2638,455,6,24
2639,455,18,22
2640,455,18,9
2641,455,13,11
2642,455,6,21
2643,455,10,8
2644,456,14,17
2645,456,19,2
2646,456,22,10
2647,457,20,11
2648,457,0,11
2649,457,1,22
2650,457,9,5
2651,458,9,1
2652,458,20,7
2653,458,18,7
2654,458,14,20
2655,459,16,24
2656,459,4,0
2657,459,23,14
2658,459,8,19
2659,459,13,6
2660,459,7,20
2661,460,3,0
2662,460,10,8
2663,460,17,20
2664,460,1,20
2665,460,4,5
2666,460,5,13
2667,460,2,0
2668,460,17,21
2669,460,3,24
2670,460,20,2
2671,460,11,15
2672,461,12,22
2673,461,12,6
2674,462,0,24
2675,462,15,5
2676,462,10,14
2677,462,0,15
2678,462,14,15
2679,463,21,5
2680,463,15,8
2681,463,6,8
2682,464,10,14
2683,464,15,6
2684,465,17,20
2685,465,0,11
2686,465,23,3
2687,465,16,3
2688,465,23,20
2689,465,20,14
2690,466,22,13
2691,466,17,14
2692,466,14,17
2693,466,9,7
2694,466,24,14
2695,467,20,6
2696,467,5,20
2697,467,12,16
2698,467,23,6
2699,467,6,12
2700,468,10,14
2701,468,0,6
2702,468,13,19
2703,468,19,8
2704,469,21,8
2705,469,16,14
2706,470,24,21
2707,470,12,20
2708,470,3,24
2709,470,14,3
2710,471,8,22
2711,471,11,14
2712,471,13,9
2713,472,21,17
2714,472,1,4
2715,472,22,19
2716,472,12,22
2717,472,23,12
2718,472,2,12
2719,472,1,15
2720,473,9,17
2721,473,19,13
2722,474,8,15
2723,474,15,18
2724,474,22,18
2725,474,6,9
2726,474,13,9
2727,474,18,1
2728,474,14,10
2729,474,23,12
2730,474,15,2
2731,474,12,23
2732,475,19,22
2733,475,22,3
2734,475,19,2
2735,476,20,23
2736,476,12,5
2737,476,21,9
2738,476,9,21
2739,477,7,5
2740,477,24,10
2741,477,22,13
2742,477,4,8
2743,477,21,23
2744,477,15,2
2745,477,0,24
2746,478,0,14
2747,478,2,11
2748,478,24,10
2749,478,7,1
2750,478,7,4
2751,478,11,2
2752,478,11,22
2753,479,17,7
2754,479,22,20
2755,479,16,18
2756,479,21,9
2757,480,12,22
2758,480,19,15
2759,480,1,8
2760,480,8,22
2761,480,5,4
2762,480,18,21
2763,480,2,4
2764,480,4,24
2765,480,20,8
2766,480,20,23
2767,481,1,5
2768,481,20,23
2769,481,17,9
2770,481,12,14
2771,482,14,16
2772,482,4,7
2773,482,18,24
2774,482,6,9
2775,482,13,24
2776,482,24,6
2777,482,15,24
2778,482,23,15
2779,482,8,20
2780,482,0,18
2781,482,15,14
2782,482,1,14
2783,483,13,10
2784,483,2,23
2785,483,13,11
2786,483,13,10
2787,483,23,4
2788,483,20,14
2789,484,19,13
2790,484,11,1
2791,484,14,11
2792,484,13,2
2793,484,14,8
2794,485,3,0
2795,485,9,17
2796,485,13,20
2797,485,6,10
2798,485,15,1
2799,486,19,22
2800,486,17,20
2801,486,8,21
2802,486,6,16
2803,486,11,7
2804,487,15,7
2805,487,23,12
2806,487,20,11
2807,487,0,8
2808,488,18,15
2809,488,2,18
2810,488,24,13
2811,488,3,18
2812,488,6,16
2813,488,3,6
2814,488,5,1
2815,488,15,0
2816,488,6,23
2817,489,23,13
2818,489,15,14
2819,489,1,11
2820,489,6,10
2821,490,21,3
2822,490,13,20
2823,490,13,1
2824,490,1,19
2825,490,20,11
2826,490,14,21
2827,491,24,14
2828,491,11,23
2829,491,8,24
2830,491,5,14
2831,491,1,23
2832,491,4,10
2833,492,13,11
2834,492,23,2
2835,492,9,2
2836,492,23,16
2837,492,14,20
2838,493,17,19
2839,493,15,1
2840,493,11,24
2841,493,2,22
2842,493,16,7
2843,493,1,19
2844,494,21,10
2845,494,3,9
2846,494,13,21
2847,494,8,20
2848,494,4,2
2849,494,14,10
2850,494,7,21
2851,494,14,12
2852,494,4,11
2853,494,16,19
2854,496,18,15
2855,496,16,19
2856,496,13,16
2857,496,23,7
2858,497,12,8
2859,497,14,2
2860,497,22,3
2861,497,0,20
2862,497,11,22
2863,497,4,15
2864,498,18,22
2865,498,21,11
2866,498,8,0
2867,498,2,6
2868,498,13,21
2869,498,12,23
2870,498,9,5
2871,498,14,22
2872,498,22,6
2873,499,17,13
2874,499,13,21
2875,499,14,24
2876,499,1,14
2877,499,1,4
2878,499,22,0
2879,500,5,23
2880,500,15,11
2881,500,9,19
2882,500,21,9
2883,500,14,17
2884,500,20,5
2885,501,0,9
2886,501,17,8
2887,501,17,9
2888,501,16,19
2889,501,2,21
2890,501,2,8
2891,502,0,7
2892,502,6,19
2893,502,1,14
2894,502,4,24
2895,502,11,0
2896,502,7,3
2897,502,18,0
2898,503,18,6
2899,503,24,9
2900,503,9,21
2901,503,21,6
2902,503,22,9
2903,503,2,0
2904,503,9,24
2905,503,10,1
2906,503,3,18
2907,503,23,21
2908,503,15,14
2909,503,8,21
2910,503,9,6
2911,503,23,10
2912,504,12,8
2913,504,14,0
2914,504,18,4
2915,504,24,21
2916,504,23,1
2917,504,6,4
2918,504,21,0
2919,504,9,24
2920,504,22,11
2921,505,17,4
2922,505,24,21
2923,505,1,11
2924,505,7,10
2925,505,17,2
2926,505,2,22
2927,505,10,19
2928,505,16,2
2929,505,12,16
2930,506,17,15
2931,506,3,22
2932,506,22,5
2933,506,20,7
2934,507,24,3
2935,507,5,1
2936,507,20,24
2937,507,22,10
2938,507,5,22
2939,508,14,18
2940,508,20,22
2941,508,10,8
2942,508,6,4
2943,509,22,13
2944,509,4,23
2945,509,12,18
2946,509,13,2
2947,509,14,21
2948,509,13,1
2949,509,9,11
2950,510,22,5
2951,510,7,9
2952,510,13,24
2953,510,19,23
2954,510,15,9
2955,510,8,1
2956,510,16,14
2957,511,13,24
2958,511,12,1
2959,511,18,4
2960,511,24,10
2961,511,16,10
2962,511,3,14
2963,511,17,2
2964,511,13,2
2965,511,22,20
2966,511,18,9
2967,512,12,0
2968,512,4,5
2969,512,17,15
2970,512,1,9
2971,513,19,13
2972,513,4,18
2973,513,1,17
2974,513,6,18
2975,513,4,15
2976,514,12,16
2977,514,13,19
2978,514,6,17
2979,515,2,0
2980,515,24,10
2981,515,19,16
2982,515,9,13
2983,515,3,18
2984,516,1,20
2985,516,24,20
2986,516,17,10
2987,516,21,0
2988,516,4,22
2989,516,24,13
2990,516,24,0
2991,516,12,4
2992,516,17,24
2993,517,12,16
2994,517,5,24
2995,517,16,0
2996,517,12,14
2997,517,4,11
2998,518,6,24
2999,518,6,12
3000,518,23,19
3001,518,9,22
3002,518,10,23
3003,518,12,10
3004,519,5,22
3005,519,11,0
3006,519,12,3
3007,519,10,23
3008,519,10,13
3009,519,13,7
3010,519,11,3
3011,519,5,24
3012,519,0,9
3013,520,14,16
3014,520,10,3
3015,520,6,13
3016,521,23,10
3017,521,3,12
3018,521,14,11
3019,521,10,2
3020,521,6,18
3021,521,8,12
3022,521,19,5
3023,522,12,16
3024,522,5,20
3025,522,10,7
3026,522,8,18
3027,522,3,14
3028,522,7,19
3029,522,20,9
3030,522,22,8
3031,522,19,17
3032,523,23,17
3033,523,14,17
3034,523,3,12
3035,523,5,14
3036,523,4,15
3037,524,22,3
3038,524,15,19
3039,524,9,24
3040,524,10,16
3041,524,18,24
3042,525,11,17
3043,525,22,8
3044,525,14,24
3045,525,4,1
3046,525,15,1
3047,525,6,12
3048,525,11,21
3049,526,7,5
3050,526,1,4
3051,527,18,22
3052,527,15,23
3053,527,13,17
3054,527,3,21
3055,528,4,11
3056,528,20,11
3057,528,14,8
3058,529,1,9
3059,529,14,16
3060,529,11,23
3061,529,24,14
3062,529,19,8
3063,529,15,11
3064,529,17,8
3065,529,16,3
3066,529,24,6
3067,530,4,22
3068,530,10,21
3069,530,5,4
3070,531,13,23
3071,531,6,12
3072,531,17,8
3073,531,8,1
3074,531,12,23
3075,531,19,1
3076,531,11,2
3077,532,20,24
3078,532,22,19
3079,532,0,17
3080,532,19,4
3081,532,3,17
3082,532,6,12
3083,532,23,17
3084,532,21,8
3085,533,2,12
3086,533,0,8
3087,533,17,1
3088,533,11,19
3089,533,8,24
3090,533,3,13
3091,534,23,6
3092,534,1,23
3093,534,20,22
3094,535,0,12
3095,535,14,15
3096,535,10,16
3097,535,12,10
3098,535,8,16
3099,535,24,9
3100,535,11,15
3101,535,3,1
3102,535,14,17
3103,535,11,4
3104,536,9,24
3105,536,16,5
3106,536,20,10
3107,536,8,4
3108,536,8,18
3109,536,22,8
3110,536,22,4
3111,536,10,19
3112,537,11,9
3113,537,14,8
3114,537,10,17
3115,537,20,24
3116,537,15,8
3117,537,10,22
3118,538,11,9
3119,538,18,9
3120,538,12,5
3121,539,20,23
3122,539,13,23
3123,539,3,17
3124,539,23,13
3125,540,21,15
3126,540,17,19
3127,540,13,7
3128,540,16,24
3129,541,22,20
3130,541,0,14
3131,541,22,6
3132,542,11,1
3133,542,10,23
3134,542,10,1
3135,542,6,19
3136,542,2,24
3137,542,0,13
3138,542,15,12
3139,542,16,19
3140,542,7,0
3141,542,16,0
3142,543,1,12
3143,543,21,7
3144,543,1,15
3145,543,10,0
3146,543,8,18
3147,543,22,4
3148,544,18,11
3149,544,17,21
3150,544,0,21
3151,544,11,18
3152,544,0,17
3153,544,4,6
3154,544,22,2
3155,544,4,2
3156,544,20,11
3157,545,16,18
3158,545,2,5
3159,545,21,2
3160,545,20,12
3161,545,2,12
3162,545,8,5
3163,545,22,8
3164,546,24,4
3165,546,18,10
3166,546,8,24
3167,546,7,3
3168,546,21,10
3169,547,22,19
3170,547,22,8
3171,547,1,12
3172,548,22,5
3173,548,5,12
3174,548,3,1
3175,548,8,17
3176,549,5,24
3177,549,14,6
3178,550,17,5
3179,550,24,5
3180,550,12,16
3181,550,18,4
3182,550,14,24
3183,550,17,0
3184,550,21,7
3185,551,24,15
3186,551,15,7
3187,551,17,2
3188,551,11,22
3189,552,4,13
3190,552,19,4
3191,552,13,10
3192,552,6,17
3193,552,19,21
3194,552,24,8
3195,552,0,13
3196,552,8,10
3197,552,24,16
3198,553,6,12
3199,553,2,4
3200,553,2,14
3201,553,18,0
3202,553,8,24
3203,553,13,7
3204,554,22,18
3205,554,11,4
3206,554,22,0
3207,554,8,6
3208,554,3,19
3209,554,7,20
3210,554,17,21
3211,554,2,12
3212,555,24,20
3213,555,17,3
3214,555,8,19
3215,555,3,15
3216,555,4,10
3217,556,24,13
3218,556,23,21
3219,556,16,6
3220,556,18,14
3221,557,13,1
3222,557,9,7
3223,557,8,22
3224,557,9,17
3225,558,5,13
3226,558,7,13
3227,558,15,9
3228,558,0,2
3229,558,3,23
3230,558,0,7
3231,559,18,2
3232,559,15,18
3233,560,4,12
3234,560,9,13
3235,560,11,20
3236,560,13,11
3237,560,9,7
3238,560,24,20
3239,560,6,3
3240,560,24,20
3241,561,7,23
3242,561,22,14
3243,562,4,21
3244,562,10,1
3245,562,9,3
3246,562,6,17
3247,562,10,20
3248,562,9,13
3249,563,22,20
3250,563,11,2
3251,563,24,2
3252,563,1,24
3253,563,3,13
3254,563,14,6
3255,563,1,8
3256,564,22,13
3257,564,13,24
3258,564,1,19
3259,564,20,5
3260,565,4,23
3261,565,8,17
3262,565,13,3
3263,565,18,24
3264,565,9,24
3265,565,15,22
3266,565,6,16
3267,566,22,8
3268,566,14,7
3269,566,6,12
3270,566,12,19
3271,566,8,18
3272,567,8,4
3273,567,21,0
3274,567,3,18
3275,567,2,23
3276,567,0,4
3277,567,13,2
3278,567,16,13
3279,567,4,19
3280,568,13,24
3281,568,19,10
3282,568,9,7
3283,568,5,24
3284,568,7,10
3285,568,24,3
3286,569,2,17
3287,569,22,5
3288,569,3,13
3289,569,8,4
3290,569,16,8
3291,570,8,14
3292,570,5,9
3293,570,11,21
3294,570,13,3
3295,570,15,19
3296,570,12,14
3297,570,0,11
3298,571,8,4
3299,571,0,13
3300,571,14,11
3301,571,23,3
3302,571,19,21
3303,571,5,11
3304,571,0,9
3305,572,12,10
3306,572,1,13
3307,572,11,2
3308,573,19,6
3309,573,0,20
3310,573,24,18
3311,573,4,7
3312,573,15,2
3313,574,23,1
3314,574,10,7
3315,574,19,2
3316,574,7,0
3317,575,0,19
3318,575,14,7
3319,575,0,20
3320,575,21,8
3321,576,20,5
3322,576,15,5
3323,576,15,0
3324,576,17,11
3325,576,6,13
3326,576,22,11
3327,577,4,10
3328,577,20,16
3329,577,5,19
3330,577,5,18
3331,577,20,5
3332,578,1,18
3333,578,21,11
3334,578,23,8
3335,578,16,12
3336,579,1,17
3337,579,15,18
3338,579,2,5
3339,579,0,13
3340,579,20,6
3341,579,19,22
3342,579,18,8
3343,580,20,6
3344,580,7,23
3345,580,8,5
3346,580,9,7
3347,580,16,5
3348,580,10,2
3349,580,15,24
3350,580,4,23
3351,581,18,3
3352,581,22,4
3353,581,20,19
3354,582,6,15
3355,582,4,23
3356,582,10,7
3357,582,4,19
3358,582,16,24
3359,582,10,9
3360,582,16,0
3361,582,24,13
3362,582,11,8
3363,582,5,24
3364,583,14,10
3365,583,12,15
3366,583,19,22
3367,583,6,12
3368,583,12,19
3369,583,19,17
3370,584,3,22
3371,584,20,19
3372,584,23,10
3373,584,20,6
3374,584,12,21
3375,584,5,18
3376,585,15,1
3377,585,6,16
3378,585,24,5
3379,586,2,0
3380,586,11,1
3381,586,20,5
3382,586,15,4
3383,586,5,1
3384,586,2,9
3385,586,23,16
3386,586,20,16
3387,587,19,4
3388,588,11,1
3389,588,7,5
3390,588,7,19
3391,588,2,6
3392,588,18,15
3393,588,12,16
3394,589,14,1
3395,589,6,22
3396,589,6,24
3397,589,4,19
3398,589,24,18
3399,589,14,10
3400,590,1,12
3401,590,15,21
3402,590,7,24
3403,590,8,17
3404,590,22,13
3405,590,9,13
3406,590,3,21
3407,591,2,14
3408,591,1,10
3409,591,0,23
3410,591,8,22
3411,591,5,12
3412,591,2,24
3413,591,21,19
3414,591,20,8
3415,591,12,8
3416,592,7,14
3417,592,12,4
3418,592,23,1
3419,592,17,21
3420,592,6,18
3421,592,1,15
3422,592,21,14
3423,592,23,21
3424,592,21,6
3425,592,11,22
3426,593,23,3
3427,593,18,16
3428,593,13,23
3429,593,11,23
3430,593,24,14
3431,594,9,12
3432,594,21,7
3433,594,4,11
3434,594,6,4
3435,594,17,0
3436,594,14,11
3437,594,12,2
3438,595,19,16
3439,595,13,15
3440,595,19,4
3441,595,4,17
3442,595,14,12
3443,596,14,18
3444,596,14,0
3445,596,2,0
3446,596,12,18
3447,596,10,6
3448,596,10,3
3449,596,9,15
3450,596,3,12
3451,597,6,21
3452,597,12,9
3453,597,24,3
3454,597,18,8
3455,597,3,11
3456,597,13,3
3457,597,9,22
3458,597,11,3
3459,597,21,11
3460,598,7,17
3461,599,7,23
3462,599,4,17
3463,599,17,8
3464,599,15,12
3465,599,10,6
3466,600,9,16
3467,600,8,11
3468,600,18,11
3469,600,23,10
3470,600,11,20
3471,600,19,16
3472,601,14,20
3473,601,4,18
3474,601,2,4
3475,601,23,17
3476,602,2,6
3477,602,20,23
3478,602,5,20
3479,602,6,17
3480,602,22,1
3481,602,20,22
3482,603,13,10
3483,603,9,10
3484,603,19,7
3485,603,9,16
3486,603,0,11
3487,604,2,16
3488,604,21,10
3489,604,7,5
3490,604,15,12
3491,604,12,15
3492,604,9,21
3493,604,16,9
3494,604,15,24
3495,604,10,20
3496,604,7,22
3497,605,24,17
3498,605,10,24
3499,605,11,3
3500,605,18,12
3501,605,16,9
3502,605,0,19
3503,606,21,11
3504,606,14,3
3505,606,15,22
3506,607,22,2
3507,607,7,14
3508,607,18,9
3509,607,4,10
3510,607,13,5
3511,607,18,11
3512,608,4,8
3513,608,10,0
3514,608,3,22
3515,608,4,10
3516,608,20,7
3517,608,5,18
3518,608,22,9
3519,608,4,18
3520,609,23,4
3521,609,23,13
3522,609,5,18
3523,609,12,20
3524,609,4,18
3525,609,13,5
3526,609,3,17
3527,609,4,10
3528,610,1,9
3529,610,3,12
3530,610,7,13
3531,610,10,2
3532,611,5,18
3533,611,22,16
3534,611,20,9
3535,612,4,19
3536,612,7,14
3537,612,19,23
3538,612,4,10
3539,612,19,13
3540,612,18,24
3541,612,12,0
3542,612,21,23
3543,612,9,23
3544,613,12,6
3545,613,23,19
3546,613,12,9
3547,613,8,23
3548,613,19,1
3549,613,3,15
3550,614,4,5
3551,614,18,11
3552,614,22,5
3553,614,13,0
3554,614,21,6
3555,615,0,3
3556,615,16,2
3557,615,17,21
3558,615,2,4
3559,615,16,5
3560,615,23,21
3561,616,13,17
3562,616,0,2
3563,617,22,12
3564,617,14,3
3565,617,1,4
3566,617,23,20
3567,617,18,10
3568,617,24,0
3569,617,2,15
3570,618,8,22
3571,618,20,18
3572,618,12,15
3573,618,22,9
3574,618,3,16
3575,618,19,22
3576,618,21,8
3577,619,20,14
3578,619,4,20
3579,619,22,19
3580,619,8,24
3581,619,2,10
3582,620,17,10
3583,620,19,5
3584,620,3,6
3585,620,14,22
3586,620,9,11
3587,620,4,15
3588,620,16,13
3589,620,0,14
3590,621,3,16
3591,621,0,7
3592,621,13,17
3593,622,22,14
3594,622,3,18
3595,622,1,20
3596,622,14,20
3597,622,17,2
3598,623,16,18
3599,623,0,9
3600,623,9,15
3601,623,8,21
3602,623,14,1
3603,623,15,8
3604,623,11,0
3605,623,17,13
3606,623,19,8
3607,623,6,8
3608,623,12,4
3609,623,10,22
3610,623,18,9
3611,624,11,9
3612,624,0,16
3613,624,1,9
3614,624,14,6
3615,624,7,4
3616,624,2,21
3617,625,0,22
3618,625,15,8
3619,625,9,17
3620,626,15,4
3621,626,16,8
3622,626,20,14
3623,627,1,11
3624,627,5,14
3625,627,3,21
3626,627,21,1
3627,627,22,14
3628,628,13,3
3629,629,14,22
3630,629,4,18
3631,629,13,11
3632,629,0,6
3633,629,1,10
3634,629,21,23
3635,629,9,7
3636,629,18,0
3637,630,24,15
3638,630,0,24
3639,631,10,22
3640,631,24,18
3641,631,2,0
3642,631,14,11
3643,631,7,15
3644,632,2,11
3645,632,1,14
3646,632,15,8
3647,633,11,15
3648,633,5,16
3649,633,22,15
3650,633,1,17
3651,634,21,19
3652,634,8,22
3653,634,7,21
3654,634,10,16
3655,635,19,20
3656,635,11,17
3657,635,4,21
3658,635,13,4
3659,635,15,9
3660,635,0,19
3661,635,7,20
3662,635,10,3
3663,636,11,24
3664,636,23,20
3665,636,14,23
3666,636,24,11
3667,636,23,3
3668,636,3,19
3669,636,0,22
3670,636,15,13
3671,637,12,16
3672,637,5,20
3673,637,12,5
3674,637,20,7
3675,637,8,17
3676,637,18,21
3677,638,14,16
3678,638,8,18
3679,638,5,9
3680,638,18,1
3681,638,8,23
3682,638,0,17
3683,638,17,10
3684,638,4,1
3685,639,7,17
3686,639,0,9
3687,639,1,4
3688,639,19,0
3689,639,3,11
3690,639,8,5
3691,639,7,16
3692,639,12,14
3693,640,4,1
3694,640,2,8
3695,640,4,14
3696,640,19,23
3697,640,11,2
3698,640,17,21
3699,640,16,12
3700,640,0,4
3701,640,16,20
3702,640,4,17
3703,640,12,3
3704,641,17,14
3705,641,9,19
3706,641,19,16
3707,642,1,18
3708,642,4,23
3709,642,5,17
3710,642,5,19
3711,642,14,16
3712,642,21,9
3713,642,7,5
3714,643,23,6
3715,643,17,9
3716,643,6,12
3717,643,3,6
3718,643,21,23
3719,644,22,8
3720,644,23,14
3721,644,19,20
3722,645,22,1
3723,645,2,23
3724,645,1,9
3725,645,0,17
3726,645,15,19
3727,646,9,2
3728,646,5,16
3729,646,24,12
3730,646,7,19
3731,646,16,19
3732,646,20,17
3733,647,8,0
3734,647,8,16
3735,647,24,0
3736,647,17,9
3737,647,4,0
3738,647,21,10
3739,647,16,10
3740,647,24,3
3741,647,6,3
3742,647,4,23
3743,648,24,18
3744,648,1,3
3745,648,0,17
3746,648,24,14
3747,648,19,10
3748,648,19,10
3749,649,8,24
3750,649,5,22
3751,650,6,21
3752,650,19,13
3753,650,15,12
3754,650,18,10
3755,651,1,16
3756,651,10,3
3757,651,2,20
3758,651,22,12
3759,651,9,0
3760,651,6,21
3761,651,2,0
3762,652,19,0
3763,652,13,15
3764,652,8,22
3765,652,10,4
3766,652,11,8
3767,653,23,14
3768,653,19,15
3769,653,9,7
3770,653,1,14
3771,653,23,4
3772,653,11,7
3773,653,20,5
3774,653,19,16
3775,654,12,19
3776,654,12,4
3777,654,8,12
3778,654,15,17
3779,654,7,15
3780,654,16,4
3781,654,14,11
3782,654,0,12
3783,654,23,2
3784,654,17,6
3785,655,21,18
3786,655,8,11
3787,655,14,2
3788,655,1,23
3789,655,23,7
3790,656,1,3
3791,656,17,8
3792,656,7,9
3793,656,6,23
3794,656,2,20
3795,657,12,19
3796,657,5,23
3797,657,13,3
3798,657,4,17
3799,658,23,0
3800,658,22,24
3801,658,2,20
3802,658,0,9
3803,658,0,8
3804,659,17,4
3805,659,20,7
3806,659,17,23
3807,660,1,4
3808,660,19,9
3809,660,0,20
3810,660,6,13
3811,660,15,8
3812,660,8,24
3813,661,10,23
3814,661,15,18
3815,661,7,23
3816,661,5,14
3817,661,10,13
3818,661,3,12
3819,661,7,21
3820,661,1,3
3821,661,19,3
3822,661,3,1
3823,661,24,18
3824,661,3,6
3825,661,19,10
3826,661,3,16
3827,661,16,13
3828,661,8,1
3829,661,8,21
3830,661,18,20
3831,662,22,9
3832,662,14,23
3833,662,19,13
3834,662,0,4
3835,662,5,21
3836,662,22,14
3837,662,15,11
3838,662,5,17
3839,662,14,20
3840,663,3,24
3841,663,13,16
3842,663,12,0
3843,663,15,12
3844,663,3,21
3845,663,17,0
3846,663,8,17
3847,664,8,21
3848,664,19,7
3849,664,20,2
3850,664,4,23
3851,664,4,2
3852,664,3,7
3853,664,14,23
3854,665,4,13
3855,665,19,21
3856,665,0,14
3857,665,20,6
3858,665,16,22
3859,665,14,3
3860,665,7,19
3861,665,11,2
3862,665,18,15
3863,665,2,21
3864,665,1,11
3865,665,22,2
3866,666,9,16
3867,666,16,4
3868,666,13,19
3869,666,20,4
3870,666,14,11
3871,666,17,19
3872,666,18,24
3873,666,9,10
3874,666,20,24
3875,667,1,11
3876,667,9,20
3877,667,6,19
3878,667,20,2
3879,667,9,22
3880,667,5,24
3881,668,4,11
3882,668,23,7
3883,668,12,0
3884,668,20,19
3885,668,24,14
3886,668,4,22
3887,668,11,4
3888,668,8,24
3889,668,1,16
3890,668,16,18
3891,668,20,14
3892,668,14,12
3893,668,24,2
3894,668,22,5
3895,669,6,13
3896,669,15,23
3897,669,0,19
3898,669,7,3
3899,669,12,20
3900,669,17,15
3901,669,8,19
3902,670,24,8
3903,670,13,16
3904,670,8,0
3905,671,19,5
3906,671,21,11
3907,671,9,1
3908,671,0,14
3909,671,19,0
3910,672,10,18
3911,672,3,12
3912,672,7,10
3913,672,20,12
3914,672,9,19
3915,672,8,12
3916,672,6,14
3917,672,3,20
3918,672,6,3
3919,672,12,10
3920,672,12,23
3921,673,13,7
3922,673,21,15
3923,673,0,8
3924,673,21,19
3925,673,9,23
3926,673,21,6
3927,673,3,23
3928,674,15,9
3929,674,13,1
3930,674,24,1
3931,674,7,16
3932,674,20,23
3933,675,21,24
3934,675,15,18
3935,675,5,16
3936,675,2,16
3937,675,19,10
3938,676,21,4
3939,676,10,4
3940,676,8,22
3941,677,6,19
3942,677,12,15
3943,677,19,1
3944,678,5,9
3945,678,0,3
3946,678,9,23
3947,678,6,20
3948,678,2,8
3949,678,2,19
3950,678,12,15
3951,679,7,24
3952,679,20,12
3953,679,6,0
3954,679,11,14
3955,679,1,14
3956,679,2,6
3957,680,16,19
3958,680,1,16
3959,680,16,1
3960,680,11,17
3961,680,0,20
3962,680,16,4
3963,680,12,1
3964,681,18,10
3965,681,23,13
3966,681,20,18
3967,681,14,10
3968,681,22,14
3969,681,24,0
3970,681,4,18
3971,681,23,7
3972,681,8,0
3973,681,7,9
3974,681,5,14
3975,682,4,1
3976,682,2,17
3977,682,16,20
3978,682,23,5
3979,682,19,12
3980,683,5,20
3981,683,20,18
3982,683,20,4
3983,683,4,10
3984,683,5,22
3985,684,1,17
3986,684,0,12
3987,684,23,9
3988,684,19,12
3989,684,10,3
3990,685,2,14
3991,685,16,24
3992,685,15,3
3993,686,2,14
3994,686,5,17
3995,686,3,16
3996,686,20,7
3997,686,8,2
3998,687,19,12
3999,687,9,0
4000,687,8,17
4001,687,10,8
4002,687,24,10
4003,687,1,19
4004,687,4,7
4005,688,17,2
4006,688,24,11
4007,688,2,0
4008,688,18,21
4009,689,19,4
4010,689,16,0
4011,689,12,14
4012,689,19,6
4013,689,2,9
4014,689,1,24
4015,689,20,4
4016,690,3,17
4017,690,2,18
4018,690,16,4
4019,690,15,1
4020,690,3,1
4021,691,24,10
4022,691,0,21
4023,691,11,0
4024,691,4,16
4025,691,9,6
4026,691,2,19
4027,691,15,14
4028,692,19,11
4029,692,16,24
4030,692,12,14
4031,692,19,13
4032,693,23,14
4033,693,14,11
4034,693,20,14
4035,693,17,14
4036,693,10,24
4037,693,21,10
4038,693,15,13
4039,694,4,16
4040,694,15,8
4041,694,11,23
4042,694,2,19
4043,694,23,14
4044,694,4,1
4045,694,21,14
4046,695,2,20
4047,696,23,3
4048,696,9,11
4049,696,11,22
4050,697,20,6
4051,697,2,14
4052,697,19,8
4053,698,2,14
4054,698,11,15
4055,698,7,19
4056,699,1,8
4057,699,16,14
4058,699,0,15
4059,699,20,2
4060,700,13,4
4061,700,12,15
4062,700,6,18
4063,701,9,5
4064,701,4,15
4065,701,1,14
4066,701,15,14
4067,701,1,20
4068,701,24,9
4069,701,14,24
4070,701,15,1
4071,702,2,12
4072,703,22,0
4073,703,10,21
4074,703,8,21
4075,703,23,8
4076,704,2,18
4077,704,9,5
4078,704,4,15
4079,705,12,8
4080,705,10,21
4081,705,24,3
4082,705,20,8
4083,705,13,24
4084,705,8,16
4085,705,13,21
4086,706,10,22
4087,706,17,0
4088,706,4,12
4089,706,9,12
4090,707,8,23
4091,707,8,6
4092,707,2,21
4093,707,21,13
4094,707,7,21
4095,707,19,3
4096,707,12,18
4097,707,12,3
4098,708,19,17
4099,708,17,4
4100,708,11,21
4101,708,22,19
4102,708,19,7
4103,708,0,8
4104,709,5,19
4105,709,3,15
4106,709,9,5
4107,709,4,15
4108,709,18,4
4109,709,23,0
4110,709,23,15
4111,709,16,5
4112,709,7,0
4113,709,10,20
4114,709,15,19
4115,710,8,12
4116,710,13,10
4117,710,19,10
4118,710,14,23
4119,710,0,2
4120,710,0,24
4121,710,21,19
4122,710,7,24
4123,710,15,3
4124,711,21,1
4125,711,19,2
4126,711,8,11
4127,711,17,15
4128,711,5,14
4129,712,11,1
4130,712,2,16
4131,712,12,22
4132,713,2,21
4133,713,3,7
4134,714,21,12
4135,714,1,18
4136,714,12,24
4137,714,13,23
4138,714,23,3
4139,714,2,6
4140,714,2,18
4141,714,21,15
4142,714,4,20
4143,714,13,0
4144,715,0,6
4145,715,0,18
4146,715,14,0
4147,715,3,9
4148,715,23,17
4149,716,7,16
4150,716,12,2
4151,716,6,24
4152,716,10,17
4153,716,11,21
4154,716,22,0
4155,717,16,6
4156,717,5,15
4157,717,1,8
4158,717,9,11
4159,717,6,8
4160,717,22,3
4161,717,22,20
4162,717,18,1
4163,717,23,4
4164,717,1,13
4165,717,7,20
4166,718,13,16
4167,718,15,17
4168,718,15,19
4169,718,6,8
4170,718,13,4
4171,719,15,12
4172,719,9,2
4173,719,19,11
4174,719,3,12
4175,719,20,18
4176,719,10,22
4177,720,20,12
4178,720,8,0
4179,720,11,0
4180,720,17,8
4181,720,5,4
4182,720,0,17
4183,720,23,8
4184,720,15,14
4185,721,3,6
4186,721,7,5
4187,721,11,9
4188,721,14,21
4189,721,13,4
4190,721,0,9
4191,721,24,2
4192,721,9,19
4193,721,9,15
4194,721,23,13
4195,721,14,18
4196,721,18,4
4197,722,12,4
4198,722,23,3
4199,722,0,10
4200,722,9,1
4201,722,3,1
4202,722,9,12
4203,722,0,16
4204,723,2,19
4205,723,18,21
4206,723,10,23
4207,723,23,1
4208,723,0,13
4209,723,5,16
4210,724,11,2
4211,724,4,21
4212,724,1,24
4213,724,21,12
4214,724,18,2
4215,724,5,9
4216,725,2,0
4217,725,4,21
4218,725,0,16
4219,725,12,5
4220,725,13,9
4221,725,19,3
4222,725,24,9
4223,726,8,1
4224,727,7,18
4225,727,3,6
4226,727,13,17
4227,727,6,12
4228,727,4,2
4229,727,1,13
4230,727,19,2
4231,728,6,22
4232,728,6,14
4233,728,13,7
4234,728,1,12
4235,728,23,12
4236,728,8,22
4237,728,20,24
4238,728,10,14
4239,729,6,20
4240,729,3,23
4241,729,24,11
4242,729,16,6
4243,730,21,0
4244,730,21,10
4245,730,10,6
4246,730,13,23
4247,731,1,18
4248,731,11,1
4249,731,24,17
4250,731,16,1
4251,731,21,2
4252,731,23,1
4253,732,21,14
4254,732,24,2
4255,733,24,10
4256,733,20,23
4257,733,3,14
4258,733,5,14
4259,733,22,4
4260,733,1,13
4261,733,14,21
4262,733,6,8
4263,733,16,8
4264,733,12,3
4265,734,24,17
4266,734,0,7
4267,734,1,12
4268,734,11,20
4269,734,9,10
4270,735,18,9
4271,735,23,7
4272,735,23,16
4273,735,24,4
4274,735,22,19
4275,736,22,20
4276,736,12,18
4277,736,1,10
4278,736,5,17
4279,736,15,6
4280,736,12,0
4281,736,19,3
4282,736,3,17
4283,736,10,20
4284,736,20,3
4285,737,22,14
4286,737,16,7
4287,737,9,5
4288,737,12,1
4289,737,5,12
4290,737,1,21
4291,737,8,1
4292,738,4,5
4293,738,15,14
4294,738,7,3
4295,738,7,17
4296,738,12,3
4297,738,4,11
4298,739,1,5
4299,739,4,0
4300,739,2,18
4301,739,21,4
4302,739,2,20
4303,740,3,11
4304,740,12,3
4305,740,11,24
4306,740,5,4
4307,740,14,20
4308,740,2,24
4309,740,1,8
4310,740,14,2
4311,741,18,9
4312,741,2,22
4313,741,12,14
4314,741,17,5
4315,741,24,4
4316,742,4,13
4317,742,1,5
4318,742,6,13
4319,742,4,12
4320,742,16,18
4321,742,13,21
4322,743,24,20
4323,744,9,23
4324,744,3,24
4325,744,20,11
4326,744,19,6
4327,744,21,18
4328,744,2,8
4329,744,21,24
4330,745,15,2
4331,745,19,1
4332,745,0,2
4333,745,3,16
4334,745,0,15
4335,745,21,18
4336,745,8,1
4337,745,23,16
4338,745,11,14
4339,746,17,15
4340,746,2,12
4341,746,14,21
4342,746,8,23
4343,746,3,7
4344,746,21,12
4345,747,16,8
4346,747,10,23
4347,747,7,1
4348,747,15,13
4349,747,12,2
4350,747,2,10
4351,748,13,10
4352,748,13,9
4353,748,3,12
4354,748,22,20
4355,748,7,19
4356,749,2,5
4357,749,6,16
4358,749,0,9
4359,750,1,9
4360,750,9,24
4361,750,12,2
4362,750,16,20
4363,750,18,9
4364,750,5,8
4365,750,19,16
4366,751,2,14
4367,751,7,20
4368,751,0,9
4369,751,21,5
4370,752,19,4
4371,752,8,5
4372,752,16,20
4373,752,15,6
4374,752,13,5
4375,752,17,11
4376,752,3,18
4377,752,24,15
4378,752,2,20
4379,752,3,22
4380,753,16,4
4381,753,9,6
4382,753,13,3
4383,753,2,8
4384,753,17,23
4385,753,1,21
4386,753,9,20
4387,754,4,8
4388,754,17,5
4389,754,11,17
4390,754,22,7
4391,754,23,15
4392,754,3,0
4393,755,4,6
4394,755,2,16
4395,755,11,13
4396,755,12,14
4397,755,23,21
4398,755,3,5
4399,755,8,24
4400,756,14,8
4401,756,2,14
4402,756,2,16
4403,757,7,22
4404,757,16,24
4405,757,13,21
4406,757,3,7
4407,758,9,7
4408,758,4,13
4409,759,15,4
4410,759,10,12
4411,759,16,23
4412,759,22,0
4413,759,0,16
4414,759,7,1
4415,759,21,6
4416,760,15,17
4417,760,4,17
4418,760,23,8
4419,760,2,4
4420,760,6,9
4421,760,3,20
4422,761,13,5
4423,761,18,10
4424,761,21,19
4425,761,11,8
4426,761,11,9
4427,761,20,5
4428,761,21,19
4429,761,14,11
4430,761,13,15
4431,761,8,24
4432,761,4,1
4433,761,3,5
4434,762,22,11
4435,762,7,9
4436,762,15,2
4437,762,16,14
4438,763,23,7
4439,763,17,11
4440,763,15,24
4441,763,7,24
4442,764,3,7
4443,764,13,9
4444,764,15,8
4445,764,22,12
4446,764,16,5
4447,764,14,5
4448,764,4,14
4449,765,16,0
4450,765,0,14
4451,765,24,7
4452,766,8,24
4453,766,7,0
4454,766,15,11
4455,766,0,3
4456,766,14,4
4457,767,2,13
4458,767,19,11
4459,767,10,18
4460,768,1,4
4461,768,10,9
4462,768,11,7
4463,768,11,18
4464,768,6,9
4465,768,10,24
4466,768,4,11
4467,769,17,2
4468,769,14,22
4469,769,23,16
4470,769,11,18
4471,769,11,13
4472,769,21,6
4473,770,12,5
4474,770,20,18
4475,770,15,23
4476,770,21,19
4477,770,7,20
4478,771,14,1
4479,771,17,23
4480,771,11,0
4481,771,18,5
4482,771,11,21
4483,771,9,7
4484,772,22,2
4485,772,24,22
4486,772,9,6
4487,772,18,7
4488,772,10,22
4489,773,16,1
4490,773,13,20
4491,773,5,9
4492,773,18,8
4493,773,6,17
4494,773,24,22
4495,773,11,3
4496,773,4,14
4497,773,6,8
4498,773,0,14
4499,773,8,11
4500,773,18,6
4501,774,23,7
4502,774,15,1
4503,775,4,5
4504,775,9,18
4505,775,7,14
4506,775,19,10
4507,775,17,8
4508,775,15,8
4509,775,7,13
4510,776,18,22
4511,776,20,18
4512,776,14,12
4513,776,17,10
4514,776,23,16
4515,776,15,5
4516,776,15,1
4517,776,15,3
4518,776,11,5
4519,777,3,6
4520,777,23,13
4521,777,13,0
4522,777,17,19
4523,778,22,0
4524,778,24,21
4525,778,22,12
4526,778,7,18
4527,778,24,7
4528,778,10,16
4529,778,22,0
4530,779,5,9
4531,779,0,10
4532,779,10,7
4533,779,3,13
4534,779,20,22
4535,780,10,2
4536,780,8,21
4537,780,15,19
4538,780,9,15
4539,780,12,1
4540,781,15,17
4541,781,15,18
4542,781,12,18
4543,781,11,22
4544,781,21,24
4545,782,10,14
4546,782,9,0
4547,782,21,11
4548,782,21,18
4549,782,1,3
4550,782,3,14
4551,782,14,18
4552,782,17,24
4553,783,20,16
4554,783,7,15
4555,783,24,1
4556,783,12,3
4557,783,12,0
4558,784,7,16
4559,784,15,11
4560,784,21,14
4561,784,14,15
4562,784,8,5
4563,785,5,1
4564,785,22,8
4565,785,1,4
4566,785,14,3
4567,785,8,16
4568,785,13,19
4569,786,14,23
4570,786,2,22
4571,786,15,19
4572,786,3,20
4573,786,1,24
4574,786,12,4
4575,786,14,3
4576,786,15,3
4577,787,18,20
4578,787,13,6
4579,787,19,22
4580,787,13,1
4581,787,22,0
4582,787,17,5
4583,788,12,15
4584,788,6,14
4585,788,20,23
4586,788,15,3
4587,788,0,21
4588,789,12,10
4589,789,18,21
4590,789,16,19
4591,789,22,7
4592,790,22,13
4593,790,17,0
4594,790,4,22
4595,790,18,0
4596,790,23,3
4597,790,24,20
4598,790,4,10
4599,791,22,11
4600,791,6,12
4601,791,6,10
4602,791,14,11
4603,792,10,6
4604,792,12,5
4605,792,7,17
4606,793,2,18
4607,793,16,9
4608,793,4,5
4609,793,1,21
4610,793,8,19
4611,793,3,15
4612,794,5,3
4613,794,2,23
4614,794,0,2
4615,795,9,7
4616,795,16,14
4617,795,5,2
4618,795,2,10
4619,795,20,12
4620,796,23,17
4621,796,11,9
4622,796,13,24
4623,796,5,17
4624,796,19,3
4625,796,5,21
4626,797,3,11
4627,797,23,21
4628,797,15,7
4629,797,19,1
4630,797,22,8
4631,797,16,3
4632,798,8,1
4633,798,23,17
4634,799,19,12
4635,799,1,22
4636,799,9,20
4637,799,0,14
4638,799,6,22
4639,799,7,11
4640,800,19,12
4641,800,12,9
4642,800,6,8
4643,800,3,20
4644,800,6,23
4645,800,22,8
4646,800,1,11
4647,800,24,8
4648,801,16,22
4649,801,11,20
4650,801,23,3
4651,801,16,18
4652,801,10,3
4653,802,3,6
4654,802,8,15
4655,802,22,12
4656,802,9,7
4657,802,9,6
4658,803,4,18
4659,803,17,4
4660,803,24,21
4661,803,14,24
4662,803,1,11
4663,803,16,19
4664,803,22,24
4665,803,7,23
4666,803,5,12
4667,803,3,19
4668,804,11,13
4669,804,12,6
4670,805,20,5
4671,805,24,1
4672,805,14,17
4673,805,9,12
4674,805,13,17
4675,805,6,4
4676,805,13,1
4677,806,20,4
4678,806,21,3
4679,806,15,24
4680,806,11,22
4681,807,21,14
4682,807,16,0
4683,807,5,20
4684,807,3,23
4685,807,14,21
4686,807,8,11
4687,807,13,17
4688,807,8,24
4689,807,19,9
4690,807,18,15
4691,808,6,8
4692,808,24,6
4693,808,21,3
4694,808,20,5
4695,809,0,11
4696,809,2,9
4697,809,7,15
4698,809,6,13
4699,809,11,8
4700,809,5,22
4701,809,2,5
4702,809,8,14
4703,810,9,17
4704,810,5,2
4705,810,3,0
4706,810,14,20
4707,811,4,0
4708,811,3,1
4709,811,22,7
4710,811,19,0
4711,811,14,8
4712,812,19,16
4713,812,10,7
4714,812,18,2
4715,812,16,9
4716,813,14,4
4717,813,21,12
4718,813,11,23
4719,813,2,4
4720,813,10,9
4721,813,12,18
4722,813,4,13
4723,813,3,24
4724,813,12,15
4725,813,17,23
4726,814,9,5
4727,814,13,15
4728,814,13,21
4729,814,22,6
4730,815,13,19
4731,815,11,13
4732,815,22,15
4733,815,3,24
4734,815,6,12
4735,816,20,18
4736,816,14,15
4737,816,10,24
4738,816,3,21
4739,816,8,0
4740,816,7,15
4741,817,7,19
4742,818,5,8
4743,818,1,21
4744,818,9,15
4745,819,17,15
4746,819,1,19
4747,819,22,13
4748,819,9,0
4749,819,2,8
4750,819,9,13
4751,819,2,16
4752,819,1,8
4753,820,0,18
4754,820,4,2
4755,820,4,18
4756,820,19,13
4757,820,10,6
4758,821,1,7
4759,821,3,18
4760,821,10,22
4761,821,8,11
4762,821,23,7
4763,822,21,19
4764,822,13,15
4765,822,19,8
4766,822,16,2
4767,822,19,11
4768,823,0,4
4769,823,21,19
4770,823,22,24
4771,823,3,15
4772,823,21,6
4773,823,13,1
4774,823,19,16
4775,823,19,1
4776,823,11,3
4777,824,13,6
4778,824,0,12
4779,824,14,1
4780,825,1,24
4781,825,23,9
4782,825,0,15
4783,825,8,18
4784,825,0,11
4785,825,22,19
4786,825,23,1
4787,826,6,18
4788,826,10,1
4789,826,20,14
4790,826,10,18
4791,826,4,12
4792,826,0,6
4793,826,8,22
4794,827,20,5
4795,827,15,0
4796,827,4,10
4797,827,18,1
4798,828,6,10
4799,828,8,18
4800,829,3,7
4801,829,16,0
4802,829,5,11
4803,829,8,20
4804,829,0,24
4805,829,18,16
4806,829,21,11
4807,829,3,9
4808,829,0,17
4809,829,1,13
4810,830,23,10
4811,830,11,20
4812,830,17,7
4813,830,20,9
4814,830,8,11
4815,830,10,24
4816,830,13,4
4817,831,19,8
4818,831,7,0
4819,831,12,24
4820,831,5,8
4821,831,11,18
4822,831,1,12
4823,832,10,21
4824,832,10,19
4825,833,2,10
4826,833,6,10
4827,833,24,15
4828,833,17,6
4829,833,2,18
4830,834,7,22
4831,834,21,1
4832,834,13,23
4833,834,7,14
4834,834,19,6
4835,834,16,7
4836,834,7,11
4837,835,4,16
4838,835,24,6
4839,835,15,3
4840,835,2,14
4841,836,1,22
4842,836,22,20
4843,836,12,21
4844,837,15,4
4845,838,14,18
4846,838,11,24
4847,838,22,1
4848,838,6,13
4849,838,24,14
4850,838,21,11
4851,838,14,15
4852,838,0,23
4853,838,23,20
4854,839,0,3
4855,839,9,3
4856,839,21,15
4857,839,4,19
4858,839,5,11
4859,839,19,4
4860,839,23,20
4861,840,15,18
4862,840,20,23
4863,840,14,24
4864,840,2,5
4865,840,1,19
4866,840,22,18
4867,840,16,9
4868,841,20,17
4869,841,2,22
4870,841,24,16
4871,841,2,12
4872,841,17,8
4873,841,14,5
4874,841,12,2
4875,841,3,22
4876,841,15,12
4877,841,16,3
4878,842,8,20
4879,842,5,12
4880,842,24,14
4881,842,4,10
4882,842,18,15
4883,843,20,10
4884,843,20,24
4885,843,16,12
4886,843,16,10
4887,844,6,24
4888,844,18,22
4889,844,15,22
4890,844,6,9
4891,844,24,20
4892,844,16,23
4893,844,22,11
4894,844,10,3
4895,845,15,0
4896,845,5,2
4897,845,24,6
4898,845,4,1
4899,845,15,9
4900,846,14,11
4901,846,5,24
4902,846,15,12
4903,846,20,10
4904,846,22,14
4905,846,10,0
4906,846,14,2
4907,846,21,14
4908,846,14,7
4909,847,12,23
4910,847,19,16
4911,847,17,9
4912,847,23,1
4913,847,3,6
4914,847,9,6
4915,847,5,3
4916,847,24,20
4917,848,22,24
4918,848,13,10
4919,848,3,5
4920,848,5,13
4921,848,21,5
4922,848,24,8
4923,848,5,9
4924,849,24,18
4925,849,12,18
4926,849,12,2
4927,849,18,6
4928,849,24,2
4929,849,0,16
4930,850,2,16
4931,850,0,19
4932,850,10,19
4933,850,19,13
4934,850,0,13
4935,850,10,7
4936,851,13,21
4937,852,18,14
4938,852,23,5
4939,852,10,0
4940,852,19,2
4941,852,10,17
4942,852,11,18
4943,852,7,4
4944,853,4,19
4945,853,17,1
4946,853,4,14
4947,853,0,18
4948,854,5,9
4949,854,1,17
4950,854,2,9
4951,854,12,8
4952,854,23,20
4953,854,8,11
4954,855,21,19
4955,855,22,9
4956,855,21,17
4957,855,6,21
4958,856,3,19
4959,856,3,21
4960,856,15,18
4961,856,8,2
4962,856,7,4
4963,857,5,22
4964,857,14,22
4965,857,18,24
4966,857,24,4
4967,857,23,20
4968,858,20,3
4969,858,22,24
4970,858,23,15
4971,858,15,2
4972,858,18,11
4973,858,10,23
4974,858,3,6
4975,858,11,8
4976,859,8,2
4977,859,1,22
4978,859,18,6
4979,859,6,12
4980,860,8,2
4981,860,13,23
4982,860,19,16
4983,860,4,0
4984,860,20,12
4985,861,13,15
4986,861,3,11
4987,861,9,11
4988,861,8,19
4989,861,15,2
4990,862,18,15
4991,862,22,1
4992,862,2,10
4993,862,16,20
4994,862,13,7
4995,862,24,17
4996,862,23,19
4997,862,5,19
4998,862,2,19
4999,862,1,9
5000,863,13,9
5001,863,14,2
5002,863,3,21
5003,863,2,15
5004,864,23,20
5005,864,3,22
5006,864,12,19
5007,864,10,4
5008,864,7,9
5009,865,6,22
5010,865,5,16
5011,865,16,14
5012,865,15,12
5013,865,0,8
5014,865,24,21
5015,865,12,19
5016,866,1,24
5017,866,13,4
5018,866,15,13
5019,866,3,17
5020,866,3,0
5021,866,18,20
5022,866,9,0
5023,866,8,4
5024,866,24,7
5025,867,8,22
5026,867,23,14
5027,867,15,3
5028,867,12,16
5029,867,23,16
5030,867,16,18
5031,867,8,20
5032,868,12,5
5033,868,10,18
5034,868,16,19
5035,868,2,15
5036,868,18,14
5037,868,3,17
5038,869,3,21
5039,869,16,14
5040,869,15,6
5041,870,14,18
5042,870,15,18
5043,870,21,8
5044,870,2,23
5045,870,16,5
5046,870,13,23
5047,870,4,13
5048,871,1,21
5049,871,6,23
5050,871,0,9
5051,871,11,5
5052,871,10,8
5053,871,6,22
5054,872,22,8
5055,872,18,9
5056,872,20,11
5057,872,19,21
5058,872,15,8
5059,873,14,21
5060,873,14,24
5061,873,2,14
5062,873,9,5
5063,873,21,5
5064,873,8,12
5065,873,1,10
5066,873,23,4
5067,874,5,15
5068,874,23,7
5069,874,10,7
5070,874,8,2
5071,874,11,5
5072,874,6,14
5073,874,14,18
5074,874,24,1
5075,875,1,3
5076,875,17,1
5077,875,8,20
5078,875,9,13
5079,875,4,17
5080,875,11,2
5081,875,13,23
5082,875,14,21
5083,875,16,12
5084,876,4,16
5085,876,3,6
5086,876,7,1
5087,876,8,22
5088,876,3,6
5089,876,0,4
5090,877,7,15
5091,877,22,11
5092,877,3,15
5093,877,20,23
5094,877,11,20
5095,878,20,10
5096,878,10,4
5097,878,14,7
5098,878,11,24
5099,878,22,6
5100,879,7,22
5101,879,8,1
5102,879,7,21
5103,880,6,13
5104,880,20,24
5105,880,13,23
5106,880,18,9
5107,880,22,18
5108,880,23,17
5109,880,21,24
5110,881,20,18
5111,881,10,19
5112,881,4,12
5113,881,14,11
5114,881,16,6
5115,881,2,22
5116,881,22,3
5117,881,11,15
5118,881,7,9
5119,882,5,15
5120,882,22,13
5121,882,12,14
5122,882,2,21
5123,883,5,14
5124,883,18,0
5125,883,1,14
5126,883,20,24
5127,884,18,8
5128,884,11,9
5129,884,16,0
5130,885,6,4
5131,885,18,16
5132,886,2,23
5133,886,19,21
5134,886,23,2
5135,886,18,15
5136,886,10,2
5137,886,6,22
5138,886,3,10
5139,887,12,5
5140,887,24,7
5141,887,6,8
5142,887,10,22
5143,887,17,23
5144,888,9,15
5145,888,9,13
5146,888,18,9
5147,889,23,1
5148,889,11,8
5149,889,14,22
5150,889,22,1
5151,889,15,22
5152,889,24,22
5153,890,5,13
5154,890,2,8
5155,890,15,8
5156,891,22,15
5157,891,1,16
5158,891,16,24
5159,891,20,3
5160,892,8,24
5161,892,24,2
5162,892,14,0
5163,892,12,10
5164,892,23,21
5165,892,21,11
5166,892,9,11
5167,892,24,11
5168,893,14,7
5169,893,2,12
5170,893,18,4
5171,893,15,23
5172,893,10,9
5173,894,15,12
5174,894,6,23
5175,895,8,24
5176,895,3,10
5177,895,1,23
5178,895,14,1
5179,895,22,14
5180,896,19,15
5181,896,8,19
5182,896,2,4
5183,896,12,5
5184,896,11,8
5185,896,3,10
5186,896,19,4
5187,896,18,15
5188,897,9,6
5189,897,16,9
5190,897,3,21
5191,897,12,23
5192,898,7,13
5193,898,6,21
5194,898,5,13
5195,898,13,6
5196,899,4,21
5197,899,17,15
5198,899,16,9
5199,899,23,17
5200,900,9,7
5201,900,4,19
5202,900,23,5
5203,900,3,0
5204,900,8,14
5205,900,20,3
5206,901,24,22
5207,901,3,0
5208,901,16,4
5209,901,18,9
5210,902,15,1
5211,902,2,21
5212,902,22,0
5213,902,21,3
5214,903,5,8
5215,903,6,20
5216,903,9,22
5217,903,4,11
5218,904,1,16
5219,904,4,15
5220,904,14,1
5221,904,22,8
5222,904,10,23
5223,905,17,5
5224,905,21,1
5225,905,9,22
5226,905,22,19
5227,905,16,24
5228,906,1,24
5229,906,2,24
5230,906,9,5
5231,906,24,7
5232,906,11,1
5233,906,22,7
5234,906,5,13
5235,907,8,10
5236,907,17,9
5237,907,3,13
5238,907,0,6
5239,907,6,15
5240,907,8,23
5241,907,23,8
5242,908,15,2
5243,908,10,18
5244,908,7,18
5245,908,20,7
5246,908,17,2
5247,908,23,19
5248,909,21,8
5249,909,12,5
5250,909,19,10
5251,909,4,10
5252,910,14,16
5253,910,0,14
5254,910,15,9
5255,910,3,1
5256,910,13,10
5257,910,11,13
5258,911,8,23
5259,911,7,5
5260,911,1,19
5261,911,13,19
5262,911,3,14
5263,911,6,0
5264,911,8,23
5265,912,1,4
5266,912,4,24
5267,912,16,8
5268,912,20,4
5269,912,7,1
5270,912,20,1
5271,912,13,15
5272,913,9,1
5273,913,2,12
5274,913,11,8
5275,913,2,4
5276,913,18,9
5277,913,18,22
5278,913,13,2
5279,913,13,20
5280,913,9,20
5281,913,5,23
5282,913,12,19
5283,914,15,11
5284,914,6,2
5285,914,16,0
5286,915,8,12
5287,915,23,1
5288,915,10,22
5289,916,12,4
5290,916,2,11
5291,916,8,4
5292,916,16,24
5293,916,16,6
5294,916,13,1
5295,916,22,5
5296,916,23,4
5297,917,0,17
5298,917,4,20
5299,917,21,7
5300,917,5,17
5301,917,6,13
5302,918,14,1
5303,918,3,11
5304,918,18,14
5305,919,23,21
5306,919,22,18
5307,919,18,1
5308,919,6,24
5309,919,0,15
5310,919,0,9
5311,919,20,10
5312,920,10,17
5313,920,10,21
5314,920,24,1
5315,920,20,1
5316,921,17,6
5317,921,21,4
5318,921,2,6
5319,921,1,4
5320,921,4,6
5321,922,5,3
5322,922,23,15
5323,922,0,7
5324,922,7,15
5325,922,4,17
5326,922,7,4
5327,922,18,12
5328,922,8,18
5329,922,13,0
5330,923,22,0
5331,923,0,7
5332,923,15,1
5333,923,22,5
5334,923,19,6
5335,923,19,17
5336,923,15,2
5337,923,4,11
5338,923,2,16
5339,923,23,21
5340,923,16,1
5341,924,23,10
5342,924,20,5
5343,924,19,8
5344,924,22,0
5345,924,5,20
5346,924,3,1
5347,925,6,3
5348,925,17,11
5349,925,19,17
5350,925,22,12
5351,925,1,14
5352,925,12,2
5353,926,18,20
5354,926,5,1
5355,926,4,16
5356,926,2,23
5357,926,4,23
5358,926,14,16
5359,926,6,23
5360,926,15,13
5361,926,19,22
5362,927,24,18
5363,927,24,7
5364,928,14,8
5365,928,13,23
5366,928,17,0
5367,928,5,23
5368,929,3,1
5369,929,17,15
5370,929,10,20
5371,929,12,1
5372,929,22,18
5373,930,10,4
5374,930,14,7
5375,930,15,24
5376,930,10,7
5377,930,14,22
5378,930,0,24
5379,930,17,5
5380,930,0,3
5381,930,15,11
5382,930,15,9
5383,931,2,16
5384,931,2,24
5385,931,23,13
5386,931,18,8
5387,931,5,4
5388,932,21,19
5389,932,12,2
5390,932,20,22
5391,933,0,14
5392,933,24,11
5393,933,14,21
5394,933,23,8
5395,933,23,20
5396,933,0,3
5397,934,15,8
5398,934,12,1
5399,934,17,13
5400,934,9,17
5401,934,4,20
5402,935,12,1
5403,935,24,22
5404,935,5,9
5405,935,4,1
5406,935,3,11
5407,935,9,16
5408,935,2,24
5409,935,9,2
5410,935,10,24
5411,935,15,23
5412,935,21,15
5413,935,1,23
5414,936,13,24
5415,936,22,24
5416,936,23,14
5417,936,20,13
5418,936,10,20
5419,936,17,1
5420,937,20,10
5421,937,6,23
5422,937,13,17
5423,937,8,14
5424,937,17,20
5425,938,19,4
5426,938,16,10
5427,938,3,23
5428,938,22,1
5429,939,21,24
5430,939,8,17
5431,939,20,23
5432,939,15,21
5433,939,16,19
5434,940,9,21
5435,940,12,18
5436,940,2,14
5437,940,13,17
5438,940,3,14
5439,941,2,6
5440,941,5,3
5441,942,13,5
5442,942,1,13
5443,942,9,10
5444,942,1,24
5445,943,18,12
5446,943,22,9
5447,943,10,18
5448,944,1,13
5449,944,19,12
5450,944,16,3
5451,944,11,4
5452,944,6,19
5453,944,3,7
5454,944,10,19
5455,944,1,15
5456,945,24,14
5457,945,24,12
5458,945,15,7
5459,945,17,13
5460,945,22,9
5461,945,15,18
5462,945,16,7
5463,946,16,7
5464,946,21,8
5465,946,18,6
5466,946,4,5
5467,946,6,3
5468,946,4,0
5469,946,21,10
5470,947,0,7
5471,947,5,12
5472,948,5,2
5473,948,21,8
5474,948,22,13
5475,948,21,1
5476,949,12,22
5477,949,0,23
5478,949,10,23
5479,950,4,10
5480,950,21,6
5481,950,20,9
5482,950,5,7
5483,950,14,8
5484,950,4,17
5485,950,23,1
5486,950,0,16
5487,951,0,11
5488,951,4,5
5489,951,22,0
5490,952,13,15
5491,952,3,20
5492,952,20,17
5493,952,22,3
5494,952,23,1
5495,952,18,22
5496,953,3,13
5497,953,23,16
5498,953,11,21
5499,953,18,11
5500,953,7,17
5501,953,23,15
5502,953,0,20
5503,954,6,8
5504,954,22,14
5505,954,3,18
5506,954,1,11
5507,955,9,13
5508,955,3,6
5509,955,8,20
5510,955,21,17
5511,955,12,4
5512,955,10,18
5513,955,18,15
5514,955,10,19
5515,955,3,6
5516,955,5,20
5517,956,24,21
5518,956,23,16
5519,956,23,9
5520,956,6,14
5521,956,23,16
5522,956,10,13
5523,957,3,1
5524,957,3,23
5525,958,1,17
5526,958,24,10
5527,958,14,23
5528,958,22,0
5529,959,14,23
5530,959,19,1
5531,959,2,10
5532,959,21,18
5533,960,6,8
5534,960,20,16
5535,960,7,11
5536,960,8,16
5537,960,9,10
5538,960,7,4
5539,960,24,16
5540,960,19,16
5541,961,16,13
5542,961,7,1
5543,961,2,17
5544,961,17,0
5545,961,8,22
5546,961,8,24
5547,961,12,15
5548,961,21,2
5549,962,13,15
5550,962,2,9
5551,962,4,0
5552,962,1,20
5553,962,23,17
5554,962,16,9
5555,962,6,16
5556,962,6,20
5557,962,2,15
5558,963,23,19
5559,963,17,6
5560,963,18,12
5561,963,15,6
5562,964,8,11
5563,964,1,24
5564,964,1,12
5565,964,14,3
5566,964,15,0
5567,964,10,0
5568,965,9,11
5569,965,8,17
5570,965,14,18
5571,965,8,24
5572,965,14,17
5573,965,3,16
5574,965,14,2
5575,965,17,9
5576,965,16,2
5577,966,15,13
5578,966,23,11
5579,966,21,18
5580,966,9,7
5581,966,15,23
5582,967,13,19
5583,967,14,17
5584,967,5,11
5585,967,8,5
5586,967,18,11
5587,967,0,13
5588,967,11,8
5589,967,11,19
5590,967,22,2
5591,968,21,19
5592,968,7,20
5593,968,12,14
5594,968,17,23
5595,968,4,5
5596,969,17,1
5597,969,5,17
5598,970,19,16
5599,970,20,18
5600,970,22,16
5601,970,16,5
5602,971,23,0
5603,971,23,9
5604,971,12,22
5605,971,19,3
5606,971,16,23
5607,972,22,24
5608,972,16,5
5609,972,11,7
5610,972,7,0
5611,972,13,15
5612,973,6,19
5613,973,17,0
5614,973,7,18
5615,974,3,13
5616,974,18,5
5617,975,6,21
5618,975,4,5
5619,975,12,19
5620,975,9,23
5621,975,21,6
5622,975,15,23
5623,975,15,8
5624,975,2,17
5625,975,20,13
5626,976,24,16
5627,976,8,22
5628,976,16,14
5629,976,4,21
5630,976,17,15
5631,976,18,10
5632,977,24,22
5633,977,8,15
5634,977,14,1
5635,977,11,13
5636,978,24,21
5637,978,24,21
5638,978,4,22
5639,978,17,23
5640,978,2,13
5641,978,4,17
5642,979,16,14
5643,979,18,12
5644,979,13,22
5645,979,17,14
5646,979,0,11
5647,979,14,8
5648,979,11,8
5649,979,13,2
5650,979,22,11
5651,980,6,17
5652,980,13,19
5653,980,21,2
5654,980,14,0
5655,980,19,0
5656,981,3,1
5657,981,13,24
5658,981,3,21
5659,981,5,15
5660,981,14,23
5661,981,3,14
5662,981,11,13
5663,982,9,23
5664,982,20,24
5665,982,23,16
5666,982,16,19
5667,982,14,23
5668,982,17,10
5669,983,1,18
5670,983,4,5
5671,983,13,2
5672,983,1,16
5673,983,8,6
5674,983,11,1
5675,983,11,4
5676,984,11,23
5677,984,1,11
5678,984,3,23
5679,984,5,17
5680,984,12,10
5681,985,20,18
5682,985,19,2
5683,985,18,21
5684,985,4,24
5685,985,12,3
5686,985,10,16
5687,985,10,18
5688,986,19,21
5689,986,12,6
5690,986,12,15
5691,986,4,20
5692,986,4,11
5693,986,17,6
5694,986,13,2
5695,986,19,21
5696,986,5,21
5697,987,3,6
5698,987,23,16
5699,988,4,18
5700,988,0,8
5701,988,20,9
5702,988,15,7
5703,988,21,2
5704,989,11,7
5705,989,20,9
5706,990,1,11
5707,990,9,21
5708,990,20,19
5709,990,18,15
5710,990,4,6
5711,990,5,3
5712,990,10,17
5713,991,21,11
5714,991,5,22
5715,991,21,12
5716,991,20,16
5717,991,1,12
5718,991,1,21
5719,992,10,3
5720,992,6,0
5721,992,11,24
5722,992,2,5
5723,993,11,4
5724,993,16,3
5725,993,20,19
5726,994,17,3
5727,994,18,14
5728,994,14,7
5729,994,7,17
5730,995,1,15
5731,995,20,13
5732,995,20,11
5733,995,24,10
5734,995,0,2
5735,995,21,15
5736,995,12,24
5737,996,18,16
5738,996,12,22
5739,996,21,13
5740,996,10,18
5741,996,3,7
5742,996,14,10
5743,996,23,4
5744,997,8,19
5745,997,9,7
5746,998,12,22
5747,998,1,15
5748,998,16,9
5749,998,24,17
5750,998,8,17
5751,998,20,12
5752,999,14,20
5753,999,17,19
5754,999,15,14
5755,1000,22,8
5756,1000,5,14
5757,1000,23,0
5758,1000,12,24
5759,1000,23,14
5760,1001,18,21
5761,1001,1,17
5762,1001,17,1
5763,1001,22,0
5764,1001,6,18
5765,1001,9,20
5766,1002,10,4
5767,1002,24,8
5768,1003,23,21
5769,1003,13,21
5770,1003,1,11
5771,1003,23,5
5772,1003,15,24
5773,1003,16,6
5774,1004,2,10
5775,1004,5,3
5776,1004,14,24
5777,1005,16,3
5778,1005,15,3
5779,1005,23,2
5780,1005,11,14
5781,1005,14,12
5782,1005,21,9
5783,1006,18,9
5784,1006,13,11
5785,1006,20,0
5786,1006,18,22
5787,1006,22,14
5788,1006,9,5
5789,1006,1,14
5790,1006,8,21
5791,1006,14,17
5792,1006,1,15
5793,1006,17,1
5794,1007,13,23
5795,1007,11,20
5796,1007,22,8
5797,1007,22,11
5798,1007,14,21
5799,1008,11,7
5800,1008,24,4
5801,1008,18,1
5802,1008,14,3
5803,1008,13,17
5804,1008,11,22
5805,1008,1,15
5806,1008,3,1
5807,1008,0,10
5808,1008,20,1
5809,1008,23,9
5810,1009,23,16
5811,1009,24,2
5812,1010,8,19
5813,1010,16,9
5814,1010,11,17
5815,1010,22,16
5816,1010,21,7
5817,1010,12,16
5818,1010,22,7
5819,1011,13,24
5820,1011,6,10
5821,1011,11,2
5822,1011,8,21
5823,1011,15,11
5824,1011,8,2
5825,1012,0,2
5826,1012,1,18
5827,1012,5,12
5828,1012,3,9
5829,1012,20,7
5830,1012,9,11
5831,1012,15,12
5832,1013,2,4
5833,1013,21,2
5834,1013,0,6
5835,1013,11,19
5836,1013,6,18
5837,1013,12,8
5838,1013,14,22
5839,1013,16,22
5840,1013,22,13
5841,1014,12,10
5842,1014,8,0
5843,1014,0,23
5844,1014,1,11
5845,1014,14,10
5846,1015,19,7
5847,1015,2,18
5848,1015,18,14
5849,1015,0,19
5850,1015,9,7
5851,1015,19,11
5852,1015,11,0
5853,1015,7,23
5854,1015,23,3
5855,1015,7,17
5856,1015,23,17
5857,1016,10,16
5858,1016,17,24
5859,1016,1,15
5860,1016,9,12
5861,1016,7,23
5862,1017,9,6
5863,1017,20,18
5864,1017,19,7
5865,1017,8,11
5866,1018,15,0
5867,1018,24,12
5868,1018,6,8
5869,1018,1,14
5870,1019,14,18
5871,1019,16,7
5872,1019,2,13
5873,1019,3,6
5874,1019,10,18
5875,1019,3,5
5876,1019,19,5
5877,1019,0,8
5878,1019,18,4
5879,1019,15,14
5880,1020,13,10
5881,1020,2,4
5882,1020,9,15
5883,1020,1,16
5884,1021,2,15
5885,1021,21,0
5886,1022,20,18
5887,1022,20,22
5888,1022,19,12
5889,1022,7,15
5890,1022,3,17
5891,1023,2,10
5892,1023,19,16
5893,1023,10,3
5894,1023,8,18
5895,1023,8,4
5896,1023,0,20
5897,1024,24,10
5898,1024,10,20
5899,1024,8,21
5900,1024,2,17
5901,1024,4,22
5902,1024,5,20
5903,1024,18,11
5904,1025,2,5
5905,1026,23,6
5906,1027,15,11
5907,1027,10,21
5908,1027,10,17
5909,1028,5,3
5910,1028,6,0
5911,1028,1,12
5912,1028,21,4
5913,1028,12,1
5914,1029,14,24
5915,1029,21,2
5916,1029,23,10
5917,1029,17,2
5918,1030,3,15
5919,1030,16,13
5920,1030,11,15
5921,1030,4,22
5922,1030,23,19
5923,1030,12,9
5924,1030,10,16
5925,1030,23,10
5926,1031,21,17
5927,1031,3,18
5928,1032,3,6
5929,1032,22,13
5930,1032,11,1
5931,1032,0,3
5932,1032,8,15
5933,1032,19,7
5934,1033,0,20
5935,1033,2,6
5936,1033,9,15
5937,1033,7,19
5938,1033,1,22
5939,1034,18,20
5940,1034,3,12
5941,1034,0,17
5942,1034,3,19
5943,1035,10,1
5944,1035,7,4
5945,1035,22,7
5946,1035,4,10
5947,1036,19,2
5948,1036,24,11
5949,1037,2,16
5950,1037,20,24
5951,1037,5,18
5952,1037,21,23
5953,1037,16,7
5954,1037,21,24
5955,1037,16,2
5956,1037,12,23
5957,1038,14,4
5958,1038,7,22
5959,1038,9,3
5960,1038,10,4
5961,1038,17,23
5962,1038,3,16
5963,1038,14,18
5964,1038,14,17
5965,1038,12,14
5966,1039,0,14
5967,1039,6,22
5968,1040,6,18
5969,1040,0,8
5970,1040,6,8
5971,1040,24,22
5972,1040,11,23
5973,1041,17,15
5974,1041,20,22
5975,1041,22,3
5976,1041,4,0
5977,1041,16,12
5978,1041,13,3
5979,1041,5,18
5980,1041,9,5
5981,1041,24,16
5982,1042,1,20
5983,1042,20,3
5984,1042,0,4
5985,1042,13,3
5986,1042,11,23
5987,1042,10,0
5988,1042,7,4
5989,1043,20,7
5990,1043,11,7
5991,1043,1,24
5992,1043,24,8
5993,1043,14,17
5994,1043,9,22
5995,1043,22,2
5996,1043,15,2
5997,1044,5,2
5998,1044,8,17
5999,1044,19,6
6000,1044,11,5
6001,1044,12,23
6002,1044,18,0
6003,1044,19,2
6004,1044,2,5
6005,1044,8,20
6006,1045,17,24
6007,1045,9,12
6008,1045,3,7
6009,1045,3,9
6010,1045,17,5
6011,1045,16,18
6012,1045,9,19
6013,1045,24,7
6014,1045,14,5
6015,1045,6,2
6016,1045,9,0
6017,1046,22,10
6018,1046,3,6
6019,1046,5,21
6020,1047,14,1
6021,1047,24,3
6022,1047,24,4
6023,1047,4,16
6024,1047,17,23
6025,1047,14,5
6026,1047,22,20
6027,1047,15,23
6028,1047,2,6
6029,1048,13,6
6030,1048,23,13
6031,1048,16,23
6032,1048,15,14
6033,1048,19,11
6034,1048,3,1
6035,1048,14,21
6036,1048,5,2
6037,1049,23,9
6038,1049,4,13
6039,1049,9,1
6040,1049,7,5
6041,1049,0,4
6042,1049,14,16
6043,1049,7,15
6044,1049,8,19
6045,1050,17,13
6046,1050,19,16
6047,1050,0,11
6048,1050,3,6
6049,1050,22,9
6050,1051,3,22
6051,1051,19,21
6052,1051,21,8
6053,1051,12,19
6054,1051,8,12
6055,1051,21,23
6056,1052,12,4
6057,1052,14,4
6058,1052,23,7
6059,1052,5,8
6060,1052,19,6
6061,1053,8,6
6062,1053,24,5
6063,1053,18,7
6064,1053,13,0
6065,1053,10,19
6066,1054,10,0
6067,1054,20,4
6068,1054,19,2
6069,1054,10,16
6070,1054,16,22
6071,1054,13,0
6072,1054,3,10
6073,1054,10,9
6074,1055,21,8
6075,1055,12,16
6076,1055,15,11
6077,1055,14,0
6078,1055,13,4
6079,1055,17,6
6080,1055,8,17
6081,1055,21,6
6082,1055,3,18
6083,1055,15,3
6084,1056,11,14
6085,1056,5,19
6086,1056,16,1
6087,1056,21,0
6088,1056,1,13
6089,1056,8,19
6090,1057,11,2
6091,1057,13,11
6092,1057,24,13
6093,1057,11,14
6094,1057,17,15
6095,1058,19,4
6096,1058,11,5
6097,1058,13,5
6098,1058,9,1
6099,1058,17,9
6100,1058,17,19
6101,1058,17,21
6102,1058,23,12
6103,1059,2,0
6104,1059,13,9
6105,1059,24,3
6106,1060,22,19
6107,1060,2,0
6108,1060,15,1
6109,1060,12,6
6110,1060,1,15
6111,1060,1,19
6112,1060,24,6
6113,1061,15,5
6114,1061,10,17
6115,1061,19,17
6116,1061,0,16
6117,1061,20,24
6118,1061,10,22
6119,1061,23,3
6120,1062,6,21
6121,1062,0,19
6122,1063,2,21
6123,1063,23,21
6124,1063,21,0
6125,1063,23,3
6126,1063,15,14
6127,1063,12,4
6128,1063,1,22
6129,1063,9,19
6130,1064,1,9
6131,1064,2,21
6132,1064,3,18
6133,1064,22,15
6134,1064,23,15
6135,1065,3,18
6136,1065,3,22
6137,1065,6,12
6138,1065,6,3
6139,1065,23,4
6140,1065,21,10
6141,1065,13,16
6142,1066,5,9
6143,1066,20,24
6144,1066,1,17
6145,1066,1,5
6146,1066,7,21
6147,1067,6,14
6148,1067,9,24
6149,1067,20,14
6150,1067,13,6
6151,1067,12,8
6152,1067,20,12
6153,1067,8,23
6154,1068,16,23
6155,1068,17,6
6156,1068,12,6
6157,1068,5,2
6158,1069,8,2
6159,1069,15,21
6160,1069,7,4
6161,1069,16,10
6162,1070,16,2
6163,1070,22,9
6164,1070,22,24
6165,1071,24,13
6166,1071,4,7
6167,1071,13,15
6168,1071,15,3
6169,1072,24,8
6170,1072,18,1
6171,1072,23,17
6172,1072,7,0
6173,1072,22,18
6174,1072,14,6
6175,1072,8,16
6176,1072,22,8
6177,1072,3,6
6178,1072,14,24
6179,1072,7,24
6180,1073,11,4
6181,1073,17,5
6182,1073,11,0
6183,1073,17,2
6184,1073,11,21
6185,1073,23,15
6186,1074,8,20
6187,1074,8,0
6188,1074,11,14
6189,1074,1,4
6190,1075,21,17
6191,1075,20,3
6192,1075,19,23
6193,1075,3,7
6194,1075,12,16
6195,1075,6,17
6196,1075,17,20
6197,1076,19,6
6198,1076,15,23
6199,1076,1,4
6200,1076,24,8
6201,1076,16,6
6202,1076,3,21
6203,1077,16,12
6204,1077,7,14
6205,1077,5,2
6206,1077,2,4
6207,1077,4,20
6208,1077,17,20
6209,1077,0,8
6210,1077,4,22
6211,1077,18,3
6212,1077,15,2
6213,1077,9,5
6214,1078,21,24
6215,1078,19,7
6216,1078,10,1
6217,1078,1,16
6218,1078,7,5
6219,1079,4,17
6220,1079,0,14
6221,1080,16,23
6222,1080,7,16
6223,1081,13,20
6224,1081,2,22
6225,1081,10,18
6226,1081,2,23
6227,1081,13,16
6228,1081,6,23
6229,1081,18,6
6230,1081,3,20
6231,1081,14,17
6232,1082,11,3
6233,1082,7,1
6234,1083,8,24
6235,1083,15,23
6236,1083,4,2
6237,1083,19,11
6238,1083,20,18
6239,1083,10,9
6240,1083,16,1
6241,1084,24,18
6242,1084,0,23
6243,1084,18,8
6244,1084,20,17
6245,1084,7,15
6246,1084,24,14
6247,1084,0,8
6248,1084,10,18
6249,1084,18,0
6250,1085,1,17
6251,1085,8,20
6252,1085,2,14
6253,1085,7,13
6254,1085,2,4
6255,1086,24,14
6256,1086,23,0
6257,1087,14,3
6258,1087,12,8
6259,1087,12,24
6260,1087,21,6
6261,1087,12,24
6262,1087,3,20
6263,1087,19,13
6264,1088,5,2
6265,1088,6,18
6266,1088,18,15
6267,1088,11,14
6268,1088,10,17
6269,1088,18,24
6270,1088,9,2
6271,1089,21,3
6272,1089,7,15
6273,1089,20,18
6274,1089,11,19
6275,1089,15,11
6276,1089,7,14
6277,1089,21,14
6278,1090,9,17
6279,1090,2,24
6280,1090,19,23
6281,1090,15,19
6282,1090,18,7
6283,1090,9,20
6284,1090,4,12
6285,1090,1,18
6286,1090,16,18
6287,1090,8,15
6288,1090,15,13
6289,1091,12,21
6290,1091,22,9
6291,1091,11,1
6292,1091,24,1
6293,1091,11,15
6294,1092,1,18
6295,1092,10,16
6296,1092,21,9
6297,1093,20,6
6298,1093,3,14
6299,1093,7,5
6300,1093,24,14
6301,1093,3,22
6302,1093,24,12
6303,1093,20,10
6304,1093,2,11
6305,1093,22,9
6306,1094,4,18
6307,1094,5,21
6308,1094,21,14
6309,1094,21,5
6310,1094,4,7
6311,1094,0,11
6312,1094,21,8
6313,1095,0,24
6314,1095,5,24
6315,1095,19,6
6316,1095,8,10
6317,1095,18,2
6318,1095,4,20
6319,1095,9,10
6320,1096,10,1
6321,1096,15,11
6322,1096,12,14
6323,1096,19,5
6324,1096,12,21
6325,1096,24,1
6326,1096,22,16
6327,1096,13,10
6328,1097,16,22
6329,1097,13,1
6330,1097,22,3
6331,1097,17,23
6332,1097,20,19
6333,1097,11,22
6334,1098,11,22
6335,1098,1,5
6336,1098,9,7
6337,1098,10,1
6338,1098,14,24
6339,1098,24,0
6340,1099,4,14
6341,1099,24,1
6342,1099,12,4
6343,1099,19,22
6344,1100,5,14
6345,1100,9,23
6346,1100,2,23
6347,1100,21,9
6348,1100,16,18
6349,1100,24,16
6350,1100,5,21
6351,1101,23,10
6352,1101,8,2
6353,1101,23,21
6354,1101,21,14
6355,1101,10,1
6356,1101,20,8
6357,1101,18,5
6358,1102,8,12
6359,1102,21,8
6360,1102,1,9
6361,1103,23,9
6362,1103,9,23
6363,1103,5,7
6364,1103,22,0
6365,1103,20,23
6366,1104,17,6
6367,1104,4,20
6368,1104,23,21
6369,1104,4,12
6370,1104,10,13
6371,1105,16,9
6372,1105,1,8
6373,1105,22,13
6374,1105,11,1
6375,1105,4,21
6376,1105,8,4
6377,1105,18,6
6378,1106,2,16
6379,1106,20,22
6380,1106,18,6
6381,1106,15,1
6382,1106,8,1
6383,1106,13,1
6384,1106,23,10
6385,1106,14,8
6386,1107,12,4
6387,1107,24,7
6388,1107,10,17
6389,1107,21,11
6390,1108,5,20
6391,1108,2,10
6392,1108,2,20
6393,1109,16,5
6394,1109,20,2
6395,1109,23,14
6396,1109,22,24
6397,1109,17,14
6398,1109,8,6
6399,1109,5,2
6400,1109,15,5
6401,1109,15,12
6402,1110,24,21
6403,1110,0,3
6404,1110,5,16
6405,1110,3,9
6406,1110,4,13
6407,1110,12,16
6408,1110,20,8
6409,1111,21,5
6410,1111,13,23
6411,1111,5,13
6412,1111,9,3
6413,1111,17,7
6414,1111,15,14
6415,1111,23,4
6416,1112,0,17
6417,1112,19,22
6418,1112,14,12
6419,1112,4,1
6420,1112,8,20
6421,1112,12,23
6422,1112,1,14
6423,1113,4,16
6424,1113,0,15
6425,1113,1,8
6426,1113,1,7
6427,1113,16,5
6428,1113,8,11
6429,1113,9,16
6430,1113,0,3
6431,1113,17,2
6432,1113,10,24
6433,1113,0,8
6434,1114,22,10
6435,1114,12,5
6436,1114,9,7
6437,1114,6,21
6438,1114,12,15
6439,1114,17,2
6440,1114,6,2
6441,1114,16,8
6442,1114,17,5
6443,1115,6,22
6444,1115,13,11
6445,1115,4,22
6446,1115,19,11
6447,1115,11,13
6448,1115,6,10
6449,1115,22,14
6450,1115,21,2
6451,1115,18,20
6452,1115,21,12
6453,1116,0,20
6454,1116,12,23
6455,1116,6,13
6456,1116,20,17
6457,1116,19,3
6458,1116,20,23
6459,1116,9,12
6460,1116,21,13
6461,1116,22,9
6462,1117,20,14
6463,1117,4,21
6464,1117,11,4
6465,1117,24,0
6466,1117,7,15
6467,1118,0,15
6468,1118,15,7
6469,1118,5,17
6470,1118,0,21
6471,1118,3,7
6472,1119,20,12
6473,1119,7,23
6474,1119,16,0
6475,1119,0,20
6476,1119,4,16
6477,1120,17,20
6478,1120,18,12
6479,1120,3,9
6480,1120,16,4
6481,1120,13,23
6482,1120,12,19
6483,1120,7,22
6484,1121,20,7
6485,1121,24,5
6486,1121,4,18
6487,1121,1,17
6488,1121,7,15
6489,1121,6,17
6490,1121,7,21
6491,1121,0,21
6492,1122,10,21
6493,1122,4,16
6494,1123,5,17
6495,1123,11,3
6496,1123,10,3
6497,1123,1,12
6498,1123,3,20
6499,1123,1,12
6500,1123,15,13
6501,1123,14,4
6502,1124,5,16
6503,1124,0,9
6504,1124,3,11
6505,1124,15,4
6506,1124,12,19
6507,1124,18,10
6508,1124,11,0
6509,1124,8,15
6510,1124,6,22
6511,1124,0,11
6512,1124,13,23
6513,1124,2,8
6514,1125,23,9
6515,1125,17,4
6516,1125,11,21
6517,1125,17,2
6518,1125,22,7
6519,1125,20,5
6520,1125,11,19
6521,1126,16,6
6522,1126,3,7
6523,1126,18,6
6524,1126,11,19
6525,1127,22,1
6526,1127,5,24
6527,1127,6,17
6528,1127,2,13
6529,1127,4,15
6530,1127,22,18
6531,1127,11,22
6532,1127,10,9
6533,1128,18,6
6534,1128,11,19
6535,1128,16,2
6536,1129,7,14
6537,1129,10,3
6538,1129,21,19
6539,1129,11,18
6540,1130,22,12
6541,1130,19,23
6542,1130,15,2
6543,1130,22,4
6544,1130,18,16
6545,1130,6,8
6546,1130,11,17
6547,1131,12,1
6548,1131,14,20
6549,1131,3,19
6550,1131,16,20
6551,1131,10,16
6552,1131,6,24
6553,1131,11,15
6554,1131,0,21
6555,1131,23,12
6556,1131,5,1
6557,1132,15,0
6558,1132,2,10
6559,1132,24,18
6560,1132,24,17
6561,1132,10,17
6562,1132,4,18
6563,1133,21,0
6564,1133,20,6
6565,1134,17,13
6566,1134,15,0
6567,1134,22,2
6568,1134,8,2
6569,1134,21,18
6570,1134,2,18
6571,1134,14,12
6572,1134,21,5
6573,1135,13,19
6574,1135,23,8
6575,1135,15,24
6576,1135,24,0
6577,1135,23,11
6578,1135,10,23
6579,1135,18,21
6580,1136,19,9
6581,1136,6,19
6582,1136,22,24
6583,1136,1,20
6584,1136,22,9
6585,1136,14,16
6586,1136,1,17
6587,1136,8,17
6588,1137,22,0
6589,1137,7,20
6590,1137,15,6
6591,1137,14,3
6592,1137,11,23
6593,1138,12,16
6594,1138,19,10
6595,1138,16,13
6596,1138,24,6
6597,1138,19,6
6598,1138,7,14
6599,1138,9,1
6600,1139,8,1
6601,1139,3,20
6602,1139,20,16
6603,1139,4,21
6604,1139,7,22
6605,1139,11,3
6606,1139,17,9
6607,1140,23,13
6608,1140,2,16
6609,1140,22,9
6610,1141,16,5
6611,1141,13,19
6612,1141,14,5
6613,1141,23,3
6614,1141,11,2
6615,1141,12,2
6616,1141,20,7
6617,1141,24,9
6618,1141,4,14
6619,1142,20,1
6620,1142,8,24
6621,1142,10,17
6622,1142,3,20
6623,1142,2,20
6624,1142,17,14
6625,1142,4,0
6626,1142,14,23
6627,1142,4,16
6628,1143,13,11
6629,1143,22,7
6630,1143,18,24
6631,1143,19,6
6632,1143,20,11
6633,1143,23,0
6634,1143,4,18
6635,1143,22,15
6636,1144,23,15
6637,1144,3,9
6638,1144,0,9
6639,1145,5,1
6640,1145,24,12
6641,1145,6,8
6642,1146,3,16
6643,1146,7,4
6644,1146,9,24
6645,1146,11,18
6646,1146,12,15
6647,1146,1,15
6648,1147,9,12
6649,1147,14,8
6650,1147,20,11
6651,1147,20,11
6652,1147,2,9
6653,1147,16,7
6654,1148,4,20
6655,1148,0,9
6656,1148,24,6
6657,1148,1,4
6658,1149,20,1
6659,1149,6,9
6660,1149,14,8
6661,1149,1,5
6662,1150,3,17
6663,1150,4,16
6664,1150,8,18
6665,1150,8,4
6666,1150,13,24
6667,1150,19,2
6668,1150,3,9
6669,1150,2,10
6670,1151,18,22
6671,1151,8,10
6672,1151,22,0
6673,1151,12,3
6674,1151,14,20
6675,1151,15,6
6676,1151,0,12
6677,1151,24,1
6678,1152,9,21
6679,1152,7,4
6680,1152,19,1
6681,1152,16,14
6682,1153,19,15
6683,1153,13,20
6684,1153,15,11
6685,1153,10,2
6686,1154,12,6
6687,1154,9,15
6688,1154,4,0
6689,1154,4,15
6690,1154,19,8
6691,1154,17,8
6692,1155,5,7
6693,1155,20,10
6694,1155,18,12
6695,1155,21,6
6696,1155,5,19
6697,1156,4,1
6698,1156,0,22
6699,1156,12,14
6700,1156,9,16
6701,1156,16,18
6702,1156,2,0
6703,1156,10,18
6704,1157,5,9
6705,1157,24,13
6706,1157,17,9
6707,1158,18,15
6708,1158,23,20
6709,1158,23,12
6710,1158,7,13
6711,1158,15,21
6712,1158,13,17
6713,1159,22,0
6714,1159,10,3
6715,1159,1,10
6716,1159,5,24
6717,1159,17,7
6718,1159,7,20
6719,1159,15,18
6720,1159,10,16
6721,1159,7,19
6722,1159,5,16
6723,1160,21,19
6724,1160,8,6
6725,1160,14,12
6726,1160,17,19
6727,1160,18,5
6728,1161,9,24
6729,1161,3,14
6730,1161,4,13
6731,1161,8,19
6732,1161,6,24
6733,1161,23,21
6734,1162,8,17
6735,1162,22,19
6736,1162,24,6
6737,1162,9,12
6738,1162,9,18
6739,1163,20,0
6740,1163,12,2
6741,1163,8,15
6742,1164,22,7
6743,1164,16,22
6744,1164,7,18
6745,1164,23,11
6746,1164,2,15
6747,1165,2,19
6748,1165,18,2
6749,1165,15,4
6750,1165,17,4
6751,1165,20,10
6752,1165,2,4
6753,1166,14,11
6754,1166,1,8
6755,1166,12,4
6756,1166,1,14
6757,1166,6,13
6758,1166,2,21
6759,1166,14,11
6760,1167,3,16
6761,1167,12,23
6762,1167,1,18
6763,1168,21,3
6764,1168,24,12
6765,1168,5,15
6766,1168,11,14
6767,1168,24,20
6768,1168,12,1
6769,1169,11,20
6770,1169,24,8
6771,1169,6,10
6772,1169,10,14
6773,1170,19,16
6774,1170,13,16
6775,1170,12,3
6776,1171,20,2
6777,1171,24,1
6778,1171,22,9
6779,1171,9,24
6780,1172,0,14
6781,1172,9,5
6782,1172,19,15
6783,1172,10,21
6784,1172,9,3
6785,1173,4,20
6786,1173,14,16
6787,1173,3,6
6788,1173,12,0
6789,1173,23,1
6790,1173,24,1
6791,1173,12,15
6792,1174,22,18
6793,1174,6,2
6794,1174,11,23
6795,1174,10,18
6796,1174,6,0
6797,1174,12,6
6798,1174,8,10
6799,1174,14,3
6800,1174,18,6
6801,1175,21,18
6802,1175,20,1
6803,1176,21,17
6804,1176,22,5
6805,1176,20,1
6806,1176,17,21
6807,1176,15,9
6808,1176,12,0
6809,1176,10,18
6810,1177,5,22
6811,1177,15,2
6812,1177,8,12
6813,1178,1,9
6814,1178,5,13
6815,1178,5,14
6816,1178,5,17
6817,1178,21,1
6818,1178,18,15
6819,1178,9,20
6820,1179,8,6
6821,1179,22,9
6822,1179,14,8
6823,1179,20,19
6824,1179,15,3
6825,1179,21,15
6826,1180,14,22
6827,1180,6,22
6828,1180,3,0
6829,1180,20,22
6830,1180,1,21
6831,1180,13,9
6832,1180,16,22
6833,1180,21,9
6834,1180,19,11
6835,1181,21,19
6836,1181,2,16
6837,1181,17,8
6838,1181,17,0
6839,1181,0,17
6840,1181,1,16
6841,1181,11,7
6842,1181,3,18
6843,1181,14,21
6844,1182,1,5
6845,1182,16,9
6846,1182,19,22
6847,1182,8,14
6848,1182,6,22
6849,1183,5,12
6850,1183,19,16
6851,1183,6,16
6852,1183,12,3
6853,1183,23,21
6854,1184,19,16
6855,1184,15,18
6856,1184,14,8
6857,1184,12,14
6858,1184,15,18
6859,1184,12,4
6860,1184,3,11
6861,1185,13,0
6862,1185,3,20
6863,1185,23,5
6864,1185,22,24
6865,1185,12,22
6866,1185,2,9
6867,1185,8,21
6868,1185,6,0
6869,1186,12,24
6870,1186,20,9
6871,1186,14,8
6872,1186,5,18
6873,1186,14,5
6874,1187,21,23
6875,1187,9,21
6876,1187,8,10
6877,1188,20,23
6878,1188,19,21
6879,1188,24,12
6880,1188,0,24
6881,1188,17,19
6882,1189,3,22
6883,1189,18,0
6884,1189,5,20
6885,1189,19,7
6886,1189,22,9
6887,1189,14,16
6888,1189,7,18
6889,1189,11,18
6890,1190,20,24
6891,1190,5,7
6892,1190,20,17
6893,1190,22,13
6894,1190,5,8
6895,1190,13,4
6896,1190,9,20
6897,1191,24,11
6898,1191,11,13
6899,1191,21,1
6900,1191,19,2
6901,1191,10,7
6902,1192,15,3
6903,1192,14,8
6904,1192,3,7
6905,1192,1,7
6906,1192,15,7
6907,1192,2,18
6908,1192,11,9
6909,1192,15,11
6910,1192,16,22
6911,1192,17,4
6912,1192,15,0
6913,1192,14,0
6914,1193,24,6
6915,1194,5,4
6916,1194,0,14
6917,1194,16,14
6918,1194,16,2
6919,1194,13,0
6920,1194,19,21
6921,1194,12,18
6922,1195,16,0
6923,1195,6,16
6924,1195,3,10
6925,1195,15,11
6926,1195,10,6
6927,1195,24,18
6928,1195,24,0
6929,1196,17,3
6930,1196,19,17
6931,1196,18,1
6932,1196,2,19
6933,1196,20,2
6934,1197,12,4
6935,1197,11,0
6936,1198,1,8
6937,1198,2,12
6938,1199,4,2
6939,1199,22,9
6940,1199,10,22
6941,1199,14,4
6942,1199,15,11
6943,1200,22,7
6944,1200,0,2
6945,1200,5,1
6946,1200,11,5
6947,1200,14,15
6948,1200,12,8
6949,1200,15,14
6950,1200,20,16
6951,1200,9,3
6952,1201,21,24
6953,1201,6,24
6954,1201,17,0
6955,1201,4,5
6956,1201,0,22
6957,1201,1,3
6958,1201,5,4
6959,1202,22,13
6960,1202,9,16
6961,1202,22,9
6962,1202,19,6
6963,1202,16,23
6964,1203,23,20
6965,1203,1,18
6966,1203,1,5
6967,1203,3,22
6968,1203,0,11
6969,1203,22,4
6970,1203,19,6
6971,1203,7,19
6972,1204,0,14
6973,1204,7,1
6974,1204,8,11
6975,1204,4,0
6976,1204,13,17
6977,1204,18,7
6978,1205,0,4
6979,1205,0,4
6980,1205,15,24
6981,1205,23,10
6982,1205,18,1
6983,1205,2,14
6984,1205,16,10
6985,1205,3,0
6986,1205,13,11
6987,1205,17,20
6988,1206,20,0
6989,1206,1,5
6990,1206,7,10
6991,1206,12,3
6992,1206,21,3
6993,1206,3,1
6994,1207,20,4
6995,1207,1,21
6996,1207,4,13
6997,1207,2,19
6998,1207,19,11
6999,1208,14,2
7000,1208,4,21
7001,1208,7,0
7002,1208,24,21
7003,1208,24,13
7004,1209,1,13
7005,1209,13,4
7006,1209,14,5
7007,1209,9,17
7008,1210,18,9
7009,1210,19,20
7010,1210,0,2
7011,1210,14,6
7012,1210,21,7
7013,1210,11,13
7014,1210,19,7
7015,1210,14,24
7016,1211,2,21
7017,1211,15,2
7018,1211,1,23
7019,1211,6,22
7020,1211,0,2
7021,1212,3,16
7022,1212,3,1
7023,1212,24,11
7024,1213,10,7
7025,1213,5,15
7026,1213,10,3
7027,1213,20,7
7028,1213,8,12
7029,1213,10,12
7030,1214,10,16
7031,1214,21,8
7032,1214,14,5
7033,1214,21,2
7034,1215,4,5
7035,1215,15,9
7036,1215,22,16
7037,1215,17,21
7038,1215,2,4
7039,1215,21,4
7040,1215,2,0
7041,1215,18,16
7042,1216,12,4
7043,1216,20,1
7044,1216,0,3
7045,1216,16,9
7046,1216,8,4
7047,1216,4,13
7048,1216,21,24
7049,1216,22,10
7050,1217,11,21
7051,1217,9,22
7052,1217,0,19
7053,1218,15,19
7054,1218,13,15
7055,1218,22,10
7056,1218,12,5
7057,1218,6,8
7058,1218,2,19
7059,1218,16,6
7060,1218,17,0
7061,1218,15,8
7062,1218,13,4
7063,1219,3,9
7064,1219,16,22
7065,1219,13,24
7066,1219,12,18
7067,1219,0,10
7068,1219,4,5
7069,1220,1,15
7070,1221,1,22
7071,1221,11,17
7072,1221,13,1
7073,1221,21,2
7074,1221,2,22
7075,1222,15,7
7076,1222,21,8
7077,1222,20,7
7078,1222,19,21
7079,1222,6,17
7080,1222,1,13
7081,1223,21,1
7082,1223,23,19
7083,1223,1,5
7084,1223,24,4
7085,1223,19,0
7086,1224,5,2
7087,1224,4,8
7088,1224,10,6
7089,1224,17,4
7090,1224,5,1
7091,1224,23,7
7092,1224,12,21
7093,1225,21,5
7094,1225,0,22
7095,1225,7,15
7096,1226,4,10
7097,1226,19,9
7098,1226,11,18
7099,1226,14,10
7100,1226,22,6
7101,1226,6,9
7102,1227,20,23
7103,1227,14,11
7104,1227,16,8
7105,1227,22,0
7106,1228,24,2
7107,1228,13,7
7108,1228,8,18
7109,1228,4,20
7110,1229,1,18
7111,1229,18,7
7112,1229,15,0
7113,1229,5,11
7114,1229,6,24
7115,1229,18,0
7116,1230,23,5
7117,1230,3,23
7118,1230,12,2
7119,1230,17,5
7120,1231,1,11
7121,1231,2,12
7122,1232,16,23
7123,1232,9,3
7124,1232,16,4
7125,1232,0,15
7126,1232,1,13
7127,1232,12,5
7128,1232,23,2
7129,1232,16,10
7130,1233,14,3
7131,1233,23,2
7132,1233,13,1
7133,1233,5,23
7134,1233,19,22
7135,1233,4,7
7136,1234,0,4
7137,1234,7,0
7138,1234,9,15
7139,1234,17,8
7140,1234,22,20
7141,1234,20,6
7142,1235,6,9
7143,1235,17,0
7144,1235,17,2
7145,1235,10,1
7146,1235,20,8
7147,1235,0,23
7148,1235,16,10
7149,1236,24,1
7150,1236,5,3
7151,1236,2,11
7152,1236,5,1
7153,1236,4,8
7154,1236,13,3
7155,1236,6,8
7156,1236,5,19
7157,1237,22,16
7158,1237,22,16
7159,1237,20,6
7160,1237,4,22
7161,1238,13,2
7162,1238,11,8
7163,1238,13,23
7164,1238,12,0
7165,1238,9,24
7166,1239,18,11
7167,1239,24,1
7168,1239,1,15
7169,1239,0,11
7170,1239,10,1
7171,1240,6,16
7172,1240,5,1
7173,1240,15,2
7174,1240,15,22
7175,1240,23,6
7176,1240,14,18
7177,1240,13,20
7178,1240,22,12
7179,1240,6,10
7180,1240,5,20
7181,1240,17,20
7182,1240,9,12
7183,1241,13,10
7184,1241,10,6
7185,1241,15,0
7186,1241,11,7
7187,1241,17,8
7188,1241,15,7
7189,1241,9,11
7190,1242,6,14
7191,1242,12,22
7192,1242,7,22
7193,1242,5,15
7194,1242,11,3
7195,1242,14,24
7196,1242,22,2
7197,1242,9,21
7198,1243,3,23
7199,1243,1,23
7200,1243,23,17
7201,1243,8,6
7202,1243,10,3
7203,1243,22,12
7204,1243,10,9
7205,1243,4,0
7206,1243,14,1
7207,1244,22,18
7208,1244,19,4
7209,1244,7,18
7210,1244,20,14
7211,1244,24,1
7212,1245,13,10
7213,1245,13,4
7214,1245,3,21
7215,1245,14,6
7216,1245,2,17
7217,1246,12,9
7218,1246,0,3
7219,1246,5,13
7220,1246,24,0
7221,1246,20,23
7222,1247,0,15
7223,1247,1,20
7224,1247,12,24
7225,1248,21,10
7226,1248,20,19
7227,1248,5,7
7228,1248,7,3
7229,1249,22,12
7230,1249,21,19
7231,1249,9,23
7232,1249,6,8
7233,1249,13,19
7234,1249,9,7
7235,1249,2,9
7236,1250,21,18
7237,1250,5,22
7238,1251,19,2
7239,1251,24,7
7240,1251,13,3
7241,1251,5,17
7242,1252,16,12
7243,1252,23,13
7244,1253,7,17
7245,1253,0,14
7246,1253,23,8
7247,1253,24,16
7248,1253,2,5
7249,1253,6,19
7250,1253,2,5
7251,1253,20,16
7252,1254,13,20
7253,1254,5,9
7254,1254,1,22
7255,1254,15,24
7256,1254,3,6
7257,1254,18,3
7258,1255,6,3
7259,1255,6,16
7260,1255,20,24
7261,1255,0,9
7262,1255,3,11
7263,1255,9,16
7264,1255,22,9
7265,1256,20,13
7266,1256,11,5
7267,1256,24,11
7268,1256,7,17
7269,1256,24,5
7270,1256,7,5
7271,1256,24,6
7272,1257,8,22
7273,1257,19,9
7274,1257,10,6
7275,1257,2,17
7276,1257,4,11
7277,1257,24,6
7278,1257,17,6
7279,1257,15,22
7280,1257,22,15
7281,1257,13,16
7282,1258,5,15
7283,1258,9,7
7284,1258,14,12
7285,1258,20,4
7286,1258,9,18
7287,1258,3,11
7288,1258,21,17
7289,1259,2,17
7290,1259,4,23
7291,1259,6,9
7292,1259,4,12
7293,1259,10,19
7294,1260,3,20
7295,1260,9,23
7296,1260,5,14
7297,1260,17,19
7298,1261,14,7
7299,1261,10,3
7300,1261,2,18
7301,1261,12,0
7302,1261,9,0
7303,1261,6,8
7304,1261,3,10
7305,1262,19,4
7306,1262,14,23
7307,1262,5,4
7308,1262,8,18
7309,1262,12,16
7310,1262,22,0
7311,1263,2,17
7312,1263,14,21
7313,1263,11,7
7314,1263,2,17
7315,1264,6,2
7316,1264,19,5
7317,1264,5,14
7318,1264,4,15
7319,1265,22,9
7320,1265,22,1
7321,1265,18,11
7322,1265,11,18
7323,1265,13,24
7324,1265,18,2
7325,1265,3,21
7326,1265,17,21
7327,1265,18,2
7328,1265,10,0
7329,1266,23,8
7330,1266,11,5
7331,1266,18,9
7332,1266,13,1
7333,1266,11,15
7334,1266,5,2
7335,1266,24,20
7336,1266,9,3
7337,1266,3,22
7338,1266,22,7
7339,1267,17,23
7340,1267,6,16
7341,1267,6,24
7342,1267,14,12
7343,1267,6,16
7344,1267,16,5
7345,1268,19,20
7346,1268,7,13
7347,1268,22,7
7348,1268,5,17
7349,1268,0,23
7350,1268,17,14
7351,1268,7,13
7352,1268,16,4
7353,1268,2,19
7354,1268,5,19
7355,1269,22,5
7356,1269,1,20
7357,1269,24,12
7358,1269,21,2
7359,1270,23,1
7360,1270,7,10
7361,1270,21,7
7362,1270,1,5
7363,1270,23,9
7364,1270,12,6
7365,1270,1,15
7366,1270,15,1
7367,1271,23,2
7368,1271,19,21
7369,1271,23,21
7370,1271,21,13
7371,1271,5,18
7372,1271,0,19
7373,1272,23,8
7374,1272,10,7
7375,1272,5,16
7376,1272,1,23
7377,1272,14,12
7378,1272,23,1
7379,1273,17,21
7380,1273,20,22
7381,1273,14,6
7382,1273,24,13
7383,1273,0,13
7384,1273,16,9
7385,1273,7,22
7386,1273,14,20
7387,1273,0,6
7388,1274,23,14
7389,1274,8,11
7390,1274,6,14
7391,1274,4,19
7392,1274,16,9
7393,1274,8,15
7394,1275,24,13
7395,1275,5,3
7396,1275,19,4
7397,1275,13,4
7398,1275,23,0
7399,1275,4,19
7400,1275,8,21
7401,1275,10,19
7402,1275,14,3
7403,1275,24,18
7404,1275,19,21
7405,1276,7,17
7406,1276,4,24
7407,1276,9,11
7408,1276,5,22
7409,1277,13,20
7410,1277,7,4
7411,1277,14,4
7412,1277,16,1
7413,1277,9,17
7414,1277,14,23
7415,1277,10,17
7416,1277,3,22
7417,1277,1,5
7418,1277,24,6
7419,1277,20,19
7420,1278,4,16
7421,1278,18,3
7422,1278,6,16
7423,1278,23,20
7424,1278,10,19
7425,1278,21,1
7426,1278,11,3
7427,1278,1,21
7428,1278,6,3
7429,1279,5,15
7430,1279,3,12
7431,1279,17,9
7432,1280,20,11
7433,1280,6,16
7434,1280,15,23
7435,1280,15,8
7436,1280,15,12
7437,1280,17,7
7438,1281,2,0
7439,1281,7,24
7440,1281,10,20
7441,1281,0,4
7442,1281,23,3
7443,1281,22,24
7444,1282,16,23
7445,1282,7,23
7446,1282,6,4
7447,1282,17,14
7448,1282,5,7
7449,1282,2,16
7450,1283,13,22
7451,1283,6,23
7452,1283,19,12
7453,1283,13,11
7454,1283,4,13
7455,1283,23,0
7456,1284,20,11
7457,1284,0,2
7458,1284,19,17
7459,1284,20,22
7460,1284,23,20
7461,1284,0,13
7462,1284,7,16
7463,1285,7,16
7464,1285,23,20
7465,1285,18,2
7466,1285,9,21
7467,1285,20,8
7468,1285,10,8
7469,1285,4,15
7470,1286,15,9
7471,1286,15,4
7472,1286,19,1
7473,1286,17,14
7474,1286,12,2
7475,1287,24,17
7476,1288,17,7
7477,1288,24,8
7478,1288,13,1
7479,1288,4,21
7480,1289,22,20
7481,1289,10,21
7482,1289,17,23
7483,1289,22,13
7484,1289,6,9
7485,1289,23,13
7486,1289,17,7
7487,1289,0,4
7488,1289,23,13
7489,1290,13,21
7490,1290,15,18
7491,1290,15,5
7492,1290,16,13
7493,1290,6,8
7494,1291,21,7
7495,1291,10,1
7496,1291,15,8
7497,1291,10,22
7498,1291,11,2
7499,1291,19,12
7500,1292,23,19
7501,1292,4,12
7502,1292,20,9
7503,1292,10,24
7504,1292,24,12
7505,1292,24,22
7506,1292,15,13
7507,1292,18,9
7508,1292,16,5
7509,1293,14,20
7510,1293,13,3
7511,1293,0,17
7512,1293,19,7
7513,1293,19,11
7514,1293,3,7
7515,1294,21,14
7516,1295,4,14
7517,1295,11,13
7518,1295,2,16
7519,1295,16,2
7520,1295,21,24
7521,1295,4,11
7522,1295,21,11
7523,1295,10,19
7524,1296,9,10
7525,1296,0,15
7526,1296,5,21
7527,1296,23,16
7528,1296,6,3
7529,1297,21,6
7530,1297,9,19
7531,1297,23,3
7532,1297,4,24
7533,1297,19,23
7534,1297,10,13
7535,1298,3,14
7536,1298,19,15
7537,1298,3,20
7538,1298,22,2
7539,1298,2,6
7540,1298,7,5
7541,1298,7,19
7542,1298,21,10
7543,1298,16,18
7544,1298,4,21
7545,1299,15,2
7546,1299,14,16
7547,1299,15,19
7548,1299,19,22
7549,1299,18,2
7550,1299,0,22
7551,1299,6,4
7552,1299,16,7
7553,1299,7,10
7554,1300,10,13
7555,1300,1,8
7556,1300,12,20
7557,1300,2,20
7558,1300,4,23
7559,1300,9,0
7560,1300,18,24
7561,1300,11,0
7562,1300,15,6
7563,1300,5,13
7564,1301,23,13
7565,1301,3,19
7566,1301,1,4
7567,1301,4,16
7568,1301,7,18
7569,1301,0,8
7570,1301,11,9
7571,1302,11,0
7572,1302,4,20
7573,1302,12,6
7574,1303,13,24
7575,1303,3,15
7576,1303,12,24
7577,1303,1,9
7578,1303,17,1
7579,1303,23,6
7580,1303,23,2
7581,1304,3,21
7582,1304,0,2
7583,1304,1,3
7584,1304,1,17
7585,1304,16,3
7586,1305,20,11
7587,1305,22,16
7588,1305,0,18
7589,1305,21,15
7590,1305,12,23
7591,1305,14,4
7592,1306,1,14
7593,1306,7,1
7594,1306,10,20
7595,1306,2,8
7596,1306,11,20
7597,1306,24,1
7598,1306,13,10
7599,1306,0,21
7600,1306,0,15
7601,1307,17,14
7602,1307,24,2
7603,1307,5,13
7604,1307,17,2
7605,1307,15,24
7606,1307,5,15
7607,1307,1,23
7608,1307,8,12
7609,1308,0,2
7610,1308,0,14
7611,1308,9,2
7612,1308,13,16
7613,1309,0,20
7614,1309,19,17
7615,1309,5,3
7616,1309,16,9
7617,1309,13,9
7618,1309,10,3
7619,1310,11,4
7620,1310,11,8
7621,1310,23,6
7622,1310,13,6
7623,1310,4,14
7624,1311,14,17
7625,1311,6,20
7626,1311,20,8
7627,1311,13,17
7628,1311,13,17
7629,1311,8,1
7630,1312,18,11
7631,1312,16,8
7632,1312,2,8
7633,1312,16,1
7634,1312,6,9
7635,1312,18,21
7636,1312,14,0
7637,1313,14,4
7638,1313,15,11
7639,1313,24,17
7640,1313,22,1
7641,1313,15,1
7642,1314,19,13
7643,1314,2,24
7644,1314,9,19
7645,1315,24,16
7646,1315,21,23
7647,1315,24,16
7648,1315,10,2
7649,1315,0,7
7650,1315,21,8
7651,1315,21,2
7652,1315,6,20
7653,1316,16,20
7654,1316,1,12
7655,1316,1,8
7656,1317,1,16
7657,1317,4,19
7658,1317,9,18
7659,1317,2,9
7660,1317,23,13
7661,1318,14,15
7662,1318,20,14
7663,1318,1,7
7664,1319,8,0
7665,1319,10,17
7666,1319,18,4
7667,1319,1,3
7668,1319,13,5
7669,1319,2,24
7670,1319,17,14
7671,1320,14,6
7672,1321,12,22
7673,1321,15,9
7674,1321,7,13
7675,1321,18,10
7676,1321,9,13
7677,1322,2,20
7678,1322,14,8
7679,1322,3,1
7680,1322,24,10
7681,1322,23,8
7682,1322,20,6
7683,1322,2,10
7684,1322,24,18
7685,1322,11,17
7686,1323,4,21
7687,1323,4,20
7688,1323,5,7
7689,1323,8,5
7690,1323,1,5
7691,1323,21,10
7692,1323,10,24
7693,1323,0,12
7694,1323,14,5
7695,1323,5,17
7696,1324,2,10
7697,1324,24,18
7698,1324,10,8
7699,1324,2,10
7700,1324,13,2
7701,1324,11,13
7702,1324,12,10
7703,1324,6,2
7704,1324,6,13
7705,1325,23,4
7706,1325,9,17
7707,1325,8,24
7708,1325,23,19
7709,1325,22,5
7710,1325,2,4
7711,1325,2,0
7712,1325,19,10
7713,1325,13,6
7714,1325,10,4
7715,1325,10,18
7716,1326,16,24
7717,1326,7,5
7718,1326,21,1
7719,1326,5,15
7720,1326,10,13
7721,1326,9,7
7722,1326,16,12
7723,1327,2,13
7724,1327,2,0
7725,1327,19,12
7726,1328,0,22
7727,1328,12,24
7728,1328,14,11
7729,1328,19,13
7730,1328,19,23
7731,1328,3,10
7732,1328,17,7
7733,1328,17,2
7734,1328,11,1
7735,1328,15,21
7736,1328,2,21
7737,1328,19,1
7738,1329,19,17
7739,1329,6,15
7740,1329,22,18
7741,1330,9,11
7742,1330,3,12
7743,1330,13,16
7744,1330,5,21
7745,1330,0,22
7746,1330,17,21
7747,1330,24,22
7748,1331,22,16
7749,1331,19,8
7750,1331,14,20
7751,1331,21,12
7752,1331,9,10
7753,1331,24,6
7754,1331,12,8
7755,1331,17,1
7756,1332,15,19
7757,1332,11,19
7758,1332,22,14
7759,1332,3,10
7760,1332,6,9
7761,1333,21,10
7762,1333,17,1
7763,1333,21,12
7764,1333,11,1
7765,1333,14,11
7766,1333,15,8
7767,1334,17,23
7768,1334,8,0
7769,1334,4,2
7770,1334,4,18
7771,1334,5,15
7772,1334,9,11
7773,1335,10,22
7774,1335,20,2
7775,1335,21,12
7776,1335,6,4
7777,1335,7,15
7778,1335,21,5
7779,1336,16,18
7780,1336,19,10
7781,1336,10,13
7782,1336,12,14
7783,1336,23,5
7784,1337,5,19
7785,1337,10,1
7786,1337,14,10
7787,1338,23,15
7788,1338,16,10
7789,1338,8,2
7790,1338,19,15
7791,1338,1,23
7792,1339,21,8
7793,1339,11,5
7794,1339,1,20
7795,1339,1,23
7796,1340,1,5
7797,1340,21,3
7798,1340,17,2
7799,1340,1,16
7800,1340,8,2
7801,1340,22,20
7802,1341,22,10
7803,1341,17,11
7804,1341,19,4
7805,1341,13,0
7806,1341,1,18
7807,1341,22,24
7808,1341,23,2
7809,1342,17,10
7810,1342,4,1
7811,1342,1,22
7812,1343,22,24
7813,1343,11,19
7814,1343,2,23
7815,1343,7,21
7816,1343,19,6
7817,1343,14,12
7818,1344,6,3
7819,1344,11,7
7820,1344,1,23
7821,1345,17,7
7822,1345,23,3
7823,1345,10,22
7824,1345,20,1
7825,1345,12,6
7826,1345,4,17
7827,1345,21,11
7828,1345,16,13
7829,1345,14,1
7830,1346,22,9
7831,1346,7,16
7832,1346,14,15
7833,1346,14,21
7834,1347,20,4
7835,1347,8,11
7836,1347,6,23
7837,1347,17,20
7838,1347,11,22
7839,1347,24,11
7840,1348,16,10
7841,1348,13,16
7842,1348,2,14
7843,1348,4,0
7844,1348,21,2
7845,1349,4,21
7846,1349,24,22
7847,1349,22,0
7848,1349,16,4
7849,1349,0,24
7850,1349,16,5
7851,1349,16,1
7852,1349,16,6
7853,1349,2,11
7854,1349,21,13
7855,1349,18,2
7856,1350,2,20
7857,1350,0,12
7858,1350,12,15
7859,1350,16,18
7860,1350,12,18
7861,1351,12,1
7862,1351,15,11
7863,1351,16,10
7864,1351,5,23
7865,1351,4,0
7866,1351,21,14
7867,1351,22,0
7868,1351,20,12
7869,1352,7,3
7870,1352,9,10
7871,1352,12,23
7872,1352,24,14
7873,1353,9,18
7874,1353,10,17
7875,1354,11,13
7876,1354,7,3
7877,1354,0,7
7878,1354,19,23
7879,1354,21,2
7880,1354,5,16
7881,1354,24,21
7882,1354,8,20
7883,1354,15,19
7884,1355,9,24
7885,1355,5,11
7886,1355,4,12
7887,1355,12,2
7888,1355,16,2
7889,1356,9,1
7890,1356,14,24
7891,1356,20,12
7892,1357,2,8
7893,1357,6,14
7894,1357,15,17
7895,1357,8,15
7896,1357,15,0
7897,1357,19,3
7898,1357,9,22
7899,1358,24,4
7900,1358,4,7
7901,1358,0,20
7902,1358,7,1
7903,1358,17,20
7904,1358,15,0
7905,1359,19,10
7906,1359,20,19
7907,1359,10,0
7908,1360,10,4
7909,1360,20,18
7910,1360,22,3
7911,1360,3,21
7912,1360,13,11
7913,1361,12,20
7914,1361,3,11
7915,1361,6,16
7916,1361,4,24
7917,1361,20,6
7918,1361,9,13
7919,1361,16,5
7920,1361,19,2
7921,1362,3,5
7922,1362,0,4
7923,1362,0,16
7924,1362,0,4
7925,1362,18,15
7926,1362,21,12
7927,1362,21,14
7928,1363,7,23
7929,1363,11,13
7930,1363,20,3
7931,1363,15,7
7932,1363,24,17
7933,1364,6,15
7934,1364,6,16
7935,1364,10,9
7936,1365,20,9
7937,1365,9,21
7938,1365,12,20
7939,1365,10,24
7940,1365,1,22
7941,1366,7,21
7942,1366,5,3
7943,1366,7,11
7944,1367,24,16
7945,1367,2,17
7946,1367,6,15
7947,1367,6,22
7948,1367,7,14
7949,1367,22,13
7950,1367,15,3
7951,1368,11,19
7952,1369,14,4
7953,1369,11,5
7954,1369,6,12
7955,1369,0,15
7956,1369,10,0
7957,1369,12,5
7958,1370,21,23
7959,1370,22,12
7960,1370,14,10
7961,1370,7,0
7962,1370,21,19
7963,1371,13,2
7964,1371,7,24
7965,1371,16,23
7966,1371,3,14
7967,1371,8,16
7968,1371,16,13
7969,1371,23,16
7970,1371,8,2
7971,1372,8,20
7972,1372,16,13
7973,1372,23,9
7974,1372,12,10
7975,1372,17,19
7976,1372,18,0
7977,1373,5,22
7978,1373,4,24
7979,1373,5,7
7980,1373,22,18
7981,1374,16,7
7982,1374,20,8
7983,1374,11,5
7984,1374,17,20
7985,1374,3,16
7986,1375,4,1
7987,1375,20,2
7988,1375,10,14
7989,1375,1,8
7990,1375,4,15
7991,1375,2,20
7992,1375,13,5
7993,1376,17,6
7994,1376,24,18
7995,1377,1,10
7996,1377,18,2
7997,1377,10,20
7998,1377,18,24
7999,1377,6,8
8000,1377,0,15
8001,1378,11,0
8002,1378,4,10
8003,1378,11,21
8004,1378,18,7
8005,1378,4,11
8006,1379,0,9
8007,1379,2,19
8008,1379,4,2
8009,1379,13,0
8010,1379,23,9
8011,1379,2,22
8012,1379,4,18
8013,1379,12,3
8014,1379,18,6
8015,1380,23,21
8016,1380,3,24
8017,1380,19,20
8018,1381,10,4
8019,1381,9,6
8020,1382,22,13
8021,1382,13,17
8022,1382,17,0
8023,1382,6,18
8024,1383,0,11
8025,1383,21,14
8026,1383,3,9
8027,1383,3,16
8028,1384,13,1
8029,1384,5,9
8030,1384,11,2
8031,1384,0,8
8032,1384,20,6
8033,1384,16,24
8034,1384,6,22
8035,1384,18,0
8036,1384,10,1
8037,1384,21,11
8038,1385,6,16
8039,1385,6,22
8040,1385,18,2
8041,1385,21,5
8042,1386,12,4
8043,1386,18,15
8044,1386,2,15
8045,1386,19,2
8046,1386,11,14
8047,1387,15,2
8048,1387,13,24
8049,1387,24,16
8050,1387,20,7
8051,1387,10,20
8052,1388,17,0
8053,1388,7,21
8054,1388,21,23
8055,1388,5,1
8056,1389,20,11
8057,1389,21,5
8058,1389,10,9
8059,1389,11,17
8060,1389,3,5
8061,1389,15,1
8062,1389,8,10
8063,1389,1,3
8064,1390,2,15
8065,1390,15,9
8066,1390,15,13
8067,1390,24,7
8068,1390,13,24
8069,1390,15,24
8070,1390,22,0
8071,1390,7,19
8072,1390,18,0
8073,1390,20,24
8074,1391,21,0
8075,1391,13,1
8076,1391,10,3
8077,1391,11,24
8078,1391,15,3
8079,1391,11,0
8080,1392,2,5
8081,1392,19,12
8082,1392,1,11
8083,1392,17,7
8084,1392,1,21
8085,1392,20,7
8086,1392,0,23
8087,1393,4,12
8088,1393,7,3
8089,1393,3,16
8090,1393,14,1
8091,1393,7,10
8092,1393,7,10
8093,1393,1,12
8094,1393,20,1
8095,1393,20,17
8096,1393,9,6
8097,1394,8,1
8098,1394,16,10
8099,1394,11,8
8100,1394,12,8
8101,1394,23,12
8102,1394,20,6
8103,1394,1,12
8104,1394,19,1
8105,1395,9,12
8106,1395,19,21
8107,1396,24,13
8108,1396,15,23
8109,1396,17,11
8110,1396,8,1
8111,1396,15,7
8112,1396,17,20
8113,1396,22,2
8114,1396,17,2
8115,1396,18,24
8116,1396,9,13
8117,1396,19,20
8118,1397,2,4
8119,1397,5,13
8120,1397,24,6
8121,1398,16,20
8122,1398,17,11
8123,1398,16,23
8124,1398,21,6
8125,1398,20,8
8126,1398,22,14
8127,1398,23,3
8128,1399,10,21
8129,1399,7,11
8130,1399,12,14
8131,1399,24,8
8132,1399,12,1
8133,1399,1,13
8134,1400,21,18
8135,1400,4,23
8136,1400,20,14
8137,1400,18,14
8138,1400,9,1
8139,1401,17,14
8140,1401,5,8
8141,1401,0,6
8142,1401,8,10
8143,1402,8,16
8144,1402,20,24
8145,1402,0,21
8146,1402,17,24
8147,1402,1,7
8148,1403,22,19
8149,1403,7,19
8150,1403,18,21
8151,1403,11,18
8152,1403,10,23
8153,1403,14,23
8154,1403,13,16
8155,1403,2,24
8156,1404,22,1
8157,1404,6,18
8158,1404,20,5
8159,1405,4,21
8160,1405,14,18
8161,1405,4,5
8162,1405,8,17
8163,1405,10,24
8164,1405,22,3
8165,1405,19,3
8166,1405,15,0
8167,1406,6,24
8168,1406,22,14
8169,1406,5,11
8170,1406,19,23
8171,1406,5,12
8172,1407,22,13
8173,1407,21,11
8174,1407,11,9
8175,1407,21,23
8176,1407,19,10
8177,1407,0,13
8178,1407,3,19
8179,1407,19,3
8180,1408,7,19
8181,1408,2,6
8182,1408,1,20
8183,1408,1,23
8184,1408,2,4
8185,1408,22,16
8186,1408,4,16
8187,1408,0,15
8188,1408,16,0
8189,1408,2,20
8190,1408,19,4
8191,1408,0,4
8192,1409,0,11
8193,1409,23,20
8194,1409,22,1
8195,1409,17,10
8196,1409,22,1
8197,1409,19,16
8198,1409,5,14
8199,1409,22,12
8200,1409,7,5
8201,1410,16,22
8202,1410,9,10
8203,1410,0,17
8204,1410,8,20
8205,1410,12,23
8206,1410,19,13
8207,1410,9,1
8208,1410,6,22
8209,1410,22,18
8210,1410,14,18
8211,1411,3,15
8212,1411,24,9
8213,1411,23,6
8214,1411,18,16
8215,1411,16,12
8216,1411,19,21
8217,1411,10,1
8218,1412,2,16
8219,1412,1,11
8220,1412,3,23
8221,1412,14,23
8222,1412,2,6
8223,1412,16,13
8224,1412,21,11
8225,1412,22,9
8226,1412,6,14
8227,1412,5,8
8228,1413,9,13
8229,1413,17,7
8230,1413,10,4
8231,1413,14,24
8232,1413,5,13
8233,1413,19,23
8234,1414,5,17
8235,1414,16,9
8236,1414,6,24
8237,1414,5,4
8238,1414,8,14
8239,1414,15,8
8240,1414,13,19
8241,1414,14,22
8242,1414,20,2
8243,1415,22,1
8244,1415,10,22
8245,1415,11,9
8246,1415,24,2
8247,1416,10,17
8248,1416,24,5
8249,1416,17,24
8250,1416,13,2
8251,1416,20,10
8252,1417,15,18
8253,1417,23,5
8254,1417,16,9
8255,1417,3,6
8256,1417,20,18
8257,1418,24,17
8258,1418,1,8
8259,1418,14,23
8260,1418,17,9
8261,1418,22,12
8262,1418,16,9
8263,1419,22,11
8264,1419,1,14
8265,1419,8,0
8266,1419,24,15
8267,1420,5,11
8268,1420,0,24
8269,1420,21,0
8270,1420,13,9
8271,1421,20,24
8272,1421,11,18
8273,1421,2,16
8274,1421,7,23
8275,1421,18,8
8276,1421,2,14
8277,1421,10,7
8278,1421,11,17
8279,1421,14,22
8280,1421,17,6
8281,1422,22,13
8282,1422,10,20
8283,1422,6,20
8284,1422,0,10
8285,1422,12,1
8286,1422,2,24
8287,1422,17,20
8288,1422,23,7
8289,1423,15,11
8290,1423,0,21
8291,1424,0,16
8292,1424,11,7
8293,1424,1,3
8294,1425,21,10
8295,1425,1,17
8296,1425,19,16
8297,1425,1,24
8298,1425,9,6
8299,1425,13,5
8300,1425,11,7
8301,1425,16,12
8302,1425,18,8
8303,1425,22,12
8304,1426,24,3
8305,1426,10,16
8306,1426,18,8
8307,1426,8,6
8308,1426,3,6
8309,1426,3,20
8310,1427,24,1
8311,1427,11,17
8312,1427,15,0
8313,1427,0,6
8314,1427,17,3
8315,1428,1,14
8316,1428,2,17
8317,1428,21,13
8318,1429,15,0
8319,1429,0,6
8320,1429,10,18
8321,1429,17,20
8322,1429,10,8
8323,1429,16,4
8324,1430,6,16
8325,1430,17,11
8326,1430,15,6
8327,1430,7,3
8328,1430,14,12
8329,1430,13,10
8330,1431,21,1
8331,1431,4,7
8332,1431,23,12
8333,1431,10,17
8334,1431,13,23
8335,1431,16,7
8336,1432,23,7
8337,1432,22,14
8338,1432,18,10
8339,1432,20,10
8340,1432,0,13
8341,1432,16,12
8342,1433,4,13
8343,1433,17,9
8344,1433,13,7
8345,1433,3,19
8346,1433,0,18
8347,1433,20,11
8348,1434,9,23
8349,1434,21,19
8350,1434,1,11
8351,1434,1,9
8352,1435,4,7
8353,1435,19,8
8354,1435,15,9
8355,1436,20,23
8356,1436,14,16
8357,1436,24,12
8358,1436,18,14
8359,1436,24,16
8360,1436,24,10
8361,1436,3,22
8362,1437,21,18
8363,1437,6,14
8364,1437,11,19
8365,1437,2,17
8366,1437,17,7
8367,1437,1,3
8368,1437,17,13
8369,1438,21,1
8370,1438,23,6
8371,1438,5,17
8372,1439,7,3
8373,1439,0,8
8374,1439,16,3
8375,1439,6,24
8376,1439,16,22
8377,1439,10,23
8378,1439,20,19
8379,1440,18,6
8380,1440,12,3
8381,1440,21,14
8382,1440,5,1
8383,1440,17,8
8384,1440,6,20
8385,1440,6,16
8386,1440,3,10
8387,1441,16,8
8388,1441,10,6
8389,1441,13,10
8390,1441,4,21
8391,1441,4,8
8392,1441,15,7
8393,1441,14,4
8394,1441,15,13
8395,1442,23,3
8396,1442,7,4
8397,1442,11,3
8398,1442,15,11
8399,1443,14,22
8400,1443,1,10
8401,1443,2,15
8402,1443,9,17
8403,1443,11,23
8404,1443,8,4
8405,1443,3,9
8406,1443,20,0
8407,1444,1,14
8408,1444,20,6
8409,1444,15,4
8410,1445,9,11
8411,1445,22,3
8412,1445,19,17
8413,1445,18,5
8414,1445,3,5
8415,1445,22,24
8416,1446,11,4
8417,1446,5,1
8418,1446,10,6
8419,1446,21,4
8420,1446,10,7
8421,1446,22,0
8422,1446,11,17
8423,1447,16,8
8424,1447,4,24
8425,1447,2,22
8426,1447,20,3
8427,1447,19,10
8428,1448,19,23
8429,1448,23,1
8430,1448,3,19
8431,1448,5,19
8432,1448,18,16
8433,1448,3,24
8434,1448,9,0
8435,1449,22,0
8436,1449,6,3
8437,1449,12,19
8438,1449,13,7
8439,1449,13,17
8440,1449,9,17
8441,1450,16,9
8442,1450,22,5
8443,1450,6,14
8444,1450,12,2
8445,1450,23,4
8446,1450,5,11
8447,1450,12,22
8448,1450,22,24
8449,1450,14,15
8450,1450,4,0
8451,1450,16,6
8452,1450,22,10
8453,1450,22,18
8454,1451,12,15
8455,1451,18,20
8456,1452,15,22
8457,1452,16,13
8458,1452,23,13
8459,1452,11,2
8460,1452,11,1
8461,1452,7,15
8462,1453,20,24
8463,1453,23,7
8464,1453,22,16
8465,1453,1,9
8466,1453,6,20
8467,1453,1,12
8468,1454,15,13
8469,1454,16,22
8470,1454,19,0
8471,1454,19,23
8472,1454,16,24
8473,1454,2,4
8474,1454,24,9
8475,1455,23,13
8476,1455,24,16
8477,1455,2,9
8478,1455,11,1
8479,1455,23,16
8480,1455,8,23
8481,1455,5,24
8482,1455,7,17
8483,1455,15,0
8484,1456,1,9
8485,1456,8,6
8486,1456,16,12
8487,1456,9,18
8488,1456,23,4
8489,1456,4,16
8490,1456,5,9
8491,1456,12,4
8492,1456,7,1
8493,1457,3,10
8494,1457,1,13
8495,1457,6,18
8496,1458,13,17
8497,1458,24,13
8498,1458,20,6
8499,1458,22,20
8500,1459,1,5
8501,1459,3,21
8502,1459,19,3
8503,1459,10,14
8504,1459,22,24
8505,1459,22,2
8506,1459,14,10
8507,1459,5,2
8508,1460,7,9
8509,1460,5,21
8510,1460,21,15
8511,1460,16,6
8512,1460,1,22
8513,1460,3,19
8514,1460,12,1
8515,1460,21,11
8516,1461,21,7
8517,1461,17,11
8518,1461,6,14
8519,1461,5,24
8520,1462,19,7
8521,1462,8,1
8522,1462,23,3
8523,1462,19,17
8524,1462,5,7
8525,1463,0,7
8526,1463,0,20
8527,1463,24,15
8528,1463,4,17
8529,1463,1,16
8530,1464,9,23
8531,1464,24,10
8532,1464,9,12
8533,1464,4,15
8534,1464,22,14
8535,1465,9,20
8536,1465,19,1
8537,1465,1,5
8538,1465,6,24
8539,1465,2,8
8540,1465,18,11
8541,1465,18,12
8542,1465,15,2
8543,1466,1,16
8544,1466,5,7
8545,1466,12,15
8546,1466,21,7
8547,1466,23,9
8548,1467,0,22
8549,1467,19,0
8550,1467,19,8
8551,1467,7,14
8552,1468,7,22
8553,1468,1,20
8554,1468,9,3
8555,1468,3,22
8556,1468,3,16
8557,1468,14,4
8558,1468,8,11
8559,1469,4,16
8560,1469,11,21
8561,1469,12,3
8562,1469,6,3
8563,1469,20,10
8564,1469,24,11
8565,1469,8,18
8566,1469,4,10
8567,1469,5,21
8568,1469,21,15
8569,1470,19,22
8570,1470,16,7
8571,1470,17,11
8572,1470,0,14
8573,1470,18,24
8574,1470,19,4
8575,1470,17,24
8576,1471,1,8
8577,1471,0,2
8578,1471,14,3
8579,1471,11,4
8580,1472,2,8
8581,1472,11,2
8582,1472,14,12
8583,1472,21,2
8584,1472,10,6
8585,1472,24,3
8586,1472,13,17
8587,1473,13,21
8588,1473,9,6
8589,1473,23,16
8590,1473,15,21
8591,1473,21,10
8592,1473,2,20
8593,1473,6,4
8594,1474,23,14
8595,1474,24,11
8596,1474,10,6
8597,1474,22,4
8598,1474,24,10
8599,1474,20,12
8600,1475,12,9
8601,1475,12,15
8602,1475,7,4
8603,1475,22,12
8604,1475,24,21
8605,1475,6,20
8606,1475,6,17
8607,1476,22,14
8608,1476,4,10
8609,1476,24,22
8610,1476,14,16
8611,1477,1,22
8612,1477,21,12
8613,1477,0,11
8614,1477,15,13
8615,1478,17,8
8616,1478,15,0
8617,1478,22,1
8618,1478,6,16
8619,1478,18,9
8620,1478,6,16
8621,1478,2,23
8622,1478,15,6
8623,1478,20,3
8624,1478,12,5
8625,1479,13,16
8626,1479,20,3
8627,1479,24,6
8628,1479,23,12
8629,1479,13,9
8630,1479,21,11
8631,1479,9,10
8632,1479,16,9
8633,1479,2,5
8634,1480,10,12
8635,1480,7,5
8636,1480,11,3
8637,1481,13,7
8638,1481,16,20
8639,1481,8,10
8640,1481,19,10
8641,1481,24,15
8642,1481,3,24
8643,1482,24,17
8644,1482,5,7
8645,1483,0,23
8646,1483,22,0
8647,1483,7,19
8648,1484,4,5
8649,1484,15,3
8650,1484,16,4
8651,1485,6,0
8652,1485,9,19
8653,1485,4,20
8654,1486,4,10
8655,1486,5,21
8656,1486,3,18
8657,1486,5,7
8658,1486,17,4
8659,1486,0,10
8660,1487,21,19
8661,1487,23,6
8662,1487,17,23
8663,1487,14,24
8664,1487,3,5
8665,1488,24,12
8666,1488,20,6
8667,1488,6,0
8668,1488,11,24
8669,1488,4,15
8670,1488,1,17
8671,1488,6,3
8672,1489,15,23
8673,1489,19,6
8674,1489,24,3
8675,1490,3,7
8676,1490,14,7
8677,1490,23,8
8678,1490,21,4
8679,1490,17,4
8680,1490,21,24
8681,1491,23,21
8682,1491,14,7
8683,1491,19,15
8684,1491,22,9
8685,1491,20,2
8686,1491,1,21
8687,1491,3,7
8688,1492,20,17
8689,1492,17,7
8690,1492,8,11
8691,1492,20,7
8692,1492,19,9
8693,1492,8,5
8694,1493,23,7
8695,1493,20,8
8696,1493,14,2
8697,1493,0,8
8698,1493,20,22
8699,1493,9,11
8700,1494,13,24
8701,1494,1,8
8702,1494,1,23
8703,1494,10,3
8704,1494,4,0
8705,1495,12,9
8706,1495,3,7
8707,1495,18,3
8708,1496,20,13
8709,1496,9,11
8710,1496,21,23
8711,1496,9,6
8712,1497,22,24
8713,1497,11,3
8714,1497,21,2
8715,1497,16,23
8716,1497,2,19
8717,1498,23,3
8718,1498,2,8
8719,1498,7,24
8720,1498,3,22
8721,1498,1,12
8722,1498,1,18
8723,1498,19,20
8724,1499,9,6
8725,1499,4,21
8726,1499,6,17
8727,1499,12,18
8728,1499,3,13
8729,1500,1,11
8730,1500,9,5
8731,1500,23,15
8732,1501,14,23
8733,1501,11,2
8734,1501,5,14
8735,1501,19,17
8736,1501,2,21
8737,1501,22,16
8738,1501,7,3
8739,1502,23,5
8740,1502,11,23
8741,1502,20,8
8742,1502,5,15
8743,1502,8,1
8744,1502,5,22
8745,1502,8,4
8746,1502,13,11
8747,1503,23,11
8748,1503,11,18
8749,1503,18,9
8750,1503,5,12
8751,1504,15,8
8752,1504,19,16
8753,1505,15,13
8754,1505,19,2
8755,1505,7,11
8756,1505,10,20
8757,1505,0,19
8758,1505,3,9
8759,1505,1,11
8760,1506,3,15
8761,1507,9,11
8762,1507,22,1
8763,1507,17,10
8764,1507,24,22
8765,1507,17,8
8766,1507,8,11
8767,1508,0,8
8768,1508,0,3
8769,1508,19,8
8770,1508,2,24
8771,1509,11,15
8772,1509,0,23
8773,1509,4,5
8774,1509,1,21
8775,1509,17,1
8776,1509,16,13
8777,1509,8,6
8778,1510,16,3
8779,1510,10,22
8780,1510,3,19
8781,1510,22,20
8782,1510,7,15
8783,1510,6,14
8784,1510,23,20
8785,1510,3,17
8786,1511,23,13
8787,1511,9,23
8788,1511,21,17
8789,1511,13,10
8790,1511,11,0
8791,1511,0,13
8792,1512,9,22
8793,1512,13,20
8794,1512,10,23
8795,1512,24,5
8796,1512,11,18
8797,1512,3,22
8798,1513,23,6
8799,1513,1,17
8800,1513,11,24
8801,1514,24,1
8802,1514,4,10
8803,1514,17,6
8804,1514,16,3
8805,1514,0,4
8806,1514,21,15
8807,1514,21,8
8808,1515,22,2
8809,1515,3,10
8810,1515,3,7
8811,1515,6,17
8812,1515,7,20
8813,1515,11,9
8814,1515,2,11
8815,1515,22,2
8816,1515,22,19
8817,1515,0,9
8818,1515,9,1
8819,1516,11,21
8820,1516,18,12
8821,1516,1,7
8822,1516,13,5
8823,1516,5,2
8824,1516,1,23
8825,1517,0,11
8826,1517,21,9
8827,1517,8,12
8828,1517,2,24
8829,1517,8,18
8830,1517,14,24
8831,1517,18,14
8832,1517,23,5
8833,1517,20,3
8834,1518,1,7
8835,1518,18,10
8836,1518,16,23
8837,1519,6,22
8838,1519,16,23
8839,1519,22,12
8840,1519,17,11
8841,1519,5,16
8842,1519,15,6
8843,1519,15,14
8844,1519,12,10
8845,1519,24,15
8846,1520,4,1
8847,1520,14,15
8848,1520,12,14
8849,1520,4,20
8850,1520,13,10
8851,1520,20,24
8852,1520,14,20
8853,1520,18,1
8854,1520,8,4
8855,1521,4,22
8856,1521,16,10
8857,1521,17,21
8858,1521,14,21
8859,1521,15,3
8860,1521,22,10
8861,1521,13,4
8862,1521,18,7
8863,1521,6,17
8864,1521,12,1
8865,1521,6,17
8866,1522,1,17
8867,1522,10,19
8868,1522,7,17
8869,1522,14,4
8870,1522,14,24
8871,1522,1,9
8872,1522,18,9
8873,1522,20,22
8874,1522,4,19
8875,1523,17,11
8876,1523,9,7
8877,1523,18,7
8878,1523,19,21
8879,1523,21,18
8880,1524,12,22
8881,1524,14,2
8882,1524,18,2
8883,1524,5,14
8884,1524,9,24
8885,1524,5,17
8886,1524,9,12
8887,1525,0,4
8888,1525,18,4
8889,1526,7,16
8890,1526,8,2
8891,1526,13,17
8892,1526,3,18
8893,1526,19,8
8894,1526,14,4
8895,1526,3,24
8896,1527,15,12
8897,1527,12,16
8898,1527,22,11
8899,1527,7,24
8900,1528,16,8
8901,1528,24,14
8902,1528,13,22
8903,1528,0,2
8904,1528,3,13
8905,1528,12,24
8906,1528,0,15
8907,1529,8,15
8908,1529,17,5
8909,1529,12,3
8910,1529,4,17
8911,1529,5,15
8912,1529,5,14
8913,1529,17,1
8914,1529,3,23
8915,1529,6,22
8916,1530,21,8
8917,1530,22,24
8918,1530,14,1
8919,1530,3,11
8920,1530,20,11
8921,1530,0,18
8922,1531,24,21
8923,1531,4,1
8924,1531,23,15
8925,1531,12,9
8926,1531,20,11
8927,1531,7,9
8928,1532,20,24
8929,1532,0,20
8930,1532,18,6
8931,1532,4,0
8932,1532,6,24
8933,1532,16,12
8934,1532,6,19
8935,1533,13,1
8936,1533,22,7
8937,1533,12,24
8938,1533,15,7
8939,1534,2,15
8940,1534,17,3
8941,1534,7,20
8942,1534,14,15
8943,1534,10,2
8944,1534,0,23
8945,1534,8,4
8946,1534,3,24
8947,1535,18,24
8948,1535,23,16
8949,1535,17,9
8950,1535,7,10
8951,1535,11,9
8952,1535,12,10
8953,1536,6,15
8954,1536,1,3
8955,1536,14,17
8956,1536,1,9
8957,1536,16,23
8958,1536,22,1
8959,1537,0,6
8960,1537,11,5
8961,1537,0,7
8962,1537,5,1
8963,1537,19,23
8964,1537,22,12
8965,1537,14,3
8966,1537,18,21
8967,1537,15,8
8968,1538,2,14
8969,1538,7,14
8970,1538,0,12
8971,1538,23,6
8972,1539,19,5
8973,1539,0,10
8974,1539,2,9
8975,1539,13,11
8976,1540,0,12
8977,1540,24,11
8978,1540,16,24
8979,1540,21,19
8980,1541,23,9
8981,1541,18,12
8982,1541,14,2
8983,1541,24,10
8984,1541,22,18
8985,1542,2,22
8986,1542,16,22
8987,1542,11,4
8988,1542,5,3
8989,1543,3,11
8990,1543,21,14
8991,1543,24,6
8992,1543,8,12
8993,1544,0,21
8994,1544,8,17
8995,1544,0,18
8996,1544,15,19
8997,1544,11,19
8998,1544,2,23
8999,1544,10,19
9000,1544,15,11
9001,1544,3,6
9002,1545,24,16
9003,1545,2,23
9004,1545,4,21
9005,1545,11,13
9006,1546,9,22
9007,1546,17,20
9008,1546,3,12
9009,1546,20,8
9010,1547,18,12
9011,1547,24,3
9012,1547,23,16
9013,1547,19,4
9014,1547,3,11
9015,1547,20,1
9016,1547,11,14
9017,1548,18,22
9018,1548,15,12
9019,1548,1,22
9020,1549,0,19
9021,1549,20,22
9022,1549,24,7
9023,1549,20,12
9024,1549,14,18
9025,1550,9,24
9026,1550,4,10
9027,1550,0,3
9028,1550,13,3
9029,1551,11,7
9030,1551,10,9
9031,1551,0,15
9032,1551,17,11
9033,1552,15,4
9034,1552,14,4
9035,1552,24,14
9036,1552,23,10
9037,1552,13,1
9038,1552,17,21
9039,1552,1,21
9040,1553,2,23
9041,1553,9,15
9042,1553,13,1
9043,1553,24,1
9044,1553,21,24
9045,1553,5,13
9046,1554,10,14
9047,1554,1,3
9048,1554,20,24
9049,1554,0,7
9050,1554,9,22
9051,1555,19,4
9052,1555,1,13
9053,1555,23,0
9054,1555,12,3
9055,1555,18,9
9056,1555,7,20
9057,1556,20,1
9058,1556,23,20
9059,1556,23,0
9060,1556,17,23
9061,1556,22,1
9062,1556,21,8
9063,1557,0,11
9064,1557,2,18
9065,1557,9,7
9066,1557,10,19
9067,1557,0,12
9068,1557,23,9
9069,1558,20,4
9070,1558,19,7
9071,1558,10,13
9072,1558,9,23
9073,1558,10,7
9074,1558,21,0
9075,1558,21,17
9076,1558,15,11
9077,1559,5,4
9078,1559,3,13
9079,1559,23,21
9080,1559,5,1
9081,1559,18,21
9082,1559,20,3
9083,1559,11,9
9084,1559,16,2
9085,1560,9,20
9086,1560,16,1
9087,1560,5,15
9088,1560,6,20
9089,1560,9,0
9090,1561,17,20
9091,1561,20,12
9092,1561,14,4
9093,1561,17,24
9094,1561,1,12
9095,1562,14,10
9096,1562,23,1
9097,1562,8,17
9098,1562,22,7
9099,1562,10,21
9100,1562,23,5
9101,1563,20,3
9102,1563,20,11
9103,1563,0,16
9104,1563,24,16
9105,1564,18,0
9106,1564,21,13
9107,1564,13,15
9108,1564,0,16
9109,1564,9,5
9110,1564,1,21
9111,1565,10,4
9112,1565,8,15
9113,1565,15,24
9114,1565,1,12
9115,1565,1,3
9116,1565,1,23
9117,1566,14,10
9118,1567,16,0
9119,1567,23,13
9120,1567,11,22
9121,1567,9,23
9122,1567,20,14
9123,1567,19,1
9124,1568,13,21
9125,1568,9,17
9126,1568,2,16
9127,1568,23,6
9128,1568,13,4
9129,1568,11,2
9130,1569,17,1
9131,1569,3,20
9132,1569,19,6
9133,1569,1,14
9134,1569,4,16
9135,1569,12,9
9136,1569,0,23
9137,1570,20,9
9138,1570,22,18
9139,1570,21,10
9140,1570,17,7
9141,1570,8,19
9142,1570,24,17
9143,1570,8,18
9144,1571,8,22
9145,1571,4,18
9146,1571,17,4
9147,1571,19,10
9148,1571,17,5
9149,1571,1,9
9150,1571,3,10
9151,1571,1,20
9152,1571,12,14
9153,1571,15,9
9154,1572,19,23
9155,1572,19,11
9156,1572,1,19
9157,1572,0,13
9158,1572,6,23
9159,1572,9,15
9160,1572,4,5
9161,1573,5,22
9162,1573,10,20
9163,1573,16,23
9164,1573,11,13
9165,1573,10,12
9166,1573,3,16
9167,1573,5,3
9168,1573,10,24
9169,1574,21,15
9170,1574,15,4
9171,1574,16,22
9172,1574,4,17
9173,1574,14,11
9174,1574,20,14
9175,1575,10,1
9176,1575,4,1
9177,1575,23,7
9178,1575,8,24
9179,1576,3,7
9180,1576,17,3
9181,1576,6,21
9182,1576,1,19
9183,1576,9,15
9184,1576,10,7
9185,1576,4,15
9186,1576,10,16
9187,1576,21,18
9188,1576,20,11
9189,1576,21,2
9190,1576,8,15
9191,1576,9,22
9192,1577,20,5
9193,1577,23,11
9194,1577,12,10
9195,1577,14,0
9196,1577,12,2
9197,1577,1,21
9198,1577,2,19
9199,1577,0,2
9200,1577,23,1
9201,1577,18,3
9202,1577,17,23
9203,1578,22,15
9204,1578,22,4
9205,1579,1,5
9206,1579,5,11
9207,1579,14,4
9208,1579,1,18
9209,1579,4,17
9210,1580,5,2
9211,1580,15,23
9212,1580,12,15
9213,1580,4,23
9214,1580,10,23
9215,1580,17,24
9216,1580,3,9
9217,1581,11,4
9218,1581,11,13
9219,1582,14,11
9220,1582,6,12
9221,1582,0,24
9222,1582,23,20
9223,1582,19,16
9224,1583,14,10
9225,1583,10,2
9226,1583,8,21
9227,1583,2,12
9228,1583,7,5
9229,1583,11,9
9230,1584,11,21
9231,1584,21,11
9232,1584,7,11
9233,1584,24,22
9234,1585,1,9
9235,1585,17,20
9236,1585,10,0
9237,1585,16,3
9238,1585,11,8
9239,1585,8,2
9240,1586,6,2
9241,1586,15,14
9242,1586,11,8
9243,1586,2,17
9244,1587,2,6
9245,1587,11,0
9246,1587,20,17
9247,1587,20,3
9248,1587,0,2
9249,1587,12,5
9250,1587,5,19
9251,1588,24,20
9252,1588,3,12
9253,1588,19,3
9254,1588,11,13
9255,1588,13,0
9256,1588,11,18
9257,1588,15,9
9258,1588,4,5
9259,1589,20,7
9260,1589,3,14
9261,1589,21,14
9262,1589,14,12
9263,1589,21,11
9264,1589,10,6
9265,1589,18,6
9266,1589,1,9
9267,1589,1,22
9268,1589,2,15
9269,1589,7,20
9270,1589,21,8
9271,1589,16,0
9272,1589,3,20
9273,1589,5,8
9274,1589,17,20
9275,1590,16,18
9276,1590,10,17
9277,1590,8,19
9278,1590,6,22
9279,1590,20,7
9280,1590,10,14
9281,1590,11,14
9282,1590,0,20
9283,1591,2,23
9284,1591,6,8
9285,1591,10,23
9286,1591,11,19
9287,1591,20,12
9288,1591,4,17
9289,1591,1,8
9290,1591,17,7
9291,1592,11,3
9292,1592,13,9
9293,1593,23,17
9294,1593,4,10
9295,1593,24,7
9296,1593,20,8
9297,1593,21,4
9298,1593,18,24
9299,1593,6,17
9300,1594,17,15
9301,1594,22,16
9302,1594,0,8
9303,1594,21,13
9304,1594,8,0
9305,1595,12,10
9306,1595,18,3
9307,1595,5,16
9308,1595,0,20
9309,1595,11,7
9310,1595,19,20
9311,1596,0,19
9312,1596,7,23
9313,1596,21,14
9314,1596,10,16
9315,1596,0,13
9316,1596,9,24
9317,1596,14,18
9318,1596,0,23
9319,1596,9,5
9320,1596,19,0
9321,1596,14,10
9322,1597,14,1
9323,1597,3,17
9324,1597,4,14
9325,1597,22,9
9326,1597,12,20
9327,1597,0,7
9328,1598,7,16
9329,1598,4,5
9330,1598,21,1
9331,1598,18,0
9332,1598,9,0
9333,1598,22,19
9334,1598,13,23
9335,1598,15,5
9336,1599,15,23
9337,1599,22,7
9338,1599,24,13
9339,1599,6,18
9340,1600,21,5
9341,1600,8,15
9342,1600,7,1
9343,1600,12,6
9344,1601,12,21
9345,1601,21,14
9346,1601,24,0
9347,1601,5,14
9348,1601,22,1
9349,1601,16,4
9350,1601,12,8
9351,1602,10,14
9352,1602,12,2
9353,1602,24,18
9354,1602,14,0
9355,1602,1,13
9356,1602,7,21
9357,1602,22,4
9358,1602,20,8
9359,1603,5,7
9360,1603,11,24
9361,1603,14,4
9362,1603,23,0
9363,1603,11,21
9364,1603,3,22
9365,1604,12,3
9366,1604,18,2
9367,1604,2,0
9368,1604,6,14
9369,1604,23,4
9370,1604,14,23
9371,1604,11,15
9372,1605,10,19
9373,1605,21,6
9374,1605,20,22
9375,1605,24,20
9376,1605,9,24
9377,1605,4,15
9378,1605,9,13
9379,1606,2,6
9380,1606,17,23
9381,1606,21,12
9382,1606,17,24
9383,1606,12,3
9384,1606,11,13
9385,1606,3,5
9386,1606,6,22
9387,1606,22,14
9388,1607,17,24
9389,1607,4,11
9390,1607,14,20
9391,1607,16,14
9392,1607,15,22
9393,1607,14,5
9394,1607,10,2
9395,1607,11,24
9396,1607,17,13
9397,1608,14,8
9398,1608,24,7
9399,1608,16,19
9400,1608,17,14
9401,1608,6,17
9402,1608,10,3
9403,1609,20,1
9404,1609,23,9
9405,1609,5,23
9406,1610,2,21
9407,1610,8,17
9408,1610,18,0
9409,1610,15,6
9410,1610,2,21
9411,1610,11,20
9412,1610,2,4
9413,1610,23,10
9414,1610,24,6
9415,1610,21,18
9416,1611,20,10
9417,1611,24,22
9418,1611,21,19
9419,1611,17,20
9420,1611,21,18
9421,1611,16,10
9422,1611,4,20
9423,1611,17,0
9424,1612,23,15
9425,1612,14,22
9426,1612,22,5
9427,1612,17,14
9428,1613,15,18
9429,1613,5,18
9430,1613,16,0
9431,1613,24,9
9432,1613,4,22
9433,1613,0,4
9434,1613,19,6
9435,1614,0,12
9436,1614,22,9
9437,1614,10,13
9438,1614,20,9
9439,1615,8,19
9440,1615,23,19
9441,1615,6,15
9442,1615,24,3
9443,1615,16,22
9444,1616,21,2
9445,1616,18,22
9446,1616,13,11
9447,1616,7,5
9448,1616,1,8
9449,1616,1,24
9450,1616,15,12
9451,1616,5,14
9452,1616,17,9
9453,1617,19,13
9454,1617,7,0
9455,1617,7,20
9456,1618,7,5
9457,1618,14,2
9458,1618,4,11
9459,1618,23,11
9460,1618,9,2
9461,1619,1,5
9462,1619,18,1
9463,1619,2,17
9464,1619,17,6
9465,1619,20,7
9466,1619,19,13
9467,1619,22,10
9468,1619,18,5
9469,1619,15,13
9470,1619,11,22
9471,1620,7,13
9472,1620,15,8
9473,1620,20,5
9474,1620,20,6
9475,1620,9,5
9476,1620,9,19
9477,1620,13,19
9478,1621,8,12
9479,1621,21,9
9480,1621,2,9
9481,1621,5,17
9482,1621,23,19
9483,1621,8,1
9484,1621,5,9
9485,1621,19,5
9486,1622,20,23
9487,1622,7,5
9488,1622,23,3
9489,1622,13,16
9490,1622,3,7
9491,1622,13,4
9492,1623,14,23
9493,1623,22,6
9494,1623,10,20
9495,1623,16,23
9496,1624,20,13
9497,1624,24,4
9498,1624,6,17
9499,1625,11,2
9500,1625,16,8
9501,1626,16,9
9502,1626,18,22
9503,1626,2,17
9504,1626,22,9
9505,1627,18,16
9506,1627,14,5
9507,1627,1,14
9508,1628,11,17
9509,1628,5,24
9510,1628,22,19
9511,1628,4,21
9512,1628,0,9
9513,1629,24,0
9514,1629,10,19
9515,1629,22,16
9516,1629,2,13
9517,1629,23,21
9518,1629,11,8
9519,1629,23,16
9520,1629,4,5
9521,1630,14,15
9522,1630,19,16
9523,1630,15,2
9524,1630,3,23
9525,1630,10,4
9526,1630,6,20
9527,1631,16,1
9528,1631,3,17
9529,1631,16,7
9530,1631,15,3
9531,1631,19,4
9532,1631,24,3
9533,1631,22,19
9534,1631,22,8
9535,1632,0,15
9536,1632,10,22
9537,1632,17,21
9538,1632,21,12
9539,1632,11,19
9540,1633,8,20
9541,1633,1,13
9542,1633,15,5
9543,1633,19,1
9544,1633,15,2
9545,1634,8,17
9546,1634,2,20
9547,1634,23,19
9548,1634,16,14
9549,1634,14,21
9550,1634,22,2
9551,1634,13,15
9552,1635,19,16
9553,1635,2,14
9554,1635,20,22
9555,1635,14,17
9556,1635,1,11
9557,1635,21,3
9558,1636,1,15
9559,1636,9,11
9560,1636,1,21
9561,1636,18,5
9562,1636,7,14
9563,1636,5,17
9564,1637,21,12
9565,1637,4,6
9566,1637,3,1
9567,1637,18,16
9568,1637,16,19
9569,1638,16,9
9570,1638,23,16
9571,1638,4,7
9572,1638,11,2
9573,1638,2,23
9574,1638,2,16
9575,1638,21,7
9576,1639,13,10
9577,1639,9,10
9578,1639,23,10
9579,1639,20,18
9580,1639,5,21
9581,1639,1,12
9582,1639,24,15
9583,1639,9,17
9584,1640,22,2
9585,1640,24,8
9586,1640,19,21
9587,1640,21,0
9588,1640,15,17
9589,1640,13,9
9590,1640,13,15
9591,1641,20,9
9592,1641,20,5
9593,1641,6,24
9594,1641,14,4
9595,1641,13,1
9596,1641,24,1
9597,1641,3,0
9598,1641,4,18
9599,1642,17,0
9600,1642,15,5
9601,1642,2,0
9602,1642,3,13
9603,1642,0,14
9604,1642,0,13
9605,1642,9,0
9606,1643,18,7
9607,1643,1,17
9608,1643,4,24
9609,1643,15,21
9610,1643,6,3
9611,1644,18,6
9612,1644,18,8
9613,1644,21,7
9614,1644,5,11
9615,1644,14,20
9616,1644,22,9
9617,1644,12,4
9618,1645,5,3
9619,1645,6,23
9620,1645,19,12
9621,1645,9,7
9622,1645,0,16
9623,1645,0,7
9624,1646,5,20
9625,1646,19,9
9626,1646,2,11
9627,1647,8,4
9628,1647,10,21
9629,1647,13,21
9630,1647,23,12
9631,1647,5,20
9632,1647,20,1
9633,1647,18,20
9634,1647,15,0
9635,1647,4,23
9636,1647,21,10
9637,1647,10,6
9638,1647,14,21
9639,1647,1,12
9640,1648,6,13
9641,1648,23,20
9642,1648,15,8
9643,1648,1,17
9644,1648,4,24
9645,1648,2,10
9646,1648,15,4
9647,1649,9,13
9648,1649,14,22
9649,1649,24,22
9650,1649,6,20
9651,1650,11,1
9652,1650,0,24
9653,1650,6,13
9654,1650,1,10
9655,1651,24,12
9656,1651,24,2
9657,1651,6,3
9658,1651,4,20
9659,1651,14,5
9660,1651,23,6
9661,1651,14,16
9662,1651,23,10
9663,1651,6,2
9664,1652,23,21
9665,1652,22,0
9666,1652,4,0
9667,1652,9,2
9668,1652,4,24
9669,1652,14,11
9670,1652,9,6
9671,1653,24,15
9672,1653,9,6
9673,1653,4,21
9674,1653,13,6
9675,1653,11,20
9676,1653,0,23
9677,1653,5,2
9678,1653,4,21
9679,1654,5,24
9680,1654,4,0
9681,1654,9,20
9682,1654,16,10
9683,1654,5,23
9684,1654,3,17
9685,1654,16,3
9686,1655,23,1
9687,1655,14,0
9688,1655,3,19
9689,1656,17,9
9690,1656,22,9
9691,1656,3,13
9692,1656,11,1
9693,1656,11,13
9694,1656,7,3
9695,1656,9,6
9696,1656,15,19
9697,1656,19,10
9698,1656,5,3
9699,1656,15,7
9700,1656,22,13
9701,1656,9,23
9702,1657,18,12
9703,1657,18,8
9704,1657,14,24
9705,1657,11,20
9706,1657,10,17
9707,1658,6,10
9708,1658,24,15
9709,1658,22,20
9710,1659,21,17
9711,1659,12,14
9712,1659,12,16
9713,1660,3,22
9714,1660,0,21
9715,1660,5,22
9716,1660,5,15
9717,1660,22,15
9718,1660,13,16
9719,1661,18,6
9720,1661,6,21
9721,1661,20,9
9722,1661,16,1
9723,1662,1,13
9724,1662,22,1
9725,1662,23,1
9726,1662,5,16
9727,1662,13,17
9728,1662,11,14
9729,1662,9,5
9730,1662,19,15
9731,1663,18,7
9732,1663,10,18
9733,1663,4,20
9734,1663,20,14
9735,1664,3,5
9736,1664,20,11
9737,1664,11,21
9738,1664,13,5
9739,1664,11,2
9740,1664,23,3
9741,1664,9,10
9742,1665,23,16
9743,1665,8,21
9744,1665,19,23
9745,1665,20,13
9746,1665,22,10
9747,1665,6,20
9748,1665,4,8
9749,1666,17,4
9750,1666,18,14
9751,1666,8,14
9752,1666,18,1
9753,1666,0,3
9754,1666,22,15
9755,1666,24,5
9756,1666,24,13
9757,1667,1,9
9758,1667,18,8
9759,1667,2,10
9760,1668,8,0
9761,1668,17,3
9762,1668,11,22
9763,1669,23,0
9764,1669,23,1
9765,1669,0,7
9766,1669,20,3
9767,1670,1,10
9768,1670,8,18
9769,1670,24,17
9770,1670,5,18
9771,1670,19,16
9772,1670,16,1
9773,1671,7,10
9774,1671,2,5
9775,1671,3,9
9776,1671,3,19
9777,1671,10,12
9778,1671,24,4
9779,1671,23,6
9780,1671,22,10
9781,1672,15,23
9782,1672,21,8
9783,1672,7,16
9784,1672,18,15
9785,1672,14,11
9786,1672,1,15
9787,1672,11,20
9788,1672,6,15
9789,1672,13,11
9790,1672,16,0
9791,1672,21,5
9792,1673,10,0
9793,1673,5,12
9794,1673,23,6
9795,1673,13,16
9796,1673,24,15
9797,1674,0,18
9798,1674,19,12
9799,1674,20,0
9800,1675,24,22
9801,1675,19,2
9802,1675,20,6
9803,1675,17,20
9804,1675,15,24
9805,1675,0,4
9806,1675,2,18
9807,1675,19,4
9808,1676,11,23
9809,1676,13,5
9810,1676,12,2
9811,1676,19,0
9812,1676,17,10
9813,1676,9,3
9814,1677,7,5
9815,1677,20,24
9816,1678,23,4
9817,1678,17,21
9818,1678,13,3
9819,1678,20,16
9820,1678,18,5
9821,1679,23,4
9822,1679,20,11
9823,1679,13,17
9824,1679,6,23
9825,1679,22,3
9826,1679,10,24
9827,1679,8,23
9828,1680,22,5
9829,1680,16,14
9830,1680,15,23
9831,1680,15,8
9832,1680,7,20
9833,1680,14,15
9834,1681,8,21
9835,1681,4,19
9836,1681,9,1
9837,1681,21,9
9838,1682,14,22
9839,1682,24,17
9840,1682,4,8
9841,1682,13,17
9842,1682,8,12
9843,1683,17,14
9844,1683,6,0
9845,1683,10,18
9846,1683,21,5
9847,1683,15,24
9848,1683,22,2
9849,1683,13,7
9850,1684,2,6
9851,1684,3,9
9852,1684,10,18
9853,1684,10,21
9854,1684,14,18
9855,1685,11,13
9856,1685,1,18
9857,1686,15,2
9858,1686,5,11
9859,1686,9,20
9860,1686,1,4
9861,1686,16,20
9862,1686,22,3
9863,1686,7,1
9864,1686,6,22
9865,1686,17,13
9866,1686,13,10
9867,1686,9,21
9868,1687,6,15
9869,1687,6,0
9870,1688,11,23
9871,1688,18,1
9872,1688,6,17
9873,1688,11,17
9874,1688,5,16
9875,1688,17,1
9876,1688,17,15
9877,1688,7,0
9878,1689,12,2
9879,1689,24,8
9880,1689,15,3
9881,1689,3,16
9882,1690,4,23
9883,1690,22,10
9884,1690,0,3
9885,1690,11,3
9886,1690,2,22
9887,1690,2,4
9888,1690,12,9
9889,1691,2,8
9890,1691,6,18
9891,1691,9,11
9892,1691,4,24
9893,1691,15,13
9894,1691,1,8
9895,1691,16,23
9896,1691,2,19
9897,1692,8,10
9898,1692,2,18
9899,1692,21,4
9900,1692,24,0
9901,1692,1,5
9902,1692,1,13
9903,1692,15,6
9904,1692,12,0
9905,1692,11,17
9906,1692,11,8
9907,1693,14,1
9908,1693,3,12
9909,1693,12,14
9910,1693,18,15
9911,1693,8,14
9912,1693,16,3
9913,1694,18,6
9914,1694,4,18
9915,1694,8,5
9916,1694,12,1
9917,1695,6,14
9918,1695,5,3
9919,1695,1,19
9920,1695,16,14
9921,1695,7,20
9922,1696,15,23
9923,1696,22,7
9924,1696,23,7
9925,1696,23,17
9926,1696,13,16
9927,1696,6,16
9928,1696,2,16
9929,1696,21,2
9930,1697,16,14
9931,1697,21,24
9932,1697,5,11
9933,1697,0,7
9934,1698,23,19
9935,1698,3,14
9936,1698,12,8
9937,1698,13,7
9938,1698,22,1
9939,1698,3,20
9940,1698,16,14
9941,1698,22,12
9942,1699,17,11
9943,1700,18,1
9944,1700,2,12
9945,1700,18,20
9946,1700,17,1
9947,1700,9,17
9948,1700,5,15
9949,1700,9,15
9950,1701,17,7
9951,1701,6,2
9952,1701,0,13
9953,1701,4,2
9954,1701,24,17
9955,1701,18,21
9956,1701,1,15
9957,1702,20,9
9958,1702,6,9
9959,1702,4,10
9960,1702,8,18
9961,1703,7,3
9962,1703,14,10
9963,1704,21,10
9964,1704,24,22
9965,1704,23,13
9966,1704,4,15
9967,1704,17,13
9968,1705,10,22
9969,1705,0,23
9970,1705,2,9
9971,1705,18,20
9972,1706,19,15
9973,1706,18,9
9974,1706,10,2
9975,1706,22,19
9976,1706,12,3
9977,1707,18,0
9978,1707,9,20
9979,1707,17,2
9980,1708,23,3
9981,1708,21,7
9982,1708,3,14
9983,1708,15,9
9984,1708,16,9
9985,1708,11,23
9986,1708,9,0
9987,1709,8,2
9988,1709,24,8
9989,1709,23,10
9990,1709,10,19
9991,1710,12,10
9992,1710,19,13
9993,1711,6,14
9994,1711,2,21
9995,1711,12,23
9996,1711,19,20
9997,1712,23,5
9998,1712,24,1
9999,1712,17,23
10000,1712,4,16
10001,1713,9,0
10002,1713,5,7
10003,1713,24,0
10004,1713,17,1
10005,1713,2,8
10006,1713,9,19
10007,1713,10,1
10008,1713,6,2
10009,1713,4,20
10010,1713,13,19
10011,1714,22,1
10012,1714,22,18
10013,1714,0,24
10014,1714,14,3
10015,1714,4,14
10016,1715,10,4
10017,1715,3,1
10018,1715,20,19
10019,1715,10,14
10020,1715,2,5
10021,1715,21,1
10022,1716,16,13
10023,1716,8,12
10024,1716,12,21
10025,1716,13,2
10026,1716,3,17
10027,1716,3,9
10028,1717,19,9
10029,1717,7,14
10030,1717,14,12
10031,1717,16,13
10032,1717,8,21
10033,1718,10,14
10034,1718,21,9
10035,1718,17,21
10036,1718,12,21
10037,1718,22,19
10038,1719,22,9
10039,1719,18,3
10040,1719,21,12
10041,1719,8,6
10042,1719,21,4
10043,1720,4,20
10044,1720,6,13
10045,1720,18,10
10046,1720,0,23
10047,1720,5,11
10048,1720,18,5
10049,1721,16,14
10050,1721,23,11
10051,1721,20,23
10052,1721,2,18
10053,1721,15,12
10054,1721,3,18
10055,1721,11,23
10056,1721,1,11
10057,1721,21,23
10058,1722,3,20
10059,1722,15,0
10060,1722,15,7
10061,1722,5,11
10062,1722,13,22
10063,1723,12,0
10064,1723,9,1
10065,1723,20,6
10066,1723,11,1
10067,1723,14,1
10068,1723,9,10
10069,1724,8,24
10070,1724,15,14
10071,1724,1,21
10072,1724,12,16
10073,1725,5,9
10074,1725,12,2
10075,1725,8,6
10076,1725,1,24
10077,1725,4,21
10078,1726,23,6
10079,1726,8,19
10080,1726,24,13
10081,1726,22,19
10082,1726,18,0
10083,1726,20,7
10084,1726,4,7
10085,1726,12,14
10086,1727,22,5
10087,1727,21,9
10088,1727,4,22
10089,1727,23,9
10090,1728,6,2
10091,1728,23,17
10092,1728,10,13
10093,1728,21,15
10094,1729,9,11
10095,1729,14,22
10096,1729,19,23
10097,1729,15,8
10098,1729,4,19
10099,1729,1,3
10100,1729,7,1
10101,1729,19,13
10102,1729,18,11
10103,1730,11,23
10104,1730,2,22
10105,1730,24,6
10106,1730,19,5
10107,1730,0,13
10108,1730,20,2
10109,1730,24,2
10110,1731,21,1
10111,1731,2,20
10112,1731,11,0
10113,1731,20,9
10114,1731,3,18
10115,1732,15,21
10116,1732,12,9
10117,1732,2,17
10118,1732,3,5
10119,1732,8,5
10120,1732,21,10
10121,1732,24,10
10122,1733,4,2
10123,1733,9,10
10124,1733,24,8
10125,1733,8,19
10126,1733,16,24
10127,1733,4,10
10128,1734,3,9
10129,1734,6,17
10130,1735,2,9
10131,1735,1,24
10132,1735,8,16
10133,1735,6,13
10134,1735,15,8
10135,1736,16,3
10136,1736,13,5
10137,1736,21,10
10138,1737,7,10
10139,1737,15,8
10140,1737,19,3
10141,1737,2,6
10142,1737,16,23
10143,1737,8,12
10144,1737,9,24
10145,1738,8,10
10146,1738,21,8
10147,1738,20,4
10148,1739,3,11
10149,1739,12,1
10150,1739,9,18
10151,1739,11,22
10152,1739,17,15
10153,1739,12,23
10154,1739,6,3
10155,1739,23,5
10156,1740,17,6
10157,1740,0,23
10158,1740,11,20
10159,1740,20,22
10160,1740,20,8
10161,1740,19,4
10162,1741,12,1
10163,1741,3,14
10164,1741,22,7
10165,1742,5,15
10166,1742,23,3
10167,1742,24,17
10168,1742,16,5
10169,1742,17,20
10170,1742,12,0
10171,1743,17,15
10172,1743,19,1
10173,1743,16,23
10174,1743,22,8
10175,1743,24,15
10176,1743,16,5
10177,1744,0,6
10178,1744,9,10
10179,1744,8,15
10180,1744,22,13
10181,1744,2,6
10182,1744,24,2
10183,1744,12,15
10184,1744,5,22
10185,1745,8,24
10186,1745,13,22
10187,1745,10,17
10188,1745,5,2
10189,1745,24,17
10190,1745,2,15
10191,1745,11,24
10192,1745,3,1
10193,1746,12,24
10194,1746,21,18
10195,1746,16,19
10196,1747,23,9
10197,1747,17,6
10198,1747,0,9
10199,1747,22,0
10200,1747,4,18
10201,1747,11,7
10202,1747,16,24
10203,1748,16,24
10204,1748,21,3
10205,1748,8,16
10206,1748,7,19
10207,1748,10,17
10208,1748,17,10
10209,1749,17,0
10210,1749,1,15
10211,1750,19,5
10212,1750,18,24
10213,1750,19,8
10214,1750,21,3
10215,1750,5,4
10216,1750,17,13
10217,1751,3,16
10218,1751,18,22
10219,1751,23,8
10220,1751,19,21
10221,1751,3,13
10222,1751,18,21
10223,1751,14,0
10224,1752,16,6
10225,1752,6,19
10226,1752,12,8
10227,1753,0,6
10228,1753,17,21
10229,1753,3,0
10230,1753,15,7
10231,1753,20,10
10232,1754,9,2
10233,1754,7,21
10234,1754,15,24
10235,1754,2,21
10236,1754,18,10
10237,1754,19,20
10238,1754,17,23
10239,1754,20,18
10240,1754,7,17
10241,1755,10,13
10242,1755,2,14
10243,1755,1,19
10244,1755,3,14
10245,1755,15,7
10246,1756,9,1
10247,1756,2,21
10248,1756,5,2
10249,1756,4,2
10250,1756,2,12
10251,1756,23,8
10252,1756,1,13
10253,1757,18,0
10254,1757,11,14
10255,1757,21,6
10256,1757,3,7
10257,1757,6,4
10258,1757,11,2
10259,1758,21,18
10260,1758,18,6
10261,1758,13,0
10262,1758,13,9
10263,1758,6,21
10264,1758,22,14
10265,1759,11,20
10266,1759,1,8
10267,1759,22,10
10268,1760,8,15
10269,1760,6,23
10270,1760,3,9
10271,1760,18,8
10272,1761,3,23
10273,1761,3,12
10274,1761,1,24
10275,1761,24,6
10276,1762,20,9
10277,1762,5,4
10278,1762,8,21
10279,1762,1,7
10280,1762,5,3
10281,1762,11,22
10282,1763,19,20
10283,1763,1,12
10284,1763,8,22
10285,1763,11,13
10286,1763,4,22
10287,1764,13,2
10288,1764,9,19
10289,1764,23,8
10290,1764,9,6
10291,1764,6,15
10292,1764,18,24
10293,1764,15,1
10294,1764,9,20
10295,1765,21,4
10296,1765,14,4
10297,1766,14,15
10298,1766,8,12
10299,1767,10,16
10300,1767,23,21
10301,1767,21,24
10302,1767,6,23
10303,1767,23,15
10304,1767,16,23
10305,1767,14,22
10306,1767,12,23
10307,1768,19,23
10308,1768,17,24
10309,1768,14,22
10310,1769,13,19
10311,1769,14,12
10312,1769,19,6
10313,1769,21,11
10314,1769,2,8
10315,1769,7,11
10316,1770,11,20
10317,1770,19,15
10318,1770,23,13
10319,1770,17,21
10320,1771,21,1
10321,1771,4,18
10322,1771,8,12
10323,1771,2,21
10324,1772,1,17
10325,1772,11,13
10326,1772,20,4
10327,1772,7,3
10328,1772,22,18
10329,1772,11,17
10330,1772,10,13
10331,1773,16,1
10332,1773,24,17
10333,1774,16,22
10334,1774,22,10
10335,1774,10,20
10336,1775,4,8
10337,1775,3,23
10338,1775,2,9
10339,1775,18,12
10340,1775,11,15
10341,1775,6,4
10342,1776,14,24
10343,1776,10,4
10344,1776,0,15
10345,1776,14,7
10346,1776,1,5
10347,1777,9,19
10348,1777,24,21
10349,1777,4,13
10350,1777,14,20
10351,1777,20,14
10352,1777,2,13
10353,1777,15,1
10354,1778,3,9
10355,1778,14,1
10356,1778,16,22
10357,1779,14,16
10358,1779,9,21
10359,1779,20,24
10360,1779,17,8
10361,1779,16,1
10362,1779,2,6
10363,1779,0,10
10364,1779,14,16
10365,1780,1,21
10366,1780,24,22
10367,1780,13,7
10368,1780,1,14
10369,1781,15,7
10370,1781,12,10
10371,1781,19,22
10372,1781,9,5
10373,1782,21,23
10374,1782,4,15
10375,1782,3,7
10376,1782,11,1
10377,1782,14,2
10378,1783,18,14
10379,1783,19,6
10380,1783,14,3
10381,1783,14,11
10382,1783,20,9
10383,1783,4,20
10384,1784,16,0
10385,1784,23,17
10386,1784,22,10
10387,1784,10,23
10388,1784,0,8
10389,1784,11,0
10390,1784,22,12
10391,1784,12,23
10392,1784,15,2
10393,1785,0,7
10394,1785,3,9
10395,1785,12,20
10396,1785,21,11
10397,1785,21,18
10398,1786,2,11
10399,1786,15,5
10400,1786,3,24
10401,1786,24,8
10402,1786,3,11
10403,1786,2,6
10404,1787,12,8
10405,1787,4,13
10406,1787,15,23
10407,1787,11,17
10408,1787,9,1
10409,1787,21,17
10410,1787,19,23
10411,1787,5,11
10412,1787,7,13
10413,1787,9,3
10414,1787,2,0
10415,1788,6,2
10416,1788,3,24
10417,1788,7,5
10418,1788,1,24
10419,1789,2,19
10420,1789,13,1
10421,1789,17,15
10422,1789,18,16
10423,1789,24,4
10424,1789,13,4
10425,1789,1,14
10426,1790,23,8
10427,1790,22,8
10428,1790,8,16
10429,1790,6,10
10430,1791,19,4
10431,1791,14,3
10432,1791,12,20
10433,1791,12,1
10434,1791,24,12
10435,1791,22,18
10436,1791,3,10
10437,1792,10,24
10438,1792,8,1
10439,1792,12,3
10440,1793,16,6
10441,1793,21,12
10442,1793,23,14
10443,1793,4,18
10444,1793,9,21
10445,1793,20,22
10446,1794,9,1
10447,1794,0,2
10448,1794,24,14
10449,1794,5,7
10450,1794,2,0
10451,1794,17,6
10452,1794,16,5
10453,1795,6,2
10454,1795,20,2
10455,1795,12,19
10456,1795,8,17
10457,1795,7,21
10458,1796,19,16
10459,1796,8,23
10460,1797,6,15
10461,1797,12,6
10462,1797,6,2
10463,1797,6,22
10464,1797,0,11
10465,1797,21,10
10466,1797,11,20
10467,1797,9,0
10468,1797,20,9
10469,1798,6,22
10470,1798,22,12
10471,1798,7,22
10472,1798,8,22
10473,1798,8,11
10474,1798,18,0
10475,1798,14,8
10476,1798,5,1
10477,1798,9,15
10478,1798,16,1
10479,1799,10,23
10480,1799,7,23
10481,1799,14,20
10482,1799,21,2
10483,1799,8,6
10484,1799,24,8
