veh_id,t_depart,origin,dest
0,0,20,22
1,0,6,2
2,1,5,9
3,1,0,21
4,1,24,22
5,1,24,22
6,1,9,22
7,1,15,23
8,1,17,6
9,1,23,13
10,1,17,2
11,2,24,20
12,2,18,6
13,3,2,16
14,3,12,14
15,3,12,10
16,3,11,19
17,3,13,17
18,3,16,19
19,3,5,17
20,3,24,18
21,3,12,1
22,4,4,13
23,4,23,20
24,4,22,24
25,4,21,0
26,5,0,15
27,5,10,17
28,5,20,24
29,5,21,23
30,6,9,19
31,6,22,15
32,6,0,18
33,6,10,6
34,6,19,4
35,7,2,12
36,7,22,2
37,7,3,9
38,8,2,0
39,8,7,11
40,8,6,20
41,8,2,6
42,8,23,8
43,9,4,17
44,9,1,21
45,10,6,23
46,10,7,10
47,10,22,0
48,10,20,13
49,10,11,21
50,10,18,9
51,10,3,20
52,10,17,13
53,11,4,11
54,11,11,7
55,11,2,11
56,11,18,9
57,11,3,12
58,11,9,16
59,11,8,21
60,11,24,5
61,12,6,15
62,12,15,1
63,12,18,2
64,12,3,13
65,12,3,18
66,12,9,15
67,12,14,16
68,12,17,23
69,12,14,24
70,12,18,21
71,12,23,2
72,12,24,4
73,13,16,18
74,13,14,3
75,13,20,17
76,13,1,9
77,13,23,5
78,13,23,5
79,13,10,7
80,14,20,17
81,14,6,12
82,14,1,13
83,14,18,2
84,14,13,22
85,14,13,16
86,14,18,7
87,14,19,4
88,14,22,3
89,15,17,9
90,15,5,1
91,15,19,8
92,15,10,13
93,15,13,2
94,15,0,14
95,15,0,16
96,16,16,18
97,16,10,3
98,16,7,11
99,16,2,11
100,16,19,8
101,16,8,12
102,16,2,12
103,16,0,18
104,16,11,15
105,16,7,22
106,16,12,20
107,16,0,12
108,16,14,3
109,17,16,9
110,17,18,7
111,17,7,24
112,17,24,6
113,17,17,13
114,17,0,23
115,17,8,14
116,17,22,14
117,18,17,7
118,18,8,16
119,19,1,5
120,19,8,18
121,19,3,12
122,19,14,0
123,20,9,11
124,20,3,19
125,20,6,0
126,20,18,8
127,20,4,14
128,20,3,17
129,21,19,2
130,21,7,9
131,21,9,2
132,21,6,16
133,21,11,18
134,22,18,22
135,22,23,7
136,22,8,21
137,22,14,23
138,22,9,13
139,22,13,0
140,22,9,15
141,22,5,23
142,22,9,0
143,22,12,2
144,22,17,23
145,22,21,10
146,23,17,15
147,23,5,9
148,23,21,1
149,24,22,19
150,24,5,24
151,24,21,1
152,24,15,21
153,25,1,11
154,25,2,5
155,25,20,6
156,25,18,22
157,25,7,10
158,25,24,8
159,26,14,2
160,26,20,24
161,26,23,15
162,27,11,8
163,27,24,6
164,27,15,1
165,27,16,23
166,27,16,1
167,27,10,13
168,27,18,20
169,27,22,15
170,28,5,11
171,28,13,17
172,28,24,12
173,28,23,0
174,28,2,15
175,29,4,22
176,29,2,14
177,29,23,8
178,29,10,20
179,29,4,8
180,29,16,9
181,29,16,0
182,30,5,11
183,30,9,1
184,30,23,16
185,30,18,11
186,30,15,3
187,30,24,4
188,31,23,21
189,31,20,2
190,31,8,17
191,31,0,16
192,31,24,8
193,32,22,0
194,32,24,20
195,32,23,12
196,32,4,21
197,33,23,15
198,33,19,5
199,33,12,15
200,33,23,16
201,33,7,3
202,34,1,3
203,34,11,19
204,35,1,19
205,35,3,7
206,35,12,21
207,35,20,13
208,35,13,3
209,35,17,14
210,35,17,19
211,36,7,23
212,36,0,15
213,36,4,24
214,37,3,12
215,37,2,24
216,37,1,17
217,37,11,20
218,37,11,8
219,37,1,21
220,38,14,1
221,38,17,6
222,38,2,13
223,38,12,23
224,38,8,20
225,38,11,4
226,38,9,6
227,38,2,4
228,39,11,0
229,39,8,6
230,39,4,2
231,39,1,8
232,39,21,7
233,39,10,13
234,39,4,11
235,39,0,2
236,40,7,23
237,40,18,16
238,40,19,8
239,40,22,15
240,41,0,17
241,41,3,18
242,41,20,22
243,41,16,19
244,41,19,13
245,41,8,12
246,41,9,20
247,42,13,17
248,42,17,2
249,42,22,3
250,43,5,18
251,43,20,23
252,43,9,5
253,43,12,4
254,44,19,6
255,44,13,7
256,44,17,23
257,44,4,15
258,44,20,6
259,44,7,24
260,44,8,14
261,44,21,7
262,44,18,12
263,45,10,1
264,45,20,5
265,45,0,4
266,46,11,14
267,46,9,6
268,46,8,4
269,46,4,23
270,46,21,12
271,46,9,21
272,46,10,2
273,47,5,9
274,47,14,11
275,47,21,19
276,47,19,10
277,47,11,9
278,47,8,10
279,47,2,21
280,47,6,21
281,47,0,13
282,47,14,7
283,47,16,23
284,48,22,20
285,48,24,3
286,48,6,3
287,48,15,12
288,48,4,10
289,49,24,10
290,49,16,19
291,49,17,3
292,49,6,20
293,49,7,18
294,50,0,2
295,50,4,17
296,50,23,12
297,51,24,4
298,51,8,22
299,51,1,3
300,51,24,20
301,52,7,16
302,52,6,24
303,52,15,8
304,52,8,14
305,52,11,15
306,52,13,24
307,52,15,3
308,53,17,4
309,53,0,20
310,53,1,9
311,53,24,20
312,53,24,22
313,53,7,20
314,53,9,20
315,53,14,24
316,53,17,15
317,53,1,23
318,54,1,19
319,54,0,4
320,54,15,22
321,55,19,12
322,55,8,24
323,55,20,0
324,55,3,16
325,55,12,15
326,56,22,6
327,56,0,21
328,56,19,4
329,56,24,1
330,56,23,16
331,56,18,7
332,56,8,14
333,57,17,24
334,57,11,15
335,57,22,4
336,57,12,19
337,57,19,22
338,57,12,3
339,57,10,20
340,57,14,6
341,58,15,23
342,58,9,10
343,58,23,3
344,58,16,8
345,58,8,6
346,58,1,19
347,58,18,22
348,59,9,11
349,59,24,16
350,59,4,21
351,59,0,12
352,59,21,10
353,59,23,19
354,59,10,22
355,59,7,5
356,60,8,22
357,60,8,11
358,60,4,10
359,61,23,10
360,61,19,23
361,61,12,19
362,61,24,2
363,61,19,3
364,62,15,21
365,62,16,8
366,63,23,20
367,63,19,0
368,63,21,14
369,63,19,9
370,63,3,15
371,63,20,13
372,63,22,2
373,64,5,22
374,64,9,24
375,64,6,22
376,64,20,3
377,64,5,18
378,64,4,12
379,64,15,4
380,64,14,0
381,64,3,15
382,65,24,14
383,65,3,17
384,65,19,4
385,66,21,10
386,66,6,13
387,66,23,8
388,66,19,13
389,66,7,24
390,66,23,6
391,67,9,13
392,67,6,21
393,67,11,13
394,67,7,18
395,67,24,12
396,67,24,4
397,67,15,24
398,68,15,4
399,68,21,14
400,68,19,11
401,68,7,14
402,68,18,3
403,68,1,16
404,68,2,18
405,69,5,13
406,69,13,4
407,69,14,12
408,69,7,21
409,70,17,7
410,70,18,12
411,71,5,7
412,71,16,5
413,71,17,7
414,71,14,20
415,71,21,12
416,71,15,8
417,72,1,4
418,72,15,18
419,72,7,13
420,73,4,12
421,73,23,4
422,73,19,5
423,73,8,16
424,73,16,20
425,73,16,0
426,74,16,4
427,74,19,16
428,74,16,9
429,74,5,12
430,74,3,21
431,75,18,21
432,75,22,8
433,75,6,9
434,75,2,5
435,75,10,21
436,75,0,10
437,76,24,12
438,76,15,22
439,76,10,23
440,76,22,1
441,76,22,19
442,76,2,14
443,76,12,19
444,77,17,10
445,77,15,14
446,77,17,11
447,77,13,21
448,77,24,2
449,78,20,8
450,78,20,6
451,78,4,16
452,78,2,0
453,78,14,0
454,79,10,8
455,79,12,10
456,79,9,5
457,80,15,7
458,80,18,10
459,80,19,13
460,80,20,3
461,80,21,17
462,80,11,22
463,80,21,8
464,80,14,18
465,80,7,24
466,80,8,11
467,81,21,1
468,81,12,0
469,81,3,6
470,82,18,7
471,82,15,14
472,82,20,14
473,82,15,0
474,82,17,14
475,82,2,18
476,83,17,23
477,83,5,19
478,83,23,14
479,83,17,14
480,83,18,22
481,83,3,24
482,83,17,0
483,84,4,14
484,84,13,16
485,84,17,15
486,84,15,23
487,85,11,19
488,85,11,13
489,85,17,4
490,85,14,21
491,85,18,4
492,85,5,24
493,85,16,9
494,85,10,1
495,86,11,8
496,86,10,14
497,86,9,19
498,86,20,23
499,86,20,10
500,86,13,22
501,86,8,1
502,86,6,3
503,86,21,23
504,87,3,5
505,87,16,19
506,87,15,3
507,87,3,5
508,87,3,17
509,87,10,4
510,87,4,5
511,88,6,20
512,88,19,21
513,88,11,23
514,88,5,3
515,88,15,13
516,88,23,8
517,88,21,9
518,89,4,1
519,89,5,14
520,89,7,18
521,89,14,8
522,89,6,10
523,90,0,9
524,90,16,10
525,90,16,23
526,90,7,11
527,90,19,11
528,91,4,2
529,91,23,7
530,91,4,12
531,91,21,12
532,91,9,1
533,91,22,5
534,91,12,1
535,91,22,4
536,91,14,21
537,91,5,23
538,91,6,23
539,92,12,23
540,92,7,4
541,92,20,23
542,92,17,7
543,93,12,5
544,93,5,16
545,93,10,16
546,93,9,15
547,93,3,21
548,93,1,11
549,94,19,17
550,94,3,19
551,94,17,11
552,94,13,5
553,94,16,7
554,94,5,22
555,95,20,23
556,95,7,24
557,95,4,21
558,96,16,14
559,96,17,5
560,96,11,2
561,96,7,19
562,96,1,12
563,97,16,2
564,97,9,5
565,97,6,23
566,97,7,19
567,97,5,7
568,97,9,19
569,98,8,5
570,98,4,1
571,98,8,14
572,98,10,12
573,99,12,23
574,99,20,10
575,99,2,9
576,99,22,11
577,99,22,10
578,100,24,14
579,100,12,3
580,100,17,3
581,100,6,14
582,100,20,24
583,100,2,24
584,100,20,12
585,100,15,18
586,100,24,9
587,101,3,21
588,101,10,14
589,101,14,17
590,101,20,2
591,102,15,6
592,102,15,8
593,102,1,17
594,102,4,2
595,102,6,16
596,102,14,2
597,103,8,22
598,103,0,22
599,103,24,4
600,103,12,4
601,103,12,8
602,104,13,3
603,104,21,14
604,104,3,9
605,104,16,18
606,105,22,4
607,105,15,5
608,105,7,3
609,105,0,13
610,105,9,20
611,105,18,4
612,105,24,5
613,105,6,14
614,105,20,18
615,106,11,2
616,106,3,9
617,106,20,22
618,107,6,15
619,107,1,24
620,107,12,1
621,107,18,15
622,107,3,10
623,107,23,16
624,107,11,2
625,107,24,9
626,107,19,2
627,108,7,0
628,108,4,17
629,108,5,17
630,108,15,17
631,108,16,3
632,108,16,14
633,108,1,11
634,108,1,24
635,108,9,6
636,109,22,4
637,109,14,23
638,109,0,2
639,109,7,13
640,109,8,5
641,109,14,15
642,110,2,0
643,110,20,9
644,110,16,20
645,110,2,4
646,110,12,16
647,110,15,1
648,110,11,9
649,111,22,7
650,111,6,19
651,111,0,16
652,111,4,8
653,111,21,12
654,111,22,20
655,111,10,17
656,112,16,4
657,112,19,22
658,112,17,21
659,112,22,24
660,112,23,5
661,112,16,24
662,112,16,19
663,113,7,0
664,113,1,11
665,113,17,4
666,113,15,8
667,113,19,3
668,113,21,1
669,113,22,11
670,114,4,19
671,114,24,1
672,115,9,3
673,115,9,15
674,115,15,17
675,115,16,23
676,115,16,18
677,115,10,8
678,116,9,21
679,116,22,20
680,116,5,13
681,116,0,14
682,116,19,1
683,116,2,6
684,116,10,14
685,117,19,1
686,117,5,7
687,117,10,23
688,117,14,10
689,117,18,24
690,117,7,24
691,117,20,2
692,117,19,15
693,117,3,14
694,117,17,19
695,117,19,21
696,117,0,16
697,117,2,22
698,118,8,5
699,118,21,7
700,118,0,13
701,119,11,17
702,119,2,9
703,119,6,22
704,119,17,20
705,119,15,17
706,120,12,9
707,120,1,21
708,120,17,11
709,120,11,22
710,120,16,9
711,120,9,12
712,120,4,6
713,120,15,3
714,121,18,22
715,121,7,11
716,122,9,23
717,122,6,16
718,122,11,17
719,122,4,15
720,122,2,8
721,122,0,3
722,122,8,16
723,122,8,15
724,122,9,22
725,123,6,12
726,123,2,11
727,123,22,12
728,123,3,16
729,123,17,5
730,124,20,17
731,124,8,21
732,124,10,14
733,124,16,13
734,125,13,0
735,125,2,6
736,125,12,22
737,126,18,9
738,126,19,0
739,126,19,21
740,127,9,2
741,127,17,7
742,127,0,23
743,127,17,5
744,127,6,18
745,127,11,7
746,128,1,16
747,128,1,21
748,128,8,11
749,128,17,6
750,128,7,23
751,128,1,19
752,129,18,22
753,129,13,0
754,129,14,20
755,129,16,8
756,129,2,15
757,130,20,4
758,130,21,8
759,130,20,4
760,130,6,3
761,130,11,19
762,130,24,20
763,130,18,12
764,131,19,4
765,131,23,12
766,131,23,13
767,131,13,0
768,131,18,12
769,131,23,15
770,131,8,11
771,131,17,1
772,132,2,17
773,132,11,22
774,132,24,6
775,132,3,12
776,132,11,1
777,133,13,23
778,133,10,4
779,133,1,14
780,134,3,19
781,134,13,21
782,135,5,18
783,135,12,10
784,135,24,6
785,135,9,21
786,136,6,13
787,136,3,1
788,136,2,20
789,136,8,14
790,137,24,5
791,137,11,7
792,137,22,14
793,137,2,20
794,137,18,6
795,137,5,24
796,137,22,0
797,138,13,9
798,138,15,21
799,139,19,7
800,139,22,11
801,139,10,23
802,139,7,20
803,139,4,19
804,139,1,5
805,139,15,22
806,139,10,22
807,139,20,4
808,140,3,17
809,140,10,4
810,140,0,2
811,140,2,11
812,140,24,3
813,140,15,9
814,140,22,1
815,140,2,20
816,140,15,8
817,141,0,10
818,141,22,24
819,141,24,8
820,141,18,0
821,142,1,8
822,142,19,12
823,142,18,24
824,143,1,12
825,143,17,9
826,143,12,20
827,143,17,10
828,143,22,3
829,143,22,9
830,143,3,24
831,143,19,4
832,144,24,7
833,144,3,18
834,144,15,0
835,144,20,18
836,144,12,6
837,144,10,7
838,145,3,7
839,145,7,18
840,145,8,5
841,145,12,3
842,145,22,1
843,145,1,19
844,145,9,21
845,145,21,23
846,145,1,11
847,146,15,0
848,146,13,11
849,146,11,8
850,146,21,0
851,147,23,13
852,147,3,0
853,147,4,13
854,147,8,0
855,147,17,6
856,147,12,6
857,147,12,3
858,148,2,17
859,148,1,21
860,148,23,0
861,148,3,7
862,148,15,1
863,149,0,12
864,149,19,22
865,149,24,5
866,149,14,7
867,149,11,23
868,149,19,22
869,149,9,16
870,150,21,12
871,150,18,1
872,150,1,11
873,151,6,3
874,151,21,11
875,151,20,22
876,151,24,5
877,151,24,20
878,151,22,7
879,151,16,3
880,152,5,4
881,152,7,10
882,152,21,1
883,152,2,15
884,152,6,8
885,152,10,3
886,152,1,24
887,152,7,13
888,153,0,15
889,153,17,19
890,153,24,6
891,153,2,9
892,154,11,0
893,154,4,10
894,154,7,18
895,154,22,24
896,154,14,18
897,155,3,23
898,155,19,10
899,155,22,18
900,155,13,6
901,155,20,5
902,155,15,21
903,155,7,14
904,155,14,24
905,155,2,11
906,156,11,13
907,156,21,6
908,156,6,13
909,156,10,6
910,156,21,17
911,157,4,2
912,157,2,8
913,157,9,11
914,157,14,23
915,157,11,1
916,157,22,6
917,157,6,22
918,158,20,22
919,158,6,10
920,158,3,23
921,158,14,12
922,158,24,7
923,159,14,7
924,159,18,0
925,159,6,21
926,159,21,11
927,159,23,21
928,159,3,11
929,159,0,8
930,159,7,15
931,160,6,17
932,160,24,14
933,160,0,18
934,161,7,17
935,161,19,13
936,161,23,17
937,161,13,15
938,161,3,6
939,161,5,14
940,161,6,15
941,161,18,3
942,161,7,3
943,162,18,10
944,162,18,22
945,162,16,18
946,162,20,11
947,163,2,8
948,163,18,22
949,163,19,15
950,163,23,20
951,163,8,19
952,164,0,18
953,164,5,15
954,164,5,17
955,164,0,10
956,164,2,24
957,164,5,23
958,164,10,3
959,165,23,15
960,165,13,6
961,165,4,24
962,165,6,15
963,165,24,15
964,166,7,21
965,166,20,8
966,166,20,14
967,166,1,7
968,166,14,4
969,166,22,9
970,166,22,1
971,167,17,23
972,167,7,1
973,167,6,13
974,167,14,2
975,167,5,24
976,167,23,20
977,167,23,6
978,168,5,21
979,168,11,4
980,168,8,21
981,168,21,10
982,168,3,10
983,169,11,3
984,169,3,9
985,169,12,8
986,169,12,10
987,169,23,14
988,169,22,13
989,169,1,11
990,169,23,13
991,169,0,23
992,170,13,2
993,170,5,23
994,170,13,16
995,171,17,11
996,171,11,14
997,171,23,0
998,171,14,7
999,171,22,4
1000,171,1,15
1001,172,21,23
1002,172,23,2
1003,172,4,8
1004,172,23,6
1005,172,21,1
1006,172,22,1
1007,172,5,22
1008,172,4,6
1009,173,11,9
1010,173,6,0
1011,173,2,9
1012,173,7,19
1013,173,8,20
1014,173,11,9
1015,174,11,3
1016,174,5,16
1017,175,17,6
1018,175,12,4
1019,175,7,4
1020,175,12,16
1021,175,9,5
1022,175,21,1
1023,176,24,10
1024,176,2,16
1025,176,17,7
1026,176,4,0
1027,176,22,7
1028,176,21,7
1029,176,8,20
1030,176,24,16
1031,177,12,2
1032,177,11,21
1033,177,21,17
1034,177,21,15
1035,177,2,11
1036,178,6,18
1037,178,22,4
1038,178,20,2
1039,178,8,16
1040,179,24,1
1041,179,6,15
1042,179,17,3
1043,179,13,15
1044,179,7,10
1045,179,8,10
1046,180,4,15
1047,180,5,17
1048,180,5,24
1049,180,19,7
1050,181,20,16
1051,181,12,24
1052,182,19,11
1053,182,5,23
1054,182,4,24
1055,182,10,19
1056,182,24,8
1057,182,11,4
1058,182,8,14
1059,182,12,4
1060,183,10,13
1061,183,20,5
1062,183,0,3
1063,183,6,22
1064,184,7,24
1065,184,6,16
1066,184,5,13
1067,184,21,1
1068,184,9,22
1069,184,5,16
1070,184,1,18
1071,185,1,16
1072,185,8,18
1073,185,3,1
1074,185,22,8
1075,185,13,20
1076,186,17,13
1077,186,16,10
1078,186,12,16
1079,186,24,2
1080,186,12,22
1081,187,17,11
1082,187,15,17
1083,187,16,5
1084,187,23,13
1085,187,7,17
1086,187,22,15
1087,187,2,17
1088,187,18,11
1089,187,3,21
1090,188,14,5
1091,188,12,16
1092,188,9,21
1093,188,7,21
1094,188,15,24
1095,188,24,6
1096,188,15,5
1097,188,12,22
1098,188,17,5
1099,188,4,17
1100,189,5,12
1101,189,7,4
1102,190,8,11
1103,190,6,22
1104,190,0,15
1105,190,8,18
1106,190,2,6
1107,191,10,17
1108,191,19,23
1109,191,2,20
1110,191,9,16
1111,192,20,17
1112,192,3,22
1113,192,16,9
1114,192,2,22
1115,193,4,13
1116,193,15,2
1117,193,0,20
1118,193,24,14
1119,193,17,14
1120,194,21,0
1121,194,13,1
1122,194,5,14
1123,194,7,10
1124,194,2,0
1125,194,12,10
1126,194,11,9
1127,194,14,18
1128,194,14,1
1129,195,9,5
1130,195,22,24
1131,195,3,15
1132,195,2,24
1133,195,10,9
1134,195,8,10
1135,195,3,23
1136,195,17,14
1137,195,16,7
1138,195,14,2
1139,195,15,21
1140,196,17,21
1141,196,20,17
1142,196,3,6
1143,196,10,20
1144,196,2,22
1145,197,14,20
1146,197,18,11
1147,197,10,13
1148,197,16,20
1149,197,7,1
1150,197,13,3
1151,198,13,7
1152,198,0,13
1153,198,4,18
1154,199,17,7
1155,199,6,23
1156,199,11,15
1157,199,3,17
1158,199,19,16
1159,199,15,24
1160,199,5,15
1161,199,21,7
1162,200,20,10
1163,200,17,13
1164,200,16,18
1165,200,3,13
1166,200,14,1
1167,201,18,1
1168,201,21,12
1169,201,2,19
1170,201,9,3
1171,201,21,19
1172,202,0,11
1173,202,8,22
1174,202,10,22
1175,203,1,19
1176,203,7,11
1177,203,20,8
1178,203,17,6
1179,204,6,18
1180,204,19,0
1181,204,15,22
1182,204,14,23
1183,204,18,4
1184,204,19,13
1185,204,22,14
1186,204,22,14
1187,205,5,8
1188,205,5,15
1189,205,10,22
1190,205,0,9
1191,205,10,24
1192,206,20,2
1193,206,4,8
1194,206,13,7
1195,206,18,24
1196,206,22,0
1197,206,13,21
1198,206,12,4
1199,206,15,13
1200,206,4,23
1201,206,21,5
1202,207,17,5
1203,207,17,0
1204,207,7,24
1205,207,1,5
1206,207,2,16
1207,207,19,6
1208,207,4,18
1209,207,11,1
1210,208,20,11
1211,208,12,21
1212,208,16,6
1213,208,22,10
1214,208,16,5
1215,209,11,3
1216,209,6,16
1217,209,14,17
1218,209,5,8
1219,209,18,16
1220,209,18,12
1221,209,21,0
1222,209,0,2
1223,209,21,24
1224,210,21,0
1225,210,17,1
1226,210,0,2
1227,210,23,2
1228,211,10,7
1229,211,15,12
1230,211,18,10
1231,211,6,19
1232,211,17,19
1233,212,9,17
1234,212,13,6
1235,212,24,13
1236,212,13,22
1237,212,21,9
1238,213,6,9
1239,213,7,10
1240,213,20,5
1241,213,16,4
1242,214,15,13
1243,214,10,19
1244,214,21,12
1245,214,21,15
1246,214,14,24
1247,214,16,12
1248,214,20,1
1249,214,4,5
1250,214,20,4
1251,215,11,3
1252,215,1,24
1253,215,15,24
1254,215,23,2
1255,216,2,17
1256,216,11,19
1257,216,18,20
1258,216,11,22
1259,216,16,10
1260,217,10,13
1261,217,8,11
1262,217,9,18
1263,217,21,3
1264,217,14,22
1265,218,3,18
1266,218,15,11
1267,218,2,11
1268,218,4,24
1269,218,9,7
1270,218,13,23
1271,218,1,13
1272,218,24,17
1273,218,7,19
1274,218,13,11
1275,218,20,22
1276,218,24,1
1277,219,3,17
1278,219,24,20
1279,219,18,3
1280,219,18,16
1281,219,4,13
1282,219,2,10
1283,219,9,21
1284,219,22,18
1285,219,20,13
1286,219,10,8
1287,219,1,16
1288,219,2,13
1289,220,20,8
1290,220,16,20
1291,220,10,7
1292,220,0,12
1293,221,3,24
1294,221,1,4
1295,221,17,9
1296,221,6,13
1297,221,2,14
1298,221,23,21
1299,222,6,16
1300,222,23,21
1301,222,1,8
1302,222,15,19
1303,222,14,18
1304,223,17,3
1305,223,24,8
1306,223,22,20
1307,223,18,22
1308,223,14,17
1309,223,19,0
1310,223,21,10
1311,223,22,4
1312,224,10,0
1313,224,1,4
1314,224,4,14
1315,224,19,22
1316,225,19,5
1317,225,15,19
1318,225,7,11
1319,225,10,14
1320,225,6,9
1321,225,23,19
1322,226,1,20
1323,226,19,16
1324,226,4,23
1325,226,22,18
1326,227,16,14
1327,227,17,11
1328,227,6,13
1329,227,19,11
1330,227,6,15
1331,227,14,24
1332,227,17,11
1333,228,18,8
1334,228,8,22
1335,228,19,22
1336,228,12,19
1337,229,19,8
1338,229,21,15
1339,230,2,22
1340,230,14,5
1341,230,23,20
1342,230,15,9
1343,230,23,17
1344,230,20,13
1345,231,1,15
1346,231,8,12
1347,231,16,5
1348,232,23,20
1349,232,5,8
1350,233,13,1
1351,233,18,2
1352,233,21,15
1353,233,16,12
1354,234,5,20
1355,234,23,17
1356,234,23,6
1357,234,10,23
1358,234,5,17
1359,234,22,18
1360,234,1,3
1361,235,0,2
1362,235,13,7
1363,235,24,17
1364,235,3,20
1365,236,21,19
1366,236,16,0
1367,236,11,24
1368,236,7,23
1369,236,14,1
1370,236,18,7
1371,237,24,20
1372,237,1,20
1373,237,17,7
1374,237,20,17
1375,237,16,18
1376,237,3,24
1377,237,24,22
1378,237,1,11
1379,237,14,11
1380,238,17,20
1381,238,13,17
1382,238,18,0
1383,238,9,23
1384,238,0,11
1385,238,3,23
1386,238,13,10
1387,238,12,5
1388,238,19,0
1389,238,21,9
1390,238,5,12
1391,239,2,0
1392,239,15,21
1393,239,11,9
1394,239,17,20
1395,239,5,22
1396,239,3,13
1397,239,17,3
1398,240,17,10
1399,240,11,13
1400,240,19,2
1401,240,21,11
1402,240,21,9
1403,240,13,24
1404,241,7,17
1405,241,7,19
1406,241,0,22
1407,241,9,6
1408,241,3,14
1409,242,22,15
1410,242,10,4
1411,242,18,21
1412,242,20,5
1413,242,18,8
1414,243,11,9
1415,243,5,24
1416,243,24,13
1417,243,8,12
1418,243,23,5
1419,243,14,0
1420,244,18,12
1421,244,22,14
1422,244,9,17
1423,244,13,5
1424,244,17,7
1425,244,9,24
1426,244,9,3
1427,244,2,16
1428,244,7,0
1429,244,21,14
1430,244,10,22
1431,245,4,8
1432,245,21,18
1433,245,10,20
1434,246,18,1
1435,246,23,2
1436,246,7,20
1437,246,3,12
1438,246,22,18
1439,246,24,21
1440,246,14,15
1441,246,11,17
1442,246,9,18
1443,246,12,19
1444,247,9,13
1445,247,24,6
1446,247,19,1
1447,247,0,17
1448,247,6,17
1449,247,9,17
1450,247,13,6
1451,247,21,18
1452,248,22,6
1453,248,4,8
1454,248,11,22
1455,248,1,13
1456,248,2,9
1457,248,20,0
1458,249,24,5
1459,249,2,24
1460,249,12,19
1461,249,7,17
1462,250,0,20
1463,250,14,6
1464,250,3,14
1465,250,23,14
1466,250,15,5
1467,250,21,18
1468,251,8,19
1469,251,17,4
1470,252,9,21
1471,252,13,10
1472,252,8,2
1473,252,4,19
1474,252,15,4
1475,252,8,21
1476,252,0,21
1477,253,24,5
1478,253,18,7
1479,253,15,11
1480,254,5,4
1481,254,24,14
1482,254,15,18
1483,254,15,12
1484,254,22,5
1485,254,16,23
1486,254,19,16
1487,255,19,10
1488,255,20,14
1489,255,0,21
1490,255,6,8
1491,255,23,17
1492,255,16,19
1493,255,1,10
1494,255,11,4
1495,256,0,2
1496,256,23,0
1497,256,18,14
1498,256,5,7
1499,256,6,12
1500,256,8,15
1501,256,14,1
1502,256,13,24
1503,256,19,16
1504,256,5,4
1505,256,8,6
1506,256,24,21
1507,256,20,16
1508,257,16,10
1509,257,16,23
1510,257,4,0
1511,257,11,15
1512,258,19,2
1513,258,21,1
1514,258,8,19
1515,258,19,7
1516,258,18,6
1517,259,4,1
1518,259,18,3
1519,259,15,11
1520,259,20,11
1521,259,17,19
1522,259,12,24
1523,259,16,18
1524,259,14,17
1525,260,20,23
1526,260,6,17
1527,260,14,16
1528,261,2,9
1529,261,11,19
1530,261,11,21
1531,261,5,2
1532,261,12,1
1533,262,4,22
1534,262,14,22
1535,262,16,4
1536,262,19,12
1537,263,2,21
1538,263,10,13
1539,263,4,11
1540,263,20,10
1541,264,11,19
1542,264,14,2
1543,264,3,7
1544,264,9,11
1545,265,17,8
1546,265,8,15
1547,265,24,15
1548,265,3,9
1549,265,20,8
1550,265,15,3
1551,265,20,16
1552,265,2,13
1553,265,0,20
1554,266,15,11
1555,266,18,12
1556,266,11,13
1557,266,8,20
1558,266,13,1
1559,266,2,10
1560,266,16,24
1561,266,8,21
1562,267,11,17
1563,267,21,13
1564,267,1,9
1565,267,1,22
1566,267,14,20
1567,267,1,19
1568,267,12,4
1569,267,7,1
1570,267,5,23
1571,268,7,3
1572,268,18,21
1573,268,4,13
1574,268,3,23
1575,268,13,10
1576,269,13,19
1577,269,13,19
1578,269,24,10
1579,269,3,23
1580,269,19,10
1581,269,19,21
1582,269,16,9
1583,269,8,10
1584,269,1,17
1585,269,13,15
1586,270,7,4
1587,270,6,8
1588,270,18,12
1589,270,21,24
1590,271,12,16
1591,271,7,20
1592,271,17,9
1593,272,10,0
1594,272,3,6
1595,272,21,5
1596,272,24,1
1597,272,9,18
1598,273,16,19
1599,273,2,13
1600,273,16,18
1601,273,0,19
1602,273,5,9
1603,273,9,2
1604,273,1,8
1605,273,21,24
1606,273,8,5
1607,274,9,0
1608,274,11,9
1609,274,14,15
1610,274,6,20
1611,275,8,21
1612,275,7,9
1613,275,15,7
1614,275,5,11
1615,275,9,1
1616,275,19,3
1617,275,1,24
1618,275,1,16
1619,275,4,6
1620,275,3,16
1621,276,8,17
1622,276,7,22
1623,276,2,24
1624,276,1,14
1625,276,22,4
1626,276,4,14
1627,277,7,5
1628,277,10,3
1629,277,10,9
1630,277,24,0
1631,278,17,2
1632,278,15,0
1633,278,9,0
1634,278,14,23
1635,278,24,12
1636,279,16,6
1637,279,19,9
1638,279,13,3
1639,279,0,6
1640,279,18,6
1641,279,24,17
1642,279,21,3
1643,279,19,1
1644,280,0,10
1645,280,3,10
1646,280,7,20
1647,280,20,17
1648,280,6,2
1649,280,19,0
1650,280,22,12
1651,280,20,17
1652,280,9,19
1653,281,9,6
1654,281,13,6
1655,281,13,10
1656,281,20,1
1657,281,13,6
1658,282,0,8
1659,282,22,2
1660,282,19,22
1661,282,4,15
1662,282,4,19
1663,282,14,2
1664,283,22,13
1665,283,13,16
1666,283,23,21
1667,283,10,19
1668,283,6,15
1669,283,9,13
1670,284,17,6
1671,284,17,15
1672,284,19,15
1673,284,3,21
1674,284,15,0
1675,284,12,6
1676,285,10,9
1677,285,13,19
1678,285,7,23
1679,285,16,12
1680,285,0,4
1681,285,8,1
1682,285,3,1
1683,285,6,18
1684,286,21,14
1685,286,10,14
1686,286,21,9
1687,286,8,20
1688,286,15,22
1689,286,4,6
1690,287,7,3
1691,287,17,13
1692,287,23,10
1693,287,6,24
1694,288,16,24
1695,288,1,17
1696,288,16,19
1697,288,22,5
1698,288,17,9
1699,288,13,9
1700,289,23,1
1701,289,8,19
1702,289,22,16
1703,289,18,15
1704,289,20,5
1705,289,19,5
1706,289,12,23
1707,289,4,11
1708,289,21,24
1709,289,4,6
1710,290,16,3
1711,290,17,7
1712,290,23,16
1713,290,18,0
1714,290,4,22
1715,290,12,19
1716,291,12,15
1717,291,7,23
1718,291,18,15
1719,291,22,18
1720,291,3,18
1721,292,3,18
1722,292,14,15
1723,292,15,11
1724,292,14,23
1725,293,3,22
1726,293,22,3
1727,293,19,15
1728,293,4,14
1729,293,15,21
1730,293,7,1
1731,293,21,4
1732,293,16,20
1733,294,16,3
1734,294,1,11
1735,294,16,2
1736,294,14,20
1737,294,0,3
1738,295,0,15
1739,295,15,17
1740,295,3,21
1741,295,9,3
1742,295,12,4
1743,295,24,12
1744,296,15,7
1745,296,18,10
1746,296,20,13
1747,296,3,16
1748,296,13,17
1749,296,16,8
1750,296,11,0
1751,297,4,10
1752,297,0,3
1753,297,22,16
1754,297,24,10
1755,297,20,18
1756,297,7,9
1757,297,11,15
1758,297,24,18
1759,297,13,10
1760,297,20,19
1761,298,10,17
1762,298,24,21
1763,298,22,9
1764,298,12,15
1765,298,6,19
1766,299,24,7
1767,299,10,8
1768,299,21,6
1769,299,1,23
1770,299,23,2
1771,299,1,7
1772,299,0,23
1773,300,3,1
1774,300,10,17
1775,300,6,22
1776,300,2,18
1777,300,15,6
1778,300,20,5
1779,300,11,5
1780,301,18,21
1781,301,24,8
1782,301,15,7
1783,301,18,15
1784,302,14,2
1785,302,18,15
1786,302,24,2
1787,302,5,13
1788,303,20,24
1789,303,5,4
1790,303,0,3
1791,303,5,12
1792,303,24,4
1793,303,19,6
1794,303,10,20
1795,303,22,10
1796,304,8,1
1797,305,2,24
1798,305,12,16
1799,305,2,23
1800,305,4,14
1801,306,9,7
1802,306,6,10
1803,306,13,4
1804,306,22,14
1805,306,21,0
1806,306,23,6
1807,307,9,21
1808,307,20,6
1809,307,3,9
1810,307,19,11
1811,307,13,1
1812,307,14,5
1813,307,11,9
1814,307,23,7
1815,307,16,6
1816,308,20,14
1817,308,8,2
1818,308,24,21
1819,308,24,15
1820,308,3,21
1821,309,20,8
1822,309,6,8
1823,309,9,17
1824,309,4,20
1825,309,13,21
1826,309,0,15
1827,309,6,18
1828,309,9,22
1829,309,12,18
1830,309,7,23
1831,309,8,15
1832,309,3,1
1833,310,8,20
1834,310,20,6
1835,310,12,19
1836,311,11,18
1837,312,8,21
1838,312,1,14
1839,312,11,14
1840,312,1,24
1841,313,1,18
1842,313,14,17
1843,313,6,14
1844,313,23,6
1845,313,9,13
1846,314,22,20
1847,314,19,15
1848,314,4,21
1849,314,10,1
1850,314,11,4
1851,314,19,2
1852,315,13,2
1853,315,15,13
1854,315,1,24
1855,315,24,9
1856,315,24,9
1857,315,1,20
1858,316,0,16
1859,316,4,17
1860,316,2,12
1861,316,7,11
1862,316,10,19
1863,317,17,8
1864,317,19,21
1865,317,16,6
1866,317,6,2
1867,318,17,0
1868,318,1,23
1869,319,16,12
1870,319,17,11
1871,319,20,22
1872,319,14,17
1873,319,10,23
1874,319,16,2
1875,319,12,21
1876,319,13,3
1877,320,15,4
1878,320,4,5
1879,320,24,8
1880,320,21,13
1881,320,23,1
1882,320,2,15
1883,320,6,17
1884,320,19,16
1885,320,22,7
1886,320,10,20
1887,321,4,0
1888,321,10,24
1889,321,21,5
1890,321,13,0
1891,322,7,0
1892,322,3,12
1893,322,16,19
1894,322,13,16
1895,322,10,12
1896,322,10,20
1897,322,11,8
1898,323,7,13
1899,323,23,5
1900,323,21,19
1901,323,1,18
1902,323,14,4
1903,323,21,2
1904,324,6,18
1905,324,3,13
1906,324,5,12
1907,324,10,17
1908,325,11,3
1909,325,22,11
1910,325,19,11
1911,325,3,14
1912,325,17,5
1913,325,1,16
1914,325,16,23
1915,325,3,1
1916,326,12,20
1917,326,2,15
1918,326,16,0
1919,326,1,17
1920,326,1,10
1921,326,11,23
1922,326,10,7
1923,327,15,19
1924,327,13,15
1925,328,9,6
1926,328,21,12
1927,328,0,23
1928,328,8,0
1929,328,9,18
1930,328,20,11
1931,328,14,17
1932,328,10,14
1933,329,18,6
1934,329,9,10
1935,329,10,19
1936,329,20,19
1937,329,23,2
1938,330,21,19
1939,330,12,20
1940,330,9,22
1941,330,12,3
1942,330,15,14
1943,330,6,19
1944,331,15,21
1945,332,20,5
1946,332,10,4
1947,332,17,23
1948,332,12,22
1949,332,12,15
1950,332,6,24
1951,333,16,9
1952,333,18,21
1953,333,12,15
1954,334,12,3
1955,334,9,19
1956,334,21,11
1957,334,6,20
1958,334,7,5
1959,334,11,15
1960,334,5,17
1961,335,17,10
1962,335,22,0
1963,335,18,2
1964,335,1,20
1965,336,4,15
1966,336,24,6
1967,336,10,0
1968,336,14,17
1969,336,8,5
1970,336,16,3
1971,336,6,19
1972,336,2,0
1973,336,1,23
1974,337,5,24
1975,337,17,15
1976,337,1,8
1977,337,21,24
1978,338,1,15
1979,338,10,20
1980,338,10,22
1981,338,2,8
1982,338,17,10
1983,338,20,7
1984,338,13,2
1985,339,17,4
1986,339,21,11
1987,339,17,5
1988,339,20,6
1989,339,18,6
1990,340,15,4
1991,340,7,10
1992,340,24,13
1993,340,21,14
1994,340,0,24
1995,340,15,7
1996,340,9,2
1997,341,1,22
1998,341,11,5
1999,341,15,4
2000,342,23,16
2001,342,15,24
2002,342,5,1
2003,342,15,8
2004,342,4,22
2005,343,11,14
2006,343,17,9
2007,343,19,7
2008,343,4,13
2009,344,6,12
2010,344,18,8
2011,344,14,1
2012,344,12,21
2013,344,24,4
2014,345,5,22
2015,345,2,0
2016,345,19,2
2017,345,11,18
2018,345,16,0
2019,346,9,13
2020,346,24,11
2021,346,14,2
2022,346,5,14
2023,346,17,2
2024,346,20,13
2025,346,24,18
2026,347,2,13
2027,347,17,11
2028,347,2,16
2029,347,20,3
2030,347,5,8
2031,348,17,9
2032,348,0,19
2033,348,20,4
2034,348,13,23
2035,348,14,12
2036,348,2,0
2037,348,18,12
2038,348,20,4
2039,349,23,2
2040,349,10,9
2041,349,0,4
2042,349,21,3
2043,349,19,23
2044,350,3,17
2045,350,16,18
2046,350,0,19
2047,350,0,21
2048,351,15,18
2049,351,13,23
2050,351,12,24
2051,351,8,11
2052,352,24,12
2053,352,14,1
2054,352,17,14
2055,352,9,16
2056,353,15,0
2057,353,3,11
2058,353,4,23
2059,353,15,1
2060,353,3,15
2061,353,10,20
2062,353,13,4
2063,354,17,21
2064,354,2,23
2065,354,23,5
2066,354,3,19
2067,354,14,5
2068,355,18,5
2069,355,16,6
2070,355,5,15
2071,355,12,4
2072,356,15,12
2073,356,15,3
2074,356,6,23
2075,356,15,9
2076,356,19,11
2077,356,9,1
2078,357,0,17
2079,357,13,20
2080,357,14,6
2081,357,12,8
2082,357,4,17
2083,357,14,22
2084,358,8,23
2085,358,0,8
2086,358,0,13
2087,358,12,0
2088,358,24,15
2089,359,11,1
2090,359,3,18
2091,359,0,12
2092,359,15,13
2093,359,16,8
2094,360,16,18
2095,360,11,17
2096,360,20,5
2097,360,11,9
2098,360,18,16
2099,360,1,24
2100,360,24,14
2101,360,6,10
2102,360,0,18
2103,360,21,13
2104,360,22,8
2105,361,6,3
2106,361,5,21
2107,361,20,10
2108,361,1,4
2109,361,4,16
2110,362,6,10
2111,362,10,16
2112,362,17,11
2113,363,7,17
2114,363,5,3
2115,363,4,10
2116,364,9,3
2117,364,8,10
2118,364,12,18
2119,364,18,9
2120,364,12,2
2121,364,23,21
2122,364,10,6
2123,364,23,4
2124,364,20,9
2125,365,1,13
2126,365,9,17
2127,365,2,12
2128,365,8,19
2129,365,24,5
2130,365,11,8
2131,366,6,20
2132,366,24,10
2133,366,4,14
2134,367,17,4
2135,367,23,12
2136,367,9,6
2137,367,22,1
2138,367,24,1
2139,367,24,4
2140,368,0,6
2141,368,23,21
2142,369,3,11
2143,369,24,3
2144,369,20,10
2145,370,15,12
2146,370,8,12
2147,370,14,12
2148,370,22,12
2149,370,23,0
2150,370,2,10
2151,370,18,10
2152,371,7,3
2153,371,13,4
2154,371,16,10
2155,371,6,16
2156,372,6,12
2157,372,12,5
2158,373,13,1
2159,373,22,2
2160,373,24,12
2161,373,6,0
2162,373,3,13
2163,373,12,5
2164,373,13,20
2165,374,23,2
2166,374,23,3
2167,374,3,19
2168,374,23,12
2169,374,10,19
2170,374,24,7
2171,374,20,23
2172,375,4,14
2173,375,10,20
2174,376,0,14
2175,376,23,12
2176,376,13,7
2177,376,7,10
2178,377,22,5
2179,377,14,7
2180,377,11,5
2181,377,0,12
2182,378,8,15
2183,378,23,14
2184,378,22,11
2185,378,15,12
2186,379,21,19
2187,379,1,20
2188,379,0,9
2189,380,12,23
2190,380,14,7
2191,380,5,9
2192,380,2,11
2193,380,13,0
2194,380,21,10
2195,380,1,19
2196,381,21,9
2197,381,1,20
2198,381,2,16
2199,381,3,17
2200,381,9,0
2201,381,23,17
2202,381,9,17
2203,381,1,11
2204,382,13,24
2205,382,21,15
2206,382,2,12
2207,382,2,19
2208,382,16,20
2209,383,1,14
2210,383,5,8
2211,383,12,22
2212,383,20,2
2213,383,13,5
2214,383,9,22
2215,383,17,10
2216,384,15,14
2217,384,5,8
2218,384,14,10
2219,384,20,24
2220,384,7,3
2221,384,0,15
2222,384,17,13
2223,384,21,9
2224,385,18,14
2225,385,22,0
2226,386,7,15
2227,386,8,0
2228,386,20,17
2229,386,19,15
2230,386,15,18
2231,386,8,14
2232,386,21,17
2233,387,14,12
2234,387,14,15
2235,387,16,0
2236,388,7,13
2237,388,2,11
2238,388,17,1
2239,388,9,21
2240,388,7,16
2241,388,18,16
2242,388,1,9
2243,388,23,16
2244,389,12,3
2245,389,16,9
2246,389,2,8
2247,389,23,19
2248,390,17,19
2249,390,2,15
2250,390,15,4
2251,390,15,4
2252,390,18,21
2253,390,14,0
2254,390,21,8
2255,391,9,12
2256,391,24,15
2257,391,7,20
2258,391,7,19
2259,391,15,0
2260,391,13,19
2261,392,2,17
2262,392,23,20
2263,392,11,23
2264,393,6,13
2265,393,17,7
2266,393,19,20
2267,394,11,20
2268,394,15,24
2269,394,24,18
2270,394,9,20
2271,394,20,11
2272,394,11,14
2273,395,10,1
2274,395,0,24
2275,395,22,5
2276,395,8,21
2277,396,8,17
2278,396,21,1
2279,396,22,15
2280,396,20,0
2281,397,17,8
2282,397,19,12
2283,397,12,1
2284,397,6,21
2285,397,15,14
2286,397,13,24
2287,398,0,4
2288,398,11,19
2289,398,23,4
2290,398,2,5
2291,399,14,16
2292,399,4,11
2293,399,14,8
2294,399,17,13
2295,399,4,20
2296,399,17,13
2297,400,10,1
2298,400,9,17
2299,400,0,15
2300,400,10,9
2301,400,14,17
2302,400,11,15
2303,401,15,18
2304,401,22,20
2305,401,5,13
2306,402,2,11
2307,402,15,24
2308,402,5,15
2309,402,24,13
2310,402,8,22
2311,402,24,5
2312,402,19,16
2313,403,17,14
2314,403,8,11
2315,403,1,12
2316,403,21,8
2317,403,16,5
2318,404,5,1
2319,404,22,1
2320,404,17,20
2321,404,16,12
2322,404,10,6
2323,404,2,21
2324,404,0,14
2325,404,21,3
2326,405,17,1
2327,405,11,13
2328,405,9,6
2329,405,13,17
2330,405,5,23
2331,405,8,11
2332,406,10,24
2333,406,24,5
2334,406,22,13
2335,407,21,17
2336,407,23,10
2337,407,7,10
2338,407,24,11
2339,407,3,14
2340,407,4,11
2341,408,23,12
2342,408,15,14
2343,408,16,7
2344,408,0,18
2345,408,12,2
2346,409,8,15
2347,409,10,3
2348,409,3,18
2349,410,3,16
2350,410,21,24
2351,410,23,11
2352,410,1,7
2353,410,7,15
2354,410,23,6
2355,410,24,6
2356,410,18,3
2357,411,6,16
2358,411,6,22
2359,411,23,11
2360,411,12,14
2361,411,5,20
2362,411,17,21
2363,411,13,5
2364,412,4,11
2365,412,12,20
2366,412,13,9
2367,412,12,14
2368,412,0,12
2369,413,19,23
2370,413,15,12
2371,414,24,8
2372,414,19,3
2373,414,7,3
2374,414,6,15
2375,415,4,19
2376,416,22,1
2377,416,3,23
2378,416,22,5
2379,417,14,18
2380,417,6,22
2381,417,21,12
2382,417,20,6
2383,417,24,0
2384,417,22,16
2385,418,0,3
2386,418,19,21
2387,418,0,4
2388,418,23,9
2389,418,16,24
2390,419,18,12
2391,420,11,9
2392,420,5,24
2393,420,0,10
2394,420,23,6
2395,421,16,1
2396,421,9,22
2397,421,14,5
2398,422,7,19
2399,422,1,4
2400,422,17,7
2401,422,3,17
2402,422,2,17
2403,422,0,17
2404,423,19,4
2405,423,1,13
2406,423,22,8
2407,423,1,22
2408,423,21,12
2409,424,6,23
2410,424,9,19
2411,424,2,12
2412,424,15,24
2413,424,10,2
2414,424,22,19
2415,425,2,16
2416,425,1,14
2417,426,2,24
2418,426,23,0
2419,426,22,7
2420,426,22,7
2421,426,6,13
2422,426,9,0
2423,426,14,3
2424,427,10,17
2425,427,12,23
2426,427,24,13
2427,427,15,11
2428,427,19,22
2429,427,7,20
2430,427,23,1
2431,427,18,14
2432,428,19,2
2433,428,3,22
2434,428,21,18
2435,428,5,4
2436,428,13,16
2437,428,11,15
2438,428,19,16
2439,428,6,12
2440,428,16,8
2441,428,22,10
2442,428,13,15
2443,428,13,19
2444,429,3,14
2445,429,23,12
2446,429,16,20
2447,429,13,24
2448,429,10,24
2449,429,16,20
2450,429,23,20
2451,429,16,19
2452,429,8,21
2453,429,1,20
2454,429,8,11
2455,429,7,22
2456,430,7,10
2457,430,21,17
2458,430,20,17
2459,430,1,13
2460,431,16,23
2461,431,2,22
2462,431,20,0
2463,431,0,6
2464,431,16,9
2465,432,17,19
2466,432,14,8
2467,432,2,6
2468,432,1,8
2469,432,14,5
2470,432,4,13
2471,433,3,11
2472,433,2,13
2473,433,5,3
2474,433,2,14
2475,433,21,18
2476,434,15,12
2477,434,11,2
2478,434,8,2
2479,434,5,24
2480,434,23,8
2481,434,13,9
2482,434,3,7
2483,435,12,16
2484,435,20,3
2485,435,17,6
2486,435,14,2
2487,435,1,7
2488,436,5,20
2489,436,16,19
2490,436,13,5
2491,436,7,16
2492,436,24,21
2493,436,17,15
2494,437,7,24
2495,437,16,13
2496,437,22,24
2497,437,7,24
2498,437,23,11
2499,437,3,24
2500,437,15,17
2501,438,1,5
2502,438,14,7
2503,439,6,19
2504,439,17,0
2505,439,13,20
2506,439,11,23
2507,439,0,19
2508,439,20,12
2509,440,13,6
2510,440,21,24
2511,440,13,16
2512,440,9,5
2513,440,1,12
2514,440,11,17
2515,440,10,7
2516,440,14,23
2517,440,10,18
2518,440,6,4
2519,441,22,8
2520,441,17,14
2521,442,19,21
2522,442,13,6
2523,442,0,3
2524,443,5,4
2525,443,11,21
2526,443,20,5
2527,443,14,24
2528,443,23,0
2529,443,20,14
2530,444,6,19
2531,444,22,2
2532,444,16,4
2533,444,7,0
2534,444,12,14
2535,444,23,7
2536,444,20,1
2537,444,15,9
2538,444,7,24
2539,445,22,1
2540,445,14,24
2541,445,3,13
2542,445,10,8
2543,445,3,5
2544,446,17,24
2545,446,4,22
2546,446,23,17
2547,446,18,9
2548,446,7,11
2549,446,13,23
2550,446,7,20
2551,446,7,10
2552,446,6,18
2553,447,16,22
2554,447,8,23
2555,448,2,11
2556,449,17,20
2557,449,23,4
2558,449,4,1
2559,449,4,1
2560,449,21,5
2561,449,4,11
2562,449,23,6
2563,450,20,14
2564,450,18,11
2565,450,9,13
2566,450,19,4
2567,450,23,15
2568,451,9,6
2569,451,23,6
2570,451,16,14
2571,451,22,19
2572,451,12,9
2573,451,8,19
2574,451,16,18
2575,452,10,7
2576,452,17,23
2577,453,19,2
2578,453,15,11
2579,453,14,3
2580,453,0,23
2581,453,12,21
2582,453,8,16
2583,454,6,14
2584,454,7,24
2585,454,8,15
2586,454,2,18
2587,454,24,3
2588,454,19,12
2589,455,12,0
2590,455,7,0
2591,455,1,24
2592,455,1,5
2593,455,14,18
2594,455,6,17
2595,455,10,8
2596,456,22,8
2597,456,13,16
2598,456,15,0
2599,456,13,2
2600,456,6,24
2601,456,17,3
2602,456,10,22
2603,457,0,7
2604,457,11,4
2605,457,6,24
2606,457,1,19
2607,457,20,8
2608,458,5,17
2609,458,8,22
2610,458,4,14
2611,458,12,2
2612,458,8,22
2613,458,4,24
2614,458,4,14
2615,458,23,0
2616,458,21,11
2617,458,2,4
2618,459,9,2
2619,459,16,0
2620,459,9,6
2621,460,20,18
2622,460,12,8
2623,460,13,10
2624,461,3,21
2625,461,3,15
2626,461,16,20
2627,461,19,16
2628,462,19,6
2629,462,10,4
2630,462,20,16
2631,462,12,9
2632,462,6,19
2633,462,16,13
2634,462,14,10
2635,463,12,18
2636,463,5,15
2637,463,5,2
2638,463,4,0
2639,463,4,14
2640,463,12,8
2641,463,6,10
2642,463,15,8
2643,463,23,17
2644,464,24,21
2645,464,2,10
2646,464,7,3
2647,464,6,8
2648,465,17,0
2649,465,9,13
2650,465,17,5
2651,465,13,6
2652,465,7,16
2653,466,5,23
2654,466,20,1
2655,466,12,4
2656,466,14,7
2657,466,20,4
2658,467,3,0
2659,467,12,5
2660,467,0,22
2661,467,15,1
2662,467,14,24
2663,467,10,22
2664,467,10,19
2665,467,21,0
2666,468,0,2
2667,468,22,12
2668,468,21,10
2669,468,5,11
2670,469,11,13
2671,469,14,6
2672,469,23,15
2673,469,8,6
2674,470,0,16
2675,470,9,24
2676,470,21,0
2677,470,24,5
2678,470,8,16
2679,471,12,22
2680,471,22,2
2681,471,15,11
2682,471,6,0
2683,471,0,9
2684,471,17,1
2685,471,9,18
2686,471,6,10
2687,471,12,10
2688,471,9,17
2689,472,5,15
2690,472,12,23
2691,472,18,11
2692,472,18,21
2693,473,19,2
2694,473,2,19
2695,473,22,3
2696,473,19,3
2697,473,17,4
2698,473,24,22
2699,473,18,4
2700,473,14,10
2701,474,2,5
2702,474,22,1
2703,474,22,1
2704,474,21,17
2705,474,22,5
2706,474,14,18
2707,474,18,6
2708,474,8,20
2709,474,4,7
2710,475,2,19
2711,475,0,3
2712,475,20,16
2713,475,24,1
2714,475,15,19
2715,475,3,0
2716,475,23,16
2717,476,14,3
2718,476,4,15
2719,476,15,4
2720,477,13,23
2721,477,10,14
2722,477,0,23
2723,477,12,23
2724,477,16,18
2725,477,14,2
2726,478,19,13
2727,478,10,7
2728,478,6,17
2729,478,17,6
2730,478,22,18
2731,478,5,3
2732,478,16,4
2733,478,10,3
2734,479,14,24
2735,479,9,0
2736,479,4,8
2737,479,0,10
2738,479,0,23
2739,480,10,17
2740,480,13,17
2741,480,3,1
2742,481,6,15
2743,481,16,22
2744,481,9,18
2745,481,4,18
2746,481,16,6
2747,481,11,24
2748,481,23,8
2749,481,0,15
2750,481,17,3
2751,481,17,7
2752,481,4,15
2753,482,3,24
2754,482,9,3
2755,482,22,15
2756,482,8,5
2757,482,21,7
2758,482,24,20
2759,483,14,7
2760,483,23,0
2761,483,7,19
2762,483,6,14
2763,483,2,15
2764,483,0,12
2765,484,8,24
2766,484,21,23
2767,484,13,3
2768,484,24,10
2769,485,6,10
2770,485,3,22
2771,485,23,8
2772,485,22,2
2773,485,20,5
2774,485,18,16
2775,485,1,14
2776,486,13,4
2777,486,13,1
2778,487,1,9
2779,487,8,5
2780,487,6,24
2781,487,12,14
2782,487,1,24
2783,488,2,12
2784,488,1,18
2785,489,14,8
2786,489,18,14
2787,489,5,4
2788,489,4,16
2789,489,3,16
2790,490,1,11
2791,490,13,0
2792,490,17,23
2793,490,13,2
2794,490,6,19
2795,491,3,12
2796,491,0,16
2797,491,2,10
2798,491,11,17
2799,491,2,12
2800,491,22,18
2801,491,8,2
2802,492,12,1
2803,492,3,14
2804,493,24,5
2805,493,22,24
2806,494,23,15
2807,494,4,13
2808,494,19,16
2809,495,11,3
2810,495,10,24
2811,495,5,22
2812,495,7,18
2813,495,19,23
2814,496,9,23
2815,496,6,4
2816,496,22,10
2817,496,9,12
2818,496,9,22
2819,496,22,9
2820,497,14,22
2821,497,4,16
2822,497,22,0
2823,497,20,19
2824,497,13,11
2825,498,24,3
2826,498,19,13
2827,498,24,6
2828,498,15,7
2829,498,9,18
2830,498,23,12
2831,498,7,3
2832,498,6,0
2833,498,17,9
2834,498,0,23
2835,498,18,14
2836,499,4,0
2837,499,15,17
2838,499,7,17
2839,499,13,7
2840,500,22,5
2841,500,17,19
2842,500,8,23
2843,500,20,24
2844,500,14,2
2845,500,18,7
2846,500,22,5
2847,500,9,13
2848,500,24,6
2849,501,23,8
2850,501,4,0
2851,501,11,1
2852,501,17,23
2853,502,12,1
2854,502,14,3
2855,502,15,8
2856,502,4,20
2857,502,18,14
2858,502,8,12
2859,502,1,24
2860,502,4,24
2861,502,19,15
2862,502,24,18
2863,502,8,24
2864,502,3,14
2865,502,13,20
2866,502,12,2
2867,503,24,1
2868,503,4,0
2869,503,8,1
2870,503,18,14
2871,503,20,12
2872,503,22,10
2873,503,6,15
2874,503,10,21
2875,503,14,7
2876,504,4,8
2877,504,20,7
2878,504,16,2
2879,504,24,22
2880,505,24,3
2881,505,23,13
2882,505,10,6
2883,505,9,10
2884,505,20,23
2885,506,2,15
2886,506,20,0
2887,506,21,3
2888,506,19,7
2889,506,6,0
2890,507,13,24
2891,507,12,8
2892,507,22,10
2893,507,5,20
2894,507,15,5
2895,508,23,3
2896,508,23,12
2897,508,2,19
2898,508,17,21
2899,508,3,9
2900,508,15,21
2901,509,2,0
2902,509,0,16
2903,509,20,13
2904,509,8,15
2905,509,19,6
2906,509,7,0
2907,509,15,22
2908,509,6,18
2909,510,23,7
2910,510,15,3
2911,510,22,3
2912,511,1,8
2913,511,16,23
2914,511,2,22
2915,511,17,2
2916,512,11,24
2917,512,14,18
2918,512,9,16
2919,512,22,6
2920,513,9,10
2921,513,10,19
2922,513,4,2
2923,513,23,1
2924,513,18,22
2925,514,20,10
2926,514,8,10
2927,514,12,20
2928,514,0,16
2929,514,2,17
2930,514,22,20
2931,514,17,0
2932,514,10,20
2933,514,20,16
2934,514,14,4
2935,514,8,0
2936,514,0,2
2937,515,12,10
2938,515,3,7
2939,515,10,4
2940,515,1,11
2941,515,8,12
2942,515,17,9
2943,515,0,16
2944,516,19,5
2945,516,15,11
2946,516,5,16
2947,516,4,10
2948,516,22,20
2949,516,19,20
2950,517,19,9
2951,517,1,9
2952,517,19,16
2953,517,18,24
2954,517,0,4
2955,517,4,18
2956,517,8,23
2957,517,22,1
2958,517,3,21
2959,517,7,0
2960,517,19,21
2961,517,10,2
2962,518,20,3
2963,518,16,20
2964,519,5,7
2965,519,3,13
2966,519,15,8
2967,519,8,11
2968,519,16,23
2969,519,14,21
2970,520,8,1
2971,520,2,22
2972,520,24,0
2973,520,20,17
2974,521,21,13
2975,521,15,18
2976,521,15,19
2977,522,11,20
2978,522,9,15
2979,522,1,24
2980,522,8,21
2981,522,20,5
2982,522,24,1
2983,522,7,16
2984,523,20,7
2985,523,21,10
2986,523,10,8
2987,523,10,20
2988,523,12,21
2989,524,0,21
2990,524,4,7
2991,524,21,24
2992,524,4,18
2993,525,21,19
2994,525,5,8
2995,525,1,19
2996,525,20,8
2997,525,22,15
2998,525,3,17
2999,526,19,15
3000,526,21,1
3001,526,23,17
3002,526,3,9
3003,526,9,6
3004,526,5,21
3005,526,13,7
3006,527,13,16
3007,527,3,23
3008,527,12,15
3009,528,17,24
3010,528,18,0
3011,528,20,18
3012,529,7,13
3013,529,20,11
3014,529,19,4
3015,530,4,17
3016,530,15,1
3017,530,10,24
3018,530,7,3
3019,531,12,6
3020,531,10,18
3021,531,6,13
3022,531,22,15
3023,532,11,1
3024,532,5,16
3025,532,24,10
3026,532,17,11
3027,532,9,6
3028,532,13,19
3029,532,22,3
3030,532,10,20
3031,532,6,19
3032,532,19,6
3033,532,21,2
3034,533,22,13
3035,533,5,4
3036,533,20,4
3037,534,21,4
3038,534,4,20
3039,534,23,20
3040,534,16,22
3041,534,1,16
3042,534,15,7
3043,534,12,16
3044,535,10,24
3045,535,1,20
3046,536,14,0
3047,536,5,12
3048,536,23,5
3049,537,21,1
3050,537,18,21
3051,537,15,9
3052,537,16,9
3053,537,9,2
3054,537,14,12
3055,537,17,13
3056,538,22,18
3057,538,10,22
3058,538,4,15
3059,538,1,13
3060,538,23,8
3061,538,20,1
3062,539,23,5
3063,539,4,12
3064,539,10,18
3065,539,18,5
3066,540,12,8
3067,540,15,7
3068,540,7,20
3069,540,17,19
3070,541,15,6
3071,541,4,8
3072,541,15,7
3073,541,20,2
3074,541,17,23
3075,541,7,3
3076,541,14,1
3077,542,5,1
3078,542,10,22
3079,542,8,19
3080,542,13,19
3081,542,15,8
3082,542,1,20
3083,542,13,15
3084,543,4,19
3085,543,16,5
3086,543,1,18
3087,544,16,5
3088,544,8,11
3089,544,21,14
3090,544,9,13
3091,544,13,15
3092,545,20,9
3093,545,13,10
3094,545,0,2
3095,545,13,5
3096,545,19,9
3097,545,5,11
3098,545,6,10
3099,545,1,19
3100,545,22,10
3101,546,3,0
3102,546,13,16
3103,546,15,5
3104,546,15,14
3105,547,12,6
3106,547,7,23
3107,547,24,11
3108,547,3,5
3109,547,10,23
3110,547,23,8
3111,548,14,10
3112,548,16,12
3113,548,12,16
3114,548,24,0
3115,548,7,15
3116,548,19,5
3117,549,10,22
3118,549,15,14
3119,549,18,0
3120,550,17,0
3121,550,24,13
3122,550,24,21
3123,550,10,23
3124,550,0,8
3125,550,4,24
3126,550,19,2
3127,551,12,10
3128,551,10,23
3129,551,19,13
3130,551,1,3
3131,551,18,9
3132,551,20,14
3133,552,14,22
3134,552,19,9
3135,552,24,3
3136,552,24,1
3137,552,16,22
3138,552,15,12
3139,552,19,5
3140,553,9,6
3141,553,15,23
3142,553,10,14
3143,553,21,5
3144,553,3,7
3145,553,12,15
3146,553,3,15
3147,553,2,13
3148,553,23,3
3149,553,6,24
3150,553,10,9
3151,553,17,24
3152,554,16,0
3153,554,13,7
3154,554,19,21
3155,554,20,0
3156,554,2,6
3157,555,12,1
3158,555,17,23
3159,555,16,19
3160,555,4,11
3161,555,18,24
3162,556,24,5
3163,556,14,15
3164,556,18,8
3165,556,1,5
3166,556,2,8
3167,556,3,16
3168,557,4,19
3169,557,10,1
3170,557,13,19
3171,557,12,20
3172,557,19,6
3173,557,10,1
3174,558,3,12
3175,558,9,22
3176,558,24,8
3177,558,20,1
3178,559,5,2
3179,559,11,24
3180,559,7,1
3181,559,22,12
3182,560,9,7
3183,560,24,14
3184,560,15,21
3185,560,20,2
3186,560,6,0
3187,561,5,1
3188,561,2,10
3189,561,19,12
3190,561,9,19
3191,562,14,18
3192,562,12,8
3193,562,2,12
3194,562,11,2
3195,562,15,22
3196,562,3,24
3197,562,20,6
3198,562,5,9
3199,563,2,12
3200,563,6,17
3201,563,14,3
3202,563,21,9
3203,563,0,16
3204,564,15,12
3205,565,12,16
3206,565,5,7
3207,565,10,6
3208,565,17,5
3209,565,7,4
3210,566,9,2
3211,566,13,17
3212,566,14,16
3213,566,22,9
3214,566,24,15
3215,566,2,19
3216,566,15,5
3217,566,7,13
3218,566,7,17
3219,567,10,17
3220,567,17,0
3221,567,7,21
3222,567,7,14
3223,568,6,15
3224,568,7,19
3225,568,1,10
3226,568,22,10
3227,568,16,12
3228,569,15,6
3229,569,9,21
3230,569,13,0
3231,569,21,19
3232,569,17,21
3233,569,8,21
3234,569,10,23
3235,569,23,21
3236,569,5,3
3237,570,20,19
3238,570,3,22
3239,570,13,1
3240,570,23,6
3241,570,11,9
3242,570,20,23
3243,571,17,1
3244,571,9,11
3245,571,3,1
3246,571,9,1
3247,571,8,14
3248,571,20,19
3249,571,17,1
3250,572,14,6
3251,572,14,1
3252,572,19,21
3253,572,15,24
3254,572,14,18
3255,572,7,22
3256,572,16,12
3257,572,7,24
3258,572,1,11
3259,573,8,22
3260,573,12,14
3261,573,10,20
3262,573,13,11
3263,573,22,6
3264,573,8,23
3265,574,10,12
3266,574,14,16
3267,574,23,12
3268,574,20,17
3269,574,4,8
3270,574,20,11
3271,574,3,13
3272,574,18,7
3273,574,4,18
3274,574,0,6
3275,574,11,24
3276,574,13,9
3277,575,22,12
3278,575,14,7
3279,575,0,22
3280,575,12,16
3281,575,2,16
3282,575,1,4
3283,575,12,10
3284,576,23,19
3285,576,13,4
3286,576,20,5
3287,576,20,16
3288,576,2,24
3289,576,6,14
3290,577,14,1
3291,577,14,10
3292,577,10,24
3293,577,21,1
3294,577,23,12
3295,577,0,9
3296,578,9,10
3297,578,9,24
3298,578,4,15
3299,578,20,8
3300,578,9,16
3301,578,11,3
3302,578,14,0
3303,579,22,4
3304,579,3,14
3305,579,17,14
3306,579,24,21
3307,579,8,16
3308,579,5,4
3309,579,4,21
3310,580,1,8
3311,580,15,5
3312,580,2,12
3313,580,24,17
3314,580,7,22
3315,580,1,7
3316,581,20,11
3317,581,17,0
3318,581,12,10
3319,581,18,7
3320,581,4,24
3321,581,3,24
3322,581,6,22
3323,581,23,9
3324,581,8,4
3325,581,14,8
3326,581,20,19
3327,582,15,6
3328,582,13,23
3329,582,7,24
3330,582,5,3
3331,582,20,11
3332,583,11,17
3333,583,7,10
3334,584,6,0
3335,584,8,22
3336,584,14,4
3337,584,13,19
3338,584,20,14
3339,584,15,7
3340,584,6,19
3341,584,12,1
3342,584,8,5
3343,585,23,8
3344,585,15,1
3345,585,24,10
3346,585,13,17
3347,585,24,11
3348,585,12,8
3349,585,9,21
3350,585,23,14
3351,585,11,5
3352,586,14,4
3353,586,14,0
3354,586,20,3
3355,586,20,1
3356,586,24,1
3357,587,15,3
3358,587,7,13
3359,587,0,13
3360,587,11,13
3361,587,13,3
3362,587,11,7
3363,587,4,24
3364,587,4,23
3365,587,1,14
3366,588,3,12
3367,588,17,9
3368,588,17,13
3369,588,10,13
3370,588,6,9
3371,588,9,2
3372,588,21,3
3373,588,16,10
3374,588,13,1
3375,588,17,14
3376,589,5,7
3377,589,19,5
3378,589,22,7
3379,589,20,10
3380,589,13,19
3381,589,3,20
3382,589,2,22
3383,589,9,5
3384,590,6,15
3385,590,6,21
3386,590,16,8
3387,590,7,4
3388,590,10,13
3389,590,22,15
3390,591,24,16
3391,591,22,20
3392,591,13,23
3393,591,8,16
3394,591,6,22
3395,591,23,3
3396,591,23,17
3397,592,16,10
3398,592,15,3
3399,592,6,17
3400,593,8,6
3401,593,12,4
3402,593,11,5
3403,593,0,19
3404,593,17,0
3405,593,23,0
3406,593,3,17
3407,594,19,3
3408,594,5,15
3409,594,24,3
3410,594,6,14
3411,594,7,3
3412,594,12,22
3413,594,9,16
3414,594,20,13
3415,594,14,20
3416,595,18,1
3417,595,14,16
3418,595,17,13
3419,595,19,13
3420,595,6,12
3421,595,10,12
3422,596,9,23
3423,596,1,19
3424,596,4,15
3425,596,0,9
3426,596,1,18
3427,597,7,14
3428,597,3,16
3429,597,24,5
3430,597,3,5
3431,597,1,22
3432,597,19,11
3433,598,7,19
3434,599,8,0
3435,599,11,21
3436,599,7,22
3437,599,23,5
3438,599,5,8
3439,599,18,21
3440,599,15,17
3441,600,23,20
3442,600,23,6
3443,600,4,5
3444,600,11,22
3445,600,19,9
3446,600,10,16
3447,600,7,13
3448,601,4,24
3449,601,3,23
3450,601,2,21
3451,601,18,5
3452,601,0,10
3453,601,16,19
3454,602,4,18
3455,602,9,11
3456,602,24,9
3457,602,15,1
3458,602,19,21
3459,602,10,22
3460,602,8,0
3461,603,1,3
3462,603,15,11
3463,604,8,11
3464,604,19,12
3465,604,8,16
3466,604,16,19
3467,604,17,1
3468,605,11,21
3469,605,14,12
3470,605,23,2
3471,605,1,3
3472,605,4,18
3473,606,6,2
3474,606,16,20
3475,606,14,6
3476,606,14,2
3477,606,23,19
3478,606,18,12
3479,606,2,21
3480,607,11,8
3481,607,10,8
3482,607,18,6
3483,607,4,15
3484,608,24,3
3485,609,10,19
3486,609,10,12
3487,609,7,24
3488,609,18,20
3489,609,4,16
3490,609,7,24
3491,610,19,20
3492,610,10,2
3493,610,3,7
3494,610,21,15
3495,610,4,0
3496,611,20,1
3497,611,21,17
3498,611,22,12
3499,611,24,21
3500,611,8,18
3501,612,18,15
3502,612,11,23
3503,612,18,22
3504,612,12,2
3505,612,21,6
3506,613,3,11
3507,613,5,12
3508,613,15,21
3509,613,15,19
3510,613,1,12
3511,613,16,22
3512,613,24,18
3513,613,18,4
3514,613,17,19
3515,614,21,7
3516,614,17,11
3517,614,1,17
3518,614,20,17
3519,614,7,20
3520,614,22,20
3521,614,24,14
3522,614,17,23
3523,615,13,15
3524,615,4,11
3525,615,21,17
3526,615,19,15
3527,615,22,9
3528,616,18,22
3529,616,16,23
3530,616,11,7
3531,616,6,14
3532,616,9,18
3533,616,15,21
3534,617,4,21
3535,617,21,10
3536,617,14,11
3537,618,8,0
3538,618,0,3
3539,618,20,16
3540,618,5,19
3541,618,11,18
3542,618,0,18
3543,618,23,17
3544,619,13,2
3545,619,3,24
3546,620,3,5
3547,620,22,20
3548,620,16,4
3549,620,18,5
3550,620,7,23
3551,620,15,8
3552,620,21,9
3553,621,14,16
3554,621,3,13
3555,621,2,5
3556,621,14,17
3557,621,24,4
3558,622,7,19
3559,622,1,11
3560,622,17,20
3561,622,0,19
3562,622,8,10
3563,623,18,21
3564,623,8,19
3565,623,20,3
3566,623,22,7
3567,623,4,18
3568,624,1,9
3569,624,1,9
3570,624,22,9
3571,624,14,24
3572,624,7,21
3573,624,0,17
3574,624,18,21
3575,624,16,7
3576,625,15,23
3577,625,3,11
3578,625,5,22
3579,625,20,18
3580,625,24,12
3581,625,14,22
3582,625,2,19
3583,626,5,12
3584,626,7,14
3585,626,16,12
3586,626,1,20
3587,626,22,4
3588,626,7,17
3589,627,24,21
3590,627,5,16
3591,627,13,22
3592,627,10,8
3593,627,13,7
3594,627,8,14
3595,628,18,15
3596,628,10,2
3597,629,9,11
3598,629,23,0
3599,629,11,20
3600,629,13,17
3601,630,22,8
3602,630,12,22
3603,630,4,6
3604,630,8,14
3605,630,10,6
3606,630,3,6
3607,630,15,2
3608,631,10,16
3609,631,20,5
3610,631,20,2
3611,631,17,6
3612,631,16,7
3613,631,7,21
3614,631,15,9
3615,631,14,18
3616,632,5,22
3617,632,11,2
3618,632,24,1
3619,632,24,22
3620,632,16,23
3621,632,23,2
3622,632,9,3
3623,632,18,15
3624,633,14,6
3625,633,23,5
3626,633,4,24
3627,633,8,14
3628,633,15,12
3629,634,4,22
3630,634,21,14
3631,634,12,23
3632,634,16,8
3633,635,15,11
3634,635,7,4
3635,635,3,9
3636,635,14,17
3637,635,4,16
3638,635,0,10
3639,636,0,24
3640,636,19,20
3641,636,17,0
3642,636,1,13
3643,636,22,16
3644,636,21,8
3645,637,15,19
3646,637,21,14
3647,637,6,20
3648,637,8,10
3649,638,2,5
3650,638,20,18
3651,638,24,7
3652,638,16,13
3653,639,14,8
3654,639,24,6
3655,639,8,18
3656,639,13,1
3657,639,13,20
3658,639,6,12
3659,640,3,13
3660,640,23,7
3661,641,6,15
3662,641,4,10
3663,641,20,6
3664,641,1,17
3665,641,21,18
3666,642,0,22
3667,642,9,11
3668,642,1,17
3669,642,14,18
3670,642,12,4
3671,642,15,4
3672,642,18,6
3673,642,13,16
3674,643,24,20
3675,643,8,4
3676,643,24,16
3677,643,20,9
3678,643,5,17
3679,644,11,14
3680,644,4,23
3681,644,8,22
3682,644,19,23
3683,644,21,24
3684,645,16,6
3685,645,21,23
3686,645,15,7
3687,645,1,3
3688,645,12,19
3689,645,3,11
3690,646,1,21
3691,646,24,4
3692,646,11,18
3693,646,18,22
3694,646,10,13
3695,646,8,12
3696,646,23,2
3697,646,13,11
3698,646,17,23
3699,646,22,24
3700,647,5,21
3701,647,19,13
3702,647,22,20
3703,647,17,5
3704,647,9,13
3705,647,18,14
3706,647,13,20
3707,647,13,10
3708,647,8,23
3709,648,4,17
3710,648,5,1
3711,648,10,18
3712,648,0,9
3713,648,20,10
3714,648,8,4
3715,648,22,8
3716,649,1,5
3717,649,18,5
3718,649,0,3
3719,649,5,9
3720,649,10,12
3721,649,0,16
3722,649,7,15
3723,649,24,14
3724,649,6,17
3725,650,24,4
3726,650,9,24
3727,650,23,12
3728,650,10,12
3729,650,14,1
3730,651,22,24
3731,651,22,15
3732,651,4,2
3733,652,18,0
3734,652,14,15
3735,653,16,14
3736,653,9,0
3737,653,12,20
3738,653,21,5
3739,653,24,15
3740,654,18,6
3741,654,3,10
3742,654,0,10
3743,654,17,14
3744,655,23,1
3745,655,6,20
3746,655,8,4
3747,655,19,13
3748,655,2,21
3749,656,16,0
3750,656,20,12
3751,656,24,14
3752,656,3,24
3753,657,1,7
3754,657,21,6
3755,657,18,7
3756,657,2,8
3757,657,9,0
3758,657,9,10
3759,658,21,1
3760,658,4,17
3761,658,13,11
3762,658,14,18
3763,659,21,19
3764,659,19,12
3765,659,9,23
3766,659,3,1
3767,659,21,3
3768,659,20,23
3769,660,23,21
3770,660,22,24
3771,660,17,1
3772,660,20,4
3773,660,12,0
3774,661,22,4
3775,661,0,16
3776,661,16,5
3777,661,23,4
3778,661,3,17
3779,662,12,8
3780,662,24,18
3781,662,17,20
3782,662,4,12
3783,662,18,7
3784,662,9,24
3785,662,14,6
3786,662,17,6
3787,662,22,16
3788,662,8,4
3789,663,23,20
3790,664,22,8
3791,664,6,23
3792,664,2,11
3793,664,6,9
3794,664,19,11
3795,664,20,23
3796,664,10,4
3797,664,1,5
3798,665,24,16
3799,665,14,18
3800,665,18,0
3801,665,21,12
3802,665,2,5
3803,665,1,20
3804,666,1,17
3805,666,6,4
3806,666,13,20
3807,667,13,19
3808,667,5,21
3809,668,3,1
3810,668,23,11
3811,668,3,16
3812,668,13,19
3813,668,13,24
3814,669,17,3
3815,669,17,6
3816,669,14,24
3817,669,21,1
3818,669,14,20
3819,669,18,12
3820,669,10,24
3821,669,2,21
3822,670,24,13
3823,670,14,24
3824,670,5,7
3825,670,16,1
3826,670,10,14
3827,670,19,11
3828,670,3,20
3829,670,3,22
3830,670,3,13
3831,671,6,15
3832,671,14,15
3833,671,8,5
3834,671,2,20
3835,671,22,8
3836,671,21,3
3837,672,7,10
3838,672,10,8
3839,672,22,9
3840,672,15,13
3841,672,6,17
3842,672,16,23
3843,673,4,14
3844,673,15,5
3845,673,7,23
3846,673,24,7
3847,673,21,18
3848,673,3,20
3849,673,22,2
3850,673,20,0
3851,674,17,19
3852,674,5,2
3853,674,10,17
3854,675,2,6
3855,675,2,24
3856,675,6,22
3857,675,4,0
3858,676,15,5
3859,676,23,5
3860,676,15,7
3861,676,21,23
3862,676,2,13
3863,676,24,1
3864,676,24,8
3865,677,0,2
3866,677,4,15
3867,677,11,22
3868,677,3,23
3869,677,18,15
3870,677,12,2
3871,677,7,17
3872,678,1,18
3873,678,4,13
3874,678,5,3
3875,678,14,22
3876,679,2,12
3877,679,23,19
3878,679,16,20
3879,679,5,17
3880,679,10,14
3881,679,12,8
3882,679,2,17
3883,679,15,18
3884,680,19,4
3885,680,5,21
3886,681,21,12
3887,681,20,0
3888,681,2,5
3889,681,12,9
3890,681,7,5
3891,681,17,9
3892,681,13,17
3893,681,7,13
3894,681,1,9
3895,681,10,22
3896,681,14,24
3897,681,13,0
3898,682,3,19
3899,682,23,17
3900,682,7,24
3901,682,23,13
3902,683,12,10
3903,683,7,1
3904,683,0,10
3905,683,9,1
3906,683,14,11
3907,684,5,2
3908,684,13,23
3909,684,20,4
3910,684,23,8
3911,684,20,2
3912,684,2,24
3913,684,15,12
3914,684,0,18
3915,685,14,7
3916,685,12,21
3917,685,12,21
3918,685,3,23
3919,685,11,23
3920,686,13,0
3921,686,19,13
3922,686,16,8
3923,686,19,9
3924,686,4,21
3925,686,19,12
3926,686,18,12
3927,686,3,5
3928,686,9,6
3929,686,23,6
3930,687,5,2
3931,687,23,1
3932,687,9,24
3933,687,19,22
3934,687,15,5
3935,687,5,19
3936,688,16,13
3937,688,13,9
3938,688,14,0
3939,688,9,20
3940,689,8,11
3941,689,0,9
3942,689,3,0
3943,689,10,21
3944,689,6,2
3945,689,9,16
3946,689,3,1
3947,689,1,20
3948,690,19,17
3949,690,22,8
3950,690,19,3
3951,690,8,1
3952,691,14,11
3953,691,4,10
3954,691,14,0
3955,692,12,8
3956,692,22,9
3957,692,15,7
3958,692,24,20
3959,692,1,8
3960,692,7,14
3961,692,6,19
3962,692,19,22
3963,692,14,22
3964,692,18,16
3965,693,10,17
3966,693,16,18
3967,693,20,11
3968,694,19,10
3969,694,4,14
3970,694,4,22
3971,694,0,13
3972,694,12,4
3973,695,19,13
3974,695,15,11
3975,695,14,21
3976,695,5,24
3977,695,4,19
3978,695,4,14
3979,695,5,21
3980,695,17,20
3981,695,1,3
3982,695,18,24
3983,695,0,23
3984,696,15,9
3985,696,9,12
3986,696,10,9
3987,696,16,6
3988,696,6,4
3989,696,19,5
3990,696,23,9
3991,697,16,7
3992,697,13,10
3993,697,16,20
3994,697,0,17
3995,697,19,20
3996,697,10,6
3997,698,23,21
3998,698,13,2
3999,698,22,6
4000,698,1,15
4001,698,4,8
4002,698,3,0
4003,698,0,7
4004,698,10,18
4005,698,17,8
4006,698,15,19
4007,699,13,17
4008,699,21,6
4009,699,19,2
4010,699,21,2
4011,699,1,17
4012,699,11,1
4013,699,11,14
4014,699,7,23
4015,699,19,5
4016,700,11,1
4017,700,21,7
4018,701,16,3
4019,701,18,10
4020,701,16,5
4021,701,16,18
4022,701,2,6
4023,701,22,10
4024,701,14,4
4025,701,9,6
4026,702,20,18
4027,703,11,2
4028,703,8,5
4029,703,0,11
4030,703,0,9
4031,703,23,20
4032,703,1,10
4033,703,11,3
4034,704,1,21
4035,704,22,24
4036,704,15,6
4037,704,13,17
4038,704,24,9
4039,704,24,7
4040,704,24,0
4041,704,0,11
4042,705,15,8
4043,705,7,9
4044,705,6,24
4045,705,20,17
4046,705,21,6
4047,705,1,7
4048,706,2,5
4049,706,7,14
4050,706,20,6
4051,707,2,14
4052,707,1,17
4053,707,15,5
4054,707,6,9
4055,707,0,22
4056,708,8,10
4057,708,7,10
4058,708,15,23
4059,708,13,20
4060,708,13,24
4061,708,15,7
4062,709,24,12
4063,709,2,23
4064,709,20,14
4065,709,11,15
4066,709,22,4
4067,709,1,12
4068,709,22,24
4069,709,21,14
4070,709,10,20
4071,709,16,20
4072,709,16,0
4073,709,14,6
4074,710,6,10
4075,710,1,17
4076,710,15,12
4077,710,0,4
4078,710,11,22
4079,710,9,20
4080,711,18,4
4081,711,22,18
4082,711,8,0
4083,711,5,18
4084,711,3,19
4085,712,8,18
4086,712,19,13
4087,712,10,9
4088,713,0,3
4089,713,5,18
4090,713,8,4
4091,713,7,21
4092,713,10,17
4093,714,8,18
4094,714,23,5
4095,714,18,12
4096,715,17,9
4097,715,0,21
4098,715,20,24
4099,716,9,2
4100,716,18,3
4101,716,9,2
4102,716,7,24
4103,716,23,11
4104,716,3,5
4105,716,23,6
4106,717,19,12
4107,717,22,1
4108,717,20,18
4109,717,16,2
4110,718,23,4
4111,718,5,16
4112,718,3,14
4113,718,5,21
4114,718,4,10
4115,719,0,4
4116,719,4,23
4117,719,20,4
4118,720,0,15
4119,720,22,20
4120,720,14,24
4121,721,23,5
4122,721,9,2
4123,721,20,4
4124,721,18,3
4125,721,14,23
4126,722,15,21
4127,722,8,20
4128,722,21,0
4129,722,0,2
4130,722,24,7
4131,722,1,8
4132,722,4,11
4133,723,13,0
4134,723,13,6
4135,723,12,20
4136,724,14,15
4137,724,18,10
4138,724,18,24
4139,725,14,11
4140,725,9,7
4141,725,7,20
4142,725,19,1
4143,725,24,3
4144,725,0,21
4145,725,1,12
4146,725,7,15
4147,726,22,18
4148,726,20,14
4149,726,18,4
4150,727,18,0
4151,727,14,24
4152,727,11,4
4153,727,13,5
4154,728,6,18
4155,728,21,13
4156,728,4,5
4157,728,24,20
4158,728,22,3
4159,728,7,15
4160,728,2,10
4161,729,5,13
4162,729,14,18
4163,729,2,8
4164,729,10,9
4165,729,8,6
4166,729,6,24
4167,730,2,11
4168,730,23,3
4169,730,5,2
4170,730,0,18
4171,731,11,1
4172,731,9,20
4173,731,23,15
4174,731,21,4
4175,731,14,22
4176,731,17,14
4177,731,10,19
4178,732,24,9
4179,732,9,17
4180,732,11,22
4181,733,24,6
4182,733,15,21
4183,733,5,22
4184,733,15,4
4185,734,17,9
4186,734,22,12
4187,734,21,9
4188,734,1,8
4189,734,14,17
4190,734,19,1
4191,734,19,22
4192,735,14,8
4193,735,21,3
4194,735,14,10
4195,735,18,16
4196,735,3,0
4197,735,10,3
4198,735,1,13
4199,736,12,10
4200,736,16,13
4201,736,16,8
4202,736,19,6
4203,736,20,4
4204,736,20,19
4205,737,18,5
4206,738,17,21
4207,738,9,13
4208,739,4,10
4209,739,17,20
4210,739,0,2
4211,739,16,10
4212,739,11,5
4213,739,16,12
4214,740,24,1
4215,740,2,18
4216,740,1,17
4217,740,14,11
4218,740,12,22
4219,741,16,12
4220,741,13,10
4221,741,22,15
4222,741,12,16
4223,742,23,14
4224,742,10,24
4225,742,11,18
4226,742,22,1
4227,743,3,0
4228,743,9,12
4229,743,19,16
4230,743,7,18
4231,743,10,14
4232,743,13,21
4233,743,13,24
4234,744,12,9
4235,744,24,5
4236,744,16,10
4237,744,22,5
4238,744,4,24
4239,744,13,22
4240,744,11,14
4241,745,12,9
4242,745,20,14
4243,745,6,4
4244,745,9,16
4245,745,3,21
4246,745,13,23
4247,745,20,22
4248,745,2,12
4249,745,14,22
4250,745,11,13
4251,745,18,0
4252,745,21,11
4253,746,9,2
4254,746,16,22
4255,746,15,2
4256,746,1,13
4257,746,5,22
4258,747,24,20
4259,747,7,17
4260,747,19,0
4261,747,11,19
4262,748,3,10
4263,748,2,11
4264,748,21,1
4265,748,11,21
4266,748,2,20
4267,749,19,22
4268,749,23,20
4269,749,13,6
4270,749,2,18
4271,749,23,3
4272,750,7,24
4273,750,2,17
4274,750,15,6
4275,750,22,1
4276,750,8,11
4277,751,11,21
4278,751,10,6
4279,751,21,10
4280,751,3,16
4281,751,0,21
4282,751,14,18
4283,751,3,16
4284,751,10,2
4285,751,8,15
4286,751,10,12
4287,751,1,16
4288,752,11,19
4289,752,8,5
4290,752,18,5
4291,753,1,17
4292,753,5,9
4293,753,23,3
4294,753,4,1
4295,754,9,16
4296,754,15,24
4297,754,10,9
4298,754,14,21
4299,754,16,10
4300,755,19,20
4301,755,23,1
4302,755,10,23
4303,755,15,14
4304,755,16,1
4305,756,9,24
4306,756,12,15
4307,756,21,19
4308,756,21,10
4309,757,21,14
4310,757,19,1
4311,757,5,1
4312,757,2,5
4313,757,17,4
4314,757,15,24
4315,757,2,18
4316,757,13,9
4317,758,14,20
4318,758,11,2
4319,758,18,16
4320,758,11,3
4321,758,14,20
4322,758,12,22
4323,758,24,15
4324,758,0,8
4325,758,10,21
4326,758,12,19
4327,759,23,17
4328,759,0,15
4329,759,13,7
4330,759,17,3
4331,759,2,19
4332,759,21,19
4333,759,17,15
4334,760,4,0
4335,760,3,13
4336,760,4,23
4337,760,22,5
4338,760,3,0
4339,760,20,1
4340,760,11,13
4341,760,1,17
4342,760,2,13
4343,761,8,12
4344,761,0,24
4345,761,15,23
4346,761,12,6
4347,761,10,16
4348,761,2,24
4349,762,9,20
4350,762,7,17
4351,762,3,1
4352,762,24,6
4353,762,24,16
4354,762,13,10
4355,762,15,7
4356,762,10,1
4357,762,8,10
4358,762,4,8
4359,762,19,15
4360,762,19,4
4361,763,7,24
4362,763,18,22
4363,763,3,7
4364,763,18,9
4365,764,21,18
4366,764,3,19
4367,764,22,7
4368,764,23,19
4369,764,23,13
4370,764,15,13
4371,764,17,5
4372,765,4,23
4373,765,23,11
4374,765,21,17
4375,765,12,5
4376,765,14,11
4377,765,24,0
4378,765,9,10
4379,765,18,0
4380,765,17,23
4381,766,4,20
4382,766,21,2
4383,766,12,5
4384,766,20,1
4385,766,1,12
4386,766,24,1
4387,766,4,19
4388,766,8,10
4389,766,19,15
4390,766,24,16
4391,766,17,3
4392,767,15,0
4393,767,7,5
4394,767,4,6
4395,767,9,0
4396,767,3,14
4397,767,11,0
4398,767,1,4
4399,767,5,16
4400,767,10,6
4401,767,1,15
4402,768,21,24
4403,768,23,9
4404,768,11,4
4405,768,23,12
4406,768,6,9
4407,769,16,8
4408,769,3,0
4409,769,10,21
4410,769,23,4
4411,769,6,23
4412,770,9,24
4413,770,11,0
4414,770,20,1
4415,771,10,13
4416,771,0,23
4417,771,12,18
4418,771,10,1
4419,771,23,2
4420,772,21,10
4421,772,1,11
4422,772,20,6
4423,772,22,16
4424,773,8,18
4425,773,23,5
4426,773,21,2
4427,773,21,19
4428,773,20,7
4429,774,14,22
4430,774,4,20
4431,774,11,1
4432,774,7,16
4433,774,18,8
4434,774,1,14
4435,774,18,3
4436,774,18,16
4437,774,16,0
4438,775,14,16
4439,775,11,18
4440,775,20,7
4441,775,17,14
4442,775,0,2
4443,776,6,8
4444,776,18,16
4445,776,20,10
4446,776,23,5
4447,777,4,2
4448,777,4,13
4449,777,9,16
4450,777,8,22
4451,778,10,20
4452,778,23,8
4453,778,7,14
4454,778,22,18
4455,778,9,24
4456,778,20,14
4457,778,18,6
4458,778,8,19
4459,779,10,2
4460,779,3,14
4461,779,12,14
4462,779,18,5
4463,779,21,18
4464,779,15,21
4465,779,21,7
4466,779,17,7
4467,779,14,2
4468,779,3,6
4469,779,17,1
4470,779,14,7
4471,780,9,13
4472,781,18,12
4473,781,5,9
4474,781,5,24
4475,781,18,3
4476,781,1,15
4477,781,11,21
4478,781,0,11
4479,782,18,2
4480,782,8,0
4481,782,24,1
4482,782,22,4
4483,782,2,11
4484,782,11,20
4485,783,2,0
4486,783,0,4
4487,783,9,24
4488,783,21,10
4489,783,17,4
4490,783,10,4
4491,783,22,6
4492,784,3,10
4493,784,15,12
4494,784,7,5
4495,784,23,11
4496,785,3,19
4497,785,6,14
4498,785,2,12
4499,786,24,20
4500,787,17,20
4501,787,5,24
4502,787,10,16
4503,787,7,18
4504,787,1,13
4505,787,13,21
4506,788,20,17
4507,788,24,4
4508,788,16,1
4509,788,12,21
4510,788,24,2
4511,788,8,15
4512,789,6,16
4513,789,2,14
4514,789,24,17
4515,789,21,24
4516,789,12,0
4517,789,22,7
4518,789,8,22
4519,789,18,7
4520,789,23,10
4521,790,17,14
4522,790,21,19
4523,790,16,1
4524,790,2,20
4525,790,16,19
4526,790,11,24
4527,790,7,3
4528,791,19,10
4529,791,17,3
4530,792,23,20
4531,792,4,14
4532,792,8,4
4533,792,4,2
4534,792,5,22
4535,792,21,10
4536,792,7,23
4537,792,8,0
4538,793,7,14
4539,793,23,17
4540,793,14,18
4541,793,11,24
4542,794,3,11
4543,794,3,15
4544,794,19,2
4545,794,6,2
4546,794,9,13
4547,794,24,14
4548,795,3,7
4549,795,12,18
4550,795,19,4
4551,795,15,4
4552,795,24,17
4553,796,20,8
4554,796,11,3
4555,796,14,15
4556,797,16,14
4557,797,0,22
4558,798,10,21
4559,798,1,19
4560,798,21,12
4561,798,10,14
4562,798,9,3
4563,799,8,15
4564,799,19,0
4565,799,9,12
4566,799,8,5
4567,799,17,20
4568,799,16,5
4569,799,24,6
4570,799,7,22
4571,800,10,7
4572,800,6,22
4573,800,16,2
4574,801,14,0
4575,801,21,3
4576,801,21,17
4577,801,15,9
4578,801,23,6
4579,801,6,22
4580,802,10,2
4581,802,13,24
4582,802,3,0
4583,802,6,9
4584,802,5,24
4585,802,12,14
4586,802,20,16
4587,802,22,4
4588,803,9,16
4589,803,24,1
4590,803,19,17
4591,804,3,24
4592,804,3,11
4593,804,2,5
4594,804,0,4
4595,805,12,5
4596,805,5,12
4597,805,7,5
4598,806,6,12
4599,806,10,18
4600,807,14,5
4601,807,18,0
4602,807,7,0
4603,807,21,14
4604,807,19,7
4605,807,24,4
4606,808,11,9
4607,808,1,16
4608,808,12,9
4609,809,3,17
4610,809,1,12
4611,809,9,2
4612,810,11,8
4613,810,0,15
4614,810,15,22
4615,810,22,7
4616,810,4,0
4617,810,3,11
4618,811,14,6
4619,811,0,16
4620,811,14,3
4621,811,8,2
4622,811,19,10
4623,811,11,2
4624,811,23,15
4625,812,6,10
4626,812,1,17
4627,812,14,3
4628,812,10,3
4629,813,1,19
4630,813,0,19
4631,814,19,9
4632,814,17,8
4633,814,16,13
4634,815,12,23
4635,815,4,17
4636,815,8,12
4637,816,11,4
4638,816,3,14
4639,816,15,9
4640,816,11,14
4641,816,13,17
4642,816,23,5
4643,817,21,6
4644,817,6,23
4645,817,17,6
4646,817,12,10
4647,818,6,23
4648,818,3,19
4649,818,20,8
4650,818,18,1
4651,818,14,8
4652,818,21,2
4653,819,16,14
4654,819,23,5
4655,819,9,15
4656,819,9,3
4657,819,24,12
4658,819,1,3
4659,820,5,3
4660,820,22,19
4661,820,18,20
4662,820,6,4
4663,820,2,22
4664,821,21,5
4665,821,23,16
4666,822,8,1
4667,822,13,3
4668,822,19,23
4669,823,22,6
4670,823,24,21
4671,823,4,20
4672,823,14,22
4673,824,10,17
4674,824,3,6
4675,824,5,22
4676,824,23,19
4677,825,8,5
4678,825,11,2
4679,825,11,3
4680,825,7,16
4681,826,1,21
4682,826,4,23
4683,826,8,0
4684,826,23,2
4685,826,7,18
4686,826,24,2
4687,826,3,14
4688,826,8,0
4689,827,2,4
4690,827,15,8
4691,827,10,3
4692,827,1,12
4693,827,19,6
4694,827,17,5
4695,827,12,6
4696,827,24,15
4697,827,8,5
4698,828,20,14
4699,828,14,17
4700,828,23,10
4701,828,9,13
4702,828,24,15
4703,828,24,7
4704,828,8,16
4705,829,10,24
4706,829,15,14
4707,829,14,15
4708,830,7,4
4709,830,1,12
4710,830,17,5
4711,831,10,24
4712,831,9,15
4713,831,11,8
4714,831,13,20
4715,831,23,15
4716,831,7,5
4717,831,15,8
4718,832,2,23
4719,832,0,18
4720,832,10,8
4721,832,7,10
4722,833,1,17
4723,833,4,13
4724,833,7,9
4725,833,20,19
4726,833,11,1
4727,833,17,9
4728,833,6,13
4729,833,1,10
4730,833,14,16
4731,834,0,22
4732,834,7,3
4733,834,6,0
4734,834,1,13
4735,834,17,8
4736,834,22,10
4737,834,13,20
4738,835,17,3
4739,835,15,23
4740,835,1,10
4741,835,7,17
4742,835,22,20
4743,835,24,13
4744,835,11,14
4745,835,1,11
4746,835,24,3
4747,836,13,7
4748,836,10,19
4749,836,22,14
4750,836,22,13
4751,836,21,6
4752,836,1,19
4753,836,7,18
4754,836,3,20
4755,836,0,17
4756,837,11,0
4757,837,13,10
4758,837,5,4
4759,838,12,21
4760,838,2,11
4761,838,19,5
4762,838,5,24
4763,838,23,14
4764,838,1,11
4765,838,24,18
4766,839,13,4
4767,839,22,5
4768,839,11,18
4769,839,15,24
4770,839,24,16
4771,840,2,18
4772,840,2,16
4773,840,15,21
4774,841,4,7
4775,841,21,11
4776,841,24,11
4777,841,16,18
4778,841,13,6
4779,841,20,8
4780,841,15,9
4781,842,20,19
4782,842,5,8
4783,843,24,22
4784,843,7,10
4785,843,13,0
4786,843,5,8
4787,843,10,20
4788,844,20,17
4789,844,12,9
4790,844,2,12
4791,844,23,2
4792,844,2,8
4793,844,4,17
4794,844,7,22
4795,844,5,22
4796,844,10,1
4797,845,4,21
4798,845,24,11
4799,845,17,2
4800,845,21,5
4801,845,19,4
4802,845,19,2
4803,845,7,19
4804,845,1,18
4805,845,21,23
4806,846,19,16
4807,846,15,2
4808,846,23,10
4809,846,0,16
4810,846,4,20
4811,847,9,18
4812,847,12,20
4813,847,17,20
4814,847,17,10
4815,847,2,20
4816,847,7,20
4817,848,13,0
4818,848,9,17
4819,848,2,16
4820,848,12,9
4821,848,14,16
4822,848,15,18
4823,848,24,5
4824,849,8,20
4825,849,13,16
4826,849,19,0
4827,849,18,24
4828,849,21,3
4829,849,15,23
4830,849,15,18
4831,850,5,19
4832,850,22,2
4833,850,16,1
4834,850,19,3
4835,851,11,7
4836,851,5,15
4837,851,7,14
4838,851,12,8
4839,851,6,15
4840,851,6,17
4841,852,11,1
4842,852,23,10
4843,852,9,16
4844,852,14,18
4845,853,16,18
4846,853,0,23
4847,853,13,5
4848,853,10,17
4849,853,16,3
4850,853,16,14
4851,853,3,16
4852,853,15,2
4853,853,1,9
4854,853,16,8
4855,854,9,6
4856,854,8,14
4857,854,10,0
4858,854,10,20
4859,854,14,2
4860,854,9,21
4861,854,0,15
4862,855,17,23
4863,855,22,20
4864,855,3,0
4865,855,15,3
4866,855,0,6
4867,855,1,23
4868,855,13,23
4869,855,5,9
4870,856,14,5
4871,856,3,6
4872,856,24,22
4873,856,16,2
4874,856,13,5
4875,856,5,22
4876,856,23,2
4877,857,22,14
4878,857,10,4
4879,857,11,24
4880,857,10,7
4881,858,5,1
4882,858,22,1
4883,858,21,19
4884,858,16,10
4885,858,3,13
4886,858,21,13
4887,858,23,3
4888,858,19,3
4889,858,18,2
4890,858,11,13
4891,859,12,18
4892,859,24,17
4893,859,21,9
4894,859,5,9
4895,859,22,12
4896,859,0,15
4897,859,7,9
4898,859,23,7
4899,859,1,4
4900,859,18,22
4901,860,7,5
4902,860,0,15
4903,860,18,2
4904,860,1,21
4905,860,6,14
4906,860,17,2
4907,861,20,1
4908,861,7,11
4909,861,1,7
4910,862,20,2
4911,862,4,12
4912,862,19,12
4913,862,11,9
4914,862,17,10
4915,862,22,3
4916,862,16,2
4917,863,17,9
4918,863,5,19
4919,863,19,7
4920,863,13,11
4921,864,5,1
4922,864,16,1
4923,864,7,21
4924,864,7,10
4925,864,14,11
4926,864,24,11
4927,865,19,15
4928,865,5,8
4929,865,1,16
4930,865,14,4
4931,865,3,0
4932,865,2,18
4933,865,3,11
4934,865,13,9
4935,866,15,9
4936,866,24,20
4937,866,2,20
4938,866,6,17
4939,866,3,17
4940,866,13,15
4941,867,24,12
4942,867,0,15
4943,867,6,20
4944,867,16,9
4945,867,14,17
4946,868,14,24
4947,868,21,5
4948,868,2,14
4949,868,6,17
4950,868,3,16
4951,868,14,23
4952,868,16,14
4953,868,3,6
4954,868,22,24
4955,868,5,12
4956,869,4,2
4957,869,2,8
4958,869,22,7
4959,870,20,4
4960,870,7,0
4961,870,7,16
4962,870,8,23
4963,870,21,11
4964,871,13,6
4965,871,17,2
4966,871,2,4
4967,871,21,19
4968,871,13,3
4969,871,8,10
4970,872,13,10
4971,872,20,7
4972,872,6,20
4973,872,23,16
4974,872,13,9
4975,872,11,9
4976,873,16,8
4977,873,15,12
4978,873,22,13
4979,873,15,6
4980,873,16,13
4981,873,13,15
4982,874,4,21
4983,874,3,13
4984,874,24,18
4985,874,12,15
4986,874,13,16
4987,874,7,19
4988,874,23,2
4989,875,8,18
4990,875,9,7
4991,875,6,2
4992,875,12,19
4993,875,24,14
4994,875,2,15
4995,875,13,20
4996,876,11,3
4997,876,12,2
4998,876,19,20
4999,876,19,3
5000,876,17,1
5001,876,2,9
5002,876,6,23
5003,877,0,21
5004,877,16,2
5005,877,14,5
5006,877,20,0
5007,878,9,20
5008,878,15,6
5009,878,16,4
5010,878,21,3
5011,878,19,17
5012,879,21,8
5013,879,7,21
5014,879,21,3
5015,879,10,12
5016,879,3,22
5017,879,12,4
5018,879,8,17
5019,879,9,20
5020,879,21,3
5021,880,13,10
5022,880,3,0
5023,880,23,3
5024,881,8,19
5025,881,11,5
5026,881,14,22
5027,881,23,3
5028,882,5,2
5029,882,22,14
5030,882,15,21
5031,882,6,21
5032,882,3,5
5033,882,24,17
5034,882,21,9
5035,883,20,11
5036,883,13,2
5037,883,13,15
5038,883,3,24
5039,883,17,0
5040,884,13,9
5041,884,3,9
5042,884,9,22
5043,885,2,4
5044,885,19,7
5045,885,1,10
5046,885,10,7
5047,885,12,18
5048,885,20,14
5049,885,17,15
5050,886,9,1
5051,886,18,22
5052,886,8,5
5053,886,1,15
5054,886,1,24
5055,886,7,0
5056,886,8,22
5057,886,5,16
5058,887,20,22
5059,887,6,0
5060,887,9,19
5061,887,23,0
5062,888,6,10
5063,888,22,18
5064,888,6,19
5065,888,4,12
5066,888,17,6
5067,889,5,1
5068,889,22,6
5069,889,15,6
5070,889,17,24
5071,889,18,0
5072,890,12,8
5073,890,13,24
5074,890,20,17
5075,890,1,9
5076,890,14,11
5077,891,17,20
5078,891,18,14
5079,891,12,5
5080,891,14,7
5081,891,13,4
5082,891,6,4
5083,892,7,1
5084,892,17,20
5085,892,15,24
5086,892,22,13
5087,892,5,1
5088,892,16,12
5089,893,13,2
5090,893,7,4
5091,893,11,20
5092,893,17,15
5093,893,12,6
5094,893,9,21
5095,893,5,16
5096,894,18,11
5097,894,13,23
5098,895,22,13
5099,895,13,3
5100,895,13,17
5101,895,3,14
5102,895,3,13
5103,895,23,11
5104,896,7,14
5105,896,18,2
5106,897,9,7
5107,897,15,2
5108,897,8,4
5109,897,1,22
5110,897,11,5
5111,897,23,14
5112,897,9,2
5113,897,15,6
5114,898,17,0
5115,898,5,1
5116,898,14,7
5117,898,20,5
5118,899,2,17
5119,899,13,15
5120,899,21,19
5121,899,18,2
5122,900,5,18
5123,900,5,18
5124,900,6,12
5125,900,16,9
5126,900,23,10
5127,900,14,17
5128,900,22,24
5129,900,11,22
5130,900,21,18
5131,901,3,15
5132,901,0,7
5133,901,17,4
5134,901,4,0
5135,901,21,1
5136,901,9,2
5137,901,0,18
5138,902,15,2
5139,902,7,22
5140,902,9,11
5141,902,11,23
5142,902,0,2
5143,902,18,7
5144,902,17,21
5145,903,24,0
5146,903,20,13
5147,903,5,13
5148,903,14,0
5149,903,20,4
5150,904,2,4
5151,904,4,13
5152,905,4,22
5153,905,2,24
5154,905,2,16
5155,905,19,11
5156,905,6,8
5157,905,14,23
5158,905,11,4
5159,905,2,14
5160,906,4,20
5161,906,20,12
5162,906,17,0
5163,906,4,23
5164,906,20,5
5165,906,17,24
5166,907,21,4
5167,907,17,20
5168,907,14,17
5169,908,24,20
5170,908,14,23
5171,908,22,1
5172,908,17,5
5173,908,15,22
5174,908,10,19
5175,909,12,10
5176,909,9,23
5177,909,15,11
5178,909,5,8
5179,910,10,24
5180,910,19,10
5181,910,24,21
5182,910,4,8
5183,910,8,18
5184,910,19,16
5185,910,4,17
5186,911,23,15
5187,911,21,5
5188,911,11,20
5189,911,8,6
5190,911,22,11
5191,911,12,10
5192,912,6,21
5193,912,8,17
5194,913,3,15
5195,913,4,11
5196,913,2,20
5197,913,5,17
5198,913,10,8
5199,913,16,6
5200,914,23,8
5201,914,0,19
5202,914,19,11
5203,914,21,19
5204,914,0,4
5205,914,22,14
5206,914,10,8
5207,915,5,11
5208,915,13,0
5209,915,23,19
5210,915,18,5
5211,915,0,11
5212,915,15,19
5213,915,7,3
5214,915,3,14
5215,916,4,10
5216,916,9,20
5217,916,4,16
5218,916,15,14
5219,916,8,22
5220,916,5,1
5221,917,21,10
5222,917,22,24
5223,917,7,20
5224,917,4,15
5225,917,10,13
5226,918,10,17
5227,918,5,20
5228,918,16,1
5229,918,10,8
5230,919,13,10
5231,919,0,16
5232,919,12,14
5233,919,7,10
5234,920,5,9
5235,920,22,4
5236,920,18,8
5237,920,11,4
5238,920,24,18
5239,921,17,7
5240,922,12,3
5241,922,17,1
5242,922,16,9
5243,922,22,9
5244,923,17,19
5245,923,23,3
5246,923,9,24
5247,923,8,22
5248,924,8,0
5249,925,20,9
5250,925,6,12
5251,925,8,12
5252,925,8,22
5253,925,13,10
5254,925,21,7
5255,925,1,20
5256,926,2,14
5257,926,13,22
5258,926,20,18
5259,926,7,11
5260,926,4,7
5261,926,4,11
5262,926,7,17
5263,927,0,16
5264,927,11,7
5265,927,23,20
5266,927,16,14
5267,927,9,13
5268,927,21,1
5269,927,4,8
5270,928,12,21
5271,928,17,8
5272,929,7,9
5273,929,21,23
5274,929,24,1
5275,929,9,24
5276,929,3,7
5277,929,2,24
5278,929,10,21
5279,930,18,0
5280,930,19,8
5281,930,4,13
5282,930,4,22
5283,930,21,5
5284,930,23,10
5285,930,5,4
5286,931,8,15
5287,931,13,9
5288,931,12,23
5289,931,24,20
5290,931,9,11
5291,931,6,12
5292,931,21,15
5293,932,16,10
5294,932,19,16
5295,932,11,17
5296,933,10,13
5297,933,2,20
5298,933,2,22
5299,933,12,5
5300,933,0,15
5301,933,19,4
5302,933,20,13
5303,933,1,21
5304,933,4,6
5305,933,10,0
5306,934,21,1
5307,934,15,18
5308,934,24,16
5309,934,18,2
5310,935,23,7
5311,935,20,0
5312,935,15,21
5313,935,20,3
5314,935,21,17
5315,936,1,10
5316,936,3,19
5317,936,15,12
5318,936,13,17
5319,936,4,19
5320,936,18,12
5321,936,10,3
5322,936,16,5
5323,936,18,11
5324,936,18,20
5325,937,8,24
5326,937,21,24
5327,937,20,2
5328,937,21,10
5329,937,10,0
5330,937,22,0
5331,937,11,5
5332,938,23,21
5333,938,11,4
5334,938,1,19
5335,938,12,19
5336,938,23,11
5337,938,1,24
5338,939,0,6
5339,939,11,3
5340,939,16,22
5341,940,0,4
5342,940,21,18
5343,940,18,5
5344,940,20,23
5345,940,19,13
5346,941,0,18
5347,941,10,9
5348,941,16,3
5349,941,24,6
5350,941,13,2
5351,941,8,11
5352,942,8,4
5353,942,1,9
5354,942,4,21
5355,942,10,13
5356,942,5,22
5357,942,4,8
5358,942,7,0
5359,943,8,10
5360,943,9,22
5361,943,6,21
5362,943,11,21
5363,943,23,14
5364,943,0,18
5365,943,13,9
5366,943,13,1
5367,943,9,12
5368,944,9,1
5369,944,5,21
5370,944,17,5
5371,944,1,18
5372,944,18,15
5373,944,24,0
5374,944,12,3
5375,944,5,19
5376,944,4,17
5377,944,4,16
5378,945,9,0
5379,945,12,6
5380,945,4,10
5381,945,5,7
5382,945,17,13
5383,946,6,22
5384,946,2,21
5385,946,12,9
5386,946,12,0
5387,946,15,1
5388,946,3,0
5389,946,3,20
5390,946,3,16
5391,947,7,19
5392,947,18,15
5393,947,20,17
5394,947,15,24
5395,947,11,20
5396,948,13,0
5397,948,1,16
5398,948,1,5
5399,948,5,3
5400,948,19,12
5401,948,11,19
5402,948,2,13
5403,948,7,9
5404,948,21,5
5405,949,15,24
5406,949,22,14
5407,949,1,20
5408,950,6,21
5409,950,1,7
5410,950,4,21
5411,951,5,11
5412,951,11,20
5413,951,0,23
5414,951,7,21
5415,951,9,3
5416,951,7,19
5417,951,15,11
5418,952,10,8
5419,952,21,14
5420,952,3,16
5421,952,1,12
5422,953,8,21
5423,953,22,18
5424,953,0,13
5425,954,13,22
5426,954,15,2
5427,954,20,13
5428,954,16,20
5429,955,12,24
5430,955,20,18
5431,956,22,3
5432,956,4,15
5433,956,17,2
5434,956,24,14
5435,956,2,22
5436,957,2,5
5437,957,5,19
5438,957,0,14
5439,957,11,13
5440,957,24,10
5441,957,10,12
5442,958,4,2
5443,958,10,19
5444,958,16,12
5445,959,11,18
5446,959,18,6
5447,959,4,18
5448,959,16,4
5449,959,9,15
5450,959,6,9
5451,959,19,10
5452,959,13,9
5453,959,17,24
5454,960,16,20
5455,960,9,20
5456,960,19,12
5457,960,7,1
5458,960,6,17
5459,960,21,23
5460,960,20,7
5461,960,23,12
5462,960,15,21
5463,960,5,9
5464,960,17,15
5465,960,19,10
5466,961,18,20
5467,961,9,20
5468,961,0,23
5469,961,9,2
5470,962,22,10
5471,962,5,7
5472,962,23,8
5473,962,20,22
5474,962,5,7
5475,962,22,6
5476,963,14,12
5477,963,12,6
5478,963,2,4
5479,963,3,12
5480,963,16,1
5481,963,18,14
5482,963,16,12
5483,963,8,15
5484,964,11,3
5485,964,21,15
5486,964,3,11
5487,964,17,9
5488,965,14,7
5489,965,0,18
5490,965,2,20
5491,965,15,2
5492,965,13,6
5493,965,21,18
5494,965,2,11
5495,965,6,0
5496,965,9,21
5497,966,23,14
5498,966,5,20
5499,966,14,22
5500,966,3,6
5501,966,4,5
5502,967,17,14
5503,967,1,5
5504,967,4,7
5505,967,16,9
5506,968,20,17
5507,968,1,23
5508,968,8,20
5509,968,0,20
5510,968,0,15
5511,968,23,6
5512,968,5,3
5513,968,0,7
5514,969,23,12
5515,969,3,0
5516,969,0,17
5517,969,17,14
5518,969,4,6
5519,969,18,7
5520,970,22,0
5521,970,2,16
5522,970,9,0
5523,971,13,7
5524,971,8,4
5525,971,22,14
5526,972,22,16
5527,972,15,1
5528,972,22,18
5529,973,9,5
5530,973,2,20
5531,973,24,21
5532,973,5,1
5533,973,12,24
5534,973,24,16
5535,974,6,18
5536,974,10,21
5537,974,14,4
5538,975,10,1
5539,975,15,13
5540,975,21,13
5541,975,21,14
5542,975,0,21
5543,975,8,0
5544,975,9,6
5545,976,0,16
5546,976,24,5
5547,976,4,13
5548,976,16,1
5549,976,13,21
5550,977,22,3
5551,977,21,10
5552,978,22,6
5553,978,16,19
5554,978,15,6
5555,979,21,2
5556,979,9,12
5557,979,8,20
5558,979,2,9
5559,979,2,10
5560,979,14,18
5561,979,4,6
5562,979,24,4
5563,980,24,13
5564,980,9,19
5565,981,17,24
5566,981,18,21
5567,981,11,7
5568,981,24,17
5569,982,18,16
5570,982,4,16
5571,982,4,17
5572,982,15,12
5573,982,12,3
5574,982,12,3
5575,982,17,0
5576,982,2,18
5577,983,3,5
5578,983,12,3
5579,983,18,3
5580,983,14,4
5581,984,2,11
5582,985,17,13
5583,985,19,0
5584,985,1,16
5585,985,1,9
5586,985,3,15
5587,986,15,2
5588,986,18,20
5589,986,13,24
5590,986,19,11
5591,986,22,14
5592,987,4,18
5593,987,8,17
5594,987,19,11
5595,987,20,12
5596,987,20,19
5597,987,15,1
5598,988,15,18
5599,988,10,4
5600,988,19,10
5601,988,15,0
5602,988,9,12
5603,988,16,13
5604,988,10,2
5605,989,22,6
5606,989,5,9
5607,989,18,5
5608,990,6,22
5609,990,19,22
5610,990,8,20
5611,990,20,5
5612,990,17,4
5613,990,6,2
5614,990,23,13
5615,991,18,10
5616,991,16,7
5617,991,22,1
5618,991,0,14
5619,992,22,0
5620,992,8,1
5621,992,10,23
5622,992,16,22
5623,992,1,22
5624,992,18,9
5625,992,0,17
5626,992,8,19
5627,992,18,12
5628,992,3,21
5629,993,18,20
5630,993,18,24
5631,993,24,3
5632,993,20,1
5633,993,7,16
5634,993,16,12
5635,994,10,14
5636,994,6,20
5637,994,15,19
5638,994,14,8
5639,994,22,1
5640,994,11,15
5641,995,3,9
5642,995,9,6
5643,995,15,1
5644,996,18,14
5645,996,19,0
5646,996,23,20
5647,996,22,0
5648,996,1,11
5649,996,22,5
5650,996,9,10
5651,997,1,5
5652,997,14,15
5653,997,18,22
5654,997,7,16
5655,997,2,19
5656,997,10,16
5657,997,10,9
5658,997,5,11
5659,997,5,9
5660,997,21,13
5661,997,2,16
5662,997,23,16
5663,997,7,22
5664,998,23,17
5665,998,10,1
5666,998,3,12
5667,998,11,8
5668,998,16,22
5669,998,19,0
5670,999,16,24
5671,999,12,6
5672,999,20,8
5673,999,11,18
5674,1000,7,17
5675,1000,19,11
5676,1000,1,16
5677,1000,8,0
5678,1000,17,14
5679,1001,24,0
5680,1001,9,23
5681,1001,7,5
5682,1001,7,10
5683,1001,23,5
5684,1001,1,8
5685,1001,10,16
5686,1002,0,11
5687,1002,12,4
5688,1002,24,12
5689,1002,0,22
5690,1002,4,20
5691,1003,13,19
5692,1003,3,9
5693,1003,14,21
5694,1003,5,11
5695,1004,10,13
5696,1004,23,14
5697,1004,7,0
5698,1004,24,22
5699,1004,20,13
5700,1005,3,21
5701,1005,11,2
5702,1005,3,5
5703,1005,10,16
5704,1005,22,20
5705,1006,22,7
5706,1006,0,14
5707,1006,4,18
5708,1006,6,13
5709,1006,14,1
5710,1007,23,5
5711,1008,12,22
5712,1008,10,7
5713,1009,23,10
5714,1009,17,3
5715,1009,19,11
5716,1009,19,15
5717,1009,10,20
5718,1009,15,23
5719,1010,3,21
5720,1010,10,0
5721,1010,23,15
5722,1010,24,20
5723,1010,10,7
5724,1010,11,14
5725,1010,5,7
5726,1010,15,6
5727,1011,3,0
5728,1011,1,9
5729,1011,17,15
5730,1011,16,6
5731,1011,12,16
5732,1011,24,15
5733,1011,0,21
5734,1011,15,9
5735,1011,18,7
5736,1012,1,15
5737,1012,7,24
5738,1012,18,15
5739,1012,19,7
5740,1012,14,10
5741,1012,8,23
5742,1012,19,13
5743,1012,18,21
5744,1012,8,10
5745,1013,12,8
5746,1013,4,23
5747,1013,12,0
5748,1013,22,8
5749,1013,16,6
5750,1013,2,5
5751,1013,17,0
5752,1014,19,12
5753,1014,22,18
5754,1014,11,24
5755,1015,14,4
5756,1015,0,9
5757,1015,15,9
5758,1015,19,2
5759,1015,5,18
5760,1015,20,19
5761,1015,7,19
5762,1016,9,12
5763,1016,18,22
5764,1016,3,10
5765,1016,24,22
5766,1016,23,6
5767,1016,24,20
5768,1016,24,12
5769,1016,14,1
5770,1017,4,16
5771,1017,9,22
5772,1017,14,1
5773,1017,1,10
5774,1017,22,20
5775,1017,3,21
5776,1018,9,5
5777,1018,3,15
5778,1018,3,9
5779,1018,9,11
5780,1018,8,16
5781,1018,1,17
5782,1018,12,18
5783,1019,8,1
5784,1019,17,9
5785,1019,7,10
5786,1019,10,3
5787,1019,4,0
5788,1020,22,14
5789,1020,21,12
5790,1020,15,21
5791,1020,1,8
5792,1020,20,9
5793,1021,9,0
5794,1021,0,11
5795,1021,4,6
5796,1022,13,23
5797,1022,8,21
5798,1022,21,6
5799,1022,21,4
5800,1022,24,22
5801,1022,20,3
5802,1022,15,1
5803,1022,16,13
5804,1023,18,0
5805,1023,21,7
5806,1023,19,5
5807,1023,16,19
5808,1023,15,24
5809,1023,16,20
5810,1023,13,0
5811,1023,2,20
5812,1023,19,13
5813,1023,23,10
5814,1024,5,18
5815,1024,23,20
5816,1024,5,16
5817,1024,11,1
5818,1025,23,3
5819,1025,11,4
5820,1025,12,14
5821,1025,20,23
5822,1025,6,24
5823,1025,3,23
5824,1025,22,24
5825,1025,19,6
5826,1026,13,3
5827,1026,24,1
5828,1026,15,21
5829,1026,21,18
5830,1026,21,23
5831,1026,5,4
5832,1026,0,10
5833,1026,23,14
5834,1027,0,7
5835,1027,2,12
5836,1027,9,7
5837,1027,10,14
5838,1027,8,23
5839,1027,21,15
5840,1027,15,17
5841,1027,7,15
5842,1028,22,15
5843,1028,15,4
5844,1029,21,23
5845,1029,15,21
5846,1029,0,6
5847,1029,22,12
5848,1029,14,10
5849,1029,2,14
5850,1029,8,18
5851,1029,24,6
5852,1029,10,17
5853,1030,1,4
5854,1030,23,16
5855,1030,19,15
5856,1030,7,19
5857,1030,9,15
5858,1030,13,3
5859,1030,19,11
5860,1031,1,5
5861,1031,4,13
5862,1031,9,24
5863,1031,6,9
5864,1031,4,1
5865,1032,13,6
5866,1032,6,23
5867,1032,4,6
5868,1032,15,9
5869,1032,20,10
5870,1033,19,10
5871,1033,19,5
5872,1033,16,13
5873,1033,19,11
5874,1033,2,19
5875,1034,12,14
5876,1034,19,15
5877,1034,3,13
5878,1034,20,3
5879,1034,21,23
5880,1035,17,6
5881,1035,13,22
5882,1035,18,16
5883,1035,9,17
5884,1035,21,14
5885,1035,20,17
5886,1035,16,14
5887,1035,17,6
5888,1036,11,5
5889,1036,1,3
5890,1036,6,3
5891,1036,7,19
5892,1036,2,22
5893,1036,19,11
5894,1037,22,12
5895,1037,23,10
5896,1037,20,1
5897,1037,1,5
5898,1037,6,18
5899,1037,13,11
5900,1037,18,20
5901,1037,16,2
5902,1038,18,12
5903,1038,6,16
5904,1038,1,22
5905,1038,16,10
5906,1038,8,20
5907,1038,23,0
5908,1039,0,6
5909,1039,20,17
5910,1039,17,10
5911,1039,2,20
5912,1039,18,8
5913,1039,3,19
5914,1039,24,1
5915,1039,8,6
5916,1039,14,24
5917,1040,20,3
5918,1040,7,4
5919,1040,8,1
5920,1040,2,8
5921,1040,24,22
5922,1040,15,17
5923,1040,13,7
5924,1040,12,20
5925,1040,1,12
5926,1040,2,20
5927,1040,1,10
5928,1041,3,13
5929,1041,7,5
5930,1041,4,21
5931,1041,2,5
5932,1041,0,20
5933,1041,8,14
5934,1041,21,15
5935,1041,16,24
5936,1042,11,20
5937,1042,2,21
5938,1042,23,2
5939,1042,0,17
5940,1042,5,7
5941,1042,14,8
5942,1042,24,16
5943,1042,24,8
5944,1042,9,0
5945,1042,0,21
5946,1043,8,23
5947,1043,4,7
5948,1043,19,2
5949,1043,22,7
5950,1043,9,18
5951,1043,3,1
5952,1043,6,9
5953,1044,13,0
5954,1044,16,19
5955,1044,3,11
5956,1044,11,22
5957,1044,16,12
5958,1044,12,9
5959,1044,21,24
5960,1045,19,16
5961,1045,21,2
5962,1045,12,14
5963,1045,2,23
5964,1045,18,11
5965,1045,7,4
5966,1045,16,24
5967,1045,10,22
5968,1046,0,3
5969,1046,3,21
5970,1046,23,10
5971,1046,18,0
5972,1046,22,8
5973,1046,3,12
5974,1046,21,12
5975,1046,14,22
5976,1046,15,7
5977,1047,13,1
5978,1047,11,24
5979,1048,11,13
5980,1048,6,10
5981,1048,8,5
5982,1048,22,10
5983,1048,10,4
5984,1048,16,3
5985,1048,8,16
5986,1049,18,6
5987,1049,8,1
5988,1049,5,14
5989,1049,14,24
5990,1050,23,0
5991,1050,17,24
5992,1050,11,22
5993,1050,23,6
5994,1050,19,2
5995,1050,17,15
5996,1051,6,16
5997,1051,7,4
5998,1051,20,11
5999,1051,0,13
6000,1051,18,1
6001,1052,19,12
6002,1052,23,8
6003,1052,12,8
6004,1052,5,20
6005,1053,13,1
6006,1053,10,4
6007,1053,11,23
6008,1053,16,7
6009,1053,2,24
6010,1053,3,19
6011,1053,12,10
6012,1054,14,17
6013,1054,21,15
6014,1054,13,20
6015,1054,21,0
6016,1055,3,10
6017,1055,16,4
6018,1055,5,1
6019,1055,16,12
6020,1055,1,22
6021,1055,9,11
6022,1056,13,10
6023,1056,8,4
6024,1056,4,10
6025,1056,4,12
6026,1056,4,24
6027,1056,14,17
6028,1056,15,22
6029,1056,19,9
6030,1056,2,21
6031,1057,3,24
6032,1057,19,12
6033,1057,18,6
6034,1057,14,2
6035,1057,2,6
6036,1057,18,10
6037,1057,17,19
6038,1057,6,8
6039,1057,15,0
6040,1057,22,2
6041,1058,13,1
6042,1058,12,15
6043,1058,18,9
6044,1058,8,22
6045,1058,13,1
6046,1058,21,9
6047,1059,20,0
6048,1059,24,10
6049,1059,2,14
6050,1059,10,3
6051,1059,11,5
6052,1059,4,21
6053,1059,24,17
6054,1060,4,12
6055,1060,11,1
6056,1061,9,23
6057,1062,19,0
6058,1062,22,18
6059,1062,14,24
6060,1063,13,23
6061,1063,24,12
6062,1063,20,12
6063,1063,10,13
6064,1063,1,22
6065,1064,20,8
6066,1064,19,22
6067,1064,12,18
6068,1064,12,20
6069,1065,17,23
6070,1065,21,3
6071,1065,6,15
6072,1066,17,13
6073,1066,14,11
6074,1066,15,0
6075,1066,20,10
6076,1066,9,24
6077,1066,0,7
6078,1067,3,20
6079,1067,4,10
6080,1067,3,10
6081,1067,16,8
6082,1067,6,3
6083,1068,0,4
6084,1069,5,20
6085,1069,24,21
6086,1069,17,23
6087,1069,1,4
6088,1069,17,24
6089,1069,9,5
6090,1070,22,14
6091,1071,0,12
6092,1071,11,20
6093,1071,9,24
6094,1071,20,10
6095,1071,10,16
6096,1072,23,17
6097,1072,18,16
6098,1072,1,22
6099,1072,3,17
6100,1072,17,11
6101,1072,8,14
6102,1072,15,0
6103,1072,15,17
6104,1072,22,19
6105,1073,13,9
6106,1073,4,0
6107,1073,1,13
6108,1073,16,12
6109,1073,11,24
6110,1074,20,18
6111,1074,13,23
6112,1074,3,9
6113,1074,18,6
6114,1074,21,13
6115,1074,9,13
6116,1074,20,10
6117,1075,21,4
6118,1075,20,9
6119,1076,0,13
6120,1076,15,5
6121,1076,15,21
6122,1076,17,2
6123,1076,24,22
6124,1076,13,17
6125,1076,4,24
6126,1077,18,1
6127,1077,10,23
6128,1077,23,10
6129,1077,24,8
6130,1077,24,7
6131,1077,20,7
6132,1077,24,22
6133,1077,8,16
6134,1078,20,22
6135,1078,12,15
6136,1078,1,11
6137,1078,18,12
6138,1078,15,18
6139,1079,11,5
6140,1079,10,21
6141,1079,13,4
6142,1079,0,14
6143,1079,8,5
6144,1079,1,16
6145,1079,21,3
6146,1080,19,1
6147,1080,4,18
6148,1080,1,10
6149,1080,7,24
6150,1080,7,11
6151,1080,21,5
6152,1081,4,16
6153,1081,17,11
6154,1081,11,15
6155,1081,7,21
6156,1081,16,8
6157,1082,7,17
6158,1082,6,8
6159,1082,12,10
6160,1082,1,10
6161,1082,5,7
6162,1082,20,16
6163,1082,7,24
6164,1083,0,13
6165,1083,24,5
6166,1083,1,15
6167,1083,15,8
6168,1083,2,21
6169,1083,1,4
6170,1083,0,21
6171,1083,22,15
6172,1083,3,11
6173,1084,2,16
6174,1084,11,18
6175,1084,11,15
6176,1084,9,12
6177,1085,4,13
6178,1085,22,9
6179,1085,23,17
6180,1085,20,11
6181,1085,3,22
6182,1086,16,14
6183,1086,15,9
6184,1086,16,2
6185,1086,16,7
6186,1087,3,21
6187,1087,12,24
6188,1087,18,14
6189,1087,11,3
6190,1087,5,1
6191,1087,18,7
6192,1087,1,22
6193,1087,6,20
6194,1087,14,6
6195,1087,18,11
6196,1088,4,8
6197,1088,23,5
6198,1088,18,9
6199,1088,5,7
6200,1088,10,12
6201,1088,23,3
6202,1088,4,6
6203,1088,21,4
6204,1089,5,8
6205,1089,13,20
6206,1089,19,3
6207,1089,17,8
6208,1089,3,20
6209,1089,18,22
6210,1090,14,6
6211,1090,7,9
6212,1090,19,22
6213,1090,3,13
6214,1090,13,3
6215,1090,6,3
6216,1091,2,0
6217,1091,14,11
6218,1091,22,6
6219,1091,18,7
6220,1091,22,12
6221,1091,23,4
6222,1091,4,16
6223,1091,12,22
6224,1091,20,0
6225,1092,5,22
6226,1092,9,15
6227,1092,5,2
6228,1092,15,1
6229,1093,24,13
6230,1093,8,14
6231,1093,15,22
6232,1093,17,20
6233,1093,4,7
6234,1093,19,10
6235,1093,1,4
6236,1093,23,20
6237,1093,16,24
6238,1094,19,5
6239,1094,17,3
6240,1094,8,15
6241,1094,1,23
6242,1094,2,17
6243,1095,21,3
6244,1095,2,0
6245,1095,3,5
6246,1095,14,0
6247,1095,12,9
6248,1095,5,8
6249,1095,2,5
6250,1095,1,11
6251,1095,20,10
6252,1095,17,2
6253,1096,22,15
6254,1096,3,22
6255,1096,16,24
6256,1096,5,8
6257,1096,19,21
6258,1096,3,6
6259,1096,5,12
6260,1097,22,11
6261,1097,16,1
6262,1097,22,6
6263,1097,4,14
6264,1098,2,8
6265,1098,3,13
6266,1098,13,10
6267,1098,7,22
6268,1098,10,3
6269,1098,16,12
6270,1098,23,16
6271,1098,10,22
6272,1098,19,0
6273,1098,21,10
6274,1099,23,1
6275,1099,18,1
6276,1099,10,16
6277,1099,1,9
6278,1099,8,14
6279,1100,10,8
6280,1100,12,6
6281,1100,3,5
6282,1100,20,22
6283,1100,8,22
6284,1100,9,21
6285,1100,8,4
6286,1100,3,18
6287,1100,22,11
6288,1100,23,12
6289,1100,11,5
6290,1101,21,24
6291,1101,1,22
6292,1101,19,10
6293,1101,18,4
6294,1101,15,2
6295,1101,9,15
6296,1101,20,7
6297,1101,3,23
6298,1101,1,21
6299,1101,5,18
6300,1102,13,24
6301,1102,18,15
6302,1102,4,17
6303,1102,15,11
6304,1102,22,12
6305,1102,10,7
6306,1102,5,7
6307,1103,3,22
6308,1103,18,21
6309,1103,21,17
6310,1103,23,5
6311,1103,2,11
6312,1103,21,9
6313,1103,9,12
6314,1103,6,8
6315,1104,12,2
6316,1104,5,3
6317,1104,12,14
6318,1104,7,21
6319,1104,10,18
6320,1104,21,13
6321,1105,4,22
6322,1105,21,11
6323,1105,7,0
6324,1106,6,22
6325,1106,8,6
6326,1106,2,20
6327,1106,7,14
6328,1106,15,6
6329,1106,19,20
6330,1106,24,10
6331,1106,17,14
6332,1106,13,24
6333,1106,2,19
6334,1106,16,14
6335,1107,20,7
6336,1107,19,21
6337,1107,15,1
6338,1107,18,20
6339,1107,3,11
6340,1108,2,9
6341,1109,1,15
6342,1109,12,5
6343,1109,3,16
6344,1109,10,2
6345,1109,7,5
6346,1110,11,5
6347,1110,11,20
6348,1110,1,7
6349,1110,2,11
6350,1110,7,24
6351,1110,15,9
6352,1110,8,18
6353,1110,22,4
6354,1111,11,19
6355,1111,18,3
6356,1111,14,18
6357,1111,24,16
6358,1111,8,2
6359,1111,22,2
6360,1112,6,3
6361,1112,20,6
6362,1112,24,7
6363,1112,13,17
6364,1112,23,15
6365,1112,23,3
6366,1112,14,24
6367,1112,6,10
6368,1112,9,19
6369,1113,22,15
6370,1113,6,13
6371,1113,17,0
6372,1114,23,12
6373,1114,13,15
6374,1114,5,7
6375,1114,4,21
6376,1114,19,3
6377,1114,19,22
6378,1114,22,19
6379,1115,17,4
6380,1115,4,16
6381,1115,1,17
6382,1115,23,0
6383,1115,5,11
6384,1115,24,11
6385,1115,13,0
6386,1115,20,7
6387,1115,16,20
6388,1116,0,19
6389,1116,11,15
6390,1116,7,24
6391,1116,24,5
6392,1116,7,5
6393,1116,4,22
6394,1117,18,10
6395,1117,14,20
6396,1117,19,17
6397,1117,4,22
6398,1117,0,12
6399,1117,21,7
6400,1117,16,22
6401,1117,20,4
6402,1118,16,18
6403,1118,12,19
6404,1118,21,8
6405,1118,3,1
6406,1118,21,0
6407,1119,10,21
6408,1119,24,0
6409,1119,18,3
6410,1119,4,20
6411,1119,5,23
6412,1119,22,24
6413,1119,7,15
6414,1119,8,4
6415,1120,17,23
6416,1120,3,20
6417,1120,5,13
6418,1120,7,13
6419,1121,12,6
6420,1121,18,3
6421,1122,16,2
6422,1122,9,10
6423,1122,12,20
6424,1122,10,21
6425,1122,9,18
6426,1122,20,1
6427,1123,22,2
6428,1123,5,18
6429,1123,23,0
6430,1124,13,20
6431,1124,14,6
6432,1124,5,14
6433,1124,3,0
6434,1124,19,22
6435,1124,2,8
6436,1124,17,24
6437,1125,7,14
6438,1125,9,16
6439,1125,19,2
6440,1125,2,23
6441,1125,10,19
6442,1125,4,17
6443,1125,21,0
6444,1125,15,13
6445,1125,21,12
6446,1126,1,17
6447,1126,18,9
6448,1126,18,22
6449,1126,1,20
6450,1127,17,15
6451,1127,11,20
6452,1127,1,9
6453,1127,8,18
6454,1127,22,11
6455,1127,24,15
6456,1128,18,5
6457,1128,15,13
6458,1128,14,11
6459,1128,21,18
6460,1128,2,24
6461,1128,14,8
6462,1129,17,4
6463,1129,5,22
6464,1130,11,23
6465,1130,9,17
6466,1130,2,10
6467,1130,14,1
6468,1130,4,21
6469,1130,11,8
6470,1131,7,16
6471,1131,2,14
6472,1132,21,17
6473,1132,19,2
6474,1132,17,9
6475,1132,20,8
6476,1132,21,24
6477,1132,24,14
6478,1132,4,7
6479,1132,9,21
6480,1132,14,4
6481,1133,8,2
6482,1133,5,4
6483,1133,6,12
6484,1133,5,1
6485,1133,15,24
6486,1134,15,21
6487,1134,12,2
6488,1135,22,0
6489,1135,16,8
6490,1135,3,18
6491,1135,17,19
6492,1135,23,10
6493,1135,18,2
6494,1136,8,24
6495,1136,23,5
6496,1136,7,23
6497,1136,7,16
6498,1137,9,11
6499,1137,9,7
6500,1137,14,4
6501,1138,2,18
6502,1138,21,0
6503,1138,14,12
6504,1138,16,1
6505,1138,19,1
6506,1139,13,5
6507,1139,12,22
6508,1139,24,21
6509,1139,2,5
6510,1139,10,9
6511,1139,1,19
6512,1139,19,10
6513,1139,14,23
6514,1140,10,14
6515,1140,10,12
6516,1140,2,14
6517,1140,2,14
6518,1141,20,2
6519,1141,15,24
6520,1141,20,1
6521,1141,11,2
6522,1141,10,17
6523,1142,21,24
6524,1142,8,23
6525,1142,12,16
6526,1142,13,7
6527,1142,15,19
6528,1143,4,20
6529,1143,4,17
6530,1143,3,24
6531,1143,19,1
6532,1143,19,5
6533,1143,1,24
6534,1144,7,17
6535,1144,8,17
6536,1144,13,3
6537,1144,8,10
6538,1144,0,7
6539,1144,4,2
6540,1145,3,20
6541,1145,17,24
6542,1145,14,17
6543,1145,0,17
6544,1145,3,19
6545,1145,0,6
6546,1145,0,18
6547,1145,7,16
6548,1146,24,8
6549,1146,24,21
6550,1146,12,1
6551,1147,16,4
6552,1147,17,4
6553,1147,20,11
6554,1147,11,20
6555,1147,15,12
6556,1147,12,15
6557,1147,3,12
6558,1148,14,23
6559,1148,14,4
6560,1148,16,13
6561,1148,11,7
6562,1148,2,11
6563,1148,17,1
6564,1149,18,5
6565,1149,23,2
6566,1149,16,13
6567,1149,12,1
6568,1150,22,18
6569,1150,3,22
6570,1150,23,10
6571,1150,4,18
6572,1150,20,18
6573,1150,9,19
6574,1150,5,14
6575,1150,7,4
6576,1151,20,4
6577,1151,15,22
6578,1151,8,15
6579,1151,2,22
6580,1151,10,23
6581,1151,18,1
6582,1151,8,19
6583,1151,2,13
6584,1151,12,22
6585,1152,4,11
6586,1152,8,1
6587,1152,13,16
6588,1152,16,14
6589,1152,19,1
6590,1152,14,2
6591,1153,22,24
6592,1153,0,21
6593,1153,23,7
6594,1153,23,14
6595,1153,7,21
6596,1153,8,17
6597,1153,2,6
6598,1154,19,10
6599,1154,0,21
6600,1154,17,4
6601,1154,21,23
6602,1154,7,14
6603,1154,8,23
6604,1154,23,3
6605,1154,10,18
6606,1154,4,15
6607,1154,23,2
6608,1155,6,15
6609,1155,3,10
6610,1155,23,2
6611,1155,7,19
6612,1156,22,3
6613,1156,8,5
6614,1156,18,5
6615,1156,16,6
6616,1157,11,4
6617,1157,14,21
6618,1157,11,23
6619,1157,22,3
6620,1158,17,1
6621,1158,24,6
6622,1158,23,14
6623,1158,18,3
6624,1158,16,14
6625,1158,22,16
6626,1158,5,23
6627,1159,8,2
6628,1159,23,0
6629,1159,7,16
6630,1159,0,13
6631,1159,22,2
6632,1159,12,23
6633,1159,5,4
6634,1159,0,8
6635,1159,11,13
6636,1159,0,6
6637,1159,13,10
6638,1159,21,24
6639,1160,15,18
6640,1160,15,18
6641,1160,17,8
6642,1160,8,12
6643,1160,0,3
6644,1160,10,17
6645,1160,8,22
6646,1160,24,15
6647,1160,1,5
6648,1160,11,15
6649,1161,17,0
6650,1161,17,2
6651,1161,13,24
6652,1161,17,7
6653,1162,2,23
6654,1162,19,9
6655,1162,9,6
6656,1163,24,22
6657,1163,7,1
6658,1163,3,22
6659,1163,8,16
6660,1163,18,8
6661,1163,2,0
6662,1163,20,9
6663,1163,19,22
6664,1164,7,18
6665,1164,17,13
6666,1164,16,20
6667,1164,15,17
6668,1164,19,6
6669,1165,5,21
6670,1165,22,8
6671,1165,13,4
6672,1165,21,11
6673,1165,21,5
6674,1166,4,21
6675,1166,15,4
6676,1166,21,2
6677,1166,23,7
6678,1166,24,7
6679,1166,12,1
6680,1166,6,24
6681,1166,7,13
6682,1166,0,10
6683,1167,12,1
6684,1167,7,15
6685,1167,18,4
6686,1167,17,7
6687,1167,1,20
6688,1168,10,13
6689,1168,1,16
6690,1168,21,7
6691,1168,3,17
6692,1168,17,10
6693,1168,5,24
6694,1168,14,11
6695,1169,7,23
6696,1169,2,17
6697,1169,4,23
6698,1169,19,17
6699,1169,0,8
6700,1169,19,7
6701,1169,0,20
6702,1169,24,3
6703,1169,5,1
6704,1170,9,6
6705,1170,19,0
6706,1170,5,24
6707,1171,16,5
6708,1171,0,22
6709,1171,17,4
6710,1171,21,19
6711,1171,21,8
6712,1171,2,11
6713,1172,11,24
6714,1172,11,23
6715,1172,17,8
6716,1172,4,5
6717,1172,5,21
6718,1172,23,13
6719,1172,10,18
6720,1173,5,11
6721,1173,2,18
6722,1173,11,19
6723,1173,13,4
6724,1173,1,18
6725,1173,9,17
6726,1173,9,12
6727,1173,6,22
6728,1173,4,7
6729,1173,3,5
6730,1174,20,23
6731,1174,20,13
6732,1174,13,9
6733,1174,6,18
6734,1174,12,18
6735,1174,21,19
6736,1174,18,2
6737,1174,24,0
6738,1174,24,7
6739,1175,1,15
6740,1175,2,9
6741,1175,11,9
6742,1176,5,3
6743,1176,0,8
6744,1176,17,9
6745,1176,15,19
6746,1176,9,1
6747,1177,4,19
6748,1177,3,14
6749,1177,14,5
6750,1177,15,4
6751,1177,21,7
6752,1177,12,1
6753,1177,4,22
6754,1178,15,14
6755,1178,0,12
6756,1178,14,2
6757,1178,16,20
6758,1178,12,14
6759,1178,24,21
6760,1178,18,12
6761,1178,3,18
6762,1179,4,1
6763,1179,3,5
6764,1179,18,15
6765,1179,9,16
6766,1179,20,13
6767,1179,4,12
6768,1179,24,9
6769,1179,7,24
6770,1179,14,10
6771,1180,1,10
6772,1180,10,8
6773,1180,11,13
6774,1180,10,9
6775,1180,2,12
6776,1180,14,5
6777,1180,3,10
6778,1181,2,13
6779,1181,7,19
6780,1181,9,5
6781,1181,17,5
6782,1181,7,15
6783,1182,1,5
6784,1182,18,11
6785,1183,20,17
6786,1183,1,3
6787,1184,5,24
6788,1184,23,10
6789,1184,13,24
6790,1185,10,13
6791,1185,19,11
6792,1185,13,17
6793,1185,13,19
6794,1185,3,16
6795,1186,17,4
6796,1186,14,4
6797,1186,5,4
6798,1186,5,23
6799,1187,20,13
6800,1187,11,9
6801,1187,20,18
6802,1187,15,4
6803,1187,12,8
6804,1188,18,1
6805,1188,1,13
6806,1188,2,12
6807,1188,2,18
6808,1188,7,15
6809,1188,14,16
6810,1189,22,1
6811,1189,20,6
6812,1189,19,10
6813,1189,22,9
6814,1189,4,17
6815,1190,16,14
6816,1190,8,14
6817,1190,14,4
6818,1190,20,5
6819,1190,2,4
6820,1190,15,1
6821,1190,3,9
6822,1191,17,2
6823,1191,14,23
6824,1191,18,1
6825,1191,12,14
6826,1192,20,4
6827,1192,17,10
6828,1192,4,15
6829,1192,24,6
6830,1192,21,7
6831,1192,18,24
6832,1193,4,7
6833,1193,1,15
6834,1193,11,14
6835,1193,11,8
6836,1193,4,8
6837,1193,17,1
6838,1193,9,18
6839,1194,20,3
6840,1194,12,0
6841,1194,8,24
6842,1194,19,17
6843,1194,16,1
6844,1195,19,10
6845,1195,2,15
6846,1195,11,24
6847,1195,4,1
6848,1195,12,10
6849,1195,20,14
6850,1195,17,19
6851,1196,9,7
6852,1196,19,23
6853,1196,2,13
6854,1196,2,10
6855,1196,13,6
6856,1196,12,14
6857,1196,2,23
6858,1196,10,6
6859,1196,5,19
6860,1196,19,21
6861,1197,9,17
6862,1197,2,19
6863,1197,17,4
6864,1198,23,2
6865,1198,10,8
6866,1198,17,21
6867,1198,8,4
6868,1198,5,23
6869,1198,19,17
6870,1198,23,21
6871,1198,6,13
6872,1198,13,6
6873,1199,17,21
6874,1199,1,24
6875,1199,19,11
6876,1199,22,9
6877,1199,1,17
6878,1199,22,13
6879,1199,18,16
6880,1199,6,14
6881,1199,16,9
6882,1199,8,0
6883,1199,10,19
6884,1200,7,9
6885,1200,16,8
6886,1200,0,23
6887,1200,7,19
6888,1200,21,12
6889,1200,9,18
6890,1200,2,24
6891,1201,10,8
6892,1201,6,19
6893,1201,7,16
6894,1202,3,9
6895,1202,18,21
6896,1202,24,6
6897,1202,19,6
6898,1202,21,9
6899,1203,17,7
6900,1203,2,8
6901,1203,8,16
6902,1203,19,1
6903,1203,3,0
6904,1204,7,21
6905,1204,18,8
6906,1204,2,4
6907,1204,21,18
6908,1204,14,8
6909,1204,2,8
6910,1205,11,9
6911,1205,8,14
6912,1205,3,20
6913,1205,15,4
6914,1205,15,6
6915,1205,20,10
6916,1206,2,11
6917,1206,1,22
6918,1207,18,22
6919,1207,4,6
6920,1207,9,20
6921,1207,1,8
6922,1207,5,15
6923,1207,16,4
6924,1208,11,14
6925,1208,8,1
6926,1208,2,22
6927,1208,10,19
6928,1208,23,9
6929,1208,1,7
6930,1208,3,24
6931,1209,13,11
6932,1209,14,3
6933,1209,3,16
6934,1209,4,19
6935,1209,12,8
6936,1209,16,6
6937,1209,16,18
6938,1210,0,11
6939,1210,9,18
6940,1210,1,8
6941,1210,18,12
6942,1210,14,17
6943,1210,22,0
6944,1210,23,7
6945,1210,17,0
6946,1211,19,0
6947,1211,24,0
6948,1211,13,7
6949,1211,24,6
6950,1211,10,6
6951,1211,8,5
6952,1212,5,11
6953,1212,8,5
6954,1212,13,9
6955,1212,14,6
6956,1212,13,23
6957,1212,11,24
6958,1212,3,18
6959,1212,4,13
6960,1212,23,11
6961,1212,4,5
6962,1213,19,1
6963,1213,4,21
6964,1213,5,1
6965,1213,6,18
6966,1213,7,17
6967,1213,9,21
6968,1213,17,19
6969,1213,2,21
6970,1214,13,22
6971,1214,10,17
6972,1214,10,6
6973,1214,0,14
6974,1215,0,21
6975,1215,8,4
6976,1215,24,6
6977,1215,0,4
6978,1215,1,13
6979,1216,5,7
6980,1216,4,11
6981,1216,24,8
6982,1216,15,11
6983,1217,20,0
6984,1217,0,23
6985,1217,15,1
6986,1217,16,6
6987,1217,22,2
6988,1218,11,9
6989,1218,18,8
6990,1218,11,24
6991,1218,23,20
6992,1218,1,22
6993,1218,0,8
6994,1218,18,24
6995,1218,22,0
6996,1219,13,0
6997,1219,18,8
6998,1219,16,18
6999,1219,15,24
7000,1219,19,4
7001,1219,4,6
7002,1219,7,24
7003,1219,19,9
7004,1219,9,20
7005,1220,11,2
7006,1220,22,16
7007,1220,2,24
7008,1220,17,5
7009,1220,19,4
7010,1220,12,3
7011,1220,10,8
7012,1220,21,5
7013,1221,7,16
7014,1221,21,0
7015,1221,13,16
7016,1221,23,0
7017,1221,7,9
7018,1222,8,24
7019,1222,11,19
7020,1222,10,19
7021,1222,22,0
7022,1222,19,21
7023,1222,22,8
7024,1222,3,24
7025,1222,4,18
7026,1222,10,17
7027,1223,18,14
7028,1223,2,0
7029,1223,18,5
7030,1223,21,24
7031,1223,24,7
7032,1224,21,19
7033,1224,14,1
7034,1224,9,21
7035,1224,11,7
7036,1224,4,17
7037,1224,19,9
7038,1224,4,11
7039,1224,13,16
7040,1224,20,18
7041,1224,18,9
7042,1225,15,24
7043,1225,16,3
7044,1225,21,6
7045,1225,7,10
7046,1225,19,9
7047,1225,7,24
7048,1226,17,11
7049,1226,14,3
7050,1226,2,12
7051,1226,2,5
7052,1226,4,7
7053,1226,23,0
7054,1227,14,6
7055,1227,6,23
7056,1227,4,19
7057,1227,16,0
7058,1227,20,10
7059,1227,21,3
7060,1227,7,13
7061,1227,7,17
7062,1227,14,20
7063,1227,4,14
7064,1228,16,14
7065,1228,19,21
7066,1228,17,15
7067,1228,22,14
7068,1228,22,8
7069,1228,0,12
7070,1228,6,10
7071,1228,13,11
7072,1229,23,11
7073,1229,5,4
7074,1229,19,7
7075,1229,0,21
7076,1229,14,11
7077,1230,11,19
7078,1230,18,14
7079,1230,15,13
7080,1230,4,12
7081,1230,13,4
7082,1230,0,23
7083,1231,13,7
7084,1231,3,9
7085,1231,12,15
7086,1232,5,14
7087,1232,23,15
7088,1232,2,13
7089,1232,16,0
7090,1232,13,24
7091,1232,0,7
7092,1232,2,6
7093,1233,19,5
7094,1233,17,14
7095,1233,10,2
7096,1233,11,13
7097,1233,21,13
7098,1233,21,1
7099,1233,7,4
7100,1234,10,2
7101,1234,13,5
7102,1234,20,0
7103,1234,18,20
7104,1234,22,1
7105,1234,13,22
7106,1234,23,17
7107,1235,6,14
7108,1235,6,20
7109,1235,4,19
7110,1235,0,12
7111,1235,11,17
7112,1235,0,11
7113,1235,5,13
7114,1235,18,6
7115,1236,0,24
7116,1236,23,6
7117,1236,9,0
7118,1236,6,8
7119,1236,4,12
7120,1236,6,15
7121,1237,24,21
7122,1237,19,9
7123,1237,10,22
7124,1238,23,3
7125,1238,13,1
7126,1238,12,9
7127,1238,14,20
7128,1238,5,20
7129,1238,3,19
7130,1238,16,0
7131,1238,17,10
7132,1238,7,4
7133,1239,9,13
7134,1239,5,12
7135,1239,0,12
7136,1239,6,15
7137,1239,13,19
7138,1239,16,14
7139,1239,22,7
7140,1240,19,9
7141,1240,21,11
7142,1240,0,22
7143,1240,2,18
7144,1240,13,9
7145,1240,23,21
7146,1240,8,11
7147,1240,8,10
7148,1240,21,0
7149,1241,0,12
7150,1241,14,24
7151,1241,6,12
7152,1241,12,9
7153,1242,0,7
7154,1242,7,3
7155,1242,17,9
7156,1242,0,24
7157,1242,19,21
7158,1242,17,11
7159,1243,8,21
7160,1243,1,19
7161,1243,3,5
7162,1243,12,14
7163,1243,9,20
7164,1243,10,8
7165,1244,24,15
7166,1244,2,15
7167,1244,20,16
7168,1244,6,14
7169,1244,11,20
7170,1244,7,1
7171,1244,24,4
7172,1244,0,3
7173,1244,6,16
7174,1245,14,1
7175,1245,8,21
7176,1245,1,19
7177,1245,20,9
7178,1245,4,8
7179,1245,0,13
7180,1245,21,19
7181,1245,22,2
7182,1246,14,2
7183,1246,8,12
7184,1246,1,5
7185,1247,3,22
7186,1247,23,12
7187,1247,18,5
7188,1247,13,17
7189,1247,21,15
7190,1247,24,9
7191,1247,9,19
7192,1248,24,6
7193,1248,15,14
7194,1248,19,12
7195,1248,21,4
7196,1248,18,22
7197,1248,17,21
7198,1249,22,4
7199,1249,1,24
7200,1249,9,6
7201,1249,9,5
7202,1250,16,19
7203,1250,21,23
7204,1250,12,14
7205,1250,23,20
7206,1250,13,10
7207,1250,11,1
7208,1250,20,18
7209,1251,19,15
7210,1251,23,19
7211,1251,10,12
7212,1251,20,18
7213,1252,18,5
7214,1252,21,23
7215,1252,1,3
7216,1252,7,24
7217,1252,17,11
7218,1253,21,23
7219,1253,14,8
7220,1253,12,9
7221,1253,1,15
7222,1253,2,15
7223,1253,19,0
7224,1253,21,14
7225,1253,6,24
7226,1253,1,3
7227,1254,14,0
7228,1254,2,0
7229,1254,21,5
7230,1254,0,23
7231,1255,4,11
7232,1255,2,0
7233,1255,24,16
7234,1255,1,16
7235,1255,9,0
7236,1255,10,14
7237,1255,6,10
7238,1256,15,0
7239,1256,10,7
7240,1256,5,7
7241,1256,23,21
7242,1256,1,11
7243,1257,16,1
7244,1257,19,13
7245,1257,18,24
7246,1257,14,10
7247,1257,20,19
7248,1258,13,19
7249,1258,5,8
7250,1258,0,12
7251,1258,2,12
7252,1258,16,8
7253,1258,8,1
7254,1259,4,8
7255,1259,18,11
7256,1259,13,0
7257,1260,12,14
7258,1260,13,17
7259,1261,10,20
7260,1261,17,0
7261,1261,17,0
7262,1261,8,17
7263,1261,24,18
7264,1261,1,10
7265,1262,1,20
7266,1262,0,21
7267,1262,17,3
7268,1262,24,21
7269,1262,16,9
7270,1262,18,14
7271,1262,24,4
7272,1263,6,16
7273,1263,15,9
7274,1263,6,4
7275,1263,2,17
7276,1263,23,15
7277,1264,22,1
7278,1264,16,18
7279,1264,19,7
7280,1264,8,11
7281,1265,10,14
7282,1265,3,11
7283,1265,1,22
7284,1265,22,11
7285,1265,21,3
7286,1265,3,12
7287,1266,24,18
7288,1266,24,3
7289,1266,23,20
7290,1266,13,7
7291,1266,6,9
7292,1266,5,7
7293,1266,3,19
7294,1266,8,2
7295,1267,4,2
7296,1267,23,20
7297,1267,12,24
7298,1267,5,18
7299,1267,8,15
7300,1267,11,5
7301,1267,15,6
7302,1267,1,11
7303,1268,18,8
7304,1268,1,5
7305,1268,22,15
7306,1268,13,10
7307,1268,13,24
7308,1268,14,11
7309,1269,17,1
7310,1269,12,16
7311,1269,17,10
7312,1269,22,3
7313,1269,8,14
7314,1269,17,7
7315,1270,17,2
7316,1270,16,20
7317,1270,0,10
7318,1270,15,21
7319,1270,18,20
7320,1270,1,24
7321,1271,8,19
7322,1271,22,11
7323,1271,22,11
7324,1271,4,16
7325,1271,21,13
7326,1271,0,16
7327,1271,8,10
7328,1272,11,4
7329,1272,3,12
7330,1272,16,14
7331,1272,3,5
7332,1272,11,9
7333,1273,4,13
7334,1273,17,4
7335,1273,24,22
7336,1273,0,14
7337,1273,1,24
7338,1273,20,2
7339,1274,3,17
7340,1274,21,17
7341,1274,24,12
7342,1274,15,9
7343,1274,13,22
7344,1274,24,13
7345,1274,21,11
7346,1274,23,9
7347,1275,22,9
7348,1275,12,20
7349,1275,18,24
7350,1275,6,8
7351,1275,7,20
7352,1275,0,21
7353,1275,7,4
7354,1276,1,17
7355,1277,2,13
7356,1277,4,6
7357,1277,3,24
7358,1277,10,3
7359,1277,21,3
7360,1278,24,3
7361,1278,15,12
7362,1278,3,24
7363,1279,20,14
7364,1279,24,21
7365,1279,22,8
7366,1279,20,11
7367,1279,24,14
7368,1279,12,5
7369,1279,2,17
7370,1280,7,5
7371,1280,23,12
7372,1280,18,2
7373,1280,8,11
7374,1281,20,11
7375,1281,6,10
7376,1282,24,13
7377,1282,8,16
7378,1282,15,2
7379,1282,18,1
7380,1282,11,21
7381,1283,16,7
7382,1283,14,10
7383,1283,9,7
7384,1283,8,16
7385,1283,19,9
7386,1283,1,15
7387,1283,6,10
7388,1284,4,7
7389,1284,14,5
7390,1284,24,22
7391,1284,22,11
7392,1285,11,8
7393,1285,22,4
7394,1285,16,19
7395,1286,12,23
7396,1286,11,8
7397,1286,0,7
7398,1286,9,23
7399,1286,24,8
7400,1286,24,22
7401,1287,18,22
7402,1287,15,4
7403,1287,14,12
7404,1287,17,5
7405,1287,4,18
7406,1287,19,17
7407,1287,19,1
7408,1288,20,24
7409,1288,13,4
7410,1288,7,4
7411,1288,15,23
7412,1288,24,7
7413,1288,4,11
7414,1288,4,21
7415,1288,2,19
7416,1289,24,22
7417,1289,15,8
7418,1289,6,3
7419,1289,24,4
7420,1290,4,19
7421,1290,3,7
7422,1290,6,17
7423,1290,15,17
7424,1290,19,7
7425,1290,20,11
7426,1291,14,23
7427,1291,10,16
7428,1291,3,5
7429,1291,20,13
7430,1291,16,0
7431,1291,10,9
7432,1291,22,7
7433,1291,12,24
7434,1291,18,2
7435,1291,11,4
7436,1292,22,2
7437,1292,10,7
7438,1292,7,23
7439,1293,24,21
7440,1293,1,18
7441,1294,1,17
7442,1294,5,12
7443,1295,13,6
7444,1295,19,22
7445,1296,18,24
7446,1296,1,7
7447,1296,7,13
7448,1296,6,16
7449,1296,7,17
7450,1296,12,0
7451,1296,19,17
7452,1297,0,10
7453,1297,0,23
7454,1297,0,13
7455,1297,18,20
7456,1297,8,14
7457,1297,14,4
7458,1298,11,4
7459,1298,12,14
7460,1298,5,21
7461,1299,15,2
7462,1299,8,2
7463,1299,12,9
7464,1299,23,9
7465,1299,5,3
7466,1299,10,18
7467,1299,2,11
7468,1299,6,2
7469,1300,15,1
7470,1300,11,13
7471,1300,14,11
7472,1300,6,22
7473,1300,24,1
7474,1300,16,7
7475,1301,9,20
7476,1301,0,11
7477,1301,1,8
7478,1301,18,20
7479,1301,24,4
7480,1301,13,17
7481,1302,1,5
7482,1302,0,4
7483,1302,1,8
7484,1302,1,4
7485,1302,4,16
7486,1302,2,24
7487,1302,2,18
7488,1303,4,19
7489,1303,5,13
7490,1303,1,16
7491,1303,14,2
7492,1303,3,6
7493,1304,9,12
7494,1304,0,14
7495,1304,16,6
7496,1304,18,11
7497,1304,16,14
7498,1305,9,19
7499,1305,8,22
7500,1306,19,15
7501,1306,0,22
7502,1306,14,18
7503,1306,9,1
7504,1306,15,21
7505,1306,11,3
7506,1306,17,0
7507,1307,5,16
7508,1307,9,1
7509,1307,15,6
7510,1307,17,13
7511,1307,24,11
7512,1307,10,18
7513,1307,5,17
7514,1307,4,0
7515,1308,18,3
7516,1308,1,16
7517,1308,4,13
7518,1308,8,23
7519,1308,10,21
7520,1308,2,8
7521,1308,1,5
7522,1308,2,18
7523,1308,9,1
7524,1308,0,10
7525,1308,14,17
7526,1309,14,5
7527,1309,14,11
7528,1309,14,20
7529,1309,24,10
7530,1309,3,24
7531,1310,20,5
7532,1310,24,9
7533,1310,13,10
7534,1310,20,5
7535,1310,6,16
7536,1310,18,9
7537,1311,4,14
7538,1311,3,16
7539,1311,21,13
7540,1311,5,19
7541,1311,16,18
7542,1311,19,21
7543,1311,19,11
7544,1311,4,16
7545,1312,5,23
7546,1312,11,18
7547,1312,3,10
7548,1312,15,13
7549,1312,24,17
7550,1313,4,23
7551,1313,24,20
7552,1313,16,9
7553,1313,20,3
7554,1314,2,13
7555,1314,12,16
7556,1314,12,9
7557,1314,15,17
7558,1314,17,3
7559,1314,20,16
7560,1314,8,14
7561,1315,15,1
7562,1315,23,10
7563,1315,20,14
7564,1315,10,7
7565,1316,20,12
7566,1316,1,13
7567,1316,20,4
7568,1316,23,16
7569,1317,18,4
7570,1317,15,22
7571,1317,12,1
7572,1317,19,2
7573,1317,16,8
7574,1317,8,17
7575,1317,6,13
7576,1317,18,7
7577,1317,1,13
7578,1317,16,13
7579,1317,6,13
7580,1318,11,15
7581,1318,14,10
7582,1318,14,15
7583,1318,8,1
7584,1318,16,4
7585,1318,5,13
7586,1319,15,6
7587,1319,7,9
7588,1319,0,9
7589,1319,15,21
7590,1319,20,23
7591,1319,8,20
7592,1319,18,3
7593,1319,1,21
7594,1319,5,18
7595,1320,24,20
7596,1320,18,10
7597,1320,17,15
7598,1320,0,7
7599,1320,19,22
7600,1320,2,19
7601,1320,14,2
7602,1320,21,24
7603,1321,14,10
7604,1321,10,12
7605,1321,22,9
7606,1321,2,15
7607,1321,4,24
7608,1321,17,20
7609,1321,23,3
7610,1322,15,21
7611,1322,13,11
7612,1322,12,3
7613,1322,23,3
7614,1322,7,9
7615,1322,2,11
7616,1322,10,3
7617,1323,17,15
7618,1323,15,18
7619,1323,13,2
7620,1323,16,23
7621,1324,22,18
7622,1324,1,15
7623,1324,16,4
7624,1324,17,8
7625,1324,12,18
7626,1324,8,10
7627,1325,4,14
7628,1325,23,15
7629,1325,11,3
7630,1326,4,0
7631,1326,24,22
7632,1326,8,10
7633,1326,23,15
7634,1326,15,19
7635,1327,18,21
7636,1327,21,18
7637,1327,21,5
7638,1327,4,21
7639,1327,1,3
7640,1327,2,17
7641,1327,1,13
7642,1327,24,16
7643,1327,24,13
7644,1328,17,5
7645,1328,20,14
7646,1328,19,22
7647,1328,22,0
7648,1328,22,6
7649,1328,22,1
7650,1329,17,4
7651,1329,5,8
7652,1329,15,22
7653,1329,9,7
7654,1330,22,10
7655,1330,16,13
7656,1330,4,23
7657,1330,6,19
7658,1330,7,3
7659,1330,0,7
7660,1330,16,6
7661,1331,19,4
7662,1331,16,7
7663,1331,6,22
7664,1331,10,18
7665,1331,8,18
7666,1331,23,20
7667,1331,21,6
7668,1331,7,19
7669,1332,17,1
7670,1332,6,17
7671,1332,18,21
7672,1332,19,15
7673,1332,2,16
7674,1332,0,19
7675,1333,0,8
7676,1333,23,12
7677,1333,3,9
7678,1334,9,3
7679,1334,5,19
7680,1334,11,18
7681,1334,24,16
7682,1334,20,12
7683,1334,8,6
7684,1334,18,24
7685,1334,4,16
7686,1335,23,5
7687,1335,11,17
7688,1335,2,23
7689,1335,9,12
7690,1335,19,3
7691,1335,4,24
7692,1336,4,15
7693,1336,4,2
7694,1336,9,20
7695,1336,4,0
7696,1336,11,22
7697,1336,21,3
7698,1336,24,5
7699,1336,22,0
7700,1336,21,3
7701,1337,15,24
7702,1337,24,13
7703,1337,17,15
7704,1337,16,3
7705,1337,3,12
7706,1337,10,23
7707,1337,20,23
7708,1337,8,18
7709,1338,24,12
7710,1338,1,8
7711,1338,20,19
7712,1338,11,23
7713,1338,6,2
7714,1338,16,6
7715,1338,23,17
7716,1339,17,8
7717,1339,9,7
7718,1339,12,16
7719,1339,17,5
7720,1339,8,19
7721,1339,15,19
7722,1339,13,6
7723,1340,12,10
7724,1340,21,13
7725,1340,6,14
7726,1340,24,7
7727,1340,4,1
7728,1340,10,18
7729,1340,20,6
7730,1340,3,10
7731,1340,1,8
7732,1341,16,4
7733,1341,14,7
7734,1341,10,17
7735,1342,11,18
7736,1342,22,7
7737,1342,2,16
7738,1342,12,9
7739,1342,14,6
7740,1342,11,22
7741,1342,15,6
7742,1342,1,4
7743,1343,23,12
7744,1343,20,14
7745,1344,19,20
7746,1344,4,24
7747,1344,23,21
7748,1344,10,14
7749,1344,13,20
7750,1344,7,11
7751,1344,18,5
7752,1344,2,14
7753,1344,4,21
7754,1345,16,10
7755,1345,0,3
7756,1345,14,11
7757,1345,6,10
7758,1345,15,0
7759,1346,0,13
7760,1346,12,10
7761,1346,10,13
7762,1346,23,13
7763,1347,13,2
7764,1347,19,9
7765,1347,18,12
7766,1347,10,0
7767,1347,10,12
7768,1347,17,19
7769,1348,2,16
7770,1348,23,5
7771,1348,12,22
7772,1348,10,19
7773,1348,5,21
7774,1348,24,22
7775,1348,23,21
7776,1349,10,13
7777,1349,4,15
7778,1349,24,13
7779,1349,5,21
7780,1349,8,19
7781,1349,2,4
7782,1349,20,9
7783,1349,20,8
7784,1349,3,20
7785,1349,6,13
7786,1350,11,20
7787,1350,5,1
7788,1350,0,23
7789,1350,17,3
7790,1350,12,24
7791,1350,7,4
7792,1350,1,9
7793,1350,20,17
7794,1351,22,18
7795,1351,7,5
7796,1351,15,6
7797,1351,6,24
7798,1351,19,3
7799,1352,20,23
7800,1352,5,16
7801,1352,21,2
7802,1352,17,10
7803,1352,3,24
7804,1353,2,21
7805,1353,18,4
7806,1353,24,2
7807,1353,3,22
7808,1353,15,18
7809,1354,8,23
7810,1354,8,1
7811,1354,20,8
7812,1354,17,23
7813,1354,1,5
7814,1354,20,19
7815,1355,19,5
7816,1355,17,11
7817,1355,4,0
7818,1355,16,3
7819,1355,22,6
7820,1355,9,0
7821,1355,4,16
7822,1356,24,22
7823,1356,13,2
7824,1356,15,22
7825,1356,5,18
7826,1356,13,20
7827,1356,7,23
7828,1356,24,4
7829,1356,0,10
7830,1356,6,2
7831,1356,17,5
7832,1357,19,3
7833,1357,8,0
7834,1357,9,20
7835,1357,14,23
7836,1357,22,0
7837,1357,22,10
7838,1357,6,19
7839,1357,1,24
7840,1357,6,18
7841,1357,14,4
7842,1358,10,1
7843,1358,3,5
7844,1358,18,11
7845,1359,24,8
7846,1359,23,4
7847,1359,0,9
7848,1359,23,21
7849,1359,5,18
7850,1359,10,22
7851,1359,16,24
7852,1359,23,8
7853,1359,2,23
7854,1360,3,21
7855,1360,14,11
7856,1360,6,18
7857,1360,13,3
7858,1360,17,11
7859,1361,16,0
7860,1361,16,13
7861,1361,8,6
7862,1361,5,9
7863,1361,6,19
7864,1361,21,12
7865,1361,2,22
7866,1362,21,9
7867,1362,22,3
7868,1362,7,22
7869,1362,13,6
7870,1362,0,22
7871,1362,17,4
7872,1362,2,11
7873,1363,17,4
7874,1363,20,14
7875,1363,16,13
7876,1363,18,24
7877,1363,2,4
7878,1363,18,1
7879,1363,12,10
7880,1364,10,17
7881,1364,7,0
7882,1364,2,16
7883,1364,1,23
7884,1364,6,15
7885,1365,7,24
7886,1365,18,8
7887,1365,11,18
7888,1365,10,20
7889,1365,21,19
7890,1365,21,9
7891,1365,4,10
7892,1365,22,10
7893,1366,5,17
7894,1366,14,21
7895,1366,18,1
7896,1366,11,8
7897,1366,13,5
7898,1367,24,7
7899,1367,7,14
7900,1367,8,11
7901,1367,10,24
7902,1367,10,23
7903,1367,20,23
7904,1367,13,19
7905,1368,7,17
7906,1368,24,13
7907,1368,12,3
7908,1368,22,7
7909,1368,1,11
7910,1369,10,9
7911,1369,4,10
7912,1369,7,1
7913,1369,10,23
7914,1369,19,0
7915,1369,12,18
7916,1369,7,4
7917,1370,1,10
7918,1370,12,20
7919,1370,0,17
7920,1370,9,19
7921,1370,7,24
7922,1371,24,4
7923,1371,16,18
7924,1371,13,2
7925,1371,4,20
7926,1372,21,17
7927,1372,3,0
7928,1372,24,21
7929,1372,18,16
7930,1372,11,22
7931,1373,6,8
7932,1373,5,23
7933,1373,23,16
7934,1373,21,13
7935,1373,20,19
7936,1373,4,14
7937,1373,19,4
7938,1373,2,6
7939,1374,18,14
7940,1374,3,6
7941,1374,11,23
7942,1374,15,22
7943,1374,15,19
7944,1374,4,16
7945,1375,0,20
7946,1375,20,4
7947,1375,0,23
7948,1375,5,1
7949,1375,2,5
7950,1375,21,13
7951,1375,6,24
7952,1375,24,17
7953,1376,13,9
7954,1376,2,18
7955,1376,15,7
7956,1376,19,4
7957,1376,2,23
7958,1377,0,24
7959,1377,18,11
7960,1377,2,11
7961,1377,22,24
7962,1377,15,8
7963,1377,1,10
7964,1377,7,13
7965,1378,17,10
7966,1379,24,12
7967,1379,10,17
7968,1379,10,12
7969,1379,4,2
7970,1379,5,14
7971,1379,3,20
7972,1380,15,7
7973,1380,21,17
7974,1380,15,19
7975,1380,16,10
7976,1380,18,12
7977,1380,20,6
7978,1380,14,2
7979,1380,0,23
7980,1380,12,8
7981,1380,2,24
7982,1380,12,10
7983,1381,7,20
7984,1381,15,4
7985,1381,15,0
7986,1381,14,18
7987,1381,2,21
7988,1382,13,24
7989,1382,9,15
7990,1382,24,17
7991,1382,1,12
7992,1382,7,0
7993,1382,17,14
7994,1383,6,19
7995,1383,2,20
7996,1383,21,13
7997,1383,1,17
7998,1383,5,3
7999,1383,21,9
8000,1383,21,18
8001,1383,4,22
8002,1384,23,6
8003,1384,1,23
8004,1384,21,9
8005,1384,8,23
8006,1384,4,18
8007,1384,14,17
8008,1384,24,22
8009,1384,9,19
8010,1385,24,4
8011,1385,20,19
8012,1385,20,2
8013,1385,0,3
8014,1385,2,10
8015,1385,14,2
8016,1386,6,17
8017,1386,3,22
8018,1386,7,18
8019,1386,10,12
8020,1386,22,13
8021,1387,13,20
8022,1387,14,1
8023,1387,10,23
8024,1387,17,3
8025,1387,19,2
8026,1387,1,22
8027,1387,19,17
8028,1387,23,1
8029,1387,21,6
8030,1388,0,15
8031,1388,8,12
8032,1388,15,17
8033,1388,1,22
8034,1388,23,16
8035,1389,9,3
8036,1389,20,6
8037,1389,4,12
8038,1389,19,17
8039,1389,18,2
8040,1389,13,4
8041,1389,13,10
8042,1390,22,10
8043,1390,2,15
8044,1390,12,0
8045,1390,22,11
8046,1390,24,20
8047,1390,20,16
8048,1390,15,6
8049,1390,7,11
8050,1390,6,10
8051,1390,19,22
8052,1390,1,10
8053,1390,8,20
8054,1390,9,2
8055,1391,24,9
8056,1391,17,20
8057,1391,15,5
8058,1391,6,0
8059,1391,4,11
8060,1391,16,22
8061,1391,14,24
8062,1391,23,3
8063,1392,19,23
8064,1392,3,0
8065,1392,21,19
8066,1392,9,3
8067,1392,12,15
8068,1392,21,0
8069,1392,14,1
8070,1392,21,4
8071,1392,2,11
8072,1392,15,13
8073,1393,15,8
8074,1393,7,15
8075,1393,2,10
8076,1394,16,3
8077,1394,5,21
8078,1394,24,13
8079,1394,15,23
8080,1394,24,17
8081,1395,4,22
8082,1395,23,9
8083,1395,8,2
8084,1395,3,23
8085,1395,2,22
8086,1395,21,8
8087,1395,17,1
8088,1396,1,3
8089,1396,23,0
8090,1396,1,14
8091,1396,0,10
8092,1396,15,4
8093,1396,9,24
8094,1396,6,8
8095,1396,1,23
8096,1397,16,22
8097,1397,8,4
8098,1397,24,8
8099,1397,1,18
8100,1397,15,4
8101,1397,22,8
8102,1398,23,1
8103,1398,0,20
8104,1398,20,18
8105,1398,21,1
8106,1398,16,7
8107,1398,4,1
8108,1398,16,10
8109,1398,19,13
8110,1398,18,3
8111,1398,10,17
8112,1398,13,16
8113,1398,8,21
8114,1398,2,19
8115,1398,14,16
8116,1399,5,23
8117,1399,9,23
8118,1399,15,14
8119,1399,6,3
8120,1399,21,7
8121,1400,4,6
8122,1400,20,16
8123,1400,4,18
8124,1400,20,7
8125,1400,3,23
8126,1401,24,5
8127,1401,0,22
8128,1402,8,12
8129,1402,6,24
8130,1402,7,21
8131,1403,19,10
8132,1403,3,1
8133,1403,19,15
8134,1403,10,3
8135,1403,7,16
8136,1403,23,3
8137,1404,17,21
8138,1404,11,21
8139,1404,4,10
8140,1404,0,10
8141,1404,15,11
8142,1404,12,23
8143,1404,13,9
8144,1405,7,18
8145,1405,24,17
8146,1406,22,3
8147,1406,16,10
8148,1406,16,18
8149,1406,4,11
8150,1407,10,7
8151,1407,3,13
8152,1407,13,20
8153,1408,24,12
8154,1408,2,18
8155,1408,15,11
8156,1408,23,0
8157,1408,18,16
8158,1408,7,9
8159,1408,7,14
8160,1408,8,1
8161,1408,18,8
8162,1408,17,2
8163,1408,5,14
8164,1408,13,15
8165,1409,22,11
8166,1409,24,14
8167,1409,12,23
8168,1409,1,15
8169,1409,24,11
8170,1409,0,16
8171,1409,17,15
8172,1409,13,20
8173,1410,17,10
8174,1410,2,18
8175,1410,14,5
8176,1410,9,12
8177,1410,15,17
8178,1410,0,7
8179,1410,21,14
8180,1411,20,2
8181,1411,13,4
8182,1411,11,18
8183,1411,13,6
8184,1411,17,21
8185,1411,24,2
8186,1411,12,0
8187,1412,5,19
8188,1412,1,17
8189,1412,21,11
8190,1412,24,4
8191,1412,20,16
8192,1413,23,5
8193,1413,23,0
8194,1413,15,19
8195,1413,2,8
8196,1413,1,5
8197,1414,21,23
8198,1414,12,9
8199,1414,11,5
8200,1414,8,4
8201,1414,0,23
8202,1414,16,12
8203,1414,16,12
8204,1414,23,4
8205,1414,24,12
8206,1414,15,12
8207,1414,17,9
8208,1415,24,14
8209,1415,17,19
8210,1415,15,23
8211,1415,6,17
8212,1415,16,1
8213,1415,7,1
8214,1415,23,6
8215,1415,1,24
8216,1415,23,2
8217,1416,11,1
8218,1416,17,14
8219,1417,22,3
8220,1417,16,23
8221,1417,10,23
8222,1417,22,20
8223,1417,3,19
8224,1417,19,9
8225,1417,1,9
8226,1417,16,1
8227,1417,6,10
8228,1418,13,7
8229,1418,23,9
8230,1418,22,12
8231,1418,3,18
8232,1418,14,12
8233,1419,9,7
8234,1419,19,20
8235,1419,22,14
8236,1419,1,10
8237,1419,11,18
8238,1419,12,6
8239,1419,17,6
8240,1419,8,16
8241,1419,5,12
8242,1420,9,15
8243,1420,24,15
8244,1420,18,1
8245,1421,7,4
8246,1421,5,2
8247,1421,24,0
8248,1421,18,14
8249,1422,9,0
8250,1422,15,2
8251,1422,3,21
8252,1422,24,2
8253,1422,6,0
8254,1423,24,15
8255,1423,18,9
8256,1423,19,20
8257,1423,23,9
8258,1423,17,8
8259,1423,10,2
8260,1424,24,1
8261,1424,10,13
8262,1424,23,13
8263,1425,9,11
8264,1425,11,7
8265,1425,15,21
8266,1425,18,16
8267,1425,24,18
8268,1425,23,10
8269,1426,17,14
8270,1426,24,10
8271,1426,2,23
8272,1426,13,1
8273,1426,23,20
8274,1426,20,8
8275,1427,5,23
8276,1427,2,15
8277,1427,3,13
8278,1427,11,15
8279,1427,13,9
8280,1428,20,11
8281,1428,2,24
8282,1428,13,0
8283,1428,3,19
8284,1428,12,23
8285,1428,5,8
8286,1429,6,17
8287,1429,24,8
8288,1429,17,23
8289,1429,2,9
8290,1430,1,22
8291,1430,13,2
8292,1430,4,20
8293,1431,8,20
8294,1431,5,14
8295,1431,5,16
8296,1431,2,8
8297,1431,11,13
8298,1431,2,6
8299,1431,23,17
8300,1431,10,23
8301,1432,15,2
8302,1432,23,14
8303,1432,4,15
8304,1432,5,7
8305,1432,3,11
8306,1433,13,19
8307,1433,13,3
8308,1433,6,14
8309,1433,19,17
8310,1433,2,5
8311,1433,15,23
8312,1433,21,19
8313,1433,19,11
8314,1434,2,15
8315,1434,15,3
8316,1434,5,3
8317,1434,12,20
8318,1435,12,15
8319,1435,8,5
8320,1435,14,23
8321,1435,2,12
8322,1435,3,22
8323,1435,20,12
8324,1436,22,1
8325,1436,2,20
8326,1437,11,20
8327,1437,11,5
8328,1437,15,5
8329,1437,15,22
8330,1437,15,8
8331,1437,0,20
8332,1438,9,18
8333,1438,4,22
8334,1438,4,15
8335,1438,16,2
8336,1438,19,7
8337,1438,4,16
8338,1438,14,5
8339,1438,0,10
8340,1439,21,14
8341,1439,16,4
8342,1439,5,12
8343,1440,21,10
8344,1440,5,24
8345,1440,1,10
8346,1440,19,21
8347,1440,13,15
8348,1440,1,5
8349,1440,15,14
8350,1440,24,1
8351,1440,6,0
8352,1440,7,19
8353,1441,8,11
8354,1441,10,20
8355,1441,12,24
8356,1441,6,17
8357,1441,3,20
8358,1442,12,22
8359,1442,20,13
8360,1442,9,24
8361,1442,15,9
8362,1442,13,21
8363,1442,7,0
8364,1442,24,16
8365,1442,18,16
8366,1442,19,1
8367,1443,0,24
8368,1443,3,12
8369,1443,10,4
8370,1443,21,19
8371,1443,9,16
8372,1443,12,4
8373,1443,15,24
8374,1443,11,9
8375,1443,1,15
8376,1443,2,13
8377,1444,16,12
8378,1444,23,16
8379,1444,8,16
8380,1444,2,21
8381,1444,14,2
8382,1444,4,17
8383,1444,4,21
8384,1445,22,10
8385,1445,22,0
8386,1445,18,5
8387,1445,16,10
8388,1445,2,23
8389,1445,9,18
8390,1445,13,4
8391,1445,19,7
8392,1445,12,5
8393,1445,0,13
8394,1445,3,9
8395,1446,13,7
8396,1446,12,2
8397,1446,15,18
8398,1446,16,4
8399,1446,7,17
8400,1446,1,19
8401,1446,23,3
8402,1446,2,17
8403,1447,15,1
8404,1447,5,12
8405,1447,5,3
8406,1447,5,11
8407,1447,22,8
8408,1448,4,14
8409,1448,6,23
8410,1448,14,24
8411,1448,7,17
8412,1448,11,15
8413,1448,2,9
8414,1449,22,13
8415,1450,4,20
8416,1450,18,5
8417,1450,23,5
8418,1451,0,3
8419,1451,3,21
8420,1451,24,5
8421,1451,10,7
8422,1451,11,15
8423,1452,15,18
8424,1452,11,17
8425,1452,14,3
8426,1452,15,6
8427,1453,10,7
8428,1453,16,5
8429,1453,10,4
8430,1453,15,22
8431,1454,11,15
8432,1454,0,21
8433,1454,3,23
8434,1454,17,1
8435,1455,8,5
8436,1455,16,23
8437,1455,7,18
8438,1455,10,7
8439,1456,7,19
8440,1456,12,22
8441,1456,23,7
8442,1456,12,16
8443,1457,11,19
8444,1457,3,16
8445,1457,2,24
8446,1457,0,19
8447,1457,16,7
8448,1457,1,15
8449,1457,16,7
8450,1457,3,10
8451,1457,8,17
8452,1458,15,2
8453,1458,2,12
8454,1458,9,20
8455,1458,21,8
8456,1458,9,16
8457,1459,11,0
8458,1459,21,10
8459,1459,12,24
8460,1459,23,7
8461,1459,9,17
8462,1459,3,13
8463,1459,15,0
8464,1459,11,1
8465,1459,20,1
8466,1460,6,24
8467,1460,4,12
8468,1460,2,22
8469,1460,16,6
8470,1460,2,12
8471,1460,16,3
8472,1460,21,24
8473,1461,6,2
8474,1461,9,10
8475,1461,11,17
8476,1461,7,1
8477,1461,6,18
8478,1461,7,16
8479,1461,10,19
8480,1462,1,20
8481,1462,9,3
8482,1463,18,16
8483,1463,21,10
8484,1463,14,8
8485,1463,15,2
8486,1463,5,8
8487,1463,22,12
8488,1463,22,6
8489,1463,1,8
8490,1463,7,16
8491,1464,11,13
8492,1464,15,3
8493,1464,19,21
8494,1464,24,14
8495,1464,8,6
8496,1465,10,1
8497,1465,17,11
8498,1465,1,13
8499,1465,20,9
8500,1465,11,19
8501,1465,12,9
8502,1466,4,10
8503,1466,3,15
8504,1466,8,1
8505,1466,9,24
8506,1466,20,23
8507,1466,10,19
8508,1466,4,16
8509,1467,24,12
8510,1467,16,20
8511,1467,13,16
8512,1467,18,14
8513,1467,19,7
8514,1468,12,5
8515,1468,17,5
8516,1468,12,14
8517,1468,6,13
8518,1468,9,21
8519,1468,20,0
8520,1469,22,12
8521,1469,16,10
8522,1469,11,1
8523,1469,5,11
8524,1469,8,23
8525,1469,21,7
8526,1470,6,14
8527,1470,17,19
8528,1470,3,1
8529,1470,0,22
8530,1471,10,18
8531,1471,18,7
8532,1471,0,22
8533,1471,9,24
8534,1471,0,4
8535,1471,3,22
8536,1471,2,17
8537,1471,16,0
8538,1472,6,13
8539,1472,10,3
8540,1472,21,13
8541,1472,4,18
8542,1472,6,13
8543,1473,5,23
8544,1473,6,10
8545,1473,19,23
8546,1473,12,4
8547,1473,5,23
8548,1474,12,0
8549,1474,14,12
8550,1475,19,16
8551,1475,10,6
8552,1475,20,5
8553,1475,24,1
8554,1475,3,12
8555,1475,12,24
8556,1475,6,21
8557,1475,7,20
8558,1476,20,9
8559,1476,18,8
8560,1476,12,19
8561,1476,0,21
8562,1476,4,22
8563,1476,7,22
8564,1477,12,0
8565,1477,11,5
8566,1477,14,22
8567,1477,8,22
8568,1477,3,24
8569,1477,16,14
8570,1478,9,10
8571,1478,9,1
8572,1478,15,5
8573,1478,3,14
8574,1478,17,24
8575,1478,23,11
8576,1478,0,14
8577,1478,2,22
8578,1478,6,16
8579,1479,5,22
8580,1479,22,5
8581,1479,18,24
8582,1480,18,6
8583,1480,21,6
8584,1480,5,19
8585,1480,14,1
8586,1480,13,2
8587,1480,8,4
8588,1481,2,16
8589,1481,6,3
8590,1481,0,12
8591,1481,21,3
8592,1482,24,10
8593,1482,5,9
8594,1482,4,21
8595,1483,18,15
8596,1483,11,17
8597,1483,19,1
8598,1483,10,8
8599,1484,2,9
8600,1484,22,4
8601,1484,0,8
8602,1484,21,23
8603,1484,4,18
8604,1484,21,9
8605,1484,16,12
8606,1484,22,13
8607,1485,11,18
8608,1485,11,17
8609,1485,12,3
8610,1485,2,0
8611,1485,17,4
8612,1485,24,0
8613,1485,5,18
8614,1486,14,10
8615,1487,23,17
8616,1487,16,5
8617,1487,6,16
8618,1487,24,5
8619,1487,22,10
8620,1487,7,24
8621,1488,1,18
8622,1488,9,11
8623,1488,24,1
8624,1488,9,19
8625,1488,3,15
8626,1488,0,6
8627,1488,7,10
8628,1488,20,23
8629,1489,22,2
8630,1489,13,0
8631,1489,19,5
8632,1489,24,18
8633,1490,4,17
8634,1490,7,20
8635,1490,19,16
8636,1490,20,18
8637,1490,19,22
8638,1490,5,24
8639,1491,17,24
8640,1491,16,6
8641,1491,23,10
8642,1491,18,21
8643,1491,17,10
8644,1491,2,18
8645,1491,21,24
8646,1492,4,10
8647,1492,20,2
8648,1492,19,12
8649,1492,17,4
8650,1492,14,22
8651,1492,18,15
8652,1493,8,23
8653,1493,14,16
8654,1493,13,22
8655,1493,22,16
8656,1493,22,5
8657,1493,9,3
8658,1494,24,9
8659,1495,8,23
8660,1495,3,7
8661,1495,4,10
8662,1495,4,14
8663,1496,0,20
8664,1496,21,5
8665,1496,2,6
8666,1497,22,18
8667,1497,18,15
8668,1497,19,1
8669,1497,4,11
8670,1497,9,22
8671,1498,2,17
8672,1498,11,21
8673,1498,16,18
8674,1498,1,10
8675,1498,15,9
8676,1498,19,22
8677,1499,21,8
8678,1499,1,5
8679,1499,11,23
8680,1499,6,12
8681,1499,8,6
8682,1499,6,0
8683,1499,0,3
8684,1499,21,15
8685,1500,24,8
8686,1500,9,3
8687,1500,14,4
8688,1500,23,3
8689,1500,6,15
8690,1500,24,14
8691,1500,4,12
8692,1500,22,14
8693,1501,9,6
8694,1501,6,16
8695,1501,19,4
8696,1501,19,6
8697,1501,12,1
8698,1501,8,6
8699,1502,9,10
8700,1502,3,1
8701,1502,2,18
8702,1502,18,14
8703,1503,11,0
8704,1503,12,24
8705,1503,1,17
8706,1503,12,23
8707,1503,11,14
8708,1503,13,10
8709,1504,14,16
8710,1504,14,6
8711,1504,1,5
8712,1504,2,16
8713,1504,13,11
8714,1504,6,3
8715,1504,3,5
8716,1505,24,1
8717,1505,15,8
8718,1505,19,9
8719,1505,23,7
8720,1506,10,16
8721,1506,19,3
8722,1506,18,6
8723,1506,6,14
8724,1506,6,21
8725,1507,23,20
8726,1507,22,19
8727,1507,1,10
8728,1507,1,18
8729,1507,5,2
8730,1508,19,16
8731,1508,23,9
8732,1508,3,15
8733,1508,24,18
8734,1508,20,2
8735,1508,18,20
8736,1508,17,10
8737,1509,5,2
8738,1509,5,23
8739,1509,19,1
8740,1509,20,0
8741,1509,4,21
8742,1509,1,8
8743,1509,6,24
8744,1509,6,0
8745,1510,0,2
8746,1510,4,21
8747,1510,15,13
8748,1510,19,15
8749,1510,18,9
8750,1510,5,15
8751,1510,16,14
8752,1510,6,0
8753,1511,6,12
8754,1511,10,22
8755,1511,22,16
8756,1511,8,10
8757,1511,17,7
8758,1511,2,19
8759,1511,3,13
8760,1512,2,0
8761,1512,22,1
8762,1512,7,19
8763,1512,17,24
8764,1513,19,21
8765,1513,10,16
8766,1513,21,13
8767,1513,7,24
8768,1514,14,16
8769,1514,21,24
8770,1514,21,23
8771,1514,10,7
8772,1514,18,14
8773,1514,6,10
8774,1514,0,3
8775,1515,18,16
8776,1515,17,1
8777,1515,22,5
8778,1515,17,15
8779,1515,7,4
8780,1515,4,11
8781,1515,14,1
8782,1516,10,3
8783,1516,4,18
8784,1516,15,5
8785,1516,18,1
8786,1516,2,13
8787,1516,14,16
8788,1516,24,6
8789,1516,8,11
8790,1516,4,19
8791,1516,9,10
8792,1517,19,23
8793,1517,5,22
8794,1518,4,20
8795,1518,17,0
8796,1518,12,0
8797,1518,10,3
8798,1518,18,16
8799,1518,15,9
8800,1518,0,23
8801,1518,10,14
8802,1518,15,12
8803,1519,18,16
8804,1519,4,7
8805,1519,15,1
8806,1519,18,11
8807,1520,18,22
8808,1520,4,20
8809,1520,7,24
8810,1520,1,7
8811,1520,2,17
8812,1520,15,24
8813,1521,2,23
8814,1521,19,5
8815,1521,14,6
8816,1521,9,15
8817,1521,4,22
8818,1522,17,10
8819,1522,19,15
8820,1522,2,21
8821,1522,20,14
8822,1523,13,16
8823,1523,22,9
8824,1523,2,21
8825,1524,1,13
8826,1524,7,9
8827,1524,8,4
8828,1525,17,9
8829,1525,18,20
8830,1525,3,9
8831,1525,10,4
8832,1525,2,14
8833,1525,3,6
8834,1525,19,3
8835,1525,14,0
8836,1526,4,23
8837,1526,2,13
8838,1526,9,19
8839,1526,1,10
8840,1526,9,2
8841,1526,16,24
8842,1527,1,20
8843,1527,13,5
8844,1527,14,22
8845,1527,7,16
8846,1527,18,2
8847,1527,18,10
8848,1527,9,10
8849,1528,12,14
8850,1528,15,22
8851,1528,22,20
8852,1528,1,22
8853,1528,9,7
8854,1528,0,20
8855,1528,5,9
8856,1528,11,7
8857,1529,11,5
8858,1529,21,1
8859,1529,14,2
8860,1529,7,9
8861,1529,15,17
8862,1529,21,2
8863,1530,3,19
8864,1530,3,23
8865,1530,7,13
8866,1530,17,13
8867,1530,19,21
8868,1530,9,15
8869,1530,15,21
8870,1531,9,7
8871,1531,8,15
8872,1531,7,13
8873,1531,22,2
8874,1531,23,2
8875,1531,1,16
8876,1531,18,2
8877,1531,2,16
8878,1532,22,9
8879,1532,5,8
8880,1532,6,17
8881,1532,9,0
8882,1532,12,8
8883,1532,3,24
8884,1533,3,23
8885,1533,8,6
8886,1533,13,4
8887,1534,12,2
8888,1534,15,7
8889,1534,22,18
8890,1534,9,18
8891,1534,11,2
8892,1534,10,8
8893,1534,11,22
8894,1535,3,9
8895,1535,23,15
8896,1535,20,14
8897,1535,7,20
8898,1535,2,11
8899,1535,23,1
8900,1535,20,3
8901,1535,2,10
8902,1535,0,20
8903,1536,20,11
8904,1536,15,7
8905,1536,2,9
8906,1536,22,14
8907,1537,24,1
8908,1537,19,20
8909,1537,18,9
8910,1537,8,4
8911,1537,18,9
8912,1537,11,15
8913,1537,4,6
8914,1538,14,15
8915,1538,9,11
8916,1538,14,8
8917,1538,14,11
8918,1538,6,16
8919,1538,1,15
8920,1538,0,16
8921,1538,8,14
8922,1539,15,24
8923,1539,12,23
8924,1539,19,21
8925,1539,15,13
8926,1539,22,7
8927,1540,7,22
8928,1540,0,19
8929,1540,18,5
8930,1540,2,18
8931,1540,9,16
8932,1541,10,18
8933,1541,24,13
8934,1541,2,18
8935,1541,6,4
8936,1541,11,13
8937,1541,12,4
8938,1541,14,8
8939,1542,18,0
8940,1542,11,23
8941,1542,19,5
8942,1542,23,19
8943,1542,4,1
8944,1543,15,18
8945,1543,11,5
8946,1544,11,4
8947,1544,1,22
8948,1544,6,2
8949,1544,2,20
8950,1544,1,14
8951,1544,0,8
8952,1544,0,6
8953,1545,16,18
8954,1545,2,18
8955,1545,19,1
8956,1545,13,22
8957,1545,18,12
8958,1545,22,1
8959,1545,14,22
8960,1546,7,19
8961,1546,2,4
8962,1547,23,0
8963,1547,5,15
8964,1547,17,15
8965,1548,1,12
8966,1548,8,2
8967,1548,9,6
8968,1548,23,9
8969,1548,4,18
8970,1548,4,7
8971,1548,18,1
8972,1549,0,6
8973,1549,19,3
8974,1549,22,1
8975,1549,1,22
8976,1549,6,19
8977,1550,14,4
8978,1550,14,12
8979,1550,13,20
8980,1550,15,17
8981,1550,17,11
8982,1550,16,9
8983,1550,6,22
8984,1550,5,19
8985,1551,19,0
8986,1551,14,11
8987,1551,0,15
8988,1551,5,7
8989,1551,0,17
8990,1551,14,21
8991,1551,2,13
8992,1551,17,7
8993,1552,3,10
8994,1552,0,7
8995,1552,9,2
8996,1552,12,19
8997,1552,1,21
8998,1552,16,20
8999,1552,7,5
9000,1552,16,22
9001,1552,22,8
9002,1553,18,0
9003,1553,5,15
9004,1553,19,4
9005,1553,11,17
9006,1553,10,7
9007,1553,19,3
9008,1553,22,0
9009,1554,14,2
9010,1554,15,24
9011,1554,9,1
9012,1554,19,15
9013,1554,9,7
9014,1555,3,23
9015,1555,10,7
9016,1555,18,6
9017,1555,21,5
9018,1555,15,23
9019,1555,19,5
9020,1555,22,12
9021,1555,7,4
9022,1555,21,14
9023,1556,3,14
9024,1556,4,1
9025,1556,10,24
9026,1556,12,24
9027,1556,2,13
9028,1556,1,4
9029,1556,22,5
9030,1556,18,24
9031,1557,16,4
9032,1557,6,21
9033,1557,14,16
9034,1557,17,14
9035,1557,23,21
9036,1557,1,23
9037,1557,15,19
9038,1557,8,5
9039,1558,3,9
9040,1558,20,4
9041,1558,13,1
9042,1558,8,18
9043,1558,21,1
9044,1558,15,6
9045,1558,10,8
9046,1558,22,6
9047,1558,17,24
9048,1558,11,3
9049,1559,12,14
9050,1559,21,7
9051,1559,5,7
9052,1559,1,22
9053,1560,4,7
9054,1560,23,20
9055,1561,19,23
9056,1561,17,0
9057,1561,23,5
9058,1561,6,14
9059,1561,10,21
9060,1561,11,18
9061,1562,15,5
9062,1562,21,9
9063,1562,21,23
9064,1562,22,11
9065,1562,8,24
9066,1562,17,24
9067,1563,4,23
9068,1563,16,1
9069,1563,16,9
9070,1563,8,2
9071,1564,5,12
9072,1564,9,7
9073,1564,15,3
9074,1564,1,24
9075,1565,22,4
9076,1565,2,10
9077,1565,0,21
9078,1565,24,11
9079,1565,5,12
9080,1565,10,17
9081,1566,4,19
9082,1566,3,7
9083,1566,20,7
9084,1566,24,17
9085,1567,9,10
9086,1567,21,2
9087,1567,11,19
9088,1567,8,24
9089,1567,8,0
9090,1567,1,23
9091,1567,7,14
9092,1567,10,14
9093,1567,12,19
9094,1567,0,8
9095,1568,3,22
9096,1568,6,4
9097,1568,22,18
9098,1568,17,8
9099,1568,11,8
9100,1568,5,12
9101,1568,8,11
9102,1569,4,0
9103,1569,4,23
9104,1569,3,23
9105,1569,20,5
9106,1569,22,12
9107,1570,22,12
9108,1570,23,16
9109,1570,18,16
9110,1570,23,4
9111,1570,10,9
9112,1570,4,10
9113,1570,10,20
9114,1570,9,16
9115,1570,20,14
9116,1570,2,13
9117,1571,18,16
9118,1571,20,5
9119,1571,23,6
9120,1571,16,3
9121,1571,2,12
9122,1571,19,8
9123,1572,21,13
9124,1572,23,21
9125,1572,17,7
9126,1572,21,6
9127,1572,1,17
9128,1572,2,16
9129,1572,14,0
9130,1572,17,10
9131,1573,24,11
9132,1573,10,17
9133,1573,21,7
9134,1573,22,3
9135,1573,1,10
9136,1573,18,0
9137,1573,11,19
9138,1574,13,4
9139,1575,12,19
9140,1575,17,13
9141,1575,0,13
9142,1576,23,1
9143,1576,14,2
9144,1576,2,5
9145,1576,10,3
9146,1576,5,16
9147,1576,19,1
9148,1576,2,13
9149,1576,12,15
9150,1576,18,12
9151,1576,4,21
9152,1577,6,12
9153,1577,14,16
9154,1577,10,23
9155,1577,9,20
9156,1577,16,14
9157,1577,3,5
9158,1577,19,23
9159,1577,24,21
9160,1577,19,23
9161,1578,13,24
9162,1578,22,0
9163,1578,22,14
9164,1578,23,11
9165,1578,12,6
9166,1578,7,11
9167,1578,22,3
9168,1579,22,5
9169,1579,24,8
9170,1579,14,8
9171,1580,19,1
9172,1580,9,5
9173,1580,15,22
9174,1580,14,6
9175,1580,1,16
9176,1581,11,4
9177,1582,9,5
9178,1582,19,0
9179,1582,23,10
9180,1582,15,8
9181,1582,4,19
9182,1582,12,16
9183,1582,24,5
9184,1583,11,0
9185,1583,24,9
9186,1583,22,9
9187,1583,4,5
9188,1583,24,1
9189,1584,7,11
9190,1584,16,8
9191,1584,18,12
9192,1584,8,21
9193,1584,3,15
9194,1584,0,10
9195,1585,0,20
9196,1585,4,15
9197,1585,16,5
9198,1585,5,9
9199,1585,23,3
9200,1585,23,16
9201,1585,24,10
9202,1585,12,6
9203,1586,17,13
9204,1586,11,13
9205,1586,20,18
9206,1586,12,2
9207,1586,19,1
9208,1586,0,20
9209,1586,3,1
9210,1586,7,14
9211,1587,18,1
9212,1587,1,23
9213,1587,18,14
9214,1587,8,18
9215,1587,21,19
9216,1587,2,0
9217,1588,15,2
9218,1588,5,12
9219,1588,8,0
9220,1588,3,5
9221,1589,14,12
9222,1589,17,4
9223,1589,7,11
9224,1589,22,19
9225,1589,20,18
9226,1589,6,17
9227,1589,9,0
9228,1589,12,20
9229,1590,14,18
9230,1590,23,11
9231,1590,18,11
9232,1590,13,1
9233,1590,6,20
9234,1591,14,18
9235,1592,1,15
9236,1592,12,6
9237,1592,24,21
9238,1592,6,9
9239,1592,11,17
9240,1592,0,20
9241,1592,7,4
9242,1593,4,14
9243,1594,1,15
9244,1594,13,15
9245,1594,2,23
9246,1594,20,24
9247,1594,16,22
9248,1594,20,17
9249,1594,12,0
9250,1595,23,4
9251,1595,16,20
9252,1596,22,7
9253,1596,10,19
9254,1596,22,3
9255,1596,1,23
9256,1596,19,1
9257,1596,19,9
9258,1597,3,9
9259,1598,6,8
9260,1598,6,9
9261,1598,22,9
9262,1598,14,8
9263,1598,10,19
9264,1599,20,2
9265,1599,9,13
9266,1599,0,15
9267,1599,12,9
9268,1599,15,4
9269,1599,5,13
9270,1600,22,2
9271,1600,3,19
9272,1600,5,1
9273,1600,18,7
9274,1600,11,2
9275,1600,20,10
9276,1600,2,20
9277,1601,1,19
9278,1601,3,23
9279,1601,11,2
9280,1601,15,22
9281,1601,6,16
9282,1601,19,13
9283,1602,23,20
9284,1602,13,16
9285,1602,15,14
9286,1602,5,7
9287,1603,6,20
9288,1603,12,1
9289,1603,3,0
9290,1603,18,14
9291,1604,24,18
9292,1604,4,11
9293,1604,11,23
9294,1604,4,18
9295,1604,2,18
9296,1604,14,2
9297,1604,6,9
9298,1604,21,3
9299,1605,10,6
9300,1605,6,2
9301,1605,8,4
9302,1605,11,15
9303,1605,0,12
9304,1606,10,22
9305,1606,16,5
9306,1606,24,4
9307,1606,3,16
9308,1606,12,8
9309,1606,1,23
9310,1607,10,7
9311,1607,18,7
9312,1607,21,15
9313,1607,10,4
9314,1607,3,7
9315,1608,13,20
9316,1608,4,13
9317,1608,22,16
9318,1609,16,1
9319,1609,12,1
9320,1609,3,19
9321,1609,15,7
9322,1609,16,22
9323,1610,20,0
9324,1610,13,23
9325,1610,20,5
9326,1610,15,23
9327,1610,24,10
9328,1610,22,4
9329,1610,12,9
9330,1610,12,0
9331,1611,6,22
9332,1611,0,8
9333,1611,24,10
9334,1611,16,0
9335,1611,1,17
9336,1611,15,8
9337,1611,9,20
9338,1611,8,19
9339,1612,5,21
9340,1612,11,21
9341,1612,3,22
9342,1612,17,2
9343,1612,23,5
9344,1612,12,22
9345,1613,13,20
9346,1613,15,14
9347,1613,15,22
9348,1613,17,1
9349,1613,2,4
9350,1613,21,13
9351,1613,8,1
9352,1613,7,17
9353,1613,13,2
9354,1614,4,15
9355,1614,12,22
9356,1614,0,3
9357,1614,3,18
9358,1614,2,23
9359,1614,15,17
9360,1614,21,13
9361,1615,14,20
9362,1615,7,4
9363,1615,21,6
9364,1615,3,12
9365,1615,19,22
9366,1615,19,0
9367,1615,16,2
9368,1615,11,14
9369,1615,3,11
9370,1616,18,21
9371,1616,4,2
9372,1616,6,14
9373,1616,20,23
9374,1616,18,4
9375,1616,6,15
9376,1617,11,1
9377,1617,7,9
9378,1617,13,0
9379,1617,8,15
9380,1617,23,2
9381,1617,9,19
9382,1618,3,12
9383,1618,19,21
9384,1618,8,10
9385,1618,23,19
9386,1618,5,8
9387,1619,1,15
9388,1619,5,18
9389,1619,22,5
9390,1619,6,13
9391,1620,13,7
9392,1620,12,8
9393,1620,22,15
9394,1620,24,4
9395,1620,10,14
9396,1621,3,7
9397,1621,19,13
9398,1621,1,14
9399,1621,5,8
9400,1621,10,13
9401,1621,2,20
9402,1621,11,7
9403,1621,24,22
9404,1621,7,0
9405,1621,20,23
9406,1622,13,6
9407,1622,10,21
9408,1622,24,0
9409,1622,17,6
9410,1623,23,20
9411,1623,3,11
9412,1623,15,9
9413,1623,5,1
9414,1623,23,3
9415,1624,13,20
9416,1624,22,12
9417,1624,24,15
9418,1624,24,0
9419,1624,1,9
9420,1625,13,21
9421,1625,12,4
9422,1625,20,13
9423,1625,20,12
9424,1625,4,7
9425,1625,14,18
9426,1625,9,13
9427,1625,22,12
9428,1626,6,12
9429,1626,3,6
9430,1626,24,22
9431,1626,15,6
9432,1627,5,21
9433,1627,4,7
9434,1627,16,14
9435,1627,22,13
9436,1627,24,5
9437,1627,6,14
9438,1627,24,5
9439,1627,17,5
9440,1628,9,10
9441,1628,3,24
9442,1628,14,22
9443,1628,16,6
9444,1628,5,19
9445,1628,23,7
9446,1628,12,24
9447,1628,20,11
9448,1629,6,23
9449,1629,3,14
9450,1629,19,1
9451,1629,14,7
9452,1630,19,3
9453,1630,13,3
9454,1630,13,15
9455,1630,12,16
9456,1630,18,11
9457,1630,0,9
9458,1631,2,15
9459,1631,22,20
9460,1631,9,20
9461,1631,12,24
9462,1631,13,19
9463,1631,8,10
9464,1632,23,7
9465,1632,1,18
9466,1632,5,4
9467,1632,10,19
9468,1632,18,11
9469,1632,5,23
9470,1632,3,24
9471,1632,11,22
9472,1633,9,1
9473,1633,17,6
9474,1633,10,20
9475,1633,15,24
9476,1633,4,7
9477,1634,16,10
9478,1634,6,23
9479,1634,1,23
9480,1634,6,3
9481,1634,11,7
9482,1634,17,9
9483,1634,11,23
9484,1634,23,15
9485,1634,2,0
9486,1635,22,19
9487,1635,16,6
9488,1635,6,9
9489,1635,3,7
9490,1635,20,7
9491,1635,16,13
9492,1635,22,19
9493,1635,20,22
9494,1635,15,18
9495,1636,23,12
9496,1636,19,22
9497,1636,1,4
9498,1637,21,17
9499,1637,1,17
9500,1637,12,15
9501,1637,1,7
9502,1637,1,3
9503,1637,23,15
9504,1638,9,0
9505,1638,16,7
9506,1638,11,20
9507,1638,11,9
9508,1638,3,20
9509,1639,24,16
9510,1639,8,24
9511,1639,19,8
9512,1639,0,19
9513,1639,23,0
9514,1640,4,21
9515,1640,14,0
9516,1640,11,14
9517,1640,21,8
9518,1640,15,23
9519,1640,5,19
9520,1640,0,21
9521,1641,6,10
9522,1641,9,5
9523,1641,8,0
9524,1641,17,8
9525,1641,18,1
9526,1641,20,17
9527,1641,8,14
9528,1642,8,6
9529,1642,24,16
9530,1643,17,5
9531,1643,8,23
9532,1643,19,5
9533,1643,21,5
9534,1644,24,14
9535,1644,24,0
9536,1644,12,5
9537,1644,22,13
9538,1644,15,9
9539,1644,10,20
9540,1644,18,1
9541,1645,9,20
9542,1645,4,8
9543,1645,18,9
9544,1645,18,20
9545,1645,19,12
9546,1645,17,14
9547,1645,4,1
9548,1645,2,15
9549,1645,21,12
9550,1646,23,16
9551,1646,24,8
9552,1646,2,22
9553,1647,2,0
9554,1647,0,13
9555,1647,16,7
9556,1647,1,14
9557,1647,8,2
9558,1648,2,24
9559,1648,19,17
9560,1648,17,8
9561,1648,22,12
9562,1648,19,4
9563,1648,2,18
9564,1648,20,14
9565,1649,13,9
9566,1649,4,24
9567,1649,20,22
9568,1649,2,20
9569,1649,24,14
9570,1650,8,22
9571,1650,21,0
9572,1650,19,3
9573,1650,21,17
9574,1651,19,15
9575,1651,21,2
9576,1651,1,11
9577,1651,7,4
9578,1651,5,20
9579,1652,19,12
9580,1652,3,24
9581,1652,11,7
9582,1652,10,16
9583,1652,23,6
9584,1652,11,14
9585,1652,11,7
9586,1652,2,17
9587,1652,6,18
9588,1652,13,24
9589,1653,2,0
9590,1653,10,9
9591,1653,22,4
9592,1654,10,20
9593,1654,23,0
9594,1654,6,18
9595,1654,5,21
9596,1654,9,24
9597,1654,19,13
9598,1655,11,17
9599,1655,22,12
9600,1655,17,24
9601,1655,10,13
9602,1655,15,13
9603,1655,18,1
9604,1655,21,2
9605,1656,15,6
9606,1656,8,19
9607,1656,7,9
9608,1656,1,3
9609,1656,0,18
9610,1656,7,11
9611,1656,17,3
9612,1656,0,8
9613,1656,7,10
9614,1656,17,3
9615,1657,12,1
9616,1657,7,15
9617,1657,24,8
9618,1657,23,20
9619,1657,14,7
9620,1657,7,4
9621,1657,21,0
9622,1658,20,11
9623,1658,2,0
9624,1658,9,22
9625,1658,22,11
9626,1658,8,10
9627,1658,13,5
9628,1658,5,1
9629,1658,22,1
9630,1659,13,19
9631,1659,3,16
9632,1659,6,14
9633,1659,12,8
9634,1659,17,24
9635,1659,20,3
9636,1659,15,9
9637,1660,0,16
9638,1660,1,22
9639,1660,21,4
9640,1660,13,5
9641,1660,21,0
9642,1660,7,14
9643,1660,10,7
9644,1660,10,23
9645,1660,1,15
9646,1660,23,9
9647,1660,18,4
9648,1661,15,23
9649,1661,4,24
9650,1662,0,18
9651,1662,16,19
9652,1662,20,3
9653,1663,11,7
9654,1663,21,10
9655,1663,21,10
9656,1663,23,5
9657,1663,3,11
9658,1663,8,24
9659,1663,10,24
9660,1663,20,12
9661,1664,0,9
9662,1664,2,10
9663,1664,9,16
9664,1664,17,14
9665,1664,13,19
9666,1664,22,4
9667,1664,0,20
9668,1665,5,9
9669,1666,19,23
9670,1666,3,23
9671,1666,0,19
9672,1666,10,0
9673,1666,14,18
9674,1667,5,20
9675,1667,9,17
9676,1667,0,21
9677,1667,15,5
9678,1667,3,15
9679,1667,0,16
9680,1668,9,7
9681,1668,23,13
9682,1668,8,0
9683,1668,23,14
9684,1668,3,1
9685,1668,1,18
9686,1669,0,6
9687,1669,9,22
9688,1669,16,18
9689,1669,14,18
9690,1669,16,3
9691,1669,22,7
9692,1669,10,2
9693,1670,19,13
9694,1670,20,17
9695,1670,18,22
9696,1670,21,10
9697,1670,3,22
9698,1670,24,15
9699,1670,3,17
9700,1670,14,17
9701,1670,13,9
9702,1671,2,20
9703,1672,3,1
9704,1672,0,24
9705,1672,24,14
9706,1672,20,5
9707,1672,16,12
9708,1672,12,18
9709,1672,3,16
9710,1673,17,10
9711,1673,18,24
9712,1673,1,23
9713,1673,19,21
9714,1673,4,12
9715,1673,19,10
9716,1673,6,8
9717,1673,23,13
9718,1674,23,16
9719,1674,16,1
9720,1674,11,2
9721,1674,14,0
9722,1675,16,0
9723,1675,12,18
9724,1675,21,11
9725,1675,20,4
9726,1675,12,14
9727,1676,7,23
9728,1676,2,21
9729,1676,22,16
9730,1676,11,18
9731,1677,8,21
9732,1677,20,10
9733,1677,19,1
9734,1678,12,21
9735,1678,11,20
9736,1678,8,12
9737,1678,17,15
9738,1678,24,8
9739,1678,16,5
9740,1678,12,9
9741,1678,10,0
9742,1679,2,13
9743,1679,0,6
9744,1679,18,6
9745,1679,7,18
9746,1679,8,4
9747,1679,1,19
9748,1679,10,24
9749,1679,17,4
9750,1679,20,9
9751,1679,1,17
9752,1680,24,7
9753,1680,17,10
9754,1680,20,3
9755,1680,12,18
9756,1680,15,8
9757,1681,4,21
9758,1681,5,16
9759,1681,22,10
9760,1681,23,11
9761,1681,23,0
9762,1682,9,13
9763,1682,15,8
9764,1682,23,6
9765,1682,22,10
9766,1682,3,0
9767,1682,9,22
9768,1682,11,14
9769,1683,1,11
9770,1683,6,2
9771,1683,20,19
9772,1683,4,8
9773,1683,13,17
9774,1683,7,4
9775,1684,11,5
9776,1684,14,5
9777,1684,0,15
9778,1684,8,0
9779,1684,20,6
9780,1684,13,17
9781,1685,14,2
9782,1685,10,4
9783,1685,15,19
9784,1685,20,9
9785,1685,16,20
9786,1685,4,7
9787,1686,9,22
9788,1686,8,21
9789,1686,19,3
9790,1686,0,9
9791,1686,3,13
9792,1687,22,1
9793,1687,8,5
9794,1687,15,14
9795,1687,15,7
9796,1687,0,9
9797,1687,13,24
9798,1687,14,1
9799,1688,6,18
9800,1688,0,9
9801,1688,18,11
9802,1689,7,4
9803,1689,0,17
9804,1689,9,19
9805,1689,6,4
9806,1689,23,8
9807,1689,13,16
9808,1690,18,11
9809,1690,21,23
9810,1690,7,14
9811,1690,23,16
9812,1690,4,21
9813,1690,4,21
9814,1690,24,2
9815,1690,5,2
9816,1691,2,8
9817,1691,16,24
9818,1691,23,2
9819,1691,20,22
9820,1692,2,22
9821,1692,1,22
9822,1692,22,11
9823,1692,16,24
9824,1692,0,8
9825,1692,6,9
9826,1693,5,14
9827,1693,22,10
9828,1693,2,9
9829,1694,9,1
9830,1694,11,22
9831,1694,14,6
9832,1695,8,1
9833,1695,12,15
9834,1695,7,9
9835,1695,11,7
9836,1696,16,9
9837,1696,14,22
9838,1696,5,20
9839,1696,7,11
9840,1696,21,0
9841,1696,22,18
9842,1697,9,16
9843,1697,2,15
9844,1697,18,11
9845,1697,14,8
9846,1697,15,12
9847,1697,12,2
9848,1698,8,5
9849,1698,21,2
9850,1698,21,10
9851,1698,4,14
9852,1698,19,5
9853,1698,14,7
9854,1698,5,24
9855,1698,24,20
9856,1698,6,3
9857,1699,1,19
9858,1699,9,13
9859,1699,15,13
9860,1699,16,18
9861,1699,19,3
9862,1699,5,3
9863,1699,22,19
9864,1700,7,17
9865,1700,14,23
9866,1700,5,2
9867,1700,21,14
9868,1700,13,7
9869,1700,1,3
9870,1701,22,1
9871,1701,21,10
9872,1701,11,4
9873,1701,9,22
9874,1702,16,19
9875,1702,17,13
9876,1702,23,6
9877,1702,24,15
9878,1702,1,14
9879,1702,11,18
9880,1703,2,20
9881,1703,8,17
9882,1703,22,14
9883,1703,3,12
9884,1704,7,21
9885,1704,1,10
9886,1704,4,20
9887,1705,7,11
9888,1705,18,0
9889,1705,20,7
9890,1705,7,14
9891,1705,5,19
9892,1705,14,3
9893,1705,2,20
9894,1705,18,5
9895,1706,24,22
9896,1706,3,0
9897,1706,23,6
9898,1706,14,4
9899,1706,18,22
9900,1706,21,13
9901,1706,24,7
9902,1706,1,4
9903,1706,15,13
9904,1707,23,16
9905,1707,22,1
9906,1707,10,17
9907,1707,17,0
9908,1707,5,17
9909,1707,22,16
9910,1707,10,4
9911,1707,3,17
9912,1707,15,9
9913,1708,23,0
9914,1708,9,6
9915,1708,4,11
9916,1708,9,17
9917,1708,12,15
9918,1708,21,4
9919,1708,11,24
9920,1708,21,19
9921,1709,10,13
9922,1709,0,17
9923,1709,0,15
9924,1709,9,11
9925,1709,6,13
9926,1709,8,21
9927,1710,15,21
9928,1710,21,5
9929,1710,20,6
9930,1710,17,14
9931,1710,8,0
9932,1710,2,21
9933,1710,19,10
9934,1710,13,16
9935,1711,22,19
9936,1711,1,17
9937,1711,9,10
9938,1711,23,7
9939,1711,8,4
9940,1712,7,0
9941,1712,10,22
9942,1712,9,21
9943,1712,9,24
9944,1712,2,20
9945,1713,8,14
9946,1713,17,9
9947,1713,19,17
9948,1713,14,23
9949,1713,13,21
9950,1713,21,9
9951,1713,1,20
9952,1714,16,2
9953,1714,20,24
9954,1714,12,24
9955,1714,7,10
9956,1715,5,1
9957,1715,2,17
9958,1715,13,4
9959,1715,19,5
9960,1715,8,12
9961,1715,1,24
9962,1715,6,16
9963,1715,4,16
9964,1715,6,18
9965,1716,7,9
9966,1716,12,21
9967,1716,24,14
9968,1716,3,23
9969,1716,17,24
9970,1717,22,7
9971,1717,18,9
9972,1717,13,22
9973,1717,14,0
9974,1717,1,11
9975,1717,7,0
9976,1718,17,15
9977,1718,17,0
9978,1718,19,8
9979,1718,13,17
9980,1718,18,22
9981,1718,5,24
9982,1719,14,1
9983,1719,7,23
9984,1719,22,9
9985,1719,0,24
9986,1719,5,3
9987,1719,17,10
9988,1719,24,14
9989,1719,22,9
9990,1720,0,11
9991,1720,1,21
9992,1720,22,10
9993,1720,19,6
9994,1720,1,4
9995,1720,1,14
9996,1721,4,23
9997,1721,17,24
9998,1721,5,20
9999,1721,18,8
10000,1721,2,0
10001,1721,10,3
10002,1722,5,15
10003,1723,18,7
10004,1723,17,6
10005,1723,23,0
10006,1723,3,17
10007,1723,7,15
10008,1723,3,14
10009,1723,16,20
10010,1724,20,5
10011,1724,8,2
10012,1724,21,10
10013,1724,5,16
10014,1725,17,7
10015,1725,9,20
10016,1725,0,16
10017,1725,6,23
10018,1725,20,8
10019,1726,19,0
10020,1726,4,16
10021,1726,12,4
10022,1726,23,15
10023,1726,1,15
10024,1726,0,16
10025,1726,16,8
10026,1726,15,5
10027,1726,11,0
10028,1726,0,18
10029,1726,10,12
10030,1726,9,5
10031,1727,14,10
10032,1727,10,1
10033,1727,22,14
10034,1728,14,10
10035,1728,7,19
10036,1728,11,14
10037,1728,13,2
10038,1728,20,19
10039,1728,7,4
10040,1728,13,17
10041,1729,4,0
10042,1729,7,4
10043,1729,3,22
10044,1729,21,23
10045,1729,4,2
10046,1729,21,19
10047,1729,1,21
10048,1730,6,2
10049,1730,6,2
10050,1730,7,0
10051,1730,0,6
10052,1730,5,13
10053,1731,4,13
10054,1731,16,13
10055,1731,5,11
10056,1731,22,7
10057,1732,1,11
10058,1732,2,11
10059,1732,18,24
10060,1732,19,13
10061,1732,6,17
10062,1732,5,9
10063,1732,22,20
10064,1732,6,24
10065,1732,4,6
10066,1733,14,16
10067,1733,15,6
10068,1733,18,5
10069,1733,15,21
10070,1733,5,11
10071,1733,11,24
10072,1734,8,16
10073,1734,13,20
10074,1734,0,12
10075,1734,8,23
10076,1734,10,7
10077,1735,9,22
10078,1735,20,23
10079,1735,10,21
10080,1735,8,6
10081,1735,11,7
10082,1735,0,6
10083,1736,16,12
10084,1736,21,18
10085,1736,20,14
10086,1736,24,21
10087,1736,2,14
10088,1737,19,23
10089,1737,3,14
10090,1737,10,2
10091,1737,7,4
10092,1737,3,13
10093,1737,19,7
10094,1738,4,15
10095,1738,4,16
10096,1738,3,6
10097,1739,9,23
10098,1739,7,15
10099,1739,11,14
10100,1739,14,7
10101,1739,9,10
10102,1740,16,22
10103,1740,8,19
10104,1740,3,16
10105,1740,16,18
10106,1740,1,16
10107,1740,4,13
10108,1741,16,3
10109,1741,7,0
10110,1741,16,5
10111,1741,18,21
10112,1741,4,20
10113,1741,15,17
10114,1741,11,13
10115,1741,18,7
10116,1741,18,4
10117,1741,17,13
10118,1741,18,14
10119,1742,0,19
10120,1742,7,16
10121,1742,3,22
10122,1742,19,5
10123,1742,14,21
10124,1742,13,4
10125,1743,18,8
10126,1743,16,6
10127,1743,12,23
10128,1743,4,23
10129,1743,19,17
10130,1744,20,7
10131,1744,24,17
10132,1744,6,15
10133,1745,10,20
10134,1745,14,22
10135,1745,4,20
10136,1746,21,7
10137,1746,4,24
10138,1746,19,2
10139,1747,0,19
10140,1747,7,3
10141,1747,19,7
10142,1747,3,21
10143,1747,0,6
10144,1747,12,19
10145,1747,14,12
10146,1747,6,8
10147,1747,13,4
10148,1747,16,5
10149,1748,2,13
10150,1748,10,3
10151,1748,12,2
10152,1748,13,3
10153,1748,10,9
10154,1748,0,3
10155,1748,7,18
10156,1748,13,1
10157,1749,1,23
10158,1749,10,3
10159,1749,14,24
10160,1749,21,24
10161,1749,23,3
10162,1749,20,0
10163,1749,21,15
10164,1749,1,16
10165,1749,18,5
10166,1749,1,3
10167,1750,9,24
10168,1750,13,0
10169,1750,2,21
10170,1750,22,14
10171,1750,10,14
10172,1750,8,20
10173,1751,16,1
10174,1751,17,11
10175,1751,20,3
10176,1751,12,15
10177,1751,21,15
10178,1751,11,4
10179,1751,22,0
10180,1751,8,24
10181,1751,13,1
10182,1752,9,2
10183,1752,4,14
10184,1752,4,16
10185,1752,9,23
10186,1753,8,5
10187,1753,5,15
10188,1753,19,4
10189,1753,3,7
10190,1753,12,6
10191,1753,5,9
10192,1754,22,1
10193,1754,15,11
10194,1754,6,24
10195,1754,15,6
10196,1754,5,21
10197,1754,5,22
10198,1755,24,12
10199,1755,24,4
10200,1755,23,6
10201,1755,13,21
10202,1755,19,6
10203,1755,6,21
10204,1755,9,22
10205,1755,23,2
10206,1756,12,10
10207,1756,17,1
10208,1756,14,7
10209,1757,1,10
10210,1757,18,3
10211,1757,1,11
10212,1757,12,16
10213,1757,7,20
10214,1757,23,5
10215,1758,24,21
10216,1758,12,24
10217,1758,13,11
10218,1758,7,19
10219,1758,20,19
10220,1758,14,5
10221,1758,1,8
10222,1759,3,14
10223,1759,4,14
10224,1759,24,12
10225,1760,1,8
10226,1760,0,11
10227,1760,4,14
10228,1760,19,7
10229,1760,11,3
10230,1760,1,13
10231,1760,16,9
10232,1760,19,8
10233,1760,5,22
10234,1761,5,18
10235,1761,0,18
10236,1761,16,6
10237,1761,0,14
10238,1761,3,19
10239,1762,4,0
10240,1763,4,6
10241,1763,20,12
10242,1763,20,2
10243,1763,17,1
10244,1763,12,5
10245,1764,23,15
10246,1764,20,12
10247,1764,15,11
10248,1764,19,1
10249,1764,7,9
10250,1765,8,1
10251,1765,21,23
10252,1765,20,18
10253,1765,14,0
10254,1765,16,14
10255,1765,3,24
10256,1766,5,1
10257,1766,9,13
10258,1766,12,4
10259,1766,1,22
10260,1766,5,23
10261,1766,23,1
10262,1766,3,24
10263,1767,2,24
10264,1767,2,4
10265,1767,14,4
10266,1767,18,15
10267,1768,14,23
10268,1768,22,19
10269,1768,1,22
10270,1769,11,5
10271,1769,18,21
10272,1769,19,3
10273,1769,12,23
10274,1769,2,6
10275,1769,14,7
10276,1769,10,3
10277,1769,14,5
10278,1769,10,13
10279,1770,23,5
10280,1770,7,13
10281,1770,12,10
10282,1770,4,8
10283,1770,4,21
10284,1770,8,23
10285,1770,13,0
10286,1770,3,17
10287,1771,20,18
10288,1771,13,4
10289,1771,15,14
10290,1771,10,0
10291,1772,4,24
10292,1772,1,20
10293,1772,7,18
10294,1772,14,8
10295,1772,16,12
10296,1772,12,8
10297,1772,14,21
10298,1772,20,9
10299,1772,5,3
10300,1773,16,13
10301,1773,5,24
10302,1773,9,19
10303,1773,21,17
10304,1773,24,3
10305,1774,16,18
10306,1774,24,17
10307,1774,14,17
10308,1774,2,24
10309,1774,15,8
10310,1774,11,22
10311,1774,22,24
10312,1775,21,4
10313,1775,3,5
10314,1775,24,11
10315,1775,24,21
10316,1775,3,14
10317,1775,15,22
10318,1775,22,13
10319,1776,18,16
10320,1776,22,6
10321,1776,17,5
10322,1776,11,0
10323,1776,3,21
10324,1776,15,0
10325,1776,12,19
10326,1776,17,24
10327,1777,23,14
10328,1777,23,20
10329,1777,15,17
10330,1777,9,2
10331,1778,21,15
10332,1778,12,21
10333,1778,23,15
10334,1778,19,3
10335,1778,16,22
10336,1778,21,11
10337,1779,16,0
10338,1779,18,10
10339,1779,16,6
10340,1779,14,11
10341,1780,17,20
10342,1780,6,13
10343,1780,19,6
10344,1780,7,4
10345,1780,5,1
10346,1780,21,13
10347,1780,8,10
10348,1780,12,14
10349,1780,12,24
10350,1781,10,22
10351,1781,24,2
10352,1781,6,13
10353,1781,5,2
10354,1781,19,7
10355,1781,19,11
10356,1781,8,20
10357,1781,5,3
10358,1781,6,19
10359,1782,4,12
10360,1782,23,4
10361,1782,1,19
10362,1782,5,3
10363,1782,19,8
10364,1782,13,20
10365,1782,13,4
10366,1783,21,15
10367,1783,7,9
10368,1783,22,10
10369,1783,16,6
10370,1784,21,1
10371,1784,13,4
10372,1784,5,13
10373,1784,5,15
10374,1784,13,5
10375,1784,18,1
10376,1785,23,1
10377,1785,15,21
10378,1785,11,5
10379,1785,14,16
10380,1785,9,6
10381,1785,2,24
10382,1785,16,23
10383,1785,22,1
10384,1786,6,20
10385,1786,3,19
10386,1786,3,15
10387,1786,18,11
10388,1786,3,22
10389,1786,7,20
10390,1787,8,23
10391,1787,6,22
10392,1787,9,20
10393,1787,14,5
10394,1787,3,20
10395,1787,18,4
10396,1787,20,12
10397,1787,10,16
10398,1787,14,2
10399,1787,24,0
10400,1788,15,24
10401,1788,7,13
10402,1788,22,2
10403,1788,2,16
10404,1788,8,12
10405,1788,6,18
10406,1788,20,3
10407,1788,14,2
10408,1788,11,4
10409,1788,1,20
10410,1788,24,14
10411,1789,3,21
10412,1789,18,15
10413,1789,2,9
10414,1789,1,17
10415,1789,23,13
10416,1790,11,13
10417,1790,2,5
10418,1790,8,0
10419,1790,0,4
10420,1790,22,24
10421,1790,7,1
10422,1790,21,15
10423,1790,21,14
10424,1790,6,9
10425,1790,17,15
10426,1791,12,15
10427,1791,10,4
10428,1791,17,15
10429,1791,2,23
10430,1791,1,24
10431,1791,0,14
10432,1791,17,5
10433,1792,1,7
10434,1792,6,10
10435,1792,9,17
10436,1792,4,14
10437,1792,10,18
10438,1792,23,3
10439,1792,9,22
10440,1793,9,19
10441,1793,14,15
10442,1793,7,5
10443,1793,15,17
10444,1793,7,4
10445,1793,7,11
10446,1793,11,17
10447,1793,14,15
10448,1793,21,10
10449,1793,7,5
10450,1793,4,8
10451,1793,11,17
10452,1793,2,4
10453,1794,8,21
10454,1794,19,6
10455,1794,19,3
10456,1794,21,24
10457,1794,8,14
10458,1795,22,12
10459,1795,24,7
10460,1795,24,6
10461,1796,7,17
10462,1796,5,1
10463,1796,22,14
10464,1796,15,19
10465,1796,23,3
10466,1796,13,6
10467,1796,20,6
10468,1797,2,5
10469,1797,10,14
10470,1797,18,2
10471,1797,19,4
10472,1798,4,17
10473,1798,12,23
10474,1798,21,12
10475,1798,15,14
10476,1799,12,2
10477,1799,22,5
10478,1799,7,22
10479,1799,19,3
10480,1799,20,5
10481,1799,0,21
10482,1799,2,12
