veh_id,t_depart,origin,dest
0,0,12,10
1,0,19,22
2,0,16,9
3,0,17,19
4,1,7,3
5,1,21,14
6,1,23,0
7,1,16,22
8,1,12,20
9,1,10,22
10,1,13,0
11,2,10,17
12,2,5,2
13,2,5,20
14,2,9,21
15,2,14,22
16,2,16,20
17,2,20,23
18,2,5,15
19,2,9,10
20,3,18,21
21,3,2,8
22,3,1,22
23,3,12,8
24,3,1,8
25,4,12,3
26,5,21,5
27,5,14,15
28,5,7,17
29,6,21,6
30,6,24,10
31,6,23,21
32,6,15,19
33,7,22,19
34,7,9,12
35,7,4,16
36,7,20,8
37,7,3,18
38,7,17,3
39,7,9,20
40,8,4,2
41,8,4,11
42,8,4,1
43,8,11,9
44,8,8,2
45,9,14,0
46,9,14,12
47,9,17,14
48,9,24,2
49,10,24,3
50,10,24,12
51,10,16,5
52,10,10,18
53,10,12,22
54,10,6,8
55,10,16,5
56,11,3,15
57,11,21,7
58,11,0,13
59,11,0,3
60,11,3,11
61,12,20,19
62,12,7,24
63,12,21,18
64,12,1,10
65,12,10,18
66,12,24,17
67,12,7,13
68,13,15,21
69,13,21,17
70,13,0,7
71,13,17,0
72,13,0,16
73,13,21,8
74,14,5,21
75,14,1,18
76,14,22,11
77,14,2,19
78,14,24,7
79,15,15,0
80,15,10,21
81,15,23,6
82,15,7,9
83,16,3,7
84,16,17,3
85,16,19,11
86,17,7,21
87,17,10,20
88,17,21,5
89,17,24,15
90,18,12,3
91,18,21,1
92,18,22,14
93,18,17,7
94,19,23,9
95,19,0,19
96,19,10,7
97,19,18,22
98,20,18,8
99,20,8,24
100,20,19,23
101,20,14,17
102,20,9,3
103,20,17,8
104,20,5,15
105,20,0,15
106,20,12,6
107,20,1,20
108,21,11,13
109,21,15,17
110,21,24,21
111,21,21,0
112,21,19,11
113,21,12,9
114,22,2,20
115,22,22,6
116,22,23,12
117,22,15,19
118,22,21,7
119,22,0,12
120,22,20,6
121,23,22,24
122,23,16,3
123,23,14,21
124,23,5,1
125,23,12,14
126,24,21,8
127,24,7,11
128,24,6,24
129,24,18,0
130,25,1,20
131,25,5,11
132,25,15,1
133,25,24,18
134,25,9,1
135,26,15,14
136,26,13,2
137,26,20,0
138,26,21,2
139,26,5,13
140,26,24,4
141,26,22,14
142,26,10,19
143,26,16,0
144,26,7,10
145,27,16,13
146,27,12,9
147,27,8,12
148,27,11,4
149,28,3,7
150,28,17,10
151,28,22,12
152,28,0,22
153,28,21,23
154,28,8,10
155,28,4,8
156,28,12,6
157,29,8,23
158,29,10,16
159,29,0,18
160,29,2,5
161,29,20,22
162,29,1,3
163,29,10,24
164,29,3,6
165,30,8,17
166,30,8,16
167,31,6,8
168,31,19,21
169,31,2,18
170,31,19,20
171,31,3,11
172,31,0,19
173,31,16,2
174,31,13,3
175,31,2,14
176,31,13,22
177,31,8,11
178,31,24,15
179,31,2,4
180,32,16,10
181,32,23,10
182,32,12,21
183,33,7,10
184,33,22,14
185,33,13,24
186,33,17,6
187,33,23,21
188,33,1,21
189,33,5,9
190,33,24,10
191,34,1,11
192,34,9,18
193,34,13,16
194,34,7,21
195,35,24,10
196,35,17,10
197,35,7,18
198,35,15,4
199,35,16,8
200,36,7,23
201,36,0,7
202,36,7,17
203,36,8,0
204,36,2,9
205,36,7,9
206,36,8,11
207,36,3,6
208,36,15,8
209,37,18,20
210,37,10,13
211,38,13,4
212,38,15,14
213,38,8,2
214,38,5,20
215,39,14,6
216,39,1,12
217,39,0,3
218,39,19,7
219,39,17,23
220,40,22,2
221,40,22,1
222,40,9,17
223,40,20,18
224,40,4,14
225,40,7,24
226,40,10,14
227,41,24,0
228,41,1,16
229,41,18,2
230,41,21,2
231,42,22,2
232,42,8,2
233,42,13,10
234,43,3,16
235,43,17,19
236,43,11,19
237,43,11,18
238,44,23,17
239,44,24,12
240,44,1,8
241,44,5,20
242,44,8,12
243,44,19,21
244,44,5,11
245,45,1,9
246,45,3,14
247,45,21,15
248,45,7,15
249,45,12,2
250,45,10,16
251,45,5,20
252,45,22,2
253,46,11,1
254,46,11,18
255,46,0,6
256,46,14,23
257,46,6,18
258,47,20,5
259,47,16,19
260,47,23,8
261,47,22,5
262,47,15,12
263,47,0,24
264,47,9,18
265,47,15,0
266,48,14,21
267,48,14,0
268,48,15,9
269,48,19,0
270,48,0,8
271,49,1,22
272,49,16,18
273,49,0,2
274,49,22,13
275,49,10,6
276,49,10,24
277,49,12,9
278,50,10,20
279,50,17,8
280,50,24,10
281,50,1,15
282,50,17,21
283,51,6,16
284,51,10,13
285,51,10,14
286,51,1,13
287,52,18,16
288,52,21,4
289,52,14,1
290,52,0,23
291,53,18,24
292,53,4,20
293,53,7,15
294,53,8,16
295,53,20,11
296,53,24,16
297,53,24,17
298,53,12,18
299,53,9,12
300,54,14,5
301,54,2,5
302,54,8,23
303,54,12,23
304,54,21,4
305,54,15,0
306,54,20,6
307,54,8,17
308,54,23,15
309,54,3,22
310,54,18,20
311,55,12,2
312,55,3,13
313,55,1,17
314,55,11,23
315,55,12,23
316,55,1,10
317,55,21,14
318,55,13,16
319,56,19,8
320,56,14,6
321,56,17,2
322,56,7,20
323,56,20,18
324,56,20,19
325,56,4,24
326,56,21,12
327,57,2,18
328,57,1,5
329,57,15,11
330,57,1,8
331,58,16,12
332,58,3,21
333,58,13,7
334,58,7,19
335,58,15,22
336,58,2,19
337,59,5,15
338,59,24,18
339,59,10,14
340,59,18,15
341,59,21,23
342,59,23,20
343,59,14,0
344,59,21,10
345,59,5,8
346,59,21,5
347,60,18,1
348,60,10,19
349,60,19,9
350,60,22,2
351,60,24,14
352,60,24,16
353,61,24,2
354,61,1,7
355,61,3,7
356,61,23,21
357,61,20,18
358,61,19,16
359,61,23,15
360,61,20,14
361,61,1,16
362,62,12,4
363,62,23,3
364,62,24,20
365,62,17,7
366,62,8,11
367,62,4,2
368,63,11,15
369,63,20,10
370,63,15,14
371,63,12,10
372,63,10,7
373,63,8,21
374,64,24,12
375,64,0,6
376,64,7,18
377,65,23,13
378,65,0,2
379,65,11,13
380,65,24,8
381,65,16,20
382,65,19,16
383,65,19,3
384,66,16,12
385,66,17,14
386,66,6,3
387,66,23,8
388,67,23,3
389,67,6,16
390,67,12,21
391,67,22,0
392,67,12,5
393,67,17,24
394,68,1,21
395,68,13,7
396,68,0,16
397,68,11,22
398,69,19,1
399,69,10,8
400,69,4,21
401,69,17,23
402,69,9,21
403,69,17,20
404,69,12,9
405,69,15,0
406,70,24,11
407,70,14,15
408,70,8,23
409,70,9,12
410,70,8,12
411,70,0,23
412,70,22,19
413,70,16,0
414,70,7,4
415,71,17,5
416,71,3,20
417,71,23,9
418,71,5,16
419,71,4,7
420,71,3,0
421,71,14,0
422,72,18,4
423,72,4,24
424,72,4,1
425,72,15,13
426,72,21,23
427,72,22,15
428,73,0,11
429,73,18,9
430,74,3,13
431,74,2,5
432,74,24,12
433,74,23,15
434,74,9,0
435,74,11,21
436,74,20,13
437,74,19,22
438,74,21,7
439,75,11,7
440,75,22,7
441,75,14,22
442,75,6,16
443,75,11,0
444,75,7,22
445,76,20,8
446,76,22,9
447,77,8,23
448,77,20,0
449,77,8,6
450,77,13,11
451,77,5,3
452,77,13,21
453,78,13,0
454,78,19,12
455,78,20,0
456,78,20,12
457,78,15,9
458,78,15,5
459,79,14,15
460,79,8,22
461,79,7,22
462,79,24,0
463,79,11,14
464,79,11,22
465,79,16,7
466,79,15,2
467,79,15,1
468,80,11,17
469,80,22,13
470,80,11,14
471,80,18,20
472,80,0,15
473,81,15,14
474,81,15,4
475,82,17,2
476,82,5,15
477,82,21,15
478,82,23,13
479,82,6,14
480,82,8,21
481,83,12,2
482,83,22,16
483,83,10,18
484,83,14,2
485,83,15,7
486,83,16,2
487,84,20,18
488,84,2,16
489,84,5,24
490,84,22,8
491,84,8,22
492,84,20,10
493,84,8,17
494,84,24,9
495,85,13,20
496,85,17,13
497,85,6,3
498,85,24,16
499,85,4,21
500,85,17,2
501,85,23,11
502,86,20,3
503,86,9,22
504,86,11,9
505,87,18,21
506,87,7,10
507,87,12,16
508,87,13,17
509,88,18,7
510,88,13,3
511,88,14,1
512,88,14,4
513,89,8,23
514,89,0,21
515,89,12,9
516,90,2,11
517,90,4,19
518,90,12,5
519,90,6,2
520,91,15,1
521,91,16,1
522,91,10,19
523,91,21,1
524,91,2,18
525,91,17,24
526,91,6,8
527,91,5,23
528,91,24,0
529,92,21,0
530,92,14,12
531,92,23,10
532,92,20,7
533,92,21,19
534,92,9,24
535,92,7,1
536,93,8,23
537,93,8,17
538,93,21,4
539,93,11,15
540,93,1,15
541,94,15,22
542,94,12,22
543,94,17,10
544,94,19,16
545,94,14,5
546,95,15,21
547,95,6,4
548,95,10,0
549,95,7,19
550,96,10,20
551,96,11,21
552,96,2,11
553,96,20,17
554,97,19,4
555,97,12,18
556,97,14,17
557,97,6,18
558,98,19,11
559,98,17,10
560,98,1,13
561,98,11,22
562,99,15,11
563,99,1,24
564,99,3,20
565,99,8,19
566,99,14,15
567,99,24,9
568,100,11,1
569,100,1,18
570,100,18,7
571,100,3,17
572,100,14,10
573,101,23,13
574,101,23,2
575,101,15,22
576,101,3,12
577,101,1,17
578,101,19,12
579,101,16,7
580,102,10,3
581,102,1,14
582,102,10,6
583,102,17,9
584,102,13,10
585,102,9,23
586,103,20,3
587,103,12,1
588,103,15,8
589,103,22,7
590,103,1,7
591,104,5,7
592,104,22,1
593,104,22,2
594,104,13,23
595,104,2,18
596,104,20,18
597,105,1,19
598,105,10,4
599,105,13,23
600,105,1,14
601,105,10,19
602,105,8,14
603,105,3,0
604,106,4,18
605,106,17,14
606,106,20,6
607,106,9,22
608,106,14,12
609,106,9,20
610,107,7,16
611,107,12,6
612,107,18,9
613,107,12,4
614,107,20,1
615,107,23,3
616,107,12,20
617,107,8,24
618,108,23,5
619,108,20,11
620,108,17,15
621,108,12,0
622,108,13,1
623,108,9,10
624,108,6,13
625,108,1,11
626,108,19,7
627,109,2,6
628,109,2,16
629,109,13,5
630,109,8,20
631,109,4,11
632,109,5,17
633,110,5,7
634,110,9,12
635,111,14,3
636,111,5,11
637,111,15,17
638,111,18,16
639,112,9,17
640,112,5,12
641,112,21,7
642,112,15,1
643,113,21,18
644,113,21,9
645,113,21,23
646,113,0,16
647,113,4,12
648,113,9,20
649,113,5,8
650,114,6,24
651,114,14,2
652,114,24,3
653,114,3,16
654,115,12,19
655,115,2,17
656,115,19,13
657,115,0,23
658,115,14,6
659,115,22,19
660,115,1,16
661,116,4,11
662,116,23,20
663,116,17,6
664,116,21,0
665,116,6,9
666,116,5,18
667,116,17,7
668,117,9,7
669,117,17,23
670,117,9,1
671,117,8,18
672,117,14,11
673,117,20,3
674,118,4,16
675,118,22,13
676,118,2,20
677,118,20,17
678,118,22,4
679,119,7,13
680,119,13,22
681,120,13,9
682,120,22,11
683,120,14,12
684,120,0,8
685,120,10,20
686,120,8,18
687,121,9,23
688,121,20,1
689,122,6,23
690,122,8,17
691,122,9,1
692,122,17,20
693,122,11,3
694,123,2,4
695,123,11,9
696,123,20,2
697,123,2,12
698,124,15,2
699,124,20,2
700,124,19,5
701,124,12,18
702,125,14,22
703,125,3,20
704,125,24,5
705,125,2,0
706,125,0,24
707,125,1,10
708,125,6,15
709,125,15,17
710,125,6,4
711,125,13,0
712,126,11,1
713,126,16,5
714,126,22,10
715,126,19,10
716,126,17,11
717,127,17,9
718,128,22,1
719,128,11,7
720,128,6,16
721,128,13,4
722,128,15,13
723,128,5,13
724,128,14,16
725,129,6,16
726,129,19,9
727,129,11,7
728,129,15,18
729,129,17,1
730,129,24,13
731,129,17,11
732,129,22,16
733,129,21,19
734,130,5,9
735,130,20,17
736,130,0,22
737,130,6,15
738,130,15,21
739,130,24,18
740,130,12,19
741,131,11,7
742,131,24,12
743,131,7,20
744,131,3,9
745,131,8,1
746,131,13,3
747,131,18,24
748,131,1,17
749,131,5,15
750,131,4,6
751,131,16,3
752,132,0,10
753,132,20,8
754,132,13,2
755,132,13,24
756,133,6,14
757,133,4,10
758,133,12,5
759,133,14,18
760,133,18,12
761,133,4,2
762,133,8,6
763,133,6,16
764,134,6,12
765,134,8,16
766,134,3,21
767,134,8,4
768,134,2,17
769,134,21,0
770,134,8,1
771,134,17,10
772,134,18,8
773,134,11,9
774,135,1,12
775,135,18,9
776,135,22,6
777,135,12,22
778,136,14,2
779,136,19,9
780,136,19,4
781,137,0,22
782,137,0,17
783,137,0,12
784,137,20,23
785,137,4,6
786,137,16,9
787,138,4,12
788,138,12,10
789,138,10,14
790,139,9,16
791,139,4,5
792,139,10,21
793,140,20,1
794,140,12,15
795,140,20,8
796,140,23,20
797,141,4,14
798,141,7,21
799,141,9,1
800,141,23,16
801,141,6,4
802,141,18,0
803,141,0,4
804,142,18,14
805,142,4,16
806,142,15,1
807,142,20,8
808,142,24,13
809,142,14,0
810,142,6,14
811,142,21,19
812,143,22,20
813,143,11,24
814,143,20,5
815,143,8,21
816,143,7,22
817,143,24,18
818,143,13,11
819,144,6,16
820,144,18,22
821,144,20,0
822,144,17,11
823,144,12,22
824,144,23,10
825,144,0,10
826,144,14,6
827,144,12,14
828,144,18,20
829,144,14,6
830,145,18,4
831,145,5,9
832,145,5,17
833,146,14,22
834,146,23,6
835,146,19,3
836,146,10,19
837,147,21,12
838,147,23,1
839,147,5,20
840,147,8,0
841,147,14,23
842,148,2,17
843,148,2,9
844,148,5,13
845,148,3,10
846,148,8,18
847,149,19,1
848,149,20,3
849,149,14,7
850,149,16,6
851,149,0,10
852,149,20,7
853,149,7,23
854,150,16,20
855,150,11,20
856,150,9,6
857,150,15,11
858,150,5,7
859,151,8,14
860,152,8,16
861,152,6,18
862,153,5,22
863,153,10,16
864,153,2,16
865,153,9,3
866,153,14,23
867,153,0,9
868,154,17,11
869,154,10,3
870,154,12,1
871,154,16,24
872,154,2,18
873,155,8,17
874,155,2,19
875,155,1,17
876,155,9,23
877,155,11,20
878,156,5,22
879,156,21,3
880,156,16,20
881,156,24,13
882,157,5,9
883,157,3,13
884,157,3,1
885,157,7,14
886,157,0,20
887,157,12,10
888,157,14,5
889,158,3,5
890,158,13,22
891,158,4,23
892,158,15,21
893,158,5,14
894,158,13,9
895,158,18,11
896,158,24,0
897,159,8,1
898,159,10,8
899,159,21,6
900,159,4,15
901,159,21,17
902,160,24,3
903,160,1,23
904,160,18,15
905,160,22,2
906,160,0,2
907,160,5,12
908,160,7,3
909,160,16,20
910,161,0,10
911,161,23,12
912,161,16,12
913,161,15,9
914,161,9,13
915,162,0,18
916,162,15,22
917,162,13,19
918,162,6,0
919,162,13,21
920,162,8,17
921,163,20,17
922,163,0,19
923,163,16,2
924,163,7,21
925,163,16,13
926,164,23,21
927,164,6,0
928,164,22,11
929,164,13,5
930,164,15,6
931,164,19,17
932,164,12,10
933,164,5,13
934,164,18,21
935,165,11,15
936,165,2,9
937,165,19,5
938,165,10,1
939,166,19,2
940,166,0,15
941,166,3,23
942,166,8,0
943,166,24,1
944,166,8,21
945,166,13,6
946,167,15,6
947,167,19,10
948,167,4,19
949,167,12,2
950,167,10,23
951,167,6,10
952,168,18,12
953,168,18,16
954,168,18,14
955,168,8,22
956,168,12,24
957,168,22,4
958,168,9,23
959,168,17,14
960,169,7,1
961,169,12,14
962,169,24,9
963,169,18,15
964,169,5,23
965,170,1,5
966,170,16,7
967,170,20,16
968,170,17,4
969,170,17,24
970,170,10,18
971,170,15,2
972,171,4,24
973,171,14,2
974,171,2,16
975,171,13,9
976,171,21,1
977,172,21,1
978,172,20,14
979,172,0,4
980,172,9,6
981,172,22,12
982,172,5,24
983,172,9,23
984,172,21,12
985,172,14,22
986,172,1,4
987,172,12,1
988,173,19,22
989,173,7,14
990,174,7,13
991,174,4,11
992,174,9,1
993,174,14,10
994,174,4,5
995,174,1,22
996,174,21,9
997,175,22,7
998,175,11,18
999,175,1,21
1000,175,5,13
1001,175,3,6
1002,175,12,16
1003,175,7,18
1004,175,16,5
1005,176,20,6
1006,176,5,16
1007,176,15,13
1008,176,3,14
1009,176,21,19
1010,176,11,20
1011,176,8,18
1012,176,12,6
1013,176,6,17
1014,176,4,18
1015,176,11,19
1016,176,9,15
1017,177,6,0
1018,177,24,2
1019,177,8,24
1020,178,12,24
1021,178,5,23
1022,178,9,2
1023,178,22,11
1024,178,18,7
1025,178,20,2
1026,179,19,13
1027,179,21,10
1028,179,19,12
1029,179,18,16
1030,179,17,15
1031,180,20,6
1032,180,22,10
1033,180,0,18
1034,180,14,17
1035,180,20,19
1036,180,21,6
1037,181,6,18
1038,181,17,14
1039,181,9,21
1040,181,2,5
1041,181,3,14
1042,182,4,19
1043,182,1,11
1044,182,18,24
1045,182,4,24
1046,182,20,22
1047,182,0,9
1048,182,2,12
1049,182,7,17
1050,182,19,3
1051,183,1,22
1052,183,7,16
1053,183,17,19
1054,183,1,9
1055,183,23,14
1056,184,21,5
1057,184,12,9
1058,184,20,18
1059,184,15,2
1060,185,19,12
1061,185,3,22
1062,185,10,12
1063,185,1,4
1064,185,4,16
1065,185,5,7
1066,185,2,18
1067,186,18,20
1068,186,23,5
1069,186,12,19
1070,186,10,7
1071,186,12,23
1072,186,7,16
1073,186,19,11
1074,186,17,15
1075,187,2,5
1076,187,12,5
1077,187,5,15
1078,187,4,6
1079,187,16,10
1080,188,4,7
1081,188,24,5
1082,188,8,21
1083,188,6,15
1084,188,22,12
1085,188,20,6
1086,188,14,17
1087,188,12,2
1088,189,19,23
1089,189,10,18
1090,189,10,0
1091,189,13,15
1092,189,15,21
1093,189,0,4
1094,189,7,10
1095,190,12,24
1096,190,8,19
1097,191,7,21
1098,191,16,1
1099,191,4,5
1100,192,22,20
1101,192,7,23
1102,192,9,10
1103,192,3,16
1104,192,20,6
1105,193,23,14
1106,193,13,22
1107,193,18,12
1108,193,0,2
1109,193,16,18
1110,194,2,13
1111,194,13,20
1112,194,4,2
1113,195,13,22
1114,195,19,13
1115,195,12,2
1116,195,3,24
1117,196,5,9
1118,196,24,1
1119,196,18,11
1120,196,7,14
1121,196,18,8
1122,196,22,5
1123,197,11,4
1124,197,0,17
1125,197,21,9
1126,197,2,20
1127,197,21,12
1128,197,11,7
1129,198,11,2
1130,198,21,5
1131,199,24,0
1132,200,13,23
1133,200,13,1
1134,200,17,20
1135,200,6,15
1136,200,19,20
1137,200,22,24
1138,200,14,7
1139,200,1,21
1140,200,4,16
1141,200,15,21
1142,201,14,11
1143,201,0,22
1144,201,13,2
1145,201,21,23
1146,201,6,20
1147,201,0,13
1148,201,19,21
1149,202,13,23
1150,202,21,2
1151,202,11,15
1152,202,18,12
1153,202,4,20
1154,202,10,12
1155,202,18,20
1156,203,0,24
1157,203,5,24
1158,203,6,13
1159,204,9,1
1160,204,15,19
1161,204,17,11
1162,204,17,8
1163,204,12,18
1164,204,9,17
1165,204,16,4
1166,205,24,16
1167,205,2,14
1168,205,0,19
1169,205,12,5
1170,205,13,0
1171,205,21,2
1172,206,23,19
1173,206,21,14
1174,206,15,7
1175,206,8,24
1176,206,2,12
1177,207,16,22
1178,207,6,18
1179,207,1,12
1180,207,5,13
1181,207,19,15
1182,207,0,23
1183,207,12,21
1184,207,12,15
1185,208,22,24
1186,208,13,9
1187,208,4,7
1188,209,18,16
1189,209,14,21
1190,209,4,15
1191,210,6,9
1192,210,20,24
1193,210,21,3
1194,210,21,12
1195,210,21,12
1196,211,10,7
1197,211,23,10
1198,211,20,3
1199,211,18,22
1200,211,22,8
1201,211,5,24
1202,211,7,5
1203,211,19,2
1204,211,19,1
1205,211,10,18
1206,212,22,12
1207,212,6,3
1208,212,22,14
1209,212,5,4
1210,212,8,16
1211,213,18,2
1212,213,22,2
1213,213,13,11
1214,213,18,12
1215,213,9,16
1216,213,2,5
1217,214,9,1
1218,214,1,8
1219,214,0,11
1220,214,14,5
1221,214,10,12
1222,214,13,3
1223,214,0,2
1224,214,6,8
1225,214,17,3
1226,214,9,7
1227,216,20,24
1228,216,8,14
1229,216,20,10
1230,216,1,13
1231,216,9,1
1232,217,12,0
1233,217,1,7
1234,217,15,18
1235,217,16,0
1236,217,21,8
1237,218,3,17
1238,218,22,15
1239,219,8,5
1240,219,5,11
1241,219,16,3
1242,219,13,21
1243,219,13,23
1244,219,12,4
1245,220,22,13
1246,220,24,13
1247,220,15,3
1248,220,4,2
1249,220,22,4
1250,221,18,11
1251,221,22,10
1252,221,5,13
1253,221,0,24
1254,222,3,13
1255,222,17,4
1256,222,13,24
1257,222,16,14
1258,222,2,19
1259,222,5,7
1260,222,12,16
1261,223,23,11
1262,223,20,12
1263,223,4,10
1264,224,21,19
1265,224,10,13
1266,224,21,8
1267,224,23,7
1268,224,8,18
1269,225,14,20
1270,225,21,17
1271,225,12,16
1272,225,1,11
1273,225,23,0
1274,225,3,17
1275,225,15,3
1276,225,15,24
1277,225,21,19
1278,225,16,5
1279,226,1,7
1280,226,22,4
1281,226,17,19
1282,226,11,21
1283,226,22,4
1284,226,4,6
1285,227,12,10
1286,227,12,19
1287,227,3,11
1288,227,2,5
1289,227,18,12
1290,227,24,5
1291,227,15,13
1292,228,9,0
1293,228,15,24
1294,228,16,14
1295,228,24,22
1296,228,6,8
1297,228,0,8
1298,228,16,19
1299,228,16,9
1300,229,24,7
1301,229,10,21
1302,230,7,3
1303,230,9,21
1304,230,17,19
1305,230,15,22
1306,230,18,9
1307,231,16,2
1308,231,11,22
1309,232,9,19
1310,232,20,7
1311,232,23,7
1312,232,16,3
1313,232,12,21
1314,232,14,24
1315,233,9,13
1316,233,2,0
1317,233,0,9
1318,233,12,2
1319,233,3,23
1320,234,10,17
1321,234,10,3
1322,234,3,22
1323,234,3,11
1324,234,22,16
1325,234,20,19
1326,234,18,16
1327,234,4,5
1328,234,12,19
1329,234,14,3
1330,234,6,16
1331,234,19,2
1332,235,18,12
1333,235,1,3
1334,235,3,1
1335,235,1,12
1336,235,7,13
1337,235,15,6
1338,236,23,5
1339,236,20,5
1340,236,13,16
1341,236,8,18
1342,236,2,22
1343,236,8,11
1344,236,24,7
1345,236,5,13
1346,236,11,21
1347,236,3,20
1348,237,2,22
1349,237,0,4
1350,237,4,13
1351,237,23,8
1352,237,6,10
1353,238,19,16
1354,238,10,6
1355,238,20,2
1356,238,8,10
1357,238,8,21
1358,238,10,6
1359,239,10,1
1360,239,19,0
1361,239,2,18
1362,239,4,22
1363,239,11,9
1364,239,0,9
1365,239,18,20
1366,240,3,9
1367,240,21,2
1368,240,22,1
1369,240,11,0
1370,241,20,7
1371,241,8,2
1372,241,19,0
1373,241,21,9
1374,241,8,23
1375,241,19,8
1376,242,24,0
1377,242,1,4
1378,242,15,23
1379,242,22,15
1380,242,14,0
1381,243,6,20
1382,243,4,15
1383,243,12,5
1384,243,16,4
1385,243,14,11
1386,244,10,8
1387,244,20,1
1388,244,13,2
1389,244,19,22
1390,244,20,18
1391,244,8,12
1392,245,11,19
1393,245,8,4
1394,245,1,9
1395,245,16,8
1396,245,15,1
1397,246,0,11
1398,246,13,6
1399,246,4,5
1400,246,22,3
1401,246,19,15
1402,246,15,13
1403,246,8,1
1404,246,2,8
1405,246,17,20
1406,246,7,21
1407,247,18,12
1408,247,1,20
1409,247,14,0
1410,247,20,1
1411,247,18,6
1412,248,8,1
1413,248,17,13
1414,248,7,16
1415,248,15,11
1416,249,0,15
1417,249,18,10
1418,249,19,17
1419,249,5,17
1420,249,23,0
1421,249,4,19
1422,249,2,18
1423,249,8,5
1424,250,7,18
1425,250,10,9
1426,250,13,15
1427,250,19,23
1428,250,14,21
1429,251,15,3
1430,252,14,21
1431,252,5,14
1432,252,24,18
1433,252,17,24
1434,252,9,23
1435,253,11,13
1436,253,18,16
1437,253,6,8
1438,253,0,4
1439,253,12,10
1440,253,22,7
1441,254,11,7
1442,254,18,11
1443,254,22,3
1444,254,4,6
1445,254,20,4
1446,254,24,4
1447,254,0,22
1448,254,16,8
1449,254,0,21
1450,255,16,5
1451,255,21,12
1452,255,21,23
1453,255,18,10
1454,255,24,22
1455,255,6,20
1456,255,23,12
1457,255,18,20
1458,255,20,18
1459,255,1,10
1460,256,10,6
1461,256,16,13
1462,256,10,16
1463,256,17,8
1464,256,10,2
1465,256,16,0
1466,256,11,22
1467,257,8,14
1468,257,0,16
1469,257,7,17
1470,257,7,23
1471,257,0,17
1472,257,14,22
1473,258,2,15
1474,258,16,12
1475,258,11,13
1476,258,16,24
1477,259,10,19
1478,259,15,4
1479,259,16,3
1480,259,4,20
1481,260,7,10
1482,260,15,17
1483,260,22,11
1484,261,8,20
1485,261,24,8
1486,261,11,15
1487,261,9,22
1488,261,10,9
1489,261,9,2
1490,261,3,5
1491,261,22,4
1492,261,2,24
1493,262,0,8
1494,262,13,0
1495,262,23,10
1496,263,17,9
1497,263,3,1
1498,263,10,18
1499,263,10,24
1500,264,14,10
1501,264,2,13
1502,264,3,21
1503,264,22,16
1504,265,23,5
1505,265,12,21
1506,265,23,3
1507,265,20,23
1508,265,15,18
1509,265,4,6
1510,265,10,21
1511,265,12,6
1512,266,10,9
1513,266,8,18
1514,266,10,9
1515,266,4,7
1516,266,13,9
1517,266,11,14
1518,267,6,17
1519,267,7,11
1520,267,13,3
1521,267,22,4
1522,268,12,22
1523,268,16,2
1524,268,14,7
1525,268,19,6
1526,268,11,13
1527,268,10,19
1528,268,0,13
1529,268,9,22
1530,268,13,1
1531,269,12,10
1532,269,9,13
1533,269,19,22
1534,270,3,5
1535,270,13,10
1536,270,12,15
1537,270,23,12
1538,270,24,17
1539,270,11,13
1540,271,5,21
1541,271,0,21
1542,271,17,6
1543,271,2,19
1544,271,10,24
1545,272,19,16
1546,272,8,14
1547,272,11,14
1548,272,0,22
1549,272,21,18
1550,272,18,15
1551,273,0,15
1552,273,8,2
1553,273,14,16
1554,273,3,12
1555,273,23,0
1556,273,11,7
1557,273,5,22
1558,273,12,20
1559,274,6,24
1560,274,12,9
1561,274,4,24
1562,274,12,15
1563,274,5,16
1564,274,18,12
1565,274,4,18
1566,274,19,3
1567,275,0,13
1568,275,3,16
1569,275,19,15
1570,275,16,9
1571,275,16,19
1572,275,12,5
1573,275,18,7
1574,275,0,23
1575,275,2,11
1576,275,22,0
1577,276,3,17
1578,276,5,22
1579,277,7,1
1580,277,9,3
1581,277,19,2
1582,277,18,15
1583,277,16,5
1584,278,22,18
1585,278,1,23
1586,278,13,1
1587,278,8,6
1588,278,22,9
1589,278,22,12
1590,278,7,0
1591,279,11,1
1592,279,9,18
1593,279,9,13
1594,279,0,4
1595,279,3,21
1596,279,1,3
1597,279,7,0
1598,279,22,12
1599,279,13,0
1600,280,20,12
1601,280,3,21
1602,280,12,3
1603,280,19,9
1604,280,0,8
1605,280,18,16
1606,281,4,20
1607,281,13,11
1608,281,11,2
1609,281,11,2
1610,281,12,6
1611,281,4,19
1612,281,6,16
1613,281,16,3
1614,282,2,12
1615,282,14,12
1616,282,18,20
1617,282,19,21
1618,282,1,11
1619,282,11,24
1620,283,15,4
1621,284,17,1
1622,284,15,21
1623,284,0,24
1624,284,5,24
1625,284,21,4
1626,284,15,19
1627,284,13,15
1628,284,19,2
1629,285,15,5
1630,285,8,0
1631,285,19,15
1632,285,19,16
1633,285,17,6
1634,285,0,18
1635,285,14,4
1636,285,21,0
1637,286,21,23
1638,286,14,22
1639,286,20,10
1640,286,18,0
1641,286,23,10
1642,286,6,17
1643,286,4,7
1644,287,24,20
1645,287,21,11
1646,287,14,10
1647,287,17,4
1648,287,23,4
1649,287,10,14
1650,287,4,11
1651,288,14,5
1652,288,10,19
1653,288,23,19
1654,289,7,20
1655,289,10,23
1656,289,20,8
1657,289,0,17
1658,289,19,22
1659,289,1,5
1660,289,7,3
1661,290,13,16
1662,290,21,17
1663,290,7,19
1664,290,21,11
1665,290,12,6
1666,290,7,1
1667,290,21,6
1668,290,6,14
1669,291,14,4
1670,291,14,18
1671,291,17,19
1672,291,17,24
1673,291,20,24
1674,291,6,18
1675,291,7,15
1676,291,14,18
1677,292,5,7
1678,292,17,23
1679,292,4,6
1680,292,7,23
1681,292,19,6
1682,292,15,5
1683,293,1,10
1684,293,21,18
1685,293,17,10
1686,293,5,17
1687,293,3,7
1688,293,22,2
1689,293,6,12
1690,293,8,14
1691,294,3,14
1692,294,17,15
1693,294,5,23
1694,294,14,1
1695,294,13,4
1696,295,0,8
1697,295,5,15
1698,295,9,16
1699,295,24,16
1700,296,1,22
1701,296,23,21
1702,296,0,21
1703,296,14,11
1704,296,13,23
1705,296,3,0
1706,296,15,18
1707,296,22,8
1708,296,0,19
1709,296,18,14
1710,296,19,17
1711,297,20,2
1712,297,16,20
1713,297,10,9
1714,297,13,23
1715,297,5,23
1716,297,14,4
1717,298,6,18
1718,298,4,6
1719,298,13,10
1720,298,19,10
1721,298,16,19
1722,299,17,11
1723,299,15,13
1724,299,24,1
1725,300,12,19
1726,300,12,9
1727,300,17,13
1728,300,23,15
1729,300,13,5
1730,300,14,24
1731,300,13,10
1732,300,1,8
1733,300,23,8
1734,301,20,10
1735,301,11,5
1736,301,1,16
1737,302,16,14
1738,302,2,21
1739,302,1,8
1740,302,24,21
1741,302,5,12
1742,302,0,16
1743,303,3,21
1744,303,6,13
1745,303,1,12
1746,303,23,11
1747,303,4,13
1748,303,20,7
1749,303,23,15
1750,303,23,2
1751,303,3,14
1752,303,1,5
1753,304,1,3
1754,304,15,11
1755,304,12,21
1756,304,10,12
1757,304,23,4
1758,304,5,1
1759,304,23,3
1760,305,18,15
1761,305,16,9
1762,305,3,20
1763,306,21,17
1764,306,0,9
1765,306,6,2
1766,306,8,6
1767,306,2,14
1768,306,6,16
1769,307,21,10
1770,307,12,14
1771,307,21,19
1772,307,22,18
1773,307,22,3
1774,307,1,13
1775,307,16,2
1776,307,19,12
1777,307,2,6
1778,308,9,13
1779,308,10,1
1780,308,0,3
1781,308,19,11
1782,308,16,13
1783,308,18,15
1784,308,20,23
1785,308,19,16
1786,309,1,12
1787,309,15,21
1788,309,3,13
1789,309,5,20
1790,309,4,15
1791,309,11,4
1792,309,5,24
1793,309,21,19
1794,309,6,14
1795,309,17,6
1796,309,5,20
1797,310,0,19
1798,310,15,7
1799,310,21,6
1800,311,3,15
1801,311,12,20
1802,311,3,9
1803,311,16,18
1804,311,21,23
1805,312,10,2
1806,312,18,15
1807,312,22,18
1808,312,5,13
1809,312,6,9
1810,313,21,2
1811,313,22,14
1812,313,6,15
1813,313,19,21
1814,313,8,16
1815,313,12,16
1816,313,7,10
1817,314,7,1
1818,314,20,18
1819,314,16,12
1820,314,3,16
1821,314,24,22
1822,314,4,12
1823,314,0,13
1824,314,9,0
1825,314,13,2
1826,314,10,8
1827,315,19,10
1828,315,14,8
1829,315,16,12
1830,315,9,17
1831,315,19,20
1832,316,5,14
1833,316,7,15
1834,316,12,24
1835,316,0,14
1836,316,0,8
1837,316,8,6
1838,316,23,7
1839,316,8,17
1840,317,13,2
1841,317,18,22
1842,317,13,17
1843,317,0,19
1844,317,13,19
1845,318,6,9
1846,318,22,24
1847,318,16,4
1848,318,18,21
1849,318,0,9
1850,318,14,24
1851,319,17,13
1852,319,9,22
1853,319,12,3
1854,319,24,22
1855,319,21,10
1856,319,23,12
1857,319,9,21
1858,319,16,12
1859,320,20,0
1860,320,14,16
1861,320,13,0
1862,320,6,17
1863,320,18,6
1864,320,16,12
1865,321,10,3
1866,321,22,5
1867,321,22,19
1868,321,14,8
1869,321,14,24
1870,322,5,3
1871,322,14,7
1872,322,14,0
1873,322,6,23
1874,323,0,10
1875,323,6,15
1876,323,16,5
1877,324,4,8
1878,324,23,8
1879,324,4,7
1880,324,2,8
1881,324,9,0
1882,324,3,23
1883,325,18,4
1884,325,21,13
1885,325,17,9
1886,325,10,22
1887,325,17,24
1888,325,22,18
1889,325,9,23
1890,325,12,19
1891,325,11,22
1892,326,24,16
1893,326,3,1
1894,326,21,5
1895,326,3,13
1896,326,19,0
1897,327,14,8
1898,327,4,12
1899,327,13,6
1900,328,19,3
1901,328,18,8
1902,328,17,1
1903,328,13,23
1904,328,20,23
1905,328,10,22
1906,329,9,15
1907,329,22,6
1908,329,21,15
1909,330,17,3
1910,330,17,19
1911,330,18,11
1912,330,15,0
1913,330,19,13
1914,330,12,21
1915,330,0,12
1916,330,16,4
1917,331,18,14
1918,331,15,5
1919,331,4,20
1920,331,20,6
1921,331,12,9
1922,331,14,23
1923,331,4,22
1924,331,18,10
1925,332,18,24
1926,332,9,11
1927,332,24,2
1928,332,2,5
1929,332,7,22
1930,332,3,13
1931,332,11,22
1932,333,21,12
1933,333,7,0
1934,333,13,22
1935,333,14,10
1936,333,13,16
1937,333,17,21
1938,333,16,0
1939,333,24,14
1940,334,10,20
1941,334,18,7
1942,335,19,10
1943,335,19,13
1944,335,22,0
1945,335,12,20
1946,336,23,11
1947,336,22,12
1948,336,0,10
1949,337,22,7
1950,337,20,11
1951,337,22,8
1952,337,16,22
1953,337,7,4
1954,337,13,23
1955,337,2,18
1956,337,17,2
1957,337,5,9
1958,337,17,13
1959,337,13,0
1960,337,0,8
1961,338,10,2
1962,338,15,3
1963,338,13,3
1964,338,1,22
1965,338,17,1
1966,338,3,10
1967,338,7,17
1968,339,5,22
1969,339,6,9
1970,339,17,0
1971,339,2,24
1972,339,19,6
1973,339,15,8
1974,339,8,6
1975,339,9,16
1976,340,24,11
1977,341,9,5
1978,341,4,14
1979,341,19,23
1980,341,15,4
1981,341,20,7
1982,341,2,0
1983,341,10,12
1984,341,9,1
1985,341,21,10
1986,341,16,0
1987,342,10,23
1988,342,0,13
1989,343,0,14
1990,343,6,13
1991,343,18,10
1992,344,15,14
1993,344,8,17
1994,344,13,19
1995,345,17,10
1996,345,11,9
1997,345,13,2
1998,345,7,14
1999,346,21,14
2000,346,20,18
2001,346,20,0
2002,346,21,8
2003,346,7,21
2004,346,8,23
2005,346,18,1
2006,347,17,19
2007,347,20,3
2008,347,23,3
2009,347,3,14
2010,347,11,18
2011,348,18,16
2012,348,0,18
2013,349,19,7
2014,349,5,15
2015,349,1,14
2016,349,1,10
2017,350,16,18
2018,350,17,14
2019,350,6,9
2020,350,11,22
2021,351,15,14
2022,351,20,4
2023,351,11,20
2024,351,5,12
2025,352,21,19
2026,352,20,22
2027,352,6,20
2028,352,13,4
2029,352,1,8
2030,353,11,0
2031,353,5,22
2032,353,23,14
2033,353,15,7
2034,353,2,11
2035,353,22,13
2036,353,6,4
2037,353,7,15
2038,353,2,21
2039,353,17,15
2040,354,6,13
2041,354,7,1
2042,354,8,23
2043,354,1,24
2044,354,7,17
2045,354,23,3
2046,354,16,23
2047,354,10,19
2048,354,20,19
2049,355,22,3
2050,355,7,14
2051,355,24,22
2052,355,2,23
2053,355,16,8
2054,355,14,23
2055,355,1,5
2056,355,8,16
2057,356,6,19
2058,356,16,5
2059,357,5,19
2060,357,16,5
2061,357,16,22
2062,357,24,3
2063,357,8,0
2064,357,0,24
2065,358,24,15
2066,358,7,5
2067,358,6,16
2068,358,22,9
2069,358,12,0
2070,359,13,1
2071,359,9,3
2072,359,20,8
2073,359,10,1
2074,359,1,17
2075,359,21,7
2076,359,22,10
2077,360,20,6
2078,360,19,12
2079,360,10,13
2080,360,4,19
2081,360,23,21
2082,360,4,6
2083,361,7,23
2084,361,14,2
2085,361,2,16
2086,361,7,20
2087,361,10,23
2088,362,22,1
2089,362,24,6
2090,362,1,9
2091,362,2,22
2092,362,2,9
2093,362,7,15
2094,362,13,17
2095,362,2,12
2096,362,2,13
2097,363,10,21
2098,363,4,6
2099,363,16,12
2100,363,7,24
2101,363,21,13
2102,363,20,0
2103,363,18,9
2104,363,6,20
2105,363,6,15
2106,363,12,15
2107,364,8,6
2108,364,17,9
2109,364,8,14
2110,364,7,9
2111,364,22,16
2112,364,20,17
2113,364,11,23
2114,364,12,2
2115,365,16,12
2116,365,17,10
2117,365,16,4
2118,365,13,4
2119,365,23,19
2120,365,15,23
2121,365,5,15
2122,365,2,24
2123,365,19,8
2124,365,19,7
2125,365,18,9
2126,366,1,4
2127,366,10,0
2128,366,22,6
2129,366,0,17
2130,366,1,17
2131,366,6,15
2132,366,14,16
2133,366,10,24
2134,366,2,14
2135,366,19,9
2136,367,20,0
2137,367,9,10
2138,367,2,24
2139,367,18,24
2140,367,13,20
2141,367,17,21
2142,367,9,17
2143,367,15,18
2144,368,9,0
2145,368,20,2
2146,368,0,12
2147,368,13,20
2148,369,4,18
2149,369,18,2
2150,369,23,7
2151,369,9,21
2152,370,6,19
2153,370,18,11
2154,370,12,6
2155,370,7,4
2156,370,9,23
2157,370,20,19
2158,370,2,15
2159,370,9,13
2160,370,6,18
2161,371,17,9
2162,371,3,6
2163,371,2,5
2164,371,0,4
2165,371,22,12
2166,371,0,2
2167,371,2,4
2168,372,20,0
2169,372,15,8
2170,372,4,0
2171,372,13,17
2172,372,1,10
2173,372,5,13
2174,372,20,24
2175,373,19,0
2176,373,0,22
2177,373,21,10
2178,373,23,5
2179,373,16,6
2180,373,11,17
2181,373,11,15
2182,373,18,10
2183,373,1,22
2184,373,18,21
2185,373,0,8
2186,373,13,11
2187,374,14,16
2188,374,13,0
2189,375,1,3
2190,375,4,5
2191,375,24,20
2192,375,3,7
2193,375,5,3
2194,376,17,24
2195,376,14,16
2196,376,13,16
2197,376,11,22
2198,376,8,10
2199,376,7,11
2200,377,17,21
2201,377,17,8
2202,377,14,21
2203,377,8,2
2204,377,8,10
2205,377,10,6
2206,377,13,9
2207,378,4,22
2208,378,22,2
2209,378,20,10
2210,378,20,0
2211,378,23,12
2212,378,18,5
2213,378,2,10
2214,378,2,24
2215,378,19,15
2216,378,12,14
2217,378,13,16
2218,379,16,19
2219,379,15,1
2220,379,4,16
2221,379,11,1
2222,380,17,3
2223,380,23,7
2224,380,13,20
2225,380,16,14
2226,380,9,19
2227,380,13,0
2228,380,14,23
2229,380,20,9
2230,380,10,1
2231,381,21,0
2232,381,4,5
2233,381,21,3
2234,381,11,13
2235,382,13,16
2236,382,6,21
2237,382,21,1
2238,382,22,16
2239,382,14,24
2240,382,7,16
2241,382,14,16
2242,383,21,13
2243,383,23,1
2244,383,2,23
2245,383,24,0
2246,384,13,9
2247,384,16,24
2248,384,2,20
2249,384,8,19
2250,384,16,19
2251,385,18,6
2252,385,16,18
2253,385,3,16
2254,385,11,13
2255,385,3,16
2256,385,14,24
2257,385,7,17
2258,385,2,19
2259,386,12,24
2260,386,9,18
2261,386,6,3
2262,386,8,4
2263,386,18,7
2264,386,20,5
2265,386,21,19
2266,386,21,10
2267,386,0,21
2268,387,2,14
2269,387,12,8
2270,387,12,3
2271,387,16,18
2272,387,1,21
2273,387,5,9
2274,387,8,16
2275,387,24,13
2276,388,6,22
2277,388,1,19
2278,388,12,1
2279,389,17,1
2280,389,2,0
2281,389,17,7
2282,389,2,8
2283,389,14,8
2284,390,23,12
2285,390,1,10
2286,390,14,5
2287,390,6,19
2288,390,3,24
2289,390,7,15
2290,390,12,16
2291,391,4,24
2292,391,7,11
2293,391,6,10
2294,392,10,1
2295,392,14,3
2296,392,22,10
2297,392,14,8
2298,392,20,18
2299,392,10,20
2300,392,21,2
2301,392,7,5
2302,392,10,19
2303,393,7,3
2304,393,17,14
2305,393,3,1
2306,393,19,7
2307,393,14,18
2308,394,3,20
2309,394,7,4
2310,394,23,5
2311,394,19,6
2312,394,1,19
2313,394,15,19
2314,395,0,24
2315,395,5,19
2316,395,9,16
2317,395,21,23
2318,395,20,19
2319,395,22,8
2320,395,16,1
2321,396,3,5
2322,396,9,17
2323,396,3,1
2324,396,16,2
2325,396,12,10
2326,396,11,14
2327,396,15,0
2328,396,19,9
2329,397,18,15
2330,397,20,10
2331,397,21,7
2332,397,18,16
2333,398,18,1
2334,398,0,2
2335,399,24,7
2336,399,22,6
2337,399,21,12
2338,399,8,14
2339,399,12,24
2340,399,8,18
2341,400,19,15
2342,400,3,23
2343,400,6,13
2344,400,23,4
2345,400,21,3
2346,401,24,17
2347,401,6,2
2348,401,5,18
2349,402,24,6
2350,402,9,15
2351,402,10,13
2352,402,22,2
2353,402,12,18
2354,402,9,7
2355,403,4,14
2356,403,22,1
2357,403,14,0
2358,403,15,23
2359,404,20,5
2360,404,16,3
2361,404,10,17
2362,404,5,1
2363,404,5,24
2364,404,0,3
2365,404,3,16
2366,405,20,19
2367,405,7,19
2368,405,8,11
2369,405,0,8
2370,405,15,7
2371,405,15,18
2372,405,6,3
2373,405,9,20
2374,405,23,16
2375,405,8,17
2376,405,6,19
2377,406,5,13
2378,406,19,11
2379,406,15,21
2380,406,2,8
2381,406,4,2
2382,406,2,13
2383,406,14,23
2384,406,13,11
2385,407,15,5
2386,407,4,23
2387,407,2,17
2388,408,6,4
2389,408,2,18
2390,408,0,23
2391,408,2,21
2392,408,13,21
2393,408,20,6
2394,408,16,7
2395,409,4,13
2396,409,12,16
2397,409,0,21
2398,409,1,8
2399,409,23,3
2400,409,1,24
2401,409,17,0
2402,409,2,20
2403,409,2,8
2404,409,14,23
2405,410,14,23
2406,410,15,5
2407,410,16,22
2408,410,14,10
2409,410,11,3
2410,410,15,19
2411,410,9,15
2412,411,23,0
2413,411,19,23
2414,411,4,18
2415,411,0,11
2416,411,15,23
2417,411,4,15
2418,411,24,8
2419,411,16,4
2420,412,12,21
2421,412,8,1
2422,413,19,0
2423,413,19,10
2424,413,15,5
2425,413,1,23
2426,413,0,2
2427,413,3,17
2428,413,21,19
2429,413,22,13
2430,413,22,15
2431,414,10,3
2432,414,3,12
2433,414,18,7
2434,415,1,17
2435,415,24,10
2436,415,23,3
2437,415,9,0
2438,415,7,22
2439,415,22,9
2440,416,24,18
2441,416,0,16
2442,416,19,4
2443,417,0,22
2444,417,6,2
2445,417,24,0
2446,418,23,12
2447,418,22,10
2448,418,2,15
2449,418,14,23
2450,418,9,1
2451,418,19,8
2452,418,23,10
2453,419,18,0
2454,419,5,9
2455,419,15,6
2456,419,16,23
2457,420,7,0
2458,420,1,9
2459,421,20,18
2460,421,3,19
2461,421,19,15
2462,421,18,0
2463,422,5,9
2464,422,11,5
2465,422,6,2
2466,422,2,20
2467,422,23,20
2468,423,11,15
2469,423,2,13
2470,423,15,2
2471,423,8,0
2472,423,11,20
2473,423,8,5
2474,423,8,23
2475,424,15,7
2476,424,6,18
2477,424,24,12
2478,424,19,9
2479,424,4,17
2480,424,24,0
2481,425,18,20
2482,425,11,13
2483,425,2,5
2484,425,0,9
2485,425,21,12
2486,425,9,16
2487,425,19,7
2488,425,6,16
2489,425,14,21
2490,425,9,5
2491,425,22,2
2492,426,4,20
2493,426,18,3
2494,426,8,10
2495,426,10,16
2496,426,10,23
2497,427,8,24
2498,427,18,12
2499,427,5,17
2500,427,21,4
2501,427,4,23
2502,427,10,7
2503,427,3,17
2504,427,12,1
2505,427,18,16
2506,428,18,5
2507,428,9,13
2508,428,20,16
2509,428,24,4
2510,428,17,5
2511,429,7,16
2512,429,23,3
2513,430,5,3
2514,430,2,21
2515,431,3,6
2516,431,16,12
2517,431,14,6
2518,431,9,18
2519,431,22,0
2520,431,19,16
2521,432,3,19
2522,432,24,22
2523,432,21,10
2524,432,2,5
2525,432,18,21
2526,433,7,15
2527,433,4,23
2528,433,23,3
2529,433,23,15
2530,433,9,24
2531,433,21,5
2532,434,22,0
2533,434,3,12
2534,434,17,8
2535,435,2,21
2536,435,2,24
2537,435,15,21
2538,435,5,7
2539,436,1,11
2540,436,5,23
2541,436,0,10
2542,437,24,22
2543,437,6,4
2544,437,20,5
2545,437,12,20
2546,437,17,10
2547,438,8,22
2548,438,15,8
2549,438,16,12
2550,438,3,11
2551,439,8,18
2552,439,4,10
2553,439,5,23
2554,439,11,20
2555,439,11,2
2556,439,0,2
2557,439,9,22
2558,439,13,9
2559,439,23,14
2560,440,23,10
2561,440,16,10
2562,440,17,15
2563,440,8,1
2564,440,24,13
2565,440,5,17
2566,440,8,21
2567,440,5,14
2568,440,1,10
2569,440,22,15
2570,441,3,16
2571,441,18,7
2572,441,5,2
2573,441,16,6
2574,442,7,0
2575,442,15,9
2576,442,6,16
2577,442,19,6
2578,442,21,24
2579,442,2,14
2580,443,12,3
2581,443,19,21
2582,443,0,8
2583,443,19,17
2584,443,12,2
2585,443,9,19
2586,444,11,14
2587,444,24,3
2588,444,8,22
2589,444,7,19
2590,444,20,7
2591,444,2,12
2592,445,7,13
2593,445,24,6
2594,445,0,8
2595,445,17,3
2596,445,21,1
2597,445,24,6
2598,445,3,6
2599,445,6,4
2600,446,9,2
2601,446,0,22
2602,446,18,9
2603,446,19,6
2604,446,23,11
2605,447,13,22
2606,447,17,4
2607,448,4,20
2608,448,19,10
2609,449,1,19
2610,449,6,2
2611,449,20,1
2612,449,17,5
2613,449,3,10
2614,449,10,23
2615,449,21,24
2616,449,7,11
2617,449,19,4
2618,449,19,2
2619,449,20,3
2620,450,19,15
2621,450,4,17
2622,450,13,23
2623,450,14,23
2624,451,12,21
2625,451,4,12
2626,451,6,0
2627,451,16,1
2628,452,23,12
2629,452,24,13
2630,452,15,21
2631,452,0,24
2632,452,3,14
2633,452,15,17
2634,452,23,15
2635,453,8,2
2636,453,14,17
2637,453,5,4
2638,453,15,22
2639,454,11,17
2640,454,21,18
2641,454,5,19
2642,454,9,1
2643,455,17,14
2644,455,17,13
2645,455,3,13
2646,455,10,2
2647,455,22,18
2648,455,2,0
2649,455,7,20
2650,455,12,2
2651,455,17,10
2652,456,17,24
2653,456,16,14
2654,456,9,21
2655,456,16,8
2656,456,13,22
2657,456,18,2
2658,456,11,24
2659,457,14,7
2660,457,10,19
2661,457,14,17
2662,457,2,9
2663,457,3,22
2664,457,6,2
2665,457,8,12
2666,457,11,20
2667,457,3,19
2668,457,11,4
2669,457,11,1
2670,457,24,0
2671,458,5,3
2672,458,19,10
2673,458,23,4
2674,458,21,8
2675,458,17,19
2676,458,14,1
2677,458,13,3
2678,459,19,1
2679,459,13,5
2680,459,20,17
2681,459,20,0
2682,459,2,23
2683,459,24,11
2684,459,24,15
2685,459,12,0
2686,459,9,24
2687,459,12,3
2688,459,1,11
2689,459,22,9
2690,460,19,21
2691,460,11,2
2692,460,3,22
2693,460,7,22
2694,460,16,6
2695,460,0,7
2696,460,12,22
2697,461,15,0
2698,461,22,0
2699,461,5,1
2700,462,20,0
2701,462,1,7
2702,462,12,1
2703,462,14,10
2704,463,5,1
2705,463,10,4
2706,463,14,3
2707,463,11,8
2708,463,9,2
2709,463,13,1
2710,463,0,22
2711,463,14,8
2712,464,7,10
2713,464,12,3
2714,465,1,20
2715,465,24,9
2716,465,20,13
2717,465,3,17
2718,465,12,10
2719,466,22,24
2720,466,15,18
2721,466,14,2
2722,466,10,6
2723,466,16,6
2724,466,6,0
2725,466,3,20
2726,467,23,2
2727,467,17,24
2728,467,4,12
2729,468,5,4
2730,468,18,9
2731,468,5,1
2732,468,19,1
2733,468,20,4
2734,468,21,19
2735,468,7,0
2736,468,9,13
2737,469,0,7
2738,469,0,7
2739,469,19,23
2740,469,5,22
2741,470,18,4
2742,470,7,21
2743,470,21,3
2744,470,10,16
2745,470,17,24
2746,470,9,5
2747,471,19,3
2748,471,5,15
2749,471,4,17
2750,471,4,24
2751,471,4,5
2752,471,18,0
2753,471,24,12
2754,471,24,7
2755,471,21,19
2756,472,15,0
2757,472,11,9
2758,472,5,8
2759,473,6,9
2760,473,12,9
2761,473,4,24
2762,473,6,24
2763,474,4,20
2764,474,16,3
2765,474,3,12
2766,474,22,15
2767,474,0,15
2768,475,5,19
2769,475,3,24
2770,475,16,0
2771,475,0,7
2772,476,17,2
2773,476,3,12
2774,476,10,23
2775,476,15,12
2776,476,5,22
2777,476,7,22
2778,476,23,4
2779,477,11,23
2780,477,7,15
2781,477,9,13
2782,477,5,20
2783,477,16,6
2784,478,17,10
2785,478,9,0
2786,478,15,12
2787,479,5,20
2788,479,13,20
2789,479,9,17
2790,479,17,15
2791,479,5,24
2792,479,0,24
2793,479,23,11
2794,479,24,10
2795,479,13,5
2796,479,11,15
2797,479,0,11
2798,480,14,0
2799,480,14,23
2800,480,3,10
2801,480,1,20
2802,481,18,3
2803,481,23,13
2804,481,3,23
2805,481,23,1
2806,481,0,20
2807,481,20,14
2808,481,7,4
2809,482,21,6
2810,482,4,10
2811,482,4,16
2812,483,2,5
2813,483,5,19
2814,483,12,3
2815,483,8,2
2816,483,24,7
2817,483,11,1
2818,483,0,12
2819,484,22,14
2820,484,5,23
2821,485,10,21
2822,485,13,20
2823,485,1,17
2824,485,4,20
2825,486,16,20
2826,486,23,13
2827,486,23,17
2828,486,1,12
2829,487,1,18
2830,487,3,6
2831,487,2,24
2832,487,3,5
2833,487,3,15
2834,487,10,17
2835,487,17,24
2836,488,14,2
2837,488,23,0
2838,488,18,9
2839,488,13,15
2840,488,3,21
2841,488,14,24
2842,489,23,6
2843,489,23,21
2844,489,24,17
2845,489,3,10
2846,489,15,7
2847,489,24,16
2848,489,2,21
2849,489,1,5
2850,489,1,18
2851,490,3,15
2852,490,1,24
2853,490,23,14
2854,491,17,14
2855,491,23,9
2856,491,4,16
2857,491,10,12
2858,492,12,16
2859,492,21,18
2860,492,24,13
2861,492,17,15
2862,492,21,6
2863,492,14,10
2864,493,18,22
2865,493,12,4
2866,493,3,18
2867,493,13,3
2868,494,14,22
2869,494,24,1
2870,494,18,0
2871,494,2,5
2872,494,10,24
2873,495,23,5
2874,495,19,9
2875,495,6,21
2876,495,7,3
2877,495,2,15
2878,495,2,16
2879,495,17,4
2880,496,0,6
2881,496,3,6
2882,496,18,7
2883,496,24,20
2884,496,19,0
2885,496,18,20
2886,497,8,24
2887,497,1,15
2888,497,22,14
2889,497,24,21
2890,497,9,19
2891,497,6,9
2892,498,2,5
2893,498,21,19
2894,498,12,8
2895,498,2,21
2896,498,2,8
2897,498,18,11
2898,498,11,3
2899,499,16,4
2900,499,15,1
2901,499,24,10
2902,499,9,20
2903,499,17,7
2904,499,16,20
2905,500,12,8
2906,500,22,10
2907,500,7,1
2908,500,13,2
2909,500,13,15
2910,500,23,9
2911,500,22,7
2912,501,16,19
2913,501,7,18
2914,501,7,1
2915,501,13,1
2916,501,14,21
2917,501,10,19
2918,502,23,0
2919,502,5,20
2920,502,24,15
2921,502,4,7
2922,502,15,11
2923,502,23,16
2924,502,8,5
2925,503,2,18
2926,503,4,6
2927,503,3,21
2928,503,12,24
2929,503,19,15
2930,504,8,11
2931,504,16,24
2932,504,0,15
2933,504,18,11
2934,505,7,16
2935,505,8,16
2936,505,13,22
2937,505,16,8
2938,505,6,2
2939,505,1,17
2940,505,10,20
2941,505,9,19
2942,505,20,0
2943,506,3,0
2944,506,12,23
2945,506,1,17
2946,507,14,2
2947,507,20,3
2948,508,5,12
2949,508,22,3
2950,508,9,22
2951,509,6,19
2952,509,12,10
2953,509,5,7
2954,509,14,8
2955,509,17,14
2956,509,18,6
2957,510,4,21
2958,510,7,14
2959,510,12,1
2960,510,0,3
2961,510,17,14
2962,510,21,7
2963,510,12,22
2964,511,12,14
2965,511,4,7
2966,511,6,4
2967,511,16,5
2968,511,22,10
2969,511,1,24
2970,511,8,20
2971,511,22,7
2972,512,16,4
2973,512,12,14
2974,512,19,6
2975,512,3,12
2976,512,14,1
2977,512,8,20
2978,512,7,0
2979,512,13,2
2980,512,10,21
2981,513,12,6
2982,513,11,14
2983,513,8,1
2984,513,8,16
2985,514,14,5
2986,514,11,14
2987,514,7,0
2988,514,24,18
2989,514,11,5
2990,514,4,6
2991,515,18,3
2992,515,22,15
2993,515,13,6
2994,515,11,19
2995,515,21,23
2996,516,17,10
2997,516,23,21
2998,516,22,18
2999,517,10,2
3000,517,19,6
3001,517,23,11
3002,517,22,1
3003,517,23,8
3004,517,3,7
3005,517,15,2
3006,517,14,20
3007,518,1,5
3008,518,24,0
3009,518,12,23
3010,518,1,13
3011,518,16,13
3012,518,2,8
3013,518,8,11
3014,519,10,20
3015,519,14,7
3016,520,21,10
3017,520,19,7
3018,521,0,9
3019,521,23,4
3020,521,1,8
3021,521,17,19
3022,521,24,12
3023,521,24,1
3024,522,13,3
3025,522,23,9
3026,522,7,1
3027,522,8,14
3028,522,13,1
3029,522,19,5
3030,522,24,14
3031,522,22,1
3032,523,7,4
3033,523,20,16
3034,523,11,21
3035,523,11,0
3036,523,12,19
3037,523,24,18
3038,523,8,14
3039,523,10,6
3040,523,15,24
3041,523,21,12
3042,523,0,10
3043,524,1,10
3044,524,12,24
3045,524,12,14
3046,524,20,19
3047,524,6,13
3048,524,8,2
3049,525,6,17
3050,525,12,0
3051,525,16,6
3052,525,1,22
3053,525,14,23
3054,525,7,1
3055,525,22,13
3056,526,1,12
3057,526,14,0
3058,526,12,16
3059,526,7,4
3060,527,2,0
3061,527,4,6
3062,527,13,11
3063,527,19,6
3064,527,17,9
3065,528,13,11
3066,528,22,5
3067,528,10,6
3068,528,0,13
3069,528,8,19
3070,528,11,9
3071,528,2,21
3072,528,15,3
3073,529,17,23
3074,529,24,16
3075,529,18,15
3076,529,13,5
3077,529,19,5
3078,530,11,24
3079,530,12,14
3080,530,14,5
3081,530,16,10
3082,530,20,5
3083,531,1,12
3084,531,7,5
3085,531,14,0
3086,531,24,12
3087,531,17,0
3088,532,20,16
3089,532,15,5
3090,532,14,1
3091,532,9,6
3092,533,2,4
3093,533,5,12
3094,533,6,3
3095,533,1,4
3096,534,22,9
3097,534,6,20
3098,534,3,11
3099,534,15,3
3100,534,3,18
3101,534,19,10
3102,535,9,24
3103,535,24,20
3104,535,16,23
3105,535,15,5
3106,535,24,7
3107,535,19,2
3108,536,24,9
3109,536,23,14
3110,536,5,23
3111,536,12,10
3112,536,13,10
3113,536,9,11
3114,536,18,8
3115,536,12,9
3116,536,6,14
3117,537,7,23
3118,537,0,8
3119,537,15,14
3120,538,16,8
3121,538,12,24
3122,538,23,7
3123,538,3,24
3124,538,8,21
3125,538,6,20
3126,538,12,3
3127,539,5,21
3128,539,22,10
3129,539,3,5
3130,539,20,1
3131,539,18,5
3132,539,15,24
3133,539,24,21
3134,539,4,13
3135,539,24,16
3136,539,5,23
3137,540,16,20
3138,540,9,16
3139,540,10,3
3140,540,13,21
3141,541,22,3
3142,541,1,3
3143,541,22,18
3144,541,3,20
3145,541,21,7
3146,541,7,21
3147,541,10,21
3148,542,1,11
3149,542,6,12
3150,542,13,22
3151,543,19,20
3152,543,6,17
3153,543,6,14
3154,543,23,12
3155,543,12,2
3156,543,9,0
3157,543,12,19
3158,543,4,24
3159,543,6,17
3160,544,1,19
3161,544,15,8
3162,544,5,3
3163,545,0,17
3164,545,15,11
3165,545,7,14
3166,545,14,10
3167,545,4,14
3168,545,4,2
3169,545,5,12
3170,545,14,17
3171,545,17,6
3172,545,11,3
3173,545,2,24
3174,545,15,23
3175,545,8,4
3176,546,16,2
3177,546,5,16
3178,546,3,20
3179,546,14,17
3180,546,9,7
3181,546,20,8
3182,546,2,10
3183,546,7,0
3184,547,12,22
3185,547,17,11
3186,547,19,1
3187,547,21,1
3188,548,6,13
3189,548,24,4
3190,548,21,24
3191,549,24,17
3192,549,5,23
3193,550,13,10
3194,550,2,8
3195,551,14,0
3196,551,1,14
3197,551,1,24
3198,551,10,6
3199,551,4,10
3200,551,5,11
3201,551,22,12
3202,552,12,5
3203,552,12,5
3204,552,4,1
3205,552,0,18
3206,552,24,21
3207,552,13,16
3208,552,2,22
3209,553,12,2
3210,553,3,16
3211,553,7,14
3212,553,3,20
3213,553,16,3
3214,553,2,6
3215,553,15,4
3216,554,16,19
3217,554,23,5
3218,554,6,8
3219,554,13,7
3220,555,4,14
3221,555,0,6
3222,555,1,23
3223,555,2,6
3224,555,22,10
3225,556,19,8
3226,556,12,15
3227,556,1,14
3228,556,12,9
3229,556,1,7
3230,556,0,18
3231,556,5,8
3232,556,7,19
3233,556,6,21
3234,556,19,21
3235,556,1,12
3236,556,9,6
3237,556,2,16
3238,557,10,21
3239,557,7,14
3240,557,24,14
3241,557,7,14
3242,558,13,1
3243,558,11,5
3244,558,23,16
3245,558,22,0
3246,558,7,18
3247,558,21,12
3248,560,3,5
3249,560,16,18
3250,560,2,12
3251,561,20,12
3252,561,2,10
3253,561,22,10
3254,561,9,19
3255,561,14,22
3256,562,20,16
3257,562,18,24
3258,562,5,11
3259,562,24,4
3260,562,21,3
3261,562,10,23
3262,563,0,14
3263,563,6,19
3264,563,14,6
3265,563,18,15
3266,563,23,2
3267,563,12,4
3268,564,17,24
3269,564,8,11
3270,564,6,22
3271,564,23,8
3272,565,18,8
3273,565,16,12
3274,565,5,21
3275,565,3,20
3276,565,24,22
3277,565,0,18
3278,565,1,14
3279,565,4,8
3280,565,20,13
3281,565,0,23
3282,566,24,3
3283,566,17,0
3284,566,21,19
3285,566,24,18
3286,566,21,17
3287,566,9,21
3288,566,24,2
3289,566,11,22
3290,566,3,10
3291,567,21,2
3292,567,22,20
3293,567,11,21
3294,567,23,1
3295,567,0,15
3296,567,8,20
3297,567,9,17
3298,567,4,0
3299,567,2,12
3300,567,7,14
3301,568,4,18
3302,568,3,15
3303,568,3,23
3304,568,2,5
3305,568,7,24
3306,569,10,22
3307,569,4,0
3308,569,8,12
3309,569,8,24
3310,569,17,24
3311,569,23,10
3312,569,19,10
3313,570,11,20
3314,570,23,20
3315,570,23,12
3316,570,13,19
3317,570,4,7
3318,570,6,19
3319,571,20,7
3320,571,3,17
3321,571,8,1
3322,571,2,20
3323,572,16,4
3324,572,23,21
3325,572,5,22
3326,572,19,13
3327,572,15,8
3328,572,14,17
3329,572,22,8
3330,572,23,14
3331,573,1,14
3332,573,9,13
3333,573,16,24
3334,573,23,2
3335,574,4,1
3336,574,15,13
3337,574,2,21
3338,574,3,18
3339,574,21,12
3340,575,21,2
3341,575,16,0
3342,575,21,5
3343,575,10,9
3344,575,17,13
3345,575,15,7
3346,575,15,23
3347,576,18,10
3348,576,18,15
3349,576,10,20
3350,576,15,24
3351,576,13,4
3352,576,12,23
3353,577,1,24
3354,577,0,21
3355,577,13,9
3356,577,10,8
3357,577,0,21
3358,577,17,3
3359,578,9,21
3360,578,2,22
3361,578,13,22
3362,578,4,2
3363,578,12,3
3364,578,12,10
3365,578,14,17
3366,578,18,20
3367,579,19,0
3368,579,7,10
3369,579,16,6
3370,579,11,13
3371,579,9,15
3372,579,24,6
3373,579,12,15
3374,580,15,21
3375,580,24,10
3376,580,16,4
3377,580,10,16
3378,581,5,13
3379,581,1,21
3380,581,3,17
3381,581,1,10
3382,582,10,20
3383,582,16,9
3384,582,15,3
3385,582,8,22
3386,582,8,2
3387,582,8,6
3388,582,8,20
3389,582,9,2
3390,582,16,19
3391,583,22,18
3392,583,19,7
3393,583,5,1
3394,583,6,13
3395,583,23,0
3396,584,18,4
3397,584,24,9
3398,584,19,5
3399,584,9,23
3400,584,15,24
3401,584,23,11
3402,584,19,7
3403,585,15,14
3404,585,5,22
3405,585,4,17
3406,585,21,4
3407,585,4,2
3408,586,12,1
3409,586,22,14
3410,586,3,23
3411,586,19,13
3412,587,17,14
3413,587,18,11
3414,587,23,13
3415,587,6,23
3416,588,23,10
3417,588,2,11
3418,588,3,14
3419,588,1,17
3420,589,16,22
3421,589,5,8
3422,589,19,15
3423,589,2,5
3424,589,16,4
3425,589,11,24
3426,589,24,2
3427,589,12,9
3428,590,9,2
3429,590,0,6
3430,590,16,22
3431,591,5,8
3432,591,8,22
3433,591,23,6
3434,591,6,23
3435,592,10,9
3436,592,8,24
3437,592,15,24
3438,592,9,20
3439,592,17,3
3440,592,5,22
3441,592,19,17
3442,593,11,13
3443,593,22,20
3444,593,0,6
3445,593,14,1
3446,593,8,20
3447,593,20,3
3448,593,13,5
3449,593,6,14
3450,594,18,2
3451,594,14,11
3452,594,14,1
3453,594,7,10
3454,594,6,9
3455,594,24,13
3456,595,15,19
3457,595,13,0
3458,595,11,7
3459,596,16,20
3460,596,18,20
3461,596,23,1
3462,596,8,5
3463,596,23,1
3464,596,24,4
3465,596,22,6
3466,596,8,10
3467,596,1,21
3468,597,11,8
3469,597,22,3
3470,597,12,9
3471,597,7,9
3472,597,5,2
3473,597,22,1
3474,597,12,22
3475,597,3,1
3476,598,17,15
3477,598,4,0
3478,598,0,18
3479,598,12,4
3480,598,15,4
3481,599,17,13
3482,599,6,12
3483,599,21,8
3484,599,24,15
3485,599,24,11
3486,600,0,3
3487,600,13,1
3488,600,11,17
3489,600,7,13
3490,601,6,2
3491,601,12,5
3492,601,9,2
3493,601,14,17
3494,601,14,22
3495,601,18,7
3496,601,9,11
3497,601,22,3
3498,601,6,2
3499,601,10,20
3500,601,16,4
3501,602,15,4
3502,602,19,9
3503,602,8,4
3504,602,23,4
3505,602,16,14
3506,602,3,19
3507,603,3,18
3508,603,9,10
3509,603,1,18
3510,603,21,10
3511,603,2,4
3512,603,3,13
3513,603,11,21
3514,604,7,17
3515,604,8,19
3516,604,13,3
3517,604,21,10
3518,604,9,18
3519,604,21,9
3520,604,5,21
3521,605,22,11
3522,605,16,12
3523,605,0,14
3524,605,16,7
3525,605,12,22
3526,605,11,1
3527,605,24,8
3528,605,21,1
3529,605,14,24
3530,605,23,8
3531,606,23,1
3532,606,1,14
3533,606,13,15
3534,606,15,18
3535,606,14,15
3536,607,13,22
3537,607,1,21
3538,607,24,6
3539,607,2,12
3540,607,10,1
3541,607,5,7
3542,607,23,3
3543,607,19,9
3544,607,24,15
3545,608,5,4
3546,608,12,1
3547,608,7,1
3548,608,22,20
3549,608,23,6
3550,608,18,7
3551,609,17,2
3552,609,16,20
3553,609,20,8
3554,609,5,16
3555,609,12,22
3556,610,22,18
3557,610,1,4
3558,610,16,12
3559,610,10,19
3560,611,18,3
3561,611,1,24
3562,611,6,8
3563,611,23,6
3564,611,23,13
3565,611,21,19
3566,611,1,10
3567,611,3,18
3568,611,18,8
3569,611,13,6
3570,611,16,24
3571,612,22,18
3572,612,2,9
3573,612,22,16
3574,612,1,11
3575,612,14,8
3576,613,11,24
3577,613,17,0
3578,613,7,14
3579,613,2,12
3580,614,24,13
3581,614,16,1
3582,614,17,7
3583,614,13,16
3584,614,1,20
3585,614,20,7
3586,614,15,7
3587,615,15,18
3588,615,14,1
3589,615,23,21
3590,615,10,21
3591,616,22,15
3592,616,17,5
3593,616,13,10
3594,616,17,13
3595,616,8,0
3596,616,3,15
3597,617,17,19
3598,617,7,14
3599,617,7,16
3600,617,6,23
3601,617,10,19
3602,617,5,20
3603,618,8,10
3604,618,0,20
3605,618,7,23
3606,618,19,23
3607,618,2,16
3608,618,9,20
3609,618,1,11
3610,619,9,16
3611,619,1,11
3612,619,15,24
3613,619,2,17
3614,619,0,15
3615,619,1,13
3616,619,16,6
3617,620,13,11
3618,620,24,2
3619,620,14,0
3620,621,20,6
3621,621,18,7
3622,621,1,21
3623,621,16,1
3624,621,20,24
3625,621,0,12
3626,621,13,5
3627,621,21,19
3628,622,18,4
3629,622,19,23
3630,623,18,14
3631,623,9,19
3632,623,5,23
3633,623,8,12
3634,623,8,5
3635,623,11,18
3636,624,15,17
3637,624,7,24
3638,624,16,6
3639,624,4,6
3640,625,24,11
3641,625,24,10
3642,625,6,10
3643,626,6,14
3644,626,5,3
3645,626,10,2
3646,626,24,17
3647,627,5,20
3648,627,19,5
3649,627,2,18
3650,627,21,15
3651,627,8,22
3652,627,4,16
3653,627,15,19
3654,628,10,24
3655,628,19,7
3656,629,7,3
3657,629,21,17
3658,629,0,16
3659,629,17,23
3660,629,2,16
3661,629,8,5
3662,630,4,6
3663,630,4,23
3664,630,15,9
3665,630,20,3
3666,630,24,17
3667,631,17,10
3668,631,11,17
3669,631,22,12
3670,631,9,19
3671,631,1,8
3672,632,2,10
3673,632,15,8
3674,633,11,20
3675,633,4,21
3676,633,9,11
3677,633,24,21
3678,633,6,10
3679,633,7,14
3680,633,4,20
3681,633,12,24
3682,634,23,13
3683,634,21,24
3684,634,23,6
3685,634,0,21
3686,634,23,14
3687,634,1,21
3688,635,6,0
3689,635,15,2
3690,635,18,14
3691,635,14,3
3692,635,17,7
3693,635,9,12
3694,636,10,21
3695,636,8,24
3696,636,4,17
3697,637,3,0
3698,637,15,21
3699,637,11,7
3700,637,11,4
3701,637,24,11
3702,637,11,5
3703,638,14,11
3704,638,19,23
3705,638,1,15
3706,638,10,23
3707,638,18,14
3708,638,18,15
3709,638,13,22
3710,639,20,12
3711,639,20,18
3712,640,20,13
3713,640,1,3
3714,640,22,6
3715,640,12,22
3716,641,15,17
3717,641,15,11
3718,641,8,12
3719,641,20,17
3720,641,24,14
3721,641,3,1
3722,641,4,23
3723,642,22,16
3724,642,7,3
3725,642,23,11
3726,642,4,16
3727,642,2,13
3728,643,24,13
3729,643,9,13
3730,643,21,17
3731,643,3,0
3732,643,5,12
3733,643,4,17
3734,644,22,0
3735,644,18,20
3736,644,7,21
3737,644,5,1
3738,644,2,24
3739,644,3,18
3740,644,10,12
3741,644,2,14
3742,644,20,7
3743,645,7,24
3744,645,5,13
3745,645,6,23
3746,645,12,21
3747,646,4,11
3748,646,4,11
3749,646,1,20
3750,647,4,14
3751,647,22,10
3752,648,1,12
3753,648,22,4
3754,648,13,19
3755,648,18,9
3756,649,10,1
3757,649,16,19
3758,650,0,16
3759,650,5,13
3760,650,9,22
3761,650,14,3
3762,651,9,13
3763,651,8,6
3764,651,15,14
3765,651,6,0
3766,651,3,5
3767,651,21,9
3768,651,1,13
3769,651,3,15
3770,651,5,16
3771,652,7,21
3772,652,5,18
3773,652,18,20
3774,652,2,18
3775,652,19,21
3776,652,4,7
3777,653,2,5
3778,653,0,11
3779,653,17,21
3780,653,7,17
3781,653,7,0
3782,653,21,4
3783,654,21,17
3784,654,9,6
3785,654,4,22
3786,654,13,9
3787,655,12,2
3788,655,11,7
3789,655,9,2
3790,655,14,2
3791,655,14,23
3792,656,24,16
3793,656,22,11
3794,656,20,12
3795,656,8,11
3796,656,16,24
3797,656,20,0
3798,657,11,19
3799,657,9,21
3800,657,5,18
3801,657,19,8
3802,657,23,2
3803,658,22,20
3804,658,15,23
3805,658,9,24
3806,658,4,1
3807,658,24,17
3808,659,2,10
3809,659,2,12
3810,659,5,12
3811,659,6,23
3812,660,16,24
3813,660,10,9
3814,660,8,20
3815,660,7,5
3816,660,6,16
3817,660,19,12
3818,660,18,14
3819,661,11,4
3820,661,3,10
3821,661,3,7
3822,662,16,23
3823,662,6,4
3824,662,13,22
3825,662,13,24
3826,662,14,17
3827,662,11,23
3828,662,7,24
3829,663,22,2
3830,663,14,20
3831,664,18,0
3832,664,21,14
3833,664,22,2
3834,664,10,3
3835,664,7,14
3836,664,20,16
3837,665,19,8
3838,665,0,8
3839,665,15,1
3840,665,3,7
3841,665,19,17
3842,666,1,3
3843,666,8,17
3844,666,11,1
3845,667,24,9
3846,667,17,6
3847,667,15,18
3848,667,22,12
3849,667,8,17
3850,667,23,16
3851,668,16,19
3852,668,8,1
3853,668,8,24
3854,668,18,1
3855,668,4,10
3856,668,24,0
3857,668,2,20
3858,669,20,24
3859,669,10,8
3860,669,18,12
3861,669,15,11
3862,669,24,2
3863,669,4,23
3864,670,10,6
3865,670,0,6
3866,670,17,3
3867,670,3,20
3868,670,11,8
3869,670,4,17
3870,670,15,19
3871,671,20,16
3872,671,24,5
3873,671,2,14
3874,672,14,16
3875,672,15,23
3876,672,22,9
3877,672,2,5
3878,672,10,4
3879,672,24,0
3880,672,19,15
3881,672,17,6
3882,673,20,8
3883,673,23,12
3884,673,11,13
3885,674,23,12
3886,674,3,7
3887,674,16,12
3888,674,21,17
3889,674,24,21
3890,674,22,5
3891,674,4,1
3892,674,6,4
3893,675,10,23
3894,675,15,7
3895,675,3,12
3896,676,6,0
3897,676,16,3
3898,676,2,21
3899,676,10,18
3900,676,21,15
3901,676,19,21
3902,676,1,3
3903,676,16,0
3904,676,21,4
3905,677,20,12
3906,677,15,6
3907,677,10,12
3908,677,17,24
3909,677,21,3
3910,677,23,0
3911,677,11,3
3912,678,9,11
3913,678,16,8
3914,678,5,9
3915,678,20,10
3916,678,12,16
3917,678,10,0
3918,678,19,8
3919,678,8,22
3920,679,23,7
3921,679,5,14
3922,679,9,19
3923,679,12,4
3924,679,10,20
3925,679,8,14
3926,680,18,14
3927,680,5,19
3928,680,18,3
3929,680,15,8
3930,680,3,20
3931,680,21,6
3932,681,4,0
3933,681,19,1
3934,681,13,9
3935,681,17,4
3936,682,15,9
3937,682,23,2
3938,682,20,0
3939,682,22,10
3940,682,9,20
3941,683,18,12
3942,683,11,20
3943,683,21,10
3944,683,17,21
3945,683,15,24
3946,683,10,19
3947,684,3,24
3948,684,19,2
3949,684,3,16
3950,684,20,18
3951,684,5,15
3952,684,23,1
3953,685,6,3
3954,685,0,21
3955,685,10,0
3956,685,13,3
3957,685,22,11
3958,685,0,16
3959,685,7,10
3960,686,3,6
3961,686,22,20
3962,686,16,8
3963,686,2,13
3964,686,15,17
3965,686,3,1
3966,686,5,4
3967,686,19,10
3968,686,0,12
3969,686,5,23
3970,686,10,14
3971,686,19,3
3972,687,24,22
3973,687,16,6
3974,688,6,4
3975,688,22,7
3976,688,1,23
3977,688,4,17
3978,688,4,20
3979,688,18,3
3980,688,24,16
3981,688,1,17
3982,688,23,19
3983,688,20,13
3984,689,3,11
3985,689,9,18
3986,689,15,21
3987,690,13,1
3988,690,23,8
3989,690,10,12
3990,690,15,22
3991,690,9,18
3992,690,10,8
3993,691,11,18
3994,691,6,23
3995,691,22,14
3996,691,5,2
3997,692,15,13
3998,692,7,3
3999,692,6,3
4000,692,9,0
4001,693,12,6
4002,693,19,21
4003,693,5,1
4004,693,10,7
4005,693,4,1
4006,694,5,13
4007,694,11,9
4008,694,9,11
4009,695,22,18
4010,695,13,2
4011,695,0,16
4012,695,5,24
4013,695,18,24
4014,695,12,24
4015,696,19,22
4016,696,16,13
4017,696,15,19
4018,696,11,18
4019,697,7,20
4020,697,5,12
4021,697,24,20
4022,697,7,15
4023,698,22,7
4024,698,3,17
4025,698,9,11
4026,698,16,12
4027,698,0,14
4028,699,7,16
4029,699,15,21
4030,699,8,6
4031,699,17,6
4032,699,4,23
4033,699,0,14
4034,699,16,18
4035,699,1,16
4036,700,6,12
4037,700,7,22
4038,700,13,17
4039,700,18,0
4040,700,3,0
4041,700,4,15
4042,700,19,13
4043,700,4,21
4044,700,12,19
4045,700,0,4
4046,701,3,9
4047,701,10,2
4048,701,7,19
4049,701,16,0
4050,701,9,13
4051,702,12,24
4052,702,22,13
4053,702,4,24
4054,702,5,18
4055,702,2,23
4056,704,14,6
4057,704,3,5
4058,704,8,2
4059,704,12,2
4060,704,18,24
4061,705,14,23
4062,705,1,3
4063,705,14,16
4064,705,0,18
4065,705,8,10
4066,705,22,7
4067,705,20,18
4068,706,13,6
4069,706,1,20
4070,706,22,5
4071,706,14,2
4072,706,19,5
4073,707,13,20
4074,707,15,19
4075,707,1,10
4076,707,7,16
4077,707,7,5
4078,707,20,3
4079,707,0,15
4080,707,19,6
4081,707,8,17
4082,708,22,15
4083,708,22,16
4084,708,1,5
4085,708,16,2
4086,709,4,15
4087,709,7,10
4088,709,4,16
4089,709,21,5
4090,709,15,13
4091,710,3,6
4092,710,10,7
4093,710,16,12
4094,710,10,1
4095,710,21,10
4096,711,0,13
4097,711,4,16
4098,711,10,23
4099,711,1,21
4100,712,10,20
4101,712,8,0
4102,712,0,9
4103,712,10,3
4104,712,6,23
4105,712,12,22
4106,713,9,11
4107,713,13,23
4108,713,20,12
4109,713,7,10
4110,714,7,21
4111,714,23,0
4112,714,5,20
4113,715,16,0
4114,715,12,18
4115,715,12,18
4116,716,13,4
4117,716,12,14
4118,716,18,22
4119,716,20,5
4120,716,1,17
4121,717,0,14
4122,717,3,16
4123,717,1,24
4124,718,20,6
4125,718,17,3
4126,718,3,5
4127,718,13,17
4128,718,16,5
4129,718,0,9
4130,718,3,17
4131,718,4,23
4132,718,16,0
4133,719,14,20
4134,719,23,21
4135,719,20,0
4136,719,4,21
4137,719,9,23
4138,719,1,16
4139,719,17,8
4140,719,3,23
4141,719,19,21
4142,720,12,1
4143,720,3,9
4144,720,0,16
4145,720,11,24
4146,720,9,19
4147,721,12,8
4148,721,14,24
4149,721,23,5
4150,721,14,12
4151,721,13,6
4152,721,3,12
4153,721,1,14
4154,721,2,13
4155,721,0,7
4156,721,6,21
4157,721,1,13
4158,722,2,19
4159,722,6,15
4160,722,1,16
4161,723,14,8
4162,723,24,8
4163,723,7,5
4164,723,19,2
4165,723,9,20
4166,723,9,6
4167,724,15,22
4168,724,16,23
4169,724,2,21
4170,724,10,13
4171,724,10,22
4172,725,15,22
4173,725,1,13
4174,725,15,11
4175,725,7,9
4176,725,21,12
4177,725,5,3
4178,725,7,9
4179,725,12,20
4180,725,9,0
4181,726,23,4
4182,726,3,14
4183,726,15,22
4184,726,12,6
4185,727,7,18
4186,727,23,7
4187,727,7,14
4188,727,0,9
4189,727,7,5
4190,727,5,22
4191,727,21,11
4192,727,18,21
4193,727,22,19
4194,727,6,17
4195,727,21,14
4196,727,2,18
4197,727,16,6
4198,728,19,22
4199,728,15,17
4200,728,24,22
4201,728,4,23
4202,728,21,19
4203,728,7,3
4204,728,9,23
4205,728,17,13
4206,728,19,13
4207,729,4,16
4208,729,20,0
4209,729,21,5
4210,729,11,24
4211,729,19,4
4212,730,17,9
4213,730,23,7
4214,730,7,16
4215,730,24,4
4216,730,11,8
4217,731,23,19
4218,731,20,22
4219,731,16,13
4220,731,0,8
4221,731,10,1
4222,731,9,16
4223,732,21,24
4224,732,8,12
4225,732,23,15
4226,732,3,22
4227,732,20,4
4228,732,7,13
4229,733,22,16
4230,733,3,10
4231,733,5,14
4232,733,22,9
4233,734,17,3
4234,735,14,3
4235,735,3,18
4236,735,1,12
4237,735,16,14
4238,735,17,23
4239,735,18,15
4240,735,5,24
4241,735,14,12
4242,735,23,2
4243,736,24,7
4244,736,11,9
4245,736,10,0
4246,736,17,21
4247,736,12,5
4248,736,8,23
4249,736,14,4
4250,737,21,23
4251,737,18,6
4252,737,17,8
4253,737,14,18
4254,737,18,22
4255,737,15,9
4256,738,6,23
4257,738,14,16
4258,738,9,12
4259,738,18,3
4260,738,20,16
4261,738,0,20
4262,738,4,17
4263,738,3,5
4264,738,6,16
4265,738,8,11
4266,739,0,7
4267,739,10,12
4268,739,5,24
4269,739,15,13
4270,739,9,12
4271,739,22,0
4272,739,15,24
4273,739,6,15
4274,740,15,23
4275,740,23,12
4276,740,1,12
4277,741,0,11
4278,741,9,5
4279,741,22,18
4280,741,10,9
4281,741,2,5
4282,742,9,0
4283,742,15,1
4284,743,22,1
4285,743,7,22
4286,743,8,22
4287,744,14,24
4288,744,13,15
4289,744,18,0
4290,744,11,0
4291,744,8,4
4292,744,2,6
4293,744,8,16
4294,744,9,18
4295,744,22,18
4296,745,12,16
4297,745,1,22
4298,746,23,21
4299,746,22,12
4300,746,9,23
4301,746,11,24
4302,746,15,3
4303,747,6,10
4304,747,8,4
4305,747,14,0
4306,747,5,8
4307,747,12,1
4308,747,18,1
4309,747,12,19
4310,747,22,3
4311,747,22,0
4312,747,14,4
4313,748,14,17
4314,748,12,6
4315,748,14,8
4316,748,0,12
4317,748,5,23
4318,748,10,14
4319,748,14,12
4320,748,24,9
4321,748,12,9
4322,749,23,10
4323,749,6,16
4324,749,12,10
4325,749,4,8
4326,750,9,17
4327,750,16,22
4328,750,12,19
4329,750,2,8
4330,750,2,14
4331,750,8,18
4332,751,24,14
4333,751,9,5
4334,751,10,0
4335,751,6,17
4336,752,5,17
4337,752,5,12
4338,752,17,9
4339,752,6,0
4340,752,15,0
4341,753,21,4
4342,753,7,3
4343,753,7,21
4344,753,24,5
4345,754,9,11
4346,754,6,8
4347,754,18,15
4348,754,9,7
4349,754,9,17
4350,755,1,12
4351,755,4,10
4352,755,13,15
4353,755,16,12
4354,755,4,8
4355,755,0,21
4356,756,10,22
4357,756,20,1
4358,756,17,11
4359,756,2,20
4360,757,17,0
4361,757,8,4
4362,757,12,22
4363,758,24,20
4364,758,6,12
4365,758,10,12
4366,758,12,8
4367,758,15,22
4368,758,3,5
4369,758,11,23
4370,759,15,1
4371,759,0,15
4372,760,6,12
4373,760,12,18
4374,760,12,1
4375,760,18,12
4376,760,20,18
4377,760,20,5
4378,761,15,2
4379,761,7,18
4380,761,3,20
4381,761,0,17
4382,761,23,11
4383,761,3,22
4384,762,1,22
4385,762,18,11
4386,762,13,15
4387,762,23,14
4388,762,19,13
4389,763,23,21
4390,763,13,10
4391,763,13,0
4392,763,4,23
4393,764,17,9
4394,764,18,14
4395,764,3,6
4396,764,22,6
4397,764,1,18
4398,764,5,11
4399,764,15,8
4400,764,13,24
4401,765,10,8
4402,765,2,15
4403,765,3,15
4404,765,16,12
4405,766,3,24
4406,766,2,16
4407,766,15,12
4408,767,10,17
4409,767,12,3
4410,767,12,22
4411,767,10,9
4412,767,24,22
4413,767,20,2
4414,767,5,2
4415,768,22,13
4416,768,13,17
4417,768,14,8
4418,768,20,13
4419,769,24,11
4420,769,4,24
4421,769,2,19
4422,769,0,15
4423,770,4,20
4424,770,11,5
4425,771,9,5
4426,771,19,6
4427,771,3,10
4428,771,8,19
4429,771,0,9
4430,771,4,0
4431,772,13,15
4432,772,20,1
4433,772,0,18
4434,773,18,21
4435,773,1,15
4436,773,5,18
4437,773,9,24
4438,773,16,1
4439,773,14,1
4440,773,20,24
4441,774,0,21
4442,774,12,4
4443,774,19,4
4444,774,22,14
4445,774,3,14
4446,774,9,13
4447,774,15,1
4448,775,11,9
4449,775,5,14
4450,775,5,22
4451,775,14,2
4452,775,12,23
4453,775,20,5
4454,775,1,15
4455,775,20,7
4456,775,6,9
4457,775,9,12
4458,776,21,14
4459,776,20,4
4460,776,8,18
4461,776,7,17
4462,776,7,15
4463,776,1,4
4464,776,18,4
4465,776,9,1
4466,776,0,13
4467,776,4,1
4468,776,13,23
4469,777,7,11
4470,777,19,17
4471,777,11,24
4472,777,20,7
4473,777,7,20
4474,777,0,6
4475,777,21,2
4476,778,19,3
4477,778,9,7
4478,778,0,12
4479,779,21,14
4480,779,5,14
4481,779,12,9
4482,779,21,3
4483,779,11,7
4484,779,15,18
4485,779,2,12
4486,780,2,24
4487,780,10,12
4488,780,23,1
4489,780,15,13
4490,781,11,24
4491,781,21,15
4492,781,20,5
4493,781,6,20
4494,782,7,0
4495,782,4,22
4496,782,6,17
4497,782,21,13
4498,782,8,11
4499,782,18,14
4500,783,11,4
4501,783,10,1
4502,783,17,11
4503,783,0,13
4504,783,5,19
4505,783,12,15
4506,783,12,14
4507,784,13,24
4508,784,14,20
4509,784,3,17
4510,784,10,20
4511,784,9,19
4512,785,3,18
4513,785,3,24
4514,785,0,22
4515,785,1,18
4516,785,4,2
4517,786,24,18
4518,786,8,20
4519,786,2,11
4520,786,19,12
4521,786,13,22
4522,787,12,4
4523,787,11,14
4524,787,19,22
4525,787,0,6
4526,787,24,9
4527,787,1,22
4528,787,18,12
4529,787,12,15
4530,787,4,10
4531,787,0,6
4532,788,5,17
4533,788,8,21
4534,788,8,19
4535,788,24,11
4536,789,24,12
4537,789,1,12
4538,789,2,13
4539,789,7,5
4540,789,16,12
4541,790,4,7
4542,790,2,22
4543,790,22,7
4544,790,20,13
4545,791,17,24
4546,791,16,18
4547,791,3,23
4548,791,1,12
4549,792,20,0
4550,792,1,22
4551,792,20,0
4552,792,1,16
4553,792,23,6
4554,792,4,0
4555,792,3,6
4556,793,14,4
4557,793,12,19
4558,794,7,11
4559,794,20,12
4560,794,12,4
4561,794,23,9
4562,794,19,9
4563,795,16,5
4564,795,15,13
4565,795,19,6
4566,795,10,1
4567,795,1,4
4568,795,14,5
4569,796,20,3
4570,796,6,21
4571,796,10,0
4572,796,17,9
4573,796,24,4
4574,797,16,1
4575,797,6,19
4576,797,22,14
4577,797,14,17
4578,797,6,14
4579,797,0,6
4580,797,0,18
4581,798,12,15
4582,798,20,8
4583,798,18,1
4584,798,16,8
4585,798,12,15
4586,799,16,6
4587,799,12,6
4588,799,15,14
4589,799,19,10
4590,799,8,5
4591,799,19,16
4592,800,6,0
4593,800,4,12
4594,800,21,2
4595,800,13,3
4596,800,13,20
4597,800,9,5
4598,800,8,16
4599,800,2,15
4600,800,23,20
4601,801,11,17
4602,801,9,19
4603,801,16,13
4604,801,7,1
4605,801,18,2
4606,801,20,14
4607,802,24,5
4608,802,9,12
4609,802,15,21
4610,803,1,8
4611,803,19,5
4612,803,15,9
4613,803,11,0
4614,803,6,16
4615,804,9,12
4616,804,2,8
4617,805,18,12
4618,805,6,12
4619,805,11,9
4620,805,8,22
4621,805,8,19
4622,806,8,14
4623,806,24,5
4624,806,9,10
4625,806,3,19
4626,806,19,5
4627,807,11,9
4628,807,3,24
4629,807,15,5
4630,807,9,0
4631,807,18,12
4632,807,4,23
4633,808,22,10
4634,808,20,9
4635,808,10,6
4636,809,16,0
4637,809,0,21
4638,809,0,22
4639,809,17,11
4640,809,19,12
4641,809,1,8
4642,810,18,3
4643,810,23,4
4644,810,8,22
4645,811,13,15
4646,811,17,4
4647,811,5,9
4648,812,5,9
4649,812,4,10
4650,812,4,12
4651,812,24,5
4652,812,7,10
4653,812,15,13
4654,812,6,2
4655,812,17,9
4656,812,2,5
4657,813,15,17
4658,813,22,9
4659,813,3,16
4660,813,6,17
4661,813,4,18
4662,813,4,2
4663,813,16,5
4664,813,10,1
4665,814,1,24
4666,814,14,18
4667,814,21,9
4668,814,2,8
4669,815,13,1
4670,815,17,21
4671,815,19,10
4672,815,21,6
4673,815,16,9
4674,815,23,8
4675,816,9,2
4676,816,12,2
4677,816,5,16
4678,816,1,9
4679,816,2,15
4680,817,15,3
4681,817,13,21
4682,817,8,5
4683,817,8,21
4684,817,4,2
4685,817,15,21
4686,818,4,18
4687,818,3,23
4688,818,10,21
4689,818,6,10
4690,818,15,23
4691,818,21,15
4692,818,6,18
4693,818,24,6
4694,819,20,13
4695,819,9,1
4696,819,8,4
4697,819,15,3
4698,819,1,8
4699,820,7,9
4700,820,2,8
4701,820,14,12
4702,820,22,7
4703,820,15,14
4704,820,0,23
4705,820,24,13
4706,820,7,14
4707,820,17,11
4708,821,5,13
4709,821,20,0
4710,821,20,8
4711,821,7,22
4712,822,7,9
4713,822,9,2
4714,822,0,23
4715,823,24,21
4716,823,4,18
4717,823,16,14
4718,823,21,4
4719,823,19,4
4720,824,1,11
4721,824,3,17
4722,824,4,2
4723,824,24,3
4724,824,22,3
4725,824,18,22
4726,825,4,15
4727,825,23,5
4728,825,9,2
4729,825,8,2
4730,825,14,3
4731,825,0,15
4732,825,1,10
4733,825,19,1
4734,825,14,0
4735,825,16,24
4736,825,2,20
4737,826,10,0
4738,827,19,8
4739,827,4,20
4740,828,0,20
4741,828,4,6
4742,828,3,18
4743,828,24,7
4744,828,4,12
4745,828,20,14
4746,828,10,3
4747,829,9,10
4748,829,14,22
4749,829,0,19
4750,829,2,0
4751,830,21,14
4752,830,11,3
4753,830,0,2
4754,830,22,7
4755,830,16,24
4756,830,1,24
4757,830,14,15
4758,831,4,11
4759,831,20,10
4760,831,11,19
4761,831,10,19
4762,831,14,17
4763,831,17,4
4764,831,14,23
4765,831,7,0
4766,832,7,20
4767,832,0,10
4768,832,13,0
4769,832,8,24
4770,832,2,9
4771,832,16,10
4772,832,18,14
4773,832,2,18
4774,832,14,24
4775,833,22,3
4776,833,1,10
4777,833,8,10
4778,833,11,23
4779,833,14,20
4780,833,20,1
4781,833,16,23
4782,833,4,18
4783,833,8,22
4784,834,16,12
4785,834,0,21
4786,834,18,16
4787,834,24,6
4788,834,4,0
4789,834,0,6
4790,835,3,7
4791,835,6,10
4792,835,10,7
4793,835,13,6
4794,835,10,24
4795,835,21,14
4796,835,11,8
4797,836,9,22
4798,836,11,19
4799,836,8,23
4800,836,18,12
4801,836,21,14
4802,836,15,19
4803,836,3,23
4804,837,12,2
4805,837,5,20
4806,837,18,12
4807,837,24,4
4808,837,0,23
4809,838,1,10
4810,838,5,18
4811,838,0,15
4812,838,10,19
4813,838,14,12
4814,839,0,3
4815,839,13,0
4816,839,9,19
4817,839,10,9
4818,839,4,10
4819,839,20,5
4820,839,23,2
4821,839,8,12
4822,839,6,9
4823,839,5,8
4824,840,23,11
4825,840,8,11
4826,840,17,19
4827,840,20,5
4828,840,16,3
4829,840,19,16
4830,840,0,6
4831,840,1,14
4832,840,24,14
4833,841,24,1
4834,841,22,19
4835,841,9,15
4836,841,14,24
4837,841,8,21
4838,841,20,11
4839,842,16,4
4840,842,20,4
4841,842,24,10
4842,842,10,13
4843,842,15,2
4844,842,14,2
4845,842,2,17
4846,842,19,17
4847,842,11,13
4848,842,11,8
4849,843,14,11
4850,843,1,8
4851,843,13,15
4852,843,0,23
4853,843,3,15
4854,843,1,7
4855,843,17,8
4856,843,20,2
4857,844,11,21
4858,844,11,1
4859,844,14,24
4860,844,22,10
4861,844,11,8
4862,844,16,13
4863,845,17,15
4864,845,16,5
4865,845,10,21
4866,845,19,9
4867,845,8,1
4868,845,1,14
4869,845,23,13
4870,846,12,18
4871,846,6,2
4872,846,4,7
4873,846,12,0
4874,846,14,6
4875,846,12,8
4876,846,16,24
4877,846,0,9
4878,846,5,23
4879,846,1,17
4880,846,1,18
4881,846,20,11
4882,847,3,24
4883,847,3,13
4884,848,21,23
4885,848,15,6
4886,848,2,21
4887,848,3,12
4888,848,22,6
4889,849,18,14
4890,849,15,19
4891,849,4,13
4892,849,22,13
4893,849,14,7
4894,849,9,6
4895,849,7,14
4896,849,21,4
4897,849,23,10
4898,849,21,13
4899,850,4,18
4900,850,7,14
4901,850,9,22
4902,850,3,18
4903,850,2,21
4904,850,12,0
4905,850,9,11
4906,850,18,5
4907,850,17,4
4908,851,1,16
4909,851,0,4
4910,851,11,18
4911,851,21,10
4912,851,2,18
4913,851,7,3
4914,851,4,8
4915,852,17,5
4916,852,10,24
4917,852,7,22
4918,852,1,18
4919,852,2,14
4920,852,15,11
4921,853,2,18
4922,853,17,7
4923,853,4,10
4924,853,12,8
4925,853,6,2
4926,854,15,14
4927,854,15,0
4928,855,10,13
4929,855,10,16
4930,855,5,8
4931,855,23,8
4932,856,9,23
4933,856,16,1
4934,856,10,6
4935,856,14,7
4936,856,15,8
4937,857,16,4
4938,857,15,22
4939,858,9,10
4940,858,14,12
4941,858,10,22
4942,858,20,10
4943,858,2,8
4944,858,12,14
4945,858,19,10
4946,859,22,16
4947,859,13,6
4948,859,23,20
4949,859,15,22
4950,860,16,24
4951,860,10,20
4952,860,21,13
4953,860,7,11
4954,860,2,9
4955,860,4,13
4956,860,14,23
4957,860,18,6
4958,861,13,1
4959,861,4,13
4960,861,9,22
4961,861,1,18
4962,861,8,12
4963,861,18,9
4964,861,9,20
4965,861,19,21
4966,862,14,0
4967,862,16,5
4968,862,17,14
4969,863,16,2
4970,863,6,24
4971,863,7,14
4972,863,2,20
4973,863,9,1
4974,864,18,14
4975,864,11,1
4976,864,14,10
4977,864,18,14
4978,864,17,11
4979,864,15,23
4980,865,13,6
4981,865,10,1
4982,865,1,10
4983,866,9,21
4984,866,0,3
4985,866,4,11
4986,866,20,5
4987,867,23,12
4988,867,4,5
4989,867,5,18
4990,867,12,9
4991,867,2,5
4992,868,0,17
4993,868,12,4
4994,869,13,1
4995,869,16,8
4996,869,8,0
4997,869,8,17
4998,869,3,24
4999,869,4,2
5000,869,8,15
5001,869,17,20
5002,869,20,0
5003,869,24,10
5004,869,13,19
5005,870,5,17
5006,870,21,9
5007,870,11,14
5008,871,0,10
5009,871,0,3
5010,871,21,8
5011,871,0,2
5012,872,3,1
5013,872,19,15
5014,872,20,3
5015,872,10,0
5016,872,3,19
5017,872,14,11
5018,872,12,8
5019,872,16,23
5020,873,9,17
5021,873,22,19
5022,873,14,11
5023,873,21,12
5024,874,3,10
5025,874,15,8
5026,874,12,24
5027,875,14,23
5028,875,10,2
5029,875,12,16
5030,875,1,5
5031,875,6,3
5032,875,9,6
5033,875,24,6
5034,875,2,4
5035,876,0,3
5036,876,15,2
5037,876,9,20
5038,876,5,8
5039,876,11,21
5040,876,13,17
5041,876,3,5
5042,877,10,18
5043,877,5,12
5044,877,12,18
5045,878,21,11
5046,878,22,2
5047,878,11,20
5048,878,21,19
5049,879,6,8
5050,879,10,22
5051,879,9,21
5052,879,16,23
5053,879,7,0
5054,879,17,14
5055,879,12,8
5056,879,24,13
5057,880,4,11
5058,880,10,9
5059,880,22,9
5060,880,23,1
5061,880,2,13
5062,880,18,5
5063,880,3,13
5064,880,17,19
5065,881,10,2
5066,881,5,8
5067,881,20,4
5068,882,18,0
5069,882,14,16
5070,882,4,16
5071,883,12,22
5072,883,21,15
5073,883,22,18
5074,883,0,22
5075,883,6,21
5076,883,7,13
5077,884,24,9
5078,884,17,2
5079,884,16,10
5080,885,17,11
5081,885,15,14
5082,885,14,23
5083,885,9,16
5084,886,12,5
5085,886,18,9
5086,886,1,9
5087,886,12,10
5088,886,15,1
5089,886,0,9
5090,886,19,7
5091,886,10,17
5092,886,5,15
5093,886,14,12
5094,886,10,4
5095,887,23,13
5096,887,4,14
5097,887,12,14
5098,887,7,3
5099,887,17,8
5100,888,17,13
5101,888,0,11
5102,888,24,5
5103,888,1,18
5104,889,22,2
5105,889,21,19
5106,889,3,16
5107,890,15,13
5108,890,24,13
5109,890,8,10
5110,890,11,24
5111,891,11,19
5112,891,7,22
5113,891,0,23
5114,891,20,10
5115,891,7,22
5116,891,10,7
5117,891,20,22
5118,891,20,2
5119,891,17,6
5120,892,3,9
5121,892,23,9
5122,892,22,1
5123,892,21,5
5124,892,0,9
5125,892,1,11
5126,893,5,23
5127,893,23,19
5128,893,20,12
5129,893,4,15
5130,893,2,16
5131,893,0,15
5132,893,18,12
5133,893,5,12
5134,893,13,16
5135,894,2,6
5136,894,20,24
5137,894,13,17
5138,895,21,19
5139,895,9,6
5140,895,6,17
5141,896,21,3
5142,896,9,19
5143,896,22,9
5144,897,14,6
5145,897,7,9
5146,897,18,24
5147,897,3,6
5148,897,2,12
5149,897,3,9
5150,898,13,5
5151,898,5,22
5152,898,10,2
5153,898,13,2
5154,898,2,8
5155,898,19,2
5156,898,22,8
5157,898,14,10
5158,898,23,5
5159,898,9,13
5160,898,5,20
5161,898,17,9
5162,899,15,0
5163,899,5,24
5164,899,12,5
5165,899,1,19
5166,899,21,17
5167,899,24,3
5168,899,23,5
5169,899,0,6
5170,899,10,17
5171,899,24,10
5172,900,24,9
5173,900,4,19
5174,900,3,20
5175,900,11,18
5176,900,12,14
5177,900,6,20
5178,900,24,9
5179,900,9,7
5180,901,8,20
5181,901,2,21
5182,901,14,17
5183,901,14,21
5184,901,2,8
5185,902,17,0
5186,902,14,18
5187,903,21,17
5188,903,24,3
5189,903,22,1
5190,903,22,9
5191,903,6,14
5192,903,15,5
5193,903,9,17
5194,903,13,2
5195,903,20,12
5196,903,17,11
5197,903,6,18
5198,903,24,13
5199,903,21,23
5200,904,17,20
5201,904,6,18
5202,904,4,8
5203,904,11,0
5204,904,3,16
5205,904,8,10
5206,904,5,19
5207,905,17,9
5208,905,21,0
5209,905,13,3
5210,905,8,18
5211,905,20,16
5212,905,17,19
5213,905,4,7
5214,906,23,6
5215,906,10,0
5216,906,0,23
5217,906,5,1
5218,907,9,15
5219,907,16,12
5220,907,2,14
5221,907,5,23
5222,907,17,11
5223,908,20,16
5224,908,19,23
5225,908,7,4
5226,908,14,22
5227,908,23,0
5228,909,13,11
5229,909,17,11
5230,909,17,23
5231,909,12,19
5232,909,22,20
5233,910,13,22
5234,910,9,24
5235,910,16,1
5236,910,9,18
5237,910,15,23
5238,910,21,23
5239,910,11,4
5240,910,15,3
5241,911,19,12
5242,911,12,9
5243,911,7,15
5244,911,9,2
5245,911,7,0
5246,912,1,22
5247,912,9,3
5248,912,1,12
5249,912,16,10
5250,912,24,7
5251,912,16,5
5252,912,2,0
5253,913,22,6
5254,914,13,23
5255,914,7,21
5256,914,2,5
5257,914,15,22
5258,914,2,21
5259,914,10,18
5260,915,2,14
5261,915,0,23
5262,915,12,9
5263,915,15,17
5264,915,5,24
5265,915,3,24
5266,915,22,0
5267,916,23,12
5268,916,13,17
5269,916,20,9
5270,917,5,14
5271,917,15,3
5272,917,18,6
5273,917,15,24
5274,918,13,22
5275,918,24,13
5276,918,5,14
5277,918,19,5
5278,918,14,24
5279,918,9,15
5280,919,6,19
5281,919,9,10
5282,919,22,6
5283,919,6,10
5284,919,24,14
5285,920,17,19
5286,920,5,14
5287,920,22,12
5288,920,6,20
5289,921,8,2
5290,921,14,12
5291,921,14,1
5292,921,10,17
5293,921,16,18
5294,921,11,18
5295,922,9,7
5296,922,1,14
5297,922,21,0
5298,922,6,9
5299,922,3,7
5300,923,4,6
5301,923,14,8
5302,923,15,13
5303,923,18,16
5304,923,23,3
5305,923,12,19
5306,923,15,0
5307,923,16,9
5308,924,0,19
5309,924,12,4
5310,924,9,23
5311,924,21,24
5312,924,1,24
5313,924,8,6
5314,924,18,14
5315,925,17,19
5316,926,1,16
5317,926,19,3
5318,926,17,19
5319,926,10,8
5320,926,14,4
5321,927,11,2
5322,927,7,10
5323,927,19,3
5324,927,24,18
5325,927,18,22
5326,927,8,16
5327,927,9,24
5328,928,9,23
5329,928,16,23
5330,928,4,12
5331,928,15,13
5332,928,0,16
5333,928,10,23
5334,928,19,1
5335,928,6,10
5336,929,19,8
5337,930,4,11
5338,930,21,3
5339,930,10,4
5340,930,7,5
5341,930,22,18
5342,930,10,4
5343,930,7,1
5344,930,23,12
5345,931,19,22
5346,931,15,5
5347,931,14,2
5348,932,22,9
5349,932,2,11
5350,932,5,3
5351,932,0,17
5352,932,21,3
5353,932,5,8
5354,933,11,20
5355,933,2,16
5356,933,13,21
5357,933,9,7
5358,933,18,10
5359,933,23,4
5360,934,1,3
5361,934,10,13
5362,934,14,10
5363,935,12,22
5364,935,23,9
5365,935,14,1
5366,935,14,17
5367,935,13,6
5368,935,13,1
5369,936,21,10
5370,936,18,24
5371,936,15,3
5372,936,20,1
5373,936,6,8
5374,936,18,6
5375,936,23,5
5376,936,5,11
5377,937,2,21
5378,937,9,2
5379,938,5,1
5380,938,8,10
5381,938,20,19
5382,938,15,12
5383,938,17,2
5384,938,1,4
5385,938,14,10
5386,938,3,5
5387,939,13,1
5388,939,12,0
5389,939,0,12
5390,940,19,1
5391,940,18,16
5392,940,16,10
5393,940,6,24
5394,941,0,2
5395,941,4,16
5396,941,13,17
5397,941,23,15
5398,941,7,4
5399,942,9,11
5400,942,19,10
5401,942,18,5
5402,942,5,20
5403,942,13,2
5404,942,14,11
5405,942,13,0
5406,943,21,8
5407,943,17,0
5408,943,9,6
5409,943,21,15
5410,943,3,19
5411,944,14,8
5412,944,1,15
5413,944,6,16
5414,944,3,14
5415,944,0,9
5416,945,22,15
5417,945,11,14
5418,945,15,22
5419,946,8,15
5420,946,11,8
5421,946,7,15
5422,946,7,5
5423,946,0,12
5424,946,11,19
5425,946,8,0
5426,947,15,24
5427,947,17,7
5428,947,5,2
5429,947,15,11
5430,947,20,2
5431,948,16,4
5432,948,0,13
5433,948,0,10
5434,948,15,22
5435,948,12,16
5436,948,4,20
5437,948,24,1
5438,949,8,24
5439,949,1,22
5440,949,9,17
5441,949,10,20
5442,949,17,1
5443,949,0,9
5444,950,24,16
5445,950,5,23
5446,950,20,14
5447,950,0,24
5448,950,1,13
5449,950,20,0
5450,951,5,12
5451,951,14,17
5452,951,14,8
5453,951,9,3
5454,951,19,9
5455,951,19,6
5456,952,19,12
5457,952,2,16
5458,952,2,16
5459,952,13,9
5460,952,12,16
5461,952,14,16
5462,952,12,20
5463,953,11,1
5464,953,2,16
5465,953,11,18
5466,953,4,21
5467,953,3,19
5468,954,0,16
5469,954,10,2
5470,954,9,18
5471,954,11,3
5472,954,15,24
5473,954,1,19
5474,954,3,14
5475,954,5,19
5476,954,11,7
5477,955,22,3
5478,955,4,2
5479,955,9,1
5480,956,17,0
5481,956,15,2
5482,956,5,2
5483,957,19,0
5484,957,14,2
5485,957,5,1
5486,957,11,14
5487,957,7,17
5488,957,12,23
5489,957,9,23
5490,957,15,1
5491,958,9,21
5492,958,11,0
5493,958,20,2
5494,959,8,11
5495,959,21,24
5496,959,19,6
5497,959,20,6
5498,959,10,4
5499,960,12,20
5500,960,12,22
5501,960,17,4
5502,960,7,24
5503,960,23,3
5504,960,1,12
5505,960,0,12
5506,960,8,5
5507,961,8,23
5508,961,23,7
5509,961,18,5
5510,961,18,9
5511,961,19,3
5512,961,3,5
5513,961,17,14
5514,961,16,14
5515,961,15,19
5516,962,6,3
5517,962,16,22
5518,962,19,3
5519,962,19,3
5520,962,10,18
5521,962,19,15
5522,963,4,23
5523,963,24,17
5524,963,5,17
5525,963,18,22
5526,963,17,1
5527,964,14,15
5528,964,1,14
5529,964,13,22
5530,964,14,3
5531,964,2,14
5532,964,8,2
5533,964,17,20
5534,964,10,3
5535,965,8,18
5536,965,12,24
5537,965,6,9
5538,965,24,2
5539,965,3,10
5540,965,19,5
5541,966,22,2
5542,966,17,6
5543,966,19,6
5544,966,13,4
5545,966,7,19
5546,966,6,4
5547,967,21,11
5548,967,5,18
5549,967,20,4
5550,967,23,13
5551,967,14,15
5552,967,22,20
5553,968,4,13
5554,968,0,11
5555,968,16,18
5556,968,4,20
5557,968,6,0
5558,968,11,8
5559,968,13,11
5560,969,3,7
5561,969,10,1
5562,969,1,22
5563,969,20,12
5564,969,21,23
5565,970,9,23
5566,970,4,19
5567,970,9,16
5568,970,7,0
5569,970,3,15
5570,970,18,6
5571,971,12,21
5572,971,16,8
5573,971,16,24
5574,971,5,17
5575,972,0,19
5576,972,21,14
5577,972,11,13
5578,972,13,17
5579,972,23,8
5580,973,12,22
5581,973,9,10
5582,973,0,8
5583,974,17,15
5584,974,9,2
5585,974,13,19
5586,974,3,23
5587,974,1,24
5588,974,13,0
5589,974,20,1
5590,974,1,16
5591,974,6,0
5592,974,1,17
5593,975,20,24
5594,975,20,13
5595,975,24,16
5596,975,15,2
5597,975,24,2
5598,975,17,4
5599,975,13,22
5600,976,20,1
5601,976,3,10
5602,976,22,10
5603,976,22,19
5604,976,16,9
5605,976,24,15
5606,976,11,3
5607,976,20,3
5608,977,7,13
5609,977,0,20
5610,978,8,19
5611,978,22,8
5612,978,15,5
5613,978,12,24
5614,978,8,12
5615,978,0,4
5616,978,7,20
5617,978,2,6
5618,978,12,0
5619,978,3,15
5620,978,10,23
5621,978,15,6
5622,978,9,1
5623,978,0,4
5624,979,2,17
5625,979,8,17
5626,979,13,22
5627,980,10,0
5628,980,15,1
5629,980,17,21
5630,980,12,1
5631,980,6,2
5632,980,23,3
5633,981,2,23
5634,981,15,2
5635,981,15,5
5636,981,13,6
5637,981,13,19
5638,981,19,17
5639,981,6,9
5640,981,5,23
5641,982,5,12
5642,982,4,16
5643,982,17,6
5644,982,14,12
5645,982,14,2
5646,982,21,9
5647,982,6,22
5648,982,17,6
5649,982,23,11
5650,982,7,22
5651,982,24,1
5652,982,8,23
5653,982,3,22
5654,983,15,0
5655,983,18,20
5656,983,15,3
5657,983,24,16
5658,984,15,11
5659,984,6,8
5660,984,0,7
5661,984,2,22
5662,984,18,4
5663,984,13,22
5664,985,2,5
5665,985,11,14
5666,985,8,22
5667,985,18,0
5668,985,21,23
5669,985,6,13
5670,985,1,4
5671,985,4,5
5672,986,9,19
5673,986,5,4
5674,986,3,23
5675,986,12,21
5676,986,7,24
5677,986,13,15
5678,987,4,21
5679,987,24,18
5680,987,5,22
5681,987,13,3
5682,987,4,15
5683,988,24,4
5684,988,6,18
5685,988,14,4
5686,988,21,4
5687,988,2,8
5688,989,10,3
5689,989,1,17
5690,989,6,17
5691,989,21,15
5692,989,17,2
5693,990,7,17
5694,990,15,11
5695,990,20,2
5696,990,20,5
5697,990,23,16
5698,990,24,18
5699,990,14,12
5700,990,15,19
5701,991,21,19
5702,991,9,24
5703,991,11,13
5704,991,0,11
5705,991,13,7
5706,991,4,18
5707,991,24,15
5708,991,9,21
5709,991,14,20
5710,991,20,0
5711,991,22,5
5712,991,6,14
5713,992,16,9
5714,992,17,9
5715,992,13,9
5716,992,22,20
5717,993,5,19
5718,993,14,18
5719,993,24,18
5720,993,23,12
5721,993,1,8
5722,993,1,22
5723,993,15,14
5724,993,20,11
5725,993,14,11
5726,994,15,11
5727,994,15,9
5728,994,8,2
5729,994,16,5
5730,994,14,20
5731,994,19,20
5732,995,8,5
5733,995,22,19
5734,995,3,7
5735,996,2,24
5736,996,19,2
5737,996,8,2
5738,996,19,16
5739,996,4,2
5740,997,21,24
5741,997,9,20
5742,998,0,24
5743,998,2,19
5744,998,1,9
5745,998,4,16
5746,998,10,17
5747,998,20,10
5748,998,12,16
5749,998,17,14
5750,998,10,24
5751,998,6,21
5752,999,1,21
5753,999,23,7
5754,999,11,8
5755,999,13,24
5756,999,12,14
5757,1000,23,20
5758,1000,24,14
5759,1000,13,11
5760,1000,20,7
5761,1000,10,1
5762,1000,13,0
5763,1000,24,6
5764,1001,14,0
5765,1001,4,16
5766,1001,15,4
5767,1002,20,12
5768,1002,10,1
5769,1002,24,6
5770,1002,13,9
5771,1002,4,1
5772,1002,19,16
5773,1003,14,18
5774,1003,11,8
5775,1003,10,24
5776,1004,24,21
5777,1004,1,3
5778,1004,7,10
5779,1004,24,0
5780,1004,12,23
5781,1004,2,20
5782,1004,18,9
5783,1005,19,1
5784,1005,14,18
5785,1005,8,1
5786,1005,16,0
5787,1005,22,11
5788,1005,24,22
5789,1006,13,7
5790,1006,20,16
5791,1006,14,24
5792,1006,0,7
5793,1007,23,15
5794,1007,20,5
5795,1007,9,2
5796,1007,17,10
5797,1007,24,1
5798,1007,0,9
5799,1008,19,9
5800,1008,12,1
5801,1008,10,4
5802,1008,9,0
5803,1008,11,7
5804,1008,2,20
5805,1008,24,14
5806,1008,3,14
5807,1009,15,19
5808,1009,24,9
5809,1009,15,6
5810,1009,6,13
5811,1010,11,13
5812,1010,20,3
5813,1010,23,5
5814,1010,6,0
5815,1010,13,3
5816,1010,1,3
5817,1010,20,9
5818,1010,8,12
5819,1011,12,22
5820,1011,1,11
5821,1011,18,9
5822,1012,20,23
5823,1012,5,8
5824,1012,16,22
5825,1012,24,4
5826,1012,15,24
5827,1012,17,5
5828,1012,5,23
5829,1013,4,2
5830,1013,12,0
5831,1013,5,4
5832,1013,24,9
5833,1013,23,7
5834,1013,10,18
5835,1013,5,12
5836,1014,13,17
5837,1014,11,5
5838,1014,17,1
5839,1014,1,9
5840,1014,20,24
5841,1014,14,8
5842,1014,24,14
5843,1014,1,11
5844,1014,13,20
5845,1014,16,19
5846,1015,3,17
5847,1015,9,19
5848,1015,9,15
5849,1016,15,6
5850,1016,7,22
5851,1017,0,16
5852,1017,2,13
5853,1017,3,9
5854,1017,17,6
5855,1018,0,17
5856,1018,10,8
5857,1018,18,22
5858,1019,1,3
5859,1019,3,19
5860,1019,5,19
5861,1019,2,18
5862,1020,18,0
5863,1020,4,21
5864,1020,2,8
5865,1020,14,0
5866,1020,4,11
5867,1020,17,10
5868,1021,7,1
5869,1021,19,3
5870,1021,9,12
5871,1021,3,22
5872,1021,16,19
5873,1022,11,20
5874,1022,1,8
5875,1022,21,24
5876,1022,10,2
5877,1023,24,8
5878,1023,1,12
5879,1023,5,3
5880,1024,20,16
5881,1024,1,5
5882,1025,15,1
5883,1025,17,13
5884,1025,10,20
5885,1025,15,21
5886,1025,11,8
5887,1025,21,7
5888,1026,10,17
5889,1026,12,14
5890,1026,21,13
5891,1026,4,17
5892,1026,21,7
5893,1026,23,15
5894,1026,17,13
5895,1027,7,24
5896,1027,1,9
5897,1027,2,16
5898,1027,5,9
5899,1028,22,7
5900,1028,23,8
5901,1028,23,2
5902,1028,20,11
5903,1029,8,5
5904,1029,1,3
5905,1029,7,24
5906,1029,13,6
5907,1030,9,18
5908,1030,20,18
5909,1030,0,22
5910,1030,4,6
5911,1031,9,16
5912,1031,19,7
5913,1031,16,9
5914,1031,15,18
5915,1031,1,10
5916,1032,17,13
5917,1032,10,2
5918,1032,5,24
5919,1032,6,12
5920,1032,19,1
5921,1032,24,14
5922,1032,16,9
5923,1033,24,8
5924,1033,0,7
5925,1033,18,15
5926,1033,12,21
5927,1033,17,9
5928,1034,20,3
5929,1034,3,11
5930,1034,3,6
5931,1035,14,23
5932,1035,20,2
5933,1035,12,15
5934,1035,1,8
5935,1035,5,1
5936,1035,0,23
5937,1036,20,23
5938,1036,5,1
5939,1036,12,20
5940,1036,16,9
5941,1036,5,16
5942,1036,1,20
5943,1036,21,18
5944,1036,15,2
5945,1037,19,12
5946,1037,23,20
5947,1037,16,7
5948,1037,11,5
5949,1038,3,18
5950,1038,17,0
5951,1038,19,21
5952,1038,5,22
5953,1038,21,4
5954,1038,21,7
5955,1038,4,12
5956,1039,3,17
5957,1039,6,22
5958,1039,5,3
5959,1039,8,15
5960,1039,7,9
5961,1039,7,18
5962,1039,17,13
5963,1039,0,17
5964,1040,20,2
5965,1040,23,17
5966,1040,24,13
5967,1040,4,20
5968,1040,1,14
5969,1040,14,3
5970,1040,24,10
5971,1040,23,14
5972,1040,24,2
5973,1041,22,4
5974,1041,20,14
5975,1041,2,16
5976,1041,12,22
5977,1041,16,22
5978,1041,16,6
5979,1041,1,18
5980,1042,16,24
5981,1042,21,12
5982,1042,4,2
5983,1042,20,9
5984,1042,10,3
5985,1043,22,5
5986,1043,10,3
5987,1043,14,3
5988,1043,15,14
5989,1044,0,4
5990,1044,3,9
5991,1044,15,23
5992,1044,9,18
5993,1044,22,7
5994,1044,20,16
5995,1045,3,14
5996,1045,11,14
5997,1045,10,23
5998,1045,10,14
5999,1045,22,24
6000,1045,22,19
6001,1046,5,17
6002,1046,0,16
6003,1046,11,20
6004,1046,20,19
6005,1046,3,18
6006,1046,16,14
6007,1046,14,5
6008,1047,17,6
6009,1047,14,10
6010,1047,17,5
6011,1047,8,12
6012,1047,12,22
6013,1048,23,7
6014,1049,16,2
6015,1049,19,0
6016,1049,18,0
6017,1049,10,7
6018,1049,24,14
6019,1050,2,15
6020,1050,17,2
6021,1050,19,17
6022,1050,7,15
6023,1050,21,18
6024,1050,3,7
6025,1050,9,0
6026,1050,22,0
6027,1050,15,2
6028,1051,4,21
6029,1051,0,23
6030,1051,19,1
6031,1051,12,23
6032,1051,24,6
6033,1051,17,11
6034,1051,5,23
6035,1051,24,11
6036,1051,1,10
6037,1051,4,2
6038,1051,22,20
6039,1051,24,7
6040,1051,23,11
6041,1051,19,11
6042,1052,0,13
6043,1052,20,16
6044,1052,8,5
6045,1052,13,9
6046,1053,4,20
6047,1053,13,3
6048,1053,24,3
6049,1053,18,8
6050,1053,6,4
6051,1053,23,14
6052,1053,17,2
6053,1053,15,13
6054,1053,24,21
6055,1053,10,14
6056,1054,6,21
6057,1054,7,0
6058,1054,18,9
6059,1054,19,11
6060,1054,14,23
6061,1054,11,3
6062,1055,22,13
6063,1055,1,20
6064,1055,24,5
6065,1055,21,19
6066,1055,10,13
6067,1055,7,17
6068,1055,23,20
6069,1055,18,21
6070,1056,5,4
6071,1056,12,6
6072,1057,16,20
6073,1057,22,9
6074,1057,23,9
6075,1057,10,16
6076,1057,12,5
6077,1057,3,22
6078,1058,24,9
6079,1058,15,21
6080,1058,23,17
6081,1059,18,16
6082,1059,9,2
6083,1059,19,0
6084,1059,19,7
6085,1059,8,21
6086,1059,7,3
6087,1059,23,10
6088,1059,10,17
6089,1060,21,11
6090,1060,1,18
6091,1060,17,15
6092,1060,2,21
6093,1060,0,6
6094,1060,5,4
6095,1061,0,11
6096,1061,24,18
6097,1061,18,4
6098,1061,20,13
6099,1061,12,18
6100,1061,20,0
6101,1061,13,11
6102,1062,6,22
6103,1062,13,10
6104,1062,19,7
6105,1062,16,22
6106,1062,16,13
6107,1062,19,6
6108,1062,13,20
6109,1062,23,2
6110,1062,10,13
6111,1063,7,15
6112,1063,4,19
6113,1063,9,15
6114,1063,11,14
6115,1063,10,22
6116,1064,17,10
6117,1064,3,18
6118,1064,14,15
6119,1064,20,24
6120,1065,13,19
6121,1065,22,8
6122,1065,20,22
6123,1065,19,22
6124,1065,12,9
6125,1066,14,24
6126,1066,18,15
6127,1066,12,1
6128,1066,23,0
6129,1066,24,0
6130,1067,14,8
6131,1067,24,20
6132,1067,10,2
6133,1067,5,16
6134,1067,11,2
6135,1067,18,9
6136,1067,13,5
6137,1068,15,23
6138,1068,24,6
6139,1068,14,21
6140,1068,4,0
6141,1068,1,13
6142,1068,19,7
6143,1069,19,20
6144,1069,19,0
6145,1069,22,6
6146,1069,3,0
6147,1069,23,1
6148,1070,12,2
6149,1070,24,21
6150,1070,5,24
6151,1070,22,6
6152,1071,23,1
6153,1071,18,16
6154,1071,10,4
6155,1071,24,6
6156,1071,7,10
6157,1072,18,15
6158,1072,12,3
6159,1073,20,3
6160,1073,22,5
6161,1073,1,18
6162,1073,2,22
6163,1073,3,12
6164,1073,19,23
6165,1074,15,18
6166,1074,12,8
6167,1074,3,14
6168,1074,23,1
6169,1074,10,8
6170,1074,4,16
6171,1074,4,5
6172,1075,16,24
6173,1075,20,3
6174,1075,12,20
6175,1076,14,12
6176,1076,3,22
6177,1076,20,23
6178,1076,7,11
6179,1076,7,17
6180,1077,12,6
6181,1077,24,20
6182,1077,4,20
6183,1077,1,15
6184,1077,21,8
6185,1077,13,9
6186,1077,19,7
6187,1078,3,10
6188,1078,11,18
6189,1078,17,7
6190,1078,20,2
6191,1078,0,10
6192,1078,10,8
6193,1078,3,17
6194,1078,15,22
6195,1079,5,14
6196,1079,8,6
6197,1080,2,22
6198,1080,3,14
6199,1080,22,12
6200,1080,21,5
6201,1081,17,0
6202,1081,0,11
6203,1081,14,7
6204,1081,23,0
6205,1081,9,6
6206,1081,15,19
6207,1082,11,7
6208,1082,24,0
6209,1082,10,9
6210,1082,14,17
6211,1083,5,19
6212,1083,1,23
6213,1083,10,2
6214,1083,7,9
6215,1084,6,14
6216,1084,12,1
6217,1084,18,4
6218,1084,23,1
6219,1084,13,7
6220,1084,24,1
6221,1084,19,11
6222,1085,3,0
6223,1085,7,0
6224,1085,6,13
6225,1085,10,3
6226,1085,17,5
6227,1085,17,10
6228,1086,13,24
6229,1086,23,19
6230,1086,6,14
6231,1086,23,13
6232,1086,0,18
6233,1086,10,18
6234,1086,10,16
6235,1086,9,24
6236,1086,24,9
6237,1087,19,2
6238,1087,16,1
6239,1087,3,21
6240,1087,4,23
6241,1087,18,14
6242,1088,14,24
6243,1088,21,13
6244,1088,22,5
6245,1088,23,14
6246,1089,7,15
6247,1089,12,9
6248,1089,11,0
6249,1089,24,3
6250,1089,19,16
6251,1090,7,23
6252,1090,10,3
6253,1090,10,12
6254,1090,2,8
6255,1090,4,0
6256,1091,20,17
6257,1091,13,7
6258,1091,8,17
6259,1091,23,19
6260,1091,0,3
6261,1091,6,21
6262,1091,0,21
6263,1092,6,18
6264,1092,3,17
6265,1092,3,13
6266,1092,9,1
6267,1093,9,20
6268,1093,1,21
6269,1093,5,22
6270,1093,14,4
6271,1093,19,15
6272,1093,23,19
6273,1093,14,2
6274,1093,19,5
6275,1093,6,3
6276,1094,14,16
6277,1095,9,23
6278,1095,12,3
6279,1095,12,6
6280,1095,1,16
6281,1095,3,24
6282,1095,10,21
6283,1096,14,4
6284,1096,2,0
6285,1096,15,0
6286,1096,20,7
6287,1096,20,17
6288,1096,1,9
6289,1096,17,2
6290,1096,4,15
6291,1096,5,19
6292,1096,2,8
6293,1096,9,5
6294,1096,10,3
6295,1096,0,3
6296,1097,4,11
6297,1097,14,24
6298,1097,17,3
6299,1097,18,2
6300,1097,15,7
6301,1097,4,19
6302,1098,2,13
6303,1098,10,14
6304,1098,0,17
6305,1098,16,8
6306,1098,24,0
6307,1098,2,24
6308,1099,1,24
6309,1099,2,14
6310,1099,19,11
6311,1099,6,24
6312,1099,18,20
6313,1099,21,23
6314,1100,17,4
6315,1100,2,18
6316,1100,12,18
6317,1100,24,6
6318,1100,18,10
6319,1101,22,16
6320,1101,23,15
6321,1101,10,13
6322,1102,17,1
6323,1102,12,14
6324,1102,24,13
6325,1102,17,1
6326,1102,7,20
6327,1102,10,9
6328,1102,19,16
6329,1102,1,4
6330,1102,18,10
6331,1103,1,19
6332,1103,6,9
6333,1103,5,8
6334,1104,6,16
6335,1104,7,11
6336,1104,7,24
6337,1104,15,5
6338,1104,2,4
6339,1105,15,22
6340,1105,19,20
6341,1105,6,22
6342,1105,15,7
6343,1105,24,13
6344,1106,11,24
6345,1106,19,6
6346,1106,1,18
6347,1106,16,20
6348,1106,23,1
6349,1106,13,9
6350,1106,21,24
6351,1106,8,17
6352,1106,4,5
6353,1107,0,9
6354,1107,11,17
6355,1108,8,24
6356,1108,0,13
6357,1108,16,14
6358,1109,18,11
6359,1109,7,1
6360,1109,18,8
6361,1109,10,1
6362,1109,16,12
6363,1109,12,14
6364,1110,2,11
6365,1110,15,23
6366,1110,11,4
6367,1110,19,9
6368,1110,11,21
6369,1110,2,0
6370,1111,19,22
6371,1111,1,7
6372,1111,12,5
6373,1111,24,21
6374,1111,16,3
6375,1111,24,4
6376,1112,16,3
6377,1112,18,20
6378,1112,5,20
6379,1112,10,23
6380,1112,19,5
6381,1112,21,17
6382,1112,21,3
6383,1112,19,15
6384,1112,17,4
6385,1113,2,11
6386,1113,20,9
6387,1113,8,1
6388,1113,19,11
6389,1113,10,14
6390,1114,23,9
6391,1114,22,9
6392,1114,13,7
6393,1114,15,11
6394,1114,15,19
6395,1114,0,18
6396,1114,18,8
6397,1114,14,18
6398,1114,16,24
6399,1114,6,4
6400,1114,10,2
6401,1115,2,11
6402,1115,20,6
6403,1115,20,10
6404,1115,7,20
6405,1115,15,8
6406,1115,24,17
6407,1116,1,18
6408,1116,14,12
6409,1116,11,8
6410,1116,23,10
6411,1116,7,22
6412,1116,3,12
6413,1116,14,6
6414,1116,15,23
6415,1116,4,10
6416,1116,12,2
6417,1116,11,21
6418,1116,9,16
6419,1116,2,11
6420,1117,11,9
6421,1117,7,22
6422,1117,1,17
6423,1117,16,18
6424,1117,16,2
6425,1117,10,8
6426,1117,14,23
6427,1117,18,8
6428,1117,14,10
6429,1117,8,19
6430,1117,19,2
6431,1117,24,21
6432,1118,14,23
6433,1118,17,24
6434,1118,21,12
6435,1118,23,9
6436,1118,2,15
6437,1118,10,3
6438,1119,11,20
6439,1119,2,16
6440,1119,11,5
6441,1119,24,18
6442,1119,2,17
6443,1120,0,9
6444,1120,18,3
6445,1120,2,23
6446,1121,1,5
6447,1121,20,9
6448,1121,14,23
6449,1121,18,10
6450,1121,16,22
6451,1121,4,7
6452,1121,13,3
6453,1122,3,13
6454,1122,24,2
6455,1122,7,20
6456,1122,22,8
6457,1122,0,8
6458,1122,5,21
6459,1123,18,12
6460,1123,2,11
6461,1123,23,0
6462,1123,2,5
6463,1123,12,22
6464,1123,15,11
6465,1123,15,3
6466,1124,24,1
6467,1124,12,4
6468,1124,20,7
6469,1124,17,4
6470,1124,8,17
6471,1124,5,8
6472,1124,17,21
6473,1124,4,19
6474,1125,8,24
6475,1125,6,13
6476,1125,3,6
6477,1125,0,4
6478,1125,6,19
6479,1125,5,1
6480,1125,14,3
6481,1126,13,20
6482,1126,13,19
6483,1126,20,22
6484,1126,15,18
6485,1126,1,12
6486,1126,9,5
6487,1126,3,14
6488,1127,18,2
6489,1127,23,21
6490,1127,7,0
6491,1127,1,14
6492,1127,10,22
6493,1127,24,22
6494,1127,24,6
6495,1128,20,1
6496,1128,7,4
6497,1128,22,5
6498,1128,22,11
6499,1128,17,9
6500,1128,20,16
6501,1128,15,17
6502,1128,24,8
6503,1129,1,10
6504,1129,19,7
6505,1129,8,16
6506,1130,15,4
6507,1130,23,10
6508,1130,12,15
6509,1130,15,5
6510,1130,14,5
6511,1131,16,22
6512,1131,17,3
6513,1131,24,8
6514,1131,19,20
6515,1131,10,6
6516,1131,0,16
6517,1131,5,23
6518,1131,18,4
6519,1131,15,23
6520,1132,12,10
6521,1132,22,6
6522,1132,1,21
6523,1133,17,2
6524,1133,14,2
6525,1133,17,10
6526,1134,20,19
6527,1134,10,19
6528,1134,17,21
6529,1134,5,21
6530,1134,20,18
6531,1134,7,20
6532,1134,10,7
6533,1135,23,11
6534,1135,16,4
6535,1135,13,2
6536,1136,22,12
6537,1136,22,16
6538,1136,12,0
6539,1136,4,15
6540,1136,20,11
6541,1136,14,20
6542,1136,4,10
6543,1136,16,7
6544,1136,7,17
6545,1136,6,10
6546,1137,14,6
6547,1137,16,4
6548,1137,5,3
6549,1137,12,20
6550,1137,0,6
6551,1137,0,3
6552,1137,17,19
6553,1137,24,18
6554,1138,18,20
6555,1138,21,18
6556,1138,18,2
6557,1138,22,24
6558,1138,22,20
6559,1139,16,22
6560,1139,7,10
6561,1139,24,5
6562,1139,4,18
6563,1139,8,5
6564,1140,7,15
6565,1140,13,17
6566,1140,0,3
6567,1140,16,20
6568,1140,17,8
6569,1140,16,9
6570,1141,12,8
6571,1141,21,19
6572,1141,5,16
6573,1141,14,1
6574,1141,5,17
6575,1141,23,19
6576,1141,24,8
6577,1142,18,9
6578,1142,1,4
6579,1142,22,9
6580,1142,12,8
6581,1142,7,18
6582,1142,3,19
6583,1142,11,22
6584,1142,22,14
6585,1143,24,7
6586,1143,22,16
6587,1143,20,4
6588,1143,21,9
6589,1143,15,19
6590,1143,13,19
6591,1143,12,16
6592,1143,21,9
6593,1143,8,0
6594,1144,24,14
6595,1144,9,16
6596,1144,11,23
6597,1144,10,20
6598,1144,0,19
6599,1145,21,5
6600,1145,1,3
6601,1145,5,9
6602,1145,2,9
6603,1146,22,20
6604,1146,19,17
6605,1146,5,3
6606,1146,4,0
6607,1146,2,21
6608,1146,14,2
6609,1147,14,16
6610,1147,0,9
6611,1147,12,1
6612,1147,23,21
6613,1147,13,16
6614,1147,11,17
6615,1147,16,0
6616,1148,13,3
6617,1148,22,19
6618,1148,23,3
6619,1149,6,13
6620,1149,0,13
6621,1149,17,4
6622,1150,22,24
6623,1150,13,2
6624,1150,21,8
6625,1150,1,7
6626,1151,2,21
6627,1151,22,9
6628,1151,15,24
6629,1151,1,18
6630,1151,14,3
6631,1151,7,1
6632,1152,9,13
6633,1152,13,4
6634,1152,24,4
6635,1152,3,11
6636,1153,18,0
6637,1153,7,3
6638,1153,21,5
6639,1153,23,20
6640,1153,1,15
6641,1154,8,6
6642,1154,21,2
6643,1154,23,9
6644,1154,11,5
6645,1154,17,0
6646,1154,23,20
6647,1154,5,19
6648,1155,7,15
6649,1155,4,14
6650,1155,6,18
6651,1155,22,0
6652,1155,15,14
6653,1155,19,12
6654,1156,24,12
6655,1156,14,17
6656,1156,4,11
6657,1157,23,15
6658,1157,12,23
6659,1157,18,9
6660,1157,23,5
6661,1157,9,5
6662,1157,22,20
6663,1157,14,24
6664,1157,21,17
6665,1158,12,10
6666,1158,1,10
6667,1158,16,9
6668,1158,3,6
6669,1158,14,20
6670,1158,0,2
6671,1158,2,9
6672,1158,11,22
6673,1158,18,11
6674,1159,4,22
6675,1159,12,0
6676,1159,6,12
6677,1159,7,11
6678,1159,5,1
6679,1159,18,8
6680,1159,19,2
6681,1160,14,12
6682,1160,9,19
6683,1160,5,22
6684,1160,9,23
6685,1160,17,14
6686,1161,11,15
6687,1161,12,6
6688,1161,22,19
6689,1161,1,14
6690,1161,2,9
6691,1161,5,19
6692,1161,2,13
6693,1161,17,1
6694,1161,20,19
6695,1161,18,1
6696,1161,21,2
6697,1161,19,22
6698,1161,17,0
6699,1162,15,1
6700,1163,11,23
6701,1163,15,12
6702,1163,22,1
6703,1163,4,8
6704,1164,19,8
6705,1164,12,23
6706,1164,12,0
6707,1164,10,4
6708,1164,13,3
6709,1164,12,23
6710,1164,12,18
6711,1165,16,8
6712,1165,23,16
6713,1165,24,8
6714,1165,13,9
6715,1165,3,21
6716,1166,12,15
6717,1166,7,10
6718,1166,12,2
6719,1167,7,4
6720,1167,3,15
6721,1167,7,11
6722,1167,1,4
6723,1167,4,17
6724,1167,5,15
6725,1167,13,0
6726,1167,16,14
6727,1167,11,24
6728,1168,14,11
6729,1168,6,17
6730,1168,0,3
6731,1168,8,20
6732,1168,9,11
6733,1169,23,17
6734,1169,18,14
6735,1169,7,17
6736,1169,4,16
6737,1169,23,15
6738,1170,23,3
6739,1170,20,4
6740,1170,3,19
6741,1170,21,10
6742,1170,8,21
6743,1170,2,18
6744,1171,13,9
6745,1171,3,10
6746,1171,4,16
6747,1171,0,11
6748,1171,18,22
6749,1171,16,20
6750,1172,3,21
6751,1172,17,24
6752,1172,1,23
6753,1172,1,15
6754,1172,22,24
6755,1172,0,22
6756,1172,6,4
6757,1173,3,19
6758,1173,22,6
6759,1173,7,19
6760,1173,2,21
6761,1174,3,11
6762,1174,21,9
6763,1174,15,14
6764,1174,6,2
6765,1174,9,5
6766,1174,21,4
6767,1174,20,12
6768,1174,14,10
6769,1175,13,2
6770,1175,3,16
6771,1175,5,16
6772,1175,15,3
6773,1175,10,6
6774,1175,23,19
6775,1176,0,14
6776,1176,23,9
6777,1176,24,8
6778,1176,13,24
6779,1176,7,5
6780,1176,5,4
6781,1176,20,13
6782,1177,12,20
6783,1177,18,8
6784,1177,8,2
6785,1177,16,8
6786,1177,3,17
6787,1178,1,24
6788,1178,17,10
6789,1179,20,24
6790,1179,24,10
6791,1179,10,18
6792,1179,12,19
6793,1179,8,15
6794,1180,5,22
6795,1180,8,0
6796,1180,13,20
6797,1180,2,20
6798,1180,10,18
6799,1180,19,2
6800,1181,2,17
6801,1181,19,10
6802,1181,19,2
6803,1181,9,22
6804,1181,11,1
6805,1181,1,24
6806,1182,20,10
6807,1182,16,13
6808,1182,22,12
6809,1182,24,15
6810,1182,14,23
6811,1182,15,9
6812,1182,3,14
6813,1182,8,16
6814,1182,9,11
6815,1183,1,23
6816,1183,23,21
6817,1183,11,18
6818,1183,18,14
6819,1183,23,16
6820,1183,15,24
6821,1183,8,10
6822,1183,2,12
6823,1183,7,23
6824,1183,21,17
6825,1183,11,7
6826,1184,10,18
6827,1184,4,1
6828,1184,23,13
6829,1184,5,2
6830,1184,14,21
6831,1184,20,4
6832,1185,17,3
6833,1185,18,6
6834,1185,17,9
6835,1185,12,1
6836,1185,0,13
6837,1185,10,4
6838,1185,11,14
6839,1185,12,23
6840,1186,15,14
6841,1186,8,21
6842,1187,17,8
6843,1187,12,3
6844,1187,23,17
6845,1187,15,5
6846,1187,6,24
6847,1187,10,17
6848,1188,21,2
6849,1188,2,20
6850,1188,17,8
6851,1188,17,10
6852,1188,16,1
6853,1188,7,10
6854,1188,17,0
6855,1189,23,0
6856,1189,14,22
6857,1190,17,2
6858,1190,16,20
6859,1190,14,8
6860,1190,7,11
6861,1190,13,20
6862,1191,10,0
6863,1191,13,10
6864,1191,18,7
6865,1191,18,21
6866,1191,21,0
6867,1191,0,23
6868,1191,11,4
6869,1191,18,22
6870,1192,16,18
6871,1192,6,8
6872,1192,7,0
6873,1192,8,10
6874,1192,5,11
6875,1192,7,1
6876,1192,14,10
6877,1192,0,19
6878,1192,18,0
6879,1193,1,21
6880,1193,3,5
6881,1193,24,0
6882,1193,6,20
6883,1194,1,17
6884,1194,4,15
6885,1194,17,21
6886,1194,1,15
6887,1194,24,13
6888,1194,1,16
6889,1194,15,12
6890,1194,4,14
6891,1194,19,23
6892,1195,4,18
6893,1195,6,2
6894,1195,13,0
6895,1195,8,6
6896,1195,4,19
6897,1195,7,16
6898,1195,0,23
6899,1196,0,19
6900,1196,1,23
6901,1196,11,14
6902,1196,1,12
6903,1196,17,14
6904,1196,10,19
6905,1197,21,11
6906,1197,19,9
6907,1197,12,22
6908,1197,1,16
6909,1197,9,2
6910,1197,10,24
6911,1197,6,14
6912,1198,13,17
6913,1198,7,3
6914,1198,6,22
6915,1199,23,0
6916,1199,9,10
6917,1200,14,22
6918,1200,2,22
6919,1200,23,15
6920,1201,20,16
6921,1201,16,7
6922,1201,5,1
6923,1201,22,6
6924,1201,9,12
6925,1201,6,14
6926,1201,19,16
6927,1201,18,1
6928,1201,16,8
6929,1202,3,7
6930,1202,12,24
6931,1202,0,22
6932,1202,23,19
6933,1202,11,9
6934,1202,1,7
6935,1202,21,11
6936,1203,11,20
6937,1203,6,16
6938,1203,5,9
6939,1203,23,12
6940,1204,1,7
6941,1204,22,24
6942,1204,13,15
6943,1204,16,7
6944,1204,22,6
6945,1204,7,20
6946,1204,21,14
6947,1205,1,14
6948,1205,24,22
6949,1205,9,17
6950,1205,2,19
6951,1205,19,17
6952,1205,15,19
6953,1205,12,4
6954,1206,22,13
6955,1206,9,12
6956,1206,8,11
6957,1206,16,23
6958,1206,6,19
6959,1206,10,14
6960,1206,1,12
6961,1206,19,9
6962,1206,4,21
6963,1208,4,10
6964,1208,10,3
6965,1208,3,22
6966,1209,22,18
6967,1209,4,0
6968,1209,22,16
6969,1209,2,9
6970,1210,2,4
6971,1210,5,3
6972,1210,24,16
6973,1210,7,13
6974,1210,24,13
6975,1210,1,5
6976,1211,5,13
6977,1211,21,15
6978,1211,24,15
6979,1211,17,2
6980,1211,15,14
6981,1211,5,16
6982,1212,7,0
6983,1212,8,21
6984,1212,8,2
6985,1212,9,23
6986,1212,19,4
6987,1212,14,4
6988,1213,4,22
6989,1213,4,23
6990,1213,5,16
6991,1214,2,19
6992,1214,5,8
6993,1214,10,6
6994,1214,8,14
6995,1214,17,9
6996,1214,2,21
6997,1215,13,3
6998,1215,3,9
6999,1215,18,24
7000,1216,16,0
7001,1216,11,8
7002,1216,16,1
7003,1216,6,19
7004,1216,7,19
7005,1216,11,17
7006,1216,12,9
7007,1216,3,1
7008,1216,14,23
7009,1217,7,14
7010,1217,13,23
7011,1217,9,12
7012,1217,9,21
7013,1217,4,22
7014,1217,21,0
7015,1217,17,19
7016,1217,16,10
7017,1218,0,4
7018,1218,15,14
7019,1218,3,7
7020,1218,15,3
7021,1218,18,14
7022,1218,22,11
7023,1218,7,21
7024,1219,15,9
7025,1219,12,5
7026,1219,11,7
7027,1219,0,23
7028,1219,19,17
7029,1219,15,14
7030,1219,14,10
7031,1220,6,13
7032,1220,21,9
7033,1220,21,11
7034,1220,18,7
7035,1220,13,10
7036,1220,12,18
7037,1221,9,13
7038,1221,1,17
7039,1221,16,2
7040,1221,9,21
7041,1221,10,20
7042,1222,4,22
7043,1222,9,20
7044,1222,18,2
7045,1222,24,12
7046,1223,23,14
7047,1223,16,6
7048,1223,18,16
7049,1223,24,13
7050,1223,14,16
7051,1223,7,24
7052,1223,19,23
7053,1224,12,15
7054,1224,14,21
7055,1224,24,3
7056,1224,20,13
7057,1224,19,9
7058,1224,3,20
7059,1225,24,8
7060,1225,13,4
7061,1225,4,22
7062,1225,11,8
7063,1225,10,22
7064,1226,2,8
7065,1226,24,3
7066,1226,2,0
7067,1226,7,18
7068,1226,9,20
7069,1226,10,4
7070,1226,2,9
7071,1227,4,14
7072,1227,13,21
7073,1227,12,22
7074,1227,16,23
7075,1227,1,4
7076,1227,15,2
7077,1227,0,8
7078,1228,22,2
7079,1228,14,0
7080,1228,23,5
7081,1228,5,17
7082,1228,14,21
7083,1228,16,9
7084,1228,8,6
7085,1228,0,7
7086,1228,20,10
7087,1229,11,17
7088,1229,0,17
7089,1230,15,14
7090,1230,14,6
7091,1230,14,20
7092,1230,10,18
7093,1230,2,11
7094,1230,6,8
7095,1231,8,19
7096,1231,22,9
7097,1231,20,16
7098,1231,10,1
7099,1231,0,22
7100,1231,14,3
7101,1231,1,11
7102,1231,23,8
7103,1232,9,22
7104,1232,12,18
7105,1232,8,11
7106,1232,22,10
7107,1232,0,2
7108,1232,11,20
7109,1232,19,11
7110,1233,13,21
7111,1233,7,18
7112,1233,17,20
7113,1234,20,13
7114,1234,24,8
7115,1234,2,17
7116,1234,16,23
7117,1234,7,10
7118,1234,3,6
7119,1234,22,7
7120,1235,2,20
7121,1235,13,4
7122,1235,11,22
7123,1235,1,20
7124,1235,13,22
7125,1235,3,19
7126,1235,3,9
7127,1235,13,5
7128,1235,19,0
7129,1236,2,15
7130,1236,7,17
7131,1236,16,14
7132,1236,14,18
7133,1236,19,13
7134,1236,24,17
7135,1236,22,19
7136,1236,6,16
7137,1237,10,20
7138,1237,5,11
7139,1237,21,1
7140,1237,14,1
7141,1238,0,13
7142,1238,10,8
7143,1238,3,12
7144,1238,2,17
7145,1238,20,11
7146,1238,18,24
7147,1239,5,4
7148,1239,24,13
7149,1239,18,2
7150,1239,8,23
7151,1239,7,11
7152,1239,23,4
7153,1240,5,17
7154,1240,16,5
7155,1240,23,14
7156,1240,6,20
7157,1240,2,9
7158,1241,8,18
7159,1241,23,4
7160,1241,3,13
7161,1241,20,19
7162,1242,12,10
7163,1242,13,24
7164,1242,0,10
7165,1243,13,22
7166,1243,11,14
7167,1243,17,3
7168,1243,15,2
7169,1244,2,11
7170,1244,12,24
7171,1244,18,21
7172,1245,22,18
7173,1245,20,6
7174,1245,14,20
7175,1245,22,1
7176,1245,1,23
7177,1245,11,2
7178,1245,15,12
7179,1245,20,7
7180,1245,8,2
7181,1245,5,8
7182,1245,18,4
7183,1245,11,15
7184,1246,7,16
7185,1246,12,16
7186,1246,21,12
7187,1246,20,19
7188,1246,11,20
7189,1247,4,13
7190,1247,23,17
7191,1247,9,1
7192,1247,13,11
7193,1247,21,5
7194,1247,9,12
7195,1247,14,1
7196,1247,19,6
7197,1247,6,8
7198,1247,18,0
7199,1248,10,12
7200,1248,19,13
7201,1248,7,5
7202,1248,8,12
7203,1248,16,2
7204,1248,15,6
7205,1249,20,3
7206,1249,18,7
7207,1249,17,2
7208,1249,15,6
7209,1250,16,8
7210,1250,13,15
7211,1250,1,15
7212,1250,5,17
7213,1250,20,11
7214,1250,16,0
7215,1250,19,20
7216,1250,22,8
7217,1251,24,6
7218,1251,7,23
7219,1251,19,12
7220,1251,9,2
7221,1251,11,2
7222,1251,2,11
7223,1251,12,18
7224,1252,2,22
7225,1252,2,5
7226,1252,19,13
7227,1252,10,13
7228,1252,21,11
7229,1252,18,1
7230,1252,20,4
7231,1253,20,7
7232,1253,3,15
7233,1253,12,22
7234,1253,15,2
7235,1253,14,11
7236,1253,15,8
7237,1254,6,2
7238,1254,2,14
7239,1254,1,7
7240,1254,20,18
7241,1254,2,8
7242,1254,14,18
7243,1254,15,4
7244,1254,18,6
7245,1254,6,2
7246,1254,24,20
7247,1254,4,7
7248,1255,11,20
7249,1255,24,18
7250,1255,3,17
7251,1255,3,22
7252,1256,6,19
7253,1256,17,5
7254,1256,10,6
7255,1256,24,7
7256,1256,17,6
7257,1256,7,19
7258,1256,15,14
7259,1256,24,17
7260,1257,7,14
7261,1257,10,23
7262,1257,24,3
7263,1257,22,2
7264,1257,18,14
7265,1257,22,16
7266,1257,16,7
7267,1258,22,19
7268,1258,10,18
7269,1258,13,22
7270,1258,4,19
7271,1259,2,15
7272,1259,13,5
7273,1259,0,22
7274,1259,14,10
7275,1260,22,2
7276,1260,1,22
7277,1260,8,19
7278,1260,8,5
7279,1260,13,19
7280,1260,24,18
7281,1260,9,24
7282,1261,4,8
7283,1261,23,5
7284,1261,3,17
7285,1261,4,23
7286,1261,22,4
7287,1261,22,5
7288,1262,10,17
7289,1262,10,0
7290,1262,11,3
7291,1262,17,9
7292,1262,10,24
7293,1262,11,4
7294,1262,10,18
7295,1262,21,17
7296,1263,13,5
7297,1263,2,9
7298,1263,19,9
7299,1263,6,14
7300,1263,12,23
7301,1263,8,18
7302,1263,14,2
7303,1264,23,14
7304,1264,19,11
7305,1264,6,3
7306,1265,0,16
7307,1265,24,13
7308,1265,2,22
7309,1265,2,14
7310,1266,14,4
7311,1266,17,7
7312,1266,15,2
7313,1266,12,15
7314,1266,21,10
7315,1266,22,10
7316,1266,19,20
7317,1266,3,16
7318,1266,20,9
7319,1267,6,19
7320,1267,18,21
7321,1267,17,14
7322,1267,13,1
7323,1268,20,3
7324,1268,12,3
7325,1268,16,7
7326,1268,23,14
7327,1268,7,18
7328,1268,14,2
7329,1269,0,23
7330,1269,11,5
7331,1269,21,17
7332,1269,0,19
7333,1270,12,19
7334,1270,5,14
7335,1270,3,1
7336,1270,5,3
7337,1270,12,9
7338,1270,2,24
7339,1270,3,0
7340,1270,20,23
7341,1270,18,4
7342,1271,0,19
7343,1271,21,18
7344,1271,1,15
7345,1271,8,20
7346,1271,8,21
7347,1271,13,4
7348,1272,6,19
7349,1272,9,21
7350,1272,5,11
7351,1272,8,19
7352,1272,16,18
7353,1272,11,0
7354,1273,1,13
7355,1273,2,18
7356,1273,22,19
7357,1274,2,10
7358,1274,15,18
7359,1274,11,21
7360,1275,12,10
7361,1275,7,23
7362,1275,7,1
7363,1275,8,17
7364,1275,11,24
7365,1275,22,3
7366,1275,24,15
7367,1276,10,7
7368,1276,3,15
7369,1276,13,15
7370,1276,3,22
7371,1276,12,21
7372,1276,7,18
7373,1277,18,15
7374,1277,0,18
7375,1277,13,15
7376,1277,1,18
7377,1277,1,15
7378,1278,9,21
7379,1278,12,16
7380,1278,20,3
7381,1278,1,20
7382,1278,21,0
7383,1278,5,3
7384,1279,20,24
7385,1279,17,13
7386,1279,4,17
7387,1279,9,2
7388,1280,11,9
7389,1280,3,18
7390,1280,2,5
7391,1280,9,18
7392,1280,21,18
7393,1280,21,19
7394,1280,9,11
7395,1281,20,10
7396,1281,22,18
7397,1281,3,1
7398,1281,12,1
7399,1282,5,20
7400,1282,17,4
7401,1282,14,1
7402,1282,20,10
7403,1282,23,4
7404,1282,9,22
7405,1282,11,4
7406,1282,0,7
7407,1283,6,23
7408,1283,19,3
7409,1283,8,24
7410,1283,7,24
7411,1283,24,3
7412,1284,5,9
7413,1284,2,6
7414,1284,15,4
7415,1284,14,2
7416,1284,20,7
7417,1284,8,12
7418,1284,8,23
7419,1284,0,22
7420,1285,17,23
7421,1285,8,14
7422,1286,9,23
7423,1286,10,7
7424,1286,15,21
7425,1287,1,13
7426,1288,12,14
7427,1288,17,4
7428,1288,9,5
7429,1288,5,2
7430,1288,6,0
7431,1288,21,12
7432,1288,8,17
7433,1288,4,17
7434,1288,17,1
7435,1288,2,5
7436,1289,4,10
7437,1289,15,7
7438,1289,17,0
7439,1289,16,8
7440,1289,10,23
7441,1289,23,8
7442,1289,16,2
7443,1289,8,11
7444,1289,7,13
7445,1289,23,3
7446,1290,16,14
7447,1290,15,13
7448,1290,14,11
7449,1292,15,6
7450,1292,13,10
7451,1292,19,23
7452,1292,7,4
7453,1292,23,20
7454,1292,20,0
7455,1292,11,14
7456,1292,7,22
7457,1292,15,12
7458,1292,23,0
7459,1293,4,22
7460,1293,7,3
7461,1293,23,0
7462,1294,12,9
7463,1294,1,9
7464,1294,21,6
7465,1294,11,5
7466,1295,16,9
7467,1295,3,11
7468,1295,16,19
7469,1296,7,5
7470,1296,1,10
7471,1296,2,18
7472,1296,19,22
7473,1296,22,6
7474,1297,1,4
7475,1297,15,4
7476,1297,24,5
7477,1297,1,10
7478,1297,9,2
7479,1297,19,6
7480,1297,11,21
7481,1297,4,22
7482,1297,3,7
7483,1297,4,18
7484,1297,3,7
7485,1298,10,3
7486,1298,21,17
7487,1298,9,2
7488,1298,18,21
7489,1298,1,13
7490,1299,8,15
7491,1299,9,7
7492,1300,23,3
7493,1300,2,20
7494,1300,21,8
7495,1300,12,14
7496,1301,6,3
7497,1301,24,18
7498,1302,5,23
7499,1302,18,12
7500,1302,18,7
7501,1302,21,14
7502,1302,15,6
7503,1302,18,7
7504,1302,19,5
7505,1302,5,2
7506,1302,12,20
7507,1303,1,21
7508,1303,11,9
7509,1303,24,2
7510,1303,20,16
7511,1303,16,9
7512,1303,13,5
7513,1303,10,22
7514,1303,13,0
7515,1303,10,12
7516,1303,1,15
7517,1304,8,12
7518,1304,6,9
7519,1304,12,16
7520,1304,21,8
7521,1304,10,3
7522,1304,3,24
7523,1304,22,2
7524,1304,7,0
7525,1305,17,24
7526,1305,7,14
7527,1305,7,14
7528,1305,20,5
7529,1305,13,19
7530,1305,24,18
7531,1305,9,18
7532,1305,8,0
7533,1306,5,22
7534,1306,21,0
7535,1306,9,7
7536,1306,12,3
7537,1306,12,9
7538,1306,24,10
7539,1307,16,13
7540,1307,11,14
7541,1307,18,14
7542,1307,17,5
7543,1307,8,1
7544,1308,1,11
7545,1308,11,19
7546,1308,10,21
7547,1308,9,16
7548,1308,4,8
7549,1309,1,5
7550,1309,10,2
7551,1309,14,7
7552,1309,11,23
7553,1309,21,23
7554,1309,21,8
7555,1310,19,5
7556,1310,12,4
7557,1310,18,5
7558,1310,6,10
7559,1310,7,24
7560,1310,17,2
7561,1311,20,5
7562,1311,18,2
7563,1311,12,4
7564,1311,19,2
7565,1311,22,6
7566,1312,19,4
7567,1312,8,20
7568,1312,22,13
7569,1312,0,23
7570,1312,11,18
7571,1312,21,14
7572,1312,14,11
7573,1313,17,1
7574,1313,6,9
7575,1313,19,16
7576,1313,14,1
7577,1313,8,10
7578,1314,24,21
7579,1315,3,1
7580,1315,5,15
7581,1315,23,14
7582,1315,18,8
7583,1315,18,22
7584,1315,6,16
7585,1316,16,1
7586,1316,18,9
7587,1316,17,19
7588,1316,2,4
7589,1316,1,3
7590,1316,6,24
7591,1316,20,5
7592,1317,12,19
7593,1317,14,11
7594,1317,7,24
7595,1317,13,4
7596,1317,7,24
7597,1317,2,13
7598,1318,17,0
7599,1318,8,20
7600,1318,1,21
7601,1318,11,20
7602,1318,21,8
7603,1318,3,13
7604,1318,16,22
7605,1319,4,14
7606,1319,20,1
7607,1319,1,24
7608,1319,10,3
7609,1319,7,23
7610,1319,10,13
7611,1319,1,15
7612,1320,9,7
7613,1320,0,12
7614,1320,3,12
7615,1321,8,17
7616,1321,24,22
7617,1321,11,13
7618,1321,20,9
7619,1321,0,7
7620,1321,19,8
7621,1321,22,15
7622,1322,15,13
7623,1322,8,21
7624,1322,20,23
7625,1322,5,12
7626,1322,18,1
7627,1322,7,17
7628,1322,10,20
7629,1323,5,8
7630,1323,15,5
7631,1323,6,0
7632,1323,23,1
7633,1323,13,21
7634,1324,9,5
7635,1324,15,21
7636,1324,7,3
7637,1324,19,2
7638,1325,0,15
7639,1325,24,3
7640,1325,10,13
7641,1325,15,11
7642,1325,23,13
7643,1325,10,17
7644,1325,21,13
7645,1326,9,20
7646,1326,24,1
7647,1326,2,5
7648,1326,13,10
7649,1326,13,6
7650,1326,19,5
7651,1326,16,22
7652,1327,6,14
7653,1327,20,13
7654,1327,6,18
7655,1327,13,19
7656,1327,11,8
7657,1327,4,16
7658,1328,19,12
7659,1328,5,15
7660,1328,17,14
7661,1329,16,23
7662,1329,4,1
7663,1329,15,9
7664,1329,14,3
7665,1330,0,3
7666,1330,4,24
7667,1330,23,8
7668,1331,8,10
7669,1331,11,19
7670,1331,15,14
7671,1331,12,10
7672,1332,1,19
7673,1332,12,14
7674,1332,13,22
7675,1332,12,9
7676,1332,12,23
7677,1332,22,19
7678,1332,10,4
7679,1333,18,15
7680,1333,24,12
7681,1333,21,6
7682,1333,8,18
7683,1333,21,14
7684,1333,14,23
7685,1333,18,8
7686,1333,12,22
7687,1334,17,0
7688,1334,12,2
7689,1334,8,20
7690,1334,3,5
7691,1334,10,13
7692,1334,13,23
7693,1334,9,3
7694,1335,8,11
7695,1335,12,23
7696,1335,15,0
7697,1335,5,23
7698,1335,16,20
7699,1335,1,9
7700,1336,21,24
7701,1336,24,18
7702,1336,14,22
7703,1336,9,7
7704,1336,17,9
7705,1337,18,16
7706,1337,4,23
7707,1337,9,18
7708,1337,23,4
7709,1338,4,2
7710,1339,13,21
7711,1339,14,10
7712,1339,24,11
7713,1339,11,8
7714,1340,12,5
7715,1340,11,23
7716,1340,8,4
7717,1340,5,11
7718,1340,14,15
7719,1340,11,19
7720,1340,16,10
7721,1341,1,3
7722,1341,12,4
7723,1341,19,0
7724,1342,19,20
7725,1342,13,0
7726,1342,15,13
7727,1342,5,7
7728,1342,21,23
7729,1342,21,3
7730,1342,11,18
7731,1342,15,3
7732,1343,11,7
7733,1343,1,18
7734,1343,1,14
7735,1343,11,9
7736,1343,3,18
7737,1343,17,8
7738,1343,10,9
7739,1343,6,24
7740,1344,20,0
7741,1344,11,3
7742,1344,2,5
7743,1344,0,4
7744,1344,9,22
7745,1345,3,17
7746,1345,23,3
7747,1345,8,5
7748,1345,12,4
7749,1346,10,7
7750,1346,7,15
7751,1346,5,4
7752,1346,21,8
7753,1346,12,8
7754,1346,7,16
7755,1346,18,4
7756,1346,8,18
7757,1347,20,16
7758,1347,5,9
7759,1347,7,14
7760,1347,23,10
7761,1347,7,13
7762,1347,4,2
7763,1347,15,17
7764,1347,22,16
7765,1348,14,1
7766,1348,1,18
7767,1348,11,4
7768,1349,15,11
7769,1349,2,10
7770,1349,18,8
7771,1349,13,7
7772,1349,9,13
7773,1350,14,2
7774,1350,9,6
7775,1350,15,22
7776,1350,22,3
7777,1350,18,0
7778,1350,8,14
7779,1350,8,6
7780,1350,18,20
7781,1351,20,3
7782,1351,1,20
7783,1351,19,12
7784,1351,8,10
7785,1351,22,11
7786,1352,8,4
7787,1352,5,14
7788,1352,3,17
7789,1352,11,20
7790,1352,14,17
7791,1352,0,21
7792,1352,6,23
7793,1352,22,15
7794,1353,2,23
7795,1353,12,16
7796,1353,22,15
7797,1353,8,11
7798,1353,24,5
7799,1353,12,14
7800,1353,9,0
7801,1354,13,24
7802,1354,21,7
7803,1354,21,9
7804,1354,18,1
7805,1354,17,6
7806,1354,1,21
7807,1355,10,19
7808,1355,24,16
7809,1355,3,7
7810,1356,23,15
7811,1356,5,13
7812,1356,11,21
7813,1356,24,9
7814,1356,7,23
7815,1357,11,22
7816,1357,5,3
7817,1357,14,4
7818,1357,13,4
7819,1357,10,21
7820,1357,22,3
7821,1357,11,20
7822,1357,19,0
7823,1357,7,18
7824,1358,22,8
7825,1358,24,17
7826,1359,19,13
7827,1359,23,4
7828,1359,19,5
7829,1359,12,15
7830,1359,24,20
7831,1359,6,17
7832,1360,18,8
7833,1360,24,11
7834,1360,0,17
7835,1360,11,0
7836,1360,16,7
7837,1360,14,11
7838,1360,18,10
7839,1360,7,19
7840,1361,4,1
7841,1361,5,3
7842,1361,4,11
7843,1361,0,13
7844,1361,5,7
7845,1361,8,24
7846,1361,12,15
7847,1362,22,6
7848,1362,10,7
7849,1362,21,17
7850,1362,22,10
7851,1362,3,14
7852,1362,17,7
7853,1363,11,15
7854,1363,18,11
7855,1363,23,3
7856,1363,24,13
7857,1363,22,14
7858,1364,20,0
7859,1364,9,24
7860,1364,9,2
7861,1364,22,6
7862,1364,15,22
7863,1364,2,16
7864,1365,13,9
7865,1365,17,4
7866,1365,6,19
7867,1365,4,11
7868,1365,22,18
7869,1365,22,7
7870,1365,6,8
7871,1366,20,6
7872,1366,23,4
7873,1366,12,4
7874,1366,14,0
7875,1367,19,10
7876,1367,19,17
7877,1367,18,3
7878,1367,1,5
7879,1367,12,18
7880,1367,21,12
7881,1367,3,22
7882,1368,16,13
7883,1368,17,20
7884,1369,17,2
7885,1369,16,8
7886,1369,17,19
7887,1369,1,11
7888,1369,7,17
7889,1369,21,3
7890,1369,10,19
7891,1369,16,9
7892,1370,23,13
7893,1370,20,3
7894,1370,17,5
7895,1370,24,9
7896,1370,8,22
7897,1370,18,8
7898,1370,1,23
7899,1370,6,10
7900,1370,20,23
7901,1371,9,15
7902,1371,4,22
7903,1371,2,6
7904,1371,24,17
7905,1371,23,10
7906,1371,8,0
7907,1372,2,24
7908,1372,1,12
7909,1372,15,9
7910,1372,18,6
7911,1372,1,9
7912,1372,11,24
7913,1372,19,16
7914,1372,6,15
7915,1372,11,17
7916,1372,17,20
7917,1373,21,2
7918,1373,24,13
7919,1373,17,9
7920,1374,6,21
7921,1374,21,23
7922,1374,11,0
7923,1374,0,14
7924,1374,3,5
7925,1374,14,10
7926,1374,20,13
7927,1374,7,24
7928,1374,4,7
7929,1375,8,10
7930,1375,9,7
7931,1375,24,16
7932,1376,4,11
7933,1376,14,6
7934,1376,9,1
7935,1376,18,9
7936,1376,10,13
7937,1377,22,24
7938,1377,4,5
7939,1377,11,2
7940,1377,20,4
7941,1377,13,23
7942,1377,5,3
7943,1377,8,14
7944,1378,1,7
7945,1378,14,5
7946,1378,8,4
7947,1378,11,21
7948,1379,24,22
7949,1379,2,11
7950,1379,19,13
7951,1379,18,10
7952,1379,1,24
7953,1379,21,24
7954,1379,24,8
7955,1380,10,13
7956,1380,7,3
7957,1380,19,17
7958,1380,21,13
7959,1380,22,15
7960,1380,21,6
7961,1381,24,17
7962,1381,19,8
7963,1381,11,4
7964,1381,1,24
7965,1381,6,14
7966,1381,11,21
7967,1382,20,13
7968,1382,8,24
7969,1382,1,20
7970,1382,24,20
7971,1382,4,1
7972,1382,21,10
7973,1382,5,16
7974,1382,16,1
7975,1383,23,14
7976,1383,10,18
7977,1383,11,13
7978,1383,2,5
7979,1383,10,12
7980,1383,10,0
7981,1383,23,7
7982,1383,15,2
7983,1384,22,1
7984,1384,19,15
7985,1384,16,23
7986,1384,7,19
7987,1385,19,2
7988,1385,6,4
7989,1385,20,8
7990,1385,11,23
7991,1385,7,18
7992,1385,19,21
7993,1385,10,21
7994,1386,20,14
7995,1386,2,14
7996,1386,7,10
7997,1386,4,13
7998,1387,3,14
7999,1387,15,23
8000,1387,14,22
8001,1387,18,11
8002,1387,20,16
8003,1387,22,9
8004,1388,10,13
8005,1388,10,12
8006,1388,2,0
8007,1388,13,17
8008,1388,0,20
8009,1388,24,18
8010,1389,4,19
8011,1389,1,4
8012,1389,7,11
8013,1389,22,6
8014,1389,6,15
8015,1390,16,4
8016,1390,22,18
8017,1390,17,15
8018,1390,10,24
8019,1390,13,15
8020,1391,20,24
8021,1391,23,19
8022,1391,11,8
8023,1391,14,11
8024,1391,23,9
8025,1391,17,11
8026,1392,6,3
8027,1392,24,11
8028,1392,18,16
8029,1392,16,14
8030,1392,11,14
8031,1392,22,4
8032,1392,7,1
8033,1393,9,22
8034,1393,14,18
8035,1393,7,9
8036,1393,19,13
8037,1393,15,21
8038,1393,20,24
8039,1393,8,11
8040,1393,6,0
8041,1394,2,11
8042,1394,21,12
8043,1394,3,1
8044,1394,3,21
8045,1394,20,4
8046,1394,6,18
8047,1395,18,9
8048,1395,22,13
8049,1395,14,12
8050,1395,17,13
8051,1395,16,19
8052,1395,11,15
8053,1395,19,17
8054,1395,16,1
8055,1395,4,14
8056,1395,0,9
8057,1395,19,4
8058,1395,12,21
8059,1395,20,18
8060,1396,6,18
8061,1396,20,9
8062,1396,21,4
8063,1396,24,0
8064,1396,0,9
8065,1396,15,6
8066,1396,11,4
8067,1397,6,9
8068,1397,1,3
8069,1397,22,20
8070,1397,15,7
8071,1397,13,23
8072,1397,23,15
8073,1397,11,20
8074,1398,13,16
8075,1398,1,13
8076,1398,11,17
8077,1398,3,12
8078,1398,22,18
8079,1398,5,22
8080,1398,13,10
8081,1399,6,16
8082,1399,1,15
8083,1399,9,0
8084,1399,23,2
8085,1399,24,4
8086,1399,10,22
8087,1399,11,7
8088,1399,15,0
8089,1399,12,9
8090,1399,1,24
8091,1400,12,4
8092,1400,9,20
8093,1400,12,21
8094,1400,4,16
8095,1400,19,13
8096,1401,0,8
8097,1401,3,17
8098,1401,15,1
8099,1401,22,19
8100,1401,11,19
8101,1401,6,13
8102,1402,12,0
8103,1402,6,10
8104,1402,11,9
8105,1402,12,5
8106,1402,5,12
8107,1403,13,20
8108,1403,1,22
8109,1403,5,19
8110,1403,7,1
8111,1403,11,23
8112,1403,19,6
8113,1403,2,10
8114,1403,20,5
8115,1403,3,19
8116,1403,9,22
8117,1404,16,10
8118,1404,1,8
8119,1404,8,2
8120,1404,12,15
8121,1405,11,22
8122,1405,4,24
8123,1405,9,15
8124,1406,6,3
8125,1406,14,8
8126,1406,22,11
8127,1406,5,18
8128,1406,10,0
8129,1406,15,24
8130,1406,21,13
8131,1406,12,19
8132,1407,17,20
8133,1407,2,10
8134,1407,21,4
8135,1407,8,4
8136,1407,20,1
8137,1407,3,17
8138,1407,22,12
8139,1407,2,13
8140,1407,18,5
8141,1407,15,2
8142,1408,14,23
8143,1408,19,17
8144,1408,23,3
8145,1408,12,4
8146,1408,12,24
8147,1408,2,9
8148,1408,19,4
8149,1408,5,2
8150,1408,16,1
8151,1409,20,1
8152,1410,3,7
8153,1410,19,3
8154,1410,4,11
8155,1410,14,18
8156,1410,22,12
8157,1410,12,2
8158,1410,16,24
8159,1411,17,1
8160,1411,12,23
8161,1411,6,19
8162,1411,19,3
8163,1411,0,9
8164,1411,18,14
8165,1411,3,14
8166,1411,0,14
8167,1411,2,11
8168,1411,2,8
8169,1412,3,6
8170,1412,13,10
8171,1412,6,8
8172,1412,24,13
8173,1412,15,11
8174,1413,8,5
8175,1413,6,19
8176,1413,12,4
8177,1413,9,21
8178,1413,3,7
8179,1413,0,6
8180,1413,5,3
8181,1413,8,15
8182,1414,13,19
8183,1414,5,24
8184,1414,2,21
8185,1414,8,10
8186,1414,15,5
8187,1414,22,8
8188,1415,23,16
8189,1415,15,24
8190,1415,11,7
8191,1415,13,10
8192,1416,23,15
8193,1416,1,20
8194,1416,7,11
8195,1416,7,22
8196,1416,18,3
8197,1416,14,12
8198,1416,4,22
8199,1416,6,22
8200,1417,7,15
8201,1417,20,24
8202,1417,23,8
8203,1418,10,14
8204,1418,22,14
8205,1418,20,12
8206,1418,1,20
8207,1418,9,7
8208,1419,14,21
8209,1419,7,19
8210,1419,15,2
8211,1419,16,24
8212,1419,14,7
8213,1419,13,3
8214,1419,6,23
8215,1419,14,8
8216,1419,22,12
8217,1419,22,14
8218,1419,18,1
8219,1419,4,16
8220,1420,18,6
8221,1420,20,10
8222,1420,21,11
8223,1420,9,5
8224,1420,20,8
8225,1420,18,7
8226,1420,7,16
8227,1420,20,5
8228,1420,16,14
8229,1421,17,19
8230,1421,22,1
8231,1421,17,2
8232,1421,13,24
8233,1421,20,3
8234,1421,19,8
8235,1422,14,18
8236,1422,2,13
8237,1422,21,5
8238,1422,9,0
8239,1422,17,8
8240,1422,24,20
8241,1422,12,16
8242,1422,14,0
8243,1422,14,0
8244,1423,14,6
8245,1423,11,5
8246,1423,20,16
8247,1423,24,5
8248,1423,18,16
8249,1423,5,13
8250,1423,4,21
8251,1423,14,11
8252,1424,8,0
8253,1424,3,11
8254,1424,0,3
8255,1424,11,24
8256,1424,20,13
8257,1424,15,13
8258,1425,14,8
8259,1425,14,1
8260,1426,16,0
8261,1426,2,11
8262,1426,17,0
8263,1426,3,16
8264,1426,11,20
8265,1427,10,17
8266,1427,7,23
8267,1427,5,16
8268,1428,9,24
8269,1428,10,13
8270,1428,21,3
8271,1428,0,18
8272,1428,24,1
8273,1428,18,11
8274,1429,11,8
8275,1429,19,7
8276,1429,12,2
8277,1429,4,13
8278,1429,14,3
8279,1429,15,13
8280,1430,18,21
8281,1430,17,24
8282,1430,8,17
8283,1430,16,5
8284,1430,9,0
8285,1431,9,23
8286,1431,2,14
8287,1432,12,24
8288,1432,2,21
8289,1432,15,12
8290,1432,16,3
8291,1432,9,19
8292,1432,18,16
8293,1432,8,24
8294,1433,24,10
8295,1433,22,1
8296,1433,13,22
8297,1433,11,3
8298,1433,11,18
8299,1434,20,18
8300,1434,18,10
8301,1434,18,21
8302,1434,4,18
8303,1434,14,21
8304,1434,5,19
8305,1435,15,0
8306,1435,17,11
8307,1435,6,10
8308,1435,20,6
8309,1436,16,1
8310,1436,8,1
8311,1437,23,8
8312,1437,16,23
8313,1437,14,17
8314,1437,3,9
8315,1438,11,21
8316,1438,21,5
8317,1438,3,11
8318,1438,4,18
8319,1438,5,9
8320,1438,3,16
8321,1438,0,3
8322,1439,1,22
8323,1439,15,7
8324,1439,13,1
8325,1439,12,8
8326,1440,17,6
8327,1440,11,18
8328,1440,8,2
8329,1440,13,10
8330,1440,3,15
8331,1440,5,12
8332,1440,14,6
8333,1441,16,12
8334,1441,21,3
8335,1441,1,11
8336,1441,19,6
8337,1441,19,6
8338,1441,4,8
8339,1441,0,7
8340,1442,24,4
8341,1442,18,16
8342,1443,3,0
8343,1443,23,16
8344,1443,24,1
8345,1443,19,5
8346,1443,1,24
8347,1443,14,15
8348,1444,22,18
8349,1444,9,20
8350,1444,24,3
8351,1444,13,10
8352,1445,7,13
8353,1445,23,7
8354,1446,22,0
8355,1446,14,1
8356,1446,5,19
8357,1446,2,6
8358,1446,15,0
8359,1446,16,20
8360,1446,1,7
8361,1446,0,8
8362,1447,17,1
8363,1447,23,3
8364,1447,13,22
8365,1447,2,8
8366,1447,14,8
8367,1447,4,15
8368,1447,7,21
8369,1447,4,19
8370,1447,11,14
8371,1447,15,11
8372,1447,19,17
8373,1448,14,8
8374,1448,15,6
8375,1448,11,8
8376,1448,7,0
8377,1449,24,20
8378,1449,9,3
8379,1449,14,4
8380,1450,11,5
8381,1450,12,20
8382,1450,19,16
8383,1451,12,18
8384,1451,8,0
8385,1451,11,24
8386,1451,0,16
8387,1451,2,21
8388,1452,13,21
8389,1452,17,5
8390,1452,11,23
8391,1452,19,3
8392,1453,18,10
8393,1453,10,17
8394,1453,22,20
8395,1453,15,7
8396,1453,24,2
8397,1453,23,12
8398,1453,10,19
8399,1453,9,15
8400,1454,9,21
8401,1454,4,22
8402,1454,21,19
8403,1454,8,21
8404,1454,15,18
8405,1455,12,20
8406,1455,3,21
8407,1455,0,3
8408,1455,11,13
8409,1455,0,10
8410,1455,1,22
8411,1455,17,3
8412,1456,24,14
8413,1456,23,10
8414,1456,0,23
8415,1456,9,21
8416,1456,2,6
8417,1456,3,14
8418,1457,21,13
8419,1457,22,20
8420,1457,9,0
8421,1458,4,23
8422,1458,16,14
8423,1458,16,19
8424,1458,12,6
8425,1459,24,16
8426,1459,9,5
8427,1459,19,13
8428,1459,22,12
8429,1460,16,13
8430,1460,15,12
8431,1460,5,7
8432,1461,19,2
8433,1461,1,23
8434,1461,8,4
8435,1461,0,6
8436,1462,14,18
8437,1462,15,11
8438,1462,20,13
8439,1462,0,11
8440,1462,17,0
8441,1462,20,2
8442,1463,1,21
8443,1463,3,20
8444,1463,24,22
8445,1463,1,15
8446,1463,18,7
8447,1463,19,10
8448,1464,15,7
8449,1464,17,23
8450,1464,16,5
8451,1464,1,4
8452,1465,3,21
8453,1465,22,4
8454,1465,10,23
8455,1465,24,9
8456,1465,11,3
8457,1466,24,21
8458,1466,12,10
8459,1466,5,3
8460,1466,11,17
8461,1466,10,13
8462,1467,16,8
8463,1467,22,3
8464,1467,3,11
8465,1467,19,8
8466,1467,19,13
8467,1468,21,3
8468,1468,1,8
8469,1468,17,14
8470,1468,16,8
8471,1468,6,16
8472,1469,8,12
8473,1469,16,14
8474,1469,11,15
8475,1469,4,14
8476,1469,0,13
8477,1469,13,22
8478,1470,7,15
8479,1470,23,9
8480,1470,8,15
8481,1470,12,18
8482,1471,6,2
8483,1471,10,6
8484,1471,16,24
8485,1471,21,13
8486,1471,23,16
8487,1471,7,21
8488,1471,7,19
8489,1471,11,3
8490,1471,21,15
8491,1471,16,7
8492,1471,1,12
8493,1472,20,1
8494,1472,6,17
8495,1472,23,6
8496,1472,10,9
8497,1472,5,13
8498,1472,1,12
8499,1472,4,8
8500,1472,7,10
8501,1473,0,10
8502,1473,19,8
8503,1473,24,21
8504,1473,9,17
8505,1474,23,1
8506,1474,23,13
8507,1474,3,22
8508,1474,6,0
8509,1474,3,15
8510,1475,17,24
8511,1475,17,2
8512,1475,13,10
8513,1475,8,4
8514,1475,3,7
8515,1475,18,5
8516,1475,7,17
8517,1475,13,20
8518,1476,23,0
8519,1476,8,1
8520,1476,22,6
8521,1476,5,12
8522,1476,24,16
8523,1476,9,7
8524,1477,24,11
8525,1477,6,10
8526,1477,0,23
8527,1477,13,20
8528,1477,17,9
8529,1477,9,0
8530,1477,24,21
8531,1477,19,20
8532,1477,20,12
8533,1478,1,11
8534,1478,11,3
8535,1478,16,5
8536,1478,1,22
8537,1478,7,23
8538,1478,19,15
8539,1478,23,21
8540,1478,9,13
8541,1479,4,8
8542,1479,13,22
8543,1479,20,14
8544,1479,3,24
8545,1479,22,14
8546,1479,7,13
8547,1479,16,6
8548,1479,14,18
8549,1479,16,19
8550,1480,13,17
8551,1480,22,8
8552,1480,5,16
8553,1480,5,1
8554,1480,22,14
8555,1481,17,7
8556,1481,24,20
8557,1481,1,5
8558,1481,10,16
8559,1481,23,21
8560,1481,10,1
8561,1481,14,23
8562,1482,11,14
8563,1482,1,23
8564,1482,2,10
8565,1482,8,4
8566,1482,9,1
8567,1482,16,6
8568,1483,17,7
8569,1483,11,14
8570,1483,0,18
8571,1483,14,1
8572,1483,11,15
8573,1484,17,0
8574,1484,6,2
8575,1484,19,10
8576,1484,0,18
8577,1484,22,14
8578,1484,16,20
8579,1484,24,12
8580,1485,3,1
8581,1485,10,22
8582,1485,18,1
8583,1485,14,3
8584,1485,9,23
8585,1485,6,3
8586,1486,21,3
8587,1486,12,20
8588,1487,0,23
8589,1487,12,2
8590,1488,18,12
8591,1488,23,3
8592,1489,12,15
8593,1489,12,20
8594,1490,22,7
8595,1490,14,24
8596,1490,9,23
8597,1490,9,20
8598,1490,11,19
8599,1491,9,24
8600,1491,7,13
8601,1491,1,16
8602,1491,6,4
8603,1491,20,12
8604,1491,21,17
8605,1492,3,20
8606,1492,14,16
8607,1492,13,21
8608,1492,3,24
8609,1492,7,17
8610,1492,12,22
8611,1492,23,12
8612,1493,1,22
8613,1493,5,18
8614,1493,14,4
8615,1493,6,9
8616,1493,24,0
8617,1494,0,11
8618,1494,17,5
8619,1494,3,6
8620,1494,22,0
8621,1494,13,5
8622,1494,23,21
8623,1494,17,8
8624,1495,6,20
8625,1495,0,14
8626,1495,17,4
8627,1495,8,24
8628,1495,0,8
8629,1495,10,23
8630,1496,18,11
8631,1496,6,21
8632,1496,14,1
8633,1496,5,1
8634,1497,6,24
8635,1497,6,17
8636,1497,16,9
8637,1497,23,8
8638,1497,13,19
8639,1497,10,13
8640,1498,22,11
8641,1498,20,22
8642,1498,18,14
8643,1498,11,4
8644,1498,9,22
8645,1498,22,18
8646,1498,2,5
8647,1498,23,15
8648,1498,1,18
8649,1499,21,2
8650,1499,3,7
8651,1499,9,21
8652,1499,0,18
8653,1499,20,18
8654,1499,17,23
8655,1499,5,15
8656,1499,8,17
8657,1499,8,5
8658,1500,5,8
8659,1500,18,22
8660,1500,20,3
8661,1500,12,8
8662,1500,2,9
8663,1500,7,14
8664,1501,0,21
8665,1501,24,15
8666,1501,20,7
8667,1501,24,18
8668,1501,9,22
8669,1501,2,23
8670,1502,7,5
8671,1502,20,10
8672,1502,12,4
8673,1502,3,23
8674,1502,15,8
8675,1502,14,0
8676,1502,0,11
8677,1502,10,4
8678,1502,11,2
8679,1503,22,0
8680,1503,17,21
8681,1503,9,15
8682,1503,19,21
8683,1503,0,16
8684,1503,13,21
8685,1503,2,4
8686,1504,24,16
8687,1504,9,21
8688,1504,12,22
8689,1504,20,5
8690,1505,8,20
8691,1505,22,0
8692,1505,0,22
8693,1505,8,14
8694,1505,17,1
8695,1506,5,14
8696,1506,13,20
8697,1506,7,14
8698,1507,4,10
8699,1507,8,17
8700,1507,23,8
8701,1507,12,14
8702,1507,20,6
8703,1507,23,14
8704,1507,5,19
8705,1508,14,23
8706,1508,15,5
8707,1508,23,19
8708,1508,12,10
8709,1508,17,21
8710,1508,23,7
8711,1509,13,20
8712,1509,3,5
8713,1509,17,7
8714,1509,19,0
8715,1510,22,24
8716,1510,4,15
8717,1510,10,14
8718,1510,1,11
8719,1510,18,5
8720,1510,14,0
8721,1510,6,0
8722,1510,2,18
8723,1511,9,18
8724,1511,14,5
8725,1511,14,7
8726,1511,1,17
8727,1511,8,1
8728,1512,21,1
8729,1512,9,3
8730,1512,13,6
8731,1512,1,19
8732,1512,19,20
8733,1512,0,9
8734,1513,10,16
8735,1513,21,23
8736,1513,2,10
8737,1513,21,11
8738,1514,17,21
8739,1514,22,3
8740,1514,10,3
8741,1514,2,21
8742,1514,1,23
8743,1514,23,9
8744,1514,20,9
8745,1514,11,14
8746,1515,2,10
8747,1515,3,15
8748,1516,16,4
8749,1516,20,9
8750,1516,10,16
8751,1516,21,19
8752,1516,16,14
8753,1517,8,5
8754,1517,17,4
8755,1517,24,2
8756,1517,8,16
8757,1517,3,11
8758,1517,23,16
8759,1517,13,6
8760,1517,21,2
8761,1517,22,11
8762,1518,20,4
8763,1518,4,20
8764,1518,2,8
8765,1518,18,22
8766,1518,4,20
8767,1519,2,19
8768,1519,11,7
8769,1519,1,3
8770,1519,18,4
8771,1519,1,12
8772,1519,3,5
8773,1519,14,24
8774,1520,21,13
8775,1520,2,20
8776,1520,10,0
8777,1520,3,20
8778,1521,11,14
8779,1521,17,11
8780,1521,21,6
8781,1521,1,20
8782,1521,9,10
8783,1521,15,2
8784,1521,10,23
8785,1521,2,13
8786,1521,4,7
8787,1521,13,0
8788,1521,20,17
8789,1522,24,3
8790,1522,13,17
8791,1522,18,20
8792,1522,8,14
8793,1522,23,13
8794,1523,2,11
8795,1523,5,24
8796,1524,14,10
8797,1524,19,4
8798,1524,19,3
8799,1524,11,0
8800,1524,8,10
8801,1524,11,2
8802,1524,19,10
8803,1525,16,10
8804,1525,16,18
8805,1525,2,17
8806,1526,7,10
8807,1526,13,20
8808,1526,20,14
8809,1526,13,19
8810,1526,23,13
8811,1526,1,5
8812,1527,4,17
8813,1527,5,24
8814,1527,13,17
8815,1527,5,19
8816,1527,1,15
8817,1528,2,17
8818,1528,5,12
8819,1528,11,2
8820,1528,3,22
8821,1528,22,9
8822,1528,22,4
8823,1528,5,13
8824,1528,17,8
8825,1529,23,1
8826,1529,11,8
8827,1529,2,5
8828,1529,14,15
8829,1529,1,17
8830,1529,13,17
8831,1529,6,22
8832,1530,12,15
8833,1530,4,1
8834,1530,2,20
8835,1530,14,0
8836,1530,19,7
8837,1530,23,0
8838,1530,14,12
8839,1531,21,24
8840,1531,13,10
8841,1531,15,13
8842,1532,18,16
8843,1532,13,6
8844,1532,1,8
8845,1532,24,16
8846,1532,11,20
8847,1533,17,23
8848,1533,10,4
8849,1533,2,24
8850,1533,6,19
8851,1533,13,7
8852,1533,23,5
8853,1534,21,4
8854,1534,6,24
8855,1534,16,19
8856,1534,20,5
8857,1534,7,18
8858,1534,2,10
8859,1534,9,19
8860,1535,23,17
8861,1535,19,2
8862,1535,17,7
8863,1535,18,24
8864,1535,7,11
8865,1535,19,20
8866,1536,10,1
8867,1536,23,0
8868,1536,16,12
8869,1536,22,1
8870,1536,16,7
8871,1536,6,21
8872,1537,19,23
8873,1537,17,7
8874,1537,7,0
8875,1537,19,22
8876,1537,13,20
8877,1537,6,13
8878,1538,0,15
8879,1538,3,0
8880,1538,7,1
8881,1538,19,2
8882,1538,17,23
8883,1539,0,13
8884,1539,23,17
8885,1539,7,3
8886,1539,5,2
8887,1539,16,2
8888,1539,8,24
8889,1539,7,11
8890,1540,0,14
8891,1540,4,15
8892,1540,9,10
8893,1540,21,19
8894,1541,4,23
8895,1541,14,11
8896,1541,7,18
8897,1541,8,12
8898,1541,21,15
8899,1541,1,20
8900,1541,9,6
8901,1542,18,12
8902,1542,7,24
8903,1542,4,2
8904,1542,7,18
8905,1543,17,5
8906,1543,2,8
8907,1543,9,17
8908,1543,4,18
8909,1543,1,24
8910,1543,10,4
8911,1543,12,6
8912,1544,7,14
8913,1544,1,14
8914,1544,12,19
8915,1545,22,8
8916,1545,15,0
8917,1545,11,4
8918,1546,1,17
8919,1546,16,8
8920,1546,12,9
8921,1546,24,12
8922,1546,13,20
8923,1546,2,18
8924,1546,14,11
8925,1546,6,24
8926,1547,5,24
8927,1547,8,24
8928,1547,11,5
8929,1548,5,21
8930,1548,0,6
8931,1548,11,21
8932,1548,16,4
8933,1549,11,20
8934,1549,4,12
8935,1549,17,8
8936,1549,3,13
8937,1549,13,21
8938,1549,17,24
8939,1549,14,6
8940,1549,17,21
8941,1549,6,18
8942,1549,13,6
8943,1549,2,9
8944,1549,9,15
8945,1550,18,10
8946,1550,7,18
8947,1550,21,9
8948,1550,20,22
8949,1550,16,18
8950,1551,7,22
8951,1551,8,21
8952,1551,21,18
8953,1551,3,17
8954,1552,18,1
8955,1552,22,16
8956,1552,23,2
8957,1552,5,8
8958,1552,21,15
8959,1552,0,3
8960,1553,21,24
8961,1553,11,14
8962,1553,3,22
8963,1553,12,16
8964,1553,11,3
8965,1553,19,7
8966,1553,18,24
8967,1554,10,6
8968,1554,4,7
8969,1554,10,2
8970,1554,14,23
8971,1555,21,4
8972,1555,2,20
8973,1555,16,4
8974,1555,4,21
8975,1556,11,13
8976,1556,17,20
8977,1556,12,8
8978,1556,14,20
8979,1556,18,9
8980,1556,5,19
8981,1557,21,7
8982,1557,12,9
8983,1557,19,11
8984,1557,0,23
8985,1558,22,2
8986,1558,9,5
8987,1558,23,9
8988,1558,9,21
8989,1559,16,2
8990,1559,12,0
8991,1559,21,7
8992,1559,12,16
8993,1559,4,0
8994,1560,18,7
8995,1560,22,9
8996,1560,5,14
8997,1560,24,13
8998,1560,8,18
8999,1560,20,3
9000,1561,9,23
9001,1561,4,16
9002,1561,14,21
9003,1561,3,22
9004,1561,0,22
9005,1561,5,24
9006,1561,17,7
9007,1561,16,10
9008,1562,19,10
9009,1562,24,12
9010,1562,13,22
9011,1562,19,20
9012,1562,12,24
9013,1563,8,21
9014,1563,10,21
9015,1563,11,5
9016,1563,12,18
9017,1563,10,13
9018,1563,14,20
9019,1564,19,20
9020,1564,4,10
9021,1564,5,18
9022,1564,0,14
9023,1564,0,21
9024,1564,9,23
9025,1564,24,4
9026,1564,6,3
9027,1564,7,0
9028,1564,12,0
9029,1565,9,6
9030,1565,20,17
9031,1565,7,15
9032,1566,2,24
9033,1566,8,24
9034,1566,15,7
9035,1566,16,2
9036,1566,20,17
9037,1566,14,16
9038,1567,15,3
9039,1567,24,8
9040,1567,15,3
9041,1567,17,0
9042,1567,18,10
9043,1568,12,22
9044,1568,4,12
9045,1568,5,2
9046,1568,15,6
9047,1568,4,10
9048,1568,10,7
9049,1568,24,9
9050,1569,19,4
9051,1569,11,23
9052,1569,4,20
9053,1569,9,11
9054,1569,5,16
9055,1569,8,24
9056,1570,0,6
9057,1570,23,21
9058,1570,12,10
9059,1570,11,23
9060,1570,9,20
9061,1570,16,12
9062,1570,4,2
9063,1571,16,18
9064,1571,3,11
9065,1571,9,15
9066,1571,19,20
9067,1571,3,22
9068,1571,18,9
9069,1571,4,5
9070,1571,21,12
9071,1571,13,17
9072,1571,1,19
9073,1572,24,13
9074,1572,0,14
9075,1572,18,14
9076,1572,9,13
9077,1572,7,23
9078,1572,5,17
9079,1572,6,23
9080,1572,3,21
9081,1572,19,0
9082,1572,9,2
9083,1572,0,9
9084,1572,14,11
9085,1573,12,15
9086,1574,12,0
9087,1574,17,6
9088,1574,19,22
9089,1574,21,1
9090,1574,9,6
9091,1575,17,8
9092,1575,2,16
9093,1575,23,1
9094,1575,20,14
9095,1575,6,8
9096,1575,7,14
9097,1575,12,16
9098,1576,5,18
9099,1576,8,12
9100,1576,16,14
9101,1576,20,12
9102,1576,14,21
9103,1576,10,18
9104,1576,23,11
9105,1577,2,18
9106,1577,1,11
9107,1577,18,8
9108,1577,15,7
9109,1578,8,21
9110,1578,5,18
9111,1578,10,6
9112,1578,19,3
9113,1578,14,7
9114,1578,24,3
9115,1578,0,23
9116,1578,10,13
9117,1579,9,5
9118,1579,4,2
9119,1580,12,5
9120,1580,19,13
9121,1580,18,7
9122,1580,8,17
9123,1581,21,7
9124,1581,8,10
9125,1581,20,13
9126,1581,11,7
9127,1581,3,18
9128,1582,20,1
9129,1582,12,15
9130,1582,9,3
9131,1582,11,2
9132,1582,14,11
9133,1583,5,23
9134,1583,22,7
9135,1583,22,9
9136,1583,22,4
9137,1583,3,1
9138,1583,2,18
9139,1583,0,2
9140,1584,19,17
9141,1584,19,21
9142,1584,8,5
9143,1584,22,3
9144,1584,10,9
9145,1584,17,6
9146,1584,22,0
9147,1585,19,8
9148,1585,8,15
9149,1585,22,20
9150,1585,5,8
9151,1586,20,14
9152,1586,7,14
9153,1586,20,10
9154,1586,3,0
9155,1586,5,23
9156,1587,1,5
9157,1587,19,9
9158,1587,10,7
9159,1587,7,19
9160,1587,10,2
9161,1587,5,7
9162,1588,3,10
9163,1588,19,9
9164,1588,15,11
9165,1588,13,5
9166,1588,9,12
9167,1588,20,0
9168,1589,5,3
9169,1589,5,11
9170,1589,23,8
9171,1589,16,4
9172,1589,20,8
9173,1590,8,2
9174,1590,11,5
9175,1590,0,22
9176,1590,15,6
9177,1591,0,20
9178,1591,4,18
9179,1591,24,8
9180,1592,3,18
9181,1592,22,7
9182,1592,11,7
9183,1593,20,1
9184,1593,11,19
9185,1593,21,6
9186,1593,21,18
9187,1593,2,14
9188,1593,16,13
9189,1593,8,1
9190,1593,12,2
9191,1594,12,8
9192,1594,5,23
9193,1594,11,19
9194,1594,23,5
9195,1594,24,21
9196,1594,0,19
9197,1594,1,13
9198,1595,0,10
9199,1595,2,11
9200,1595,1,18
9201,1595,10,4
9202,1596,10,12
9203,1596,6,20
9204,1596,9,1
9205,1596,22,14
9206,1596,7,23
9207,1597,1,24
9208,1597,13,23
9209,1597,19,1
9210,1597,7,20
9211,1597,20,4
9212,1597,19,12
9213,1597,17,11
9214,1597,20,2
9215,1598,24,11
9216,1598,0,11
9217,1598,8,0
9218,1598,14,6
9219,1598,3,1
9220,1598,7,10
9221,1599,24,6
9222,1599,18,22
9223,1599,6,4
9224,1599,23,14
9225,1599,4,5
9226,1599,24,16
9227,1599,11,7
9228,1599,19,0
9229,1599,13,2
9230,1600,10,18
9231,1600,6,15
9232,1601,0,19
9233,1601,22,14
9234,1601,23,0
9235,1601,15,24
9236,1602,5,24
9237,1602,14,17
9238,1602,24,9
9239,1602,10,13
9240,1602,24,9
9241,1602,9,7
9242,1602,18,12
9243,1602,0,16
9244,1602,23,20
9245,1603,10,16
9246,1603,1,21
9247,1603,13,2
9248,1603,23,4
9249,1603,12,4
9250,1603,22,1
9251,1603,8,21
9252,1603,11,3
9253,1604,7,24
9254,1604,13,11
9255,1604,21,7
9256,1604,10,16
9257,1604,12,8
9258,1604,24,17
9259,1604,12,3
9260,1605,4,5
9261,1605,10,18
9262,1605,3,13
9263,1605,8,10
9264,1606,14,17
9265,1606,6,23
9266,1606,20,9
9267,1606,12,19
9268,1606,8,15
9269,1607,9,6
9270,1607,22,12
9271,1607,17,1
9272,1607,24,0
9273,1607,7,23
9274,1607,8,24
9275,1607,2,9
9276,1607,5,18
9277,1608,6,9
9278,1608,17,10
9279,1608,4,11
9280,1608,10,16
9281,1608,2,4
9282,1609,20,19
9283,1609,20,13
9284,1610,0,9
9285,1610,16,8
9286,1611,19,0
9287,1611,7,19
9288,1611,18,8
9289,1611,6,4
9290,1611,14,24
9291,1611,12,10
9292,1611,19,10
9293,1612,10,13
9294,1612,20,23
9295,1612,6,13
9296,1612,7,24
9297,1612,16,9
9298,1612,11,1
9299,1613,13,24
9300,1613,11,17
9301,1613,7,15
9302,1613,10,19
9303,1613,9,17
9304,1613,9,20
9305,1614,5,3
9306,1614,3,18
9307,1614,5,9
9308,1614,0,16
9309,1614,0,6
9310,1615,0,15
9311,1615,18,14
9312,1615,20,5
9313,1615,22,15
9314,1615,8,24
9315,1615,10,12
9316,1616,9,1
9317,1616,4,17
9318,1616,22,15
9319,1616,0,8
9320,1616,8,24
9321,1616,23,15
9322,1617,24,0
9323,1617,6,2
9324,1617,9,3
9325,1618,8,22
9326,1618,3,24
9327,1618,8,6
9328,1618,10,9
9329,1618,23,16
9330,1619,11,14
9331,1619,5,11
9332,1619,21,14
9333,1619,15,19
9334,1619,15,14
9335,1620,8,20
9336,1620,8,19
9337,1620,23,13
9338,1620,11,24
9339,1620,1,21
9340,1620,6,13
9341,1620,22,12
9342,1620,5,15
9343,1620,8,16
9344,1621,17,2
9345,1621,17,13
9346,1621,1,19
9347,1621,0,19
9348,1621,9,5
9349,1621,16,8
9350,1621,9,17
9351,1621,18,24
9352,1621,14,10
9353,1621,20,22
9354,1621,10,6
9355,1621,9,19
9356,1622,21,10
9357,1622,4,17
9358,1622,8,15
9359,1622,0,11
9360,1622,11,24
9361,1622,24,12
9362,1623,3,1
9363,1623,21,3
9364,1623,11,20
9365,1623,11,19
9366,1623,18,6
9367,1623,12,9
9368,1623,24,18
9369,1624,5,9
9370,1624,8,2
9371,1624,10,12
9372,1624,19,13
9373,1625,17,20
9374,1625,1,4
9375,1625,15,11
9376,1625,10,7
9377,1626,1,19
9378,1626,15,19
9379,1626,15,19
9380,1627,15,4
9381,1627,5,17
9382,1627,22,1
9383,1628,21,17
9384,1628,23,14
9385,1628,13,19
9386,1628,3,10
9387,1628,17,9
9388,1628,7,18
9389,1629,21,13
9390,1629,20,9
9391,1629,22,3
9392,1629,15,0
9393,1629,10,18
9394,1629,0,9
9395,1630,11,4
9396,1630,6,16
9397,1630,20,3
9398,1630,8,10
9399,1631,18,1
9400,1631,18,6
9401,1632,15,17
9402,1632,4,18
9403,1632,6,0
9404,1632,13,2
9405,1632,4,21
9406,1633,17,24
9407,1633,9,2
9408,1633,14,18
9409,1633,24,22
9410,1633,10,14
9411,1634,21,4
9412,1634,23,13
9413,1634,3,10
9414,1634,17,19
9415,1634,1,9
9416,1635,17,3
9417,1635,16,24
9418,1635,9,22
9419,1635,13,20
9420,1635,2,23
9421,1635,24,3
9422,1635,22,7
9423,1635,19,16
9424,1635,15,23
9425,1635,13,24
9426,1636,5,23
9427,1636,7,16
9428,1636,6,9
9429,1636,19,2
9430,1636,3,24
9431,1636,23,3
9432,1636,15,14
9433,1636,15,17
9434,1636,18,16
9435,1636,17,7
9436,1637,4,7
9437,1637,13,17
9438,1637,23,5
9439,1637,15,7
9440,1637,15,4
9441,1638,5,8
9442,1638,8,10
9443,1638,4,0
9444,1638,20,3
9445,1638,10,21
9446,1638,22,4
9447,1638,16,9
9448,1639,18,3
9449,1639,10,19
9450,1639,1,22
9451,1639,21,17
9452,1640,3,13
9453,1640,23,16
9454,1640,12,21
9455,1640,4,7
9456,1640,22,5
9457,1641,3,17
9458,1641,21,9
9459,1641,21,13
9460,1641,11,20
9461,1641,1,23
9462,1641,24,10
9463,1641,7,10
9464,1642,13,10
9465,1642,11,24
9466,1642,9,11
9467,1643,19,17
9468,1643,0,22
9469,1643,14,4
9470,1643,15,2
9471,1644,12,2
9472,1644,1,21
9473,1644,24,0
9474,1644,6,22
9475,1644,7,3
9476,1644,16,5
9477,1644,22,7
9478,1644,6,19
9479,1645,11,2
9480,1645,24,18
9481,1645,21,19
9482,1645,11,17
9483,1645,3,24
9484,1645,11,23
9485,1645,9,13
9486,1645,2,12
9487,1646,21,23
9488,1646,17,5
9489,1646,8,4
9490,1646,4,15
9491,1646,19,10
9492,1647,16,19
9493,1647,15,9
9494,1647,13,11
9495,1647,6,12
9496,1647,15,5
9497,1647,8,17
9498,1647,0,14
9499,1648,16,10
9500,1648,0,4
9501,1648,3,13
9502,1648,13,10
9503,1648,23,19
9504,1648,22,8
9505,1648,5,1
9506,1648,6,13
9507,1649,12,16
9508,1649,12,10
9509,1649,17,20
9510,1649,6,14
9511,1649,17,20
9512,1649,24,20
9513,1650,19,22
9514,1650,17,8
9515,1650,23,20
9516,1650,3,23
9517,1650,21,1
9518,1650,19,6
9519,1650,10,3
9520,1650,12,18
9521,1650,23,15
9522,1651,14,18
9523,1651,0,9
9524,1651,12,5
9525,1651,15,23
9526,1651,16,2
9527,1652,11,21
9528,1652,17,11
9529,1652,9,3
9530,1652,12,23
9531,1653,14,11
9532,1653,24,22
9533,1653,22,6
9534,1653,14,1
9535,1654,3,22
9536,1654,7,20
9537,1654,12,5
9538,1654,2,15
9539,1655,11,13
9540,1655,3,21
9541,1655,24,13
9542,1655,9,19
9543,1655,15,2
9544,1655,1,16
9545,1655,5,2
9546,1655,23,9
9547,1655,18,6
9548,1655,12,10
9549,1656,5,13
9550,1656,19,6
9551,1656,10,4
9552,1656,22,20
9553,1657,22,20
9554,1657,18,8
9555,1657,13,2
9556,1657,16,12
9557,1657,21,9
9558,1657,5,8
9559,1657,0,10
9560,1657,0,3
9561,1657,12,10
9562,1657,15,23
9563,1658,22,16
9564,1658,16,9
9565,1658,19,0
9566,1658,11,21
9567,1658,1,13
9568,1658,17,5
9569,1658,4,2
9570,1658,10,23
9571,1658,17,7
9572,1658,0,6
9573,1658,0,17
9574,1659,2,17
9575,1659,20,23
9576,1659,9,3
9577,1659,12,14
9578,1660,7,5
9579,1660,15,13
9580,1660,0,9
9581,1660,19,7
9582,1660,1,4
9583,1660,4,18
9584,1660,19,8
9585,1661,15,21
9586,1661,5,2
9587,1661,2,0
9588,1661,6,0
9589,1661,1,19
9590,1662,8,23
9591,1662,13,16
9592,1662,4,18
9593,1662,2,20
9594,1662,5,19
9595,1662,4,18
9596,1662,2,14
9597,1663,24,7
9598,1663,15,8
9599,1663,14,21
9600,1663,16,8
9601,1663,16,12
9602,1663,14,5
9603,1663,19,12
9604,1664,21,8
9605,1664,23,1
9606,1664,9,23
9607,1664,4,8
9608,1665,7,9
9609,1665,13,10
9610,1665,17,4
9611,1665,15,19
9612,1665,11,18
9613,1665,5,12
9614,1665,7,1
9615,1665,8,17
9616,1665,24,20
9617,1666,7,1
9618,1666,13,10
9619,1666,16,19
9620,1666,7,9
9621,1666,13,7
9622,1666,1,23
9623,1666,5,15
9624,1666,22,13
9625,1667,10,17
9626,1667,23,20
9627,1667,20,8
9628,1667,9,7
9629,1667,9,0
9630,1668,11,17
9631,1668,15,19
9632,1668,7,5
9633,1668,24,21
9634,1668,15,18
9635,1668,15,14
9636,1669,11,9
9637,1669,19,12
9638,1669,1,21
9639,1669,16,18
9640,1669,3,0
9641,1669,13,7
9642,1669,2,15
9643,1670,8,15
9644,1670,6,18
9645,1670,16,6
9646,1670,15,1
9647,1670,4,18
9648,1670,14,2
9649,1671,4,14
9650,1671,10,20
9651,1671,9,11
9652,1671,3,12
9653,1671,11,18
9654,1671,15,21
9655,1671,0,3
9656,1671,16,20
9657,1671,18,6
9658,1671,17,6
9659,1672,1,17
9660,1672,10,24
9661,1672,2,16
9662,1672,10,21
9663,1672,5,1
9664,1673,8,23
9665,1673,17,1
9666,1673,22,1
9667,1674,1,11
9668,1674,10,20
9669,1675,14,7
9670,1675,21,11
9671,1675,24,3
9672,1675,5,7
9673,1675,23,13
9674,1675,21,18
9675,1676,2,20
9676,1676,12,23
9677,1676,17,15
9678,1676,1,17
9679,1676,10,13
9680,1676,13,11
9681,1677,19,0
9682,1677,5,22
9683,1677,10,1
9684,1677,23,3
9685,1678,21,19
9686,1678,19,15
9687,1678,12,1
9688,1678,23,12
9689,1679,19,5
9690,1679,17,6
9691,1679,14,10
9692,1680,12,5
9693,1680,24,6
9694,1680,13,23
9695,1680,1,17
9696,1680,20,1
9697,1681,9,16
9698,1681,1,3
9699,1681,18,5
9700,1681,0,2
9701,1681,20,23
9702,1681,1,16
9703,1681,23,12
9704,1681,0,13
9705,1682,5,24
9706,1682,2,5
9707,1682,4,13
9708,1682,18,10
9709,1682,12,21
9710,1682,5,19
9711,1682,11,24
9712,1682,24,0
9713,1682,10,9
9714,1683,0,20
9715,1683,16,5
9716,1683,9,0
9717,1683,20,8
9718,1684,17,8
9719,1684,11,22
9720,1684,0,8
9721,1684,3,15
9722,1684,4,11
9723,1684,4,15
9724,1684,2,13
9725,1684,9,23
9726,1684,9,18
9727,1685,4,21
9728,1685,15,7
9729,1685,13,21
9730,1685,4,1
9731,1685,4,19
9732,1685,22,10
9733,1686,5,13
9734,1686,8,22
9735,1686,7,18
9736,1686,7,22
9737,1686,13,5
9738,1686,24,3
9739,1687,14,16
9740,1687,10,6
9741,1687,18,7
9742,1687,23,7
9743,1687,21,3
9744,1687,5,13
9745,1688,0,22
9746,1688,24,8
9747,1688,24,5
9748,1688,5,2
9749,1688,0,14
9750,1688,14,20
9751,1688,8,10
9752,1689,8,16
9753,1689,3,20
9754,1689,12,22
9755,1689,16,24
9756,1689,11,17
9757,1689,0,9
9758,1690,20,23
9759,1690,16,1
9760,1690,7,10
9761,1690,23,10
9762,1690,23,0
9763,1690,0,15
9764,1690,7,9
9765,1690,6,24
9766,1691,10,8
9767,1691,10,22
9768,1691,5,1
9769,1691,14,6
9770,1691,5,13
9771,1692,6,13
9772,1692,17,19
9773,1692,22,24
9774,1692,13,15
9775,1692,8,12
9776,1692,23,14
9777,1693,16,24
9778,1693,24,1
9779,1693,9,20
9780,1693,6,2
9781,1693,3,22
9782,1693,5,8
9783,1693,22,7
9784,1694,11,0
9785,1694,9,2
9786,1694,1,23
9787,1694,3,12
9788,1694,6,24
9789,1694,17,4
9790,1694,7,14
9791,1694,5,20
9792,1695,10,20
9793,1695,6,19
9794,1695,18,21
9795,1695,22,0
9796,1695,24,6
9797,1695,11,8
9798,1696,0,13
9799,1696,20,22
9800,1696,15,23
9801,1696,15,24
9802,1697,21,15
9803,1697,14,12
9804,1697,6,22
9805,1697,3,7
9806,1697,4,2
9807,1697,10,2
9808,1697,11,1
9809,1698,10,22
9810,1698,11,9
9811,1698,22,14
9812,1698,14,0
9813,1699,3,15
9814,1699,22,4
9815,1699,3,10
9816,1699,13,2
9817,1699,10,23
9818,1700,22,2
9819,1700,4,1
9820,1700,12,15
9821,1700,24,1
9822,1701,20,22
9823,1701,17,11
9824,1701,2,6
9825,1701,6,15
9826,1701,2,17
9827,1701,23,20
9828,1702,1,14
9829,1702,1,18
9830,1702,12,10
9831,1702,0,11
9832,1702,9,6
9833,1702,23,4
9834,1702,11,5
9835,1702,6,13
9836,1703,2,6
9837,1703,16,1
9838,1703,17,1
9839,1703,20,12
9840,1703,24,12
9841,1703,8,16
9842,1704,24,11
9843,1704,17,21
9844,1704,9,13
9845,1704,5,21
9846,1704,11,17
9847,1704,3,0
9848,1704,6,0
9849,1705,13,7
9850,1705,16,2
9851,1705,0,20
9852,1705,9,12
9853,1705,10,24
9854,1706,9,0
9855,1706,15,11
9856,1706,14,24
9857,1706,12,24
9858,1706,18,9
9859,1707,13,3
9860,1707,20,13
9861,1707,10,21
9862,1707,20,0
9863,1707,12,16
9864,1708,9,22
9865,1708,9,19
9866,1708,7,10
9867,1709,11,9
9868,1709,9,23
9869,1709,23,16
9870,1709,20,17
9871,1709,5,2
9872,1709,21,0
9873,1709,8,0
9874,1709,16,4
9875,1710,9,13
9876,1710,11,3
9877,1710,22,4
9878,1710,16,19
9879,1711,10,4
9880,1711,2,4
9881,1711,13,0
9882,1711,3,17
9883,1711,5,21
9884,1711,8,5
9885,1711,10,13
9886,1712,13,21
9887,1712,6,12
9888,1712,18,11
9889,1712,6,8
9890,1712,3,22
9891,1712,21,4
9892,1712,20,10
9893,1712,6,20
9894,1713,4,19
9895,1713,10,4
9896,1713,1,18
9897,1713,12,24
9898,1714,13,1
9899,1714,17,5
9900,1714,14,0
9901,1714,10,24
9902,1714,19,11
9903,1714,22,20
9904,1714,13,7
9905,1715,18,10
9906,1715,1,22
9907,1715,20,12
9908,1715,15,1
9909,1715,17,4
9910,1715,5,13
9911,1715,1,5
9912,1715,17,14
9913,1716,13,15
9914,1716,1,22
9915,1716,16,7
9916,1716,17,21
9917,1716,5,15
9918,1716,6,17
9919,1717,5,12
9920,1717,16,13
9921,1717,20,3
9922,1718,21,23
9923,1718,1,7
9924,1718,16,4
9925,1718,10,1
9926,1719,10,16
9927,1719,21,2
9928,1719,20,19
9929,1719,13,5
9930,1719,22,4
9931,1719,7,0
9932,1719,20,10
9933,1720,3,14
9934,1720,12,24
9935,1720,12,1
9936,1720,21,10
9937,1720,12,24
9938,1720,18,16
9939,1720,9,16
9940,1721,13,16
9941,1721,12,20
9942,1721,3,18
9943,1721,17,21
9944,1722,3,11
9945,1722,9,0
9946,1722,10,19
9947,1722,18,0
9948,1722,8,0
9949,1722,19,23
9950,1722,7,24
9951,1722,16,3
9952,1723,7,19
9953,1723,8,24
9954,1723,18,22
9955,1723,6,24
9956,1723,8,23
9957,1723,21,9
9958,1724,3,14
9959,1724,24,8
9960,1724,6,21
9961,1724,13,24
9962,1724,6,22
9963,1724,6,12
9964,1724,7,13
9965,1724,13,3
9966,1724,12,5
9967,1724,21,14
9968,1724,5,9
9969,1724,18,9
9970,1724,24,9
9971,1725,2,4
9972,1725,14,3
9973,1725,6,3
9974,1725,20,5
9975,1725,18,20
9976,1725,24,11
9977,1725,9,17
9978,1726,5,12
9979,1726,2,15
9980,1726,23,20
9981,1726,16,22
9982,1727,4,19
9983,1727,24,18
9984,1727,13,5
9985,1728,13,7
9986,1728,18,21
9987,1728,19,20
9988,1728,13,15
9989,1728,16,6
9990,1728,21,24
9991,1729,12,19
9992,1729,17,7
9993,1729,5,2
9994,1729,8,14
9995,1729,14,12
9996,1729,5,17
9997,1730,11,17
9998,1730,22,6
9999,1730,21,5
10000,1730,24,13
10001,1730,10,20
10002,1731,15,4
10003,1731,7,4
10004,1731,18,16
10005,1731,15,5
10006,1732,10,19
10007,1732,16,4
10008,1732,7,5
10009,1732,3,12
10010,1732,20,1
10011,1732,8,2
10012,1732,3,23
10013,1732,18,2
10014,1733,13,2
10015,1733,3,17
10016,1733,3,17
10017,1733,19,0
10018,1733,7,15
10019,1733,4,1
10020,1733,12,18
10021,1733,15,6
10022,1733,24,10
10023,1733,4,13
10024,1733,8,21
10025,1733,2,6
10026,1733,20,13
10027,1734,7,0
10028,1734,19,4
10029,1735,15,24
10030,1735,9,16
10031,1735,7,20
10032,1735,6,18
10033,1735,15,18
10034,1736,21,10
10035,1736,1,5
10036,1736,6,23
10037,1736,17,4
10038,1736,19,13
10039,1736,23,19
10040,1737,16,24
10041,1737,6,22
10042,1737,2,15
10043,1737,17,23
10044,1737,6,2
10045,1738,14,3
10046,1738,14,21
10047,1738,13,17
10048,1738,4,14
10049,1738,24,7
10050,1738,2,9
10051,1738,2,9
10052,1739,18,0
10053,1739,9,5
10054,1739,10,9
10055,1739,1,24
10056,1740,10,16
10057,1740,8,18
10058,1740,17,10
10059,1740,9,12
10060,1740,5,21
10061,1740,4,19
10062,1740,19,15
10063,1740,7,24
10064,1741,3,6
10065,1741,20,4
10066,1741,7,10
10067,1741,9,21
10068,1741,17,1
10069,1742,18,3
10070,1742,5,19
10071,1742,10,21
10072,1742,23,5
10073,1743,22,5
10074,1743,22,8
10075,1743,2,22
10076,1743,15,4
10077,1743,10,23
10078,1743,1,8
10079,1743,10,8
10080,1743,19,5
10081,1743,10,8
10082,1743,17,13
10083,1744,7,16
10084,1744,1,3
10085,1744,21,23
10086,1744,18,4
10087,1744,5,15
10088,1744,10,0
10089,1744,7,14
10090,1744,16,4
10091,1744,3,7
10092,1744,24,8
10093,1745,13,19
10094,1745,20,17
10095,1745,5,3
10096,1745,10,4
10097,1745,4,21
10098,1745,19,11
10099,1745,9,16
10100,1745,15,7
10101,1745,10,4
10102,1745,10,24
10103,1746,18,7
10104,1746,1,23
10105,1746,10,24
10106,1747,15,21
10107,1747,23,21
10108,1747,12,21
10109,1747,18,11
10110,1747,15,8
10111,1748,16,20
10112,1748,19,4
10113,1748,5,4
10114,1749,20,16
10115,1749,15,19
10116,1749,24,0
10117,1749,5,3
10118,1749,16,14
10119,1750,1,12
10120,1750,1,20
10121,1750,13,1
10122,1750,8,17
10123,1750,6,2
10124,1750,5,18
10125,1750,17,10
10126,1750,23,5
10127,1751,13,21
10128,1751,8,22
10129,1751,20,16
10130,1752,23,20
10131,1752,24,21
10132,1752,5,16
10133,1752,15,24
10134,1752,15,13
10135,1752,10,9
10136,1753,0,8
10137,1753,18,4
10138,1753,22,10
10139,1753,18,8
10140,1753,20,17
10141,1753,19,1
10142,1753,21,6
10143,1754,20,24
10144,1754,3,18
10145,1754,4,0
10146,1754,0,7
10147,1755,13,3
10148,1755,8,18
10149,1755,24,13
10150,1755,21,10
10151,1755,24,0
10152,1755,5,11
10153,1755,18,1
10154,1755,9,15
10155,1756,10,19
10156,1756,9,1
10157,1756,21,0
10158,1756,8,6
10159,1757,21,4
10160,1757,5,23
10161,1757,12,15
10162,1757,18,10
10163,1757,5,18
10164,1757,19,22
10165,1757,1,11
10166,1758,19,22
10167,1758,5,22
10168,1759,17,24
10169,1759,23,5
10170,1759,24,15
10171,1759,24,11
10172,1759,17,3
10173,1759,5,23
10174,1760,4,23
10175,1760,7,19
10176,1760,15,18
10177,1760,24,18
10178,1760,19,10
10179,1760,23,11
10180,1761,11,15
10181,1761,11,17
10182,1761,2,5
10183,1761,22,18
10184,1762,14,4
10185,1762,18,4
10186,1762,21,24
10187,1762,0,16
10188,1762,10,6
10189,1763,3,22
10190,1763,8,14
10191,1763,23,1
10192,1763,5,20
10193,1763,20,11
10194,1763,16,3
10195,1764,15,11
10196,1764,0,8
10197,1764,3,17
10198,1764,10,24
10199,1764,21,17
10200,1765,1,9
10201,1765,16,20
10202,1765,2,10
10203,1765,2,6
10204,1765,16,10
10205,1766,2,10
10206,1766,1,5
10207,1766,6,12
10208,1766,6,3
10209,1766,15,7
10210,1766,13,22
10211,1766,14,1
10212,1766,1,19
10213,1766,11,7
10214,1767,16,24
10215,1767,9,18
10216,1767,1,9
10217,1768,7,22
10218,1768,10,21
10219,1768,9,5
10220,1768,8,12
10221,1768,4,22
10222,1768,14,24
10223,1769,7,4
10224,1769,14,15
10225,1769,13,23
10226,1769,17,8
10227,1769,18,8
10228,1769,0,21
10229,1769,4,5
10230,1770,1,15
10231,1770,21,3
10232,1771,14,2
10233,1771,10,14
10234,1771,14,24
10235,1771,18,12
10236,1771,4,5
10237,1771,23,6
10238,1772,3,9
10239,1772,4,13
10240,1772,0,4
10241,1772,7,15
10242,1772,6,13
10243,1772,23,11
10244,1772,8,5
10245,1772,12,20
10246,1772,4,20
10247,1772,7,3
10248,1773,5,14
10249,1773,12,20
10250,1773,0,11
10251,1773,24,10
10252,1773,16,23
10253,1774,5,23
10254,1774,18,16
10255,1774,2,18
10256,1774,7,19
10257,1774,10,6
10258,1774,15,4
10259,1775,21,18
10260,1775,20,3
10261,1775,9,12
10262,1775,9,11
10263,1775,22,2
10264,1775,23,11
10265,1776,17,14
10266,1776,21,11
10267,1776,4,17
10268,1776,23,21
10269,1776,13,19
10270,1776,15,11
10271,1777,1,23
10272,1777,10,24
10273,1777,10,22
10274,1777,1,9
10275,1778,18,21
10276,1778,21,7
10277,1778,11,23
10278,1778,5,17
10279,1778,13,5
10280,1778,19,13
10281,1778,8,19
10282,1778,3,15
10283,1779,19,1
10284,1779,23,10
10285,1779,17,14
10286,1779,10,9
10287,1779,9,1
10288,1779,24,4
10289,1779,15,8
10290,1779,7,0
10291,1780,10,20
10292,1780,21,18
10293,1780,3,23
10294,1780,14,0
10295,1780,22,8
10296,1780,13,20
10297,1780,21,11
10298,1780,20,24
10299,1781,17,3
10300,1781,13,11
10301,1781,24,10
10302,1781,12,24
10303,1781,18,0
10304,1781,0,24
10305,1781,14,16
10306,1782,21,8
10307,1782,3,1
10308,1782,17,11
10309,1782,22,19
10310,1782,17,10
10311,1782,10,2
10312,1782,9,17
10313,1782,20,14
10314,1782,4,1
10315,1783,20,9
10316,1783,11,21
10317,1783,4,13
10318,1783,3,5
10319,1783,21,6
10320,1783,16,7
10321,1783,8,15
10322,1783,10,23
10323,1783,5,1
10324,1784,19,22
10325,1784,7,24
10326,1785,10,4
10327,1785,24,7
10328,1785,8,21
10329,1785,1,19
10330,1785,24,2
10331,1785,4,15
10332,1786,1,18
10333,1786,8,18
10334,1786,6,15
10335,1786,13,11
10336,1787,13,19
10337,1787,14,4
10338,1787,3,7
10339,1787,22,14
10340,1788,22,6
10341,1788,13,11
10342,1788,9,1
10343,1788,7,11
10344,1788,17,9
10345,1788,17,14
10346,1788,1,21
10347,1789,14,1
10348,1789,4,1
10349,1789,16,18
10350,1789,17,13
10351,1789,23,14
10352,1789,12,15
10353,1789,0,21
10354,1789,24,21
10355,1789,15,8
10356,1790,17,6
10357,1790,3,17
10358,1790,6,13
10359,1790,24,10
10360,1790,10,17
10361,1790,21,3
10362,1791,11,19
10363,1791,20,16
10364,1791,20,17
10365,1791,24,3
10366,1791,11,8
10367,1791,18,12
10368,1791,7,1
10369,1792,23,19
10370,1792,18,22
10371,1792,15,1
10372,1792,20,11
10373,1792,10,1
10374,1793,0,22
10375,1793,24,4
10376,1793,23,5
10377,1793,1,13
10378,1793,6,10
10379,1793,13,16
10380,1794,21,19
10381,1794,6,9
10382,1794,12,22
10383,1795,7,17
10384,1795,11,20
10385,1795,21,18
10386,1795,9,10
10387,1795,22,16
10388,1795,8,14
10389,1796,14,17
10390,1796,10,16
10391,1796,16,3
10392,1796,21,2
10393,1796,12,16
10394,1796,14,10
10395,1796,19,4
10396,1796,9,16
10397,1796,2,16
10398,1797,21,4
10399,1797,17,11
10400,1797,3,6
10401,1797,21,7
10402,1797,13,9
10403,1797,6,4
10404,1798,22,9
10405,1798,16,0
10406,1798,11,18
10407,1798,9,3
10408,1798,22,7
10409,1799,6,10
10410,1799,15,1
10411,1799,22,19
10412,1799,18,12
10413,1799,11,18
10414,1799,13,1
10415,1799,14,0
