veh_id,t_depart,origin,dest
0,0,12,21
1,0,23,7
2,0,18,11
3,0,13,15
4,0,19,12
5,0,20,6
6,0,11,24
7,0,14,20
8,0,18,4
9,1,14,3
10,2,8,1
11,2,6,24
12,3,21,19
13,3,8,4
14,3,0,2
15,3,11,22
16,3,15,3
17,3,21,1
18,4,12,2
19,5,10,23
20,5,19,12
21,5,3,9
22,6,19,21
23,6,2,5
24,6,19,6
25,6,1,8
26,6,13,5
27,6,6,4
28,7,0,6
29,7,2,6
30,7,18,8
31,7,1,3
32,8,19,4
33,8,19,1
34,8,15,19
35,8,8,14
36,8,6,4
37,9,12,8
38,9,1,10
39,9,9,17
40,9,23,8
41,9,9,7
42,10,15,17
43,10,23,21
44,10,8,24
45,11,17,7
46,11,4,11
47,11,22,0
48,12,20,19
49,12,0,16
50,12,9,2
51,12,18,5
52,12,15,9
53,12,6,4
54,12,15,4
55,13,8,20
56,13,22,20
57,13,19,11
58,13,9,10
59,14,11,24
60,14,8,20
61,14,13,21
62,14,22,4
63,14,10,17
64,14,13,11
65,15,3,11
66,16,6,22
67,16,4,12
68,16,20,12
69,16,2,13
70,17,4,0
71,17,18,12
72,18,12,15
73,18,1,23
74,18,24,10
75,18,21,12
76,18,19,7
77,18,8,24
78,19,1,23
79,19,24,3
80,19,20,9
81,19,2,19
82,19,16,22
83,19,13,19
84,19,23,4
85,20,8,17
86,20,2,13
87,20,18,16
88,20,12,19
89,20,13,1
90,21,7,21
91,21,10,20
92,22,16,6
93,22,14,12
94,22,9,6
95,22,2,16
96,22,20,19
97,22,1,8
98,22,17,23
99,23,9,3
100,23,8,15
101,23,21,13
102,23,15,8
103,24,22,10
104,24,5,9
105,24,24,22
106,25,22,20
107,25,6,10
108,25,8,15
109,25,21,9
110,25,7,16
111,25,9,21
112,25,12,0
113,26,11,24
114,26,9,0
115,26,10,17
116,26,4,17
117,28,0,22
118,28,14,6
119,28,6,22
120,29,19,7
121,29,6,14
122,29,3,17
123,29,16,2
124,29,8,12
125,29,15,23
126,29,18,22
127,30,14,10
128,30,3,17
129,30,14,6
130,30,5,21
131,30,1,16
132,31,10,20
133,31,6,10
134,32,13,7
135,32,13,23
136,33,9,6
137,33,22,18
138,33,20,9
139,33,1,23
140,33,17,14
141,33,8,5
142,33,8,19
143,33,15,4
144,34,20,24
145,34,9,7
146,34,4,21
147,35,6,8
148,35,8,6
149,35,11,2
150,35,13,17
151,36,9,16
152,36,0,18
153,36,8,15
154,36,19,10
155,36,16,2
156,36,21,14
157,36,15,22
158,36,4,12
159,36,1,3
160,36,12,21
161,37,8,15
162,37,12,14
163,37,16,10
164,37,10,24
165,38,2,5
166,38,21,11
167,38,4,23
168,39,14,4
169,39,22,19
170,39,11,17
171,40,5,23
172,40,24,7
173,40,18,5
174,40,14,21
175,40,6,10
176,40,24,21
177,41,13,11
178,41,6,16
179,41,11,1
180,41,23,14
181,41,7,16
182,41,14,24
183,41,0,16
184,42,10,23
185,42,24,12
186,42,1,11
187,42,1,14
188,42,9,1
189,42,5,8
190,43,16,12
191,43,20,1
192,43,11,15
193,43,2,24
194,44,23,9
195,45,2,21
196,45,7,1
197,45,20,22
198,45,0,2
199,45,7,17
200,45,14,20
201,46,20,24
202,46,15,23
203,46,7,24
204,46,9,17
205,46,18,3
206,46,9,0
207,46,11,22
208,47,24,5
209,47,21,0
210,48,0,16
211,48,9,5
212,49,19,0
213,49,0,11
214,49,16,13
215,49,16,14
216,49,2,14
217,50,0,11
218,50,22,6
219,50,14,24
220,50,18,12
221,51,22,24
222,51,0,20
223,51,13,22
224,51,21,13
225,52,0,11
226,53,14,6
227,53,6,16
228,53,10,22
229,53,18,6
230,53,21,7
231,54,13,1
232,54,19,4
233,55,4,7
234,55,8,16
235,55,15,2
236,55,3,21
237,56,15,0
238,56,24,1
239,56,4,16
240,57,0,24
241,57,1,23
242,57,11,14
243,57,21,2
244,57,18,7
245,57,13,7
246,57,15,7
247,57,2,15
248,58,12,18
249,58,14,18
250,58,3,11
251,58,19,16
252,58,4,16
253,58,3,21
254,58,9,15
255,59,0,14
256,59,19,0
257,60,18,11
258,60,13,19
259,60,8,10
260,61,23,17
261,61,13,17
262,62,7,11
263,62,12,21
264,62,2,17
265,62,18,8
266,63,22,15
267,63,22,24
268,64,24,3
269,64,14,3
270,64,1,5
271,64,21,18
272,64,3,19
273,64,15,6
274,65,8,23
275,65,6,24
276,65,19,7
277,66,24,0
278,66,20,12
279,66,18,4
280,66,21,11
281,67,23,2
282,67,8,20
283,68,21,0
284,68,0,10
285,69,1,10
286,69,6,17
287,69,5,23
288,69,3,21
289,69,19,23
290,70,6,18
291,70,22,8
292,70,15,18
293,70,13,24
294,70,21,18
295,70,11,24
296,71,8,21
297,71,24,13
298,72,1,12
299,72,7,22
300,72,17,23
301,72,11,2
302,73,4,7
303,73,16,6
304,73,6,13
305,73,1,24
306,73,19,9
307,73,7,9
308,74,11,0
309,74,24,2
310,74,3,21
311,74,17,11
312,74,15,9
313,75,0,21
314,75,9,11
315,76,10,6
316,76,21,6
317,76,22,24
318,76,11,9
319,76,0,4
320,77,21,12
321,77,8,20
322,77,1,3
323,77,5,23
324,77,14,10
325,77,3,9
326,78,21,13
327,78,23,15
328,78,2,8
329,78,2,0
330,78,18,7
331,78,22,4
332,79,6,17
333,79,14,24
334,79,13,15
335,79,1,3
336,80,8,22
337,80,11,15
338,80,23,19
339,81,12,24
340,81,21,1
341,81,0,7
342,81,15,0
343,81,18,9
344,82,15,14
345,82,21,17
346,82,6,17
347,83,9,16
348,83,18,20
349,83,21,9
350,83,8,18
351,84,21,12
352,84,20,11
353,84,11,3
354,84,23,12
355,85,2,16
356,85,10,16
357,85,5,24
358,85,17,11
359,86,0,18
360,86,24,5
361,86,15,7
362,87,2,16
363,87,16,19
364,87,9,0
365,87,3,11
366,88,16,5
367,88,10,24
368,88,0,17
369,89,12,5
370,89,18,12
371,89,10,4
372,90,3,15
373,91,12,3
374,91,2,15
375,91,18,10
376,92,12,10
377,92,2,4
378,92,18,1
379,92,11,8
380,93,12,3
381,93,9,19
382,93,13,11
383,93,19,10
384,94,4,5
385,94,11,4
386,94,12,21
387,94,13,5
388,94,20,19
389,95,14,24
390,95,17,20
391,95,13,15
392,95,15,22
393,96,0,11
394,96,14,22
395,96,12,6
396,97,6,23
397,97,12,9
398,97,5,17
399,97,17,11
400,97,3,17
401,97,11,17
402,98,2,0
403,98,17,14
404,98,10,3
405,98,13,15
406,98,13,10
407,98,17,13
408,99,7,1
409,99,5,21
410,99,16,20
411,100,11,23
412,100,3,14
413,100,11,24
414,101,24,18
415,101,23,9
416,101,14,4
417,101,8,15
418,101,14,15
419,102,8,10
420,102,15,9
421,103,17,7
422,103,22,12
423,103,12,8
424,103,1,14
425,104,15,22
426,104,5,20
427,104,10,12
428,104,17,6
429,105,20,8
430,105,0,21
431,106,8,14
432,106,16,22
433,107,17,10
434,107,24,15
435,107,24,2
436,107,22,5
437,107,14,0
438,107,24,13
439,107,12,0
440,108,6,24
441,108,2,5
442,108,19,17
443,109,6,19
444,109,14,23
445,110,21,15
446,110,19,1
447,111,0,19
448,111,5,17
449,111,17,4
450,111,22,16
451,112,15,2
452,112,22,0
453,112,13,10
454,113,14,20
455,113,14,4
456,113,16,4
457,114,15,24
458,114,21,11
459,114,14,0
460,114,17,15
461,114,24,4
462,115,9,5
463,115,2,21
464,115,16,1
465,115,1,15
466,115,13,16
467,115,8,16
468,115,2,0
469,116,2,24
470,116,4,5
471,116,7,21
472,116,10,16
473,117,17,1
474,117,1,15
475,117,17,6
476,118,19,1
477,118,8,2
478,118,4,5
479,118,7,13
480,119,24,17
481,119,21,11
482,119,2,23
483,119,15,13
484,120,5,18
485,120,19,15
486,121,21,24
487,121,7,14
488,121,1,4
489,121,20,7
490,121,19,15
491,121,17,13
492,121,8,11
493,121,24,13
494,122,16,4
495,122,5,9
496,122,7,1
497,123,17,8
498,123,17,10
499,123,1,22
500,123,0,22
501,123,24,12
502,123,24,9
503,124,17,9
504,124,0,2
505,124,8,22
506,124,13,11
507,124,16,9
508,124,2,4
509,124,18,3
510,124,23,10
511,125,18,2
512,125,24,21
513,125,7,11
514,126,18,20
515,126,0,6
516,126,24,9
517,126,11,1
518,126,18,4
519,126,15,7
520,128,8,14
521,129,6,22
522,129,22,8
523,129,14,21
524,130,0,12
525,131,12,4
526,131,10,0
527,131,12,6
528,132,9,21
529,133,11,19
530,133,17,14
531,133,1,24
532,134,1,3
533,134,12,23
534,134,2,18
535,135,7,11
536,135,7,10
537,135,0,14
538,135,19,6
539,135,22,14
540,136,16,6
541,136,22,12
542,136,17,9
543,137,14,5
544,137,12,23
545,137,0,6
546,137,11,19
547,138,20,18
548,138,9,2
549,139,21,15
550,139,19,3
551,139,22,1
552,139,6,4
553,139,2,23
554,139,13,17
555,139,14,12
556,139,14,22
557,140,4,1
558,140,21,19
559,140,4,23
560,140,20,7
561,141,2,10
562,141,12,9
563,141,20,11
564,142,2,16
565,143,15,23
566,143,14,0
567,143,8,19
568,143,22,2
569,144,2,15
570,144,4,16
571,144,4,10
572,144,7,22
573,145,23,10
574,145,20,6
575,145,0,2
576,145,15,1
577,145,24,17
578,145,17,23
579,146,4,10
580,146,11,24
581,146,4,21
582,146,3,16
583,146,17,6
584,147,15,19
585,147,6,22
586,147,21,3
587,148,4,19
588,148,0,7
589,148,5,13
590,149,5,18
591,149,14,8
592,149,15,4
593,149,16,0
594,150,18,8
595,150,11,23
596,150,23,16
597,150,5,14
598,150,16,19
599,150,5,21
600,150,22,24
601,151,6,9
602,152,22,14
603,152,8,14
604,152,6,14
605,152,19,10
606,152,12,15
607,152,10,8
608,152,21,17
609,153,12,16
610,153,17,20
611,153,0,19
612,153,17,6
613,154,17,23
614,154,24,9
615,154,16,23
616,154,16,7
617,155,17,11
618,155,19,17
619,155,24,21
620,155,3,0
621,155,2,10
622,155,15,23
623,155,19,16
624,156,1,9
625,156,7,17
626,156,1,4
627,157,22,15
628,157,23,7
629,158,8,11
630,158,14,11
631,158,0,19
632,159,5,24
633,159,24,15
634,159,23,16
635,159,10,19
636,160,13,24
637,160,6,20
638,160,17,5
639,160,1,7
640,161,8,14
641,161,21,8
642,161,0,15
643,161,23,2
644,161,18,6
645,161,8,0
646,162,23,13
647,162,7,0
648,162,0,19
649,163,16,1
650,163,21,5
651,163,3,10
652,164,19,12
653,164,24,18
654,165,6,24
655,165,21,18
656,165,9,23
657,165,10,17
658,165,20,5
659,166,7,16
660,166,7,14
661,166,6,21
662,167,22,5
663,167,11,8
664,167,10,3
665,167,6,20
666,168,21,2
667,168,14,22
668,168,20,24
669,168,3,5
670,169,4,1
671,169,4,5
672,169,4,8
673,169,19,23
674,169,4,21
675,169,3,24
676,170,0,24
677,170,8,6
678,170,1,9
679,170,20,2
680,170,20,1
681,170,21,10
682,171,1,23
683,171,19,20
684,171,22,9
685,171,16,8
686,171,15,7
687,171,17,15
688,172,7,11
689,172,12,5
690,172,19,23
691,172,14,4
692,172,15,11
693,173,4,13
694,173,20,4
695,173,15,11
696,174,24,22
697,174,6,8
698,175,13,17
699,175,10,16
700,175,14,24
701,175,14,2
702,175,23,20
703,175,5,20
704,175,1,15
705,175,19,2
706,176,7,5
707,176,19,7
708,176,21,4
709,177,7,0
710,177,23,1
711,178,8,24
712,178,14,0
713,178,15,23
714,178,7,24
715,179,6,22
716,179,17,14
717,179,5,2
718,179,24,1
719,179,22,6
720,180,24,14
721,180,18,16
722,180,0,13
723,180,17,21
724,180,19,21
725,181,10,24
726,181,24,9
727,181,24,22
728,181,24,14
729,181,16,10
730,182,24,3
731,183,7,13
732,183,9,10
733,183,14,3
734,184,16,18
735,185,9,3
736,186,1,4
737,187,4,20
738,188,12,3
739,188,4,13
740,188,24,16
741,188,15,3
742,189,23,4
743,189,1,22
744,190,9,10
745,190,0,8
746,190,12,5
747,190,12,22
748,190,13,20
749,191,1,16
750,191,5,23
751,192,14,11
752,192,6,13
753,193,4,2
754,193,23,10
755,193,24,0
756,193,8,14
757,193,4,14
758,193,22,0
759,193,0,21
760,194,24,2
761,194,10,20
762,194,18,20
763,194,22,18
764,194,4,21
765,195,21,8
766,195,8,4
767,195,17,8
768,195,2,12
769,195,7,13
770,195,16,13
771,196,3,16
772,196,4,0
773,196,21,23
774,196,13,15
775,197,17,11
776,198,11,8
777,199,9,19
778,199,19,6
779,199,24,11
780,199,4,1
781,199,9,24
782,200,23,14
783,200,0,4
784,200,3,1
785,201,13,0
786,201,16,8
787,201,13,21
788,201,21,2
789,201,0,15
790,201,2,4
791,201,15,6
792,202,0,19
793,202,22,16
794,202,3,6
795,203,15,22
796,203,10,2
797,203,22,19
798,203,4,23
799,203,7,9
800,204,5,24
801,204,19,3
802,205,1,22
803,206,12,4
804,206,22,0
805,207,14,23
806,207,7,20
807,207,16,3
808,207,15,22
809,208,16,23
810,208,8,5
811,208,18,24
812,208,14,8
813,209,1,9
814,210,15,8
815,210,20,24
816,210,0,24
817,210,3,13
818,211,5,21
819,211,7,13
820,211,24,3
821,211,9,13
822,212,21,8
823,212,3,21
824,212,8,4
825,212,3,23
826,212,6,16
827,212,19,8
828,212,0,17
829,213,22,15
830,213,1,3
831,213,13,17
832,214,21,11
833,214,5,17
834,214,7,23
835,215,3,1
836,215,18,14
837,215,14,12
838,216,13,23
839,216,19,15
840,216,4,17
841,217,15,17
842,217,21,18
843,218,3,20
844,218,19,23
845,218,23,4
846,219,6,13
847,219,12,10
848,220,4,6
849,220,1,19
850,221,1,22
851,221,22,13
852,221,16,22
853,221,16,7
854,221,7,24
855,222,16,0
856,222,16,18
857,222,3,9
858,222,20,9
859,222,9,6
860,222,15,22
861,223,13,20
862,223,14,6
863,223,6,3
864,223,7,19
865,223,8,11
866,224,0,15
867,224,3,9
868,224,17,1
869,224,4,12
870,224,15,0
871,224,14,10
872,224,22,1
873,224,15,18
874,224,9,3
875,225,10,6
876,225,22,9
877,225,9,11
878,226,24,6
879,226,5,23
880,226,15,14
881,226,3,1
882,226,16,3
883,226,1,21
884,227,16,14
885,227,14,10
886,227,21,6
887,227,14,22
888,227,2,23
889,227,14,4
890,227,15,11
891,227,2,23
892,228,19,13
893,228,7,10
894,228,13,11
895,228,21,23
896,229,1,21
897,229,12,16
898,229,18,12
899,229,2,24
900,229,17,20
901,230,3,24
902,230,7,1
903,230,12,9
904,231,18,22
905,231,1,14
906,231,24,14
907,232,6,21
908,232,7,13
909,232,2,11
910,232,2,20
911,232,8,11
912,232,20,11
913,232,8,15
914,233,12,6
915,233,1,24
916,233,23,19
917,234,5,1
918,234,6,23
919,235,6,2
920,235,24,3
921,235,17,13
922,236,13,4
923,236,1,10
924,236,21,14
925,236,12,0
926,236,12,15
927,236,2,22
928,236,8,11
929,237,4,13
930,237,13,4
931,237,3,23
932,238,5,21
933,238,19,23
934,238,12,8
935,239,15,12
936,239,22,4
937,240,12,24
938,241,2,12
939,241,24,14
940,242,12,21
941,243,20,8
942,243,3,1
943,243,14,15
944,243,19,4
945,244,3,10
946,244,7,9
947,244,5,19
948,244,21,15
949,245,7,19
950,245,2,14
951,245,8,10
952,245,7,3
953,245,14,15
954,246,8,21
955,246,17,21
956,246,22,12
957,247,19,0
958,247,15,3
959,247,6,16
960,248,2,4
961,248,18,1
962,248,22,0
963,248,6,0
964,248,10,2
965,249,18,1
966,249,11,7
967,249,14,12
968,249,10,13
969,249,6,17
970,249,4,12
971,249,9,0
972,250,18,1
973,250,17,19
974,250,20,18
975,252,1,5
976,252,24,1
977,252,15,11
978,252,7,22
979,252,0,2
980,253,11,3
981,254,13,22
982,256,6,24
983,256,8,12
984,256,9,18
985,256,20,4
986,258,15,17
987,258,24,5
988,258,21,5
989,258,16,24
990,258,22,15
991,258,11,9
992,259,4,0
993,259,18,16
994,259,4,20
995,259,20,9
996,259,17,4
997,259,20,16
998,259,23,16
999,260,7,20
1000,260,24,0
1001,260,11,7
1002,260,24,13
1003,261,5,24
1004,261,4,0
1005,261,12,3
1006,262,20,14
1007,262,3,6
1008,262,18,0
1009,262,24,2
1010,262,9,20
1011,262,2,5
1012,263,1,4
1013,264,23,7
1014,264,8,19
1015,264,5,13
1016,264,4,23
1017,265,9,23
1018,265,5,18
1019,266,19,1
1020,266,20,9
1021,266,14,5
1022,267,4,18
1023,267,11,18
1024,267,18,22
1025,267,2,19
1026,268,1,4
1027,268,15,17
1028,268,20,9
1029,268,24,0
1030,268,7,14
1031,269,23,17
1032,269,4,12
1033,269,13,5
1034,269,8,24
1035,270,15,3
1036,270,18,16
1037,270,0,16
1038,270,19,2
1039,270,18,15
1040,270,3,14
1041,270,24,6
1042,271,15,2
1043,271,3,15
1044,271,3,19
1045,272,24,7
1046,272,6,3
1047,272,20,24
1048,273,0,17
1049,273,19,22
1050,273,4,10
1051,273,6,17
1052,273,3,14
1053,275,10,23
1054,275,18,15
1055,276,20,10
1056,277,13,11
1057,277,8,18
1058,277,16,14
1059,277,8,12
1060,277,6,8
1061,278,16,10
1062,279,1,20
1063,279,2,10
1064,279,4,20
1065,279,9,1
1066,279,11,14
1067,279,6,0
1068,279,4,6
1069,279,13,16
1070,279,24,9
1071,279,19,13
1072,279,4,13
1073,279,22,20
1074,279,16,22
1075,280,22,5
1076,280,2,23
1077,280,18,16
1078,281,1,3
1079,281,11,18
1080,281,2,10
1081,281,2,6
1082,281,21,1
1083,281,5,22
1084,281,3,9
1085,281,8,11
1086,282,23,12
1087,282,3,13
1088,282,1,11
1089,282,23,7
1090,282,11,2
1091,282,7,24
1092,282,5,22
1093,283,3,11
1094,283,3,12
1095,283,23,10
1096,284,11,0
1097,284,2,12
1098,285,9,22
1099,285,2,13
1100,285,5,1
1101,285,4,8
1102,286,14,7
1103,286,14,8
1104,287,6,19
1105,287,23,11
1106,287,16,10
1107,288,5,13
1108,288,21,17
1109,288,21,15
1110,288,15,2
1111,289,0,17
1112,289,17,19
1113,289,22,0
1114,289,17,13
1115,289,21,24
1116,289,18,3
1117,289,20,14
1118,289,6,18
1119,289,8,1
1120,290,7,13
1121,290,1,14
1122,290,16,22
1123,290,24,1
1124,291,16,23
1125,291,2,11
1126,291,20,24
1127,291,0,16
1128,291,18,22
1129,291,19,16
1130,291,19,4
1131,292,9,22
1132,292,23,20
1133,292,20,13
1134,292,9,7
1135,292,11,2
1136,293,1,15
1137,293,1,19
1138,293,7,21
1139,293,9,7
1140,293,4,24
1141,293,4,21
1142,294,24,10
1143,294,0,24
1144,294,12,21
1145,294,12,6
1146,294,1,15
1147,295,6,8
1148,295,2,4
1149,295,22,16
1150,295,18,12
1151,296,3,17
1152,296,9,19
1153,296,16,5
1154,296,13,11
1155,297,19,12
1156,297,7,13
1157,297,23,14
1158,297,14,16
1159,297,17,14
1160,297,8,24
1161,298,23,16
1162,298,11,15
1163,298,18,21
1164,298,17,10
1165,299,2,22
1166,299,18,10
1167,299,4,16
1168,299,1,24
1169,300,12,0
1170,300,2,17
1171,300,10,21
1172,300,18,4
1173,301,8,11
1174,301,0,12
1175,301,16,6
1176,302,20,18
1177,302,14,15
1178,302,24,2
1179,302,18,6
1180,302,11,14
1181,303,19,15
1182,303,23,0
1183,303,9,13
1184,303,22,16
1185,303,9,19
1186,303,4,0
1187,304,1,5
1188,305,24,4
1189,305,2,11
1190,305,7,17
1191,305,4,20
1192,305,0,8
1193,305,0,12
1194,306,20,10
1195,306,23,13
1196,306,18,14
1197,306,21,15
1198,308,0,6
1199,309,0,22
1200,309,12,14
1201,310,7,20
1202,310,23,6
1203,311,4,7
1204,311,20,1
1205,311,3,13
1206,312,15,3
1207,312,0,16
1208,312,11,19
1209,312,22,18
1210,313,14,8
1211,314,7,21
1212,314,8,15
1213,315,20,8
1214,315,3,0
1215,316,11,9
1216,316,2,17
1217,316,3,1
1218,316,16,20
1219,316,10,21
1220,317,4,18
1221,317,20,22
1222,318,1,4
1223,318,11,21
1224,318,15,2
1225,318,21,19
1226,318,1,11
1227,318,22,14
1228,318,2,12
1229,319,16,2
1230,319,24,0
1231,319,19,17
1232,319,22,6
1233,319,4,5
1234,320,18,0
1235,320,7,17
1236,320,22,5
1237,321,6,9
1238,321,14,20
1239,321,5,16
1240,321,1,18
1241,322,14,21
1242,322,12,23
1243,322,24,9
1244,322,23,17
1245,322,15,14
1246,322,18,10
1247,323,2,17
1248,323,6,18
1249,323,3,19
1250,323,6,12
1251,324,4,16
1252,324,17,0
1253,324,22,13
1254,324,17,9
1255,325,24,17
1256,325,0,11
1257,326,17,4
1258,326,24,7
1259,327,8,15
1260,327,13,22
1261,327,23,2
1262,327,12,3
1263,327,13,21
1264,327,18,14
1265,327,14,16
1266,328,7,9
1267,328,3,13
1268,328,21,1
1269,328,13,5
1270,328,16,4
1271,329,8,18
1272,329,20,17
1273,329,22,6
1274,329,8,19
1275,329,24,13
1276,329,2,21
1277,330,19,8
1278,330,12,14
1279,331,1,5
1280,331,7,1
1281,332,1,20
1282,332,2,24
1283,332,0,15
1284,332,23,2
1285,333,10,24
1286,333,6,18
1287,333,11,22
1288,333,13,15
1289,333,20,7
1290,333,15,8
1291,333,12,3
1292,334,24,15
1293,334,19,9
1294,335,18,15
1295,335,20,9
1296,336,2,17
1297,336,2,6
1298,336,21,24
1299,336,4,17
1300,337,8,11
1301,337,0,21
1302,337,16,14
1303,337,16,24
1304,337,3,12
1305,337,20,2
1306,337,9,7
1307,337,16,6
1308,337,10,7
1309,337,19,1
1310,338,4,6
1311,338,14,20
1312,338,13,9
1313,338,20,2
1314,338,12,8
1315,338,24,1
1316,339,2,15
1317,339,14,10
1318,339,3,19
1319,339,21,15
1320,339,2,14
1321,339,2,16
1322,339,20,17
1323,339,13,6
1324,340,7,14
1325,340,2,15
1326,340,22,18
1327,341,18,16
1328,341,10,3
1329,341,17,1
1330,341,1,4
1331,341,10,23
1332,341,20,24
1333,342,19,2
1334,342,21,0
1335,342,12,19
1336,342,19,23
1337,343,4,18
1338,343,24,7
1339,343,12,4
1340,343,10,23
1341,343,22,9
1342,343,5,17
1343,343,16,23
1344,344,8,2
1345,344,17,7
1346,344,8,22
1347,345,5,1
1348,345,2,19
1349,346,10,17
1350,346,9,22
1351,346,18,11
1352,346,22,6
1353,347,12,3
1354,347,1,22
1355,348,24,20
1356,349,19,23
1357,349,16,24
1358,349,13,2
1359,349,13,5
1360,349,16,8
1361,350,21,24
1362,350,21,12
1363,350,24,11
1364,351,20,4
1365,351,24,10
1366,352,6,21
1367,352,6,19
1368,352,0,13
1369,352,12,0
1370,353,17,20
1371,353,10,4
1372,354,1,15
1373,354,17,9
1374,354,14,8
1375,354,2,19
1376,354,12,0
1377,355,15,5
1378,355,17,4
1379,355,11,21
1380,355,19,21
1381,355,20,13
1382,355,19,2
1383,356,6,14
1384,356,22,7
1385,356,3,21
1386,356,9,10
1387,356,19,7
1388,357,17,0
1389,357,5,9
1390,357,8,12
1391,358,14,17
1392,358,7,13
1393,358,7,17
1394,358,24,14
1395,358,21,9
1396,358,21,14
1397,358,2,5
1398,358,8,14
1399,359,8,16
1400,359,22,14
1401,359,20,4
1402,359,22,8
1403,360,7,19
1404,360,10,4
1405,360,3,1
1406,360,2,21
1407,360,12,16
1408,360,11,0
1409,360,22,14
1410,361,9,19
1411,361,11,1
1412,361,20,11
1413,361,12,20
1414,361,12,1
1415,361,19,17
1416,362,13,6
1417,362,1,23
1418,363,20,8
1419,363,6,2
1420,364,20,23
1421,364,2,5
1422,364,11,15
1423,365,14,10
1424,366,7,20
1425,366,18,7
1426,366,1,4
1427,366,0,6
1428,367,4,6
1429,367,16,2
1430,367,0,14
1431,367,1,14
1432,367,10,12
1433,367,9,22
1434,367,17,13
1435,368,1,16
1436,368,1,4
1437,369,11,24
1438,369,3,21
1439,369,23,21
1440,369,6,24
1441,370,2,16
1442,370,3,11
1443,370,14,20
1444,370,21,3
1445,371,11,9
1446,371,4,16
1447,371,17,2
1448,372,7,13
1449,372,13,20
1450,372,16,19
1451,372,7,9
1452,372,22,15
1453,373,7,9
1454,373,15,0
1455,373,4,22
1456,373,20,23
1457,373,14,8
1458,374,9,19
1459,374,1,11
1460,374,16,1
1461,374,20,24
1462,374,4,10
1463,375,5,16
1464,376,15,6
1465,376,15,2
1466,376,15,12
1467,377,0,23
1468,377,20,3
1469,377,24,10
1470,377,14,11
1471,377,24,2
1472,377,6,24
1473,378,17,14
1474,378,20,24
1475,379,1,17
1476,379,13,17
1477,379,10,8
1478,379,23,14
1479,380,16,4
1480,380,14,1
1481,380,1,22
1482,381,22,16
1483,381,2,16
1484,381,11,13
1485,382,4,7
1486,382,23,8
1487,382,10,7
1488,382,23,19
1489,382,20,10
1490,384,11,8
1491,384,7,9
1492,384,16,18
1493,385,3,5
1494,385,17,11
1495,385,4,8
1496,385,9,5
1497,386,3,20
1498,386,5,16
1499,386,1,15
1500,386,21,17
1501,386,16,14
1502,387,10,20
1503,387,14,0
1504,387,10,4
1505,387,7,24
1506,387,20,23
1507,387,20,9
1508,388,18,10
1509,388,22,18
1510,388,20,11
1511,388,19,2
1512,388,13,5
1513,389,2,21
1514,389,3,24
1515,390,17,24
1516,390,15,3
1517,390,2,19
1518,390,4,11
1519,391,21,24
1520,391,18,8
1521,391,24,8
1522,391,13,7
1523,391,14,23
1524,392,10,6
1525,392,7,19
1526,392,21,3
1527,392,14,1
1528,393,19,0
1529,393,6,22
1530,393,4,8
1531,393,18,2
1532,393,5,13
1533,393,23,9
1534,394,16,6
1535,394,4,12
1536,395,0,12
1537,395,20,4
1538,395,1,18
1539,395,6,17
1540,396,5,1
1541,396,0,10
1542,396,10,14
1543,396,22,4
1544,397,7,21
1545,397,21,18
1546,397,8,11
1547,397,19,17
1548,398,13,1
1549,398,21,24
1550,398,1,5
1551,398,6,24
1552,399,0,22
1553,399,24,18
1554,399,6,13
1555,400,14,6
1556,400,15,5
1557,400,24,17
1558,400,21,0
1559,400,15,3
1560,400,16,7
1561,400,7,18
1562,401,24,10
1563,401,24,2
1564,401,4,15
1565,401,7,10
1566,401,3,17
1567,401,19,11
1568,401,24,8
1569,402,0,11
1570,402,0,14
1571,402,19,4
1572,402,8,2
1573,403,19,7
1574,403,24,16
1575,403,6,20
1576,403,17,8
1577,403,4,13
1578,404,23,1
1579,404,0,3
1580,404,18,3
1581,404,20,5
1582,405,4,15
1583,405,1,5
1584,405,19,3
1585,405,18,24
1586,405,4,21
1587,405,7,14
1588,405,23,8
1589,405,7,24
1590,405,7,22
1591,405,7,4
1592,406,8,22
1593,406,11,14
1594,407,19,7
1595,407,15,1
1596,407,9,1
1597,407,24,5
1598,408,24,14
1599,408,17,6
1600,408,16,13
1601,408,13,16
1602,408,19,22
1603,409,2,24
1604,409,2,14
1605,409,0,8
1606,409,21,13
1607,409,14,3
1608,410,4,7
1609,410,8,19
1610,410,5,15
1611,410,21,10
1612,411,11,18
1613,411,8,5
1614,411,17,2
1615,412,14,16
1616,412,11,19
1617,412,14,12
1618,413,22,16
1619,413,10,3
1620,413,0,23
1621,413,17,10
1622,413,18,5
1623,414,10,16
1624,414,6,19
1625,414,11,22
1626,414,20,0
1627,414,7,21
1628,415,0,6
1629,416,8,23
1630,416,16,7
1631,416,6,4
1632,416,19,17
1633,416,9,21
1634,416,12,20
1635,416,0,12
1636,417,21,2
1637,417,23,6
1638,418,4,1
1639,418,10,17
1640,418,5,8
1641,419,2,23
1642,419,16,1
1643,420,11,20
1644,421,22,24
1645,421,21,9
1646,421,17,19
1647,422,7,21
1648,422,1,14
1649,423,19,3
1650,423,21,0
1651,424,5,19
1652,424,21,23
1653,424,15,8
1654,424,6,17
1655,424,2,14
1656,425,20,18
1657,425,5,12
1658,425,15,19
1659,425,9,17
1660,425,24,18
1661,426,4,10
1662,426,4,20
1663,426,4,12
1664,426,17,0
1665,427,22,16
1666,427,6,3
1667,427,22,19
1668,427,9,11
1669,427,8,16
1670,428,20,14
1671,428,1,3
1672,429,20,3
1673,429,5,20
1674,430,15,3
1675,430,7,20
1676,431,13,9
1677,431,9,22
1678,432,2,15
1679,432,19,7
1680,432,0,11
1681,432,4,2
1682,433,19,22
1683,433,24,1
1684,433,23,16
1685,433,11,0
1686,434,10,6
1687,434,11,0
1688,434,15,6
1689,435,8,15
1690,435,2,20
1691,436,16,5
1692,436,13,5
1693,436,13,1
1694,437,10,21
1695,437,2,9
1696,437,12,22
1697,438,8,14
1698,438,23,13
1699,438,20,23
1700,439,4,19
1701,439,24,15
1702,440,2,14
1703,440,17,9
1704,440,10,0
1705,440,24,9
1706,441,9,18
1707,441,18,6
1708,441,15,14
1709,441,16,10
1710,441,15,5
1711,441,19,11
1712,441,17,24
1713,442,6,17
1714,442,0,8
1715,442,24,11
1716,442,18,4
1717,443,9,17
1718,443,2,13
1719,443,10,9
1720,444,20,12
1721,444,0,9
1722,444,18,2
1723,445,14,1
1724,445,10,24
1725,445,9,17
1726,445,5,21
1727,446,8,19
1728,446,3,18
1729,446,20,23
1730,446,3,17
1731,446,14,21
1732,447,7,24
1733,447,12,22
1734,447,4,1
1735,447,6,10
1736,447,22,8
1737,447,11,5
1738,447,5,1
1739,448,24,5
1740,449,10,20
1741,449,5,24
1742,449,8,18
1743,449,12,0
1744,450,1,5
1745,450,24,9
1746,451,0,3
1747,451,5,20
1748,451,16,6
1749,451,9,12
1750,451,11,2
1751,451,3,14
1752,451,15,23
1753,452,0,6
1754,452,8,4
1755,452,2,21
1756,452,14,0
1757,452,15,2
1758,453,18,20
1759,453,16,7
1760,453,1,23
1761,453,5,24
1762,453,13,17
1763,454,9,10
1764,454,14,5
1765,454,3,11
1766,454,1,16
1767,454,23,11
1768,455,3,17
1769,455,19,11
1770,455,14,5
1771,456,6,4
1772,456,2,11
1773,456,11,0
1774,456,21,3
1775,457,2,22
1776,457,9,16
1777,457,15,23
1778,457,15,1
1779,457,21,15
1780,457,14,11
1781,457,4,21
1782,457,15,17
1783,458,24,11
1784,458,1,10
1785,458,12,21
1786,458,23,13
1787,459,8,17
1788,459,23,4
1789,459,22,9
1790,459,20,4
1791,459,22,15
1792,460,22,0
1793,461,1,5
1794,461,4,19
1795,461,5,7
1796,461,6,18
1797,462,20,18
1798,462,2,5
1799,463,15,7
1800,463,17,10
1801,463,11,19
1802,463,24,2
1803,463,13,19
1804,464,3,9
1805,464,13,7
1806,464,17,2
1807,464,23,16
1808,464,0,6
1809,464,20,8
1810,465,2,17
1811,465,22,7
1812,466,7,9
1813,466,21,12
1814,466,5,18
1815,467,13,19
1816,467,19,9
1817,467,24,17
1818,468,12,20
1819,468,5,15
1820,468,12,5
1821,468,21,17
1822,468,3,7
1823,468,9,16
1824,469,13,1
1825,469,16,8
1826,469,24,4
1827,469,12,16
1828,469,21,11
1829,469,14,20
1830,469,5,2
1831,470,1,14
1832,470,6,15
1833,470,24,2
1834,470,3,16
1835,471,15,4
1836,471,3,23
1837,471,20,2
1838,471,0,2
1839,471,23,11
1840,471,20,8
1841,471,22,0
1842,472,21,14
1843,472,8,4
1844,472,16,6
1845,472,6,22
1846,472,4,10
1847,472,12,10
1848,473,12,24
1849,473,9,19
1850,474,1,20
1851,474,23,0
1852,474,1,19
1853,475,5,11
1854,475,6,4
1855,475,16,2
1856,475,1,7
1857,475,1,9
1858,475,8,12
1859,475,16,4
1860,475,14,22
1861,476,13,7
1862,476,15,13
1863,476,17,6
1864,477,21,14
1865,477,16,12
1866,477,10,7
1867,477,14,6
1868,478,24,21
1869,478,22,3
1870,478,24,3
1871,478,9,6
1872,478,16,23
1873,479,20,11
1874,479,16,13
1875,479,14,18
1876,479,8,2
1877,480,23,6
1878,480,0,16
1879,480,21,4
1880,480,11,4
1881,480,1,9
1882,480,22,1
1883,481,14,23
1884,481,2,24
1885,481,0,23
1886,481,12,22
1887,481,11,24
1888,482,14,2
1889,482,0,10
1890,482,17,3
1891,482,17,7
1892,482,22,24
1893,482,24,17
1894,482,12,14
1895,482,4,14
1896,483,6,2
1897,483,13,6
1898,483,22,4
1899,483,6,2
1900,484,24,1
1901,484,21,5
1902,484,19,4
1903,484,8,18
1904,484,8,6
1905,484,9,16
1906,484,11,1
1907,485,4,20
1908,485,18,21
1909,485,15,2
1910,485,4,19
1911,486,19,12
1912,486,16,20
1913,486,10,7
1914,487,3,0
1915,487,3,11
1916,488,2,21
1917,488,22,4
1918,488,10,8
1919,488,19,8
1920,489,20,11
1921,489,16,18
1922,489,9,22
1923,489,3,16
1924,489,22,1
1925,490,22,7
1926,490,17,20
1927,490,4,10
1928,490,21,8
1929,491,6,17
1930,491,6,23
1931,492,9,0
1932,492,20,24
1933,492,19,13
1934,493,1,22
1935,493,5,21
1936,494,20,14
1937,494,4,5
1938,494,3,9
1939,494,14,11
1940,495,18,24
1941,495,2,5
1942,495,13,9
1943,495,20,22
1944,495,7,13
1945,495,3,10
1946,495,15,17
1947,496,17,19
1948,496,10,17
1949,496,23,1
1950,497,5,23
1951,497,18,24
1952,497,13,10
1953,497,9,16
1954,499,11,14
1955,499,17,24
1956,500,9,13
1957,500,6,9
1958,500,23,16
1959,500,2,17
1960,500,4,16
1961,500,14,1
1962,500,10,3
1963,500,20,5
1964,501,11,24
1965,501,3,15
1966,501,10,17
1967,501,12,15
1968,501,8,15
1969,502,24,21
1970,502,21,10
1971,502,8,23
1972,502,19,4
1973,502,6,13
1974,502,8,19
1975,502,8,1
1976,502,11,24
1977,503,5,24
1978,503,21,8
1979,504,24,22
1980,504,1,10
1981,504,22,9
1982,505,7,23
1983,505,21,6
1984,505,1,23
1985,505,2,21
1986,506,6,23
1987,506,23,17
1988,506,10,12
1989,506,0,14
1990,506,13,22
1991,506,9,7
1992,508,0,15
1993,508,10,3
1994,508,4,20
1995,508,5,21
1996,508,12,24
1997,509,22,18
1998,509,12,8
1999,509,5,17
2000,510,11,0
2001,511,20,0
2002,511,7,21
2003,511,21,12
2004,511,14,4
2005,512,11,17
2006,512,10,9
2007,512,24,15
2008,513,11,14
2009,513,19,10
2010,513,5,14
2011,513,0,19
2012,514,20,2
2013,514,15,7
2014,514,0,8
2015,514,15,18
2016,514,8,1
2017,515,21,17
2018,515,10,6
2019,515,4,23
2020,516,4,16
2021,516,4,12
2022,517,13,9
2023,518,23,14
2024,518,18,20
2025,518,0,10
2026,518,0,13
2027,518,17,7
2028,518,10,9
2029,519,11,22
2030,520,3,11
2031,520,3,19
2032,520,8,17
2033,521,4,13
2034,521,6,21
2035,522,14,8
2036,522,1,24
2037,522,15,17
2038,522,15,24
2039,523,10,6
2040,523,4,5
2041,523,0,19
2042,523,3,22
2043,523,7,17
2044,523,24,0
2045,523,12,2
2046,524,2,4
2047,524,18,11
2048,524,1,12
2049,524,5,12
2050,525,22,0
2051,525,22,18
2052,525,17,14
2053,525,22,12
2054,525,1,15
2055,525,12,9
2056,526,2,9
2057,526,0,18
2058,527,22,11
2059,527,15,23
2060,528,5,4
2061,528,21,0
2062,528,5,7
2063,528,7,15
2064,528,10,17
2065,528,4,12
2066,529,10,0
2067,529,15,2
2068,529,8,20
2069,530,21,15
2070,530,3,18
2071,530,3,11
2072,531,5,19
2073,531,2,14
2074,531,3,13
2075,532,22,8
2076,532,11,18
2077,532,24,7
2078,532,21,14
2079,532,3,14
2080,533,5,15
2081,533,3,22
2082,534,5,3
2083,534,4,22
2084,534,19,4
2085,534,9,18
2086,535,1,17
2087,535,5,20
2088,536,2,5
2089,537,0,16
2090,537,20,9
2091,537,22,10
2092,537,14,18
2093,537,21,19
2094,538,21,5
2095,538,15,7
2096,538,22,2
2097,538,16,6
2098,538,4,12
2099,538,17,21
2100,538,7,11
2101,539,7,4
2102,539,10,12
2103,539,1,22
2104,539,18,16
2105,539,18,21
2106,539,23,10
2107,539,7,24
2108,539,3,24
2109,539,23,15
2110,540,22,7
2111,540,8,22
2112,540,12,22
2113,540,16,6
2114,541,0,3
2115,541,23,13
2116,541,7,0
2117,541,9,17
2118,542,24,14
2119,542,22,9
2120,542,0,21
2121,542,12,2
2122,542,22,24
2123,543,15,13
2124,543,17,6
2125,543,12,18
2126,543,6,9
2127,544,13,3
2128,544,13,9
2129,544,1,16
2130,544,11,9
2131,545,20,13
2132,545,3,22
2133,546,13,23
2134,546,21,1
2135,546,3,13
2136,546,16,5
2137,547,0,6
2138,547,16,6
2139,547,24,10
2140,547,21,19
2141,547,11,4
2142,548,14,23
2143,548,22,11
2144,549,8,24
2145,549,7,18
2146,550,1,10
2147,550,17,4
2148,551,15,13
2149,551,7,1
2150,552,17,3
2151,552,19,11
2152,552,0,24
2153,552,21,12
2154,553,10,19
2155,553,2,12
2156,553,20,8
2157,554,0,16
2158,555,22,18
2159,555,23,8
2160,555,9,10
2161,556,17,23
2162,557,0,11
2163,557,12,6
2164,557,16,5
2165,557,24,13
2166,557,5,19
2167,557,6,10
2168,558,4,14
2169,558,15,22
2170,559,4,6
2171,559,17,10
2172,559,9,3
2173,559,5,11
2174,559,9,6
2175,559,10,6
2176,559,2,16
2177,559,21,13
2178,560,16,2
2179,560,1,14
2180,561,9,19
2181,561,20,23
2182,563,6,22
2183,563,7,15
2184,563,10,20
2185,563,21,10
2186,563,12,3
2187,563,0,7
2188,564,6,19
2189,564,9,23
2190,564,8,24
2191,564,4,8
2192,565,5,13
2193,565,14,17
2194,565,13,6
2195,565,19,8
2196,565,21,8
2197,565,15,13
2198,566,8,23
2199,567,7,10
2200,567,23,5
2201,567,19,22
2202,567,24,0
2203,568,0,20
2204,568,21,7
2205,568,4,1
2206,568,14,15
2207,569,23,8
2208,569,22,7
2209,570,16,5
2210,570,8,5
2211,570,1,8
2212,570,12,8
2213,571,1,18
2214,571,21,3
2215,571,1,3
2216,571,10,21
2217,571,8,17
2218,571,22,12
2219,572,19,5
2220,572,19,11
2221,573,23,14
2222,573,8,21
2223,573,1,9
2224,574,20,0
2225,574,0,14
2226,574,19,20
2227,574,23,6
2228,575,18,22
2229,575,19,17
2230,575,11,22
2231,575,14,11
2232,576,10,13
2233,576,6,22
2234,576,0,14
2235,576,24,13
2236,576,21,3
2237,577,19,10
2238,577,6,15
2239,577,21,8
2240,578,0,6
2241,578,21,5
2242,578,11,19
2243,578,17,13
2244,579,1,19
2245,579,12,20
2246,579,2,18
2247,579,14,20
2248,579,20,19
2249,580,24,10
2250,580,14,18
2251,581,1,9
2252,582,0,11
2253,582,11,19
2254,582,11,18
2255,582,22,4
2256,582,20,2
2257,582,24,21
2258,582,12,18
2259,582,14,6
2260,582,11,13
2261,582,8,19
2262,582,7,13
2263,583,18,21
2264,583,22,10
2265,583,1,24
2266,584,5,21
2267,584,12,6
2268,585,10,17
2269,585,24,16
2270,585,19,17
2271,585,5,7
2272,585,21,11
2273,585,4,24
2274,586,8,12
2275,586,14,17
2276,586,1,17
2277,586,2,0
2278,587,6,0
2279,587,3,7
2280,587,0,14
2281,587,20,8
2282,587,12,10
2283,588,21,11
2284,588,7,20
2285,588,17,10
2286,588,10,20
2287,589,23,16
2288,589,3,11
2289,589,22,12
2290,589,4,8
2291,590,8,17
2292,590,22,15
2293,590,2,23
2294,591,10,7
2295,591,0,15
2296,591,0,10
2297,591,13,2
2298,592,11,7
2299,592,9,20
2300,592,23,14
2301,593,10,3
2302,593,22,11
2303,594,23,0
2304,594,22,14
2305,594,16,10
2306,594,18,21
2307,594,24,21
2308,595,11,3
2309,595,22,14
2310,595,9,16
2311,595,20,9
2312,596,9,10
2313,596,7,21
2314,596,6,20
2315,596,9,20
2316,597,21,14
2317,597,13,19
2318,597,2,20
2319,597,6,17
2320,598,11,4
2321,598,17,19
2322,598,22,18
2323,599,3,22
2324,599,9,13
2325,600,8,11
2326,601,19,9
2327,601,1,16
2328,601,14,22
2329,601,18,0
2330,601,22,7
2331,602,19,10
2332,602,0,15
2333,602,19,3
2334,605,3,17
2335,605,5,16
2336,605,24,11
2337,605,23,17
2338,606,18,14
2339,606,8,20
2340,606,7,17
2341,607,22,15
2342,607,12,21
2343,607,24,9
2344,607,22,14
2345,607,13,4
2346,608,4,0
2347,608,5,1
2348,608,13,17
2349,608,23,15
2350,608,17,13
2351,608,0,23
2352,608,22,4
2353,609,20,19
2354,609,23,16
2355,609,5,3
2356,609,23,4
2357,609,1,13
2358,609,6,15
2359,609,20,2
2360,610,12,6
2361,610,7,19
2362,611,4,10
2363,611,15,1
2364,612,19,12
2365,612,19,2
2366,612,2,5
2367,612,14,1
2368,612,21,2
2369,612,19,1
2370,612,2,13
2371,613,11,22
2372,613,16,9
2373,613,4,5
2374,613,24,3
2375,613,1,21
2376,613,17,3
2377,613,3,15
2378,614,11,22
2379,614,22,16
2380,614,24,14
2381,615,16,14
2382,615,9,10
2383,616,16,2
2384,616,24,6
2385,616,18,24
2386,616,13,1
2387,616,8,24
2388,616,12,18
2389,616,18,8
2390,617,24,3
2391,617,18,10
2392,617,2,13
2393,617,24,12
2394,618,9,5
2395,618,2,13
2396,619,12,18
2397,619,9,18
2398,619,7,18
2399,619,2,24
2400,619,15,14
2401,619,1,17
2402,619,2,16
2403,619,12,3
2404,619,10,19
2405,620,11,18
2406,620,5,15
2407,621,10,16
2408,621,18,12
2409,621,20,24
2410,621,4,13
2411,621,19,2
2412,621,9,12
2413,622,16,7
2414,622,0,14
2415,622,2,9
2416,622,15,9
2417,622,8,12
2418,623,24,10
2419,623,4,12
2420,623,11,8
2421,623,20,3
2422,623,22,6
2423,624,2,0
2424,625,23,14
2425,625,11,24
2426,625,3,21
2427,625,17,15
2428,625,14,15
2429,626,23,2
2430,626,12,10
2431,626,17,3
2432,626,0,17
2433,626,13,22
2434,627,5,14
2435,627,7,10
2436,627,21,3
2437,627,23,13
2438,628,13,11
2439,628,13,16
2440,628,20,5
2441,629,15,11
2442,629,13,20
2443,629,23,10
2444,629,16,13
2445,629,11,2
2446,630,24,20
2447,630,24,18
2448,631,19,21
2449,631,2,16
2450,632,2,21
2451,632,8,12
2452,632,18,4
2453,632,11,24
2454,632,6,22
2455,633,3,7
2456,633,1,10
2457,633,6,20
2458,633,21,15
2459,634,2,17
2460,634,11,15
2461,634,22,4
2462,634,12,20
2463,634,17,4
2464,634,13,24
2465,634,15,6
2466,634,8,0
2467,635,7,17
2468,635,9,17
2469,635,15,1
2470,635,6,3
2471,635,1,14
2472,635,17,24
2473,635,14,6
2474,636,17,8
2475,636,13,2
2476,636,1,4
2477,637,5,7
2478,637,2,0
2479,637,19,4
2480,637,17,8
2481,638,1,20
2482,638,16,7
2483,638,4,10
2484,638,18,11
2485,638,17,4
2486,638,10,22
2487,638,20,8
2488,639,15,3
2489,639,24,6
2490,639,6,15
2491,640,8,12
2492,640,21,17
2493,640,12,24
2494,641,9,23
2495,641,21,18
2496,642,19,6
2497,642,3,9
2498,642,19,10
2499,642,6,15
2500,643,5,22
2501,643,15,18
2502,643,6,20
2503,643,20,24
2504,644,22,8
2505,644,7,15
2506,645,4,22
2507,645,1,3
2508,645,16,1
2509,645,2,9
2510,645,8,1
2511,646,10,19
2512,646,15,1
2513,646,6,20
2514,646,12,10
2515,647,10,4
2516,647,15,9
2517,647,15,0
2518,648,14,3
2519,648,16,2
2520,648,10,19
2521,648,23,11
2522,648,3,21
2523,648,7,18
2524,648,18,4
2525,649,22,8
2526,649,14,6
2527,650,18,9
2528,650,1,22
2529,650,23,21
2530,651,18,16
2531,651,12,6
2532,651,12,16
2533,651,6,21
2534,652,21,4
2535,652,0,11
2536,653,21,19
2537,653,16,19
2538,653,11,0
2539,654,7,22
2540,654,6,21
2541,654,21,12
2542,654,0,7
2543,655,9,2
2544,655,8,15
2545,656,17,7
2546,656,20,13
2547,656,9,3
2548,656,12,8
2549,656,4,15
2550,656,4,10
2551,657,3,6
2552,657,19,2
2553,658,5,4
2554,658,16,10
2555,658,6,24
2556,659,6,19
2557,660,1,9
2558,661,14,15
2559,661,3,12
2560,661,13,0
2561,661,14,18
2562,661,5,14
2563,662,23,12
2564,662,2,20
2565,662,19,13
2566,662,4,24
2567,662,11,20
2568,662,18,24
2569,663,19,22
2570,663,1,22
2571,663,11,22
2572,664,16,23
2573,664,16,9
2574,665,5,22
2575,665,4,23
2576,665,16,2
2577,666,5,20
2578,666,10,6
2579,667,13,2
2580,667,11,19
2581,667,22,2
2582,667,24,11
2583,668,4,7
2584,668,18,1
2585,668,6,12
2586,669,5,18
2587,670,13,17
2588,671,9,22
2589,671,13,0
2590,671,10,23
2591,671,7,9
2592,671,11,21
2593,672,23,11
2594,673,20,16
2595,673,6,18
2596,673,4,17
2597,673,15,17
2598,673,5,18
2599,673,9,12
2600,673,9,21
2601,674,1,21
2602,674,5,23
2603,675,0,18
2604,675,5,3
2605,675,13,24
2606,675,4,12
2607,676,12,1
2608,676,9,23
2609,676,12,6
2610,676,16,10
2611,677,2,15
2612,678,23,14
2613,678,22,16
2614,678,0,18
2615,678,5,1
2616,678,23,1
2617,679,15,23
2618,679,5,8
2619,680,11,22
2620,680,11,23
2621,680,0,8
2622,680,6,21
2623,680,8,11
2624,680,14,0
2625,680,21,5
2626,680,1,7
2627,681,14,17
2628,681,10,21
2629,681,15,19
2630,682,4,18
2631,682,0,17
2632,682,1,17
2633,682,7,19
2634,682,0,24
2635,684,13,5
2636,685,12,2
2637,685,4,13
2638,685,13,15
2639,685,23,13
2640,685,2,19
2641,685,8,23
2642,685,15,8
2643,686,1,22
2644,686,19,5
2645,686,14,15
2646,686,20,19
2647,686,10,3
2648,687,20,18
2649,687,19,20
2650,687,15,14
2651,688,5,24
2652,688,18,15
2653,689,23,13
2654,689,21,4
2655,689,7,22
2656,689,2,9
2657,689,2,22
2658,689,18,12
2659,689,5,4
2660,689,4,23
2661,690,18,20
2662,690,7,10
2663,690,1,22
2664,691,23,1
2665,691,14,16
2666,691,17,11
2667,692,21,5
2668,692,11,13
2669,692,11,2
2670,692,4,10
2671,692,23,10
2672,692,7,22
2673,693,4,0
2674,693,1,3
2675,693,0,6
2676,693,20,24
2677,693,20,4
2678,693,8,15
2679,694,3,10
2680,694,12,18
2681,694,5,2
2682,695,13,6
2683,695,20,9
2684,695,9,1
2685,695,8,19
2686,695,20,16
2687,696,20,11
2688,696,3,7
2689,696,18,3
2690,696,14,21
2691,696,20,7
2692,696,9,15
2693,697,15,13
2694,697,3,9
2695,697,10,17
2696,698,13,17
2697,698,0,2
2698,699,4,14
2699,699,8,19
2700,699,15,18
2701,699,15,18
2702,699,15,24
2703,699,12,19
2704,699,8,22
2705,699,1,4
2706,699,10,21
2707,699,23,13
2708,700,10,2
2709,700,6,3
2710,700,23,7
2711,701,24,7
2712,701,9,12
2713,701,22,9
2714,702,24,18
2715,702,12,20
2716,704,21,23
2717,704,2,12
2718,704,12,8
2719,704,4,19
2720,704,11,24
2721,704,5,17
2722,704,11,5
2723,705,3,12
2724,705,8,21
2725,705,11,14
2726,705,24,6
2727,705,21,3
2728,705,12,15
2729,705,14,16
2730,705,5,20
2731,705,19,17
2732,706,4,1
2733,706,15,3
2734,706,8,10
2735,706,7,17
2736,706,22,5
2737,706,24,20
2738,706,7,16
2739,707,15,17
2740,707,8,24
2741,707,3,9
2742,708,10,21
2743,708,16,24
2744,708,20,2
2745,708,7,17
2746,708,19,17
2747,709,1,20
2748,709,0,3
2749,709,2,20
2750,709,17,4
2751,709,11,7
2752,710,14,2
2753,710,5,21
2754,710,13,7
2755,710,4,10
2756,711,6,13
2757,711,1,15
2758,711,10,21
2759,711,6,16
2760,712,10,9
2761,712,16,19
2762,712,22,0
2763,712,12,18
2764,712,17,14
2765,713,23,13
2766,714,11,19
2767,714,18,0
2768,715,22,13
2769,715,7,19
2770,715,13,3
2771,715,2,6
2772,717,7,21
2773,717,2,13
2774,717,22,2
2775,717,12,9
2776,717,18,7
2777,717,12,6
2778,717,2,4
2779,718,18,14
2780,718,10,21
2781,718,21,8
2782,718,4,19
2783,718,3,21
2784,719,15,23
2785,719,24,16
2786,719,10,12
2787,719,7,20
2788,719,20,10
2789,720,23,6
2790,720,16,5
2791,720,5,19
2792,720,3,5
2793,721,16,14
2794,721,2,21
2795,722,21,24
2796,722,0,4
2797,722,6,0
2798,722,4,2
2799,723,3,19
2800,723,15,17
2801,723,8,4
2802,723,12,3
2803,724,3,23
2804,724,8,4
2805,725,15,22
2806,725,6,8
2807,725,20,22
2808,725,22,24
2809,726,6,15
2810,726,24,10
2811,726,5,14
2812,726,0,13
2813,726,6,9
2814,726,11,19
2815,727,3,21
2816,727,7,0
2817,728,22,16
2818,728,23,2
2819,728,2,24
2820,729,18,5
2821,729,5,8
2822,729,0,17
2823,729,13,1
2824,730,13,17
2825,730,18,8
2826,730,15,5
2827,730,3,16
2828,730,23,20
2829,731,3,10
2830,731,19,9
2831,732,3,1
2832,732,8,18
2833,732,2,12
2834,732,9,2
2835,732,19,5
2836,732,14,22
2837,732,2,4
2838,732,11,8
2839,733,0,13
2840,733,20,9
2841,733,2,14
2842,734,12,1
2843,734,3,18
2844,734,1,13
2845,734,18,2
2846,736,6,8
2847,736,4,5
2848,736,20,13
2849,736,22,11
2850,736,17,11
2851,737,0,4
2852,737,6,4
2853,737,16,20
2854,737,20,13
2855,738,14,1
2856,738,11,18
2857,738,1,11
2858,738,4,18
2859,738,11,24
2860,738,16,9
2861,739,7,24
2862,739,15,0
2863,739,11,4
2864,739,20,23
2865,740,3,7
2866,740,6,18
2867,740,4,8
2868,740,15,6
2869,741,24,15
2870,741,21,4
2871,741,22,20
2872,741,20,1
2873,742,2,11
2874,742,1,8
2875,742,22,1
2876,744,5,21
2877,744,15,12
2878,744,14,16
2879,744,1,8
2880,745,12,0
2881,745,12,9
2882,746,18,14
2883,746,5,20
2884,746,2,8
2885,747,14,2
2886,747,4,16
2887,748,6,2
2888,748,24,21
2889,748,4,22
2890,748,24,10
2891,749,20,13
2892,749,21,1
2893,749,19,22
2894,749,10,23
2895,749,3,12
2896,750,24,2
2897,751,17,11
2898,751,13,23
2899,751,6,22
2900,752,24,16
2901,752,14,23
2902,752,14,4
2903,752,7,10
2904,753,11,8
2905,753,11,20
2906,753,15,24
2907,754,14,6
2908,754,19,21
2909,754,3,9
2910,754,17,5
2911,755,21,7
2912,756,7,16
2913,756,8,21
2914,756,24,1
2915,757,9,10
2916,757,2,6
2917,757,7,4
2918,758,9,23
2919,758,9,3
2920,758,23,8
2921,758,23,15
2922,759,20,10
2923,759,12,18
2924,759,1,16
2925,759,3,1
2926,760,2,8
2927,760,17,8
2928,760,24,15
2929,760,22,16
2930,761,1,4
2931,761,14,22
2932,761,5,1
2933,762,7,9
2934,763,18,14
2935,763,9,6
2936,763,14,1
2937,763,13,3
2938,764,10,6
2939,765,17,7
2940,765,11,21
2941,765,24,21
2942,765,12,21
2943,766,5,20
2944,766,20,2
2945,766,14,0
2946,767,12,23
2947,767,22,10
2948,768,1,5
2949,768,8,23
2950,768,8,21
2951,769,2,17
2952,769,8,10
2953,769,8,6
2954,769,23,6
2955,769,15,2
2956,770,7,16
2957,770,15,14
2958,771,10,17
2959,771,4,14
2960,771,0,3
2961,772,12,1
2962,772,13,16
2963,772,14,12
2964,772,10,8
2965,772,4,20
2966,772,8,15
2967,772,16,19
2968,772,20,8
2969,773,16,20
2970,773,6,10
2971,773,9,12
2972,773,10,17
2973,774,15,4
2974,774,13,4
2975,774,21,9
2976,775,21,24
2977,775,7,19
2978,775,2,14
2979,776,2,5
2980,776,10,12
2981,776,19,12
2982,777,18,12
2983,777,4,10
2984,777,12,22
2985,777,15,19
2986,778,22,7
2987,778,11,24
2988,778,21,8
2989,778,4,13
2990,778,4,6
2991,778,11,14
2992,778,1,11
2993,779,18,24
2994,779,3,1
2995,779,8,1
2996,779,10,22
2997,780,3,5
2998,780,5,4
2999,780,4,7
3000,780,1,22
3001,780,4,16
3002,781,20,24
3003,781,7,11
3004,782,12,4
3005,782,21,10
3006,782,5,20
3007,782,21,8
3008,782,15,12
3009,783,24,12
3010,783,2,14
3011,783,5,1
3012,783,19,15
3013,783,11,21
3014,783,19,21
3015,783,20,10
3016,783,5,21
3017,783,17,19
3018,784,24,6
3019,784,22,1
3020,784,17,23
3021,785,18,14
3022,785,5,18
3023,786,4,2
3024,786,18,20
3025,786,3,11
3026,786,23,17
3027,787,4,16
3028,787,23,19
3029,787,9,7
3030,787,18,6
3031,788,24,6
3032,788,5,2
3033,788,9,1
3034,788,22,14
3035,789,21,17
3036,789,1,7
3037,789,7,9
3038,789,6,9
3039,789,13,24
3040,790,6,3
3041,790,5,13
3042,790,7,17
3043,790,17,4
3044,790,2,16
3045,790,19,10
3046,791,19,1
3047,792,16,4
3048,792,13,4
3049,792,20,2
3050,792,7,20
3051,793,2,15
3052,793,7,4
3053,793,0,11
3054,794,24,14
3055,794,3,9
3056,794,11,9
3057,794,14,4
3058,794,20,17
3059,795,9,21
3060,795,21,19
3061,796,14,6
3062,796,3,22
3063,796,3,20
3064,796,22,0
3065,796,9,23
3066,796,15,21
3067,796,15,4
3068,797,1,24
3069,797,15,19
3070,797,4,22
3071,797,7,14
3072,797,10,22
3073,797,17,8
3074,798,13,22
3075,799,8,11
3076,799,14,11
3077,799,3,22
3078,800,18,11
3079,800,0,22
3080,800,23,0
3081,800,0,20
3082,801,24,0
3083,801,5,17
3084,802,1,3
3085,802,6,23
3086,802,24,0
3087,802,2,23
3088,803,1,7
3089,803,19,8
3090,804,15,2
3091,804,10,23
3092,804,4,22
3093,804,21,8
3094,805,13,22
3095,805,9,16
3096,806,12,6
3097,807,18,1
3098,807,9,11
3099,807,15,18
3100,808,14,24
3101,808,2,24
3102,808,3,23
3103,808,11,8
3104,808,3,17
3105,808,15,8
3106,809,21,9
3107,809,20,6
3108,809,2,13
3109,810,9,2
3110,810,8,12
3111,810,0,3
3112,810,1,4
3113,811,16,24
3114,811,5,18
3115,811,14,23
3116,811,23,8
3117,811,22,15
3118,811,0,3
3119,811,16,5
3120,812,4,13
3121,812,16,0
3122,812,10,19
3123,812,6,20
3124,812,7,4
3125,812,17,4
3126,812,22,1
3127,813,13,7
3128,813,1,13
3129,814,3,1
3130,814,18,20
3131,814,15,18
3132,814,1,10
3133,815,14,21
3134,815,12,22
3135,815,23,0
3136,815,2,23
3137,815,12,1
3138,815,11,20
3139,815,15,23
3140,815,3,13
3141,815,3,11
3142,815,13,10
3143,816,5,7
3144,816,8,11
3145,817,8,6
3146,817,11,4
3147,817,4,21
3148,817,12,4
3149,817,23,21
3150,818,16,18
3151,818,18,4
3152,818,19,13
3153,819,4,17
3154,819,24,10
3155,820,9,1
3156,820,9,10
3157,820,14,3
3158,820,3,6
3159,820,19,1
3160,820,23,10
3161,821,20,6
3162,821,4,15
3163,821,0,16
3164,821,3,9
3165,822,9,19
3166,822,15,17
3167,822,19,12
3168,822,0,12
3169,822,18,7
3170,823,17,21
3171,823,7,1
3172,824,13,15
3173,824,2,20
3174,824,14,6
3175,824,18,2
3176,824,0,4
3177,824,1,14
3178,825,7,24
3179,826,6,2
3180,826,13,22
3181,826,13,4
3182,826,24,2
3183,827,10,6
3184,827,5,11
3185,827,9,15
3186,827,23,20
3187,828,0,7
3188,828,9,22
3189,829,21,17
3190,829,2,21
3191,832,10,8
3192,832,24,1
3193,832,14,11
3194,832,24,22
3195,833,24,15
3196,833,13,9
3197,833,22,7
3198,833,11,20
3199,833,10,2
3200,833,11,19
3201,834,16,24
3202,834,7,11
3203,834,15,5
3204,835,3,10
3205,835,12,18
3206,835,8,20
3207,836,13,10
3208,836,22,7
3209,836,7,13
3210,836,8,21
3211,836,1,23
3212,836,7,15
3213,837,5,12
3214,837,18,20
3215,837,18,8
3216,837,5,11
3217,837,2,19
3218,837,2,8
3219,838,16,2
3220,838,15,1
3221,840,0,20
3222,840,2,5
3223,840,18,16
3224,840,9,7
3225,840,9,13
3226,841,16,8
3227,841,15,6
3228,841,2,11
3229,841,20,17
3230,841,6,18
3231,841,9,20
3232,842,18,21
3233,842,11,1
3234,842,17,21
3235,842,15,21
3236,842,1,18
3237,843,4,13
3238,843,18,24
3239,843,16,4
3240,844,13,23
3241,844,19,4
3242,844,5,9
3243,844,6,24
3244,844,16,8
3245,844,22,7
3246,845,9,3
3247,845,5,7
3248,845,19,15
3249,846,3,14
3250,846,4,24
3251,846,24,22
3252,846,9,23
3253,846,9,12
3254,847,5,15
3255,847,10,21
3256,847,19,9
3257,847,18,21
3258,847,6,8
3259,847,12,19
3260,848,1,23
3261,848,7,16
3262,848,0,24
3263,848,21,10
3264,848,19,21
3265,849,8,19
3266,849,8,6
3267,849,19,0
3268,849,20,3
3269,849,6,24
3270,850,16,7
3271,850,13,6
3272,850,12,5
3273,850,1,8
3274,850,3,12
3275,851,24,16
3276,851,20,8
3277,851,3,23
3278,852,3,6
3279,852,24,22
3280,852,13,7
3281,853,21,14
3282,853,20,4
3283,853,2,9
3284,853,19,16
3285,853,7,19
3286,853,17,19
3287,854,14,17
3288,854,9,2
3289,854,15,9
3290,854,22,10
3291,855,4,15
3292,855,22,14
3293,855,0,7
3294,855,17,4
3295,855,8,16
3296,855,15,7
3297,856,1,17
3298,856,7,15
3299,856,18,16
3300,857,23,20
3301,857,6,17
3302,858,7,24
3303,858,11,4
3304,858,24,14
3305,858,7,5
3306,859,19,22
3307,859,10,22
3308,859,4,6
3309,859,2,9
3310,859,14,23
3311,860,20,22
3312,860,3,19
3313,860,10,16
3314,861,0,19
3315,861,17,19
3316,862,21,17
3317,862,5,1
3318,862,17,11
3319,863,0,11
3320,863,20,19
3321,864,15,6
3322,864,24,10
3323,864,11,14
3324,865,4,11
3325,865,6,21
3326,865,3,12
3327,865,6,10
3328,865,19,0
3329,865,11,8
3330,865,7,5
3331,866,1,14
3332,866,7,5
3333,867,9,13
3334,867,3,7
3335,867,10,14
3336,868,17,21
3337,868,10,17
3338,868,1,13
3339,869,3,5
3340,869,14,11
3341,870,3,18
3342,870,0,8
3343,870,4,15
3344,870,11,21
3345,870,18,9
3346,870,6,0
3347,870,14,6
3348,870,21,17
3349,870,8,4
3350,871,24,6
3351,871,23,1
3352,871,0,10
3353,871,23,13
3354,872,24,21
3355,872,6,16
3356,872,24,1
3357,872,24,10
3358,872,9,15
3359,873,21,10
3360,873,1,16
3361,873,2,6
3362,873,17,10
3363,874,21,5
3364,874,12,9
3365,874,23,7
3366,875,19,16
3367,875,24,3
3368,875,3,22
3369,875,19,2
3370,875,24,13
3371,876,13,11
3372,876,12,10
3373,876,11,8
3374,877,24,21
3375,877,24,12
3376,877,3,14
3377,877,10,6
3378,877,18,24
3379,877,3,13
3380,878,12,22
3381,878,6,18
3382,878,6,23
3383,878,20,23
3384,878,23,10
3385,879,12,0
3386,879,21,18
3387,879,23,16
3388,879,19,6
3389,879,23,21
3390,879,16,20
3391,879,13,22
3392,880,7,22
3393,880,23,15
3394,881,11,23
3395,882,13,1
3396,882,3,0
3397,882,10,19
3398,882,9,23
3399,882,22,16
3400,882,1,17
3401,883,2,8
3402,883,16,8
3403,883,20,1
3404,883,9,0
3405,883,16,24
3406,883,10,3
3407,883,15,2
3408,883,0,17
3409,884,12,8
3410,884,21,9
3411,884,22,24
3412,884,3,5
3413,884,7,13
3414,884,8,23
3415,884,10,20
3416,885,0,18
3417,886,15,6
3418,886,17,14
3419,886,22,10
3420,886,6,14
3421,886,12,19
3422,886,5,16
3423,886,5,7
3424,888,4,7
3425,889,6,23
3426,889,20,18
3427,889,16,13
3428,890,10,16
3429,890,22,20
3430,890,12,22
3431,891,8,18
3432,892,17,7
3433,892,11,13
3434,893,24,10
3435,893,7,10
3436,894,11,19
3437,894,22,24
3438,894,15,11
3439,895,20,12
3440,895,12,18
3441,895,20,13
3442,895,5,18
3443,896,22,3
3444,896,2,13
3445,896,0,23
3446,896,13,2
3447,896,15,14
3448,897,17,23
3449,897,18,9
3450,897,1,22
3451,897,16,9
3452,898,15,24
3453,898,17,10
3454,899,7,15
3455,899,17,23
3456,899,20,19
3457,899,14,1
3458,900,19,22
3459,900,22,8
3460,900,1,18
3461,900,14,1
3462,900,11,8
3463,900,18,10
3464,901,24,21
3465,901,17,11
3466,902,20,16
3467,902,9,21
3468,902,6,2
3469,902,23,2
3470,903,20,13
3471,903,22,14
3472,903,11,17
3473,903,24,7
3474,903,22,3
3475,903,14,12
3476,904,8,20
3477,904,23,16
3478,904,17,21
3479,905,20,24
3480,905,15,17
3481,905,15,18
3482,905,5,8
3483,905,11,3
3484,906,23,10
3485,907,21,6
3486,907,3,1
3487,907,6,2
3488,908,17,8
3489,908,14,22
3490,908,3,20
3491,908,3,22
3492,908,23,9
3493,909,1,24
3494,909,2,6
3495,910,16,18
3496,910,12,21
3497,910,17,9
3498,910,18,8
3499,911,0,14
3500,911,9,1
3501,911,9,2
3502,911,9,0
3503,911,11,4
3504,911,8,24
3505,912,2,23
3506,912,1,11
3507,912,4,19
3508,913,24,17
3509,913,9,3
3510,913,17,15
3511,913,5,2
3512,913,11,21
3513,914,7,14
3514,914,11,3
3515,915,22,14
3516,916,1,16
3517,916,20,0
3518,916,21,23
3519,916,1,19
3520,916,15,12
3521,916,21,13
3522,916,14,20
3523,916,20,14
3524,916,1,14
3525,917,6,20
3526,917,16,10
3527,918,18,0
3528,918,3,7
3529,918,12,3
3530,918,17,5
3531,919,3,5
3532,920,18,6
3533,920,11,3
3534,920,10,14
3535,920,8,6
3536,920,9,3
3537,921,20,24
3538,921,6,20
3539,922,13,20
3540,922,24,1
3541,922,15,12
3542,922,10,19
3543,923,8,16
3544,924,21,7
3545,924,7,11
3546,924,24,14
3547,924,23,17
3548,924,2,12
3549,925,2,24
3550,925,4,10
3551,925,12,2
3552,925,5,1
3553,925,2,18
3554,925,6,19
3555,925,0,20
3556,925,6,12
3557,925,14,2
3558,926,14,3
3559,926,4,19
3560,926,16,24
3561,926,10,19
3562,926,18,16
3563,926,18,21
3564,926,14,22
3565,927,8,19
3566,927,6,16
3567,927,3,7
3568,927,15,12
3569,927,0,20
3570,927,22,16
3571,928,8,18
3572,928,23,15
3573,928,19,1
3574,929,15,9
3575,929,4,6
3576,930,17,11
3577,930,3,9
3578,930,7,3
3579,930,12,0
3580,930,5,19
3581,931,5,17
3582,932,20,12
3583,932,8,2
3584,932,9,19
3585,932,5,15
3586,932,0,10
3587,933,22,0
3588,934,20,22
3589,934,12,1
3590,935,18,16
3591,935,4,13
3592,935,18,10
3593,935,21,15
3594,936,15,18
3595,936,22,5
3596,937,12,16
3597,938,18,2
3598,938,5,3
3599,938,9,24
3600,938,4,12
3601,938,13,6
3602,938,11,20
3603,938,2,18
3604,938,22,10
3605,938,2,17
3606,938,9,10
3607,939,11,4
3608,939,9,2
3609,939,16,14
3610,939,20,16
3611,940,4,7
3612,940,6,12
3613,941,4,6
3614,941,24,12
3615,941,13,23
3616,941,13,0
3617,941,14,22
3618,941,16,9
3619,942,3,7
3620,943,17,21
3621,943,7,15
3622,943,23,5
3623,944,15,22
3624,944,21,11
3625,944,17,13
3626,945,24,14
3627,945,13,11
3628,945,13,4
3629,945,19,0
3630,946,2,5
3631,946,3,10
3632,946,21,19
3633,946,19,11
3634,947,6,19
3635,947,17,21
3636,947,20,12
3637,947,5,17
3638,947,6,18
3639,948,16,7
3640,949,24,21
3641,949,14,15
3642,949,21,8
3643,949,4,14
3644,949,11,15
3645,949,20,2
3646,950,15,2
3647,950,18,1
3648,950,17,1
3649,951,11,19
3650,951,19,1
3651,951,12,0
3652,952,0,4
3653,952,2,13
3654,952,24,20
3655,952,2,9
3656,952,12,1
3657,953,15,12
3658,953,11,19
3659,953,8,11
3660,953,23,1
3661,953,1,16
3662,953,19,3
3663,953,11,17
3664,953,3,5
3665,954,2,22
3666,954,1,23
3667,954,2,19
3668,954,11,3
3669,954,7,23
3670,955,6,15
3671,956,11,20
3672,956,24,1
3673,956,5,20
3674,957,7,1
3675,957,0,11
3676,957,18,15
3677,957,7,3
3678,957,0,8
3679,958,1,3
3680,958,15,2
3681,958,22,15
3682,958,16,1
3683,958,20,17
3684,958,7,14
3685,959,13,2
3686,959,10,16
3687,959,5,24
3688,960,23,5
3689,960,14,16
3690,960,20,9
3691,960,16,7
3692,960,12,4
3693,960,9,12
3694,961,24,3
3695,961,7,19
3696,961,17,8
3697,961,22,9
3698,961,20,18
3699,962,15,14
3700,963,4,10
3701,964,3,1
3702,964,7,3
3703,965,18,10
3704,965,6,3
3705,965,20,1
3706,965,9,15
3707,966,9,12
3708,966,12,0
3709,966,22,14
3710,966,4,12
3711,966,3,22
3712,967,10,14
3713,967,13,20
3714,967,5,15
3715,967,17,6
3716,968,11,24
3717,968,2,24
3718,968,17,21
3719,968,6,13
3720,968,10,21
3721,969,1,22
3722,969,14,12
3723,969,12,15
3724,969,22,10
3725,969,0,10
3726,969,7,24
3727,969,24,2
3728,970,22,0
3729,970,8,4
3730,970,16,3
3731,971,10,0
3732,971,14,23
3733,971,9,0
3734,971,3,22
3735,972,12,6
3736,972,10,2
3737,972,10,19
3738,972,4,13
3739,972,11,17
3740,973,0,8
3741,973,24,3
3742,973,6,0
3743,973,10,13
3744,973,21,11
3745,974,6,22
3746,974,21,3
3747,974,21,15
3748,975,15,4
3749,975,11,5
3750,975,18,1
3751,976,22,19
3752,976,7,10
3753,977,21,8
3754,977,3,22
3755,977,4,2
3756,977,19,11
3757,977,23,8
3758,977,14,12
3759,977,4,23
3760,978,19,23
3761,978,7,4
3762,978,2,19
3763,978,10,14
3764,978,8,20
3765,978,9,24
3766,979,1,13
3767,979,4,18
3768,979,10,17
3769,979,2,18
3770,979,1,12
3771,979,1,15
3772,979,5,19
3773,980,1,21
3774,980,14,10
3775,981,20,19
3776,982,5,22
3777,982,21,13
3778,982,16,20
3779,983,23,16
3780,983,9,22
3781,983,19,15
3782,983,18,24
3783,984,20,23
3784,984,23,12
3785,984,6,13
3786,984,2,9
3787,984,2,8
3788,985,20,12
3789,985,8,16
3790,986,13,15
3791,986,6,14
3792,986,16,7
3793,986,24,18
3794,986,18,1
3795,987,9,21
3796,987,2,0
3797,988,9,24
3798,988,12,8
3799,988,13,24
3800,988,4,12
3801,989,19,17
3802,989,22,13
3803,989,9,21
3804,989,16,10
3805,989,24,3
3806,990,17,6
3807,990,10,16
3808,991,5,7
3809,991,5,11
3810,991,16,5
3811,991,20,9
3812,992,12,20
3813,992,15,24
3814,992,7,0
3815,992,11,2
3816,992,21,17
3817,992,11,0
3818,993,1,18
3819,993,21,13
3820,993,6,24
3821,993,9,22
3822,993,6,23
3823,993,13,6
3824,994,1,4
3825,994,19,6
3826,994,13,22
3827,994,4,13
3828,995,1,3
3829,995,15,3
3830,995,8,4
3831,995,24,3
3832,996,8,4
3833,996,19,10
3834,997,1,21
3835,997,0,22
3836,997,16,3
3837,997,15,5
3838,997,13,15
3839,997,2,5
3840,998,22,11
3841,998,1,16
3842,999,6,2
3843,999,19,8
3844,999,22,19
3845,999,3,18
3846,1000,15,18
3847,1000,0,21
3848,1000,18,6
3849,1001,13,17
3850,1001,13,19
3851,1001,18,4
3852,1002,15,12
3853,1002,1,9
3854,1002,23,7
3855,1002,19,20
3856,1002,19,21
3857,1002,6,13
3858,1002,0,14
3859,1002,9,0
3860,1003,6,10
3861,1004,7,23
3862,1004,6,21
3863,1004,22,0
3864,1005,20,17
3865,1005,6,17
3866,1006,19,2
3867,1006,21,11
3868,1006,24,10
3869,1006,22,14
3870,1006,12,6
3871,1007,20,11
3872,1007,3,11
3873,1008,15,18
3874,1008,4,5
3875,1008,5,15
3876,1008,11,9
3877,1008,18,15
3878,1008,4,13
3879,1009,24,20
3880,1009,23,7
3881,1009,10,6
3882,1009,3,7
3883,1010,14,24
3884,1011,7,1
3885,1011,6,13
3886,1012,14,8
3887,1012,23,8
3888,1012,1,21
3889,1013,12,22
3890,1013,12,24
3891,1013,22,0
3892,1013,9,12
3893,1013,9,1
3894,1014,12,19
3895,1014,20,24
3896,1014,8,18
3897,1014,15,24
3898,1014,5,19
3899,1014,17,3
3900,1015,23,5
3901,1015,22,6
3902,1015,8,1
3903,1015,11,19
3904,1016,9,5
3905,1016,8,14
3906,1016,14,12
3907,1017,19,22
3908,1017,15,21
3909,1017,3,9
3910,1018,20,12
3911,1018,1,13
3912,1018,15,18
3913,1018,24,16
3914,1018,16,5
3915,1019,20,10
3916,1020,23,9
3917,1020,17,21
3918,1020,12,9
3919,1020,17,5
3920,1021,9,5
3921,1021,10,13
3922,1021,7,13
3923,1021,2,11
3924,1022,2,18
3925,1022,22,14
3926,1022,15,13
3927,1022,17,19
3928,1022,20,24
3929,1023,21,5
3930,1023,13,5
3931,1023,15,14
3932,1023,2,8
3933,1024,22,3
3934,1024,12,18
3935,1025,18,24
3936,1025,20,11
3937,1025,13,17
3938,1025,19,11
3939,1025,0,15
3940,1025,6,8
3941,1026,16,10
3942,1026,19,9
3943,1026,2,17
3944,1026,17,0
3945,1026,11,7
3946,1026,21,4
3947,1027,14,8
3948,1027,24,11
3949,1027,3,5
3950,1028,16,22
3951,1028,16,18
3952,1028,9,22
3953,1028,22,16
3954,1028,2,19
3955,1028,22,3
3956,1028,1,10
3957,1028,5,9
3958,1029,16,9
3959,1029,12,18
3960,1029,10,4
3961,1029,16,22
3962,1031,12,2
3963,1031,11,0
3964,1031,13,10
3965,1031,2,21
3966,1031,21,9
3967,1032,13,21
3968,1032,4,7
3969,1032,16,0
3970,1033,17,7
3971,1033,19,6
3972,1033,10,14
3973,1033,8,14
3974,1033,0,16
3975,1034,0,8
3976,1034,17,3
3977,1034,13,21
3978,1034,15,19
3979,1034,17,20
3980,1034,23,17
3981,1035,6,16
3982,1035,15,19
3983,1035,24,10
3984,1036,23,2
3985,1036,1,21
3986,1037,24,10
3987,1037,4,15
3988,1037,22,16
3989,1038,9,21
3990,1038,12,3
3991,1039,22,1
3992,1039,22,13
3993,1039,16,13
3994,1039,0,14
3995,1039,6,13
3996,1039,16,12
3997,1040,15,3
3998,1040,10,0
3999,1040,21,4
4000,1040,10,21
4001,1040,5,23
4002,1040,22,0
4003,1041,4,1
4004,1041,2,23
4005,1041,12,1
4006,1041,9,6
4007,1042,2,12
4008,1042,22,20
4009,1042,3,20
4010,1042,2,8
4011,1042,16,3
4012,1043,6,2
4013,1043,4,22
4014,1043,20,17
4015,1043,23,19
4016,1044,21,23
4017,1044,3,11
4018,1044,21,4
4019,1044,7,23
4020,1044,1,12
4021,1045,21,5
4022,1045,4,10
4023,1045,20,4
4024,1045,15,12
4025,1045,7,19
4026,1045,16,8
4027,1046,21,9
4028,1046,18,22
4029,1046,8,16
4030,1047,5,7
4031,1047,15,6
4032,1048,21,18
4033,1048,7,22
4034,1048,11,4
4035,1048,17,13
4036,1049,7,20
4037,1049,20,22
4038,1049,16,5
4039,1049,20,4
4040,1049,8,17
4041,1049,21,7
4042,1050,18,9
4043,1050,17,11
4044,1050,6,23
4045,1051,15,4
4046,1051,23,2
4047,1051,10,9
4048,1051,12,5
4049,1052,24,2
4050,1052,24,6
4051,1052,21,18
4052,1052,19,22
4053,1052,23,8
4054,1053,15,19
4055,1053,18,4
4056,1053,20,5
4057,1053,20,8
4058,1054,20,22
4059,1054,19,0
4060,1054,24,9
4061,1054,12,2
4062,1055,23,5
4063,1055,20,9
4064,1055,3,1
4065,1055,11,20
4066,1056,6,0
4067,1057,21,9
4068,1057,2,21
4069,1058,12,5
4070,1058,10,0
4071,1058,13,7
4072,1058,11,8
4073,1058,1,7
4074,1059,10,14
4075,1059,1,15
4076,1059,9,21
4077,1060,11,9
4078,1060,19,1
4079,1060,17,3
4080,1061,15,8
4081,1061,15,8
4082,1062,8,23
4083,1062,22,14
4084,1062,12,20
4085,1062,23,6
4086,1062,3,23
4087,1062,8,21
4088,1062,22,1
4089,1063,15,22
4090,1063,17,6
4091,1063,9,15
4092,1063,0,3
4093,1064,24,5
4094,1065,4,10
4095,1065,8,0
4096,1065,10,4
4097,1066,9,15
4098,1066,12,16
4099,1066,21,8
4100,1066,11,23
4101,1067,21,6
4102,1068,9,19
4103,1068,18,5
4104,1068,21,10
4105,1068,10,8
4106,1069,1,16
4107,1069,1,22
4108,1069,20,16
4109,1069,9,24
4110,1069,17,4
4111,1069,4,23
4112,1070,14,22
4113,1070,23,16
4114,1070,2,16
4115,1070,14,16
4116,1070,24,0
4117,1071,9,20
4118,1071,1,12
4119,1071,1,13
4120,1071,4,21
4121,1071,22,9
4122,1072,5,18
4123,1072,22,0
4124,1072,2,11
4125,1072,12,4
4126,1072,1,5
4127,1072,6,18
4128,1073,4,12
4129,1073,19,9
4130,1073,24,18
4131,1073,11,8
4132,1074,24,3
4133,1074,8,18
4134,1074,8,12
4135,1075,11,22
4136,1075,4,11
4137,1075,14,10
4138,1076,3,9
4139,1076,5,18
4140,1076,21,1
4141,1077,18,7
4142,1077,10,22
4143,1077,10,1
4144,1077,2,13
4145,1077,18,12
4146,1078,8,12
4147,1078,5,3
4148,1078,19,10
4149,1079,15,1
4150,1079,8,2
4151,1079,2,24
4152,1079,11,23
4153,1080,22,20
4154,1080,19,22
4155,1080,7,19
4156,1080,23,17
4157,1081,18,10
4158,1081,15,4
4159,1081,5,2
4160,1081,10,19
4161,1082,1,8
4162,1082,21,23
4163,1082,0,9
4164,1082,16,5
4165,1083,7,22
4166,1084,4,15
4167,1085,2,24
4168,1085,13,17
4169,1085,3,6
4170,1085,23,10
4171,1085,5,4
4172,1085,1,14
4173,1085,23,0
4174,1086,1,7
4175,1086,9,6
4176,1086,13,19
4177,1087,20,2
4178,1087,5,24
4179,1087,10,20
4180,1087,0,20
4181,1087,8,22
4182,1088,21,13
4183,1088,15,9
4184,1088,1,8
4185,1088,3,16
4186,1089,15,12
4187,1089,18,16
4188,1089,9,23
4189,1089,11,22
4190,1089,20,5
4191,1089,21,1
4192,1089,17,10
4193,1090,19,13
4194,1090,23,6
4195,1090,16,10
4196,1090,14,3
4197,1090,5,8
4198,1091,23,10
4199,1091,19,20
4200,1091,8,1
4201,1091,11,17
4202,1092,23,2
4203,1092,24,22
4204,1092,10,23
4205,1092,1,4
4206,1092,8,12
4207,1092,24,17
4208,1093,6,22
4209,1093,9,19
4210,1094,21,7
4211,1094,2,19
4212,1096,3,15
4213,1096,13,19
4214,1096,3,20
4215,1097,4,18
4216,1097,0,16
4217,1098,17,10
4218,1098,6,0
4219,1098,18,24
4220,1098,24,8
4221,1098,12,23
4222,1100,10,0
4223,1100,19,4
4224,1100,10,16
4225,1100,23,9
4226,1101,11,14
4227,1101,16,18
4228,1101,13,4
4229,1101,2,17
4230,1101,19,17
4231,1102,9,12
4232,1102,4,10
4233,1102,3,18
4234,1102,7,21
4235,1102,6,20
4236,1102,11,21
4237,1102,23,4
4238,1103,2,20
4239,1103,0,2
4240,1103,8,10
4241,1103,3,11
4242,1103,3,13
4243,1104,16,13
4244,1104,24,20
4245,1104,8,14
4246,1104,13,23
4247,1104,12,16
4248,1105,11,18
4249,1105,21,8
4250,1105,1,4
4251,1105,20,0
4252,1105,0,23
4253,1105,7,5
4254,1105,21,0
4255,1105,20,1
4256,1105,10,6
4257,1106,6,19
4258,1106,24,12
4259,1107,11,20
4260,1107,17,20
4261,1108,3,0
4262,1108,5,18
4263,1108,16,3
4264,1108,10,9
4265,1108,6,20
4266,1108,24,22
4267,1109,19,7
4268,1109,20,1
4269,1109,0,22
4270,1109,13,3
4271,1109,6,13
4272,1109,2,14
4273,1109,12,6
4274,1109,13,4
4275,1109,0,20
4276,1110,16,12
4277,1110,9,3
4278,1110,15,14
4279,1110,19,16
4280,1110,3,10
4281,1111,14,18
4282,1111,4,22
4283,1111,11,8
4284,1111,7,3
4285,1111,20,16
4286,1112,10,0
4287,1112,3,18
4288,1112,9,1
4289,1112,4,17
4290,1112,18,9
4291,1112,23,4
4292,1112,7,21
4293,1112,19,3
4294,1112,13,20
4295,1112,20,19
4296,1112,21,5
4297,1112,20,17
4298,1113,3,7
4299,1113,24,21
4300,1113,18,0
4301,1113,20,4
4302,1114,11,24
4303,1114,9,17
4304,1114,7,22
4305,1114,21,17
4306,1114,10,8
4307,1115,10,0
4308,1115,22,4
4309,1116,1,9
4310,1116,18,22
4311,1116,15,5
4312,1116,21,8
4313,1116,22,7
4314,1117,8,4
4315,1117,9,15
4316,1117,1,5
4317,1117,9,6
4318,1117,22,16
4319,1118,2,22
4320,1118,0,20
4321,1118,4,17
4322,1119,7,19
4323,1119,9,1
4324,1119,19,7
4325,1119,4,5
4326,1119,0,10
4327,1120,12,3
4328,1120,16,3
4329,1120,8,2
4330,1121,9,13
4331,1121,8,17
4332,1121,23,20
4333,1121,3,24
4334,1121,3,23
4335,1121,18,11
4336,1122,5,13
4337,1122,4,23
4338,1122,23,10
4339,1122,19,6
4340,1122,6,18
4341,1122,0,4
4342,1122,19,10
4343,1122,19,10
4344,1123,0,8
4345,1123,22,16
4346,1124,20,1
4347,1125,2,12
4348,1126,9,20
4349,1126,22,5
4350,1126,19,2
4351,1126,2,21
4352,1126,19,1
4353,1126,17,13
4354,1126,23,3
4355,1127,4,18
4356,1127,13,4
4357,1127,10,20
4358,1128,12,20
4359,1128,12,2
4360,1128,20,2
4361,1129,20,3
4362,1129,20,17
4363,1129,20,22
4364,1129,12,8
4365,1130,13,2
4366,1130,8,12
4367,1130,10,1
4368,1130,12,20
4369,1131,5,15
4370,1131,6,21
4371,1132,6,18
4372,1132,4,12
4373,1132,21,15
4374,1132,0,13
4375,1132,4,24
4376,1132,5,7
4377,1132,18,12
4378,1132,24,16
4379,1132,7,22
4380,1133,4,0
4381,1133,13,0
4382,1134,20,6
4383,1134,7,19
4384,1134,14,21
4385,1135,16,24
4386,1135,14,16
4387,1135,15,12
4388,1135,14,20
4389,1135,6,4
4390,1136,18,7
4391,1136,17,7
4392,1136,17,5
4393,1136,24,7
4394,1136,4,7
4395,1137,20,24
4396,1138,0,2
4397,1138,2,19
4398,1138,10,23
4399,1138,12,9
4400,1139,13,19
4401,1139,24,9
4402,1140,10,14
4403,1140,21,10
4404,1140,3,20
4405,1140,18,8
4406,1141,22,3
4407,1141,9,16
4408,1141,9,3
4409,1142,4,15
4410,1142,18,24
4411,1143,24,7
4412,1143,9,21
4413,1143,2,10
4414,1143,7,16
4415,1143,24,0
4416,1144,9,16
4417,1144,4,17
4418,1144,9,16
4419,1144,12,15
4420,1145,24,18
4421,1145,0,16
4422,1145,22,18
4423,1145,15,5
4424,1146,0,20
4425,1146,8,4
4426,1146,6,24
4427,1146,18,9
4428,1147,18,15
4429,1147,8,10
4430,1147,18,5
4431,1148,13,2
4432,1148,14,4
4433,1149,16,8
4434,1150,10,9
4435,1150,22,19
4436,1150,15,6
4437,1150,9,18
4438,1151,14,22
4439,1151,15,6
4440,1151,12,24
4441,1152,6,2
4442,1152,1,5
4443,1152,13,19
4444,1152,21,0
4445,1153,3,5
4446,1153,7,19
4447,1153,8,24
4448,1153,3,22
4449,1154,19,15
4450,1154,9,19
4451,1154,10,6
4452,1154,8,21
4453,1154,23,0
4454,1154,17,24
4455,1155,0,21
4456,1155,10,7
4457,1156,11,9
4458,1156,18,20
4459,1156,3,5
4460,1156,6,16
4461,1156,14,8
4462,1157,23,14
4463,1157,4,14
4464,1158,21,18
4465,1158,15,11
4466,1158,10,14
4467,1158,14,10
4468,1158,21,13
4469,1158,5,8
4470,1159,2,23
4471,1159,16,9
4472,1159,9,0
4473,1159,11,7
4474,1160,5,19
4475,1160,17,10
4476,1161,16,23
4477,1161,8,0
4478,1162,22,15
4479,1162,18,15
4480,1162,10,17
4481,1162,15,17
4482,1162,13,21
4483,1162,23,13
4484,1163,22,12
4485,1164,15,14
4486,1164,5,21
4487,1164,5,11
4488,1164,15,18
4489,1165,11,23
4490,1165,0,10
4491,1165,24,12
4492,1165,7,24
4493,1165,7,4
4494,1166,2,5
4495,1166,18,20
4496,1166,12,2
4497,1166,3,13
4498,1166,16,12
4499,1166,8,12
4500,1166,17,4
4501,1167,20,6
4502,1167,5,11
4503,1167,3,19
4504,1167,12,2
4505,1167,2,13
4506,1167,23,2
4507,1168,16,1
4508,1168,21,18
4509,1169,0,6
4510,1169,6,2
4511,1169,18,6
4512,1170,21,15
4513,1170,5,13
4514,1170,23,19
4515,1171,21,19
4516,1171,5,17
4517,1171,3,15
4518,1172,9,21
4519,1172,22,7
4520,1172,0,14
4521,1173,10,16
4522,1173,16,13
4523,1173,23,13
4524,1173,6,15
4525,1173,15,0
4526,1174,22,15
4527,1174,6,18
4528,1174,11,14
4529,1174,11,24
4530,1175,17,3
4531,1175,5,9
4532,1176,8,0
4533,1176,18,8
4534,1177,21,2
4535,1177,14,18
4536,1177,1,4
4537,1177,17,14
4538,1177,24,12
4539,1177,7,14
4540,1178,11,22
4541,1178,10,7
4542,1179,24,11
4543,1180,6,23
4544,1180,20,10
4545,1180,16,19
4546,1181,20,1
4547,1181,17,19
4548,1181,10,13
4549,1182,24,10
4550,1182,18,16
4551,1182,13,24
4552,1182,16,7
4553,1182,1,18
4554,1182,2,14
4555,1182,9,13
4556,1182,20,6
4557,1183,8,0
4558,1183,13,21
4559,1183,12,10
4560,1183,13,21
4561,1183,12,9
4562,1183,12,14
4563,1183,14,0
4564,1184,23,16
4565,1184,19,20
4566,1184,23,7
4567,1184,16,0
4568,1184,24,13
4569,1184,24,13
4570,1185,3,23
4571,1185,9,19
4572,1186,24,18
4573,1186,20,3
4574,1186,20,14
4575,1186,22,1
4576,1187,24,12
4577,1187,5,16
4578,1187,20,19
4579,1187,16,9
4580,1188,12,8
4581,1189,8,1
4582,1189,0,8
4583,1189,0,19
4584,1189,16,12
4585,1189,2,22
4586,1189,12,1
4587,1189,5,18
4588,1189,11,23
4589,1190,3,0
4590,1190,3,20
4591,1190,24,17
4592,1190,18,3
4593,1190,23,12
4594,1190,23,9
4595,1191,19,3
4596,1191,14,18
4597,1191,1,16
4598,1191,0,17
4599,1191,11,3
4600,1191,11,22
4601,1192,24,17
4602,1192,15,19
4603,1192,4,14
4604,1193,4,17
4605,1193,7,21
4606,1193,18,15
4607,1194,5,21
4608,1194,9,7
4609,1194,16,0
4610,1194,5,21
4611,1195,13,10
4612,1195,3,6
4613,1195,9,21
4614,1195,22,2
4615,1195,3,1
4616,1195,16,14
4617,1196,10,19
4618,1196,12,5
4619,1196,7,19
4620,1197,23,21
4621,1197,13,9
4622,1197,6,19
4623,1197,3,20
4624,1198,19,23
4625,1198,0,9
4626,1198,15,23
4627,1198,22,20
4628,1198,22,2
4629,1199,2,17
4630,1199,13,21
4631,1200,16,22
4632,1201,6,8
4633,1201,12,1
4634,1201,3,13
4635,1201,13,1
4636,1201,10,1
4637,1201,6,21
4638,1201,24,2
4639,1201,18,4
4640,1202,14,17
4641,1203,23,16
4642,1204,18,15
4643,1204,23,11
4644,1204,4,15
4645,1205,12,14
4646,1205,17,6
4647,1205,23,15
4648,1205,16,22
4649,1206,17,19
4650,1206,15,21
4651,1207,7,3
4652,1207,19,15
4653,1207,2,9
4654,1207,5,19
4655,1207,23,10
4656,1208,5,21
4657,1208,15,18
4658,1208,21,10
4659,1209,20,0
4660,1209,5,1
4661,1209,5,3
4662,1209,1,13
4663,1210,23,13
4664,1210,9,24
4665,1211,4,18
4666,1211,20,0
4667,1211,10,3
4668,1212,21,8
4669,1212,13,22
4670,1212,12,15
4671,1212,2,16
4672,1212,24,4
4673,1212,15,7
4674,1212,24,10
4675,1212,20,12
4676,1213,8,1
4677,1213,12,21
4678,1213,15,8
4679,1213,13,22
4680,1213,2,5
4681,1213,1,14
4682,1213,17,15
4683,1213,24,14
4684,1214,12,5
4685,1214,19,2
4686,1214,19,6
4687,1215,11,3
4688,1215,10,13
4689,1215,20,0
4690,1216,8,22
4691,1216,15,2
4692,1216,4,10
4693,1216,18,15
4694,1216,16,19
4695,1217,22,11
4696,1217,1,22
4697,1217,22,20
4698,1217,10,20
4699,1217,20,5
4700,1218,9,0
4701,1219,21,15
4702,1219,1,7
4703,1219,15,23
4704,1219,19,11
4705,1220,11,0
4706,1220,3,15
4707,1220,23,7
4708,1221,0,24
4709,1221,22,20
4710,1221,19,21
4711,1221,13,5
4712,1221,3,22
4713,1221,2,10
4714,1221,14,17
4715,1222,0,12
4716,1222,20,24
4717,1222,19,5
4718,1223,11,1
4719,1225,14,11
4720,1225,16,3
4721,1225,13,22
4722,1226,24,4
4723,1227,9,13
4724,1227,6,16
4725,1227,4,15
4726,1227,9,7
4727,1227,14,6
4728,1227,0,8
4729,1227,12,19
4730,1228,8,20
4731,1228,7,20
4732,1228,4,14
4733,1228,12,14
4734,1229,21,4
4735,1229,4,0
4736,1229,17,4
4737,1230,15,14
4738,1230,2,24
4739,1230,13,5
4740,1230,22,0
4741,1230,13,17
4742,1231,13,20
4743,1231,20,5
4744,1231,12,20
4745,1232,1,9
4746,1232,4,21
4747,1232,19,17
4748,1232,7,20
4749,1233,23,9
4750,1233,9,21
4751,1233,21,3
4752,1233,9,1
4753,1234,20,14
4754,1235,9,19
4755,1235,3,9
4756,1235,11,2
4757,1235,24,22
4758,1235,21,8
4759,1235,21,17
4760,1236,0,2
4761,1236,3,17
4762,1236,21,4
4763,1236,2,13
4764,1236,5,24
4765,1236,20,3
4766,1237,24,6
4767,1237,17,1
4768,1237,23,16
4769,1237,21,12
4770,1238,6,17
4771,1238,15,11
4772,1238,8,4
4773,1239,9,12
4774,1239,12,5
4775,1240,0,14
4776,1240,21,6
4777,1240,6,23
4778,1241,11,23
4779,1241,21,2
4780,1241,22,24
4781,1241,17,23
4782,1242,5,22
4783,1242,5,2
4784,1242,22,3
4785,1242,13,9
4786,1243,3,18
4787,1244,8,0
4788,1244,13,11
4789,1244,18,10
4790,1244,23,3
4791,1244,24,3
4792,1244,1,10
4793,1244,6,0
4794,1244,8,24
4795,1244,23,21
4796,1244,12,1
4797,1244,2,10
4798,1244,9,13
4799,1245,24,16
4800,1245,7,5
4801,1246,10,9
4802,1246,19,4
4803,1246,12,10
4804,1246,12,9
4805,1246,16,4
4806,1247,12,6
4807,1247,12,6
4808,1247,2,15
4809,1247,22,2
4810,1248,0,9
4811,1248,11,0
4812,1248,4,16
4813,1248,17,20
4814,1248,12,2
4815,1249,0,14
4816,1249,24,0
4817,1249,0,20
4818,1249,11,0
4819,1250,7,19
4820,1250,20,13
4821,1250,5,3
4822,1250,23,0
4823,1250,2,0
4824,1250,1,19
4825,1250,15,22
4826,1250,1,18
4827,1251,4,10
4828,1251,24,7
4829,1251,15,22
4830,1251,7,15
4831,1251,12,22
4832,1251,18,4
4833,1252,23,7
4834,1252,22,9
4835,1252,16,2
4836,1252,10,17
4837,1252,12,1
4838,1252,8,16
4839,1253,19,23
4840,1253,6,3
4841,1253,5,22
4842,1254,7,9
4843,1254,24,15
4844,1256,21,0
4845,1256,17,20
4846,1256,6,3
4847,1256,2,13
4848,1256,17,4
4849,1257,23,12
4850,1257,18,1
4851,1257,23,8
4852,1257,11,1
4853,1257,20,24
4854,1258,1,18
4855,1258,9,1
4856,1258,11,9
4857,1258,4,22
4858,1258,1,23
4859,1258,11,13
4860,1259,8,22
4861,1259,18,16
4862,1260,4,18
4863,1260,22,1
4864,1260,7,17
4865,1260,20,2
4866,1260,4,5
4867,1260,6,17
4868,1261,6,16
4869,1261,12,3
4870,1262,8,11
4871,1262,13,23
4872,1262,18,3
4873,1262,21,24
4874,1262,13,4
4875,1263,22,10
4876,1263,3,15
4877,1263,22,14
4878,1263,16,22
4879,1263,1,20
4880,1264,13,24
4881,1264,2,17
4882,1264,6,21
4883,1264,12,6
4884,1265,3,21
4885,1265,17,23
4886,1265,22,2
4887,1265,1,7
4888,1265,14,15
4889,1265,12,8
4890,1266,16,13
4891,1267,4,23
4892,1267,6,21
4893,1268,23,9
4894,1268,24,13
4895,1268,23,17
4896,1268,18,16
4897,1269,0,7
4898,1269,19,16
4899,1269,10,24
4900,1269,17,1
4901,1269,0,17
4902,1270,1,7
4903,1270,16,10
4904,1270,4,7
4905,1270,0,15
4906,1270,1,14
4907,1270,9,7
4908,1270,19,16
4909,1271,17,20
4910,1272,11,24
4911,1273,23,21
4912,1273,10,18
4913,1273,10,6
4914,1273,7,24
4915,1273,23,4
4916,1273,7,20
4917,1274,3,12
4918,1274,3,17
4919,1274,3,1
4920,1275,2,22
4921,1275,0,7
4922,1275,20,18
4923,1276,23,3
4924,1276,24,9
4925,1276,24,10
4926,1276,22,18
4927,1276,13,22
4928,1276,19,21
4929,1277,4,17
4930,1277,3,5
4931,1277,24,3
4932,1277,24,18
4933,1277,23,3
4934,1278,18,20
4935,1278,16,3
4936,1278,6,2
4937,1278,10,8
4938,1279,16,20
4939,1279,4,24
4940,1279,6,22
4941,1279,14,6
4942,1280,11,9
4943,1280,23,4
4944,1280,3,13
4945,1280,20,7
4946,1281,14,4
4947,1282,23,0
4948,1282,21,2
4949,1283,23,5
4950,1283,6,10
4951,1283,22,5
4952,1284,3,16
4953,1284,20,16
4954,1284,13,2
4955,1284,1,7
4956,1285,20,12
4957,1285,9,11
4958,1285,4,14
4959,1285,19,23
4960,1285,12,24
4961,1285,6,23
4962,1285,7,10
4963,1286,24,12
4964,1286,22,0
4965,1286,16,6
4966,1287,23,12
4967,1287,0,6
4968,1287,13,3
4969,1287,8,2
4970,1287,3,22
4971,1287,9,10
4972,1287,2,23
4973,1287,19,16
4974,1287,10,24
4975,1288,7,11
4976,1288,12,10
4977,1288,20,9
4978,1288,5,8
4979,1288,0,3
4980,1288,16,18
4981,1289,4,18
4982,1289,23,21
4983,1289,8,0
4984,1289,16,2
4985,1289,2,21
4986,1290,3,0
4987,1290,16,3
4988,1290,19,20
4989,1290,13,15
4990,1290,2,8
4991,1290,9,3
4992,1290,23,4
4993,1291,10,6
4994,1291,12,2
4995,1291,9,15
4996,1291,5,11
4997,1292,18,7
4998,1292,1,9
4999,1293,12,24
5000,1293,24,15
5001,1293,0,11
5002,1294,1,12
5003,1294,21,15
5004,1294,15,22
5005,1295,11,0
5006,1295,11,14
5007,1295,3,6
5008,1295,23,15
5009,1296,22,4
5010,1296,4,20
5011,1296,2,12
5012,1296,1,12
5013,1296,3,9
5014,1296,24,12
5015,1297,9,11
5016,1297,0,23
5017,1298,1,14
5018,1298,19,13
5019,1298,16,0
5020,1298,0,13
5021,1299,21,6
5022,1299,13,6
5023,1300,10,17
5024,1300,3,14
5025,1300,5,11
5026,1301,2,22
5027,1301,6,3
5028,1302,21,3
5029,1302,6,18
5030,1302,7,14
5031,1302,11,21
5032,1303,18,22
5033,1303,20,19
5034,1303,9,2
5035,1303,7,16
5036,1304,22,7
5037,1304,22,18
5038,1304,7,21
5039,1304,7,22
5040,1305,15,8
5041,1305,19,0
5042,1305,4,22
5043,1305,24,16
5044,1306,12,5
5045,1306,17,10
5046,1306,22,4
5047,1306,18,7
5048,1307,0,23
5049,1307,3,16
5050,1308,11,0
5051,1308,24,4
5052,1309,9,16
5053,1309,12,18
5054,1309,11,2
5055,1309,19,13
5056,1309,21,9
5057,1309,2,16
5058,1310,22,15
5059,1310,0,9
5060,1310,4,16
5061,1310,14,11
5062,1310,15,4
5063,1310,10,23
5064,1310,17,24
5065,1311,22,1
5066,1311,16,14
5067,1311,19,12
5068,1311,15,8
5069,1311,13,19
5070,1312,20,23
5071,1312,20,16
5072,1312,7,4
5073,1313,8,5
5074,1313,21,5
5075,1313,11,21
5076,1314,24,1
5077,1314,23,15
5078,1315,19,5
5079,1315,1,14
5080,1315,17,9
5081,1316,14,11
5082,1316,15,17
5083,1317,0,2
5084,1317,9,7
5085,1317,21,17
5086,1317,0,9
5087,1317,17,7
5088,1317,9,21
5089,1317,11,15
5090,1317,14,7
5091,1317,13,16
5092,1318,6,4
5093,1318,24,11
5094,1318,6,0
5095,1318,23,7
5096,1319,5,3
5097,1319,18,12
5098,1319,15,9
5099,1319,13,6
5100,1319,20,4
5101,1319,12,20
5102,1320,17,7
5103,1320,1,14
5104,1320,21,0
5105,1321,12,4
5106,1321,24,2
5107,1321,12,15
5108,1321,1,23
5109,1321,12,9
5110,1321,3,17
5111,1321,20,18
5112,1321,7,11
5113,1322,17,0
5114,1322,3,6
5115,1322,9,20
5116,1323,15,19
5117,1323,5,23
5118,1323,13,11
5119,1323,23,1
5120,1324,2,11
5121,1324,18,3
5122,1324,23,12
5123,1325,13,6
5124,1325,2,18
5125,1325,11,15
5126,1325,22,0
5127,1326,22,14
5128,1326,23,10
5129,1327,2,16
5130,1327,15,1
5131,1327,22,4
5132,1327,24,1
5133,1328,17,0
5134,1329,15,14
5135,1329,2,20
5136,1329,20,1
5137,1330,23,13
5138,1330,24,8
5139,1330,14,6
5140,1330,0,4
5141,1331,3,15
5142,1331,20,6
5143,1332,24,1
5144,1332,11,19
5145,1332,6,19
5146,1332,22,7
5147,1333,0,3
5148,1333,0,2
5149,1334,7,18
5150,1334,20,12
5151,1334,15,4
5152,1334,21,4
5153,1334,20,11
5154,1334,6,15
5155,1335,1,24
5156,1335,9,2
5157,1335,8,5
5158,1335,9,0
5159,1336,14,11
5160,1336,10,23
5161,1336,17,6
5162,1336,11,14
5163,1337,11,3
5164,1337,0,16
5165,1337,20,6
5166,1337,15,2
5167,1337,20,18
5168,1337,16,1
5169,1338,18,16
5170,1338,22,15
5171,1338,23,20
5172,1339,10,0
5173,1339,11,13
5174,1339,1,13
5175,1339,7,23
5176,1340,2,4
5177,1340,10,17
5178,1340,17,6
5179,1340,17,19
5180,1340,0,16
5181,1340,3,19
5182,1340,15,5
5183,1340,4,1
5184,1341,12,21
5185,1341,15,23
5186,1342,11,8
5187,1342,18,16
5188,1342,23,14
5189,1342,8,0
5190,1342,2,11
5191,1342,14,17
5192,1342,3,7
5193,1343,17,5
5194,1343,12,18
5195,1344,15,3
5196,1344,9,22
5197,1344,4,22
5198,1344,7,24
5199,1344,9,16
5200,1344,11,22
5201,1345,10,21
5202,1346,18,0
5203,1346,4,5
5204,1346,4,23
5205,1346,10,17
5206,1346,13,11
5207,1347,7,16
5208,1347,17,13
5209,1347,5,16
5210,1347,11,24
5211,1347,9,13
5212,1348,21,2
5213,1348,3,15
5214,1348,17,0
5215,1348,8,20
5216,1349,8,17
5217,1349,13,11
5218,1349,18,5
5219,1349,16,0
5220,1349,11,4
5221,1350,5,24
5222,1350,15,21
5223,1350,3,0
5224,1350,8,19
5225,1351,23,3
5226,1351,19,23
5227,1351,12,22
5228,1351,23,6
5229,1351,15,4
5230,1352,24,14
5231,1352,22,11
5232,1352,10,20
5233,1352,13,22
5234,1352,19,17
5235,1353,7,9
5236,1353,2,24
5237,1354,22,8
5238,1354,6,10
5239,1354,1,8
5240,1354,16,0
5241,1356,11,17
5242,1356,1,21
5243,1356,15,24
5244,1356,20,13
5245,1357,12,19
5246,1357,10,20
5247,1357,7,4
5248,1357,24,16
5249,1357,19,4
5250,1357,5,15
5251,1358,12,5
5252,1358,5,2
5253,1359,0,4
5254,1359,12,14
5255,1359,21,9
5256,1359,21,8
5257,1360,1,5
5258,1360,5,1
5259,1360,8,21
5260,1361,15,13
5261,1361,0,10
5262,1361,1,3
5263,1362,24,2
5264,1362,14,10
5265,1363,0,17
5266,1363,16,8
5267,1363,4,16
5268,1363,18,2
5269,1364,8,5
5270,1364,23,10
5271,1365,5,15
5272,1365,3,22
5273,1365,1,15
5274,1365,0,6
5275,1365,10,16
5276,1365,8,22
5277,1366,18,21
5278,1366,6,20
5279,1366,8,4
5280,1366,0,14
5281,1367,17,5
5282,1367,8,22
5283,1367,13,20
5284,1367,22,20
5285,1368,5,1
5286,1368,10,7
5287,1369,4,21
5288,1369,7,18
5289,1369,13,15
5290,1369,16,13
5291,1369,19,17
5292,1370,11,22
5293,1370,12,19
5294,1370,9,2
5295,1371,0,22
5296,1371,1,21
5297,1371,9,0
5298,1371,6,22
5299,1372,13,19
5300,1372,2,12
5301,1373,11,20
5302,1373,22,13
5303,1373,14,8
5304,1373,6,19
5305,1373,1,18
5306,1373,0,6
5307,1373,9,11
5308,1374,4,7
5309,1374,4,18
5310,1374,10,12
5311,1375,23,5
5312,1375,0,6
5313,1375,15,24
5314,1375,22,4
5315,1376,17,2
5316,1376,18,24
5317,1376,16,7
5318,1376,17,6
5319,1377,14,0
5320,1377,13,6
5321,1377,23,5
5322,1377,17,6
5323,1377,13,10
5324,1377,1,15
5325,1377,5,18
5326,1377,5,7
5327,1377,14,2
5328,1378,15,11
5329,1378,9,12
5330,1378,20,11
5331,1378,20,19
5332,1378,12,3
5333,1378,5,9
5334,1378,5,22
5335,1379,12,16
5336,1379,1,23
5337,1379,11,0
5338,1379,6,0
5339,1379,20,4
5340,1379,10,6
5341,1379,3,13
5342,1379,23,17
5343,1379,10,1
5344,1379,14,17
5345,1379,1,14
5346,1380,20,12
5347,1380,1,11
5348,1380,22,8
5349,1380,8,12
5350,1381,17,24
5351,1381,18,10
5352,1381,6,12
5353,1382,4,6
5354,1382,8,20
5355,1383,2,21
5356,1383,1,21
5357,1383,10,3
5358,1383,4,1
5359,1383,5,17
5360,1383,14,3
5361,1384,3,21
5362,1384,7,17
5363,1384,8,6
5364,1384,24,22
5365,1384,21,14
5366,1385,9,19
5367,1385,21,5
5368,1386,13,22
5369,1386,16,6
5370,1386,20,10
5371,1386,7,9
5372,1387,4,21
5373,1387,14,6
5374,1387,11,13
5375,1388,12,3
5376,1388,0,4
5377,1388,6,9
5378,1388,21,9
5379,1388,18,9
5380,1389,22,15
5381,1389,20,7
5382,1389,23,7
5383,1389,15,2
5384,1389,16,6
5385,1390,22,14
5386,1390,6,12
5387,1390,8,2
5388,1391,8,0
5389,1391,1,14
5390,1391,22,15
5391,1392,5,13
5392,1392,12,5
5393,1392,6,10
5394,1392,18,22
5395,1392,10,23
5396,1393,17,19
5397,1393,5,1
5398,1393,0,23
5399,1394,12,10
5400,1394,15,1
5401,1394,4,0
5402,1396,11,3
5403,1396,1,18
5404,1396,7,0
5405,1396,23,10
5406,1396,17,21
5407,1396,3,5
5408,1396,10,13
5409,1397,23,20
5410,1397,18,4
5411,1397,13,6
5412,1397,3,0
5413,1397,1,19
5414,1397,0,21
5415,1398,14,5
5416,1398,19,16
5417,1398,14,22
5418,1398,22,1
5419,1398,24,14
5420,1399,23,10
5421,1399,22,10
5422,1399,17,11
5423,1400,15,12
5424,1400,10,21
5425,1400,24,22
5426,1400,18,22
5427,1401,23,14
5428,1401,18,4
5429,1402,9,17
5430,1402,10,22
5431,1402,9,5
5432,1402,13,6
5433,1402,6,0
5434,1402,10,19
5435,1403,6,0
5436,1403,6,20
5437,1403,18,9
5438,1404,3,18
5439,1405,20,11
5440,1405,11,15
5441,1406,13,2
5442,1406,7,14
5443,1407,8,19
5444,1407,0,13
5445,1407,14,4
5446,1407,18,7
5447,1408,12,0
5448,1408,15,19
5449,1408,18,0
5450,1408,22,1
5451,1408,22,4
5452,1408,7,23
5453,1409,22,5
5454,1409,12,21
5455,1409,19,9
5456,1409,6,10
5457,1410,3,21
5458,1410,9,21
5459,1411,19,1
5460,1411,17,7
5461,1411,23,17
5462,1411,15,11
5463,1412,14,2
5464,1412,8,0
5465,1412,24,10
5466,1413,15,24
5467,1413,9,21
5468,1413,8,12
5469,1413,17,2
5470,1413,22,11
5471,1414,0,24
5472,1414,21,17
5473,1415,0,9
5474,1415,2,10
5475,1416,15,22
5476,1416,22,0
5477,1416,14,5
5478,1417,20,5
5479,1417,9,13
5480,1417,1,17
5481,1418,10,1
5482,1418,23,19
5483,1418,2,17
5484,1418,3,23
5485,1418,11,20
5486,1418,6,13
5487,1420,5,19
5488,1420,16,10
5489,1420,22,8
5490,1421,23,20
5491,1421,19,15
5492,1422,6,10
5493,1422,1,17
5494,1422,10,9
5495,1422,18,8
5496,1422,3,18
5497,1423,14,1
5498,1423,14,24
5499,1423,10,4
5500,1423,18,4
5501,1424,10,20
5502,1424,7,20
5503,1424,13,24
5504,1425,14,23
5505,1425,14,24
5506,1425,7,5
5507,1425,14,18
5508,1425,19,23
5509,1426,0,12
5510,1426,22,16
5511,1426,16,22
5512,1426,2,22
5513,1426,20,9
5514,1426,12,8
5515,1426,11,8
5516,1427,0,10
5517,1427,7,4
5518,1427,19,20
5519,1427,15,18
5520,1427,4,19
5521,1427,5,17
5522,1428,20,14
5523,1428,14,12
5524,1428,5,13
5525,1429,9,0
5526,1430,7,22
5527,1430,19,1
5528,1430,1,8
5529,1430,15,7
5530,1430,13,2
5531,1430,8,15
5532,1431,19,4
5533,1431,3,16
5534,1431,17,13
5535,1431,5,4
5536,1431,10,1
5537,1431,20,14
5538,1431,0,4
5539,1432,16,4
5540,1432,12,10
5541,1432,11,3
5542,1432,19,12
5543,1432,10,7
5544,1432,23,15
5545,1432,1,5
5546,1432,15,5
5547,1432,10,0
5548,1433,6,10
5549,1433,16,3
5550,1433,11,15
5551,1433,1,10
5552,1433,4,0
5553,1434,9,5
5554,1434,23,0
5555,1434,6,10
5556,1434,11,17
5557,1435,20,9
5558,1435,18,8
5559,1435,0,3
5560,1435,20,9
5561,1435,23,17
5562,1436,22,8
5563,1436,2,5
5564,1436,12,24
5565,1437,6,18
5566,1437,24,4
5567,1437,5,24
5568,1437,3,16
5569,1438,12,22
5570,1439,12,10
5571,1440,12,9
5572,1440,15,23
5573,1440,1,10
5574,1441,24,8
5575,1441,22,9
5576,1441,1,23
5577,1441,15,8
5578,1442,21,6
5579,1442,5,21
5580,1442,20,13
5581,1442,12,23
5582,1443,20,18
5583,1443,17,24
5584,1443,11,22
5585,1443,23,2
5586,1444,8,5
5587,1444,21,19
5588,1444,8,6
5589,1445,6,4
5590,1445,21,0
5591,1446,14,17
5592,1446,19,0
5593,1446,24,21
5594,1446,4,22
5595,1446,15,3
5596,1446,11,9
5597,1446,2,14
5598,1447,14,10
5599,1447,14,24
5600,1447,16,5
5601,1447,9,23
5602,1447,21,8
5603,1447,10,8
5604,1448,7,20
5605,1448,19,5
5606,1448,12,9
5607,1448,18,2
5608,1449,3,19
5609,1450,2,9
5610,1450,17,4
5611,1450,10,9
5612,1450,7,16
5613,1451,22,5
5614,1451,4,23
5615,1451,10,7
5616,1451,15,5
5617,1452,22,12
5618,1453,24,1
5619,1453,8,4
5620,1453,19,23
5621,1453,1,3
5622,1453,22,13
5623,1454,10,9
5624,1454,10,2
5625,1454,18,2
5626,1454,3,22
5627,1454,0,24
5628,1455,22,9
5629,1455,7,23
5630,1456,11,13
5631,1456,21,18
5632,1456,0,19
5633,1456,21,3
5634,1456,18,0
5635,1457,12,22
5636,1457,12,14
5637,1457,7,18
5638,1457,3,14
5639,1458,16,1
5640,1458,18,20
5641,1459,14,22
5642,1459,23,5
5643,1459,16,4
5644,1459,14,0
5645,1460,7,4
5646,1460,19,15
5647,1460,13,6
5648,1460,9,23
5649,1460,15,17
5650,1461,2,10
5651,1461,6,9
5652,1462,8,5
5653,1462,8,1
5654,1462,0,7
5655,1462,3,13
5656,1463,20,23
5657,1463,3,0
5658,1463,4,15
5659,1463,24,11
5660,1464,8,23
5661,1464,5,19
5662,1464,22,18
5663,1464,14,7
5664,1465,19,3
5665,1465,16,5
5666,1465,5,17
5667,1465,20,6
5668,1466,0,9
5669,1466,16,23
5670,1466,10,22
5671,1466,13,0
5672,1466,14,17
5673,1466,4,1
5674,1466,17,8
5675,1466,4,18
5676,1467,13,20
5677,1467,2,21
5678,1467,4,8
5679,1467,0,21
5680,1468,1,7
5681,1468,8,21
5682,1468,17,3
5683,1468,5,7
5684,1468,20,24
5685,1469,11,1
5686,1469,16,0
5687,1469,0,2
5688,1469,13,0
5689,1469,7,18
5690,1469,2,16
5691,1469,11,2
5692,1470,13,24
5693,1470,2,15
5694,1470,16,2
5695,1470,5,20
5696,1470,3,24
5697,1470,17,10
5698,1471,17,10
5699,1472,9,20
5700,1473,0,9
5701,1473,8,20
5702,1473,21,10
5703,1473,19,12
5704,1474,21,23
5705,1474,4,13
5706,1475,17,10
5707,1475,1,5
5708,1477,19,16
5709,1478,20,22
5710,1478,5,11
5711,1478,6,18
5712,1478,3,12
5713,1478,22,1
5714,1478,5,11
5715,1479,5,16
5716,1479,18,22
5717,1479,6,21
5718,1479,2,12
5719,1479,10,20
5720,1480,23,5
5721,1480,16,5
5722,1480,18,24
5723,1480,16,13
5724,1480,2,21
5725,1480,15,23
5726,1480,15,3
5727,1480,12,19
5728,1480,2,15
5729,1481,14,17
5730,1481,12,1
5731,1481,24,5
5732,1481,15,9
5733,1481,7,11
5734,1482,18,22
5735,1482,12,1
5736,1482,10,0
5737,1483,4,2
5738,1483,2,14
5739,1483,12,14
5740,1483,0,12
5741,1483,22,10
5742,1484,22,18
5743,1484,9,20
5744,1484,22,18
5745,1484,10,4
5746,1484,18,9
5747,1484,4,22
5748,1484,4,6
5749,1484,16,24
5750,1484,7,16
5751,1484,8,6
5752,1484,23,1
5753,1484,13,6
5754,1485,15,1
5755,1485,10,6
5756,1485,18,4
5757,1485,16,22
5758,1486,12,0
5759,1486,8,10
5760,1487,10,8
5761,1487,0,9
5762,1487,6,14
5763,1487,20,0
5764,1488,23,12
5765,1488,23,9
5766,1488,14,7
5767,1489,13,16
5768,1489,0,6
5769,1489,12,3
5770,1489,16,4
5771,1490,15,14
5772,1490,15,14
5773,1490,10,12
5774,1490,20,17
5775,1491,0,22
5776,1491,17,19
5777,1491,17,2
5778,1491,5,13
5779,1492,1,23
5780,1492,2,17
5781,1492,22,19
5782,1493,20,2
5783,1493,14,21
5784,1493,16,22
5785,1493,9,12
5786,1494,23,4
5787,1494,6,20
5788,1494,21,3
5789,1494,18,16
5790,1494,20,6
5791,1494,5,17
5792,1495,6,23
5793,1495,10,17
5794,1495,4,17
5795,1496,4,1
5796,1496,24,18
5797,1496,13,5
5798,1496,18,7
5799,1496,5,22
5800,1497,17,14
5801,1497,4,5
5802,1497,23,5
5803,1497,3,10
5804,1497,19,5
5805,1497,23,3
5806,1498,11,9
5807,1498,13,4
5808,1499,18,7
5809,1499,10,13
5810,1499,18,14
5811,1499,20,11
5812,1499,19,11
5813,1499,13,3
5814,1499,2,10
5815,1499,8,22
5816,1499,19,8
5817,1500,22,7
5818,1500,22,18
5819,1501,10,7
5820,1501,5,17
5821,1501,13,6
5822,1502,17,24
5823,1502,21,9
5824,1502,4,1
5825,1502,0,23
5826,1503,15,22
5827,1503,17,11
5828,1503,22,18
5829,1503,21,1
5830,1503,16,19
5831,1503,6,3
5832,1504,14,22
5833,1504,7,22
5834,1504,16,23
5835,1504,17,5
5836,1504,14,15
5837,1505,18,16
5838,1505,16,7
5839,1505,0,9
5840,1505,8,6
5841,1505,9,22
5842,1506,3,18
5843,1507,15,14
5844,1507,9,3
5845,1507,17,9
5846,1507,5,2
5847,1508,24,2
5848,1508,9,12
5849,1509,1,8
5850,1509,21,15
5851,1509,18,5
5852,1509,24,16
5853,1509,23,7
5854,1509,13,11
5855,1510,10,0
5856,1510,9,13
5857,1510,2,24
5858,1510,2,16
5859,1510,1,15
5860,1511,1,9
5861,1511,6,15
5862,1512,10,0
5863,1512,5,7
5864,1513,5,4
5865,1513,15,22
5866,1513,11,18
5867,1513,6,10
5868,1514,13,0
5869,1514,23,19
5870,1514,17,9
5871,1514,1,23
5872,1515,8,15
5873,1515,16,18
5874,1515,17,11
5875,1515,2,9
5876,1515,23,20
5877,1516,23,10
5878,1517,21,17
5879,1517,14,20
5880,1517,3,6
5881,1517,1,24
5882,1517,4,19
5883,1518,10,13
5884,1518,14,15
5885,1518,18,10
5886,1519,3,23
5887,1520,22,1
5888,1520,22,16
5889,1520,14,24
5890,1520,15,14
5891,1520,19,8
5892,1521,12,24
5893,1521,7,1
5894,1521,18,4
5895,1522,19,2
5896,1522,16,10
5897,1522,13,0
5898,1522,20,0
5899,1522,12,1
5900,1523,18,0
5901,1523,8,21
5902,1523,1,21
5903,1523,23,8
5904,1523,4,5
5905,1523,3,14
5906,1523,23,13
5907,1524,21,4
5908,1524,11,1
5909,1524,24,4
5910,1524,13,7
5911,1525,1,19
5912,1525,8,10
5913,1525,1,20
5914,1525,5,20
5915,1525,2,12
5916,1525,2,10
5917,1525,15,18
5918,1525,2,10
5919,1526,1,19
5920,1527,22,24
5921,1527,12,1
5922,1527,20,5
5923,1527,19,21
5924,1528,17,5
5925,1528,23,7
5926,1528,17,8
5927,1528,21,13
5928,1528,24,10
5929,1528,10,17
5930,1529,13,22
5931,1529,10,22
5932,1530,8,1
5933,1530,14,20
5934,1530,14,7
5935,1530,5,23
5936,1530,6,21
5937,1531,16,10
5938,1531,24,6
5939,1531,12,6
5940,1531,19,5
5941,1531,2,24
5942,1532,13,7
5943,1532,13,3
5944,1532,0,23
5945,1532,24,15
5946,1533,24,16
5947,1533,1,19
5948,1533,11,19
5949,1533,21,8
5950,1534,11,0
5951,1534,2,11
5952,1534,21,19
5953,1534,17,19
5954,1535,5,21
5955,1535,16,12
5956,1535,14,16
5957,1536,0,3
5958,1536,2,9
5959,1536,14,11
5960,1536,9,0
5961,1536,19,7
5962,1536,18,5
5963,1537,16,24
5964,1537,5,16
5965,1538,15,4
5966,1538,3,7
5967,1538,20,17
5968,1539,10,18
5969,1539,1,13
5970,1540,3,17
5971,1540,2,4
5972,1540,13,4
5973,1540,2,4
5974,1540,9,12
5975,1540,5,4
5976,1540,20,19
5977,1541,3,10
5978,1541,1,14
5979,1542,17,3
5980,1542,22,10
5981,1542,18,8
5982,1542,12,18
5983,1542,15,24
5984,1542,18,21
5985,1542,4,8
5986,1542,3,10
5987,1543,11,7
5988,1543,14,18
5989,1543,14,6
5990,1544,18,20
5991,1544,19,1
5992,1544,17,13
5993,1544,14,4
5994,1544,16,13
5995,1544,8,20
5996,1545,1,22
5997,1545,13,4
5998,1546,17,24
5999,1546,3,12
6000,1546,4,21
6001,1546,20,12
6002,1546,1,4
6003,1546,10,12
6004,1547,21,17
6005,1547,17,19
6006,1547,23,12
6007,1548,4,20
6008,1548,14,16
6009,1548,14,3
6010,1548,0,16
6011,1548,3,1
6012,1549,0,12
6013,1549,23,7
6014,1549,8,4
6015,1549,19,4
6016,1549,18,21
6017,1549,21,10
6018,1549,11,15
6019,1550,23,7
6020,1550,2,4
6021,1550,13,16
6022,1550,2,22
6023,1550,14,16
6024,1550,23,5
6025,1550,0,4
6026,1550,15,18
6027,1550,7,5
6028,1551,21,3
6029,1551,2,10
6030,1551,1,20
6031,1551,3,14
6032,1551,0,11
6033,1552,1,21
6034,1552,9,12
6035,1553,22,11
6036,1553,6,22
6037,1553,19,10
6038,1553,12,10
6039,1553,12,24
6040,1553,10,22
6041,1553,0,3
6042,1553,18,1
6043,1554,0,22
6044,1554,13,4
6045,1554,7,19
6046,1554,4,14
6047,1555,4,19
6048,1555,4,24
6049,1555,23,17
6050,1555,12,8
6051,1555,22,6
6052,1555,24,21
6053,1555,6,21
6054,1555,10,23
6055,1556,5,9
6056,1556,24,4
6057,1556,23,0
6058,1556,6,22
6059,1557,1,7
6060,1558,7,15
6061,1558,5,22
6062,1558,4,22
6063,1559,22,24
6064,1559,9,2
6065,1559,20,22
6066,1559,22,2
6067,1559,1,12
6068,1559,22,1
6069,1560,0,15
6070,1560,1,15
6071,1560,8,18
6072,1560,15,14
6073,1561,15,7
6074,1561,0,9
6075,1561,20,18
6076,1561,19,0
6077,1562,6,9
6078,1562,4,22
6079,1562,12,10
6080,1563,1,21
6081,1563,3,17
6082,1563,8,24
6083,1564,0,13
6084,1564,5,4
6085,1565,3,16
6086,1565,3,1
6087,1565,8,23
6088,1565,16,20
6089,1566,14,17
6090,1566,23,5
6091,1567,19,13
6092,1567,15,7
6093,1567,11,13
6094,1567,10,18
6095,1568,11,4
6096,1568,24,1
6097,1568,7,10
6098,1568,9,24
6099,1568,9,24
6100,1568,6,17
6101,1568,24,5
6102,1569,4,8
6103,1569,9,17
6104,1569,16,24
6105,1569,12,9
6106,1569,22,15
6107,1569,17,9
6108,1570,22,11
6109,1570,11,21
6110,1570,11,4
6111,1570,18,7
6112,1570,5,16
6113,1570,1,16
6114,1570,12,14
6115,1570,24,2
6116,1571,6,14
6117,1571,8,1
6118,1571,0,16
6119,1571,15,2
6120,1571,12,21
6121,1571,22,4
6122,1571,4,14
6123,1571,13,19
6124,1572,6,17
6125,1573,14,3
6126,1573,5,8
6127,1573,5,11
6128,1573,1,13
6129,1573,16,0
6130,1573,18,7
6131,1573,18,21
6132,1574,23,6
6133,1574,1,16
6134,1575,12,18
6135,1575,23,13
6136,1575,1,24
6137,1575,10,23
6138,1576,17,21
6139,1576,10,16
6140,1576,16,23
6141,1576,14,21
6142,1576,15,18
6143,1577,6,20
6144,1577,15,6
6145,1577,3,14
6146,1577,22,10
6147,1579,11,23
6148,1579,0,22
6149,1579,13,4
6150,1579,9,11
6151,1580,0,4
6152,1580,20,23
6153,1580,13,0
6154,1581,19,7
6155,1581,5,17
6156,1581,20,9
6157,1581,15,23
6158,1582,4,22
6159,1582,20,23
6160,1583,2,10
6161,1583,22,12
6162,1584,10,16
6163,1584,21,12
6164,1584,18,1
6165,1584,10,20
6166,1584,14,3
6167,1584,0,24
6168,1585,22,12
6169,1585,23,12
6170,1585,2,15
6171,1585,14,21
6172,1585,22,12
6173,1585,5,7
6174,1585,8,20
6175,1586,3,22
6176,1586,1,13
6177,1587,1,18
6178,1587,15,0
6179,1587,20,8
6180,1587,1,23
6181,1588,4,0
6182,1588,21,18
6183,1588,10,2
6184,1588,2,22
6185,1588,16,13
6186,1588,23,6
6187,1589,16,1
6188,1589,5,3
6189,1589,18,15
6190,1590,23,8
6191,1590,22,16
6192,1590,1,24
6193,1590,9,5
6194,1590,3,21
6195,1591,16,1
6196,1591,24,6
6197,1591,6,19
6198,1591,20,24
6199,1591,19,23
6200,1591,8,22
6201,1592,5,17
6202,1592,1,21
6203,1593,3,23
6204,1593,9,1
6205,1594,11,24
6206,1595,14,1
6207,1595,12,14
6208,1595,15,11
6209,1595,23,0
6210,1596,2,13
6211,1597,7,15
6212,1597,1,12
6213,1597,2,18
6214,1597,11,23
6215,1597,9,13
6216,1598,8,16
6217,1598,7,5
6218,1598,12,23
6219,1598,17,19
6220,1598,6,21
6221,1599,13,6
6222,1599,24,20
6223,1600,22,11
6224,1600,21,8
6225,1601,22,6
6226,1601,3,23
6227,1601,14,21
6228,1601,10,12
6229,1602,22,24
6230,1602,6,12
6231,1603,14,8
6232,1603,1,23
6233,1604,20,14
6234,1604,16,7
6235,1604,5,3
6236,1605,1,18
6237,1605,2,11
6238,1605,21,13
6239,1606,14,16
6240,1606,13,17
6241,1606,12,23
6242,1607,21,14
6243,1607,7,9
6244,1607,1,8
6245,1607,23,3
6246,1607,19,3
6247,1608,3,0
6248,1609,3,11
6249,1609,5,4
6250,1609,10,24
6251,1609,8,0
6252,1610,6,22
6253,1610,20,11
6254,1611,24,22
6255,1611,0,2
6256,1611,0,10
6257,1612,6,3
6258,1612,8,4
6259,1612,15,21
6260,1613,24,7
6261,1613,1,4
6262,1613,7,14
6263,1613,16,23
6264,1613,15,11
6265,1613,11,21
6266,1613,12,19
6267,1613,24,6
6268,1614,3,9
6269,1614,17,6
6270,1614,12,18
6271,1614,13,24
6272,1615,7,4
6273,1616,6,0
6274,1616,2,6
6275,1616,20,17
6276,1616,23,10
6277,1617,19,13
6278,1617,4,14
6279,1617,0,18
6280,1617,21,7
6281,1617,16,12
6282,1617,1,14
6283,1617,15,1
6284,1617,3,10
6285,1617,10,21
6286,1617,11,8
6287,1618,21,24
6288,1619,12,20
6289,1619,21,0
6290,1619,7,9
6291,1620,16,10
6292,1620,13,20
6293,1620,24,18
6294,1620,19,2
6295,1620,2,18
6296,1620,20,14
6297,1620,9,2
6298,1620,21,5
6299,1620,24,9
6300,1620,1,17
6301,1620,21,8
6302,1621,8,20
6303,1621,13,17
6304,1621,0,13
6305,1621,19,15
6306,1622,8,6
6307,1622,7,21
6308,1622,6,0
6309,1622,8,17
6310,1622,18,6
6311,1623,20,17
6312,1623,15,6
6313,1623,8,2
6314,1624,1,13
6315,1624,1,23
6316,1624,13,0
6317,1624,1,4
6318,1625,6,8
6319,1625,4,20
6320,1625,12,14
6321,1625,21,9
6322,1626,2,4
6323,1626,18,15
6324,1626,6,13
6325,1626,18,10
6326,1627,21,1
6327,1627,0,23
6328,1627,11,4
6329,1627,18,1
6330,1628,16,10
6331,1628,23,13
6332,1628,11,14
6333,1628,2,11
6334,1629,2,17
6335,1629,0,20
6336,1629,4,22
6337,1629,10,3
6338,1629,3,1
6339,1630,14,20
6340,1630,22,12
6341,1630,3,1
6342,1630,9,24
6343,1630,23,14
6344,1631,9,0
6345,1631,24,6
6346,1631,4,5
6347,1631,11,24
6348,1631,6,14
6349,1632,12,3
6350,1632,7,20
6351,1632,15,3
6352,1632,4,5
6353,1632,9,17
6354,1632,0,7
6355,1632,4,0
6356,1633,9,15
6357,1633,23,12
6358,1633,17,7
6359,1633,4,13
6360,1634,3,12
6361,1635,21,11
6362,1635,20,24
6363,1635,8,20
6364,1635,12,23
6365,1635,22,6
6366,1636,9,23
6367,1636,21,12
6368,1636,3,10
6369,1636,17,24
6370,1636,6,19
6371,1636,13,4
6372,1637,18,8
6373,1637,6,14
6374,1638,20,9
6375,1638,1,12
6376,1638,9,2
6377,1639,16,6
6378,1640,10,14
6379,1640,3,14
6380,1640,20,13
6381,1641,13,16
6382,1641,3,9
6383,1641,15,12
6384,1641,23,19
6385,1641,21,14
6386,1642,2,0
6387,1642,19,2
6388,1642,0,20
6389,1643,6,17
6390,1643,20,2
6391,1643,13,21
6392,1643,24,16
6393,1643,2,12
6394,1643,2,16
6395,1643,2,17
6396,1643,7,21
6397,1644,4,10
6398,1644,6,20
6399,1644,0,10
6400,1644,17,24
6401,1645,10,8
6402,1645,14,4
6403,1646,2,22
6404,1646,9,16
6405,1646,23,14
6406,1647,8,2
6407,1647,22,2
6408,1647,1,24
6409,1647,19,9
6410,1647,13,16
6411,1648,14,18
6412,1648,12,5
6413,1649,18,5
6414,1649,0,7
6415,1649,16,0
6416,1649,4,12
6417,1650,10,16
6418,1650,24,15
6419,1651,16,22
6420,1651,3,9
6421,1651,10,19
6422,1651,24,16
6423,1651,15,4
6424,1652,6,21
6425,1652,20,4
6426,1652,21,9
6427,1652,1,20
6428,1652,0,11
6429,1653,15,9
6430,1653,14,21
6431,1653,18,4
6432,1653,24,1
6433,1653,8,16
6434,1653,8,22
6435,1654,22,20
6436,1654,19,16
6437,1654,8,18
6438,1655,0,14
6439,1655,9,23
6440,1655,7,15
6441,1656,0,9
6442,1656,3,5
6443,1656,24,21
6444,1657,23,20
6445,1657,12,14
6446,1658,24,16
6447,1658,21,10
6448,1658,0,21
6449,1659,5,16
6450,1659,0,11
6451,1659,21,14
6452,1659,6,13
6453,1659,18,9
6454,1659,16,9
6455,1659,14,20
6456,1659,6,10
6457,1660,6,3
6458,1660,8,18
6459,1660,22,19
6460,1660,3,11
6461,1660,15,6
6462,1660,0,9
6463,1660,1,16
6464,1660,22,16
6465,1661,21,4
6466,1661,6,20
6467,1662,8,19
6468,1662,4,22
6469,1662,11,20
6470,1662,1,15
6471,1662,23,10
6472,1662,14,4
6473,1663,18,21
6474,1663,24,7
6475,1663,2,4
6476,1663,24,8
6477,1663,12,23
6478,1664,1,23
6479,1664,6,19
6480,1664,13,16
6481,1664,9,0
6482,1664,4,21
6483,1665,8,6
6484,1665,2,19
6485,1665,24,15
6486,1666,22,16
6487,1666,6,3
6488,1666,17,4
6489,1666,4,0
6490,1667,12,8
6491,1667,18,20
6492,1667,2,13
6493,1667,16,8
6494,1667,22,13
6495,1668,10,2
6496,1668,14,1
6497,1668,19,13
6498,1668,11,15
6499,1669,17,21
6500,1669,3,9
6501,1669,15,8
6502,1669,2,8
6503,1669,8,15
6504,1671,14,22
6505,1672,12,20
6506,1672,16,1
6507,1672,23,9
6508,1672,12,22
6509,1672,20,23
6510,1672,7,19
6511,1672,6,2
6512,1672,7,4
6513,1673,6,15
6514,1673,24,5
6515,1673,22,11
6516,1673,22,1
6517,1673,5,22
6518,1673,7,19
6519,1674,4,5
6520,1674,8,5
6521,1674,14,21
6522,1674,6,17
6523,1676,8,10
6524,1676,21,6
6525,1676,21,4
6526,1676,0,7
6527,1676,14,21
6528,1676,4,11
6529,1676,6,9
6530,1676,4,20
6531,1676,21,8
6532,1676,17,2
6533,1676,17,19
6534,1677,0,7
6535,1677,3,12
6536,1677,11,8
6537,1677,17,19
6538,1677,18,7
6539,1677,12,18
6540,1677,20,7
6541,1678,19,4
6542,1678,12,3
6543,1678,0,10
6544,1678,19,22
6545,1678,10,3
6546,1678,12,20
6547,1678,20,13
6548,1678,4,11
6549,1678,24,18
6550,1678,1,12
6551,1679,2,11
6552,1680,7,11
6553,1680,21,0
6554,1680,15,19
6555,1680,11,1
6556,1680,3,12
6557,1680,19,22
6558,1681,0,18
6559,1681,4,11
6560,1681,7,19
6561,1681,13,21
6562,1682,21,0
6563,1682,20,7
6564,1683,20,16
6565,1683,14,0
6566,1683,0,23
6567,1683,23,13
6568,1683,14,21
6569,1683,14,3
6570,1683,21,8
6571,1684,11,0
6572,1684,24,18
6573,1684,17,19
6574,1684,16,24
6575,1685,14,20
6576,1685,14,20
6577,1685,4,11
6578,1685,11,7
6579,1685,4,2
6580,1685,21,24
6581,1686,6,14
6582,1686,23,6
6583,1686,7,23
6584,1686,10,22
6585,1687,15,17
6586,1687,17,2
6587,1688,17,8
6588,1688,18,10
6589,1688,0,12
6590,1688,9,7
6591,1688,23,9
6592,1689,4,2
6593,1690,15,6
6594,1690,19,17
6595,1690,7,14
6596,1691,14,18
6597,1691,14,5
6598,1691,23,19
6599,1691,2,9
6600,1691,9,15
6601,1691,8,17
6602,1691,1,5
6603,1692,3,10
6604,1692,20,6
6605,1692,10,23
6606,1692,8,10
6607,1692,12,5
6608,1692,4,12
6609,1693,22,15
6610,1694,15,3
6611,1694,23,6
6612,1694,1,3
6613,1694,15,4
6614,1694,4,5
6615,1694,7,21
6616,1694,24,22
6617,1695,1,15
6618,1695,15,7
6619,1696,20,8
6620,1696,7,15
6621,1697,18,8
6622,1697,16,8
6623,1698,7,24
6624,1698,12,18
6625,1698,4,21
6626,1698,23,9
6627,1698,15,23
6628,1699,16,3
6629,1699,2,11
6630,1699,5,19
6631,1699,17,20
6632,1699,18,4
6633,1700,3,5
6634,1700,9,13
6635,1700,13,10
6636,1700,2,14
6637,1700,24,13
6638,1701,10,18
6639,1701,5,1
6640,1701,8,19
6641,1701,14,0
6642,1702,6,15
6643,1702,3,6
6644,1702,7,0
6645,1703,12,14
6646,1703,0,13
6647,1703,17,0
6648,1703,23,14
6649,1704,2,18
6650,1704,14,2
6651,1705,11,3
6652,1705,17,5
6653,1706,23,6
6654,1706,17,21
6655,1707,2,15
6656,1708,2,6
6657,1708,23,17
6658,1708,9,15
6659,1708,8,4
6660,1708,15,22
6661,1709,22,11
6662,1709,11,15
6663,1709,15,5
6664,1709,8,17
6665,1709,24,14
6666,1710,17,7
6667,1710,7,13
6668,1710,3,14
6669,1710,16,5
6670,1710,8,1
6671,1710,21,24
6672,1711,16,24
6673,1711,18,7
6674,1711,5,22
6675,1711,24,22
6676,1712,19,16
6677,1712,7,11
6678,1713,5,11
6679,1713,10,4
6680,1713,22,12
6681,1713,21,9
6682,1713,8,21
6683,1713,22,3
6684,1713,13,24
6685,1714,16,24
6686,1714,0,2
6687,1714,21,24
6688,1715,6,19
6689,1715,5,2
6690,1715,2,22
6691,1715,0,14
6692,1716,4,1
6693,1716,4,20
6694,1716,2,9
6695,1716,15,23
6696,1716,10,13
6697,1716,15,6
6698,1716,24,2
6699,1716,9,10
6700,1718,4,6
6701,1718,12,14
6702,1718,15,3
6703,1718,2,12
6704,1719,7,10
6705,1720,1,9
6706,1720,15,11
6707,1720,3,15
6708,1721,8,23
6709,1721,11,1
6710,1721,16,20
6711,1721,21,9
6712,1721,10,14
6713,1722,6,24
6714,1722,9,2
6715,1723,9,7
6716,1723,23,9
6717,1724,23,7
6718,1724,5,16
6719,1724,20,14
6720,1724,18,7
6721,1725,7,20
6722,1725,19,20
6723,1725,11,21
6724,1725,19,13
6725,1725,8,11
6726,1726,2,17
6727,1726,15,1
6728,1726,1,21
6729,1726,21,24
6730,1726,15,13
6731,1727,1,11
6732,1727,10,0
6733,1727,12,10
6734,1728,3,15
6735,1729,20,13
6736,1729,7,18
6737,1729,9,7
6738,1730,13,6
6739,1731,21,3
6740,1731,24,22
6741,1731,14,8
6742,1731,22,0
6743,1731,4,10
6744,1732,4,24
6745,1732,6,21
6746,1732,1,20
6747,1733,24,5
6748,1733,16,19
6749,1734,23,20
6750,1734,14,10
6751,1734,3,13
6752,1734,16,5
6753,1734,10,17
6754,1735,23,17
6755,1735,15,14
6756,1735,7,20
6757,1735,8,15
6758,1735,20,17
6759,1735,23,14
6760,1736,16,10
6761,1736,22,12
6762,1736,9,6
6763,1736,24,3
6764,1736,3,23
6765,1737,24,11
6766,1737,16,0
6767,1737,6,15
6768,1737,23,2
6769,1737,22,12
6770,1738,4,0
6771,1738,7,11
6772,1739,0,7
6773,1739,8,18
6774,1739,7,18
6775,1739,21,3
6776,1739,11,1
6777,1739,10,22
6778,1739,10,12
6779,1740,24,0
6780,1740,16,2
6781,1741,11,23
6782,1742,14,11
6783,1742,23,17
6784,1742,13,3
6785,1742,23,13
6786,1742,22,18
6787,1742,15,21
6788,1743,17,7
6789,1743,23,6
6790,1743,7,4
6791,1744,10,13
6792,1744,22,6
6793,1744,19,22
6794,1744,13,3
6795,1744,1,3
6796,1744,6,24
6797,1745,11,4
6798,1745,14,8
6799,1745,12,8
6800,1746,18,22
6801,1746,22,15
6802,1746,7,9
6803,1746,22,18
6804,1746,5,16
6805,1747,12,1
6806,1747,8,20
6807,1747,5,1
6808,1747,3,0
6809,1748,15,18
6810,1748,20,8
6811,1748,2,6
6812,1748,23,10
6813,1748,15,2
6814,1748,23,10
6815,1749,2,0
6816,1749,11,20
6817,1749,18,24
6818,1749,19,10
6819,1751,4,10
6820,1751,10,3
6821,1751,19,5
6822,1751,1,5
6823,1751,7,15
6824,1752,15,6
6825,1752,15,5
6826,1752,10,0
6827,1752,3,18
6828,1752,17,2
6829,1752,3,21
6830,1753,24,10
6831,1753,12,15
6832,1753,4,21
6833,1754,4,21
6834,1754,4,11
6835,1754,21,3
6836,1754,6,17
6837,1754,9,12
6838,1754,22,8
6839,1755,5,16
6840,1755,22,13
6841,1755,24,20
6842,1755,16,14
6843,1755,4,21
6844,1755,21,2
6845,1756,15,24
6846,1756,3,5
6847,1756,17,4
6848,1756,5,14
6849,1758,9,2
6850,1758,18,7
6851,1759,4,20
6852,1759,10,22
6853,1759,9,11
6854,1759,17,23
6855,1759,13,19
6856,1759,7,15
6857,1759,1,13
6858,1759,4,2
6859,1759,15,9
6860,1760,14,24
6861,1760,2,16
6862,1760,14,22
6863,1760,9,1
6864,1762,17,5
6865,1762,4,0
6866,1762,14,2
6867,1762,0,7
6868,1762,23,11
6869,1762,14,24
6870,1762,0,14
6871,1762,4,12
6872,1762,1,23
6873,1762,15,4
6874,1763,2,19
6875,1763,15,12
6876,1763,8,1
6877,1763,7,13
6878,1764,7,21
6879,1764,9,15
6880,1764,21,4
6881,1764,3,13
6882,1765,19,3
6883,1765,12,15
6884,1765,7,15
6885,1766,3,13
6886,1766,3,17
6887,1766,9,18
6888,1766,10,22
6889,1767,3,5
6890,1767,9,12
6891,1768,4,21
6892,1768,23,14
6893,1768,5,16
6894,1768,7,18
6895,1768,16,14
6896,1769,16,1
6897,1769,23,1
6898,1769,7,19
6899,1769,24,21
6900,1770,12,15
6901,1770,16,9
6902,1770,14,7
6903,1770,2,0
6904,1770,5,13
6905,1770,7,15
6906,1771,16,19
6907,1771,22,13
6908,1771,22,4
6909,1771,17,2
6910,1771,11,21
6911,1771,21,17
6912,1772,4,15
6913,1772,19,13
6914,1772,12,14
6915,1773,3,21
6916,1773,12,14
6917,1774,3,0
6918,1774,5,8
6919,1774,15,19
6920,1774,20,0
6921,1775,10,18
6922,1775,0,16
6923,1775,5,22
6924,1775,23,11
6925,1775,2,17
6926,1775,18,24
6927,1775,9,15
6928,1775,13,24
6929,1775,22,20
6930,1777,19,12
6931,1777,21,8
6932,1777,16,10
6933,1777,22,24
6934,1777,23,14
6935,1778,9,22
6936,1778,12,20
6937,1778,3,1
6938,1778,0,10
6939,1778,12,18
6940,1779,12,9
6941,1779,13,6
6942,1779,21,19
6943,1779,3,9
6944,1779,12,6
6945,1780,1,22
6946,1780,21,7
6947,1780,19,5
6948,1780,16,12
6949,1780,9,5
6950,1780,8,1
6951,1780,6,19
6952,1780,6,17
6953,1780,9,20
6954,1781,8,21
6955,1781,24,15
6956,1781,16,5
6957,1781,10,9
6958,1781,16,24
6959,1781,19,15
6960,1781,15,4
6961,1781,9,16
6962,1781,1,5
6963,1782,5,24
6964,1782,9,19
6965,1782,5,18
6966,1782,21,14
6967,1782,9,17
6968,1782,9,12
6969,1783,0,8
6970,1784,16,23
6971,1784,15,5
6972,1784,11,7
6973,1785,17,6
6974,1785,16,19
6975,1785,0,13
6976,1785,14,23
6977,1786,4,21
6978,1787,3,6
6979,1787,7,19
6980,1787,4,5
6981,1788,21,17
6982,1788,3,7
6983,1788,24,17
6984,1788,4,19
6985,1788,2,6
6986,1788,12,9
6987,1789,7,22
6988,1791,18,21
6989,1791,5,21
6990,1791,13,22
6991,1791,15,5
6992,1791,5,19
6993,1791,20,10
6994,1792,24,20
6995,1792,7,21
6996,1793,5,23
6997,1793,6,4
6998,1793,23,20
6999,1793,15,4
7000,1794,21,23
7001,1794,5,3
7002,1794,18,8
7003,1794,12,16
7004,1794,8,1
7005,1795,16,5
7006,1795,20,12
7007,1796,5,15
7008,1796,8,6
7009,1796,7,1
7010,1796,12,3
7011,1796,23,8
7012,1796,7,22
7013,1796,24,10
7014,1796,2,18
7015,1797,14,3
7016,1797,24,11
7017,1797,5,12
7018,1798,24,3
7019,1798,2,19
7020,1798,4,5
7021,1798,14,15
7022,1799,18,2
7023,1799,8,2
