veh_id,t_depart,origin,dest
0,0,5,16
1,0,1,23
2,0,17,2
3,0,22,8
4,1,2,16
5,1,4,22
6,2,2,8
7,2,13,24
8,3,19,20
9,3,4,13
10,3,18,8
11,3,24,6
12,4,3,5
13,4,9,12
14,4,10,2
15,4,0,24
16,5,21,12
17,5,21,11
18,5,19,6
19,5,7,20
20,5,16,23
21,6,7,15
22,6,15,12
23,6,2,4
24,6,2,11
25,6,10,1
26,6,7,23
27,6,20,5
28,7,3,11
29,7,16,10
30,7,1,13
31,7,7,17
32,7,11,17
33,7,8,22
34,8,16,10
35,8,23,15
36,8,14,16
37,8,17,1
38,8,15,4
39,8,20,24
40,9,14,7
41,9,17,13
42,9,13,11
43,9,21,2
44,9,24,7
45,9,16,0
46,10,10,12
47,10,14,11
48,10,6,15
49,10,4,1
50,10,11,14
51,11,24,18
52,12,19,3
53,12,3,15
54,12,14,10
55,13,4,22
56,13,4,10
57,13,24,1
58,13,2,11
59,14,23,9
60,15,12,24
61,16,19,1
62,16,4,16
63,16,1,23
64,16,6,23
65,16,14,8
66,17,10,13
67,17,6,22
68,17,12,22
69,18,13,0
70,18,12,6
71,18,10,13
72,19,23,8
73,19,6,4
74,19,15,4
75,20,8,1
76,20,20,24
77,21,10,20
78,21,10,13
79,22,4,22
80,22,22,15
81,23,22,7
82,23,15,0
83,24,12,4
84,24,23,4
85,24,5,13
86,25,24,17
87,25,4,24
88,25,17,19
89,25,9,23
90,25,8,22
91,26,4,22
92,26,19,3
93,26,21,24
94,26,15,24
95,26,20,9
96,27,18,9
97,27,16,22
98,27,2,10
99,27,3,17
100,27,18,12
101,28,16,22
102,28,15,5
103,28,24,11
104,28,21,24
105,29,18,24
106,29,7,19
107,29,20,18
108,29,17,21
109,29,2,9
110,29,19,10
111,29,13,1
112,29,15,22
113,29,12,23
114,30,3,17
115,30,6,22
116,30,4,1
117,31,8,1
118,31,17,0
119,31,20,16
120,31,22,0
121,32,6,12
122,32,2,24
123,32,23,14
124,33,23,2
125,33,11,20
126,33,22,13
127,34,22,6
128,34,9,19
129,36,4,23
130,36,13,20
131,36,4,16
132,36,12,14
133,36,1,24
134,37,19,11
135,37,9,10
136,37,10,21
137,37,14,24
138,38,18,24
139,38,16,6
140,38,16,3
141,38,6,24
142,39,10,7
143,39,16,10
144,39,1,15
145,40,6,2
146,40,0,21
147,40,15,14
148,40,14,6
149,41,24,18
150,41,17,9
151,41,1,5
152,41,3,14
153,41,21,4
154,41,22,24
155,42,15,0
156,42,8,1
157,42,6,16
158,42,4,18
159,43,4,16
160,43,18,3
161,43,20,19
162,43,5,14
163,44,7,0
164,44,18,20
165,44,21,23
166,44,0,3
167,44,7,11
168,44,16,10
169,45,7,1
170,45,14,5
171,46,6,21
172,46,23,14
173,47,23,15
174,47,5,19
175,47,1,5
176,48,23,15
177,48,3,11
178,48,5,11
179,48,4,20
180,50,17,21
181,50,19,4
182,51,21,6
183,51,15,11
184,51,8,17
185,51,4,20
186,51,2,21
187,51,4,2
188,52,6,4
189,52,7,11
190,52,8,5
191,53,1,24
192,53,20,8
193,54,1,16
194,54,10,2
195,54,6,23
196,54,18,2
197,54,11,0
198,55,7,0
199,55,22,6
200,55,2,4
201,55,24,17
202,55,22,20
203,55,23,14
204,55,3,5
205,55,5,16
206,55,13,6
207,55,21,3
208,56,21,3
209,56,22,3
210,56,18,14
211,57,23,21
212,57,13,10
213,57,9,5
214,57,15,6
215,58,2,15
216,58,8,12
217,58,23,16
218,58,12,24
219,58,13,5
220,59,13,21
221,59,6,3
222,59,0,11
223,59,18,9
224,59,5,22
225,60,3,11
226,60,24,5
227,60,12,2
228,61,17,15
229,61,8,18
230,61,1,10
231,61,8,18
232,61,8,1
233,62,21,24
234,62,14,10
235,62,2,24
236,63,0,17
237,63,16,24
238,63,14,16
239,63,15,5
240,63,16,13
241,63,19,0
242,64,10,14
243,64,11,4
244,64,21,19
245,64,18,20
246,64,12,16
247,65,4,11
248,65,11,13
249,66,4,20
250,66,2,22
251,66,18,7
252,66,23,12
253,66,13,1
254,66,11,13
255,66,6,8
256,66,14,6
257,66,14,5
258,67,4,19
259,67,21,11
260,68,22,4
261,68,11,1
262,68,15,7
263,69,22,12
264,69,21,11
265,69,14,8
266,69,9,13
267,70,13,17
268,70,10,16
269,70,13,10
270,70,24,10
271,70,19,20
272,70,13,0
273,71,2,17
274,71,4,19
275,71,6,16
276,71,15,18
277,71,6,14
278,72,8,16
279,72,6,20
280,73,8,22
281,73,1,4
282,73,2,21
283,73,5,11
284,73,3,13
285,73,20,12
286,74,21,19
287,74,11,19
288,74,7,18
289,75,19,8
290,75,11,3
291,75,17,19
292,75,5,1
293,76,3,23
294,76,10,4
295,76,1,23
296,76,2,13
297,76,16,20
298,77,12,24
299,77,0,12
300,77,22,1
301,77,15,4
302,77,1,17
303,77,11,14
304,77,19,22
305,77,0,11
306,79,3,1
307,79,14,12
308,79,22,3
309,79,1,18
310,79,24,13
311,79,1,16
312,80,17,21
313,80,6,9
314,80,22,8
315,80,7,4
316,81,11,17
317,81,5,7
318,81,3,9
319,81,5,14
320,81,12,18
321,81,19,10
322,81,1,5
323,82,22,11
324,82,3,0
325,82,18,4
326,82,12,1
327,82,22,16
328,83,18,2
329,83,19,9
330,83,10,13
331,84,24,20
332,84,0,7
333,85,7,14
334,85,17,5
335,85,24,10
336,86,17,0
337,86,24,6
338,86,2,19
339,86,7,22
340,87,20,19
341,87,5,15
342,87,0,21
343,89,11,1
344,89,13,2
345,89,11,18
346,89,21,0
347,89,15,5
348,90,18,2
349,90,16,22
350,90,0,18
351,90,21,24
352,90,7,14
353,90,13,23
354,91,0,19
355,91,16,2
356,91,1,7
357,91,6,21
358,92,2,15
359,92,21,7
360,92,22,13
361,92,5,2
362,92,13,7
363,92,17,24
364,92,1,20
365,93,21,2
366,93,20,18
367,93,8,6
368,93,12,18
369,94,21,7
370,94,5,17
371,94,10,14
372,94,8,17
373,94,22,1
374,94,13,1
375,94,2,13
376,95,18,5
377,96,24,2
378,97,19,1
379,97,3,24
380,97,21,3
381,97,24,7
382,97,21,1
383,97,22,9
384,97,16,6
385,98,12,2
386,98,7,24
387,98,16,20
388,98,22,1
389,98,7,23
390,98,4,15
391,99,11,7
392,99,1,4
393,99,2,20
394,99,9,6
395,99,16,10
396,100,1,9
397,100,16,13
398,100,4,15
399,100,9,6
400,100,17,20
401,101,16,3
402,101,12,2
403,101,11,3
404,101,12,19
405,101,1,22
406,102,9,5
407,102,6,9
408,102,17,13
409,102,16,7
410,102,16,7
411,103,6,20
412,103,19,6
413,104,2,8
414,104,2,22
415,104,7,11
416,104,15,0
417,105,18,2
418,105,22,13
419,105,23,17
420,105,18,11
421,105,21,2
422,106,21,7
423,106,15,6
424,106,22,15
425,107,11,17
426,107,20,14
427,107,4,13
428,108,17,2
429,108,7,15
430,109,1,22
431,109,24,9
432,109,14,21
433,109,1,20
434,110,23,12
435,110,11,4
436,110,7,22
437,110,2,17
438,110,16,7
439,110,18,14
440,110,5,4
441,111,10,20
442,111,7,17
443,112,0,8
444,112,4,0
445,112,7,14
446,113,10,8
447,114,20,23
448,115,3,19
449,115,5,15
450,115,24,11
451,116,24,3
452,117,24,4
453,117,20,12
454,117,7,19
455,117,23,12
456,118,10,18
457,118,5,24
458,118,5,3
459,119,16,10
460,119,7,18
461,119,20,4
462,119,23,20
463,119,12,0
464,120,15,13
465,120,4,12
466,120,24,16
467,120,9,17
468,121,19,7
469,121,11,19
470,121,9,7
471,121,19,11
472,122,9,12
473,122,11,7
474,122,12,23
475,122,14,24
476,122,10,12
477,123,4,0
478,124,2,21
479,125,9,3
480,125,23,17
481,125,2,24
482,126,17,19
483,126,21,12
484,126,3,11
485,127,9,24
486,127,14,12
487,128,0,8
488,128,2,6
489,128,22,7
490,129,3,9
491,129,12,20
492,129,8,5
493,129,1,19
494,130,18,5
495,130,17,4
496,130,13,2
497,130,11,20
498,130,24,5
499,131,1,15
500,131,4,12
501,132,19,4
502,132,19,16
503,132,12,21
504,132,21,19
505,132,18,2
506,132,10,21
507,133,19,11
508,133,10,18
509,134,20,5
510,134,21,15
511,134,24,17
512,134,7,24
513,134,18,20
514,134,3,21
515,134,20,3
516,134,19,2
517,135,1,5
518,135,1,5
519,135,4,0
520,135,11,3
521,135,10,22
522,135,22,5
523,135,18,3
524,135,10,21
525,135,18,20
526,135,19,16
527,136,7,14
528,136,19,0
529,136,20,1
530,136,0,9
531,136,2,20
532,136,7,4
533,137,21,13
534,137,4,0
535,138,1,19
536,138,17,2
537,138,21,6
538,138,9,2
539,138,24,18
540,138,14,17
541,138,7,14
542,139,14,17
543,139,13,17
544,139,8,4
545,139,6,16
546,139,17,11
547,140,17,20
548,140,15,1
549,140,21,11
550,141,14,5
551,142,14,0
552,142,1,7
553,142,20,19
554,142,17,4
555,142,1,23
556,142,15,1
557,142,14,1
558,143,3,17
559,143,18,11
560,143,17,13
561,143,21,1
562,144,14,8
563,145,3,10
564,146,12,0
565,147,10,2
566,147,8,6
567,147,20,16
568,147,14,23
569,148,23,16
570,148,4,8
571,149,21,1
572,150,10,6
573,150,19,13
574,150,13,5
575,150,13,21
576,150,16,10
577,150,3,9
578,150,2,20
579,150,18,2
580,151,16,24
581,151,3,19
582,151,18,22
583,151,5,15
584,152,21,0
585,152,10,13
586,152,24,5
587,152,11,17
588,153,0,8
589,153,20,23
590,153,0,18
591,153,16,20
592,153,2,17
593,154,23,4
594,155,8,15
595,155,2,9
596,155,18,2
597,155,17,19
598,155,12,16
599,156,8,15
600,156,9,21
601,156,3,11
602,156,10,14
603,156,23,5
604,156,14,11
605,156,22,11
606,156,14,23
607,157,0,6
608,157,14,3
609,157,18,20
610,158,8,15
611,158,0,3
612,158,4,1
613,159,3,7
614,159,12,24
615,159,0,20
616,159,23,6
617,159,14,5
618,159,17,11
619,159,24,5
620,159,10,22
621,160,17,7
622,160,6,20
623,160,24,0
624,161,0,9
625,162,21,5
626,162,15,7
627,162,11,17
628,162,24,17
629,162,9,21
630,163,2,10
631,163,16,7
632,163,23,16
633,163,22,10
634,164,3,22
635,164,15,5
636,164,15,8
637,164,3,23
638,164,0,6
639,164,11,23
640,165,11,9
641,165,24,22
642,165,17,13
643,166,11,23
644,166,10,20
645,166,2,12
646,166,11,18
647,166,15,8
648,166,8,15
649,167,5,14
650,167,16,12
651,167,8,22
652,168,12,9
653,168,12,16
654,168,10,4
655,168,2,22
656,168,12,8
657,168,8,19
658,169,11,23
659,169,23,17
660,169,14,3
661,169,20,9
662,169,13,15
663,170,12,2
664,170,7,21
665,170,5,11
666,170,15,12
667,171,16,23
668,171,0,4
669,171,12,9
670,171,5,20
671,171,7,9
672,171,24,18
673,171,15,3
674,171,22,6
675,172,12,8
676,172,12,19
677,172,8,12
678,173,4,20
679,173,2,20
680,174,2,17
681,174,12,20
682,175,14,5
683,175,17,7
684,175,4,15
685,176,20,12
686,176,6,9
687,176,1,14
688,177,10,13
689,177,3,9
690,177,7,4
691,177,9,18
692,177,9,19
693,178,23,5
694,178,15,17
695,178,13,24
696,178,19,1
697,178,9,21
698,179,18,0
699,179,0,16
700,179,1,17
701,180,8,12
702,180,20,13
703,181,21,19
704,182,20,16
705,182,10,24
706,182,15,17
707,182,20,8
708,182,14,23
709,182,18,5
710,183,12,16
711,183,7,21
712,183,14,21
713,184,24,14
714,184,22,14
715,184,3,16
716,185,14,23
717,185,9,11
718,185,13,7
719,185,3,23
720,186,17,20
721,186,22,5
722,186,20,11
723,186,12,10
724,186,12,15
725,187,0,13
726,187,5,23
727,187,5,1
728,187,5,22
729,187,19,8
730,187,8,5
731,187,5,11
732,187,3,24
733,188,10,0
734,188,18,16
735,188,6,12
736,188,4,6
737,188,3,11
738,188,17,21
739,188,23,10
740,189,12,4
741,189,3,15
742,189,16,0
743,189,13,16
744,189,1,8
745,189,17,11
746,190,20,0
747,190,4,13
748,190,1,17
749,190,5,22
750,190,10,2
751,190,6,15
752,190,6,14
753,190,1,20
754,191,10,20
755,192,24,14
756,192,8,12
757,192,3,11
758,192,17,4
759,193,8,21
760,193,11,20
761,193,4,21
762,194,13,17
763,195,21,18
764,195,12,19
765,196,4,21
766,196,2,15
767,196,3,9
768,196,5,16
769,196,3,12
770,196,17,23
771,197,16,10
772,198,24,20
773,198,2,5
774,199,19,11
775,199,0,8
776,199,17,7
777,200,10,12
778,200,3,10
779,200,14,15
780,200,20,3
781,200,10,21
782,200,14,21
783,200,14,24
784,201,14,20
785,201,6,16
786,201,19,1
787,202,3,9
788,202,22,1
789,202,20,14
790,202,14,23
791,203,2,19
792,203,3,16
793,203,12,22
794,204,6,13
795,204,6,12
796,204,17,21
797,205,23,15
798,205,17,5
799,205,3,13
800,206,21,10
801,206,9,22
802,206,23,15
803,206,2,0
804,206,10,19
805,206,24,11
806,207,23,6
807,207,21,6
808,207,10,8
809,207,6,20
810,208,1,3
811,208,13,20
812,208,16,23
813,209,5,19
814,209,6,17
815,209,11,20
816,209,1,18
817,209,17,1
818,209,24,16
819,210,15,18
820,210,23,0
821,210,5,16
822,210,12,6
823,210,23,6
824,210,12,8
825,211,17,15
826,211,8,21
827,211,20,14
828,211,19,12
829,211,12,4
830,212,23,15
831,212,18,12
832,212,11,18
833,213,11,20
834,213,9,5
835,213,23,7
836,214,0,19
837,214,24,21
838,214,13,9
839,214,17,4
840,214,7,15
841,214,6,19
842,215,13,17
843,215,16,0
844,215,1,18
845,215,0,2
846,215,20,24
847,215,20,13
848,216,5,17
849,216,23,2
850,217,1,3
851,217,23,6
852,218,3,5
853,218,14,17
854,218,11,17
855,218,0,19
856,218,21,9
857,218,6,16
858,219,22,13
859,219,8,18
860,219,6,2
861,219,2,6
862,219,4,14
863,219,21,7
864,219,23,8
865,220,18,14
866,220,12,14
867,220,1,4
868,220,21,3
869,220,1,10
870,220,5,8
871,220,21,24
872,221,19,9
873,221,16,14
874,222,8,16
875,222,19,13
876,222,24,18
877,222,16,14
878,223,11,9
879,223,1,12
880,223,5,18
881,223,18,12
882,223,12,10
883,223,21,7
884,223,1,21
885,223,13,16
886,223,3,13
887,224,10,17
888,224,5,9
889,224,5,18
890,224,11,18
891,224,5,13
892,225,19,20
893,225,4,23
894,226,11,24
895,226,4,18
896,227,24,16
897,227,9,13
898,227,16,8
899,227,12,21
900,228,1,24
901,228,8,2
902,229,2,17
903,229,9,7
904,229,21,19
905,229,15,5
906,229,1,14
907,230,14,4
908,230,24,4
909,230,22,24
910,230,8,5
911,231,20,4
912,231,2,5
913,231,22,19
914,231,23,11
915,231,0,19
916,231,6,9
917,231,3,6
918,232,13,17
919,232,3,22
920,233,18,5
921,233,20,11
922,234,24,10
923,234,14,16
924,235,8,15
925,235,15,9
926,236,7,3
927,236,0,18
928,236,24,16
929,236,7,9
930,236,5,12
931,237,19,23
932,237,6,3
933,238,24,11
934,238,17,9
935,238,14,23
936,238,22,16
937,239,22,24
938,239,19,10
939,239,16,0
940,239,2,23
941,239,4,20
942,240,23,5
943,240,12,18
944,241,8,11
945,241,0,16
946,241,9,18
947,241,8,2
948,242,17,6
949,242,14,7
950,242,2,4
951,242,9,17
952,242,19,22
953,242,4,7
954,242,13,2
955,242,13,24
956,243,8,6
957,243,22,11
958,243,2,6
959,243,2,14
960,243,0,9
961,244,7,21
962,244,5,7
963,244,3,6
964,245,14,11
965,246,24,0
966,246,21,23
967,246,8,20
968,246,1,11
969,246,22,18
970,247,24,8
971,247,18,0
972,247,18,2
973,247,14,21
974,248,18,24
975,248,1,17
976,248,19,4
977,249,16,10
978,249,6,23
979,249,16,13
980,249,23,16
981,249,11,23
982,249,22,1
983,249,4,14
984,250,0,18
985,250,13,2
986,250,13,2
987,250,9,17
988,251,4,24
989,251,5,3
990,251,24,22
991,252,19,16
992,252,3,9
993,252,17,0
994,252,6,15
995,253,4,11
996,253,21,4
997,253,23,2
998,254,0,19
999,254,1,19
1000,254,11,8
1001,255,0,6
1002,255,6,23
1003,255,2,8
1004,255,18,22
1005,256,17,5
1006,256,0,10
1007,257,5,16
1008,257,16,24
1009,257,18,6
1010,257,21,12
1011,257,19,3
1012,257,16,22
1013,257,0,24
1014,258,8,21
1015,258,17,15
1016,258,24,21
1017,258,22,9
1018,258,6,23
1019,259,20,7
1020,260,16,24
1021,260,7,14
1022,260,20,11
1023,260,4,8
1024,261,5,1
1025,261,19,10
1026,261,5,13
1027,263,13,19
1028,263,8,23
1029,264,8,2
1030,264,16,14
1031,264,15,24
1032,265,10,2
1033,265,19,7
1034,265,22,15
1035,266,8,19
1036,266,7,18
1037,266,3,6
1038,266,11,21
1039,266,17,21
1040,267,4,1
1041,267,6,23
1042,267,2,24
1043,267,24,9
1044,267,19,8
1045,267,0,11
1046,268,13,17
1047,268,13,19
1048,268,8,18
1049,268,19,22
1050,268,7,21
1051,268,12,24
1052,269,7,14
1053,269,9,16
1054,269,1,10
1055,269,0,17
1056,269,14,22
1057,270,17,7
1058,270,7,19
1059,270,0,11
1060,270,16,0
1061,270,14,12
1062,271,6,10
1063,271,10,9
1064,272,20,5
1065,272,23,6
1066,272,15,17
1067,272,24,6
1068,273,11,20
1069,273,7,13
1070,273,21,10
1071,273,8,18
1072,273,5,9
1073,273,22,14
1074,274,0,10
1075,274,17,9
1076,274,19,6
1077,275,14,5
1078,275,22,6
1079,275,4,24
1080,275,21,1
1081,276,9,6
1082,276,3,17
1083,276,10,13
1084,277,20,9
1085,277,22,24
1086,277,2,23
1087,277,4,18
1088,277,11,13
1089,278,13,3
1090,278,16,20
1091,278,17,21
1092,279,20,1
1093,279,1,18
1094,279,14,7
1095,279,17,24
1096,280,22,3
1097,280,15,17
1098,280,13,23
1099,280,4,22
1100,280,11,20
1101,281,3,1
1102,281,0,20
1103,281,19,12
1104,282,9,24
1105,282,11,1
1106,283,11,14
1107,283,22,14
1108,283,9,18
1109,284,2,10
1110,284,7,14
1111,284,3,1
1112,284,12,9
1113,284,2,12
1114,284,18,0
1115,285,0,24
1116,286,15,19
1117,286,3,20
1118,286,16,9
1119,286,14,16
1120,287,18,24
1121,287,17,6
1122,287,24,17
1123,287,5,1
1124,287,8,11
1125,288,4,19
1126,288,10,19
1127,288,4,14
1128,289,9,12
1129,289,7,24
1130,289,6,24
1131,289,20,18
1132,290,2,6
1133,290,7,13
1134,291,17,0
1135,291,1,17
1136,291,5,2
1137,291,7,3
1138,292,16,9
1139,292,9,1
1140,292,10,18
1141,292,1,14
1142,292,23,19
1143,293,1,17
1144,293,2,19
1145,293,17,14
1146,293,2,23
1147,293,21,24
1148,293,19,5
1149,294,12,18
1150,295,21,2
1151,295,15,4
1152,296,12,0
1153,296,24,8
1154,296,19,4
1155,296,13,16
1156,296,4,17
1157,296,20,1
1158,297,2,22
1159,298,24,9
1160,298,10,9
1161,298,9,5
1162,298,3,5
1163,299,20,0
1164,299,9,15
1165,299,2,5
1166,300,24,3
1167,300,18,5
1168,301,24,14
1169,301,17,0
1170,301,19,0
1171,301,22,2
1172,301,24,10
1173,302,22,5
1174,302,6,16
1175,303,12,22
1176,303,20,1
1177,303,17,9
1178,304,1,3
1179,304,11,15
1180,304,6,20
1181,304,13,21
1182,304,18,1
1183,305,3,10
1184,305,22,0
1185,305,17,8
1186,305,2,23
1187,305,11,5
1188,306,6,19
1189,306,4,17
1190,306,19,17
1191,306,10,3
1192,307,18,22
1193,307,17,21
1194,308,23,8
1195,309,24,14
1196,309,23,20
1197,309,19,10
1198,309,3,21
1199,310,3,19
1200,310,7,13
1201,310,6,24
1202,310,6,4
1203,310,15,18
1204,310,9,19
1205,310,23,8
1206,310,1,9
1207,310,14,18
1208,310,16,8
1209,310,15,14
1210,311,18,8
1211,311,1,13
1212,311,18,6
1213,312,21,24
1214,312,17,15
1215,312,13,5
1216,313,2,11
1217,313,12,1
1218,313,16,23
1219,314,1,15
1220,314,9,5
1221,314,13,24
1222,315,10,9
1223,315,9,0
1224,315,9,12
1225,316,24,8
1226,316,7,0
1227,317,2,21
1228,318,10,4
1229,318,1,22
1230,319,4,16
1231,319,11,22
1232,319,9,3
1233,319,9,11
1234,319,16,0
1235,320,21,6
1236,320,23,9
1237,320,4,15
1238,320,18,7
1239,320,0,23
1240,321,24,5
1241,321,21,0
1242,321,7,14
1243,321,13,22
1244,321,0,10
1245,321,0,21
1246,321,7,14
1247,321,10,4
1248,322,1,11
1249,322,17,3
1250,322,6,19
1251,322,0,17
1252,322,9,17
1253,323,21,24
1254,323,5,7
1255,324,6,17
1256,325,22,19
1257,325,12,20
1258,326,21,11
1259,326,17,0
1260,327,22,16
1261,327,24,15
1262,327,18,12
1263,327,9,23
1264,328,17,23
1265,328,10,18
1266,328,20,16
1267,329,15,5
1268,329,23,19
1269,329,3,19
1270,330,1,5
1271,330,5,24
1272,330,6,9
1273,330,2,24
1274,331,3,18
1275,331,3,13
1276,332,24,12
1277,332,9,15
1278,333,16,5
1279,333,9,16
1280,333,14,22
1281,334,18,16
1282,334,7,11
1283,334,10,2
1284,334,6,13
1285,334,4,8
1286,335,4,24
1287,336,21,5
1288,336,19,7
1289,336,3,1
1290,337,20,11
1291,337,16,6
1292,337,4,7
1293,337,13,3
1294,337,0,8
1295,337,18,24
1296,338,11,7
1297,338,0,14
1298,338,0,10
1299,338,10,13
1300,338,23,8
1301,338,21,3
1302,338,9,5
1303,338,6,3
1304,339,4,2
1305,339,16,14
1306,339,20,19
1307,339,24,3
1308,339,1,20
1309,340,1,14
1310,340,24,6
1311,340,20,7
1312,340,15,3
1313,341,2,17
1314,341,3,19
1315,341,6,14
1316,342,6,17
1317,342,11,23
1318,342,8,23
1319,342,23,0
1320,343,4,10
1321,343,22,9
1322,344,9,3
1323,344,7,19
1324,344,22,6
1325,344,22,18
1326,344,24,13
1327,344,11,23
1328,344,6,9
1329,344,5,21
1330,345,22,6
1331,345,6,13
1332,345,8,20
1333,346,11,0
1334,346,13,17
1335,346,13,24
1336,346,17,19
1337,346,20,2
1338,346,8,17
1339,347,2,19
1340,347,12,4
1341,347,8,17
1342,348,15,5
1343,348,10,7
1344,348,0,6
1345,349,10,13
1346,349,6,17
1347,349,2,22
1348,349,22,18
1349,350,8,22
1350,350,9,11
1351,350,1,21
1352,350,9,15
1353,350,14,24
1354,351,17,24
1355,351,14,23
1356,352,4,22
1357,352,3,22
1358,352,11,18
1359,353,21,4
1360,353,15,17
1361,353,10,7
1362,353,11,20
1363,354,14,11
1364,354,5,7
1365,354,5,12
1366,354,1,14
1367,355,3,11
1368,355,21,10
1369,356,5,17
1370,356,3,11
1371,356,15,11
1372,356,1,19
1373,357,5,19
1374,357,20,23
1375,357,1,12
1376,357,9,7
1377,358,0,7
1378,358,15,4
1379,358,17,10
1380,358,14,2
1381,358,21,7
1382,358,1,14
1383,359,19,7
1384,359,7,24
1385,359,8,22
1386,360,14,12
1387,360,6,10
1388,360,8,20
1389,360,5,18
1390,360,2,12
1391,360,2,23
1392,360,5,16
1393,361,13,21
1394,361,18,1
1395,361,17,10
1396,361,7,22
1397,361,22,7
1398,361,7,4
1399,361,15,9
1400,361,8,24
1401,362,7,14
1402,362,21,4
1403,363,6,4
1404,363,16,18
1405,363,7,16
1406,363,18,24
1407,364,11,3
1408,364,2,24
1409,364,16,23
1410,364,12,19
1411,365,23,2
1412,365,23,7
1413,365,16,7
1414,365,10,0
1415,365,6,12
1416,366,13,20
1417,366,19,6
1418,366,16,22
1419,366,0,8
1420,366,1,3
1421,367,11,4
1422,367,3,0
1423,367,21,8
1424,367,19,4
1425,367,13,19
1426,367,6,22
1427,367,15,5
1428,367,18,16
1429,367,1,17
1430,368,2,16
1431,368,8,22
1432,368,4,12
1433,368,0,12
1434,368,9,19
1435,368,15,19
1436,369,2,18
1437,369,2,15
1438,370,24,20
1439,370,8,18
1440,370,1,24
1441,370,6,10
1442,370,17,23
1443,370,5,11
1444,370,14,18
1445,371,1,24
1446,371,1,15
1447,371,3,21
1448,372,3,1
1449,372,4,1
1450,372,7,14
1451,372,14,6
1452,373,7,19
1453,373,2,12
1454,375,6,24
1455,375,1,15
1456,375,12,22
1457,376,1,20
1458,376,5,15
1459,376,4,1
1460,376,5,19
1461,376,14,4
1462,377,6,3
1463,377,16,8
1464,377,18,7
1465,377,22,15
1466,377,20,12
1467,378,16,14
1468,379,23,8
1469,379,17,24
1470,380,16,24
1471,380,2,6
1472,380,21,15
1473,380,3,14
1474,380,4,10
1475,380,19,20
1476,381,13,0
1477,381,11,0
1478,381,18,14
1479,381,22,12
1480,381,12,24
1481,382,2,8
1482,383,22,16
1483,383,0,14
1484,383,24,8
1485,383,23,19
1486,383,10,19
1487,383,2,12
1488,383,24,7
1489,384,7,14
1490,384,21,2
1491,385,18,15
1492,385,13,10
1493,385,3,6
1494,385,24,2
1495,385,17,15
1496,386,12,0
1497,386,14,8
1498,386,2,12
1499,387,5,14
1500,387,6,15
1501,387,14,20
1502,387,16,2
1503,387,9,23
1504,387,3,22
1505,387,5,4
1506,388,18,2
1507,388,24,18
1508,388,6,18
1509,389,0,8
1510,389,2,22
1511,389,23,11
1512,390,24,5
1513,391,12,0
1514,391,7,5
1515,391,19,7
1516,391,10,22
1517,391,4,11
1518,391,9,20
1519,391,24,1
1520,392,19,3
1521,392,21,14
1522,392,3,18
1523,392,18,15
1524,393,22,10
1525,393,20,12
1526,393,0,19
1527,393,17,19
1528,394,12,24
1529,394,1,3
1530,394,19,17
1531,394,2,13
1532,394,2,8
1533,394,18,2
1534,396,9,24
1535,396,22,10
1536,396,2,5
1537,396,1,3
1538,397,22,13
1539,397,14,5
1540,397,16,8
1541,398,16,10
1542,398,6,15
1543,398,3,24
1544,399,12,18
1545,399,21,12
1546,400,24,5
1547,400,6,17
1548,400,10,8
1549,401,18,7
1550,401,19,8
1551,401,12,2
1552,401,13,10
1553,402,10,2
1554,402,15,19
1555,402,23,0
1556,403,8,17
1557,403,7,9
1558,404,21,14
1559,404,19,22
1560,404,14,7
1561,404,6,2
1562,404,10,1
1563,406,13,23
1564,406,22,11
1565,406,9,19
1566,407,4,14
1567,407,12,21
1568,407,9,21
1569,407,1,23
1570,407,19,2
1571,407,5,14
1572,408,4,0
1573,408,4,21
1574,408,12,3
1575,409,20,9
1576,409,3,15
1577,409,8,4
1578,410,24,16
1579,411,5,9
1580,411,24,16
1581,411,17,23
1582,412,2,8
1583,412,7,11
1584,412,2,12
1585,412,6,23
1586,412,6,20
1587,412,2,13
1588,412,12,5
1589,412,6,15
1590,412,0,23
1591,413,10,24
1592,413,14,11
1593,413,24,12
1594,413,8,24
1595,413,5,17
1596,413,23,1
1597,414,13,21
1598,414,6,23
1599,414,18,10
1600,415,9,20
1601,415,7,17
1602,415,5,14
1603,416,9,22
1604,416,17,19
1605,416,8,23
1606,416,21,13
1607,416,17,21
1608,416,13,0
1609,417,0,19
1610,417,1,11
1611,417,2,15
1612,418,15,19
1613,418,15,7
1614,418,16,13
1615,418,8,16
1616,419,4,1
1617,419,2,23
1618,419,12,4
1619,419,15,11
1620,419,21,2
1621,419,9,3
1622,420,21,4
1623,420,9,10
1624,420,3,5
1625,420,17,21
1626,421,2,10
1627,421,21,23
1628,421,23,0
1629,421,8,6
1630,421,9,12
1631,421,19,2
1632,421,7,15
1633,422,0,18
1634,422,11,21
1635,422,23,17
1636,422,11,15
1637,422,18,4
1638,422,20,22
1639,423,12,21
1640,423,10,8
1641,423,3,5
1642,423,15,23
1643,424,13,11
1644,424,23,10
1645,424,3,5
1646,425,23,12
1647,426,16,12
1648,426,9,0
1649,427,23,11
1650,427,4,22
1651,427,11,20
1652,427,4,17
1653,427,9,12
1654,427,6,22
1655,428,19,16
1656,428,2,9
1657,428,18,22
1658,428,16,13
1659,428,2,12
1660,429,10,16
1661,429,0,20
1662,431,7,18
1663,431,13,5
1664,431,6,22
1665,431,7,21
1666,431,11,15
1667,431,3,18
1668,431,10,19
1669,431,19,3
1670,431,11,17
1671,432,5,4
1672,432,20,4
1673,432,8,21
1674,433,10,7
1675,434,23,16
1676,434,16,8
1677,434,13,3
1678,434,12,10
1679,434,10,8
1680,435,16,13
1681,435,13,19
1682,435,4,14
1683,436,11,5
1684,436,15,2
1685,436,20,11
1686,436,4,11
1687,437,0,15
1688,437,16,23
1689,437,2,9
1690,437,14,7
1691,437,1,12
1692,438,24,21
1693,439,8,15
1694,439,0,6
1695,439,2,8
1696,439,23,13
1697,439,8,19
1698,440,5,23
1699,440,16,1
1700,440,1,23
1701,440,10,13
1702,441,15,12
1703,441,6,13
1704,441,10,9
1705,441,2,22
1706,441,14,15
1707,441,8,15
1708,441,2,0
1709,442,22,5
1710,442,4,13
1711,442,16,6
1712,442,12,6
1713,443,21,1
1714,443,24,17
1715,443,3,0
1716,443,0,16
1717,443,14,15
1718,443,24,21
1719,444,8,2
1720,444,24,9
1721,445,19,12
1722,445,12,15
1723,445,4,22
1724,446,5,2
1725,446,5,11
1726,447,15,18
1727,447,14,8
1728,448,17,0
1729,448,8,22
1730,448,10,24
1731,448,8,11
1732,449,21,18
1733,449,17,8
1734,449,13,16
1735,449,2,15
1736,449,11,0
1737,449,5,13
1738,449,15,6
1739,450,9,19
1740,450,17,0
1741,450,22,16
1742,450,6,24
1743,450,6,18
1744,450,20,13
1745,451,8,23
1746,452,21,5
1747,452,2,8
1748,453,11,23
1749,453,15,21
1750,454,15,23
1751,454,20,3
1752,454,24,0
1753,454,14,12
1754,454,23,4
1755,454,17,13
1756,454,9,11
1757,455,15,11
1758,455,3,17
1759,455,11,7
1760,456,16,20
1761,456,0,4
1762,456,21,6
1763,456,7,5
1764,457,24,14
1765,457,1,19
1766,457,5,22
1767,458,20,22
1768,458,13,22
1769,459,16,5
1770,459,24,14
1771,459,10,9
1772,460,9,21
1773,460,12,2
1774,460,14,18
1775,460,8,0
1776,461,12,23
1777,461,6,19
1778,461,3,16
1779,461,2,11
1780,461,19,7
1781,462,14,2
1782,462,22,5
1783,462,4,14
1784,463,19,20
1785,463,3,13
1786,463,9,20
1787,463,0,24
1788,463,20,16
1789,464,7,13
1790,464,14,24
1791,464,19,20
1792,465,18,20
1793,465,10,24
1794,465,0,7
1795,466,12,14
1796,466,11,8
1797,467,2,11
1798,467,9,23
1799,467,18,2
1800,467,11,24
1801,467,2,14
1802,468,22,10
1803,468,18,12
1804,468,7,21
1805,468,4,12
1806,469,14,10
1807,469,19,0
1808,469,15,8
1809,469,6,20
1810,469,9,13
1811,469,19,16
1812,469,17,19
1813,470,15,9
1814,470,22,7
1815,470,15,9
1816,470,14,18
1817,471,3,12
1818,471,2,8
1819,471,18,12
1820,471,11,0
1821,471,18,10
1822,471,11,3
1823,471,19,3
1824,471,20,12
1825,472,13,22
1826,472,10,7
1827,472,23,19
1828,473,7,18
1829,473,16,20
1830,473,22,6
1831,473,10,7
1832,473,13,16
1833,473,6,23
1834,473,15,2
1835,474,4,16
1836,474,7,23
1837,474,4,14
1838,474,14,5
1839,475,8,19
1840,475,19,3
1841,475,13,6
1842,475,1,21
1843,475,21,2
1844,477,24,21
1845,477,22,16
1846,477,1,13
1847,478,3,14
1848,478,22,16
1849,478,21,10
1850,478,16,14
1851,479,7,4
1852,479,11,18
1853,479,5,18
1854,480,8,5
1855,480,3,0
1856,480,17,11
1857,480,20,9
1858,480,22,24
1859,480,22,9
1860,481,1,21
1861,482,9,6
1862,482,19,16
1863,482,0,6
1864,483,13,22
1865,483,6,18
1866,483,21,0
1867,483,5,9
1868,484,10,8
1869,484,15,11
1870,484,13,20
1871,484,16,3
1872,485,24,4
1873,485,22,15
1874,485,20,11
1875,486,9,12
1876,486,6,9
1877,486,22,8
1878,487,2,23
1879,487,24,18
1880,487,7,0
1881,487,22,2
1882,487,24,8
1883,488,8,5
1884,488,12,18
1885,488,10,13
1886,489,22,10
1887,489,8,20
1888,489,17,24
1889,489,9,16
1890,490,20,18
1891,490,7,16
1892,490,6,21
1893,490,23,15
1894,490,4,5
1895,491,20,2
1896,491,4,18
1897,491,12,14
1898,491,2,12
1899,491,9,5
1900,492,23,20
1901,492,22,1
1902,492,13,1
1903,492,18,1
1904,492,21,10
1905,493,11,14
1906,493,23,2
1907,493,13,10
1908,493,19,4
1909,493,12,6
1910,494,8,2
1911,494,4,18
1912,494,17,15
1913,494,1,15
1914,495,17,23
1915,495,6,15
1916,495,12,20
1917,495,6,21
1918,495,1,23
1919,495,9,13
1920,495,13,23
1921,496,16,19
1922,496,17,15
1923,496,8,1
1924,496,11,18
1925,496,10,13
1926,496,21,9
1927,496,14,18
1928,496,12,24
1929,497,19,20
1930,497,3,24
1931,497,15,11
1932,497,13,0
1933,497,21,15
1934,497,2,14
1935,497,12,19
1936,498,19,20
1937,498,3,20
1938,498,22,10
1939,498,2,22
1940,499,5,21
1941,499,13,23
1942,499,24,10
1943,499,4,6
1944,499,9,17
1945,499,7,4
1946,499,8,1
1947,500,14,7
1948,500,5,15
1949,500,15,2
1950,500,3,17
1951,500,24,6
1952,500,11,0
1953,500,12,20
1954,501,1,19
1955,501,21,19
1956,501,2,12
1957,501,2,19
1958,501,15,12
1959,501,14,20
1960,501,13,17
1961,502,6,9
1962,502,3,19
1963,502,0,8
1964,502,7,23
1965,502,5,16
1966,502,11,9
1967,502,9,23
1968,503,12,20
1969,503,7,4
1970,503,5,7
1971,504,12,6
1972,504,23,20
1973,504,20,22
1974,504,16,19
1975,505,7,13
1976,505,15,3
1977,505,18,8
1978,505,5,2
1979,505,23,13
1980,505,8,15
1981,507,11,1
1982,507,24,21
1983,507,3,5
1984,507,19,12
1985,508,10,2
1986,508,2,24
1987,508,8,1
1988,508,2,9
1989,508,6,16
1990,509,24,5
1991,509,24,20
1992,509,21,0
1993,510,18,8
1994,510,9,7
1995,510,9,7
1996,510,7,18
1997,510,21,10
1998,510,0,18
1999,510,20,13
2000,510,5,15
2001,511,24,13
2002,511,20,8
2003,511,22,6
2004,511,5,12
2005,511,9,23
2006,512,15,17
2007,512,15,17
2008,513,1,10
2009,513,1,11
2010,513,15,14
2011,513,18,20
2012,513,4,1
2013,513,18,11
2014,514,1,11
2015,514,24,12
2016,514,19,10
2017,515,12,9
2018,515,0,17
2019,516,15,8
2020,516,22,2
2021,516,10,6
2022,517,19,17
2023,517,7,18
2024,518,8,24
2025,518,19,15
2026,518,4,23
2027,519,23,16
2028,519,4,17
2029,519,2,10
2030,520,6,8
2031,520,12,9
2032,520,9,2
2033,520,21,24
2034,520,17,8
2035,520,22,1
2036,520,22,4
2037,520,4,1
2038,520,1,13
2039,520,16,20
2040,520,20,3
2041,521,8,12
2042,521,6,15
2043,521,22,16
2044,521,1,5
2045,522,3,18
2046,522,9,13
2047,522,17,9
2048,522,4,6
2049,522,23,21
2050,522,2,13
2051,523,17,6
2052,523,9,16
2053,523,24,11
2054,523,16,20
2055,524,17,15
2056,524,18,24
2057,524,2,15
2058,524,18,12
2059,524,2,4
2060,524,0,14
2061,525,14,15
2062,525,24,12
2063,525,9,3
2064,526,24,4
2065,526,9,15
2066,526,4,7
2067,526,9,0
2068,526,16,4
2069,526,20,11
2070,527,12,16
2071,528,7,10
2072,528,15,11
2073,528,10,8
2074,528,12,0
2075,528,2,8
2076,529,21,23
2077,530,1,14
2078,530,12,3
2079,530,12,18
2080,531,9,17
2081,531,1,19
2082,532,15,5
2083,532,3,5
2084,533,7,23
2085,533,22,6
2086,533,0,22
2087,533,16,20
2088,533,21,0
2089,534,0,9
2090,534,19,8
2091,535,19,4
2092,535,13,19
2093,536,0,10
2094,536,22,24
2095,536,0,7
2096,536,12,16
2097,537,23,7
2098,538,4,8
2099,538,19,7
2100,538,16,14
2101,538,9,3
2102,539,24,0
2103,539,4,13
2104,540,1,19
2105,540,21,6
2106,540,5,12
2107,540,1,23
2108,540,4,13
2109,540,18,2
2110,541,24,17
2111,541,13,23
2112,541,2,9
2113,541,20,1
2114,542,17,19
2115,542,5,23
2116,542,20,22
2117,542,12,0
2118,542,19,7
2119,542,15,23
2120,543,23,14
2121,543,12,24
2122,543,17,6
2123,543,4,20
2124,544,5,11
2125,544,12,18
2126,544,5,24
2127,545,14,10
2128,545,6,4
2129,545,14,24
2130,545,10,2
2131,545,5,16
2132,545,18,1
2133,545,0,3
2134,545,9,1
2135,545,16,3
2136,546,9,19
2137,546,8,18
2138,546,19,22
2139,546,22,20
2140,547,6,16
2141,547,13,3
2142,547,21,5
2143,547,12,1
2144,548,7,23
2145,548,8,0
2146,548,13,10
2147,548,1,19
2148,548,16,24
2149,548,0,18
2150,549,6,12
2151,549,7,10
2152,549,23,14
2153,549,1,15
2154,549,23,3
2155,550,13,7
2156,550,6,23
2157,551,12,3
2158,551,11,15
2159,551,4,12
2160,551,5,9
2161,551,16,18
2162,551,18,0
2163,551,17,21
2164,552,21,9
2165,552,17,14
2166,552,5,15
2167,552,8,11
2168,553,12,15
2169,553,12,0
2170,553,21,8
2171,553,12,5
2172,553,11,21
2173,553,10,4
2174,553,8,5
2175,553,14,8
2176,554,15,18
2177,554,10,24
2178,555,20,2
2179,555,6,4
2180,555,16,7
2181,555,17,20
2182,555,2,21
2183,555,3,20
2184,556,7,15
2185,556,20,6
2186,556,16,19
2187,556,5,1
2188,556,5,21
2189,556,12,4
2190,557,0,6
2191,557,0,18
2192,557,16,6
2193,557,3,5
2194,557,11,2
2195,557,19,17
2196,557,23,12
2197,558,14,20
2198,558,11,5
2199,558,7,0
2200,558,8,6
2201,559,12,9
2202,559,3,15
2203,559,22,8
2204,559,12,1
2205,559,7,11
2206,560,17,3
2207,560,4,16
2208,560,24,1
2209,561,23,6
2210,561,19,20
2211,561,2,19
2212,561,11,24
2213,562,23,10
2214,562,2,15
2215,562,8,12
2216,562,18,16
2217,562,2,12
2218,562,5,18
2219,563,1,3
2220,563,14,11
2221,563,0,4
2222,563,13,6
2223,563,4,10
2224,563,19,11
2225,563,5,24
2226,564,8,19
2227,564,13,20
2228,564,15,5
2229,564,3,14
2230,564,2,0
2231,564,0,3
2232,565,16,4
2233,565,18,7
2234,565,1,11
2235,566,4,2
2236,566,12,19
2237,566,16,12
2238,567,3,24
2239,567,5,2
2240,568,7,24
2241,568,16,24
2242,568,7,22
2243,568,24,17
2244,568,21,23
2245,568,16,10
2246,568,4,12
2247,569,2,12
2248,569,16,6
2249,569,18,14
2250,569,12,16
2251,569,6,22
2252,570,1,4
2253,570,6,4
2254,571,11,0
2255,571,9,5
2256,571,0,4
2257,571,10,4
2258,572,17,8
2259,572,6,14
2260,573,15,1
2261,574,0,11
2262,574,2,15
2263,574,0,13
2264,574,6,20
2265,575,7,21
2266,575,19,21
2267,576,19,6
2268,576,4,11
2269,576,12,19
2270,577,20,6
2271,578,0,12
2272,578,0,7
2273,578,20,12
2274,578,16,23
2275,578,24,5
2276,579,10,13
2277,579,13,10
2278,579,23,6
2279,579,12,3
2280,580,19,15
2281,580,11,13
2282,580,6,15
2283,580,8,21
2284,581,3,0
2285,581,10,19
2286,582,5,8
2287,582,10,3
2288,582,12,21
2289,582,1,3
2290,582,21,7
2291,582,19,21
2292,583,13,1
2293,583,0,22
2294,583,5,2
2295,583,1,11
2296,584,5,18
2297,584,5,1
2298,584,23,4
2299,584,20,24
2300,585,10,12
2301,585,24,4
2302,585,11,17
2303,585,2,22
2304,585,8,4
2305,586,10,18
2306,586,17,21
2307,586,1,23
2308,587,13,24
2309,587,17,13
2310,587,20,11
2311,588,22,20
2312,588,21,13
2313,588,13,10
2314,588,11,4
2315,589,9,17
2316,589,14,2
2317,589,20,7
2318,589,9,5
2319,591,0,4
2320,591,7,21
2321,591,2,23
2322,591,2,20
2323,591,11,18
2324,591,10,3
2325,591,20,7
2326,592,16,18
2327,592,2,8
2328,592,23,4
2329,592,12,8
2330,592,18,3
2331,592,23,4
2332,592,1,9
2333,593,4,16
2334,593,22,7
2335,594,0,20
2336,595,5,3
2337,595,13,15
2338,595,12,24
2339,596,19,9
2340,596,21,6
2341,596,4,13
2342,596,18,22
2343,597,1,16
2344,597,8,17
2345,598,24,13
2346,598,1,4
2347,598,24,5
2348,598,14,21
2349,599,16,20
2350,599,14,8
2351,599,15,7
2352,600,12,3
2353,600,4,18
2354,600,14,23
2355,600,19,9
2356,600,20,22
2357,601,14,22
2358,601,22,11
2359,601,6,21
2360,602,19,15
2361,602,12,8
2362,602,8,12
2363,602,10,20
2364,603,11,5
2365,603,4,8
2366,604,15,21
2367,604,23,16
2368,604,10,8
2369,604,22,7
2370,605,6,3
2371,605,3,18
2372,606,11,7
2373,606,8,22
2374,607,0,16
2375,607,4,22
2376,607,21,18
2377,607,10,18
2378,607,18,8
2379,608,10,18
2380,608,8,6
2381,608,7,21
2382,609,1,21
2383,609,13,17
2384,609,15,21
2385,609,15,2
2386,610,20,0
2387,610,23,6
2388,610,2,4
2389,610,24,17
2390,610,17,2
2391,610,14,2
2392,610,12,8
2393,610,16,0
2394,610,9,7
2395,610,13,20
2396,611,21,1
2397,611,17,13
2398,612,20,2
2399,612,0,21
2400,612,13,0
2401,612,24,7
2402,612,10,19
2403,613,15,3
2404,613,23,16
2405,613,0,17
2406,614,4,5
2407,615,11,9
2408,615,10,23
2409,615,4,22
2410,615,10,22
2411,616,12,2
2412,617,13,5
2413,617,16,19
2414,618,7,16
2415,618,11,17
2416,618,21,9
2417,619,19,10
2418,619,15,12
2419,620,11,3
2420,621,0,11
2421,621,0,2
2422,621,16,23
2423,621,9,7
2424,622,10,14
2425,622,6,4
2426,622,20,22
2427,622,7,20
2428,622,8,20
2429,622,0,8
2430,622,19,3
2431,623,19,0
2432,623,9,19
2433,623,8,21
2434,623,13,6
2435,623,3,9
2436,624,5,22
2437,625,17,14
2438,625,24,4
2439,625,11,3
2440,625,6,10
2441,626,2,22
2442,626,18,0
2443,626,15,12
2444,626,7,18
2445,627,13,23
2446,628,17,9
2447,628,13,17
2448,628,2,5
2449,629,17,14
2450,629,16,12
2451,629,24,3
2452,629,7,20
2453,629,10,23
2454,629,18,9
2455,630,20,17
2456,630,23,13
2457,631,19,15
2458,631,15,0
2459,631,16,22
2460,631,10,9
2461,631,15,21
2462,631,3,9
2463,631,5,16
2464,632,16,4
2465,632,1,22
2466,632,13,21
2467,632,9,0
2468,633,2,8
2469,633,11,9
2470,633,6,20
2471,633,9,15
2472,633,3,20
2473,634,24,9
2474,634,11,7
2475,634,22,20
2476,634,1,10
2477,636,5,4
2478,636,10,0
2479,636,14,21
2480,636,19,3
2481,637,3,24
2482,637,3,13
2483,637,6,12
2484,637,20,3
2485,637,10,23
2486,637,10,6
2487,637,22,11
2488,638,21,3
2489,638,17,1
2490,638,15,21
2491,639,3,21
2492,640,0,20
2493,640,19,21
2494,640,20,3
2495,641,4,0
2496,641,5,3
2497,641,6,4
2498,641,11,5
2499,641,21,12
2500,641,20,3
2501,642,18,5
2502,642,14,3
2503,642,2,5
2504,642,4,10
2505,642,18,6
2506,643,11,22
2507,643,17,6
2508,643,12,23
2509,644,8,10
2510,644,10,3
2511,644,19,17
2512,644,12,4
2513,645,9,19
2514,645,3,24
2515,646,9,21
2516,646,0,23
2517,646,0,3
2518,647,20,14
2519,647,15,1
2520,647,17,2
2521,647,18,10
2522,647,6,0
2523,647,24,3
2524,647,3,11
2525,648,21,3
2526,648,17,0
2527,648,14,16
2528,648,12,5
2529,648,10,22
2530,649,0,24
2531,649,17,0
2532,649,0,20
2533,650,3,16
2534,650,12,4
2535,650,4,22
2536,650,6,18
2537,651,5,13
2538,651,14,8
2539,651,15,4
2540,652,16,20
2541,652,3,6
2542,652,16,19
2543,652,20,22
2544,652,21,4
2545,652,21,10
2546,652,7,20
2547,653,3,16
2548,653,20,1
2549,653,0,10
2550,653,11,9
2551,653,4,17
2552,653,23,3
2553,653,18,7
2554,653,3,23
2555,653,1,15
2556,653,11,1
2557,653,23,9
2558,654,1,17
2559,654,14,4
2560,654,2,19
2561,655,22,16
2562,655,5,19
2563,655,2,21
2564,655,24,16
2565,657,2,8
2566,657,24,4
2567,657,9,13
2568,657,5,18
2569,657,21,23
2570,657,11,0
2571,658,20,16
2572,659,0,21
2573,659,13,16
2574,660,16,8
2575,660,15,21
2576,660,24,12
2577,660,16,0
2578,660,4,17
2579,660,23,9
2580,661,11,24
2581,661,17,13
2582,661,22,3
2583,661,24,12
2584,661,8,17
2585,662,15,14
2586,662,23,7
2587,662,0,6
2588,662,5,3
2589,662,15,9
2590,663,19,17
2591,663,9,22
2592,664,11,22
2593,665,4,18
2594,666,24,3
2595,666,1,20
2596,667,13,19
2597,667,21,23
2598,667,11,4
2599,667,4,5
2600,667,1,24
2601,668,6,22
2602,668,11,20
2603,668,12,14
2604,669,11,24
2605,669,5,23
2606,669,21,23
2607,669,23,0
2608,669,19,16
2609,670,4,21
2610,670,1,21
2611,670,9,23
2612,670,9,16
2613,670,19,5
2614,671,10,23
2615,671,4,7
2616,672,4,15
2617,672,15,1
2618,672,17,1
2619,672,18,16
2620,673,17,2
2621,673,18,0
2622,673,4,7
2623,673,4,21
2624,673,5,9
2625,673,19,15
2626,674,12,21
2627,675,18,16
2628,675,21,10
2629,675,24,17
2630,676,11,5
2631,677,16,13
2632,677,22,2
2633,677,13,23
2634,677,1,20
2635,678,24,17
2636,678,15,21
2637,679,7,11
2638,679,15,14
2639,679,24,5
2640,679,8,1
2641,680,11,9
2642,680,18,6
2643,681,13,9
2644,681,22,8
2645,681,15,1
2646,681,17,0
2647,681,14,10
2648,681,21,18
2649,681,24,20
2650,682,23,10
2651,683,21,19
2652,683,22,7
2653,683,4,18
2654,683,17,15
2655,683,17,13
2656,684,22,3
2657,684,11,7
2658,684,24,2
2659,684,2,8
2660,684,3,15
2661,684,6,0
2662,686,6,23
2663,686,13,24
2664,686,17,19
2665,687,24,11
2666,687,24,9
2667,687,11,7
2668,688,3,16
2669,688,18,21
2670,688,8,20
2671,688,20,1
2672,688,5,23
2673,688,5,8
2674,689,7,11
2675,689,2,18
2676,689,19,9
2677,689,14,18
2678,689,4,5
2679,690,7,24
2680,690,12,14
2681,690,0,11
2682,691,16,12
2683,691,4,20
2684,691,15,2
2685,692,22,10
2686,692,19,1
2687,692,20,3
2688,693,15,5
2689,693,11,21
2690,693,15,17
2691,693,22,16
2692,694,7,9
2693,694,5,4
2694,694,3,5
2695,694,2,5
2696,694,12,5
2697,694,23,17
2698,695,24,3
2699,695,18,22
2700,695,22,9
2701,695,24,13
2702,695,15,17
2703,696,21,23
2704,696,12,3
2705,697,22,1
2706,697,22,1
2707,697,15,4
2708,697,14,17
2709,697,22,4
2710,698,21,17
2711,699,9,24
2712,700,21,12
2713,700,4,23
2714,700,2,21
2715,701,2,6
2716,701,14,10
2717,701,14,20
2718,702,6,12
2719,702,14,11
2720,702,11,22
2721,702,9,22
2722,702,22,24
2723,702,7,21
2724,702,2,20
2725,703,8,4
2726,703,17,24
2727,703,23,9
2728,703,12,0
2729,703,1,20
2730,704,17,14
2731,704,4,16
2732,704,8,4
2733,704,5,3
2734,704,4,13
2735,705,9,12
2736,705,10,22
2737,705,10,20
2738,705,12,1
2739,705,17,20
2740,705,4,15
2741,705,0,6
2742,705,21,0
2743,705,5,22
2744,706,20,8
2745,706,11,20
2746,706,22,19
2747,706,2,9
2748,707,10,13
2749,707,17,24
2750,707,10,17
2751,707,8,24
2752,707,12,20
2753,707,16,9
2754,707,1,24
2755,707,15,22
2756,707,15,12
2757,708,0,12
2758,708,17,13
2759,708,2,19
2760,709,19,5
2761,709,17,0
2762,709,0,3
2763,709,1,11
2764,709,22,19
2765,709,4,15
2766,709,23,11
2767,709,12,23
2768,709,23,13
2769,709,5,14
2770,709,16,12
2771,709,17,13
2772,709,21,2
2773,710,9,22
2774,710,0,9
2775,710,0,12
2776,710,21,13
2777,711,9,3
2778,711,12,18
2779,712,24,16
2780,712,3,23
2781,712,12,10
2782,713,5,8
2783,713,14,11
2784,713,21,14
2785,714,4,18
2786,714,4,2
2787,714,13,9
2788,715,13,2
2789,715,4,24
2790,716,4,10
2791,716,12,14
2792,716,18,15
2793,716,22,18
2794,716,24,11
2795,717,23,21
2796,717,12,10
2797,717,6,4
2798,717,10,2
2799,717,22,5
2800,718,15,17
2801,718,8,15
2802,718,11,24
2803,719,10,12
2804,719,17,3
2805,719,19,22
2806,719,10,12
2807,720,21,2
2808,720,16,7
2809,721,21,14
2810,721,14,3
2811,722,21,1
2812,722,15,23
2813,722,4,22
2814,722,10,0
2815,723,24,7
2816,723,6,17
2817,723,0,15
2818,723,11,7
2819,723,16,24
2820,723,9,23
2821,724,5,21
2822,724,14,3
2823,724,23,14
2824,724,16,5
2825,724,14,20
2826,724,20,6
2827,725,12,19
2828,725,17,11
2829,725,15,18
2830,725,1,15
2831,726,14,10
2832,726,17,11
2833,727,22,15
2834,727,1,23
2835,728,6,19
2836,728,14,4
2837,728,14,21
2838,728,23,15
2839,729,23,5
2840,729,17,5
2841,729,6,2
2842,730,24,13
2843,730,11,23
2844,731,4,16
2845,732,13,9
2846,732,16,3
2847,732,2,23
2848,732,4,20
2849,733,17,14
2850,733,2,10
2851,733,10,4
2852,733,23,11
2853,733,17,8
2854,733,5,21
2855,734,5,2
2856,734,8,4
2857,734,22,13
2858,734,3,17
2859,734,21,14
2860,734,0,17
2861,734,12,5
2862,735,0,22
2863,735,21,0
2864,735,22,4
2865,736,3,16
2866,737,10,24
2867,737,2,17
2868,737,20,14
2869,737,1,22
2870,737,9,18
2871,737,8,12
2872,737,13,6
2873,738,21,0
2874,738,20,8
2875,738,11,17
2876,739,8,18
2877,740,11,9
2878,740,22,5
2879,740,20,19
2880,740,9,11
2881,740,11,3
2882,741,10,24
2883,741,8,4
2884,741,0,22
2885,741,5,7
2886,742,18,20
2887,742,4,17
2888,742,21,4
2889,742,5,9
2890,743,17,15
2891,743,20,4
2892,743,1,16
2893,743,23,1
2894,743,4,22
2895,744,5,23
2896,744,5,15
2897,744,8,14
2898,744,2,11
2899,744,20,0
2900,744,23,10
2901,744,11,13
2902,745,21,12
2903,746,8,15
2904,746,20,5
2905,746,1,12
2906,746,1,9
2907,746,4,17
2908,746,11,8
2909,746,2,0
2910,747,3,22
2911,747,3,24
2912,747,9,20
2913,748,23,4
2914,748,21,7
2915,748,18,4
2916,748,11,20
2917,748,2,23
2918,749,15,23
2919,749,16,5
2920,749,0,14
2921,749,10,14
2922,749,6,2
2923,749,23,19
2924,750,17,24
2925,750,14,24
2926,750,13,5
2927,751,16,8
2928,751,16,3
2929,751,23,12
2930,751,13,24
2931,751,4,18
2932,752,7,17
2933,752,5,11
2934,752,14,21
2935,752,4,19
2936,752,9,16
2937,753,21,11
2938,754,4,15
2939,754,15,23
2940,754,16,9
2941,754,18,12
2942,754,22,5
2943,756,10,21
2944,756,7,11
2945,756,4,12
2946,757,2,21
2947,757,20,3
2948,757,4,19
2949,757,17,8
2950,757,5,9
2951,757,1,3
2952,758,9,12
2953,759,2,12
2954,759,15,23
2955,759,11,8
2956,760,14,8
2957,760,7,4
2958,760,11,19
2959,760,21,10
2960,760,14,8
2961,760,20,22
2962,760,18,9
2963,760,24,17
2964,761,15,21
2965,761,3,6
2966,761,17,1
2967,761,8,19
2968,761,15,7
2969,761,21,18
2970,761,21,11
2971,761,17,0
2972,762,2,18
2973,762,17,24
2974,762,2,9
2975,763,2,15
2976,763,1,15
2977,763,21,3
2978,763,19,7
2979,764,14,0
2980,764,14,2
2981,764,3,22
2982,764,0,4
2983,764,17,2
2984,764,5,17
2985,765,21,1
2986,765,10,9
2987,765,0,13
2988,765,1,5
2989,765,23,9
2990,766,24,21
2991,766,10,2
2992,766,1,22
2993,767,3,14
2994,767,14,8
2995,767,14,10
2996,768,22,16
2997,768,1,9
2998,768,17,15
2999,768,4,23
3000,768,18,20
3001,768,22,4
3002,768,2,12
3003,769,14,17
3004,769,7,11
3005,769,3,22
3006,769,15,18
3007,769,1,22
3008,769,18,4
3009,769,5,22
3010,770,16,8
3011,770,3,20
3012,771,4,7
3013,771,7,15
3014,771,22,20
3015,771,22,4
3016,772,11,2
3017,773,10,6
3018,773,8,21
3019,773,11,7
3020,773,6,19
3021,774,19,13
3022,774,23,1
3023,775,1,3
3024,775,9,12
3025,775,8,2
3026,775,17,2
3027,775,6,4
3028,776,12,14
3029,776,16,9
3030,777,15,9
3031,777,14,20
3032,777,4,18
3033,778,24,4
3034,778,20,14
3035,778,24,16
3036,778,14,23
3037,778,5,24
3038,778,22,11
3039,779,11,0
3040,779,0,7
3041,780,5,17
3042,780,9,0
3043,781,20,8
3044,781,1,17
3045,781,7,22
3046,781,8,16
3047,782,16,1
3048,782,12,21
3049,782,15,23
3050,782,6,14
3051,783,17,19
3052,783,19,0
3053,784,2,17
3054,784,19,5
3055,784,5,8
3056,784,9,13
3057,784,2,18
3058,785,22,15
3059,785,1,16
3060,785,19,11
3061,785,17,1
3062,785,21,15
3063,785,18,21
3064,786,11,19
3065,786,21,17
3066,787,20,10
3067,787,12,10
3068,787,12,1
3069,787,4,8
3070,787,22,11
3071,787,0,13
3072,788,22,15
3073,788,3,1
3074,788,6,18
3075,788,20,16
3076,789,19,12
3077,789,4,12
3078,790,16,8
3079,790,5,24
3080,790,3,15
3081,791,1,21
3082,791,12,14
3083,791,7,5
3084,792,15,13
3085,792,8,18
3086,792,11,2
3087,793,12,16
3088,793,21,0
3089,793,22,4
3090,793,19,6
3091,793,24,7
3092,793,19,8
3093,793,18,9
3094,794,5,2
3095,794,12,8
3096,794,23,12
3097,794,16,8
3098,795,4,22
3099,795,14,15
3100,795,20,19
3101,795,13,24
3102,795,4,23
3103,795,11,21
3104,795,5,23
3105,796,24,15
3106,796,1,17
3107,796,1,10
3108,796,20,13
3109,797,7,24
3110,797,16,1
3111,797,0,8
3112,797,22,11
3113,797,23,14
3114,797,10,19
3115,798,4,23
3116,798,5,8
3117,798,23,12
3118,799,22,10
3119,799,19,3
3120,799,10,3
3121,799,13,2
3122,799,5,15
3123,799,22,19
3124,800,1,13
3125,800,23,6
3126,800,24,13
3127,800,20,9
3128,800,0,13
3129,801,23,0
3130,801,22,14
3131,801,2,13
3132,801,19,17
3133,802,1,11
3134,802,1,17
3135,802,15,11
3136,802,16,2
3137,803,12,9
3138,803,9,20
3139,804,21,1
3140,804,14,10
3141,804,3,12
3142,805,9,16
3143,805,14,4
3144,806,12,2
3145,806,14,18
3146,806,19,3
3147,806,19,13
3148,806,0,10
3149,807,4,16
3150,807,9,19
3151,807,5,16
3152,807,13,11
3153,808,11,14
3154,808,15,24
3155,808,7,24
3156,809,5,7
3157,809,13,0
3158,809,5,4
3159,809,21,17
3160,810,9,20
3161,810,4,13
3162,810,19,0
3163,810,12,1
3164,810,5,19
3165,810,1,21
3166,811,0,14
3167,811,21,12
3168,811,8,23
3169,811,16,12
3170,811,24,15
3171,812,15,18
3172,812,6,17
3173,812,7,23
3174,812,10,4
3175,813,3,23
3176,813,0,8
3177,813,10,19
3178,813,22,0
3179,814,2,12
3180,814,3,5
3181,814,10,23
3182,814,19,8
3183,814,3,13
3184,814,0,15
3185,814,14,17
3186,815,0,7
3187,815,3,7
3188,815,13,5
3189,815,15,23
3190,815,11,8
3191,815,23,13
3192,816,3,20
3193,816,13,21
3194,816,0,24
3195,817,3,19
3196,817,12,6
3197,817,16,10
3198,818,13,15
3199,818,9,6
3200,818,0,10
3201,818,3,16
3202,818,4,6
3203,818,24,15
3204,819,12,3
3205,819,22,2
3206,819,14,8
3207,820,10,16
3208,820,19,7
3209,821,10,16
3210,821,12,22
3211,821,4,23
3212,821,1,18
3213,822,2,15
3214,822,6,24
3215,822,17,14
3216,822,18,21
3217,823,10,24
3218,823,15,23
3219,823,6,4
3220,824,21,18
3221,824,18,2
3222,824,23,12
3223,824,5,16
3224,824,3,18
3225,825,2,0
3226,826,0,13
3227,826,13,0
3228,826,18,10
3229,826,10,20
3230,827,7,16
3231,827,11,7
3232,828,17,2
3233,828,16,2
3234,828,15,23
3235,828,23,13
3236,829,23,11
3237,829,9,1
3238,829,18,1
3239,830,12,23
3240,830,22,4
3241,830,14,23
3242,830,13,5
3243,830,10,23
3244,830,11,15
3245,830,21,17
3246,831,3,18
3247,831,21,4
3248,831,9,13
3249,832,5,17
3250,832,17,7
3251,833,19,22
3252,833,18,15
3253,833,15,17
3254,834,6,15
3255,834,10,21
3256,834,15,3
3257,834,10,24
3258,835,10,6
3259,835,9,12
3260,835,4,24
3261,836,4,24
3262,836,17,23
3263,836,6,15
3264,837,6,0
3265,837,22,24
3266,837,2,9
3267,838,23,4
3268,838,22,5
3269,839,22,16
3270,839,6,10
3271,839,12,3
3272,839,13,19
3273,839,14,1
3274,839,18,9
3275,839,7,19
3276,840,5,13
3277,840,19,13
3278,841,18,5
3279,841,11,1
3280,841,21,7
3281,841,12,22
3282,841,2,15
3283,841,22,6
3284,842,11,4
3285,842,1,3
3286,842,4,7
3287,842,17,6
3288,842,0,9
3289,843,10,2
3290,843,19,6
3291,843,24,20
3292,843,5,7
3293,843,12,9
3294,843,9,15
3295,844,10,8
3296,844,13,3
3297,844,17,8
3298,844,0,17
3299,844,11,4
3300,844,18,4
3301,845,21,5
3302,845,21,12
3303,845,13,15
3304,846,21,17
3305,846,6,13
3306,846,11,5
3307,846,20,3
3308,846,9,21
3309,846,11,20
3310,846,12,5
3311,846,11,19
3312,846,18,11
3313,846,8,2
3314,846,2,16
3315,847,8,0
3316,847,10,17
3317,847,14,5
3318,847,14,5
3319,848,7,23
3320,848,13,5
3321,849,20,3
3322,849,2,11
3323,850,14,17
3324,850,8,12
3325,850,7,11
3326,850,10,22
3327,851,3,9
3328,852,0,20
3329,852,14,3
3330,852,0,19
3331,852,8,23
3332,852,0,19
3333,852,15,13
3334,853,11,3
3335,853,11,14
3336,854,12,23
3337,855,12,19
3338,855,5,24
3339,855,23,12
3340,855,23,1
3341,855,1,15
3342,855,3,23
3343,855,6,12
3344,855,23,10
3345,856,15,5
3346,856,12,20
3347,856,3,6
3348,857,9,23
3349,857,24,11
3350,857,18,21
3351,857,18,12
3352,858,7,11
3353,858,20,22
3354,858,5,3
3355,858,4,16
3356,858,17,13
3357,858,8,0
3358,859,5,12
3359,859,24,11
3360,859,8,23
3361,860,8,1
3362,860,4,5
3363,860,19,23
3364,860,8,5
3365,861,13,9
3366,861,1,19
3367,861,12,21
3368,861,14,3
3369,861,16,22
3370,863,23,20
3371,863,5,22
3372,863,11,18
3373,863,21,1
3374,863,11,22
3375,863,11,24
3376,863,15,13
3377,863,13,22
3378,864,5,16
3379,864,21,7
3380,865,0,9
3381,865,21,8
3382,865,2,23
3383,865,23,21
3384,865,15,8
3385,865,2,13
3386,865,12,16
3387,865,15,3
3388,866,3,1
3389,866,23,5
3390,866,3,24
3391,866,10,4
3392,867,6,18
3393,867,18,16
3394,867,17,14
3395,868,20,0
3396,868,1,22
3397,868,11,23
3398,868,18,2
3399,869,9,1
3400,869,11,2
3401,869,24,12
3402,869,6,23
3403,869,13,16
3404,869,0,16
3405,870,3,1
3406,870,21,4
3407,870,10,19
3408,870,1,20
3409,871,6,4
3410,871,2,20
3411,871,17,23
3412,872,7,0
3413,872,7,3
3414,872,5,21
3415,873,4,8
3416,873,5,23
3417,873,23,15
3418,873,18,24
3419,874,19,23
3420,874,1,7
3421,874,18,22
3422,874,21,10
3423,875,12,15
3424,876,17,7
3425,876,11,2
3426,876,9,15
3427,877,8,14
3428,877,2,5
3429,877,15,1
3430,877,10,24
3431,877,22,18
3432,878,5,4
3433,878,21,7
3434,878,7,18
3435,878,14,8
3436,879,2,5
3437,880,12,0
3438,880,20,10
3439,880,19,2
3440,880,12,20
3441,881,4,24
3442,881,19,4
3443,882,20,12
3444,882,18,15
3445,882,5,20
3446,883,23,13
3447,883,1,22
3448,883,9,17
3449,883,11,8
3450,883,17,0
3451,884,4,0
3452,884,4,20
3453,884,11,19
3454,884,14,11
3455,884,2,6
3456,886,12,5
3457,886,18,5
3458,887,11,5
3459,887,13,21
3460,887,23,15
3461,887,12,19
3462,887,7,22
3463,887,11,20
3464,887,1,15
3465,888,12,9
3466,888,10,7
3467,888,20,3
3468,888,10,14
3469,888,21,6
3470,888,4,2
3471,888,5,13
3472,889,9,1
3473,889,4,2
3474,890,4,6
3475,890,3,7
3476,890,18,0
3477,891,6,18
3478,891,4,20
3479,891,7,1
3480,891,3,1
3481,893,9,21
3482,893,6,14
3483,893,8,4
3484,894,13,1
3485,894,21,5
3486,895,5,11
3487,895,14,6
3488,895,3,23
3489,896,24,17
3490,896,18,6
3491,896,11,17
3492,896,24,13
3493,896,8,20
3494,896,18,22
3495,897,16,5
3496,897,1,19
3497,897,5,18
3498,898,4,2
3499,898,13,15
3500,898,7,5
3501,898,13,23
3502,898,3,9
3503,899,11,24
3504,899,15,14
3505,899,24,3
3506,899,16,6
3507,900,2,18
3508,900,16,23
3509,900,0,4
3510,900,9,5
3511,900,5,24
3512,900,19,21
3513,901,6,20
3514,901,19,23
3515,901,12,24
3516,901,11,19
3517,902,12,2
3518,902,8,11
3519,902,0,14
3520,902,19,6
3521,902,0,7
3522,903,24,10
3523,903,24,11
3524,903,9,16
3525,904,2,19
3526,904,3,15
3527,904,15,3
3528,905,11,1
3529,906,6,21
3530,906,10,14
3531,906,18,15
3532,906,21,24
3533,906,6,15
3534,906,9,0
3535,907,10,13
3536,907,9,0
3537,907,22,9
3538,908,13,4
3539,908,18,21
3540,908,9,11
3541,908,20,0
3542,909,22,7
3543,909,10,7
3544,909,7,3
3545,909,2,10
3546,910,21,13
3547,910,7,22
3548,910,23,9
3549,911,21,5
3550,912,1,13
3551,912,21,2
3552,912,7,22
3553,913,9,3
3554,913,12,0
3555,913,14,20
3556,913,8,5
3557,913,1,15
3558,914,10,16
3559,914,9,6
3560,914,9,21
3561,914,7,22
3562,915,23,6
3563,915,23,13
3564,915,8,20
3565,915,24,16
3566,915,14,10
3567,916,0,7
3568,916,21,2
3569,916,14,24
3570,916,14,23
3571,916,7,1
3572,916,3,23
3573,917,23,14
3574,917,3,7
3575,917,15,17
3576,917,6,18
3577,917,4,20
3578,918,21,8
3579,918,0,14
3580,918,24,6
3581,918,4,5
3582,919,21,15
3583,919,6,8
3584,920,8,10
3585,920,11,20
3586,920,20,10
3587,920,21,19
3588,920,4,21
3589,920,13,0
3590,921,0,16
3591,921,2,15
3592,921,10,4
3593,921,16,9
3594,921,19,23
3595,921,6,12
3596,921,13,19
3597,921,7,4
3598,922,1,4
3599,922,3,11
3600,922,19,10
3601,922,14,10
3602,923,24,10
3603,923,5,18
3604,924,16,9
3605,924,2,16
3606,924,8,15
3607,925,0,21
3608,925,16,5
3609,925,2,23
3610,925,14,15
3611,925,19,5
3612,925,17,1
3613,925,16,13
3614,926,14,3
3615,926,8,16
3616,927,5,22
3617,927,0,8
3618,927,9,22
3619,928,16,24
3620,928,14,22
3621,929,11,20
3622,929,10,3
3623,929,22,12
3624,929,13,22
3625,929,4,2
3626,930,19,5
3627,930,14,21
3628,930,23,20
3629,930,21,11
3630,931,13,9
3631,931,8,21
3632,931,20,19
3633,931,11,13
3634,932,21,8
3635,933,15,17
3636,933,16,13
3637,934,7,0
3638,934,6,0
3639,934,12,19
3640,935,20,23
3641,935,16,10
3642,935,22,13
3643,935,9,15
3644,935,21,3
3645,935,14,18
3646,936,2,10
3647,936,2,14
3648,937,10,4
3649,937,5,17
3650,937,2,17
3651,937,21,1
3652,937,15,21
3653,938,4,10
3654,938,2,22
3655,938,17,1
3656,938,9,16
3657,938,14,15
3658,938,14,8
3659,938,7,14
3660,938,17,24
3661,938,15,17
3662,939,15,12
3663,939,14,2
3664,939,2,11
3665,939,5,24
3666,939,1,24
3667,939,2,19
3668,939,6,0
3669,939,23,11
3670,940,23,20
3671,940,21,13
3672,940,22,20
3673,940,24,5
3674,940,4,12
3675,941,7,22
3676,941,4,17
3677,941,19,21
3678,941,2,12
3679,941,12,2
3680,941,5,24
3681,942,6,18
3682,942,1,7
3683,942,21,12
3684,942,18,0
3685,942,15,22
3686,942,6,19
3687,942,5,1
3688,942,22,15
3689,942,16,14
3690,942,14,20
3691,943,0,9
3692,943,24,12
3693,943,1,23
3694,944,10,12
3695,944,1,9
3696,944,13,23
3697,944,0,6
3698,944,1,15
3699,944,10,23
3700,944,15,9
3701,945,16,8
3702,945,6,9
3703,945,17,21
3704,945,15,11
3705,946,11,1
3706,947,11,14
3707,947,0,18
3708,947,12,4
3709,947,9,23
3710,947,4,0
3711,948,18,6
3712,948,2,21
3713,948,0,4
3714,948,1,3
3715,949,24,17
3716,949,15,24
3717,950,18,22
3718,951,9,3
3719,951,4,8
3720,951,21,4
3721,951,4,20
3722,951,15,12
3723,951,14,22
3724,953,5,19
3725,953,16,22
3726,953,1,3
3727,953,16,2
3728,953,20,4
3729,954,17,21
3730,954,12,18
3731,954,23,11
3732,954,0,13
3733,954,8,12
3734,955,16,22
3735,955,16,2
3736,955,12,22
3737,955,16,1
3738,955,18,11
3739,955,1,16
3740,955,13,24
3741,956,19,2
3742,956,3,23
3743,956,10,1
3744,956,19,12
3745,957,15,8
3746,957,7,14
3747,957,12,23
3748,958,5,3
3749,958,23,21
3750,958,16,0
3751,958,24,9
3752,958,0,7
3753,959,1,20
3754,959,17,4
3755,959,15,12
3756,959,9,5
3757,960,24,10
3758,960,11,22
3759,960,23,19
3760,960,18,9
3761,960,23,12
3762,960,21,6
3763,960,16,18
3764,961,9,1
3765,961,17,7
3766,961,7,10
3767,961,16,14
3768,961,21,12
3769,962,24,18
3770,962,24,9
3771,962,11,19
3772,963,23,9
3773,963,9,7
3774,963,18,15
3775,963,24,18
3776,963,4,6
3777,963,15,22
3778,963,22,24
3779,963,20,16
3780,964,21,14
3781,965,16,6
3782,965,19,23
3783,966,15,22
3784,966,1,18
3785,967,13,11
3786,968,21,0
3787,969,22,13
3788,969,1,13
3789,969,11,23
3790,969,10,7
3791,969,9,7
3792,970,21,23
3793,970,18,11
3794,970,10,22
3795,970,18,6
3796,970,9,3
3797,970,18,15
3798,971,15,0
3799,971,23,13
3800,971,6,23
3801,971,4,12
3802,971,3,12
3803,971,23,2
3804,971,14,5
3805,971,10,4
3806,972,0,21
3807,972,13,11
3808,972,23,14
3809,972,11,13
3810,973,14,23
3811,973,22,14
3812,973,1,3
3813,973,1,21
3814,973,7,21
3815,973,20,9
3816,974,15,12
3817,974,11,2
3818,975,15,7
3819,975,5,13
3820,975,1,5
3821,975,7,13
3822,975,8,2
3823,975,2,14
3824,975,1,14
3825,976,8,1
3826,976,21,4
3827,976,2,12
3828,976,21,8
3829,977,16,19
3830,977,5,18
3831,977,20,19
3832,977,21,17
3833,977,16,2
3834,977,13,1
3835,977,9,1
3836,977,23,15
3837,978,13,22
3838,978,12,10
3839,978,0,3
3840,978,22,20
3841,979,24,3
3842,979,3,23
3843,980,10,2
3844,980,22,20
3845,980,15,22
3846,980,6,4
3847,980,15,13
3848,980,0,13
3849,981,10,21
3850,981,11,8
3851,981,7,4
3852,981,1,20
3853,981,13,3
3854,981,6,15
3855,981,8,12
3856,981,0,21
3857,981,8,0
3858,981,10,6
3859,982,9,6
3860,982,4,19
3861,982,23,14
3862,983,0,3
3863,983,17,6
3864,983,22,5
3865,983,23,1
3866,983,19,17
3867,984,11,2
3868,984,18,2
3869,984,1,24
3870,984,24,14
3871,984,23,1
3872,984,6,24
3873,985,3,24
3874,986,15,1
3875,986,14,11
3876,986,0,20
3877,988,15,21
3878,989,1,7
3879,989,20,9
3880,989,5,16
3881,990,3,15
3882,990,12,23
3883,990,2,17
3884,990,10,21
3885,991,1,23
3886,991,14,1
3887,991,16,19
3888,991,11,8
3889,991,1,11
3890,991,23,19
3891,992,19,5
3892,992,14,2
3893,992,20,16
3894,992,20,6
3895,992,21,14
3896,993,2,14
3897,993,6,3
3898,993,10,7
3899,993,9,19
3900,993,3,22
3901,993,4,13
3902,994,1,12
3903,994,21,17
3904,995,6,21
3905,995,23,12
3906,995,14,21
3907,995,17,9
3908,995,15,13
3909,996,4,15
3910,996,2,0
3911,996,10,2
3912,996,21,6
3913,996,23,16
3914,996,21,24
3915,997,24,14
3916,997,12,15
3917,998,3,0
3918,998,0,15
3919,998,18,7
3920,999,14,23
3921,999,12,8
3922,999,5,1
3923,999,1,15
3924,999,6,17
3925,1000,21,5
3926,1000,7,1
3927,1000,0,11
3928,1000,14,3
3929,1000,15,8
3930,1000,6,2
3931,1000,8,24
3932,1001,10,13
3933,1001,15,3
3934,1001,14,12
3935,1001,11,19
3936,1001,24,20
3937,1002,4,6
3938,1002,21,17
3939,1003,17,8
3940,1003,4,22
3941,1003,24,0
3942,1004,14,21
3943,1004,0,21
3944,1004,13,5
3945,1004,1,5
3946,1004,1,18
3947,1004,13,23
3948,1004,9,20
3949,1004,0,10
3950,1005,12,16
3951,1005,3,6
3952,1005,6,8
3953,1006,17,24
3954,1006,6,17
3955,1006,7,9
3956,1006,21,1
3957,1006,17,10
3958,1006,1,21
3959,1006,4,10
3960,1006,7,9
3961,1007,8,2
3962,1007,3,24
3963,1007,16,24
3964,1007,24,6
3965,1008,4,1
3966,1008,14,10
3967,1008,7,24
3968,1008,14,3
3969,1008,4,8
3970,1008,19,10
3971,1009,12,15
3972,1010,22,10
3973,1010,3,17
3974,1010,17,19
3975,1010,3,16
3976,1010,14,5
3977,1010,20,1
3978,1010,5,21
3979,1010,6,23
3980,1010,5,22
3981,1010,22,24
3982,1010,13,23
3983,1010,7,23
3984,1011,4,16
3985,1011,21,4
3986,1011,10,16
3987,1011,4,19
3988,1011,0,2
3989,1011,18,2
3990,1011,20,11
3991,1012,20,6
3992,1012,21,0
3993,1012,22,14
3994,1012,23,6
3995,1013,15,12
3996,1013,13,10
3997,1013,18,2
3998,1015,12,22
3999,1015,24,4
4000,1015,24,14
4001,1015,12,14
4002,1016,0,8
4003,1016,12,15
4004,1016,9,23
4005,1016,6,20
4006,1016,7,10
4007,1016,11,20
4008,1017,4,21
4009,1017,17,11
4010,1018,7,15
4011,1018,8,5
4012,1018,12,15
4013,1018,3,5
4014,1018,20,19
4015,1018,11,7
4016,1018,22,9
4017,1019,13,24
4018,1019,16,13
4019,1019,4,16
4020,1019,10,0
4021,1019,7,18
4022,1020,21,2
4023,1020,17,0
4024,1020,18,20
4025,1020,17,24
4026,1020,17,3
4027,1021,11,15
4028,1022,5,18
4029,1023,13,20
4030,1023,4,11
4031,1023,1,17
4032,1024,17,3
4033,1024,19,3
4034,1025,13,23
4035,1025,0,8
4036,1025,2,4
4037,1025,4,6
4038,1026,1,10
4039,1026,17,7
4040,1027,14,12
4041,1027,1,3
4042,1027,7,5
4043,1027,8,24
4044,1027,18,22
4045,1027,19,23
4046,1028,18,7
4047,1028,22,18
4048,1028,9,3
4049,1028,16,13
4050,1028,4,17
4051,1029,5,22
4052,1029,9,3
4053,1030,14,18
4054,1030,20,1
4055,1030,22,6
4056,1030,24,15
4057,1031,5,13
4058,1031,5,17
4059,1031,7,20
4060,1031,21,12
4061,1031,16,6
4062,1032,24,5
4063,1032,16,1
4064,1032,8,22
4065,1032,9,18
4066,1032,11,21
4067,1032,15,18
4068,1032,21,4
4069,1032,12,5
4070,1032,23,12
4071,1033,16,23
4072,1033,5,14
4073,1033,10,23
4074,1034,14,22
4075,1035,2,5
4076,1035,7,0
4077,1035,18,15
4078,1035,9,19
4079,1035,10,3
4080,1036,9,16
4081,1036,19,7
4082,1036,2,23
4083,1036,22,3
4084,1036,18,10
4085,1037,11,14
4086,1037,19,0
4087,1037,3,11
4088,1038,20,24
4089,1038,17,13
4090,1038,1,24
4091,1038,19,5
4092,1039,13,22
4093,1040,8,16
4094,1040,14,0
4095,1040,1,17
4096,1040,4,11
4097,1041,18,2
4098,1041,9,18
4099,1041,4,20
4100,1041,2,13
4101,1041,13,9
4102,1041,14,24
4103,1041,22,9
4104,1042,24,18
4105,1042,23,12
4106,1043,19,3
4107,1043,10,3
4108,1043,20,19
4109,1043,24,2
4110,1043,20,4
4111,1043,18,5
4112,1044,24,20
4113,1044,11,9
4114,1044,20,5
4115,1045,11,4
4116,1045,18,9
4117,1046,8,24
4118,1046,22,13
4119,1046,14,5
4120,1046,18,11
4121,1046,23,7
4122,1047,2,16
4123,1047,11,14
4124,1047,13,23
4125,1047,21,18
4126,1048,8,4
4127,1048,0,17
4128,1048,0,8
4129,1048,22,5
4130,1049,2,18
4131,1049,0,23
4132,1050,18,20
4133,1050,17,14
4134,1050,21,10
4135,1050,19,5
4136,1051,15,9
4137,1052,22,24
4138,1052,16,7
4139,1052,24,1
4140,1052,7,13
4141,1052,18,7
4142,1053,2,18
4143,1053,1,15
4144,1053,7,5
4145,1053,6,14
4146,1053,13,3
4147,1053,6,4
4148,1053,16,12
4149,1054,10,22
4150,1054,4,0
4151,1054,22,0
4152,1054,4,20
4153,1055,22,9
4154,1055,17,21
4155,1055,7,18
4156,1056,0,6
4157,1056,1,5
4158,1057,4,23
4159,1058,3,9
4160,1059,22,3
4161,1059,0,6
4162,1059,2,24
4163,1059,13,24
4164,1059,0,19
4165,1060,1,5
4166,1060,3,1
4167,1060,6,23
4168,1061,22,7
4169,1061,5,2
4170,1061,0,4
4171,1062,0,21
4172,1063,12,21
4173,1063,13,21
4174,1063,24,18
4175,1063,4,5
4176,1063,13,10
4177,1063,12,21
4178,1063,12,23
4179,1064,7,16
4180,1064,17,23
4181,1064,4,15
4182,1064,6,14
4183,1065,18,11
4184,1065,24,8
4185,1066,12,8
4186,1066,7,15
4187,1067,12,1
4188,1067,11,3
4189,1068,20,1
4190,1068,9,23
4191,1068,22,19
4192,1068,11,3
4193,1068,15,2
4194,1068,5,20
4195,1069,12,2
4196,1069,13,0
4197,1069,14,15
4198,1070,8,2
4199,1070,5,15
4200,1070,21,24
4201,1071,20,6
4202,1071,2,24
4203,1072,12,21
4204,1072,7,23
4205,1073,15,4
4206,1073,2,20
4207,1073,16,9
4208,1074,16,2
4209,1074,16,6
4210,1074,22,18
4211,1074,16,9
4212,1074,24,22
4213,1074,13,0
4214,1074,1,8
4215,1075,14,21
4216,1075,21,0
4217,1075,20,2
4218,1076,16,20
4219,1076,20,10
4220,1076,11,4
4221,1077,13,21
4222,1077,10,22
4223,1077,16,20
4224,1077,23,15
4225,1078,21,1
4226,1078,19,3
4227,1078,24,5
4228,1078,19,21
4229,1078,0,4
4230,1078,20,18
4231,1079,20,24
4232,1079,4,1
4233,1079,12,2
4234,1079,23,10
4235,1079,10,24
4236,1080,17,5
4237,1080,7,5
4238,1080,13,10
4239,1080,17,3
4240,1081,24,1
4241,1081,10,2
4242,1081,4,11
4243,1081,0,10
4244,1081,3,18
4245,1082,22,12
4246,1082,14,11
4247,1082,22,5
4248,1082,3,17
4249,1083,10,12
4250,1083,21,2
4251,1083,5,11
4252,1083,22,11
4253,1083,6,21
4254,1083,18,1
4255,1083,10,3
4256,1084,9,20
4257,1084,17,2
4258,1084,8,2
4259,1084,16,4
4260,1084,5,17
4261,1085,4,13
4262,1085,14,17
4263,1085,0,4
4264,1085,11,4
4265,1086,9,21
4266,1088,24,6
4267,1088,3,17
4268,1088,19,0
4269,1089,18,10
4270,1089,13,3
4271,1089,15,19
4272,1089,4,8
4273,1089,1,10
4274,1089,2,6
4275,1089,3,23
4276,1090,15,23
4277,1090,19,22
4278,1090,16,22
4279,1090,18,24
4280,1091,20,3
4281,1091,10,24
4282,1091,19,7
4283,1091,17,7
4284,1091,24,3
4285,1092,1,10
4286,1092,6,3
4287,1092,22,3
4288,1092,20,19
4289,1092,1,7
4290,1093,24,2
4291,1094,14,12
4292,1094,0,18
4293,1094,24,16
4294,1094,4,24
4295,1094,2,8
4296,1095,5,13
4297,1095,0,7
4298,1095,18,21
4299,1095,10,21
4300,1095,18,7
4301,1095,23,9
4302,1096,16,7
4303,1096,15,2
4304,1096,24,1
4305,1096,5,8
4306,1096,19,21
4307,1096,1,24
4308,1097,5,23
4309,1098,13,3
4310,1098,17,21
4311,1098,7,14
4312,1098,13,5
4313,1098,24,2
4314,1098,8,5
4315,1099,14,15
4316,1099,9,18
4317,1099,12,2
4318,1099,23,8
4319,1099,19,0
4320,1099,0,21
4321,1099,2,10
4322,1100,20,6
4323,1100,16,23
4324,1100,24,1
4325,1100,13,6
4326,1100,2,10
4327,1100,20,16
4328,1101,3,23
4329,1101,23,3
4330,1101,19,1
4331,1101,0,3
4332,1101,7,16
4333,1101,1,21
4334,1101,9,24
4335,1101,17,2
4336,1101,24,10
4337,1101,23,3
4338,1102,19,17
4339,1102,2,4
4340,1103,19,8
4341,1103,20,2
4342,1103,4,0
4343,1103,14,1
4344,1104,16,20
4345,1104,15,22
4346,1104,2,12
4347,1104,3,6
4348,1105,8,23
4349,1105,19,9
4350,1105,16,9
4351,1105,11,5
4352,1105,10,4
4353,1105,16,22
4354,1105,14,6
4355,1105,19,11
4356,1106,15,1
4357,1106,6,15
4358,1106,24,8
4359,1106,12,10
4360,1106,21,0
4361,1106,7,18
4362,1106,6,3
4363,1106,2,20
4364,1107,18,12
4365,1107,24,2
4366,1107,5,19
4367,1107,8,15
4368,1107,13,16
4369,1108,2,13
4370,1109,14,23
4371,1109,2,16
4372,1109,21,11
4373,1109,0,9
4374,1109,19,6
4375,1109,10,0
4376,1110,3,7
4377,1110,12,24
4378,1110,6,15
4379,1111,8,17
4380,1111,11,22
4381,1111,20,9
4382,1111,9,15
4383,1111,23,12
4384,1112,21,8
4385,1112,16,12
4386,1112,6,24
4387,1113,6,20
4388,1113,20,23
4389,1113,12,1
4390,1113,16,1
4391,1113,17,5
4392,1114,16,2
4393,1114,4,21
4394,1115,21,8
4395,1115,21,6
4396,1116,0,15
4397,1116,24,9
4398,1117,2,24
4399,1117,13,22
4400,1118,1,16
4401,1118,24,5
4402,1118,4,18
4403,1118,24,16
4404,1119,3,23
4405,1119,11,4
4406,1121,21,4
4407,1121,5,4
4408,1121,7,19
4409,1121,24,11
4410,1121,1,15
4411,1122,10,14
4412,1122,13,2
4413,1122,7,16
4414,1123,7,13
4415,1123,13,22
4416,1123,24,7
4417,1123,24,11
4418,1123,22,13
4419,1123,6,10
4420,1124,14,1
4421,1124,18,11
4422,1124,13,11
4423,1124,6,20
4424,1124,5,9
4425,1125,20,1
4426,1125,9,23
4427,1125,1,18
4428,1125,18,20
4429,1125,0,22
4430,1125,8,21
4431,1126,21,8
4432,1126,0,20
4433,1127,14,8
4434,1127,10,20
4435,1128,15,21
4436,1128,15,2
4437,1128,19,6
4438,1128,16,9
4439,1128,5,7
4440,1128,6,0
4441,1129,10,9
4442,1129,5,2
4443,1129,13,3
4444,1129,19,12
4445,1129,20,22
4446,1129,23,17
4447,1129,9,7
4448,1130,2,21
4449,1132,8,2
4450,1132,19,20
4451,1132,6,22
4452,1132,20,6
4453,1132,13,0
4454,1133,5,19
4455,1133,18,3
4456,1133,7,10
4457,1133,6,10
4458,1134,22,7
4459,1134,11,22
4460,1134,13,17
4461,1134,24,20
4462,1134,16,6
4463,1135,21,11
4464,1135,0,22
4465,1135,7,19
4466,1135,24,22
4467,1136,8,0
4468,1136,15,1
4469,1136,23,9
4470,1136,18,0
4471,1136,21,12
4472,1137,24,16
4473,1137,23,2
4474,1137,20,4
4475,1137,6,0
4476,1138,17,20
4477,1138,21,8
4478,1138,0,9
4479,1138,19,7
4480,1138,22,10
4481,1138,16,3
4482,1139,19,11
4483,1139,19,8
4484,1139,9,13
4485,1139,2,9
4486,1139,23,16
4487,1139,20,16
4488,1140,16,14
4489,1140,10,9
4490,1140,20,3
4491,1140,13,20
4492,1140,7,15
4493,1141,13,22
4494,1141,8,18
4495,1141,22,0
4496,1141,10,1
4497,1142,20,9
4498,1142,20,12
4499,1142,9,12
4500,1142,24,22
4501,1142,23,6
4502,1143,3,21
4503,1143,8,14
4504,1143,14,2
4505,1144,10,7
4506,1144,21,0
4507,1144,0,10
4508,1144,4,15
4509,1144,19,16
4510,1145,15,11
4511,1145,1,16
4512,1145,20,3
4513,1145,8,23
4514,1146,24,21
4515,1146,21,12
4516,1146,7,13
4517,1146,7,14
4518,1146,17,10
4519,1147,9,12
4520,1147,22,6
4521,1147,22,15
4522,1147,11,7
4523,1148,5,16
4524,1148,10,4
4525,1148,4,7
4526,1149,21,3
4527,1149,5,17
4528,1149,2,10
4529,1149,1,17
4530,1149,6,14
4531,1149,7,20
4532,1149,8,4
4533,1150,7,4
4534,1150,19,12
4535,1150,22,2
4536,1150,11,23
4537,1150,22,9
4538,1151,14,16
4539,1152,23,2
4540,1152,0,23
4541,1152,17,13
4542,1152,20,19
4543,1152,3,23
4544,1153,19,16
4545,1153,18,5
4546,1153,11,22
4547,1153,10,16
4548,1154,13,2
4549,1154,0,22
4550,1155,23,13
4551,1155,5,19
4552,1155,7,22
4553,1155,1,21
4554,1156,21,6
4555,1156,6,13
4556,1156,14,0
4557,1157,3,5
4558,1157,4,14
4559,1157,8,2
4560,1157,8,22
4561,1157,14,11
4562,1158,9,23
4563,1158,10,14
4564,1158,6,17
4565,1158,6,20
4566,1159,10,0
4567,1159,23,8
4568,1159,20,16
4569,1159,14,12
4570,1159,18,20
4571,1159,15,6
4572,1159,15,12
4573,1160,14,7
4574,1160,10,2
4575,1160,7,0
4576,1160,20,23
4577,1160,2,8
4578,1160,16,22
4579,1161,17,23
4580,1161,13,20
4581,1162,16,23
4582,1162,8,23
4583,1162,13,15
4584,1162,24,21
4585,1163,5,4
4586,1163,12,5
4587,1164,21,15
4588,1164,6,22
4589,1164,1,19
4590,1164,1,22
4591,1164,12,5
4592,1164,0,19
4593,1164,23,0
4594,1165,0,17
4595,1165,20,24
4596,1166,18,8
4597,1167,5,1
4598,1167,7,14
4599,1167,21,10
4600,1168,13,1
4601,1168,11,7
4602,1168,14,23
4603,1168,14,5
4604,1168,20,2
4605,1168,20,0
4606,1169,16,0
4607,1170,11,22
4608,1170,0,21
4609,1170,18,6
4610,1171,14,15
4611,1171,17,5
4612,1171,0,23
4613,1171,15,7
4614,1172,16,5
4615,1172,10,19
4616,1172,7,10
4617,1172,4,10
4618,1173,20,5
4619,1173,1,12
4620,1173,17,7
4621,1174,13,7
4622,1174,17,4
4623,1174,13,20
4624,1175,13,22
4625,1175,9,17
4626,1175,5,20
4627,1175,21,24
4628,1176,0,12
4629,1176,14,2
4630,1176,23,4
4631,1176,2,11
4632,1176,19,4
4633,1176,13,24
4634,1177,6,21
4635,1177,22,20
4636,1177,7,17
4637,1178,2,13
4638,1178,13,24
4639,1178,5,23
4640,1179,11,21
4641,1179,0,9
4642,1179,13,17
4643,1180,0,6
4644,1180,13,24
4645,1180,4,13
4646,1181,19,8
4647,1181,20,16
4648,1181,4,17
4649,1181,5,9
4650,1181,11,19
4651,1181,8,1
4652,1181,22,11
4653,1182,9,20
4654,1182,17,19
4655,1182,12,14
4656,1182,3,21
4657,1182,9,18
4658,1183,11,14
4659,1183,10,21
4660,1183,7,21
4661,1183,24,3
4662,1184,18,2
4663,1185,13,23
4664,1185,7,15
4665,1185,15,19
4666,1185,20,6
4667,1185,20,16
4668,1186,5,8
4669,1187,23,11
4670,1187,16,1
4671,1187,13,21
4672,1188,21,23
4673,1188,21,2
4674,1188,9,2
4675,1188,8,1
4676,1188,16,10
4677,1189,10,0
4678,1189,10,17
4679,1191,9,6
4680,1193,13,19
4681,1193,20,1
4682,1193,18,4
4683,1193,21,4
4684,1194,1,21
4685,1194,13,5
4686,1195,9,17
4687,1195,19,7
4688,1195,24,22
4689,1195,24,18
4690,1195,24,21
4691,1195,7,24
4692,1196,19,20
4693,1196,3,10
4694,1196,7,4
4695,1196,5,12
4696,1196,11,8
4697,1197,13,22
4698,1197,3,6
4699,1197,12,10
4700,1198,7,24
4701,1198,17,8
4702,1199,3,6
4703,1199,13,6
4704,1199,11,13
4705,1200,6,15
4706,1200,10,23
4707,1200,6,13
4708,1200,21,13
4709,1200,21,0
4710,1201,19,4
4711,1201,7,22
4712,1201,14,24
4713,1201,19,2
4714,1201,16,0
4715,1201,24,18
4716,1202,23,15
4717,1202,9,18
4718,1202,20,1
4719,1202,2,14
4720,1202,17,10
4721,1203,8,1
4722,1203,22,11
4723,1203,1,7
4724,1204,23,6
4725,1205,4,10
4726,1205,21,24
4727,1205,22,13
4728,1205,2,0
4729,1206,12,23
4730,1206,0,21
4731,1206,4,12
4732,1206,1,20
4733,1206,6,0
4734,1206,1,24
4735,1206,22,8
4736,1207,22,8
4737,1207,2,10
4738,1207,16,9
4739,1207,7,5
4740,1207,7,0
4741,1207,13,0
4742,1208,6,3
4743,1208,7,13
4744,1208,1,23
4745,1209,11,21
4746,1209,7,1
4747,1209,21,14
4748,1209,19,6
4749,1210,10,22
4750,1210,6,21
4751,1211,0,10
4752,1211,12,3
4753,1212,13,17
4754,1213,17,13
4755,1213,5,11
4756,1214,0,24
4757,1214,7,21
4758,1214,0,14
4759,1214,16,4
4760,1215,13,9
4761,1215,18,22
4762,1215,21,18
4763,1215,4,23
4764,1215,3,14
4765,1215,10,24
4766,1216,19,22
4767,1216,3,22
4768,1216,17,9
4769,1216,21,12
4770,1216,21,9
4771,1216,22,9
4772,1217,23,14
4773,1217,10,18
4774,1217,5,13
4775,1217,5,2
4776,1217,22,5
4777,1218,6,2
4778,1218,6,0
4779,1218,19,13
4780,1218,16,4
4781,1218,14,11
4782,1218,6,2
4783,1218,6,3
4784,1218,5,12
4785,1219,11,15
4786,1219,23,15
4787,1219,0,2
4788,1219,19,15
4789,1219,24,10
4790,1219,23,11
4791,1220,17,10
4792,1220,16,7
4793,1220,11,3
4794,1221,20,19
4795,1221,20,3
4796,1221,2,6
4797,1221,10,24
4798,1221,5,18
4799,1221,15,1
4800,1222,3,10
4801,1222,7,0
4802,1222,2,14
4803,1222,4,0
4804,1222,23,19
4805,1222,2,20
4806,1223,0,23
4807,1223,15,7
4808,1223,10,21
4809,1224,2,13
4810,1224,2,6
4811,1225,23,0
4812,1225,13,6
4813,1226,0,3
4814,1226,8,2
4815,1226,8,16
4816,1226,13,20
4817,1227,5,8
4818,1227,5,23
4819,1227,4,22
4820,1227,2,0
4821,1228,5,13
4822,1228,8,16
4823,1228,2,5
4824,1228,9,24
4825,1228,14,11
4826,1228,23,21
4827,1228,2,8
4828,1228,2,15
4829,1230,5,3
4830,1230,5,17
4831,1230,19,5
4832,1230,23,4
4833,1230,16,7
4834,1230,7,17
4835,1230,20,7
4836,1231,8,21
4837,1231,24,13
4838,1231,19,20
4839,1231,20,23
4840,1231,3,20
4841,1232,4,23
4842,1233,2,18
4843,1233,21,0
4844,1234,21,0
4845,1234,18,15
4846,1234,19,21
4847,1235,17,24
4848,1235,18,14
4849,1235,19,20
4850,1235,13,7
4851,1236,8,14
4852,1237,16,10
4853,1237,3,0
4854,1237,3,21
4855,1237,13,20
4856,1237,23,19
4857,1238,8,17
4858,1238,19,5
4859,1238,8,20
4860,1238,19,22
4861,1239,2,17
4862,1239,22,2
4863,1239,20,24
4864,1239,6,24
4865,1240,23,12
4866,1240,22,1
4867,1241,20,5
4868,1241,17,10
4869,1241,14,7
4870,1241,13,5
4871,1242,13,5
4872,1242,4,23
4873,1242,18,6
4874,1242,0,9
4875,1242,22,24
4876,1244,23,16
4877,1244,22,18
4878,1245,4,5
4879,1245,7,4
4880,1245,10,12
4881,1245,24,15
4882,1245,10,1
4883,1245,23,14
4884,1245,17,4
4885,1246,5,24
4886,1246,12,2
4887,1246,2,14
4888,1246,5,23
4889,1247,11,5
4890,1247,6,8
4891,1247,19,20
4892,1247,7,24
4893,1247,15,5
4894,1248,6,9
4895,1248,4,10
4896,1248,6,13
4897,1248,20,10
4898,1248,4,11
4899,1249,16,19
4900,1249,24,18
4901,1249,21,11
4902,1249,8,6
4903,1249,4,19
4904,1250,23,14
4905,1250,10,4
4906,1250,15,6
4907,1250,1,8
4908,1250,20,14
4909,1251,10,1
4910,1252,22,18
4911,1252,9,12
4912,1252,21,2
4913,1252,4,2
4914,1252,6,13
4915,1253,0,4
4916,1253,3,24
4917,1253,2,5
4918,1253,17,6
4919,1254,5,12
4920,1254,5,22
4921,1254,0,18
4922,1254,5,14
4923,1254,6,24
4924,1255,8,21
4925,1255,21,14
4926,1255,17,5
4927,1256,23,5
4928,1256,8,17
4929,1256,11,21
4930,1256,23,15
4931,1256,24,7
4932,1256,6,8
4933,1257,4,1
4934,1257,2,9
4935,1257,24,18
4936,1257,21,6
4937,1258,12,5
4938,1258,11,23
4939,1258,10,21
4940,1258,19,7
4941,1258,17,2
4942,1259,6,21
4943,1259,8,12
4944,1259,16,1
4945,1259,22,11
4946,1259,19,12
4947,1259,16,7
4948,1260,12,10
4949,1260,13,0
4950,1260,2,10
4951,1260,4,12
4952,1260,16,13
4953,1260,7,14
4954,1260,23,1
4955,1261,12,23
4956,1261,3,22
4957,1261,8,12
4958,1261,10,16
4959,1261,9,13
4960,1261,14,8
4961,1261,5,11
4962,1262,10,14
4963,1262,5,2
4964,1262,6,17
4965,1262,6,22
4966,1262,2,21
4967,1262,5,17
4968,1262,3,17
4969,1263,18,8
4970,1263,20,7
4971,1263,6,8
4972,1263,20,14
4973,1263,17,2
4974,1264,17,21
4975,1264,3,12
4976,1264,1,19
4977,1265,12,24
4978,1265,16,9
4979,1265,3,11
4980,1266,16,4
4981,1266,4,23
4982,1266,13,23
4983,1266,5,21
4984,1267,3,22
4985,1268,14,1
4986,1268,21,5
4987,1268,17,4
4988,1268,13,10
4989,1268,17,23
4990,1269,9,18
4991,1269,22,3
4992,1269,5,7
4993,1269,12,4
4994,1269,0,4
4995,1269,17,9
4996,1269,20,9
4997,1269,0,15
4998,1270,16,0
4999,1270,14,12
5000,1270,5,22
5001,1270,11,9
5002,1270,1,4
5003,1270,11,13
5004,1270,20,3
5005,1270,14,15
5006,1271,11,2
5007,1271,15,13
5008,1272,12,10
5009,1272,20,8
5010,1272,14,22
5011,1273,7,4
5012,1273,1,5
5013,1273,9,12
5014,1273,22,8
5015,1273,15,19
5016,1273,1,24
5017,1274,17,1
5018,1274,24,17
5019,1274,1,14
5020,1275,7,21
5021,1275,6,18
5022,1275,18,24
5023,1275,19,13
5024,1276,4,22
5025,1277,2,17
5026,1277,5,21
5027,1277,21,10
5028,1277,17,7
5029,1277,0,21
5030,1277,10,13
5031,1278,15,11
5032,1278,9,0
5033,1278,12,2
5034,1278,10,1
5035,1278,9,5
5036,1279,17,1
5037,1279,18,4
5038,1279,15,8
5039,1279,3,6
5040,1280,11,23
5041,1280,22,3
5042,1280,4,7
5043,1280,12,2
5044,1280,7,10
5045,1281,7,21
5046,1281,20,3
5047,1281,6,22
5048,1281,20,7
5049,1282,10,7
5050,1282,17,21
5051,1282,9,12
5052,1282,11,4
5053,1282,13,10
5054,1282,20,17
5055,1283,10,8
5056,1283,23,2
5057,1283,1,18
5058,1283,9,24
5059,1283,0,24
5060,1283,21,5
5061,1284,19,15
5062,1284,10,8
5063,1284,6,21
5064,1284,1,8
5065,1285,2,8
5066,1285,22,2
5067,1285,3,13
5068,1287,1,18
5069,1287,9,23
5070,1287,0,21
5071,1287,6,22
5072,1287,24,12
5073,1287,1,4
5074,1287,10,12
5075,1288,10,24
5076,1288,2,20
5077,1288,0,23
5078,1288,21,19
5079,1288,24,2
5080,1289,11,13
5081,1289,10,2
5082,1290,4,19
5083,1290,16,19
5084,1290,8,18
5085,1290,21,17
5086,1290,21,1
5087,1292,21,9
5088,1292,5,1
5089,1292,20,23
5090,1293,22,2
5091,1293,19,4
5092,1293,7,21
5093,1293,19,9
5094,1294,16,22
5095,1294,22,9
5096,1294,8,4
5097,1294,23,1
5098,1295,20,10
5099,1296,1,16
5100,1296,9,13
5101,1297,6,15
5102,1297,10,6
5103,1297,0,19
5104,1298,24,16
5105,1298,19,16
5106,1298,21,2
5107,1298,3,21
5108,1298,6,22
5109,1299,0,8
5110,1299,5,24
5111,1299,21,12
5112,1299,13,3
5113,1299,20,18
5114,1300,3,18
5115,1301,1,13
5116,1301,20,6
5117,1301,15,7
5118,1301,23,17
5119,1301,6,17
5120,1301,10,19
5121,1302,21,11
5122,1302,0,6
5123,1302,13,24
5124,1302,19,23
5125,1302,8,23
5126,1303,21,4
5127,1303,24,10
5128,1303,10,22
5129,1303,15,23
5130,1303,16,8
5131,1303,15,13
5132,1304,7,1
5133,1305,16,10
5134,1305,2,20
5135,1305,14,5
5136,1305,9,0
5137,1305,5,8
5138,1305,3,15
5139,1306,15,17
5140,1307,15,8
5141,1307,24,1
5142,1307,7,22
5143,1308,3,18
5144,1308,0,6
5145,1308,23,17
5146,1308,0,16
5147,1308,18,11
5148,1308,0,13
5149,1309,16,19
5150,1310,15,5
5151,1310,24,17
5152,1310,5,12
5153,1311,17,6
5154,1311,22,24
5155,1311,8,16
5156,1312,7,20
5157,1312,12,1
5158,1312,12,20
5159,1312,9,1
5160,1312,10,21
5161,1313,16,23
5162,1313,12,16
5163,1313,12,18
5164,1313,5,23
5165,1313,8,2
5166,1313,11,7
5167,1313,21,18
5168,1314,10,17
5169,1314,24,10
5170,1315,7,14
5171,1315,13,4
5172,1315,23,5
5173,1315,17,6
5174,1316,13,16
5175,1317,19,10
5176,1317,20,3
5177,1317,1,15
5178,1318,2,19
5179,1318,8,16
5180,1318,20,19
5181,1319,14,12
5182,1319,2,24
5183,1319,7,13
5184,1319,19,7
5185,1319,9,21
5186,1319,20,22
5187,1319,18,10
5188,1319,0,18
5189,1320,9,13
5190,1320,24,0
5191,1320,6,20
5192,1320,23,6
5193,1320,3,1
5194,1321,7,10
5195,1321,9,2
5196,1321,6,15
5197,1321,2,12
5198,1321,3,0
5199,1322,15,7
5200,1322,5,21
5201,1322,23,21
5202,1323,17,6
5203,1323,24,3
5204,1323,1,22
5205,1323,23,20
5206,1323,1,16
5207,1323,20,19
5208,1324,9,15
5209,1324,1,12
5210,1324,23,7
5211,1324,11,23
5212,1324,6,3
5213,1324,8,21
5214,1325,15,13
5215,1325,8,21
5216,1325,20,5
5217,1325,19,20
5218,1326,17,13
5219,1326,9,15
5220,1326,4,17
5221,1327,14,11
5222,1328,18,0
5223,1328,7,4
5224,1328,18,16
5225,1328,21,8
5226,1329,14,12
5227,1329,2,12
5228,1330,24,17
5229,1330,0,16
5230,1330,20,10
5231,1330,13,15
5232,1330,9,23
5233,1331,13,15
5234,1331,16,0
5235,1332,3,10
5236,1332,12,5
5237,1333,21,15
5238,1333,2,10
5239,1334,12,10
5240,1335,23,5
5241,1335,14,22
5242,1335,14,23
5243,1335,18,6
5244,1336,24,11
5245,1337,0,9
5246,1337,24,20
5247,1337,8,0
5248,1337,17,13
5249,1337,4,2
5250,1337,4,14
5251,1338,17,13
5252,1338,20,6
5253,1338,13,17
5254,1338,22,2
5255,1338,17,13
5256,1338,13,23
5257,1339,23,13
5258,1339,21,19
5259,1339,12,3
5260,1339,17,6
5261,1340,9,5
5262,1340,11,5
5263,1340,6,22
5264,1340,16,1
5265,1340,13,15
5266,1340,22,5
5267,1340,14,11
5268,1341,4,21
5269,1341,3,14
5270,1341,24,2
5271,1341,14,16
5272,1341,7,10
5273,1341,12,5
5274,1341,24,22
5275,1342,2,9
5276,1342,16,4
5277,1342,18,8
5278,1343,1,8
5279,1344,16,7
5280,1344,24,9
5281,1344,24,4
5282,1344,21,14
5283,1345,9,23
5284,1345,2,12
5285,1345,0,13
5286,1345,18,10
5287,1346,14,4
5288,1346,20,6
5289,1346,23,10
5290,1346,7,21
5291,1347,4,22
5292,1347,10,19
5293,1347,11,15
5294,1347,7,16
5295,1347,24,5
5296,1347,15,8
5297,1348,4,17
5298,1349,10,22
5299,1350,4,18
5300,1350,18,4
5301,1350,21,12
5302,1351,3,22
5303,1351,0,3
5304,1351,0,2
5305,1351,13,23
5306,1351,5,24
5307,1351,19,7
5308,1351,19,22
5309,1351,24,10
5310,1351,1,8
5311,1351,7,13
5312,1351,20,22
5313,1352,17,15
5314,1352,0,18
5315,1352,2,12
5316,1353,6,2
5317,1353,22,9
5318,1353,2,0
5319,1355,4,5
5320,1355,0,7
5321,1355,0,15
5322,1355,17,8
5323,1356,9,18
5324,1356,6,4
5325,1356,11,9
5326,1356,24,17
5327,1356,9,16
5328,1356,14,23
5329,1357,0,11
5330,1357,13,21
5331,1357,20,18
5332,1358,22,10
5333,1358,21,10
5334,1358,9,6
5335,1358,1,18
5336,1359,3,23
5337,1359,17,3
5338,1359,1,23
5339,1359,20,16
5340,1360,3,24
5341,1360,1,12
5342,1360,2,20
5343,1360,18,6
5344,1360,0,9
5345,1361,23,5
5346,1361,1,20
5347,1361,21,4
5348,1361,13,9
5349,1361,1,8
5350,1362,2,12
5351,1362,4,18
5352,1362,17,1
5353,1363,14,6
5354,1363,5,3
5355,1364,22,9
5356,1364,1,18
5357,1364,17,24
5358,1364,19,4
5359,1364,10,9
5360,1365,0,17
5361,1365,22,9
5362,1366,18,10
5363,1366,4,22
5364,1366,14,1
5365,1367,22,16
5366,1367,14,23
5367,1367,7,21
5368,1367,20,10
5369,1367,2,20
5370,1368,16,7
5371,1368,6,8
5372,1368,3,17
5373,1368,4,23
5374,1369,1,13
5375,1370,1,3
5376,1370,6,14
5377,1370,4,19
5378,1370,15,22
5379,1370,9,22
5380,1370,19,13
5381,1370,7,5
5382,1371,9,6
5383,1371,24,6
5384,1371,7,22
5385,1371,23,3
5386,1372,10,8
5387,1372,23,2
5388,1372,11,20
5389,1372,9,23
5390,1372,18,3
5391,1372,23,2
5392,1372,23,14
5393,1372,12,19
5394,1372,10,6
5395,1373,14,11
5396,1373,21,7
5397,1373,6,13
5398,1374,23,21
5399,1374,21,24
5400,1375,14,2
5401,1375,22,0
5402,1375,20,2
5403,1375,0,14
5404,1376,10,4
5405,1376,17,1
5406,1377,4,0
5407,1377,10,7
5408,1377,2,23
5409,1377,7,21
5410,1377,8,11
5411,1378,14,18
5412,1378,7,22
5413,1378,3,10
5414,1378,10,7
5415,1379,6,9
5416,1379,20,6
5417,1379,20,18
5418,1379,11,2
5419,1379,8,10
5420,1380,0,24
5421,1381,21,7
5422,1381,5,22
5423,1381,1,12
5424,1381,2,22
5425,1381,5,1
5426,1382,1,24
5427,1382,20,2
5428,1383,3,19
5429,1383,0,16
5430,1383,22,6
5431,1383,11,23
5432,1384,22,4
5433,1384,23,17
5434,1384,14,4
5435,1384,24,6
5436,1385,10,0
5437,1385,7,20
5438,1385,11,5
5439,1385,22,10
5440,1385,6,24
5441,1385,19,1
5442,1385,3,15
5443,1385,8,11
5444,1386,11,22
5445,1386,21,14
5446,1386,4,13
5447,1386,1,5
5448,1386,21,8
5449,1387,22,11
5450,1387,3,12
5451,1387,11,7
5452,1387,17,9
5453,1388,5,24
5454,1388,17,13
5455,1388,14,4
5456,1388,13,11
5457,1388,7,9
5458,1389,1,9
5459,1389,4,1
5460,1389,16,0
5461,1389,12,14
5462,1389,17,4
5463,1389,20,4
5464,1390,5,24
5465,1390,0,12
5466,1391,24,4
5467,1391,3,10
5468,1391,16,20
5469,1391,1,12
5470,1392,6,23
5471,1392,17,9
5472,1393,12,0
5473,1394,6,9
5474,1394,6,12
5475,1394,24,3
5476,1395,11,17
5477,1395,9,17
5478,1395,16,14
5479,1395,20,18
5480,1395,20,8
5481,1395,24,13
5482,1396,2,10
5483,1396,11,17
5484,1397,13,22
5485,1397,0,12
5486,1397,12,10
5487,1397,6,2
5488,1397,7,11
5489,1397,15,3
5490,1397,9,12
5491,1397,6,8
5492,1398,21,18
5493,1398,0,8
5494,1398,5,22
5495,1399,5,15
5496,1399,22,7
5497,1399,5,19
5498,1400,5,15
5499,1400,5,20
5500,1400,16,8
5501,1401,11,14
5502,1401,24,0
5503,1401,4,10
5504,1401,19,0
5505,1402,8,6
5506,1402,21,15
5507,1402,5,17
5508,1403,14,6
5509,1403,15,6
5510,1404,6,14
5511,1404,4,11
5512,1404,22,5
5513,1405,22,19
5514,1406,23,14
5515,1406,2,23
5516,1406,24,18
5517,1406,13,19
5518,1406,14,6
5519,1406,17,4
5520,1407,7,1
5521,1407,1,11
5522,1408,2,12
5523,1408,12,24
5524,1408,5,7
5525,1408,18,22
5526,1408,1,13
5527,1408,23,13
5528,1408,21,2
5529,1408,6,9
5530,1408,20,11
5531,1408,3,0
5532,1409,24,2
5533,1409,16,6
5534,1410,3,23
5535,1410,7,0
5536,1411,17,10
5537,1411,9,21
5538,1412,12,21
5539,1412,18,10
5540,1412,16,9
5541,1412,20,2
5542,1413,10,9
5543,1413,19,17
5544,1413,17,14
5545,1413,17,2
5546,1413,5,13
5547,1413,3,21
5548,1413,15,24
5549,1414,22,10
5550,1414,6,3
5551,1414,4,10
5552,1414,0,9
5553,1414,19,23
5554,1415,2,20
5555,1415,18,2
5556,1415,2,24
5557,1415,11,20
5558,1415,13,0
5559,1416,19,12
5560,1416,2,15
5561,1416,19,3
5562,1417,21,17
5563,1417,19,16
5564,1418,13,23
5565,1419,19,17
5566,1419,2,21
5567,1419,11,20
5568,1420,14,2
5569,1420,2,14
5570,1420,10,18
5571,1420,4,22
5572,1421,23,19
5573,1421,5,22
5574,1421,1,11
5575,1421,0,8
5576,1422,14,21
5577,1422,4,24
5578,1423,21,15
5579,1423,0,24
5580,1423,21,7
5581,1423,8,2
5582,1423,23,13
5583,1423,21,24
5584,1423,12,15
5585,1423,12,2
5586,1423,18,22
5587,1424,20,3
5588,1424,9,23
5589,1424,11,22
5590,1425,2,18
5591,1425,19,15
5592,1425,9,19
5593,1425,6,12
5594,1425,18,7
5595,1426,18,20
5596,1426,15,0
5597,1426,2,14
5598,1426,14,10
5599,1426,5,22
5600,1427,8,5
5601,1427,6,18
5602,1427,5,14
5603,1427,23,12
5604,1427,16,22
5605,1427,9,21
5606,1427,22,16
5607,1427,12,23
5608,1428,18,6
5609,1428,15,11
5610,1428,23,11
5611,1429,17,3
5612,1429,19,8
5613,1429,13,7
5614,1430,3,1
5615,1430,6,3
5616,1430,21,12
5617,1430,15,2
5618,1430,14,18
5619,1430,11,14
5620,1430,3,16
5621,1430,1,4
5622,1430,18,14
5623,1431,8,14
5624,1431,17,8
5625,1431,2,6
5626,1431,2,13
5627,1431,6,21
5628,1431,3,7
5629,1432,15,22
5630,1432,21,10
5631,1432,7,23
5632,1432,3,21
5633,1433,8,1
5634,1434,3,6
5635,1434,21,24
5636,1434,6,17
5637,1435,1,8
5638,1435,6,17
5639,1436,11,5
5640,1436,9,12
5641,1436,22,19
5642,1436,14,8
5643,1437,12,24
5644,1437,20,10
5645,1437,6,8
5646,1437,0,9
5647,1437,1,4
5648,1437,20,18
5649,1438,19,9
5650,1438,20,5
5651,1438,19,15
5652,1438,20,11
5653,1438,14,5
5654,1438,6,22
5655,1438,3,21
5656,1439,11,9
5657,1439,10,4
5658,1439,17,2
5659,1439,9,18
5660,1440,1,15
5661,1440,15,22
5662,1441,17,24
5663,1441,24,16
5664,1441,6,15
5665,1441,1,17
5666,1441,24,15
5667,1441,16,19
5668,1441,24,5
5669,1441,17,4
5670,1442,12,24
5671,1442,11,1
5672,1442,10,6
5673,1443,24,6
5674,1443,8,14
5675,1443,8,2
5676,1443,24,2
5677,1443,14,2
5678,1444,21,7
5679,1444,2,13
5680,1444,13,21
5681,1444,0,8
5682,1444,3,0
5683,1444,0,17
5684,1444,13,9
5685,1444,14,15
5686,1445,21,3
5687,1445,7,13
5688,1445,0,10
5689,1445,20,5
5690,1445,18,21
5691,1445,13,16
5692,1446,24,15
5693,1446,2,10
5694,1446,23,20
5695,1447,22,7
5696,1447,19,3
5697,1447,9,1
5698,1448,17,9
5699,1448,22,8
5700,1448,2,19
5701,1448,0,14
5702,1449,13,11
5703,1449,5,7
5704,1449,17,8
5705,1449,8,14
5706,1449,8,16
5707,1450,11,4
5708,1450,8,19
5709,1450,12,16
5710,1450,22,24
5711,1451,19,3
5712,1452,17,11
5713,1452,24,20
5714,1452,22,3
5715,1452,13,22
5716,1453,11,24
5717,1453,22,1
5718,1454,0,21
5719,1454,23,9
5720,1454,1,18
5721,1454,17,23
5722,1454,23,4
5723,1455,1,9
5724,1455,6,23
5725,1455,15,17
5726,1455,10,4
5727,1455,17,11
5728,1455,4,8
5729,1455,3,15
5730,1456,9,10
5731,1456,22,15
5732,1456,4,24
5733,1457,22,2
5734,1457,16,23
5735,1458,7,14
5736,1458,2,17
5737,1458,19,10
5738,1458,18,7
5739,1459,21,7
5740,1459,2,17
5741,1459,23,14
5742,1459,3,16
5743,1459,17,21
5744,1460,12,22
5745,1460,20,4
5746,1460,1,5
5747,1460,1,11
5748,1460,0,18
5749,1461,11,5
5750,1461,17,8
5751,1461,11,24
5752,1461,8,4
5753,1462,13,11
5754,1462,10,0
5755,1462,1,13
5756,1462,9,6
5757,1462,11,22
5758,1463,23,5
5759,1463,23,2
5760,1463,21,3
5761,1463,8,17
5762,1463,3,0
5763,1463,4,21
5764,1463,11,18
5765,1463,12,20
5766,1463,1,13
5767,1464,4,19
5768,1464,14,17
5769,1464,2,18
5770,1464,21,13
5771,1464,4,6
5772,1464,3,9
5773,1464,9,10
5774,1465,21,24
5775,1465,21,9
5776,1466,14,7
5777,1466,4,23
5778,1466,11,8
5779,1467,2,9
5780,1467,3,1
5781,1468,14,17
5782,1468,20,17
5783,1468,23,3
5784,1469,19,17
5785,1469,2,13
5786,1469,8,4
5787,1469,16,9
5788,1470,0,9
5789,1470,4,2
5790,1470,13,1
5791,1470,1,10
5792,1471,5,9
5793,1471,11,20
5794,1471,23,6
5795,1471,2,4
5796,1471,16,23
5797,1471,20,23
5798,1471,5,12
5799,1471,21,11
5800,1472,5,12
5801,1472,21,3
5802,1472,23,20
5803,1472,0,4
5804,1473,22,8
5805,1473,8,22
5806,1473,19,0
5807,1473,2,21
5808,1473,15,0
5809,1473,24,22
5810,1473,9,13
5811,1473,11,1
5812,1474,10,19
5813,1474,23,12
5814,1475,17,6
5815,1477,11,7
5816,1477,13,16
5817,1477,12,24
5818,1477,13,10
5819,1477,22,4
5820,1477,1,9
5821,1477,19,6
5822,1478,22,8
5823,1478,19,0
5824,1478,18,22
5825,1478,17,3
5826,1478,1,18
5827,1478,13,3
5828,1478,17,10
5829,1478,20,19
5830,1478,17,2
5831,1479,7,14
5832,1479,16,5
5833,1479,10,18
5834,1479,11,14
5835,1480,5,18
5836,1480,20,10
5837,1480,6,14
5838,1480,24,0
5839,1480,18,4
5840,1480,24,3
5841,1481,18,20
5842,1481,7,20
5843,1481,3,24
5844,1481,22,16
5845,1481,13,21
5846,1482,15,9
5847,1482,4,8
5848,1482,7,3
5849,1482,4,5
5850,1482,3,10
5851,1482,21,3
5852,1483,3,10
5853,1483,14,17
5854,1483,1,16
5855,1483,23,5
5856,1483,24,6
5857,1484,24,0
5858,1484,5,4
5859,1484,14,10
5860,1484,4,12
5861,1484,24,21
5862,1485,10,1
5863,1485,1,18
5864,1485,19,17
5865,1485,10,18
5866,1485,19,13
5867,1486,19,8
5868,1486,17,9
5869,1486,8,18
5870,1486,16,24
5871,1487,4,23
5872,1487,3,20
5873,1487,6,0
5874,1487,18,5
5875,1488,4,6
5876,1488,3,7
5877,1488,8,21
5878,1488,16,10
5879,1489,16,4
5880,1489,20,7
5881,1489,20,14
5882,1489,13,9
5883,1489,11,21
5884,1489,14,3
5885,1489,24,15
5886,1490,4,16
5887,1490,20,4
5888,1490,19,16
5889,1490,4,10
5890,1491,7,24
5891,1492,18,8
5892,1492,21,11
5893,1492,6,24
5894,1492,16,4
5895,1493,17,3
5896,1493,6,12
5897,1493,24,15
5898,1493,14,17
5899,1494,5,16
5900,1494,21,13
5901,1494,7,1
5902,1495,19,1
5903,1495,1,9
5904,1495,0,10
5905,1495,12,6
5906,1498,2,23
5907,1498,3,23
5908,1498,20,18
5909,1498,10,1
5910,1498,5,9
5911,1499,1,13
5912,1499,6,9
5913,1499,15,22
5914,1499,13,4
5915,1499,8,16
5916,1499,17,4
5917,1500,3,10
5918,1500,23,4
5919,1500,9,15
5920,1500,9,3
5921,1500,22,4
5922,1500,20,6
5923,1500,21,18
5924,1500,10,14
5925,1501,0,23
5926,1501,1,16
5927,1502,14,1
5928,1502,23,10
5929,1503,17,19
5930,1503,3,22
5931,1504,22,12
5932,1504,22,15
5933,1504,0,23
5934,1505,19,17
5935,1506,8,21
5936,1507,7,3
5937,1508,6,10
5938,1509,12,19
5939,1509,8,20
5940,1509,3,11
5941,1509,0,23
5942,1509,23,13
5943,1510,1,12
5944,1510,15,14
5945,1510,19,4
5946,1511,1,11
5947,1511,0,4
5948,1511,24,2
5949,1512,0,24
5950,1512,23,1
5951,1512,6,21
5952,1513,13,11
5953,1513,21,1
5954,1513,22,19
5955,1513,5,21
5956,1513,4,11
5957,1513,4,7
5958,1514,18,10
5959,1514,10,12
5960,1515,23,3
5961,1515,22,8
5962,1515,19,3
5963,1515,11,7
5964,1515,10,1
5965,1515,19,23
5966,1515,0,22
5967,1515,6,20
5968,1515,12,16
5969,1515,7,17
5970,1515,7,9
5971,1516,20,6
5972,1516,4,14
5973,1517,21,3
5974,1517,15,19
5975,1517,23,6
5976,1517,13,4
5977,1517,22,16
5978,1517,5,8
5979,1517,16,5
5980,1517,5,22
5981,1517,2,9
5982,1518,16,19
5983,1518,11,20
5984,1518,18,1
5985,1518,1,13
5986,1519,10,4
5987,1519,14,20
5988,1519,4,6
5989,1519,9,17
5990,1519,9,23
5991,1519,22,12
5992,1519,6,22
5993,1519,12,2
5994,1521,13,7
5995,1521,5,2
5996,1521,5,9
5997,1521,2,24
5998,1522,18,5
5999,1522,14,0
6000,1522,24,15
6001,1522,5,3
6002,1522,23,9
6003,1523,21,19
6004,1523,10,7
6005,1523,4,17
6006,1523,11,3
6007,1524,12,24
6008,1524,23,2
6009,1524,11,4
6010,1524,17,9
6011,1525,23,4
6012,1525,13,1
6013,1525,21,19
6014,1526,11,2
6015,1526,4,23
6016,1526,13,19
6017,1526,21,4
6018,1526,15,2
6019,1527,19,21
6020,1527,12,14
6021,1527,7,9
6022,1527,23,8
6023,1527,9,24
6024,1527,24,18
6025,1527,2,24
6026,1527,15,1
6027,1527,6,24
6028,1528,1,9
6029,1528,5,22
6030,1528,23,9
6031,1529,13,9
6032,1529,8,22
6033,1529,21,14
6034,1529,23,1
6035,1529,0,11
6036,1529,17,19
6037,1530,24,3
6038,1530,14,11
6039,1530,13,2
6040,1532,24,9
6041,1532,15,12
6042,1533,9,13
6043,1533,8,6
6044,1533,21,12
6045,1533,6,19
6046,1534,12,21
6047,1535,4,1
6048,1535,23,13
6049,1535,8,2
6050,1535,4,6
6051,1536,5,1
6052,1536,15,18
6053,1536,20,11
6054,1536,17,24
6055,1537,21,17
6056,1538,15,14
6057,1538,16,19
6058,1538,13,17
6059,1538,21,4
6060,1539,14,20
6061,1539,5,17
6062,1539,20,0
6063,1539,7,17
6064,1539,4,24
6065,1539,5,15
6066,1540,0,2
6067,1540,5,3
6068,1541,3,11
6069,1541,15,19
6070,1541,3,24
6071,1541,3,15
6072,1541,11,8
6073,1541,19,3
6074,1542,17,15
6075,1542,5,16
6076,1542,4,10
6077,1543,24,7
6078,1543,4,2
6079,1544,22,15
6080,1545,5,7
6081,1545,4,2
6082,1545,22,24
6083,1545,3,9
6084,1545,6,9
6085,1545,11,7
6086,1546,2,5
6087,1547,18,10
6088,1547,13,1
6089,1547,8,18
6090,1548,17,15
6091,1548,23,8
6092,1548,7,13
6093,1548,9,15
6094,1548,3,1
6095,1549,3,24
6096,1549,14,18
6097,1549,22,18
6098,1549,3,23
6099,1549,2,14
6100,1549,7,11
6101,1549,0,7
6102,1549,12,24
6103,1549,15,12
6104,1550,21,19
6105,1550,1,15
6106,1550,15,7
6107,1550,17,23
6108,1550,9,18
6109,1551,18,6
6110,1551,21,0
6111,1551,22,12
6112,1551,6,2
6113,1551,2,10
6114,1552,4,15
6115,1552,20,22
6116,1552,13,4
6117,1552,18,3
6118,1552,9,16
6119,1552,22,8
6120,1552,0,14
6121,1553,11,0
6122,1553,5,9
6123,1553,20,24
6124,1553,8,2
6125,1554,19,15
6126,1554,15,21
6127,1554,16,22
6128,1555,21,11
6129,1556,23,5
6130,1556,5,13
6131,1557,23,1
6132,1557,24,4
6133,1557,21,6
6134,1557,2,11
6135,1557,22,2
6136,1558,15,7
6137,1558,13,5
6138,1559,10,22
6139,1559,11,4
6140,1559,2,5
6141,1560,18,24
6142,1560,2,6
6143,1560,20,24
6144,1560,6,21
6145,1560,2,20
6146,1560,9,6
6147,1561,8,24
6148,1561,5,11
6149,1561,0,6
6150,1561,5,2
6151,1562,2,14
6152,1562,1,15
6153,1562,22,19
6154,1563,3,17
6155,1563,20,11
6156,1563,6,10
6157,1563,2,20
6158,1563,1,14
6159,1564,17,6
6160,1564,5,13
6161,1564,21,5
6162,1564,15,7
6163,1564,17,21
6164,1565,4,22
6165,1565,16,14
6166,1565,14,12
6167,1565,9,13
6168,1565,1,11
6169,1565,22,8
6170,1565,12,22
6171,1565,14,20
6172,1566,19,10
6173,1566,24,18
6174,1567,7,15
6175,1567,24,17
6176,1567,0,22
6177,1567,8,16
6178,1567,20,11
6179,1567,12,2
6180,1568,11,20
6181,1568,5,19
6182,1568,0,24
6183,1569,21,10
6184,1569,12,20
6185,1569,21,7
6186,1569,22,13
6187,1569,15,21
6188,1569,1,21
6189,1569,11,15
6190,1569,12,18
6191,1570,13,22
6192,1570,15,24
6193,1570,6,0
6194,1570,19,2
6195,1571,24,5
6196,1571,22,13
6197,1571,17,9
6198,1571,8,14
6199,1572,15,6
6200,1572,5,14
6201,1573,20,2
6202,1573,2,0
6203,1574,4,10
6204,1574,5,2
6205,1574,0,14
6206,1574,17,9
6207,1574,23,15
6208,1574,1,23
6209,1575,19,8
6210,1575,14,5
6211,1576,16,9
6212,1576,0,20
6213,1576,9,6
6214,1576,5,13
6215,1577,18,14
6216,1577,17,13
6217,1578,4,0
6218,1578,18,16
6219,1578,16,9
6220,1578,23,5
6221,1579,18,21
6222,1579,19,10
6223,1579,10,3
6224,1580,14,4
6225,1580,7,3
6226,1580,23,6
6227,1580,14,12
6228,1580,23,19
6229,1581,22,7
6230,1581,24,12
6231,1581,0,11
6232,1581,6,19
6233,1582,10,24
6234,1582,1,8
6235,1582,4,14
6236,1582,6,10
6237,1582,12,5
6238,1582,17,2
6239,1583,14,6
6240,1583,13,11
6241,1583,19,7
6242,1583,0,19
6243,1584,24,11
6244,1584,13,0
6245,1585,4,1
6246,1585,1,13
6247,1585,11,22
6248,1585,6,18
6249,1585,2,9
6250,1586,14,24
6251,1586,8,10
6252,1586,20,16
6253,1587,21,12
6254,1587,11,22
6255,1588,4,16
6256,1588,24,10
6257,1588,20,9
6258,1589,17,0
6259,1589,17,14
6260,1589,12,23
6261,1589,10,14
6262,1590,6,8
6263,1590,3,14
6264,1590,1,20
6265,1590,6,21
6266,1590,11,15
6267,1590,19,12
6268,1591,23,9
6269,1591,22,13
6270,1592,4,5
6271,1592,12,5
6272,1592,11,0
6273,1592,20,8
6274,1592,15,18
6275,1592,18,14
6276,1593,10,12
6277,1593,13,5
6278,1593,19,3
6279,1593,7,21
6280,1593,8,19
6281,1593,3,6
6282,1594,24,6
6283,1594,13,19
6284,1594,22,12
6285,1594,1,21
6286,1595,22,19
6287,1595,12,14
6288,1595,2,5
6289,1595,1,21
6290,1595,5,16
6291,1595,9,2
6292,1596,5,13
6293,1596,19,11
6294,1597,12,21
6295,1597,1,19
6296,1597,24,21
6297,1597,19,7
6298,1598,15,24
6299,1598,16,2
6300,1598,19,17
6301,1598,8,14
6302,1599,8,15
6303,1599,15,8
6304,1600,13,4
6305,1600,4,0
6306,1600,20,12
6307,1600,19,23
6308,1600,8,12
6309,1601,13,7
6310,1601,0,24
6311,1601,13,11
6312,1601,18,0
6313,1602,24,17
6314,1602,21,6
6315,1604,16,7
6316,1604,2,23
6317,1604,9,3
6318,1604,10,8
6319,1604,10,19
6320,1604,3,19
6321,1604,4,1
6322,1605,11,19
6323,1605,22,1
6324,1605,3,19
6325,1606,18,15
6326,1606,4,18
6327,1606,17,20
6328,1606,24,5
6329,1607,15,1
6330,1607,7,1
6331,1607,7,14
6332,1607,9,21
6333,1607,2,22
6334,1608,4,6
6335,1608,7,9
6336,1608,3,16
6337,1608,14,23
6338,1608,24,4
6339,1609,17,3
6340,1609,13,15
6341,1609,14,20
6342,1609,18,7
6343,1610,8,0
6344,1610,7,5
6345,1610,15,4
6346,1610,5,4
6347,1610,3,5
6348,1611,5,17
6349,1611,19,23
6350,1612,6,0
6351,1613,12,6
6352,1613,21,9
6353,1614,15,8
6354,1614,22,1
6355,1614,20,11
6356,1614,23,8
6357,1615,22,11
6358,1615,3,24
6359,1615,0,12
6360,1615,3,19
6361,1615,23,6
6362,1615,6,10
6363,1615,20,16
6364,1616,9,3
6365,1616,12,23
6366,1616,20,10
6367,1616,6,0
6368,1616,17,24
6369,1617,21,7
6370,1617,16,22
6371,1617,13,5
6372,1618,7,19
6373,1618,22,13
6374,1618,14,7
6375,1619,7,22
6376,1619,9,15
6377,1619,11,17
6378,1619,23,20
6379,1619,8,17
6380,1619,23,0
6381,1619,0,2
6382,1619,19,6
6383,1620,6,22
6384,1620,16,6
6385,1620,21,7
6386,1620,2,12
6387,1620,18,6
6388,1620,24,5
6389,1620,1,12
6390,1620,1,10
6391,1621,23,11
6392,1621,13,9
6393,1621,13,9
6394,1622,19,8
6395,1622,13,19
6396,1622,2,21
6397,1622,8,6
6398,1622,12,3
6399,1622,5,12
6400,1623,14,24
6401,1623,7,16
6402,1623,1,4
6403,1624,3,20
6404,1624,18,24
6405,1625,8,16
6406,1625,14,4
6407,1625,0,4
6408,1626,2,0
6409,1626,4,14
6410,1626,5,18
6411,1626,16,4
6412,1626,0,24
6413,1627,9,12
6414,1628,18,0
6415,1628,14,18
6416,1628,6,21
6417,1628,0,23
6418,1628,12,1
6419,1629,17,9
6420,1629,17,13
6421,1630,15,24
6422,1630,10,7
6423,1631,1,24
6424,1631,23,12
6425,1631,10,22
6426,1631,0,18
6427,1631,16,18
6428,1631,22,14
6429,1631,18,1
6430,1631,21,6
6431,1632,5,23
6432,1632,14,2
6433,1632,8,12
6434,1632,16,9
6435,1632,4,8
6436,1633,18,8
6437,1633,23,19
6438,1633,14,4
6439,1633,6,19
6440,1634,14,3
6441,1634,9,19
6442,1634,0,8
6443,1634,9,18
6444,1634,9,11
6445,1634,13,17
6446,1635,11,19
6447,1636,16,14
6448,1636,12,0
6449,1636,6,24
6450,1636,1,11
6451,1636,19,10
6452,1636,11,0
6453,1637,5,11
6454,1637,10,16
6455,1637,20,3
6456,1637,4,10
6457,1637,6,16
6458,1637,1,7
6459,1638,4,1
6460,1638,23,8
6461,1638,5,16
6462,1638,4,14
6463,1638,22,18
6464,1638,6,24
6465,1639,24,21
6466,1639,23,17
6467,1640,16,19
6468,1640,4,6
6469,1641,22,5
6470,1641,21,12
6471,1641,14,11
6472,1641,1,20
6473,1642,8,6
6474,1642,24,18
6475,1642,19,2
6476,1642,19,3
6477,1643,9,1
6478,1643,8,19
6479,1643,14,3
6480,1643,1,5
6481,1644,11,7
6482,1644,0,19
6483,1644,11,14
6484,1645,6,13
6485,1646,1,16
6486,1647,3,18
6487,1647,22,18
6488,1647,17,2
6489,1648,20,9
6490,1648,17,11
6491,1649,8,20
6492,1649,12,21
6493,1649,9,16
6494,1649,2,0
6495,1650,3,13
6496,1650,3,24
6497,1650,3,20
6498,1651,15,3
6499,1651,19,3
6500,1651,13,9
6501,1651,6,14
6502,1652,9,10
6503,1652,1,5
6504,1653,23,5
6505,1653,16,18
6506,1653,11,7
6507,1653,15,21
6508,1653,2,5
6509,1653,9,22
6510,1653,15,24
6511,1654,0,11
6512,1654,11,19
6513,1654,14,18
6514,1654,4,6
6515,1655,15,24
6516,1655,21,11
6517,1655,0,15
6518,1655,5,1
6519,1655,11,23
6520,1655,2,17
6521,1655,10,19
6522,1656,5,15
6523,1656,4,22
6524,1656,23,11
6525,1656,16,13
6526,1656,3,6
6527,1657,6,0
6528,1657,9,13
6529,1657,16,0
6530,1657,2,9
6531,1657,16,20
6532,1658,17,13
6533,1658,4,7
6534,1658,18,21
6535,1658,15,1
6536,1658,9,12
6537,1658,4,22
6538,1658,8,12
6539,1659,2,13
6540,1659,23,8
6541,1659,9,6
6542,1660,23,12
6543,1660,16,14
6544,1660,19,5
6545,1660,2,19
6546,1661,6,16
6547,1661,1,11
6548,1661,20,18
6549,1661,1,12
6550,1661,13,21
6551,1661,21,17
6552,1661,14,17
6553,1661,23,19
6554,1661,20,1
6555,1661,8,1
6556,1662,0,20
6557,1662,19,20
6558,1662,16,13
6559,1663,16,2
6560,1663,1,17
6561,1664,5,11
6562,1664,20,2
6563,1664,20,5
6564,1664,4,1
6565,1664,1,3
6566,1665,7,4
6567,1665,19,8
6568,1665,0,6
6569,1666,3,21
6570,1666,21,15
6571,1666,19,12
6572,1666,16,8
6573,1666,6,21
6574,1666,3,18
6575,1667,9,20
6576,1668,10,1
6577,1668,12,6
6578,1668,14,1
6579,1668,24,20
6580,1668,3,1
6581,1669,22,18
6582,1669,21,15
6583,1669,15,11
6584,1669,0,2
6585,1670,5,1
6586,1670,13,2
6587,1670,5,19
6588,1670,21,7
6589,1671,5,3
6590,1671,18,9
6591,1671,8,17
6592,1671,16,5
6593,1671,17,19
6594,1671,21,9
6595,1672,23,0
6596,1672,22,1
6597,1672,12,22
6598,1672,21,13
6599,1672,16,19
6600,1672,18,24
6601,1672,18,6
6602,1672,24,21
6603,1672,19,3
6604,1673,1,15
6605,1673,20,8
6606,1673,16,2
6607,1674,20,18
6608,1674,7,15
6609,1675,15,0
6610,1675,8,20
6611,1675,21,12
6612,1675,3,12
6613,1675,19,2
6614,1676,14,3
6615,1676,4,2
6616,1676,12,8
6617,1676,17,10
6618,1677,12,22
6619,1677,7,1
6620,1677,22,10
6621,1677,2,15
6622,1678,7,9
6623,1678,6,24
6624,1678,0,7
6625,1679,2,17
6626,1679,17,21
6627,1679,6,18
6628,1679,10,23
6629,1680,9,0
6630,1680,13,15
6631,1681,16,13
6632,1681,22,24
6633,1681,15,23
6634,1682,8,19
6635,1682,19,10
6636,1682,4,5
6637,1683,13,20
6638,1683,2,16
6639,1683,5,11
6640,1683,19,6
6641,1683,4,18
6642,1684,16,5
6643,1684,14,15
6644,1684,9,19
6645,1684,9,5
6646,1684,17,11
6647,1684,7,4
6648,1684,3,17
6649,1684,1,19
6650,1684,17,2
6651,1685,1,21
6652,1685,13,24
6653,1685,13,20
6654,1686,3,16
6655,1686,16,14
6656,1686,19,15
6657,1686,15,5
6658,1686,19,22
6659,1686,5,14
6660,1687,19,12
6661,1687,3,20
6662,1687,0,24
6663,1687,13,2
6664,1688,3,7
6665,1688,8,16
6666,1688,18,3
6667,1688,6,15
6668,1689,8,1
6669,1690,17,0
6670,1690,7,16
6671,1690,2,10
6672,1690,19,7
6673,1690,18,11
6674,1690,1,22
6675,1690,24,16
6676,1690,10,18
6677,1691,14,7
6678,1691,8,18
6679,1691,2,9
6680,1691,1,5
6681,1692,19,9
6682,1692,16,0
6683,1692,20,11
6684,1693,24,0
6685,1693,14,15
6686,1693,1,12
6687,1693,9,15
6688,1693,7,23
6689,1694,20,17
6690,1694,9,5
6691,1695,1,11
6692,1695,11,13
6693,1695,1,19
6694,1695,11,22
6695,1695,15,13
6696,1695,19,7
6697,1696,14,22
6698,1696,6,15
6699,1696,1,5
6700,1696,5,22
6701,1696,8,4
6702,1696,4,7
6703,1697,2,24
6704,1697,11,5
6705,1697,3,7
6706,1697,18,9
6707,1697,6,13
6708,1697,13,4
6709,1697,6,8
6710,1698,11,21
6711,1698,2,0
6712,1698,7,24
6713,1699,10,12
6714,1699,20,1
6715,1699,13,4
6716,1700,24,5
6717,1700,22,5
6718,1700,21,7
6719,1701,24,8
6720,1701,13,6
6721,1701,1,16
6722,1702,11,19
6723,1702,6,17
6724,1702,16,9
6725,1702,4,7
6726,1702,2,19
6727,1702,7,4
6728,1703,10,8
6729,1704,19,15
6730,1704,7,14
6731,1704,8,22
6732,1704,14,23
6733,1704,17,3
6734,1704,18,3
6735,1706,15,7
6736,1706,12,19
6737,1706,16,10
6738,1706,21,1
6739,1706,17,10
6740,1706,24,4
6741,1706,24,22
6742,1706,24,3
6743,1706,2,5
6744,1706,18,20
6745,1707,12,6
6746,1707,13,22
6747,1707,14,2
6748,1707,17,11
6749,1708,16,4
6750,1708,17,3
6751,1708,6,13
6752,1708,23,16
6753,1708,15,17
6754,1708,1,17
6755,1709,14,22
6756,1709,14,4
6757,1710,1,8
6758,1710,5,2
6759,1710,2,24
6760,1711,7,13
6761,1711,9,20
6762,1712,13,24
6763,1712,1,15
6764,1712,7,4
6765,1713,11,13
6766,1713,23,17
6767,1713,17,3
6768,1714,17,23
6769,1714,4,5
6770,1714,2,23
6771,1715,21,19
6772,1715,4,0
6773,1715,21,2
6774,1716,14,5
6775,1716,24,11
6776,1717,8,12
6777,1717,0,14
6778,1717,23,15
6779,1718,8,4
6780,1719,8,19
6781,1719,22,12
6782,1719,19,2
6783,1719,10,8
6784,1720,22,19
6785,1720,11,15
6786,1720,23,4
6787,1720,19,3
6788,1720,11,18
6789,1720,14,5
6790,1721,14,21
6791,1721,6,0
6792,1721,13,24
6793,1721,22,10
6794,1721,7,11
6795,1722,8,6
6796,1722,2,4
6797,1723,23,11
6798,1723,0,12
6799,1723,14,16
6800,1723,13,16
6801,1724,21,9
6802,1724,20,23
6803,1724,0,4
6804,1725,12,23
6805,1725,11,0
6806,1725,6,8
6807,1725,24,14
6808,1726,13,2
6809,1726,19,7
6810,1726,9,13
6811,1727,9,21
6812,1727,16,7
6813,1727,19,8
6814,1728,0,10
6815,1728,11,21
6816,1728,14,3
6817,1728,5,24
6818,1728,15,2
6819,1728,6,20
6820,1728,21,17
6821,1728,12,24
6822,1729,1,11
6823,1729,0,18
6824,1729,9,11
6825,1730,22,5
6826,1730,12,20
6827,1731,7,18
6828,1731,14,18
6829,1731,1,24
6830,1731,12,0
6831,1732,7,16
6832,1732,14,24
6833,1732,17,23
6834,1732,19,9
6835,1732,11,21
6836,1732,4,14
6837,1732,23,7
6838,1732,14,22
6839,1733,14,17
6840,1733,2,15
6841,1733,1,20
6842,1733,9,6
6843,1734,7,10
6844,1734,12,18
6845,1734,10,13
6846,1734,18,7
6847,1734,6,8
6848,1735,21,0
6849,1735,1,16
6850,1735,4,22
6851,1735,6,17
6852,1735,24,10
6853,1735,23,1
6854,1736,15,5
6855,1736,9,19
6856,1736,19,4
6857,1737,2,8
6858,1737,14,16
6859,1737,18,7
6860,1737,16,20
6861,1737,16,7
6862,1737,13,22
6863,1737,14,22
6864,1737,14,4
6865,1738,24,12
6866,1738,6,4
6867,1738,0,18
6868,1739,19,5
6869,1739,14,10
6870,1740,7,13
6871,1740,13,10
6872,1740,15,7
6873,1740,10,12
6874,1741,17,15
6875,1742,21,0
6876,1742,14,6
6877,1742,11,9
6878,1743,16,22
6879,1743,0,19
6880,1743,2,14
6881,1744,12,20
6882,1744,6,15
6883,1744,15,24
6884,1744,16,9
6885,1744,11,21
6886,1744,2,21
6887,1744,22,3
6888,1745,9,2
6889,1745,8,10
6890,1745,14,15
6891,1745,19,22
6892,1746,23,11
6893,1746,14,16
6894,1746,17,14
6895,1746,5,9
6896,1747,0,19
6897,1747,11,7
6898,1747,13,10
6899,1748,7,13
6900,1749,1,5
6901,1749,8,18
6902,1749,23,20
6903,1750,20,6
6904,1750,13,2
6905,1750,5,18
6906,1750,22,24
6907,1751,14,8
6908,1751,14,0
6909,1751,16,3
6910,1751,7,14
6911,1752,5,2
6912,1752,10,3
6913,1752,14,20
6914,1753,6,17
6915,1753,11,24
6916,1753,23,10
6917,1753,2,15
6918,1753,0,13
6919,1753,4,23
6920,1754,8,14
6921,1754,16,5
6922,1754,0,20
6923,1754,6,9
6924,1754,19,13
6925,1755,4,16
6926,1755,13,1
6927,1755,5,8
6928,1755,19,3
6929,1756,1,20
6930,1756,20,14
6931,1756,5,20
6932,1756,17,15
6933,1756,7,10
6934,1756,13,11
6935,1757,22,19
6936,1757,4,18
6937,1757,8,22
6938,1758,3,23
6939,1758,1,15
6940,1758,15,7
6941,1759,6,16
6942,1759,7,21
6943,1759,13,21
6944,1759,16,13
6945,1759,8,11
6946,1759,12,23
6947,1760,22,15
6948,1760,2,14
6949,1760,1,8
6950,1760,23,7
6951,1761,9,1
6952,1761,9,0
6953,1762,13,16
6954,1762,22,7
6955,1762,11,20
6956,1763,22,4
6957,1763,10,0
6958,1764,2,4
6959,1764,6,15
6960,1764,7,18
6961,1764,10,20
6962,1764,5,8
6963,1765,5,21
6964,1765,4,21
6965,1765,4,5
6966,1765,24,6
6967,1765,21,13
6968,1766,2,21
6969,1766,2,24
6970,1766,19,11
6971,1766,1,17
6972,1766,20,10
6973,1766,22,20
6974,1766,23,0
6975,1767,20,8
6976,1767,2,12
6977,1767,8,10
6978,1767,0,7
6979,1767,19,13
6980,1767,23,16
6981,1768,23,21
6982,1768,1,22
6983,1768,22,19
6984,1769,2,0
6985,1769,23,17
6986,1770,14,6
6987,1770,1,7
6988,1770,2,0
6989,1771,20,24
6990,1772,20,9
6991,1772,20,9
6992,1773,4,10
6993,1773,7,14
6994,1773,1,4
6995,1773,16,8
6996,1774,13,22
6997,1774,7,22
6998,1774,10,9
6999,1774,19,16
7000,1775,5,8
7001,1775,19,23
7002,1775,3,23
7003,1775,20,9
7004,1775,9,23
7005,1776,10,12
7006,1776,13,0
7007,1776,2,15
7008,1776,18,0
7009,1776,8,11
7010,1776,2,10
7011,1777,15,7
7012,1777,23,1
7013,1777,8,20
7014,1777,10,21
7015,1778,5,4
7016,1779,20,5
7017,1779,7,22
7018,1779,0,17
7019,1779,23,4
7020,1780,10,21
7021,1780,3,12
7022,1780,17,19
7023,1781,5,23
7024,1781,19,10
7025,1782,9,5
7026,1782,21,18
7027,1783,20,6
7028,1783,2,16
7029,1783,17,5
7030,1783,22,5
7031,1784,2,12
7032,1784,3,11
7033,1784,21,0
7034,1785,11,1
7035,1785,1,10
7036,1785,20,22
7037,1786,5,15
7038,1786,19,10
7039,1786,21,14
7040,1786,20,17
7041,1786,22,3
7042,1786,21,18
7043,1787,12,9
7044,1787,17,7
7045,1787,19,8
7046,1787,7,16
7047,1787,2,23
7048,1787,24,16
7049,1788,0,12
7050,1788,21,5
7051,1788,10,13
7052,1788,7,0
7053,1789,22,20
7054,1789,8,21
7055,1789,24,10
7056,1791,17,8
7057,1791,24,1
7058,1792,4,22
7059,1792,0,7
7060,1792,11,1
7061,1792,22,3
7062,1793,10,17
7063,1793,24,3
7064,1794,7,5
7065,1794,17,3
7066,1794,12,20
7067,1795,18,24
7068,1795,20,4
7069,1795,20,11
7070,1795,4,24
7071,1795,8,23
7072,1795,15,7
7073,1796,0,22
7074,1796,2,24
7075,1796,5,4
7076,1797,22,14
7077,1797,9,13
7078,1798,12,16
7079,1798,21,11
7080,1798,4,10
7081,1798,20,7
7082,1798,5,19
7083,1798,18,12
7084,1798,12,22
7085,1799,16,14
7086,1799,17,10
7087,1799,21,5
