veh_id,t_depart,origin,dest
0,0,3,22
1,0,23,7
2,1,5,2
3,1,15,19
4,1,11,8
5,1,4,5
6,1,7,0
7,2,24,11
8,2,24,7
9,2,2,12
10,2,4,17
11,2,15,14
12,4,9,16
13,4,6,2
14,4,24,11
15,4,18,24
16,4,18,2
17,4,22,0
18,4,10,6
19,4,8,23
20,4,8,17
21,5,15,8
22,5,24,1
23,6,22,7
24,6,7,3
25,6,23,14
26,7,1,9
27,7,0,16
28,7,23,10
29,8,6,18
30,8,1,4
31,8,15,3
32,8,13,19
33,9,5,15
34,9,12,23
35,9,5,9
36,10,24,11
37,10,16,18
38,10,3,23
39,11,7,16
40,11,11,14
41,11,14,4
42,13,11,5
43,13,15,9
44,13,15,5
45,13,2,9
46,13,14,12
47,13,14,17
48,13,11,21
49,15,20,17
50,15,3,5
51,15,14,21
52,15,7,22
53,15,5,20
54,15,3,21
55,16,6,15
56,16,11,13
57,16,5,2
58,16,16,13
59,16,16,18
60,16,16,7
61,16,10,24
62,16,3,14
63,16,17,13
64,17,19,17
65,17,20,11
66,17,18,24
67,17,23,15
68,17,5,21
69,17,9,22
70,17,23,10
71,17,8,18
72,18,2,22
73,18,2,5
74,18,21,14
75,18,16,24
76,19,21,23
77,19,20,17
78,19,2,4
79,19,17,21
80,19,17,23
81,19,4,10
82,19,0,4
83,19,6,16
84,20,0,16
85,20,6,2
86,20,7,9
87,20,15,23
88,20,9,19
89,21,2,20
90,21,1,24
91,21,13,23
92,21,22,20
93,21,6,8
94,22,5,2
95,22,12,24
96,22,12,22
97,22,10,24
98,22,14,23
99,22,20,4
100,22,0,23
101,22,2,8
102,22,23,12
103,23,13,23
104,23,23,7
105,23,13,1
106,23,1,11
107,23,24,1
108,23,0,15
109,23,1,12
110,24,4,20
111,24,10,13
112,25,2,15
113,25,23,17
114,25,1,7
115,26,4,10
116,26,16,4
117,27,17,0
118,27,22,2
119,27,4,1
120,27,9,11
121,27,14,11
122,28,13,1
123,28,23,14
124,28,13,17
125,29,11,19
126,29,13,24
127,29,13,20
128,29,7,11
129,29,8,2
130,29,21,2
131,29,6,16
132,29,17,8
133,29,16,4
134,30,9,1
135,30,15,21
136,30,6,10
137,30,23,4
138,31,14,0
139,31,16,2
140,31,20,18
141,32,21,19
142,32,0,22
143,32,10,0
144,33,19,3
145,33,19,20
146,33,10,16
147,33,22,19
148,34,11,8
149,34,18,9
150,35,24,13
151,35,22,15
152,36,22,11
153,36,1,8
154,37,20,19
155,37,21,12
156,37,9,12
157,37,13,19
158,37,15,13
159,37,23,15
160,38,6,4
161,38,0,12
162,38,19,7
163,39,2,8
164,40,9,7
165,40,2,18
166,40,19,10
167,40,7,20
168,40,20,0
169,40,22,11
170,40,12,9
171,41,6,19
172,41,17,4
173,41,24,21
174,41,24,9
175,41,23,2
176,42,8,5
177,42,15,19
178,43,2,21
179,43,9,19
180,43,3,22
181,43,3,20
182,44,5,2
183,44,17,6
184,44,8,23
185,44,20,14
186,45,2,16
187,45,15,5
188,45,13,24
189,46,16,6
190,47,0,2
191,47,13,4
192,48,11,24
193,48,14,16
194,48,20,17
195,48,20,6
196,48,23,7
197,48,6,0
198,49,10,4
199,50,14,11
200,50,13,24
201,50,23,13
202,50,14,11
203,51,6,24
204,51,21,7
205,51,16,0
206,52,8,15
207,52,10,8
208,52,13,6
209,52,12,15
210,52,22,12
211,53,0,15
212,53,18,0
213,53,7,1
214,54,22,24
215,54,11,24
216,54,9,7
217,54,6,15
218,54,4,14
219,54,18,14
220,55,17,0
221,55,10,1
222,55,2,0
223,56,24,15
224,56,19,10
225,56,5,1
226,56,4,20
227,56,22,3
228,57,0,9
229,57,9,5
230,57,9,0
231,58,9,19
232,58,11,24
233,59,10,23
234,60,10,18
235,60,14,8
236,60,24,17
237,60,9,11
238,60,8,22
239,60,3,12
240,61,15,19
241,61,17,14
242,61,7,18
243,61,1,14
244,61,19,4
245,61,13,9
246,61,10,4
247,61,14,16
248,62,11,8
249,63,8,16
250,63,8,18
251,64,7,9
252,64,15,24
253,64,24,4
254,64,21,0
255,65,13,7
256,65,2,23
257,65,9,10
258,65,3,7
259,65,17,15
260,65,21,8
261,65,2,4
262,66,3,23
263,66,15,19
264,66,1,19
265,66,14,10
266,66,7,19
267,67,16,7
268,67,1,16
269,67,0,23
270,68,8,5
271,68,6,21
272,68,12,14
273,68,12,3
274,68,18,20
275,69,6,22
276,69,23,5
277,70,10,9
278,70,19,6
279,71,9,0
280,71,10,21
281,71,2,4
282,71,9,15
283,71,15,14
284,71,0,3
285,72,16,24
286,72,24,16
287,72,24,16
288,72,4,15
289,73,23,8
290,73,2,5
291,73,15,19
292,73,1,14
293,74,16,23
294,74,22,5
295,74,13,6
296,74,24,11
297,74,11,1
298,74,17,24
299,74,7,19
300,74,11,9
301,75,0,15
302,75,24,13
303,75,21,19
304,75,9,7
305,76,24,18
306,77,22,1
307,77,4,2
308,77,2,5
309,77,7,13
310,77,16,14
311,77,14,7
312,78,11,17
313,78,20,18
314,78,2,10
315,78,2,16
316,79,19,17
317,79,15,13
318,79,19,21
319,80,0,12
320,80,18,1
321,80,0,15
322,80,10,7
323,80,7,4
324,80,18,5
325,80,6,19
326,81,10,8
327,81,23,16
328,81,0,16
329,81,4,16
330,81,12,19
331,82,10,16
332,82,9,5
333,83,18,3
334,84,12,18
335,84,6,15
336,85,15,6
337,85,3,12
338,85,9,10
339,85,13,0
340,86,5,24
341,86,12,15
342,87,6,13
343,87,24,9
344,87,10,22
345,87,18,2
346,87,16,12
347,87,16,14
348,87,13,15
349,88,14,11
350,88,8,6
351,88,20,24
352,88,17,20
353,88,4,7
354,89,11,4
355,89,13,2
356,89,12,14
357,89,1,10
358,90,20,8
359,90,3,5
360,91,23,15
361,91,24,18
362,91,4,19
363,91,19,20
364,91,8,21
365,93,13,9
366,93,24,21
367,93,1,17
368,93,6,3
369,93,23,8
370,93,24,21
371,94,6,12
372,94,9,3
373,94,1,22
374,95,23,15
375,95,7,4
376,95,1,15
377,95,12,10
378,96,0,6
379,96,2,17
380,96,15,5
381,96,0,23
382,97,6,17
383,97,3,18
384,98,13,3
385,98,24,6
386,98,14,4
387,98,21,13
388,99,2,17
389,99,11,15
390,99,17,11
391,100,22,11
392,101,11,17
393,101,5,15
394,101,15,18
395,102,15,5
396,102,6,2
397,102,19,10
398,102,23,11
399,103,21,6
400,103,19,9
401,103,1,20
402,103,22,3
403,104,22,13
404,104,22,8
405,104,18,6
406,104,13,15
407,105,15,5
408,105,10,16
409,105,17,14
410,105,6,3
411,105,15,3
412,105,1,13
413,105,14,12
414,106,23,17
415,107,8,20
416,107,9,19
417,107,1,9
418,108,5,15
419,108,3,15
420,108,24,17
421,108,21,4
422,109,3,5
423,109,22,7
424,110,6,8
425,110,3,6
426,111,17,10
427,111,9,16
428,111,13,16
429,111,14,7
430,111,23,13
431,111,20,4
432,111,15,23
433,111,8,4
434,112,19,21
435,112,20,4
436,112,14,22
437,113,21,12
438,113,8,22
439,113,18,7
440,113,20,5
441,113,19,6
442,113,9,12
443,113,11,7
444,114,8,18
445,114,23,17
446,114,4,12
447,114,4,5
448,114,13,24
449,115,6,9
450,115,22,3
451,115,9,1
452,116,20,19
453,116,1,3
454,116,14,16
455,117,16,13
456,117,3,23
457,117,21,18
458,117,5,20
459,117,22,7
460,117,1,4
461,118,11,9
462,118,0,17
463,118,9,0
464,118,14,7
465,118,22,1
466,118,7,16
467,118,3,9
468,118,13,6
469,119,13,7
470,119,8,5
471,119,22,9
472,119,19,8
473,119,0,17
474,119,18,8
475,120,20,10
476,120,18,12
477,120,6,20
478,121,17,0
479,121,19,1
480,121,9,22
481,121,2,24
482,122,11,14
483,122,4,6
484,122,15,6
485,122,6,20
486,123,18,11
487,123,10,20
488,123,17,15
489,124,22,11
490,125,14,15
491,125,23,3
492,125,17,14
493,125,18,20
494,125,19,15
495,125,5,2
496,125,19,1
497,125,15,4
498,125,14,2
499,126,9,16
500,126,13,23
501,126,20,0
502,126,21,8
503,127,21,12
504,127,8,12
505,127,3,13
506,128,10,2
507,128,19,3
508,129,19,16
509,129,12,2
510,129,13,15
511,129,1,7
512,130,21,0
513,130,6,14
514,130,17,2
515,130,10,24
516,130,19,6
517,131,13,2
518,131,5,11
519,131,22,3
520,132,16,20
521,132,9,6
522,132,16,1
523,133,2,12
524,133,22,18
525,133,22,3
526,134,14,23
527,134,23,6
528,134,22,24
529,134,11,4
530,134,2,23
531,134,0,4
532,135,20,3
533,135,8,15
534,135,19,22
535,135,4,16
536,136,5,1
537,137,24,1
538,137,23,17
539,137,8,19
540,137,5,14
541,137,24,0
542,138,12,4
543,138,17,8
544,138,24,14
545,138,6,2
546,138,1,20
547,138,9,16
548,138,21,2
549,139,14,12
550,139,2,24
551,139,8,11
552,140,5,16
553,141,23,6
554,141,22,0
555,141,10,16
556,141,17,21
557,141,16,22
558,142,21,10
559,142,8,16
560,142,21,19
561,143,10,17
562,143,8,22
563,143,3,6
564,144,21,23
565,144,8,16
566,144,24,7
567,144,18,2
568,144,18,9
569,144,8,15
570,144,3,19
571,145,4,21
572,145,19,22
573,145,21,13
574,145,5,24
575,146,1,19
576,146,22,9
577,147,2,15
578,148,23,16
579,148,24,16
580,148,18,0
581,148,17,0
582,148,16,22
583,148,22,5
584,148,17,0
585,148,3,19
586,149,12,2
587,149,24,10
588,149,2,19
589,149,12,5
590,149,22,10
591,150,4,14
592,150,21,6
593,150,20,7
594,150,4,20
595,150,5,19
596,151,17,3
597,151,15,17
598,151,15,19
599,151,8,0
600,152,22,2
601,152,16,8
602,152,11,21
603,152,10,0
604,153,17,11
605,153,9,2
606,153,4,6
607,153,15,17
608,153,7,15
609,154,23,12
610,154,10,1
611,154,14,0
612,154,18,11
613,155,21,3
614,155,5,13
615,155,12,4
616,155,11,15
617,156,22,9
618,156,16,23
619,157,24,9
620,157,24,6
621,157,6,8
622,157,10,4
623,157,12,2
624,158,17,0
625,158,7,24
626,158,16,8
627,159,15,13
628,159,17,6
629,159,13,23
630,159,12,22
631,160,23,1
632,160,19,17
633,161,22,20
634,161,19,9
635,161,24,10
636,161,12,16
637,161,15,13
638,161,22,11
639,162,10,12
640,162,11,18
641,162,7,19
642,162,7,19
643,163,15,24
644,163,10,17
645,163,19,7
646,163,20,17
647,163,21,1
648,163,21,17
649,163,6,23
650,163,5,1
651,163,20,3
652,164,5,17
653,164,11,21
654,165,18,1
655,165,6,18
656,165,17,14
657,166,24,22
658,166,19,12
659,166,4,5
660,167,22,20
661,167,4,6
662,167,4,20
663,167,8,6
664,167,5,11
665,167,6,24
666,168,8,18
667,169,22,19
668,170,17,23
669,170,8,23
670,170,15,13
671,170,2,18
672,170,21,5
673,171,10,8
674,171,13,17
675,171,17,2
676,171,4,22
677,171,9,24
678,172,22,3
679,172,14,11
680,172,4,13
681,173,9,10
682,173,17,1
683,173,10,3
684,174,24,13
685,174,12,5
686,175,10,12
687,175,2,4
688,176,2,4
689,177,4,6
690,177,11,3
691,177,15,2
692,177,15,8
693,177,8,24
694,178,24,6
695,178,5,22
696,178,10,2
697,178,11,18
698,178,15,5
699,178,7,14
700,179,10,13
701,180,9,15
702,180,11,19
703,180,12,22
704,180,17,10
705,181,14,7
706,181,17,4
707,181,10,1
708,181,13,15
709,182,1,14
710,182,13,20
711,182,13,3
712,182,9,7
713,182,19,13
714,183,21,2
715,183,7,24
716,183,9,15
717,183,10,22
718,183,16,8
719,183,18,15
720,184,2,0
721,184,11,22
722,185,21,24
723,185,15,18
724,185,11,1
725,186,16,1
726,186,10,16
727,186,12,1
728,187,6,17
729,187,15,22
730,187,10,17
731,188,13,22
732,188,12,22
733,188,10,4
734,188,5,18
735,188,15,24
736,189,14,3
737,189,12,15
738,189,1,20
739,189,22,12
740,190,2,10
741,190,21,3
742,190,19,7
743,190,12,8
744,190,22,19
745,190,19,22
746,191,10,1
747,191,22,0
748,191,17,5
749,191,12,1
750,192,6,12
751,192,17,13
752,192,18,0
753,192,9,21
754,192,2,23
755,193,11,3
756,193,15,4
757,193,17,8
758,193,8,17
759,193,18,12
760,193,19,12
761,193,0,2
762,193,8,1
763,195,19,23
764,195,21,18
765,195,6,15
766,195,16,3
767,196,21,19
768,196,3,24
769,196,16,14
770,197,19,16
771,197,8,19
772,197,12,9
773,198,18,8
774,198,14,12
775,198,23,14
776,198,19,12
777,198,17,21
778,199,11,17
779,199,20,9
780,199,0,24
781,199,2,22
782,200,22,16
783,200,23,5
784,200,5,7
785,200,8,21
786,200,13,2
787,200,9,6
788,201,9,10
789,201,18,1
790,201,9,7
791,201,9,0
792,201,1,17
793,202,2,24
794,202,23,2
795,203,13,11
796,203,5,14
797,203,0,15
798,203,2,10
799,204,6,14
800,204,22,3
801,204,12,19
802,204,9,22
803,204,17,13
804,204,16,14
805,205,24,15
806,205,3,7
807,206,7,14
808,206,8,2
809,206,8,10
810,206,4,14
811,206,22,6
812,206,3,10
813,206,0,21
814,206,19,4
815,207,9,18
816,208,4,11
817,208,16,14
818,208,22,11
819,208,7,22
820,208,10,6
821,209,3,20
822,210,14,6
823,210,11,3
824,210,14,11
825,210,21,24
826,210,13,0
827,210,21,18
828,210,17,6
829,211,11,21
830,211,1,23
831,211,11,3
832,212,12,3
833,212,13,7
834,212,19,6
835,213,12,24
836,213,13,17
837,213,21,7
838,214,20,17
839,214,24,7
840,214,23,14
841,214,5,3
842,215,1,5
843,215,20,6
844,215,16,18
845,215,1,7
846,215,12,18
847,216,19,2
848,216,9,16
849,216,6,20
850,217,18,2
851,218,21,18
852,218,10,19
853,218,14,23
854,218,19,8
855,218,22,0
856,218,23,5
857,219,17,15
858,219,19,10
859,219,23,13
860,219,21,5
861,219,8,10
862,220,19,23
863,220,7,13
864,220,7,4
865,220,16,6
866,220,18,24
867,221,19,7
868,221,9,20
869,221,22,20
870,222,13,20
871,222,2,14
872,223,10,22
873,223,1,12
874,223,1,23
875,223,14,7
876,223,8,6
877,224,20,7
878,224,18,5
879,224,8,23
880,224,4,23
881,225,20,19
882,225,21,11
883,226,0,8
884,226,0,12
885,226,13,3
886,227,13,11
887,227,5,3
888,228,3,12
889,228,20,12
890,228,19,23
891,228,17,11
892,228,14,1
893,228,17,23
894,228,16,0
895,229,20,13
896,229,24,5
897,229,4,13
898,229,24,3
899,230,4,15
900,230,19,23
901,230,11,14
902,230,16,2
903,230,18,16
904,231,7,21
905,231,2,23
906,231,18,20
907,231,20,23
908,232,10,21
909,232,1,22
910,232,8,5
911,232,5,4
912,232,21,10
913,233,18,6
914,233,16,2
915,233,1,19
916,233,19,8
917,234,14,11
918,234,24,11
919,234,23,5
920,234,14,17
921,234,24,12
922,234,9,7
923,235,6,3
924,235,10,1
925,235,2,12
926,236,21,24
927,236,14,2
928,237,0,17
929,237,12,19
930,237,14,22
931,237,2,21
932,238,0,8
933,238,15,24
934,238,2,8
935,238,8,11
936,238,1,23
937,239,24,21
938,239,6,2
939,239,1,11
940,239,13,22
941,239,9,20
942,239,12,8
943,239,12,24
944,240,23,15
945,240,3,17
946,241,22,2
947,241,11,7
948,241,5,8
949,242,8,4
950,243,15,5
951,243,16,9
952,243,19,21
953,243,7,20
954,243,15,12
955,244,8,6
956,244,17,5
957,244,22,3
958,244,19,10
959,244,10,8
960,245,6,2
961,245,5,8
962,245,10,12
963,245,16,10
964,245,12,20
965,245,3,0
966,245,18,6
967,245,1,18
968,246,11,7
969,246,21,5
970,246,7,21
971,247,18,9
972,247,1,5
973,247,18,1
974,247,4,17
975,247,5,8
976,247,7,3
977,247,13,22
978,248,3,19
979,248,24,17
980,248,4,16
981,249,11,14
982,250,9,24
983,250,4,12
984,250,3,21
985,251,1,7
986,251,22,16
987,251,1,21
988,251,19,7
989,251,1,5
990,252,24,2
991,252,22,5
992,252,10,17
993,253,23,3
994,253,24,15
995,253,7,9
996,253,9,7
997,253,9,15
998,254,6,24
999,254,14,15
1000,254,24,12
1001,254,15,17
1002,255,18,4
1003,255,24,11
1004,255,16,7
1005,255,17,8
1006,256,24,6
1007,256,9,0
1008,256,23,0
1009,256,16,2
1010,257,12,10
1011,257,11,19
1012,257,20,2
1013,257,10,9
1014,258,0,20
1015,258,11,3
1016,258,5,16
1017,258,13,1
1018,258,11,4
1019,259,6,4
1020,259,24,0
1021,259,20,24
1022,259,6,17
1023,259,21,12
1024,260,21,5
1025,260,3,11
1026,260,3,7
1027,260,12,4
1028,260,5,12
1029,261,4,11
1030,261,12,14
1031,261,24,14
1032,262,14,2
1033,262,23,12
1034,262,1,17
1035,263,5,2
1036,263,21,10
1037,264,18,8
1038,265,1,3
1039,265,9,17
1040,266,22,13
1041,266,15,14
1042,266,9,15
1043,266,2,17
1044,266,12,20
1045,266,0,14
1046,266,12,14
1047,267,4,2
1048,267,20,14
1049,267,6,18
1050,267,13,4
1051,267,13,16
1052,267,22,7
1053,268,6,13
1054,268,12,3
1055,268,12,22
1056,268,24,4
1057,269,14,17
1058,269,3,6
1059,269,17,11
1060,269,3,16
1061,269,8,19
1062,269,22,10
1063,269,23,5
1064,269,1,12
1065,269,9,24
1066,270,4,16
1067,270,13,16
1068,270,20,3
1069,271,21,13
1070,271,0,18
1071,272,23,21
1072,272,15,2
1073,272,12,6
1074,272,10,21
1075,273,24,12
1076,273,2,8
1077,273,24,10
1078,274,22,2
1079,275,23,7
1080,275,5,20
1081,275,5,9
1082,275,0,6
1083,275,21,19
1084,275,0,15
1085,276,1,14
1086,276,9,18
1087,277,22,19
1088,277,9,19
1089,277,20,22
1090,277,23,5
1091,277,9,5
1092,278,3,10
1093,278,8,21
1094,278,17,10
1095,279,18,20
1096,279,13,4
1097,280,0,13
1098,280,7,18
1099,281,8,11
1100,281,1,11
1101,281,20,12
1102,281,11,7
1103,281,19,4
1104,282,15,6
1105,282,1,17
1106,282,19,17
1107,282,22,7
1108,282,0,10
1109,283,15,3
1110,283,2,19
1111,283,1,4
1112,283,13,11
1113,284,6,20
1114,284,4,12
1115,284,19,16
1116,284,4,22
1117,285,24,16
1118,285,7,11
1119,285,16,4
1120,285,3,14
1121,285,13,5
1122,285,4,18
1123,285,18,10
1124,285,1,11
1125,285,15,0
1126,286,1,21
1127,286,14,21
1128,286,1,3
1129,286,10,9
1130,286,21,23
1131,287,24,10
1132,287,5,17
1133,288,5,18
1134,288,15,6
1135,288,20,24
1136,288,6,9
1137,288,17,13
1138,289,3,24
1139,289,4,13
1140,289,4,24
1141,289,11,13
1142,289,0,7
1143,289,8,20
1144,290,10,16
1145,290,16,14
1146,290,16,10
1147,291,7,21
1148,291,13,21
1149,291,20,14
1150,291,3,16
1151,292,23,20
1152,292,17,15
1153,293,4,20
1154,293,1,11
1155,293,5,1
1156,294,17,15
1157,294,12,5
1158,295,4,2
1159,295,4,11
1160,295,3,18
1161,295,9,12
1162,296,10,16
1163,296,22,10
1164,296,17,2
1165,296,13,9
1166,296,15,21
1167,296,3,14
1168,297,12,22
1169,297,1,15
1170,298,4,2
1171,298,22,4
1172,299,18,9
1173,299,8,1
1174,299,17,7
1175,299,15,24
1176,300,0,7
1177,300,3,13
1178,301,4,20
1179,301,16,24
1180,301,21,3
1181,302,17,11
1182,302,20,18
1183,302,22,24
1184,302,0,17
1185,302,9,2
1186,302,13,9
1187,302,12,22
1188,303,14,0
1189,303,20,10
1190,303,12,1
1191,303,19,2
1192,303,19,20
1193,303,1,14
1194,303,17,10
1195,303,3,0
1196,304,14,3
1197,304,17,1
1198,304,21,17
1199,304,22,6
1200,304,15,2
1201,304,4,23
1202,304,18,8
1203,304,15,23
1204,305,7,1
1205,305,3,19
1206,306,1,14
1207,306,8,17
1208,306,11,24
1209,307,20,22
1210,307,9,18
1211,307,10,14
1212,307,5,19
1213,308,3,21
1214,308,1,7
1215,308,19,10
1216,308,16,1
1217,309,17,4
1218,309,21,19
1219,309,22,19
1220,309,8,17
1221,309,2,23
1222,309,13,10
1223,310,19,6
1224,310,16,23
1225,311,9,1
1226,312,4,19
1227,312,13,21
1228,312,24,1
1229,312,12,16
1230,312,19,17
1231,313,22,6
1232,313,23,19
1233,313,22,6
1234,313,23,2
1235,313,19,17
1236,313,22,20
1237,314,17,8
1238,314,4,11
1239,314,23,12
1240,314,21,12
1241,315,18,21
1242,315,16,2
1243,315,0,4
1244,315,20,13
1245,316,7,15
1246,316,1,23
1247,317,16,20
1248,317,19,1
1249,318,12,8
1250,318,6,3
1251,319,19,6
1252,319,24,11
1253,319,12,3
1254,320,11,8
1255,320,17,21
1256,320,6,16
1257,321,1,5
1258,321,5,13
1259,321,19,23
1260,322,1,10
1261,323,22,5
1262,323,3,22
1263,323,10,1
1264,324,3,1
1265,324,20,13
1266,324,22,20
1267,324,0,3
1268,324,11,21
1269,324,3,9
1270,326,2,11
1271,326,21,7
1272,326,10,14
1273,327,10,18
1274,327,6,24
1275,327,12,16
1276,327,13,20
1277,328,23,16
1278,328,23,16
1279,328,16,20
1280,328,1,24
1281,329,3,14
1282,329,4,14
1283,329,13,2
1284,329,10,13
1285,329,20,18
1286,329,2,4
1287,329,21,0
1288,329,20,3
1289,330,11,4
1290,330,4,24
1291,330,17,19
1292,330,4,21
1293,330,15,5
1294,330,6,2
1295,330,7,15
1296,330,19,11
1297,331,0,17
1298,331,1,5
1299,331,5,3
1300,331,20,17
1301,331,2,17
1302,332,24,10
1303,332,8,19
1304,332,9,21
1305,332,14,21
1306,333,0,13
1307,333,23,7
1308,333,17,2
1309,333,7,0
1310,333,15,9
1311,334,20,3
1312,334,14,22
1313,334,3,10
1314,334,9,18
1315,335,24,13
1316,336,7,22
1317,336,7,22
1318,336,1,5
1319,336,0,18
1320,337,6,8
1321,337,12,23
1322,337,1,14
1323,337,1,19
1324,338,0,22
1325,338,2,9
1326,338,23,12
1327,338,8,0
1328,339,5,9
1329,339,5,9
1330,339,24,12
1331,339,24,6
1332,339,5,21
1333,339,24,10
1334,339,19,4
1335,339,22,2
1336,341,15,9
1337,341,8,18
1338,342,17,23
1339,342,10,7
1340,342,11,20
1341,342,8,22
1342,342,22,24
1343,342,1,22
1344,342,19,11
1345,342,3,9
1346,342,14,12
1347,343,21,9
1348,343,5,9
1349,343,15,19
1350,343,7,3
1351,343,13,6
1352,343,23,11
1353,343,11,13
1354,343,10,21
1355,345,14,22
1356,345,19,2
1357,345,2,11
1358,345,9,1
1359,346,13,2
1360,346,19,16
1361,346,22,5
1362,347,22,2
1363,347,20,8
1364,348,5,7
1365,348,23,0
1366,348,23,14
1367,348,18,3
1368,349,16,23
1369,349,18,15
1370,350,24,21
1371,350,18,21
1372,350,5,13
1373,351,20,18
1374,351,3,13
1375,351,10,8
1376,351,18,4
1377,352,9,15
1378,352,20,8
1379,353,24,0
1380,354,0,2
1381,354,24,18
1382,354,4,15
1383,354,14,5
1384,355,6,24
1385,355,7,17
1386,355,17,11
1387,355,10,22
1388,355,7,16
1389,355,3,19
1390,356,15,19
1391,356,14,20
1392,356,15,0
1393,356,12,6
1394,357,7,23
1395,357,0,2
1396,357,7,24
1397,357,14,11
1398,357,19,0
1399,357,0,23
1400,357,2,18
1401,357,24,5
1402,357,21,6
1403,358,11,8
1404,358,0,14
1405,358,7,13
1406,358,21,19
1407,359,7,5
1408,359,11,8
1409,359,14,24
1410,360,13,20
1411,360,1,16
1412,360,10,16
1413,360,1,4
1414,361,14,11
1415,361,6,19
1416,361,23,21
1417,361,0,8
1418,362,1,23
1419,362,4,18
1420,362,24,4
1421,362,2,18
1422,363,5,15
1423,364,1,20
1424,364,5,17
1425,364,5,12
1426,364,10,16
1427,364,3,14
1428,365,16,20
1429,365,16,6
1430,366,4,0
1431,366,17,2
1432,366,2,11
1433,367,3,9
1434,367,8,5
1435,367,5,12
1436,368,5,23
1437,368,11,14
1438,368,3,20
1439,369,8,19
1440,370,8,2
1441,370,24,10
1442,370,2,23
1443,370,9,20
1444,370,0,11
1445,370,8,14
1446,371,10,0
1447,371,15,9
1448,372,19,17
1449,372,21,3
1450,372,19,22
1451,372,24,2
1452,372,10,20
1453,372,23,16
1454,372,4,20
1455,372,4,2
1456,373,14,0
1457,373,4,18
1458,373,5,4
1459,373,3,11
1460,373,18,1
1461,373,1,13
1462,373,11,2
1463,373,6,16
1464,373,3,6
1465,374,18,11
1466,374,24,21
1467,374,22,1
1468,374,12,1
1469,375,11,14
1470,375,20,5
1471,375,0,13
1472,375,1,7
1473,376,2,5
1474,376,5,7
1475,376,7,23
1476,376,24,18
1477,376,22,4
1478,376,21,13
1479,376,4,13
1480,377,20,6
1481,377,14,24
1482,377,22,3
1483,377,23,19
1484,378,1,19
1485,379,18,16
1486,379,24,3
1487,380,22,1
1488,380,10,13
1489,380,12,6
1490,380,16,6
1491,381,2,19
1492,381,8,21
1493,381,21,12
1494,381,17,7
1495,381,18,12
1496,381,17,5
1497,382,18,5
1498,382,5,21
1499,382,17,24
1500,382,16,9
1501,382,14,3
1502,383,18,2
1503,384,5,16
1504,384,4,0
1505,384,7,5
1506,384,21,9
1507,384,17,1
1508,384,23,21
1509,384,10,8
1510,385,3,9
1511,386,23,11
1512,386,17,14
1513,386,13,6
1514,387,24,8
1515,387,23,7
1516,387,1,15
1517,387,4,5
1518,388,10,9
1519,388,13,5
1520,388,11,2
1521,388,20,1
1522,388,1,4
1523,389,5,3
1524,389,5,8
1525,390,15,7
1526,390,23,2
1527,390,16,9
1528,390,14,22
1529,390,17,4
1530,390,24,21
1531,391,18,10
1532,391,13,4
1533,392,3,24
1534,392,8,17
1535,392,12,15
1536,392,22,9
1537,392,8,5
1538,392,8,14
1539,392,20,8
1540,392,11,19
1541,393,6,10
1542,393,24,0
1543,393,24,18
1544,394,1,24
1545,394,23,20
1546,394,8,24
1547,394,12,0
1548,395,20,7
1549,395,23,7
1550,395,8,20
1551,395,21,3
1552,395,13,19
1553,395,14,22
1554,395,10,23
1555,396,20,9
1556,396,16,9
1557,396,15,13
1558,397,2,13
1559,397,11,20
1560,397,6,13
1561,397,6,18
1562,397,24,22
1563,398,8,19
1564,398,10,4
1565,398,4,5
1566,398,24,14
1567,398,13,7
1568,398,20,13
1569,398,1,23
1570,399,17,10
1571,400,15,12
1572,400,2,9
1573,400,24,17
1574,400,11,8
1575,402,17,19
1576,402,15,11
1577,402,3,18
1578,402,5,11
1579,403,2,10
1580,403,8,15
1581,403,16,7
1582,403,2,16
1583,404,17,0
1584,404,24,12
1585,404,19,3
1586,404,16,7
1587,404,2,20
1588,404,1,10
1589,404,9,18
1590,404,17,8
1591,404,8,12
1592,404,2,4
1593,405,19,0
1594,405,19,17
1595,406,1,4
1596,406,12,6
1597,406,18,16
1598,406,11,13
1599,406,6,16
1600,407,6,22
1601,407,11,17
1602,407,9,13
1603,407,4,21
1604,408,16,0
1605,408,14,11
1606,408,24,14
1607,408,16,20
1608,409,22,8
1609,409,24,12
1610,409,7,4
1611,410,11,3
1612,410,12,4
1613,410,12,16
1614,410,23,9
1615,410,10,23
1616,411,24,18
1617,411,18,4
1618,411,19,12
1619,411,19,12
1620,412,22,7
1621,412,17,23
1622,413,10,13
1623,413,0,3
1624,413,1,3
1625,413,0,14
1626,414,16,3
1627,414,9,18
1628,414,16,3
1629,414,4,22
1630,414,22,16
1631,414,12,4
1632,415,18,15
1633,415,16,4
1634,415,6,21
1635,415,18,12
1636,415,18,16
1637,416,15,1
1638,416,12,9
1639,416,17,14
1640,416,15,0
1641,416,24,0
1642,416,11,15
1643,416,21,3
1644,416,5,9
1645,417,5,12
1646,417,13,21
1647,418,17,14
1648,418,0,3
1649,418,4,20
1650,418,1,3
1651,419,9,18
1652,419,4,2
1653,419,10,18
1654,419,23,4
1655,419,8,0
1656,419,24,0
1657,420,15,24
1658,420,19,15
1659,420,3,7
1660,421,14,11
1661,421,5,24
1662,422,3,13
1663,422,18,11
1664,422,14,8
1665,423,6,23
1666,423,3,22
1667,423,18,12
1668,423,15,6
1669,423,17,24
1670,424,16,10
1671,424,15,21
1672,424,18,1
1673,424,14,23
1674,424,18,1
1675,424,12,0
1676,425,22,3
1677,425,4,10
1678,425,20,6
1679,426,21,2
1680,426,14,15
1681,427,12,20
1682,427,23,11
1683,427,5,18
1684,427,18,24
1685,427,14,5
1686,428,21,18
1687,428,20,14
1688,428,20,11
1689,428,0,24
1690,428,15,6
1691,429,6,20
1692,429,4,8
1693,429,8,0
1694,429,1,5
1695,429,7,24
1696,430,20,19
1697,430,5,1
1698,430,18,22
1699,430,1,8
1700,431,11,2
1701,431,20,12
1702,431,0,2
1703,431,14,4
1704,431,10,9
1705,431,20,6
1706,431,20,13
1707,431,16,6
1708,432,17,21
1709,432,0,23
1710,432,5,7
1711,432,3,20
1712,433,4,18
1713,433,24,17
1714,433,9,13
1715,434,3,14
1716,434,24,18
1717,434,15,23
1718,435,18,16
1719,435,21,23
1720,435,12,8
1721,436,1,19
1722,436,24,21
1723,437,20,3
1724,437,20,5
1725,437,18,6
1726,437,3,9
1727,438,13,4
1728,438,24,13
1729,438,16,0
1730,439,13,1
1731,439,7,13
1732,439,11,13
1733,439,0,7
1734,440,15,8
1735,440,24,2
1736,441,7,0
1737,441,4,6
1738,441,15,12
1739,441,13,11
1740,441,11,8
1741,441,4,5
1742,442,4,17
1743,443,20,1
1744,443,18,1
1745,443,15,14
1746,444,3,6
1747,444,13,23
1748,444,16,8
1749,444,1,22
1750,444,9,19
1751,444,21,4
1752,445,12,10
1753,445,15,11
1754,445,1,19
1755,445,6,13
1756,445,2,21
1757,445,19,1
1758,446,3,24
1759,446,20,24
1760,446,24,13
1761,446,17,24
1762,447,15,5
1763,447,16,7
1764,447,18,7
1765,447,4,10
1766,448,1,17
1767,448,6,19
1768,448,21,13
1769,448,6,4
1770,448,24,13
1771,448,21,1
1772,448,11,15
1773,448,2,17
1774,448,14,20
1775,448,4,11
1776,449,18,10
1777,449,13,16
1778,450,13,16
1779,450,1,13
1780,450,18,22
1781,450,12,4
1782,451,1,24
1783,451,14,21
1784,451,16,23
1785,451,11,2
1786,451,16,6
1787,451,1,19
1788,452,3,19
1789,452,23,10
1790,452,0,4
1791,453,18,3
1792,453,1,21
1793,453,9,13
1794,453,6,4
1795,453,1,3
1796,454,15,2
1797,455,0,13
1798,455,21,10
1799,455,1,10
1800,456,8,11
1801,456,13,11
1802,456,12,23
1803,456,6,21
1804,456,20,1
1805,456,2,14
1806,457,19,11
1807,457,19,22
1808,457,5,19
1809,457,16,5
1810,458,9,10
1811,458,21,11
1812,458,0,22
1813,458,15,19
1814,458,5,3
1815,458,21,17
1816,461,22,1
1817,461,14,21
1818,461,0,3
1819,462,7,13
1820,462,19,2
1821,462,19,16
1822,463,17,1
1823,463,10,4
1824,463,15,11
1825,463,16,10
1826,463,0,15
1827,463,11,13
1828,464,12,9
1829,464,18,21
1830,464,20,0
1831,464,3,21
1832,465,6,9
1833,465,2,20
1834,465,22,14
1835,465,12,10
1836,465,12,18
1837,465,23,9
1838,466,24,10
1839,466,7,20
1840,466,20,16
1841,466,23,21
1842,466,17,23
1843,466,5,9
1844,467,1,12
1845,467,14,15
1846,467,16,5
1847,468,4,15
1848,469,12,20
1849,469,18,10
1850,469,14,17
1851,469,18,12
1852,469,18,12
1853,469,21,6
1854,470,7,10
1855,470,17,11
1856,470,4,12
1857,471,1,8
1858,471,11,7
1859,471,22,11
1860,471,24,6
1861,471,3,21
1862,471,13,11
1863,472,5,22
1864,472,6,17
1865,472,12,22
1866,473,14,18
1867,474,10,22
1868,474,21,4
1869,474,15,24
1870,475,3,10
1871,475,5,14
1872,475,0,8
1873,475,19,16
1874,476,24,6
1875,476,11,13
1876,476,8,17
1877,477,6,4
1878,477,6,20
1879,477,5,17
1880,478,22,24
1881,478,9,18
1882,478,16,10
1883,478,7,14
1884,479,0,2
1885,479,2,17
1886,479,12,20
1887,480,15,13
1888,480,20,17
1889,480,14,21
1890,480,24,16
1891,480,19,20
1892,480,5,18
1893,481,24,8
1894,481,5,7
1895,481,4,24
1896,481,6,21
1897,482,6,0
1898,482,6,23
1899,482,13,9
1900,482,24,1
1901,482,9,11
1902,482,1,16
1903,483,16,23
1904,483,6,15
1905,483,8,23
1906,483,3,15
1907,484,20,4
1908,484,21,5
1909,484,19,17
1910,485,5,24
1911,485,22,4
1912,485,24,6
1913,486,16,18
1914,486,1,14
1915,486,2,12
1916,486,1,24
1917,487,13,22
1918,488,19,7
1919,488,2,19
1920,488,22,11
1921,488,1,16
1922,488,11,9
1923,488,9,24
1924,488,23,14
1925,488,14,5
1926,489,24,17
1927,489,10,20
1928,490,6,24
1929,490,13,2
1930,490,9,17
1931,490,16,2
1932,490,17,20
1933,491,21,5
1934,491,24,17
1935,492,10,0
1936,492,18,11
1937,492,6,9
1938,492,12,14
1939,492,19,2
1940,493,0,24
1941,493,13,20
1942,493,9,23
1943,493,13,10
1944,494,6,9
1945,494,6,21
1946,494,12,19
1947,495,5,3
1948,495,20,16
1949,495,10,0
1950,495,20,6
1951,496,2,15
1952,497,6,9
1953,497,9,12
1954,497,7,3
1955,497,19,4
1956,498,11,14
1957,498,1,17
1958,498,1,9
1959,498,13,15
1960,498,9,3
1961,498,21,4
1962,498,5,15
1963,498,20,3
1964,499,12,10
1965,499,7,0
1966,500,20,17
1967,500,20,2
1968,500,16,6
1969,500,17,3
1970,500,8,14
1971,501,4,18
1972,501,12,16
1973,501,17,5
1974,502,19,7
1975,502,12,15
1976,503,18,15
1977,503,2,6
1978,503,0,20
1979,503,0,22
1980,504,3,9
1981,504,16,0
1982,504,6,13
1983,504,22,14
1984,504,6,12
1985,504,24,4
1986,504,10,14
1987,505,22,8
1988,505,2,0
1989,505,12,0
1990,505,14,12
1991,506,16,24
1992,506,8,11
1993,506,17,0
1994,507,24,0
1995,507,18,15
1996,507,9,16
1997,507,4,16
1998,508,17,23
1999,508,8,24
2000,508,14,4
2001,509,12,18
2002,509,9,1
2003,509,11,7
2004,510,9,13
2005,511,9,0
2006,511,12,19
2007,511,15,22
2008,512,4,6
2009,512,17,5
2010,512,9,20
2011,512,11,9
2012,512,18,16
2013,513,3,1
2014,513,3,10
2015,513,8,17
2016,514,15,7
2017,514,19,5
2018,514,7,4
2019,514,19,9
2020,514,15,4
2021,515,8,5
2022,515,21,18
2023,515,12,2
2024,516,9,21
2025,516,16,10
2026,516,20,23
2027,516,10,20
2028,516,24,1
2029,516,13,9
2030,517,24,2
2031,517,6,8
2032,518,20,11
2033,519,20,14
2034,519,16,4
2035,519,21,24
2036,519,5,4
2037,519,23,16
2038,520,21,9
2039,521,1,9
2040,521,5,23
2041,522,12,24
2042,522,18,24
2043,522,17,0
2044,523,6,23
2045,523,18,3
2046,523,10,24
2047,524,10,18
2048,524,7,15
2049,524,10,8
2050,524,20,14
2051,524,22,6
2052,525,9,23
2053,525,5,2
2054,525,8,20
2055,525,2,17
2056,526,2,6
2057,526,0,16
2058,526,10,6
2059,526,14,6
2060,526,6,2
2061,527,15,21
2062,527,11,17
2063,527,14,24
2064,528,13,6
2065,528,8,20
2066,528,9,12
2067,528,6,19
2068,528,15,23
2069,528,4,23
2070,529,24,22
2071,529,11,23
2072,529,4,13
2073,529,14,24
2074,529,22,20
2075,529,24,17
2076,530,13,10
2077,530,20,0
2078,530,16,23
2079,530,22,13
2080,530,11,21
2081,531,13,22
2082,531,15,17
2083,531,1,11
2084,532,16,0
2085,532,0,8
2086,532,14,23
2087,532,1,22
2088,532,22,15
2089,533,2,6
2090,534,21,18
2091,534,15,0
2092,534,3,12
2093,534,10,14
2094,534,0,8
2095,535,0,2
2096,535,19,6
2097,535,8,21
2098,535,7,10
2099,535,9,15
2100,536,1,14
2101,536,14,23
2102,537,22,3
2103,537,23,9
2104,537,6,23
2105,537,23,9
2106,538,24,1
2107,538,13,7
2108,538,24,21
2109,538,6,2
2110,538,13,0
2111,539,1,16
2112,539,12,1
2113,539,18,5
2114,539,1,20
2115,540,9,20
2116,541,0,13
2117,541,1,17
2118,542,8,17
2119,542,8,15
2120,542,0,24
2121,543,1,8
2122,543,4,20
2123,543,1,7
2124,543,12,0
2125,544,1,3
2126,544,20,6
2127,545,5,18
2128,545,5,22
2129,545,1,7
2130,546,19,8
2131,547,8,20
2132,547,0,19
2133,547,22,12
2134,548,5,8
2135,548,23,21
2136,548,8,14
2137,549,2,14
2138,549,20,16
2139,549,14,7
2140,550,18,9
2141,550,24,12
2142,550,0,9
2143,550,9,7
2144,551,6,18
2145,551,5,1
2146,551,2,15
2147,552,1,12
2148,552,7,16
2149,552,5,2
2150,552,16,12
2151,552,9,17
2152,553,13,16
2153,553,2,0
2154,553,19,15
2155,554,4,18
2156,554,18,14
2157,554,7,21
2158,554,4,21
2159,554,14,24
2160,554,21,2
2161,555,10,19
2162,555,2,15
2163,555,3,13
2164,556,22,2
2165,556,15,2
2166,556,1,22
2167,557,23,6
2168,557,0,17
2169,557,20,19
2170,557,19,11
2171,557,13,15
2172,557,6,24
2173,558,14,18
2174,558,6,20
2175,558,3,19
2176,558,16,10
2177,559,23,0
2178,559,17,21
2179,560,16,8
2180,560,24,8
2181,560,6,21
2182,560,5,22
2183,560,8,20
2184,560,13,17
2185,561,4,19
2186,561,0,9
2187,562,16,2
2188,562,13,15
2189,562,6,13
2190,563,16,0
2191,563,13,11
2192,563,17,23
2193,564,13,2
2194,565,5,14
2195,565,12,4
2196,565,1,23
2197,565,12,1
2198,565,19,6
2199,565,19,17
2200,566,2,17
2201,566,17,9
2202,566,12,0
2203,566,22,8
2204,566,12,14
2205,567,22,11
2206,567,24,15
2207,567,5,14
2208,567,9,5
2209,567,5,2
2210,567,3,15
2211,568,9,5
2212,568,15,24
2213,569,18,11
2214,569,9,24
2215,570,17,19
2216,570,13,6
2217,570,23,8
2218,571,18,1
2219,573,23,21
2220,574,24,16
2221,574,8,20
2222,574,7,22
2223,574,8,17
2224,575,5,16
2225,575,12,10
2226,575,14,2
2227,576,24,0
2228,576,1,21
2229,576,10,17
2230,577,24,11
2231,577,19,9
2232,579,19,12
2233,579,8,5
2234,580,8,14
2235,580,18,10
2236,580,22,24
2237,581,16,1
2238,581,4,21
2239,581,12,23
2240,582,21,7
2241,582,2,24
2242,582,9,3
2243,582,24,6
2244,583,18,11
2245,583,13,15
2246,583,2,16
2247,583,7,21
2248,584,15,12
2249,584,24,8
2250,584,24,10
2251,584,10,3
2252,584,14,1
2253,584,15,21
2254,585,15,23
2255,586,14,1
2256,587,11,7
2257,587,11,23
2258,587,10,24
2259,587,20,18
2260,587,15,6
2261,588,4,6
2262,589,2,23
2263,589,15,12
2264,589,24,5
2265,589,9,11
2266,590,5,13
2267,590,0,17
2268,590,2,12
2269,590,17,13
2270,590,1,22
2271,590,3,0
2272,590,22,19
2273,590,4,15
2274,591,14,16
2275,591,15,6
2276,591,5,24
2277,591,11,8
2278,591,17,6
2279,591,24,2
2280,591,11,3
2281,592,14,22
2282,592,4,14
2283,592,12,6
2284,592,19,21
2285,592,8,20
2286,592,15,24
2287,592,23,10
2288,592,8,0
2289,592,1,19
2290,592,7,0
2291,593,14,23
2292,593,22,16
2293,593,2,18
2294,594,9,21
2295,594,21,5
2296,594,15,0
2297,595,16,23
2298,595,9,16
2299,595,22,9
2300,595,1,17
2301,596,11,7
2302,596,13,11
2303,596,19,17
2304,596,15,24
2305,596,13,2
2306,597,17,9
2307,597,22,19
2308,598,11,1
2309,598,0,22
2310,598,15,1
2311,598,9,21
2312,598,19,6
2313,599,21,9
2314,599,24,22
2315,599,8,2
2316,599,7,10
2317,600,2,22
2318,600,0,2
2319,601,13,1
2320,601,18,2
2321,601,6,19
2322,601,5,22
2323,601,6,22
2324,602,23,6
2325,602,18,9
2326,602,10,14
2327,602,3,10
2328,603,10,23
2329,603,5,14
2330,603,2,15
2331,603,4,19
2332,604,14,7
2333,604,20,7
2334,604,4,24
2335,605,2,19
2336,605,5,3
2337,605,18,4
2338,606,12,15
2339,606,13,15
2340,606,7,11
2341,606,13,19
2342,606,10,6
2343,606,18,16
2344,607,2,22
2345,607,3,5
2346,607,19,13
2347,607,16,19
2348,607,12,23
2349,607,3,16
2350,608,1,12
2351,608,21,18
2352,608,23,16
2353,609,7,10
2354,610,14,16
2355,610,16,18
2356,610,8,6
2357,611,17,8
2358,611,17,7
2359,611,0,7
2360,611,2,21
2361,611,10,19
2362,612,24,11
2363,612,20,16
2364,612,17,8
2365,612,2,19
2366,612,1,12
2367,612,12,16
2368,612,13,17
2369,613,24,14
2370,613,8,2
2371,613,15,6
2372,614,21,14
2373,614,19,4
2374,614,14,3
2375,615,8,2
2376,615,19,5
2377,615,0,2
2378,615,17,21
2379,616,22,15
2380,616,1,11
2381,616,5,21
2382,616,4,5
2383,617,20,23
2384,618,11,13
2385,618,6,3
2386,619,0,12
2387,619,8,20
2388,619,22,4
2389,619,0,9
2390,619,17,1
2391,620,14,5
2392,620,3,16
2393,620,9,13
2394,620,2,8
2395,621,4,24
2396,621,11,17
2397,622,8,21
2398,622,4,18
2399,622,14,22
2400,622,20,10
2401,623,2,23
2402,623,1,11
2403,623,0,15
2404,624,2,11
2405,624,13,11
2406,625,16,6
2407,625,3,17
2408,625,22,8
2409,625,7,15
2410,625,13,0
2411,626,18,20
2412,626,4,17
2413,626,6,18
2414,626,3,12
2415,626,19,9
2416,627,24,1
2417,627,0,6
2418,627,24,10
2419,627,12,14
2420,628,18,10
2421,628,19,6
2422,628,4,22
2423,629,19,17
2424,629,0,4
2425,629,3,13
2426,629,14,2
2427,629,9,5
2428,630,2,11
2429,630,21,2
2430,630,17,14
2431,630,24,8
2432,631,13,6
2433,631,24,6
2434,631,14,18
2435,632,13,16
2436,632,14,12
2437,632,1,12
2438,632,10,19
2439,632,2,20
2440,632,24,15
2441,632,24,7
2442,632,14,22
2443,633,23,14
2444,633,14,12
2445,634,24,18
2446,634,14,3
2447,634,10,17
2448,634,8,4
2449,635,2,23
2450,636,24,18
2451,636,20,7
2452,636,6,13
2453,637,5,12
2454,637,19,7
2455,637,8,6
2456,637,24,16
2457,637,14,8
2458,638,5,13
2459,638,11,15
2460,639,4,23
2461,639,8,4
2462,639,1,4
2463,639,13,21
2464,639,3,13
2465,639,9,23
2466,639,16,13
2467,639,9,11
2468,640,22,15
2469,640,4,14
2470,641,6,23
2471,641,16,1
2472,642,17,23
2473,642,1,16
2474,642,4,22
2475,642,2,12
2476,643,20,14
2477,643,18,16
2478,643,4,10
2479,643,19,2
2480,644,10,19
2481,644,1,17
2482,644,18,11
2483,645,3,0
2484,645,23,19
2485,645,6,8
2486,645,17,6
2487,645,20,7
2488,646,23,8
2489,646,11,2
2490,646,16,24
2491,647,11,19
2492,647,18,7
2493,647,20,7
2494,647,9,1
2495,648,4,1
2496,648,20,14
2497,649,14,2
2498,649,22,10
2499,649,24,6
2500,650,4,13
2501,650,9,15
2502,650,3,19
2503,650,21,3
2504,650,20,17
2505,650,4,10
2506,650,20,0
2507,650,5,24
2508,651,19,6
2509,651,16,8
2510,651,13,20
2511,652,9,5
2512,652,11,8
2513,653,4,12
2514,653,15,12
2515,653,15,1
2516,653,20,4
2517,653,18,24
2518,654,16,23
2519,654,14,21
2520,654,15,2
2521,654,2,0
2522,655,1,16
2523,655,1,9
2524,655,13,20
2525,655,19,23
2526,655,19,9
2527,655,21,3
2528,656,6,3
2529,656,4,10
2530,656,6,19
2531,656,5,19
2532,656,8,12
2533,657,11,20
2534,657,6,13
2535,657,8,6
2536,658,6,16
2537,658,10,14
2538,659,6,12
2539,659,19,16
2540,659,23,5
2541,659,6,4
2542,659,23,4
2543,661,3,6
2544,661,14,4
2545,661,18,15
2546,661,6,23
2547,661,15,24
2548,661,24,2
2549,661,22,7
2550,663,18,6
2551,664,14,17
2552,664,19,9
2553,664,6,17
2554,664,3,13
2555,664,5,7
2556,665,1,24
2557,666,3,20
2558,666,16,12
2559,666,2,14
2560,666,4,22
2561,666,0,9
2562,666,20,12
2563,666,19,0
2564,666,0,15
2565,667,7,14
2566,667,5,19
2567,668,24,1
2568,668,3,21
2569,668,23,0
2570,668,0,22
2571,668,9,21
2572,669,9,5
2573,669,5,11
2574,669,16,1
2575,670,9,13
2576,670,20,5
2577,670,12,23
2578,671,13,9
2579,671,9,21
2580,671,3,24
2581,671,23,8
2582,672,23,12
2583,672,24,22
2584,672,3,19
2585,672,24,6
2586,672,11,0
2587,673,19,17
2588,673,2,19
2589,674,19,23
2590,674,18,12
2591,675,1,9
2592,675,22,5
2593,675,14,12
2594,675,16,18
2595,675,12,14
2596,676,3,19
2597,677,17,2
2598,677,10,22
2599,677,23,19
2600,677,24,17
2601,677,15,24
2602,678,17,20
2603,679,11,14
2604,679,4,2
2605,679,0,22
2606,679,2,22
2607,679,4,18
2608,679,15,17
2609,679,11,14
2610,680,9,18
2611,680,14,8
2612,680,23,4
2613,681,22,2
2614,681,17,0
2615,682,14,20
2616,682,4,24
2617,683,4,10
2618,683,11,3
2619,683,10,23
2620,684,22,14
2621,684,15,5
2622,684,23,15
2623,684,9,23
2624,685,0,10
2625,685,18,15
2626,685,23,5
2627,686,12,16
2628,686,20,19
2629,686,8,19
2630,686,4,10
2631,686,12,6
2632,686,10,20
2633,686,2,22
2634,687,20,22
2635,688,2,17
2636,688,17,10
2637,688,5,14
2638,688,20,9
2639,688,6,4
2640,688,13,0
2641,688,10,0
2642,688,14,10
2643,689,7,13
2644,689,20,3
2645,689,22,6
2646,689,7,16
2647,689,12,9
2648,690,17,15
2649,691,20,16
2650,691,13,11
2651,691,19,17
2652,691,15,14
2653,691,14,17
2654,691,11,17
2655,691,1,4
2656,691,24,14
2657,691,12,9
2658,692,21,18
2659,692,11,8
2660,693,14,21
2661,693,1,24
2662,693,16,14
2663,693,2,15
2664,693,21,18
2665,694,0,3
2666,694,23,2
2667,694,7,14
2668,694,16,8
2669,694,19,21
2670,694,17,5
2671,694,20,16
2672,694,8,6
2673,694,0,20
2674,694,2,23
2675,695,0,22
2676,695,16,20
2677,695,5,18
2678,695,17,6
2679,695,1,9
2680,695,23,17
2681,696,18,1
2682,696,0,8
2683,696,18,11
2684,696,12,16
2685,697,5,1
2686,698,24,10
2687,698,7,4
2688,699,1,14
2689,699,12,15
2690,699,17,5
2691,699,16,4
2692,700,20,3
2693,700,15,1
2694,700,23,14
2695,701,2,17
2696,701,7,13
2697,701,23,6
2698,701,1,3
2699,702,12,0
2700,702,15,19
2701,702,8,11
2702,702,0,17
2703,702,6,22
2704,703,21,0
2705,703,6,12
2706,703,17,3
2707,703,13,24
2708,703,16,9
2709,703,11,23
2710,703,19,0
2711,703,12,19
2712,704,8,5
2713,704,15,24
2714,704,15,5
2715,704,20,9
2716,705,5,19
2717,705,23,9
2718,705,16,6
2719,706,3,22
2720,706,2,9
2721,706,18,9
2722,706,14,22
2723,707,4,14
2724,707,16,4
2725,707,18,20
2726,708,6,16
2727,708,0,13
2728,708,14,24
2729,708,4,19
2730,709,4,23
2731,709,5,15
2732,709,2,5
2733,709,10,23
2734,709,13,7
2735,709,15,6
2736,709,21,17
2737,709,18,0
2738,710,20,18
2739,710,24,6
2740,710,17,6
2741,710,19,7
2742,710,22,1
2743,710,11,14
2744,710,10,6
2745,711,24,7
2746,711,4,15
2747,711,3,14
2748,712,12,18
2749,712,15,22
2750,712,16,10
2751,712,9,24
2752,712,7,23
2753,713,6,22
2754,713,6,12
2755,714,11,8
2756,714,21,6
2757,714,14,17
2758,714,14,5
2759,714,11,4
2760,714,1,18
2761,714,5,8
2762,714,19,1
2763,714,11,4
2764,714,22,19
2765,715,3,24
2766,715,14,8
2767,716,24,3
2768,716,8,24
2769,716,4,12
2770,716,14,24
2771,716,22,4
2772,717,1,8
2773,717,3,18
2774,718,5,20
2775,718,2,22
2776,719,18,6
2777,719,2,8
2778,719,12,14
2779,720,21,4
2780,720,0,20
2781,720,16,2
2782,721,15,24
2783,721,4,24
2784,721,20,23
2785,722,13,10
2786,722,24,9
2787,722,8,20
2788,722,19,2
2789,723,18,7
2790,723,2,9
2791,723,21,19
2792,724,5,3
2793,724,17,13
2794,724,23,10
2795,725,15,7
2796,725,24,5
2797,725,6,15
2798,725,13,23
2799,726,3,23
2800,726,4,2
2801,726,7,17
2802,726,21,3
2803,726,3,15
2804,727,4,2
2805,727,10,0
2806,728,9,20
2807,728,5,8
2808,729,15,19
2809,729,0,19
2810,730,11,15
2811,731,3,6
2812,732,21,15
2813,732,22,16
2814,732,0,10
2815,732,24,1
2816,732,2,16
2817,733,9,2
2818,733,23,17
2819,733,15,17
2820,733,2,14
2821,734,14,23
2822,734,1,20
2823,734,1,9
2824,734,24,10
2825,734,22,4
2826,734,12,15
2827,734,1,21
2828,734,14,20
2829,734,14,8
2830,735,9,12
2831,735,8,0
2832,735,0,2
2833,736,0,22
2834,736,11,17
2835,736,5,21
2836,736,11,20
2837,737,21,14
2838,737,20,8
2839,737,8,0
2840,737,8,1
2841,738,11,3
2842,738,17,10
2843,739,9,1
2844,739,2,24
2845,740,14,17
2846,740,19,13
2847,740,23,19
2848,740,11,15
2849,741,4,21
2850,741,23,4
2851,741,18,22
2852,742,17,6
2853,742,15,19
2854,742,17,1
2855,742,3,19
2856,742,19,17
2857,742,20,0
2858,743,21,23
2859,743,11,8
2860,743,13,22
2861,743,16,3
2862,744,0,7
2863,744,22,19
2864,744,21,10
2865,745,9,20
2866,745,1,16
2867,745,7,16
2868,745,11,3
2869,745,24,15
2870,746,4,8
2871,746,20,16
2872,746,15,14
2873,746,19,15
2874,746,4,6
2875,747,13,24
2876,747,12,18
2877,747,19,21
2878,747,23,15
2879,748,5,15
2880,748,4,18
2881,748,13,9
2882,749,1,17
2883,749,16,8
2884,750,2,20
2885,750,2,24
2886,751,3,0
2887,751,10,20
2888,751,19,21
2889,751,4,10
2890,751,20,10
2891,751,14,22
2892,751,2,0
2893,752,12,4
2894,752,23,21
2895,753,17,4
2896,753,13,21
2897,753,17,5
2898,754,10,1
2899,755,8,20
2900,755,11,22
2901,755,14,3
2902,755,9,19
2903,755,5,21
2904,755,13,23
2905,755,7,3
2906,755,22,9
2907,756,7,5
2908,756,16,3
2909,757,10,13
2910,757,17,3
2911,759,1,12
2912,759,21,17
2913,759,9,18
2914,759,5,20
2915,759,10,7
2916,760,13,19
2917,760,13,19
2918,760,20,4
2919,760,17,15
2920,760,13,20
2921,761,1,7
2922,761,14,7
2923,761,18,10
2924,761,16,6
2925,761,17,8
2926,762,10,4
2927,762,23,5
2928,762,17,24
2929,762,22,14
2930,763,6,9
2931,763,5,13
2932,763,4,22
2933,763,10,13
2934,763,2,6
2935,763,11,19
2936,764,15,21
2937,764,0,22
2938,764,17,5
2939,764,12,20
2940,764,19,21
2941,764,2,10
2942,764,17,0
2943,765,13,16
2944,765,10,14
2945,765,21,4
2946,766,23,12
2947,766,4,18
2948,766,17,15
2949,766,6,14
2950,767,20,5
2951,767,12,14
2952,767,17,20
2953,767,2,18
2954,768,24,15
2955,768,5,16
2956,768,2,9
2957,768,22,14
2958,768,10,17
2959,768,12,22
2960,768,15,13
2961,769,14,4
2962,769,18,1
2963,769,15,23
2964,770,7,13
2965,770,13,23
2966,771,21,4
2967,771,24,10
2968,771,9,18
2969,771,22,11
2970,772,20,9
2971,772,13,7
2972,772,12,24
2973,772,24,15
2974,773,20,4
2975,773,0,15
2976,773,5,20
2977,774,2,17
2978,774,22,7
2979,774,15,14
2980,774,21,5
2981,774,0,22
2982,775,14,8
2983,775,23,8
2984,775,1,15
2985,776,9,1
2986,776,22,13
2987,776,5,4
2988,777,9,16
2989,777,24,14
2990,777,7,16
2991,779,11,13
2992,779,5,21
2993,779,7,4
2994,779,11,14
2995,780,8,20
2996,780,2,9
2997,780,21,0
2998,780,15,13
2999,780,10,19
3000,780,23,5
3001,781,17,6
3002,781,19,22
3003,781,4,5
3004,781,10,3
3005,781,21,13
3006,782,0,15
3007,782,0,15
3008,783,16,12
3009,783,16,7
3010,783,15,4
3011,784,2,16
3012,784,13,17
3013,784,9,23
3014,784,7,14
3015,784,12,16
3016,784,23,12
3017,785,16,24
3018,785,11,7
3019,785,16,12
3020,785,2,10
3021,785,1,15
3022,786,6,20
3023,786,22,10
3024,786,1,18
3025,786,5,24
3026,786,19,15
3027,787,22,0
3028,788,2,4
3029,788,17,0
3030,788,15,12
3031,788,12,5
3032,788,23,19
3033,788,20,1
3034,788,12,18
3035,788,0,20
3036,789,6,14
3037,789,8,19
3038,789,9,24
3039,790,22,24
3040,790,8,15
3041,790,0,15
3042,790,0,19
3043,790,17,9
3044,791,2,15
3045,791,20,17
3046,791,4,18
3047,791,7,3
3048,791,6,12
3049,792,1,3
3050,792,14,3
3051,792,9,23
3052,792,0,6
3053,792,4,10
3054,792,23,4
3055,792,0,16
3056,792,11,13
3057,792,1,14
3058,792,18,20
3059,793,20,2
3060,793,1,12
3061,793,21,17
3062,794,2,4
3063,794,1,4
3064,794,4,18
3065,794,17,24
3066,795,7,14
3067,795,21,18
3068,795,18,1
3069,795,10,2
3070,795,8,6
3071,796,22,4
3072,796,4,14
3073,796,8,4
3074,796,23,7
3075,797,5,19
3076,797,13,10
3077,798,10,3
3078,798,17,9
3079,798,15,14
3080,798,0,20
3081,798,18,20
3082,799,21,15
3083,799,15,7
3084,799,24,22
3085,799,23,9
3086,799,17,24
3087,799,11,15
3088,800,8,20
3089,800,18,6
3090,800,18,5
3091,801,21,2
3092,801,20,19
3093,801,18,9
3094,801,4,19
3095,801,6,12
3096,801,5,14
3097,801,15,11
3098,802,2,9
3099,802,11,3
3100,802,11,20
3101,802,23,2
3102,802,1,16
3103,802,20,6
3104,803,20,14
3105,803,5,21
3106,803,2,21
3107,803,4,22
3108,803,1,12
3109,803,11,5
3110,804,1,10
3111,804,24,17
3112,805,20,5
3113,805,24,9
3114,805,16,5
3115,805,17,6
3116,806,20,22
3117,806,21,24
3118,806,12,2
3119,806,6,3
3120,806,2,20
3121,806,4,7
3122,806,16,10
3123,806,19,13
3124,807,23,7
3125,807,19,7
3126,807,9,17
3127,807,15,7
3128,808,12,1
3129,808,8,22
3130,808,3,16
3131,808,6,15
3132,809,22,2
3133,809,22,13
3134,809,24,21
3135,810,4,17
3136,810,22,11
3137,810,20,16
3138,810,0,23
3139,810,20,5
3140,810,7,21
3141,811,19,3
3142,811,1,13
3143,812,1,23
3144,812,4,11
3145,812,9,2
3146,812,17,7
3147,812,4,23
3148,812,6,3
3149,812,11,9
3150,812,24,8
3151,813,22,20
3152,813,8,17
3153,813,15,14
3154,813,21,14
3155,814,13,19
3156,814,11,15
3157,814,15,17
3158,814,18,7
3159,814,4,16
3160,814,12,3
3161,814,9,18
3162,815,20,8
3163,815,2,12
3164,815,14,10
3165,815,22,13
3166,815,8,23
3167,815,22,8
3168,816,13,10
3169,816,21,14
3170,817,3,23
3171,817,13,20
3172,817,4,14
3173,817,11,18
3174,818,12,3
3175,818,20,18
3176,818,6,4
3177,818,8,0
3178,818,22,3
3179,819,21,13
3180,819,8,22
3181,820,18,14
3182,820,22,0
3183,820,21,12
3184,820,0,24
3185,820,22,1
3186,820,3,12
3187,820,1,23
3188,820,7,13
3189,820,3,20
3190,821,10,2
3191,821,11,1
3192,821,21,6
3193,821,0,14
3194,821,15,14
3195,822,16,10
3196,823,0,21
3197,823,9,23
3198,823,21,0
3199,823,0,9
3200,824,19,9
3201,824,16,4
3202,824,22,20
3203,824,4,2
3204,824,6,16
3205,824,17,7
3206,826,9,22
3207,826,7,19
3208,826,0,14
3209,826,16,3
3210,827,20,8
3211,827,18,5
3212,827,11,4
3213,827,18,1
3214,827,19,15
3215,827,8,2
3216,828,20,23
3217,828,23,7
3218,828,8,1
3219,828,22,20
3220,828,7,17
3221,829,21,12
3222,829,1,18
3223,830,10,2
3224,830,6,3
3225,830,16,8
3226,830,6,15
3227,830,24,8
3228,830,12,14
3229,830,11,20
3230,830,14,15
3231,831,7,13
3232,832,16,7
3233,833,4,5
3234,834,2,9
3235,834,20,11
3236,834,10,9
3237,835,0,6
3238,835,12,8
3239,836,18,14
3240,836,8,11
3241,836,16,20
3242,836,1,15
3243,836,19,6
3244,837,24,12
3245,837,8,16
3246,837,21,23
3247,837,23,5
3248,837,1,24
3249,837,23,13
3250,838,21,24
3251,838,12,19
3252,838,6,9
3253,838,21,23
3254,839,20,11
3255,839,3,14
3256,839,21,14
3257,840,19,20
3258,840,5,20
3259,841,3,24
3260,841,8,15
3261,841,9,7
3262,842,2,0
3263,842,21,2
3264,843,7,14
3265,843,24,11
3266,844,17,7
3267,844,18,4
3268,844,3,0
3269,845,6,18
3270,845,7,20
3271,845,23,14
3272,845,4,5
3273,846,17,6
3274,846,11,9
3275,846,3,21
3276,846,6,16
3277,846,24,15
3278,846,4,17
3279,847,2,5
3280,847,5,19
3281,847,5,12
3282,847,10,20
3283,847,2,13
3284,848,16,3
3285,848,10,2
3286,848,19,9
3287,848,13,6
3288,848,7,17
3289,848,23,16
3290,848,17,7
3291,848,0,10
3292,848,24,8
3293,848,18,7
3294,849,19,22
3295,849,15,13
3296,849,24,8
3297,850,10,6
3298,850,0,23
3299,850,16,23
3300,850,2,12
3301,851,3,16
3302,851,0,15
3303,852,0,22
3304,852,2,12
3305,852,3,11
3306,852,17,20
3307,852,23,1
3308,853,7,23
3309,853,22,3
3310,854,10,19
3311,854,15,5
3312,854,20,24
3313,854,17,6
3314,854,1,7
3315,855,14,12
3316,855,24,9
3317,855,4,20
3318,856,3,9
3319,856,11,18
3320,856,5,9
3321,857,4,17
3322,857,7,19
3323,857,18,6
3324,858,9,17
3325,858,22,2
3326,858,3,1
3327,859,2,4
3328,859,15,0
3329,859,7,1
3330,860,6,9
3331,860,1,3
3332,860,4,24
3333,860,14,3
3334,860,4,1
3335,860,2,19
3336,860,14,7
3337,860,0,8
3338,860,19,11
3339,861,8,23
3340,861,15,23
3341,861,18,5
3342,862,16,10
3343,862,5,15
3344,862,21,23
3345,862,14,23
3346,863,15,4
3347,863,17,11
3348,863,23,19
3349,863,24,10
3350,864,24,11
3351,864,24,7
3352,864,23,3
3353,864,24,21
3354,864,3,18
3355,865,5,3
3356,865,9,16
3357,866,11,4
3358,866,8,14
3359,867,11,24
3360,867,18,7
3361,867,10,19
3362,867,4,15
3363,868,20,8
3364,868,5,3
3365,868,17,15
3366,868,4,8
3367,868,10,19
3368,869,1,8
3369,869,14,16
3370,869,11,3
3371,869,1,11
3372,869,21,9
3373,870,9,7
3374,870,16,19
3375,870,1,4
3376,870,22,6
3377,870,1,16
3378,871,21,14
3379,871,6,17
3380,871,14,23
3381,871,5,18
3382,871,19,17
3383,871,4,19
3384,872,8,10
3385,872,11,23
3386,872,6,23
3387,872,2,24
3388,873,24,10
3389,873,20,9
3390,873,4,15
3391,873,16,18
3392,874,24,4
3393,874,24,7
3394,874,4,19
3395,875,7,10
3396,875,19,3
3397,875,5,11
3398,875,0,4
3399,875,17,20
3400,876,3,21
3401,876,0,22
3402,876,17,24
3403,876,24,17
3404,876,9,18
3405,877,4,8
3406,877,6,18
3407,877,20,12
3408,877,13,21
3409,878,23,3
3410,878,11,7
3411,878,18,8
3412,879,22,15
3413,879,5,1
3414,879,23,16
3415,880,21,24
3416,880,6,18
3417,880,9,17
3418,880,19,21
3419,881,19,5
3420,881,22,1
3421,881,18,20
3422,881,16,7
3423,881,21,18
3424,882,20,24
3425,883,6,17
3426,883,19,13
3427,883,23,12
3428,884,19,21
3429,884,7,19
3430,884,1,22
3431,884,22,18
3432,884,12,16
3433,884,2,11
3434,885,15,2
3435,885,23,9
3436,885,5,15
3437,886,24,4
3438,886,14,21
3439,886,24,22
3440,886,3,5
3441,887,8,0
3442,887,19,20
3443,887,13,15
3444,888,18,5
3445,888,23,0
3446,888,4,23
3447,889,1,13
3448,889,16,6
3449,889,24,3
3450,889,15,22
3451,890,10,20
3452,890,4,18
3453,890,3,9
3454,890,24,15
3455,890,19,21
3456,891,16,14
3457,891,16,3
3458,891,13,6
3459,891,24,14
3460,892,0,24
3461,892,14,7
3462,892,18,1
3463,892,5,17
3464,892,11,0
3465,892,10,8
3466,892,3,23
3467,893,10,12
3468,893,2,23
3469,893,4,22
3470,893,18,4
3471,894,20,1
3472,894,21,1
3473,894,16,3
3474,894,10,23
3475,895,18,7
3476,895,2,0
3477,895,16,18
3478,895,20,3
3479,895,7,23
3480,895,18,3
3481,896,7,5
3482,896,3,20
3483,896,5,24
3484,896,12,20
3485,897,10,2
3486,897,24,8
3487,898,5,7
3488,898,2,16
3489,899,7,1
3490,899,23,10
3491,899,9,7
3492,899,4,24
3493,900,18,5
3494,900,3,13
3495,901,3,6
3496,902,23,13
3497,902,19,8
3498,902,16,19
3499,903,7,10
3500,903,17,9
3501,904,13,23
3502,904,4,11
3503,904,23,13
3504,904,4,22
3505,905,20,12
3506,905,0,13
3507,905,12,8
3508,905,11,15
3509,906,20,3
3510,906,2,15
3511,906,14,10
3512,907,12,20
3513,907,5,4
3514,907,14,17
3515,908,3,16
3516,908,16,3
3517,908,22,19
3518,908,18,14
3519,908,3,5
3520,909,2,11
3521,910,18,24
3522,910,5,24
3523,910,23,11
3524,910,15,8
3525,910,17,10
3526,910,22,18
3527,910,16,14
3528,911,10,23
3529,911,10,4
3530,911,14,8
3531,912,21,15
3532,912,13,4
3533,912,0,21
3534,912,19,12
3535,912,18,10
3536,912,13,15
3537,912,9,11
3538,913,7,3
3539,914,11,14
3540,914,12,3
3541,915,13,10
3542,915,22,0
3543,915,23,19
3544,915,22,20
3545,915,16,1
3546,916,8,19
3547,916,15,7
3548,916,12,15
3549,916,7,21
3550,917,8,6
3551,917,15,8
3552,918,24,13
3553,918,13,2
3554,919,5,24
3555,920,21,23
3556,920,0,14
3557,920,14,5
3558,921,0,8
3559,921,19,13
3560,921,23,6
3561,921,22,6
3562,921,13,3
3563,921,20,23
3564,922,6,2
3565,922,24,4
3566,922,5,20
3567,923,22,1
3568,923,24,0
3569,923,8,4
3570,923,11,9
3571,923,10,1
3572,923,1,14
3573,923,5,12
3574,923,12,15
3575,924,14,18
3576,924,2,13
3577,924,17,24
3578,924,4,20
3579,925,0,24
3580,925,6,20
3581,925,20,5
3582,925,9,11
3583,926,8,4
3584,926,11,8
3585,926,24,22
3586,927,6,21
3587,927,1,16
3588,927,20,2
3589,927,1,15
3590,927,8,1
3591,927,3,22
3592,927,19,3
3593,928,12,1
3594,928,21,24
3595,928,17,11
3596,929,10,18
3597,929,17,0
3598,930,18,8
3599,930,1,24
3600,931,23,13
3601,931,1,17
3602,931,19,22
3603,931,3,5
3604,932,16,19
3605,932,13,22
3606,932,24,15
3607,932,2,9
3608,932,6,18
3609,933,14,18
3610,933,1,13
3611,933,10,8
3612,933,7,4
3613,933,17,5
3614,934,22,5
3615,934,7,0
3616,934,16,20
3617,935,21,8
3618,935,15,22
3619,935,11,1
3620,936,16,18
3621,936,6,0
3622,936,23,5
3623,936,9,10
3624,936,22,16
3625,936,4,7
3626,936,21,24
3627,938,12,19
3628,939,2,4
3629,939,6,9
3630,939,0,23
3631,939,6,10
3632,939,9,21
3633,939,5,22
3634,939,11,22
3635,939,10,4
3636,940,24,3
3637,940,1,14
3638,940,19,16
3639,940,2,9
3640,941,22,14
3641,941,18,21
3642,941,12,24
3643,942,10,13
3644,942,17,3
3645,942,23,0
3646,942,0,17
3647,943,3,23
3648,943,0,6
3649,943,20,8
3650,943,22,19
3651,943,17,2
3652,944,22,16
3653,944,18,20
3654,944,16,24
3655,945,24,11
3656,945,10,1
3657,945,6,21
3658,945,1,18
3659,946,4,2
3660,946,6,9
3661,946,10,9
3662,946,12,21
3663,947,10,4
3664,947,17,13
3665,947,12,14
3666,947,18,3
3667,947,17,19
3668,947,18,6
3669,948,14,3
3670,948,13,21
3671,948,11,14
3672,948,10,23
3673,948,20,22
3674,948,3,17
3675,949,13,20
3676,949,4,12
3677,949,16,22
3678,950,22,0
3679,950,15,14
3680,950,20,23
3681,950,14,3
3682,951,21,12
3683,951,6,15
3684,951,10,14
3685,951,20,4
3686,952,23,1
3687,952,24,9
3688,952,8,14
3689,954,12,0
3690,954,4,22
3691,955,14,8
3692,955,16,23
3693,956,2,20
3694,956,13,3
3695,956,12,2
3696,956,1,23
3697,956,17,19
3698,956,9,20
3699,956,0,10
3700,956,20,1
3701,957,2,5
3702,957,21,14
3703,957,10,18
3704,958,20,24
3705,958,13,2
3706,958,16,1
3707,958,18,1
3708,959,23,6
3709,959,6,13
3710,959,0,13
3711,959,19,8
3712,960,7,17
3713,960,20,23
3714,960,4,15
3715,960,23,13
3716,960,15,3
3717,960,23,12
3718,960,19,17
3719,961,22,14
3720,961,15,21
3721,961,8,14
3722,961,3,18
3723,961,7,10
3724,962,3,14
3725,962,10,24
3726,962,0,14
3727,962,22,8
3728,963,3,16
3729,963,12,15
3730,963,21,19
3731,963,13,3
3732,963,17,5
3733,963,10,3
3734,963,12,6
3735,963,23,14
3736,964,1,8
3737,964,13,2
3738,964,18,22
3739,964,8,6
3740,964,23,7
3741,965,14,10
3742,965,3,22
3743,965,4,1
3744,965,21,6
3745,965,7,22
3746,965,24,4
3747,965,5,15
3748,966,4,7
3749,966,16,24
3750,967,7,21
3751,967,10,3
3752,968,9,22
3753,968,13,20
3754,968,4,15
3755,968,13,5
3756,968,24,7
3757,969,19,2
3758,969,2,0
3759,971,4,18
3760,971,20,4
3761,971,21,15
3762,971,19,23
3763,971,4,12
3764,971,19,21
3765,972,16,2
3766,972,5,24
3767,973,17,24
3768,973,9,0
3769,973,0,9
3770,973,17,11
3771,973,15,3
3772,973,16,18
3773,974,14,12
3774,974,19,23
3775,974,10,1
3776,974,24,4
3777,974,19,5
3778,974,7,14
3779,975,6,17
3780,976,12,23
3781,976,10,16
3782,976,16,1
3783,976,0,10
3784,976,21,12
3785,976,14,10
3786,978,1,15
3787,978,0,19
3788,978,6,24
3789,979,13,21
3790,979,19,1
3791,979,17,2
3792,979,4,12
3793,979,7,20
3794,979,1,17
3795,979,14,0
3796,979,13,7
3797,979,4,1
3798,980,12,2
3799,980,17,14
3800,980,19,13
3801,980,24,3
3802,980,0,6
3803,981,18,7
3804,981,11,8
3805,981,24,12
3806,981,14,7
3807,981,23,17
3808,982,16,9
3809,982,4,14
3810,982,8,12
3811,982,17,13
3812,983,23,14
3813,983,16,23
3814,984,21,5
3815,984,11,20
3816,985,19,11
3817,985,17,0
3818,986,20,14
3819,986,23,12
3820,986,0,12
3821,986,14,20
3822,987,9,11
3823,988,22,13
3824,988,0,19
3825,988,9,16
3826,989,4,19
3827,989,14,4
3828,989,23,6
3829,989,20,18
3830,990,6,3
3831,990,11,9
3832,990,2,23
3833,990,15,5
3834,990,9,23
3835,991,1,9
3836,992,23,19
3837,992,5,15
3838,992,18,5
3839,992,21,6
3840,993,10,23
3841,993,10,4
3842,994,17,15
3843,994,24,8
3844,995,11,0
3845,995,14,3
3846,995,8,10
3847,996,10,6
3848,996,12,18
3849,996,16,3
3850,997,2,11
3851,997,17,19
3852,997,18,22
3853,998,1,19
3854,998,8,19
3855,998,21,14
3856,998,18,4
3857,998,2,14
3858,999,19,12
3859,1000,11,13
3860,1000,13,15
3861,1000,2,24
3862,1001,2,17
3863,1002,18,7
3864,1002,23,11
3865,1002,21,19
3866,1003,12,1
3867,1003,12,1
3868,1003,3,6
3869,1003,3,18
3870,1003,12,20
3871,1004,2,19
3872,1004,6,14
3873,1005,0,4
3874,1005,17,0
3875,1006,1,24
3876,1006,21,19
3877,1006,11,15
3878,1006,3,14
3879,1006,4,5
3880,1007,15,1
3881,1007,23,0
3882,1007,17,5
3883,1007,10,6
3884,1007,15,1
3885,1007,10,0
3886,1007,13,0
3887,1008,14,15
3888,1008,1,9
3889,1009,12,10
3890,1009,4,16
3891,1009,2,6
3892,1009,20,19
3893,1009,16,23
3894,1009,12,16
3895,1009,20,13
3896,1010,1,16
3897,1010,22,0
3898,1011,0,19
3899,1012,2,10
3900,1012,0,23
3901,1012,1,13
3902,1013,0,22
3903,1013,5,1
3904,1013,15,9
3905,1013,20,3
3906,1014,2,0
3907,1014,21,10
3908,1014,10,2
3909,1014,23,19
3910,1014,21,13
3911,1014,1,11
3912,1015,3,19
3913,1015,7,9
3914,1015,22,1
3915,1015,22,11
3916,1015,20,11
3917,1015,0,7
3918,1016,21,19
3919,1016,17,11
3920,1016,15,21
3921,1016,4,19
3922,1016,14,18
3923,1017,23,16
3924,1017,0,14
3925,1018,9,2
3926,1019,13,10
3927,1019,10,14
3928,1020,2,18
3929,1020,22,20
3930,1020,13,11
3931,1020,20,11
3932,1020,2,0
3933,1021,20,22
3934,1021,19,23
3935,1021,20,14
3936,1021,15,7
3937,1021,2,15
3938,1022,14,22
3939,1022,21,15
3940,1023,6,2
3941,1023,11,23
3942,1023,14,24
3943,1024,10,20
3944,1024,11,0
3945,1024,3,15
3946,1025,15,7
3947,1025,4,11
3948,1025,12,20
3949,1025,15,21
3950,1026,16,1
3951,1026,21,2
3952,1026,1,7
3953,1026,9,16
3954,1026,24,2
3955,1026,15,1
3956,1027,0,17
3957,1027,15,6
3958,1027,11,0
3959,1027,19,8
3960,1027,22,1
3961,1027,21,15
3962,1027,12,8
3963,1027,5,13
3964,1028,18,15
3965,1028,4,24
3966,1028,12,2
3967,1028,6,20
3968,1028,22,11
3969,1028,11,22
3970,1029,14,18
3971,1029,9,22
3972,1030,24,9
3973,1030,21,10
3974,1030,13,16
3975,1030,1,16
3976,1030,8,14
3977,1030,4,6
3978,1030,1,23
3979,1031,20,4
3980,1031,20,4
3981,1031,9,11
3982,1031,17,9
3983,1032,22,4
3984,1033,8,22
3985,1033,7,18
3986,1033,17,5
3987,1033,19,3
3988,1033,2,8
3989,1033,13,19
3990,1034,8,10
3991,1034,9,0
3992,1034,22,5
3993,1034,8,11
3994,1034,17,2
3995,1035,15,0
3996,1035,6,19
3997,1035,1,23
3998,1035,1,18
3999,1035,19,22
4000,1035,0,8
4001,1035,20,1
4002,1035,24,9
4003,1036,5,22
4004,1037,15,9
4005,1037,4,7
4006,1037,3,23
4007,1038,21,9
4008,1038,19,23
4009,1038,5,19
4010,1039,9,22
4011,1039,0,20
4012,1039,10,16
4013,1040,12,23
4014,1040,9,5
4015,1040,21,3
4016,1040,7,5
4017,1041,15,4
4018,1041,13,0
4019,1041,14,4
4020,1041,0,12
4021,1041,10,16
4022,1042,11,22
4023,1042,5,7
4024,1043,20,23
4025,1043,11,9
4026,1043,10,20
4027,1043,5,18
4028,1043,3,14
4029,1043,4,15
4030,1044,4,8
4031,1044,0,21
4032,1044,17,0
4033,1044,13,24
4034,1044,17,14
4035,1044,3,13
4036,1045,5,13
4037,1045,2,15
4038,1045,8,12
4039,1045,5,14
4040,1046,9,18
4041,1046,23,8
4042,1047,23,14
4043,1047,7,9
4044,1047,1,10
4045,1047,19,13
4046,1047,8,24
4047,1048,4,0
4048,1048,17,1
4049,1048,17,5
4050,1048,18,22
4051,1048,0,24
4052,1048,2,18
4053,1048,8,16
4054,1048,22,6
4055,1049,10,4
4056,1049,9,5
4057,1049,2,6
4058,1050,0,21
4059,1050,24,4
4060,1050,14,3
4061,1050,15,4
4062,1051,5,11
4063,1051,21,2
4064,1051,23,5
4065,1051,4,14
4066,1051,15,2
4067,1051,20,14
4068,1051,15,0
4069,1051,0,6
4070,1051,20,0
4071,1052,3,23
4072,1052,20,23
4073,1052,11,0
4074,1052,22,11
4075,1052,17,5
4076,1053,2,23
4077,1053,24,21
4078,1053,12,14
4079,1053,2,17
4080,1054,23,9
4081,1054,16,24
4082,1054,22,9
4083,1054,9,11
4084,1054,3,24
4085,1055,8,15
4086,1055,7,5
4087,1055,11,15
4088,1055,15,14
4089,1055,21,13
4090,1055,20,14
4091,1055,15,1
4092,1056,19,2
4093,1056,13,19
4094,1056,8,19
4095,1056,10,14
4096,1056,16,9
4097,1056,0,14
4098,1056,10,18
4099,1057,15,3
4100,1057,17,3
4101,1057,24,1
4102,1057,0,12
4103,1057,4,16
4104,1057,23,2
4105,1057,5,19
4106,1058,4,20
4107,1058,16,0
4108,1058,22,9
4109,1058,9,12
4110,1058,18,9
4111,1059,3,7
4112,1059,4,17
4113,1059,6,0
4114,1060,4,1
4115,1060,1,11
4116,1060,20,16
4117,1061,19,17
4118,1061,19,2
4119,1061,20,1
4120,1062,10,14
4121,1062,14,12
4122,1062,4,18
4123,1063,24,16
4124,1063,18,22
4125,1063,23,12
4126,1063,14,23
4127,1064,1,10
4128,1064,4,11
4129,1064,1,15
4130,1065,13,7
4131,1066,6,8
4132,1066,21,19
4133,1066,5,7
4134,1066,7,10
4135,1066,15,13
4136,1067,3,13
4137,1067,5,12
4138,1067,5,22
4139,1067,8,16
4140,1067,15,22
4141,1067,18,12
4142,1067,9,13
4143,1068,4,11
4144,1068,15,12
4145,1069,8,20
4146,1069,5,19
4147,1069,2,9
4148,1069,22,3
4149,1070,20,0
4150,1070,15,4
4151,1070,8,2
4152,1070,16,14
4153,1071,19,9
4154,1071,20,18
4155,1071,10,21
4156,1072,23,6
4157,1072,19,16
4158,1072,3,15
4159,1072,19,1
4160,1073,7,5
4161,1073,13,24
4162,1073,5,21
4163,1073,8,19
4164,1073,15,11
4165,1073,1,3
4166,1073,24,4
4167,1073,5,21
4168,1074,2,11
4169,1074,16,9
4170,1074,0,11
4171,1074,14,23
4172,1074,6,10
4173,1074,5,2
4174,1074,12,23
4175,1074,17,19
4176,1075,14,2
4177,1076,9,15
4178,1076,13,11
4179,1077,24,7
4180,1077,2,11
4181,1077,19,22
4182,1077,14,12
4183,1077,15,3
4184,1077,23,0
4185,1078,20,14
4186,1078,21,3
4187,1078,3,10
4188,1078,2,17
4189,1078,2,10
4190,1078,14,1
4191,1079,7,11
4192,1079,11,8
4193,1079,16,18
4194,1079,4,1
4195,1080,9,5
4196,1080,6,23
4197,1081,1,4
4198,1081,24,9
4199,1081,18,15
4200,1082,12,10
4201,1082,22,14
4202,1082,10,16
4203,1084,7,19
4204,1084,8,14
4205,1084,1,10
4206,1085,11,15
4207,1085,4,17
4208,1085,6,9
4209,1085,14,12
4210,1085,12,21
4211,1086,10,21
4212,1086,9,15
4213,1086,11,19
4214,1087,24,5
4215,1087,10,2
4216,1087,9,17
4217,1087,5,2
4218,1087,5,2
4219,1087,4,13
4220,1087,10,14
4221,1088,9,0
4222,1088,1,18
4223,1088,3,11
4224,1088,22,19
4225,1089,16,12
4226,1089,18,24
4227,1089,17,0
4228,1089,14,10
4229,1089,7,15
4230,1090,2,23
4231,1091,22,0
4232,1091,22,13
4233,1091,6,17
4234,1091,22,2
4235,1091,5,21
4236,1091,22,19
4237,1091,19,2
4238,1091,14,7
4239,1092,24,4
4240,1092,19,22
4241,1092,22,9
4242,1093,19,20
4243,1093,14,11
4244,1093,19,3
4245,1093,8,2
4246,1094,14,8
4247,1094,8,0
4248,1094,1,10
4249,1094,20,12
4250,1094,19,3
4251,1094,12,24
4252,1095,22,9
4253,1095,15,7
4254,1096,14,15
4255,1096,5,24
4256,1097,10,24
4257,1097,23,17
4258,1098,13,15
4259,1099,11,24
4260,1099,18,8
4261,1099,17,4
4262,1099,12,19
4263,1099,2,19
4264,1099,20,7
4265,1100,3,19
4266,1100,1,3
4267,1100,7,18
4268,1100,18,22
4269,1100,7,3
4270,1101,9,22
4271,1101,24,7
4272,1102,11,23
4273,1102,6,15
4274,1102,15,17
4275,1103,19,4
4276,1103,15,23
4277,1103,11,21
4278,1104,15,12
4279,1104,5,14
4280,1104,22,24
4281,1105,22,9
4282,1105,10,18
4283,1105,14,17
4284,1105,24,4
4285,1105,12,21
4286,1105,5,12
4287,1106,16,20
4288,1106,11,1
4289,1107,8,24
4290,1107,7,17
4291,1107,0,15
4292,1107,1,19
4293,1108,6,24
4294,1108,23,4
4295,1109,22,8
4296,1110,17,3
4297,1110,6,4
4298,1110,19,9
4299,1111,18,11
4300,1111,23,11
4301,1111,16,1
4302,1111,12,5
4303,1112,12,10
4304,1112,2,12
4305,1113,18,21
4306,1113,0,23
4307,1114,19,11
4308,1114,14,23
4309,1114,3,6
4310,1115,16,18
4311,1115,21,3
4312,1115,24,10
4313,1115,16,23
4314,1116,17,6
4315,1116,5,9
4316,1116,7,15
4317,1116,6,20
4318,1116,23,10
4319,1117,21,0
4320,1117,10,12
4321,1117,23,14
4322,1118,2,18
4323,1118,9,21
4324,1118,19,1
4325,1119,17,20
4326,1119,0,22
4327,1120,14,8
4328,1120,1,23
4329,1121,6,21
4330,1121,12,21
4331,1122,4,20
4332,1122,6,14
4333,1122,3,18
4334,1122,23,10
4335,1122,10,8
4336,1123,3,18
4337,1124,21,1
4338,1124,8,18
4339,1124,20,18
4340,1125,4,16
4341,1125,22,14
4342,1125,11,3
4343,1125,4,6
4344,1125,9,17
4345,1125,3,0
4346,1126,15,0
4347,1126,16,23
4348,1126,16,1
4349,1127,5,23
4350,1127,3,17
4351,1127,22,4
4352,1128,19,9
4353,1128,17,8
4354,1128,8,15
4355,1128,6,23
4356,1129,11,7
4357,1130,5,22
4358,1131,16,9
4359,1131,4,20
4360,1131,20,18
4361,1131,24,8
4362,1132,6,10
4363,1132,9,3
4364,1133,16,12
4365,1133,14,18
4366,1133,17,21
4367,1133,3,15
4368,1134,24,21
4369,1134,8,17
4370,1134,24,14
4371,1135,1,3
4372,1135,19,17
4373,1135,8,14
4374,1135,11,9
4375,1135,13,2
4376,1135,3,20
4377,1136,13,5
4378,1136,5,9
4379,1136,9,1
4380,1136,12,8
4381,1137,12,0
4382,1137,22,18
4383,1137,16,4
4384,1137,16,24
4385,1137,6,3
4386,1138,2,9
4387,1138,8,11
4388,1138,14,2
4389,1138,1,16
4390,1139,5,9
4391,1139,14,21
4392,1139,2,15
4393,1139,4,12
4394,1140,12,0
4395,1140,2,21
4396,1140,5,15
4397,1141,21,8
4398,1141,12,23
4399,1142,22,3
4400,1142,11,4
4401,1143,15,2
4402,1143,8,24
4403,1143,19,17
4404,1143,21,14
4405,1143,24,10
4406,1144,7,15
4407,1144,9,1
4408,1144,11,13
4409,1144,24,20
4410,1145,13,10
4411,1145,21,15
4412,1145,16,12
4413,1145,13,24
4414,1145,11,8
4415,1145,8,6
4416,1145,0,2
4417,1146,8,24
4418,1146,23,21
4419,1146,3,12
4420,1147,2,22
4421,1147,19,8
4422,1147,7,18
4423,1147,2,23
4424,1147,19,17
4425,1148,1,21
4426,1148,20,16
4427,1148,13,2
4428,1148,22,16
4429,1148,0,22
4430,1148,17,7
4431,1148,0,6
4432,1148,20,17
4433,1149,12,23
4434,1149,2,11
4435,1149,12,8
4436,1150,8,0
4437,1150,15,18
4438,1150,16,5
4439,1150,22,7
4440,1150,15,8
4441,1150,14,7
4442,1151,8,23
4443,1151,3,14
4444,1152,23,11
4445,1152,12,1
4446,1152,7,3
4447,1152,17,19
4448,1152,10,6
4449,1152,3,9
4450,1153,5,24
4451,1153,16,3
4452,1153,4,8
4453,1154,2,4
4454,1154,12,15
4455,1154,7,24
4456,1155,9,20
4457,1155,18,11
4458,1156,18,11
4459,1156,18,16
4460,1156,9,0
4461,1156,16,10
4462,1156,0,16
4463,1157,10,21
4464,1157,9,10
4465,1157,0,17
4466,1158,12,19
4467,1159,21,19
4468,1159,17,9
4469,1160,5,8
4470,1160,14,7
4471,1160,20,16
4472,1160,8,24
4473,1160,0,7
4474,1160,0,10
4475,1161,20,6
4476,1161,4,16
4477,1161,7,14
4478,1161,10,17
4479,1161,9,21
4480,1162,22,15
4481,1162,10,23
4482,1162,7,23
4483,1162,9,10
4484,1162,9,13
4485,1162,21,3
4486,1163,21,7
4487,1163,17,5
4488,1163,9,12
4489,1163,10,17
4490,1163,11,22
4491,1164,18,9
4492,1164,16,24
4493,1165,12,19
4494,1165,1,7
4495,1165,19,3
4496,1165,10,2
4497,1165,1,10
4498,1166,14,8
4499,1166,8,16
4500,1166,7,15
4501,1167,18,6
4502,1167,8,10
4503,1167,21,14
4504,1167,22,18
4505,1168,18,3
4506,1168,19,21
4507,1168,12,19
4508,1168,4,24
4509,1168,3,21
4510,1169,11,1
4511,1169,16,12
4512,1170,13,3
4513,1170,1,22
4514,1170,11,21
4515,1170,18,11
4516,1171,12,0
4517,1171,24,15
4518,1171,18,22
4519,1171,8,14
4520,1171,10,3
4521,1172,0,14
4522,1172,23,0
4523,1173,10,22
4524,1173,12,8
4525,1173,7,19
4526,1173,9,11
4527,1174,14,23
4528,1174,5,21
4529,1174,7,1
4530,1174,20,14
4531,1174,21,8
4532,1174,18,1
4533,1174,13,0
4534,1175,21,7
4535,1175,0,17
4536,1175,8,16
4537,1175,7,22
4538,1175,23,4
4539,1175,21,8
4540,1176,19,11
4541,1176,8,23
4542,1176,2,15
4543,1177,22,16
4544,1177,10,13
4545,1177,10,23
4546,1177,8,21
4547,1178,12,6
4548,1178,5,16
4549,1178,10,8
4550,1178,18,5
4551,1178,21,3
4552,1178,16,20
4553,1178,20,18
4554,1179,22,14
4555,1179,5,21
4556,1180,6,16
4557,1180,3,23
4558,1181,24,9
4559,1181,17,9
4560,1181,11,9
4561,1181,11,1
4562,1181,7,5
4563,1181,14,22
4564,1182,8,18
4565,1182,21,6
4566,1182,13,21
4567,1182,24,1
4568,1182,12,16
4569,1182,6,8
4570,1183,23,13
4571,1183,5,19
4572,1183,14,22
4573,1183,7,22
4574,1183,19,4
4575,1183,19,17
4576,1184,19,10
4577,1184,8,2
4578,1184,8,5
4579,1185,5,17
4580,1185,5,7
4581,1185,10,0
4582,1186,14,11
4583,1186,3,7
4584,1187,19,1
4585,1187,8,4
4586,1187,5,8
4587,1187,14,18
4588,1188,16,7
4589,1188,20,24
4590,1188,18,3
4591,1188,10,8
4592,1189,4,18
4593,1189,10,24
4594,1189,3,10
4595,1190,22,1
4596,1190,7,19
4597,1190,21,17
4598,1190,2,12
4599,1190,17,24
4600,1191,23,8
4601,1191,13,20
4602,1191,20,14
4603,1192,9,23
4604,1192,0,9
4605,1192,22,24
4606,1192,7,24
4607,1192,23,8
4608,1192,0,10
4609,1193,19,7
4610,1193,15,14
4611,1193,20,5
4612,1193,11,22
4613,1193,13,17
4614,1194,1,10
4615,1194,15,9
4616,1194,13,10
4617,1194,6,13
4618,1195,16,23
4619,1195,19,7
4620,1195,2,15
4621,1195,10,3
4622,1195,12,0
4623,1195,0,10
4624,1195,7,4
4625,1195,15,1
4626,1195,5,4
4627,1196,0,7
4628,1196,7,20
4629,1196,24,3
4630,1197,15,17
4631,1197,12,20
4632,1198,14,1
4633,1198,12,14
4634,1198,21,0
4635,1198,6,18
4636,1198,16,6
4637,1199,15,1
4638,1199,6,17
4639,1199,15,22
4640,1199,0,13
4641,1199,10,17
4642,1200,18,15
4643,1200,16,22
4644,1200,1,9
4645,1200,11,22
4646,1201,15,24
4647,1201,24,11
4648,1201,9,1
4649,1201,5,24
4650,1202,17,0
4651,1202,20,10
4652,1202,10,21
4653,1202,2,24
4654,1203,15,13
4655,1203,24,1
4656,1203,5,11
4657,1203,17,3
4658,1203,19,0
4659,1203,0,11
4660,1204,7,11
4661,1204,15,5
4662,1204,10,14
4663,1204,8,2
4664,1204,8,19
4665,1204,2,5
4666,1204,15,23
4667,1205,13,1
4668,1205,23,14
4669,1205,19,1
4670,1205,0,22
4671,1206,13,4
4672,1206,11,15
4673,1206,10,24
4674,1206,24,2
4675,1207,9,2
4676,1207,13,15
4677,1207,7,4
4678,1207,6,21
4679,1208,20,24
4680,1208,7,16
4681,1208,2,13
4682,1208,17,6
4683,1208,3,15
4684,1209,22,10
4685,1209,12,5
4686,1209,7,24
4687,1209,9,7
4688,1209,10,0
4689,1209,22,5
4690,1209,1,10
4691,1210,14,20
4692,1210,1,24
4693,1211,11,2
4694,1211,9,23
4695,1211,12,2
4696,1212,19,4
4697,1212,12,0
4698,1212,20,5
4699,1212,7,10
4700,1213,17,4
4701,1213,0,24
4702,1213,3,17
4703,1213,2,21
4704,1214,22,19
4705,1214,0,3
4706,1215,3,6
4707,1215,3,22
4708,1215,24,17
4709,1215,0,23
4710,1216,4,15
4711,1217,3,5
4712,1217,21,0
4713,1217,5,4
4714,1217,0,8
4715,1217,22,12
4716,1218,15,17
4717,1218,4,8
4718,1218,5,2
4719,1219,15,7
4720,1219,5,1
4721,1219,6,9
4722,1219,21,2
4723,1219,22,4
4724,1219,8,21
4725,1219,14,15
4726,1220,16,8
4727,1220,7,13
4728,1220,3,13
4729,1221,13,19
4730,1221,16,18
4731,1221,17,21
4732,1221,16,9
4733,1222,23,15
4734,1222,18,20
4735,1222,8,2
4736,1222,7,16
4737,1223,0,6
4738,1223,7,11
4739,1224,22,5
4740,1224,9,12
4741,1224,7,20
4742,1224,17,6
4743,1225,9,6
4744,1225,22,11
4745,1225,11,23
4746,1225,5,23
4747,1225,7,14
4748,1226,20,16
4749,1226,6,18
4750,1226,15,13
4751,1226,7,10
4752,1226,5,16
4753,1226,8,23
4754,1227,9,3
4755,1227,3,15
4756,1228,20,10
4757,1228,12,21
4758,1228,17,9
4759,1228,19,8
4760,1228,18,10
4761,1229,8,10
4762,1229,2,9
4763,1230,22,9
4764,1230,7,0
4765,1230,3,17
4766,1231,18,20
4767,1231,1,3
4768,1231,22,15
4769,1231,2,6
4770,1231,9,15
4771,1232,11,18
4772,1232,22,5
4773,1232,21,14
4774,1232,22,12
4775,1232,12,24
4776,1232,20,16
4777,1232,24,15
4778,1234,7,5
4779,1234,16,23
4780,1234,11,22
4781,1235,15,23
4782,1236,19,11
4783,1237,3,10
4784,1237,14,5
4785,1237,4,22
4786,1238,11,21
4787,1238,5,16
4788,1238,15,3
4789,1238,2,21
4790,1238,6,13
4791,1238,8,6
4792,1238,12,6
4793,1238,17,11
4794,1239,10,12
4795,1239,20,24
4796,1239,15,21
4797,1240,15,14
4798,1240,8,22
4799,1240,21,5
4800,1240,16,7
4801,1240,0,23
4802,1240,24,1
4803,1241,16,18
4804,1241,16,7
4805,1241,4,16
4806,1241,3,18
4807,1242,10,1
4808,1242,14,6
4809,1242,13,17
4810,1242,0,23
4811,1243,20,19
4812,1243,21,2
4813,1244,20,9
4814,1244,17,4
4815,1244,23,19
4816,1245,7,11
4817,1245,1,17
4818,1245,9,22
4819,1245,7,16
4820,1245,24,17
4821,1245,12,2
4822,1246,20,19
4823,1246,7,3
4824,1246,21,5
4825,1246,7,16
4826,1246,24,0
4827,1247,15,7
4828,1247,12,24
4829,1248,22,24
4830,1248,15,19
4831,1248,23,5
4832,1248,0,13
4833,1248,1,21
4834,1249,5,3
4835,1249,21,11
4836,1250,18,3
4837,1250,17,13
4838,1250,19,5
4839,1250,5,23
4840,1250,0,2
4841,1251,2,17
4842,1251,23,3
4843,1251,23,4
4844,1252,20,3
4845,1252,12,0
4846,1252,12,6
4847,1253,7,9
4848,1253,15,14
4849,1253,2,21
4850,1254,13,4
4851,1256,22,2
4852,1256,0,6
4853,1256,5,3
4854,1257,11,14
4855,1257,20,16
4856,1257,1,3
4857,1257,5,22
4858,1258,11,5
4859,1258,18,4
4860,1258,24,2
4861,1258,10,22
4862,1258,7,15
4863,1259,23,17
4864,1259,5,7
4865,1259,14,8
4866,1259,1,21
4867,1259,21,13
4868,1259,19,17
4869,1260,21,2
4870,1260,12,21
4871,1260,19,13
4872,1260,15,24
4873,1260,2,13
4874,1261,19,10
4875,1261,23,3
4876,1261,19,21
4877,1261,0,22
4878,1261,8,11
4879,1261,0,16
4880,1262,3,15
4881,1263,9,22
4882,1263,17,15
4883,1263,24,16
4884,1264,13,15
4885,1264,20,4
4886,1264,16,4
4887,1264,18,1
4888,1264,18,12
4889,1265,23,13
4890,1265,2,18
4891,1265,19,23
4892,1265,4,8
4893,1265,24,9
4894,1266,16,6
4895,1267,21,17
4896,1268,10,24
4897,1268,18,2
4898,1268,11,13
4899,1269,20,1
4900,1269,22,12
4901,1269,8,19
4902,1269,15,13
4903,1269,1,15
4904,1270,9,2
4905,1270,7,17
4906,1270,12,0
4907,1270,19,5
4908,1271,23,14
4909,1271,8,20
4910,1271,0,9
4911,1271,7,15
4912,1271,2,16
4913,1271,12,10
4914,1272,12,19
4915,1272,13,5
4916,1272,16,7
4917,1273,6,21
4918,1273,0,10
4919,1273,19,3
4920,1273,8,12
4921,1273,6,8
4922,1274,20,9
4923,1274,4,21
4924,1275,16,13
4925,1275,9,3
4926,1275,10,23
4927,1275,24,8
4928,1275,24,11
4929,1276,17,15
4930,1276,20,2
4931,1276,20,5
4932,1276,18,22
4933,1276,13,15
4934,1277,24,6
4935,1277,19,3
4936,1277,11,18
4937,1278,10,14
4938,1278,18,20
4939,1278,9,13
4940,1278,5,13
4941,1279,1,3
4942,1279,24,17
4943,1279,15,14
4944,1279,1,3
4945,1280,16,9
4946,1281,10,2
4947,1281,20,19
4948,1281,20,1
4949,1281,23,10
4950,1281,10,2
4951,1281,2,22
4952,1281,4,10
4953,1282,16,9
4954,1282,8,18
4955,1282,21,5
4956,1282,1,8
4957,1283,22,1
4958,1283,3,19
4959,1283,24,8
4960,1283,18,5
4961,1284,12,20
4962,1284,15,2
4963,1284,20,9
4964,1284,16,23
4965,1285,16,6
4966,1285,21,12
4967,1285,20,6
4968,1285,21,4
4969,1286,24,17
4970,1286,18,6
4971,1286,16,22
4972,1286,12,15
4973,1286,16,4
4974,1286,0,11
4975,1286,6,12
4976,1287,17,13
4977,1287,7,15
4978,1287,18,6
4979,1287,7,14
4980,1287,14,24
4981,1287,0,18
4982,1287,17,21
4983,1287,4,1
4984,1288,2,13
4985,1288,2,6
4986,1288,19,7
4987,1289,11,7
4988,1289,17,14
4989,1290,7,22
4990,1290,2,5
4991,1291,23,16
4992,1291,6,13
4993,1291,23,7
4994,1291,14,11
4995,1292,13,17
4996,1292,14,10
4997,1292,15,9
4998,1292,24,5
4999,1292,22,18
5000,1294,24,13
5001,1294,5,22
5002,1294,10,13
5003,1294,17,13
5004,1294,0,9
5005,1295,5,3
5006,1295,15,19
5007,1295,2,21
5008,1296,0,18
5009,1296,15,9
5010,1296,7,15
5011,1296,16,8
5012,1296,5,1
5013,1296,12,16
5014,1296,21,23
5015,1297,21,13
5016,1297,13,15
5017,1297,4,17
5018,1297,9,5
5019,1297,8,14
5020,1297,9,20
5021,1297,11,2
5022,1297,16,13
5023,1298,2,21
5024,1298,21,18
5025,1299,2,5
5026,1299,9,5
5027,1299,0,6
5028,1299,18,16
5029,1300,2,12
5030,1300,7,14
5031,1300,20,22
5032,1300,14,24
5033,1301,12,19
5034,1301,20,24
5035,1301,16,0
5036,1301,1,17
5037,1302,24,4
5038,1302,5,21
5039,1302,0,9
5040,1302,15,19
5041,1303,1,22
5042,1303,21,7
5043,1303,23,9
5044,1303,1,11
5045,1303,17,0
5046,1303,24,18
5047,1304,5,17
5048,1304,2,16
5049,1304,14,20
5050,1304,23,5
5051,1304,15,14
5052,1304,14,22
5053,1305,14,2
5054,1305,6,4
5055,1306,19,4
5056,1306,6,2
5057,1306,19,2
5058,1307,11,7
5059,1307,5,22
5060,1307,10,14
5061,1307,13,23
5062,1307,15,2
5063,1308,21,4
5064,1308,19,20
5065,1308,21,17
5066,1308,20,4
5067,1309,0,10
5068,1310,5,17
5069,1310,9,12
5070,1310,10,12
5071,1310,15,14
5072,1311,16,24
5073,1312,24,7
5074,1313,1,22
5075,1313,14,17
5076,1313,23,15
5077,1313,12,10
5078,1313,6,12
5079,1314,6,24
5080,1314,1,15
5081,1314,18,9
5082,1315,12,20
5083,1315,4,19
5084,1315,15,24
5085,1315,19,4
5086,1316,17,8
5087,1317,6,19
5088,1317,6,4
5089,1317,14,7
5090,1317,12,21
5091,1317,4,11
5092,1317,18,9
5093,1318,11,20
5094,1318,19,12
5095,1318,23,6
5096,1318,11,19
5097,1318,19,3
5098,1318,7,22
5099,1318,19,2
5100,1319,17,8
5101,1319,6,14
5102,1319,0,16
5103,1319,9,22
5104,1319,6,0
5105,1319,5,19
5106,1319,2,14
5107,1320,5,9
5108,1320,1,15
5109,1320,5,14
5110,1321,16,5
5111,1321,21,1
5112,1321,6,23
5113,1321,9,23
5114,1321,9,0
5115,1322,4,15
5116,1322,3,7
5117,1322,23,3
5118,1322,12,4
5119,1322,23,9
5120,1323,16,4
5121,1323,6,9
5122,1323,16,14
5123,1323,23,19
5124,1324,14,21
5125,1324,1,23
5126,1324,21,15
5127,1325,8,4
5128,1325,2,10
5129,1325,22,10
5130,1325,9,5
5131,1325,18,16
5132,1325,24,10
5133,1326,20,5
5134,1326,10,0
5135,1326,23,12
5136,1327,10,7
5137,1327,3,5
5138,1327,16,22
5139,1328,4,12
5140,1328,14,12
5141,1328,4,24
5142,1328,24,11
5143,1328,9,12
5144,1329,8,24
5145,1329,20,16
5146,1329,15,22
5147,1329,10,17
5148,1330,1,23
5149,1330,24,9
5150,1330,23,8
5151,1330,0,8
5152,1330,22,3
5153,1330,16,6
5154,1330,9,24
5155,1331,19,8
5156,1331,6,22
5157,1331,11,21
5158,1331,7,1
5159,1332,20,4
5160,1332,21,13
5161,1333,19,20
5162,1333,14,7
5163,1334,0,4
5164,1334,0,4
5165,1334,21,7
5166,1335,12,0
5167,1335,3,11
5168,1335,10,23
5169,1336,4,19
5170,1336,19,9
5171,1336,9,17
5172,1336,23,4
5173,1337,3,12
5174,1337,20,24
5175,1338,5,7
5176,1338,18,21
5177,1338,1,24
5178,1338,11,9
5179,1338,13,3
5180,1338,17,2
5181,1339,1,10
5182,1339,16,18
5183,1340,0,7
5184,1340,2,22
5185,1340,14,4
5186,1341,14,1
5187,1341,6,23
5188,1342,14,5
5189,1342,11,8
5190,1342,24,13
5191,1343,20,12
5192,1343,5,24
5193,1343,10,9
5194,1343,15,6
5195,1343,6,8
5196,1343,20,16
5197,1343,22,7
5198,1344,17,11
5199,1345,2,10
5200,1345,20,2
5201,1346,18,2
5202,1346,15,13
5203,1346,11,0
5204,1347,7,5
5205,1347,19,20
5206,1348,16,1
5207,1348,5,4
5208,1348,24,12
5209,1348,24,21
5210,1348,5,15
5211,1348,15,24
5212,1348,4,18
5213,1349,7,0
5214,1349,16,6
5215,1350,17,15
5216,1351,5,20
5217,1351,14,21
5218,1351,8,2
5219,1351,19,3
5220,1352,10,0
5221,1352,1,11
5222,1352,21,4
5223,1353,7,18
5224,1353,6,10
5225,1354,22,4
5226,1354,3,18
5227,1354,6,18
5228,1354,18,8
5229,1354,10,21
5230,1354,3,20
5231,1355,12,21
5232,1355,6,10
5233,1355,1,22
5234,1356,15,11
5235,1356,16,23
5236,1356,5,11
5237,1356,14,12
5238,1357,1,12
5239,1358,1,23
5240,1359,12,1
5241,1359,10,0
5242,1359,23,11
5243,1359,13,16
5244,1359,16,0
5245,1359,11,22
5246,1360,0,18
5247,1360,22,20
5248,1361,23,19
5249,1361,13,16
5250,1361,18,10
5251,1361,23,7
5252,1361,9,24
5253,1361,11,24
5254,1362,14,5
5255,1362,12,8
5256,1362,13,1
5257,1362,16,4
5258,1362,24,10
5259,1363,7,0
5260,1363,10,23
5261,1363,17,23
5262,1363,21,7
5263,1364,12,9
5264,1364,15,6
5265,1364,8,2
5266,1364,1,12
5267,1365,24,0
5268,1365,4,13
5269,1365,2,5
5270,1366,16,9
5271,1366,18,9
5272,1367,9,5
5273,1367,11,17
5274,1367,5,1
5275,1368,19,17
5276,1368,20,24
5277,1368,14,12
5278,1368,15,5
5279,1368,15,13
5280,1368,23,4
5281,1369,6,9
5282,1369,22,12
5283,1369,8,4
5284,1369,1,5
5285,1369,23,11
5286,1369,13,6
5287,1369,16,2
5288,1369,18,12
5289,1369,2,12
5290,1369,23,15
5291,1370,18,3
5292,1370,7,3
5293,1370,5,3
5294,1370,11,7
5295,1371,11,18
5296,1371,13,1
5297,1371,14,5
5298,1371,5,11
5299,1372,3,19
5300,1372,22,1
5301,1373,18,1
5302,1373,21,5
5303,1373,10,19
5304,1374,9,11
5305,1374,9,2
5306,1374,9,7
5307,1374,0,12
5308,1375,3,20
5309,1375,11,22
5310,1375,11,1
5311,1376,8,19
5312,1376,13,1
5313,1376,12,4
5314,1377,20,5
5315,1377,1,13
5316,1377,18,6
5317,1378,9,7
5318,1378,5,9
5319,1379,23,7
5320,1379,9,15
5321,1379,15,0
5322,1380,1,3
5323,1380,22,11
5324,1380,18,1
5325,1380,23,7
5326,1381,9,18
5327,1381,9,2
5328,1381,10,13
5329,1382,9,15
5330,1382,19,21
5331,1382,13,16
5332,1383,6,12
5333,1383,20,1
5334,1383,19,22
5335,1384,15,4
5336,1385,15,17
5337,1385,9,24
5338,1385,21,2
5339,1385,0,2
5340,1386,9,5
5341,1386,4,18
5342,1386,22,11
5343,1386,7,5
5344,1387,12,10
5345,1387,12,4
5346,1387,9,10
5347,1387,19,16
5348,1387,21,11
5349,1388,3,18
5350,1388,19,8
5351,1388,11,22
5352,1388,5,9
5353,1389,13,24
5354,1389,13,15
5355,1389,1,19
5356,1389,22,5
5357,1389,23,16
5358,1390,2,8
5359,1390,10,19
5360,1390,12,3
5361,1390,23,6
5362,1391,22,14
5363,1391,12,9
5364,1391,18,12
5365,1391,24,15
5366,1391,9,5
5367,1391,13,17
5368,1391,21,19
5369,1391,24,18
5370,1392,22,9
5371,1392,6,0
5372,1392,1,19
5373,1393,11,22
5374,1394,8,5
5375,1394,9,23
5376,1394,13,0
5377,1394,8,5
5378,1394,24,17
5379,1394,1,14
5380,1395,0,12
5381,1395,18,21
5382,1395,9,3
5383,1396,14,16
5384,1396,2,18
5385,1396,4,16
5386,1396,24,8
5387,1396,22,11
5388,1396,3,21
5389,1396,7,3
5390,1397,19,17
5391,1397,21,14
5392,1397,18,0
5393,1397,12,2
5394,1397,23,15
5395,1397,2,13
5396,1398,24,21
5397,1398,20,7
5398,1399,13,6
5399,1399,2,9
5400,1399,15,22
5401,1399,13,5
5402,1399,12,14
5403,1399,9,3
5404,1400,13,4
5405,1400,9,17
5406,1400,1,22
5407,1401,5,4
5408,1401,7,20
5409,1401,2,20
5410,1402,18,1
5411,1402,12,6
5412,1403,16,4
5413,1403,13,0
5414,1404,8,23
5415,1404,19,9
5416,1404,12,3
5417,1404,1,23
5418,1404,0,3
5419,1404,20,0
5420,1405,2,17
5421,1405,11,4
5422,1405,1,11
5423,1405,18,22
5424,1406,6,2
5425,1406,19,9
5426,1406,18,2
5427,1406,16,8
5428,1406,4,22
5429,1406,9,22
5430,1407,5,15
5431,1408,2,22
5432,1408,22,9
5433,1408,18,2
5434,1409,12,24
5435,1409,4,5
5436,1409,5,12
5437,1409,6,24
5438,1409,2,6
5439,1409,8,14
5440,1410,10,14
5441,1410,7,10
5442,1410,18,15
5443,1410,14,21
5444,1411,9,23
5445,1411,10,20
5446,1411,16,8
5447,1411,10,9
5448,1411,8,0
5449,1411,17,24
5450,1412,24,10
5451,1412,24,16
5452,1412,3,7
5453,1412,11,22
5454,1413,9,21
5455,1413,12,22
5456,1413,5,1
5457,1413,17,15
5458,1413,12,21
5459,1414,20,9
5460,1414,3,13
5461,1414,21,2
5462,1414,4,2
5463,1414,5,14
5464,1414,18,4
5465,1415,21,24
5466,1415,16,24
5467,1415,7,9
5468,1415,7,19
5469,1415,2,18
5470,1415,15,6
5471,1415,15,24
5472,1415,6,14
5473,1416,21,4
5474,1416,6,4
5475,1416,23,15
5476,1416,6,13
5477,1416,3,12
5478,1416,3,17
5479,1416,16,2
5480,1417,11,3
5481,1417,24,12
5482,1417,9,18
5483,1418,5,12
5484,1418,17,2
5485,1418,2,12
5486,1418,4,1
5487,1419,15,1
5488,1419,18,1
5489,1420,16,12
5490,1421,14,24
5491,1421,15,18
5492,1421,11,13
5493,1421,13,19
5494,1421,8,1
5495,1421,15,4
5496,1421,12,8
5497,1421,8,19
5498,1421,11,20
5499,1422,12,16
5500,1422,22,16
5501,1423,8,15
5502,1423,13,10
5503,1423,21,19
5504,1424,23,4
5505,1424,2,21
5506,1424,4,16
5507,1424,3,10
5508,1425,19,11
5509,1425,11,5
5510,1425,3,0
5511,1425,21,7
5512,1425,14,6
5513,1425,3,10
5514,1426,3,20
5515,1426,13,0
5516,1426,12,5
5517,1426,21,13
5518,1426,10,18
5519,1427,20,16
5520,1427,18,5
5521,1427,8,0
5522,1428,20,22
5523,1428,14,2
5524,1428,18,10
5525,1428,18,16
5526,1428,19,1
5527,1428,10,18
5528,1428,24,0
5529,1428,0,7
5530,1428,10,18
5531,1429,14,15
5532,1429,15,18
5533,1429,8,18
5534,1429,18,24
5535,1429,2,20
5536,1429,13,7
5537,1429,8,16
5538,1430,17,10
5539,1430,2,6
5540,1431,11,15
5541,1431,9,0
5542,1431,8,0
5543,1431,18,11
5544,1431,11,3
5545,1431,3,9
5546,1432,24,16
5547,1432,1,12
5548,1432,17,19
5549,1432,17,23
5550,1432,13,22
5551,1432,20,10
5552,1432,24,22
5553,1432,19,0
5554,1433,20,1
5555,1433,18,14
5556,1433,5,18
5557,1433,9,7
5558,1434,13,2
5559,1434,0,10
5560,1434,21,10
5561,1434,21,12
5562,1435,22,5
5563,1435,19,21
5564,1435,15,12
5565,1435,22,6
5566,1435,14,7
5567,1436,8,23
5568,1436,24,10
5569,1436,14,3
5570,1436,5,11
5571,1436,6,8
5572,1437,11,4
5573,1437,12,16
5574,1437,3,23
5575,1437,17,20
5576,1438,8,11
5577,1438,2,8
5578,1438,16,22
5579,1438,4,1
5580,1438,23,8
5581,1438,16,22
5582,1439,3,24
5583,1439,21,9
5584,1439,15,22
5585,1439,23,15
5586,1440,2,23
5587,1440,23,3
5588,1440,24,22
5589,1441,2,0
5590,1441,0,12
5591,1441,10,7
5592,1441,16,0
5593,1442,22,4
5594,1442,15,1
5595,1443,15,3
5596,1443,4,14
5597,1443,16,5
5598,1444,1,22
5599,1444,8,23
5600,1444,4,16
5601,1444,10,24
5602,1444,12,20
5603,1444,23,3
5604,1445,9,16
5605,1445,21,3
5606,1445,4,10
5607,1445,13,19
5608,1446,9,22
5609,1446,14,0
5610,1446,19,4
5611,1447,8,6
5612,1447,22,12
5613,1447,13,23
5614,1447,8,6
5615,1447,21,10
5616,1447,2,23
5617,1448,13,17
5618,1448,1,16
5619,1449,11,19
5620,1449,3,6
5621,1449,6,15
5622,1449,18,3
5623,1450,24,11
5624,1450,2,10
5625,1450,14,24
5626,1450,21,14
5627,1451,17,11
5628,1451,7,20
5629,1451,4,18
5630,1451,7,3
5631,1451,17,2
5632,1451,3,17
5633,1452,13,16
5634,1452,1,20
5635,1452,7,24
5636,1452,6,0
5637,1453,23,9
5638,1453,7,18
5639,1453,21,1
5640,1453,22,7
5641,1453,20,9
5642,1453,8,19
5643,1453,4,14
5644,1453,0,12
5645,1454,23,19
5646,1454,20,18
5647,1454,15,8
5648,1454,15,11
5649,1455,7,4
5650,1455,9,12
5651,1455,9,5
5652,1456,6,22
5653,1456,4,2
5654,1456,14,17
5655,1456,9,19
5656,1456,1,3
5657,1458,22,9
5658,1458,6,18
5659,1460,4,0
5660,1460,3,15
5661,1460,2,8
5662,1461,10,18
5663,1461,5,20
5664,1461,21,7
5665,1461,13,9
5666,1462,23,2
5667,1462,17,1
5668,1463,11,24
5669,1463,4,17
5670,1464,10,24
5671,1464,13,24
5672,1464,24,11
5673,1465,0,4
5674,1465,17,9
5675,1465,5,14
5676,1465,8,1
5677,1465,1,20
5678,1465,24,3
5679,1466,15,9
5680,1466,7,3
5681,1466,15,2
5682,1466,16,18
5683,1466,14,8
5684,1467,19,1
5685,1468,21,12
5686,1468,15,17
5687,1468,14,17
5688,1468,1,7
5689,1468,8,10
5690,1468,2,4
5691,1469,10,22
5692,1470,2,21
5693,1471,11,17
5694,1471,13,1
5695,1471,6,20
5696,1471,21,9
5697,1472,3,0
5698,1472,22,1
5699,1472,9,13
5700,1472,23,2
5701,1472,7,21
5702,1472,1,21
5703,1472,18,24
5704,1472,0,11
5705,1473,22,15
5706,1473,0,14
5707,1473,16,18
5708,1473,17,10
5709,1474,17,19
5710,1475,9,23
5711,1475,3,15
5712,1475,24,16
5713,1475,21,13
5714,1475,0,2
5715,1475,20,19
5716,1476,10,23
5717,1478,9,5
5718,1478,21,6
5719,1478,5,22
5720,1478,16,19
5721,1479,19,21
5722,1479,4,23
5723,1479,6,12
5724,1479,8,20
5725,1480,5,15
5726,1480,20,3
5727,1480,13,22
5728,1480,4,19
5729,1480,5,13
5730,1480,21,24
5731,1481,2,15
5732,1481,17,21
5733,1481,7,21
5734,1482,9,5
5735,1482,11,0
5736,1482,16,13
5737,1483,12,0
5738,1483,4,0
5739,1483,16,9
5740,1483,17,10
5741,1483,12,8
5742,1483,2,21
5743,1483,9,24
5744,1483,11,7
5745,1484,6,22
5746,1484,2,15
5747,1484,19,21
5748,1485,5,15
5749,1485,11,0
5750,1485,20,22
5751,1485,16,14
5752,1485,19,2
5753,1486,2,8
5754,1486,14,24
5755,1486,17,10
5756,1486,10,1
5757,1487,21,23
5758,1487,5,19
5759,1487,0,7
5760,1487,19,11
5761,1487,18,5
5762,1487,10,6
5763,1487,3,1
5764,1488,18,4
5765,1488,16,18
5766,1488,14,6
5767,1488,23,4
5768,1488,9,13
5769,1488,22,8
5770,1488,8,4
5771,1489,8,22
5772,1489,22,20
5773,1490,22,19
5774,1490,8,19
5775,1490,24,16
5776,1490,13,19
5777,1491,21,12
5778,1491,13,17
5779,1491,3,19
5780,1491,17,3
5781,1492,7,20
5782,1492,14,21
5783,1492,13,17
5784,1492,20,13
5785,1493,5,18
5786,1493,2,18
5787,1493,23,21
5788,1493,14,24
5789,1493,19,16
5790,1493,5,7
5791,1493,15,11
5792,1494,5,1
5793,1494,24,1
5794,1494,9,11
5795,1494,18,2
5796,1494,0,4
5797,1494,23,1
5798,1495,6,2
5799,1495,12,20
5800,1495,11,1
5801,1495,16,6
5802,1495,6,13
5803,1497,20,18
5804,1497,14,16
5805,1497,0,18
5806,1497,16,6
5807,1497,21,14
5808,1498,11,13
5809,1498,2,8
5810,1498,21,23
5811,1498,14,0
5812,1499,18,20
5813,1499,24,17
5814,1499,2,6
5815,1499,13,0
5816,1499,1,3
5817,1500,0,24
5818,1500,5,1
5819,1500,17,13
5820,1501,1,20
5821,1501,13,7
5822,1501,10,8
5823,1502,22,2
5824,1502,9,24
5825,1502,4,6
5826,1502,11,1
5827,1502,19,12
5828,1502,19,1
5829,1502,22,2
5830,1503,21,1
5831,1503,21,10
5832,1503,11,7
5833,1503,16,7
5834,1504,19,2
5835,1504,0,13
5836,1504,19,8
5837,1504,0,13
5838,1504,0,16
5839,1504,13,11
5840,1504,5,8
5841,1504,4,10
5842,1505,15,0
5843,1505,18,5
5844,1505,2,14
5845,1505,20,24
5846,1505,2,5
5847,1505,5,9
5848,1506,8,0
5849,1506,20,8
5850,1506,14,4
5851,1507,8,6
5852,1507,9,23
5853,1508,20,6
5854,1508,23,9
5855,1508,16,6
5856,1508,16,13
5857,1508,20,16
5858,1509,16,13
5859,1509,23,11
5860,1509,12,16
5861,1509,8,12
5862,1509,23,21
5863,1509,20,19
5864,1510,0,21
5865,1510,20,12
5866,1510,15,8
5867,1510,24,18
5868,1511,13,7
5869,1511,12,16
5870,1511,7,10
5871,1511,24,0
5872,1511,6,3
5873,1511,12,23
5874,1511,12,1
5875,1512,6,22
5876,1512,21,3
5877,1512,4,21
5878,1512,18,14
5879,1512,2,15
5880,1513,15,13
5881,1513,2,11
5882,1513,1,11
5883,1513,8,6
5884,1513,0,16
5885,1513,18,1
5886,1514,8,10
5887,1514,1,16
5888,1514,21,8
5889,1514,22,18
5890,1514,6,2
5891,1515,20,5
5892,1515,22,14
5893,1515,9,17
5894,1515,8,17
5895,1515,7,24
5896,1516,12,3
5897,1516,9,19
5898,1516,7,17
5899,1516,21,10
5900,1516,19,7
5901,1517,19,20
5902,1517,14,0
5903,1517,14,18
5904,1517,13,19
5905,1518,1,23
5906,1518,19,12
5907,1518,9,5
5908,1519,3,12
5909,1520,14,10
5910,1520,14,11
5911,1520,23,16
5912,1520,24,2
5913,1520,11,3
5914,1520,15,12
5915,1521,15,14
5916,1521,4,21
5917,1521,7,13
5918,1521,13,21
5919,1521,16,3
5920,1521,3,18
5921,1522,2,6
5922,1522,18,16
5923,1522,5,9
5924,1522,20,14
5925,1524,7,13
5926,1524,15,8
5927,1524,15,4
5928,1525,6,4
5929,1525,24,4
5930,1525,16,14
5931,1525,5,15
5932,1525,17,19
5933,1526,19,1
5934,1526,15,3
5935,1526,9,19
5936,1526,5,18
5937,1527,21,24
5938,1527,17,2
5939,1527,9,18
5940,1527,18,24
5941,1527,21,6
5942,1528,11,15
5943,1528,7,22
5944,1528,6,18
5945,1528,21,12
5946,1528,11,18
5947,1529,17,8
5948,1529,23,13
5949,1529,23,21
5950,1529,16,20
5951,1529,17,10
5952,1529,12,2
5953,1530,6,10
5954,1530,0,11
5955,1531,17,4
5956,1531,12,24
5957,1532,10,4
5958,1532,4,11
5959,1532,3,9
5960,1532,13,4
5961,1532,14,22
5962,1532,18,14
5963,1532,6,13
5964,1532,17,24
5965,1532,21,12
5966,1533,6,10
5967,1533,11,1
5968,1533,23,20
5969,1533,18,8
5970,1534,2,12
5971,1534,2,12
5972,1534,14,15
5973,1534,5,21
5974,1535,2,6
5975,1535,21,17
5976,1535,18,14
5977,1535,13,15
5978,1536,18,20
5979,1536,11,9
5980,1536,10,0
5981,1536,3,10
5982,1536,22,4
5983,1537,23,3
5984,1537,20,9
5985,1537,9,6
5986,1537,11,3
5987,1537,15,5
5988,1538,2,24
5989,1538,3,17
5990,1538,4,7
5991,1538,4,17
5992,1538,6,9
5993,1539,18,22
5994,1539,0,4
5995,1540,15,22
5996,1540,6,9
5997,1541,12,16
5998,1541,7,10
5999,1542,6,23
6000,1542,22,18
6001,1542,22,1
6002,1542,12,3
6003,1542,3,17
6004,1542,21,8
6005,1542,7,15
6006,1543,2,18
6007,1543,9,22
6008,1544,1,13
6009,1544,21,4
6010,1544,12,1
6011,1544,22,16
6012,1545,7,11
6013,1545,6,20
6014,1545,1,13
6015,1545,0,3
6016,1545,1,18
6017,1546,18,21
6018,1546,19,9
6019,1546,24,20
6020,1546,1,21
6021,1546,9,20
6022,1546,12,0
6023,1546,7,16
6024,1547,8,15
6025,1547,0,17
6026,1548,16,24
6027,1548,16,13
6028,1548,12,4
6029,1549,0,18
6030,1549,7,10
6031,1549,1,23
6032,1549,7,3
6033,1550,17,1
6034,1550,5,20
6035,1551,4,24
6036,1551,24,8
6037,1551,12,20
6038,1551,4,12
6039,1552,13,1
6040,1552,12,18
6041,1553,21,15
6042,1553,24,15
6043,1553,4,14
6044,1553,17,8
6045,1554,9,0
6046,1554,4,8
6047,1554,18,1
6048,1555,13,21
6049,1555,17,19
6050,1555,22,4
6051,1556,7,1
6052,1556,22,7
6053,1556,23,8
6054,1556,24,21
6055,1556,20,16
6056,1556,16,20
6057,1556,23,16
6058,1557,1,7
6059,1557,2,16
6060,1557,10,7
6061,1557,10,6
6062,1558,8,12
6063,1558,23,1
6064,1559,14,5
6065,1559,22,20
6066,1559,9,7
6067,1559,17,2
6068,1560,12,24
6069,1560,22,1
6070,1560,23,15
6071,1560,22,2
6072,1561,19,1
6073,1562,22,0
6074,1562,3,22
6075,1563,5,3
6076,1563,21,2
6077,1564,15,11
6078,1564,15,11
6079,1564,2,9
6080,1565,20,4
6081,1565,2,22
6082,1565,8,23
6083,1565,6,20
6084,1566,18,3
6085,1566,13,16
6086,1566,16,13
6087,1566,2,20
6088,1566,4,16
6089,1567,10,3
6090,1567,4,12
6091,1568,16,18
6092,1568,19,5
6093,1568,10,14
6094,1569,6,18
6095,1569,18,1
6096,1570,10,6
6097,1570,3,24
6098,1570,13,22
6099,1570,2,5
6100,1571,3,23
6101,1571,9,18
6102,1571,13,5
6103,1571,6,10
6104,1571,20,23
6105,1572,1,4
6106,1572,10,4
6107,1572,15,5
6108,1572,10,13
6109,1572,0,19
6110,1572,23,17
6111,1573,11,17
6112,1573,2,12
6113,1573,3,14
6114,1573,4,12
6115,1573,21,19
6116,1574,2,6
6117,1574,0,13
6118,1574,12,6
6119,1575,10,2
6120,1575,24,22
6121,1575,1,22
6122,1576,0,18
6123,1576,20,0
6124,1576,18,24
6125,1576,2,4
6126,1576,3,12
6127,1576,0,20
6128,1577,21,5
6129,1577,3,9
6130,1577,17,5
6131,1577,16,5
6132,1578,22,24
6133,1578,23,13
6134,1578,24,15
6135,1578,0,17
6136,1578,19,4
6137,1578,7,16
6138,1580,24,1
6139,1580,7,1
6140,1581,13,16
6141,1581,8,15
6142,1581,4,21
6143,1581,24,3
6144,1581,20,1
6145,1581,17,8
6146,1581,17,21
6147,1581,24,2
6148,1581,6,3
6149,1582,22,14
6150,1582,6,12
6151,1582,23,21
6152,1582,0,19
6153,1582,5,1
6154,1583,22,3
6155,1583,7,17
6156,1583,7,22
6157,1583,11,3
6158,1583,14,16
6159,1584,22,5
6160,1584,0,19
6161,1584,16,3
6162,1584,22,3
6163,1585,16,22
6164,1585,24,17
6165,1585,14,22
6166,1586,5,4
6167,1586,22,2
6168,1586,11,3
6169,1586,7,13
6170,1586,15,7
6171,1586,12,23
6172,1586,3,16
6173,1586,16,23
6174,1586,19,10
6175,1587,20,19
6176,1588,1,12
6177,1588,24,13
6178,1588,4,18
6179,1588,12,10
6180,1589,9,1
6181,1589,14,8
6182,1589,16,10
6183,1590,23,12
6184,1590,13,22
6185,1590,8,20
6186,1591,20,6
6187,1591,17,9
6188,1592,18,3
6189,1592,6,3
6190,1592,14,22
6191,1592,13,23
6192,1592,22,11
6193,1593,8,21
6194,1593,18,1
6195,1593,9,19
6196,1593,15,18
6197,1593,12,15
6198,1593,12,9
6199,1593,10,20
6200,1593,11,3
6201,1594,12,1
6202,1594,3,15
6203,1594,19,13
6204,1594,4,18
6205,1594,2,4
6206,1594,24,15
6207,1594,13,17
6208,1594,17,2
6209,1594,14,5
6210,1595,18,3
6211,1595,16,18
6212,1595,2,13
6213,1595,14,8
6214,1595,9,7
6215,1595,19,21
6216,1595,18,9
6217,1596,7,11
6218,1596,19,12
6219,1597,23,5
6220,1597,5,12
6221,1597,14,7
6222,1597,15,13
6223,1597,9,21
6224,1597,0,4
6225,1598,3,21
6226,1598,17,11
6227,1598,21,12
6228,1598,22,8
6229,1599,10,2
6230,1599,21,1
6231,1599,6,16
6232,1599,9,19
6233,1599,17,24
6234,1600,7,17
6235,1600,0,13
6236,1601,20,0
6237,1601,24,16
6238,1601,22,8
6239,1601,13,3
6240,1601,19,15
6241,1602,11,2
6242,1602,16,3
6243,1602,13,15
6244,1602,14,1
6245,1602,0,12
6246,1602,17,21
6247,1602,24,10
6248,1603,0,17
6249,1603,5,11
6250,1603,18,22
6251,1603,19,1
6252,1604,15,2
6253,1604,13,7
6254,1604,11,15
6255,1604,16,8
6256,1604,8,22
6257,1605,23,11
6258,1605,20,18
6259,1606,1,14
6260,1606,3,24
6261,1606,11,8
6262,1606,24,22
6263,1606,2,6
6264,1606,8,16
6265,1607,5,21
6266,1607,12,19
6267,1607,21,23
6268,1608,7,23
6269,1608,5,14
6270,1608,23,6
6271,1609,1,3
6272,1609,9,22
6273,1609,3,6
6274,1609,3,17
6275,1610,21,19
6276,1610,24,13
6277,1610,19,5
6278,1610,7,4
6279,1610,12,19
6280,1611,16,19
6281,1611,2,22
6282,1611,19,17
6283,1611,1,4
6284,1611,20,4
6285,1612,3,23
6286,1612,9,5
6287,1612,13,24
6288,1612,9,13
6289,1612,14,20
6290,1612,8,16
6291,1613,8,22
6292,1613,7,11
6293,1613,10,7
6294,1613,6,24
6295,1613,19,9
6296,1614,24,9
6297,1614,12,18
6298,1614,20,16
6299,1614,23,11
6300,1614,13,4
6301,1615,8,20
6302,1615,12,23
6303,1615,13,3
6304,1616,3,20
6305,1616,15,18
6306,1616,2,4
6307,1616,8,18
6308,1617,10,3
6309,1617,3,21
6310,1617,4,2
6311,1617,6,24
6312,1618,10,18
6313,1618,21,14
6314,1618,19,5
6315,1618,24,22
6316,1618,16,7
6317,1618,22,8
6318,1618,23,17
6319,1618,11,3
6320,1619,21,6
6321,1619,3,7
6322,1619,19,16
6323,1619,8,18
6324,1620,12,16
6325,1620,4,16
6326,1620,2,12
6327,1620,4,10
6328,1620,6,9
6329,1620,22,20
6330,1621,10,22
6331,1621,16,5
6332,1622,13,23
6333,1622,15,13
6334,1622,21,14
6335,1622,2,5
6336,1622,16,3
6337,1622,9,19
6338,1622,16,2
6339,1623,21,17
6340,1623,21,7
6341,1624,19,9
6342,1625,22,12
6343,1626,24,2
6344,1626,17,10
6345,1626,20,4
6346,1627,4,19
6347,1628,6,15
6348,1628,15,0
6349,1629,10,1
6350,1629,20,18
6351,1629,20,18
6352,1629,22,24
6353,1629,7,17
6354,1629,15,11
6355,1630,13,1
6356,1630,10,8
6357,1631,3,22
6358,1631,12,24
6359,1631,2,18
6360,1632,5,15
6361,1632,1,14
6362,1632,19,22
6363,1632,0,2
6364,1632,16,14
6365,1632,2,17
6366,1633,15,5
6367,1634,23,1
6368,1634,24,9
6369,1634,17,15
6370,1634,7,14
6371,1634,16,14
6372,1635,4,12
6373,1635,15,1
6374,1635,8,11
6375,1635,5,21
6376,1635,0,7
6377,1636,13,17
6378,1636,12,20
6379,1637,3,21
6380,1637,5,24
6381,1637,20,4
6382,1638,6,9
6383,1638,10,14
6384,1638,4,8
6385,1638,21,5
6386,1638,18,6
6387,1638,16,8
6388,1639,2,15
6389,1639,6,15
6390,1639,21,12
6391,1639,7,22
6392,1639,1,16
6393,1640,15,3
6394,1640,13,17
6395,1641,7,11
6396,1641,15,18
6397,1641,22,8
6398,1641,12,23
6399,1642,11,7
6400,1642,4,7
6401,1642,1,9
6402,1642,24,9
6403,1642,6,14
6404,1643,5,2
6405,1643,19,21
6406,1643,15,3
6407,1643,15,7
6408,1643,1,19
6409,1643,10,13
6410,1643,3,12
6411,1643,10,24
6412,1644,0,2
6413,1644,9,10
6414,1645,22,1
6415,1645,11,19
6416,1646,11,14
6417,1646,9,10
6418,1646,4,10
6419,1646,19,21
6420,1646,11,2
6421,1647,18,20
6422,1647,17,13
6423,1647,1,20
6424,1647,22,11
6425,1647,7,19
6426,1648,24,18
6427,1648,24,8
6428,1648,5,12
6429,1648,17,23
6430,1648,21,15
6431,1648,11,4
6432,1648,10,4
6433,1649,0,3
6434,1649,24,16
6435,1649,6,19
6436,1650,4,1
6437,1650,15,5
6438,1650,6,17
6439,1650,4,13
6440,1650,5,8
6441,1651,24,0
6442,1651,16,5
6443,1651,23,3
6444,1652,7,22
6445,1652,11,14
6446,1653,21,0
6447,1653,20,3
6448,1653,17,0
6449,1653,7,5
6450,1653,23,6
6451,1653,16,24
6452,1654,12,2
6453,1655,23,12
6454,1655,5,16
6455,1655,20,17
6456,1655,2,20
6457,1656,21,11
6458,1656,18,5
6459,1657,10,12
6460,1657,1,13
6461,1657,23,12
6462,1657,18,24
6463,1657,18,0
6464,1658,11,22
6465,1658,17,10
6466,1659,22,11
6467,1659,9,1
6468,1659,17,23
6469,1659,16,3
6470,1660,18,21
6471,1660,9,22
6472,1660,21,3
6473,1661,20,23
6474,1661,22,4
6475,1661,2,20
6476,1661,22,6
6477,1661,18,5
6478,1661,23,7
6479,1662,7,20
6480,1662,0,15
6481,1662,11,8
6482,1662,3,5
6483,1662,4,10
6484,1662,10,18
6485,1663,23,8
6486,1663,17,2
6487,1663,11,4
6488,1663,19,15
6489,1663,14,8
6490,1664,15,13
6491,1664,13,16
6492,1664,22,15
6493,1664,3,14
6494,1665,15,22
6495,1665,16,0
6496,1665,11,23
6497,1665,11,17
6498,1665,21,5
6499,1666,19,10
6500,1666,11,2
6501,1666,20,0
6502,1666,3,0
6503,1666,11,17
6504,1666,0,21
6505,1666,19,7
6506,1666,15,8
6507,1667,3,23
6508,1667,14,10
6509,1667,18,4
6510,1667,8,23
6511,1667,22,8
6512,1668,21,6
6513,1668,20,10
6514,1668,11,7
6515,1669,1,3
6516,1669,4,8
6517,1669,6,24
6518,1670,14,16
6519,1671,24,11
6520,1671,7,14
6521,1671,13,11
6522,1671,23,8
6523,1672,9,17
6524,1672,7,24
6525,1672,11,23
6526,1673,2,18
6527,1673,7,16
6528,1673,24,22
6529,1673,13,5
6530,1674,17,8
6531,1675,1,23
6532,1675,6,10
6533,1675,19,0
6534,1675,5,20
6535,1675,2,12
6536,1675,13,7
6537,1675,16,0
6538,1676,4,11
6539,1676,7,0
6540,1676,4,23
6541,1676,14,21
6542,1677,1,15
6543,1677,21,15
6544,1677,4,20
6545,1677,16,8
6546,1677,18,0
6547,1678,8,10
6548,1678,12,8
6549,1678,4,15
6550,1678,13,1
6551,1678,8,11
6552,1678,0,17
6553,1679,22,13
6554,1679,10,13
6555,1679,13,17
6556,1679,11,2
6557,1679,8,19
6558,1679,3,9
6559,1680,22,24
6560,1680,11,7
6561,1680,9,3
6562,1680,14,8
6563,1681,20,18
6564,1681,8,17
6565,1681,6,20
6566,1681,24,9
6567,1681,5,7
6568,1681,3,10
6569,1681,18,16
6570,1682,6,22
6571,1682,2,19
6572,1682,24,5
6573,1683,14,22
6574,1683,5,13
6575,1683,6,21
6576,1683,4,21
6577,1683,12,4
6578,1683,20,6
6579,1683,1,21
6580,1684,20,23
6581,1684,15,24
6582,1684,4,12
6583,1684,14,24
6584,1685,16,7
6585,1685,13,0
6586,1685,24,12
6587,1685,22,7
6588,1685,9,17
6589,1686,7,17
6590,1686,22,1
6591,1686,19,3
6592,1686,8,1
6593,1686,6,21
6594,1687,19,3
6595,1687,5,17
6596,1687,4,0
6597,1687,6,14
6598,1687,19,23
6599,1688,22,3
6600,1688,6,4
6601,1688,15,19
6602,1688,18,0
6603,1688,15,19
6604,1688,20,0
6605,1689,15,24
6606,1689,18,5
6607,1689,17,9
6608,1689,1,19
6609,1689,14,24
6610,1689,14,16
6611,1689,21,0
6612,1690,4,17
6613,1690,18,21
6614,1690,7,21
6615,1690,21,2
6616,1691,18,3
6617,1691,2,11
6618,1691,23,17
6619,1691,5,4
6620,1691,13,5
6621,1692,14,23
6622,1692,5,9
6623,1693,21,5
6624,1693,1,15
6625,1693,22,11
6626,1693,3,13
6627,1693,22,1
6628,1693,10,9
6629,1693,5,9
6630,1694,10,19
6631,1694,11,5
6632,1694,21,3
6633,1695,23,20
6634,1695,18,20
6635,1695,16,13
6636,1695,17,13
6637,1695,24,12
6638,1696,12,21
6639,1696,7,18
6640,1696,12,24
6641,1696,6,14
6642,1696,22,1
6643,1697,15,2
6644,1697,14,11
6645,1697,22,5
6646,1698,10,0
6647,1698,13,16
6648,1698,23,14
6649,1698,12,9
6650,1698,14,11
6651,1698,14,3
6652,1699,20,14
6653,1699,12,1
6654,1699,19,21
6655,1699,2,12
6656,1700,20,4
6657,1700,2,15
6658,1701,13,0
6659,1701,6,14
6660,1702,24,9
6661,1702,23,12
6662,1702,11,24
6663,1702,20,18
6664,1702,23,3
6665,1703,8,22
6666,1703,10,3
6667,1703,3,18
6668,1703,18,9
6669,1704,6,20
6670,1704,22,10
6671,1704,22,24
6672,1704,24,7
6673,1704,21,14
6674,1704,21,1
6675,1705,13,10
6676,1705,19,11
6677,1705,14,10
6678,1705,0,11
6679,1705,5,17
6680,1705,22,3
6681,1705,24,2
6682,1706,11,7
6683,1706,24,16
6684,1707,24,17
6685,1707,13,7
6686,1707,21,1
6687,1708,5,24
6688,1708,9,17
6689,1708,11,1
6690,1709,23,5
6691,1709,2,10
6692,1709,18,11
6693,1710,9,10
6694,1710,2,4
6695,1710,19,13
6696,1710,17,13
6697,1711,6,3
6698,1711,11,17
6699,1711,6,14
6700,1711,14,5
6701,1711,18,5
6702,1712,16,20
6703,1712,5,11
6704,1712,6,20
6705,1712,24,1
6706,1712,23,12
6707,1712,20,12
6708,1712,21,7
6709,1713,11,2
6710,1713,16,4
6711,1713,8,11
6712,1713,14,0
6713,1713,9,22
6714,1713,13,20
6715,1713,21,19
6716,1714,22,5
6717,1715,23,4
6718,1715,10,16
6719,1715,5,20
6720,1715,10,14
6721,1716,23,20
6722,1716,10,2
6723,1716,21,15
6724,1716,7,3
6725,1716,24,20
6726,1716,7,14
6727,1717,0,18
6728,1717,18,4
6729,1717,8,19
6730,1718,13,17
6731,1718,24,4
6732,1718,0,24
6733,1718,8,21
6734,1718,12,9
6735,1719,23,4
6736,1719,16,20
6737,1719,22,18
6738,1719,3,22
6739,1719,9,1
6740,1720,24,6
6741,1720,19,9
6742,1721,18,20
6743,1721,15,21
6744,1722,2,19
6745,1722,11,19
6746,1722,6,3
6747,1723,10,19
6748,1723,4,2
6749,1723,22,18
6750,1724,15,1
6751,1724,10,14
6752,1724,3,20
6753,1724,18,14
6754,1724,5,9
6755,1724,18,15
6756,1725,24,2
6757,1725,10,2
6758,1726,10,13
6759,1726,4,12
6760,1726,16,2
6761,1727,19,5
6762,1727,1,5
6763,1727,22,7
6764,1727,6,9
6765,1727,23,4
6766,1728,24,17
6767,1728,21,23
6768,1729,7,10
6769,1729,1,17
6770,1729,4,8
6771,1730,24,5
6772,1730,3,19
6773,1730,17,5
6774,1730,10,6
6775,1730,15,13
6776,1731,5,17
6777,1731,22,1
6778,1731,10,22
6779,1731,0,24
6780,1731,14,1
6781,1732,10,1
6782,1733,20,18
6783,1734,2,6
6784,1735,24,16
6785,1736,18,8
6786,1736,7,10
6787,1736,21,17
6788,1736,24,16
6789,1737,4,0
6790,1737,19,7
6791,1737,14,21
6792,1737,22,9
6793,1738,20,2
6794,1738,8,10
6795,1738,3,6
6796,1738,22,7
6797,1739,12,3
6798,1739,9,1
6799,1739,4,24
6800,1739,1,19
6801,1740,18,21
6802,1740,23,17
6803,1741,23,2
6804,1741,17,8
6805,1741,22,19
6806,1742,6,3
6807,1742,0,7
6808,1742,11,18
6809,1742,16,2
6810,1743,13,21
6811,1743,17,11
6812,1743,11,2
6813,1743,23,3
6814,1743,21,8
6815,1743,1,3
6816,1744,21,15
6817,1744,20,16
6818,1745,18,9
6819,1745,23,2
6820,1745,9,1
6821,1745,12,18
6822,1745,12,4
6823,1745,6,9
6824,1745,4,1
6825,1746,18,14
6826,1746,3,16
6827,1746,13,11
6828,1746,12,8
6829,1747,17,2
6830,1747,14,10
6831,1747,15,23
6832,1747,7,1
6833,1747,24,16
6834,1747,19,13
6835,1748,21,2
6836,1749,17,3
6837,1749,23,5
6838,1749,0,12
6839,1749,23,16
6840,1749,8,16
6841,1750,6,22
6842,1751,17,2
6843,1751,23,1
6844,1751,17,23
6845,1751,23,14
6846,1751,24,12
6847,1751,20,23
6848,1752,14,17
6849,1752,13,19
6850,1752,2,24
6851,1753,4,20
6852,1753,9,6
6853,1753,14,10
6854,1753,23,8
6855,1753,11,5
6856,1753,24,8
6857,1754,9,13
6858,1754,7,14
6859,1754,2,13
6860,1754,1,11
6861,1755,15,3
6862,1755,18,4
6863,1755,10,18
6864,1755,24,4
6865,1755,1,19
6866,1755,19,4
6867,1756,24,5
6868,1756,16,6
6869,1756,3,23
6870,1756,13,3
6871,1756,6,17
6872,1757,18,2
6873,1758,20,13
6874,1759,19,10
6875,1759,23,3
6876,1759,21,0
6877,1759,18,0
6878,1760,6,8
6879,1760,19,23
6880,1761,19,0
6881,1761,9,1
6882,1761,12,5
6883,1762,12,4
6884,1762,24,16
6885,1762,8,15
6886,1762,18,20
6887,1763,3,0
6888,1763,7,15
6889,1763,13,16
6890,1764,4,22
6891,1764,13,11
6892,1765,20,19
6893,1766,1,11
6894,1766,16,23
6895,1766,10,1
6896,1766,5,14
6897,1766,5,15
6898,1766,2,19
6899,1766,23,13
6900,1766,16,18
6901,1767,1,16
6902,1767,8,15
6903,1767,7,19
6904,1768,13,4
6905,1769,15,7
6906,1769,6,19
6907,1769,5,9
6908,1769,13,11
6909,1770,3,13
6910,1770,15,2
6911,1770,15,17
6912,1771,12,19
6913,1771,19,12
6914,1771,13,10
6915,1771,24,21
6916,1772,3,7
6917,1772,15,21
6918,1772,10,13
6919,1773,7,23
6920,1773,11,21
6921,1773,2,8
6922,1773,20,11
6923,1773,11,13
6924,1773,20,22
6925,1774,6,12
6926,1774,5,22
6927,1774,0,3
6928,1774,19,4
6929,1774,24,10
6930,1775,9,18
6931,1775,15,2
6932,1776,3,12
6933,1776,23,21
6934,1776,17,24
6935,1776,24,21
6936,1776,18,14
6937,1776,2,9
6938,1777,20,18
6939,1778,12,4
6940,1778,11,19
6941,1778,13,4
6942,1778,7,13
6943,1778,5,20
6944,1779,24,18
6945,1779,2,0
6946,1779,4,16
6947,1779,23,21
6948,1779,22,7
6949,1779,21,9
6950,1780,0,7
6951,1780,9,17
6952,1781,20,14
6953,1782,21,2
6954,1783,9,2
6955,1783,22,4
6956,1783,0,23
6957,1784,10,4
6958,1784,19,6
6959,1784,2,18
6960,1784,22,16
6961,1785,3,20
6962,1785,2,21
6963,1785,13,2
6964,1785,3,6
6965,1785,6,14
6966,1785,23,4
6967,1785,4,8
6968,1786,1,19
6969,1786,6,17
6970,1787,7,22
6971,1787,12,9
6972,1788,20,0
6973,1788,5,12
6974,1788,18,2
6975,1788,8,23
6976,1788,17,5
6977,1788,4,19
6978,1789,11,18
6979,1789,7,14
6980,1789,18,11
6981,1789,3,18
6982,1789,17,15
6983,1790,8,4
6984,1790,24,13
6985,1791,6,0
6986,1791,15,13
6987,1791,18,3
6988,1791,3,12
6989,1792,3,5
6990,1793,9,23
6991,1793,6,13
6992,1793,24,8
6993,1793,17,14
6994,1793,18,0
6995,1793,23,2
6996,1794,13,1
6997,1794,1,10
6998,1794,9,10
6999,1795,8,11
7000,1795,15,21
7001,1795,23,21
7002,1795,21,7
7003,1796,3,10
7004,1796,20,13
7005,1796,6,20
7006,1796,1,18
7007,1797,18,22
7008,1798,13,10
7009,1798,2,11
7010,1798,18,6
7011,1798,19,6
7012,1798,22,12
7013,1798,4,18
7014,1799,5,11
7015,1799,19,0
7016,1799,8,5
7017,1799,11,15
7018,1799,0,15
7019,1799,0,23
7020,1799,16,9
