veh_id,t_depart,origin,dest
0,0,10,22
1,0,3,14
2,0,6,18
3,0,16,0
4,0,10,19
5,0,16,14
6,0,7,11
7,0,20,1
8,1,13,7
9,1,11,9
10,1,7,11
11,1,15,22
12,1,5,2
13,1,23,3
14,1,18,8
15,1,2,4
16,1,16,22
17,1,7,23
18,2,6,13
19,3,12,3
20,3,15,23
21,3,6,13
22,4,3,19
23,4,16,1
24,5,9,21
25,5,7,13
26,6,7,14
27,6,7,23
28,6,22,14
29,6,17,14
30,6,7,17
31,7,21,5
32,7,21,8
33,8,7,23
34,8,0,2
35,8,7,16
36,8,5,7
37,9,1,13
38,9,5,9
39,9,22,20
40,9,5,11
41,9,3,16
42,9,18,0
43,9,8,11
44,10,8,16
45,10,19,13
46,10,20,13
47,10,17,15
48,10,18,20
49,11,21,12
50,11,2,18
51,11,21,24
52,11,10,21
53,12,5,8
54,12,21,11
55,12,23,3
56,13,7,19
57,13,8,10
58,14,2,18
59,14,22,3
60,15,4,16
61,15,24,0
62,15,23,4
63,15,4,23
64,15,23,12
65,16,15,4
66,16,6,23
67,16,1,4
68,16,16,13
69,16,17,20
70,17,1,7
71,17,4,11
72,17,20,24
73,17,22,1
74,18,10,8
75,18,0,8
76,19,10,24
77,19,2,18
78,19,0,9
79,19,20,13
80,19,2,8
81,19,12,16
82,20,10,12
83,20,18,3
84,20,6,14
85,21,7,1
86,21,22,24
87,21,20,10
88,21,15,14
89,22,8,22
90,22,7,10
91,22,19,13
92,23,15,9
93,23,11,9
94,23,21,17
95,24,22,14
96,24,6,23
97,25,4,2
98,25,12,19
99,25,13,22
100,25,2,18
101,26,6,18
102,26,20,14
103,26,13,9
104,26,19,2
105,27,15,9
106,27,9,1
107,27,18,5
108,27,22,12
109,27,21,24
110,27,3,16
111,27,8,24
112,28,7,1
113,28,8,2
114,28,5,21
115,28,11,24
116,28,13,20
117,28,17,4
118,29,10,24
119,29,24,7
120,29,1,11
121,29,12,2
122,29,5,22
123,29,24,21
124,29,6,18
125,29,14,0
126,30,11,2
127,30,5,18
128,30,4,1
129,30,20,11
130,31,6,17
131,31,9,5
132,31,23,12
133,31,6,16
134,31,21,18
135,31,14,3
136,32,3,6
137,32,18,16
138,32,22,15
139,32,12,15
140,33,24,18
141,33,4,17
142,33,4,1
143,33,9,5
144,33,11,9
145,33,0,14
146,34,22,16
147,34,0,10
148,34,5,2
149,34,16,0
150,34,22,10
151,35,8,16
152,35,4,12
153,36,9,2
154,36,11,20
155,36,15,6
156,36,21,15
157,37,21,4
158,37,24,10
159,37,2,19
160,38,15,23
161,38,10,3
162,38,12,0
163,38,24,16
164,39,20,6
165,39,23,5
166,39,5,12
167,40,8,1
168,40,0,12
169,40,5,7
170,41,15,2
171,41,3,6
172,41,24,22
173,41,23,17
174,41,17,15
175,41,2,8
176,41,18,5
177,41,17,8
178,41,10,7
179,41,22,7
180,41,12,4
181,42,13,17
182,42,5,22
183,42,4,10
184,42,1,3
185,42,13,6
186,42,3,9
187,43,3,9
188,43,22,9
189,45,0,8
190,45,22,20
191,45,15,17
192,45,11,21
193,45,5,19
194,45,21,10
195,45,1,7
196,46,18,5
197,46,2,24
198,46,8,10
199,46,24,17
200,47,24,2
201,47,0,23
202,47,14,23
203,48,16,19
204,48,19,9
205,49,16,14
206,50,0,6
207,50,21,12
208,50,1,16
209,50,10,18
210,50,6,10
211,50,4,10
212,51,21,18
213,51,18,12
214,51,3,10
215,51,15,23
216,52,18,0
217,52,12,3
218,52,19,7
219,52,18,3
220,53,17,10
221,53,9,7
222,54,23,5
223,54,6,24
224,56,23,6
225,56,19,8
226,56,16,5
227,56,12,18
228,56,9,12
229,57,7,9
230,57,12,6
231,57,12,15
232,57,9,11
233,58,19,12
234,58,3,7
235,58,0,3
236,58,21,7
237,58,11,17
238,58,0,10
239,58,22,15
240,58,15,2
241,58,3,19
242,58,15,3
243,59,3,24
244,59,9,11
245,59,13,11
246,59,4,20
247,59,15,23
248,60,20,4
249,60,24,7
250,60,14,8
251,61,17,19
252,61,20,1
253,61,4,20
254,61,7,11
255,61,6,4
256,61,24,3
257,62,3,6
258,62,13,2
259,62,12,23
260,63,17,8
261,63,18,7
262,64,7,24
263,64,19,13
264,65,7,1
265,65,15,13
266,65,7,21
267,66,9,13
268,67,15,2
269,67,0,20
270,67,18,16
271,68,17,4
272,68,18,15
273,68,23,0
274,68,12,20
275,68,19,22
276,69,5,11
277,69,13,4
278,69,12,15
279,69,2,8
280,70,8,19
281,70,16,3
282,71,8,22
283,71,17,13
284,71,1,10
285,72,19,11
286,72,9,21
287,72,17,19
288,72,14,12
289,72,10,1
290,72,16,0
291,72,8,6
292,72,3,15
293,73,21,23
294,73,19,0
295,74,11,7
296,74,22,9
297,74,8,22
298,75,3,15
299,75,12,2
300,75,11,9
301,76,0,12
302,76,10,7
303,77,4,17
304,77,13,3
305,77,14,6
306,77,24,2
307,78,2,21
308,78,5,17
309,78,0,11
310,78,8,12
311,78,8,21
312,78,13,20
313,79,23,10
314,79,2,12
315,80,4,1
316,80,18,9
317,80,15,11
318,80,8,16
319,81,17,8
320,81,2,23
321,81,14,2
322,81,15,22
323,81,20,17
324,81,24,6
325,82,13,5
326,82,18,12
327,82,20,6
328,82,2,22
329,83,2,20
330,84,22,12
331,84,20,4
332,84,13,10
333,84,2,23
334,84,24,17
335,84,24,11
336,85,10,2
337,85,24,18
338,85,21,9
339,86,11,8
340,86,24,4
341,86,16,9
342,87,10,19
343,87,12,21
344,88,3,19
345,88,6,2
346,88,21,15
347,88,10,8
348,88,16,13
349,88,23,20
350,88,1,12
351,88,22,8
352,89,15,5
353,89,16,8
354,89,7,13
355,89,22,7
356,90,21,0
357,90,14,4
358,90,21,1
359,90,24,0
360,91,1,18
361,92,9,10
362,92,19,5
363,93,11,20
364,93,17,10
365,93,11,19
366,93,11,3
367,93,24,8
368,94,11,1
369,94,6,24
370,94,10,3
371,94,19,1
372,94,2,5
373,94,21,13
374,94,2,6
375,94,1,16
376,94,9,1
377,95,13,16
378,95,9,22
379,95,19,6
380,96,24,1
381,96,12,23
382,96,13,7
383,96,14,22
384,96,24,16
385,96,15,0
386,96,13,6
387,97,0,19
388,97,19,20
389,97,20,6
390,97,18,20
391,97,3,11
392,97,15,2
393,97,2,16
394,97,0,20
395,97,3,11
396,98,5,15
397,98,16,23
398,98,2,12
399,98,11,24
400,98,14,5
401,98,0,18
402,98,10,12
403,99,18,8
404,99,14,8
405,99,3,9
406,99,14,4
407,99,7,19
408,100,3,15
409,100,20,5
410,100,23,17
411,100,4,18
412,101,16,10
413,101,5,7
414,102,19,10
415,102,20,12
416,102,1,23
417,102,8,14
418,102,15,11
419,102,5,16
420,102,21,1
421,102,3,7
422,103,10,14
423,103,19,23
424,103,14,15
425,103,18,21
426,103,1,10
427,103,23,8
428,104,14,3
429,104,21,4
430,104,19,21
431,105,16,24
432,105,14,12
433,105,1,14
434,105,20,24
435,106,20,13
436,106,20,24
437,106,22,10
438,106,0,11
439,106,13,0
440,108,20,14
441,108,1,5
442,108,15,9
443,109,22,5
444,109,8,2
445,110,2,23
446,110,0,20
447,111,0,19
448,111,22,15
449,111,8,5
450,111,20,12
451,112,9,3
452,112,7,9
453,113,17,14
454,113,2,13
455,113,6,2
456,114,23,1
457,114,13,0
458,115,19,16
459,115,19,20
460,115,3,5
461,116,18,14
462,116,16,22
463,117,20,7
464,117,2,0
465,118,24,11
466,119,21,4
467,119,0,4
468,120,24,1
469,120,3,15
470,120,5,21
471,120,21,10
472,120,19,17
473,120,17,4
474,120,11,15
475,120,1,18
476,121,19,5
477,121,16,5
478,121,8,19
479,121,19,11
480,122,0,21
481,122,16,18
482,122,8,14
483,122,2,22
484,122,4,20
485,122,3,24
486,122,6,15
487,122,24,9
488,123,9,16
489,123,2,22
490,123,3,17
491,124,12,20
492,124,9,18
493,124,4,18
494,124,16,20
495,124,1,10
496,125,4,7
497,126,15,8
498,126,7,14
499,126,1,19
500,126,24,15
501,126,2,9
502,126,22,12
503,127,7,0
504,127,13,23
505,127,7,4
506,128,23,4
507,129,4,2
508,129,0,3
509,129,14,0
510,129,22,11
511,129,6,23
512,130,2,20
513,130,21,17
514,130,18,16
515,130,2,12
516,131,17,14
517,131,23,2
518,131,7,13
519,131,15,17
520,131,12,4
521,131,15,19
522,131,13,21
523,132,4,10
524,132,11,15
525,132,24,0
526,133,9,22
527,133,12,23
528,133,14,18
529,133,6,19
530,133,11,22
531,133,21,23
532,133,16,24
533,133,12,15
534,133,2,4
535,134,17,5
536,134,4,20
537,134,19,3
538,134,0,8
539,134,17,19
540,135,13,1
541,135,4,5
542,135,7,16
543,136,9,5
544,136,3,22
545,136,3,11
546,136,19,20
547,137,14,24
548,138,12,9
549,138,6,8
550,138,24,5
551,138,10,18
552,138,4,23
553,138,21,5
554,138,17,20
555,138,0,14
556,139,24,8
557,139,2,4
558,139,4,6
559,139,7,21
560,140,7,15
561,140,2,4
562,140,21,13
563,140,16,20
564,140,6,20
565,141,15,7
566,141,24,5
567,141,19,7
568,141,18,3
569,141,17,8
570,142,7,5
571,142,16,0
572,142,13,17
573,142,11,5
574,142,18,4
575,142,22,2
576,143,20,18
577,143,8,16
578,143,18,3
579,144,21,8
580,144,15,19
581,144,23,8
582,144,16,0
583,145,10,9
584,145,13,15
585,145,1,14
586,145,17,15
587,145,22,3
588,145,23,14
589,146,22,7
590,146,12,19
591,146,19,20
592,147,13,16
593,147,16,14
594,147,10,24
595,147,19,13
596,148,0,18
597,148,7,10
598,148,17,9
599,148,9,22
600,149,14,7
601,149,15,14
602,149,4,7
603,149,22,4
604,149,11,5
605,150,5,7
606,150,8,11
607,151,2,18
608,151,3,21
609,151,16,3
610,151,5,24
611,151,8,12
612,151,2,11
613,152,12,23
614,152,19,5
615,152,9,16
616,153,6,4
617,153,18,11
618,153,10,6
619,154,14,10
620,154,6,2
621,154,24,2
622,154,7,9
623,155,18,24
624,155,24,7
625,156,16,2
626,156,13,16
627,156,8,11
628,156,3,12
629,156,0,18
630,157,19,13
631,157,17,9
632,157,21,3
633,157,15,17
634,157,8,11
635,158,24,17
636,158,18,21
637,159,0,12
638,159,23,4
639,159,17,19
640,159,14,8
641,159,3,16
642,160,21,23
643,161,3,22
644,161,15,21
645,161,10,6
646,161,14,7
647,161,17,13
648,162,0,3
649,163,15,7
650,163,10,1
651,164,0,11
652,165,20,18
653,165,16,12
654,165,17,24
655,166,22,2
656,166,4,11
657,166,14,17
658,166,12,10
659,167,12,24
660,167,20,1
661,167,19,12
662,167,20,12
663,167,1,17
664,168,5,22
665,168,5,14
666,168,18,2
667,168,23,20
668,169,1,17
669,169,17,24
670,169,17,13
671,169,0,23
672,169,7,5
673,169,3,22
674,170,5,18
675,170,7,24
676,170,13,3
677,171,22,10
678,171,18,1
679,171,19,12
680,172,18,14
681,172,12,22
682,173,12,4
683,173,22,11
684,173,23,13
685,173,13,5
686,174,6,24
687,174,9,12
688,174,20,6
689,174,4,14
690,175,3,11
691,175,9,7
692,175,3,6
693,175,7,18
694,176,15,19
695,176,8,15
696,177,5,12
697,177,0,24
698,178,10,6
699,178,1,14
700,178,17,5
701,179,0,11
702,179,4,0
703,179,23,2
704,179,10,7
705,180,2,23
706,181,2,9
707,181,16,20
708,181,8,16
709,181,15,12
710,182,4,14
711,182,20,6
712,182,24,8
713,182,6,21
714,182,13,16
715,183,8,18
716,183,21,11
717,183,11,17
718,183,0,4
719,183,1,9
720,183,4,11
721,183,11,21
722,184,18,21
723,184,3,18
724,184,2,6
725,184,15,11
726,184,23,20
727,184,13,22
728,185,17,2
729,185,3,13
730,186,17,3
731,186,16,12
732,186,11,17
733,187,19,7
734,187,19,0
735,187,15,24
736,187,18,22
737,187,8,22
738,187,19,15
739,188,1,21
740,188,23,13
741,188,5,15
742,189,4,17
743,189,3,17
744,189,23,14
745,189,19,11
746,189,1,18
747,189,17,6
748,190,7,5
749,190,17,8
750,190,5,23
751,190,4,19
752,190,22,24
753,190,16,2
754,191,8,17
755,191,13,22
756,191,20,14
757,191,0,10
758,192,11,22
759,192,8,0
760,192,16,0
761,193,8,5
762,193,23,4
763,193,2,17
764,193,9,11
765,193,15,1
766,193,19,10
767,194,20,18
768,194,17,7
769,195,7,18
770,195,0,7
771,195,21,1
772,196,22,4
773,197,22,3
774,197,24,7
775,197,17,10
776,197,20,13
777,198,13,9
778,198,8,11
779,200,5,7
780,200,22,7
781,200,24,3
782,200,10,9
783,201,22,3
784,201,2,23
785,201,20,5
786,201,3,13
787,202,19,1
788,202,20,12
789,202,21,2
790,202,12,20
791,202,3,12
792,202,19,0
793,203,18,7
794,203,22,8
795,203,1,9
796,203,5,4
797,203,7,17
798,204,24,9
799,204,11,9
800,204,17,0
801,205,21,9
802,205,9,6
803,206,0,3
804,206,18,21
805,206,1,20
806,207,14,6
807,207,21,6
808,207,17,19
809,208,10,22
810,208,16,3
811,208,1,24
812,209,8,23
813,209,14,15
814,209,22,9
815,209,20,23
816,210,12,16
817,210,13,11
818,210,24,5
819,210,15,1
820,211,16,10
821,211,23,6
822,211,23,5
823,211,9,12
824,211,19,9
825,211,9,0
826,211,20,13
827,212,22,10
828,212,20,8
829,213,21,3
830,213,3,12
831,214,17,10
832,214,22,13
833,214,21,1
834,215,4,10
835,215,18,6
836,215,11,3
837,215,3,0
838,215,8,12
839,216,21,13
840,216,5,9
841,216,0,14
842,216,23,11
843,217,10,1
844,217,21,18
845,217,18,8
846,217,2,15
847,217,21,13
848,218,7,14
849,218,12,20
850,218,24,4
851,218,0,2
852,218,22,8
853,218,1,22
854,218,2,22
855,218,5,20
856,219,18,1
857,219,14,2
858,219,0,10
859,219,13,9
860,219,11,14
861,220,17,20
862,220,14,12
863,220,10,20
864,221,24,5
865,221,17,23
866,221,8,4
867,222,21,19
868,222,11,19
869,222,11,24
870,222,11,19
871,222,23,10
872,222,8,14
873,222,21,1
874,223,24,21
875,223,17,5
876,224,22,14
877,225,2,4
878,225,7,13
879,225,17,24
880,226,10,22
881,226,8,22
882,226,0,14
883,226,21,18
884,226,6,12
885,227,23,16
886,227,1,8
887,227,8,15
888,227,22,6
889,228,10,2
890,228,1,10
891,228,23,8
892,228,12,14
893,229,19,8
894,229,24,16
895,229,0,17
896,229,16,8
897,230,19,6
898,230,7,20
899,230,11,13
900,231,13,4
901,231,3,20
902,231,23,2
903,232,17,23
904,232,23,11
905,233,7,23
906,234,19,11
907,234,16,22
908,234,18,9
909,234,9,24
910,234,1,13
911,234,20,0
912,234,6,9
913,234,18,12
914,235,18,0
915,235,13,11
916,235,3,13
917,236,17,23
918,236,0,20
919,236,4,17
920,236,7,20
921,237,19,8
922,237,17,15
923,238,17,11
924,238,20,22
925,238,24,17
926,238,21,5
927,238,6,13
928,239,3,14
929,239,6,10
930,240,11,15
931,240,9,3
932,240,16,5
933,240,20,1
934,241,11,15
935,241,4,23
936,241,20,24
937,241,1,23
938,242,3,6
939,242,20,12
940,242,22,18
941,242,3,22
942,242,10,16
943,242,16,18
944,242,15,6
945,242,20,3
946,243,2,22
947,244,4,14
948,244,9,3
949,245,6,14
950,246,1,5
951,246,3,18
952,246,22,15
953,246,10,19
954,246,22,3
955,246,13,1
956,246,6,13
957,246,7,22
958,247,11,7
959,248,21,7
960,248,21,5
961,248,15,21
962,248,15,11
963,248,22,9
964,248,24,22
965,249,2,14
966,249,3,20
967,249,9,17
968,250,24,16
969,250,20,10
970,250,3,19
971,251,8,12
972,251,21,24
973,251,9,11
974,251,13,10
975,252,24,11
976,252,10,6
977,252,13,11
978,252,14,24
979,252,2,23
980,252,19,22
981,253,9,1
982,253,23,17
983,253,1,18
984,253,17,14
985,254,17,8
986,254,16,12
987,254,13,0
988,254,10,2
989,254,4,0
990,256,15,6
991,256,13,24
992,256,8,20
993,256,19,23
994,257,15,4
995,257,7,11
996,257,6,8
997,258,19,21
998,258,11,21
999,258,24,15
1000,259,2,22
1001,259,19,8
1002,259,5,1
1003,260,20,16
1004,261,15,9
1005,261,5,4
1006,261,1,10
1007,261,17,5
1008,261,8,11
1009,261,6,4
1010,262,1,5
1011,262,7,1
1012,262,3,21
1013,263,2,22
1014,263,18,10
1015,263,17,1
1016,264,12,1
1017,264,12,8
1018,264,4,19
1019,264,18,3
1020,265,14,18
1021,265,22,2
1022,265,6,18
1023,265,21,1
1024,265,16,19
1025,266,11,3
1026,266,8,22
1027,266,3,19
1028,266,14,7
1029,266,13,4
1030,267,19,22
1031,267,16,9
1032,267,22,11
1033,267,4,7
1034,267,8,2
1035,267,0,15
1036,267,17,1
1037,268,1,20
1038,268,14,20
1039,268,12,24
1040,268,8,5
1041,268,20,18
1042,268,22,20
1043,268,13,5
1044,269,14,10
1045,269,12,9
1046,269,22,12
1047,270,18,1
1048,270,7,5
1049,271,0,10
1050,271,10,13
1051,272,7,11
1052,272,23,10
1053,272,4,7
1054,272,0,21
1055,273,12,4
1056,273,15,14
1057,273,22,13
1058,274,21,15
1059,274,15,2
1060,274,1,7
1061,274,15,11
1062,275,13,4
1063,275,5,22
1064,275,22,6
1065,275,2,12
1066,275,6,0
1067,276,14,7
1068,276,23,6
1069,276,5,11
1070,276,11,3
1071,276,1,14
1072,276,16,6
1073,276,4,8
1074,276,7,5
1075,277,17,19
1076,277,7,1
1077,278,16,2
1078,278,6,23
1079,278,3,12
1080,278,22,0
1081,279,0,19
1082,280,20,17
1083,280,20,18
1084,280,23,11
1085,280,16,1
1086,280,23,16
1087,281,15,23
1088,281,18,10
1089,282,3,19
1090,282,16,13
1091,282,14,3
1092,282,23,3
1093,283,20,0
1094,283,22,24
1095,283,2,11
1096,283,6,23
1097,283,16,10
1098,284,1,5
1099,284,0,14
1100,284,11,3
1101,284,4,21
1102,284,13,21
1103,285,10,23
1104,285,2,4
1105,286,3,5
1106,287,3,14
1107,287,15,1
1108,288,10,19
1109,288,14,6
1110,288,21,15
1111,288,2,16
1112,288,5,17
1113,288,24,21
1114,289,24,4
1115,290,10,12
1116,290,10,13
1117,290,21,23
1118,290,22,24
1119,291,6,17
1120,291,24,1
1121,291,12,4
1122,291,18,15
1123,291,2,14
1124,291,10,8
1125,291,6,24
1126,292,15,24
1127,292,21,23
1128,292,0,20
1129,292,6,9
1130,293,3,12
1131,293,19,13
1132,293,0,8
1133,293,6,12
1134,294,13,16
1135,294,8,19
1136,295,5,14
1137,295,6,2
1138,295,19,16
1139,295,7,24
1140,295,14,10
1141,295,22,5
1142,296,11,24
1143,296,0,7
1144,296,16,7
1145,296,17,19
1146,296,9,18
1147,296,14,12
1148,296,21,0
1149,297,20,0
1150,298,14,6
1151,298,6,13
1152,298,5,21
1153,299,24,7
1154,299,0,9
1155,299,5,9
1156,299,1,14
1157,299,16,8
1158,300,24,0
1159,300,5,2
1160,300,3,1
1161,301,19,11
1162,302,6,3
1163,302,7,13
1164,302,19,22
1165,302,16,14
1166,303,3,23
1167,303,8,4
1168,303,15,22
1169,303,15,24
1170,303,13,15
1171,303,24,7
1172,303,11,15
1173,304,8,11
1174,304,1,14
1175,304,9,22
1176,304,2,0
1177,305,17,13
1178,305,8,2
1179,305,23,9
1180,305,22,6
1181,305,20,16
1182,305,12,15
1183,305,7,9
1184,306,19,11
1185,306,17,4
1186,306,13,19
1187,308,13,19
1188,308,17,8
1189,308,3,14
1190,309,2,21
1191,310,15,11
1192,310,6,21
1193,310,2,0
1194,310,18,1
1195,310,24,16
1196,310,3,14
1197,311,0,13
1198,311,21,3
1199,311,5,15
1200,311,14,5
1201,312,12,18
1202,312,0,4
1203,313,13,20
1204,313,8,18
1205,313,1,3
1206,313,7,13
1207,314,20,10
1208,315,18,8
1209,315,15,5
1210,316,17,24
1211,316,23,14
1212,316,6,22
1213,317,14,15
1214,317,18,5
1215,317,17,20
1216,318,23,10
1217,318,12,22
1218,318,20,5
1219,319,2,8
1220,319,9,21
1221,319,11,8
1222,320,18,0
1223,320,12,8
1224,320,22,2
1225,321,9,17
1226,321,3,10
1227,321,3,1
1228,321,0,15
1229,321,17,8
1230,321,22,9
1231,322,14,20
1232,322,14,15
1233,322,21,18
1234,322,16,0
1235,322,1,9
1236,324,8,6
1237,324,17,15
1238,324,17,14
1239,324,3,16
1240,325,22,6
1241,325,0,24
1242,325,24,12
1243,326,3,11
1244,326,20,13
1245,326,2,21
1246,326,16,6
1247,326,12,19
1248,326,22,0
1249,327,24,13
1250,327,14,16
1251,327,22,9
1252,327,1,3
1253,328,11,2
1254,328,17,8
1255,328,21,7
1256,329,11,0
1257,329,18,8
1258,330,12,3
1259,330,9,21
1260,330,6,23
1261,330,5,24
1262,330,4,15
1263,330,7,10
1264,330,6,9
1265,330,5,3
1266,330,3,11
1267,331,3,7
1268,331,14,11
1269,332,0,10
1270,332,15,1
1271,333,4,8
1272,333,9,2
1273,333,23,5
1274,333,10,1
1275,334,17,7
1276,334,13,9
1277,335,15,9
1278,335,9,3
1279,336,0,8
1280,336,11,4
1281,336,7,10
1282,336,3,14
1283,336,10,18
1284,337,16,6
1285,337,6,23
1286,337,7,15
1287,337,7,11
1288,337,0,16
1289,337,7,24
1290,338,14,2
1291,338,22,0
1292,338,2,10
1293,338,4,11
1294,339,10,22
1295,339,10,6
1296,339,0,21
1297,339,12,9
1298,339,1,24
1299,340,8,5
1300,340,12,22
1301,340,23,13
1302,341,8,0
1303,341,7,4
1304,341,19,5
1305,341,17,24
1306,341,15,5
1307,341,7,14
1308,343,13,6
1309,343,10,4
1310,343,24,21
1311,343,4,6
1312,343,13,17
1313,343,4,11
1314,344,13,7
1315,344,4,19
1316,344,11,22
1317,345,23,0
1318,345,16,10
1319,345,3,21
1320,346,18,9
1321,347,9,12
1322,347,23,8
1323,348,17,8
1324,349,23,16
1325,349,24,0
1326,349,16,8
1327,349,13,9
1328,349,3,6
1329,350,17,10
1330,350,24,14
1331,350,6,20
1332,350,24,15
1333,351,6,13
1334,351,6,24
1335,351,15,14
1336,351,22,16
1337,351,22,5
1338,351,5,20
1339,351,17,19
1340,352,17,14
1341,352,0,17
1342,353,12,15
1343,353,7,10
1344,353,16,24
1345,353,22,12
1346,354,22,24
1347,354,18,9
1348,355,0,11
1349,355,20,7
1350,355,23,2
1351,355,14,3
1352,355,5,1
1353,356,15,19
1354,356,3,18
1355,357,16,12
1356,357,11,22
1357,357,14,7
1358,358,3,11
1359,358,22,24
1360,358,9,17
1361,358,4,7
1362,360,9,11
1363,360,19,4
1364,360,18,5
1365,360,21,6
1366,360,16,20
1367,361,16,6
1368,361,10,24
1369,361,13,16
1370,361,15,6
1371,362,23,10
1372,362,2,19
1373,362,8,16
1374,362,19,4
1375,362,14,6
1376,363,5,19
1377,363,4,22
1378,363,6,9
1379,363,6,22
1380,364,4,10
1381,364,18,0
1382,365,6,3
1383,365,15,0
1384,365,2,14
1385,365,21,6
1386,365,23,16
1387,365,7,5
1388,365,10,3
1389,366,11,20
1390,366,4,20
1391,366,3,18
1392,366,13,3
1393,366,11,18
1394,366,23,15
1395,367,11,1
1396,367,16,12
1397,367,3,17
1398,367,23,13
1399,367,10,9
1400,367,21,24
1401,367,19,9
1402,367,4,5
1403,368,3,14
1404,368,21,14
1405,368,12,18
1406,370,9,12
1407,370,24,22
1408,370,16,0
1409,370,21,24
1410,370,4,7
1411,371,7,21
1412,371,10,20
1413,371,16,2
1414,371,6,14
1415,371,7,20
1416,371,10,8
1417,372,23,12
1418,372,14,7
1419,372,24,3
1420,372,14,11
1421,373,9,12
1422,373,3,0
1423,373,10,8
1424,373,12,3
1425,373,18,1
1426,373,16,0
1427,375,4,6
1428,375,13,10
1429,375,23,7
1430,376,20,9
1431,376,19,11
1432,376,23,0
1433,376,6,3
1434,376,21,0
1435,376,0,12
1436,378,20,8
1437,378,20,11
1438,378,4,10
1439,378,20,10
1440,379,24,0
1441,379,13,5
1442,379,0,18
1443,379,1,11
1444,380,15,4
1445,380,9,16
1446,380,20,9
1447,380,11,1
1448,380,3,23
1449,381,8,16
1450,381,15,24
1451,381,5,21
1452,381,21,12
1453,382,14,3
1454,382,17,4
1455,383,14,22
1456,383,9,2
1457,383,8,15
1458,384,15,4
1459,384,10,20
1460,385,17,19
1461,385,21,10
1462,386,17,5
1463,386,23,16
1464,386,23,16
1465,386,19,21
1466,386,3,15
1467,386,22,6
1468,387,0,15
1469,387,11,7
1470,387,2,10
1471,387,21,4
1472,387,3,12
1473,388,6,2
1474,388,13,17
1475,388,17,4
1476,388,21,15
1477,388,18,11
1478,388,16,24
1479,389,17,13
1480,390,19,0
1481,391,21,14
1482,391,12,14
1483,391,21,4
1484,392,24,4
1485,393,12,16
1486,393,22,8
1487,394,7,14
1488,394,11,24
1489,394,5,14
1490,394,4,17
1491,394,3,11
1492,395,10,22
1493,395,1,9
1494,396,18,15
1495,396,4,11
1496,396,10,0
1497,396,17,11
1498,396,16,2
1499,397,17,11
1500,397,4,17
1501,398,2,15
1502,398,0,22
1503,398,24,21
1504,398,7,16
1505,399,10,6
1506,399,3,6
1507,399,5,24
1508,400,18,2
1509,400,14,12
1510,401,7,10
1511,401,18,9
1512,402,9,17
1513,402,10,7
1514,402,16,9
1515,402,22,12
1516,402,2,15
1517,403,1,4
1518,403,9,18
1519,403,5,16
1520,403,7,9
1521,403,23,5
1522,404,2,8
1523,404,4,13
1524,404,0,11
1525,404,18,5
1526,404,17,10
1527,404,24,3
1528,405,0,17
1529,405,6,22
1530,405,8,16
1531,406,19,21
1532,406,9,16
1533,407,22,3
1534,407,3,10
1535,407,4,5
1536,407,21,1
1537,407,11,13
1538,408,0,18
1539,409,5,23
1540,409,14,23
1541,409,12,24
1542,409,10,4
1543,409,14,6
1544,410,21,9
1545,410,5,20
1546,410,1,19
1547,411,22,1
1548,411,7,14
1549,411,15,3
1550,411,17,7
1551,412,4,24
1552,412,1,9
1553,412,6,2
1554,413,22,6
1555,413,11,24
1556,414,10,20
1557,414,5,12
1558,414,22,20
1559,414,23,19
1560,414,8,0
1561,415,22,3
1562,415,0,19
1563,416,14,2
1564,416,15,14
1565,416,12,3
1566,416,1,18
1567,416,11,7
1568,416,0,16
1569,417,18,14
1570,417,17,11
1571,417,18,24
1572,418,16,24
1573,418,19,2
1574,418,12,4
1575,418,7,3
1576,419,14,22
1577,419,13,19
1578,419,17,7
1579,420,23,8
1580,420,23,14
1581,420,10,16
1582,420,8,1
1583,421,6,21
1584,421,11,2
1585,421,21,13
1586,422,4,2
1587,422,19,6
1588,423,7,1
1589,423,23,0
1590,423,3,0
1591,424,6,4
1592,424,9,12
1593,424,10,20
1594,425,20,12
1595,426,21,10
1596,426,9,16
1597,426,5,21
1598,427,21,2
1599,427,15,17
1600,427,13,0
1601,427,7,0
1602,428,24,14
1603,429,17,6
1604,429,24,8
1605,429,24,15
1606,429,11,2
1607,429,1,16
1608,429,0,16
1609,430,9,13
1610,430,13,0
1611,430,7,18
1612,430,9,15
1613,431,16,4
1614,431,18,11
1615,431,24,0
1616,432,8,2
1617,432,20,17
1618,432,1,24
1619,433,6,12
1620,434,3,16
1621,434,20,5
1622,435,11,15
1623,435,1,4
1624,435,16,23
1625,435,11,17
1626,436,4,11
1627,436,11,0
1628,436,10,7
1629,437,11,1
1630,437,24,17
1631,438,20,10
1632,438,4,16
1633,438,11,19
1634,439,1,17
1635,439,22,6
1636,439,17,6
1637,439,12,15
1638,439,21,15
1639,439,15,17
1640,440,7,21
1641,440,5,17
1642,441,9,0
1643,441,10,18
1644,441,20,9
1645,441,14,2
1646,441,9,16
1647,441,11,19
1648,442,8,22
1649,442,15,18
1650,442,11,23
1651,442,17,23
1652,443,0,12
1653,443,15,24
1654,443,24,5
1655,444,2,9
1656,444,20,1
1657,445,14,12
1658,445,4,16
1659,446,4,17
1660,446,3,16
1661,446,9,21
1662,446,21,14
1663,447,21,14
1664,447,8,20
1665,447,19,7
1666,447,24,3
1667,448,6,22
1668,448,7,20
1669,448,16,8
1670,449,0,19
1671,449,20,23
1672,449,22,20
1673,449,5,21
1674,449,16,12
1675,450,9,23
1676,450,19,7
1677,450,1,20
1678,450,15,4
1679,451,18,3
1680,451,14,3
1681,451,0,20
1682,452,14,7
1683,452,24,2
1684,452,19,22
1685,452,21,1
1686,452,17,3
1687,452,12,23
1688,453,21,1
1689,454,0,10
1690,454,5,1
1691,454,18,12
1692,454,24,8
1693,454,19,6
1694,454,23,13
1695,455,18,10
1696,455,14,15
1697,456,3,0
1698,456,2,22
1699,457,13,10
1700,457,12,0
1701,457,7,5
1702,458,10,7
1703,458,23,5
1704,458,2,14
1705,459,6,17
1706,459,11,8
1707,459,18,15
1708,459,24,22
1709,460,24,20
1710,460,15,8
1711,460,24,0
1712,460,12,19
1713,460,18,2
1714,460,18,15
1715,461,21,2
1716,461,12,0
1717,461,10,3
1718,462,21,24
1719,462,3,1
1720,462,18,24
1721,462,24,10
1722,463,24,3
1723,463,9,5
1724,464,7,5
1725,464,21,8
1726,464,5,3
1727,464,10,21
1728,464,20,9
1729,465,4,18
1730,465,19,12
1731,466,17,4
1732,466,14,17
1733,467,22,18
1734,467,14,22
1735,468,18,20
1736,468,8,11
1737,468,10,21
1738,468,0,3
1739,468,1,8
1740,468,0,9
1741,468,9,15
1742,469,24,4
1743,469,6,12
1744,469,6,2
1745,469,16,22
1746,469,15,23
1747,470,2,17
1748,470,13,22
1749,470,17,19
1750,470,15,17
1751,470,6,2
1752,470,20,4
1753,471,23,3
1754,471,2,14
1755,471,4,20
1756,471,15,13
1757,471,15,14
1758,472,1,12
1759,472,5,18
1760,472,8,12
1761,473,7,4
1762,473,22,3
1763,473,17,7
1764,474,0,18
1765,474,2,11
1766,476,9,1
1767,476,19,22
1768,477,24,7
1769,477,3,6
1770,477,12,10
1771,477,18,0
1772,478,19,7
1773,478,1,15
1774,478,12,10
1775,479,8,17
1776,479,20,3
1777,480,15,3
1778,481,21,0
1779,481,1,7
1780,481,17,15
1781,481,7,21
1782,481,3,17
1783,481,12,16
1784,482,18,8
1785,482,12,16
1786,482,18,20
1787,482,14,7
1788,482,5,12
1789,482,20,7
1790,483,3,6
1791,483,2,16
1792,483,14,17
1793,483,2,22
1794,484,12,0
1795,484,19,3
1796,484,9,13
1797,484,12,20
1798,484,3,16
1799,485,24,3
1800,485,20,24
1801,485,5,2
1802,485,5,19
1803,485,6,16
1804,486,2,15
1805,486,10,17
1806,487,16,4
1807,487,5,8
1808,487,4,16
1809,487,18,5
1810,488,7,16
1811,488,3,5
1812,488,24,4
1813,488,6,4
1814,488,3,15
1815,488,5,11
1816,489,6,19
1817,489,21,17
1818,489,0,8
1819,490,11,9
1820,490,9,24
1821,491,12,16
1822,491,22,7
1823,491,11,8
1824,491,6,16
1825,491,12,23
1826,492,16,5
1827,493,9,11
1828,493,1,20
1829,493,12,8
1830,494,15,23
1831,494,7,21
1832,494,4,20
1833,495,12,20
1834,496,15,22
1835,496,24,17
1836,497,4,6
1837,497,16,10
1838,497,18,15
1839,498,18,11
1840,498,7,22
1841,499,20,17
1842,499,8,10
1843,499,11,9
1844,499,19,5
1845,499,24,16
1846,500,23,2
1847,500,12,23
1848,500,3,5
1849,500,20,4
1850,501,7,9
1851,501,10,1
1852,502,5,12
1853,503,4,12
1854,503,10,21
1855,503,21,11
1856,504,20,13
1857,504,8,23
1858,504,23,10
1859,504,2,23
1860,504,5,20
1861,505,12,4
1862,505,24,3
1863,505,15,8
1864,505,14,16
1865,505,9,19
1866,505,9,2
1867,506,9,16
1868,506,11,3
1869,506,6,15
1870,506,18,20
1871,506,19,4
1872,506,0,9
1873,507,8,14
1874,507,23,20
1875,507,2,13
1876,507,4,13
1877,507,0,4
1878,509,1,4
1879,509,13,3
1880,509,19,7
1881,509,2,22
1882,510,24,4
1883,510,10,20
1884,510,8,24
1885,511,20,1
1886,511,10,23
1887,511,24,21
1888,511,10,0
1889,512,12,16
1890,512,22,8
1891,512,12,15
1892,512,20,4
1893,512,17,1
1894,512,19,15
1895,512,17,9
1896,512,16,20
1897,512,24,11
1898,513,12,5
1899,513,19,5
1900,513,16,5
1901,513,23,6
1902,513,19,3
1903,513,24,20
1904,513,4,10
1905,514,4,10
1906,514,23,5
1907,514,6,24
1908,515,23,7
1909,515,18,9
1910,515,12,24
1911,515,15,11
1912,516,2,20
1913,516,9,10
1914,517,2,10
1915,517,7,1
1916,517,22,6
1917,518,6,10
1918,518,7,21
1919,518,0,16
1920,519,19,6
1921,519,2,16
1922,519,22,10
1923,519,5,17
1924,519,1,13
1925,520,13,11
1926,520,13,9
1927,521,12,2
1928,521,13,23
1929,521,19,3
1930,521,11,4
1931,522,7,16
1932,522,21,23
1933,522,14,23
1934,522,6,18
1935,522,14,24
1936,522,13,19
1937,523,20,10
1938,523,15,1
1939,523,1,16
1940,523,17,21
1941,523,12,20
1942,523,9,5
1943,523,14,18
1944,526,8,1
1945,526,4,16
1946,527,20,12
1947,527,20,16
1948,528,20,3
1949,528,16,7
1950,528,15,5
1951,529,3,13
1952,529,0,10
1953,529,1,18
1954,529,3,19
1955,530,23,10
1956,530,0,4
1957,530,3,6
1958,530,20,10
1959,531,7,15
1960,531,2,20
1961,531,24,0
1962,532,12,1
1963,532,9,6
1964,533,3,9
1965,533,13,24
1966,533,1,11
1967,533,10,1
1968,533,0,23
1969,533,5,3
1970,534,0,14
1971,534,4,22
1972,534,11,15
1973,535,15,9
1974,535,19,0
1975,535,0,6
1976,535,13,11
1977,536,18,9
1978,537,18,10
1979,538,21,7
1980,538,24,4
1981,539,2,13
1982,539,14,12
1983,539,24,6
1984,539,19,10
1985,539,7,1
1986,539,17,6
1987,539,13,23
1988,539,5,1
1989,540,7,18
1990,540,3,14
1991,540,0,20
1992,540,10,6
1993,541,3,9
1994,541,18,15
1995,542,8,2
1996,542,23,16
1997,542,19,8
1998,542,23,8
1999,542,16,14
2000,542,5,7
2001,543,19,6
2002,543,15,12
2003,543,1,23
2004,543,15,23
2005,544,24,0
2006,544,15,5
2007,544,1,13
2008,546,24,21
2009,547,11,0
2010,547,11,0
2011,547,12,23
2012,547,21,10
2013,547,22,15
2014,547,21,17
2015,547,9,12
2016,548,23,10
2017,548,23,21
2018,548,3,9
2019,548,21,10
2020,548,15,4
2021,548,18,1
2022,548,2,14
2023,548,22,11
2024,549,6,12
2025,549,2,14
2026,549,4,16
2027,549,3,17
2028,549,16,20
2029,549,0,14
2030,549,12,2
2031,549,14,20
2032,550,18,20
2033,550,5,24
2034,550,20,0
2035,551,5,23
2036,551,13,1
2037,551,0,17
2038,551,10,14
2039,551,14,12
2040,552,13,21
2041,552,6,24
2042,552,1,10
2043,552,15,4
2044,552,15,4
2045,552,16,20
2046,553,2,17
2047,553,13,7
2048,554,12,4
2049,554,6,3
2050,555,14,15
2051,555,7,19
2052,555,4,12
2053,555,15,12
2054,555,4,19
2055,556,20,17
2056,556,19,9
2057,556,8,0
2058,556,7,4
2059,556,4,19
2060,556,11,23
2061,557,11,17
2062,557,6,0
2063,557,17,14
2064,558,14,10
2065,558,11,9
2066,559,18,5
2067,559,9,1
2068,559,16,20
2069,560,1,5
2070,560,1,17
2071,560,7,23
2072,560,3,5
2073,560,3,18
2074,561,20,9
2075,561,23,3
2076,561,14,20
2077,562,6,10
2078,562,2,6
2079,562,7,14
2080,562,19,21
2081,562,22,14
2082,562,19,16
2083,562,2,18
2084,563,18,15
2085,563,0,13
2086,563,12,18
2087,563,3,24
2088,563,11,23
2089,563,14,20
2090,564,6,23
2091,564,16,0
2092,564,4,16
2093,564,14,5
2094,565,10,0
2095,565,23,11
2096,565,10,2
2097,565,16,14
2098,566,2,6
2099,566,15,0
2100,566,20,7
2101,566,17,3
2102,567,9,18
2103,567,13,3
2104,567,14,0
2105,567,4,24
2106,567,17,23
2107,567,13,10
2108,568,14,7
2109,568,8,0
2110,569,13,23
2111,569,21,8
2112,569,2,4
2113,569,14,15
2114,569,23,1
2115,569,16,7
2116,569,21,18
2117,570,2,8
2118,570,18,3
2119,570,3,20
2120,570,8,23
2121,571,17,1
2122,571,2,19
2123,571,17,6
2124,571,0,16
2125,571,16,2
2126,571,14,18
2127,571,24,21
2128,572,23,9
2129,572,2,16
2130,572,21,19
2131,572,15,8
2132,573,21,7
2133,573,14,20
2134,574,24,6
2135,574,22,14
2136,574,6,16
2137,574,10,21
2138,574,11,23
2139,574,10,20
2140,575,23,1
2141,575,21,7
2142,575,12,2
2143,576,0,17
2144,576,3,17
2145,577,13,5
2146,577,15,12
2147,577,5,21
2148,579,14,11
2149,579,24,20
2150,579,9,16
2151,579,4,0
2152,579,9,10
2153,580,8,22
2154,580,24,11
2155,580,2,18
2156,580,10,12
2157,581,24,20
2158,581,11,8
2159,581,23,21
2160,582,8,24
2161,582,16,20
2162,582,5,13
2163,582,15,3
2164,582,4,21
2165,582,20,8
2166,583,11,24
2167,584,17,7
2168,584,8,2
2169,584,13,15
2170,585,11,7
2171,585,6,14
2172,585,2,16
2173,585,8,12
2174,585,23,6
2175,585,20,1
2176,585,19,2
2177,586,11,21
2178,586,13,1
2179,586,5,23
2180,587,7,18
2181,588,13,17
2182,588,8,15
2183,588,9,22
2184,588,6,8
2185,588,10,19
2186,588,6,20
2187,588,22,12
2188,589,5,14
2189,589,1,10
2190,589,1,15
2191,589,11,4
2192,590,17,8
2193,590,9,15
2194,590,1,24
2195,591,13,17
2196,591,7,5
2197,592,4,22
2198,592,4,5
2199,592,24,0
2200,593,19,8
2201,593,19,15
2202,593,18,12
2203,593,13,16
2204,593,13,10
2205,593,3,18
2206,594,10,8
2207,594,17,3
2208,594,19,23
2209,594,1,5
2210,594,2,22
2211,595,24,8
2212,595,14,7
2213,596,20,23
2214,596,1,15
2215,596,18,16
2216,596,11,0
2217,596,22,16
2218,596,13,9
2219,597,4,20
2220,597,1,12
2221,598,16,20
2222,598,23,2
2223,598,19,15
2224,599,4,19
2225,599,2,0
2226,599,20,3
2227,600,24,11
2228,600,20,4
2229,600,12,21
2230,600,22,20
2231,600,4,17
2232,600,3,19
2233,601,10,18
2234,601,19,2
2235,601,20,22
2236,601,5,14
2237,602,14,3
2238,602,22,7
2239,602,24,22
2240,603,2,14
2241,603,10,22
2242,603,22,1
2243,603,15,18
2244,603,21,19
2245,603,21,2
2246,603,17,10
2247,604,23,21
2248,604,19,5
2249,604,0,6
2250,604,9,10
2251,605,21,4
2252,605,22,20
2253,605,16,1
2254,605,21,19
2255,605,23,1
2256,605,14,23
2257,605,16,14
2258,606,4,15
2259,606,3,19
2260,606,4,22
2261,606,20,5
2262,606,2,21
2263,606,6,16
2264,607,9,24
2265,608,20,12
2266,608,20,22
2267,608,0,20
2268,609,4,14
2269,609,16,3
2270,609,6,10
2271,609,3,0
2272,610,11,20
2273,610,11,15
2274,610,6,3
2275,611,20,16
2276,612,12,4
2277,612,14,1
2278,612,11,19
2279,612,15,3
2280,612,23,15
2281,613,24,2
2282,613,24,22
2283,613,18,2
2284,613,24,22
2285,613,3,15
2286,613,9,13
2287,614,5,1
2288,614,11,8
2289,614,23,13
2290,614,14,10
2291,615,1,3
2292,615,9,11
2293,615,18,12
2294,615,1,5
2295,615,8,6
2296,615,22,13
2297,615,23,16
2298,615,4,19
2299,615,3,21
2300,616,15,2
2301,616,23,2
2302,616,0,10
2303,617,2,9
2304,617,23,16
2305,617,13,2
2306,617,10,23
2307,617,3,24
2308,617,16,9
2309,617,14,24
2310,618,15,7
2311,618,18,24
2312,619,10,22
2313,619,12,5
2314,619,13,22
2315,620,7,1
2316,620,21,15
2317,620,9,5
2318,620,5,17
2319,620,11,4
2320,620,5,14
2321,620,2,0
2322,621,23,6
2323,621,23,7
2324,621,1,23
2325,621,17,6
2326,621,9,24
2327,621,21,23
2328,622,3,20
2329,622,8,15
2330,623,1,13
2331,623,10,17
2332,623,2,24
2333,623,22,15
2334,623,14,18
2335,624,16,4
2336,624,9,16
2337,624,4,12
2338,625,17,0
2339,625,11,4
2340,625,12,21
2341,625,6,17
2342,625,19,17
2343,625,22,14
2344,626,23,1
2345,626,5,7
2346,626,21,23
2347,627,0,14
2348,627,7,5
2349,627,21,3
2350,627,18,0
2351,627,17,24
2352,628,3,15
2353,628,7,3
2354,628,11,7
2355,628,7,5
2356,628,7,21
2357,629,22,18
2358,629,24,7
2359,629,5,1
2360,629,6,9
2361,630,10,23
2362,630,7,9
2363,630,17,14
2364,630,4,23
2365,630,8,23
2366,631,17,2
2367,631,7,0
2368,631,0,4
2369,631,19,23
2370,632,0,15
2371,632,13,17
2372,633,16,18
2373,633,22,20
2374,633,3,19
2375,634,10,23
2376,634,13,16
2377,634,7,18
2378,635,11,8
2379,635,21,7
2380,635,11,24
2381,635,4,16
2382,635,24,5
2383,635,1,4
2384,636,13,1
2385,636,20,9
2386,637,23,11
2387,637,16,18
2388,637,8,16
2389,637,12,21
2390,639,4,17
2391,639,12,0
2392,639,11,19
2393,639,4,19
2394,639,20,11
2395,639,3,21
2396,639,10,12
2397,639,23,21
2398,639,21,1
2399,640,11,24
2400,640,11,13
2401,640,19,4
2402,640,3,23
2403,640,7,22
2404,641,7,16
2405,642,8,24
2406,642,23,0
2407,642,7,15
2408,643,8,14
2409,643,9,12
2410,643,12,8
2411,643,4,13
2412,644,3,18
2413,645,11,15
2414,645,6,4
2415,645,15,1
2416,645,15,6
2417,645,20,3
2418,646,8,1
2419,646,2,20
2420,647,3,23
2421,647,14,8
2422,647,17,13
2423,647,13,7
2424,647,19,2
2425,647,14,2
2426,648,12,2
2427,648,6,20
2428,649,1,4
2429,649,13,10
2430,649,24,6
2431,649,17,4
2432,650,23,17
2433,650,10,18
2434,650,10,9
2435,650,11,20
2436,650,22,2
2437,651,2,6
2438,652,13,2
2439,653,8,17
2440,653,19,2
2441,653,19,11
2442,654,2,10
2443,654,14,17
2444,654,18,22
2445,655,15,18
2446,655,12,9
2447,655,6,21
2448,656,5,1
2449,656,17,2
2450,656,6,17
2451,656,6,8
2452,656,17,20
2453,656,5,20
2454,657,4,6
2455,657,12,14
2456,657,19,3
2457,657,17,11
2458,657,24,18
2459,658,18,4
2460,658,6,18
2461,658,9,22
2462,658,15,17
2463,659,5,8
2464,659,21,15
2465,659,17,0
2466,660,13,9
2467,660,13,23
2468,660,12,2
2469,661,18,9
2470,661,21,23
2471,661,13,0
2472,661,4,5
2473,661,22,0
2474,661,8,19
2475,662,8,20
2476,662,21,15
2477,662,0,16
2478,663,12,23
2479,663,21,10
2480,663,19,2
2481,663,8,24
2482,664,5,15
2483,664,13,17
2484,664,17,0
2485,664,21,13
2486,664,1,13
2487,665,22,2
2488,666,10,6
2489,666,3,1
2490,666,8,10
2491,666,22,19
2492,667,19,4
2493,667,18,4
2494,668,0,21
2495,668,4,15
2496,668,18,9
2497,668,6,2
2498,669,8,20
2499,669,9,17
2500,669,20,0
2501,669,12,16
2502,669,16,10
2503,670,14,16
2504,670,16,13
2505,670,22,15
2506,670,19,1
2507,670,9,20
2508,672,5,16
2509,672,4,18
2510,672,19,10
2511,672,5,19
2512,672,8,16
2513,672,17,11
2514,673,11,23
2515,673,19,4
2516,673,8,2
2517,673,7,1
2518,673,13,17
2519,674,4,12
2520,674,6,21
2521,674,11,23
2522,674,10,4
2523,674,10,1
2524,674,7,11
2525,675,20,3
2526,675,10,17
2527,675,14,20
2528,675,23,16
2529,676,0,18
2530,676,13,2
2531,676,20,8
2532,677,21,6
2533,677,11,23
2534,678,20,13
2535,678,8,15
2536,678,16,24
2537,678,6,8
2538,680,9,23
2539,680,0,4
2540,681,21,23
2541,681,17,3
2542,681,11,23
2543,682,0,20
2544,682,2,20
2545,682,7,24
2546,682,20,3
2547,682,20,8
2548,682,8,10
2549,682,17,24
2550,683,7,9
2551,683,13,10
2552,683,2,16
2553,683,10,16
2554,683,5,8
2555,683,13,9
2556,683,18,20
2557,683,21,7
2558,684,22,14
2559,684,19,23
2560,684,10,21
2561,684,5,7
2562,685,6,19
2563,685,19,5
2564,686,1,7
2565,686,6,13
2566,686,24,16
2567,686,20,5
2568,686,2,20
2569,687,19,22
2570,687,5,17
2571,687,9,5
2572,687,12,24
2573,687,17,20
2574,688,20,14
2575,688,14,8
2576,688,18,8
2577,688,13,23
2578,689,18,14
2579,689,14,22
2580,689,20,10
2581,689,21,5
2582,690,6,4
2583,690,23,11
2584,691,12,20
2585,691,22,19
2586,691,2,18
2587,691,6,24
2588,691,22,10
2589,692,18,20
2590,692,13,23
2591,692,10,18
2592,692,11,24
2593,692,5,7
2594,692,18,0
2595,692,2,23
2596,693,23,9
2597,693,15,1
2598,693,17,13
2599,693,19,3
2600,693,21,1
2601,693,4,22
2602,694,21,6
2603,694,17,20
2604,694,20,2
2605,694,19,13
2606,694,9,0
2607,695,16,5
2608,695,2,12
2609,695,3,5
2610,695,17,4
2611,695,21,15
2612,695,19,6
2613,695,15,19
2614,695,4,7
2615,695,17,15
2616,695,24,0
2617,696,18,16
2618,696,2,11
2619,696,17,2
2620,697,23,2
2621,697,3,10
2622,697,5,11
2623,697,9,6
2624,697,21,24
2625,698,6,10
2626,698,7,14
2627,698,16,10
2628,699,18,8
2629,699,21,1
2630,699,1,20
2631,699,16,3
2632,700,1,17
2633,700,7,22
2634,700,10,6
2635,700,1,17
2636,700,0,13
2637,701,15,13
2638,701,18,4
2639,701,18,10
2640,701,11,17
2641,701,12,0
2642,702,14,12
2643,702,15,6
2644,702,5,4
2645,702,11,22
2646,703,6,17
2647,703,7,3
2648,704,12,4
2649,704,23,5
2650,705,11,0
2651,705,22,8
2652,705,22,16
2653,706,14,4
2654,706,1,13
2655,707,24,22
2656,707,23,21
2657,707,14,0
2658,708,23,8
2659,708,13,2
2660,709,21,15
2661,709,0,23
2662,709,1,19
2663,709,13,1
2664,709,5,21
2665,710,9,13
2666,710,15,23
2667,710,0,15
2668,710,9,12
2669,710,19,11
2670,710,2,13
2671,710,19,6
2672,710,13,7
2673,711,4,2
2674,711,4,13
2675,711,2,16
2676,711,10,7
2677,711,24,14
2678,712,21,3
2679,712,19,16
2680,713,13,23
2681,713,22,6
2682,713,12,5
2683,713,19,10
2684,713,7,21
2685,714,8,22
2686,714,9,5
2687,714,19,3
2688,715,24,18
2689,716,0,7
2690,716,13,23
2691,716,9,12
2692,716,22,0
2693,716,5,15
2694,716,24,9
2695,717,3,15
2696,717,21,13
2697,717,15,24
2698,717,13,22
2699,717,20,17
2700,718,0,20
2701,718,7,19
2702,718,17,6
2703,718,1,21
2704,719,5,13
2705,720,0,9
2706,720,23,2
2707,720,15,12
2708,720,21,14
2709,720,9,0
2710,720,3,17
2711,721,24,10
2712,721,21,12
2713,721,3,22
2714,721,21,13
2715,721,16,5
2716,721,6,10
2717,722,7,18
2718,722,17,10
2719,722,18,1
2720,722,19,12
2721,722,21,24
2722,722,22,15
2723,723,15,23
2724,723,12,5
2725,723,22,2
2726,723,17,6
2727,723,18,1
2728,724,13,15
2729,724,2,21
2730,724,6,22
2731,725,18,5
2732,725,14,22
2733,725,22,4
2734,725,17,5
2735,725,11,8
2736,725,15,3
2737,726,9,7
2738,726,7,9
2739,727,19,21
2740,727,9,12
2741,728,22,18
2742,728,6,20
2743,728,21,13
2744,728,9,0
2745,728,5,20
2746,728,14,17
2747,729,22,13
2748,729,23,8
2749,729,15,5
2750,730,6,20
2751,730,2,13
2752,730,16,13
2753,730,11,13
2754,730,3,0
2755,730,9,7
2756,730,19,1
2757,731,12,22
2758,731,12,20
2759,731,5,4
2760,731,0,7
2761,731,18,7
2762,731,7,11
2763,731,21,18
2764,731,11,9
2765,731,7,15
2766,731,16,10
2767,731,13,11
2768,732,6,8
2769,732,7,9
2770,732,23,1
2771,733,1,24
2772,733,19,21
2773,733,7,14
2774,733,3,0
2775,734,24,0
2776,734,12,19
2777,734,4,12
2778,735,0,20
2779,735,9,22
2780,735,8,18
2781,736,0,9
2782,736,10,2
2783,736,3,24
2784,736,7,13
2785,736,14,2
2786,736,4,15
2787,736,7,3
2788,736,2,13
2789,737,18,16
2790,737,17,0
2791,737,17,24
2792,737,17,11
2793,737,5,2
2794,737,12,16
2795,738,18,3
2796,738,9,18
2797,739,21,19
2798,739,0,7
2799,739,1,16
2800,739,24,0
2801,739,10,23
2802,739,19,12
2803,740,13,20
2804,740,1,4
2805,740,3,21
2806,740,9,17
2807,740,5,17
2808,741,11,7
2809,741,20,4
2810,741,13,4
2811,741,15,11
2812,742,17,20
2813,742,21,10
2814,743,9,3
2815,743,4,20
2816,744,19,8
2817,744,15,9
2818,745,5,2
2819,746,16,24
2820,746,1,14
2821,746,16,24
2822,746,8,1
2823,746,1,14
2824,746,9,22
2825,746,11,2
2826,746,14,15
2827,746,8,24
2828,747,4,13
2829,747,11,17
2830,748,8,18
2831,748,22,10
2832,748,19,13
2833,749,10,12
2834,749,8,14
2835,749,2,22
2836,749,17,3
2837,750,12,2
2838,750,23,4
2839,750,9,6
2840,751,0,10
2841,751,9,0
2842,751,7,10
2843,751,4,16
2844,751,12,19
2845,752,7,19
2846,752,15,8
2847,752,21,0
2848,752,10,0
2849,753,15,8
2850,753,21,0
2851,753,11,2
2852,753,2,13
2853,753,14,7
2854,753,1,12
2855,754,18,20
2856,754,19,22
2857,754,19,9
2858,754,14,1
2859,755,8,12
2860,755,20,18
2861,755,20,6
2862,755,23,7
2863,755,14,10
2864,756,4,2
2865,756,8,5
2866,757,15,5
2867,757,3,23
2868,757,20,3
2869,757,7,22
2870,757,19,4
2871,757,14,6
2872,757,4,1
2873,757,16,8
2874,757,1,21
2875,757,14,15
2876,758,13,3
2877,758,4,2
2878,758,18,8
2879,758,20,5
2880,759,13,0
2881,759,8,19
2882,759,8,24
2883,760,8,10
2884,760,16,14
2885,760,19,3
2886,760,23,0
2887,761,17,11
2888,761,13,23
2889,761,10,24
2890,761,4,19
2891,761,8,2
2892,761,5,12
2893,762,5,2
2894,762,5,14
2895,762,20,14
2896,763,3,19
2897,763,14,16
2898,763,10,21
2899,763,6,21
2900,764,13,17
2901,764,24,4
2902,764,1,7
2903,765,21,23
2904,766,18,4
2905,766,5,21
2906,766,9,12
2907,766,20,14
2908,767,14,11
2909,767,15,17
2910,768,24,22
2911,768,4,21
2912,768,11,22
2913,768,7,4
2914,768,13,20
2915,768,13,3
2916,768,3,18
2917,769,16,23
2918,769,14,22
2919,769,3,21
2920,769,24,20
2921,770,6,4
2922,770,13,15
2923,770,5,4
2924,770,15,5
2925,770,2,22
2926,770,15,9
2927,771,8,14
2928,771,8,4
2929,771,24,2
2930,771,18,20
2931,771,0,23
2932,772,10,21
2933,772,6,19
2934,772,4,8
2935,772,17,3
2936,773,24,6
2937,773,1,14
2938,773,17,8
2939,773,5,17
2940,773,9,18
2941,774,6,17
2942,774,15,1
2943,774,4,23
2944,775,6,0
2945,775,21,9
2946,776,3,16
2947,776,24,17
2948,777,2,21
2949,777,10,18
2950,777,9,23
2951,778,7,13
2952,778,23,19
2953,779,7,13
2954,779,22,12
2955,779,16,24
2956,780,11,8
2957,780,9,22
2958,780,14,17
2959,780,0,21
2960,780,13,15
2961,781,13,10
2962,781,12,14
2963,781,21,12
2964,781,10,13
2965,782,3,0
2966,782,11,14
2967,782,19,1
2968,783,16,1
2969,783,20,1
2970,783,23,1
2971,783,2,14
2972,783,24,15
2973,783,22,13
2974,783,23,16
2975,784,17,7
2976,784,3,0
2977,784,8,2
2978,785,13,10
2979,785,18,3
2980,785,1,13
2981,785,16,4
2982,785,6,0
2983,785,22,20
2984,786,1,16
2985,786,23,6
2986,786,9,24
2987,786,8,17
2988,786,16,0
2989,786,8,21
2990,787,5,15
2991,788,24,6
2992,788,17,9
2993,788,13,20
2994,788,16,18
2995,788,2,10
2996,789,20,23
2997,789,16,6
2998,789,22,10
2999,789,1,13
3000,789,4,19
3001,789,0,12
3002,789,3,0
3003,789,17,9
3004,790,21,8
3005,790,9,0
3006,790,15,9
3007,790,5,23
3008,790,7,14
3009,790,0,2
3010,790,20,10
3011,791,23,11
3012,791,2,20
3013,791,23,7
3014,791,13,6
3015,791,20,2
3016,792,24,1
3017,792,8,19
3018,792,9,12
3019,793,0,13
3020,793,13,7
3021,793,10,12
3022,793,2,11
3023,794,12,19
3024,794,4,5
3025,794,4,1
3026,794,24,0
3027,794,3,11
3028,794,5,4
3029,795,18,4
3030,795,7,13
3031,795,12,6
3032,796,24,13
3033,796,1,4
3034,797,9,16
3035,797,6,10
3036,797,11,14
3037,797,14,17
3038,798,14,20
3039,798,0,6
3040,798,19,6
3041,798,9,15
3042,798,23,2
3043,798,17,24
3044,799,6,23
3045,799,22,2
3046,799,1,15
3047,800,4,20
3048,800,4,6
3049,801,5,24
3050,801,11,0
3051,801,7,3
3052,801,5,3
3053,801,1,18
3054,801,22,3
3055,802,7,10
3056,802,20,6
3057,802,12,0
3058,803,12,18
3059,803,9,24
3060,803,13,3
3061,803,4,17
3062,804,20,6
3063,804,15,18
3064,804,6,23
3065,804,10,1
3066,804,6,16
3067,805,21,3
3068,805,16,18
3069,805,9,15
3070,805,2,6
3071,805,24,12
3072,806,0,10
3073,806,20,12
3074,807,24,8
3075,807,17,19
3076,807,14,23
3077,807,2,6
3078,807,12,1
3079,808,11,24
3080,808,7,21
3081,808,20,18
3082,809,3,23
3083,809,11,13
3084,810,9,24
3085,810,1,15
3086,810,5,1
3087,811,23,19
3088,811,9,10
3089,811,5,22
3090,811,16,20
3091,811,21,9
3092,811,20,6
3093,811,12,22
3094,811,4,11
3095,812,12,22
3096,812,17,4
3097,812,12,21
3098,812,1,13
3099,813,22,14
3100,813,3,23
3101,814,10,18
3102,814,6,23
3103,814,17,5
3104,814,1,4
3105,815,10,1
3106,815,6,2
3107,816,2,15
3108,816,16,19
3109,816,10,20
3110,816,12,23
3111,817,7,21
3112,817,7,0
3113,817,12,9
3114,817,15,9
3115,817,1,20
3116,818,6,21
3117,818,16,7
3118,818,16,0
3119,819,9,23
3120,819,4,6
3121,820,3,23
3122,820,10,13
3123,820,12,15
3124,820,0,8
3125,820,6,22
3126,820,22,5
3127,820,0,2
3128,821,13,2
3129,821,9,2
3130,821,15,1
3131,821,13,10
3132,821,12,9
3133,821,12,24
3134,822,18,9
3135,822,21,0
3136,822,0,3
3137,823,15,7
3138,823,20,14
3139,823,9,1
3140,823,15,23
3141,823,10,4
3142,823,8,11
3143,823,19,13
3144,824,5,21
3145,824,2,0
3146,824,23,0
3147,824,22,7
3148,824,15,14
3149,825,15,6
3150,825,22,5
3151,825,1,10
3152,825,20,5
3153,826,6,13
3154,826,1,14
3155,827,7,22
3156,827,9,18
3157,827,24,22
3158,828,20,7
3159,828,0,17
3160,828,23,14
3161,829,0,9
3162,829,10,17
3163,830,15,1
3164,830,16,19
3165,830,14,10
3166,831,2,4
3167,831,8,24
3168,831,13,19
3169,831,4,20
3170,832,11,4
3171,832,21,10
3172,832,16,8
3173,832,9,10
3174,833,20,16
3175,833,11,0
3176,833,9,15
3177,833,12,0
3178,834,16,3
3179,834,22,8
3180,834,23,14
3181,834,14,23
3182,834,7,24
3183,834,4,24
3184,834,3,17
3185,835,17,5
3186,835,15,9
3187,835,4,21
3188,835,16,1
3189,835,15,7
3190,836,14,22
3191,837,19,17
3192,837,13,6
3193,837,17,5
3194,838,20,16
3195,838,20,6
3196,838,14,7
3197,838,3,9
3198,839,11,9
3199,839,1,9
3200,839,10,19
3201,840,10,18
3202,840,19,16
3203,840,10,3
3204,840,21,5
3205,841,17,6
3206,841,19,3
3207,841,2,19
3208,841,18,12
3209,842,15,22
3210,842,22,7
3211,842,4,5
3212,842,18,22
3213,842,19,6
3214,842,3,15
3215,843,6,3
3216,843,1,4
3217,843,22,1
3218,843,20,14
3219,843,8,12
3220,843,23,1
3221,843,19,7
3222,843,10,16
3223,844,11,2
3224,844,11,0
3225,845,11,3
3226,845,5,18
3227,846,19,3
3228,846,15,7
3229,846,0,19
3230,846,18,16
3231,846,2,11
3232,846,20,6
3233,847,20,13
3234,847,16,0
3235,847,9,19
3236,847,3,11
3237,847,21,5
3238,847,3,24
3239,848,20,17
3240,848,19,5
3241,848,18,22
3242,849,13,0
3243,849,14,0
3244,849,21,23
3245,849,19,4
3246,849,12,22
3247,850,9,22
3248,850,0,7
3249,850,10,21
3250,850,12,19
3251,850,1,20
3252,850,5,8
3253,850,10,21
3254,850,10,17
3255,850,19,17
3256,851,20,23
3257,851,8,6
3258,852,23,12
3259,852,16,19
3260,852,19,15
3261,852,22,2
3262,852,23,9
3263,852,13,24
3264,852,10,24
3265,853,14,0
3266,853,21,3
3267,853,7,20
3268,853,20,1
3269,853,15,23
3270,854,12,9
3271,854,23,17
3272,854,5,2
3273,855,22,3
3274,855,1,17
3275,855,13,6
3276,855,4,24
3277,856,16,14
3278,856,23,17
3279,856,11,14
3280,856,14,1
3281,857,21,8
3282,857,24,8
3283,857,15,7
3284,857,3,14
3285,858,1,23
3286,858,10,12
3287,858,3,20
3288,858,19,0
3289,858,2,19
3290,858,10,7
3291,859,19,16
3292,860,1,13
3293,860,22,19
3294,860,2,8
3295,860,15,21
3296,861,23,4
3297,861,16,20
3298,861,8,0
3299,861,1,7
3300,862,8,17
3301,862,4,20
3302,862,8,16
3303,862,14,2
3304,863,19,0
3305,863,4,22
3306,864,8,20
3307,864,24,15
3308,864,12,22
3309,865,15,17
3310,865,13,17
3311,865,16,13
3312,865,1,15
3313,866,1,8
3314,866,0,9
3315,866,8,6
3316,866,3,19
3317,866,4,14
3318,866,10,24
3319,867,19,13
3320,867,1,10
3321,867,15,13
3322,867,14,6
3323,867,8,4
3324,867,23,3
3325,868,21,7
3326,868,15,17
3327,868,23,5
3328,868,9,21
3329,869,24,13
3330,869,15,6
3331,869,24,20
3332,869,13,15
3333,869,2,5
3334,869,14,20
3335,870,3,21
3336,870,3,19
3337,870,6,18
3338,870,3,21
3339,871,5,12
3340,871,23,17
3341,872,9,1
3342,872,2,24
3343,872,6,21
3344,872,24,17
3345,872,17,24
3346,872,14,2
3347,872,9,13
3348,872,20,2
3349,872,5,23
3350,872,5,23
3351,873,8,2
3352,874,2,11
3353,874,23,10
3354,874,17,14
3355,874,12,0
3356,875,23,19
3357,875,3,14
3358,875,11,23
3359,875,6,13
3360,875,10,14
3361,875,6,21
3362,875,14,5
3363,876,18,5
3364,876,9,12
3365,876,3,13
3366,876,9,7
3367,876,14,18
3368,876,4,10
3369,877,3,7
3370,877,4,0
3371,877,19,4
3372,878,24,2
3373,878,11,7
3374,878,0,16
3375,879,15,9
3376,880,12,4
3377,880,12,16
3378,880,5,17
3379,880,22,6
3380,880,24,17
3381,880,22,3
3382,880,6,0
3383,881,18,2
3384,882,21,5
3385,882,8,18
3386,882,6,8
3387,882,12,20
3388,883,14,6
3389,883,15,22
3390,883,7,9
3391,884,12,15
3392,884,6,8
3393,884,16,13
3394,884,20,22
3395,884,2,18
3396,884,13,21
3397,884,6,3
3398,884,19,8
3399,885,16,20
3400,885,2,0
3401,885,15,6
3402,886,9,21
3403,886,5,19
3404,886,23,17
3405,886,5,11
3406,886,4,7
3407,886,18,3
3408,887,22,2
3409,887,18,2
3410,887,22,4
3411,887,24,2
3412,887,9,24
3413,887,1,3
3414,887,21,17
3415,888,20,4
3416,888,19,4
3417,888,17,8
3418,889,14,17
3419,889,17,6
3420,889,8,22
3421,889,8,24
3422,889,0,21
3423,889,17,3
3424,889,22,0
3425,889,18,24
3426,889,6,23
3427,889,19,20
3428,890,1,23
3429,890,7,13
3430,890,18,14
3431,891,14,20
3432,891,18,21
3433,891,2,24
3434,891,15,6
3435,891,4,24
3436,892,20,22
3437,892,20,7
3438,892,24,20
3439,892,23,16
3440,892,20,16
3441,892,15,6
3442,892,16,10
3443,892,22,19
3444,893,2,16
3445,893,6,10
3446,894,9,3
3447,894,15,7
3448,894,5,21
3449,895,10,19
3450,896,13,15
3451,896,23,14
3452,896,19,7
3453,897,5,4
3454,897,16,24
3455,897,14,8
3456,897,9,24
3457,897,23,20
3458,897,19,20
3459,898,0,15
3460,898,19,6
3461,898,11,8
3462,898,15,1
3463,898,5,16
3464,898,19,3
3465,898,19,9
3466,899,11,15
3467,900,24,5
3468,900,23,13
3469,900,16,2
3470,900,10,6
3471,900,17,10
3472,900,15,7
3473,901,24,21
3474,901,18,14
3475,901,13,3
3476,901,20,10
3477,902,20,6
3478,902,4,11
3479,902,17,9
3480,903,23,7
3481,903,8,10
3482,903,2,18
3483,904,23,11
3484,904,5,19
3485,904,13,20
3486,904,7,22
3487,904,8,22
3488,905,9,20
3489,905,3,0
3490,906,23,6
3491,906,9,16
3492,906,16,7
3493,906,6,12
3494,906,11,18
3495,906,11,17
3496,906,1,18
3497,907,12,23
3498,907,3,18
3499,907,14,21
3500,907,2,16
3501,907,22,8
3502,907,19,5
3503,907,16,2
3504,907,20,1
3505,907,11,8
3506,908,17,6
3507,908,0,7
3508,908,23,2
3509,909,24,6
3510,909,15,12
3511,909,18,2
3512,909,0,2
3513,909,9,11
3514,909,20,7
3515,910,4,22
3516,910,1,14
3517,910,4,22
3518,910,0,3
3519,910,0,21
3520,911,9,0
3521,911,16,1
3522,911,22,1
3523,911,14,23
3524,912,7,10
3525,912,24,22
3526,912,9,10
3527,912,16,24
3528,912,7,18
3529,912,4,21
3530,913,7,17
3531,914,3,19
3532,914,7,24
3533,914,24,10
3534,914,2,9
3535,914,21,15
3536,915,21,5
3537,915,7,16
3538,915,16,18
3539,916,2,4
3540,916,14,7
3541,916,0,22
3542,916,12,24
3543,916,23,1
3544,916,13,15
3545,916,17,2
3546,916,0,10
3547,916,23,5
3548,917,6,8
3549,917,16,3
3550,917,3,16
3551,918,6,2
3552,918,10,21
3553,918,23,13
3554,918,1,10
3555,919,19,23
3556,919,19,22
3557,919,2,15
3558,920,2,6
3559,920,17,14
3560,920,10,8
3561,920,13,22
3562,921,6,13
3563,921,7,13
3564,921,14,22
3565,921,21,2
3566,922,24,9
3567,922,22,10
3568,922,4,16
3569,922,9,15
3570,923,2,4
3571,923,23,1
3572,923,24,8
3573,923,19,9
3574,923,16,19
3575,924,23,11
3576,925,2,9
3577,925,0,24
3578,925,23,16
3579,925,16,1
3580,925,10,7
3581,925,12,20
3582,925,19,7
3583,925,21,17
3584,926,5,19
3585,926,5,13
3586,926,4,0
3587,926,0,24
3588,927,9,24
3589,927,22,15
3590,927,12,22
3591,928,5,2
3592,928,19,2
3593,928,23,1
3594,928,16,4
3595,928,0,11
3596,928,8,19
3597,929,15,3
3598,929,15,3
3599,929,6,0
3600,929,16,6
3601,929,1,16
3602,929,14,11
3603,929,16,6
3604,930,20,23
3605,930,10,1
3606,930,16,4
3607,930,12,8
3608,930,14,12
3609,931,1,18
3610,931,15,4
3611,931,17,9
3612,932,22,3
3613,933,14,1
3614,933,21,2
3615,934,7,9
3616,934,18,16
3617,934,8,12
3618,934,0,14
3619,934,20,12
3620,934,0,12
3621,935,12,2
3622,935,9,22
3623,935,0,4
3624,936,20,16
3625,936,15,11
3626,936,16,7
3627,936,20,6
3628,937,10,18
3629,937,2,20
3630,937,22,20
3631,937,15,7
3632,937,22,12
3633,937,17,5
3634,938,6,12
3635,938,8,14
3636,938,10,21
3637,938,3,14
3638,938,16,12
3639,938,19,22
3640,938,12,19
3641,938,16,13
3642,939,0,22
3643,939,15,13
3644,939,2,0
3645,939,22,19
3646,939,8,23
3647,940,1,18
3648,940,0,22
3649,940,24,3
3650,941,9,22
3651,941,3,16
3652,941,6,19
3653,941,1,13
3654,941,5,19
3655,942,1,8
3656,943,13,20
3657,943,9,18
3658,943,20,14
3659,944,1,22
3660,944,3,0
3661,945,21,10
3662,945,3,20
3663,945,15,19
3664,945,12,21
3665,946,6,14
3666,946,21,9
3667,946,7,10
3668,946,3,14
3669,947,12,0
3670,947,17,24
3671,948,24,16
3672,948,13,22
3673,948,10,19
3674,949,9,15
3675,949,20,19
3676,949,5,8
3677,950,4,18
3678,950,2,13
3679,950,11,15
3680,950,8,6
3681,950,3,1
3682,950,19,2
3683,951,5,3
3684,951,11,17
3685,952,22,16
3686,952,0,11
3687,953,12,6
3688,953,9,10
3689,954,24,13
3690,954,24,5
3691,954,14,0
3692,954,23,7
3693,954,21,18
3694,955,9,20
3695,955,21,0
3696,955,2,4
3697,955,19,8
3698,955,1,11
3699,955,4,21
3700,955,16,7
3701,956,7,10
3702,956,18,7
3703,956,15,19
3704,956,3,23
3705,956,24,17
3706,957,24,22
3707,957,22,24
3708,957,7,23
3709,958,10,20
3710,958,1,17
3711,958,10,7
3712,959,15,18
3713,959,19,21
3714,959,9,2
3715,959,21,15
3716,959,4,12
3717,960,4,8
3718,960,22,0
3719,960,21,12
3720,961,16,12
3721,961,12,22
3722,961,23,13
3723,961,5,20
3724,961,17,1
3725,961,1,14
3726,961,23,9
3727,961,22,5
3728,962,1,13
3729,962,17,4
3730,962,23,16
3731,963,13,7
3732,963,1,24
3733,963,5,4
3734,964,11,21
3735,966,16,18
3736,966,19,3
3737,966,10,14
3738,966,12,4
3739,967,12,6
3740,967,24,9
3741,967,24,5
3742,967,17,8
3743,968,1,12
3744,968,10,21
3745,968,6,19
3746,968,1,22
3747,969,11,20
3748,969,15,13
3749,969,17,20
3750,969,2,21
3751,969,0,15
3752,969,22,1
3753,969,23,15
3754,970,22,24
3755,971,17,21
3756,971,19,21
3757,971,11,24
3758,971,1,21
3759,971,19,21
3760,971,22,20
3761,972,3,12
3762,972,17,21
3763,972,18,5
3764,973,1,14
3765,973,3,19
3766,974,7,1
3767,974,6,9
3768,975,0,13
3769,975,18,7
3770,976,7,14
3771,977,1,11
3772,977,24,21
3773,977,3,19
3774,977,5,19
3775,977,3,17
3776,978,3,15
3777,978,13,22
3778,978,10,16
3779,978,15,8
3780,979,19,6
3781,979,16,9
3782,979,22,20
3783,980,6,19
3784,980,7,20
3785,980,24,4
3786,980,16,18
3787,981,9,3
3788,981,18,9
3789,981,9,21
3790,981,3,22
3791,981,7,4
3792,982,15,1
3793,982,14,23
3794,982,4,17
3795,982,13,10
3796,983,9,3
3797,983,14,1
3798,983,5,21
3799,983,15,7
3800,984,8,22
3801,984,11,7
3802,984,12,9
3803,984,12,6
3804,984,5,22
3805,984,6,23
3806,985,13,1
3807,985,9,18
3808,985,21,4
3809,986,8,16
3810,986,17,10
3811,987,6,21
3812,987,21,17
3813,987,18,4
3814,988,15,17
3815,988,22,10
3816,988,8,0
3817,988,5,21
3818,988,2,5
3819,989,21,6
3820,989,14,23
3821,989,14,3
3822,990,3,13
3823,990,20,6
3824,991,12,18
3825,991,24,15
3826,991,4,14
3827,992,5,17
3828,993,17,21
3829,993,17,11
3830,993,0,7
3831,994,5,2
3832,994,13,11
3833,995,3,16
3834,995,12,22
3835,995,9,11
3836,995,24,16
3837,996,15,7
3838,996,22,3
3839,997,12,16
3840,997,10,21
3841,997,1,15
3842,997,10,19
3843,997,23,12
3844,997,23,21
3845,998,18,22
3846,998,12,3
3847,999,11,7
3848,999,6,14
3849,999,7,20
3850,999,9,15
3851,999,4,14
3852,1001,2,5
3853,1001,3,16
3854,1001,6,4
3855,1001,22,13
3856,1001,23,15
3857,1002,2,0
3858,1002,8,24
3859,1002,15,7
3860,1002,23,9
3861,1002,2,23
3862,1003,21,5
3863,1003,1,11
3864,1003,12,10
3865,1004,15,17
3866,1004,1,18
3867,1004,3,24
3868,1005,10,23
3869,1005,1,10
3870,1005,2,8
3871,1005,19,15
3872,1005,7,9
3873,1006,2,4
3874,1006,8,2
3875,1006,7,17
3876,1007,2,4
3877,1007,11,0
3878,1007,11,14
3879,1007,12,23
3880,1007,5,4
3881,1007,22,24
3882,1008,24,15
3883,1008,16,10
3884,1009,8,0
3885,1009,20,19
3886,1010,19,20
3887,1010,6,10
3888,1010,21,23
3889,1010,11,2
3890,1010,11,4
3891,1010,24,8
3892,1010,8,12
3893,1011,1,22
3894,1011,4,20
3895,1012,7,5
3896,1012,10,8
3897,1012,5,24
3898,1012,12,3
3899,1014,20,19
3900,1014,6,22
3901,1014,0,21
3902,1014,2,8
3903,1015,7,21
3904,1015,5,4
3905,1015,2,19
3906,1015,1,8
3907,1016,10,21
3908,1016,5,17
3909,1016,8,12
3910,1016,14,0
3911,1017,2,21
3912,1017,16,3
3913,1017,17,24
3914,1017,16,18
3915,1017,11,15
3916,1017,16,14
3917,1018,11,22
3918,1018,21,9
3919,1018,17,10
3920,1018,11,5
3921,1018,3,18
3922,1019,20,10
3923,1019,15,22
3924,1019,20,0
3925,1020,9,2
3926,1020,18,9
3927,1020,23,11
3928,1020,8,6
3929,1021,0,15
3930,1022,21,10
3931,1022,20,22
3932,1022,15,11
3933,1022,18,8
3934,1022,16,3
3935,1022,9,3
3936,1023,11,0
3937,1023,9,6
3938,1024,15,13
3939,1024,7,18
3940,1024,17,3
3941,1024,16,10
3942,1024,19,11
3943,1024,9,22
3944,1024,23,8
3945,1024,23,5
3946,1024,15,4
3947,1024,21,6
3948,1025,20,11
3949,1025,9,17
3950,1025,7,21
3951,1025,20,0
3952,1026,18,16
3953,1026,21,2
3954,1026,11,20
3955,1026,16,12
3956,1026,8,15
3957,1026,15,9
3958,1027,3,17
3959,1027,19,5
3960,1027,12,23
3961,1027,23,17
3962,1027,11,21
3963,1027,16,20
3964,1027,19,16
3965,1028,22,24
3966,1028,23,17
3967,1029,14,16
3968,1029,3,18
3969,1029,22,11
3970,1029,16,22
3971,1029,3,15
3972,1030,16,2
3973,1030,0,24
3974,1030,20,23
3975,1030,8,5
3976,1031,10,13
3977,1031,5,16
3978,1031,1,3
3979,1032,20,19
3980,1032,13,4
3981,1032,17,5
3982,1032,3,11
3983,1032,18,2
3984,1032,12,15
3985,1033,12,10
3986,1033,0,2
3987,1033,23,17
3988,1034,4,24
3989,1034,5,13
3990,1034,22,12
3991,1034,1,8
3992,1034,7,16
3993,1034,11,24
3994,1034,14,7
3995,1035,22,24
3996,1036,16,8
3997,1036,13,6
3998,1036,10,7
3999,1036,23,20
4000,1037,19,1
4001,1037,8,0
4002,1038,9,6
4003,1038,7,15
4004,1038,12,14
4005,1038,10,8
4006,1039,23,5
4007,1039,22,24
4008,1039,10,4
4009,1040,1,10
4010,1040,14,7
4011,1041,24,17
4012,1041,1,5
4013,1041,15,18
4014,1042,8,0
4015,1042,17,4
4016,1042,17,5
4017,1042,24,11
4018,1042,12,18
4019,1043,1,7
4020,1043,24,2
4021,1043,12,23
4022,1043,9,13
4023,1043,9,22
4024,1043,18,15
4025,1043,19,5
4026,1043,5,13
4027,1044,10,22
4028,1044,2,14
4029,1044,17,14
4030,1045,23,12
4031,1045,21,24
4032,1045,24,15
4033,1045,14,16
4034,1045,24,16
4035,1046,24,11
4036,1046,19,21
4037,1046,14,18
4038,1047,1,20
4039,1047,15,7
4040,1047,15,7
4041,1048,21,18
4042,1048,17,5
4043,1048,16,20
4044,1049,10,21
4045,1049,8,20
4046,1049,6,0
4047,1049,12,8
4048,1050,24,11
4049,1050,23,13
4050,1050,17,19
4051,1050,0,20
4052,1050,20,14
4053,1051,14,4
4054,1051,22,4
4055,1051,20,23
4056,1051,11,17
4057,1051,21,1
4058,1053,1,14
4059,1053,18,6
4060,1054,15,0
4061,1054,22,13
4062,1054,16,13
4063,1054,3,11
4064,1054,0,9
4065,1055,23,0
4066,1055,16,14
4067,1055,23,11
4068,1055,16,19
4069,1056,4,7
4070,1056,22,4
4071,1056,2,4
4072,1056,23,20
4073,1056,0,15
4074,1056,10,19
4075,1056,4,15
4076,1057,20,14
4077,1057,8,14
4078,1057,4,13
4079,1057,20,16
4080,1058,0,10
4081,1058,7,13
4082,1058,7,10
4083,1059,16,9
4084,1060,8,12
4085,1060,5,13
4086,1060,20,23
4087,1061,17,4
4088,1062,19,17
4089,1062,1,18
4090,1063,24,9
4091,1063,21,8
4092,1063,12,1
4093,1064,3,6
4094,1064,0,14
4095,1064,9,5
4096,1064,11,22
4097,1064,5,17
4098,1065,12,1
4099,1065,22,16
4100,1065,17,11
4101,1066,17,11
4102,1066,11,18
4103,1066,5,14
4104,1066,14,0
4105,1066,4,6
4106,1067,1,10
4107,1067,18,21
4108,1067,23,8
4109,1067,14,11
4110,1068,2,18
4111,1068,23,2
4112,1068,9,22
4113,1068,8,2
4114,1069,17,15
4115,1069,19,0
4116,1069,13,21
4117,1069,0,17
4118,1069,4,19
4119,1070,18,11
4120,1071,4,10
4121,1071,20,16
4122,1071,24,11
4123,1071,17,11
4124,1072,13,5
4125,1073,7,1
4126,1073,9,6
4127,1073,22,24
4128,1073,8,12
4129,1073,19,9
4130,1074,3,19
4131,1074,9,22
4132,1074,3,9
4133,1075,21,8
4134,1075,19,3
4135,1076,21,12
4136,1076,15,0
4137,1076,2,0
4138,1076,19,2
4139,1077,24,2
4140,1077,3,13
4141,1077,18,1
4142,1077,0,17
4143,1077,21,13
4144,1078,21,7
4145,1078,10,24
4146,1078,0,14
4147,1079,17,23
4148,1079,24,4
4149,1079,22,12
4150,1079,9,23
4151,1079,24,5
4152,1080,5,9
4153,1080,24,13
4154,1080,14,8
4155,1081,9,3
4156,1081,24,12
4157,1081,6,22
4158,1082,14,20
4159,1082,12,1
4160,1082,19,16
4161,1083,11,21
4162,1083,15,23
4163,1083,17,14
4164,1084,18,2
4165,1084,11,9
4166,1084,6,24
4167,1085,17,15
4168,1085,14,8
4169,1085,6,20
4170,1085,12,16
4171,1085,5,18
4172,1085,5,16
4173,1085,4,24
4174,1086,14,1
4175,1086,20,11
4176,1086,24,6
4177,1086,8,17
4178,1086,10,3
4179,1086,1,4
4180,1087,16,12
4181,1087,23,20
4182,1087,2,14
4183,1088,8,12
4184,1088,11,8
4185,1088,24,11
4186,1088,10,23
4187,1088,24,9
4188,1088,22,0
4189,1089,14,3
4190,1089,6,14
4191,1090,17,10
4192,1090,2,17
4193,1090,19,22
4194,1090,6,16
4195,1090,8,12
4196,1090,2,13
4197,1091,15,14
4198,1091,8,24
4199,1091,0,6
4200,1091,18,2
4201,1091,4,12
4202,1091,21,17
4203,1091,7,17
4204,1092,5,17
4205,1092,9,22
4206,1092,3,13
4207,1092,16,2
4208,1092,23,21
4209,1093,16,6
4210,1093,4,20
4211,1093,4,16
4212,1093,14,1
4213,1093,23,13
4214,1093,0,3
4215,1093,10,24
4216,1094,9,20
4217,1094,18,9
4218,1094,9,15
4219,1095,17,24
4220,1095,11,22
4221,1095,23,7
4222,1095,15,21
4223,1095,9,5
4224,1095,4,12
4225,1095,12,1
4226,1096,9,18
4227,1096,17,21
4228,1096,4,0
4229,1096,15,21
4230,1097,21,12
4231,1097,17,5
4232,1097,2,9
4233,1098,14,20
4234,1098,17,21
4235,1098,24,20
4236,1098,14,15
4237,1099,5,14
4238,1099,24,2
4239,1100,3,10
4240,1100,3,23
4241,1100,11,3
4242,1100,12,9
4243,1101,18,24
4244,1101,15,21
4245,1102,22,13
4246,1102,13,21
4247,1102,20,24
4248,1102,20,5
4249,1102,22,7
4250,1102,22,2
4251,1102,0,9
4252,1102,15,18
4253,1102,4,6
4254,1102,13,3
4255,1102,0,23
4256,1102,20,1
4257,1103,4,8
4258,1104,22,3
4259,1104,24,11
4260,1104,5,8
4261,1104,2,21
4262,1104,19,21
4263,1105,20,6
4264,1105,8,17
4265,1105,13,19
4266,1105,9,6
4267,1105,19,6
4268,1105,13,0
4269,1106,7,3
4270,1106,3,24
4271,1106,0,7
4272,1106,21,12
4273,1107,3,1
4274,1107,20,17
4275,1107,13,6
4276,1108,5,23
4277,1108,19,16
4278,1108,11,17
4279,1109,4,12
4280,1109,6,18
4281,1109,14,10
4282,1109,20,9
4283,1110,13,3
4284,1110,10,12
4285,1110,24,1
4286,1110,24,21
4287,1111,5,20
4288,1111,18,3
4289,1111,6,18
4290,1112,24,3
4291,1112,7,19
4292,1112,19,13
4293,1113,23,12
4294,1113,15,6
4295,1113,2,17
4296,1113,14,5
4297,1113,24,1
4298,1114,21,13
4299,1114,12,2
4300,1114,20,13
4301,1114,24,2
4302,1114,1,17
4303,1114,15,1
4304,1115,2,22
4305,1115,20,9
4306,1115,24,10
4307,1116,16,5
4308,1116,23,2
4309,1116,3,6
4310,1117,9,7
4311,1117,13,11
4312,1117,10,2
4313,1117,4,13
4314,1118,1,9
4315,1118,15,6
4316,1118,8,17
4317,1118,5,4
4318,1118,19,2
4319,1118,9,12
4320,1119,20,23
4321,1119,15,23
4322,1119,15,4
4323,1120,17,14
4324,1120,18,14
4325,1120,9,24
4326,1120,23,6
4327,1121,24,7
4328,1121,2,12
4329,1122,16,22
4330,1122,21,14
4331,1122,20,6
4332,1122,11,14
4333,1122,3,7
4334,1122,2,12
4335,1122,11,14
4336,1123,24,20
4337,1123,12,16
4338,1123,14,4
4339,1123,0,6
4340,1124,2,23
4341,1124,11,22
4342,1124,0,15
4343,1124,10,2
4344,1125,5,2
4345,1125,22,9
4346,1125,14,5
4347,1126,7,13
4348,1126,9,6
4349,1127,13,24
4350,1127,3,13
4351,1127,0,14
4352,1127,17,2
4353,1128,10,20
4354,1128,20,2
4355,1129,5,7
4356,1129,22,14
4357,1129,7,16
4358,1129,9,23
4359,1129,4,14
4360,1129,23,6
4361,1130,15,2
4362,1130,5,9
4363,1130,12,24
4364,1130,15,23
4365,1130,0,22
4366,1131,11,7
4367,1131,22,7
4368,1131,8,12
4369,1131,5,3
4370,1131,3,1
4371,1131,2,24
4372,1132,22,19
4373,1132,15,18
4374,1132,24,18
4375,1132,13,2
4376,1132,24,5
4377,1132,4,15
4378,1133,24,7
4379,1133,2,19
4380,1133,19,3
4381,1134,6,16
4382,1134,2,19
4383,1134,15,1
4384,1134,9,19
4385,1135,3,7
4386,1135,18,8
4387,1136,6,20
4388,1136,24,1
4389,1136,8,20
4390,1136,0,14
4391,1136,13,1
4392,1136,1,19
4393,1137,9,15
4394,1138,23,13
4395,1138,16,12
4396,1138,24,0
4397,1138,21,5
4398,1138,4,15
4399,1138,2,5
4400,1138,3,7
4401,1138,23,17
4402,1139,18,7
4403,1139,4,19
4404,1139,13,1
4405,1139,22,13
4406,1139,21,17
4407,1140,4,17
4408,1140,22,12
4409,1141,4,22
4410,1141,15,18
4411,1141,1,22
4412,1142,12,9
4413,1142,8,23
4414,1142,21,15
4415,1142,17,6
4416,1142,17,10
4417,1142,22,10
4418,1143,20,23
4419,1143,20,4
4420,1144,20,9
4421,1144,11,1
4422,1144,14,17
4423,1144,11,18
4424,1144,12,23
4425,1144,23,2
4426,1144,12,10
4427,1145,10,3
4428,1145,2,24
4429,1146,21,3
4430,1146,23,6
4431,1146,12,3
4432,1147,14,21
4433,1147,3,12
4434,1147,13,7
4435,1147,2,13
4436,1147,12,3
4437,1149,7,1
4438,1149,20,8
4439,1150,2,10
4440,1150,5,8
4441,1150,24,14
4442,1151,18,22
4443,1151,7,9
4444,1151,22,0
4445,1152,6,24
4446,1152,13,16
4447,1152,18,20
4448,1152,14,5
4449,1153,10,16
4450,1153,24,4
4451,1153,0,19
4452,1154,6,16
4453,1154,23,8
4454,1154,15,6
4455,1154,3,9
4456,1154,3,19
4457,1155,1,20
4458,1156,18,6
4459,1156,14,7
4460,1157,13,16
4461,1157,22,0
4462,1157,17,1
4463,1157,23,3
4464,1157,3,12
4465,1157,12,22
4466,1157,2,0
4467,1158,4,12
4468,1158,8,23
4469,1158,24,15
4470,1159,11,20
4471,1159,4,16
4472,1159,24,17
4473,1159,14,10
4474,1159,10,7
4475,1159,3,20
4476,1159,14,1
4477,1160,11,15
4478,1160,4,22
4479,1160,15,23
4480,1160,1,11
4481,1160,11,3
4482,1161,1,21
4483,1161,20,19
4484,1161,21,1
4485,1161,0,10
4486,1161,10,1
4487,1162,4,11
4488,1162,3,6
4489,1163,2,16
4490,1163,23,0
4491,1164,17,15
4492,1164,6,3
4493,1164,6,18
4494,1164,11,20
4495,1165,10,0
4496,1165,22,10
4497,1165,23,21
4498,1166,7,19
4499,1166,20,1
4500,1166,23,2
4501,1167,13,21
4502,1168,15,22
4503,1168,13,4
4504,1168,8,18
4505,1168,20,23
4506,1168,19,9
4507,1169,9,21
4508,1169,24,20
4509,1170,20,17
4510,1170,9,3
4511,1170,23,7
4512,1170,1,3
4513,1171,20,6
4514,1171,7,9
4515,1171,17,1
4516,1171,24,15
4517,1171,7,9
4518,1171,6,23
4519,1171,22,4
4520,1172,4,10
4521,1172,15,21
4522,1172,14,2
4523,1173,3,15
4524,1173,17,7
4525,1174,4,22
4526,1174,12,0
4527,1174,18,6
4528,1174,19,0
4529,1175,11,24
4530,1175,3,6
4531,1175,8,18
4532,1176,7,19
4533,1176,20,22
4534,1176,10,18
4535,1176,6,10
4536,1176,9,12
4537,1176,24,12
4538,1177,19,17
4539,1177,3,13
4540,1177,12,4
4541,1177,0,16
4542,1177,9,18
4543,1177,23,9
4544,1177,21,23
4545,1178,10,7
4546,1178,0,3
4547,1178,5,8
4548,1178,23,20
4549,1178,12,4
4550,1178,11,5
4551,1179,16,19
4552,1179,8,24
4553,1179,22,2
4554,1180,0,9
4555,1180,8,22
4556,1180,22,18
4557,1181,16,23
4558,1181,14,10
4559,1181,4,11
4560,1182,1,15
4561,1182,12,20
4562,1182,23,2
4563,1182,6,12
4564,1182,17,24
4565,1182,5,4
4566,1182,0,13
4567,1183,8,6
4568,1183,15,3
4569,1183,21,17
4570,1183,24,14
4571,1183,14,10
4572,1183,8,5
4573,1184,7,22
4574,1184,4,14
4575,1184,8,11
4576,1184,24,4
4577,1184,2,21
4578,1185,17,1
4579,1185,3,11
4580,1185,6,15
4581,1185,10,6
4582,1185,10,8
4583,1186,24,22
4584,1186,7,4
4585,1186,22,19
4586,1186,21,7
4587,1187,8,11
4588,1187,18,21
4589,1187,20,14
4590,1187,20,17
4591,1187,0,13
4592,1188,1,16
4593,1188,13,2
4594,1188,15,1
4595,1188,24,1
4596,1188,1,14
4597,1189,6,17
4598,1189,20,24
4599,1189,22,7
4600,1189,22,19
4601,1190,10,3
4602,1190,13,4
4603,1190,22,9
4604,1190,12,24
4605,1190,0,18
4606,1191,7,11
4607,1191,12,4
4608,1191,3,7
4609,1191,2,16
4610,1192,19,2
4611,1192,10,22
4612,1192,21,18
4613,1192,18,3
4614,1192,1,10
4615,1192,2,8
4616,1193,13,15
4617,1193,0,7
4618,1194,5,2
4619,1194,5,13
4620,1194,20,13
4621,1195,1,16
4622,1195,17,10
4623,1195,10,8
4624,1195,7,14
4625,1196,21,18
4626,1196,20,12
4627,1196,2,10
4628,1196,17,0
4629,1196,11,15
4630,1196,10,16
4631,1196,14,11
4632,1197,9,2
4633,1197,14,15
4634,1197,10,0
4635,1198,22,0
4636,1198,18,9
4637,1199,23,21
4638,1199,9,16
4639,1200,13,21
4640,1200,3,11
4641,1200,0,24
4642,1200,16,23
4643,1200,15,21
4644,1201,22,2
4645,1201,2,9
4646,1201,13,6
4647,1201,10,12
4648,1201,9,0
4649,1201,17,13
4650,1202,8,10
4651,1202,2,5
4652,1202,8,5
4653,1202,6,19
4654,1203,9,16
4655,1203,12,21
4656,1203,0,6
4657,1203,10,8
4658,1203,2,0
4659,1203,2,23
4660,1204,3,22
4661,1204,1,4
4662,1204,17,14
4663,1204,19,11
4664,1204,16,23
4665,1205,4,0
4666,1205,3,7
4667,1205,0,22
4668,1205,19,6
4669,1205,23,20
4670,1205,3,19
4671,1205,18,6
4672,1205,8,0
4673,1206,23,5
4674,1206,10,23
4675,1206,2,23
4676,1207,24,20
4677,1207,15,19
4678,1207,22,15
4679,1207,15,0
4680,1208,20,2
4681,1208,16,14
4682,1208,22,8
4683,1208,14,15
4684,1208,5,21
4685,1208,10,3
4686,1209,4,8
4687,1209,23,15
4688,1210,15,22
4689,1210,18,6
4690,1210,15,12
4691,1210,14,17
4692,1210,0,21
4693,1210,10,23
4694,1210,4,17
4695,1211,16,12
4696,1211,7,23
4697,1211,7,24
4698,1212,18,21
4699,1212,12,14
4700,1213,6,2
4701,1213,24,7
4702,1213,6,16
4703,1214,3,21
4704,1214,10,0
4705,1215,4,21
4706,1215,12,15
4707,1215,23,21
4708,1215,3,5
4709,1215,14,21
4710,1216,21,18
4711,1216,22,6
4712,1216,21,11
4713,1216,16,19
4714,1216,9,1
4715,1216,12,1
4716,1217,5,2
4717,1217,23,7
4718,1217,2,16
4719,1217,24,22
4720,1217,11,15
4721,1218,24,22
4722,1218,6,9
4723,1218,4,18
4724,1218,8,12
4725,1218,19,9
4726,1218,10,2
4727,1218,8,14
4728,1219,24,13
4729,1219,3,23
4730,1219,9,7
4731,1219,6,4
4732,1219,24,8
4733,1220,1,5
4734,1220,2,4
4735,1220,13,15
4736,1220,17,23
4737,1221,8,24
4738,1221,9,22
4739,1221,22,1
4740,1221,1,20
4741,1221,17,24
4742,1223,10,14
4743,1223,2,8
4744,1223,5,4
4745,1224,19,5
4746,1224,16,19
4747,1224,10,22
4748,1225,23,20
4749,1225,11,15
4750,1225,5,17
4751,1226,0,2
4752,1226,21,5
4753,1227,2,16
4754,1227,19,0
4755,1227,14,8
4756,1227,4,8
4757,1228,19,4
4758,1228,20,6
4759,1229,17,19
4760,1229,2,24
4761,1229,2,17
4762,1230,9,2
4763,1231,0,11
4764,1231,16,13
4765,1231,14,1
4766,1231,0,21
4767,1232,15,18
4768,1232,15,22
4769,1232,17,1
4770,1233,7,19
4771,1234,11,19
4772,1234,23,16
4773,1234,5,18
4774,1234,24,14
4775,1234,5,3
4776,1234,18,12
4777,1235,3,1
4778,1235,18,21
4779,1235,5,3
4780,1235,15,3
4781,1235,4,14
4782,1235,5,18
4783,1236,14,22
4784,1236,21,4
4785,1237,15,1
4786,1238,0,16
4787,1238,20,13
4788,1239,24,18
4789,1240,16,20
4790,1240,7,1
4791,1241,16,23
4792,1242,24,17
4793,1242,8,10
4794,1242,21,12
4795,1242,23,4
4796,1242,9,17
4797,1243,6,14
4798,1243,3,19
4799,1244,8,24
4800,1244,13,6
4801,1244,21,1
4802,1244,8,6
4803,1244,18,5
4804,1244,23,8
4805,1244,14,21
4806,1245,15,6
4807,1245,1,7
4808,1245,0,16
4809,1245,12,22
4810,1246,0,19
4811,1246,14,21
4812,1246,24,12
4813,1246,9,21
4814,1247,19,23
4815,1247,14,10
4816,1248,5,15
4817,1249,9,2
4818,1249,22,19
4819,1249,23,10
4820,1249,13,2
4821,1249,16,9
4822,1249,21,24
4823,1249,3,10
4824,1249,3,11
4825,1249,22,1
4826,1249,15,18
4827,1250,9,0
4828,1250,2,11
4829,1250,5,23
4830,1250,11,5
4831,1251,6,16
4832,1251,19,2
4833,1251,3,9
4834,1251,21,10
4835,1251,20,11
4836,1251,11,17
4837,1252,4,13
4838,1252,8,21
4839,1252,2,24
4840,1252,20,5
4841,1253,2,21
4842,1253,18,22
4843,1253,1,19
4844,1253,2,10
4845,1253,19,12
4846,1253,6,4
4847,1253,20,17
4848,1254,2,18
4849,1254,10,18
4850,1254,17,7
4851,1255,18,7
4852,1255,20,22
4853,1255,10,13
4854,1256,22,6
4855,1256,15,19
4856,1256,2,16
4857,1256,7,24
4858,1256,20,22
4859,1256,0,17
4860,1257,23,0
4861,1257,17,7
4862,1257,21,9
4863,1258,1,9
4864,1258,18,8
4865,1258,6,3
4866,1259,16,7
4867,1259,1,19
4868,1259,8,2
4869,1259,17,1
4870,1259,6,3
4871,1259,6,18
4872,1259,10,13
4873,1259,6,10
4874,1260,2,17
4875,1260,18,10
4876,1260,21,1
4877,1260,9,22
4878,1260,18,4
4879,1260,7,23
4880,1261,9,23
4881,1261,21,15
4882,1261,12,24
4883,1261,12,9
4884,1262,3,12
4885,1262,5,3
4886,1263,24,1
4887,1263,14,18
4888,1263,23,0
4889,1263,10,24
4890,1263,13,10
4891,1264,4,5
4892,1264,17,21
4893,1264,22,4
4894,1265,9,22
4895,1265,15,8
4896,1265,9,22
4897,1265,24,5
4898,1265,13,4
4899,1266,20,6
4900,1266,24,12
4901,1266,10,19
4902,1266,0,23
4903,1267,6,13
4904,1267,17,15
4905,1267,15,12
4906,1268,11,1
4907,1268,17,3
4908,1268,7,21
4909,1268,2,23
4910,1268,8,10
4911,1268,9,24
4912,1268,11,7
4913,1269,0,23
4914,1269,0,16
4915,1269,16,6
4916,1269,4,24
4917,1270,9,1
4918,1270,19,11
4919,1270,19,17
4920,1270,2,10
4921,1270,22,13
4922,1270,13,3
4923,1270,20,13
4924,1271,13,1
4925,1271,24,20
4926,1271,20,24
4927,1272,8,4
4928,1272,3,0
4929,1273,22,11
4930,1273,8,20
4931,1273,10,22
4932,1273,6,20
4933,1274,5,16
4934,1274,24,12
4935,1274,5,21
4936,1274,16,6
4937,1275,18,22
4938,1275,17,23
4939,1275,0,4
4940,1275,19,20
4941,1275,14,12
4942,1275,22,0
4943,1276,21,23
4944,1276,17,10
4945,1277,9,16
4946,1278,7,10
4947,1279,0,23
4948,1279,10,7
4949,1279,11,24
4950,1279,20,5
4951,1279,15,19
4952,1279,4,20
4953,1279,13,2
4954,1280,14,3
4955,1280,4,6
4956,1280,10,24
4957,1280,15,11
4958,1280,23,5
4959,1281,0,19
4960,1281,4,24
4961,1281,7,10
4962,1281,7,3
4963,1281,22,16
4964,1281,7,13
4965,1281,7,22
4966,1281,6,23
4967,1282,0,9
4968,1282,0,19
4969,1282,23,17
4970,1282,16,18
4971,1282,20,6
4972,1282,14,2
4973,1283,20,8
4974,1283,6,0
4975,1283,6,22
4976,1283,21,11
4977,1283,4,2
4978,1283,20,23
4979,1284,20,24
4980,1284,6,4
4981,1284,4,19
4982,1285,17,11
4983,1285,12,3
4984,1285,6,21
4985,1285,3,5
4986,1286,22,24
4987,1287,5,11
4988,1287,19,2
4989,1287,10,12
4990,1287,16,3
4991,1288,2,13
4992,1288,23,0
4993,1288,17,11
4994,1288,0,12
4995,1288,17,20
4996,1289,12,5
4997,1289,4,20
4998,1289,4,13
4999,1290,12,16
5000,1290,8,5
5001,1290,7,15
5002,1291,0,23
5003,1291,19,8
5004,1291,19,6
5005,1291,22,8
5006,1291,20,13
5007,1291,0,3
5008,1291,21,4
5009,1291,9,15
5010,1291,7,24
5011,1291,22,15
5012,1291,20,6
5013,1292,24,3
5014,1292,7,14
5015,1292,2,4
5016,1292,22,15
5017,1293,4,1
5018,1293,3,24
5019,1293,3,19
5020,1293,12,4
5021,1293,8,15
5022,1293,3,12
5023,1293,17,15
5024,1294,19,7
5025,1294,0,11
5026,1294,15,12
5027,1294,8,12
5028,1294,2,9
5029,1294,20,10
5030,1294,7,13
5031,1294,9,2
5032,1294,17,23
5033,1294,14,22
5034,1294,2,4
5035,1294,2,23
5036,1294,9,17
5037,1295,12,6
5038,1296,3,7
5039,1297,17,24
5040,1297,0,7
5041,1297,12,22
5042,1297,4,10
5043,1298,24,21
5044,1298,9,7
5045,1298,18,3
5046,1299,5,4
5047,1299,9,23
5048,1300,11,14
5049,1300,20,11
5050,1300,4,0
5051,1300,17,3
5052,1300,8,14
5053,1300,17,9
5054,1301,11,3
5055,1301,19,23
5056,1301,21,14
5057,1301,4,15
5058,1301,14,17
5059,1302,9,23
5060,1302,23,0
5061,1302,12,3
5062,1302,5,1
5063,1303,22,12
5064,1303,23,16
5065,1303,16,19
5066,1303,1,22
5067,1303,10,3
5068,1304,4,8
5069,1304,6,10
5070,1304,21,18
5071,1304,0,22
5072,1304,22,6
5073,1304,0,13
5074,1305,16,4
5075,1305,12,3
5076,1305,0,20
5077,1305,0,15
5078,1305,4,12
5079,1305,23,9
5080,1306,11,1
5081,1306,1,8
5082,1306,22,8
5083,1306,20,24
5084,1306,0,9
5085,1306,1,16
5086,1307,23,17
5087,1307,11,2
5088,1307,23,3
5089,1307,16,18
5090,1307,12,1
5091,1307,1,23
5092,1308,3,13
5093,1308,15,5
5094,1308,2,24
5095,1308,10,24
5096,1309,2,22
5097,1310,14,4
5098,1311,6,0
5099,1311,0,24
5100,1312,13,2
5101,1312,4,20
5102,1312,18,5
5103,1312,17,6
5104,1312,11,23
5105,1313,6,22
5106,1313,6,12
5107,1313,23,14
5108,1313,13,7
5109,1314,2,0
5110,1314,13,4
5111,1314,12,6
5112,1314,8,5
5113,1315,11,14
5114,1315,19,6
5115,1315,24,1
5116,1316,24,9
5117,1316,21,4
5118,1316,12,18
5119,1316,15,0
5120,1317,23,14
5121,1317,17,24
5122,1318,10,0
5123,1318,13,11
5124,1318,5,17
5125,1318,13,10
5126,1318,22,20
5127,1318,8,15
5128,1319,10,19
5129,1319,2,16
5130,1319,2,22
5131,1319,14,20
5132,1319,22,20
5133,1319,0,22
5134,1319,3,6
5135,1320,19,23
5136,1320,12,19
5137,1320,19,20
5138,1320,23,20
5139,1320,3,6
5140,1321,14,10
5141,1322,5,4
5142,1322,20,7
5143,1322,15,3
5144,1322,12,16
5145,1323,18,10
5146,1323,16,0
5147,1324,21,2
5148,1324,21,18
5149,1324,11,22
5150,1324,9,7
5151,1325,19,12
5152,1325,15,7
5153,1325,18,12
5154,1325,9,20
5155,1326,13,1
5156,1326,21,11
5157,1327,10,21
5158,1327,17,6
5159,1328,10,9
5160,1328,4,16
5161,1328,7,1
5162,1329,12,0
5163,1329,1,16
5164,1329,11,13
5165,1329,6,14
5166,1330,13,22
5167,1330,16,6
5168,1330,2,22
5169,1331,0,9
5170,1332,8,6
5171,1332,3,7
5172,1332,9,19
5173,1332,15,14
5174,1332,1,8
5175,1333,11,22
5176,1333,17,20
5177,1333,2,20
5178,1333,2,6
5179,1333,14,15
5180,1334,19,21
5181,1334,3,12
5182,1334,6,2
5183,1334,13,9
5184,1335,8,2
5185,1335,8,2
5186,1335,14,3
5187,1336,7,15
5188,1336,6,0
5189,1336,21,13
5190,1336,18,5
5191,1337,15,8
5192,1337,8,2
5193,1337,8,12
5194,1337,20,9
5195,1337,21,19
5196,1337,14,4
5197,1338,21,5
5198,1338,3,13
5199,1338,18,20
5200,1339,16,18
5201,1339,17,2
5202,1339,16,0
5203,1340,20,23
5204,1340,16,5
5205,1341,17,14
5206,1341,9,6
5207,1341,2,4
5208,1342,11,2
5209,1342,22,18
5210,1342,4,24
5211,1342,23,14
5212,1342,3,10
5213,1342,21,1
5214,1342,14,22
5215,1343,12,20
5216,1343,24,15
5217,1343,20,4
5218,1343,10,22
5219,1344,22,14
5220,1344,15,21
5221,1344,24,3
5222,1344,13,21
5223,1345,0,7
5224,1345,11,4
5225,1345,16,18
5226,1345,5,3
5227,1345,2,0
5228,1345,0,10
5229,1346,10,14
5230,1346,22,16
5231,1346,1,13
5232,1346,17,3
5233,1346,11,17
5234,1347,6,0
5235,1348,18,10
5236,1348,5,1
5237,1348,24,6
5238,1349,13,10
5239,1349,7,0
5240,1350,7,20
5241,1350,24,11
5242,1350,6,9
5243,1350,4,6
5244,1351,23,1
5245,1351,21,24
5246,1351,7,11
5247,1351,24,18
5248,1351,5,14
5249,1351,24,0
5250,1352,22,8
5251,1352,3,11
5252,1352,8,4
5253,1352,21,10
5254,1352,8,12
5255,1352,17,4
5256,1353,3,14
5257,1353,0,16
5258,1353,0,10
5259,1353,2,15
5260,1353,5,19
5261,1354,8,14
5262,1354,23,17
5263,1354,7,22
5264,1354,15,12
5265,1354,5,4
5266,1355,23,0
5267,1355,19,4
5268,1355,16,22
5269,1355,15,22
5270,1355,12,22
5271,1355,16,19
5272,1355,13,2
5273,1356,7,23
5274,1356,23,14
5275,1356,6,4
5276,1356,12,19
5277,1356,7,15
5278,1357,24,7
5279,1357,20,8
5280,1357,5,14
5281,1358,16,24
5282,1358,10,21
5283,1359,14,3
5284,1359,21,7
5285,1359,18,2
5286,1359,24,16
5287,1360,9,23
5288,1360,23,4
5289,1360,22,18
5290,1360,7,0
5291,1361,22,19
5292,1361,22,4
5293,1362,21,17
5294,1362,8,18
5295,1362,1,12
5296,1362,18,11
5297,1362,2,19
5298,1363,21,9
5299,1363,24,4
5300,1363,19,13
5301,1363,18,1
5302,1363,13,16
5303,1363,23,1
5304,1363,1,5
5305,1363,3,19
5306,1363,2,12
5307,1364,11,20
5308,1364,1,17
5309,1364,19,3
5310,1364,15,19
5311,1364,17,8
5312,1364,9,16
5313,1364,24,12
5314,1364,5,12
5315,1365,13,7
5316,1365,12,5
5317,1365,15,7
5318,1366,16,20
5319,1366,9,18
5320,1366,20,10
5321,1367,22,19
5322,1368,7,18
5323,1368,2,6
5324,1368,4,13
5325,1368,5,11
5326,1368,7,4
5327,1369,24,11
5328,1369,0,21
5329,1369,13,9
5330,1369,6,17
5331,1369,11,24
5332,1370,11,1
5333,1370,16,13
5334,1370,23,4
5335,1370,15,0
5336,1371,21,5
5337,1371,24,20
5338,1372,2,12
5339,1372,23,20
5340,1372,15,0
5341,1372,7,9
5342,1373,5,21
5343,1373,5,13
5344,1374,5,17
5345,1374,9,24
5346,1375,12,10
5347,1375,10,22
5348,1375,7,11
5349,1375,12,2
5350,1375,18,15
5351,1376,18,8
5352,1376,5,24
5353,1376,14,1
5354,1377,0,2
5355,1377,5,16
5356,1377,1,8
5357,1378,2,8
5358,1379,20,12
5359,1379,7,19
5360,1379,20,17
5361,1379,20,16
5362,1379,15,5
5363,1379,21,3
5364,1380,7,19
5365,1380,10,9
5366,1380,4,21
5367,1381,16,8
5368,1381,20,18
5369,1381,24,6
5370,1382,12,2
5371,1382,21,19
5372,1382,9,10
5373,1382,0,22
5374,1382,4,14
5375,1382,18,12
5376,1382,19,12
5377,1382,6,22
5378,1382,10,22
5379,1383,3,11
5380,1383,2,12
5381,1383,24,6
5382,1383,10,24
5383,1383,11,17
5384,1383,6,18
5385,1383,4,1
5386,1384,16,4
5387,1384,5,22
5388,1384,21,12
5389,1384,13,6
5390,1385,15,1
5391,1385,10,8
5392,1386,14,4
5393,1386,11,18
5394,1387,3,6
5395,1387,9,7
5396,1387,6,17
5397,1388,17,6
5398,1388,20,12
5399,1389,0,18
5400,1389,7,5
5401,1389,22,14
5402,1389,17,20
5403,1390,19,2
5404,1390,9,7
5405,1391,15,5
5406,1391,20,18
5407,1392,8,22
5408,1393,21,9
5409,1393,2,4
5410,1393,21,3
5411,1393,4,20
5412,1394,21,7
5413,1394,8,0
5414,1394,13,24
5415,1395,11,13
5416,1395,10,1
5417,1395,11,3
5418,1396,22,9
5419,1396,13,6
5420,1396,21,11
5421,1396,9,6
5422,1396,11,17
5423,1396,18,6
5424,1396,21,23
5425,1397,14,24
5426,1397,4,18
5427,1398,10,2
5428,1398,24,9
5429,1398,14,6
5430,1399,17,20
5431,1399,20,18
5432,1400,21,18
5433,1400,16,9
5434,1400,22,19
5435,1400,15,4
5436,1400,2,4
5437,1400,2,24
5438,1400,13,11
5439,1401,5,8
5440,1401,6,20
5441,1401,14,11
5442,1401,17,2
5443,1402,22,0
5444,1402,19,4
5445,1402,14,7
5446,1402,1,9
5447,1402,3,23
5448,1402,18,1
5449,1402,17,24
5450,1402,4,8
5451,1403,22,14
5452,1403,2,5
5453,1404,18,4
5454,1404,22,20
5455,1405,23,6
5456,1405,21,15
5457,1405,22,24
5458,1406,5,23
5459,1406,2,13
5460,1406,5,12
5461,1406,22,16
5462,1407,20,24
5463,1407,4,2
5464,1408,20,17
5465,1408,7,18
5466,1408,11,17
5467,1408,21,1
5468,1409,9,18
5469,1409,22,8
5470,1409,2,20
5471,1409,4,21
5472,1409,5,12
5473,1409,18,0
5474,1409,24,8
5475,1410,7,18
5476,1410,22,8
5477,1410,1,8
5478,1410,23,1
5479,1410,22,1
5480,1411,22,24
5481,1412,8,2
5482,1412,24,13
5483,1412,4,10
5484,1412,9,13
5485,1413,2,9
5486,1413,6,0
5487,1414,17,2
5488,1414,12,9
5489,1415,4,19
5490,1415,16,13
5491,1415,5,13
5492,1415,20,1
5493,1415,7,18
5494,1416,20,1
5495,1416,16,24
5496,1416,17,20
5497,1416,1,8
5498,1416,23,7
5499,1417,10,21
5500,1417,12,5
5501,1417,14,5
5502,1417,6,15
5503,1417,3,5
5504,1418,22,0
5505,1418,19,5
5506,1418,10,16
5507,1418,2,23
5508,1418,17,24
5509,1418,18,7
5510,1419,7,13
5511,1419,3,15
5512,1420,3,24
5513,1420,1,13
5514,1420,9,23
5515,1421,1,14
5516,1421,6,23
5517,1421,8,11
5518,1422,16,8
5519,1422,21,12
5520,1422,10,1
5521,1422,0,9
5522,1422,5,2
5523,1422,24,17
5524,1422,19,16
5525,1423,15,17
5526,1424,21,24
5527,1424,9,19
5528,1424,5,17
5529,1425,1,16
5530,1425,6,24
5531,1426,24,0
5532,1426,6,22
5533,1426,16,6
5534,1426,8,12
5535,1426,9,0
5536,1426,22,15
5537,1426,1,23
5538,1426,16,19
5539,1427,7,15
5540,1427,9,24
5541,1427,20,23
5542,1427,7,20
5543,1427,13,0
5544,1427,0,24
5545,1428,14,8
5546,1428,15,23
5547,1428,13,9
5548,1429,22,2
5549,1429,3,1
5550,1429,12,18
5551,1429,6,12
5552,1430,1,3
5553,1430,5,19
5554,1430,4,12
5555,1431,2,21
5556,1431,7,5
5557,1431,24,18
5558,1431,1,14
5559,1431,23,2
5560,1432,2,21
5561,1432,14,12
5562,1432,2,11
5563,1432,14,12
5564,1432,5,3
5565,1432,5,12
5566,1433,18,3
5567,1433,17,9
5568,1433,0,22
5569,1433,3,16
5570,1434,0,11
5571,1434,7,3
5572,1434,16,12
5573,1434,4,19
5574,1434,13,22
5575,1434,3,5
5576,1435,20,12
5577,1435,5,21
5578,1435,22,10
5579,1435,16,18
5580,1436,12,20
5581,1436,16,14
5582,1436,10,24
5583,1437,22,7
5584,1437,4,5
5585,1437,11,9
5586,1437,7,17
5587,1437,8,23
5588,1437,5,9
5589,1438,8,15
5590,1438,22,24
5591,1439,5,15
5592,1439,22,6
5593,1439,18,21
5594,1440,16,1
5595,1440,1,21
5596,1440,19,22
5597,1441,9,24
5598,1441,13,15
5599,1441,8,23
5600,1442,1,7
5601,1442,11,17
5602,1442,3,21
5603,1443,18,2
5604,1443,1,5
5605,1443,10,20
5606,1443,13,4
5607,1444,20,14
5608,1444,2,19
5609,1445,4,23
5610,1445,9,24
5611,1445,19,23
5612,1446,21,17
5613,1446,10,7
5614,1446,17,4
5615,1446,0,24
5616,1446,1,21
5617,1446,8,10
5618,1446,18,3
5619,1447,17,4
5620,1447,14,8
5621,1447,11,19
5622,1448,11,3
5623,1448,9,0
5624,1449,22,10
5625,1449,17,0
5626,1449,12,23
5627,1449,13,3
5628,1449,18,22
5629,1449,14,10
5630,1450,6,16
5631,1450,2,17
5632,1451,16,20
5633,1452,17,2
5634,1452,1,23
5635,1452,3,1
5636,1452,11,23
5637,1453,18,12
5638,1453,11,17
5639,1453,10,1
5640,1453,9,21
5641,1454,16,23
5642,1454,24,8
5643,1454,22,11
5644,1454,15,19
5645,1455,2,8
5646,1455,20,1
5647,1455,18,2
5648,1455,6,21
5649,1455,5,9
5650,1455,6,15
5651,1456,1,20
5652,1456,24,6
5653,1456,1,24
5654,1456,6,13
5655,1457,3,11
5656,1457,3,5
5657,1457,16,10
5658,1457,4,1
5659,1457,18,12
5660,1457,7,13
5661,1458,7,19
5662,1458,1,3
5663,1458,6,16
5664,1459,3,9
5665,1459,16,5
5666,1459,3,16
5667,1460,14,4
5668,1460,14,18
5669,1460,2,18
5670,1460,1,3
5671,1461,14,16
5672,1461,10,17
5673,1461,17,9
5674,1461,19,6
5675,1461,14,3
5676,1462,15,22
5677,1462,22,24
5678,1462,11,21
5679,1463,0,9
5680,1463,19,5
5681,1463,9,22
5682,1463,11,21
5683,1463,16,13
5684,1464,15,1
5685,1464,6,0
5686,1464,20,1
5687,1464,3,21
5688,1464,13,9
5689,1464,3,16
5690,1465,12,10
5691,1465,7,9
5692,1465,17,15
5693,1465,19,23
5694,1465,4,7
5695,1465,3,0
5696,1466,16,19
5697,1466,20,24
5698,1466,21,9
5699,1466,8,0
5700,1467,22,10
5701,1468,1,14
5702,1468,18,2
5703,1468,9,17
5704,1469,19,0
5705,1469,23,19
5706,1469,22,15
5707,1470,23,15
5708,1470,0,20
5709,1470,1,19
5710,1470,17,9
5711,1470,0,17
5712,1470,11,4
5713,1470,19,17
5714,1471,18,7
5715,1471,2,12
5716,1471,7,14
5717,1472,23,16
5718,1473,18,0
5719,1473,5,17
5720,1474,18,1
5721,1474,14,5
5722,1474,3,19
5723,1474,11,4
5724,1474,1,16
5725,1475,15,2
5726,1475,10,12
5727,1475,8,23
5728,1475,2,20
5729,1475,18,20
5730,1476,16,5
5731,1476,18,11
5732,1476,20,16
5733,1476,24,12
5734,1476,21,5
5735,1476,21,12
5736,1476,15,3
5737,1477,1,5
5738,1477,17,21
5739,1477,8,4
5740,1478,7,0
5741,1478,11,3
5742,1478,15,0
5743,1479,1,23
5744,1479,3,18
5745,1479,21,2
5746,1479,4,12
5747,1479,20,22
5748,1479,15,1
5749,1480,12,24
5750,1480,1,5
5751,1480,17,5
5752,1480,15,13
5753,1481,13,21
5754,1481,1,20
5755,1481,9,20
5756,1481,0,7
5757,1481,11,14
5758,1482,20,4
5759,1482,15,9
5760,1482,23,6
5761,1482,19,5
5762,1482,14,24
5763,1482,4,13
5764,1482,6,22
5765,1483,16,4
5766,1483,4,18
5767,1483,15,22
5768,1484,19,12
5769,1484,14,23
5770,1484,18,1
5771,1484,8,5
5772,1484,6,15
5773,1485,3,9
5774,1485,4,20
5775,1485,23,4
5776,1485,5,1
5777,1485,9,10
5778,1485,16,19
5779,1485,10,22
5780,1486,15,5
5781,1486,1,22
5782,1486,2,23
5783,1486,0,14
5784,1486,8,21
5785,1486,10,2
5786,1486,15,21
5787,1486,16,5
5788,1488,19,5
5789,1488,6,22
5790,1488,10,2
5791,1488,2,23
5792,1489,4,7
5793,1489,14,11
5794,1490,4,6
5795,1490,3,12
5796,1490,23,16
5797,1491,23,5
5798,1491,20,23
5799,1491,5,23
5800,1492,0,20
5801,1492,23,1
5802,1492,22,24
5803,1493,14,3
5804,1493,19,0
5805,1493,6,24
5806,1494,10,2
5807,1494,9,11
5808,1494,19,11
5809,1494,14,2
5810,1494,9,15
5811,1495,18,14
5812,1495,17,21
5813,1495,17,5
5814,1495,5,12
5815,1495,0,7
5816,1495,9,15
5817,1495,14,24
5818,1495,17,13
5819,1495,17,15
5820,1496,21,9
5821,1496,12,20
5822,1496,14,7
5823,1496,20,18
5824,1497,19,0
5825,1497,14,2
5826,1497,18,21
5827,1497,4,1
5828,1498,8,18
5829,1498,0,12
5830,1498,6,3
5831,1498,3,21
5832,1498,9,10
5833,1498,1,16
5834,1499,2,9
5835,1499,11,17
5836,1499,13,9
5837,1499,7,14
5838,1500,20,3
5839,1500,4,23
5840,1501,6,14
5841,1501,5,7
5842,1501,2,24
5843,1501,20,14
5844,1501,6,0
5845,1502,18,4
5846,1502,1,19
5847,1502,21,4
5848,1503,24,11
5849,1503,21,13
5850,1503,10,2
5851,1503,6,16
5852,1504,21,6
5853,1504,17,4
5854,1505,11,3
5855,1505,12,23
5856,1505,24,10
5857,1505,10,22
5858,1506,21,6
5859,1506,19,2
5860,1506,13,1
5861,1507,20,0
5862,1507,1,17
5863,1508,16,3
5864,1508,21,14
5865,1508,0,2
5866,1508,19,3
5867,1508,17,19
5868,1508,16,0
5869,1510,16,9
5870,1510,21,3
5871,1510,5,19
5872,1511,1,13
5873,1511,0,13
5874,1512,3,9
5875,1512,5,24
5876,1513,18,12
5877,1513,20,24
5878,1513,17,24
5879,1513,0,3
5880,1513,19,12
5881,1514,1,3
5882,1516,6,2
5883,1516,3,12
5884,1516,8,15
5885,1516,11,8
5886,1516,1,12
5887,1517,3,15
5888,1518,16,3
5889,1518,23,14
5890,1518,4,17
5891,1518,4,7
5892,1519,5,18
5893,1519,11,21
5894,1519,16,6
5895,1520,15,4
5896,1520,5,8
5897,1520,9,10
5898,1520,11,24
5899,1520,15,21
5900,1520,3,6
5901,1520,2,19
5902,1521,2,20
5903,1521,5,20
5904,1521,14,2
5905,1523,16,10
5906,1523,11,20
5907,1523,5,2
5908,1524,21,15
5909,1524,3,12
5910,1525,1,22
5911,1525,6,13
5912,1525,3,12
5913,1525,24,2
5914,1525,14,20
5915,1526,0,16
5916,1526,6,13
5917,1526,15,4
5918,1526,23,19
5919,1526,6,10
5920,1526,14,21
5921,1527,16,23
5922,1527,3,7
5923,1528,11,0
5924,1528,21,23
5925,1528,9,0
5926,1529,20,12
5927,1529,4,20
5928,1529,16,14
5929,1530,21,0
5930,1530,12,3
5931,1530,17,21
5932,1531,14,24
5933,1532,1,24
5934,1532,18,20
5935,1532,14,1
5936,1533,13,9
5937,1533,0,17
5938,1533,14,21
5939,1533,19,20
5940,1533,20,8
5941,1533,14,2
5942,1533,6,15
5943,1533,8,12
5944,1533,6,13
5945,1533,13,1
5946,1534,5,18
5947,1534,9,6
5948,1534,18,5
5949,1534,24,18
5950,1534,11,15
5951,1534,6,18
5952,1534,9,17
5953,1534,12,24
5954,1535,17,15
5955,1535,10,20
5956,1535,1,11
5957,1535,15,14
5958,1535,1,21
5959,1536,20,9
5960,1536,16,14
5961,1536,19,5
5962,1536,12,21
5963,1536,14,5
5964,1536,17,7
5965,1536,13,1
5966,1536,9,3
5967,1537,2,12
5968,1537,9,20
5969,1537,7,14
5970,1537,20,11
5971,1538,3,1
5972,1538,17,10
5973,1538,20,0
5974,1538,19,3
5975,1538,1,24
5976,1539,14,21
5977,1539,23,1
5978,1539,11,9
5979,1539,3,10
5980,1540,24,4
5981,1540,5,18
5982,1540,15,6
5983,1541,10,7
5984,1541,0,4
5985,1541,11,1
5986,1541,16,20
5987,1541,7,10
5988,1542,14,6
5989,1542,17,10
5990,1542,5,22
5991,1542,0,2
5992,1542,21,7
5993,1542,3,10
5994,1542,19,6
5995,1543,1,7
5996,1543,18,11
5997,1544,6,12
5998,1544,3,5
5999,1544,10,16
6000,1544,22,8
6001,1544,13,16
6002,1544,20,18
6003,1545,14,17
6004,1545,13,20
6005,1545,11,21
6006,1545,14,0
6007,1545,16,20
6008,1545,11,0
6009,1545,23,21
6010,1546,7,1
6011,1546,4,18
6012,1546,11,4
6013,1546,1,16
6014,1547,15,19
6015,1547,4,15
6016,1547,12,5
6017,1548,5,23
6018,1548,5,12
6019,1548,0,9
6020,1548,0,2
6021,1549,4,20
6022,1549,19,23
6023,1549,12,19
6024,1549,14,8
6025,1549,7,10
6026,1549,13,24
6027,1550,11,17
6028,1550,17,19
6029,1550,19,21
6030,1551,3,18
6031,1551,9,10
6032,1551,24,18
6033,1552,9,13
6034,1552,13,9
6035,1552,18,22
6036,1552,7,3
6037,1553,10,16
6038,1553,24,8
6039,1553,17,23
6040,1553,19,22
6041,1554,3,18
6042,1554,0,4
6043,1554,6,15
6044,1555,7,5
6045,1555,17,6
6046,1555,6,15
6047,1555,19,2
6048,1556,21,13
6049,1556,22,19
6050,1556,19,23
6051,1557,12,8
6052,1557,24,0
6053,1557,2,10
6054,1557,7,11
6055,1557,4,18
6056,1558,6,15
6057,1558,23,20
6058,1558,20,8
6059,1558,0,7
6060,1558,19,13
6061,1559,3,23
6062,1559,3,23
6063,1559,7,17
6064,1559,22,9
6065,1559,19,13
6066,1559,8,17
6067,1559,12,5
6068,1559,14,5
6069,1560,19,22
6070,1560,16,24
6071,1560,20,8
6072,1560,13,15
6073,1560,0,24
6074,1560,16,9
6075,1560,8,19
6076,1561,12,3
6077,1561,15,22
6078,1561,23,4
6079,1561,11,21
6080,1561,7,19
6081,1562,5,7
6082,1562,16,23
6083,1562,6,12
6084,1562,24,3
6085,1564,3,0
6086,1564,20,10
6087,1564,4,20
6088,1565,8,6
6089,1565,16,0
6090,1565,5,23
6091,1565,0,6
6092,1566,16,20
6093,1566,12,19
6094,1567,15,17
6095,1567,16,10
6096,1567,13,15
6097,1568,6,14
6098,1569,16,7
6099,1569,18,12
6100,1569,9,2
6101,1570,3,0
6102,1570,11,15
6103,1570,0,6
6104,1570,11,2
6105,1571,11,14
6106,1571,11,4
6107,1571,14,3
6108,1572,1,11
6109,1572,23,7
6110,1573,20,4
6111,1573,18,11
6112,1573,24,12
6113,1573,11,17
6114,1573,6,3
6115,1574,2,4
6116,1574,23,4
6117,1574,7,19
6118,1575,0,12
6119,1575,0,15
6120,1575,24,16
6121,1576,6,18
6122,1576,11,13
6123,1576,16,19
6124,1576,21,24
6125,1576,17,24
6126,1577,23,4
6127,1577,6,10
6128,1577,11,23
6129,1577,20,12
6130,1577,13,19
6131,1578,16,13
6132,1578,15,3
6133,1578,15,9
6134,1578,4,6
6135,1578,10,0
6136,1579,21,7
6137,1580,20,6
6138,1580,24,9
6139,1580,1,18
6140,1580,5,19
6141,1580,23,21
6142,1581,9,22
6143,1581,6,12
6144,1581,5,15
6145,1582,20,4
6146,1582,9,21
6147,1583,1,23
6148,1583,6,16
6149,1583,6,17
6150,1583,1,23
6151,1584,0,8
6152,1584,10,1
6153,1584,9,22
6154,1584,10,20
6155,1585,1,4
6156,1585,12,18
6157,1585,11,7
6158,1585,6,19
6159,1585,3,18
6160,1586,3,19
6161,1586,15,22
6162,1587,2,23
6163,1588,2,13
6164,1588,23,5
6165,1588,4,2
6166,1588,18,9
6167,1588,22,10
6168,1588,16,9
6169,1588,9,7
6170,1588,20,0
6171,1589,16,2
6172,1589,19,23
6173,1589,23,7
6174,1590,14,3
6175,1590,8,14
6176,1590,9,0
6177,1590,5,15
6178,1590,7,14
6179,1591,14,3
6180,1591,15,3
6181,1592,5,15
6182,1592,14,11
6183,1592,19,3
6184,1593,5,7
6185,1593,1,18
6186,1594,3,6
6187,1594,7,14
6188,1594,4,23
6189,1594,10,3
6190,1595,9,19
6191,1595,19,9
6192,1595,17,0
6193,1595,14,3
6194,1596,16,20
6195,1596,23,7
6196,1596,22,19
6197,1596,19,22
6198,1597,6,23
6199,1597,16,2
6200,1597,9,7
6201,1597,1,15
6202,1598,5,8
6203,1598,1,23
6204,1598,17,8
6205,1598,3,7
6206,1598,22,14
6207,1598,6,22
6208,1599,15,9
6209,1599,3,6
6210,1599,11,22
6211,1599,11,0
6212,1599,4,21
6213,1600,23,0
6214,1600,23,10
6215,1600,18,2
6216,1600,20,4
6217,1600,12,15
6218,1601,10,3
6219,1601,4,17
6220,1601,13,10
6221,1601,13,3
6222,1602,23,3
6223,1602,2,5
6224,1602,10,13
6225,1602,9,10
6226,1602,18,12
6227,1603,13,3
6228,1603,4,10
6229,1604,20,24
6230,1604,1,3
6231,1604,24,2
6232,1604,7,17
6233,1604,15,21
6234,1604,9,21
6235,1605,1,16
6236,1605,15,13
6237,1605,9,24
6238,1605,2,6
6239,1605,9,13
6240,1605,7,10
6241,1606,8,20
6242,1606,11,1
6243,1606,18,15
6244,1606,11,17
6245,1607,14,7
6246,1607,16,24
6247,1607,21,14
6248,1607,3,21
6249,1608,10,4
6250,1608,23,19
6251,1608,4,11
6252,1608,4,12
6253,1608,0,14
6254,1608,19,2
6255,1609,23,17
6256,1609,15,14
6257,1610,7,20
6258,1610,22,11
6259,1610,22,10
6260,1610,4,16
6261,1610,5,22
6262,1611,16,4
6263,1611,22,9
6264,1611,13,20
6265,1612,7,9
6266,1612,21,5
6267,1612,4,13
6268,1613,12,4
6269,1613,12,2
6270,1613,10,12
6271,1613,12,8
6272,1614,9,7
6273,1614,3,9
6274,1614,0,20
6275,1615,8,2
6276,1615,19,7
6277,1615,24,2
6278,1615,13,3
6279,1615,6,16
6280,1615,5,21
6281,1615,14,23
6282,1615,22,19
6283,1615,21,13
6284,1615,9,5
6285,1616,15,22
6286,1617,1,16
6287,1618,7,19
6288,1618,24,4
6289,1618,0,15
6290,1618,8,24
6291,1618,23,9
6292,1618,5,17
6293,1619,4,14
6294,1619,14,1
6295,1619,23,16
6296,1620,10,12
6297,1620,15,22
6298,1621,22,5
6299,1621,12,19
6300,1621,19,3
6301,1621,17,21
6302,1621,24,3
6303,1621,17,3
6304,1621,10,23
6305,1621,11,3
6306,1622,13,22
6307,1622,14,20
6308,1622,15,21
6309,1622,8,23
6310,1622,10,22
6311,1623,6,2
6312,1623,12,8
6313,1623,0,12
6314,1623,2,11
6315,1623,3,9
6316,1623,11,2
6317,1623,2,23
6318,1623,24,14
6319,1623,1,24
6320,1625,1,8
6321,1626,11,2
6322,1626,0,14
6323,1626,14,22
6324,1627,13,6
6325,1627,18,11
6326,1628,7,17
6327,1628,22,8
6328,1628,6,18
6329,1628,7,18
6330,1629,18,2
6331,1630,6,24
6332,1631,10,16
6333,1632,11,15
6334,1632,21,10
6335,1632,16,23
6336,1633,1,10
6337,1633,0,2
6338,1633,11,9
6339,1633,5,1
6340,1633,1,16
6341,1633,23,4
6342,1633,22,24
6343,1633,22,14
6344,1634,8,15
6345,1634,22,24
6346,1634,14,5
6347,1634,0,15
6348,1634,14,0
6349,1634,4,10
6350,1635,1,19
6351,1636,7,20
6352,1636,0,3
6353,1636,24,8
6354,1636,15,21
6355,1636,20,23
6356,1636,7,10
6357,1636,21,6
6358,1636,23,9
6359,1637,11,9
6360,1637,7,0
6361,1638,13,17
6362,1638,1,13
6363,1638,12,10
6364,1638,11,4
6365,1638,23,13
6366,1638,15,22
6367,1639,4,0
6368,1639,8,5
6369,1639,12,22
6370,1639,24,8
6371,1639,15,19
6372,1639,23,12
6373,1640,7,3
6374,1640,5,4
6375,1640,24,12
6376,1640,18,15
6377,1640,8,19
6378,1640,3,20
6379,1641,20,11
6380,1641,3,13
6381,1641,24,1
6382,1641,19,7
6383,1642,1,10
6384,1642,6,21
6385,1642,14,24
6386,1643,16,18
6387,1643,7,18
6388,1643,24,12
6389,1643,5,18
6390,1644,18,22
6391,1644,14,24
6392,1645,0,3
6393,1645,14,15
6394,1645,8,12
6395,1645,10,17
6396,1645,17,3
6397,1645,23,5
6398,1646,24,22
6399,1646,10,24
6400,1646,21,1
6401,1647,15,22
6402,1647,0,3
6403,1647,0,22
6404,1647,7,1
6405,1648,9,12
6406,1648,3,5
6407,1648,12,0
6408,1649,12,3
6409,1649,8,2
6410,1649,24,18
6411,1649,21,6
6412,1649,16,22
6413,1649,10,7
6414,1650,12,22
6415,1650,17,24
6416,1650,7,24
6417,1650,4,23
6418,1650,3,11
6419,1651,17,4
6420,1651,13,24
6421,1651,21,0
6422,1651,18,11
6423,1651,20,8
6424,1652,20,17
6425,1652,14,10
6426,1652,22,4
6427,1652,6,18
6428,1652,0,17
6429,1653,23,3
6430,1653,6,20
6431,1653,10,13
6432,1653,8,18
6433,1654,16,2
6434,1654,1,10
6435,1654,21,17
6436,1654,7,24
6437,1654,5,4
6438,1655,11,9
6439,1655,14,15
6440,1656,18,12
6441,1656,13,6
6442,1656,13,16
6443,1656,1,10
6444,1656,24,4
6445,1656,16,14
6446,1657,3,0
6447,1657,17,14
6448,1657,6,4
6449,1657,2,0
6450,1657,8,20
6451,1658,17,7
6452,1658,15,4
6453,1658,4,15
6454,1658,9,20
6455,1658,3,22
6456,1658,13,17
6457,1659,5,8
6458,1659,11,9
6459,1659,3,1
6460,1659,10,17
6461,1659,11,18
6462,1660,11,9
6463,1660,3,23
6464,1660,0,21
6465,1660,17,13
6466,1661,20,10
6467,1661,0,18
6468,1661,15,5
6469,1661,3,23
6470,1662,11,20
6471,1662,6,2
6472,1663,10,13
6473,1663,19,11
6474,1663,22,7
6475,1663,7,0
6476,1663,15,22
6477,1664,16,18
6478,1664,21,13
6479,1665,22,11
6480,1665,2,10
6481,1665,13,0
6482,1665,22,11
6483,1665,22,8
6484,1665,4,16
6485,1665,9,19
6486,1665,21,10
6487,1665,19,10
6488,1665,1,21
6489,1666,11,0
6490,1666,0,4
6491,1666,12,9
6492,1666,19,6
6493,1667,14,1
6494,1667,14,11
6495,1667,11,20
6496,1668,20,24
6497,1668,7,4
6498,1668,6,24
6499,1669,15,22
6500,1669,5,14
6501,1669,15,1
6502,1669,10,22
6503,1669,5,3
6504,1669,8,18
6505,1669,8,22
6506,1669,10,9
6507,1670,14,16
6508,1670,21,6
6509,1670,8,10
6510,1670,0,24
6511,1671,23,13
6512,1671,11,1
6513,1671,2,10
6514,1671,16,23
6515,1671,15,5
6516,1673,18,24
6517,1673,4,22
6518,1673,8,10
6519,1673,21,2
6520,1674,17,24
6521,1674,1,4
6522,1674,14,10
6523,1674,23,8
6524,1674,24,15
6525,1675,23,0
6526,1675,7,15
6527,1675,14,15
6528,1675,11,23
6529,1676,16,4
6530,1676,19,0
6531,1676,21,6
6532,1676,10,12
6533,1677,1,23
6534,1677,9,15
6535,1677,9,17
6536,1677,23,6
6537,1677,1,20
6538,1678,1,23
6539,1678,18,6
6540,1678,22,7
6541,1678,22,1
6542,1679,24,2
6543,1679,18,7
6544,1679,10,0
6545,1679,24,20
6546,1679,24,22
6547,1679,10,7
6548,1680,23,7
6549,1680,4,6
6550,1680,18,22
6551,1680,4,15
6552,1680,6,14
6553,1680,11,15
6554,1680,20,8
6555,1681,9,17
6556,1681,17,11
6557,1681,6,13
6558,1681,22,9
6559,1681,24,15
6560,1681,10,3
6561,1681,8,20
6562,1682,10,24
6563,1682,14,10
6564,1682,17,24
6565,1682,11,9
6566,1682,15,9
6567,1682,14,18
6568,1683,16,18
6569,1683,23,4
6570,1683,8,19
6571,1684,4,21
6572,1685,5,18
6573,1686,0,20
6574,1686,17,13
6575,1686,22,4
6576,1687,20,7
6577,1687,5,15
6578,1687,4,0
6579,1687,4,15
6580,1687,0,9
6581,1687,8,21
6582,1687,5,18
6583,1688,0,4
6584,1688,9,19
6585,1689,23,0
6586,1689,10,13
6587,1689,11,23
6588,1689,19,8
6589,1689,3,11
6590,1690,7,15
6591,1690,5,20
6592,1690,6,15
6593,1690,6,15
6594,1690,12,0
6595,1690,3,11
6596,1691,0,6
6597,1691,2,11
6598,1691,5,17
6599,1692,17,14
6600,1692,5,13
6601,1692,8,18
6602,1692,9,5
6603,1692,2,20
6604,1692,14,8
6605,1692,13,21
6606,1692,23,14
6607,1693,2,24
6608,1693,21,3
6609,1694,1,18
6610,1694,21,1
6611,1695,15,3
6612,1695,11,5
6613,1695,3,14
6614,1695,22,20
6615,1695,10,19
6616,1696,22,14
6617,1696,14,6
6618,1696,1,21
6619,1696,19,21
6620,1697,21,14
6621,1697,3,22
6622,1697,17,2
6623,1697,21,5
6624,1697,5,7
6625,1697,23,4
6626,1697,18,0
6627,1697,5,24
6628,1697,12,4
6629,1697,17,6
6630,1698,10,8
6631,1698,20,1
6632,1698,10,18
6633,1698,11,20
6634,1699,11,14
6635,1699,0,11
6636,1699,21,10
6637,1699,21,2
6638,1700,9,11
6639,1700,14,6
6640,1700,1,19
6641,1700,23,12
6642,1700,5,19
6643,1700,0,8
6644,1700,15,6
6645,1701,22,10
6646,1701,0,4
6647,1701,3,9
6648,1702,19,10
6649,1702,23,4
6650,1703,16,10
6651,1703,20,2
6652,1703,9,0
6653,1703,5,9
6654,1704,14,10
6655,1704,23,9
6656,1705,24,8
6657,1705,10,13
6658,1705,18,2
6659,1706,3,14
6660,1707,19,3
6661,1707,19,21
6662,1707,10,19
6663,1707,21,19
6664,1707,10,1
6665,1707,21,13
6666,1708,6,0
6667,1708,3,19
6668,1708,8,18
6669,1708,14,4
6670,1708,22,12
6671,1709,15,2
6672,1709,9,19
6673,1709,10,6
6674,1709,2,20
6675,1710,1,10
6676,1710,5,3
6677,1711,21,1
6678,1711,9,3
6679,1712,6,16
6680,1712,7,5
6681,1712,2,23
6682,1712,9,10
6683,1713,15,8
6684,1713,18,15
6685,1713,5,11
6686,1714,2,14
6687,1714,1,16
6688,1715,11,13
6689,1715,1,14
6690,1715,5,19
6691,1715,5,13
6692,1715,19,3
6693,1716,10,23
6694,1716,10,18
6695,1716,20,8
6696,1716,14,6
6697,1716,10,14
6698,1717,10,17
6699,1717,9,16
6700,1717,11,3
6701,1717,0,18
6702,1719,21,18
6703,1719,20,8
6704,1719,12,20
6705,1720,0,23
6706,1720,0,2
6707,1720,0,23
6708,1721,16,19
6709,1721,2,20
6710,1721,20,1
6711,1721,24,20
6712,1722,17,8
6713,1722,2,6
6714,1722,18,11
6715,1722,10,13
6716,1722,16,19
6717,1722,11,15
6718,1723,10,9
6719,1723,14,18
6720,1724,5,3
6721,1724,13,9
6722,1725,8,1
6723,1725,20,8
6724,1725,17,6
6725,1725,21,12
6726,1725,4,7
6727,1725,6,18
6728,1726,4,24
6729,1728,2,4
6730,1728,22,8
6731,1728,2,15
6732,1729,9,7
6733,1729,17,10
6734,1730,2,4
6735,1730,18,5
6736,1730,6,24
6737,1730,18,16
6738,1731,24,16
6739,1731,16,9
6740,1731,20,22
6741,1731,0,23
6742,1731,3,13
6743,1732,12,8
6744,1732,15,8
6745,1732,15,2
6746,1732,24,4
6747,1732,19,3
6748,1732,3,16
6749,1733,13,21
6750,1733,14,1
6751,1733,14,20
6752,1733,13,10
6753,1734,16,23
6754,1735,20,0
6755,1735,3,9
6756,1735,4,8
6757,1735,11,3
6758,1735,9,17
6759,1735,18,9
6760,1736,9,16
6761,1736,1,21
6762,1736,1,22
6763,1737,17,1
6764,1737,15,12
6765,1737,21,11
6766,1737,4,16
6767,1737,20,5
6768,1737,15,22
6769,1737,5,15
6770,1737,9,1
6771,1738,5,13
6772,1738,2,14
6773,1738,9,13
6774,1739,18,10
6775,1739,24,3
6776,1739,17,6
6777,1739,2,17
6778,1739,8,23
6779,1739,19,16
6780,1739,0,13
6781,1740,2,21
6782,1740,9,2
6783,1740,3,16
6784,1740,3,5
6785,1740,21,1
6786,1741,7,10
6787,1741,12,22
6788,1741,16,6
6789,1741,18,21
6790,1741,1,13
6791,1742,11,20
6792,1742,8,1
6793,1742,9,6
6794,1742,0,20
6795,1742,16,5
6796,1742,4,21
6797,1742,14,21
6798,1742,8,2
6799,1743,7,0
6800,1743,6,2
6801,1743,7,22
6802,1743,20,6
6803,1743,7,9
6804,1744,24,3
6805,1744,0,18
6806,1744,2,15
6807,1745,9,5
6808,1745,14,8
6809,1746,3,5
6810,1746,11,23
6811,1746,15,22
6812,1746,1,19
6813,1746,11,22
6814,1746,9,3
6815,1747,9,12
6816,1747,16,5
6817,1747,17,23
6818,1747,23,9
6819,1748,12,21
6820,1748,3,22
6821,1748,11,8
6822,1748,0,20
6823,1749,22,7
6824,1749,23,13
6825,1749,24,9
6826,1749,22,13
6827,1750,16,22
6828,1751,21,24
6829,1751,24,3
6830,1751,4,10
6831,1752,14,7
6832,1752,20,19
6833,1752,23,4
6834,1754,12,6
6835,1754,21,10
6836,1754,2,18
6837,1754,5,20
6838,1755,10,8
6839,1755,17,9
6840,1755,5,16
6841,1755,19,10
6842,1756,12,2
6843,1756,6,16
6844,1756,14,1
6845,1757,8,5
6846,1757,21,11
6847,1757,21,11
6848,1758,13,19
6849,1758,11,7
6850,1758,4,15
6851,1759,12,0
6852,1759,17,9
6853,1759,20,16
6854,1760,4,16
6855,1760,14,23
6856,1760,24,13
6857,1760,8,1
6858,1761,24,2
6859,1761,10,1
6860,1761,1,17
6861,1761,19,17
6862,1761,24,6
6863,1762,23,19
6864,1762,14,15
6865,1762,21,9
6866,1763,22,2
6867,1764,14,0
6868,1764,23,14
6869,1764,7,3
6870,1764,23,5
6871,1764,3,7
6872,1765,5,4
6873,1765,4,23
6874,1765,21,0
6875,1766,23,21
6876,1766,14,2
6877,1767,16,3
6878,1767,4,24
6879,1767,10,21
6880,1768,8,19
6881,1768,14,2
6882,1768,23,14
6883,1768,7,15
6884,1768,20,4
6885,1769,14,0
6886,1769,15,5
6887,1769,16,0
6888,1770,9,1
6889,1770,8,4
6890,1771,9,11
6891,1771,2,4
6892,1771,24,8
6893,1771,1,3
6894,1771,17,23
6895,1771,10,6
6896,1771,12,6
6897,1772,21,24
6898,1772,10,21
6899,1772,24,6
6900,1773,20,7
6901,1773,9,3
6902,1774,6,24
6903,1774,19,12
6904,1774,1,22
6905,1774,17,21
6906,1774,11,22
6907,1776,1,20
6908,1777,15,0
6909,1777,0,7
6910,1778,14,15
6911,1778,0,22
6912,1778,6,20
6913,1779,3,14
6914,1779,2,21
6915,1779,10,3
6916,1779,0,18
6917,1780,3,13
6918,1780,8,12
6919,1780,6,3
6920,1780,24,21
6921,1780,15,18
6922,1781,14,17
6923,1781,2,24
6924,1781,0,7
6925,1781,16,7
6926,1782,13,23
6927,1782,12,18
6928,1782,2,0
6929,1782,20,18
6930,1782,9,24
6931,1782,19,4
6932,1783,17,8
6933,1783,24,22
6934,1783,0,3
6935,1784,16,6
6936,1784,17,20
6937,1784,20,6
6938,1784,19,23
6939,1785,14,7
6940,1785,19,7
6941,1786,3,20
6942,1786,18,8
6943,1786,20,6
6944,1787,12,15
6945,1787,10,1
6946,1787,11,22
6947,1787,12,4
6948,1788,24,15
6949,1788,8,14
6950,1788,0,13
6951,1789,6,3
6952,1789,13,21
6953,1790,24,18
6954,1790,13,10
6955,1790,1,12
6956,1790,8,12
6957,1791,8,23
6958,1792,24,15
6959,1792,5,18
6960,1792,19,23
6961,1792,8,23
6962,1793,2,4
6963,1793,11,19
6964,1793,7,13
6965,1794,13,0
6966,1794,10,9
6967,1794,8,0
6968,1795,14,1
6969,1795,21,3
6970,1796,5,21
6971,1796,17,11
6972,1797,15,12
6973,1797,9,11
6974,1797,16,3
6975,1797,6,3
6976,1797,17,0
6977,1797,18,7
6978,1797,2,20
6979,1798,21,2
6980,1798,9,3
6981,1798,7,24
6982,1798,21,11
6983,1798,6,4
6984,1798,23,16
6985,1799,2,19
