veh_id,t_depart,origin,dest
0,0,22,13
1,0,20,6
2,1,14,4
3,1,2,16
4,1,20,12
5,2,0,19
6,2,1,23
7,2,7,19
8,2,4,5
9,2,16,19
10,3,7,5
11,3,20,4
12,3,2,8
13,3,24,20
14,3,3,7
15,4,20,18
16,4,17,21
17,4,16,0
18,4,3,12
19,5,11,9
20,5,16,10
21,5,11,17
22,5,20,7
23,5,15,21
24,6,13,23
25,7,10,16
26,7,5,1
27,8,13,10
28,9,10,13
29,9,12,1
30,9,22,9
31,9,14,5
32,9,3,9
33,9,3,14
34,10,18,16
35,10,0,20
36,10,12,5
37,11,2,9
38,11,0,18
39,11,10,2
40,11,5,1
41,11,15,12
42,12,8,1
43,13,8,12
44,13,3,24
45,13,3,14
46,13,9,23
47,13,10,21
48,14,22,24
49,14,6,24
50,14,23,15
51,14,1,22
52,15,19,11
53,15,1,4
54,15,7,20
55,16,12,3
56,16,20,17
57,16,16,9
58,17,0,4
59,17,18,4
60,17,15,4
61,17,18,11
62,17,17,15
63,18,9,1
64,18,20,14
65,18,4,17
66,18,3,12
67,18,21,11
68,18,2,24
69,19,17,10
70,19,12,10
71,19,12,4
72,19,21,6
73,20,23,16
74,20,13,3
75,20,10,21
76,21,12,0
77,21,18,0
78,22,23,3
79,22,3,20
80,23,23,7
81,24,23,21
82,24,15,1
83,24,0,12
84,25,18,24
85,25,19,7
86,25,9,15
87,26,12,21
88,26,6,0
89,27,6,17
90,27,15,0
91,27,13,21
92,28,9,5
93,28,18,1
94,28,4,22
95,28,5,2
96,28,23,9
97,28,8,15
98,29,16,10
99,29,2,9
100,30,19,7
101,30,20,7
102,30,20,17
103,30,11,19
104,30,24,7
105,31,1,4
106,31,23,19
107,31,0,17
108,31,10,12
109,31,12,21
110,31,11,0
111,32,20,14
112,32,11,23
113,32,2,0
114,33,6,3
115,33,10,18
116,34,24,18
117,34,9,15
118,34,3,19
119,35,17,14
120,35,7,9
121,35,2,17
122,35,11,5
123,36,9,6
124,36,18,12
125,36,18,1
126,36,7,11
127,36,1,11
128,36,22,24
129,36,18,21
130,37,22,5
131,37,4,12
132,37,13,2
133,37,22,6
134,37,11,23
135,38,17,15
136,38,2,21
137,38,14,0
138,39,6,20
139,39,14,22
140,39,7,16
141,39,21,9
142,39,13,11
143,40,2,12
144,40,12,21
145,40,18,7
146,40,5,21
147,41,17,6
148,41,24,1
149,41,22,11
150,41,3,15
151,42,17,24
152,42,10,9
153,43,22,15
154,43,21,13
155,44,10,20
156,44,3,21
157,44,7,16
158,44,21,5
159,44,4,22
160,44,23,7
161,44,23,16
162,44,23,13
163,44,24,1
164,44,15,12
165,45,10,21
166,45,20,11
167,46,16,3
168,46,0,17
169,46,21,5
170,46,0,22
171,47,1,21
172,47,16,8
173,47,12,4
174,47,22,12
175,47,19,8
176,47,23,10
177,47,21,0
178,48,14,18
179,48,18,20
180,48,20,4
181,49,19,11
182,49,18,4
183,49,6,8
184,49,19,8
185,49,16,6
186,50,8,19
187,50,20,18
188,50,10,19
189,50,14,3
190,50,21,0
191,51,5,16
192,51,19,13
193,51,5,2
194,51,16,13
195,52,12,8
196,53,1,24
197,53,17,2
198,54,15,5
199,54,20,23
200,54,6,12
201,54,15,19
202,54,9,22
203,54,23,13
204,56,20,17
205,56,20,23
206,56,17,1
207,57,2,5
208,57,5,24
209,57,14,1
210,57,9,10
211,58,12,2
212,58,17,7
213,58,5,24
214,58,24,17
215,58,5,7
216,59,11,15
217,60,8,16
218,60,5,7
219,60,4,0
220,60,22,20
221,61,2,6
222,61,8,21
223,61,17,7
224,62,10,21
225,62,24,3
226,62,1,15
227,62,9,3
228,63,0,3
229,63,24,13
230,63,2,15
231,63,23,9
232,63,13,5
233,63,0,14
234,63,6,23
235,64,6,0
236,64,17,19
237,64,24,17
238,65,15,22
239,66,20,22
240,66,22,9
241,66,15,1
242,66,12,8
243,67,10,19
244,67,1,12
245,67,10,24
246,67,4,1
247,67,4,18
248,67,23,21
249,68,19,11
250,68,2,8
251,69,22,3
252,69,12,3
253,69,0,22
254,69,8,15
255,70,24,11
256,70,15,23
257,70,9,24
258,70,4,1
259,70,4,23
260,71,14,8
261,71,22,19
262,71,8,5
263,71,9,1
264,71,11,0
265,72,4,21
266,72,4,23
267,73,10,12
268,73,17,10
269,73,10,6
270,74,3,14
271,74,18,11
272,74,20,2
273,74,21,0
274,74,16,14
275,74,20,6
276,74,7,20
277,75,6,16
278,75,0,6
279,75,1,22
280,75,22,15
281,75,15,0
282,76,19,9
283,76,7,15
284,76,15,14
285,76,3,14
286,76,1,15
287,76,9,17
288,76,12,5
289,77,16,1
290,77,14,16
291,77,24,0
292,77,0,18
293,77,12,10
294,78,18,10
295,78,0,12
296,78,22,10
297,79,23,17
298,79,1,24
299,79,3,1
300,79,22,10
301,79,7,1
302,80,7,10
303,80,19,10
304,80,21,1
305,80,4,18
306,80,14,21
307,81,5,14
308,81,24,0
309,82,1,18
310,82,21,1
311,82,0,7
312,82,18,8
313,82,1,20
314,82,12,24
315,83,4,24
316,83,2,15
317,83,18,9
318,83,17,9
319,83,21,8
320,83,11,8
321,83,24,12
322,84,2,21
323,84,5,7
324,84,2,20
325,84,24,4
326,85,7,1
327,85,19,3
328,85,22,18
329,85,15,12
330,86,1,3
331,86,24,1
332,86,13,1
333,86,24,21
334,86,20,22
335,87,1,8
336,87,11,13
337,87,5,19
338,88,17,0
339,88,16,20
340,88,8,22
341,88,0,20
342,89,22,20
343,89,15,4
344,89,8,21
345,89,18,2
346,89,18,1
347,89,19,15
348,90,20,1
349,90,6,2
350,91,21,3
351,91,20,13
352,91,19,7
353,91,24,22
354,92,19,2
355,92,1,22
356,92,17,2
357,93,18,10
358,93,11,18
359,93,15,12
360,94,16,23
361,94,6,8
362,94,1,21
363,94,20,5
364,95,6,21
365,95,7,18
366,95,8,10
367,95,7,19
368,95,5,15
369,95,15,24
370,96,22,24
371,96,3,24
372,96,23,1
373,96,6,3
374,97,4,23
375,97,7,14
376,97,8,19
377,97,6,23
378,98,18,20
379,98,19,7
380,98,14,12
381,98,5,23
382,98,2,9
383,99,20,17
384,99,5,17
385,99,19,4
386,99,21,12
387,99,7,20
388,99,12,15
389,99,2,12
390,100,17,10
391,100,17,14
392,100,8,24
393,100,7,23
394,100,20,7
395,100,5,23
396,101,9,12
397,101,23,11
398,102,0,24
399,102,10,8
400,102,12,19
401,103,16,19
402,103,19,12
403,103,23,17
404,103,16,6
405,103,14,23
406,103,10,23
407,104,17,6
408,104,8,12
409,104,0,22
410,104,0,12
411,105,9,17
412,105,5,1
413,105,7,13
414,105,10,0
415,105,7,24
416,106,8,19
417,107,17,10
418,107,14,2
419,107,10,17
420,108,13,9
421,108,19,17
422,108,21,12
423,109,12,15
424,109,6,24
425,109,7,14
426,109,1,8
427,109,18,9
428,110,4,19
429,110,1,14
430,110,3,22
431,110,13,16
432,110,8,10
433,111,9,17
434,111,15,3
435,111,7,17
436,111,4,5
437,111,19,4
438,112,12,3
439,112,15,14
440,112,4,18
441,113,16,4
442,114,22,4
443,114,21,15
444,114,14,21
445,114,11,22
446,114,17,0
447,115,0,3
448,115,19,3
449,115,12,2
450,115,13,24
451,116,6,21
452,116,13,9
453,116,8,11
454,116,0,20
455,116,5,16
456,117,19,21
457,117,4,11
458,117,2,22
459,117,17,14
460,117,20,6
461,117,5,3
462,118,1,17
463,118,22,4
464,118,1,22
465,118,10,19
466,118,0,20
467,118,20,8
468,119,2,13
469,119,3,11
470,119,2,16
471,120,11,1
472,121,0,19
473,121,8,4
474,121,4,20
475,122,22,14
476,122,5,15
477,122,4,14
478,122,12,8
479,123,17,7
480,123,1,24
481,124,2,15
482,124,0,11
483,124,20,16
484,125,9,15
485,125,5,15
486,125,17,11
487,126,6,22
488,126,4,0
489,126,11,18
490,126,9,0
491,126,23,15
492,127,3,15
493,127,15,17
494,127,4,5
495,127,5,7
496,128,3,23
497,128,2,22
498,128,18,8
499,128,4,12
500,128,16,22
501,129,6,10
502,129,11,14
503,129,23,15
504,130,24,16
505,130,13,20
506,130,5,2
507,130,3,5
508,130,11,22
509,131,12,8
510,132,10,20
511,132,5,8
512,133,23,17
513,133,5,13
514,133,10,17
515,134,3,6
516,135,7,24
517,135,22,4
518,136,3,16
519,136,3,23
520,136,24,20
521,136,3,9
522,137,12,4
523,137,24,1
524,137,20,7
525,138,16,12
526,138,22,13
527,139,0,18
528,139,16,13
529,139,22,13
530,139,12,19
531,139,14,8
532,140,20,0
533,140,20,12
534,140,17,2
535,140,20,0
536,140,1,12
537,140,9,6
538,140,5,15
539,141,18,16
540,141,7,18
541,141,10,21
542,141,11,3
543,142,23,17
544,142,9,6
545,142,12,0
546,142,15,24
547,142,7,21
548,143,0,14
549,143,20,23
550,143,1,20
551,144,7,21
552,144,8,23
553,144,14,2
554,144,7,3
555,145,18,8
556,145,1,21
557,145,8,11
558,145,2,0
559,145,22,15
560,146,3,22
561,146,11,14
562,146,2,19
563,146,12,14
564,146,19,15
565,146,7,16
566,147,21,9
567,147,9,24
568,148,2,14
569,148,19,11
570,148,9,2
571,148,12,20
572,148,0,8
573,148,4,23
574,148,10,14
575,149,4,6
576,150,22,14
577,150,13,17
578,150,11,1
579,150,23,11
580,150,21,15
581,150,21,8
582,151,17,3
583,151,18,8
584,151,7,14
585,151,2,24
586,152,17,6
587,152,24,1
588,152,24,18
589,152,11,3
590,152,20,14
591,153,11,13
592,154,10,23
593,154,16,6
594,154,16,3
595,155,3,1
596,155,6,19
597,156,2,16
598,156,13,10
599,157,4,1
600,157,2,10
601,157,19,17
602,157,16,13
603,157,21,4
604,158,3,23
605,158,15,12
606,159,6,15
607,159,4,11
608,159,16,14
609,159,0,9
610,159,11,3
611,159,4,22
612,160,23,13
613,160,19,2
614,160,11,20
615,160,4,1
616,161,0,10
617,161,0,13
618,161,12,1
619,161,0,10
620,161,21,8
621,161,3,0
622,162,2,9
623,162,20,17
624,162,15,5
625,162,6,9
626,162,21,14
627,162,18,8
628,163,17,7
629,164,22,12
630,164,14,18
631,164,0,12
632,164,16,20
633,165,13,23
634,165,22,7
635,166,13,17
636,166,7,5
637,166,13,20
638,166,15,1
639,166,14,12
640,166,10,13
641,167,13,9
642,167,18,24
643,168,4,1
644,168,8,19
645,168,23,10
646,169,6,2
647,169,0,12
648,169,17,8
649,169,15,4
650,170,20,14
651,170,7,5
652,171,6,9
653,171,1,14
654,171,9,5
655,172,4,15
656,172,3,18
657,172,23,9
658,172,9,5
659,172,12,23
660,172,4,15
661,172,8,1
662,173,10,21
663,173,11,21
664,173,4,0
665,173,13,4
666,174,21,9
667,174,16,5
668,174,22,6
669,175,22,14
670,176,22,24
671,176,12,8
672,176,23,12
673,176,15,2
674,176,22,15
675,176,23,17
676,177,22,14
677,177,6,8
678,177,8,1
679,178,23,4
680,178,4,23
681,178,24,17
682,178,2,21
683,178,2,6
684,178,0,8
685,178,24,17
686,178,5,9
687,179,15,17
688,179,5,16
689,179,20,8
690,179,12,14
691,179,0,20
692,180,20,4
693,180,1,22
694,180,8,2
695,180,19,23
696,180,2,17
697,180,18,3
698,180,5,13
699,180,11,13
700,181,4,14
701,181,6,14
702,181,16,0
703,181,8,10
704,181,21,8
705,182,2,9
706,183,0,20
707,183,19,6
708,183,12,8
709,183,23,5
710,183,14,11
711,184,6,13
712,184,18,2
713,184,1,11
714,184,12,20
715,184,13,2
716,184,18,15
717,184,21,23
718,185,16,19
719,185,8,12
720,185,3,14
721,185,13,3
722,186,17,1
723,186,11,2
724,186,19,0
725,186,5,7
726,188,0,6
727,188,18,15
728,189,10,6
729,189,4,13
730,189,17,11
731,190,10,16
732,190,6,4
733,190,10,19
734,190,13,7
735,190,12,18
736,191,8,22
737,192,15,11
738,192,21,6
739,192,22,13
740,193,11,15
741,193,15,5
742,194,19,8
743,194,21,6
744,194,12,19
745,195,4,12
746,195,1,15
747,195,8,17
748,195,7,24
749,195,9,17
750,196,0,22
751,196,4,21
752,196,8,5
753,196,1,20
754,196,2,0
755,197,16,6
756,197,11,15
757,197,2,24
758,197,3,12
759,197,2,11
760,197,13,24
761,197,3,7
762,197,4,7
763,198,10,4
764,198,17,13
765,198,10,20
766,199,6,23
767,199,4,23
768,199,8,4
769,199,9,10
770,199,0,19
771,199,23,20
772,199,9,13
773,199,4,13
774,199,14,6
775,200,10,4
776,201,4,11
777,201,10,14
778,201,20,18
779,202,14,4
780,202,1,22
781,203,18,22
782,204,24,20
783,204,19,8
784,204,15,5
785,204,18,8
786,204,18,1
787,205,14,21
788,205,10,8
789,205,23,9
790,206,3,18
791,206,3,11
792,206,13,1
793,206,16,9
794,207,13,1
795,207,4,12
796,207,8,14
797,207,4,19
798,207,22,19
799,208,14,1
800,208,15,0
801,208,17,0
802,208,12,2
803,209,15,4
804,210,24,16
805,210,23,4
806,210,21,12
807,210,18,10
808,210,10,24
809,211,18,14
810,211,14,10
811,211,19,20
812,212,8,12
813,212,24,7
814,212,14,23
815,213,6,15
816,214,23,7
817,214,0,9
818,214,12,23
819,214,7,22
820,215,21,18
821,215,4,0
822,215,9,18
823,216,5,4
824,216,14,15
825,216,20,12
826,216,20,24
827,216,18,5
828,216,19,6
829,217,14,21
830,217,19,2
831,217,18,11
832,217,13,20
833,217,6,18
834,217,14,7
835,218,8,24
836,218,1,13
837,219,21,6
838,219,5,18
839,220,12,20
840,220,2,17
841,220,2,12
842,221,13,23
843,221,16,23
844,221,24,14
845,221,14,6
846,222,20,18
847,222,5,14
848,222,0,18
849,222,0,17
850,222,1,5
851,223,21,14
852,223,21,23
853,223,1,3
854,223,24,10
855,223,2,21
856,224,24,14
857,224,21,5
858,224,6,18
859,224,20,17
860,226,24,2
861,226,19,22
862,226,24,17
863,226,18,6
864,226,1,8
865,227,3,18
866,227,13,20
867,227,11,14
868,227,6,16
869,227,19,0
870,227,3,18
871,227,17,2
872,228,2,16
873,228,23,11
874,229,7,9
875,229,2,15
876,229,16,5
877,229,11,8
878,229,22,8
879,230,14,6
880,230,20,5
881,230,14,10
882,230,10,9
883,231,23,9
884,231,22,14
885,231,24,0
886,231,9,17
887,232,7,10
888,232,10,4
889,233,1,16
890,233,19,2
891,233,15,8
892,233,9,2
893,233,14,10
894,233,23,9
895,234,5,11
896,234,21,5
897,234,4,20
898,235,1,16
899,235,7,0
900,235,10,21
901,235,10,9
902,236,18,3
903,236,19,7
904,236,22,0
905,236,14,12
906,237,9,7
907,237,1,3
908,237,17,13
909,237,20,4
910,237,23,15
911,238,8,5
912,238,2,20
913,238,10,18
914,238,3,24
915,239,11,5
916,239,11,18
917,239,14,11
918,239,20,4
919,239,7,14
920,239,3,24
921,239,9,1
922,239,7,20
923,240,7,0
924,240,8,0
925,241,3,5
926,241,22,7
927,241,12,16
928,241,4,0
929,242,5,2
930,242,17,14
931,242,10,17
932,242,10,9
933,243,17,0
934,243,1,22
935,243,15,13
936,243,20,12
937,244,21,13
938,244,10,8
939,244,0,20
940,244,3,0
941,244,8,16
942,244,16,7
943,244,22,16
944,245,21,23
945,245,13,4
946,245,1,22
947,245,16,13
948,246,22,15
949,246,16,18
950,246,20,12
951,247,4,8
952,247,3,18
953,247,8,11
954,248,14,2
955,248,1,19
956,248,22,10
957,249,4,16
958,249,14,18
959,249,12,20
960,249,16,19
961,250,4,24
962,250,3,7
963,250,17,13
964,250,11,15
965,250,1,14
966,251,0,4
967,251,2,12
968,252,23,10
969,252,3,6
970,252,9,6
971,252,6,18
972,252,6,18
973,253,18,8
974,253,19,12
975,253,14,22
976,253,10,18
977,253,14,17
978,254,15,7
979,254,15,12
980,254,4,24
981,254,7,18
982,254,11,5
983,255,22,1
984,255,20,16
985,256,6,22
986,256,14,5
987,256,19,17
988,257,19,10
989,257,18,4
990,257,19,4
991,258,17,14
992,258,14,2
993,258,6,13
994,258,19,21
995,258,1,19
996,258,22,9
997,258,19,17
998,259,21,9
999,259,6,22
1000,259,16,5
1001,259,3,10
1002,260,0,21
1003,260,17,14
1004,260,4,1
1005,261,19,12
1006,261,21,13
1007,261,0,7
1008,261,5,12
1009,261,20,4
1010,262,12,9
1011,262,18,14
1012,262,8,1
1013,262,11,1
1014,262,16,14
1015,262,8,14
1016,262,1,11
1017,262,14,1
1018,263,20,5
1019,263,23,9
1020,263,5,12
1021,263,1,7
1022,263,4,16
1023,264,1,20
1024,264,16,5
1025,264,2,15
1026,266,15,3
1027,266,1,21
1028,266,13,4
1029,267,11,8
1030,267,12,3
1031,268,6,13
1032,268,12,4
1033,268,9,11
1034,268,3,9
1035,269,13,6
1036,270,17,8
1037,270,15,8
1038,270,11,24
1039,271,14,5
1040,271,13,9
1041,271,19,13
1042,271,3,18
1043,271,11,20
1044,272,20,19
1045,272,12,21
1046,272,0,6
1047,273,2,18
1048,273,6,12
1049,273,18,20
1050,273,15,5
1051,274,12,18
1052,275,11,14
1053,275,14,4
1054,277,20,23
1055,277,15,6
1056,278,1,9
1057,278,20,9
1058,278,24,2
1059,278,19,3
1060,278,24,4
1061,278,2,13
1062,278,3,18
1063,278,14,4
1064,279,18,20
1065,279,21,0
1066,280,12,2
1067,280,1,7
1068,280,21,19
1069,280,8,1
1070,280,22,7
1071,280,16,10
1072,280,4,1
1073,281,21,23
1074,281,3,21
1075,281,15,12
1076,281,9,20
1077,282,2,22
1078,282,11,19
1079,283,1,3
1080,284,3,10
1081,284,13,1
1082,284,22,0
1083,284,13,5
1084,284,18,2
1085,285,9,18
1086,285,3,23
1087,285,18,12
1088,285,4,10
1089,285,20,12
1090,286,19,7
1091,287,8,19
1092,287,23,17
1093,287,20,2
1094,287,6,0
1095,288,23,5
1096,288,11,7
1097,288,19,8
1098,288,8,11
1099,289,23,17
1100,289,18,2
1101,289,12,6
1102,289,19,22
1103,289,0,20
1104,290,22,20
1105,290,2,12
1106,291,8,4
1107,292,16,10
1108,292,12,10
1109,293,6,4
1110,293,9,22
1111,293,2,0
1112,294,0,14
1113,294,22,12
1114,294,14,8
1115,295,14,16
1116,295,13,16
1117,295,22,3
1118,295,10,22
1119,295,12,9
1120,295,1,9
1121,295,14,3
1122,295,23,17
1123,295,21,23
1124,296,9,13
1125,296,15,18
1126,297,9,19
1127,297,24,16
1128,297,0,2
1129,297,21,13
1130,298,13,4
1131,298,5,13
1132,298,16,19
1133,299,1,12
1134,299,7,3
1135,299,9,5
1136,299,17,5
1137,299,5,18
1138,299,8,10
1139,299,0,18
1140,299,5,22
1141,299,21,11
1142,299,7,1
1143,300,24,21
1144,300,19,2
1145,301,22,7
1146,301,7,9
1147,302,1,11
1148,302,1,21
1149,303,11,2
1150,303,19,10
1151,303,0,13
1152,304,7,17
1153,305,13,6
1154,305,23,19
1155,305,6,22
1156,306,12,14
1157,306,14,1
1158,306,8,4
1159,307,18,15
1160,307,24,14
1161,307,14,0
1162,307,15,13
1163,307,8,21
1164,308,13,6
1165,309,9,0
1166,309,23,19
1167,309,7,0
1168,309,13,21
1169,309,17,11
1170,309,11,18
1171,310,21,4
1172,310,1,10
1173,311,2,18
1174,312,14,0
1175,312,20,5
1176,312,14,6
1177,312,0,9
1178,313,7,15
1179,313,20,3
1180,313,10,17
1181,313,20,12
1182,313,13,9
1183,314,17,24
1184,314,9,24
1185,314,12,2
1186,314,20,18
1187,314,8,10
1188,314,16,24
1189,314,7,11
1190,315,4,23
1191,315,2,21
1192,316,22,15
1193,316,4,8
1194,316,8,2
1195,316,2,19
1196,316,11,23
1197,316,8,1
1198,317,20,5
1199,317,16,19
1200,317,14,0
1201,317,10,12
1202,318,13,7
1203,318,2,22
1204,318,6,13
1205,318,13,4
1206,319,3,18
1207,319,16,12
1208,319,7,4
1209,319,17,6
1210,320,3,14
1211,320,1,21
1212,321,22,1
1213,321,11,21
1214,321,9,10
1215,321,5,23
1216,322,17,20
1217,322,22,18
1218,323,3,22
1219,323,21,5
1220,323,19,7
1221,324,2,18
1222,324,13,17
1223,324,13,10
1224,324,14,22
1225,325,11,8
1226,325,0,22
1227,325,17,5
1228,325,1,12
1229,325,21,18
1230,326,9,22
1231,326,21,13
1232,326,16,18
1233,326,22,9
1234,326,17,2
1235,326,5,17
1236,326,0,14
1237,326,7,0
1238,327,3,14
1239,327,18,10
1240,327,4,13
1241,327,13,0
1242,327,22,16
1243,328,23,17
1244,328,20,9
1245,329,5,20
1246,329,24,8
1247,329,5,20
1248,329,4,1
1249,329,18,9
1250,329,3,12
1251,330,13,9
1252,330,24,15
1253,330,12,16
1254,330,3,9
1255,330,24,3
1256,330,9,22
1257,331,2,8
1258,331,1,5
1259,332,13,16
1260,332,3,18
1261,332,11,13
1262,333,12,14
1263,333,3,22
1264,333,8,4
1265,334,8,1
1266,334,2,4
1267,334,0,22
1268,334,2,13
1269,334,24,22
1270,334,18,5
1271,334,16,0
1272,335,15,3
1273,335,5,4
1274,336,5,13
1275,336,23,16
1276,336,16,8
1277,336,14,2
1278,337,2,12
1279,337,9,2
1280,338,6,20
1281,338,10,13
1282,338,19,2
1283,339,2,10
1284,339,6,15
1285,340,12,23
1286,340,24,8
1287,340,20,14
1288,340,23,21
1289,340,1,12
1290,341,7,16
1291,341,10,23
1292,341,7,3
1293,341,3,15
1294,341,24,15
1295,342,23,21
1296,342,9,16
1297,343,20,9
1298,343,7,23
1299,343,13,17
1300,343,24,11
1301,343,3,22
1302,343,2,4
1303,344,20,12
1304,344,16,9
1305,344,1,8
1306,344,6,2
1307,344,2,18
1308,344,13,24
1309,345,6,15
1310,345,6,9
1311,345,6,15
1312,346,8,16
1313,346,13,24
1314,346,19,8
1315,347,20,0
1316,347,11,7
1317,348,6,13
1318,348,3,24
1319,348,24,13
1320,348,21,7
1321,348,6,13
1322,348,3,17
1323,348,19,15
1324,349,0,18
1325,349,17,11
1326,349,21,11
1327,349,23,9
1328,350,10,16
1329,350,0,23
1330,352,14,16
1331,352,5,11
1332,352,3,14
1333,353,5,9
1334,353,24,2
1335,353,21,0
1336,353,23,12
1337,354,20,3
1338,354,12,10
1339,354,0,13
1340,354,18,3
1341,355,15,3
1342,355,19,22
1343,355,19,20
1344,355,16,18
1345,355,1,4
1346,355,5,12
1347,355,13,3
1348,355,24,6
1349,356,6,14
1350,356,14,18
1351,356,8,10
1352,356,4,16
1353,356,15,1
1354,356,17,7
1355,357,14,15
1356,357,20,23
1357,357,0,18
1358,358,11,13
1359,358,10,4
1360,358,6,2
1361,358,19,20
1362,359,21,18
1363,359,3,14
1364,359,2,5
1365,359,12,3
1366,359,24,2
1367,360,6,0
1368,360,15,4
1369,360,19,23
1370,361,10,19
1371,361,15,19
1372,362,6,10
1373,362,18,20
1374,363,4,8
1375,363,2,0
1376,363,20,10
1377,363,4,10
1378,364,17,19
1379,364,22,2
1380,365,22,4
1381,365,13,11
1382,365,14,0
1383,365,15,3
1384,365,20,14
1385,365,15,21
1386,365,8,21
1387,366,24,11
1388,367,4,20
1389,367,24,20
1390,368,18,16
1391,368,23,21
1392,368,2,8
1393,369,2,19
1394,370,14,24
1395,370,24,1
1396,370,21,15
1397,370,5,22
1398,371,6,14
1399,371,14,4
1400,371,7,4
1401,372,1,11
1402,372,3,16
1403,372,5,14
1404,372,19,10
1405,372,23,20
1406,372,7,23
1407,372,3,19
1408,372,6,20
1409,373,22,16
1410,373,5,11
1411,373,24,8
1412,373,5,14
1413,374,19,8
1414,374,6,15
1415,374,23,7
1416,374,20,6
1417,375,19,4
1418,375,22,6
1419,375,11,19
1420,376,0,15
1421,376,15,8
1422,376,6,2
1423,376,9,17
1424,377,15,7
1425,377,24,18
1426,378,5,3
1427,378,23,14
1428,378,3,20
1429,378,16,3
1430,379,21,8
1431,379,21,17
1432,379,24,7
1433,379,20,23
1434,379,7,0
1435,380,8,18
1436,380,23,19
1437,380,12,5
1438,381,13,23
1439,381,20,4
1440,381,6,2
1441,381,20,8
1442,382,23,7
1443,382,20,10
1444,382,11,22
1445,382,23,11
1446,382,15,14
1447,382,14,15
1448,382,1,14
1449,383,11,5
1450,383,22,24
1451,383,0,17
1452,383,6,9
1453,383,4,11
1454,384,16,18
1455,384,8,6
1456,384,13,23
1457,384,16,12
1458,384,18,12
1459,385,14,11
1460,385,1,18
1461,385,16,1
1462,385,23,4
1463,386,12,20
1464,386,11,24
1465,386,15,0
1466,386,8,4
1467,386,23,12
1468,387,23,16
1469,388,9,21
1470,388,6,21
1471,388,2,18
1472,388,12,24
1473,389,10,3
1474,389,16,5
1475,389,20,0
1476,389,12,1
1477,389,12,1
1478,389,16,10
1479,390,13,15
1480,390,16,10
1481,390,23,17
1482,391,0,13
1483,391,8,16
1484,391,18,11
1485,391,23,8
1486,391,17,6
1487,391,18,7
1488,392,9,12
1489,392,21,0
1490,392,4,14
1491,392,12,2
1492,392,5,16
1493,393,24,11
1494,393,19,16
1495,393,24,10
1496,394,3,14
1497,394,9,16
1498,394,13,4
1499,394,9,7
1500,394,5,15
1501,395,15,22
1502,395,23,8
1503,395,3,24
1504,395,23,11
1505,396,11,17
1506,396,9,10
1507,396,17,11
1508,397,12,3
1509,397,16,22
1510,397,4,2
1511,397,19,0
1512,397,15,8
1513,397,10,23
1514,397,21,17
1515,398,20,3
1516,398,17,4
1517,398,0,10
1518,398,12,14
1519,398,10,8
1520,399,19,3
1521,399,10,22
1522,399,1,23
1523,399,10,20
1524,400,3,23
1525,400,11,9
1526,400,3,15
1527,400,5,4
1528,400,18,10
1529,400,10,12
1530,401,17,10
1531,401,20,22
1532,401,2,13
1533,401,0,4
1534,402,4,13
1535,402,4,11
1536,402,12,3
1537,402,23,14
1538,403,0,9
1539,403,18,5
1540,403,22,7
1541,404,13,16
1542,404,21,14
1543,404,9,19
1544,404,14,21
1545,404,22,10
1546,405,11,0
1547,405,12,9
1548,405,3,13
1549,405,22,24
1550,405,20,9
1551,405,21,19
1552,406,22,3
1553,406,1,19
1554,406,18,12
1555,406,10,23
1556,407,14,24
1557,407,14,11
1558,407,15,5
1559,407,17,0
1560,407,3,17
1561,408,17,2
1562,408,1,10
1563,408,14,12
1564,408,11,19
1565,408,15,4
1566,409,19,0
1567,409,1,8
1568,410,6,18
1569,410,20,0
1570,410,20,8
1571,410,3,14
1572,411,20,0
1573,411,12,23
1574,411,8,1
1575,411,12,5
1576,411,15,12
1577,412,8,6
1578,413,6,12
1579,413,12,4
1580,414,5,18
1581,414,2,5
1582,414,9,18
1583,414,2,4
1584,415,5,19
1585,415,18,0
1586,415,23,3
1587,415,18,3
1588,415,9,16
1589,415,4,16
1590,416,5,12
1591,416,9,2
1592,416,16,0
1593,416,19,2
1594,416,7,22
1595,416,21,3
1596,416,9,5
1597,417,11,23
1598,417,21,8
1599,418,20,19
1600,418,6,16
1601,418,2,16
1602,419,13,2
1603,419,11,1
1604,419,1,13
1605,420,7,24
1606,420,6,22
1607,420,12,19
1608,420,21,7
1609,421,13,11
1610,421,24,9
1611,421,17,9
1612,421,20,0
1613,422,19,3
1614,422,13,1
1615,422,4,7
1616,423,6,22
1617,423,21,1
1618,423,14,20
1619,423,24,3
1620,424,20,14
1621,424,9,7
1622,424,20,0
1623,424,11,22
1624,425,6,23
1625,425,5,15
1626,425,2,11
1627,425,9,11
1628,425,9,13
1629,425,21,4
1630,425,8,6
1631,426,14,1
1632,426,18,2
1633,426,12,14
1634,426,2,18
1635,426,9,19
1636,426,16,1
1637,426,13,7
1638,427,24,15
1639,427,21,23
1640,428,11,15
1641,428,12,3
1642,429,9,22
1643,429,8,21
1644,429,21,15
1645,429,0,13
1646,430,18,7
1647,430,1,7
1648,430,21,13
1649,430,13,19
1650,430,16,1
1651,430,10,17
1652,430,20,0
1653,431,11,14
1654,431,3,21
1655,431,19,5
1656,431,5,14
1657,432,14,20
1658,432,0,18
1659,432,7,23
1660,432,22,6
1661,432,14,4
1662,432,8,24
1663,432,3,21
1664,432,11,14
1665,433,9,17
1666,433,6,2
1667,433,12,10
1668,433,22,4
1669,433,24,14
1670,433,18,10
1671,434,20,23
1672,434,21,7
1673,434,23,10
1674,434,22,5
1675,435,4,0
1676,436,0,19
1677,436,22,15
1678,436,4,12
1679,437,19,13
1680,437,22,6
1681,437,11,7
1682,438,1,21
1683,438,21,12
1684,438,16,7
1685,439,2,11
1686,439,18,6
1687,439,5,14
1688,439,1,14
1689,439,11,17
1690,439,13,17
1691,440,4,20
1692,440,15,6
1693,440,19,7
1694,440,10,14
1695,440,18,15
1696,440,7,17
1697,441,4,12
1698,441,6,16
1699,441,15,19
1700,441,8,1
1701,441,5,1
1702,441,23,21
1703,442,21,17
1704,442,17,5
1705,442,20,3
1706,443,19,22
1707,443,13,6
1708,443,20,8
1709,443,12,3
1710,443,7,17
1711,443,15,5
1712,443,0,14
1713,444,7,13
1714,444,15,0
1715,445,8,5
1716,445,12,9
1717,445,18,6
1718,445,16,1
1719,445,4,12
1720,445,17,0
1721,446,8,17
1722,446,22,13
1723,446,18,3
1724,446,2,15
1725,447,1,22
1726,447,18,0
1727,447,11,18
1728,447,2,23
1729,447,8,20
1730,447,3,16
1731,447,20,10
1732,448,10,13
1733,448,12,5
1734,448,18,14
1735,448,16,6
1736,448,12,4
1737,449,17,13
1738,449,16,19
1739,449,0,16
1740,449,3,17
1741,450,19,15
1742,450,15,13
1743,450,5,12
1744,451,20,2
1745,451,18,14
1746,452,24,21
1747,452,24,13
1748,453,17,4
1749,453,16,13
1750,453,7,1
1751,453,8,23
1752,454,23,19
1753,454,23,11
1754,454,17,7
1755,454,6,23
1756,454,19,2
1757,455,4,1
1758,455,16,24
1759,455,9,5
1760,455,22,0
1761,455,16,4
1762,456,8,11
1763,456,4,1
1764,456,2,23
1765,456,0,4
1766,456,7,20
1767,457,7,10
1768,457,1,15
1769,458,9,3
1770,458,13,20
1771,458,4,1
1772,459,9,15
1773,459,5,8
1774,459,21,10
1775,460,15,23
1776,460,15,5
1777,461,0,23
1778,461,14,12
1779,461,20,14
1780,461,18,3
1781,461,17,21
1782,462,7,0
1783,462,21,6
1784,462,21,8
1785,462,8,2
1786,462,16,19
1787,462,15,21
1788,462,4,12
1789,462,19,11
1790,463,11,18
1791,463,22,7
1792,463,7,1
1793,464,20,16
1794,464,22,13
1795,464,24,2
1796,464,17,9
1797,464,23,10
1798,464,14,17
1799,465,10,19
1800,465,8,16
1801,465,7,18
1802,465,10,20
1803,465,3,19
1804,465,19,1
1805,465,17,15
1806,465,23,3
1807,466,12,6
1808,467,5,4
1809,468,19,11
1810,468,10,24
1811,468,12,21
1812,469,7,10
1813,469,9,12
1814,470,4,5
1815,471,12,0
1816,471,0,15
1817,471,2,10
1818,471,23,13
1819,471,13,21
1820,471,16,3
1821,471,8,16
1822,471,8,21
1823,471,3,22
1824,472,24,18
1825,472,3,11
1826,472,2,8
1827,472,17,6
1828,472,0,2
1829,472,10,22
1830,472,7,9
1831,472,12,19
1832,473,2,12
1833,473,19,0
1834,473,10,2
1835,473,23,7
1836,474,23,20
1837,474,2,16
1838,474,14,3
1839,474,17,24
1840,474,20,12
1841,476,18,0
1842,477,12,9
1843,477,23,13
1844,477,21,10
1845,478,13,19
1846,478,17,14
1847,478,5,16
1848,478,2,9
1849,478,21,19
1850,478,1,21
1851,478,15,8
1852,479,7,3
1853,479,9,0
1854,480,10,0
1855,481,20,11
1856,481,20,11
1857,481,3,18
1858,482,0,13
1859,482,5,18
1860,482,11,9
1861,483,13,0
1862,483,6,13
1863,483,9,6
1864,483,5,22
1865,484,7,16
1866,484,15,22
1867,484,21,0
1868,484,23,14
1869,484,14,15
1870,485,5,9
1871,485,15,11
1872,485,11,23
1873,485,19,21
1874,486,16,23
1875,487,16,9
1876,487,2,8
1877,487,12,20
1878,489,18,14
1879,490,22,13
1880,490,0,6
1881,490,9,18
1882,490,20,16
1883,491,12,10
1884,491,11,22
1885,491,1,22
1886,492,4,14
1887,492,2,10
1888,492,13,5
1889,492,1,9
1890,493,17,14
1891,493,9,12
1892,493,4,0
1893,493,3,6
1894,494,12,16
1895,494,1,4
1896,494,20,18
1897,494,13,4
1898,494,11,2
1899,494,2,9
1900,495,11,3
1901,495,20,18
1902,495,19,21
1903,495,21,17
1904,495,4,10
1905,495,21,17
1906,495,7,22
1907,496,0,9
1908,496,10,3
1909,496,7,11
1910,497,14,24
1911,497,1,20
1912,497,20,9
1913,497,20,2
1914,497,16,19
1915,498,6,14
1916,498,23,14
1917,499,2,4
1918,499,14,21
1919,499,21,18
1920,499,15,21
1921,499,2,23
1922,499,24,20
1923,500,18,15
1924,500,6,12
1925,500,24,3
1926,500,19,21
1927,501,21,17
1928,501,22,0
1929,501,3,18
1930,501,6,15
1931,502,7,19
1932,502,24,12
1933,502,9,0
1934,502,12,9
1935,502,10,18
1936,502,23,15
1937,503,9,12
1938,503,2,20
1939,503,19,12
1940,504,13,2
1941,505,20,4
1942,505,7,18
1943,505,4,18
1944,505,20,9
1945,505,3,24
1946,505,20,2
1947,505,24,0
1948,506,0,3
1949,506,15,11
1950,506,23,21
1951,506,4,1
1952,506,1,13
1953,507,12,14
1954,507,9,13
1955,507,1,17
1956,507,7,16
1957,507,0,24
1958,507,6,23
1959,507,24,18
1960,507,7,19
1961,508,1,19
1962,508,9,1
1963,509,21,12
1964,509,3,17
1965,509,24,18
1966,509,11,24
1967,509,18,1
1968,509,2,18
1969,509,18,22
1970,510,10,16
1971,510,4,7
1972,510,16,13
1973,510,5,2
1974,510,1,17
1975,510,7,5
1976,510,17,23
1977,510,10,0
1978,511,21,0
1979,511,24,9
1980,511,22,15
1981,511,3,7
1982,511,24,1
1983,511,11,21
1984,511,21,3
1985,511,24,7
1986,512,7,3
1987,512,9,6
1988,512,10,12
1989,512,10,2
1990,512,1,19
1991,513,7,15
1992,513,15,21
1993,513,17,8
1994,513,4,24
1995,513,7,9
1996,513,17,4
1997,513,24,22
1998,514,2,15
1999,514,3,20
2000,514,12,2
2001,515,7,9
2002,515,16,8
2003,515,1,21
2004,516,5,16
2005,516,1,10
2006,516,8,0
2007,516,8,0
2008,517,12,6
2009,517,10,18
2010,517,10,4
2011,517,15,8
2012,517,24,13
2013,518,2,17
2014,518,7,11
2015,518,0,13
2016,518,21,7
2017,518,12,21
2018,518,4,20
2019,519,14,20
2020,519,7,21
2021,519,23,7
2022,520,18,8
2023,520,1,18
2024,520,21,17
2025,520,24,16
2026,521,20,1
2027,521,10,3
2028,521,21,11
2029,521,0,18
2030,521,2,0
2031,522,24,18
2032,522,9,5
2033,522,13,1
2034,522,15,1
2035,522,14,16
2036,522,9,17
2037,522,22,13
2038,523,2,11
2039,524,18,12
2040,524,5,3
2041,525,23,11
2042,525,21,5
2043,525,22,24
2044,525,4,20
2045,526,0,6
2046,526,19,13
2047,527,24,1
2048,527,16,9
2049,527,22,19
2050,527,1,23
2051,527,10,22
2052,527,18,2
2053,527,12,18
2054,528,13,19
2055,528,4,7
2056,529,12,2
2057,529,5,23
2058,529,18,6
2059,529,23,7
2060,529,4,15
2061,529,20,1
2062,529,21,18
2063,529,15,23
2064,529,12,5
2065,530,14,10
2066,530,16,20
2067,531,3,22
2068,531,12,6
2069,531,14,24
2070,531,8,24
2071,531,5,16
2072,532,21,11
2073,532,11,1
2074,532,7,17
2075,532,8,6
2076,532,18,16
2077,532,14,8
2078,533,9,16
2079,533,8,16
2080,533,20,24
2081,533,23,8
2082,534,22,15
2083,534,13,24
2084,534,19,7
2085,534,13,6
2086,534,13,22
2087,535,1,12
2088,535,17,13
2089,535,6,9
2090,535,1,14
2091,535,2,10
2092,535,9,1
2093,536,1,11
2094,536,24,22
2095,537,23,20
2096,537,0,19
2097,537,21,10
2098,537,10,4
2099,537,17,23
2100,538,16,4
2101,538,2,15
2102,538,6,22
2103,538,5,2
2104,539,24,7
2105,539,3,10
2106,539,10,22
2107,539,1,18
2108,540,8,20
2109,540,15,17
2110,540,6,2
2111,540,13,0
2112,540,3,13
2113,540,24,17
2114,540,23,13
2115,541,8,10
2116,541,10,4
2117,541,1,16
2118,541,9,7
2119,541,5,21
2120,541,23,20
2121,543,0,18
2122,543,21,6
2123,543,17,6
2124,544,4,1
2125,544,22,8
2126,544,1,17
2127,545,5,8
2128,545,20,7
2129,545,13,22
2130,546,18,9
2131,546,18,11
2132,546,4,12
2133,546,23,3
2134,546,9,17
2135,547,24,16
2136,547,11,13
2137,547,13,23
2138,548,14,15
2139,548,14,5
2140,548,0,2
2141,548,3,19
2142,548,6,19
2143,548,3,24
2144,549,4,1
2145,549,7,10
2146,549,14,5
2147,550,19,0
2148,550,4,1
2149,550,24,13
2150,550,2,14
2151,551,22,9
2152,551,16,2
2153,551,22,19
2154,551,22,20
2155,551,18,9
2156,551,22,2
2157,552,21,18
2158,552,6,13
2159,552,22,18
2160,552,0,9
2161,552,22,15
2162,553,19,3
2163,553,6,20
2164,553,22,19
2165,553,3,13
2166,553,6,4
2167,553,6,18
2168,553,10,4
2169,553,0,9
2170,553,20,6
2171,554,14,18
2172,555,18,12
2173,555,22,7
2174,555,10,1
2175,555,3,20
2176,556,14,2
2177,557,10,17
2178,557,4,6
2179,557,4,16
2180,557,23,3
2181,558,5,2
2182,558,12,0
2183,558,4,22
2184,558,12,4
2185,559,0,6
2186,559,12,20
2187,559,12,1
2188,559,0,4
2189,560,11,13
2190,561,8,1
2191,561,12,5
2192,561,14,21
2193,562,10,3
2194,562,10,0
2195,562,2,21
2196,562,11,23
2197,563,19,8
2198,563,0,11
2199,563,5,11
2200,564,3,22
2201,564,17,1
2202,564,2,18
2203,565,19,0
2204,565,3,13
2205,565,6,14
2206,565,4,13
2207,565,4,1
2208,565,8,4
2209,565,9,23
2210,566,21,14
2211,566,9,19
2212,566,4,17
2213,566,5,16
2214,566,4,13
2215,566,13,11
2216,566,18,8
2217,567,7,1
2218,567,10,17
2219,567,6,17
2220,567,22,14
2221,567,16,8
2222,568,13,11
2223,568,18,10
2224,568,2,24
2225,569,14,4
2226,570,19,22
2227,570,19,20
2228,570,3,15
2229,570,11,23
2230,571,9,18
2231,571,4,2
2232,571,15,6
2233,571,5,13
2234,571,20,12
2235,571,5,13
2236,571,6,16
2237,572,22,15
2238,572,17,4
2239,572,3,20
2240,572,20,17
2241,572,5,23
2242,573,20,13
2243,573,0,16
2244,573,23,9
2245,573,24,13
2246,573,20,14
2247,573,12,20
2248,574,0,6
2249,574,2,21
2250,574,8,10
2251,574,7,21
2252,574,1,11
2253,574,14,16
2254,575,17,8
2255,575,0,15
2256,575,2,22
2257,576,12,14
2258,577,3,7
2259,577,5,3
2260,577,6,19
2261,577,19,23
2262,577,5,2
2263,578,4,24
2264,578,17,13
2265,578,10,16
2266,578,17,2
2267,578,0,19
2268,579,24,21
2269,580,6,18
2270,580,5,16
2271,580,18,3
2272,580,12,21
2273,581,2,13
2274,581,6,14
2275,581,8,19
2276,581,12,2
2277,582,10,12
2278,583,0,9
2279,583,10,6
2280,584,2,8
2281,584,0,18
2282,584,13,20
2283,584,3,21
2284,584,6,21
2285,585,0,8
2286,585,18,2
2287,585,22,12
2288,586,8,12
2289,586,24,15
2290,586,17,1
2291,586,1,5
2292,587,18,0
2293,587,12,14
2294,588,3,20
2295,588,14,1
2296,588,19,12
2297,588,13,17
2298,589,13,2
2299,589,0,17
2300,589,16,2
2301,589,15,14
2302,590,21,23
2303,590,3,1
2304,590,15,8
2305,590,12,16
2306,591,24,15
2307,591,7,21
2308,591,9,12
2309,591,5,4
2310,592,23,7
2311,592,4,14
2312,592,9,10
2313,592,18,22
2314,592,20,22
2315,592,2,14
2316,593,7,20
2317,593,20,10
2318,593,15,21
2319,593,1,7
2320,593,0,4
2321,593,4,0
2322,593,24,17
2323,594,21,3
2324,595,11,19
2325,595,21,14
2326,595,19,0
2327,595,23,7
2328,596,3,13
2329,596,21,19
2330,596,3,1
2331,596,20,7
2332,596,21,2
2333,596,6,18
2334,597,7,9
2335,597,6,21
2336,597,9,20
2337,597,9,22
2338,598,7,16
2339,598,18,8
2340,598,7,9
2341,598,22,3
2342,599,4,16
2343,600,8,12
2344,600,18,11
2345,601,21,15
2346,601,14,1
2347,601,0,18
2348,601,19,20
2349,601,18,21
2350,601,7,18
2351,602,20,18
2352,602,20,0
2353,602,1,24
2354,602,5,22
2355,603,4,21
2356,603,1,8
2357,603,3,12
2358,603,12,1
2359,604,22,19
2360,604,11,3
2361,604,23,12
2362,605,13,6
2363,605,20,10
2364,606,5,24
2365,606,4,6
2366,607,11,5
2367,607,5,24
2368,607,11,9
2369,608,7,10
2370,608,7,22
2371,608,15,12
2372,609,12,0
2373,609,17,4
2374,609,18,22
2375,610,8,14
2376,610,11,15
2377,611,6,20
2378,611,3,16
2379,611,9,10
2380,611,16,6
2381,611,14,21
2382,611,20,16
2383,611,22,0
2384,611,14,20
2385,612,21,7
2386,612,14,7
2387,613,2,11
2388,613,8,15
2389,613,9,19
2390,613,19,6
2391,613,11,9
2392,614,10,8
2393,614,3,7
2394,614,20,6
2395,614,12,5
2396,614,2,19
2397,615,12,21
2398,615,21,2
2399,615,8,4
2400,616,23,19
2401,616,2,14
2402,616,23,13
2403,616,11,15
2404,616,21,4
2405,617,0,2
2406,617,18,6
2407,618,13,2
2408,618,22,0
2409,618,6,16
2410,618,24,12
2411,618,17,20
2412,618,21,13
2413,619,12,20
2414,619,5,11
2415,619,3,23
2416,619,3,1
2417,619,16,9
2418,619,20,1
2419,619,7,17
2420,620,4,2
2421,620,20,2
2422,620,17,14
2423,620,8,14
2424,620,24,15
2425,621,4,16
2426,621,17,23
2427,621,3,11
2428,621,22,15
2429,621,3,9
2430,622,5,23
2431,623,16,19
2432,624,5,4
2433,625,23,0
2434,625,1,8
2435,625,14,4
2436,625,9,24
2437,626,14,16
2438,626,24,12
2439,626,12,5
2440,626,4,19
2441,626,18,16
2442,626,2,5
2443,626,12,1
2444,627,17,10
2445,627,16,3
2446,627,17,21
2447,627,18,22
2448,627,4,22
2449,628,16,10
2450,628,11,3
2451,629,20,18
2452,629,21,1
2453,629,0,24
2454,630,6,15
2455,630,6,9
2456,630,10,7
2457,631,19,22
2458,631,17,20
2459,631,15,0
2460,632,20,0
2461,632,22,7
2462,632,18,2
2463,632,9,24
2464,634,17,23
2465,634,13,22
2466,634,4,2
2467,635,16,14
2468,635,13,9
2469,635,9,19
2470,635,6,23
2471,635,8,18
2472,635,22,5
2473,635,8,19
2474,636,2,16
2475,636,18,7
2476,636,24,1
2477,636,16,20
2478,636,0,3
2479,637,15,19
2480,637,10,13
2481,637,0,11
2482,637,9,11
2483,637,18,6
2484,637,21,24
2485,637,7,23
2486,637,2,11
2487,637,17,2
2488,637,22,5
2489,637,12,8
2490,638,11,19
2491,638,4,8
2492,638,11,8
2493,638,3,15
2494,638,9,6
2495,638,7,24
2496,639,12,19
2497,639,8,23
2498,639,22,24
2499,639,7,18
2500,639,24,11
2501,639,18,2
2502,640,10,0
2503,640,22,16
2504,640,8,16
2505,640,19,22
2506,640,13,3
2507,640,16,14
2508,640,14,18
2509,641,0,6
2510,641,23,4
2511,641,9,3
2512,641,24,8
2513,641,5,17
2514,641,20,10
2515,642,11,8
2516,643,0,18
2517,643,4,5
2518,643,13,21
2519,643,22,4
2520,644,6,10
2521,644,14,3
2522,645,23,12
2523,645,7,18
2524,645,9,18
2525,645,13,9
2526,645,4,20
2527,645,20,24
2528,646,11,20
2529,646,22,7
2530,646,17,23
2531,647,18,5
2532,647,20,23
2533,647,18,3
2534,647,21,6
2535,648,16,14
2536,648,2,9
2537,648,13,22
2538,649,8,17
2539,649,15,3
2540,649,21,24
2541,649,13,1
2542,649,11,2
2543,650,4,18
2544,650,14,7
2545,650,7,4
2546,651,12,23
2547,651,15,23
2548,651,23,9
2549,651,8,17
2550,651,19,22
2551,651,19,3
2552,652,5,17
2553,652,16,13
2554,653,4,2
2555,653,23,15
2556,653,15,5
2557,653,20,1
2558,653,9,5
2559,653,8,0
2560,654,12,24
2561,654,8,5
2562,654,7,20
2563,655,5,12
2564,655,5,17
2565,655,19,8
2566,655,21,15
2567,655,14,16
2568,655,20,3
2569,656,11,0
2570,656,23,4
2571,656,13,5
2572,657,1,3
2573,657,4,17
2574,658,0,23
2575,658,24,9
2576,658,2,18
2577,659,5,1
2578,659,6,23
2579,659,8,12
2580,660,0,17
2581,660,17,8
2582,660,0,24
2583,660,12,15
2584,660,19,8
2585,661,17,5
2586,662,13,1
2587,662,2,22
2588,662,9,11
2589,662,8,18
2590,662,11,5
2591,662,13,16
2592,663,5,7
2593,663,2,13
2594,664,7,3
2595,664,5,12
2596,664,19,22
2597,665,15,2
2598,666,6,12
2599,666,6,19
2600,666,22,0
2601,666,23,19
2602,666,3,12
2603,666,1,23
2604,667,19,11
2605,667,16,10
2606,667,18,8
2607,667,14,7
2608,667,23,20
2609,667,15,2
2610,667,13,3
2611,668,4,24
2612,668,12,0
2613,668,11,8
2614,669,12,22
2615,669,7,19
2616,669,7,24
2617,669,23,12
2618,670,11,24
2619,670,19,4
2620,670,10,18
2621,670,6,19
2622,670,3,17
2623,671,23,19
2624,671,22,11
2625,671,5,4
2626,671,10,19
2627,671,23,14
2628,672,18,6
2629,672,24,20
2630,673,7,17
2631,673,24,1
2632,674,1,10
2633,674,8,21
2634,674,16,7
2635,675,1,19
2636,675,9,5
2637,675,11,20
2638,675,10,13
2639,676,12,4
2640,676,1,13
2641,676,10,14
2642,676,19,12
2643,676,18,4
2644,677,3,17
2645,677,13,9
2646,677,3,24
2647,677,11,24
2648,677,12,19
2649,678,3,0
2650,678,1,3
2651,678,11,15
2652,679,4,23
2653,679,7,20
2654,679,5,14
2655,679,18,20
2656,680,8,15
2657,680,13,11
2658,680,8,21
2659,680,0,11
2660,681,20,9
2661,681,0,11
2662,682,14,6
2663,683,10,3
2664,683,23,10
2665,683,18,22
2666,683,17,2
2667,684,5,7
2668,684,5,12
2669,684,20,11
2670,684,13,17
2671,684,0,12
2672,685,20,9
2673,685,6,16
2674,685,9,13
2675,685,12,18
2676,686,7,11
2677,686,0,14
2678,686,17,10
2679,687,2,14
2680,687,5,2
2681,687,5,3
2682,688,6,15
2683,688,10,8
2684,688,1,7
2685,688,0,3
2686,688,14,21
2687,689,0,11
2688,689,9,19
2689,689,22,5
2690,689,23,19
2691,690,1,23
2692,690,18,21
2693,691,3,17
2694,691,0,14
2695,691,11,13
2696,691,13,19
2697,691,10,13
2698,692,19,20
2699,692,23,20
2700,692,17,2
2701,692,14,24
2702,692,12,24
2703,692,1,11
2704,693,12,23
2705,693,15,12
2706,693,20,1
2707,694,20,9
2708,694,6,19
2709,694,10,2
2710,694,1,4
2711,694,16,1
2712,695,21,13
2713,695,6,0
2714,695,14,12
2715,695,3,22
2716,696,1,22
2717,696,5,20
2718,696,13,5
2719,696,4,1
2720,696,22,12
2721,696,21,11
2722,697,15,5
2723,697,12,10
2724,697,23,14
2725,698,7,11
2726,698,0,9
2727,698,11,13
2728,698,24,0
2729,698,9,20
2730,699,5,7
2731,699,21,12
2732,699,14,1
2733,699,14,24
2734,700,1,20
2735,700,10,8
2736,701,24,17
2737,702,19,22
2738,702,4,15
2739,702,3,14
2740,702,22,10
2741,703,13,16
2742,703,5,22
2743,703,18,3
2744,703,2,23
2745,703,5,17
2746,703,24,4
2747,703,20,5
2748,704,15,18
2749,705,24,5
2750,707,23,19
2751,707,9,20
2752,707,15,21
2753,708,3,7
2754,708,7,9
2755,708,10,0
2756,708,4,7
2757,708,22,19
2758,709,7,5
2759,709,7,18
2760,709,1,22
2761,710,13,6
2762,710,0,10
2763,710,9,16
2764,710,10,16
2765,710,7,19
2766,710,24,16
2767,710,16,4
2768,711,20,4
2769,711,15,4
2770,711,4,18
2771,711,17,24
2772,711,18,24
2773,712,6,21
2774,712,17,15
2775,712,4,11
2776,712,13,5
2777,712,23,6
2778,712,20,12
2779,712,6,4
2780,712,22,6
2781,713,17,7
2782,713,4,16
2783,713,9,3
2784,714,9,22
2785,714,2,0
2786,714,21,8
2787,715,6,3
2788,715,8,16
2789,715,24,0
2790,715,3,17
2791,715,7,3
2792,715,24,9
2793,715,18,15
2794,716,21,23
2795,717,1,17
2796,717,12,8
2797,718,20,12
2798,718,4,7
2799,718,1,9
2800,718,14,8
2801,718,22,16
2802,718,5,17
2803,719,13,9
2804,719,3,15
2805,719,20,12
2806,719,2,13
2807,719,7,9
2808,719,14,17
2809,720,15,5
2810,720,23,0
2811,720,9,23
2812,721,13,11
2813,722,16,13
2814,723,22,11
2815,723,22,13
2816,723,5,14
2817,723,22,14
2818,724,22,3
2819,724,9,22
2820,724,8,10
2821,725,14,23
2822,725,0,3
2823,725,10,23
2824,725,23,0
2825,725,24,10
2826,725,20,17
2827,726,22,24
2828,726,3,15
2829,726,18,4
2830,726,20,2
2831,726,22,5
2832,726,4,12
2833,726,4,23
2834,726,7,24
2835,727,5,8
2836,727,12,10
2837,727,20,22
2838,727,2,5
2839,727,20,10
2840,727,5,23
2841,728,17,10
2842,728,13,19
2843,728,9,16
2844,728,5,23
2845,729,19,23
2846,729,20,18
2847,729,11,1
2848,729,19,8
2849,729,15,2
2850,729,11,3
2851,730,23,1
2852,730,23,10
2853,730,5,17
2854,730,16,14
2855,732,13,23
2856,732,9,2
2857,732,19,13
2858,733,16,3
2859,733,23,8
2860,733,1,23
2861,733,16,23
2862,733,0,24
2863,733,0,9
2864,733,3,15
2865,733,13,24
2866,734,4,2
2867,734,8,1
2868,735,6,0
2869,735,21,12
2870,735,22,1
2871,736,8,23
2872,736,1,17
2873,736,11,23
2874,736,16,4
2875,737,24,10
2876,737,21,12
2877,737,22,1
2878,738,11,24
2879,738,4,17
2880,739,19,21
2881,739,4,14
2882,740,15,18
2883,740,20,12
2884,740,5,3
2885,740,24,13
2886,740,0,14
2887,741,13,24
2888,742,16,5
2889,742,17,2
2890,742,21,10
2891,742,4,23
2892,742,16,19
2893,742,12,6
2894,743,18,7
2895,743,9,2
2896,743,17,2
2897,744,19,17
2898,744,8,11
2899,744,6,3
2900,744,7,0
2901,745,16,24
2902,745,20,19
2903,745,15,18
2904,745,24,14
2905,745,7,1
2906,745,5,11
2907,745,20,24
2908,746,24,9
2909,747,2,17
2910,747,4,2
2911,747,1,21
2912,747,15,4
2913,747,0,19
2914,748,16,2
2915,748,5,18
2916,748,2,9
2917,748,12,16
2918,748,18,15
2919,749,4,24
2920,749,6,9
2921,749,18,0
2922,749,3,16
2923,749,9,12
2924,749,18,22
2925,749,14,7
2926,750,23,13
2927,750,17,13
2928,751,3,23
2929,751,0,22
2930,752,2,16
2931,752,13,7
2932,752,15,3
2933,752,0,13
2934,753,21,14
2935,753,2,10
2936,753,14,10
2937,753,21,5
2938,753,0,24
2939,755,15,4
2940,755,17,15
2941,755,6,23
2942,755,14,4
2943,756,21,2
2944,756,20,4
2945,756,24,3
2946,756,5,12
2947,756,12,19
2948,757,16,8
2949,757,8,22
2950,758,13,0
2951,758,10,18
2952,758,9,16
2953,758,8,16
2954,758,1,13
2955,758,20,13
2956,758,2,6
2957,758,3,1
2958,758,12,10
2959,759,22,9
2960,759,1,8
2961,759,5,3
2962,759,24,12
2963,759,0,24
2964,759,22,14
2965,759,12,20
2966,759,4,5
2967,760,15,22
2968,760,24,9
2969,760,4,6
2970,761,0,22
2971,761,1,5
2972,761,0,14
2973,762,17,5
2974,762,11,19
2975,762,8,10
2976,763,16,1
2977,764,23,12
2978,764,4,0
2979,765,15,18
2980,765,17,21
2981,766,14,12
2982,766,20,12
2983,766,23,4
2984,766,0,6
2985,766,14,16
2986,766,24,22
2987,767,17,1
2988,767,10,8
2989,767,6,22
2990,767,22,16
2991,768,11,13
2992,768,6,19
2993,768,12,3
2994,768,18,14
2995,768,2,8
2996,769,10,14
2997,769,9,13
2998,769,0,10
2999,769,19,12
3000,770,15,9
3001,770,12,8
3002,770,3,19
3003,772,6,14
3004,772,0,11
3005,772,24,7
3006,773,19,4
3007,773,18,11
3008,773,21,4
3009,773,3,11
3010,773,7,22
3011,773,10,13
3012,774,22,11
3013,774,24,21
3014,774,24,12
3015,774,12,23
3016,774,12,22
3017,774,0,10
3018,774,18,21
3019,774,3,23
3020,774,1,22
3021,774,9,23
3022,775,19,3
3023,775,21,15
3024,776,9,18
3025,776,23,1
3026,776,19,6
3027,776,0,12
3028,777,8,17
3029,777,10,23
3030,778,19,2
3031,778,22,8
3032,778,24,10
3033,779,15,13
3034,779,7,21
3035,779,16,19
3036,780,20,13
3037,780,15,23
3038,780,5,12
3039,780,15,17
3040,781,10,24
3041,781,12,24
3042,781,5,13
3043,782,3,23
3044,782,24,7
3045,782,17,3
3046,782,21,23
3047,783,4,19
3048,783,10,24
3049,783,5,22
3050,784,14,7
3051,784,0,20
3052,784,22,11
3053,785,8,12
3054,785,4,12
3055,785,14,24
3056,785,4,12
3057,785,16,7
3058,785,11,15
3059,785,9,21
3060,786,11,21
3061,786,23,2
3062,786,24,12
3063,786,0,12
3064,786,23,20
3065,786,2,14
3066,787,10,8
3067,787,19,6
3068,787,4,12
3069,787,5,19
3070,788,12,1
3071,788,15,9
3072,788,24,7
3073,788,18,22
3074,788,11,1
3075,788,15,14
3076,789,9,12
3077,789,17,11
3078,789,23,2
3079,790,19,4
3080,790,9,13
3081,790,21,19
3082,790,16,9
3083,791,13,5
3084,792,0,22
3085,792,10,7
3086,792,23,1
3087,792,16,8
3088,793,13,11
3089,794,0,2
3090,794,16,6
3091,794,23,11
3092,794,3,24
3093,795,15,17
3094,795,6,13
3095,795,8,19
3096,796,4,11
3097,796,8,20
3098,797,10,14
3099,797,9,16
3100,797,0,20
3101,797,9,1
3102,798,5,7
3103,798,7,13
3104,798,12,24
3105,798,13,17
3106,798,4,20
3107,799,12,15
3108,799,7,15
3109,800,22,9
3110,800,23,2
3111,800,11,24
3112,800,3,23
3113,801,15,2
3114,801,13,22
3115,801,24,6
3116,801,24,3
3117,801,2,15
3118,802,24,22
3119,802,5,19
3120,803,14,12
3121,803,2,24
3122,803,23,16
3123,803,13,11
3124,803,17,24
3125,804,11,19
3126,804,12,24
3127,804,19,23
3128,804,22,13
3129,804,8,12
3130,804,2,13
3131,805,15,9
3132,805,11,18
3133,806,23,3
3134,806,18,6
3135,807,16,7
3136,807,2,0
3137,807,23,15
3138,808,2,16
3139,808,10,12
3140,808,20,23
3141,808,22,3
3142,808,24,15
3143,809,16,14
3144,809,22,12
3145,810,15,13
3146,810,6,22
3147,810,9,3
3148,811,23,20
3149,811,14,18
3150,811,9,15
3151,812,22,24
3152,812,15,7
3153,812,16,24
3154,812,6,18
3155,812,21,10
3156,813,1,9
3157,813,1,10
3158,813,19,23
3159,813,12,22
3160,813,13,1
3161,813,20,22
3162,814,7,3
3163,814,0,21
3164,815,5,7
3165,815,7,10
3166,815,4,1
3167,816,20,6
3168,816,4,6
3169,816,16,19
3170,816,23,6
3171,817,21,6
3172,817,23,13
3173,817,20,12
3174,818,22,9
3175,818,6,12
3176,818,21,4
3177,819,2,17
3178,819,10,24
3179,819,1,15
3180,819,23,5
3181,820,12,0
3182,820,7,15
3183,820,20,14
3184,821,0,14
3185,821,10,4
3186,821,3,9
3187,822,15,12
3188,822,17,14
3189,822,23,14
3190,822,7,11
3191,822,22,2
3192,822,8,15
3193,823,17,8
3194,823,23,16
3195,823,2,5
3196,824,13,3
3197,824,17,14
3198,825,11,9
3199,826,7,10
3200,826,14,12
3201,827,15,1
3202,827,23,17
3203,827,6,17
3204,827,15,23
3205,827,5,1
3206,827,24,6
3207,828,16,24
3208,828,1,21
3209,828,5,24
3210,828,24,5
3211,828,16,13
3212,828,15,2
3213,829,8,14
3214,829,12,1
3215,829,14,1
3216,829,12,10
3217,829,11,22
3218,829,19,5
3219,829,19,22
3220,830,6,12
3221,830,19,12
3222,831,8,4
3223,831,13,3
3224,831,23,13
3225,831,12,9
3226,832,17,2
3227,832,5,12
3228,832,12,23
3229,833,23,7
3230,833,24,3
3231,833,8,14
3232,833,10,2
3233,833,21,6
3234,834,2,16
3235,834,21,23
3236,834,13,6
3237,834,5,13
3238,834,24,4
3239,834,18,0
3240,834,2,17
3241,835,16,3
3242,835,3,22
3243,835,12,22
3244,836,10,12
3245,836,8,1
3246,836,18,12
3247,836,2,22
3248,836,4,0
3249,837,21,5
3250,837,14,7
3251,837,17,6
3252,838,2,5
3253,838,24,1
3254,839,11,0
3255,839,8,0
3256,839,24,10
3257,839,17,7
3258,839,4,24
3259,839,14,11
3260,839,0,13
3261,839,7,11
3262,839,7,9
3263,839,3,22
3264,839,3,11
3265,840,16,0
3266,840,7,10
3267,840,6,16
3268,840,15,2
3269,841,22,20
3270,841,17,9
3271,841,23,12
3272,841,24,8
3273,841,11,15
3274,842,9,20
3275,842,1,18
3276,842,0,11
3277,842,22,2
3278,843,14,21
3279,843,9,10
3280,843,13,0
3281,843,16,5
3282,843,5,14
3283,844,6,18
3284,844,1,16
3285,844,13,1
3286,844,11,17
3287,844,6,8
3288,845,20,6
3289,845,2,23
3290,845,4,18
3291,845,18,16
3292,845,14,5
3293,846,14,3
3294,846,15,6
3295,846,17,0
3296,847,6,0
3297,847,1,18
3298,847,24,16
3299,847,12,8
3300,847,12,24
3301,847,1,23
3302,847,20,1
3303,848,8,24
3304,849,8,21
3305,849,9,13
3306,849,20,24
3307,850,19,10
3308,850,24,4
3309,850,8,21
3310,851,8,22
3311,851,18,11
3312,851,0,11
3313,851,1,8
3314,852,20,8
3315,852,3,9
3316,853,10,4
3317,853,20,2
3318,853,11,22
3319,854,4,13
3320,854,3,18
3321,854,4,11
3322,854,3,9
3323,854,13,7
3324,854,10,17
3325,854,22,4
3326,854,2,8
3327,854,21,2
3328,854,15,17
3329,854,12,23
3330,855,9,19
3331,855,23,11
3332,856,21,23
3333,856,16,23
3334,856,1,13
3335,856,17,4
3336,856,8,15
3337,857,9,23
3338,857,19,20
3339,857,5,21
3340,857,14,2
3341,857,0,16
3342,857,18,1
3343,858,8,5
3344,858,23,7
3345,859,11,13
3346,859,6,14
3347,860,19,22
3348,860,11,23
3349,860,11,1
3350,861,22,9
3351,861,14,16
3352,861,1,21
3353,861,2,4
3354,861,20,17
3355,861,20,2
3356,862,6,13
3357,862,19,21
3358,862,0,21
3359,862,13,16
3360,862,10,21
3361,863,18,8
3362,863,5,17
3363,863,1,15
3364,864,2,15
3365,864,4,18
3366,864,2,18
3367,864,14,10
3368,864,21,15
3369,864,15,17
3370,865,8,12
3371,865,10,14
3372,865,23,7
3373,865,10,9
3374,866,1,10
3375,866,10,0
3376,866,6,20
3377,866,11,9
3378,866,21,17
3379,867,22,13
3380,867,23,4
3381,867,10,12
3382,868,2,12
3383,869,3,14
3384,870,7,18
3385,870,1,19
3386,870,12,5
3387,870,10,8
3388,870,24,8
3389,871,5,16
3390,871,8,12
3391,872,22,12
3392,873,17,15
3393,873,1,24
3394,874,20,17
3395,875,21,10
3396,875,8,11
3397,875,22,1
3398,876,22,3
3399,876,9,1
3400,876,22,10
3401,876,18,16
3402,876,18,20
3403,877,21,12
3404,877,15,2
3405,878,3,6
3406,879,18,7
3407,879,19,0
3408,879,18,16
3409,880,5,24
3410,880,2,19
3411,880,5,24
3412,880,24,6
3413,881,13,23
3414,881,11,18
3415,881,1,24
3416,881,8,5
3417,882,23,9
3418,882,17,15
3419,882,9,23
3420,882,8,19
3421,883,21,15
3422,884,11,20
3423,884,19,4
3424,884,24,21
3425,884,5,4
3426,884,8,12
3427,884,19,22
3428,884,21,3
3429,885,9,19
3430,886,7,17
3431,886,1,12
3432,886,7,23
3433,887,2,6
3434,887,9,23
3435,887,17,2
3436,887,20,3
3437,888,17,9
3438,888,24,2
3439,888,7,5
3440,888,4,19
3441,889,21,7
3442,889,0,16
3443,889,0,11
3444,890,5,24
3445,890,3,12
3446,890,12,9
3447,890,6,0
3448,891,19,16
3449,891,4,5
3450,892,5,8
3451,892,0,23
3452,892,18,3
3453,892,20,10
3454,892,9,5
3455,892,18,15
3456,892,19,9
3457,893,20,7
3458,893,18,5
3459,894,13,19
3460,894,1,11
3461,894,10,16
3462,895,24,0
3463,895,24,14
3464,895,15,8
3465,895,4,20
3466,895,17,11
3467,896,8,6
3468,896,9,2
3469,896,12,14
3470,897,18,14
3471,897,15,8
3472,897,19,6
3473,898,2,24
3474,898,17,15
3475,898,9,13
3476,898,16,20
3477,899,0,14
3478,899,17,14
3479,899,8,23
3480,899,20,8
3481,900,10,3
3482,900,2,24
3483,900,5,22
3484,900,13,15
3485,900,8,1
3486,900,22,7
3487,900,3,6
3488,900,12,2
3489,900,11,7
3490,900,24,5
3491,902,16,22
3492,903,2,12
3493,903,17,3
3494,904,10,17
3495,905,22,4
3496,906,10,14
3497,906,10,12
3498,906,9,15
3499,906,1,10
3500,906,21,6
3501,907,7,10
3502,908,5,24
3503,908,17,24
3504,908,11,0
3505,908,24,13
3506,909,12,22
3507,909,19,7
3508,909,10,7
3509,909,21,12
3510,909,16,9
3511,909,8,17
3512,909,21,12
3513,910,1,18
3514,910,1,13
3515,910,3,19
3516,910,24,1
3517,911,8,10
3518,911,12,16
3519,911,6,15
3520,911,13,19
3521,911,18,8
3522,911,12,23
3523,912,13,16
3524,912,15,3
3525,913,1,21
3526,913,20,9
3527,913,3,1
3528,914,22,0
3529,914,12,2
3530,914,13,3
3531,915,7,13
3532,915,1,12
3533,915,2,8
3534,916,11,13
3535,916,6,21
3536,916,16,9
3537,916,11,21
3538,916,4,5
3539,916,17,2
3540,916,22,16
3541,917,15,0
3542,917,4,12
3543,918,7,24
3544,918,15,11
3545,918,3,24
3546,918,7,9
3547,919,9,13
3548,920,20,23
3549,920,1,23
3550,920,5,1
3551,921,19,13
3552,921,20,12
3553,921,5,18
3554,921,2,13
3555,922,22,1
3556,922,16,24
3557,922,12,2
3558,922,7,10
3559,922,13,20
3560,923,24,8
3561,923,12,19
3562,923,20,24
3563,923,8,5
3564,924,9,22
3565,924,8,0
3566,924,2,20
3567,926,0,2
3568,926,5,8
3569,926,13,17
3570,926,2,16
3571,926,21,17
3572,926,2,5
3573,926,20,12
3574,927,8,22
3575,927,9,5
3576,928,24,16
3577,928,14,10
3578,928,15,18
3579,929,23,1
3580,929,15,6
3581,930,3,23
3582,930,4,23
3583,930,0,19
3584,930,7,1
3585,930,0,3
3586,931,2,18
3587,932,23,13
3588,932,17,3
3589,932,6,22
3590,932,13,2
3591,933,24,10
3592,933,4,1
3593,933,17,14
3594,933,14,11
3595,934,11,17
3596,934,3,5
3597,934,16,8
3598,935,13,7
3599,935,7,16
3600,935,15,17
3601,936,3,13
3602,936,11,23
3603,936,5,20
3604,936,17,15
3605,936,13,15
3606,937,0,14
3607,937,6,23
3608,937,18,12
3609,937,9,22
3610,937,21,17
3611,938,6,13
3612,938,10,17
3613,938,24,8
3614,938,1,3
3615,939,5,17
3616,940,23,7
3617,940,1,7
3618,940,3,6
3619,940,1,10
3620,940,20,5
3621,940,17,20
3622,940,8,23
3623,940,23,5
3624,941,1,19
3625,941,1,5
3626,941,3,10
3627,942,22,1
3628,942,10,9
3629,943,4,1
3630,943,5,15
3631,943,4,2
3632,943,3,0
3633,943,5,1
3634,944,12,16
3635,944,17,13
3636,944,0,24
3637,945,11,14
3638,945,13,20
3639,945,21,7
3640,945,19,9
3641,945,9,13
3642,946,18,2
3643,947,11,0
3644,947,2,13
3645,947,4,21
3646,947,10,3
3647,947,4,19
3648,948,4,12
3649,948,21,9
3650,948,12,10
3651,948,24,8
3652,948,20,8
3653,949,3,11
3654,949,3,15
3655,949,23,14
3656,950,6,16
3657,950,17,4
3658,950,9,12
3659,950,20,24
3660,950,10,8
3661,951,18,2
3662,951,23,2
3663,951,2,10
3664,952,19,7
3665,952,3,5
3666,952,9,19
3667,953,12,22
3668,953,4,21
3669,953,21,17
3670,953,2,24
3671,953,18,15
3672,953,4,10
3673,954,15,0
3674,954,21,19
3675,954,4,21
3676,954,21,0
3677,955,6,17
3678,955,15,4
3679,955,22,8
3680,955,14,4
3681,955,14,4
3682,956,20,16
3683,956,2,20
3684,956,13,24
3685,956,5,17
3686,956,23,11
3687,956,19,22
3688,956,5,9
3689,957,15,1
3690,957,20,2
3691,957,19,15
3692,957,24,11
3693,957,20,4
3694,957,14,11
3695,957,18,10
3696,957,4,6
3697,957,20,3
3698,957,23,4
3699,958,7,18
3700,958,13,23
3701,958,15,21
3702,958,19,23
3703,959,23,0
3704,959,16,23
3705,959,8,1
3706,959,10,6
3707,959,8,15
3708,959,17,14
3709,959,10,0
3710,959,11,17
3711,960,19,9
3712,961,0,10
3713,961,2,8
3714,962,15,4
3715,962,12,3
3716,962,3,15
3717,963,5,11
3718,963,15,11
3719,963,1,24
3720,963,24,11
3721,964,10,14
3722,964,10,19
3723,965,13,1
3724,965,2,6
3725,965,18,2
3726,966,22,5
3727,966,15,13
3728,967,16,20
3729,967,5,20
3730,967,1,20
3731,968,3,22
3732,968,0,22
3733,969,6,12
3734,969,11,1
3735,970,8,5
3736,970,14,8
3737,970,12,20
3738,971,17,24
3739,971,1,3
3740,972,10,4
3741,972,18,22
3742,972,20,7
3743,972,14,23
3744,973,6,4
3745,973,12,9
3746,973,11,24
3747,974,21,9
3748,974,8,21
3749,975,13,3
3750,975,7,5
3751,975,20,4
3752,975,10,24
3753,976,19,16
3754,976,21,1
3755,976,1,5
3756,976,6,2
3757,976,15,3
3758,977,3,10
3759,977,6,2
3760,977,1,20
3761,977,11,7
3762,977,22,14
3763,977,24,22
3764,978,19,1
3765,978,1,4
3766,978,8,4
3767,978,9,22
3768,978,16,4
3769,978,9,1
3770,979,24,1
3771,979,19,22
3772,979,9,13
3773,979,22,9
3774,979,0,9
3775,980,7,16
3776,980,1,13
3777,980,15,5
3778,980,18,9
3779,981,21,14
3780,981,11,1
3781,982,11,13
3782,982,24,15
3783,983,19,6
3784,983,17,3
3785,983,2,17
3786,983,23,1
3787,983,22,3
3788,984,14,1
3789,984,14,8
3790,985,19,5
3791,985,9,18
3792,985,15,2
3793,985,13,19
3794,986,19,4
3795,986,23,2
3796,986,23,0
3797,986,13,17
3798,986,22,7
3799,986,17,0
3800,987,4,21
3801,987,24,21
3802,988,0,9
3803,988,18,5
3804,988,24,13
3805,989,6,17
3806,989,23,11
3807,989,11,9
3808,990,19,21
3809,990,14,2
3810,991,17,24
3811,991,10,22
3812,991,10,20
3813,991,5,8
3814,992,8,16
3815,992,13,20
3816,993,9,11
3817,993,8,21
3818,993,18,5
3819,994,17,19
3820,994,8,23
3821,994,15,22
3822,994,8,15
3823,995,11,21
3824,995,21,4
3825,995,24,17
3826,995,4,2
3827,995,12,2
3828,996,4,1
3829,996,3,22
3830,997,0,16
3831,997,16,10
3832,998,19,8
3833,998,19,7
3834,998,21,15
3835,999,6,2
3836,999,21,18
3837,999,18,11
3838,999,18,1
3839,999,9,10
3840,1000,23,16
3841,1000,4,6
3842,1000,7,13
3843,1000,0,13
3844,1000,18,14
3845,1000,14,11
3846,1001,16,7
3847,1001,16,22
3848,1001,21,23
3849,1001,21,18
3850,1002,15,21
3851,1002,9,11
3852,1002,2,10
3853,1002,1,7
3854,1003,21,5
3855,1003,6,19
3856,1003,11,0
3857,1003,23,15
3858,1004,23,3
3859,1004,16,8
3860,1004,3,1
3861,1004,16,8
3862,1005,2,11
3863,1005,0,23
3864,1005,7,17
3865,1005,18,15
3866,1005,12,22
3867,1005,18,8
3868,1005,5,23
3869,1005,0,16
3870,1006,4,8
3871,1006,5,8
3872,1006,4,18
3873,1006,17,3
3874,1007,1,18
3875,1007,20,13
3876,1008,4,20
3877,1008,14,10
3878,1008,20,5
3879,1008,17,11
3880,1009,21,24
3881,1009,12,4
3882,1009,5,12
3883,1009,21,0
3884,1010,21,1
3885,1010,18,3
3886,1010,15,11
3887,1010,2,4
3888,1010,3,15
3889,1010,2,16
3890,1010,5,24
3891,1010,1,20
3892,1010,19,5
3893,1011,3,15
3894,1011,13,10
3895,1011,6,2
3896,1012,16,18
3897,1012,0,24
3898,1012,10,9
3899,1013,16,12
3900,1013,22,20
3901,1013,10,23
3902,1013,18,11
3903,1013,16,23
3904,1013,16,3
3905,1013,12,3
3906,1013,3,21
3907,1013,8,6
3908,1013,24,22
3909,1013,18,4
3910,1014,18,1
3911,1014,18,2
3912,1014,14,16
3913,1014,13,3
3914,1015,24,6
3915,1015,7,16
3916,1015,13,2
3917,1015,12,10
3918,1016,16,9
3919,1016,0,19
3920,1016,14,8
3921,1016,4,16
3922,1017,5,21
3923,1017,7,17
3924,1018,5,8
3925,1018,8,10
3926,1019,1,17
3927,1019,4,21
3928,1019,2,23
3929,1019,18,11
3930,1019,18,9
3931,1020,4,16
3932,1020,16,5
3933,1020,24,20
3934,1020,24,12
3935,1021,20,10
3936,1021,22,19
3937,1021,11,8
3938,1021,1,23
3939,1022,12,5
3940,1022,6,9
3941,1022,4,12
3942,1022,13,24
3943,1022,1,8
3944,1024,24,18
3945,1024,9,18
3946,1024,9,18
3947,1024,0,15
3948,1024,6,3
3949,1024,11,21
3950,1024,17,4
3951,1024,24,12
3952,1025,12,23
3953,1025,23,16
3954,1026,3,5
3955,1026,11,23
3956,1026,10,20
3957,1026,24,22
3958,1026,23,9
3959,1026,3,24
3960,1027,1,21
3961,1027,16,8
3962,1027,21,14
3963,1027,11,22
3964,1027,8,10
3965,1028,14,3
3966,1028,22,19
3967,1028,11,20
3968,1028,16,20
3969,1028,9,5
3970,1028,2,19
3971,1028,3,6
3972,1028,24,0
3973,1028,9,6
3974,1029,17,13
3975,1030,18,5
3976,1030,21,24
3977,1030,10,7
3978,1030,15,3
3979,1031,9,22
3980,1031,11,2
3981,1031,10,2
3982,1031,21,15
3983,1031,18,3
3984,1032,16,2
3985,1032,10,19
3986,1032,19,0
3987,1033,7,5
3988,1033,14,6
3989,1033,3,19
3990,1033,10,22
3991,1035,11,24
3992,1035,18,6
3993,1036,4,22
3994,1037,17,1
3995,1037,8,4
3996,1037,16,4
3997,1037,4,5
3998,1037,17,24
3999,1037,20,24
4000,1038,19,23
4001,1038,23,5
4002,1038,0,3
4003,1039,18,9
4004,1040,4,6
4005,1040,7,13
4006,1040,3,23
4007,1040,11,22
4008,1041,19,9
4009,1041,1,9
4010,1041,10,13
4011,1042,18,22
4012,1042,21,6
4013,1042,6,22
4014,1042,4,5
4015,1042,23,11
4016,1042,15,7
4017,1042,10,18
4018,1042,19,9
4019,1043,15,12
4020,1043,4,19
4021,1043,24,5
4022,1043,22,4
4023,1043,11,4
4024,1043,1,5
4025,1043,13,11
4026,1044,12,18
4027,1044,4,22
4028,1044,23,13
4029,1044,8,0
4030,1046,9,3
4031,1046,22,18
4032,1046,2,19
4033,1046,13,19
4034,1046,13,16
4035,1047,24,9
4036,1047,19,11
4037,1048,0,13
4038,1048,8,5
4039,1048,3,21
4040,1049,17,8
4041,1050,3,22
4042,1050,5,3
4043,1050,24,10
4044,1050,5,24
4045,1050,9,22
4046,1050,24,7
4047,1050,19,15
4048,1051,14,8
4049,1051,8,17
4050,1051,22,4
4051,1052,16,0
4052,1052,5,3
4053,1052,14,1
4054,1052,23,6
4055,1052,20,11
4056,1052,24,13
4057,1052,4,18
4058,1053,0,17
4059,1053,19,21
4060,1053,21,19
4061,1054,1,4
4062,1054,20,12
4063,1055,3,0
4064,1055,24,3
4065,1056,9,10
4066,1056,24,7
4067,1056,7,16
4068,1056,22,1
4069,1056,1,12
4070,1057,2,19
4071,1057,6,4
4072,1057,9,5
4073,1058,22,12
4074,1058,6,14
4075,1058,15,9
4076,1058,18,8
4077,1059,19,15
4078,1059,9,10
4079,1059,23,14
4080,1059,3,1
4081,1059,5,2
4082,1060,12,0
4083,1060,18,8
4084,1061,21,10
4085,1061,5,20
4086,1062,5,13
4087,1062,23,1
4088,1062,6,22
4089,1063,18,4
4090,1063,10,17
4091,1063,15,13
4092,1064,11,2
4093,1064,7,13
4094,1064,10,20
4095,1064,17,7
4096,1064,12,20
4097,1065,24,0
4098,1065,23,19
4099,1065,6,3
4100,1065,5,24
4101,1066,10,22
4102,1066,11,1
4103,1066,19,16
4104,1067,8,4
4105,1067,15,13
4106,1067,21,4
4107,1068,6,18
4108,1068,12,15
4109,1068,0,3
4110,1068,7,10
4111,1068,6,16
4112,1069,9,10
4113,1069,2,8
4114,1069,9,0
4115,1069,13,23
4116,1070,13,10
4117,1070,21,2
4118,1070,8,10
4119,1071,10,8
4120,1071,15,0
4121,1071,4,10
4122,1071,15,5
4123,1072,10,12
4124,1073,19,9
4125,1073,11,13
4126,1073,5,20
4127,1073,14,7
4128,1074,20,7
4129,1074,10,2
4130,1075,4,5
4131,1075,3,16
4132,1075,8,12
4133,1076,19,15
4134,1076,15,13
4135,1076,22,12
4136,1076,14,18
4137,1076,17,20
4138,1077,7,9
4139,1077,22,0
4140,1077,24,13
4141,1077,16,1
4142,1077,5,16
4143,1078,0,19
4144,1078,11,3
4145,1078,3,13
4146,1078,23,16
4147,1078,4,0
4148,1078,7,3
4149,1078,24,11
4150,1079,4,16
4151,1079,4,16
4152,1079,7,23
4153,1079,5,20
4154,1080,14,4
4155,1080,12,9
4156,1080,3,1
4157,1080,10,8
4158,1080,24,11
4159,1080,13,19
4160,1080,19,12
4161,1081,22,3
4162,1081,23,19
4163,1081,1,11
4164,1081,5,9
4165,1081,15,12
4166,1081,8,14
4167,1081,21,17
4168,1082,21,14
4169,1082,23,13
4170,1082,7,3
4171,1082,19,1
4172,1083,16,2
4173,1083,10,16
4174,1084,4,6
4175,1084,13,1
4176,1084,8,2
4177,1084,8,6
4178,1085,17,1
4179,1085,5,16
4180,1085,22,2
4181,1085,11,5
4182,1085,20,16
4183,1086,5,9
4184,1087,12,9
4185,1088,3,10
4186,1088,24,7
4187,1089,2,13
4188,1089,23,10
4189,1089,3,10
4190,1089,1,15
4191,1089,4,20
4192,1089,4,8
4193,1090,13,0
4194,1090,19,21
4195,1091,16,5
4196,1091,16,7
4197,1091,21,0
4198,1091,13,9
4199,1091,4,23
4200,1091,19,23
4201,1092,16,1
4202,1092,6,4
4203,1092,14,7
4204,1093,19,23
4205,1093,16,9
4206,1093,14,0
4207,1093,21,15
4208,1093,2,5
4209,1094,10,21
4210,1094,2,24
4211,1094,20,22
4212,1094,22,6
4213,1095,22,11
4214,1095,19,2
4215,1095,3,16
4216,1095,3,19
4217,1096,12,15
4218,1096,6,18
4219,1096,16,4
4220,1096,19,21
4221,1096,10,7
4222,1096,20,9
4223,1096,19,17
4224,1097,4,19
4225,1097,5,17
4226,1098,10,20
4227,1098,9,21
4228,1098,2,11
4229,1098,12,19
4230,1099,2,17
4231,1099,17,23
4232,1100,6,13
4233,1100,13,5
4234,1100,11,2
4235,1101,17,23
4236,1101,18,24
4237,1101,5,16
4238,1102,11,0
4239,1102,18,10
4240,1102,10,9
4241,1102,15,24
4242,1103,20,1
4243,1103,8,23
4244,1103,4,2
4245,1103,12,20
4246,1104,17,7
4247,1105,1,22
4248,1105,21,3
4249,1105,17,5
4250,1105,15,22
4251,1106,23,17
4252,1106,19,5
4253,1106,5,11
4254,1106,17,7
4255,1106,8,16
4256,1107,0,17
4257,1107,22,18
4258,1107,20,5
4259,1108,22,14
4260,1108,10,23
4261,1108,20,24
4262,1109,22,11
4263,1109,0,10
4264,1109,11,23
4265,1109,16,22
4266,1110,0,8
4267,1110,2,5
4268,1110,4,21
4269,1110,21,18
4270,1110,11,17
4271,1110,4,22
4272,1111,12,18
4273,1112,6,15
4274,1112,14,6
4275,1112,0,20
4276,1112,5,9
4277,1113,15,5
4278,1114,22,20
4279,1114,15,0
4280,1114,19,7
4281,1114,17,13
4282,1114,21,6
4283,1114,14,17
4284,1115,17,0
4285,1115,10,13
4286,1115,1,5
4287,1115,0,23
4288,1116,23,9
4289,1116,7,22
4290,1116,12,15
4291,1116,19,6
4292,1117,9,15
4293,1117,20,23
4294,1118,17,1
4295,1118,22,0
4296,1118,4,11
4297,1118,9,22
4298,1119,0,20
4299,1119,10,2
4300,1120,11,9
4301,1121,6,15
4302,1121,23,2
4303,1121,3,7
4304,1121,16,8
4305,1121,7,14
4306,1122,10,13
4307,1122,5,7
4308,1122,8,14
4309,1122,24,8
4310,1122,1,11
4311,1123,0,12
4312,1123,18,3
4313,1123,4,22
4314,1124,23,12
4315,1124,11,1
4316,1124,11,23
4317,1125,3,22
4318,1125,15,13
4319,1126,9,11
4320,1126,2,15
4321,1126,14,23
4322,1126,23,8
4323,1126,15,14
4324,1126,12,6
4325,1127,9,12
4326,1127,4,18
4327,1128,15,12
4328,1128,16,22
4329,1128,7,22
4330,1129,23,14
4331,1130,1,12
4332,1130,8,21
4333,1130,5,14
4334,1130,17,0
4335,1130,13,2
4336,1130,0,10
4337,1130,12,14
4338,1130,3,24
4339,1131,18,12
4340,1131,9,23
4341,1131,14,6
4342,1131,0,12
4343,1131,12,4
4344,1131,1,9
4345,1132,3,16
4346,1132,8,12
4347,1132,5,2
4348,1133,10,2
4349,1133,14,8
4350,1134,10,24
4351,1134,10,9
4352,1134,20,10
4353,1134,12,19
4354,1135,4,5
4355,1135,17,5
4356,1135,21,17
4357,1135,18,6
4358,1136,8,15
4359,1136,7,5
4360,1136,20,7
4361,1137,16,12
4362,1137,17,24
4363,1138,16,9
4364,1138,23,6
4365,1139,19,2
4366,1139,10,14
4367,1139,18,21
4368,1139,12,1
4369,1139,24,4
4370,1139,3,13
4371,1139,14,16
4372,1140,18,4
4373,1140,24,13
4374,1140,18,10
4375,1140,7,20
4376,1141,23,17
4377,1142,22,2
4378,1142,13,17
4379,1142,12,8
4380,1142,1,12
4381,1142,9,24
4382,1143,14,6
4383,1143,23,10
4384,1143,16,12
4385,1143,1,15
4386,1143,0,3
4387,1143,8,11
4388,1144,6,15
4389,1145,8,23
4390,1145,14,6
4391,1146,21,12
4392,1146,9,12
4393,1147,22,18
4394,1147,12,20
4395,1147,1,20
4396,1148,7,15
4397,1148,21,15
4398,1148,20,3
4399,1148,17,0
4400,1148,8,23
4401,1150,6,3
4402,1150,0,23
4403,1150,15,9
4404,1150,22,13
4405,1150,0,23
4406,1150,1,19
4407,1150,6,23
4408,1151,8,18
4409,1151,0,11
4410,1151,24,4
4411,1151,15,17
4412,1152,9,2
4413,1152,18,3
4414,1154,21,13
4415,1154,20,1
4416,1154,8,5
4417,1154,14,1
4418,1154,24,13
4419,1155,12,2
4420,1155,24,2
4421,1156,0,3
4422,1156,8,16
4423,1156,1,3
4424,1157,13,2
4425,1157,5,14
4426,1157,14,10
4427,1157,24,12
4428,1158,5,12
4429,1158,9,10
4430,1158,6,24
4431,1158,18,24
4432,1158,19,5
4433,1158,7,22
4434,1158,2,13
4435,1159,23,14
4436,1159,5,2
4437,1159,11,24
4438,1159,0,24
4439,1160,23,2
4440,1160,24,0
4441,1160,11,4
4442,1160,1,11
4443,1160,22,9
4444,1160,19,0
4445,1160,19,3
4446,1160,1,8
4447,1161,15,0
4448,1161,20,16
4449,1161,3,13
4450,1161,16,20
4451,1161,13,0
4452,1161,17,0
4453,1162,4,1
4454,1162,1,5
4455,1162,21,9
4456,1162,1,16
4457,1162,7,14
4458,1162,4,20
4459,1163,22,0
4460,1163,4,6
4461,1163,13,19
4462,1164,6,4
4463,1164,21,3
4464,1164,18,9
4465,1165,21,15
4466,1165,18,22
4467,1165,22,5
4468,1165,13,5
4469,1165,11,14
4470,1165,12,9
4471,1165,24,20
4472,1166,1,9
4473,1166,23,20
4474,1167,8,2
4475,1167,21,9
4476,1167,3,24
4477,1167,16,20
4478,1167,10,3
4479,1168,20,23
4480,1168,9,7
4481,1168,13,1
4482,1168,12,4
4483,1170,17,2
4484,1170,24,0
4485,1170,7,4
4486,1170,17,13
4487,1170,10,19
4488,1171,5,19
4489,1171,20,0
4490,1171,6,20
4491,1171,9,21
4492,1171,3,0
4493,1172,4,21
4494,1172,13,19
4495,1172,19,9
4496,1172,14,8
4497,1172,7,21
4498,1172,4,5
4499,1173,3,12
4500,1173,12,21
4501,1173,8,6
4502,1174,19,17
4503,1174,16,2
4504,1174,18,2
4505,1174,12,16
4506,1174,19,23
4507,1174,21,15
4508,1174,12,20
4509,1174,10,21
4510,1175,8,20
4511,1175,3,6
4512,1175,9,7
4513,1175,15,4
4514,1175,15,6
4515,1176,12,21
4516,1176,1,8
4517,1176,6,18
4518,1176,1,12
4519,1177,0,8
4520,1177,20,17
4521,1177,4,0
4522,1177,5,7
4523,1177,13,2
4524,1178,0,12
4525,1178,16,13
4526,1178,19,20
4527,1178,9,3
4528,1178,16,10
4529,1179,1,9
4530,1179,16,18
4531,1179,11,3
4532,1179,19,0
4533,1180,4,1
4534,1180,2,4
4535,1180,13,24
4536,1180,21,23
4537,1180,24,8
4538,1180,13,19
4539,1180,19,13
4540,1180,10,12
4541,1180,14,17
4542,1180,21,19
4543,1180,9,19
4544,1181,13,24
4545,1181,17,7
4546,1181,22,8
4547,1181,5,12
4548,1182,11,4
4549,1182,14,0
4550,1183,7,5
4551,1183,10,22
4552,1183,16,8
4553,1183,21,24
4554,1184,21,24
4555,1184,13,1
4556,1184,16,2
4557,1184,5,7
4558,1185,5,16
4559,1185,1,4
4560,1185,4,7
4561,1185,9,23
4562,1185,12,15
4563,1185,24,16
4564,1186,9,16
4565,1186,23,3
4566,1186,18,1
4567,1186,9,20
4568,1186,17,20
4569,1186,24,20
4570,1186,18,1
4571,1187,6,23
4572,1187,16,14
4573,1187,0,3
4574,1187,24,15
4575,1187,9,12
4576,1188,10,7
4577,1188,23,16
4578,1188,4,16
4579,1188,8,23
4580,1189,16,8
4581,1189,3,16
4582,1189,19,15
4583,1189,1,16
4584,1190,13,10
4585,1190,0,11
4586,1190,11,14
4587,1191,6,20
4588,1191,13,16
4589,1192,8,10
4590,1193,9,17
4591,1193,9,24
4592,1193,13,16
4593,1194,0,6
4594,1194,7,1
4595,1194,16,14
4596,1194,22,6
4597,1194,21,0
4598,1195,15,0
4599,1195,14,6
4600,1195,4,20
4601,1196,9,18
4602,1196,12,3
4603,1196,2,12
4604,1197,6,16
4605,1197,10,12
4606,1197,21,15
4607,1197,4,19
4608,1198,15,8
4609,1198,11,19
4610,1198,4,6
4611,1199,11,4
4612,1199,11,17
4613,1200,0,13
4614,1200,24,1
4615,1200,5,9
4616,1200,18,7
4617,1200,11,19
4618,1200,0,23
4619,1200,18,11
4620,1200,1,16
4621,1200,7,16
4622,1200,4,6
4623,1201,14,18
4624,1201,14,0
4625,1201,14,24
4626,1201,6,9
4627,1202,19,15
4628,1203,12,1
4629,1203,11,3
4630,1203,12,15
4631,1204,2,11
4632,1204,16,14
4633,1205,13,9
4634,1205,23,2
4635,1206,24,18
4636,1206,4,6
4637,1206,12,6
4638,1206,1,19
4639,1206,17,8
4640,1207,10,8
4641,1208,22,24
4642,1208,0,9
4643,1209,15,3
4644,1209,15,19
4645,1210,12,6
4646,1210,15,19
4647,1210,19,0
4648,1210,10,23
4649,1210,11,18
4650,1210,20,4
4651,1212,10,22
4652,1212,10,20
4653,1212,9,10
4654,1212,5,16
4655,1212,11,9
4656,1212,19,23
4657,1212,20,17
4658,1212,3,19
4659,1212,11,1
4660,1213,22,18
4661,1213,16,3
4662,1213,3,23
4663,1213,22,13
4664,1214,19,17
4665,1214,24,5
4666,1215,19,21
4667,1216,20,4
4668,1216,23,4
4669,1216,11,24
4670,1216,13,7
4671,1216,15,5
4672,1217,5,16
4673,1217,3,17
4674,1217,20,2
4675,1217,21,15
4676,1218,14,12
4677,1218,16,3
4678,1218,8,6
4679,1219,20,4
4680,1220,10,4
4681,1220,1,16
4682,1220,20,10
4683,1220,17,1
4684,1220,0,14
4685,1221,13,21
4686,1221,14,2
4687,1221,6,16
4688,1221,14,8
4689,1221,21,7
4690,1221,8,21
4691,1222,12,16
4692,1222,17,23
4693,1222,10,9
4694,1222,11,0
4695,1222,14,5
4696,1223,14,1
4697,1223,15,4
4698,1224,5,19
4699,1225,11,9
4700,1225,5,8
4701,1225,4,8
4702,1226,6,4
4703,1226,12,15
4704,1226,1,21
4705,1226,1,4
4706,1226,11,14
4707,1226,1,5
4708,1227,15,11
4709,1228,11,21
4710,1228,4,15
4711,1228,14,24
4712,1228,9,20
4713,1228,17,8
4714,1228,10,21
4715,1229,12,15
4716,1229,24,1
4717,1229,23,7
4718,1229,0,2
4719,1229,0,14
4720,1230,6,10
4721,1230,23,15
4722,1231,14,0
4723,1232,10,16
4724,1232,11,7
4725,1232,19,23
4726,1232,12,5
4727,1233,13,20
4728,1233,3,20
4729,1233,11,7
4730,1234,10,7
4731,1234,11,9
4732,1235,23,0
4733,1235,4,24
4734,1236,14,4
4735,1236,5,16
4736,1236,12,21
4737,1236,12,19
4738,1236,18,1
4739,1236,16,3
4740,1236,6,4
4741,1236,15,19
4742,1236,14,24
4743,1237,0,19
4744,1237,17,4
4745,1237,14,23
4746,1237,20,11
4747,1237,1,8
4748,1238,11,18
4749,1239,8,0
4750,1239,15,1
4751,1240,13,19
4752,1240,8,4
4753,1241,4,16
4754,1241,12,2
4755,1242,9,10
4756,1242,6,9
4757,1242,21,4
4758,1242,23,0
4759,1243,5,4
4760,1243,24,3
4761,1243,7,24
4762,1243,0,4
4763,1243,19,20
4764,1243,18,10
4765,1243,13,9
4766,1244,12,14
4767,1244,21,0
4768,1244,23,2
4769,1244,10,24
4770,1245,0,4
4771,1245,3,0
4772,1245,9,22
4773,1245,19,16
4774,1245,20,1
4775,1246,5,14
4776,1246,14,4
4777,1246,19,20
4778,1246,9,11
4779,1246,4,10
4780,1246,7,14
4781,1247,8,17
4782,1247,7,13
4783,1247,18,7
4784,1248,18,7
4785,1248,23,12
4786,1249,15,9
4787,1250,18,14
4788,1250,3,17
4789,1250,2,9
4790,1251,0,18
4791,1251,23,2
4792,1251,4,14
4793,1251,10,22
4794,1251,5,20
4795,1251,15,8
4796,1252,15,13
4797,1252,18,14
4798,1252,12,4
4799,1252,8,16
4800,1252,5,21
4801,1252,6,20
4802,1252,10,1
4803,1252,7,10
4804,1252,20,18
4805,1252,14,24
4806,1253,7,4
4807,1253,12,0
4808,1253,23,13
4809,1253,21,6
4810,1254,14,18
4811,1254,6,13
4812,1254,13,10
4813,1254,9,12
4814,1254,16,20
4815,1254,3,9
4816,1254,9,7
4817,1254,6,17
4818,1254,2,22
4819,1255,13,21
4820,1255,13,1
4821,1255,14,1
4822,1255,7,5
4823,1255,16,5
4824,1256,21,18
4825,1256,4,8
4826,1257,22,0
4827,1257,23,19
4828,1257,11,5
4829,1258,18,0
4830,1259,0,10
4831,1259,10,14
4832,1259,2,0
4833,1259,18,22
4834,1259,18,9
4835,1260,13,10
4836,1260,10,4
4837,1260,0,9
4838,1260,8,15
4839,1260,11,8
4840,1260,16,19
4841,1260,12,5
4842,1260,3,23
4843,1261,18,8
4844,1261,20,17
4845,1261,20,11
4846,1261,23,16
4847,1262,5,1
4848,1262,9,0
4849,1262,9,1
4850,1263,3,16
4851,1263,12,24
4852,1263,3,22
4853,1263,23,9
4854,1263,21,14
4855,1263,12,9
4856,1264,20,4
4857,1264,9,16
4858,1265,17,20
4859,1265,12,21
4860,1265,7,24
4861,1266,18,15
4862,1266,4,13
4863,1266,15,2
4864,1267,13,19
4865,1267,15,11
4866,1267,22,11
4867,1267,20,14
4868,1268,15,2
4869,1268,2,13
4870,1269,9,0
4871,1269,22,2
4872,1269,3,1
4873,1270,5,17
4874,1270,17,10
4875,1271,15,11
4876,1271,14,6
4877,1271,11,14
4878,1271,19,22
4879,1271,13,1
4880,1271,6,16
4881,1271,4,17
4882,1272,24,16
4883,1272,6,10
4884,1272,21,19
4885,1273,16,8
4886,1273,2,5
4887,1273,10,23
4888,1273,24,21
4889,1273,2,6
4890,1273,5,4
4891,1275,4,12
4892,1276,11,8
4893,1276,15,11
4894,1277,2,5
4895,1277,18,0
4896,1277,15,5
4897,1277,9,1
4898,1277,12,1
4899,1278,11,14
4900,1278,17,3
4901,1278,13,11
4902,1278,3,16
4903,1279,14,11
4904,1279,17,7
4905,1280,12,3
4906,1280,4,22
4907,1280,15,18
4908,1280,3,23
4909,1280,2,4
4910,1281,16,22
4911,1281,2,6
4912,1282,20,9
4913,1282,11,7
4914,1282,6,21
4915,1282,21,10
4916,1283,15,17
4917,1283,8,4
4918,1284,8,23
4919,1284,24,14
4920,1284,1,3
4921,1284,4,2
4922,1285,23,12
4923,1285,22,3
4924,1286,15,18
4925,1286,20,17
4926,1286,21,5
4927,1286,24,0
4928,1287,1,11
4929,1288,9,11
4930,1288,12,2
4931,1288,24,7
4932,1288,10,4
4933,1289,22,20
4934,1289,21,10
4935,1289,7,22
4936,1289,3,1
4937,1289,14,2
4938,1290,23,17
4939,1290,8,17
4940,1290,1,17
4941,1290,8,14
4942,1290,20,12
4943,1290,13,6
4944,1290,15,24
4945,1291,24,15
4946,1291,21,10
4947,1291,12,10
4948,1293,17,5
4949,1293,20,23
4950,1294,13,9
4951,1294,15,17
4952,1294,20,6
4953,1294,1,13
4954,1295,0,15
4955,1295,8,16
4956,1295,21,15
4957,1295,15,22
4958,1295,10,14
4959,1295,22,10
4960,1296,2,20
4961,1296,4,2
4962,1296,10,12
4963,1296,9,6
4964,1296,18,22
4965,1296,21,13
4966,1297,10,23
4967,1297,19,2
4968,1298,7,16
4969,1298,19,0
4970,1299,13,21
4971,1299,19,7
4972,1299,14,2
4973,1299,22,18
4974,1299,2,10
4975,1300,17,21
4976,1301,17,13
4977,1301,15,22
4978,1301,5,21
4979,1301,21,1
4980,1302,21,8
4981,1302,6,18
4982,1302,11,9
4983,1303,3,20
4984,1303,13,16
4985,1303,14,7
4986,1304,23,17
4987,1304,0,8
4988,1304,10,6
4989,1304,1,7
4990,1304,6,2
4991,1305,12,9
4992,1306,7,20
4993,1306,22,3
4994,1306,6,14
4995,1306,24,18
4996,1306,2,18
4997,1307,2,15
4998,1307,11,22
4999,1307,2,16
5000,1307,4,16
5001,1307,17,9
5002,1307,4,0
5003,1307,18,4
5004,1307,18,20
5005,1308,15,23
5006,1309,6,4
5007,1309,10,2
5008,1309,11,1
5009,1309,19,2
5010,1309,8,5
5011,1309,1,17
5012,1310,22,12
5013,1310,12,0
5014,1310,21,11
5015,1311,1,8
5016,1311,9,21
5017,1312,19,4
5018,1312,23,8
5019,1312,3,17
5020,1313,18,20
5021,1313,2,24
5022,1313,13,0
5023,1313,24,5
5024,1314,21,3
5025,1314,13,21
5026,1314,10,13
5027,1315,3,12
5028,1315,6,8
5029,1315,13,0
5030,1315,21,23
5031,1315,13,19
5032,1316,20,23
5033,1317,21,10
5034,1317,18,3
5035,1317,1,14
5036,1317,11,8
5037,1317,18,11
5038,1317,12,9
5039,1318,16,22
5040,1318,15,14
5041,1318,13,21
5042,1318,22,6
5043,1319,1,15
5044,1319,15,12
5045,1320,17,7
5046,1320,21,10
5047,1320,23,12
5048,1320,4,1
5049,1320,18,6
5050,1321,8,19
5051,1321,6,24
5052,1321,19,2
5053,1322,20,0
5054,1322,8,15
5055,1322,2,9
5056,1323,8,5
5057,1323,22,11
5058,1323,1,13
5059,1323,5,3
5060,1323,9,12
5061,1324,12,5
5062,1324,21,12
5063,1324,24,21
5064,1325,0,22
5065,1325,4,11
5066,1326,1,18
5067,1326,22,11
5068,1326,23,7
5069,1326,2,20
5070,1327,1,16
5071,1327,19,7
5072,1327,10,17
5073,1327,6,23
5074,1327,12,24
5075,1327,23,4
5076,1327,24,4
5077,1327,8,22
5078,1328,8,23
5079,1329,3,10
5080,1329,21,18
5081,1329,13,3
5082,1329,15,17
5083,1329,16,10
5084,1330,7,5
5085,1331,10,20
5086,1331,12,18
5087,1331,12,14
5088,1332,20,4
5089,1332,14,12
5090,1332,3,21
5091,1332,19,22
5092,1332,20,0
5093,1332,10,6
5094,1332,11,7
5095,1333,16,24
5096,1333,11,17
5097,1333,18,16
5098,1333,11,17
5099,1333,14,15
5100,1333,2,12
5101,1333,8,18
5102,1334,23,16
5103,1334,21,18
5104,1335,15,23
5105,1335,15,12
5106,1335,17,15
5107,1335,5,7
5108,1336,2,19
5109,1336,20,10
5110,1336,21,5
5111,1336,13,9
5112,1336,7,10
5113,1337,11,2
5114,1337,15,4
5115,1338,4,23
5116,1338,24,16
5117,1338,3,17
5118,1338,4,17
5119,1339,4,24
5120,1340,17,24
5121,1340,4,15
5122,1340,4,22
5123,1340,14,16
5124,1340,22,2
5125,1340,4,7
5126,1340,22,6
5127,1341,21,8
5128,1341,15,11
5129,1341,20,11
5130,1341,7,4
5131,1342,19,0
5132,1342,11,15
5133,1342,5,7
5134,1342,19,10
5135,1343,4,2
5136,1343,19,10
5137,1343,20,17
5138,1343,23,3
5139,1344,10,23
5140,1344,5,22
5141,1345,5,21
5142,1345,18,0
5143,1345,20,1
5144,1346,3,5
5145,1346,10,23
5146,1346,12,20
5147,1346,17,23
5148,1346,19,2
5149,1347,3,7
5150,1347,14,18
5151,1347,3,5
5152,1347,11,13
5153,1347,2,11
5154,1348,14,12
5155,1348,20,13
5156,1348,11,21
5157,1349,18,9
5158,1349,13,6
5159,1350,14,21
5160,1350,21,9
5161,1350,19,22
5162,1350,3,14
5163,1351,11,7
5164,1351,11,18
5165,1352,19,3
5166,1352,15,2
5167,1352,18,3
5168,1352,5,13
5169,1352,18,5
5170,1352,24,10
5171,1352,23,15
5172,1353,0,2
5173,1353,10,0
5174,1353,10,18
5175,1354,24,14
5176,1354,2,23
5177,1354,20,7
5178,1355,13,5
5179,1355,22,5
5180,1355,3,0
5181,1355,2,23
5182,1355,11,2
5183,1356,24,21
5184,1356,10,21
5185,1356,1,24
5186,1357,17,23
5187,1357,11,21
5188,1357,17,23
5189,1357,22,24
5190,1357,3,24
5191,1357,19,23
5192,1357,15,3
5193,1358,9,11
5194,1358,3,11
5195,1359,4,6
5196,1360,9,24
5197,1360,7,19
5198,1360,5,8
5199,1360,2,4
5200,1360,22,0
5201,1360,10,14
5202,1360,23,2
5203,1361,5,17
5204,1361,8,14
5205,1361,4,21
5206,1361,9,24
5207,1362,5,22
5208,1362,1,10
5209,1362,0,6
5210,1362,24,22
5211,1362,10,9
5212,1362,0,13
5213,1363,18,20
5214,1363,19,9
5215,1363,0,6
5216,1363,5,23
5217,1363,23,21
5218,1363,2,17
5219,1363,24,6
5220,1364,20,9
5221,1365,19,11
5222,1366,1,3
5223,1366,12,8
5224,1366,2,5
5225,1366,14,17
5226,1366,13,21
5227,1367,3,13
5228,1367,21,8
5229,1367,11,20
5230,1367,20,17
5231,1367,7,4
5232,1367,7,23
5233,1367,12,10
5234,1367,9,0
5235,1367,18,16
5236,1367,24,12
5237,1368,20,16
5238,1369,19,2
5239,1369,18,5
5240,1369,4,21
5241,1369,18,20
5242,1369,23,19
5243,1370,18,12
5244,1370,15,14
5245,1370,3,14
5246,1370,20,13
5247,1371,19,17
5248,1371,9,17
5249,1371,0,12
5250,1371,5,9
5251,1372,22,13
5252,1372,19,7
5253,1372,13,16
5254,1372,3,9
5255,1372,14,15
5256,1372,18,21
5257,1372,5,11
5258,1372,9,15
5259,1372,0,19
5260,1373,24,12
5261,1373,24,4
5262,1373,13,9
5263,1373,16,7
5264,1374,0,18
5265,1374,11,22
5266,1374,21,1
5267,1374,1,18
5268,1375,22,24
5269,1375,14,16
5270,1375,17,2
5271,1376,14,22
5272,1376,0,19
5273,1376,14,24
5274,1376,15,2
5275,1377,8,15
5276,1377,6,2
5277,1377,17,10
5278,1377,22,2
5279,1377,7,0
5280,1378,4,12
5281,1378,22,15
5282,1378,18,5
5283,1379,14,21
5284,1379,1,22
5285,1379,10,24
5286,1379,5,8
5287,1379,8,20
5288,1379,17,5
5289,1380,22,15
5290,1380,23,20
5291,1381,19,15
5292,1381,11,13
5293,1381,2,24
5294,1381,7,5
5295,1381,4,22
5296,1382,18,14
5297,1382,10,9
5298,1382,10,6
5299,1382,18,9
5300,1382,18,22
5301,1383,9,6
5302,1383,0,24
5303,1383,8,19
5304,1383,19,5
5305,1384,20,22
5306,1384,4,6
5307,1384,5,4
5308,1385,2,14
5309,1385,4,14
5310,1385,19,10
5311,1385,13,16
5312,1385,0,3
5313,1385,13,22
5314,1386,5,1
5315,1386,15,21
5316,1386,12,6
5317,1386,19,3
5318,1386,5,4
5319,1386,4,19
5320,1387,14,5
5321,1387,11,1
5322,1387,1,23
5323,1388,14,24
5324,1388,8,5
5325,1388,18,16
5326,1388,8,0
5327,1388,0,23
5328,1388,13,9
5329,1389,1,21
5330,1389,7,1
5331,1389,19,8
5332,1389,4,18
5333,1389,24,17
5334,1390,20,1
5335,1390,6,4
5336,1390,24,17
5337,1391,22,16
5338,1391,17,24
5339,1392,23,12
5340,1392,21,7
5341,1392,10,19
5342,1392,16,5
5343,1392,16,18
5344,1393,17,8
5345,1393,21,3
5346,1394,17,9
5347,1394,10,16
5348,1394,17,4
5349,1394,12,6
5350,1395,11,0
5351,1395,6,10
5352,1395,7,19
5353,1395,14,6
5354,1395,0,19
5355,1396,14,4
5356,1396,8,18
5357,1396,16,10
5358,1396,14,7
5359,1397,2,22
5360,1397,12,19
5361,1397,21,24
5362,1398,22,11
5363,1398,23,2
5364,1398,8,15
5365,1398,12,14
5366,1399,24,22
5367,1399,0,2
5368,1399,17,5
5369,1400,3,19
5370,1400,20,19
5371,1400,23,5
5372,1400,11,8
5373,1401,18,10
5374,1401,10,13
5375,1401,5,9
5376,1401,9,18
5377,1402,9,23
5378,1403,7,1
5379,1403,17,10
5380,1403,3,6
5381,1403,20,12
5382,1404,17,23
5383,1404,17,14
5384,1404,17,14
5385,1404,3,13
5386,1405,23,11
5387,1405,24,12
5388,1405,7,18
5389,1405,1,15
5390,1406,22,20
5391,1406,24,6
5392,1407,18,9
5393,1407,1,23
5394,1407,9,5
5395,1407,23,2
5396,1408,2,9
5397,1408,8,5
5398,1408,10,8
5399,1409,24,20
5400,1409,12,15
5401,1409,10,17
5402,1409,15,1
5403,1409,10,1
5404,1409,10,3
5405,1409,10,0
5406,1410,3,12
5407,1410,7,0
5408,1410,22,19
5409,1411,14,18
5410,1411,8,16
5411,1411,8,6
5412,1411,4,0
5413,1412,19,4
5414,1412,20,13
5415,1412,12,23
5416,1412,22,10
5417,1412,5,9
5418,1412,7,19
5419,1413,7,18
5420,1413,16,5
5421,1413,20,0
5422,1413,5,19
5423,1414,19,13
5424,1414,7,10
5425,1414,7,17
5426,1414,0,6
5427,1414,12,21
5428,1414,9,19
5429,1415,22,14
5430,1415,16,1
5431,1415,15,6
5432,1415,7,17
5433,1415,3,0
5434,1416,6,22
5435,1416,8,15
5436,1416,0,16
5437,1416,22,8
5438,1416,23,11
5439,1416,22,5
5440,1416,19,9
5441,1416,15,0
5442,1416,17,11
5443,1416,18,8
5444,1417,2,0
5445,1417,13,9
5446,1417,0,3
5447,1418,7,15
5448,1418,18,20
5449,1419,7,16
5450,1419,24,0
5451,1420,20,0
5452,1420,9,15
5453,1420,20,12
5454,1421,0,4
5455,1422,1,24
5456,1422,5,8
5457,1423,16,24
5458,1423,18,9
5459,1423,19,10
5460,1423,13,17
5461,1423,3,0
5462,1424,2,24
5463,1424,5,18
5464,1425,18,5
5465,1425,6,0
5466,1425,10,14
5467,1425,4,7
5468,1425,22,12
5469,1426,22,9
5470,1427,12,14
5471,1427,22,20
5472,1427,23,11
5473,1428,7,19
5474,1428,16,19
5475,1429,19,2
5476,1429,12,6
5477,1430,5,8
5478,1430,2,12
5479,1430,0,14
5480,1430,22,12
5481,1431,6,3
5482,1431,17,2
5483,1431,20,9
5484,1432,23,2
5485,1432,6,10
5486,1432,7,0
5487,1432,21,10
5488,1432,20,9
5489,1433,5,11
5490,1433,2,15
5491,1433,18,1
5492,1434,0,3
5493,1434,15,5
5494,1435,12,8
5495,1435,19,22
5496,1436,12,4
5497,1436,3,9
5498,1437,21,17
5499,1437,9,15
5500,1437,4,5
5501,1437,14,15
5502,1438,6,14
5503,1438,9,5
5504,1438,5,11
5505,1439,20,7
5506,1439,6,12
5507,1440,12,9
5508,1440,22,15
5509,1440,3,9
5510,1441,2,11
5511,1441,0,20
5512,1441,16,8
5513,1441,19,16
5514,1441,19,20
5515,1441,4,20
5516,1442,7,10
5517,1442,10,12
5518,1442,18,14
5519,1442,9,17
5520,1443,1,15
5521,1443,0,10
5522,1443,12,1
5523,1444,12,0
5524,1444,23,8
5525,1444,12,24
5526,1445,21,15
5527,1445,2,18
5528,1445,1,18
5529,1445,3,17
5530,1445,7,14
5531,1445,15,17
5532,1445,21,6
5533,1445,14,15
5534,1446,4,6
5535,1446,16,18
5536,1447,18,2
5537,1447,9,19
5538,1447,6,10
5539,1447,17,4
5540,1448,24,17
5541,1448,1,24
5542,1448,17,6
5543,1448,11,18
5544,1449,9,17
5545,1449,6,18
5546,1449,3,13
5547,1450,9,13
5548,1450,9,18
5549,1450,11,2
5550,1450,12,8
5551,1450,3,17
5552,1451,7,21
5553,1451,17,8
5554,1451,1,4
5555,1451,4,6
5556,1451,2,24
5557,1451,18,3
5558,1451,7,10
5559,1451,4,22
5560,1451,18,16
5561,1452,8,19
5562,1452,20,13
5563,1452,15,7
5564,1453,3,6
5565,1453,6,21
5566,1453,3,5
5567,1453,2,6
5568,1454,12,24
5569,1454,3,7
5570,1454,10,19
5571,1454,17,4
5572,1455,13,0
5573,1455,9,16
5574,1455,1,4
5575,1455,18,6
5576,1455,7,11
5577,1456,0,15
5578,1456,9,3
5579,1456,24,10
5580,1456,12,1
5581,1456,18,20
5582,1457,0,21
5583,1457,1,9
5584,1457,17,4
5585,1458,17,9
5586,1458,17,7
5587,1458,12,3
5588,1458,16,18
5589,1458,19,12
5590,1458,0,16
5591,1459,9,16
5592,1459,0,4
5593,1459,22,0
5594,1459,4,21
5595,1460,3,11
5596,1460,20,13
5597,1460,23,13
5598,1460,3,12
5599,1460,6,9
5600,1461,2,0
5601,1462,13,17
5602,1462,16,9
5603,1462,4,19
5604,1463,9,3
5605,1463,4,1
5606,1463,9,13
5607,1463,13,20
5608,1463,11,1
5609,1463,10,17
5610,1463,0,2
5611,1464,13,20
5612,1464,1,20
5613,1464,6,24
5614,1465,19,15
5615,1465,14,24
5616,1465,23,4
5617,1465,24,13
5618,1465,5,20
5619,1465,9,3
5620,1465,6,22
5621,1465,20,9
5622,1466,24,5
5623,1466,16,24
5624,1466,8,11
5625,1466,8,20
5626,1466,23,7
5627,1466,13,0
5628,1466,24,8
5629,1466,8,12
5630,1467,23,15
5631,1467,6,2
5632,1467,24,11
5633,1467,22,0
5634,1467,20,7
5635,1467,19,10
5636,1468,6,12
5637,1468,8,0
5638,1468,4,10
5639,1468,11,15
5640,1468,6,9
5641,1469,10,0
5642,1469,6,2
5643,1469,21,12
5644,1469,2,13
5645,1469,23,10
5646,1469,7,15
5647,1470,11,17
5648,1470,2,12
5649,1470,4,6
5650,1470,5,16
5651,1470,16,2
5652,1471,17,15
5653,1471,23,10
5654,1471,16,13
5655,1472,0,13
5656,1473,4,19
5657,1473,13,6
5658,1473,20,5
5659,1474,11,1
5660,1474,1,4
5661,1474,2,17
5662,1474,3,23
5663,1475,15,14
5664,1475,1,12
5665,1475,10,6
5666,1475,19,10
5667,1476,5,23
5668,1476,19,3
5669,1476,3,24
5670,1476,20,8
5671,1477,17,3
5672,1478,24,15
5673,1478,2,18
5674,1478,0,15
5675,1479,9,24
5676,1479,22,15
5677,1480,17,6
5678,1480,4,0
5679,1480,6,8
5680,1480,12,14
5681,1480,5,13
5682,1480,23,2
5683,1480,15,11
5684,1480,10,8
5685,1481,24,18
5686,1481,20,9
5687,1481,18,6
5688,1481,9,16
5689,1481,13,24
5690,1481,24,9
5691,1481,1,16
5692,1482,24,3
5693,1482,3,0
5694,1482,9,7
5695,1482,1,9
5696,1483,6,16
5697,1483,15,24
5698,1484,11,5
5699,1484,20,13
5700,1484,6,4
5701,1485,7,24
5702,1485,0,6
5703,1485,0,14
5704,1485,3,21
5705,1486,20,16
5706,1486,20,10
5707,1486,21,1
5708,1487,17,6
5709,1487,10,21
5710,1487,3,17
5711,1487,18,7
5712,1487,23,15
5713,1487,14,20
5714,1488,10,20
5715,1488,4,23
5716,1488,21,24
5717,1489,7,19
5718,1489,24,22
5719,1489,3,23
5720,1489,0,19
5721,1489,19,11
5722,1490,7,0
5723,1490,9,6
5724,1490,13,15
5725,1490,23,9
5726,1491,23,9
5727,1491,5,14
5728,1492,8,2
5729,1492,8,19
5730,1492,21,12
5731,1492,14,16
5732,1493,15,17
5733,1493,19,13
5734,1493,6,22
5735,1494,16,5
5736,1495,1,5
5737,1495,0,24
5738,1495,19,23
5739,1496,8,1
5740,1496,20,1
5741,1496,9,15
5742,1497,15,4
5743,1497,18,21
5744,1497,1,13
5745,1497,3,15
5746,1497,21,8
5747,1497,7,16
5748,1498,6,14
5749,1498,8,19
5750,1499,0,14
5751,1499,15,0
5752,1499,21,3
5753,1499,17,2
5754,1499,10,19
5755,1500,20,4
5756,1501,24,18
5757,1501,11,1
5758,1501,5,21
5759,1501,17,3
5760,1501,12,0
5761,1502,8,2
5762,1502,22,1
5763,1502,8,0
5764,1503,13,10
5765,1503,17,20
5766,1503,5,12
5767,1503,17,7
5768,1503,9,10
5769,1503,5,18
5770,1504,11,18
5771,1505,13,9
5772,1505,15,14
5773,1505,22,13
5774,1505,13,9
5775,1506,8,20
5776,1506,15,24
5777,1506,21,7
5778,1506,0,20
5779,1507,21,10
5780,1507,7,13
5781,1507,6,24
5782,1507,20,14
5783,1508,7,4
5784,1508,24,5
5785,1508,17,6
5786,1509,20,10
5787,1509,13,24
5788,1509,3,13
5789,1510,16,4
5790,1510,20,5
5791,1510,2,14
5792,1510,13,11
5793,1510,14,10
5794,1511,21,24
5795,1511,6,17
5796,1511,0,7
5797,1512,7,13
5798,1512,2,12
5799,1512,13,16
5800,1512,24,3
5801,1512,5,19
5802,1512,1,14
5803,1513,0,8
5804,1513,21,13
5805,1513,4,7
5806,1513,0,24
5807,1513,11,9
5808,1513,2,20
5809,1514,22,14
5810,1514,16,0
5811,1514,20,23
5812,1515,9,5
5813,1515,0,9
5814,1515,5,17
5815,1515,22,24
5816,1515,13,0
5817,1516,8,19
5818,1516,4,13
5819,1517,15,24
5820,1517,3,6
5821,1517,7,11
5822,1518,17,2
5823,1518,21,24
5824,1518,7,21
5825,1519,19,15
5826,1519,3,24
5827,1519,4,15
5828,1519,13,23
5829,1520,9,11
5830,1520,0,20
5831,1520,13,23
5832,1520,17,6
5833,1520,20,13
5834,1520,16,1
5835,1521,11,17
5836,1521,3,14
5837,1521,4,12
5838,1522,3,1
5839,1522,20,18
5840,1522,11,20
5841,1522,7,5
5842,1522,0,16
5843,1523,15,24
5844,1523,22,15
5845,1523,9,17
5846,1524,14,12
5847,1525,21,4
5848,1525,20,12
5849,1525,7,17
5850,1525,19,0
5851,1525,4,19
5852,1526,12,10
5853,1526,7,21
5854,1526,1,9
5855,1526,0,11
5856,1526,9,17
5857,1526,9,18
5858,1526,12,20
5859,1526,11,14
5860,1527,4,12
5861,1527,7,1
5862,1527,9,13
5863,1527,19,10
5864,1527,5,3
5865,1527,21,17
5866,1527,10,9
5867,1528,21,15
5868,1528,9,7
5869,1528,4,0
5870,1528,6,2
5871,1529,17,3
5872,1529,9,17
5873,1529,4,2
5874,1530,14,23
5875,1530,9,18
5876,1530,12,1
5877,1530,18,3
5878,1530,2,5
5879,1530,9,20
5880,1531,8,18
5881,1531,11,8
5882,1531,23,1
5883,1532,8,14
5884,1532,15,4
5885,1532,2,17
5886,1532,15,7
5887,1533,3,19
5888,1533,7,9
5889,1534,23,3
5890,1534,18,16
5891,1534,21,11
5892,1534,17,1
5893,1534,18,6
5894,1534,13,4
5895,1535,17,24
5896,1535,13,1
5897,1535,18,5
5898,1535,4,20
5899,1536,7,1
5900,1536,7,15
5901,1537,15,17
5902,1537,9,10
5903,1537,10,7
5904,1538,2,11
5905,1539,8,21
5906,1539,13,10
5907,1539,18,12
5908,1539,17,21
5909,1539,14,4
5910,1540,13,21
5911,1540,17,23
5912,1540,0,17
5913,1540,19,8
5914,1541,21,1
5915,1541,16,2
5916,1541,8,5
5917,1541,4,22
5918,1541,16,23
5919,1542,22,12
5920,1543,12,20
5921,1544,4,5
5922,1544,19,1
5923,1544,16,7
5924,1544,16,13
5925,1545,10,9
5926,1545,10,20
5927,1545,14,16
5928,1546,5,24
5929,1546,11,8
5930,1546,4,15
5931,1546,20,16
5932,1547,8,22
5933,1547,13,20
5934,1547,9,10
5935,1547,21,10
5936,1547,23,5
5937,1548,5,4
5938,1548,8,10
5939,1548,16,24
5940,1549,5,16
5941,1549,2,24
5942,1549,1,23
5943,1549,15,18
5944,1549,19,12
5945,1549,2,19
5946,1550,14,2
5947,1550,23,3
5948,1550,4,18
5949,1550,0,14
5950,1551,5,20
5951,1551,6,12
5952,1552,14,1
5953,1552,14,5
5954,1552,7,24
5955,1552,24,20
5956,1552,13,5
5957,1552,20,8
5958,1553,8,1
5959,1553,11,18
5960,1553,9,1
5961,1553,14,21
5962,1553,24,15
5963,1553,0,19
5964,1554,2,8
5965,1554,19,23
5966,1554,0,11
5967,1554,5,3
5968,1554,10,17
5969,1554,12,19
5970,1554,21,5
5971,1555,12,21
5972,1555,17,21
5973,1555,22,4
5974,1555,7,3
5975,1555,13,6
5976,1555,11,20
5977,1555,2,8
5978,1555,13,7
5979,1555,21,7
5980,1556,13,7
5981,1556,2,0
5982,1556,9,20
5983,1556,7,11
5984,1556,2,24
5985,1556,10,4
5986,1556,3,1
5987,1556,18,10
5988,1556,20,24
5989,1556,12,23
5990,1557,5,24
5991,1557,8,22
5992,1558,2,20
5993,1558,14,2
5994,1558,1,9
5995,1558,5,14
5996,1558,18,16
5997,1559,7,21
5998,1559,7,16
5999,1559,5,21
6000,1559,3,12
6001,1560,13,20
6002,1560,0,10
6003,1560,20,22
6004,1560,19,10
6005,1562,5,14
6006,1562,9,18
6007,1562,17,0
6008,1562,6,3
6009,1562,7,15
6010,1563,10,9
6011,1563,4,22
6012,1563,8,21
6013,1564,20,3
6014,1564,17,11
6015,1564,24,10
6016,1564,6,10
6017,1564,21,14
6018,1564,9,22
6019,1565,16,5
6020,1565,18,0
6021,1565,18,11
6022,1565,8,20
6023,1565,23,3
6024,1566,2,16
6025,1566,1,4
6026,1566,19,7
6027,1566,6,14
6028,1567,4,17
6029,1567,24,8
6030,1567,21,12
6031,1567,17,23
6032,1567,14,16
6033,1567,10,0
6034,1568,10,18
6035,1568,24,8
6036,1568,22,24
6037,1568,7,10
6038,1569,5,17
6039,1569,20,19
6040,1569,15,7
6041,1569,15,21
6042,1569,2,12
6043,1569,19,9
6044,1570,0,22
6045,1570,3,15
6046,1571,7,5
6047,1571,22,0
6048,1571,10,21
6049,1571,2,18
6050,1571,20,24
6051,1572,0,17
6052,1572,4,5
6053,1572,14,24
6054,1573,17,1
6055,1573,20,4
6056,1573,21,4
6057,1573,0,24
6058,1573,22,12
6059,1573,21,11
6060,1573,3,9
6061,1574,9,24
6062,1574,24,6
6063,1575,11,13
6064,1575,5,1
6065,1575,24,13
6066,1576,14,23
6067,1576,19,8
6068,1576,11,21
6069,1576,10,23
6070,1576,3,17
6071,1577,5,15
6072,1577,13,24
6073,1577,16,10
6074,1577,23,2
6075,1577,4,7
6076,1577,6,18
6077,1578,0,11
6078,1579,3,14
6079,1579,24,11
6080,1580,7,22
6081,1580,1,8
6082,1580,2,24
6083,1580,6,20
6084,1580,1,12
6085,1581,10,7
6086,1581,2,23
6087,1582,1,5
6088,1582,14,5
6089,1582,14,12
6090,1583,10,16
6091,1583,9,22
6092,1583,7,23
6093,1583,8,10
6094,1583,10,12
6095,1583,5,3
6096,1583,8,24
6097,1584,14,15
6098,1584,24,2
6099,1584,15,18
6100,1584,20,3
6101,1584,8,20
6102,1584,11,19
6103,1585,18,8
6104,1585,10,7
6105,1585,9,23
6106,1585,4,10
6107,1585,4,21
6108,1585,16,1
6109,1586,1,12
6110,1586,16,2
6111,1587,19,0
6112,1587,11,5
6113,1587,4,0
6114,1587,4,24
6115,1588,4,18
6116,1588,18,20
6117,1588,8,12
6118,1589,18,20
6119,1589,24,6
6120,1589,10,6
6121,1590,17,13
6122,1590,12,19
6123,1590,8,16
6124,1590,4,16
6125,1591,13,19
6126,1591,20,13
6127,1591,19,23
6128,1591,13,10
6129,1591,18,7
6130,1591,6,4
6131,1592,6,10
6132,1592,15,11
6133,1592,4,11
6134,1592,4,17
6135,1592,12,16
6136,1592,17,14
6137,1592,3,20
6138,1593,15,13
6139,1593,12,22
6140,1593,16,20
6141,1594,21,14
6142,1594,6,12
6143,1594,3,14
6144,1594,13,10
6145,1595,7,17
6146,1595,6,23
6147,1595,1,18
6148,1595,23,14
6149,1596,16,24
6150,1596,7,10
6151,1597,7,5
6152,1598,14,11
6153,1598,10,24
6154,1598,16,22
6155,1598,0,7
6156,1598,16,24
6157,1599,12,14
6158,1599,0,4
6159,1599,21,1
6160,1599,3,19
6161,1600,14,6
6162,1600,15,19
6163,1600,4,23
6164,1600,18,3
6165,1601,19,23
6166,1601,8,12
6167,1601,17,24
6168,1602,12,5
6169,1602,18,22
6170,1603,24,14
6171,1603,22,18
6172,1603,17,10
6173,1604,12,24
6174,1604,13,7
6175,1604,3,24
6176,1604,10,12
6177,1604,15,7
6178,1605,15,22
6179,1605,16,6
6180,1605,6,2
6181,1606,10,22
6182,1606,12,19
6183,1606,11,15
6184,1606,2,12
6185,1607,22,3
6186,1607,16,23
6187,1607,9,10
6188,1608,14,4
6189,1608,24,4
6190,1608,15,13
6191,1608,13,20
6192,1608,11,3
6193,1609,24,14
6194,1609,18,14
6195,1609,10,20
6196,1609,11,7
6197,1609,20,7
6198,1610,2,12
6199,1611,2,18
6200,1611,10,7
6201,1611,13,1
6202,1612,15,21
6203,1612,16,13
6204,1612,21,19
6205,1612,6,18
6206,1612,3,11
6207,1613,24,17
6208,1613,13,23
6209,1613,7,0
6210,1613,13,10
6211,1613,12,3
6212,1613,13,15
6213,1613,22,5
6214,1613,0,8
6215,1613,11,2
6216,1614,24,3
6217,1614,13,22
6218,1615,18,21
6219,1615,23,17
6220,1615,4,0
6221,1616,10,0
6222,1616,12,23
6223,1616,10,9
6224,1616,18,15
6225,1616,8,18
6226,1617,17,5
6227,1617,18,10
6228,1617,12,1
6229,1617,10,17
6230,1617,17,1
6231,1617,2,10
6232,1617,10,7
6233,1617,23,12
6234,1618,16,12
6235,1618,15,8
6236,1618,22,12
6237,1618,19,13
6238,1619,19,10
6239,1619,9,19
6240,1619,6,3
6241,1619,3,16
6242,1621,0,6
6243,1621,3,13
6244,1621,1,7
6245,1622,6,17
6246,1622,10,17
6247,1622,4,23
6248,1623,9,6
6249,1623,9,23
6250,1623,17,0
6251,1623,19,10
6252,1624,15,21
6253,1624,21,9
6254,1624,20,24
6255,1624,17,19
6256,1625,6,16
6257,1625,0,3
6258,1626,0,13
6259,1626,15,18
6260,1626,6,14
6261,1627,9,21
6262,1627,4,22
6263,1627,9,23
6264,1627,13,7
6265,1627,10,12
6266,1627,9,5
6267,1627,14,24
6268,1628,16,19
6269,1628,23,7
6270,1628,2,10
6271,1629,20,10
6272,1629,17,2
6273,1629,7,4
6274,1629,6,20
6275,1630,11,13
6276,1630,6,8
6277,1631,7,22
6278,1631,23,0
6279,1631,1,21
6280,1631,8,0
6281,1631,17,6
6282,1632,19,5
6283,1632,15,3
6284,1633,11,9
6285,1633,1,5
6286,1633,19,1
6287,1633,3,5
6288,1634,22,14
6289,1634,15,19
6290,1634,20,23
6291,1635,6,23
6292,1635,20,17
6293,1635,11,5
6294,1635,7,20
6295,1635,18,9
6296,1635,15,12
6297,1636,19,7
6298,1636,12,1
6299,1636,7,3
6300,1637,12,10
6301,1637,8,14
6302,1637,17,2
6303,1637,10,20
6304,1637,20,3
6305,1637,24,20
6306,1638,8,1
6307,1638,5,17
6308,1639,19,4
6309,1639,21,5
6310,1639,2,5
6311,1639,16,9
6312,1639,7,1
6313,1639,8,0
6314,1639,18,4
6315,1640,4,19
6316,1640,1,17
6317,1640,2,18
6318,1640,3,12
6319,1640,12,4
6320,1641,19,2
6321,1641,3,10
6322,1643,18,0
6323,1643,21,3
6324,1644,11,24
6325,1644,3,9
6326,1644,11,1
6327,1644,6,2
6328,1644,4,19
6329,1645,10,6
6330,1645,16,18
6331,1645,23,21
6332,1646,15,17
6333,1646,20,1
6334,1646,24,12
6335,1647,10,24
6336,1647,8,17
6337,1647,14,7
6338,1647,13,17
6339,1649,20,10
6340,1649,14,17
6341,1649,14,12
6342,1649,15,7
6343,1649,14,21
6344,1650,13,7
6345,1650,1,10
6346,1650,17,19
6347,1650,22,1
6348,1650,5,18
6349,1650,8,1
6350,1651,20,6
6351,1651,20,5
6352,1651,9,6
6353,1651,22,7
6354,1651,15,3
6355,1651,0,15
6356,1651,4,2
6357,1651,21,3
6358,1652,10,19
6359,1652,12,6
6360,1652,5,15
6361,1652,22,19
6362,1653,13,11
6363,1653,20,19
6364,1654,3,1
6365,1654,13,16
6366,1654,24,22
6367,1654,24,18
6368,1654,19,12
6369,1654,19,8
6370,1654,4,6
6371,1656,17,15
6372,1656,14,11
6373,1656,10,13
6374,1656,13,0
6375,1656,2,16
6376,1657,22,18
6377,1657,1,7
6378,1657,19,7
6379,1658,2,10
6380,1658,23,16
6381,1658,2,9
6382,1658,12,2
6383,1658,12,15
6384,1659,14,11
6385,1660,9,19
6386,1660,9,11
6387,1660,14,2
6388,1661,13,19
6389,1661,12,1
6390,1661,13,20
6391,1662,3,24
6392,1662,0,16
6393,1662,4,24
6394,1662,0,21
6395,1662,6,18
6396,1662,0,9
6397,1663,16,10
6398,1663,22,16
6399,1663,8,21
6400,1663,19,5
6401,1663,20,19
6402,1664,10,17
6403,1664,11,7
6404,1664,12,20
6405,1664,24,5
6406,1664,17,19
6407,1665,4,23
6408,1665,2,23
6409,1665,0,22
6410,1666,20,13
6411,1667,23,15
6412,1667,19,15
6413,1667,4,0
6414,1667,1,16
6415,1667,20,14
6416,1668,8,16
6417,1668,12,6
6418,1668,18,10
6419,1668,19,2
6420,1668,16,20
6421,1668,5,20
6422,1669,24,7
6423,1669,7,20
6424,1669,13,24
6425,1670,3,1
6426,1670,17,14
6427,1670,8,10
6428,1670,10,23
6429,1670,9,7
6430,1670,1,3
6431,1671,8,14
6432,1671,8,15
6433,1671,22,8
6434,1672,23,12
6435,1672,18,11
6436,1672,2,4
6437,1672,21,2
6438,1672,2,11
6439,1673,5,7
6440,1674,15,7
6441,1675,3,16
6442,1675,11,0
6443,1675,24,10
6444,1676,3,14
6445,1676,0,23
6446,1676,0,14
6447,1677,21,8
6448,1677,12,19
6449,1677,6,24
6450,1677,17,14
6451,1677,13,17
6452,1677,17,21
6453,1677,2,23
6454,1677,6,2
6455,1677,1,14
6456,1677,21,6
6457,1678,23,2
6458,1678,14,11
6459,1678,3,11
6460,1679,16,0
6461,1679,10,0
6462,1679,2,18
6463,1680,4,2
6464,1680,3,1
6465,1680,12,20
6466,1680,11,14
6467,1681,24,18
6468,1681,1,16
6469,1681,21,0
6470,1681,5,23
6471,1681,12,3
6472,1681,0,24
6473,1682,10,7
6474,1682,22,15
6475,1682,21,0
6476,1682,7,5
6477,1683,4,18
6478,1683,4,2
6479,1683,20,23
6480,1683,9,2
6481,1683,8,12
6482,1683,17,9
6483,1683,8,15
6484,1683,8,24
6485,1684,18,16
6486,1685,8,20
6487,1685,17,0
6488,1687,5,8
6489,1687,15,5
6490,1687,5,17
6491,1688,17,4
6492,1688,10,4
6493,1688,0,6
6494,1688,14,3
6495,1689,16,24
6496,1689,20,3
6497,1690,17,19
6498,1690,7,14
6499,1690,10,13
6500,1691,10,13
6501,1691,24,21
6502,1691,21,15
6503,1691,11,1
6504,1691,13,9
6505,1692,21,3
6506,1692,10,18
6507,1692,2,23
6508,1693,24,7
6509,1693,13,1
6510,1693,21,10
6511,1694,18,8
6512,1694,21,24
6513,1694,8,20
6514,1694,11,18
6515,1694,7,22
6516,1695,7,11
6517,1695,14,17
6518,1695,14,20
6519,1697,19,15
6520,1697,18,24
6521,1697,5,11
6522,1697,1,19
6523,1697,15,8
6524,1697,1,15
6525,1697,1,23
6526,1697,23,11
6527,1698,2,15
6528,1698,0,14
6529,1698,0,6
6530,1698,14,17
6531,1699,17,21
6532,1699,23,19
6533,1699,6,21
6534,1699,22,0
6535,1699,7,5
6536,1699,0,24
6537,1700,3,15
6538,1700,18,16
6539,1700,17,21
6540,1700,8,1
6541,1700,6,9
6542,1701,7,14
6543,1701,15,17
6544,1701,11,20
6545,1701,21,10
6546,1701,8,17
6547,1701,17,5
6548,1701,0,20
6549,1702,10,7
6550,1702,0,10
6551,1702,11,23
6552,1703,5,16
6553,1703,24,13
6554,1703,16,8
6555,1703,15,22
6556,1703,24,12
6557,1703,21,4
6558,1703,3,20
6559,1704,10,6
6560,1704,2,4
6561,1705,18,16
6562,1705,13,7
6563,1705,20,6
6564,1705,10,14
6565,1706,0,16
6566,1706,24,8
6567,1706,9,12
6568,1706,21,5
6569,1706,19,0
6570,1707,0,17
6571,1707,0,24
6572,1707,20,14
6573,1707,18,11
6574,1707,7,18
6575,1708,14,22
6576,1708,6,22
6577,1708,19,16
6578,1708,9,7
6579,1708,12,24
6580,1709,8,4
6581,1709,11,8
6582,1709,2,23
6583,1709,9,13
6584,1709,2,0
6585,1710,22,12
6586,1710,2,17
6587,1711,3,16
6588,1711,22,12
6589,1711,17,21
6590,1711,16,10
6591,1711,12,14
6592,1712,20,5
6593,1712,12,23
6594,1712,5,24
6595,1712,16,18
6596,1712,5,1
6597,1713,18,21
6598,1713,5,12
6599,1713,17,7
6600,1713,6,3
6601,1713,4,11
6602,1713,18,22
6603,1714,3,14
6604,1714,20,22
6605,1714,9,5
6606,1714,12,21
6607,1715,2,15
6608,1715,2,13
6609,1715,16,12
6610,1716,9,11
6611,1716,22,8
6612,1716,22,24
6613,1716,6,9
6614,1716,17,11
6615,1716,14,23
6616,1717,23,0
6617,1717,7,24
6618,1717,17,1
6619,1717,13,5
6620,1717,7,15
6621,1717,0,22
6622,1717,13,19
6623,1718,15,5
6624,1718,13,4
6625,1719,15,2
6626,1719,18,14
6627,1720,19,0
6628,1720,8,0
6629,1721,15,1
6630,1721,15,23
6631,1721,23,13
6632,1721,21,11
6633,1721,8,16
6634,1721,21,13
6635,1721,8,22
6636,1721,3,23
6637,1722,14,6
6638,1722,22,0
6639,1722,9,17
6640,1722,6,22
6641,1723,19,13
6642,1723,23,21
6643,1723,9,1
6644,1723,19,9
6645,1723,13,4
6646,1723,22,15
6647,1724,17,1
6648,1724,24,14
6649,1724,17,7
6650,1724,17,0
6651,1725,19,13
6652,1725,16,24
6653,1726,5,23
6654,1726,20,18
6655,1726,8,2
6656,1726,15,21
6657,1726,9,23
6658,1727,9,1
6659,1727,23,17
6660,1728,2,21
6661,1728,4,23
6662,1728,7,11
6663,1728,11,2
6664,1728,0,23
6665,1729,13,5
6666,1730,4,7
6667,1730,24,4
6668,1730,22,6
6669,1730,14,22
6670,1731,4,15
6671,1731,2,10
6672,1731,23,14
6673,1731,8,14
6674,1732,21,10
6675,1733,3,20
6676,1733,10,12
6677,1733,5,18
6678,1734,1,23
6679,1734,15,23
6680,1735,16,22
6681,1736,3,9
6682,1736,20,1
6683,1736,1,12
6684,1736,11,1
6685,1736,4,22
6686,1736,21,3
6687,1736,6,14
6688,1736,19,0
6689,1737,15,2
6690,1737,18,11
6691,1737,13,9
6692,1737,5,4
6693,1737,8,12
6694,1737,18,1
6695,1737,14,7
6696,1737,19,5
6697,1738,22,18
6698,1738,20,19
6699,1739,4,14
6700,1739,0,9
6701,1739,23,5
6702,1739,7,9
6703,1739,21,17
6704,1739,3,12
6705,1740,14,12
6706,1740,14,22
6707,1740,8,1
6708,1740,3,5
6709,1740,2,5
6710,1740,22,2
6711,1741,22,13
6712,1741,18,20
6713,1742,21,18
6714,1742,3,7
6715,1742,21,19
6716,1743,1,17
6717,1743,19,15
6718,1743,23,11
6719,1743,5,15
6720,1743,13,16
6721,1744,20,19
6722,1744,2,19
6723,1744,15,12
6724,1744,6,12
6725,1744,21,10
6726,1745,0,13
6727,1745,23,7
6728,1745,24,12
6729,1745,8,16
6730,1745,9,23
6731,1746,13,24
6732,1746,13,15
6733,1746,15,3
6734,1746,1,18
6735,1746,21,7
6736,1746,16,12
6737,1747,5,7
6738,1747,12,3
6739,1747,0,7
6740,1747,18,1
6741,1748,20,4
6742,1748,14,3
6743,1748,0,4
6744,1748,6,16
6745,1748,1,11
6746,1748,21,14
6747,1748,13,6
6748,1749,17,7
6749,1749,14,8
6750,1749,23,9
6751,1749,20,23
6752,1749,24,18
6753,1750,11,7
6754,1750,16,4
6755,1751,3,23
6756,1751,4,21
6757,1751,12,20
6758,1751,1,20
6759,1751,4,21
6760,1752,18,8
6761,1752,20,2
6762,1752,1,13
6763,1752,7,3
6764,1752,18,4
6765,1752,11,0
6766,1752,10,13
6767,1752,4,15
6768,1752,18,3
6769,1752,2,17
6770,1753,19,1
6771,1754,16,20
6772,1754,4,22
6773,1754,9,0
6774,1755,20,6
6775,1755,21,11
6776,1756,12,22
6777,1756,11,19
6778,1756,11,2
6779,1756,1,3
6780,1756,5,21
6781,1757,6,4
6782,1757,16,20
6783,1757,10,9
6784,1758,5,15
6785,1758,4,24
6786,1758,8,14
6787,1758,9,13
6788,1759,17,3
6789,1759,15,11
6790,1760,11,15
6791,1760,20,10
6792,1760,11,23
6793,1761,7,0
6794,1761,0,23
6795,1761,3,15
6796,1761,19,12
6797,1761,21,7
6798,1761,12,5
6799,1762,13,20
6800,1762,5,12
6801,1762,22,18
6802,1762,20,2
6803,1762,5,2
6804,1762,13,3
6805,1762,20,1
6806,1763,6,17
6807,1763,19,20
6808,1764,20,12
6809,1764,22,10
6810,1764,4,6
6811,1765,3,0
6812,1765,11,5
6813,1765,20,8
6814,1766,2,18
6815,1766,5,2
6816,1766,23,10
6817,1766,20,19
6818,1766,12,14
6819,1766,20,3
6820,1766,9,19
6821,1767,20,9
6822,1767,1,11
6823,1767,18,1
6824,1767,16,20
6825,1767,2,16
6826,1767,16,22
6827,1768,5,24
6828,1768,8,14
6829,1769,3,15
6830,1769,7,3
6831,1769,16,2
6832,1769,22,9
6833,1770,20,1
6834,1770,3,23
6835,1770,13,11
6836,1770,15,18
6837,1770,3,23
6838,1770,1,17
6839,1770,22,8
6840,1770,16,2
6841,1771,23,7
6842,1771,8,21
6843,1771,24,7
6844,1771,0,10
6845,1772,6,24
6846,1772,16,23
6847,1772,21,18
6848,1772,2,14
6849,1773,11,20
6850,1773,15,17
6851,1773,11,18
6852,1773,2,13
6853,1774,15,18
6854,1775,21,14
6855,1776,21,10
6856,1776,24,6
6857,1776,7,23
6858,1777,14,15
6859,1777,20,8
6860,1777,11,17
6861,1777,24,12
6862,1777,11,23
6863,1777,11,15
6864,1778,3,6
6865,1779,3,10
6866,1779,7,21
6867,1779,10,2
6868,1779,6,17
6869,1779,4,17
6870,1780,15,4
6871,1780,1,7
6872,1781,11,17
6873,1781,2,23
6874,1781,2,16
6875,1781,13,20
6876,1781,11,24
6877,1782,7,14
6878,1782,18,7
6879,1783,0,13
6880,1783,4,10
6881,1784,11,13
6882,1784,0,6
6883,1784,16,23
6884,1784,2,21
6885,1784,1,18
6886,1784,22,11
6887,1784,22,13
6888,1785,21,9
6889,1785,22,24
6890,1786,12,3
6891,1786,19,17
6892,1786,14,5
6893,1786,8,21
6894,1787,21,14
6895,1787,13,0
6896,1787,12,18
6897,1788,18,1
6898,1788,14,3
6899,1788,23,0
6900,1788,18,6
6901,1789,17,1
6902,1789,1,18
6903,1789,14,17
6904,1790,11,22
6905,1790,10,24
6906,1790,16,1
6907,1790,3,15
6908,1790,23,4
6909,1791,16,19
6910,1791,10,4
6911,1791,13,23
6912,1791,1,15
6913,1792,20,8
6914,1792,19,4
6915,1793,10,7
6916,1793,11,5
6917,1793,22,0
6918,1795,8,1
6919,1795,4,11
6920,1795,13,11
6921,1796,2,17
6922,1796,23,10
6923,1796,22,24
6924,1796,23,19
6925,1796,19,12
6926,1796,12,1
6927,1797,1,9
6928,1797,7,10
6929,1797,18,6
6930,1797,4,0
6931,1797,6,2
6932,1798,19,6
6933,1798,2,14
6934,1798,6,9
6935,1798,5,14
6936,1798,22,2
6937,1799,17,23
