veh_id,t_depart,origin,dest
0,0,16,5
1,0,16,24
2,0,19,22
3,0,17,23
4,0,18,5
5,0,9,0
6,0,23,8
7,0,11,21
8,1,3,20
9,1,20,8
10,1,8,15
11,1,2,22
12,1,19,10
13,1,17,20
14,2,14,4
15,2,24,13
16,3,23,6
17,3,5,24
18,3,1,16
19,4,11,4
20,4,19,15
21,4,19,12
22,4,17,0
23,4,13,16
24,5,3,22
25,5,22,15
26,5,0,13
27,6,22,1
28,6,4,14
29,6,24,9
30,7,11,22
31,7,14,5
32,7,11,3
33,8,20,5
34,8,13,5
35,8,14,12
36,8,19,12
37,8,21,14
38,8,24,10
39,8,24,10
40,8,19,22
41,9,7,24
42,9,13,10
43,10,18,3
44,10,17,1
45,10,11,19
46,10,20,6
47,10,13,10
48,10,16,20
49,10,11,9
50,11,20,7
51,11,10,17
52,11,23,8
53,11,16,5
54,11,9,2
55,11,1,18
56,11,13,16
57,12,19,4
58,13,20,19
59,13,3,18
60,13,23,21
61,13,17,9
62,13,6,17
63,14,12,19
64,14,5,20
65,14,8,12
66,14,1,3
67,14,23,21
68,14,1,17
69,15,9,15
70,15,1,7
71,16,12,9
72,16,5,17
73,16,13,2
74,17,5,19
75,17,15,22
76,18,17,6
77,18,2,11
78,18,19,17
79,18,11,19
80,19,16,19
81,19,3,12
82,19,9,6
83,19,3,24
84,20,2,19
85,20,0,2
86,20,13,6
87,20,8,18
88,20,20,4
89,20,7,21
90,21,21,8
91,21,13,4
92,21,4,21
93,21,17,10
94,21,19,1
95,21,2,23
96,22,7,23
97,22,24,17
98,23,21,6
99,23,3,21
100,23,23,5
101,23,19,7
102,24,6,23
103,24,16,8
104,24,15,12
105,25,0,23
106,25,2,15
107,25,14,4
108,25,24,8
109,25,0,3
110,25,7,5
111,26,15,7
112,26,7,18
113,27,16,6
114,27,0,23
115,27,21,11
116,27,14,21
117,27,18,9
118,27,10,12
119,28,16,7
120,28,21,8
121,28,16,14
122,29,5,3
123,29,6,17
124,29,24,9
125,29,14,23
126,29,14,0
127,30,8,15
128,30,11,5
129,30,0,23
130,30,10,23
131,30,10,9
132,31,7,18
133,31,5,21
134,31,21,11
135,32,5,16
136,32,19,9
137,33,8,0
138,33,2,5
139,33,24,14
140,34,1,14
141,34,5,2
142,35,22,7
143,35,1,7
144,35,1,12
145,35,14,11
146,36,4,14
147,36,11,8
148,36,10,8
149,37,7,9
150,37,8,6
151,37,12,22
152,37,0,23
153,38,22,2
154,38,10,17
155,38,10,24
156,38,12,6
157,38,22,4
158,39,0,21
159,39,15,18
160,39,1,24
161,39,21,23
162,39,19,6
163,40,22,10
164,40,2,14
165,41,18,4
166,41,20,4
167,41,2,5
168,41,16,1
169,41,4,1
170,42,7,4
171,42,8,5
172,42,9,18
173,42,5,12
174,42,15,24
175,42,24,7
176,42,3,15
177,43,11,5
178,43,8,4
179,43,20,0
180,43,21,12
181,43,22,20
182,43,13,6
183,44,14,24
184,45,13,16
185,45,1,8
186,46,9,6
187,46,23,2
188,46,10,14
189,46,2,17
190,47,12,4
191,47,4,24
192,47,17,5
193,47,6,13
194,47,12,5
195,48,0,10
196,48,23,20
197,49,3,18
198,49,21,6
199,49,2,8
200,49,10,12
201,49,21,23
202,50,13,10
203,50,13,6
204,50,7,24
205,50,4,10
206,50,8,4
207,51,14,3
208,51,17,14
209,52,19,11
210,52,3,21
211,52,23,11
212,52,4,22
213,52,21,18
214,53,21,11
215,53,13,15
216,53,0,13
217,53,21,19
218,53,0,13
219,53,23,14
220,54,14,10
221,54,17,14
222,54,6,12
223,54,12,10
224,55,13,5
225,55,16,0
226,55,4,14
227,55,15,21
228,56,0,3
229,56,21,13
230,56,7,20
231,56,20,12
232,56,15,23
233,56,8,24
234,56,11,4
235,56,11,18
236,56,24,2
237,56,10,19
238,57,23,15
239,57,22,4
240,57,0,11
241,57,2,23
242,57,6,14
243,58,19,3
244,58,2,20
245,59,16,24
246,59,18,15
247,59,8,19
248,59,8,1
249,59,10,24
250,59,6,4
251,60,20,22
252,60,22,16
253,60,23,14
254,60,10,12
255,60,0,13
256,60,18,11
257,61,17,20
258,61,13,1
259,61,7,3
260,62,9,6
261,62,24,20
262,62,5,20
263,62,11,23
264,62,2,17
265,62,12,5
266,63,19,23
267,63,2,14
268,63,9,6
269,63,0,10
270,63,4,8
271,63,8,19
272,63,4,13
273,64,14,15
274,65,15,23
275,65,20,11
276,65,14,10
277,66,23,13
278,66,0,3
279,66,9,18
280,66,10,7
281,66,8,6
282,67,24,10
283,67,24,7
284,67,8,20
285,67,24,22
286,68,7,5
287,68,2,8
288,69,10,9
289,69,10,18
290,69,5,12
291,69,7,5
292,69,16,4
293,70,14,0
294,70,12,5
295,70,12,14
296,70,24,7
297,70,9,5
298,71,24,3
299,71,1,4
300,71,4,22
301,72,19,5
302,72,19,3
303,73,19,2
304,73,3,12
305,74,18,11
306,74,20,4
307,75,21,8
308,75,15,21
309,75,8,0
310,76,22,2
311,76,9,13
312,76,23,0
313,76,17,5
314,76,20,2
315,76,12,19
316,78,21,4
317,78,17,11
318,78,23,11
319,78,0,16
320,79,20,8
321,79,4,10
322,79,2,10
323,80,2,9
324,80,4,6
325,80,7,14
326,81,19,22
327,82,21,14
328,83,10,20
329,83,12,9
330,83,0,20
331,83,0,13
332,83,5,21
333,83,3,5
334,84,12,0
335,84,3,15
336,84,8,11
337,85,14,12
338,85,21,19
339,86,1,3
340,86,16,3
341,86,14,24
342,86,18,20
343,86,6,20
344,86,9,17
345,87,14,17
346,87,15,5
347,87,9,10
348,87,0,23
349,87,11,7
350,89,2,0
351,89,22,9
352,89,4,16
353,89,15,14
354,89,24,0
355,89,0,24
356,89,8,20
357,90,12,20
358,90,23,6
359,90,1,18
360,90,9,7
361,90,4,2
362,90,8,10
363,91,4,2
364,92,14,23
365,92,1,5
366,92,17,9
367,92,9,7
368,92,5,14
369,92,14,1
370,93,3,12
371,93,17,23
372,93,4,1
373,93,14,4
374,94,14,4
375,94,8,1
376,94,13,16
377,94,14,0
378,94,15,5
379,95,20,18
380,95,19,4
381,95,21,6
382,96,2,10
383,96,16,1
384,96,18,4
385,97,10,21
386,98,4,0
387,98,22,0
388,98,4,8
389,98,5,19
390,98,22,8
391,98,12,16
392,98,8,20
393,99,3,18
394,99,6,20
395,99,6,16
396,99,24,6
397,99,17,11
398,100,13,10
399,100,13,19
400,100,4,18
401,100,0,13
402,101,15,18
403,101,8,17
404,101,17,14
405,101,6,19
406,102,6,21
407,102,8,4
408,102,10,21
409,102,1,23
410,103,5,4
411,103,9,3
412,103,22,13
413,103,8,22
414,103,0,12
415,103,19,5
416,103,24,20
417,103,11,19
418,104,23,0
419,104,22,24
420,104,5,2
421,104,19,8
422,104,18,15
423,104,14,18
424,105,19,8
425,105,19,16
426,105,16,24
427,105,1,16
428,105,10,7
429,105,2,10
430,106,14,2
431,106,10,14
432,106,14,1
433,107,24,3
434,107,19,16
435,107,6,2
436,107,14,20
437,108,0,13
438,108,0,12
439,108,23,20
440,108,20,16
441,109,8,10
442,109,0,6
443,109,20,7
444,110,11,24
445,110,5,19
446,110,12,18
447,110,19,11
448,110,16,3
449,110,16,7
450,110,4,18
451,110,16,9
452,111,1,14
453,111,7,5
454,111,5,8
455,111,7,10
456,111,10,16
457,111,10,17
458,112,5,1
459,112,18,22
460,112,18,9
461,112,8,1
462,113,9,16
463,113,3,22
464,113,14,10
465,114,0,18
466,114,11,1
467,114,20,4
468,115,5,18
469,115,12,16
470,116,15,3
471,117,19,0
472,117,2,13
473,117,8,2
474,117,11,19
475,118,14,1
476,118,2,0
477,119,15,14
478,119,5,8
479,120,15,12
480,120,10,16
481,121,15,17
482,121,22,8
483,122,22,5
484,122,13,20
485,122,19,3
486,122,0,18
487,123,20,23
488,123,20,7
489,123,21,23
490,123,17,14
491,124,16,14
492,124,11,5
493,124,1,18
494,124,20,23
495,124,5,17
496,124,0,12
497,124,4,0
498,125,0,12
499,125,20,1
500,125,3,11
501,125,9,6
502,126,15,3
503,126,6,16
504,126,18,14
505,126,14,17
506,127,24,12
507,127,1,19
508,127,3,5
509,127,19,4
510,128,22,2
511,128,18,14
512,128,12,10
513,128,18,9
514,128,14,22
515,128,3,1
516,129,23,3
517,129,16,18
518,129,14,5
519,130,11,7
520,130,18,7
521,130,18,0
522,130,18,20
523,130,20,5
524,130,22,10
525,130,23,1
526,130,22,8
527,131,10,19
528,131,7,24
529,131,2,18
530,131,3,17
531,131,7,15
532,131,1,5
533,132,13,5
534,132,21,11
535,132,6,16
536,132,12,3
537,132,12,15
538,132,14,4
539,132,9,18
540,132,10,9
541,133,4,12
542,133,19,15
543,134,15,18
544,134,20,22
545,135,7,4
546,135,3,20
547,135,18,24
548,136,8,10
549,137,7,22
550,137,3,15
551,137,14,7
552,137,13,24
553,138,1,19
554,138,10,1
555,138,8,11
556,138,5,13
557,139,17,23
558,139,0,21
559,139,8,5
560,140,7,18
561,140,13,17
562,140,5,2
563,141,11,8
564,142,24,20
565,142,7,20
566,142,6,24
567,143,3,16
568,143,21,2
569,143,0,16
570,143,3,21
571,143,16,7
572,144,1,18
573,144,18,14
574,144,10,20
575,145,18,10
576,145,16,22
577,145,0,2
578,145,14,24
579,147,13,0
580,147,9,17
581,147,0,6
582,147,24,21
583,148,2,12
584,148,4,22
585,148,7,10
586,148,3,22
587,149,10,22
588,149,6,14
589,149,17,2
590,149,19,20
591,149,19,5
592,149,12,18
593,149,5,14
594,150,13,20
595,150,21,17
596,150,13,1
597,151,1,16
598,151,21,13
599,151,4,14
600,151,21,14
601,152,10,12
602,152,13,2
603,152,12,24
604,152,15,18
605,153,10,20
606,153,13,5
607,153,20,9
608,153,2,4
609,153,9,1
610,153,6,0
611,153,10,20
612,154,13,6
613,154,16,0
614,154,17,20
615,154,7,0
616,154,5,4
617,154,0,13
618,155,2,12
619,155,13,19
620,155,4,17
621,155,15,23
622,155,23,21
623,155,12,22
624,155,5,15
625,156,1,17
626,156,10,2
627,156,0,23
628,156,0,10
629,156,21,6
630,156,24,3
631,156,6,15
632,156,6,14
633,157,10,8
634,157,24,11
635,157,16,23
636,157,9,20
637,158,3,1
638,158,6,9
639,158,24,6
640,158,14,1
641,158,24,16
642,159,10,3
643,159,24,14
644,159,6,23
645,159,12,5
646,160,24,11
647,160,7,4
648,160,8,5
649,161,4,8
650,161,19,10
651,161,23,9
652,161,16,0
653,162,16,7
654,162,15,5
655,162,13,24
656,162,12,22
657,163,0,20
658,163,15,18
659,163,5,23
660,164,8,21
661,164,11,15
662,165,20,14
663,165,21,11
664,165,10,24
665,165,16,23
666,165,9,12
667,165,9,21
668,166,14,22
669,166,14,20
670,166,20,8
671,166,22,0
672,167,1,16
673,167,5,3
674,167,24,18
675,167,12,22
676,167,15,6
677,167,8,24
678,168,10,13
679,169,24,11
680,169,14,23
681,169,22,9
682,170,4,11
683,170,18,4
684,171,16,9
685,171,1,4
686,171,14,3
687,172,23,16
688,172,7,1
689,172,8,18
690,172,1,19
691,172,7,21
692,173,11,22
693,173,14,5
694,173,21,15
695,174,9,17
696,174,13,23
697,174,0,6
698,174,6,9
699,174,12,19
700,174,18,2
701,174,23,11
702,174,7,5
703,175,8,5
704,175,4,10
705,175,1,5
706,175,2,5
707,176,16,4
708,176,19,15
709,176,7,5
710,176,22,2
711,176,3,5
712,177,13,0
713,177,19,20
714,178,8,15
715,178,11,24
716,179,22,9
717,179,21,5
718,180,4,14
719,180,23,5
720,180,20,0
721,180,14,17
722,181,24,3
723,181,1,10
724,181,19,23
725,181,15,0
726,182,2,8
727,182,17,0
728,182,6,20
729,182,14,12
730,182,14,22
731,182,18,12
732,183,3,24
733,183,15,1
734,183,9,6
735,183,18,22
736,184,16,23
737,184,5,24
738,184,1,14
739,184,24,14
740,185,1,23
741,185,11,13
742,185,3,9
743,185,6,19
744,185,21,17
745,185,15,14
746,185,9,19
747,186,23,21
748,186,11,1
749,186,23,14
750,186,8,1
751,187,1,23
752,187,24,15
753,187,22,19
754,187,12,0
755,188,9,10
756,188,14,8
757,188,19,17
758,189,18,3
759,189,3,1
760,189,3,19
761,189,11,13
762,190,0,9
763,190,14,3
764,191,22,1
765,191,3,9
766,191,12,8
767,191,4,5
768,192,17,21
769,192,11,5
770,192,9,23
771,192,24,3
772,193,13,10
773,193,13,5
774,193,22,14
775,193,9,3
776,193,11,24
777,193,0,8
778,194,21,23
779,194,2,10
780,194,16,2
781,194,23,6
782,194,18,7
783,194,24,15
784,194,6,17
785,195,0,14
786,195,19,7
787,195,23,9
788,195,23,1
789,196,14,17
790,196,11,2
791,196,5,23
792,196,19,21
793,196,23,17
794,196,9,17
795,197,24,10
796,197,5,16
797,198,8,23
798,198,10,13
799,198,21,8
800,198,2,22
801,198,12,21
802,198,18,12
803,199,5,17
804,199,7,9
805,199,3,22
806,199,4,21
807,200,24,15
808,200,9,12
809,200,6,15
810,201,17,2
811,201,8,24
812,201,24,0
813,201,6,8
814,201,15,17
815,201,13,0
816,202,12,14
817,202,18,8
818,202,2,4
819,202,13,3
820,203,4,0
821,203,3,24
822,203,22,5
823,203,23,12
824,204,19,3
825,204,12,8
826,205,12,6
827,205,6,21
828,205,0,23
829,205,22,7
830,206,22,4
831,206,14,20
832,206,4,5
833,206,19,3
834,206,20,24
835,207,13,2
836,207,10,0
837,208,23,20
838,208,21,9
839,208,6,8
840,208,1,24
841,208,11,0
842,209,9,19
843,210,23,1
844,210,10,3
845,210,10,9
846,211,4,1
847,211,8,6
848,212,10,0
849,212,7,5
850,212,12,8
851,212,18,3
852,212,22,6
853,212,22,9
854,212,12,18
855,213,10,13
856,213,22,7
857,213,6,22
858,214,2,12
859,214,4,24
860,214,5,21
861,214,14,6
862,214,3,9
863,214,10,8
864,214,24,22
865,215,5,14
866,215,22,24
867,216,8,17
868,216,12,10
869,216,1,13
870,216,24,3
871,217,1,23
872,217,13,16
873,218,17,0
874,218,20,13
875,218,3,10
876,218,22,16
877,218,5,3
878,218,8,4
879,219,19,10
880,219,12,1
881,220,18,5
882,220,10,21
883,220,11,5
884,220,11,13
885,220,22,7
886,220,21,24
887,221,18,21
888,221,19,12
889,221,12,8
890,221,9,0
891,221,7,4
892,221,19,15
893,221,5,20
894,221,2,21
895,222,8,19
896,222,13,1
897,222,15,5
898,222,23,2
899,222,6,15
900,222,22,10
901,223,5,13
902,223,11,13
903,223,18,10
904,223,17,7
905,223,12,0
906,223,12,14
907,223,13,7
908,224,12,18
909,224,1,22
910,224,18,1
911,224,16,24
912,224,10,22
913,225,18,8
914,225,14,22
915,225,14,7
916,225,6,24
917,225,10,21
918,226,8,16
919,226,7,5
920,226,15,17
921,226,17,13
922,226,10,19
923,226,8,24
924,226,23,20
925,227,13,17
926,227,6,4
927,228,0,2
928,228,21,13
929,228,21,2
930,228,0,23
931,228,6,12
932,229,7,3
933,229,7,19
934,229,8,21
935,229,6,22
936,229,19,12
937,229,18,10
938,230,16,4
939,230,24,15
940,230,18,5
941,231,8,21
942,231,10,7
943,231,23,5
944,231,8,14
945,232,11,4
946,232,9,16
947,232,19,7
948,233,13,24
949,233,16,9
950,233,22,19
951,233,7,22
952,233,5,20
953,233,3,11
954,233,16,12
955,234,12,19
956,234,12,16
957,235,2,8
958,236,22,12
959,236,19,16
960,237,16,1
961,237,20,2
962,237,20,13
963,237,0,3
964,237,24,5
965,237,3,22
966,237,3,12
967,238,12,2
968,238,20,18
969,238,7,21
970,238,5,21
971,239,15,11
972,239,15,7
973,239,15,12
974,239,14,2
975,240,4,10
976,240,22,11
977,241,7,3
978,241,10,16
979,241,13,7
980,241,4,24
981,241,15,14
982,242,12,2
983,242,7,11
984,242,21,23
985,243,20,3
986,244,5,20
987,245,17,13
988,245,7,19
989,245,7,11
990,246,21,3
991,246,19,4
992,247,14,17
993,247,21,13
994,247,21,14
995,247,5,22
996,248,4,13
997,248,17,6
998,249,20,11
999,249,2,17
1000,249,6,2
1001,249,4,6
1002,250,7,10
1003,250,14,10
1004,250,2,18
1005,251,19,2
1006,251,2,13
1007,251,1,13
1008,252,14,11
1009,252,19,16
1010,252,23,14
1011,252,8,16
1012,253,10,19
1013,253,5,2
1014,253,21,10
1015,253,6,24
1016,253,1,12
1017,253,23,3
1018,254,1,23
1019,255,22,20
1020,256,0,20
1021,256,22,18
1022,257,11,1
1023,257,10,8
1024,257,9,19
1025,257,4,19
1026,257,20,22
1027,257,8,17
1028,257,6,23
1029,257,5,22
1030,258,13,9
1031,258,1,21
1032,258,2,24
1033,258,9,6
1034,258,4,19
1035,258,8,14
1036,259,6,3
1037,260,17,11
1038,260,19,4
1039,261,6,18
1040,261,8,17
1041,261,1,16
1042,261,2,16
1043,261,11,24
1044,261,18,1
1045,261,14,10
1046,262,18,12
1047,262,23,19
1048,262,22,19
1049,263,17,4
1050,263,8,15
1051,263,23,3
1052,263,6,15
1053,264,0,8
1054,264,13,15
1055,265,1,22
1056,266,16,3
1057,266,13,3
1058,267,20,12
1059,268,9,3
1060,268,24,17
1061,268,20,8
1062,269,21,14
1063,269,22,18
1064,270,9,15
1065,270,22,20
1066,270,22,4
1067,270,11,14
1068,270,16,12
1069,270,15,6
1070,271,10,14
1071,271,11,7
1072,271,12,16
1073,271,24,18
1074,271,5,16
1075,271,8,17
1076,271,12,21
1077,271,10,18
1078,271,22,18
1079,271,6,19
1080,272,12,9
1081,272,3,14
1082,272,5,23
1083,272,0,20
1084,272,17,8
1085,272,21,19
1086,273,24,4
1087,273,23,1
1088,273,9,18
1089,273,11,1
1090,274,7,18
1091,275,23,16
1092,275,24,12
1093,275,22,16
1094,276,15,5
1095,276,14,11
1096,277,8,16
1097,278,10,23
1098,278,13,5
1099,279,15,9
1100,279,4,14
1101,279,15,23
1102,279,17,7
1103,279,6,3
1104,279,12,6
1105,279,12,19
1106,280,13,0
1107,280,17,7
1108,280,19,1
1109,280,22,2
1110,280,8,19
1111,281,15,6
1112,281,17,19
1113,281,19,10
1114,281,22,4
1115,281,0,13
1116,281,5,4
1117,281,23,21
1118,281,8,0
1119,281,11,1
1120,281,11,18
1121,282,3,13
1122,282,20,2
1123,282,17,8
1124,282,2,10
1125,283,16,6
1126,283,14,4
1127,284,22,14
1128,284,17,13
1129,284,12,19
1130,284,17,5
1131,285,5,16
1132,285,6,17
1133,286,20,12
1134,286,21,0
1135,286,9,16
1136,286,3,17
1137,287,23,17
1138,287,3,6
1139,288,4,15
1140,288,4,15
1141,289,7,11
1142,290,14,24
1143,290,22,12
1144,290,22,2
1145,290,21,24
1146,290,2,22
1147,290,13,21
1148,290,5,11
1149,291,10,0
1150,291,4,20
1151,291,15,1
1152,291,22,11
1153,292,7,5
1154,292,24,20
1155,292,7,23
1156,293,15,4
1157,293,14,1
1158,293,17,15
1159,293,13,0
1160,293,4,7
1161,293,3,23
1162,294,10,4
1163,294,10,12
1164,294,2,23
1165,294,14,6
1166,294,24,13
1167,295,3,5
1168,295,22,9
1169,295,9,3
1170,295,5,13
1171,296,19,23
1172,296,23,16
1173,296,12,19
1174,296,14,4
1175,296,9,15
1176,296,14,10
1177,296,6,12
1178,296,11,14
1179,297,12,15
1180,297,2,22
1181,297,7,11
1182,297,13,7
1183,297,0,2
1184,297,10,22
1185,298,3,20
1186,298,6,16
1187,298,4,11
1188,298,1,20
1189,298,23,6
1190,299,20,6
1191,299,13,6
1192,299,15,22
1193,299,7,19
1194,299,14,2
1195,300,16,24
1196,300,5,23
1197,300,23,14
1198,300,7,13
1199,300,1,12
1200,301,0,10
1201,301,14,10
1202,302,23,4
1203,302,1,7
1204,302,24,5
1205,303,12,20
1206,304,17,13
1207,304,18,8
1208,304,1,4
1209,304,19,21
1210,304,21,14
1211,304,7,14
1212,304,3,24
1213,305,22,18
1214,305,10,17
1215,305,21,5
1216,305,11,5
1217,306,2,0
1218,306,19,13
1219,306,4,16
1220,306,20,24
1221,307,23,3
1222,307,24,3
1223,307,7,23
1224,308,9,20
1225,308,19,17
1226,308,0,18
1227,308,16,5
1228,308,4,16
1229,309,11,21
1230,309,7,20
1231,309,15,14
1232,310,22,12
1233,310,18,8
1234,310,14,10
1235,312,17,13
1236,312,5,12
1237,313,6,20
1238,313,2,18
1239,314,7,0
1240,314,4,13
1241,314,1,24
1242,314,20,6
1243,314,14,11
1244,314,22,4
1245,315,24,4
1246,315,11,19
1247,315,15,1
1248,315,19,1
1249,315,20,17
1250,316,2,16
1251,316,18,6
1252,316,12,6
1253,316,4,13
1254,316,6,12
1255,316,2,10
1256,316,9,22
1257,316,11,9
1258,317,11,5
1259,317,5,16
1260,317,4,23
1261,317,13,10
1262,318,2,22
1263,318,5,23
1264,318,7,19
1265,318,13,0
1266,318,5,23
1267,319,3,17
1268,319,10,21
1269,320,1,18
1270,321,23,16
1271,321,18,14
1272,321,19,17
1273,321,24,8
1274,321,14,3
1275,321,6,17
1276,321,20,9
1277,322,24,10
1278,322,3,14
1279,322,3,0
1280,322,0,21
1281,322,12,23
1282,322,17,15
1283,322,6,3
1284,323,10,19
1285,323,4,15
1286,323,0,11
1287,323,4,2
1288,323,18,12
1289,324,17,8
1290,325,19,5
1291,325,24,11
1292,325,6,16
1293,326,0,13
1294,326,19,3
1295,326,21,8
1296,326,23,21
1297,327,6,14
1298,327,14,5
1299,327,14,18
1300,327,2,15
1301,327,7,23
1302,328,16,23
1303,328,13,10
1304,328,10,19
1305,328,5,12
1306,329,3,18
1307,329,24,5
1308,329,24,6
1309,329,1,10
1310,329,16,24
1311,330,8,16
1312,330,13,6
1313,330,13,6
1314,330,22,1
1315,330,20,8
1316,330,24,6
1317,331,13,11
1318,331,13,23
1319,331,5,21
1320,331,24,15
1321,331,23,0
1322,331,17,7
1323,331,15,22
1324,332,9,5
1325,332,15,18
1326,332,13,23
1327,332,13,10
1328,332,24,20
1329,332,4,2
1330,333,13,5
1331,333,0,11
1332,333,23,9
1333,333,14,12
1334,334,2,11
1335,334,13,16
1336,334,22,20
1337,334,6,0
1338,334,1,14
1339,335,17,4
1340,335,21,6
1341,335,21,5
1342,336,2,10
1343,336,22,4
1344,336,2,20
1345,336,12,18
1346,337,11,21
1347,338,12,2
1348,338,9,10
1349,338,17,0
1350,338,17,19
1351,339,8,2
1352,340,9,1
1353,340,9,3
1354,340,24,21
1355,340,11,8
1356,341,9,22
1357,341,6,8
1358,341,22,16
1359,341,19,3
1360,341,0,15
1361,341,10,14
1362,341,12,0
1363,342,9,1
1364,342,5,13
1365,342,18,14
1366,342,22,2
1367,342,24,1
1368,342,0,19
1369,342,8,20
1370,343,19,17
1371,343,12,14
1372,343,24,14
1373,343,3,6
1374,343,19,0
1375,343,2,14
1376,344,14,12
1377,344,3,14
1378,345,14,6
1379,346,6,12
1380,346,1,17
1381,346,3,13
1382,346,5,17
1383,346,8,14
1384,346,13,15
1385,346,6,15
1386,346,7,24
1387,347,12,24
1388,347,9,24
1389,347,3,22
1390,347,15,13
1391,348,20,8
1392,348,13,11
1393,349,4,0
1394,349,24,22
1395,349,5,22
1396,349,12,19
1397,349,2,6
1398,350,7,4
1399,350,5,15
1400,350,2,16
1401,350,17,11
1402,350,7,11
1403,351,3,7
1404,351,22,18
1405,351,12,3
1406,351,20,7
1407,351,17,9
1408,351,18,24
1409,351,15,18
1410,351,8,15
1411,352,12,23
1412,352,18,11
1413,352,15,5
1414,352,0,18
1415,353,23,8
1416,353,19,0
1417,353,13,23
1418,353,21,18
1419,354,4,1
1420,354,21,24
1421,354,13,19
1422,355,1,5
1423,355,0,7
1424,355,3,0
1425,356,23,11
1426,356,13,6
1427,356,15,12
1428,356,24,20
1429,357,6,3
1430,357,7,0
1431,357,17,20
1432,358,24,2
1433,359,12,1
1434,359,22,1
1435,359,10,24
1436,360,8,6
1437,360,13,6
1438,360,5,21
1439,360,24,13
1440,360,16,12
1441,360,24,13
1442,361,11,2
1443,361,23,6
1444,361,1,11
1445,361,2,4
1446,361,18,24
1447,361,15,5
1448,361,2,13
1449,362,13,3
1450,362,3,15
1451,363,23,1
1452,363,20,2
1453,363,14,0
1454,364,15,1
1455,364,2,20
1456,364,18,14
1457,364,4,1
1458,365,12,24
1459,365,11,0
1460,365,4,21
1461,366,22,0
1462,366,4,20
1463,366,3,23
1464,366,23,10
1465,366,7,10
1466,367,4,15
1467,367,18,24
1468,367,14,1
1469,367,23,15
1470,367,1,14
1471,367,15,13
1472,367,16,1
1473,367,8,2
1474,367,16,9
1475,367,3,13
1476,368,4,24
1477,368,16,7
1478,369,13,10
1479,369,13,4
1480,369,12,4
1481,369,9,19
1482,369,6,15
1483,369,7,14
1484,370,12,8
1485,370,7,14
1486,370,12,9
1487,370,20,13
1488,370,2,21
1489,371,22,5
1490,372,5,2
1491,372,16,5
1492,372,23,0
1493,372,16,24
1494,373,10,0
1495,373,13,1
1496,373,0,15
1497,374,21,13
1498,374,6,13
1499,375,24,0
1500,375,11,1
1501,375,19,20
1502,376,7,23
1503,376,13,23
1504,377,18,9
1505,377,9,1
1506,377,9,2
1507,378,21,5
1508,378,5,16
1509,378,13,19
1510,379,21,10
1511,379,2,12
1512,379,20,10
1513,379,3,10
1514,379,22,7
1515,379,8,24
1516,379,22,20
1517,380,13,11
1518,380,17,15
1519,381,3,11
1520,381,24,20
1521,381,12,24
1522,381,15,22
1523,382,10,9
1524,382,16,13
1525,382,3,12
1526,383,2,21
1527,383,9,20
1528,383,19,2
1529,384,0,19
1530,384,18,21
1531,385,5,18
1532,385,23,9
1533,385,15,1
1534,385,9,12
1535,385,8,21
1536,386,20,14
1537,387,2,6
1538,387,6,19
1539,387,5,4
1540,387,2,15
1541,388,18,10
1542,388,2,0
1543,388,2,13
1544,389,9,11
1545,389,4,8
1546,389,24,16
1547,389,17,13
1548,389,6,21
1549,389,6,23
1550,389,19,22
1551,389,8,14
1552,389,8,11
1553,390,23,13
1554,390,10,14
1555,391,13,10
1556,391,12,9
1557,391,5,2
1558,392,21,24
1559,392,11,17
1560,393,4,12
1561,393,16,3
1562,393,1,21
1563,393,8,22
1564,393,23,0
1565,393,14,0
1566,393,14,0
1567,394,5,18
1568,394,6,17
1569,394,24,2
1570,394,7,5
1571,394,5,18
1572,395,4,21
1573,395,21,9
1574,395,7,20
1575,395,6,8
1576,396,18,24
1577,396,24,9
1578,396,0,11
1579,396,18,12
1580,396,4,2
1581,397,13,6
1582,397,6,17
1583,397,8,23
1584,397,20,0
1585,399,11,24
1586,399,3,17
1587,399,22,11
1588,400,20,11
1589,400,21,6
1590,401,2,17
1591,401,17,11
1592,401,2,12
1593,401,2,15
1594,401,6,9
1595,402,23,7
1596,403,5,7
1597,403,18,21
1598,403,13,24
1599,404,18,12
1600,404,14,11
1601,405,2,18
1602,405,19,9
1603,405,21,23
1604,405,0,17
1605,406,5,24
1606,406,21,15
1607,406,7,15
1608,406,10,20
1609,407,21,9
1610,407,17,5
1611,407,13,20
1612,408,7,18
1613,408,0,12
1614,408,18,5
1615,408,19,4
1616,409,23,15
1617,409,20,2
1618,409,24,16
1619,410,2,8
1620,410,5,16
1621,410,23,7
1622,410,15,12
1623,411,20,18
1624,411,8,5
1625,411,9,21
1626,411,16,23
1627,411,10,7
1628,411,18,22
1629,411,12,3
1630,411,19,9
1631,412,5,1
1632,412,21,5
1633,412,18,11
1634,412,20,19
1635,414,10,21
1636,414,15,5
1637,414,22,15
1638,414,1,24
1639,415,18,2
1640,415,7,17
1641,415,13,21
1642,416,22,10
1643,416,12,4
1644,417,2,0
1645,417,14,8
1646,417,6,8
1647,418,12,10
1648,418,1,7
1649,418,9,12
1650,418,16,8
1651,418,20,9
1652,419,4,21
1653,419,7,23
1654,419,12,22
1655,420,7,21
1656,420,17,21
1657,420,18,2
1658,421,15,19
1659,421,10,18
1660,421,3,9
1661,421,0,20
1662,421,19,20
1663,422,23,4
1664,422,0,13
1665,422,8,19
1666,423,4,18
1667,423,14,23
1668,423,20,1
1669,424,13,9
1670,425,4,1
1671,425,12,3
1672,426,8,12
1673,426,21,4
1674,426,22,2
1675,426,15,21
1676,426,8,16
1677,427,23,19
1678,427,17,14
1679,427,7,13
1680,427,10,4
1681,427,8,23
1682,428,6,2
1683,428,6,18
1684,428,3,13
1685,428,21,19
1686,428,1,22
1687,429,4,2
1688,429,23,14
1689,429,19,7
1690,429,0,13
1691,430,21,10
1692,430,22,9
1693,430,0,13
1694,430,2,6
1695,430,20,14
1696,430,6,19
1697,431,21,14
1698,431,21,9
1699,431,20,2
1700,431,3,19
1701,431,15,21
1702,431,5,21
1703,432,3,14
1704,432,15,5
1705,432,19,21
1706,432,4,10
1707,432,20,7
1708,432,15,1
1709,433,14,11
1710,433,19,22
1711,434,12,23
1712,434,9,15
1713,434,22,18
1714,435,9,16
1715,435,15,23
1716,435,13,21
1717,436,7,16
1718,436,7,18
1719,436,12,16
1720,436,18,14
1721,436,24,2
1722,436,5,19
1723,436,11,22
1724,437,24,18
1725,437,10,9
1726,437,6,23
1727,437,22,18
1728,437,22,16
1729,437,20,3
1730,439,6,0
1731,440,22,7
1732,440,23,5
1733,440,24,20
1734,440,20,14
1735,441,1,12
1736,442,21,1
1737,442,4,19
1738,442,15,19
1739,442,8,14
1740,442,11,1
1741,443,10,1
1742,443,13,1
1743,443,24,11
1744,443,19,11
1745,443,11,5
1746,443,24,11
1747,444,4,11
1748,444,7,16
1749,444,15,19
1750,444,18,7
1751,444,5,23
1752,444,0,12
1753,444,24,22
1754,445,16,2
1755,445,6,23
1756,445,18,8
1757,446,14,8
1758,446,9,13
1759,447,22,16
1760,447,16,1
1761,448,14,7
1762,448,14,8
1763,448,13,11
1764,448,20,17
1765,449,4,17
1766,449,9,11
1767,450,21,9
1768,450,11,4
1769,450,11,4
1770,450,7,4
1771,450,8,22
1772,450,18,1
1773,450,22,6
1774,450,3,16
1775,451,12,16
1776,451,8,1
1777,451,19,5
1778,451,8,22
1779,451,21,6
1780,452,2,24
1781,452,10,19
1782,452,9,21
1783,452,3,18
1784,453,17,14
1785,453,5,11
1786,453,3,19
1787,453,19,5
1788,454,16,6
1789,454,13,9
1790,454,24,20
1791,455,11,9
1792,455,13,16
1793,455,15,3
1794,455,18,0
1795,455,11,24
1796,456,8,22
1797,456,6,8
1798,456,1,19
1799,457,4,17
1800,457,22,11
1801,457,21,13
1802,457,20,19
1803,457,19,8
1804,458,21,8
1805,458,14,1
1806,458,8,18
1807,458,10,17
1808,459,8,6
1809,459,3,7
1810,459,18,11
1811,459,23,8
1812,459,24,8
1813,460,18,3
1814,460,18,8
1815,460,4,16
1816,461,3,19
1817,461,1,12
1818,461,17,21
1819,461,19,2
1820,461,19,6
1821,461,10,19
1822,462,0,16
1823,462,13,7
1824,463,21,3
1825,463,0,18
1826,463,2,9
1827,464,11,23
1828,464,13,3
1829,464,7,10
1830,464,10,2
1831,464,4,22
1832,465,0,12
1833,465,0,17
1834,465,1,20
1835,465,20,3
1836,465,18,21
1837,466,15,9
1838,466,22,7
1839,466,8,1
1840,466,21,24
1841,466,0,8
1842,467,22,18
1843,467,11,21
1844,468,6,24
1845,468,14,6
1846,468,18,10
1847,469,22,24
1848,469,6,15
1849,469,6,4
1850,469,6,0
1851,469,9,5
1852,470,14,21
1853,470,13,20
1854,470,15,9
1855,470,23,15
1856,471,8,0
1857,471,2,24
1858,471,5,14
1859,471,16,9
1860,471,3,22
1861,471,8,12
1862,471,7,14
1863,471,19,11
1864,472,14,3
1865,473,1,13
1866,473,11,24
1867,473,21,18
1868,474,19,17
1869,474,18,15
1870,474,22,0
1871,475,17,4
1872,475,0,17
1873,475,19,3
1874,475,0,22
1875,475,22,12
1876,476,17,10
1877,476,19,16
1878,476,3,21
1879,477,12,0
1880,477,4,17
1881,478,18,2
1882,478,10,6
1883,478,17,24
1884,478,21,0
1885,478,21,14
1886,479,5,21
1887,479,11,13
1888,479,24,14
1889,479,8,16
1890,479,13,10
1891,479,19,10
1892,480,9,3
1893,480,9,0
1894,480,18,0
1895,480,6,20
1896,481,9,15
1897,481,16,14
1898,482,17,10
1899,482,20,11
1900,482,6,4
1901,482,0,2
1902,482,2,24
1903,483,24,7
1904,483,24,14
1905,483,11,22
1906,483,1,23
1907,483,8,16
1908,484,16,0
1909,485,0,16
1910,485,23,11
1911,485,15,22
1912,486,22,14
1913,486,15,1
1914,486,24,15
1915,486,18,9
1916,487,13,9
1917,487,16,14
1918,487,6,4
1919,487,6,23
1920,487,2,10
1921,488,2,9
1922,488,20,7
1923,488,20,12
1924,488,19,21
1925,488,7,14
1926,488,2,22
1927,488,6,15
1928,489,1,15
1929,489,9,17
1930,489,0,6
1931,490,7,14
1932,490,24,2
1933,490,11,7
1934,490,16,18
1935,491,10,20
1936,491,15,1
1937,491,7,19
1938,491,13,1
1939,491,6,10
1940,492,7,17
1941,492,16,4
1942,493,8,21
1943,493,18,12
1944,493,16,13
1945,493,2,18
1946,494,10,13
1947,494,1,3
1948,494,19,15
1949,495,3,23
1950,495,3,13
1951,495,7,0
1952,495,23,19
1953,495,4,10
1954,495,9,24
1955,496,9,13
1956,496,21,23
1957,497,22,2
1958,498,22,15
1959,498,14,24
1960,498,2,15
1961,498,15,7
1962,499,14,24
1963,499,9,22
1964,499,0,3
1965,499,11,18
1966,500,0,3
1967,500,17,10
1968,500,0,15
1969,500,1,16
1970,500,17,13
1971,500,12,24
1972,501,16,7
1973,501,13,1
1974,501,15,4
1975,502,5,8
1976,503,2,20
1977,503,0,23
1978,504,19,11
1979,504,3,16
1980,504,24,18
1981,505,12,0
1982,505,17,5
1983,505,2,8
1984,505,16,12
1985,505,14,10
1986,506,22,6
1987,506,0,10
1988,506,7,3
1989,507,3,15
1990,507,13,11
1991,508,23,17
1992,508,13,19
1993,508,2,9
1994,508,23,21
1995,508,18,8
1996,508,3,1
1997,509,15,12
1998,509,14,24
1999,509,22,10
2000,509,4,14
2001,510,7,10
2002,510,7,0
2003,510,0,16
2004,510,1,19
2005,510,8,16
2006,511,15,0
2007,511,5,3
2008,511,7,23
2009,511,23,20
2010,512,20,7
2011,512,4,11
2012,512,24,7
2013,512,22,19
2014,512,2,13
2015,512,19,20
2016,512,4,14
2017,513,0,4
2018,513,8,0
2019,513,9,20
2020,514,17,23
2021,514,11,23
2022,515,3,19
2023,515,6,20
2024,515,4,7
2025,515,21,10
2026,516,14,2
2027,516,16,23
2028,517,22,4
2029,517,16,2
2030,517,15,22
2031,518,10,6
2032,518,11,13
2033,518,5,20
2034,519,16,10
2035,519,3,24
2036,519,9,23
2037,520,12,9
2038,520,19,16
2039,520,15,3
2040,520,3,11
2041,520,13,15
2042,521,3,5
2043,521,23,15
2044,521,18,24
2045,521,9,5
2046,522,17,5
2047,522,11,1
2048,522,24,22
2049,522,7,24
2050,522,3,9
2051,522,14,22
2052,523,14,5
2053,523,23,4
2054,524,20,0
2055,524,10,3
2056,524,14,16
2057,525,17,14
2058,525,17,3
2059,525,7,20
2060,525,21,10
2061,526,9,2
2062,527,14,1
2063,527,19,1
2064,527,1,12
2065,527,5,12
2066,528,14,16
2067,528,0,10
2068,528,4,13
2069,528,3,19
2070,528,9,21
2071,528,8,14
2072,528,23,0
2073,529,3,0
2074,529,7,13
2075,529,14,1
2076,529,9,13
2077,529,18,9
2078,530,2,4
2079,531,5,16
2080,531,11,5
2081,531,14,7
2082,531,7,1
2083,532,10,14
2084,532,22,12
2085,532,24,0
2086,532,22,24
2087,532,4,5
2088,532,22,2
2089,533,12,8
2090,533,1,24
2091,533,5,1
2092,533,24,18
2093,533,23,15
2094,533,23,20
2095,534,19,3
2096,534,5,20
2097,534,18,3
2098,534,13,20
2099,535,19,17
2100,535,15,19
2101,535,22,18
2102,535,5,7
2103,536,19,22
2104,536,21,13
2105,536,8,5
2106,536,10,22
2107,537,10,2
2108,537,4,23
2109,538,0,20
2110,538,18,22
2111,538,24,20
2112,538,21,4
2113,538,9,23
2114,539,12,4
2115,539,22,1
2116,539,18,3
2117,539,21,23
2118,539,6,24
2119,540,13,3
2120,540,10,4
2121,540,9,24
2122,540,12,0
2123,541,24,15
2124,541,13,9
2125,541,11,13
2126,541,6,17
2127,541,20,23
2128,541,10,3
2129,541,1,20
2130,542,9,5
2131,542,24,16
2132,542,7,19
2133,542,18,4
2134,542,17,19
2135,542,20,5
2136,542,16,19
2137,542,20,22
2138,543,7,14
2139,543,14,3
2140,543,19,5
2141,543,1,24
2142,543,2,21
2143,543,10,20
2144,543,1,3
2145,544,23,13
2146,544,19,7
2147,544,20,19
2148,544,12,22
2149,546,2,11
2150,546,16,3
2151,546,14,0
2152,546,9,1
2153,547,23,13
2154,547,1,16
2155,548,23,3
2156,548,0,16
2157,548,23,6
2158,548,1,8
2159,548,24,15
2160,548,4,11
2161,548,23,0
2162,549,22,12
2163,549,23,8
2164,549,23,13
2165,550,17,10
2166,551,24,15
2167,551,6,19
2168,552,0,20
2169,552,15,12
2170,552,2,19
2171,552,19,21
2172,552,24,11
2173,552,0,22
2174,552,4,10
2175,553,22,16
2176,553,9,12
2177,553,2,4
2178,553,9,16
2179,554,4,15
2180,554,19,8
2181,554,15,0
2182,555,9,21
2183,555,12,8
2184,555,8,11
2185,555,22,18
2186,555,22,11
2187,556,0,12
2188,556,4,8
2189,556,16,5
2190,556,6,10
2191,556,8,17
2192,556,17,8
2193,556,10,18
2194,556,20,6
2195,557,0,10
2196,557,14,22
2197,557,6,19
2198,558,15,7
2199,559,12,18
2200,559,22,18
2201,559,23,15
2202,560,5,21
2203,561,10,9
2204,561,12,8
2205,562,10,20
2206,563,3,15
2207,563,24,1
2208,563,21,14
2209,564,11,1
2210,564,15,5
2211,564,24,1
2212,564,24,20
2213,564,8,12
2214,565,11,22
2215,565,19,5
2216,565,22,6
2217,565,20,18
2218,566,20,5
2219,566,14,20
2220,566,1,15
2221,566,18,7
2222,566,24,14
2223,567,9,13
2224,567,17,13
2225,567,5,7
2226,567,10,0
2227,567,5,12
2228,567,3,16
2229,568,21,19
2230,568,9,1
2231,568,16,1
2232,568,20,2
2233,569,9,13
2234,569,7,13
2235,569,9,7
2236,569,20,18
2237,569,24,13
2238,570,14,10
2239,570,22,9
2240,571,14,21
2241,571,13,1
2242,571,14,7
2243,572,20,8
2244,572,18,1
2245,572,10,16
2246,572,19,22
2247,573,5,2
2248,573,8,5
2249,573,20,17
2250,573,16,20
2251,574,20,1
2252,574,19,10
2253,574,14,12
2254,574,21,12
2255,574,13,2
2256,575,15,11
2257,575,2,16
2258,575,9,12
2259,576,15,7
2260,576,3,15
2261,577,8,24
2262,577,9,24
2263,577,16,4
2264,577,24,17
2265,577,9,10
2266,577,22,13
2267,578,6,21
2268,578,3,9
2269,579,14,7
2270,579,24,18
2271,579,15,1
2272,580,4,23
2273,581,19,15
2274,581,24,15
2275,581,22,1
2276,581,7,19
2277,581,2,0
2278,581,3,1
2279,582,9,7
2280,582,9,18
2281,582,24,22
2282,582,17,13
2283,582,5,3
2284,582,18,8
2285,583,22,19
2286,583,3,18
2287,583,15,8
2288,583,8,16
2289,583,17,8
2290,583,14,10
2291,584,11,4
2292,584,4,8
2293,584,13,7
2294,584,15,21
2295,585,1,8
2296,585,5,14
2297,585,21,7
2298,585,7,3
2299,585,3,20
2300,586,8,21
2301,586,1,11
2302,586,6,24
2303,587,16,9
2304,587,16,0
2305,587,21,3
2306,587,1,21
2307,587,22,5
2308,588,4,19
2309,588,0,13
2310,588,8,6
2311,588,24,21
2312,588,12,16
2313,588,12,19
2314,589,18,7
2315,589,20,18
2316,590,6,22
2317,590,5,13
2318,590,7,18
2319,590,17,13
2320,591,3,0
2321,591,9,6
2322,591,10,21
2323,591,11,8
2324,592,0,18
2325,592,19,2
2326,592,16,10
2327,592,23,12
2328,593,16,24
2329,593,11,24
2330,593,23,7
2331,593,18,0
2332,593,13,20
2333,593,10,12
2334,594,3,11
2335,594,20,19
2336,595,14,5
2337,595,17,20
2338,596,4,13
2339,597,24,3
2340,598,7,0
2341,598,9,13
2342,598,14,12
2343,598,0,8
2344,599,10,0
2345,599,12,18
2346,599,0,11
2347,599,8,5
2348,599,19,5
2349,599,13,3
2350,600,0,11
2351,600,24,12
2352,600,20,6
2353,600,2,17
2354,600,24,9
2355,600,0,16
2356,600,14,18
2357,601,3,10
2358,601,5,18
2359,601,1,21
2360,601,10,9
2361,602,21,23
2362,602,15,4
2363,602,24,5
2364,602,18,9
2365,602,12,18
2366,602,8,21
2367,602,24,18
2368,603,5,9
2369,603,15,24
2370,603,16,7
2371,603,17,13
2372,603,19,2
2373,603,7,9
2374,603,12,23
2375,604,7,0
2376,604,7,17
2377,604,23,15
2378,604,4,6
2379,604,21,11
2380,604,17,0
2381,604,11,20
2382,604,0,15
2383,605,24,2
2384,605,2,24
2385,605,24,16
2386,605,19,5
2387,605,8,18
2388,605,14,12
2389,606,17,20
2390,606,18,1
2391,606,1,16
2392,606,15,3
2393,607,19,0
2394,607,12,6
2395,607,1,7
2396,607,8,20
2397,607,15,9
2398,608,16,13
2399,609,24,9
2400,609,24,4
2401,609,17,24
2402,609,16,22
2403,610,24,10
2404,610,1,20
2405,610,5,3
2406,611,11,17
2407,611,13,1
2408,611,8,1
2409,612,13,9
2410,612,2,5
2411,613,3,5
2412,613,2,17
2413,613,16,8
2414,613,22,14
2415,614,20,18
2416,614,24,11
2417,615,22,8
2418,615,6,20
2419,615,2,8
2420,615,18,24
2421,615,21,9
2422,616,3,0
2423,616,1,10
2424,616,7,16
2425,616,9,24
2426,617,3,7
2427,617,3,18
2428,617,6,18
2429,617,20,24
2430,617,18,14
2431,619,0,3
2432,619,2,0
2433,619,11,15
2434,620,8,18
2435,620,4,0
2436,620,24,13
2437,620,18,14
2438,620,14,1
2439,620,8,16
2440,620,10,18
2441,620,20,4
2442,620,19,21
2443,621,22,13
2444,621,0,2
2445,621,1,24
2446,622,7,17
2447,622,15,17
2448,622,3,14
2449,622,22,13
2450,623,10,20
2451,624,16,2
2452,624,2,19
2453,624,24,17
2454,624,16,14
2455,625,8,22
2456,625,7,19
2457,625,11,4
2458,625,1,19
2459,625,2,6
2460,626,10,24
2461,626,10,23
2462,626,3,18
2463,626,20,4
2464,626,9,21
2465,626,3,0
2466,626,9,20
2467,627,3,12
2468,627,17,2
2469,628,19,3
2470,628,0,7
2471,628,18,0
2472,629,10,2
2473,629,21,7
2474,629,21,9
2475,629,12,10
2476,629,2,17
2477,629,22,8
2478,629,0,4
2479,629,14,7
2480,629,3,13
2481,629,20,1
2482,629,24,4
2483,630,2,24
2484,630,1,3
2485,631,4,10
2486,632,17,14
2487,632,7,24
2488,632,17,14
2489,633,16,8
2490,635,19,0
2491,635,8,4
2492,635,12,21
2493,636,9,5
2494,636,24,18
2495,636,12,15
2496,636,7,3
2497,637,12,1
2498,637,11,14
2499,637,10,6
2500,637,16,12
2501,637,4,1
2502,637,6,14
2503,637,22,13
2504,638,16,14
2505,638,10,19
2506,638,0,19
2507,638,3,12
2508,638,23,21
2509,638,10,14
2510,638,11,4
2511,638,10,12
2512,639,7,20
2513,639,4,2
2514,639,0,16
2515,639,10,21
2516,639,10,9
2517,640,2,9
2518,640,6,22
2519,640,13,21
2520,640,4,0
2521,640,7,21
2522,640,16,5
2523,640,24,22
2524,641,2,18
2525,642,8,18
2526,642,11,23
2527,643,1,8
2528,643,1,23
2529,643,14,15
2530,643,13,11
2531,644,4,0
2532,644,15,17
2533,644,10,14
2534,644,7,11
2535,644,9,16
2536,644,5,22
2537,644,11,15
2538,644,24,12
2539,645,10,22
2540,645,1,22
2541,645,13,3
2542,645,20,17
2543,645,24,15
2544,646,24,17
2545,646,20,8
2546,646,11,19
2547,647,20,1
2548,647,17,11
2549,648,17,21
2550,648,22,13
2551,648,4,24
2552,648,21,1
2553,649,7,13
2554,649,10,19
2555,649,6,0
2556,649,20,11
2557,649,1,12
2558,649,16,19
2559,650,14,8
2560,650,14,5
2561,650,19,2
2562,650,17,8
2563,650,5,22
2564,651,23,21
2565,651,18,16
2566,651,4,12
2567,651,15,0
2568,652,6,22
2569,652,6,13
2570,652,15,6
2571,653,13,2
2572,653,6,16
2573,653,7,5
2574,653,18,16
2575,653,3,17
2576,653,11,17
2577,653,1,15
2578,654,24,20
2579,654,1,12
2580,654,6,19
2581,654,10,22
2582,654,12,16
2583,654,18,16
2584,655,16,3
2585,655,7,10
2586,656,8,16
2587,656,6,2
2588,656,3,16
2589,656,10,9
2590,656,12,15
2591,656,14,3
2592,656,24,22
2593,656,23,5
2594,657,3,7
2595,657,5,12
2596,657,9,22
2597,658,20,5
2598,658,6,23
2599,658,0,10
2600,659,0,24
2601,659,17,4
2602,659,1,4
2603,659,7,19
2604,659,7,4
2605,660,11,4
2606,660,20,10
2607,661,7,13
2608,661,15,4
2609,661,7,3
2610,661,15,2
2611,661,8,20
2612,662,12,14
2613,662,9,23
2614,662,22,15
2615,662,16,0
2616,663,6,13
2617,663,2,12
2618,663,20,13
2619,663,19,4
2620,665,6,15
2621,665,9,16
2622,665,9,15
2623,665,24,20
2624,666,1,20
2625,666,2,20
2626,666,24,11
2627,666,13,2
2628,666,22,2
2629,667,8,17
2630,667,15,24
2631,667,17,2
2632,667,3,9
2633,667,20,0
2634,668,18,22
2635,668,3,22
2636,668,22,16
2637,669,24,17
2638,669,11,3
2639,669,10,22
2640,669,12,1
2641,669,8,18
2642,669,10,18
2643,670,20,2
2644,670,24,10
2645,670,23,0
2646,670,21,19
2647,670,13,5
2648,670,20,19
2649,671,22,12
2650,671,1,12
2651,671,0,9
2652,672,15,7
2653,672,11,2
2654,672,14,2
2655,672,6,23
2656,673,15,3
2657,673,7,16
2658,673,18,2
2659,674,23,10
2660,674,18,4
2661,674,2,12
2662,674,12,20
2663,675,21,5
2664,675,17,23
2665,675,7,23
2666,676,3,7
2667,676,24,8
2668,676,24,10
2669,676,20,14
2670,676,18,3
2671,676,12,1
2672,676,19,2
2673,677,21,7
2674,677,2,11
2675,677,7,13
2676,678,3,19
2677,678,22,8
2678,678,24,0
2679,678,0,24
2680,678,14,20
2681,680,21,13
2682,681,13,5
2683,681,19,7
2684,681,6,9
2685,681,23,11
2686,681,7,15
2687,681,5,11
2688,682,11,15
2689,682,19,15
2690,682,23,14
2691,682,23,19
2692,682,0,16
2693,683,21,19
2694,683,6,8
2695,684,13,2
2696,684,16,8
2697,684,24,7
2698,684,7,24
2699,684,8,21
2700,684,20,18
2701,685,4,17
2702,685,3,13
2703,685,17,4
2704,686,11,17
2705,686,13,11
2706,686,16,7
2707,687,13,0
2708,687,8,12
2709,687,7,15
2710,688,22,3
2711,688,0,22
2712,689,8,14
2713,689,12,3
2714,689,23,4
2715,690,3,11
2716,690,14,18
2717,690,9,5
2718,690,16,0
2719,690,9,24
2720,691,22,20
2721,691,0,7
2722,691,4,8
2723,691,1,23
2724,693,4,14
2725,693,22,9
2726,693,24,18
2727,693,19,17
2728,693,2,11
2729,693,4,15
2730,693,24,12
2731,694,12,0
2732,694,9,20
2733,694,23,13
2734,695,16,14
2735,695,12,1
2736,695,0,7
2737,696,12,20
2738,696,20,5
2739,696,10,17
2740,696,22,12
2741,696,22,11
2742,696,6,22
2743,696,21,3
2744,697,13,21
2745,697,19,0
2746,698,9,23
2747,698,4,17
2748,698,2,24
2749,698,3,16
2750,698,6,10
2751,699,0,6
2752,699,18,3
2753,699,7,20
2754,699,19,3
2755,699,5,22
2756,699,11,17
2757,700,8,17
2758,700,21,14
2759,700,1,3
2760,700,22,2
2761,700,22,20
2762,700,16,8
2763,700,1,5
2764,701,16,5
2765,701,12,5
2766,701,8,5
2767,701,5,11
2768,702,8,23
2769,702,23,2
2770,702,6,14
2771,702,11,3
2772,702,14,23
2773,703,3,24
2774,703,0,8
2775,703,12,19
2776,703,5,19
2777,703,15,14
2778,704,12,16
2779,704,10,9
2780,704,17,8
2781,704,1,13
2782,704,23,19
2783,704,5,7
2784,704,13,6
2785,704,15,5
2786,704,19,12
2787,705,3,20
2788,705,23,7
2789,705,19,9
2790,705,24,15
2791,706,21,24
2792,706,9,19
2793,707,18,5
2794,707,4,24
2795,707,3,7
2796,707,2,13
2797,707,22,1
2798,708,17,7
2799,708,24,20
2800,708,12,23
2801,708,23,9
2802,708,3,20
2803,708,18,24
2804,709,11,18
2805,709,7,18
2806,709,1,9
2807,709,24,13
2808,709,4,12
2809,710,10,18
2810,710,23,10
2811,710,5,17
2812,710,16,8
2813,710,0,20
2814,710,22,10
2815,711,7,5
2816,711,9,20
2817,711,6,4
2818,712,21,0
2819,712,14,20
2820,712,10,1
2821,712,19,23
2822,712,13,21
2823,713,21,18
2824,713,23,6
2825,713,6,2
2826,713,23,11
2827,714,2,4
2828,714,1,11
2829,714,10,7
2830,714,8,23
2831,714,0,20
2832,716,16,1
2833,716,8,2
2834,716,23,3
2835,716,24,4
2836,716,14,15
2837,716,24,21
2838,716,21,14
2839,717,22,16
2840,717,12,3
2841,717,23,1
2842,717,23,13
2843,718,9,17
2844,718,5,9
2845,718,20,11
2846,718,13,6
2847,719,9,7
2848,719,6,9
2849,720,3,7
2850,720,6,10
2851,721,3,12
2852,721,24,3
2853,721,5,20
2854,721,9,2
2855,721,21,17
2856,721,22,9
2857,721,20,4
2858,721,14,10
2859,722,0,22
2860,722,21,11
2861,722,1,10
2862,722,9,12
2863,722,21,6
2864,723,10,21
2865,723,13,19
2866,723,17,1
2867,723,8,11
2868,724,13,0
2869,725,23,0
2870,725,12,1
2871,725,5,24
2872,725,6,21
2873,725,10,14
2874,725,13,15
2875,725,12,14
2876,725,15,11
2877,726,7,0
2878,726,8,16
2879,726,21,23
2880,727,19,20
2881,727,21,1
2882,727,2,22
2883,727,9,7
2884,728,10,14
2885,728,2,6
2886,728,14,0
2887,728,22,6
2888,728,16,0
2889,728,7,24
2890,728,18,10
2891,729,2,8
2892,729,14,22
2893,729,20,22
2894,729,11,14
2895,729,24,4
2896,729,18,24
2897,729,14,23
2898,730,22,20
2899,730,15,7
2900,730,10,7
2901,730,13,7
2902,730,19,12
2903,730,0,13
2904,730,13,21
2905,731,20,5
2906,731,2,14
2907,731,4,18
2908,731,24,21
2909,732,14,15
2910,732,23,11
2911,732,1,20
2912,733,19,15
2913,733,23,5
2914,733,18,8
2915,733,17,3
2916,733,3,19
2917,734,15,12
2918,734,14,3
2919,734,21,17
2920,734,20,24
2921,734,15,18
2922,734,8,2
2923,735,11,18
2924,735,19,17
2925,735,24,2
2926,736,17,0
2927,736,22,5
2928,736,0,20
2929,736,14,7
2930,736,11,7
2931,737,6,21
2932,737,16,18
2933,737,20,18
2934,738,0,18
2935,738,20,22
2936,739,20,23
2937,739,0,16
2938,739,18,1
2939,740,16,1
2940,740,4,22
2941,740,1,19
2942,740,2,17
2943,741,3,12
2944,741,9,24
2945,742,7,9
2946,742,23,21
2947,742,2,6
2948,742,0,7
2949,742,15,5
2950,743,16,19
2951,743,12,24
2952,743,2,0
2953,744,0,17
2954,744,3,0
2955,744,15,21
2956,744,0,20
2957,744,9,3
2958,745,10,18
2959,745,16,24
2960,745,14,20
2961,746,22,20
2962,746,17,14
2963,747,8,20
2964,747,22,8
2965,747,12,22
2966,747,16,13
2967,747,17,19
2968,748,14,0
2969,748,8,24
2970,748,19,10
2971,749,1,12
2972,749,6,21
2973,750,12,14
2974,750,8,15
2975,750,20,5
2976,751,18,9
2977,751,19,3
2978,751,1,5
2979,751,22,13
2980,751,12,22
2981,752,19,21
2982,752,2,4
2983,752,5,4
2984,753,23,3
2985,753,4,10
2986,753,10,8
2987,753,8,20
2988,753,14,3
2989,753,11,4
2990,753,12,9
2991,754,18,12
2992,754,3,13
2993,754,13,24
2994,755,6,22
2995,755,8,2
2996,756,21,11
2997,756,0,9
2998,757,21,14
2999,757,9,17
3000,757,1,19
3001,757,4,14
3002,758,22,24
3003,758,22,0
3004,759,24,7
3005,759,17,1
3006,759,18,12
3007,759,2,23
3008,760,9,0
3009,760,11,20
3010,760,3,12
3011,760,22,16
3012,761,16,2
3013,761,8,19
3014,761,4,22
3015,761,6,19
3016,761,4,14
3017,762,0,24
3018,762,3,12
3019,763,17,5
3020,763,18,8
3021,763,0,23
3022,763,12,9
3023,763,13,16
3024,764,12,10
3025,764,23,21
3026,764,17,9
3027,765,22,18
3028,765,24,16
3029,765,23,6
3030,765,24,6
3031,766,6,4
3032,766,5,24
3033,766,22,1
3034,766,21,10
3035,767,8,2
3036,767,0,12
3037,767,18,2
3038,767,21,12
3039,767,22,10
3040,767,5,19
3041,767,8,2
3042,768,5,12
3043,768,5,24
3044,768,2,13
3045,768,13,19
3046,769,12,1
3047,769,0,16
3048,769,11,4
3049,769,2,9
3050,769,2,10
3051,769,4,7
3052,770,4,17
3053,770,1,19
3054,770,24,12
3055,770,22,10
3056,770,20,14
3057,770,19,11
3058,771,2,21
3059,771,11,8
3060,771,4,17
3061,772,8,22
3062,772,8,24
3063,773,22,20
3064,773,4,13
3065,773,24,22
3066,773,1,17
3067,773,21,14
3068,773,5,17
3069,774,15,8
3070,774,0,22
3071,774,10,0
3072,774,0,18
3073,774,24,2
3074,774,20,12
3075,774,16,13
3076,774,10,2
3077,775,8,22
3078,775,18,1
3079,775,6,18
3080,775,23,7
3081,775,12,19
3082,776,16,4
3083,776,20,22
3084,776,3,0
3085,777,2,20
3086,777,4,23
3087,777,14,0
3088,777,21,12
3089,777,5,14
3090,778,9,0
3091,778,1,14
3092,778,6,23
3093,778,22,13
3094,778,23,16
3095,778,17,3
3096,778,14,10
3097,779,6,23
3098,779,2,17
3099,779,23,19
3100,779,12,18
3101,780,16,13
3102,780,7,20
3103,780,7,17
3104,781,7,21
3105,781,9,5
3106,781,13,23
3107,782,1,18
3108,783,3,14
3109,783,11,23
3110,784,10,6
3111,785,13,9
3112,786,21,9
3113,786,0,24
3114,786,14,11
3115,787,3,24
3116,787,17,10
3117,787,3,9
3118,787,14,2
3119,787,16,13
3120,787,18,8
3121,787,12,3
3122,788,21,9
3123,788,2,24
3124,788,6,13
3125,788,2,22
3126,789,15,8
3127,789,13,5
3128,789,3,19
3129,790,0,8
3130,790,18,24
3131,790,5,16
3132,790,2,15
3133,790,9,0
3134,791,20,0
3135,791,5,13
3136,791,8,21
3137,791,1,16
3138,792,5,13
3139,792,7,1
3140,792,22,11
3141,792,3,22
3142,792,3,22
3143,792,23,14
3144,792,10,3
3145,793,8,10
3146,793,15,19
3147,793,7,23
3148,793,24,5
3149,793,0,7
3150,793,10,18
3151,793,0,21
3152,794,19,2
3153,794,2,9
3154,794,5,21
3155,795,11,13
3156,795,21,17
3157,795,14,2
3158,795,12,6
3159,796,18,7
3160,796,4,13
3161,796,2,0
3162,796,15,12
3163,796,6,3
3164,797,14,8
3165,797,7,4
3166,797,0,15
3167,797,1,22
3168,797,24,13
3169,798,17,2
3170,798,0,20
3171,798,20,2
3172,798,6,23
3173,798,0,7
3174,799,24,13
3175,799,16,23
3176,799,16,5
3177,799,5,16
3178,799,11,2
3179,799,14,11
3180,799,15,0
3181,799,18,12
3182,800,2,17
3183,800,3,15
3184,800,20,18
3185,800,13,1
3186,801,22,24
3187,801,18,9
3188,801,1,23
3189,801,14,4
3190,801,18,20
3191,801,7,16
3192,802,20,3
3193,802,1,12
3194,802,18,15
3195,802,10,17
3196,802,24,7
3197,802,20,14
3198,803,14,15
3199,803,20,18
3200,803,4,24
3201,803,15,4
3202,803,12,0
3203,804,4,10
3204,804,18,11
3205,805,14,8
3206,805,15,4
3207,805,5,22
3208,805,15,19
3209,805,1,10
3210,805,15,22
3211,806,23,20
3212,806,16,9
3213,806,9,22
3214,806,3,12
3215,806,2,11
3216,806,0,2
3217,806,20,14
3218,807,6,9
3219,807,15,7
3220,807,1,9
3221,807,2,21
3222,807,18,14
3223,808,17,11
3224,808,19,15
3225,808,8,6
3226,808,22,14
3227,809,0,12
3228,809,23,19
3229,809,14,22
3230,809,20,2
3231,810,5,16
3232,810,16,9
3233,810,18,4
3234,810,1,21
3235,810,6,8
3236,810,6,22
3237,811,19,11
3238,811,7,9
3239,811,4,19
3240,812,1,17
3241,812,21,14
3242,812,8,17
3243,812,18,14
3244,812,17,9
3245,812,17,20
3246,813,7,11
3247,813,9,12
3248,813,1,12
3249,814,19,17
3250,815,3,10
3251,815,8,1
3252,815,0,18
3253,815,15,22
3254,816,15,2
3255,816,6,22
3256,816,13,17
3257,816,18,12
3258,817,16,10
3259,818,23,6
3260,818,10,21
3261,819,18,7
3262,819,12,19
3263,819,3,17
3264,819,19,7
3265,819,14,3
3266,819,7,17
3267,820,3,6
3268,820,18,20
3269,820,15,19
3270,821,13,20
3271,821,0,9
3272,821,11,2
3273,822,5,17
3274,822,23,7
3275,822,2,8
3276,822,15,6
3277,823,6,21
3278,823,24,22
3279,824,13,4
3280,824,12,18
3281,824,1,15
3282,824,17,5
3283,824,2,0
3284,825,22,9
3285,825,15,21
3286,825,2,22
3287,825,4,20
3288,826,11,13
3289,826,5,22
3290,827,12,19
3291,827,24,17
3292,827,17,7
3293,827,20,12
3294,827,10,21
3295,827,15,0
3296,827,0,22
3297,827,1,21
3298,827,21,13
3299,828,6,2
3300,828,2,13
3301,828,23,9
3302,829,0,18
3303,829,22,6
3304,830,5,1
3305,830,6,2
3306,830,10,6
3307,831,17,13
3308,831,4,16
3309,831,24,18
3310,831,1,18
3311,831,23,8
3312,831,24,15
3313,831,18,12
3314,832,12,0
3315,832,2,11
3316,832,1,7
3317,832,10,3
3318,833,0,15
3319,833,1,14
3320,833,12,5
3321,833,20,6
3322,833,9,21
3323,833,10,22
3324,834,9,21
3325,834,15,18
3326,834,6,16
3327,834,14,16
3328,835,20,19
3329,835,15,23
3330,835,10,18
3331,835,10,22
3332,835,14,3
3333,836,16,20
3334,836,24,6
3335,836,18,2
3336,836,12,4
3337,837,20,2
3338,837,7,5
3339,837,17,2
3340,838,0,17
3341,838,3,24
3342,839,9,21
3343,839,0,24
3344,839,0,17
3345,839,7,19
3346,839,24,13
3347,840,7,9
3348,840,19,10
3349,840,15,24
3350,840,23,11
3351,840,12,9
3352,840,22,16
3353,840,4,8
3354,840,4,0
3355,840,24,3
3356,841,13,6
3357,841,18,2
3358,841,13,4
3359,841,10,17
3360,841,8,11
3361,841,15,12
3362,842,11,17
3363,842,8,24
3364,842,9,3
3365,842,17,0
3366,842,19,3
3367,842,18,3
3368,842,0,13
3369,842,14,5
3370,842,5,4
3371,842,20,7
3372,842,6,22
3373,843,5,13
3374,843,3,24
3375,843,9,20
3376,843,13,19
3377,843,20,3
3378,843,19,21
3379,844,9,10
3380,844,10,17
3381,844,24,1
3382,844,0,7
3383,844,13,24
3384,844,20,3
3385,844,14,1
3386,845,8,12
3387,845,24,21
3388,845,14,15
3389,846,16,23
3390,846,2,20
3391,846,2,24
3392,846,15,9
3393,846,7,10
3394,846,6,8
3395,847,6,12
3396,847,0,20
3397,848,22,14
3398,848,18,6
3399,848,14,4
3400,848,17,4
3401,848,23,5
3402,848,7,19
3403,849,17,9
3404,849,3,9
3405,849,17,21
3406,849,1,8
3407,849,16,6
3408,850,18,7
3409,850,15,1
3410,851,18,7
3411,851,23,17
3412,851,1,16
3413,851,5,13
3414,851,17,8
3415,851,22,18
3416,851,0,7
3417,851,23,10
3418,851,12,18
3419,851,13,6
3420,852,7,0
3421,852,14,0
3422,852,1,16
3423,852,9,17
3424,852,21,12
3425,852,13,4
3426,852,9,22
3427,852,17,24
3428,852,20,14
3429,853,17,19
3430,853,22,0
3431,854,13,10
3432,854,14,18
3433,854,10,12
3434,854,20,3
3435,854,15,14
3436,855,2,24
3437,855,13,7
3438,856,23,21
3439,856,11,3
3440,856,12,4
3441,856,21,5
3442,856,12,24
3443,856,5,12
3444,857,17,6
3445,857,19,8
3446,857,4,22
3447,858,13,1
3448,858,16,10
3449,858,22,5
3450,858,15,22
3451,858,19,16
3452,859,7,15
3453,859,19,8
3454,859,20,22
3455,859,11,20
3456,859,10,6
3457,860,18,4
3458,860,23,14
3459,860,5,13
3460,861,8,11
3461,861,17,24
3462,862,3,22
3463,862,16,22
3464,862,24,2
3465,862,8,6
3466,862,12,16
3467,863,10,12
3468,863,15,4
3469,863,6,2
3470,863,8,6
3471,863,3,19
3472,863,7,15
3473,864,19,8
3474,864,8,4
3475,864,13,19
3476,865,12,6
3477,865,9,6
3478,865,11,17
3479,866,19,9
3480,866,11,24
3481,867,22,19
3482,867,24,16
3483,867,6,21
3484,867,6,18
3485,868,14,0
3486,868,7,13
3487,868,19,17
3488,869,9,12
3489,869,4,2
3490,869,16,14
3491,869,21,0
3492,869,10,2
3493,870,6,16
3494,870,7,22
3495,870,17,3
3496,870,2,12
3497,871,12,3
3498,871,13,20
3499,871,0,6
3500,871,8,12
3501,871,4,20
3502,871,15,17
3503,871,15,9
3504,872,12,19
3505,872,8,0
3506,872,12,22
3507,872,15,17
3508,873,8,18
3509,873,2,4
3510,873,2,5
3511,873,19,20
3512,873,14,24
3513,873,0,22
3514,874,2,11
3515,874,14,18
3516,875,5,18
3517,875,12,10
3518,875,10,8
3519,876,21,2
3520,876,15,13
3521,876,2,23
3522,876,14,2
3523,876,17,14
3524,876,11,0
3525,877,20,0
3526,877,15,23
3527,877,6,4
3528,877,10,23
3529,877,9,2
3530,877,15,23
3531,877,0,7
3532,877,19,20
3533,878,6,19
3534,878,1,9
3535,879,11,8
3536,879,10,20
3537,879,15,6
3538,880,0,10
3539,880,2,17
3540,880,17,1
3541,880,13,6
3542,881,0,11
3543,881,23,14
3544,881,17,5
3545,881,15,0
3546,881,19,1
3547,882,9,22
3548,882,5,14
3549,883,15,23
3550,883,8,20
3551,883,23,20
3552,884,1,24
3553,884,3,12
3554,884,2,19
3555,884,15,11
3556,884,0,17
3557,885,16,8
3558,885,5,21
3559,885,19,20
3560,885,0,8
3561,885,13,11
3562,885,19,10
3563,886,13,23
3564,886,20,2
3565,886,22,19
3566,887,3,23
3567,887,24,13
3568,887,9,15
3569,887,9,12
3570,887,22,0
3571,888,6,23
3572,888,2,14
3573,888,24,2
3574,888,12,21
3575,888,7,3
3576,888,10,7
3577,888,6,24
3578,889,24,9
3579,889,15,1
3580,889,6,22
3581,889,22,15
3582,890,20,12
3583,890,12,23
3584,890,9,12
3585,892,22,3
3586,892,20,18
3587,892,21,0
3588,892,20,12
3589,893,21,14
3590,893,16,1
3591,893,10,19
3592,893,16,8
3593,894,5,1
3594,895,0,2
3595,895,1,5
3596,896,0,22
3597,896,4,18
3598,896,1,22
3599,896,23,11
3600,897,20,14
3601,897,1,8
3602,897,5,4
3603,897,4,17
3604,898,21,7
3605,898,17,20
3606,898,18,10
3607,898,8,22
3608,898,11,1
3609,899,16,22
3610,900,20,4
3611,900,17,5
3612,900,13,19
3613,900,5,12
3614,900,20,5
3615,901,10,0
3616,901,14,10
3617,901,5,24
3618,901,8,16
3619,902,2,22
3620,902,12,9
3621,902,1,19
3622,902,2,11
3623,903,17,4
3624,903,18,24
3625,903,8,14
3626,903,8,2
3627,903,18,0
3628,903,16,24
3629,904,11,5
3630,904,22,11
3631,904,11,9
3632,905,4,7
3633,906,6,10
3634,906,2,18
3635,907,3,5
3636,908,12,0
3637,908,11,20
3638,908,11,24
3639,908,7,18
3640,908,14,11
3641,909,5,16
3642,910,15,3
3643,910,13,22
3644,910,12,19
3645,910,10,14
3646,910,6,8
3647,910,1,17
3648,911,21,19
3649,911,2,19
3650,911,2,21
3651,911,12,16
3652,912,11,19
3653,912,22,12
3654,912,20,8
3655,912,14,22
3656,913,21,1
3657,914,17,10
3658,914,4,21
3659,915,17,3
3660,915,10,24
3661,915,11,2
3662,915,14,6
3663,915,0,10
3664,916,8,16
3665,916,22,14
3666,917,14,8
3667,917,1,13
3668,918,1,4
3669,919,2,13
3670,919,14,24
3671,919,9,17
3672,920,8,5
3673,920,24,17
3674,920,24,21
3675,920,9,13
3676,920,16,19
3677,921,2,6
3678,921,11,15
3679,921,12,8
3680,921,13,6
3681,921,22,0
3682,922,15,11
3683,922,16,5
3684,922,24,4
3685,923,14,1
3686,923,9,12
3687,923,19,20
3688,923,6,17
3689,923,23,21
3690,924,1,4
3691,924,1,17
3692,924,4,5
3693,924,10,1
3694,924,12,2
3695,924,6,2
3696,925,4,19
3697,925,8,17
3698,925,13,23
3699,926,16,22
3700,927,24,16
3701,927,22,10
3702,927,13,2
3703,927,8,4
3704,928,10,8
3705,928,21,18
3706,928,5,12
3707,929,2,16
3708,929,16,0
3709,930,23,0
3710,930,24,12
3711,930,6,20
3712,930,13,4
3713,931,21,24
3714,931,5,20
3715,931,1,9
3716,932,7,13
3717,932,7,17
3718,932,12,22
3719,932,17,6
3720,933,20,8
3721,933,2,15
3722,933,14,10
3723,933,18,4
3724,933,3,0
3725,933,12,15
3726,934,22,11
3727,934,3,0
3728,934,6,24
3729,935,23,15
3730,935,23,9
3731,935,14,18
3732,935,0,2
3733,935,2,18
3734,935,14,21
3735,935,2,17
3736,935,15,18
3737,936,24,6
3738,936,0,15
3739,936,21,2
3740,937,14,7
3741,937,23,1
3742,937,16,10
3743,937,23,1
3744,938,22,20
3745,938,1,17
3746,938,19,21
3747,938,14,15
3748,938,15,18
3749,938,10,14
3750,938,13,2
3751,938,16,1
3752,938,23,2
3753,939,5,11
3754,939,3,18
3755,939,6,4
3756,939,20,9
3757,940,13,5
3758,940,24,0
3759,940,11,22
3760,941,12,23
3761,941,15,4
3762,941,0,21
3763,941,13,2
3764,941,7,14
3765,942,23,1
3766,942,20,4
3767,942,9,17
3768,942,2,23
3769,943,24,20
3770,944,17,23
3771,944,18,20
3772,944,1,17
3773,945,16,20
3774,945,16,24
3775,945,1,12
3776,945,6,3
3777,945,4,20
3778,945,22,14
3779,945,4,13
3780,946,22,14
3781,946,8,19
3782,947,15,12
3783,947,12,5
3784,947,13,5
3785,947,4,19
3786,947,9,3
3787,948,14,12
3788,948,3,11
3789,948,9,3
3790,948,24,16
3791,950,24,21
3792,950,2,14
3793,950,9,0
3794,950,17,24
3795,950,10,0
3796,950,8,21
3797,951,18,24
3798,951,6,19
3799,951,16,18
3800,952,0,7
3801,952,12,10
3802,952,2,18
3803,952,23,3
3804,952,4,22
3805,952,2,17
3806,953,24,6
3807,953,12,0
3808,953,11,8
3809,953,0,19
3810,953,3,16
3811,953,22,4
3812,954,19,15
3813,954,12,24
3814,954,1,4
3815,954,1,17
3816,955,2,12
3817,955,11,14
3818,956,2,9
3819,956,23,1
3820,956,8,19
3821,956,3,16
3822,957,11,22
3823,957,0,16
3824,957,19,16
3825,958,0,21
3826,958,18,9
3827,958,8,6
3828,958,10,7
3829,958,12,10
3830,958,21,10
3831,959,18,10
3832,960,2,24
3833,960,9,22
3834,960,10,7
3835,961,3,11
3836,961,18,3
3837,961,5,16
3838,961,3,1
3839,962,0,7
3840,962,12,21
3841,962,2,8
3842,963,3,15
3843,963,4,21
3844,963,4,6
3845,963,1,19
3846,964,16,8
3847,964,1,3
3848,965,23,8
3849,965,15,21
3850,965,0,16
3851,966,5,16
3852,966,24,13
3853,966,7,0
3854,966,12,24
3855,966,5,8
3856,967,19,13
3857,967,7,1
3858,967,3,6
3859,968,21,23
3860,968,7,13
3861,969,22,8
3862,969,6,8
3863,969,2,9
3864,970,14,22
3865,970,4,16
3866,971,22,18
3867,971,6,21
3868,971,23,6
3869,972,0,13
3870,972,15,6
3871,972,7,21
3872,972,5,7
3873,972,12,0
3874,973,0,22
3875,973,3,20
3876,974,24,17
3877,974,8,20
3878,975,22,13
3879,975,17,10
3880,976,7,14
3881,976,22,0
3882,976,4,24
3883,976,12,6
3884,976,24,3
3885,976,9,20
3886,976,10,12
3887,977,8,18
3888,977,15,2
3889,977,13,10
3890,977,17,11
3891,977,1,24
3892,977,4,0
3893,978,8,4
3894,978,23,0
3895,978,9,12
3896,978,5,7
3897,978,6,0
3898,979,18,15
3899,979,1,13
3900,979,9,0
3901,979,9,11
3902,980,5,23
3903,980,13,20
3904,980,22,11
3905,980,20,22
3906,981,12,15
3907,981,11,24
3908,981,22,20
3909,981,12,0
3910,982,3,1
3911,982,6,4
3912,982,24,13
3913,982,1,4
3914,982,24,0
3915,983,15,12
3916,983,12,5
3917,983,17,4
3918,983,16,12
3919,983,12,0
3920,983,14,22
3921,983,21,1
3922,983,7,0
3923,984,14,16
3924,984,21,23
3925,985,4,13
3926,985,18,2
3927,985,24,20
3928,985,3,7
3929,986,21,6
3930,986,18,0
3931,986,6,4
3932,987,9,22
3933,987,23,16
3934,987,5,20
3935,988,24,13
3936,989,9,6
3937,989,21,19
3938,989,14,2
3939,989,23,10
3940,989,15,0
3941,989,15,4
3942,989,7,15
3943,989,6,3
3944,990,24,6
3945,990,10,14
3946,991,19,13
3947,991,3,19
3948,991,15,2
3949,992,1,15
3950,992,7,18
3951,992,8,4
3952,993,19,17
3953,993,4,22
3954,993,5,2
3955,993,20,5
3956,993,11,2
3957,993,4,11
3958,993,2,4
3959,993,6,2
3960,994,10,16
3961,994,16,19
3962,994,9,1
3963,994,21,12
3964,994,22,18
3965,994,10,2
3966,995,18,7
3967,995,7,15
3968,995,2,14
3969,996,13,19
3970,996,9,22
3971,996,15,17
3972,996,13,5
3973,996,7,0
3974,996,12,22
3975,996,3,12
3976,996,21,4
3977,997,21,18
3978,997,10,18
3979,997,11,0
3980,997,7,21
3981,998,9,5
3982,998,7,11
3983,998,4,23
3984,1000,13,24
3985,1000,10,23
3986,1000,23,8
3987,1000,17,5
3988,1001,2,22
3989,1001,4,15
3990,1001,16,12
3991,1001,23,0
3992,1002,15,22
3993,1003,23,13
3994,1003,5,11
3995,1003,16,10
3996,1003,11,2
3997,1003,23,8
3998,1004,2,18
3999,1004,9,22
4000,1004,19,22
4001,1005,24,5
4002,1005,7,0
4003,1005,14,2
4004,1005,4,10
4005,1005,0,15
4006,1006,16,23
4007,1006,15,24
4008,1006,0,13
4009,1006,3,6
4010,1006,9,22
4011,1006,16,19
4012,1007,19,3
4013,1007,13,7
4014,1007,8,23
4015,1008,21,3
4016,1008,24,21
4017,1008,19,5
4018,1008,18,22
4019,1008,22,5
4020,1009,21,24
4021,1009,0,21
4022,1009,0,20
4023,1009,19,6
4024,1009,6,10
4025,1009,18,4
4026,1010,15,6
4027,1010,16,19
4028,1010,8,18
4029,1010,21,3
4030,1010,12,8
4031,1010,14,21
4032,1011,22,2
4033,1011,10,13
4034,1012,13,2
4035,1012,9,17
4036,1012,20,11
4037,1012,10,9
4038,1012,24,17
4039,1012,2,9
4040,1013,1,14
4041,1013,11,14
4042,1013,24,1
4043,1013,24,10
4044,1013,2,4
4045,1014,21,17
4046,1014,8,23
4047,1014,10,1
4048,1014,19,5
4049,1014,10,13
4050,1014,11,4
4051,1015,4,7
4052,1015,17,24
4053,1016,18,12
4054,1016,14,5
4055,1017,3,9
4056,1017,17,23
4057,1017,16,0
4058,1018,11,24
4059,1019,11,19
4060,1019,22,1
4061,1020,19,2
4062,1020,2,16
4063,1020,22,8
4064,1020,5,23
4065,1020,15,24
4066,1021,21,8
4067,1021,0,17
4068,1021,10,17
4069,1021,0,14
4070,1021,6,17
4071,1021,22,6
4072,1021,8,19
4073,1022,6,19
4074,1022,13,7
4075,1022,3,23
4076,1022,11,13
4077,1023,20,3
4078,1023,13,17
4079,1023,7,21
4080,1023,12,10
4081,1023,7,5
4082,1023,20,3
4083,1024,8,16
4084,1024,0,18
4085,1024,11,19
4086,1025,14,20
4087,1025,20,13
4088,1025,5,7
4089,1026,19,11
4090,1026,6,12
4091,1028,0,20
4092,1028,18,24
4093,1028,2,22
4094,1028,10,12
4095,1028,4,5
4096,1029,0,20
4097,1029,10,9
4098,1030,1,16
4099,1030,6,2
4100,1030,8,0
4101,1030,24,11
4102,1031,20,13
4103,1031,6,3
4104,1031,20,2
4105,1031,16,24
4106,1032,12,1
4107,1032,10,14
4108,1032,15,1
4109,1033,23,6
4110,1033,7,4
4111,1033,23,4
4112,1033,5,20
4113,1033,22,9
4114,1033,15,9
4115,1034,22,10
4116,1034,11,2
4117,1034,6,23
4118,1034,9,23
4119,1035,14,12
4120,1035,2,12
4121,1035,15,4
4122,1036,0,15
4123,1036,6,17
4124,1036,19,15
4125,1036,2,21
4126,1037,13,3
4127,1037,1,21
4128,1037,23,14
4129,1038,24,17
4130,1039,10,18
4131,1039,4,14
4132,1039,9,7
4133,1040,5,2
4134,1040,0,7
4135,1040,15,3
4136,1041,19,7
4137,1042,24,18
4138,1042,8,18
4139,1042,17,11
4140,1042,24,7
4141,1042,5,18
4142,1043,3,6
4143,1043,0,11
4144,1043,21,11
4145,1043,7,23
4146,1043,3,11
4147,1043,17,1
4148,1044,18,1
4149,1044,15,2
4150,1044,7,9
4151,1044,15,1
4152,1045,5,24
4153,1045,2,13
4154,1045,11,24
4155,1045,20,18
4156,1045,19,17
4157,1045,19,11
4158,1045,4,21
4159,1046,8,4
4160,1046,19,5
4161,1046,4,10
4162,1046,5,20
4163,1046,18,24
4164,1047,10,2
4165,1048,7,22
4166,1048,16,22
4167,1049,2,11
4168,1049,16,0
4169,1049,24,8
4170,1049,13,2
4171,1050,17,9
4172,1050,11,24
4173,1050,24,22
4174,1050,13,6
4175,1051,24,9
4176,1051,20,4
4177,1051,13,7
4178,1052,10,7
4179,1052,16,1
4180,1052,5,14
4181,1052,24,17
4182,1053,9,1
4183,1054,2,12
4184,1054,8,24
4185,1054,19,4
4186,1054,21,19
4187,1054,10,9
4188,1054,9,0
4189,1054,14,4
4190,1055,23,16
4191,1056,2,20
4192,1056,14,21
4193,1056,9,11
4194,1056,23,14
4195,1056,22,15
4196,1056,13,0
4197,1056,17,19
4198,1056,7,15
4199,1057,13,3
4200,1057,24,9
4201,1058,23,3
4202,1058,18,20
4203,1058,3,20
4204,1058,16,23
4205,1058,16,4
4206,1059,5,2
4207,1059,10,2
4208,1059,5,24
4209,1059,15,8
4210,1060,12,5
4211,1060,16,1
4212,1060,18,9
4213,1060,12,24
4214,1061,16,20
4215,1061,18,22
4216,1062,12,15
4217,1062,8,24
4218,1062,6,20
4219,1064,6,24
4220,1064,13,6
4221,1064,20,8
4222,1064,19,3
4223,1064,10,7
4224,1064,0,20
4225,1065,16,9
4226,1065,8,16
4227,1066,19,8
4228,1066,20,19
4229,1066,8,12
4230,1066,16,4
4231,1066,12,23
4232,1067,2,4
4233,1067,24,0
4234,1068,7,14
4235,1069,20,2
4236,1069,10,3
4237,1069,9,18
4238,1069,14,15
4239,1069,15,5
4240,1069,11,1
4241,1069,20,22
4242,1070,13,20
4243,1070,10,19
4244,1070,5,23
4245,1070,19,0
4246,1071,20,24
4247,1071,11,14
4248,1071,12,3
4249,1071,16,4
4250,1072,3,6
4251,1072,24,10
4252,1073,17,24
4253,1073,17,10
4254,1074,17,24
4255,1074,7,4
4256,1074,7,10
4257,1074,4,20
4258,1074,12,15
4259,1075,4,13
4260,1075,8,21
4261,1075,6,24
4262,1075,1,12
4263,1076,22,7
4264,1076,14,0
4265,1076,6,14
4266,1076,14,11
4267,1077,1,7
4268,1077,1,16
4269,1078,6,24
4270,1078,16,5
4271,1079,7,11
4272,1079,15,5
4273,1079,13,16
4274,1080,11,15
4275,1080,11,22
4276,1080,4,21
4277,1080,7,23
4278,1081,16,4
4279,1081,23,20
4280,1081,0,22
4281,1082,24,21
4282,1082,0,3
4283,1082,7,4
4284,1083,11,21
4285,1083,10,8
4286,1083,6,20
4287,1083,6,20
4288,1084,0,8
4289,1084,23,7
4290,1084,11,24
4291,1085,21,14
4292,1085,10,0
4293,1086,20,8
4294,1086,8,15
4295,1086,16,22
4296,1086,5,14
4297,1086,2,24
4298,1087,16,10
4299,1087,9,0
4300,1087,11,0
4301,1087,13,10
4302,1087,19,15
4303,1088,12,4
4304,1088,6,4
4305,1088,22,0
4306,1089,14,5
4307,1089,5,16
4308,1090,13,5
4309,1090,14,6
4310,1090,16,19
4311,1090,13,5
4312,1091,2,20
4313,1091,5,21
4314,1091,13,10
4315,1091,20,9
4316,1091,1,23
4317,1091,12,3
4318,1092,6,10
4319,1092,18,2
4320,1092,1,16
4321,1092,11,17
4322,1092,11,9
4323,1092,19,0
4324,1092,5,8
4325,1093,13,10
4326,1093,8,12
4327,1093,15,4
4328,1093,7,13
4329,1093,24,21
4330,1094,23,5
4331,1094,7,20
4332,1094,24,20
4333,1094,16,9
4334,1095,14,24
4335,1095,22,6
4336,1095,10,4
4337,1095,3,24
4338,1095,16,4
4339,1095,15,12
4340,1095,11,24
4341,1095,13,1
4342,1096,22,14
4343,1096,10,2
4344,1096,3,9
4345,1096,9,10
4346,1096,4,6
4347,1096,17,5
4348,1096,9,18
4349,1096,6,15
4350,1097,6,15
4351,1097,19,10
4352,1097,4,2
4353,1097,14,22
4354,1098,15,13
4355,1098,0,13
4356,1099,0,2
4357,1099,10,9
4358,1099,7,11
4359,1099,15,19
4360,1099,12,16
4361,1099,14,15
4362,1099,13,6
4363,1100,21,15
4364,1100,4,0
4365,1100,2,6
4366,1101,18,5
4367,1101,5,20
4368,1101,24,22
4369,1102,21,18
4370,1102,4,6
4371,1102,7,17
4372,1103,4,20
4373,1104,11,17
4374,1104,18,6
4375,1104,22,6
4376,1104,23,5
4377,1104,13,17
4378,1105,20,2
4379,1105,0,11
4380,1105,6,9
4381,1106,8,23
4382,1106,10,20
4383,1106,9,24
4384,1106,0,13
4385,1107,11,4
4386,1107,1,8
4387,1107,22,12
4388,1108,11,24
4389,1108,16,23
4390,1109,24,14
4391,1109,21,1
4392,1109,4,11
4393,1110,18,15
4394,1110,17,13
4395,1111,17,1
4396,1111,20,0
4397,1111,7,23
4398,1111,7,0
4399,1111,5,23
4400,1111,23,19
4401,1111,14,6
4402,1112,16,4
4403,1112,18,9
4404,1112,21,10
4405,1112,6,9
4406,1112,1,18
4407,1113,10,3
4408,1113,10,1
4409,1113,6,9
4410,1114,0,13
4411,1114,15,11
4412,1114,8,15
4413,1114,20,13
4414,1114,21,17
4415,1114,12,2
4416,1115,22,19
4417,1115,0,22
4418,1115,11,24
4419,1115,20,1
4420,1116,22,15
4421,1116,8,15
4422,1116,22,6
4423,1116,14,17
4424,1116,18,5
4425,1116,16,18
4426,1117,17,6
4427,1117,24,8
4428,1117,24,16
4429,1117,17,15
4430,1118,4,5
4431,1118,20,3
4432,1118,24,21
4433,1118,21,11
4434,1118,0,6
4435,1119,7,0
4436,1119,2,19
4437,1119,3,23
4438,1119,21,4
4439,1119,3,18
4440,1119,24,8
4441,1119,11,4
4442,1120,8,6
4443,1120,11,0
4444,1120,19,8
4445,1120,15,14
4446,1120,6,3
4447,1120,14,23
4448,1121,23,19
4449,1121,21,15
4450,1122,23,19
4451,1122,19,0
4452,1122,2,9
4453,1122,21,3
4454,1123,0,13
4455,1123,6,0
4456,1123,0,16
4457,1123,10,18
4458,1123,14,4
4459,1124,10,4
4460,1124,12,0
4461,1124,15,11
4462,1124,14,16
4463,1124,21,2
4464,1124,14,23
4465,1125,23,13
4466,1125,18,21
4467,1125,3,18
4468,1125,19,21
4469,1126,20,19
4470,1126,23,15
4471,1126,24,6
4472,1126,10,8
4473,1126,0,2
4474,1127,4,14
4475,1127,24,11
4476,1127,19,0
4477,1127,6,2
4478,1128,1,3
4479,1128,2,0
4480,1128,4,23
4481,1128,21,4
4482,1128,4,10
4483,1129,18,7
4484,1129,21,18
4485,1129,6,14
4486,1129,5,11
4487,1130,20,22
4488,1130,15,19
4489,1131,2,24
4490,1133,4,0
4491,1133,0,3
4492,1133,8,2
4493,1133,1,11
4494,1134,2,5
4495,1135,0,19
4496,1135,13,22
4497,1135,19,23
4498,1135,6,22
4499,1135,18,22
4500,1135,24,7
4501,1137,21,8
4502,1137,10,2
4503,1137,6,13
4504,1139,18,16
4505,1139,7,24
4506,1139,24,14
4507,1139,20,13
4508,1139,18,14
4509,1140,19,2
4510,1140,24,15
4511,1141,13,10
4512,1141,4,21
4513,1141,0,17
4514,1142,9,0
4515,1142,22,19
4516,1142,17,19
4517,1142,17,1
4518,1142,4,19
4519,1142,1,19
4520,1142,23,8
4521,1142,1,10
4522,1143,16,0
4523,1143,17,10
4524,1143,14,23
4525,1144,10,24
4526,1144,22,19
4527,1144,10,22
4528,1144,14,24
4529,1144,16,5
4530,1145,5,13
4531,1145,2,0
4532,1145,4,15
4533,1146,14,2
4534,1147,16,18
4535,1147,19,23
4536,1147,6,12
4537,1148,9,10
4538,1148,12,18
4539,1148,8,20
4540,1148,13,3
4541,1148,14,2
4542,1148,23,1
4543,1149,6,17
4544,1149,4,21
4545,1150,18,11
4546,1151,6,19
4547,1151,11,13
4548,1151,24,1
4549,1151,22,18
4550,1151,20,4
4551,1151,16,12
4552,1152,20,17
4553,1152,5,22
4554,1153,20,6
4555,1153,10,0
4556,1153,9,19
4557,1154,11,19
4558,1154,21,23
4559,1154,16,12
4560,1154,8,17
4561,1154,13,16
4562,1154,10,7
4563,1155,7,17
4564,1155,3,1
4565,1155,15,3
4566,1155,5,2
4567,1155,3,20
4568,1155,19,13
4569,1156,20,19
4570,1156,22,10
4571,1156,5,2
4572,1156,11,4
4573,1156,19,8
4574,1157,16,2
4575,1157,5,4
4576,1157,12,19
4577,1157,14,0
4578,1157,18,10
4579,1157,7,9
4580,1158,18,2
4581,1158,21,0
4582,1158,15,9
4583,1159,19,20
4584,1159,4,16
4585,1159,9,12
4586,1159,16,23
4587,1159,20,17
4588,1160,7,13
4589,1160,17,2
4590,1160,1,21
4591,1160,3,1
4592,1160,6,9
4593,1161,16,0
4594,1161,9,23
4595,1161,17,24
4596,1161,5,22
4597,1162,1,16
4598,1162,23,4
4599,1162,9,17
4600,1162,4,18
4601,1163,15,8
4602,1163,8,19
4603,1163,3,9
4604,1163,15,14
4605,1164,2,16
4606,1164,12,9
4607,1164,14,5
4608,1164,16,24
4609,1164,5,21
4610,1165,3,15
4611,1165,22,15
4612,1165,14,17
4613,1165,0,18
4614,1165,12,10
4615,1165,24,1
4616,1166,19,21
4617,1166,0,19
4618,1166,11,3
4619,1166,19,1
4620,1167,3,14
4621,1167,14,8
4622,1167,5,19
4623,1167,11,0
4624,1167,24,0
4625,1167,7,3
4626,1168,16,18
4627,1168,1,12
4628,1168,7,3
4629,1168,21,14
4630,1169,0,23
4631,1169,0,13
4632,1169,23,19
4633,1169,23,2
4634,1169,11,7
4635,1170,8,11
4636,1170,9,20
4637,1170,17,24
4638,1171,23,4
4639,1172,11,19
4640,1172,2,21
4641,1172,20,24
4642,1172,8,18
4643,1173,2,19
4644,1173,23,15
4645,1173,1,18
4646,1173,6,24
4647,1173,8,6
4648,1174,7,19
4649,1174,3,17
4650,1174,12,15
4651,1175,20,14
4652,1175,3,13
4653,1176,22,9
4654,1176,5,8
4655,1176,2,22
4656,1177,21,19
4657,1177,1,20
4658,1177,4,20
4659,1178,2,12
4660,1178,24,7
4661,1178,19,4
4662,1178,18,12
4663,1178,19,7
4664,1178,24,5
4665,1178,22,14
4666,1178,12,4
4667,1179,16,0
4668,1179,22,13
4669,1180,0,12
4670,1180,8,11
4671,1180,23,20
4672,1180,24,3
4673,1181,1,21
4674,1181,0,24
4675,1181,22,20
4676,1181,11,4
4677,1182,1,24
4678,1182,15,1
4679,1182,3,14
4680,1182,0,20
4681,1183,11,22
4682,1183,22,15
4683,1183,10,17
4684,1183,13,23
4685,1184,19,20
4686,1184,21,7
4687,1185,1,20
4688,1185,24,18
4689,1185,21,17
4690,1185,11,19
4691,1185,24,16
4692,1186,1,15
4693,1186,24,2
4694,1187,12,2
4695,1187,24,0
4696,1187,18,21
4697,1187,7,3
4698,1187,4,20
4699,1187,7,22
4700,1188,19,2
4701,1188,3,24
4702,1188,22,15
4703,1188,3,9
4704,1189,24,22
4705,1189,7,0
4706,1189,12,24
4707,1189,12,24
4708,1190,22,11
4709,1190,23,13
4710,1190,16,20
4711,1190,23,16
4712,1191,15,24
4713,1191,10,1
4714,1191,3,22
4715,1191,6,23
4716,1191,13,19
4717,1191,12,22
4718,1192,23,8
4719,1192,11,5
4720,1192,17,11
4721,1192,3,16
4722,1193,15,8
4723,1193,3,21
4724,1194,23,14
4725,1194,12,0
4726,1194,10,14
4727,1196,12,1
4728,1196,0,21
4729,1196,17,19
4730,1196,6,12
4731,1196,15,12
4732,1196,9,23
4733,1197,0,13
4734,1197,22,13
4735,1197,7,18
4736,1197,11,13
4737,1197,21,13
4738,1197,8,6
4739,1198,2,17
4740,1198,4,24
4741,1198,14,7
4742,1198,13,21
4743,1199,12,4
4744,1199,3,7
4745,1199,10,1
4746,1199,3,14
4747,1199,8,17
4748,1199,4,10
4749,1200,2,17
4750,1200,3,20
4751,1200,12,22
4752,1200,1,5
4753,1201,7,15
4754,1201,14,0
4755,1201,19,15
4756,1201,12,18
4757,1201,7,15
4758,1201,0,6
4759,1201,3,15
4760,1202,1,20
4761,1202,20,14
4762,1202,15,14
4763,1202,5,11
4764,1202,2,9
4765,1203,21,11
4766,1203,17,2
4767,1203,1,3
4768,1203,17,3
4769,1203,9,5
4770,1203,2,9
4771,1203,9,12
4772,1204,23,20
4773,1204,22,14
4774,1204,8,5
4775,1204,5,7
4776,1204,15,7
4777,1205,21,3
4778,1205,18,5
4779,1205,5,1
4780,1205,14,21
4781,1205,12,8
4782,1206,19,12
4783,1206,24,6
4784,1206,16,2
4785,1206,18,24
4786,1206,11,5
4787,1206,16,14
4788,1206,20,10
4789,1206,15,13
4790,1207,14,23
4791,1207,8,1
4792,1207,10,3
4793,1208,16,12
4794,1208,8,17
4795,1208,1,13
4796,1209,9,5
4797,1209,8,20
4798,1209,21,10
4799,1209,8,24
4800,1210,24,18
4801,1210,21,2
4802,1211,16,6
4803,1211,13,2
4804,1211,22,24
4805,1211,13,17
4806,1211,4,11
4807,1212,14,5
4808,1212,24,6
4809,1212,24,8
4810,1212,21,19
4811,1212,4,1
4812,1212,11,7
4813,1212,24,6
4814,1212,21,3
4815,1213,8,12
4816,1213,6,17
4817,1213,5,22
4818,1213,20,16
4819,1214,18,0
4820,1214,23,5
4821,1215,3,7
4822,1215,6,20
4823,1215,7,22
4824,1215,3,11
4825,1215,13,0
4826,1215,0,4
4827,1215,6,3
4828,1215,9,1
4829,1215,22,19
4830,1215,1,7
4831,1215,9,7
4832,1216,14,17
4833,1216,6,20
4834,1216,5,9
4835,1216,3,15
4836,1217,8,14
4837,1217,9,23
4838,1217,4,7
4839,1217,6,0
4840,1217,7,18
4841,1217,1,14
4842,1218,1,13
4843,1218,14,17
4844,1218,18,11
4845,1218,18,0
4846,1218,20,22
4847,1218,14,16
4848,1218,21,24
4849,1219,23,14
4850,1219,12,6
4851,1220,12,10
4852,1220,11,22
4853,1220,6,4
4854,1220,20,11
4855,1220,9,19
4856,1220,21,2
4857,1220,0,21
4858,1220,23,5
4859,1221,18,10
4860,1221,21,18
4861,1221,2,9
4862,1222,21,5
4863,1222,8,20
4864,1222,7,9
4865,1222,24,6
4866,1222,16,7
4867,1223,22,24
4868,1223,13,20
4869,1223,12,6
4870,1223,1,4
4871,1223,22,10
4872,1224,21,7
4873,1224,14,18
4874,1225,1,5
4875,1225,19,9
4876,1226,15,13
4877,1226,16,9
4878,1226,8,12
4879,1226,24,1
4880,1227,18,5
4881,1227,1,23
4882,1227,7,23
4883,1227,10,22
4884,1228,1,20
4885,1228,14,20
4886,1228,22,4
4887,1228,23,12
4888,1228,15,2
4889,1228,14,6
4890,1229,13,2
4891,1229,24,5
4892,1229,2,21
4893,1229,12,16
4894,1229,0,4
4895,1230,13,2
4896,1230,19,16
4897,1230,5,11
4898,1231,14,6
4899,1231,8,22
4900,1231,1,14
4901,1231,15,3
4902,1232,18,2
4903,1232,22,12
4904,1233,0,14
4905,1233,24,11
4906,1234,1,18
4907,1234,1,3
4908,1234,24,1
4909,1235,6,24
4910,1235,0,2
4911,1235,13,16
4912,1236,1,13
4913,1236,7,5
4914,1236,12,10
4915,1236,8,15
4916,1236,0,12
4917,1237,1,24
4918,1237,12,3
4919,1237,7,20
4920,1237,7,20
4921,1238,2,18
4922,1238,9,10
4923,1239,16,3
4924,1239,16,10
4925,1239,16,24
4926,1239,23,10
4927,1239,20,9
4928,1239,23,17
4929,1239,15,13
4930,1240,24,21
4931,1240,12,3
4932,1241,16,14
4933,1241,4,24
4934,1241,4,6
4935,1241,20,6
4936,1242,9,13
4937,1242,3,1
4938,1242,8,0
4939,1243,9,1
4940,1243,13,0
4941,1243,13,3
4942,1243,10,12
4943,1243,16,19
4944,1243,12,1
4945,1243,3,20
4946,1243,20,7
4947,1244,7,14
4948,1244,20,10
4949,1245,3,0
4950,1245,12,9
4951,1245,4,11
4952,1246,23,7
4953,1246,0,24
4954,1246,24,11
4955,1247,21,9
4956,1247,17,4
4957,1247,1,24
4958,1247,24,14
4959,1248,18,12
4960,1248,16,8
4961,1248,4,21
4962,1248,15,18
4963,1249,13,3
4964,1249,15,0
4965,1249,12,4
4966,1249,11,14
4967,1250,20,13
4968,1250,13,4
4969,1250,2,17
4970,1251,8,0
4971,1252,7,18
4972,1252,14,18
4973,1252,5,4
4974,1252,15,21
4975,1252,17,19
4976,1253,8,6
4977,1253,7,9
4978,1254,3,22
4979,1254,4,11
4980,1254,22,15
4981,1254,13,24
4982,1254,17,21
4983,1254,5,9
4984,1254,17,5
4985,1255,11,19
4986,1255,15,19
4987,1255,23,5
4988,1256,10,18
4989,1256,17,21
4990,1256,13,1
4991,1256,16,4
4992,1256,7,22
4993,1256,8,0
4994,1256,1,20
4995,1257,21,4
4996,1257,4,19
4997,1258,13,22
4998,1259,12,14
4999,1259,0,22
5000,1259,22,7
5001,1259,7,3
5002,1259,0,19
5003,1259,0,14
5004,1259,22,12
5005,1260,9,1
5006,1260,10,22
5007,1260,9,13
5008,1260,13,20
5009,1260,10,4
5010,1261,19,21
5011,1261,21,2
5012,1262,14,12
5013,1262,15,21
5014,1262,9,0
5015,1262,24,13
5016,1262,11,19
5017,1262,5,13
5018,1263,15,14
5019,1263,0,11
5020,1264,15,8
5021,1264,22,5
5022,1265,9,15
5023,1265,6,24
5024,1265,18,0
5025,1265,15,17
5026,1265,9,5
5027,1266,7,16
5028,1266,24,14
5029,1266,11,19
5030,1266,9,24
5031,1266,9,12
5032,1267,23,12
5033,1267,11,18
5034,1268,8,23
5035,1268,12,22
5036,1268,12,19
5037,1268,17,13
5038,1268,21,8
5039,1269,9,19
5040,1270,22,20
5041,1270,20,5
5042,1271,0,22
5043,1271,10,0
5044,1271,0,13
5045,1272,4,1
5046,1272,9,17
5047,1272,8,10
5048,1272,7,13
5049,1273,11,8
5050,1273,11,21
5051,1273,12,0
5052,1273,5,18
5053,1273,8,11
5054,1273,7,19
5055,1273,4,19
5056,1274,16,8
5057,1274,19,20
5058,1274,8,15
5059,1274,5,15
5060,1275,5,12
5061,1275,12,14
5062,1276,20,19
5063,1277,5,15
5064,1277,3,14
5065,1277,9,2
5066,1277,4,17
5067,1277,20,14
5068,1278,8,17
5069,1278,2,5
5070,1278,19,5
5071,1278,21,3
5072,1278,7,17
5073,1278,4,12
5074,1278,19,4
5075,1278,11,18
5076,1279,1,18
5077,1279,2,13
5078,1279,8,2
5079,1279,8,0
5080,1280,20,22
5081,1280,20,11
5082,1280,19,13
5083,1280,0,2
5084,1281,18,12
5085,1281,10,6
5086,1281,24,15
5087,1282,4,12
5088,1282,0,19
5089,1282,3,9
5090,1282,15,5
5091,1282,9,13
5092,1283,24,0
5093,1283,6,15
5094,1283,13,3
5095,1284,21,7
5096,1285,9,5
5097,1285,15,8
5098,1285,6,17
5099,1286,6,20
5100,1286,11,22
5101,1287,8,15
5102,1287,5,3
5103,1287,13,15
5104,1288,4,16
5105,1288,2,0
5106,1288,15,8
5107,1288,9,3
5108,1288,24,5
5109,1289,2,16
5110,1289,10,4
5111,1289,19,8
5112,1290,23,0
5113,1290,23,5
5114,1291,4,10
5115,1291,14,11
5116,1291,10,4
5117,1291,10,14
5118,1292,9,13
5119,1292,6,13
5120,1292,0,3
5121,1292,5,2
5122,1292,13,11
5123,1293,9,1
5124,1293,9,11
5125,1293,18,15
5126,1293,0,21
5127,1293,20,6
5128,1294,19,10
5129,1294,23,6
5130,1294,0,23
5131,1294,3,5
5132,1294,6,8
5133,1294,19,7
5134,1295,22,13
5135,1295,14,12
5136,1295,9,2
5137,1295,13,0
5138,1295,8,17
5139,1295,5,15
5140,1295,12,16
5141,1296,19,16
5142,1296,9,11
5143,1296,21,4
5144,1297,11,7
5145,1297,6,19
5146,1297,0,22
5147,1298,22,3
5148,1298,16,19
5149,1299,20,22
5150,1299,5,18
5151,1299,8,20
5152,1299,0,11
5153,1299,13,17
5154,1300,6,20
5155,1300,23,11
5156,1300,17,11
5157,1300,1,7
5158,1301,24,12
5159,1301,2,17
5160,1301,21,10
5161,1301,19,3
5162,1301,0,14
5163,1301,2,16
5164,1302,21,23
5165,1302,1,16
5166,1302,10,2
5167,1302,13,6
5168,1303,17,9
5169,1303,21,1
5170,1304,13,16
5171,1304,21,19
5172,1304,13,11
5173,1305,19,0
5174,1305,9,13
5175,1305,3,15
5176,1305,24,5
5177,1306,20,19
5178,1306,3,9
5179,1306,8,11
5180,1307,17,6
5181,1307,9,5
5182,1307,3,19
5183,1307,1,9
5184,1307,12,0
5185,1308,13,9
5186,1308,3,10
5187,1308,16,14
5188,1308,23,10
5189,1309,12,6
5190,1309,5,23
5191,1309,21,15
5192,1309,24,7
5193,1309,15,17
5194,1309,4,17
5195,1310,19,17
5196,1310,6,20
5197,1310,2,5
5198,1310,2,20
5199,1310,10,14
5200,1310,18,12
5201,1310,3,19
5202,1311,2,8
5203,1311,22,12
5204,1312,19,1
5205,1312,17,23
5206,1312,11,7
5207,1312,21,8
5208,1312,1,24
5209,1312,0,2
5210,1312,12,5
5211,1312,19,10
5212,1313,23,3
5213,1313,3,14
5214,1313,0,3
5215,1313,24,8
5216,1313,7,9
5217,1314,16,5
5218,1315,22,1
5219,1315,22,13
5220,1315,6,19
5221,1315,1,3
5222,1316,1,12
5223,1316,4,1
5224,1317,10,20
5225,1317,2,15
5226,1317,3,21
5227,1317,2,23
5228,1317,15,4
5229,1317,3,17
5230,1317,7,14
5231,1317,16,3
5232,1318,18,24
5233,1318,16,5
5234,1318,0,14
5235,1318,6,23
5236,1319,7,14
5237,1321,8,0
5238,1321,21,18
5239,1321,14,16
5240,1322,14,23
5241,1322,24,11
5242,1322,3,19
5243,1322,1,23
5244,1322,24,7
5245,1323,10,18
5246,1323,17,1
5247,1323,23,8
5248,1324,17,0
5249,1325,4,20
5250,1325,2,21
5251,1325,17,23
5252,1326,12,6
5253,1326,5,9
5254,1326,0,15
5255,1326,3,12
5256,1327,22,18
5257,1327,17,24
5258,1328,7,16
5259,1328,20,1
5260,1328,1,11
5261,1328,1,7
5262,1329,5,24
5263,1330,21,6
5264,1330,19,21
5265,1330,18,15
5266,1331,9,19
5267,1331,2,8
5268,1332,23,11
5269,1332,1,20
5270,1333,20,9
5271,1333,23,0
5272,1333,20,11
5273,1333,12,8
5274,1333,5,18
5275,1333,4,1
5276,1333,17,21
5277,1334,17,23
5278,1334,18,24
5279,1334,1,4
5280,1334,12,15
5281,1334,5,23
5282,1335,3,10
5283,1335,16,10
5284,1335,20,8
5285,1336,22,24
5286,1336,5,18
5287,1337,10,9
5288,1337,21,0
5289,1337,23,8
5290,1337,6,3
5291,1338,0,9
5292,1338,14,4
5293,1338,19,23
5294,1338,7,9
5295,1338,11,15
5296,1338,13,21
5297,1339,17,15
5298,1339,7,21
5299,1340,22,6
5300,1340,13,4
5301,1340,17,13
5302,1341,23,7
5303,1341,0,19
5304,1341,0,16
5305,1341,2,23
5306,1342,22,19
5307,1342,18,6
5308,1342,3,12
5309,1342,3,9
5310,1343,18,14
5311,1343,19,0
5312,1343,1,9
5313,1343,0,12
5314,1343,23,9
5315,1344,2,4
5316,1344,6,16
5317,1344,21,23
5318,1344,9,19
5319,1344,17,7
5320,1345,19,9
5321,1345,12,0
5322,1346,1,21
5323,1346,20,16
5324,1346,4,18
5325,1347,10,0
5326,1347,1,18
5327,1347,22,7
5328,1348,8,22
5329,1348,21,1
5330,1348,5,24
5331,1348,9,7
5332,1349,19,17
5333,1349,23,6
5334,1349,9,7
5335,1349,2,13
5336,1349,13,3
5337,1349,6,0
5338,1350,9,15
5339,1350,11,20
5340,1350,11,18
5341,1350,10,4
5342,1350,16,6
5343,1350,21,2
5344,1351,18,24
5345,1351,1,20
5346,1351,21,23
5347,1351,5,17
5348,1352,7,0
5349,1352,9,1
5350,1352,17,23
5351,1352,20,6
5352,1353,10,8
5353,1353,8,19
5354,1354,12,9
5355,1354,19,8
5356,1354,19,10
5357,1354,5,13
5358,1354,0,6
5359,1355,21,10
5360,1355,21,13
5361,1355,6,15
5362,1355,4,10
5363,1356,11,20
5364,1356,6,22
5365,1356,9,18
5366,1356,3,23
5367,1357,22,13
5368,1357,21,5
5369,1358,7,4
5370,1358,14,3
5371,1358,9,3
5372,1359,24,14
5373,1359,0,15
5374,1359,15,17
5375,1359,6,22
5376,1359,0,18
5377,1359,17,23
5378,1360,2,16
5379,1360,8,4
5380,1360,11,19
5381,1361,0,8
5382,1361,11,19
5383,1361,19,7
5384,1361,6,20
5385,1361,19,0
5386,1361,1,19
5387,1362,8,16
5388,1362,16,19
5389,1362,3,0
5390,1363,1,8
5391,1363,7,5
5392,1363,18,21
5393,1363,1,17
5394,1363,13,20
5395,1363,14,4
5396,1364,10,12
5397,1364,12,16
5398,1364,16,18
5399,1364,9,23
5400,1364,18,15
5401,1364,21,1
5402,1365,2,0
5403,1365,7,22
5404,1365,17,9
5405,1365,7,1
5406,1365,23,12
5407,1366,14,7
5408,1367,17,23
5409,1367,20,23
5410,1367,2,0
5411,1367,0,11
5412,1368,5,11
5413,1368,10,2
5414,1368,10,19
5415,1368,2,22
5416,1368,19,7
5417,1369,14,1
5418,1369,0,6
5419,1369,6,9
5420,1369,18,3
5421,1370,13,6
5422,1370,23,15
5423,1370,2,6
5424,1371,23,5
5425,1371,1,12
5426,1371,1,20
5427,1372,4,22
5428,1372,22,15
5429,1372,11,23
5430,1372,7,11
5431,1372,16,23
5432,1372,8,2
5433,1373,13,21
5434,1373,15,18
5435,1373,16,6
5436,1373,5,14
5437,1373,0,8
5438,1373,9,1
5439,1373,23,3
5440,1374,2,16
5441,1374,24,4
5442,1374,20,16
5443,1374,22,6
5444,1374,23,5
5445,1374,4,5
5446,1375,18,24
5447,1375,3,16
5448,1375,6,2
5449,1376,21,1
5450,1376,18,6
5451,1376,16,20
5452,1377,1,10
5453,1377,1,13
5454,1378,1,17
5455,1378,13,23
5456,1378,13,6
5457,1378,24,8
5458,1378,3,5
5459,1379,5,7
5460,1379,18,24
5461,1379,9,21
5462,1379,24,22
5463,1379,24,12
5464,1380,2,22
5465,1380,9,6
5466,1380,1,22
5467,1381,5,7
5468,1381,11,3
5469,1381,12,18
5470,1382,2,13
5471,1382,2,11
5472,1383,17,20
5473,1384,17,3
5474,1384,3,21
5475,1384,24,4
5476,1384,17,10
5477,1384,4,20
5478,1384,2,15
5479,1384,14,24
5480,1385,10,1
5481,1385,23,20
5482,1385,4,12
5483,1385,17,23
5484,1385,9,22
5485,1386,1,13
5486,1386,6,0
5487,1386,13,5
5488,1386,24,13
5489,1387,17,21
5490,1387,12,10
5491,1387,5,3
5492,1387,1,13
5493,1387,8,2
5494,1387,3,18
5495,1387,7,21
5496,1387,17,21
5497,1388,23,17
5498,1388,7,20
5499,1388,6,16
5500,1388,6,12
5501,1388,3,1
5502,1388,17,4
5503,1388,18,15
5504,1389,24,14
5505,1389,11,22
5506,1390,13,23
5507,1390,20,24
5508,1391,1,13
5509,1391,18,8
5510,1391,23,0
5511,1392,4,10
5512,1392,20,2
5513,1392,20,16
5514,1393,19,21
5515,1393,24,6
5516,1393,5,1
5517,1393,14,7
5518,1393,12,3
5519,1393,20,16
5520,1393,12,24
5521,1393,18,14
5522,1394,22,6
5523,1394,11,20
5524,1394,6,12
5525,1394,11,13
5526,1395,18,12
5527,1395,17,8
5528,1395,9,15
5529,1395,10,18
5530,1395,24,22
5531,1395,16,4
5532,1396,4,11
5533,1396,8,16
5534,1397,13,16
5535,1397,16,2
5536,1397,8,5
5537,1398,1,3
5538,1398,23,11
5539,1398,1,23
5540,1399,17,14
5541,1399,24,1
5542,1399,24,12
5543,1399,21,8
5544,1399,7,0
5545,1399,3,20
5546,1400,14,12
5547,1400,16,2
5548,1400,19,8
5549,1401,14,22
5550,1401,8,22
5551,1401,23,17
5552,1401,13,15
5553,1402,20,10
5554,1402,21,2
5555,1402,18,11
5556,1402,6,12
5557,1403,23,0
5558,1403,3,17
5559,1403,7,4
5560,1403,0,12
5561,1403,18,8
5562,1404,24,21
5563,1404,13,23
5564,1404,13,21
5565,1404,5,16
5566,1405,11,17
5567,1405,19,6
5568,1405,6,24
5569,1405,0,3
5570,1405,6,2
5571,1406,6,16
5572,1406,23,12
5573,1406,13,21
5574,1406,11,0
5575,1406,22,7
5576,1407,1,9
5577,1407,5,24
5578,1407,21,2
5579,1407,16,4
5580,1407,20,0
5581,1408,22,15
5582,1408,16,9
5583,1408,23,5
5584,1408,3,22
5585,1409,23,1
5586,1409,3,0
5587,1409,18,8
5588,1409,3,22
5589,1409,6,19
5590,1409,10,1
5591,1409,0,3
5592,1410,5,21
5593,1410,16,24
5594,1410,8,1
5595,1410,10,23
5596,1411,20,16
5597,1411,15,18
5598,1411,21,4
5599,1411,16,9
5600,1411,8,21
5601,1411,3,10
5602,1411,3,10
5603,1411,6,8
5604,1411,23,6
5605,1411,23,21
5606,1412,22,15
5607,1413,13,24
5608,1414,1,24
5609,1414,24,15
5610,1414,18,5
5611,1415,19,5
5612,1415,15,17
5613,1415,12,23
5614,1415,10,6
5615,1415,2,8
5616,1415,7,5
5617,1415,22,7
5618,1416,7,9
5619,1416,24,0
5620,1416,24,7
5621,1417,5,19
5622,1417,12,19
5623,1417,2,8
5624,1417,13,6
5625,1418,15,23
5626,1418,9,13
5627,1418,11,18
5628,1418,6,12
5629,1419,10,13
5630,1419,9,1
5631,1419,7,1
5632,1419,21,13
5633,1419,5,23
5634,1419,14,5
5635,1420,12,4
5636,1420,7,11
5637,1420,4,14
5638,1420,11,2
5639,1420,14,1
5640,1420,9,24
5641,1420,6,19
5642,1421,21,6
5643,1421,22,3
5644,1421,7,16
5645,1421,21,9
5646,1421,7,10
5647,1422,21,24
5648,1422,11,22
5649,1422,8,12
5650,1422,6,9
5651,1423,11,3
5652,1423,17,15
5653,1424,15,19
5654,1424,19,23
5655,1424,21,8
5656,1424,21,9
5657,1424,20,10
5658,1424,4,11
5659,1425,6,0
5660,1425,10,14
5661,1425,12,24
5662,1425,11,2
5663,1425,23,16
5664,1425,15,8
5665,1426,15,3
5666,1426,8,4
5667,1426,18,16
5668,1426,7,17
5669,1426,22,9
5670,1426,10,2
5671,1427,10,2
5672,1427,14,2
5673,1427,15,6
5674,1428,1,7
5675,1428,2,17
5676,1429,17,1
5677,1429,19,6
5678,1429,12,16
5679,1430,3,15
5680,1430,5,3
5681,1430,18,12
5682,1430,24,4
5683,1431,11,21
5684,1431,11,5
5685,1432,8,15
5686,1432,1,20
5687,1432,24,1
5688,1434,17,14
5689,1434,7,18
5690,1435,19,5
5691,1435,12,20
5692,1435,4,19
5693,1435,22,9
5694,1435,3,17
5695,1436,22,24
5696,1436,19,5
5697,1436,9,17
5698,1436,14,6
5699,1436,24,8
5700,1437,16,5
5701,1437,24,8
5702,1437,13,5
5703,1438,5,7
5704,1438,4,23
5705,1438,15,3
5706,1438,3,17
5707,1439,10,14
5708,1440,6,9
5709,1440,16,22
5710,1441,12,20
5711,1441,11,13
5712,1441,7,13
5713,1441,15,3
5714,1442,11,13
5715,1442,4,17
5716,1442,3,15
5717,1443,1,15
5718,1443,5,11
5719,1443,4,8
5720,1443,8,0
5721,1443,15,9
5722,1444,0,24
5723,1444,18,21
5724,1444,17,14
5725,1445,18,7
5726,1445,19,11
5727,1445,24,5
5728,1445,23,5
5729,1446,24,13
5730,1446,3,22
5731,1447,10,21
5732,1447,8,11
5733,1447,19,15
5734,1447,22,9
5735,1448,2,19
5736,1448,15,13
5737,1449,17,21
5738,1449,0,13
5739,1449,10,8
5740,1450,2,6
5741,1450,0,21
5742,1450,5,2
5743,1451,22,1
5744,1451,21,3
5745,1452,21,13
5746,1452,21,19
5747,1453,8,19
5748,1454,14,18
5749,1454,3,19
5750,1454,7,19
5751,1454,24,16
5752,1455,21,2
5753,1455,4,1
5754,1455,22,9
5755,1455,24,11
5756,1455,5,9
5757,1455,13,7
5758,1455,20,12
5759,1456,3,15
5760,1456,20,17
5761,1456,21,8
5762,1456,23,0
5763,1457,2,21
5764,1457,9,17
5765,1458,0,15
5766,1458,16,20
5767,1458,18,6
5768,1458,12,0
5769,1459,4,22
5770,1459,16,8
5771,1459,23,2
5772,1459,14,12
5773,1459,4,13
5774,1460,17,14
5775,1460,18,5
5776,1460,5,7
5777,1460,15,11
5778,1461,12,8
5779,1461,0,24
5780,1461,18,14
5781,1461,8,2
5782,1461,20,11
5783,1461,23,12
5784,1462,18,20
5785,1462,0,24
5786,1462,0,24
5787,1463,10,1
5788,1463,18,6
5789,1463,8,15
5790,1463,13,9
5791,1464,13,16
5792,1464,23,13
5793,1464,4,24
5794,1464,13,15
5795,1465,23,2
5796,1465,10,9
5797,1465,21,17
5798,1465,2,21
5799,1465,11,21
5800,1466,21,2
5801,1466,8,2
5802,1467,19,2
5803,1467,14,21
5804,1467,8,5
5805,1468,24,11
5806,1469,8,20
5807,1469,24,17
5808,1469,14,8
5809,1469,7,3
5810,1469,22,18
5811,1470,19,23
5812,1470,0,22
5813,1470,8,19
5814,1470,3,6
5815,1470,18,10
5816,1470,19,22
5817,1471,14,24
5818,1471,17,23
5819,1471,0,4
5820,1471,9,6
5821,1471,10,4
5822,1472,5,13
5823,1472,1,8
5824,1472,18,20
5825,1472,5,18
5826,1472,5,7
5827,1473,19,15
5828,1473,6,21
5829,1473,20,8
5830,1474,2,17
5831,1475,16,18
5832,1475,2,18
5833,1475,7,10
5834,1475,1,12
5835,1475,10,21
5836,1475,14,8
5837,1475,14,3
5838,1475,6,16
5839,1476,16,23
5840,1476,20,12
5841,1476,16,19
5842,1476,11,9
5843,1477,21,8
5844,1477,2,12
5845,1477,23,12
5846,1478,16,8
5847,1478,7,15
5848,1478,1,9
5849,1478,22,4
5850,1478,9,1
5851,1478,6,20
5852,1478,24,5
5853,1478,4,18
5854,1478,22,6
5855,1479,1,15
5856,1479,21,1
5857,1479,10,17
5858,1479,9,20
5859,1479,21,4
5860,1480,24,4
5861,1480,23,16
5862,1480,4,24
5863,1480,14,2
5864,1480,17,20
5865,1480,3,16
5866,1481,19,17
5867,1481,0,8
5868,1481,11,14
5869,1481,22,7
5870,1482,20,23
5871,1482,23,7
5872,1482,18,10
5873,1482,8,4
5874,1482,17,4
5875,1482,24,9
5876,1482,13,0
5877,1483,1,4
5878,1483,20,7
5879,1484,17,21
5880,1484,20,2
5881,1485,0,2
5882,1485,22,3
5883,1485,18,9
5884,1485,22,18
5885,1485,8,19
5886,1486,0,6
5887,1486,5,11
5888,1486,22,15
5889,1486,5,4
5890,1487,4,17
5891,1487,1,17
5892,1487,21,4
5893,1487,12,6
5894,1487,2,14
5895,1487,17,4
5896,1487,19,12
5897,1488,4,8
5898,1488,8,5
5899,1488,10,12
5900,1488,17,5
5901,1489,23,16
5902,1489,3,12
5903,1489,17,14
5904,1489,9,1
5905,1489,17,10
5906,1489,12,3
5907,1489,10,17
5908,1490,1,17
5909,1490,18,14
5910,1490,2,23
5911,1490,0,20
5912,1492,23,15
5913,1492,8,15
5914,1492,4,14
5915,1492,6,9
5916,1492,13,5
5917,1492,21,19
5918,1493,7,20
5919,1493,2,14
5920,1493,23,19
5921,1493,2,9
5922,1493,16,19
5923,1493,6,9
5924,1493,1,9
5925,1494,4,16
5926,1494,18,8
5927,1494,5,4
5928,1494,11,4
5929,1495,17,4
5930,1495,4,8
5931,1495,16,19
5932,1495,5,13
5933,1495,1,21
5934,1496,8,22
5935,1497,24,11
5936,1497,24,11
5937,1497,13,3
5938,1498,8,15
5939,1498,1,22
5940,1498,19,22
5941,1498,11,18
5942,1498,6,17
5943,1499,7,24
5944,1499,10,4
5945,1499,5,4
5946,1499,0,24
5947,1500,18,16
5948,1500,14,12
5949,1500,16,10
5950,1501,10,19
5951,1501,10,22
5952,1501,19,6
5953,1501,22,5
5954,1501,7,20
5955,1502,14,2
5956,1502,24,3
5957,1502,0,3
5958,1502,17,24
5959,1503,19,7
5960,1503,16,9
5961,1503,20,9
5962,1503,6,3
5963,1505,11,1
5964,1506,0,13
5965,1506,12,3
5966,1507,22,4
5967,1507,4,10
5968,1507,20,14
5969,1507,23,3
5970,1508,22,10
5971,1509,22,0
5972,1509,14,3
5973,1509,7,5
5974,1509,19,20
5975,1509,9,10
5976,1509,22,8
5977,1509,12,2
5978,1510,3,6
5979,1510,0,9
5980,1510,14,23
5981,1510,6,15
5982,1511,24,3
5983,1511,22,11
5984,1511,6,4
5985,1511,12,24
5986,1512,1,18
5987,1512,5,24
5988,1513,5,24
5989,1513,20,5
5990,1513,21,3
5991,1513,1,12
5992,1513,22,19
5993,1514,9,22
5994,1514,13,24
5995,1515,10,6
5996,1515,13,1
5997,1515,8,10
5998,1515,7,17
5999,1515,24,4
6000,1515,0,4
6001,1515,5,13
6002,1516,23,20
6003,1516,24,21
6004,1517,24,2
6005,1517,21,19
6006,1517,4,24
6007,1517,14,3
6008,1517,19,15
6009,1518,11,14
6010,1518,3,19
6011,1519,2,0
6012,1519,3,6
6013,1519,5,23
6014,1519,3,16
6015,1519,2,21
6016,1519,1,24
6017,1520,18,16
6018,1520,5,13
6019,1520,15,9
6020,1520,10,6
6021,1520,11,2
6022,1521,6,12
6023,1521,20,18
6024,1521,9,5
6025,1521,20,23
6026,1521,12,22
6027,1521,23,6
6028,1522,18,12
6029,1522,11,19
6030,1522,24,10
6031,1522,14,23
6032,1523,14,4
6033,1523,22,2
6034,1523,18,14
6035,1523,23,0
6036,1523,21,18
6037,1524,1,23
6038,1524,3,15
6039,1524,13,7
6040,1525,15,1
6041,1525,14,23
6042,1525,0,19
6043,1526,1,13
6044,1526,20,0
6045,1526,14,22
6046,1527,12,6
6047,1527,18,21
6048,1527,23,10
6049,1527,17,5
6050,1528,23,15
6051,1528,18,4
6052,1528,9,2
6053,1528,8,10
6054,1528,16,0
6055,1528,5,17
6056,1529,3,0
6057,1529,0,9
6058,1529,9,6
6059,1529,22,12
6060,1529,13,4
6061,1530,16,4
6062,1530,22,14
6063,1531,5,9
6064,1531,20,2
6065,1531,17,14
6066,1531,4,20
6067,1532,11,20
6068,1532,16,9
6069,1532,1,18
6070,1532,18,21
6071,1532,5,11
6072,1532,23,1
6073,1532,10,17
6074,1532,8,23
6075,1533,19,2
6076,1533,3,11
6077,1533,21,17
6078,1533,8,15
6079,1533,13,20
6080,1533,8,6
6081,1534,19,17
6082,1534,19,16
6083,1534,8,4
6084,1534,22,6
6085,1534,19,22
6086,1535,21,18
6087,1535,23,8
6088,1536,4,2
6089,1537,10,16
6090,1537,4,16
6091,1537,4,21
6092,1538,0,13
6093,1538,4,23
6094,1539,0,23
6095,1539,3,10
6096,1539,0,20
6097,1539,20,7
6098,1540,4,6
6099,1541,13,3
6100,1541,13,16
6101,1541,12,14
6102,1541,18,20
6103,1541,16,0
6104,1541,3,1
6105,1541,23,20
6106,1542,11,19
6107,1542,23,5
6108,1542,20,8
6109,1542,9,19
6110,1542,17,23
6111,1543,15,12
6112,1543,2,4
6113,1543,23,6
6114,1545,15,4
6115,1545,7,13
6116,1545,15,13
6117,1545,6,20
6118,1545,23,12
6119,1546,2,10
6120,1546,9,3
6121,1546,10,21
6122,1546,21,3
6123,1547,6,19
6124,1547,18,16
6125,1547,10,6
6126,1548,15,17
6127,1548,2,23
6128,1548,4,10
6129,1548,14,1
6130,1549,4,13
6131,1549,10,1
6132,1549,16,8
6133,1549,4,8
6134,1550,24,0
6135,1550,10,1
6136,1550,18,24
6137,1551,3,1
6138,1552,13,2
6139,1552,11,15
6140,1552,5,9
6141,1552,14,20
6142,1553,15,11
6143,1553,12,4
6144,1553,10,17
6145,1553,18,21
6146,1554,9,10
6147,1554,7,11
6148,1554,18,16
6149,1554,17,7
6150,1555,22,18
6151,1556,22,7
6152,1557,8,19
6153,1557,5,21
6154,1557,9,22
6155,1557,12,14
6156,1558,22,7
6157,1558,9,6
6158,1558,13,23
6159,1558,7,19
6160,1558,24,9
6161,1559,3,6
6162,1559,20,18
6163,1559,17,7
6164,1560,9,20
6165,1560,18,16
6166,1561,14,22
6167,1561,7,13
6168,1561,17,24
6169,1561,20,10
6170,1561,8,10
6171,1561,17,13
6172,1562,20,23
6173,1563,18,0
6174,1563,14,2
6175,1563,6,23
6176,1563,21,14
6177,1563,1,15
6178,1563,14,3
6179,1563,22,20
6180,1563,19,3
6181,1563,17,0
6182,1563,1,15
6183,1563,18,6
6184,1564,15,11
6185,1564,15,11
6186,1565,18,24
6187,1565,21,24
6188,1565,5,9
6189,1565,3,7
6190,1566,3,5
6191,1566,9,10
6192,1566,4,0
6193,1566,14,11
6194,1566,20,6
6195,1566,16,7
6196,1566,17,24
6197,1566,22,0
6198,1567,24,3
6199,1567,4,21
6200,1567,16,13
6201,1567,20,8
6202,1567,24,8
6203,1567,3,7
6204,1567,24,9
6205,1568,10,23
6206,1568,23,19
6207,1568,0,23
6208,1568,5,15
6209,1568,8,2
6210,1568,9,20
6211,1569,19,2
6212,1569,23,3
6213,1569,2,14
6214,1570,23,4
6215,1570,0,17
6216,1570,14,16
6217,1571,11,23
6218,1571,23,19
6219,1571,10,17
6220,1571,6,12
6221,1571,22,24
6222,1572,2,19
6223,1572,4,11
6224,1572,2,15
6225,1573,7,24
6226,1573,22,6
6227,1573,6,14
6228,1573,15,6
6229,1575,15,18
6230,1575,6,13
6231,1575,3,5
6232,1575,10,23
6233,1575,6,3
6234,1576,21,18
6235,1576,14,15
6236,1576,21,12
6237,1577,20,22
6238,1577,13,9
6239,1577,13,21
6240,1578,3,0
6241,1578,8,1
6242,1578,2,22
6243,1578,3,13
6244,1578,9,22
6245,1578,19,4
6246,1578,2,6
6247,1579,13,19
6248,1579,9,7
6249,1579,2,10
6250,1579,5,4
6251,1579,21,7
6252,1579,6,18
6253,1580,2,17
6254,1580,23,4
6255,1580,9,13
6256,1581,3,7
6257,1581,18,4
6258,1581,9,2
6259,1581,21,11
6260,1581,12,19
6261,1582,14,5
6262,1583,24,21
6263,1583,19,11
6264,1583,10,2
6265,1583,14,12
6266,1584,13,4
6267,1584,10,12
6268,1585,14,15
6269,1585,24,17
6270,1585,20,18
6271,1585,15,5
6272,1585,6,20
6273,1586,9,10
6274,1586,8,5
6275,1587,21,17
6276,1587,16,8
6277,1587,5,9
6278,1587,20,24
6279,1587,8,6
6280,1587,15,0
6281,1587,8,12
6282,1588,18,22
6283,1588,9,15
6284,1589,12,20
6285,1589,22,12
6286,1589,22,5
6287,1590,22,12
6288,1590,15,6
6289,1590,8,17
6290,1590,7,14
6291,1590,3,14
6292,1591,12,23
6293,1591,0,16
6294,1591,22,5
6295,1591,1,9
6296,1592,24,0
6297,1592,11,2
6298,1592,21,12
6299,1592,22,24
6300,1592,11,9
6301,1592,9,18
6302,1592,2,20
6303,1593,16,18
6304,1593,22,0
6305,1593,3,7
6306,1593,24,16
6307,1594,6,13
6308,1594,5,2
6309,1594,1,15
6310,1595,7,10
6311,1595,14,17
6312,1595,18,14
6313,1595,15,1
6314,1596,9,0
6315,1596,5,17
6316,1596,21,8
6317,1596,6,0
6318,1597,3,13
6319,1597,24,6
6320,1597,22,10
6321,1597,17,10
6322,1597,11,15
6323,1597,23,5
6324,1597,17,9
6325,1598,0,20
6326,1598,21,1
6327,1598,16,12
6328,1598,19,3
6329,1598,17,8
6330,1598,21,17
6331,1598,21,11
6332,1599,7,0
6333,1599,19,17
6334,1599,15,11
6335,1599,21,24
6336,1600,1,9
6337,1600,14,1
6338,1600,3,20
6339,1600,23,15
6340,1601,4,0
6341,1602,21,23
6342,1602,7,23
6343,1602,8,1
6344,1602,5,15
6345,1602,4,13
6346,1603,6,17
6347,1603,13,16
6348,1603,22,13
6349,1604,16,4
6350,1604,0,21
6351,1605,11,5
6352,1605,12,4
6353,1605,12,8
6354,1605,11,0
6355,1606,21,3
6356,1606,22,8
6357,1606,8,2
6358,1606,19,12
6359,1607,20,11
6360,1607,20,18
6361,1607,2,13
6362,1607,22,8
6363,1607,0,15
6364,1607,21,6
6365,1607,18,7
6366,1607,18,16
6367,1608,1,4
6368,1608,22,3
6369,1608,5,24
6370,1608,8,0
6371,1608,12,23
6372,1608,23,9
6373,1608,14,3
6374,1608,5,18
6375,1609,21,4
6376,1609,23,1
6377,1609,20,9
6378,1610,23,5
6379,1610,6,15
6380,1611,12,2
6381,1611,12,19
6382,1611,4,17
6383,1612,6,24
6384,1612,7,18
6385,1612,16,8
6386,1612,23,15
6387,1612,13,6
6388,1612,10,18
6389,1613,12,20
6390,1613,0,6
6391,1613,20,9
6392,1613,22,15
6393,1614,11,18
6394,1614,4,1
6395,1614,13,2
6396,1614,19,4
6397,1615,21,9
6398,1615,1,17
6399,1615,12,22
6400,1616,24,17
6401,1617,18,10
6402,1617,5,13
6403,1617,19,6
6404,1617,15,4
6405,1617,24,12
6406,1617,9,22
6407,1617,6,12
6408,1618,8,23
6409,1618,5,19
6410,1618,13,17
6411,1619,11,20
6412,1619,12,8
6413,1619,6,2
6414,1620,5,24
6415,1620,21,4
6416,1620,22,2
6417,1620,7,17
6418,1620,23,0
6419,1620,1,4
6420,1621,3,12
6421,1622,24,16
6422,1622,10,2
6423,1622,15,23
6424,1623,19,17
6425,1623,10,19
6426,1623,9,5
6427,1623,13,15
6428,1623,0,2
6429,1623,1,15
6430,1623,21,4
6431,1624,0,11
6432,1624,23,3
6433,1624,20,14
6434,1624,5,14
6435,1625,18,1
6436,1625,1,7
6437,1625,10,2
6438,1625,18,1
6439,1625,20,11
6440,1626,0,8
6441,1626,21,11
6442,1626,10,0
6443,1626,2,19
6444,1626,19,3
6445,1627,19,15
6446,1627,19,10
6447,1627,7,17
6448,1627,19,15
6449,1627,15,9
6450,1627,8,18
6451,1628,9,15
6452,1628,22,2
6453,1628,23,21
6454,1629,12,14
6455,1629,13,1
6456,1630,6,22
6457,1630,19,11
6458,1630,5,13
6459,1630,16,4
6460,1630,13,0
6461,1630,12,2
6462,1630,9,12
6463,1631,20,9
6464,1631,2,10
6465,1631,15,7
6466,1631,22,8
6467,1631,6,23
6468,1632,14,3
6469,1632,0,16
6470,1633,6,20
6471,1633,18,14
6472,1633,11,21
6473,1633,2,21
6474,1634,13,19
6475,1634,10,6
6476,1634,8,21
6477,1634,17,24
6478,1634,10,12
6479,1635,4,11
6480,1635,14,15
6481,1635,16,14
6482,1636,10,0
6483,1636,19,12
6484,1636,21,13
6485,1637,9,10
6486,1637,8,5
6487,1637,24,9
6488,1638,15,13
6489,1638,9,6
6490,1638,1,17
6491,1639,13,19
6492,1639,6,12
6493,1639,12,8
6494,1640,23,16
6495,1641,7,14
6496,1641,11,2
6497,1641,14,1
6498,1641,24,0
6499,1641,10,12
6500,1642,14,24
6501,1642,23,19
6502,1642,18,12
6503,1642,11,18
6504,1643,23,15
6505,1643,18,21
6506,1643,7,3
6507,1644,10,21
6508,1644,24,9
6509,1644,3,19
6510,1645,11,24
6511,1645,5,9
6512,1645,19,9
6513,1645,3,6
6514,1645,13,6
6515,1645,24,5
6516,1646,17,1
6517,1647,16,18
6518,1647,7,10
6519,1648,1,14
6520,1648,5,18
6521,1649,19,11
6522,1649,24,13
6523,1649,15,12
6524,1649,3,1
6525,1649,22,2
6526,1650,0,6
6527,1650,0,21
6528,1650,4,1
6529,1650,19,7
6530,1650,3,13
6531,1651,12,23
6532,1651,17,23
6533,1652,13,0
6534,1652,19,3
6535,1653,22,13
6536,1653,2,5
6537,1653,4,0
6538,1654,16,13
6539,1654,1,3
6540,1655,0,14
6541,1655,4,19
6542,1655,0,22
6543,1655,2,4
6544,1655,13,17
6545,1656,18,6
6546,1657,0,23
6547,1657,8,2
6548,1657,16,24
6549,1657,12,24
6550,1657,19,21
6551,1658,15,14
6552,1658,9,3
6553,1658,7,14
6554,1658,0,4
6555,1658,13,22
6556,1658,12,14
6557,1659,22,8
6558,1660,12,18
6559,1660,19,3
6560,1660,20,8
6561,1660,17,10
6562,1660,0,19
6563,1660,7,22
6564,1660,23,8
6565,1660,23,5
6566,1661,14,18
6567,1661,20,22
6568,1661,2,11
6569,1662,17,7
6570,1662,6,18
6571,1663,13,4
6572,1663,7,22
6573,1664,9,22
6574,1664,2,24
6575,1664,17,21
6576,1664,11,21
6577,1665,6,13
6578,1665,22,5
6579,1665,15,4
6580,1665,6,8
6581,1665,2,8
6582,1666,15,12
6583,1666,12,20
6584,1666,4,2
6585,1666,1,4
6586,1666,1,15
6587,1666,2,0
6588,1667,19,4
6589,1667,24,21
6590,1667,18,9
6591,1668,4,8
6592,1668,23,16
6593,1669,5,13
6594,1669,24,0
6595,1669,20,18
6596,1669,18,21
6597,1670,14,4
6598,1670,22,5
6599,1670,21,15
6600,1670,2,12
6601,1671,0,3
6602,1671,5,1
6603,1671,6,24
6604,1672,6,13
6605,1672,5,24
6606,1672,0,16
6607,1672,2,16
6608,1673,21,18
6609,1673,10,19
6610,1673,1,3
6611,1673,8,4
6612,1673,16,10
6613,1673,20,3
6614,1674,14,4
6615,1674,3,16
6616,1674,7,16
6617,1674,22,0
6618,1675,22,7
6619,1675,10,24
6620,1675,6,24
6621,1675,1,9
6622,1675,6,21
6623,1676,6,4
6624,1676,6,17
6625,1676,19,12
6626,1676,12,0
6627,1676,20,1
6628,1676,19,15
6629,1676,13,11
6630,1677,20,12
6631,1677,6,12
6632,1677,22,12
6633,1677,0,8
6634,1678,8,24
6635,1678,18,22
6636,1678,17,10
6637,1679,16,10
6638,1680,18,11
6639,1680,24,13
6640,1680,10,1
6641,1680,11,13
6642,1681,1,13
6643,1681,8,15
6644,1681,16,12
6645,1681,24,2
6646,1681,22,15
6647,1681,6,24
6648,1682,17,2
6649,1682,1,15
6650,1682,8,4
6651,1683,18,24
6652,1684,4,1
6653,1684,15,23
6654,1684,9,11
6655,1684,19,20
6656,1684,9,16
6657,1684,5,24
6658,1684,16,7
6659,1684,12,20
6660,1684,1,15
6661,1685,7,20
6662,1685,5,11
6663,1685,9,7
6664,1686,20,7
6665,1686,20,19
6666,1686,12,24
6667,1686,4,0
6668,1687,11,8
6669,1687,0,7
6670,1687,23,10
6671,1687,14,12
6672,1687,21,1
6673,1687,13,5
6674,1687,17,21
6675,1687,7,1
6676,1688,24,22
6677,1688,23,13
6678,1688,9,3
6679,1689,7,17
6680,1689,8,22
6681,1689,9,12
6682,1689,7,0
6683,1689,10,17
6684,1690,10,21
6685,1690,0,12
6686,1691,22,24
6687,1691,14,4
6688,1691,14,17
6689,1691,21,5
6690,1692,18,20
6691,1692,12,1
6692,1692,5,13
6693,1692,3,6
6694,1693,19,8
6695,1693,20,7
6696,1693,12,22
6697,1693,21,0
6698,1694,15,23
6699,1694,0,13
6700,1694,18,21
6701,1694,22,4
6702,1694,8,15
6703,1694,6,22
6704,1695,8,21
6705,1695,24,10
6706,1696,5,11
6707,1696,10,0
6708,1696,2,16
6709,1696,23,8
6710,1696,1,13
6711,1696,11,0
6712,1696,2,15
6713,1696,13,10
6714,1697,10,14
6715,1697,22,5
6716,1697,18,3
6717,1698,4,18
6718,1698,24,7
6719,1698,21,6
6720,1698,16,9
6721,1698,6,21
6722,1699,0,11
6723,1699,2,8
6724,1700,17,5
6725,1700,20,7
6726,1700,2,16
6727,1701,11,4
6728,1701,7,22
6729,1701,14,22
6730,1701,24,21
6731,1702,7,5
6732,1702,9,20
6733,1702,12,5
6734,1702,24,13
6735,1703,5,4
6736,1703,6,3
6737,1703,15,6
6738,1703,13,15
6739,1704,8,2
6740,1704,10,13
6741,1704,8,12
6742,1704,10,3
6743,1705,12,3
6744,1705,6,14
6745,1705,15,5
6746,1705,2,24
6747,1705,22,14
6748,1706,18,4
6749,1706,1,5
6750,1707,10,0
6751,1707,8,18
6752,1707,4,0
6753,1707,9,7
6754,1707,12,18
6755,1708,21,13
6756,1708,8,20
6757,1708,13,6
6758,1709,22,14
6759,1709,12,6
6760,1709,19,9
6761,1709,21,15
6762,1709,16,12
6763,1709,16,14
6764,1709,14,11
6765,1710,19,1
6766,1711,2,9
6767,1711,19,21
6768,1711,19,4
6769,1711,11,19
6770,1711,11,20
6771,1712,17,9
6772,1712,24,15
6773,1712,23,16
6774,1712,7,19
6775,1712,23,20
6776,1712,8,20
6777,1712,11,17
6778,1712,4,11
6779,1712,18,22
6780,1712,19,3
6781,1712,13,2
6782,1712,3,0
6783,1712,11,13
6784,1712,0,22
6785,1712,20,17
6786,1712,1,24
6787,1713,15,14
6788,1713,7,4
6789,1713,2,15
6790,1713,19,17
6791,1713,2,22
6792,1713,22,15
6793,1714,7,24
6794,1715,9,5
6795,1715,21,19
6796,1715,21,13
6797,1715,21,14
6798,1715,24,18
6799,1716,12,5
6800,1716,4,22
6801,1716,12,9
6802,1716,1,15
6803,1716,19,16
6804,1717,0,21
6805,1718,5,18
6806,1718,15,6
6807,1719,5,24
6808,1719,24,22
6809,1719,15,6
6810,1719,6,8
6811,1719,19,9
6812,1719,24,5
6813,1720,7,14
6814,1720,17,20
6815,1721,5,2
6816,1721,20,19
6817,1721,14,3
6818,1721,15,11
6819,1722,17,23
6820,1722,2,13
6821,1722,16,6
6822,1722,5,14
6823,1722,1,16
6824,1723,0,18
6825,1723,12,18
6826,1724,23,10
6827,1724,21,3
6828,1724,22,0
6829,1725,13,3
6830,1725,13,21
6831,1725,16,3
6832,1725,12,15
6833,1726,20,14
6834,1726,14,11
6835,1726,2,13
6836,1727,22,0
6837,1727,5,8
6838,1727,18,9
6839,1727,20,16
6840,1727,24,21
6841,1727,15,8
6842,1728,8,16
6843,1728,22,15
6844,1729,24,11
6845,1729,15,8
6846,1730,23,2
6847,1730,2,11
6848,1730,12,8
6849,1731,5,13
6850,1731,0,7
6851,1732,10,7
6852,1732,13,4
6853,1732,3,7
6854,1733,5,13
6855,1733,20,6
6856,1733,24,18
6857,1734,19,7
6858,1734,5,20
6859,1734,5,18
6860,1735,24,3
6861,1735,21,18
6862,1735,21,6
6863,1735,15,2
6864,1735,17,4
6865,1735,21,11
6866,1736,9,18
6867,1736,6,3
6868,1736,6,16
6869,1736,13,3
6870,1737,10,4
6871,1737,20,22
6872,1737,18,20
6873,1737,23,2
6874,1737,4,17
6875,1737,0,3
6876,1739,1,22
6877,1739,14,8
6878,1739,23,1
6879,1739,2,22
6880,1740,19,20
6881,1740,1,12
6882,1740,21,15
6883,1740,23,4
6884,1740,11,21
6885,1741,1,15
6886,1741,12,16
6887,1741,24,1
6888,1742,20,19
6889,1742,23,13
6890,1742,2,15
6891,1743,3,14
6892,1743,4,24
6893,1743,8,0
6894,1743,5,9
6895,1744,16,24
6896,1744,23,4
6897,1744,17,24
6898,1744,5,9
6899,1745,24,0
6900,1745,21,13
6901,1745,5,7
6902,1747,4,18
6903,1747,24,18
6904,1748,11,24
6905,1748,10,23
6906,1749,0,16
6907,1749,1,22
6908,1749,21,9
6909,1749,4,23
6910,1749,17,0
6911,1749,14,2
6912,1749,2,16
6913,1750,9,16
6914,1750,16,19
6915,1750,18,3
6916,1751,2,21
6917,1751,1,11
6918,1751,24,4
6919,1751,10,0
6920,1752,5,18
6921,1752,21,0
6922,1752,24,8
6923,1753,24,17
6924,1753,9,17
6925,1753,0,24
6926,1754,20,16
6927,1754,24,5
6928,1754,18,16
6929,1755,3,1
6930,1755,8,18
6931,1755,9,21
6932,1755,13,15
6933,1755,23,13
6934,1755,20,19
6935,1755,11,3
6936,1756,20,3
6937,1756,6,2
6938,1756,2,4
6939,1756,12,8
6940,1756,22,18
6941,1756,18,11
6942,1757,23,20
6943,1757,2,23
6944,1757,22,8
6945,1757,14,1
6946,1757,12,19
6947,1757,17,5
6948,1759,17,2
6949,1759,2,19
6950,1759,14,10
6951,1760,17,1
6952,1760,19,22
6953,1760,11,21
6954,1760,21,19
6955,1760,1,15
6956,1760,20,11
6957,1760,2,8
6958,1760,14,11
6959,1761,6,22
6960,1761,10,8
6961,1761,15,7
6962,1761,4,21
6963,1761,8,17
6964,1762,23,11
6965,1762,21,5
6966,1762,9,7
6967,1762,10,14
6968,1762,5,16
6969,1762,19,23
6970,1763,3,1
6971,1763,7,22
6972,1763,10,9
6973,1763,23,7
6974,1763,4,21
6975,1764,13,9
6976,1765,7,15
6977,1765,6,15
6978,1765,12,9
6979,1765,12,14
6980,1765,21,10
6981,1766,15,17
6982,1766,13,3
6983,1767,3,18
6984,1767,18,3
6985,1767,19,16
6986,1767,1,11
6987,1767,1,16
6988,1768,3,22
6989,1768,15,1
6990,1769,22,4
6991,1769,9,0
6992,1769,2,10
6993,1769,22,13
6994,1769,4,17
6995,1769,13,2
6996,1770,10,0
6997,1770,15,21
6998,1770,23,14
6999,1770,1,11
7000,1770,16,14
7001,1770,15,8
7002,1771,15,24
7003,1771,8,14
7004,1771,14,5
7005,1772,9,6
7006,1772,20,17
7007,1773,8,2
7008,1773,11,13
7009,1773,2,12
7010,1774,11,19
7011,1774,21,0
7012,1774,16,10
7013,1775,11,0
7014,1775,18,10
7015,1775,5,17
7016,1776,23,2
7017,1776,7,5
7018,1776,21,4
7019,1776,13,17
7020,1777,9,21
7021,1777,13,15
7022,1777,19,7
7023,1777,10,21
7024,1777,15,14
7025,1777,22,9
7026,1777,0,8
7027,1778,12,8
7028,1778,24,16
7029,1778,0,24
7030,1778,20,23
7031,1778,1,18
7032,1778,23,1
7033,1779,20,23
7034,1779,7,20
7035,1780,11,2
7036,1781,13,22
7037,1781,14,18
7038,1781,4,20
7039,1781,17,20
7040,1782,2,22
7041,1782,15,14
7042,1782,23,0
7043,1782,18,7
7044,1782,14,5
7045,1783,16,1
7046,1783,16,10
7047,1783,24,21
7048,1783,2,10
7049,1784,21,0
7050,1784,1,9
7051,1785,18,15
7052,1785,11,7
7053,1785,19,2
7054,1786,21,9
7055,1786,18,10
7056,1786,21,4
7057,1787,7,0
7058,1787,3,12
7059,1788,14,10
7060,1788,10,0
7061,1788,12,3
7062,1788,20,13
7063,1788,14,11
7064,1789,21,15
7065,1790,15,3
7066,1790,2,20
7067,1790,2,5
7068,1790,10,22
7069,1790,8,23
7070,1790,12,15
7071,1790,7,0
7072,1791,12,9
7073,1791,21,8
7074,1791,23,8
7075,1791,12,22
7076,1791,19,0
7077,1791,5,12
7078,1792,11,14
7079,1792,6,8
7080,1792,16,9
7081,1792,6,24
7082,1792,15,14
7083,1793,1,23
7084,1793,9,11
7085,1794,6,19
7086,1794,19,11
7087,1794,9,11
7088,1794,20,14
7089,1795,3,20
7090,1795,4,22
7091,1795,8,21
7092,1796,1,13
7093,1796,0,4
7094,1796,13,10
7095,1796,16,18
7096,1796,16,4
7097,1797,9,11
7098,1797,20,8
7099,1797,24,11
7100,1798,22,0
7101,1798,23,10
7102,1798,3,18
7103,1799,15,14
7104,1799,5,12
7105,1799,22,20
7106,1799,19,9
7107,1799,15,2
7108,1799,4,13
