veh_id,t_depart,origin,dest
0,0,11,18
1,0,17,1
2,0,10,3
3,0,15,2
4,0,9,2
5,0,22,0
6,0,5,11
7,2,19,11
8,2,7,5
9,2,23,1
10,2,4,23
11,2,19,16
12,3,15,24
13,3,4,1
14,3,9,13
15,3,1,8
16,3,22,8
17,4,19,15
18,4,0,12
19,4,11,14
20,4,5,16
21,4,18,0
22,4,18,12
23,5,22,24
24,5,13,17
25,5,16,10
26,5,2,24
27,5,9,1
28,5,20,1
29,5,5,20
30,5,16,1
31,6,16,14
32,6,14,24
33,6,3,15
34,6,2,24
35,7,22,5
36,7,24,17
37,7,18,14
38,7,10,0
39,7,24,21
40,8,14,17
41,8,18,8
42,8,1,13
43,8,23,15
44,8,13,0
45,8,14,20
46,9,14,1
47,10,0,14
48,10,3,13
49,10,9,7
50,10,9,17
51,10,18,4
52,10,12,21
53,10,1,19
54,11,0,4
55,11,19,17
56,11,4,11
57,11,18,1
58,12,11,18
59,12,23,11
60,12,5,16
61,12,2,16
62,12,20,23
63,13,5,20
64,13,1,24
65,13,0,12
66,14,20,7
67,14,7,0
68,14,18,0
69,14,22,12
70,15,16,1
71,15,19,16
72,16,17,5
73,16,3,21
74,16,4,16
75,16,16,14
76,17,16,19
77,17,12,4
78,18,20,17
79,18,19,16
80,18,6,19
81,18,7,14
82,19,2,21
83,19,3,17
84,19,10,2
85,19,7,13
86,19,7,21
87,20,6,22
88,20,4,1
89,20,11,9
90,21,9,11
91,21,4,8
92,21,21,15
93,21,4,1
94,21,23,13
95,21,23,8
96,21,0,19
97,21,15,21
98,22,3,18
99,22,20,13
100,22,14,2
101,22,16,3
102,22,19,8
103,23,17,15
104,23,16,4
105,23,2,18
106,24,3,6
107,24,22,14
108,25,11,21
109,25,12,22
110,25,1,24
111,25,7,9
112,26,2,21
113,26,21,15
114,26,9,5
115,27,13,24
116,27,20,9
117,27,17,19
118,28,16,9
119,28,14,10
120,28,4,21
121,28,2,0
122,29,2,22
123,29,23,4
124,29,7,15
125,30,7,16
126,30,4,10
127,31,14,20
128,31,4,14
129,31,0,3
130,31,16,3
131,31,20,19
132,32,7,11
133,32,20,10
134,32,22,10
135,32,19,15
136,32,18,7
137,32,18,12
138,32,17,5
139,33,18,4
140,33,16,22
141,33,19,5
142,33,22,14
143,33,19,15
144,34,5,3
145,35,17,0
146,35,11,8
147,35,2,18
148,36,14,20
149,36,14,15
150,36,14,15
151,37,10,17
152,37,15,0
153,38,21,5
154,38,17,3
155,38,11,23
156,38,20,1
157,38,24,11
158,39,9,11
159,39,9,23
160,39,23,9
161,40,0,14
162,40,20,8
163,40,0,19
164,40,2,23
165,40,6,17
166,40,23,17
167,40,14,17
168,40,2,18
169,41,10,6
170,41,18,24
171,41,19,6
172,41,3,6
173,41,2,19
174,41,4,6
175,42,17,24
176,42,4,8
177,42,18,2
178,43,24,9
179,43,1,11
180,43,10,18
181,44,13,23
182,44,13,15
183,44,14,20
184,44,23,14
185,44,5,15
186,45,8,6
187,46,6,3
188,46,0,6
189,46,14,5
190,46,6,14
191,46,23,20
192,46,19,6
193,46,5,19
194,46,23,2
195,47,23,11
196,47,9,24
197,48,21,15
198,48,21,19
199,48,22,14
200,49,13,15
201,49,19,23
202,49,7,3
203,50,20,6
204,50,20,3
205,50,13,6
206,51,24,17
207,51,19,3
208,51,23,1
209,51,4,14
210,51,2,21
211,51,19,12
212,52,24,21
213,52,3,18
214,52,17,3
215,53,17,11
216,53,11,3
217,53,7,10
218,53,18,6
219,53,18,14
220,53,2,23
221,54,1,15
222,54,6,16
223,55,22,3
224,55,5,23
225,55,23,14
226,55,21,13
227,55,21,3
228,56,15,22
229,56,15,24
230,56,22,19
231,57,5,11
232,57,6,20
233,57,21,14
234,57,1,17
235,57,9,2
236,57,1,11
237,57,9,21
238,57,17,19
239,58,2,19
240,58,10,20
241,59,8,22
242,59,0,11
243,59,5,17
244,59,18,22
245,59,13,0
246,59,18,6
247,60,5,13
248,60,14,2
249,60,4,12
250,60,23,4
251,60,0,8
252,60,0,16
253,60,16,14
254,60,5,18
255,61,1,11
256,61,1,13
257,61,6,14
258,61,2,5
259,63,16,18
260,63,2,4
261,64,22,8
262,64,20,13
263,65,4,0
264,65,15,11
265,65,16,1
266,65,3,12
267,65,10,18
268,65,4,11
269,66,23,2
270,66,5,8
271,66,23,20
272,66,10,19
273,66,14,16
274,67,22,14
275,67,0,6
276,67,0,3
277,67,12,4
278,67,20,10
279,67,9,23
280,68,11,13
281,68,19,22
282,68,0,24
283,68,11,22
284,68,23,0
285,68,13,15
286,69,3,22
287,69,17,7
288,69,8,4
289,69,22,15
290,69,0,6
291,69,11,13
292,69,14,5
293,70,24,20
294,71,7,17
295,71,1,22
296,71,4,13
297,71,18,6
298,72,24,6
299,72,12,9
300,72,5,24
301,72,13,21
302,72,23,17
303,72,4,0
304,72,20,3
305,73,0,2
306,73,15,6
307,73,9,16
308,73,17,23
309,73,10,2
310,73,5,3
311,74,4,12
312,74,13,7
313,74,17,0
314,75,20,24
315,75,5,17
316,75,4,6
317,76,8,22
318,76,6,17
319,76,22,4
320,76,11,18
321,77,6,3
322,77,6,2
323,78,23,8
324,78,19,12
325,78,6,16
326,78,20,22
327,78,21,11
328,79,1,21
329,79,14,20
330,79,8,20
331,79,11,5
332,79,16,12
333,79,16,18
334,80,24,12
335,80,21,18
336,80,24,15
337,81,14,24
338,81,23,16
339,82,18,8
340,82,12,21
341,82,9,13
342,82,2,14
343,82,22,20
344,82,6,17
345,82,11,9
346,83,4,8
347,84,2,19
348,84,4,14
349,85,10,23
350,85,17,15
351,85,17,1
352,85,18,24
353,85,18,10
354,86,0,22
355,86,5,18
356,86,22,11
357,87,17,0
358,87,14,12
359,87,5,3
360,88,17,23
361,88,0,18
362,88,2,16
363,89,19,4
364,89,24,5
365,90,1,13
366,90,14,4
367,90,6,20
368,90,20,4
369,91,10,21
370,91,20,17
371,91,13,15
372,91,22,15
373,92,17,19
374,92,22,9
375,93,5,3
376,93,7,9
377,93,8,19
378,93,22,24
379,94,6,15
380,94,9,21
381,94,24,21
382,94,18,6
383,94,7,20
384,94,13,7
385,94,17,11
386,95,1,22
387,95,24,7
388,96,18,4
389,96,9,19
390,96,20,12
391,96,15,13
392,97,17,19
393,97,13,22
394,97,1,5
395,97,23,1
396,98,6,20
397,98,15,4
398,98,8,21
399,99,10,21
400,99,21,5
401,99,20,0
402,99,2,15
403,100,11,5
404,100,19,5
405,101,3,24
406,102,21,3
407,103,18,2
408,103,8,23
409,103,4,20
410,104,22,5
411,104,24,1
412,104,18,4
413,104,11,13
414,105,2,4
415,105,22,12
416,105,22,7
417,105,9,11
418,106,0,19
419,106,5,8
420,106,22,9
421,106,22,7
422,106,5,8
423,107,16,0
424,107,18,4
425,108,1,24
426,108,22,12
427,108,1,18
428,109,16,20
429,109,11,3
430,110,22,11
431,110,6,21
432,111,11,5
433,111,3,6
434,111,2,15
435,111,12,15
436,111,17,19
437,112,16,20
438,112,1,3
439,112,3,23
440,113,4,14
441,113,15,0
442,113,3,22
443,113,22,12
444,114,16,6
445,114,24,0
446,115,0,2
447,115,17,10
448,115,17,20
449,115,9,3
450,115,10,17
451,115,20,6
452,115,11,23
453,115,13,0
454,115,2,6
455,116,10,14
456,117,13,19
457,117,15,14
458,117,4,8
459,118,17,11
460,118,17,7
461,118,13,2
462,118,4,17
463,119,1,16
464,119,19,7
465,119,1,17
466,120,20,8
467,120,24,2
468,120,13,15
469,121,12,3
470,121,22,1
471,123,2,23
472,123,18,15
473,123,7,14
474,123,12,6
475,123,12,22
476,123,9,10
477,123,22,2
478,123,3,5
479,123,12,1
480,124,3,15
481,124,6,4
482,124,9,19
483,124,12,6
484,124,3,14
485,124,6,18
486,124,8,23
487,124,10,12
488,124,5,19
489,125,6,24
490,125,0,3
491,125,12,9
492,125,10,2
493,125,12,3
494,126,12,23
495,126,6,13
496,126,24,18
497,126,15,23
498,127,15,24
499,127,1,13
500,127,12,15
501,128,8,12
502,128,1,3
503,128,6,16
504,128,22,13
505,128,6,24
506,129,23,7
507,129,20,10
508,129,6,8
509,130,19,1
510,130,3,19
511,131,0,22
512,131,19,0
513,131,9,2
514,131,20,17
515,131,14,15
516,132,18,5
517,132,16,19
518,132,10,21
519,132,6,0
520,133,18,12
521,133,9,5
522,134,21,10
523,135,10,22
524,135,10,18
525,136,24,0
526,136,19,16
527,136,2,18
528,136,16,24
529,137,4,18
530,137,2,19
531,137,17,10
532,137,5,2
533,138,11,14
534,138,4,1
535,139,3,15
536,139,10,12
537,140,5,3
538,140,8,2
539,140,0,6
540,140,14,4
541,141,14,3
542,141,13,2
543,141,20,16
544,141,13,5
545,141,16,9
546,142,20,3
547,142,4,19
548,142,15,22
549,142,12,2
550,142,15,5
551,142,7,20
552,142,16,3
553,143,20,13
554,143,12,0
555,143,20,4
556,143,8,0
557,143,22,3
558,143,4,1
559,144,5,12
560,144,7,3
561,144,13,2
562,144,13,11
563,145,5,16
564,146,5,9
565,146,5,22
566,147,23,4
567,147,9,22
568,148,19,5
569,148,4,15
570,148,19,22
571,149,7,11
572,149,8,2
573,149,19,16
574,150,17,15
575,150,14,5
576,150,14,0
577,150,24,18
578,150,2,9
579,150,20,19
580,151,1,12
581,151,1,10
582,151,0,20
583,151,20,14
584,151,16,14
585,151,24,6
586,152,24,7
587,152,1,4
588,152,2,15
589,153,7,17
590,153,3,10
591,153,22,15
592,153,17,8
593,153,24,16
594,154,11,0
595,154,2,4
596,154,17,7
597,154,14,12
598,154,17,14
599,154,9,6
600,155,15,8
601,155,19,4
602,155,2,17
603,156,6,19
604,156,13,22
605,156,11,7
606,156,1,23
607,156,13,6
608,157,18,16
609,157,0,12
610,157,6,21
611,157,16,13
612,158,0,14
613,158,22,10
614,158,2,22
615,158,5,18
616,158,7,19
617,158,22,14
618,159,14,8
619,159,10,0
620,160,21,23
621,160,13,11
622,160,5,4
623,160,17,11
624,161,14,17
625,161,9,10
626,162,4,14
627,162,14,17
628,162,10,4
629,162,15,8
630,162,15,24
631,162,12,3
632,163,13,19
633,163,15,4
634,163,17,2
635,163,14,16
636,163,4,13
637,164,17,14
638,164,18,14
639,164,16,6
640,164,20,24
641,164,20,0
642,164,11,22
643,164,5,15
644,165,10,23
645,165,4,24
646,165,4,8
647,165,16,0
648,165,21,18
649,165,12,4
650,166,4,24
651,166,3,17
652,166,12,18
653,166,4,8
654,166,2,23
655,167,17,14
656,168,6,4
657,168,4,1
658,168,10,24
659,168,24,8
660,169,13,0
661,170,19,20
662,170,8,19
663,170,0,13
664,171,11,4
665,171,6,18
666,171,19,4
667,171,10,4
668,171,23,6
669,172,9,17
670,172,15,4
671,172,9,11
672,172,12,6
673,172,7,5
674,173,22,2
675,173,0,17
676,173,13,20
677,174,21,19
678,174,15,5
679,174,7,20
680,174,17,15
681,174,3,16
682,175,3,19
683,175,10,0
684,175,2,18
685,175,20,11
686,176,11,20
687,176,24,9
688,176,9,18
689,177,4,17
690,177,12,16
691,178,8,4
692,178,10,23
693,179,24,20
694,179,6,19
695,179,18,1
696,179,21,18
697,179,18,11
698,180,8,15
699,180,12,20
700,180,13,5
701,180,0,7
702,181,3,19
703,181,24,2
704,181,8,14
705,181,14,2
706,182,24,9
707,182,12,5
708,182,17,13
709,182,5,18
710,182,21,7
711,182,16,6
712,183,4,2
713,183,4,8
714,183,7,0
715,183,13,19
716,184,10,18
717,184,7,21
718,185,3,14
719,185,23,19
720,185,16,1
721,185,19,4
722,185,14,1
723,185,11,22
724,186,24,4
725,186,23,16
726,186,19,20
727,186,10,8
728,186,15,22
729,186,6,13
730,187,4,15
731,187,4,16
732,187,15,3
733,188,6,21
734,188,20,4
735,188,12,2
736,188,13,9
737,188,21,0
738,189,6,9
739,189,2,19
740,189,17,8
741,190,15,0
742,190,9,7
743,190,5,9
744,190,7,20
745,190,20,6
746,190,7,17
747,190,18,14
748,191,4,12
749,193,10,9
750,193,12,4
751,193,3,0
752,194,10,20
753,194,9,6
754,194,16,1
755,194,6,3
756,195,8,5
757,195,15,4
758,195,1,23
759,195,10,18
760,196,14,22
761,196,23,10
762,197,20,10
763,197,0,16
764,198,14,16
765,198,3,9
766,198,11,20
767,199,18,6
768,199,3,21
769,199,6,12
770,199,3,10
771,199,0,13
772,200,5,2
773,200,24,8
774,200,19,11
775,200,12,1
776,200,5,1
777,200,10,18
778,200,18,12
779,201,21,24
780,201,9,3
781,201,23,11
782,202,4,15
783,202,7,1
784,202,12,0
785,202,12,24
786,202,0,11
787,203,10,18
788,203,17,11
789,203,7,3
790,203,8,0
791,203,19,7
792,203,9,24
793,204,5,14
794,204,6,15
795,204,15,24
796,204,14,10
797,205,1,13
798,205,16,7
799,205,3,11
800,205,1,16
801,205,13,19
802,206,9,3
803,206,19,6
804,206,11,19
805,206,18,21
806,206,20,6
807,207,21,7
808,207,4,20
809,207,14,21
810,207,19,10
811,208,18,8
812,208,23,13
813,208,20,12
814,208,22,14
815,208,20,8
816,208,18,12
817,208,13,24
818,209,12,14
819,209,21,13
820,209,13,10
821,210,11,22
822,211,17,1
823,212,2,5
824,212,4,19
825,212,0,4
826,212,4,10
827,212,17,24
828,212,15,5
829,213,7,19
830,213,6,14
831,213,5,17
832,213,3,19
833,213,16,12
834,213,22,18
835,213,5,20
836,213,3,6
837,213,3,5
838,213,13,17
839,213,20,2
840,213,12,22
841,214,8,0
842,214,21,4
843,214,21,11
844,214,14,12
845,215,15,17
846,215,14,23
847,215,15,9
848,215,20,24
849,215,1,3
850,216,3,12
851,216,22,5
852,216,9,17
853,216,9,2
854,217,11,18
855,217,20,9
856,217,17,3
857,217,13,0
858,217,16,23
859,217,3,11
860,218,0,20
861,218,17,20
862,219,21,17
863,219,22,24
864,219,20,17
865,220,7,17
866,220,23,3
867,220,7,0
868,220,24,21
869,221,22,11
870,221,4,24
871,222,1,20
872,222,6,13
873,222,1,3
874,222,11,9
875,222,18,3
876,223,0,18
877,223,13,6
878,223,1,10
879,224,14,15
880,224,18,9
881,224,20,2
882,224,9,18
883,225,4,15
884,225,9,13
885,225,3,9
886,225,15,3
887,225,17,24
888,226,1,9
889,226,11,2
890,226,7,16
891,226,0,10
892,228,1,12
893,228,20,5
894,228,23,14
895,228,2,0
896,228,0,6
897,228,6,8
898,228,11,5
899,228,20,24
900,229,1,7
901,229,23,17
902,229,15,17
903,229,15,22
904,229,23,0
905,229,3,10
906,229,6,13
907,230,4,10
908,230,7,0
909,230,20,22
910,230,3,23
911,230,12,5
912,231,23,12
913,231,20,19
914,231,12,5
915,232,19,22
916,232,11,20
917,232,10,24
918,232,20,18
919,232,6,21
920,232,4,13
921,232,6,24
922,233,23,19
923,233,2,20
924,233,19,5
925,233,8,18
926,233,8,19
927,234,5,23
928,234,12,6
929,234,3,13
930,234,18,8
931,235,24,21
932,236,3,18
933,236,4,19
934,236,17,11
935,237,21,5
936,237,19,16
937,237,23,16
938,237,22,7
939,237,11,15
940,238,15,1
941,238,17,20
942,239,12,4
943,239,8,16
944,239,9,20
945,239,12,3
946,239,10,16
947,240,8,2
948,240,8,4
949,240,9,13
950,240,19,8
951,241,8,1
952,241,6,12
953,241,18,4
954,241,8,11
955,241,23,9
956,242,1,9
957,242,10,22
958,242,23,17
959,242,17,11
960,242,16,7
961,242,17,20
962,243,9,19
963,243,13,17
964,243,19,5
965,244,8,22
966,244,23,1
967,244,2,11
968,245,5,2
969,246,4,8
970,246,22,10
971,246,22,6
972,247,17,0
973,247,7,5
974,247,16,10
975,247,5,12
976,248,3,18
977,249,15,23
978,249,23,5
979,249,2,19
980,250,4,20
981,250,23,3
982,250,18,3
983,250,6,21
984,250,6,21
985,251,5,17
986,251,11,15
987,252,11,19
988,253,9,16
989,253,10,18
990,253,15,5
991,253,15,9
992,254,1,4
993,255,10,13
994,255,15,24
995,255,13,17
996,255,0,23
997,256,13,5
998,257,24,22
999,257,1,12
1000,257,14,4
1001,257,23,13
1002,257,5,17
1003,257,19,20
1004,258,24,17
1005,258,23,1
1006,259,19,12
1007,260,23,5
1008,260,4,6
1009,260,12,8
1010,260,1,11
1011,260,23,12
1012,260,10,24
1013,260,9,5
1014,260,20,7
1015,260,2,24
1016,261,13,15
1017,261,5,24
1018,262,1,12
1019,262,22,10
1020,262,17,4
1021,262,16,1
1022,262,20,14
1023,263,18,8
1024,264,12,3
1025,264,19,17
1026,265,9,17
1027,265,16,23
1028,265,6,18
1029,265,4,6
1030,266,3,24
1031,266,15,24
1032,266,23,12
1033,266,3,17
1034,266,16,8
1035,267,8,11
1036,267,6,12
1037,267,9,5
1038,267,22,8
1039,267,10,18
1040,268,14,0
1041,268,15,0
1042,269,24,3
1043,269,21,19
1044,269,5,24
1045,269,16,5
1046,270,2,16
1047,270,19,3
1048,270,6,21
1049,271,2,12
1050,271,10,19
1051,271,1,13
1052,271,19,6
1053,272,8,11
1054,272,5,19
1055,272,4,17
1056,272,3,11
1057,273,4,16
1058,273,8,2
1059,273,3,7
1060,273,9,13
1061,273,17,11
1062,273,14,11
1063,274,0,18
1064,274,2,21
1065,274,12,2
1066,275,19,9
1067,275,10,1
1068,275,18,7
1069,276,10,4
1070,276,15,9
1071,276,17,24
1072,277,6,3
1073,277,19,22
1074,277,0,16
1075,277,13,11
1076,277,14,24
1077,277,2,20
1078,278,21,13
1079,278,11,22
1080,278,22,15
1081,278,13,2
1082,278,11,8
1083,278,12,10
1084,279,0,3
1085,279,9,22
1086,279,1,13
1087,279,17,11
1088,280,12,2
1089,280,10,1
1090,280,6,12
1091,280,24,11
1092,280,11,24
1093,281,1,8
1094,281,6,18
1095,281,2,24
1096,281,20,0
1097,281,24,6
1098,281,23,7
1099,282,20,9
1100,282,0,24
1101,283,23,16
1102,283,1,22
1103,283,19,21
1104,283,9,18
1105,284,5,9
1106,284,0,21
1107,285,13,10
1108,287,20,13
1109,287,12,4
1110,287,20,6
1111,288,1,11
1112,288,8,4
1113,289,19,7
1114,289,1,12
1115,289,15,21
1116,290,18,10
1117,290,20,24
1118,290,19,8
1119,290,5,15
1120,291,3,7
1121,291,2,8
1122,291,12,15
1123,291,24,4
1124,291,2,16
1125,291,0,19
1126,292,3,11
1127,292,15,18
1128,292,13,24
1129,292,1,22
1130,293,7,16
1131,293,0,2
1132,293,21,5
1133,293,1,5
1134,294,14,2
1135,294,21,18
1136,294,0,10
1137,294,13,11
1138,294,3,15
1139,295,12,14
1140,295,16,8
1141,295,21,15
1142,295,22,14
1143,295,1,22
1144,295,0,19
1145,296,2,15
1146,296,12,8
1147,296,11,23
1148,296,13,22
1149,297,14,7
1150,297,11,3
1151,297,3,15
1152,297,0,13
1153,298,3,11
1154,298,5,8
1155,299,12,0
1156,300,9,16
1157,300,9,13
1158,300,2,17
1159,300,15,21
1160,300,9,20
1161,300,16,13
1162,300,19,20
1163,301,4,1
1164,301,10,19
1165,302,11,18
1166,302,15,8
1167,302,24,0
1168,303,3,24
1169,303,21,4
1170,304,6,2
1171,304,16,9
1172,304,19,4
1173,304,11,15
1174,305,22,6
1175,305,4,7
1176,305,20,3
1177,306,14,2
1178,307,12,10
1179,307,7,21
1180,307,3,11
1181,307,0,19
1182,307,15,24
1183,307,7,21
1184,307,20,1
1185,307,1,21
1186,307,1,18
1187,307,19,17
1188,307,24,5
1189,308,10,14
1190,308,9,3
1191,308,0,16
1192,308,3,7
1193,309,13,7
1194,309,10,16
1195,309,23,10
1196,309,16,12
1197,310,7,16
1198,310,5,2
1199,310,10,14
1200,310,6,10
1201,310,9,0
1202,310,11,21
1203,310,8,2
1204,311,3,7
1205,311,3,21
1206,311,8,14
1207,311,15,18
1208,311,21,13
1209,311,3,12
1210,311,24,17
1211,311,3,6
1212,311,13,3
1213,311,9,18
1214,312,7,13
1215,312,0,3
1216,312,12,8
1217,312,1,24
1218,312,8,16
1219,312,3,16
1220,313,14,24
1221,313,15,6
1222,314,4,8
1223,314,7,21
1224,314,11,2
1225,314,18,21
1226,315,6,18
1227,315,4,6
1228,315,11,0
1229,316,17,4
1230,316,8,12
1231,316,5,24
1232,316,24,8
1233,316,21,4
1234,316,21,24
1235,317,0,21
1236,317,10,6
1237,318,12,19
1238,318,3,6
1239,318,2,5
1240,318,8,20
1241,319,6,10
1242,319,0,10
1243,319,2,6
1244,319,24,21
1245,319,6,10
1246,320,21,8
1247,320,12,5
1248,320,12,3
1249,320,9,13
1250,321,0,2
1251,321,3,12
1252,321,11,19
1253,322,6,15
1254,322,20,22
1255,322,18,3
1256,323,3,17
1257,323,8,2
1258,324,20,6
1259,324,9,10
1260,324,19,10
1261,324,11,23
1262,324,23,2
1263,325,22,20
1264,325,16,9
1265,325,18,14
1266,326,10,21
1267,326,24,9
1268,327,6,14
1269,327,0,12
1270,328,16,2
1271,328,7,16
1272,328,23,10
1273,329,24,5
1274,329,18,4
1275,329,21,9
1276,330,17,4
1277,330,21,5
1278,330,12,22
1279,330,11,7
1280,331,5,4
1281,331,10,9
1282,331,0,18
1283,331,2,13
1284,331,0,13
1285,332,9,23
1286,332,24,13
1287,332,0,14
1288,333,22,15
1289,333,13,16
1290,333,0,16
1291,333,4,5
1292,333,9,18
1293,333,2,9
1294,333,11,23
1295,334,0,2
1296,335,13,0
1297,335,10,20
1298,335,2,6
1299,335,2,13
1300,335,2,19
1301,335,13,5
1302,335,24,8
1303,336,16,18
1304,336,8,22
1305,336,24,2
1306,336,20,9
1307,336,6,17
1308,336,10,20
1309,336,8,21
1310,336,24,9
1311,336,18,22
1312,337,16,7
1313,337,7,4
1314,337,18,20
1315,337,10,20
1316,337,15,22
1317,337,9,7
1318,337,24,20
1319,337,22,11
1320,337,17,24
1321,338,15,18
1322,338,16,7
1323,338,16,7
1324,339,16,20
1325,339,21,14
1326,339,24,18
1327,339,4,23
1328,339,3,0
1329,340,5,13
1330,340,10,20
1331,340,0,13
1332,340,23,5
1333,340,12,5
1334,341,19,1
1335,341,16,8
1336,342,21,8
1337,342,22,2
1338,342,22,7
1339,342,22,15
1340,342,2,19
1341,343,6,14
1342,343,8,15
1343,343,7,23
1344,343,5,17
1345,343,3,21
1346,343,13,24
1347,344,19,4
1348,344,2,0
1349,344,12,21
1350,345,6,2
1351,345,4,14
1352,345,19,12
1353,346,23,5
1354,346,11,17
1355,346,20,7
1356,346,9,11
1357,346,24,4
1358,346,8,14
1359,347,1,17
1360,347,3,24
1361,348,3,5
1362,349,14,16
1363,349,19,1
1364,349,21,3
1365,349,9,11
1366,349,1,9
1367,349,0,20
1368,350,14,23
1369,350,5,8
1370,350,2,10
1371,351,10,9
1372,351,6,21
1373,351,21,4
1374,351,8,11
1375,352,5,24
1376,352,5,7
1377,352,0,12
1378,352,3,23
1379,352,14,7
1380,352,7,14
1381,353,11,23
1382,354,23,12
1383,354,9,12
1384,354,21,19
1385,354,24,1
1386,355,3,0
1387,355,12,14
1388,355,2,20
1389,355,21,3
1390,356,15,17
1391,356,5,19
1392,356,17,4
1393,356,22,14
1394,356,7,20
1395,356,3,20
1396,356,10,8
1397,357,4,2
1398,357,15,2
1399,357,13,19
1400,357,19,16
1401,357,24,20
1402,357,5,15
1403,357,1,17
1404,358,6,3
1405,358,1,5
1406,358,15,2
1407,358,2,13
1408,358,23,8
1409,358,21,24
1410,359,5,19
1411,359,24,15
1412,359,22,11
1413,359,16,9
1414,359,1,11
1415,360,20,4
1416,361,21,18
1417,361,13,22
1418,362,15,12
1419,362,23,13
1420,362,2,19
1421,362,13,15
1422,363,13,11
1423,363,23,9
1424,363,22,24
1425,363,13,15
1426,364,6,24
1427,364,6,12
1428,364,7,3
1429,364,1,20
1430,364,14,16
1431,365,3,15
1432,365,22,2
1433,365,9,23
1434,366,2,5
1435,366,13,23
1436,366,6,14
1437,366,3,13
1438,367,14,21
1439,367,19,2
1440,368,22,4
1441,368,16,13
1442,368,14,4
1443,369,5,14
1444,369,15,5
1445,370,8,24
1446,371,6,14
1447,371,22,20
1448,371,6,16
1449,371,14,6
1450,371,12,22
1451,372,11,14
1452,372,19,4
1453,372,13,10
1454,372,23,7
1455,372,1,23
1456,373,16,4
1457,373,19,10
1458,373,12,19
1459,374,0,23
1460,374,10,9
1461,375,6,23
1462,375,20,24
1463,375,0,17
1464,376,0,4
1465,376,14,20
1466,376,12,15
1467,376,16,5
1468,377,2,0
1469,377,11,1
1470,377,20,1
1471,377,9,16
1472,377,2,24
1473,378,3,1
1474,378,7,18
1475,379,21,12
1476,379,10,19
1477,379,9,12
1478,379,10,2
1479,379,9,12
1480,379,23,14
1481,379,9,2
1482,379,11,15
1483,379,11,13
1484,380,3,0
1485,380,23,17
1486,380,23,12
1487,380,16,9
1488,380,3,7
1489,380,19,13
1490,380,17,14
1491,380,22,18
1492,380,17,13
1493,380,6,23
1494,381,9,1
1495,381,9,5
1496,381,18,8
1497,382,11,1
1498,382,22,10
1499,383,11,1
1500,383,8,12
1501,383,9,24
1502,384,20,1
1503,384,17,21
1504,384,16,5
1505,385,23,1
1506,386,1,21
1507,386,5,1
1508,386,4,14
1509,386,18,4
1510,388,4,11
1511,388,2,13
1512,388,20,10
1513,388,16,5
1514,388,24,15
1515,389,20,1
1516,389,4,14
1517,389,1,11
1518,389,4,24
1519,389,3,1
1520,389,5,21
1521,389,3,6
1522,390,22,18
1523,390,13,5
1524,390,4,15
1525,391,0,10
1526,391,19,17
1527,391,2,13
1528,391,20,23
1529,391,12,4
1530,392,5,22
1531,392,22,3
1532,392,12,10
1533,393,18,22
1534,393,1,5
1535,394,16,12
1536,394,14,11
1537,394,0,8
1538,394,5,24
1539,395,4,2
1540,395,6,24
1541,395,20,7
1542,396,1,18
1543,396,16,20
1544,396,23,15
1545,397,5,14
1546,397,22,8
1547,397,8,2
1548,398,19,16
1549,398,9,6
1550,398,21,9
1551,399,16,24
1552,399,3,23
1553,399,0,22
1554,400,8,15
1555,400,19,9
1556,400,18,14
1557,400,6,20
1558,400,2,23
1559,401,19,4
1560,401,23,16
1561,401,4,10
1562,401,12,6
1563,401,4,23
1564,402,4,13
1565,402,14,16
1566,402,11,21
1567,402,22,5
1568,403,5,8
1569,403,11,7
1570,403,14,16
1571,403,21,5
1572,404,0,23
1573,404,18,24
1574,404,0,14
1575,404,12,24
1576,405,17,11
1577,405,6,10
1578,405,15,6
1579,405,14,1
1580,405,12,8
1581,406,11,21
1582,407,9,22
1583,407,1,11
1584,407,22,6
1585,408,20,16
1586,408,4,17
1587,408,13,16
1588,408,0,6
1589,409,12,22
1590,410,3,7
1591,410,19,13
1592,411,17,5
1593,411,9,5
1594,411,19,23
1595,411,8,24
1596,411,11,19
1597,412,15,18
1598,412,10,23
1599,412,19,0
1600,412,4,11
1601,413,6,22
1602,414,7,14
1603,414,9,18
1604,415,22,5
1605,415,11,3
1606,415,7,19
1607,415,19,2
1608,416,0,16
1609,416,0,18
1610,416,19,23
1611,416,24,22
1612,417,6,10
1613,417,1,24
1614,417,20,11
1615,417,22,1
1616,417,23,5
1617,418,19,15
1618,419,23,14
1619,419,5,1
1620,419,12,1
1621,420,18,7
1622,420,19,8
1623,420,9,6
1624,420,5,12
1625,420,1,16
1626,421,20,9
1627,421,6,21
1628,422,0,11
1629,422,1,20
1630,422,18,1
1631,422,23,2
1632,423,9,0
1633,423,2,22
1634,423,19,2
1635,423,20,18
1636,423,18,20
1637,423,19,10
1638,424,9,15
1639,424,8,24
1640,424,19,17
1641,425,3,20
1642,426,18,6
1643,426,8,21
1644,426,24,3
1645,427,11,17
1646,427,23,0
1647,427,24,8
1648,427,9,5
1649,427,15,6
1650,427,5,23
1651,427,2,15
1652,428,3,12
1653,428,14,17
1654,428,19,7
1655,428,16,0
1656,429,19,23
1657,429,11,2
1658,430,11,17
1659,430,21,3
1660,430,17,6
1661,431,3,24
1662,431,8,1
1663,431,0,22
1664,431,7,0
1665,431,0,12
1666,432,13,1
1667,433,23,4
1668,433,14,5
1669,433,5,13
1670,433,7,5
1671,434,23,11
1672,434,14,4
1673,434,0,21
1674,434,2,16
1675,434,20,24
1676,434,6,12
1677,434,13,6
1678,434,19,6
1679,434,13,11
1680,435,7,15
1681,435,3,16
1682,435,13,0
1683,435,21,1
1684,436,16,10
1685,436,16,20
1686,437,24,11
1687,437,20,3
1688,438,23,2
1689,438,20,7
1690,438,5,20
1691,439,8,2
1692,439,4,14
1693,439,21,10
1694,439,7,0
1695,440,17,5
1696,440,3,19
1697,440,6,2
1698,440,14,12
1699,440,5,18
1700,440,8,4
1701,440,21,2
1702,441,22,1
1703,441,11,15
1704,442,10,3
1705,442,18,10
1706,442,16,6
1707,442,5,9
1708,443,19,17
1709,443,16,20
1710,444,18,11
1711,444,3,0
1712,444,4,22
1713,444,22,1
1714,444,21,7
1715,444,21,10
1716,445,12,1
1717,445,2,17
1718,445,0,18
1719,445,14,7
1720,445,12,22
1721,446,10,22
1722,446,20,9
1723,446,23,8
1724,446,7,13
1725,447,18,1
1726,447,23,10
1727,447,17,19
1728,448,3,13
1729,448,16,7
1730,449,12,5
1731,449,22,10
1732,449,21,23
1733,449,10,16
1734,449,7,19
1735,449,23,13
1736,450,24,22
1737,450,16,1
1738,450,21,24
1739,451,11,5
1740,451,3,22
1741,452,12,8
1742,452,9,18
1743,452,18,0
1744,452,23,19
1745,453,15,3
1746,453,8,24
1747,454,5,12
1748,454,19,5
1749,454,7,3
1750,454,7,18
1751,455,22,4
1752,455,18,9
1753,456,15,13
1754,456,4,15
1755,457,15,14
1756,457,0,6
1757,457,8,5
1758,458,23,4
1759,458,22,1
1760,459,24,15
1761,459,22,19
1762,459,24,15
1763,459,22,8
1764,460,16,1
1765,460,2,20
1766,460,22,3
1767,460,3,19
1768,460,8,14
1769,460,20,19
1770,461,21,8
1771,461,10,16
1772,461,20,3
1773,461,8,16
1774,461,21,1
1775,461,16,6
1776,461,15,2
1777,462,16,8
1778,462,2,18
1779,462,6,22
1780,462,6,20
1781,462,15,23
1782,463,15,5
1783,463,18,5
1784,463,11,9
1785,463,9,3
1786,463,2,24
1787,463,5,15
1788,463,12,16
1789,464,2,11
1790,465,1,13
1791,465,12,10
1792,465,18,0
1793,466,3,23
1794,466,4,5
1795,466,17,10
1796,466,23,5
1797,466,22,5
1798,466,22,15
1799,467,3,9
1800,467,16,24
1801,467,19,10
1802,468,2,6
1803,468,9,18
1804,468,20,12
1805,469,20,3
1806,469,21,8
1807,469,14,3
1808,469,3,11
1809,470,4,0
1810,470,18,2
1811,470,14,12
1812,470,22,5
1813,470,19,5
1814,470,10,20
1815,470,5,4
1816,470,2,18
1817,470,8,14
1818,470,18,0
1819,471,12,20
1820,471,5,9
1821,471,15,14
1822,472,13,20
1823,472,18,15
1824,472,19,23
1825,473,5,9
1826,473,15,7
1827,473,11,1
1828,474,0,19
1829,474,4,19
1830,474,18,9
1831,474,19,16
1832,475,20,9
1833,475,7,17
1834,476,8,20
1835,476,9,0
1836,476,13,19
1837,476,7,13
1838,476,20,6
1839,477,13,20
1840,477,21,17
1841,477,2,5
1842,477,22,15
1843,477,19,16
1844,477,22,16
1845,477,5,8
1846,478,6,21
1847,478,18,20
1848,478,1,10
1849,478,9,17
1850,478,4,6
1851,478,20,22
1852,479,15,5
1853,479,22,6
1854,479,8,11
1855,480,13,16
1856,480,21,24
1857,480,3,16
1858,481,22,0
1859,481,12,21
1860,481,19,3
1861,481,20,10
1862,481,7,1
1863,482,22,10
1864,483,6,2
1865,483,16,22
1866,483,11,4
1867,483,10,12
1868,484,20,12
1869,484,20,9
1870,484,10,14
1871,485,10,20
1872,485,23,3
1873,485,19,16
1874,485,3,23
1875,485,1,8
1876,485,20,24
1877,485,2,22
1878,485,8,14
1879,486,17,2
1880,486,24,3
1881,487,10,0
1882,487,1,3
1883,487,16,14
1884,487,17,1
1885,488,22,15
1886,488,22,3
1887,489,20,1
1888,489,22,12
1889,490,2,22
1890,490,24,9
1891,490,5,21
1892,491,5,20
1893,491,16,6
1894,491,17,1
1895,491,14,21
1896,491,24,17
1897,491,18,16
1898,491,10,18
1899,492,5,22
1900,492,4,20
1901,492,15,3
1902,492,13,1
1903,492,16,19
1904,492,17,11
1905,493,8,22
1906,493,14,12
1907,493,15,8
1908,493,2,14
1909,493,13,2
1910,493,23,8
1911,495,18,21
1912,495,16,9
1913,495,6,23
1914,495,23,15
1915,495,2,19
1916,495,19,22
1917,496,7,19
1918,496,17,13
1919,496,5,18
1920,496,23,13
1921,496,4,15
1922,497,3,24
1923,497,7,0
1924,497,24,18
1925,497,7,9
1926,497,13,24
1927,497,5,16
1928,498,17,23
1929,499,23,13
1930,499,24,10
1931,499,0,13
1932,499,7,18
1933,500,9,7
1934,500,4,16
1935,500,7,5
1936,501,19,6
1937,501,17,6
1938,501,7,0
1939,501,9,12
1940,502,19,17
1941,502,1,13
1942,502,9,22
1943,503,22,12
1944,504,24,4
1945,504,22,1
1946,504,9,17
1947,505,5,17
1948,505,21,2
1949,505,18,1
1950,505,9,5
1951,505,4,1
1952,505,2,11
1953,506,7,4
1954,506,21,9
1955,506,10,23
1956,506,12,10
1957,506,15,3
1958,507,15,21
1959,507,8,21
1960,507,21,7
1961,507,12,20
1962,508,11,2
1963,508,6,4
1964,508,5,9
1965,508,5,1
1966,508,21,7
1967,508,13,10
1968,509,16,5
1969,509,14,6
1970,509,2,18
1971,510,1,24
1972,510,17,13
1973,510,1,8
1974,510,0,15
1975,510,17,9
1976,511,5,7
1977,511,21,2
1978,511,20,13
1979,512,19,1
1980,512,7,1
1981,512,21,13
1982,512,6,20
1983,512,24,20
1984,513,8,24
1985,513,0,18
1986,513,20,6
1987,513,3,13
1988,513,1,11
1989,513,0,16
1990,514,14,12
1991,514,1,15
1992,514,19,11
1993,515,14,21
1994,515,5,24
1995,515,14,10
1996,515,17,23
1997,516,20,24
1998,516,23,3
1999,517,7,13
2000,517,22,10
2001,517,15,19
2002,517,2,24
2003,518,15,18
2004,518,17,21
2005,518,5,24
2006,518,21,17
2007,518,18,1
2008,518,23,5
2009,519,13,21
2010,519,18,2
2011,520,9,3
2012,520,24,16
2013,520,7,5
2014,520,20,24
2015,520,5,9
2016,521,8,12
2017,521,0,19
2018,521,2,11
2019,521,24,3
2020,521,13,4
2021,521,2,10
2022,521,19,22
2023,522,5,11
2024,522,14,11
2025,522,24,2
2026,522,0,9
2027,523,0,17
2028,523,9,23
2029,523,23,5
2030,523,21,7
2031,523,12,4
2032,524,22,10
2033,524,6,14
2034,524,19,0
2035,524,22,13
2036,525,23,11
2037,526,13,1
2038,526,1,23
2039,526,4,1
2040,526,2,5
2041,526,8,18
2042,526,2,15
2043,527,23,0
2044,528,1,12
2045,528,18,24
2046,528,18,0
2047,528,8,17
2048,528,14,24
2049,529,14,15
2050,529,9,16
2051,529,0,22
2052,529,4,15
2053,530,22,10
2054,530,3,11
2055,530,8,21
2056,530,22,15
2057,530,21,12
2058,530,11,3
2059,531,2,22
2060,531,24,15
2061,531,6,23
2062,531,4,13
2063,532,6,4
2064,532,3,1
2065,533,21,11
2066,533,4,1
2067,533,9,20
2068,533,3,11
2069,534,21,2
2070,534,1,14
2071,534,11,23
2072,535,20,7
2073,535,21,6
2074,536,21,8
2075,536,12,20
2076,536,24,3
2077,537,6,9
2078,537,2,14
2079,537,1,15
2080,537,21,3
2081,537,3,0
2082,537,23,5
2083,537,12,14
2084,537,0,7
2085,537,4,22
2086,538,3,6
2087,538,12,0
2088,539,4,7
2089,539,0,18
2090,539,4,23
2091,539,24,8
2092,540,8,18
2093,540,8,17
2094,540,8,19
2095,541,8,22
2096,541,8,16
2097,541,8,1
2098,542,1,16
2099,542,19,22
2100,542,0,18
2101,542,3,18
2102,542,13,5
2103,543,10,20
2104,543,0,13
2105,543,17,1
2106,543,8,20
2107,544,4,20
2108,544,2,15
2109,544,11,15
2110,544,10,8
2111,544,5,7
2112,544,9,12
2113,546,19,6
2114,546,10,4
2115,546,23,15
2116,547,24,12
2117,547,0,13
2118,547,4,14
2119,547,14,21
2120,548,24,9
2121,548,19,21
2122,548,14,5
2123,548,6,10
2124,549,20,19
2125,549,12,9
2126,549,13,6
2127,549,6,21
2128,550,22,9
2129,550,10,24
2130,550,3,13
2131,551,16,9
2132,551,21,11
2133,551,24,9
2134,551,9,12
2135,551,19,11
2136,551,10,2
2137,552,14,11
2138,552,10,4
2139,552,4,6
2140,552,11,14
2141,553,19,13
2142,553,7,18
2143,553,9,12
2144,553,18,12
2145,553,4,7
2146,553,7,4
2147,553,9,19
2148,554,16,19
2149,554,11,18
2150,554,8,6
2151,554,4,6
2152,555,24,10
2153,555,23,11
2154,555,3,24
2155,555,8,5
2156,555,0,6
2157,555,13,0
2158,556,17,10
2159,556,6,4
2160,556,14,7
2161,557,12,4
2162,557,16,4
2163,557,8,10
2164,557,19,11
2165,558,6,0
2166,558,14,7
2167,558,1,8
2168,558,7,11
2169,558,10,9
2170,559,19,4
2171,559,0,16
2172,559,10,1
2173,560,3,18
2174,560,10,16
2175,560,23,5
2176,561,21,8
2177,562,24,20
2178,563,5,13
2179,564,24,5
2180,564,21,12
2181,566,16,20
2182,566,8,21
2183,566,16,4
2184,567,4,21
2185,567,9,20
2186,568,17,1
2187,568,17,13
2188,568,13,24
2189,569,20,24
2190,569,17,14
2191,569,12,24
2192,569,17,9
2193,570,7,24
2194,570,2,10
2195,570,12,22
2196,570,7,13
2197,570,21,8
2198,570,9,20
2199,570,24,3
2200,571,12,19
2201,572,4,20
2202,572,23,15
2203,572,0,8
2204,573,2,17
2205,573,10,3
2206,573,8,5
2207,573,16,2
2208,573,6,24
2209,574,11,20
2210,574,2,9
2211,574,5,9
2212,574,22,13
2213,574,5,8
2214,574,4,5
2215,574,9,2
2216,575,8,20
2217,575,4,0
2218,575,13,9
2219,575,15,0
2220,575,1,8
2221,575,6,15
2222,576,8,16
2223,576,0,22
2224,576,16,22
2225,576,11,9
2226,576,8,24
2227,577,9,3
2228,577,23,12
2229,577,11,8
2230,578,14,16
2231,578,7,10
2232,579,22,11
2233,579,15,3
2234,579,0,13
2235,579,12,21
2236,579,20,2
2237,579,18,12
2238,579,17,15
2239,579,16,9
2240,579,19,13
2241,580,17,1
2242,580,11,7
2243,581,1,19
2244,582,15,11
2245,582,22,9
2246,582,3,11
2247,582,17,23
2248,582,11,17
2249,583,14,7
2250,583,8,18
2251,583,5,13
2252,583,1,23
2253,584,19,2
2254,584,10,18
2255,584,13,15
2256,584,22,13
2257,584,13,7
2258,584,16,5
2259,585,11,9
2260,585,11,7
2261,585,15,6
2262,586,6,20
2263,586,23,7
2264,586,7,23
2265,586,21,6
2266,586,10,0
2267,586,19,12
2268,587,11,3
2269,587,0,21
2270,587,2,22
2271,588,0,20
2272,588,21,9
2273,588,12,10
2274,589,20,11
2275,589,8,19
2276,589,20,22
2277,589,23,0
2278,589,20,6
2279,590,7,16
2280,590,20,2
2281,590,19,23
2282,591,23,21
2283,591,2,10
2284,591,8,23
2285,592,10,6
2286,592,21,8
2287,593,3,13
2288,593,24,22
2289,593,6,16
2290,593,6,15
2291,594,2,11
2292,595,7,11
2293,595,23,0
2294,596,7,16
2295,596,17,10
2296,596,16,4
2297,597,18,21
2298,597,5,21
2299,597,20,3
2300,598,13,10
2301,598,22,8
2302,598,20,16
2303,599,8,19
2304,599,21,18
2305,600,20,8
2306,601,7,23
2307,601,15,8
2308,601,24,20
2309,601,16,12
2310,601,12,6
2311,601,15,0
2312,601,20,9
2313,601,4,23
2314,601,6,2
2315,602,2,18
2316,602,12,5
2317,602,18,5
2318,603,10,13
2319,604,24,4
2320,604,9,19
2321,604,4,0
2322,604,4,6
2323,604,23,12
2324,605,1,21
2325,605,19,21
2326,605,2,24
2327,605,7,0
2328,606,12,3
2329,606,22,6
2330,607,7,0
2331,607,23,15
2332,607,1,16
2333,608,1,9
2334,608,14,8
2335,608,8,5
2336,608,18,12
2337,608,21,15
2338,609,7,21
2339,609,18,1
2340,609,1,3
2341,609,1,7
2342,609,1,13
2343,609,18,20
2344,610,1,7
2345,610,13,15
2346,610,2,22
2347,610,16,7
2348,611,7,16
2349,611,2,11
2350,611,4,10
2351,611,12,5
2352,611,4,19
2353,612,0,14
2354,612,8,21
2355,612,3,0
2356,612,23,2
2357,613,8,15
2358,614,5,22
2359,614,18,4
2360,615,17,5
2361,615,14,12
2362,615,23,6
2363,615,3,6
2364,615,10,16
2365,615,11,8
2366,616,10,2
2367,616,12,21
2368,617,19,0
2369,617,5,23
2370,617,1,8
2371,617,5,1
2372,618,6,2
2373,618,0,3
2374,618,21,1
2375,618,22,10
2376,618,17,19
2377,619,9,22
2378,619,2,22
2379,619,2,17
2380,619,1,14
2381,619,5,15
2382,620,12,0
2383,621,2,5
2384,621,3,9
2385,621,10,23
2386,622,14,17
2387,622,18,16
2388,622,10,6
2389,622,18,1
2390,622,1,5
2391,623,20,12
2392,624,14,3
2393,624,19,21
2394,624,16,23
2395,624,5,17
2396,624,7,15
2397,625,5,7
2398,625,18,11
2399,626,18,1
2400,626,0,15
2401,626,23,21
2402,626,17,10
2403,626,14,2
2404,626,17,23
2405,626,5,2
2406,627,13,22
2407,627,23,19
2408,628,10,9
2409,628,8,15
2410,628,4,10
2411,628,22,19
2412,629,20,11
2413,629,17,23
2414,629,14,12
2415,630,5,2
2416,630,23,3
2417,630,13,2
2418,630,15,14
2419,630,4,23
2420,631,4,24
2421,632,1,7
2422,632,13,16
2423,633,22,9
2424,633,16,12
2425,633,2,9
2426,635,20,4
2427,635,19,16
2428,636,24,2
2429,636,9,19
2430,636,1,9
2431,636,9,0
2432,636,6,14
2433,637,5,4
2434,637,16,5
2435,637,2,17
2436,637,16,4
2437,637,6,16
2438,638,9,15
2439,638,1,13
2440,638,13,19
2441,639,4,24
2442,639,0,21
2443,639,23,13
2444,640,15,12
2445,640,3,7
2446,640,24,6
2447,640,9,7
2448,640,19,8
2449,640,22,15
2450,641,5,11
2451,641,6,18
2452,642,0,3
2453,643,4,0
2454,643,20,19
2455,643,1,21
2456,643,17,11
2457,643,4,17
2458,643,0,7
2459,644,18,1
2460,644,22,5
2461,644,13,3
2462,644,22,2
2463,644,17,15
2464,644,4,15
2465,644,18,12
2466,645,20,18
2467,646,2,16
2468,646,16,14
2469,646,4,24
2470,647,8,4
2471,647,24,1
2472,647,13,7
2473,647,23,14
2474,648,10,14
2475,648,9,18
2476,648,7,20
2477,649,10,20
2478,650,14,2
2479,650,5,21
2480,650,13,16
2481,651,1,3
2482,651,15,2
2483,651,6,23
2484,651,10,16
2485,652,16,5
2486,652,13,4
2487,652,9,19
2488,652,8,23
2489,652,4,5
2490,652,23,12
2491,652,15,8
2492,652,20,13
2493,653,13,16
2494,653,15,11
2495,654,0,6
2496,654,8,12
2497,654,7,1
2498,654,14,3
2499,655,24,10
2500,655,18,21
2501,656,24,16
2502,656,12,14
2503,656,11,22
2504,657,7,16
2505,657,14,24
2506,657,16,2
2507,658,3,17
2508,658,11,19
2509,658,20,13
2510,658,9,19
2511,658,14,21
2512,658,8,14
2513,659,8,21
2514,659,20,19
2515,660,10,21
2516,660,10,16
2517,660,23,4
2518,660,4,1
2519,660,8,20
2520,661,21,7
2521,661,23,8
2522,661,2,14
2523,661,1,8
2524,661,11,14
2525,661,2,21
2526,662,1,4
2527,662,1,4
2528,662,4,6
2529,662,22,8
2530,662,10,21
2531,663,23,12
2532,663,11,1
2533,663,18,11
2534,664,10,1
2535,664,22,8
2536,664,8,23
2537,664,0,20
2538,665,15,21
2539,665,4,8
2540,666,22,14
2541,666,10,16
2542,666,24,21
2543,666,24,14
2544,666,6,13
2545,666,7,16
2546,666,17,21
2547,667,24,5
2548,667,14,22
2549,667,11,22
2550,667,21,7
2551,667,0,12
2552,667,0,10
2553,667,15,4
2554,667,22,3
2555,667,8,5
2556,667,20,6
2557,667,8,0
2558,668,20,8
2559,668,18,2
2560,668,10,6
2561,668,20,14
2562,669,17,20
2563,669,10,14
2564,669,8,17
2565,669,15,0
2566,670,7,15
2567,670,16,2
2568,670,8,10
2569,670,7,15
2570,671,6,16
2571,671,6,12
2572,672,18,4
2573,672,13,16
2574,673,2,8
2575,673,0,10
2576,673,14,3
2577,673,21,19
2578,674,17,8
2579,674,13,19
2580,674,4,18
2581,675,12,9
2582,675,7,5
2583,675,15,7
2584,676,8,14
2585,676,3,24
2586,676,1,8
2587,676,18,2
2588,676,7,18
2589,676,19,4
2590,676,6,14
2591,677,8,22
2592,678,11,20
2593,678,8,24
2594,678,20,2
2595,679,7,15
2596,680,2,19
2597,680,2,19
2598,680,8,22
2599,680,20,10
2600,681,5,18
2601,681,6,15
2602,681,0,17
2603,681,21,11
2604,682,0,6
2605,682,13,5
2606,683,12,2
2607,683,22,9
2608,683,14,5
2609,683,20,17
2610,683,9,24
2611,685,13,6
2612,685,7,0
2613,685,11,1
2614,686,10,16
2615,686,1,24
2616,686,1,4
2617,687,18,8
2618,687,2,21
2619,687,11,4
2620,688,9,18
2621,688,0,24
2622,688,23,21
2623,688,19,16
2624,688,9,24
2625,688,11,4
2626,689,17,19
2627,689,0,2
2628,690,1,15
2629,690,7,15
2630,690,14,2
2631,690,10,16
2632,691,4,11
2633,691,2,6
2634,691,3,20
2635,691,13,15
2636,692,11,1
2637,692,0,20
2638,692,0,23
2639,693,14,3
2640,693,17,7
2641,693,2,9
2642,693,1,21
2643,693,17,10
2644,693,2,8
2645,693,5,1
2646,693,21,7
2647,693,7,20
2648,694,23,14
2649,694,18,9
2650,694,21,2
2651,695,11,21
2652,695,18,11
2653,695,5,7
2654,696,1,22
2655,696,23,4
2656,696,2,9
2657,696,6,16
2658,696,0,23
2659,697,4,8
2660,697,8,0
2661,698,0,24
2662,698,5,7
2663,698,6,4
2664,698,10,7
2665,698,13,21
2666,699,3,22
2667,699,5,14
2668,699,22,12
2669,699,7,3
2670,699,0,9
2671,700,11,13
2672,700,24,21
2673,700,7,19
2674,701,7,3
2675,701,0,20
2676,701,23,4
2677,701,12,9
2678,701,23,14
2679,702,1,8
2680,702,7,5
2681,702,19,0
2682,702,9,24
2683,703,8,20
2684,703,12,2
2685,703,1,19
2686,703,16,10
2687,703,14,21
2688,703,3,18
2689,703,15,14
2690,703,2,16
2691,703,6,23
2692,704,19,10
2693,704,22,24
2694,704,11,20
2695,705,24,0
2696,705,13,17
2697,706,12,21
2698,706,12,3
2699,706,9,12
2700,706,24,1
2701,706,18,22
2702,706,16,6
2703,706,4,6
2704,707,20,18
2705,707,21,10
2706,708,7,20
2707,708,20,6
2708,708,0,6
2709,708,23,20
2710,708,19,2
2711,708,0,10
2712,708,8,11
2713,709,24,4
2714,709,9,5
2715,709,16,0
2716,709,5,15
2717,709,23,21
2718,710,11,22
2719,710,8,2
2720,710,3,12
2721,710,9,19
2722,711,21,0
2723,711,7,13
2724,711,13,10
2725,711,17,10
2726,711,19,2
2727,711,20,5
2728,711,17,19
2729,712,21,17
2730,713,7,13
2731,713,7,11
2732,713,21,1
2733,713,5,20
2734,714,15,6
2735,714,19,9
2736,714,7,16
2737,714,20,3
2738,714,21,18
2739,715,19,8
2740,715,23,16
2741,715,6,14
2742,715,4,17
2743,715,17,5
2744,716,14,5
2745,716,4,22
2746,716,7,18
2747,716,17,15
2748,717,13,11
2749,717,5,11
2750,717,0,6
2751,718,3,7
2752,718,23,0
2753,718,7,0
2754,718,19,11
2755,718,18,9
2756,718,16,6
2757,718,23,12
2758,718,2,24
2759,719,3,20
2760,719,22,13
2761,720,2,22
2762,720,10,18
2763,720,9,0
2764,720,20,9
2765,720,17,13
2766,720,23,7
2767,721,6,23
2768,721,0,6
2769,722,15,8
2770,722,6,13
2771,722,12,10
2772,722,21,15
2773,723,16,2
2774,723,13,17
2775,724,20,7
2776,724,21,14
2777,724,0,21
2778,724,18,20
2779,724,5,13
2780,725,1,17
2781,725,13,6
2782,725,9,7
2783,725,21,12
2784,725,18,24
2785,725,24,22
2786,725,3,16
2787,726,22,24
2788,726,12,15
2789,726,17,8
2790,727,1,9
2791,727,3,12
2792,728,10,3
2793,729,12,2
2794,729,5,11
2795,729,7,17
2796,730,14,1
2797,730,0,22
2798,730,2,8
2799,731,6,10
2800,731,1,12
2801,732,3,10
2802,732,5,9
2803,732,24,10
2804,732,1,13
2805,732,6,24
2806,733,24,16
2807,733,1,20
2808,733,1,9
2809,733,0,13
2810,734,11,0
2811,734,1,8
2812,734,8,12
2813,735,20,6
2814,735,15,5
2815,735,7,10
2816,735,6,4
2817,736,12,0
2818,736,11,4
2819,736,8,22
2820,737,0,8
2821,737,14,11
2822,737,4,17
2823,738,5,12
2824,738,1,22
2825,738,22,3
2826,738,1,8
2827,738,15,11
2828,739,20,11
2829,739,15,19
2830,739,2,13
2831,739,0,16
2832,740,4,0
2833,740,22,0
2834,741,9,0
2835,741,3,1
2836,741,14,6
2837,741,16,10
2838,742,2,8
2839,742,13,22
2840,743,9,10
2841,743,1,3
2842,743,9,20
2843,743,13,17
2844,743,21,12
2845,743,10,12
2846,743,3,13
2847,743,19,11
2848,743,19,1
2849,744,9,7
2850,744,3,9
2851,744,13,4
2852,744,12,1
2853,745,13,0
2854,745,1,9
2855,745,15,1
2856,745,2,22
2857,746,1,5
2858,746,12,19
2859,746,16,14
2860,746,17,21
2861,746,3,23
2862,747,19,3
2863,747,2,17
2864,747,5,19
2865,748,2,11
2866,748,11,14
2867,748,24,11
2868,749,15,17
2869,749,23,2
2870,749,0,16
2871,749,11,15
2872,749,8,15
2873,749,14,22
2874,750,21,15
2875,750,9,11
2876,750,20,14
2877,750,20,11
2878,751,7,3
2879,751,24,6
2880,751,8,5
2881,751,24,21
2882,751,17,20
2883,752,0,9
2884,752,0,13
2885,752,13,20
2886,752,11,3
2887,752,0,13
2888,753,15,22
2889,753,10,21
2890,753,3,13
2891,753,0,12
2892,753,11,17
2893,754,10,3
2894,754,18,2
2895,754,23,4
2896,754,21,13
2897,754,13,5
2898,754,11,22
2899,754,12,24
2900,755,2,24
2901,756,21,7
2902,756,11,15
2903,756,8,10
2904,756,18,8
2905,758,9,12
2906,759,19,8
2907,759,24,18
2908,760,22,16
2909,760,10,20
2910,760,20,19
2911,761,14,12
2912,761,14,6
2913,761,3,7
2914,761,9,6
2915,761,0,11
2916,761,8,22
2917,762,23,15
2918,762,19,1
2919,762,6,22
2920,762,19,6
2921,762,11,3
2922,763,24,2
2923,763,10,12
2924,763,4,10
2925,763,2,9
2926,763,3,7
2927,764,7,15
2928,764,3,9
2929,764,9,15
2930,764,17,11
2931,764,20,3
2932,764,14,7
2933,764,10,22
2934,765,14,0
2935,765,5,4
2936,765,24,7
2937,765,20,14
2938,765,24,3
2939,766,7,11
2940,766,6,14
2941,767,24,8
2942,767,4,8
2943,767,20,17
2944,767,9,22
2945,768,17,13
2946,768,12,23
2947,768,4,15
2948,768,0,15
2949,768,21,3
2950,769,4,6
2951,769,20,1
2952,769,3,5
2953,769,18,14
2954,769,23,19
2955,770,23,8
2956,770,10,9
2957,770,0,20
2958,770,0,8
2959,770,14,15
2960,771,2,19
2961,771,2,24
2962,771,7,16
2963,771,17,9
2964,771,9,13
2965,771,24,15
2966,772,12,22
2967,772,16,12
2968,772,5,2
2969,772,15,18
2970,772,18,22
2971,773,24,17
2972,773,10,24
2973,773,5,9
2974,773,20,16
2975,773,22,18
2976,773,10,22
2977,773,8,19
2978,774,2,22
2979,774,9,1
2980,774,3,10
2981,775,0,11
2982,775,17,2
2983,775,17,6
2984,775,4,22
2985,776,1,3
2986,776,4,24
2987,776,17,1
2988,776,23,6
2989,776,1,13
2990,777,7,16
2991,777,1,14
2992,777,22,8
2993,777,7,20
2994,777,4,23
2995,777,2,23
2996,778,15,3
2997,779,20,24
2998,780,17,7
2999,780,21,2
3000,781,2,14
3001,781,12,6
3002,781,22,19
3003,782,15,0
3004,782,13,1
3005,782,22,4
3006,782,11,19
3007,782,4,7
3008,784,3,15
3009,784,11,9
3010,785,1,3
3011,785,0,3
3012,785,12,10
3013,785,0,12
3014,786,6,17
3015,786,4,0
3016,786,11,17
3017,786,24,2
3018,786,23,14
3019,787,5,7
3020,787,18,22
3021,787,20,19
3022,787,2,4
3023,788,11,21
3024,788,19,9
3025,788,5,12
3026,788,23,1
3027,788,0,7
3028,788,15,23
3029,788,10,21
3030,789,6,8
3031,789,23,14
3032,789,16,2
3033,789,5,7
3034,789,10,13
3035,789,16,22
3036,790,16,10
3037,791,23,8
3038,791,4,8
3039,792,22,8
3040,792,23,7
3041,792,11,15
3042,792,22,2
3043,793,21,10
3044,794,5,17
3045,794,7,16
3046,794,24,9
3047,794,24,11
3048,794,1,12
3049,795,22,8
3050,795,23,6
3051,795,7,0
3052,796,19,9
3053,796,1,12
3054,796,5,18
3055,796,24,20
3056,796,10,0
3057,796,5,22
3058,797,3,7
3059,797,21,23
3060,797,15,18
3061,797,20,4
3062,798,3,24
3063,799,13,16
3064,799,16,0
3065,799,5,24
3066,800,2,19
3067,800,12,14
3068,800,24,18
3069,801,6,2
3070,801,20,23
3071,801,10,1
3072,801,21,3
3073,801,12,8
3074,802,9,19
3075,802,21,11
3076,802,17,11
3077,802,2,24
3078,802,12,14
3079,803,13,9
3080,803,14,6
3081,803,10,12
3082,803,11,8
3083,804,22,6
3084,804,7,14
3085,804,6,19
3086,804,4,20
3087,805,24,3
3088,806,12,3
3089,807,13,16
3090,807,9,0
3091,807,24,16
3092,807,23,6
3093,807,4,13
3094,808,14,11
3095,808,8,11
3096,810,24,5
3097,810,0,8
3098,811,4,1
3099,812,20,13
3100,812,2,5
3101,812,9,16
3102,812,24,2
3103,812,16,9
3104,812,8,4
3105,812,17,23
3106,812,9,7
3107,812,20,0
3108,813,17,5
3109,813,14,10
3110,813,13,4
3111,813,24,2
3112,814,12,18
3113,814,16,23
3114,814,1,12
3115,814,4,17
3116,815,3,18
3117,815,2,19
3118,816,1,5
3119,816,22,14
3120,816,2,18
3121,817,8,10
3122,817,6,19
3123,817,13,9
3124,817,10,2
3125,817,16,22
3126,818,16,23
3127,818,12,3
3128,818,7,21
3129,818,16,9
3130,819,15,0
3131,819,2,21
3132,819,18,21
3133,819,0,7
3134,819,6,8
3135,819,10,9
3136,819,23,2
3137,819,16,8
3138,820,16,1
3139,820,14,7
3140,821,24,13
3141,821,5,16
3142,821,9,1
3143,821,21,4
3144,821,0,8
3145,821,7,10
3146,821,7,10
3147,822,12,1
3148,822,3,0
3149,822,14,0
3150,822,21,18
3151,823,20,13
3152,823,14,22
3153,823,20,8
3154,823,7,5
3155,823,2,8
3156,823,8,20
3157,824,17,19
3158,824,3,20
3159,825,3,5
3160,825,20,11
3161,825,10,17
3162,825,13,22
3163,825,14,20
3164,826,10,23
3165,826,23,5
3166,826,9,13
3167,827,8,15
3168,827,14,8
3169,827,3,14
3170,827,10,7
3171,827,22,14
3172,827,13,20
3173,827,14,6
3174,828,5,24
3175,828,4,20
3176,828,4,10
3177,830,24,7
3178,830,14,15
3179,830,18,2
3180,830,17,3
3181,830,12,8
3182,830,13,15
3183,831,10,9
3184,831,7,20
3185,831,7,3
3186,831,16,12
3187,831,6,23
3188,832,7,10
3189,832,22,5
3190,832,16,5
3191,833,0,15
3192,833,14,24
3193,833,12,24
3194,834,6,20
3195,834,0,16
3196,835,22,1
3197,835,4,19
3198,835,6,21
3199,836,5,24
3200,836,24,14
3201,836,2,23
3202,836,0,2
3203,836,22,7
3204,836,3,16
3205,836,24,1
3206,837,10,20
3207,837,0,23
3208,837,6,22
3209,838,18,0
3210,838,8,15
3211,839,15,19
3212,839,6,24
3213,839,15,21
3214,839,9,15
3215,840,20,8
3216,840,23,4
3217,840,24,10
3218,840,4,12
3219,840,1,13
3220,840,10,24
3221,840,2,14
3222,842,20,0
3223,842,13,19
3224,842,11,24
3225,843,24,4
3226,843,11,23
3227,843,17,7
3228,843,10,24
3229,843,21,19
3230,844,7,0
3231,844,12,0
3232,844,3,5
3233,844,22,9
3234,845,22,12
3235,845,14,21
3236,845,24,17
3237,845,8,10
3238,846,7,11
3239,846,6,21
3240,846,4,1
3241,846,15,17
3242,846,7,14
3243,846,2,0
3244,846,16,6
3245,847,8,16
3246,847,4,12
3247,847,23,14
3248,847,0,13
3249,847,22,20
3250,848,3,14
3251,848,11,5
3252,848,22,10
3253,848,17,19
3254,849,6,16
3255,849,19,17
3256,849,24,2
3257,849,0,11
3258,849,18,11
3259,849,5,23
3260,849,7,14
3261,849,23,6
3262,849,14,20
3263,849,4,10
3264,849,4,19
3265,849,7,5
3266,850,11,17
3267,850,10,14
3268,850,11,9
3269,851,9,15
3270,851,12,19
3271,851,24,22
3272,852,3,16
3273,852,3,10
3274,852,8,6
3275,852,14,1
3276,852,6,8
3277,853,23,13
3278,853,16,3
3279,853,13,7
3280,854,12,16
3281,854,3,1
3282,854,3,22
3283,854,8,18
3284,855,17,5
3285,855,23,2
3286,855,1,9
3287,855,4,5
3288,855,9,23
3289,856,6,23
3290,856,16,22
3291,856,18,3
3292,856,1,5
3293,857,5,19
3294,857,23,19
3295,857,11,2
3296,857,12,10
3297,858,8,24
3298,858,14,21
3299,858,10,8
3300,858,6,12
3301,858,6,20
3302,859,0,6
3303,859,6,2
3304,860,11,7
3305,860,5,24
3306,860,0,16
3307,861,4,24
3308,861,6,0
3309,861,17,7
3310,861,7,18
3311,862,3,0
3312,862,24,9
3313,863,9,22
3314,863,4,16
3315,864,12,1
3316,864,15,8
3317,864,8,15
3318,864,8,6
3319,864,12,16
3320,864,11,18
3321,864,22,5
3322,865,20,0
3323,865,13,3
3324,865,13,15
3325,865,1,8
3326,865,23,8
3327,865,20,18
3328,866,17,5
3329,866,18,2
3330,867,22,16
3331,867,15,1
3332,867,11,3
3333,867,7,3
3334,867,6,20
3335,868,0,13
3336,868,18,3
3337,868,4,11
3338,868,15,1
3339,868,19,10
3340,868,21,11
3341,869,11,0
3342,869,13,21
3343,869,20,3
3344,869,15,8
3345,870,15,2
3346,870,12,6
3347,870,7,0
3348,870,7,9
3349,870,22,1
3350,870,20,24
3351,871,3,14
3352,871,4,24
3353,871,8,0
3354,871,7,24
3355,871,13,24
3356,871,0,14
3357,872,22,10
3358,872,6,15
3359,873,5,9
3360,873,15,22
3361,873,16,14
3362,874,14,4
3363,874,14,18
3364,874,10,17
3365,874,13,6
3366,874,1,17
3367,874,13,6
3368,875,17,6
3369,875,12,24
3370,876,9,22
3371,876,7,17
3372,876,4,22
3373,877,11,19
3374,877,22,7
3375,877,4,5
3376,877,15,22
3377,878,12,10
3378,878,16,24
3379,878,3,24
3380,878,11,7
3381,878,16,12
3382,879,19,4
3383,879,12,24
3384,879,12,10
3385,879,2,22
3386,879,8,17
3387,880,19,11
3388,880,21,10
3389,880,7,3
3390,880,6,10
3391,881,11,0
3392,881,14,6
3393,881,24,21
3394,882,22,11
3395,882,19,23
3396,882,2,24
3397,882,0,24
3398,883,7,4
3399,883,24,14
3400,883,16,14
3401,885,11,3
3402,885,7,0
3403,885,21,10
3404,885,19,4
3405,885,20,9
3406,886,17,9
3407,886,10,21
3408,886,21,12
3409,887,11,8
3410,887,5,12
3411,887,22,1
3412,887,19,6
3413,888,23,4
3414,888,0,21
3415,888,16,3
3416,888,8,5
3417,888,5,13
3418,889,11,21
3419,889,6,16
3420,889,14,17
3421,889,13,24
3422,889,0,6
3423,890,8,21
3424,890,24,10
3425,890,2,21
3426,890,8,15
3427,890,12,4
3428,891,6,22
3429,891,1,19
3430,891,5,23
3431,892,5,12
3432,892,3,1
3433,892,12,15
3434,893,24,3
3435,894,24,4
3436,894,4,1
3437,894,22,16
3438,895,18,0
3439,895,3,21
3440,895,3,0
3441,895,15,21
3442,895,16,3
3443,896,14,0
3444,896,21,2
3445,896,17,5
3446,897,12,0
3447,897,6,17
3448,897,19,17
3449,897,20,6
3450,897,16,5
3451,897,24,14
3452,897,22,11
3453,898,10,18
3454,898,19,17
3455,898,10,7
3456,898,13,10
3457,898,5,11
3458,899,20,5
3459,899,17,1
3460,899,3,6
3461,899,10,12
3462,899,2,21
3463,900,20,12
3464,900,12,10
3465,900,24,22
3466,900,13,22
3467,901,5,19
3468,901,4,14
3469,901,7,0
3470,901,13,11
3471,902,10,24
3472,902,9,13
3473,903,16,18
3474,903,19,9
3475,904,17,2
3476,904,9,18
3477,904,14,15
3478,905,24,2
3479,905,9,11
3480,905,19,2
3481,905,16,23
3482,905,1,17
3483,906,24,7
3484,906,15,11
3485,907,21,0
3486,907,11,8
3487,907,10,6
3488,907,17,24
3489,908,2,23
3490,908,23,11
3491,908,21,9
3492,908,7,19
3493,908,6,21
3494,908,13,24
3495,909,16,18
3496,909,13,10
3497,909,5,1
3498,910,2,9
3499,910,5,7
3500,911,9,7
3501,911,14,21
3502,911,13,2
3503,911,13,0
3504,912,1,13
3505,912,12,22
3506,912,18,4
3507,913,10,19
3508,913,13,7
3509,913,23,0
3510,914,9,22
3511,914,15,18
3512,914,8,20
3513,914,21,12
3514,915,22,12
3515,915,10,8
3516,915,11,3
3517,915,21,1
3518,916,10,4
3519,916,23,9
3520,916,17,8
3521,916,24,15
3522,916,10,6
3523,916,2,10
3524,916,0,21
3525,916,12,6
3526,917,12,5
3527,918,16,13
3528,918,4,13
3529,919,19,5
3530,919,4,8
3531,919,16,13
3532,919,14,15
3533,919,22,1
3534,920,24,16
3535,920,6,0
3536,920,2,20
3537,920,5,9
3538,920,21,0
3539,921,24,6
3540,921,18,20
3541,921,4,15
3542,921,4,23
3543,921,24,7
3544,922,2,20
3545,922,5,22
3546,922,5,11
3547,922,15,8
3548,922,12,21
3549,922,19,12
3550,923,14,6
3551,923,16,7
3552,924,3,21
3553,924,19,3
3554,924,0,6
3555,924,23,15
3556,924,10,7
3557,924,17,4
3558,924,21,18
3559,925,23,4
3560,925,13,21
3561,925,20,3
3562,925,18,0
3563,925,15,22
3564,925,8,5
3565,926,21,2
3566,926,17,13
3567,927,16,9
3568,927,2,17
3569,928,12,2
3570,929,22,7
3571,929,4,16
3572,929,14,21
3573,930,5,18
3574,930,1,20
3575,931,0,17
3576,931,21,1
3577,931,15,6
3578,931,23,20
3579,932,2,8
3580,932,8,0
3581,932,12,20
3582,932,24,0
3583,933,23,8
3584,933,18,9
3585,933,22,3
3586,933,3,20
3587,933,17,3
3588,934,4,20
3589,934,18,7
3590,934,15,7
3591,934,4,1
3592,935,10,12
3593,935,8,23
3594,935,8,6
3595,935,24,15
3596,935,16,8
3597,936,3,13
3598,936,15,21
3599,936,11,24
3600,936,3,10
3601,937,24,11
3602,937,24,7
3603,937,13,22
3604,938,15,19
3605,938,10,22
3606,938,0,7
3607,938,5,2
3608,938,2,18
3609,938,24,8
3610,939,23,16
3611,939,8,18
3612,939,14,21
3613,939,9,10
3614,940,6,20
3615,940,16,6
3616,940,5,16
3617,940,5,14
3618,940,24,1
3619,940,4,16
3620,940,7,24
3621,941,24,16
3622,941,22,1
3623,941,20,8
3624,942,13,20
3625,942,5,16
3626,942,1,20
3627,942,6,12
3628,943,5,7
3629,943,17,1
3630,943,20,23
3631,943,9,2
3632,943,24,22
3633,943,12,16
3634,943,2,0
3635,943,10,21
3636,943,5,3
3637,944,19,2
3638,944,9,23
3639,945,9,2
3640,945,10,24
3641,945,6,19
3642,945,8,16
3643,945,15,2
3644,946,21,19
3645,946,7,10
3646,947,9,16
3647,947,22,20
3648,948,17,8
3649,948,23,15
3650,948,8,15
3651,948,23,19
3652,948,11,23
3653,949,11,4
3654,949,10,3
3655,950,17,0
3656,950,7,17
3657,950,18,22
3658,951,11,0
3659,951,1,21
3660,951,12,23
3661,951,22,14
3662,951,7,18
3663,951,11,1
3664,952,3,14
3665,952,8,10
3666,952,9,15
3667,952,19,4
3668,953,5,18
3669,953,2,12
3670,953,2,19
3671,953,18,0
3672,954,19,16
3673,954,7,10
3674,954,24,22
3675,954,24,3
3676,954,3,1
3677,954,0,23
3678,955,12,23
3679,955,17,2
3680,956,23,6
3681,956,9,22
3682,956,11,24
3683,956,10,1
3684,956,0,12
3685,957,16,3
3686,957,8,19
3687,957,22,13
3688,957,22,3
3689,957,4,19
3690,958,13,22
3691,958,12,21
3692,958,3,11
3693,958,21,18
3694,958,14,3
3695,958,13,7
3696,959,19,20
3697,959,7,4
3698,959,13,24
3699,959,22,7
3700,960,24,12
3701,960,1,11
3702,960,17,14
3703,961,4,8
3704,961,9,23
3705,961,15,0
3706,961,24,3
3707,961,18,3
3708,961,4,19
3709,962,10,8
3710,962,4,12
3711,962,11,14
3712,962,0,8
3713,962,0,17
3714,962,1,11
3715,963,23,1
3716,964,21,9
3717,964,12,6
3718,964,24,7
3719,965,21,19
3720,965,14,21
3721,965,14,22
3722,965,9,5
3723,966,21,4
3724,966,23,5
3725,967,9,21
3726,967,7,23
3727,968,12,1
3728,968,9,7
3729,968,12,4
3730,968,16,22
3731,968,19,0
3732,968,8,5
3733,969,5,3
3734,969,8,23
3735,969,5,13
3736,969,21,3
3737,970,1,17
3738,970,6,0
3739,971,21,4
3740,972,16,19
3741,972,21,10
3742,972,1,10
3743,972,0,14
3744,972,8,5
3745,973,1,5
3746,973,21,14
3747,973,14,2
3748,973,8,12
3749,974,20,11
3750,974,23,9
3751,975,11,23
3752,975,3,14
3753,975,16,4
3754,975,22,2
3755,976,15,22
3756,976,14,22
3757,976,9,12
3758,977,20,2
3759,977,23,12
3760,977,13,5
3761,978,16,8
3762,978,0,6
3763,978,23,9
3764,978,17,0
3765,979,7,22
3766,979,18,4
3767,980,22,12
3768,980,5,13
3769,980,10,0
3770,980,0,7
3771,980,9,1
3772,981,20,19
3773,981,3,21
3774,981,7,11
3775,982,6,2
3776,982,9,2
3777,982,2,19
3778,982,19,16
3779,983,13,15
3780,983,19,10
3781,983,4,14
3782,983,9,0
3783,984,3,1
3784,984,7,19
3785,984,19,4
3786,985,11,14
3787,985,18,7
3788,985,2,4
3789,985,6,10
3790,985,1,10
3791,986,1,23
3792,986,12,15
3793,986,20,1
3794,986,15,19
3795,986,24,13
3796,987,3,1
3797,987,5,22
3798,987,24,16
3799,987,16,4
3800,987,2,20
3801,987,23,9
3802,987,10,17
3803,988,23,12
3804,988,1,23
3805,988,19,13
3806,988,18,6
3807,988,13,11
3808,989,21,11
3809,989,9,10
3810,989,20,1
3811,989,13,9
3812,990,21,0
3813,990,10,23
3814,990,13,11
3815,990,10,21
3816,990,8,18
3817,990,5,23
3818,991,12,0
3819,991,3,21
3820,991,16,12
3821,991,12,24
3822,992,23,3
3823,992,4,19
3824,992,4,16
3825,992,17,5
3826,993,4,13
3827,993,20,1
3828,994,13,1
3829,994,18,14
3830,994,24,7
3831,995,0,16
3832,995,16,6
3833,995,12,3
3834,995,19,10
3835,995,1,13
3836,996,20,8
3837,996,16,4
3838,996,23,8
3839,996,17,19
3840,996,2,19
3841,996,6,21
3842,996,2,5
3843,996,23,0
3844,996,2,11
3845,996,20,8
3846,996,12,18
3847,997,10,8
3848,997,16,10
3849,997,0,3
3850,998,6,9
3851,998,18,2
3852,998,2,12
3853,998,5,7
3854,998,17,6
3855,998,16,6
3856,999,22,18
3857,999,1,4
3858,1000,10,3
3859,1000,12,10
3860,1000,23,5
3861,1001,3,21
3862,1001,3,14
3863,1002,2,14
3864,1003,22,9
3865,1003,4,15
3866,1003,9,17
3867,1003,22,8
3868,1003,16,1
3869,1003,15,23
3870,1004,4,19
3871,1004,3,10
3872,1004,24,9
3873,1005,5,22
3874,1005,19,8
3875,1005,9,10
3876,1006,2,20
3877,1006,10,16
3878,1006,6,10
3879,1006,1,10
3880,1006,24,3
3881,1007,8,6
3882,1007,4,15
3883,1007,22,7
3884,1007,5,20
3885,1007,22,6
3886,1007,12,0
3887,1008,22,14
3888,1008,20,19
3889,1008,1,4
3890,1008,3,23
3891,1009,6,8
3892,1009,23,21
3893,1010,22,6
3894,1011,5,20
3895,1011,20,10
3896,1011,4,8
3897,1011,17,1
3898,1012,14,8
3899,1012,8,24
3900,1012,20,7
3901,1013,12,8
3902,1013,3,20
3903,1013,15,21
3904,1013,16,24
3905,1014,3,10
3906,1014,8,4
3907,1014,12,8
3908,1014,16,12
3909,1014,4,21
3910,1015,0,6
3911,1015,2,12
3912,1015,3,22
3913,1015,5,11
3914,1016,22,10
3915,1016,18,10
3916,1017,24,6
3917,1017,2,0
3918,1017,16,8
3919,1018,1,20
3920,1018,17,0
3921,1018,21,19
3922,1018,21,14
3923,1018,20,22
3924,1018,19,17
3925,1018,17,10
3926,1018,4,21
3927,1019,1,16
3928,1019,0,14
3929,1019,17,0
3930,1019,12,15
3931,1020,23,7
3932,1020,17,19
3933,1021,14,24
3934,1021,17,23
3935,1021,16,5
3936,1021,11,13
3937,1021,13,9
3938,1022,4,10
3939,1022,3,1
3940,1022,1,3
3941,1023,12,4
3942,1023,13,22
3943,1023,2,6
3944,1023,7,11
3945,1023,10,13
3946,1023,19,0
3947,1024,22,11
3948,1024,5,16
3949,1024,16,19
3950,1025,12,0
3951,1025,5,12
3952,1026,19,23
3953,1026,18,14
3954,1026,2,24
3955,1027,5,15
3956,1027,24,9
3957,1027,19,15
3958,1027,16,1
3959,1028,21,5
3960,1028,1,3
3961,1028,11,14
3962,1028,8,1
3963,1029,7,24
3964,1029,12,4
3965,1029,1,18
3966,1029,10,7
3967,1030,19,8
3968,1030,4,6
3969,1030,22,6
3970,1030,20,23
3971,1030,15,14
3972,1030,7,9
3973,1030,1,19
3974,1031,12,1
3975,1031,4,7
3976,1032,10,16
3977,1032,2,9
3978,1032,15,19
3979,1032,3,5
3980,1033,3,19
3981,1033,9,19
3982,1033,7,4
3983,1033,19,15
3984,1034,15,17
3985,1034,16,19
3986,1034,18,21
3987,1035,20,4
3988,1035,21,9
3989,1035,2,18
3990,1035,4,15
3991,1035,3,13
3992,1035,1,13
3993,1035,20,8
3994,1035,2,13
3995,1035,12,6
3996,1035,5,8
3997,1036,15,4
3998,1036,24,10
3999,1036,12,21
4000,1037,12,1
4001,1037,10,6
4002,1037,19,20
4003,1037,11,17
4004,1037,0,6
4005,1037,15,3
4006,1037,10,4
4007,1038,13,7
4008,1038,1,13
4009,1038,13,10
4010,1039,19,0
4011,1039,9,12
4012,1039,21,7
4013,1039,11,17
4014,1039,22,5
4015,1040,21,18
4016,1040,19,1
4017,1040,17,0
4018,1040,24,21
4019,1040,18,11
4020,1040,19,0
4021,1041,18,5
4022,1041,7,20
4023,1041,10,6
4024,1042,4,11
4025,1042,15,19
4026,1042,7,16
4027,1042,0,22
4028,1042,1,13
4029,1042,3,13
4030,1043,7,1
4031,1043,22,10
4032,1043,17,19
4033,1043,18,24
4034,1043,4,8
4035,1044,17,0
4036,1044,3,11
4037,1044,2,9
4038,1044,3,13
4039,1045,16,2
4040,1045,22,8
4041,1045,9,1
4042,1045,8,23
4043,1046,21,3
4044,1046,17,20
4045,1047,17,1
4046,1047,14,0
4047,1047,10,6
4048,1048,21,9
4049,1048,3,9
4050,1048,12,20
4051,1049,20,13
4052,1049,5,18
4053,1049,22,9
4054,1049,7,5
4055,1050,22,11
4056,1050,7,3
4057,1050,5,16
4058,1050,13,15
4059,1051,9,12
4060,1051,18,8
4061,1051,14,10
4062,1051,22,24
4063,1051,18,6
4064,1051,20,12
4065,1051,1,18
4066,1052,21,13
4067,1052,22,5
4068,1052,23,0
4069,1052,24,14
4070,1053,12,8
4071,1053,6,12
4072,1053,14,16
4073,1053,8,22
4074,1054,9,2
4075,1054,14,17
4076,1054,7,16
4077,1054,0,2
4078,1054,13,4
4079,1054,2,17
4080,1055,10,24
4081,1055,14,23
4082,1056,6,4
4083,1056,8,19
4084,1056,22,15
4085,1056,10,21
4086,1057,13,7
4087,1058,12,14
4088,1059,14,11
4089,1059,2,9
4090,1060,5,21
4091,1060,21,17
4092,1061,12,1
4093,1061,12,21
4094,1061,13,7
4095,1061,8,12
4096,1062,19,17
4097,1062,23,2
4098,1062,2,15
4099,1062,20,1
4100,1063,5,13
4101,1063,6,0
4102,1063,18,16
4103,1063,4,5
4104,1064,14,16
4105,1064,18,10
4106,1065,14,21
4107,1065,2,16
4108,1065,1,10
4109,1065,16,14
4110,1065,6,4
4111,1065,20,22
4112,1065,23,0
4113,1066,22,16
4114,1066,0,19
4115,1066,4,1
4116,1066,18,0
4117,1066,18,7
4118,1066,14,22
4119,1066,5,8
4120,1067,13,21
4121,1067,13,20
4122,1068,4,23
4123,1068,23,19
4124,1068,23,14
4125,1068,22,1
4126,1069,18,3
4127,1069,10,18
4128,1069,12,23
4129,1069,10,0
4130,1070,3,5
4131,1070,18,0
4132,1070,15,19
4133,1071,13,16
4134,1071,7,0
4135,1071,9,5
4136,1072,20,9
4137,1072,8,16
4138,1072,5,3
4139,1072,0,2
4140,1072,12,21
4141,1072,24,12
4142,1072,24,20
4143,1072,24,7
4144,1073,14,4
4145,1073,1,5
4146,1073,10,6
4147,1073,11,23
4148,1074,21,9
4149,1074,1,15
4150,1074,5,24
4151,1074,3,5
4152,1074,23,0
4153,1075,18,20
4154,1075,19,21
4155,1075,1,8
4156,1075,7,1
4157,1075,23,13
4158,1076,1,10
4159,1076,12,10
4160,1076,24,2
4161,1077,12,15
4162,1077,21,17
4163,1077,9,23
4164,1077,2,22
4165,1078,22,3
4166,1078,24,14
4167,1078,10,17
4168,1078,3,7
4169,1078,16,13
4170,1079,15,8
4171,1079,3,14
4172,1079,19,6
4173,1080,19,10
4174,1080,14,7
4175,1081,4,14
4176,1081,8,14
4177,1082,0,21
4178,1082,3,23
4179,1082,15,7
4180,1083,19,12
4181,1084,18,5
4182,1084,6,17
4183,1084,11,21
4184,1085,19,4
4185,1086,11,1
4186,1086,3,20
4187,1086,5,16
4188,1086,3,16
4189,1086,2,9
4190,1087,21,24
4191,1087,17,10
4192,1087,1,17
4193,1087,15,11
4194,1088,19,20
4195,1088,21,12
4196,1088,15,4
4197,1088,23,0
4198,1088,18,6
4199,1089,3,13
4200,1089,17,13
4201,1089,24,8
4202,1089,19,7
4203,1089,8,22
4204,1089,15,7
4205,1089,1,19
4206,1090,20,11
4207,1090,11,19
4208,1090,21,5
4209,1091,17,3
4210,1091,10,0
4211,1091,15,3
4212,1091,17,21
4213,1092,7,4
4214,1092,17,21
4215,1092,1,9
4216,1092,4,23
4217,1092,4,7
4218,1092,24,17
4219,1093,9,2
4220,1093,18,11
4221,1093,9,3
4222,1094,10,20
4223,1094,22,6
4224,1094,11,3
4225,1095,23,12
4226,1095,7,19
4227,1095,19,23
4228,1095,16,23
4229,1095,8,4
4230,1095,4,10
4231,1096,13,1
4232,1096,22,5
4233,1097,3,7
4234,1097,17,9
4235,1099,10,20
4236,1099,21,23
4237,1099,24,8
4238,1099,2,6
4239,1099,13,6
4240,1099,4,14
4241,1099,3,16
4242,1100,13,5
4243,1100,11,3
4244,1100,16,1
4245,1101,2,14
4246,1101,24,13
4247,1102,2,8
4248,1102,4,8
4249,1103,1,9
4250,1103,6,3
4251,1103,24,9
4252,1103,24,10
4253,1103,22,19
4254,1103,16,5
4255,1103,16,10
4256,1103,0,15
4257,1103,3,10
4258,1104,24,9
4259,1104,18,5
4260,1105,14,6
4261,1106,9,22
4262,1106,21,19
4263,1106,18,15
4264,1106,7,0
4265,1107,12,15
4266,1107,7,24
4267,1107,1,12
4268,1107,15,4
4269,1108,7,17
4270,1108,17,15
4271,1108,1,8
4272,1109,3,10
4273,1109,3,23
4274,1109,16,13
4275,1109,17,9
4276,1110,1,3
4277,1110,24,14
4278,1111,7,21
4279,1111,5,17
4280,1111,11,14
4281,1111,18,10
4282,1111,21,23
4283,1111,18,7
4284,1111,3,15
4285,1112,10,22
4286,1112,7,24
4287,1112,14,21
4288,1112,18,7
4289,1112,22,11
4290,1113,7,19
4291,1113,6,18
4292,1113,24,13
4293,1114,23,15
4294,1114,22,10
4295,1114,19,2
4296,1114,9,23
4297,1114,0,15
4298,1114,7,17
4299,1114,0,17
4300,1114,23,12
4301,1114,13,24
4302,1114,21,15
4303,1115,0,4
4304,1115,3,14
4305,1115,23,17
4306,1115,1,8
4307,1115,24,6
4308,1115,6,4
4309,1116,17,3
4310,1116,15,14
4311,1116,2,20
4312,1117,17,4
4313,1117,2,13
4314,1117,1,18
4315,1118,16,22
4316,1118,6,19
4317,1118,0,19
4318,1118,4,1
4319,1118,13,22
4320,1119,8,1
4321,1119,16,3
4322,1119,17,4
4323,1119,15,6
4324,1119,9,2
4325,1120,0,3
4326,1120,18,12
4327,1120,19,10
4328,1120,17,21
4329,1120,9,24
4330,1121,12,6
4331,1121,13,2
4332,1121,8,2
4333,1121,16,8
4334,1121,14,20
4335,1121,10,19
4336,1121,6,14
4337,1121,21,14
4338,1122,1,3
4339,1122,14,15
4340,1122,2,6
4341,1122,20,16
4342,1123,5,12
4343,1123,1,9
4344,1123,18,20
4345,1123,23,13
4346,1124,9,5
4347,1124,20,9
4348,1124,24,14
4349,1124,15,18
4350,1124,8,12
4351,1124,9,16
4352,1125,10,24
4353,1125,16,22
4354,1125,13,10
4355,1125,10,16
4356,1126,6,21
4357,1126,5,11
4358,1127,15,14
4359,1127,14,24
4360,1127,20,24
4361,1127,20,5
4362,1128,15,12
4363,1128,3,18
4364,1128,8,18
4365,1128,3,9
4366,1129,9,1
4367,1129,0,12
4368,1129,22,10
4369,1129,21,24
4370,1129,0,9
4371,1130,4,24
4372,1130,15,24
4373,1130,1,14
4374,1131,20,3
4375,1131,19,3
4376,1131,23,4
4377,1132,5,1
4378,1132,1,16
4379,1132,9,11
4380,1132,15,8
4381,1132,18,14
4382,1132,2,19
4383,1133,10,17
4384,1133,5,23
4385,1134,20,18
4386,1134,10,3
4387,1134,15,23
4388,1134,9,10
4389,1135,11,8
4390,1135,15,7
4391,1135,1,21
4392,1135,5,3
4393,1135,10,1
4394,1136,16,3
4395,1136,15,9
4396,1137,17,5
4397,1138,0,13
4398,1138,15,7
4399,1138,16,4
4400,1138,4,14
4401,1139,16,12
4402,1139,10,19
4403,1139,10,6
4404,1139,8,17
4405,1139,2,5
4406,1140,15,1
4407,1140,23,14
4408,1140,24,21
4409,1141,15,23
4410,1141,15,1
4411,1141,12,4
4412,1141,21,6
4413,1142,19,12
4414,1142,14,24
4415,1142,8,2
4416,1142,22,12
4417,1143,10,14
4418,1143,17,20
4419,1143,7,13
4420,1143,0,4
4421,1143,9,24
4422,1145,0,2
4423,1145,8,21
4424,1145,12,3
4425,1145,5,2
4426,1145,7,13
4427,1145,0,21
4428,1146,2,6
4429,1146,4,14
4430,1146,21,4
4431,1146,19,13
4432,1147,15,2
4433,1147,12,15
4434,1147,15,17
4435,1147,24,15
4436,1148,7,19
4437,1148,3,12
4438,1148,1,17
4439,1149,10,2
4440,1149,14,20
4441,1149,5,14
4442,1149,17,19
4443,1149,12,9
4444,1150,3,0
4445,1151,1,7
4446,1151,5,12
4447,1151,3,18
4448,1152,22,9
4449,1152,10,22
4450,1152,16,22
4451,1152,16,22
4452,1152,24,18
4453,1152,24,10
4454,1152,13,15
4455,1152,5,16
4456,1153,15,13
4457,1153,7,13
4458,1153,24,14
4459,1153,12,0
4460,1154,9,3
4461,1154,1,8
4462,1154,7,18
4463,1154,23,20
4464,1155,5,8
4465,1155,21,6
4466,1156,0,22
4467,1156,1,7
4468,1156,18,0
4469,1156,15,4
4470,1156,22,1
4471,1156,17,0
4472,1157,9,15
4473,1157,14,6
4474,1157,14,20
4475,1157,1,5
4476,1158,2,6
4477,1158,8,0
4478,1159,18,8
4479,1159,11,14
4480,1160,7,1
4481,1160,22,16
4482,1161,13,24
4483,1161,5,14
4484,1161,19,22
4485,1161,9,22
4486,1161,9,13
4487,1161,22,24
4488,1162,13,0
4489,1162,24,7
4490,1162,14,18
4491,1162,6,16
4492,1163,21,2
4493,1164,21,17
4494,1164,20,5
4495,1164,0,4
4496,1165,5,3
4497,1165,11,14
4498,1165,9,13
4499,1165,13,19
4500,1166,4,1
4501,1166,13,5
4502,1166,19,16
4503,1167,11,14
4504,1167,14,23
4505,1167,7,16
4506,1168,14,3
4507,1169,15,11
4508,1169,1,22
4509,1169,8,18
4510,1169,11,7
4511,1170,20,16
4512,1170,3,12
4513,1170,18,7
4514,1170,8,10
4515,1171,21,4
4516,1171,22,7
4517,1171,9,24
4518,1171,19,9
4519,1171,23,5
4520,1172,20,17
4521,1172,13,16
4522,1172,16,19
4523,1172,22,11
4524,1173,4,17
4525,1173,24,16
4526,1174,9,2
4527,1175,15,7
4528,1175,0,7
4529,1176,0,14
4530,1176,9,18
4531,1177,15,6
4532,1178,15,22
4533,1178,15,0
4534,1179,1,8
4535,1179,13,0
4536,1179,24,16
4537,1179,11,21
4538,1180,3,20
4539,1180,12,1
4540,1180,14,20
4541,1181,3,21
4542,1181,1,18
4543,1181,11,24
4544,1181,22,4
4545,1181,24,4
4546,1181,1,21
4547,1182,21,14
4548,1182,11,14
4549,1182,3,13
4550,1182,3,6
4551,1182,6,23
4552,1182,21,19
4553,1183,21,24
4554,1183,11,13
4555,1183,7,23
4556,1183,3,13
4557,1184,11,7
4558,1184,4,18
4559,1184,3,23
4560,1185,10,20
4561,1185,10,22
4562,1185,4,18
4563,1185,24,6
4564,1185,16,22
4565,1185,9,11
4566,1185,9,7
4567,1185,21,15
4568,1186,6,14
4569,1186,3,21
4570,1186,11,17
4571,1186,8,5
4572,1186,6,15
4573,1186,18,10
4574,1186,8,24
4575,1186,13,22
4576,1186,1,11
4577,1187,15,8
4578,1187,19,6
4579,1187,7,13
4580,1188,4,22
4581,1188,20,0
4582,1188,14,15
4583,1189,7,5
4584,1190,18,15
4585,1190,4,12
4586,1190,17,21
4587,1191,8,21
4588,1191,14,4
4589,1191,5,15
4590,1191,5,11
4591,1192,8,24
4592,1193,1,3
4593,1193,0,24
4594,1193,14,23
4595,1193,20,7
4596,1193,2,23
4597,1193,5,11
4598,1194,9,19
4599,1194,20,12
4600,1194,10,14
4601,1194,3,0
4602,1195,8,15
4603,1195,24,2
4604,1195,22,8
4605,1195,11,0
4606,1196,2,18
4607,1196,9,22
4608,1196,10,21
4609,1196,24,8
4610,1197,2,4
4611,1197,11,5
4612,1197,1,8
4613,1197,1,12
4614,1198,15,23
4615,1198,6,9
4616,1198,6,21
4617,1198,10,2
4618,1198,3,14
4619,1198,11,24
4620,1198,6,10
4621,1198,14,23
4622,1198,1,4
4623,1198,4,17
4624,1199,4,22
4625,1199,8,22
4626,1199,13,19
4627,1199,3,12
4628,1199,11,24
4629,1200,1,13
4630,1200,0,9
4631,1200,15,7
4632,1201,6,3
4633,1201,23,15
4634,1202,17,8
4635,1202,13,1
4636,1202,7,11
4637,1202,15,17
4638,1202,5,19
4639,1203,20,9
4640,1203,1,9
4641,1204,11,1
4642,1204,14,16
4643,1204,14,8
4644,1205,14,23
4645,1205,2,24
4646,1205,9,17
4647,1205,22,12
4648,1205,23,14
4649,1205,14,7
4650,1205,14,2
4651,1206,24,9
4652,1206,5,13
4653,1206,12,20
4654,1206,22,12
4655,1206,21,17
4656,1206,17,13
4657,1206,24,5
4658,1206,3,11
4659,1208,9,20
4660,1208,11,19
4661,1208,23,17
4662,1208,20,0
4663,1209,1,15
4664,1209,23,21
4665,1209,7,22
4666,1209,8,15
4667,1210,10,8
4668,1210,1,8
4669,1210,0,10
4670,1210,5,24
4671,1210,18,14
4672,1210,24,7
4673,1210,13,1
4674,1210,11,18
4675,1210,10,4
4676,1211,5,4
4677,1211,7,15
4678,1211,13,24
4679,1212,16,2
4680,1212,6,15
4681,1212,14,21
4682,1212,23,21
4683,1212,5,19
4684,1212,17,2
4685,1213,22,14
4686,1213,8,19
4687,1213,3,1
4688,1213,1,14
4689,1214,20,0
4690,1214,0,15
4691,1215,14,7
4692,1215,17,8
4693,1215,14,1
4694,1215,0,2
4695,1216,14,5
4696,1216,21,15
4697,1216,13,0
4698,1216,13,20
4699,1216,24,17
4700,1217,10,9
4701,1217,19,4
4702,1218,3,9
4703,1218,9,19
4704,1218,22,14
4705,1218,9,20
4706,1218,21,2
4707,1219,5,12
4708,1219,5,21
4709,1219,7,9
4710,1219,5,12
4711,1219,3,15
4712,1219,13,24
4713,1220,22,5
4714,1220,13,15
4715,1220,9,13
4716,1220,7,23
4717,1221,11,20
4718,1221,3,16
4719,1221,5,14
4720,1222,22,9
4721,1222,21,7
4722,1223,14,8
4723,1223,1,16
4724,1224,9,1
4725,1224,17,19
4726,1224,7,23
4727,1224,6,10
4728,1225,16,20
4729,1225,6,12
4730,1225,16,8
4731,1225,16,0
4732,1225,10,18
4733,1225,20,16
4734,1225,4,1
4735,1226,3,9
4736,1226,5,19
4737,1227,1,3
4738,1227,13,19
4739,1227,5,13
4740,1227,10,9
4741,1227,16,5
4742,1228,10,4
4743,1229,24,11
4744,1229,22,18
4745,1229,7,0
4746,1229,14,22
4747,1229,20,5
4748,1230,4,15
4749,1231,3,16
4750,1231,14,3
4751,1231,18,7
4752,1232,21,13
4753,1232,5,17
4754,1233,4,0
4755,1233,1,11
4756,1233,14,8
4757,1234,7,17
4758,1235,0,23
4759,1235,20,17
4760,1235,21,18
4761,1235,11,19
4762,1235,15,9
4763,1235,0,20
4764,1236,17,4
4765,1236,9,1
4766,1236,13,17
4767,1237,24,17
4768,1238,2,4
4769,1238,11,3
4770,1238,21,9
4771,1238,5,2
4772,1238,19,10
4773,1239,16,2
4774,1239,14,6
4775,1239,5,11
4776,1240,6,10
4777,1240,3,7
4778,1240,17,11
4779,1240,3,18
4780,1240,17,19
4781,1241,1,4
4782,1241,0,7
4783,1241,14,12
4784,1241,19,7
4785,1241,3,15
4786,1242,16,24
4787,1242,21,11
4788,1242,20,3
4789,1242,22,5
4790,1242,12,15
4791,1242,5,3
4792,1242,18,3
4793,1243,2,15
4794,1243,23,11
4795,1243,8,20
4796,1243,16,23
4797,1243,10,1
4798,1243,1,20
4799,1244,3,6
4800,1244,18,15
4801,1244,12,0
4802,1244,0,6
4803,1245,9,5
4804,1245,21,14
4805,1245,22,15
4806,1245,4,24
4807,1246,22,8
4808,1247,24,20
4809,1247,11,14
4810,1247,12,16
4811,1247,12,15
4812,1247,18,6
4813,1247,14,3
4814,1248,24,16
4815,1249,14,1
4816,1249,23,4
4817,1249,8,17
4818,1250,20,12
4819,1250,12,9
4820,1250,18,22
4821,1250,20,1
4822,1251,11,14
4823,1251,16,6
4824,1251,3,5
4825,1252,17,20
4826,1252,21,2
4827,1252,14,11
4828,1253,7,13
4829,1253,0,15
4830,1253,4,16
4831,1253,7,9
4832,1254,12,8
4833,1254,8,5
4834,1254,15,13
4835,1254,0,8
4836,1254,20,19
4837,1255,9,21
4838,1255,12,24
4839,1255,23,8
4840,1255,16,1
4841,1256,21,9
4842,1256,21,6
4843,1256,0,22
4844,1256,17,6
4845,1257,10,16
4846,1257,16,20
4847,1257,0,24
4848,1257,6,8
4849,1257,23,3
4850,1257,20,12
4851,1258,18,6
4852,1258,18,15
4853,1258,2,8
4854,1259,5,14
4855,1259,20,12
4856,1260,11,9
4857,1260,1,20
4858,1260,7,22
4859,1261,4,24
4860,1261,24,14
4861,1261,15,0
4862,1261,18,24
4863,1261,13,0
4864,1261,15,17
4865,1261,15,11
4866,1262,12,9
4867,1262,3,15
4868,1262,0,10
4869,1262,22,11
4870,1263,6,24
4871,1263,23,4
4872,1263,15,21
4873,1263,20,6
4874,1263,9,2
4875,1263,10,8
4876,1264,12,6
4877,1264,18,22
4878,1264,20,12
4879,1265,7,5
4880,1265,1,11
4881,1265,11,18
4882,1265,3,21
4883,1265,10,7
4884,1265,22,5
4885,1266,19,20
4886,1267,2,15
4887,1267,11,7
4888,1267,0,24
4889,1268,13,7
4890,1268,13,15
4891,1268,6,14
4892,1268,22,11
4893,1269,19,3
4894,1269,23,8
4895,1269,0,17
4896,1270,15,19
4897,1270,8,12
4898,1270,7,1
4899,1270,6,9
4900,1271,1,22
4901,1271,1,7
4902,1271,21,5
4903,1271,10,24
4904,1272,10,8
4905,1272,5,1
4906,1273,24,21
4907,1273,18,2
4908,1273,23,5
4909,1273,15,8
4910,1273,23,6
4911,1273,22,24
4912,1273,2,18
4913,1274,15,13
4914,1274,15,5
4915,1274,11,9
4916,1275,15,9
4917,1275,23,5
4918,1275,18,15
4919,1275,8,12
4920,1275,6,16
4921,1275,15,13
4922,1276,22,20
4923,1276,22,15
4924,1277,23,14
4925,1277,8,18
4926,1277,7,11
4927,1277,15,12
4928,1277,10,7
4929,1277,15,8
4930,1278,3,5
4931,1278,14,16
4932,1278,15,9
4933,1278,7,20
4934,1278,14,11
4935,1278,24,5
4936,1278,0,16
4937,1279,1,23
4938,1279,23,16
4939,1279,10,12
4940,1279,14,17
4941,1279,1,11
4942,1279,18,12
4943,1280,12,23
4944,1280,3,20
4945,1280,14,0
4946,1281,21,8
4947,1281,14,22
4948,1281,15,19
4949,1281,1,11
4950,1281,21,8
4951,1282,18,14
4952,1282,17,2
4953,1282,11,4
4954,1283,0,13
4955,1283,11,14
4956,1284,9,24
4957,1284,3,22
4958,1284,10,3
4959,1285,1,11
4960,1285,18,8
4961,1285,4,1
4962,1285,22,12
4963,1285,9,7
4964,1285,10,0
4965,1285,18,1
4966,1286,2,11
4967,1287,2,9
4968,1287,23,0
4969,1288,5,14
4970,1288,12,24
4971,1289,2,14
4972,1289,7,11
4973,1289,2,22
4974,1289,13,7
4975,1289,2,22
4976,1289,1,15
4977,1290,21,12
4978,1290,13,20
4979,1290,2,23
4980,1291,5,1
4981,1291,1,9
4982,1291,6,24
4983,1292,9,12
4984,1292,20,4
4985,1292,17,7
4986,1292,24,2
4987,1293,21,23
4988,1293,2,24
4989,1293,5,20
4990,1293,15,18
4991,1294,8,11
4992,1294,4,12
4993,1294,11,18
4994,1294,11,3
4995,1294,24,13
4996,1295,8,20
4997,1295,13,3
4998,1296,24,3
4999,1296,1,18
5000,1296,0,17
5001,1296,11,14
5002,1296,20,0
5003,1296,18,4
5004,1297,10,18
5005,1297,0,22
5006,1298,8,12
5007,1298,12,19
5008,1298,22,15
5009,1298,6,13
5010,1299,15,13
5011,1299,7,5
5012,1299,4,21
5013,1299,20,1
5014,1300,12,22
5015,1301,7,0
5016,1301,13,15
5017,1301,22,5
5018,1301,18,12
5019,1301,1,9
5020,1301,9,22
5021,1301,13,23
5022,1301,24,18
5023,1301,2,19
5024,1301,3,1
5025,1302,12,23
5026,1302,1,15
5027,1303,0,18
5028,1303,12,4
5029,1303,14,1
5030,1304,12,3
5031,1304,4,18
5032,1305,5,20
5033,1305,1,10
5034,1305,15,2
5035,1305,21,12
5036,1305,6,14
5037,1305,24,0
5038,1305,7,16
5039,1306,15,3
5040,1306,5,13
5041,1306,23,6
5042,1307,19,21
5043,1307,4,1
5044,1308,12,15
5045,1308,17,3
5046,1308,18,9
5047,1308,22,19
5048,1309,9,20
5049,1309,12,9
5050,1309,4,23
5051,1309,15,24
5052,1309,7,16
5053,1309,8,23
5054,1309,6,12
5055,1309,24,11
5056,1309,16,8
5057,1310,23,1
5058,1310,23,21
5059,1311,6,24
5060,1311,16,18
5061,1311,5,21
5062,1311,13,4
5063,1312,15,0
5064,1312,18,2
5065,1312,9,3
5066,1312,23,21
5067,1312,0,4
5068,1313,15,11
5069,1313,16,23
5070,1313,11,1
5071,1313,1,24
5072,1313,0,19
5073,1314,22,7
5074,1314,0,13
5075,1314,3,16
5076,1314,2,17
5077,1314,11,22
5078,1314,16,1
5079,1316,1,13
5080,1316,6,4
5081,1316,13,22
5082,1316,13,9
5083,1317,12,19
5084,1317,20,9
5085,1317,16,1
5086,1317,19,22
5087,1317,7,24
5088,1317,10,2
5089,1318,6,15
5090,1318,5,1
5091,1319,18,5
5092,1319,0,24
5093,1320,12,10
5094,1320,7,16
5095,1320,3,10
5096,1320,5,17
5097,1320,15,21
5098,1321,9,6
5099,1321,4,2
5100,1322,17,23
5101,1322,0,24
5102,1322,0,8
5103,1322,9,18
5104,1323,13,6
5105,1323,1,5
5106,1323,23,6
5107,1323,23,12
5108,1323,22,19
5109,1323,5,19
5110,1324,23,7
5111,1325,24,13
5112,1325,5,18
5113,1326,22,2
5114,1326,6,16
5115,1327,13,21
5116,1328,4,20
5117,1328,22,4
5118,1329,11,5
5119,1329,1,13
5120,1329,6,21
5121,1330,20,24
5122,1331,12,1
5123,1331,12,5
5124,1331,13,9
5125,1331,24,22
5126,1332,1,12
5127,1332,18,22
5128,1332,6,24
5129,1333,22,16
5130,1333,19,9
5131,1333,9,18
5132,1334,6,19
5133,1334,9,22
5134,1334,8,2
5135,1334,16,10
5136,1335,15,22
5137,1335,3,11
5138,1336,17,10
5139,1336,10,8
5140,1336,21,13
5141,1336,14,21
5142,1336,9,7
5143,1337,4,22
5144,1337,21,23
5145,1338,4,5
5146,1338,15,3
5147,1338,21,9
5148,1338,3,9
5149,1339,17,6
5150,1339,14,10
5151,1340,24,5
5152,1340,10,12
5153,1340,1,10
5154,1340,23,7
5155,1340,3,22
5156,1340,21,15
5157,1340,5,14
5158,1340,15,12
5159,1340,4,0
5160,1341,2,22
5161,1341,1,19
5162,1341,20,6
5163,1342,17,3
5164,1342,11,14
5165,1342,22,6
5166,1342,0,12
5167,1343,0,12
5168,1343,10,20
5169,1343,8,17
5170,1343,13,2
5171,1343,23,3
5172,1344,20,0
5173,1344,8,16
5174,1344,2,23
5175,1344,11,0
5176,1345,17,2
5177,1345,2,14
5178,1345,2,22
5179,1345,6,0
5180,1345,21,12
5181,1345,20,11
5182,1346,15,2
5183,1346,20,5
5184,1346,12,10
5185,1347,1,17
5186,1348,2,22
5187,1348,23,11
5188,1348,2,18
5189,1348,4,24
5190,1348,23,0
5191,1349,18,15
5192,1349,7,24
5193,1349,0,23
5194,1349,6,19
5195,1350,4,13
5196,1350,12,2
5197,1350,14,18
5198,1350,0,22
5199,1351,6,14
5200,1351,2,8
5201,1352,9,13
5202,1352,24,16
5203,1352,23,17
5204,1352,23,15
5205,1352,3,9
5206,1353,19,3
5207,1353,5,21
5208,1353,15,24
5209,1353,9,21
5210,1353,8,21
5211,1353,11,18
5212,1353,6,19
5213,1354,17,14
5214,1355,11,15
5215,1355,19,17
5216,1355,2,22
5217,1356,19,1
5218,1356,19,3
5219,1356,23,13
5220,1357,5,14
5221,1357,17,11
5222,1357,24,3
5223,1357,23,21
5224,1358,21,5
5225,1358,16,19
5226,1358,12,2
5227,1359,2,0
5228,1360,1,7
5229,1360,7,10
5230,1360,21,4
5231,1360,20,2
5232,1360,6,10
5233,1361,18,0
5234,1361,14,4
5235,1361,6,10
5236,1361,13,15
5237,1362,12,20
5238,1362,9,17
5239,1363,15,9
5240,1363,18,6
5241,1363,17,24
5242,1363,11,20
5243,1363,4,5
5244,1363,13,17
5245,1363,24,2
5246,1364,8,6
5247,1364,23,5
5248,1364,15,14
5249,1364,18,12
5250,1365,13,17
5251,1365,7,15
5252,1365,10,3
5253,1365,4,1
5254,1365,21,23
5255,1365,5,20
5256,1365,9,24
5257,1365,5,18
5258,1365,1,9
5259,1365,19,3
5260,1366,5,16
5261,1366,5,13
5262,1366,19,23
5263,1366,19,4
5264,1367,5,12
5265,1367,14,11
5266,1367,18,4
5267,1367,9,15
5268,1368,15,13
5269,1368,5,9
5270,1368,8,16
5271,1368,4,23
5272,1369,21,17
5273,1369,9,23
5274,1369,3,24
5275,1370,24,10
5276,1370,12,8
5277,1370,11,17
5278,1370,12,23
5279,1371,11,14
5280,1371,18,24
5281,1371,17,3
5282,1371,4,22
5283,1371,23,17
5284,1372,17,3
5285,1372,13,20
5286,1372,0,23
5287,1372,12,2
5288,1373,13,0
5289,1373,11,23
5290,1373,9,6
5291,1373,21,4
5292,1373,14,16
5293,1375,6,16
5294,1375,2,13
5295,1375,7,5
5296,1376,12,14
5297,1376,13,16
5298,1376,24,22
5299,1376,7,18
5300,1376,4,21
5301,1376,3,24
5302,1376,10,23
5303,1377,4,16
5304,1377,18,6
5305,1377,4,15
5306,1377,13,11
5307,1377,23,21
5308,1378,20,19
5309,1378,23,1
5310,1378,10,8
5311,1378,0,3
5312,1378,8,2
5313,1378,17,9
5314,1378,21,2
5315,1379,4,6
5316,1379,1,23
5317,1379,5,17
5318,1379,4,1
5319,1379,15,17
5320,1379,9,6
5321,1380,8,2
5322,1380,4,8
5323,1380,12,1
5324,1380,21,24
5325,1380,20,16
5326,1380,1,24
5327,1380,23,0
5328,1380,11,23
5329,1381,24,1
5330,1381,12,1
5331,1381,22,18
5332,1381,3,6
5333,1382,4,1
5334,1382,23,17
5335,1382,22,0
5336,1382,3,0
5337,1383,7,18
5338,1383,13,9
5339,1383,21,3
5340,1383,4,21
5341,1383,0,15
5342,1384,15,3
5343,1385,16,0
5344,1385,5,8
5345,1385,19,17
5346,1385,10,17
5347,1386,12,22
5348,1386,0,22
5349,1386,23,16
5350,1386,6,9
5351,1386,19,7
5352,1386,17,2
5353,1387,1,20
5354,1387,19,2
5355,1388,18,12
5356,1388,24,14
5357,1388,16,18
5358,1388,16,24
5359,1389,2,24
5360,1389,18,22
5361,1389,3,19
5362,1390,6,8
5363,1390,20,22
5364,1390,21,7
5365,1390,9,11
5366,1391,23,21
5367,1391,23,19
5368,1391,7,9
5369,1391,9,5
5370,1391,19,0
5371,1392,19,8
5372,1392,7,4
5373,1392,8,5
5374,1393,14,16
5375,1393,8,19
5376,1393,16,19
5377,1395,3,18
5378,1395,17,24
5379,1396,12,24
5380,1396,22,11
5381,1396,22,6
5382,1396,2,0
5383,1396,21,13
5384,1397,20,13
5385,1397,21,8
5386,1397,19,9
5387,1397,18,3
5388,1397,21,5
5389,1397,19,0
5390,1397,15,14
5391,1398,11,5
5392,1398,24,0
5393,1398,16,13
5394,1399,9,10
5395,1400,22,0
5396,1400,17,9
5397,1400,11,19
5398,1401,20,12
5399,1401,11,3
5400,1401,22,5
5401,1401,9,21
5402,1401,21,18
5403,1402,2,4
5404,1402,3,22
5405,1402,7,22
5406,1402,18,1
5407,1402,13,0
5408,1403,0,13
5409,1403,12,16
5410,1403,18,1
5411,1403,13,2
5412,1403,18,21
5413,1404,12,0
5414,1405,23,3
5415,1405,12,1
5416,1406,23,8
5417,1406,0,10
5418,1406,14,3
5419,1407,6,24
5420,1407,11,13
5421,1407,24,16
5422,1407,23,20
5423,1407,7,3
5424,1407,11,15
5425,1408,7,1
5426,1408,21,24
5427,1408,16,23
5428,1409,11,7
5429,1409,5,17
5430,1409,0,13
5431,1409,7,21
5432,1409,5,1
5433,1410,1,7
5434,1410,24,3
5435,1410,14,4
5436,1410,3,17
5437,1411,0,22
5438,1411,20,11
5439,1411,24,18
5440,1412,3,13
5441,1412,4,12
5442,1412,17,15
5443,1412,10,16
5444,1412,12,4
5445,1413,18,8
5446,1413,13,22
5447,1413,1,3
5448,1413,0,15
5449,1413,0,12
5450,1413,0,11
5451,1413,19,8
5452,1414,15,4
5453,1414,17,19
5454,1414,2,22
5455,1414,1,24
5456,1414,2,6
5457,1415,10,16
5458,1415,12,6
5459,1416,17,21
5460,1416,6,24
5461,1417,12,24
5462,1417,4,21
5463,1417,2,17
5464,1417,15,7
5465,1417,20,16
5466,1417,22,8
5467,1418,12,5
5468,1418,11,18
5469,1418,4,16
5470,1418,10,16
5471,1418,6,22
5472,1419,7,16
5473,1419,3,23
5474,1419,17,5
5475,1419,3,6
5476,1419,21,3
5477,1420,5,22
5478,1420,20,19
5479,1420,13,7
5480,1420,3,21
5481,1421,4,15
5482,1421,2,9
5483,1421,23,7
5484,1421,7,3
5485,1421,19,11
5486,1422,15,5
5487,1422,10,19
5488,1422,7,23
5489,1423,9,7
5490,1424,14,17
5491,1424,21,17
5492,1424,10,7
5493,1424,18,16
5494,1424,21,15
5495,1425,19,8
5496,1425,6,16
5497,1426,3,11
5498,1426,17,20
5499,1426,14,24
5500,1427,24,7
5501,1427,0,11
5502,1427,8,20
5503,1428,2,0
5504,1428,23,16
5505,1428,20,3
5506,1428,17,2
5507,1428,17,10
5508,1428,9,24
5509,1429,20,8
5510,1430,18,7
5511,1430,15,12
5512,1430,17,5
5513,1431,13,3
5514,1431,6,17
5515,1432,1,3
5516,1432,1,21
5517,1432,19,1
5518,1432,1,8
5519,1432,2,4
5520,1432,1,8
5521,1432,10,22
5522,1432,8,16
5523,1433,24,17
5524,1433,16,22
5525,1433,2,11
5526,1434,22,3
5527,1434,21,1
5528,1434,3,15
5529,1434,18,4
5530,1435,11,24
5531,1435,6,17
5532,1435,2,13
5533,1435,20,4
5534,1435,13,1
5535,1435,3,1
5536,1435,22,24
5537,1436,12,23
5538,1436,2,24
5539,1436,5,14
5540,1436,9,23
5541,1436,23,7
5542,1436,2,15
5543,1437,1,10
5544,1437,4,18
5545,1437,12,0
5546,1438,7,15
5547,1438,14,6
5548,1438,22,2
5549,1438,17,9
5550,1438,2,19
5551,1439,2,18
5552,1439,12,18
5553,1439,16,9
5554,1440,19,9
5555,1440,15,9
5556,1440,5,8
5557,1440,2,4
5558,1440,18,7
5559,1440,18,5
5560,1441,11,23
5561,1441,8,11
5562,1441,17,21
5563,1441,5,11
5564,1441,4,15
5565,1441,8,17
5566,1441,4,0
5567,1442,17,24
5568,1442,14,11
5569,1442,7,24
5570,1442,7,16
5571,1443,11,4
5572,1444,22,1
5573,1444,17,5
5574,1444,16,22
5575,1444,3,18
5576,1444,0,15
5577,1444,19,12
5578,1445,6,12
5579,1445,20,10
5580,1445,10,2
5581,1445,2,0
5582,1445,19,6
5583,1445,21,15
5584,1446,0,23
5585,1446,13,10
5586,1447,10,4
5587,1447,11,14
5588,1447,10,9
5589,1447,0,6
5590,1447,1,10
5591,1447,15,13
5592,1447,20,0
5593,1447,22,15
5594,1447,6,20
5595,1447,3,0
5596,1447,17,3
5597,1448,20,23
5598,1448,23,15
5599,1448,2,9
5600,1449,3,16
5601,1449,16,1
5602,1449,21,15
5603,1450,12,2
5604,1450,4,0
5605,1450,23,2
5606,1450,22,0
5607,1451,2,13
5608,1451,0,19
5609,1451,16,24
5610,1451,15,13
5611,1451,2,23
5612,1452,12,22
5613,1452,1,10
5614,1452,16,1
5615,1452,16,2
5616,1452,15,8
5617,1452,20,17
5618,1452,21,9
5619,1453,8,0
5620,1453,23,4
5621,1454,13,24
5622,1454,2,12
5623,1454,16,7
5624,1454,3,5
5625,1455,16,3
5626,1455,10,18
5627,1455,8,0
5628,1455,23,15
5629,1455,13,6
5630,1455,24,16
5631,1456,24,3
5632,1456,0,14
5633,1456,13,22
5634,1456,5,4
5635,1456,18,2
5636,1456,11,24
5637,1457,21,8
5638,1457,5,19
5639,1458,1,23
5640,1458,3,23
5641,1458,13,22
5642,1458,21,9
5643,1458,3,24
5644,1458,13,4
5645,1458,24,18
5646,1458,9,21
5647,1459,0,6
5648,1459,9,2
5649,1459,22,5
5650,1459,4,1
5651,1460,20,11
5652,1460,22,9
5653,1460,2,23
5654,1460,13,4
5655,1460,6,9
5656,1460,13,9
5657,1461,5,24
5658,1462,6,12
5659,1462,24,3
5660,1463,23,6
5661,1464,5,4
5662,1464,3,18
5663,1465,18,11
5664,1465,8,12
5665,1465,22,14
5666,1465,2,22
5667,1465,1,21
5668,1465,4,15
5669,1466,9,24
5670,1466,11,8
5671,1466,3,17
5672,1466,22,9
5673,1467,19,0
5674,1467,6,12
5675,1467,19,13
5676,1467,6,13
5677,1467,1,13
5678,1468,8,12
5679,1468,15,12
5680,1469,4,20
5681,1469,15,9
5682,1469,4,15
5683,1469,21,24
5684,1469,20,17
5685,1469,14,12
5686,1469,10,16
5687,1470,8,24
5688,1470,11,17
5689,1470,11,1
5690,1470,20,10
5691,1470,9,13
5692,1471,3,14
5693,1471,0,11
5694,1471,17,24
5695,1472,8,4
5696,1472,12,14
5697,1472,12,20
5698,1473,3,7
5699,1473,23,8
5700,1473,4,18
5701,1473,20,13
5702,1474,3,15
5703,1474,16,5
5704,1474,3,7
5705,1475,6,8
5706,1475,22,18
5707,1475,10,18
5708,1475,15,0
5709,1476,18,4
5710,1476,10,19
5711,1476,19,13
5712,1476,2,22
5713,1477,3,22
5714,1477,17,7
5715,1477,9,6
5716,1477,23,3
5717,1478,10,19
5718,1478,12,10
5719,1478,12,16
5720,1478,19,17
5721,1478,3,12
5722,1478,6,14
5723,1478,3,21
5724,1479,20,5
5725,1479,22,9
5726,1479,10,17
5727,1479,6,9
5728,1480,12,23
5729,1480,7,4
5730,1480,13,21
5731,1480,10,12
5732,1480,0,10
5733,1481,4,1
5734,1481,17,10
5735,1481,1,24
5736,1481,7,22
5737,1482,16,7
5738,1482,12,8
5739,1482,7,13
5740,1483,22,9
5741,1483,14,12
5742,1483,9,11
5743,1483,16,22
5744,1483,21,11
5745,1483,21,5
5746,1483,0,9
5747,1483,2,18
5748,1483,7,19
5749,1484,8,0
5750,1484,15,17
5751,1484,8,23
5752,1484,20,14
5753,1484,21,24
5754,1484,4,20
5755,1484,15,9
5756,1484,15,12
5757,1485,11,18
5758,1485,0,12
5759,1485,0,4
5760,1485,8,16
5761,1485,18,20
5762,1485,4,2
5763,1486,12,0
5764,1486,11,4
5765,1486,13,23
5766,1486,9,3
5767,1486,16,24
5768,1487,4,7
5769,1487,3,14
5770,1487,2,9
5771,1487,14,4
5772,1487,23,19
5773,1487,19,20
5774,1487,23,13
5775,1487,2,15
5776,1488,21,23
5777,1488,11,8
5778,1488,9,10
5779,1488,6,9
5780,1488,4,1
5781,1488,11,4
5782,1488,21,5
5783,1489,16,13
5784,1489,9,16
5785,1489,1,21
5786,1489,0,8
5787,1490,0,17
5788,1490,23,5
5789,1490,12,5
5790,1490,14,4
5791,1490,10,9
5792,1490,3,10
5793,1491,9,5
5794,1491,1,24
5795,1491,17,0
5796,1491,10,12
5797,1491,14,18
5798,1492,14,15
5799,1492,17,13
5800,1492,24,9
5801,1493,5,1
5802,1493,16,3
5803,1493,15,13
5804,1493,15,5
5805,1493,17,11
5806,1494,15,8
5807,1494,10,23
5808,1494,22,12
5809,1495,3,6
5810,1495,24,0
5811,1495,23,2
5812,1495,18,4
5813,1495,16,12
5814,1495,19,11
5815,1496,6,9
5816,1496,14,22
5817,1496,20,17
5818,1497,7,17
5819,1497,13,15
5820,1497,5,18
5821,1498,6,18
5822,1498,2,21
5823,1498,18,16
5824,1499,23,8
5825,1499,14,20
5826,1499,18,2
5827,1500,3,13
5828,1500,23,14
5829,1500,5,16
5830,1500,5,18
5831,1500,18,5
5832,1501,11,9
5833,1501,20,24
5834,1501,6,23
5835,1501,17,24
5836,1501,22,2
5837,1502,19,3
5838,1502,22,3
5839,1503,2,18
5840,1503,10,14
5841,1503,2,13
5842,1503,18,15
5843,1504,17,24
5844,1504,3,14
5845,1504,19,0
5846,1504,23,7
5847,1504,23,5
5848,1504,23,1
5849,1505,22,4
5850,1505,11,20
5851,1506,16,23
5852,1506,16,4
5853,1507,23,16
5854,1507,2,12
5855,1507,4,17
5856,1507,17,3
5857,1508,10,22
5858,1508,4,17
5859,1508,23,12
5860,1508,22,20
5861,1508,11,0
5862,1508,3,1
5863,1509,2,0
5864,1509,5,9
5865,1509,17,7
5866,1510,16,4
5867,1510,18,1
5868,1510,12,2
5869,1510,0,3
5870,1511,12,4
5871,1511,16,4
5872,1511,22,0
5873,1512,12,24
5874,1512,17,24
5875,1512,8,2
5876,1512,14,15
5877,1512,12,1
5878,1513,19,13
5879,1513,9,2
5880,1514,15,0
5881,1514,23,12
5882,1514,4,6
5883,1515,20,17
5884,1515,9,1
5885,1515,12,9
5886,1515,12,2
5887,1516,20,18
5888,1516,20,24
5889,1516,12,14
5890,1516,11,23
5891,1516,0,20
5892,1516,16,24
5893,1516,21,19
5894,1517,16,22
5895,1517,4,12
5896,1518,1,13
5897,1518,12,20
5898,1519,7,3
5899,1519,4,5
5900,1519,4,19
5901,1519,14,18
5902,1520,8,4
5903,1520,11,20
5904,1520,16,2
5905,1520,14,17
5906,1520,6,17
5907,1521,6,14
5908,1522,1,15
5909,1522,6,0
5910,1522,16,12
5911,1522,15,5
5912,1522,12,24
5913,1522,5,20
5914,1522,6,16
5915,1522,15,22
5916,1523,21,19
5917,1523,12,3
5918,1523,7,22
5919,1524,14,2
5920,1524,14,10
5921,1524,2,6
5922,1525,8,2
5923,1525,14,16
5924,1525,19,7
5925,1526,0,3
5926,1526,1,24
5927,1526,13,4
5928,1526,2,19
5929,1527,13,3
5930,1527,1,7
5931,1528,2,20
5932,1528,1,8
5933,1528,20,22
5934,1528,3,5
5935,1528,14,15
5936,1528,5,4
5937,1528,16,14
5938,1529,24,0
5939,1529,17,5
5940,1529,10,3
5941,1529,14,12
5942,1530,9,21
5943,1531,18,2
5944,1531,22,2
5945,1531,17,23
5946,1531,14,20
5947,1531,1,18
5948,1532,24,14
5949,1532,11,4
5950,1532,22,0
5951,1532,7,14
5952,1532,18,16
5953,1532,0,11
5954,1533,1,15
5955,1533,20,16
5956,1533,3,24
5957,1534,3,15
5958,1534,14,12
5959,1534,16,2
5960,1534,18,7
5961,1534,14,18
5962,1534,12,1
5963,1535,19,4
5964,1535,8,21
5965,1535,8,17
5966,1536,5,17
5967,1536,14,16
5968,1536,22,7
5969,1537,23,21
5970,1537,7,17
5971,1537,10,17
5972,1537,20,9
5973,1537,18,3
5974,1538,14,7
5975,1538,20,18
5976,1538,15,7
5977,1538,8,5
5978,1538,24,7
5979,1539,8,4
5980,1539,8,18
5981,1539,15,14
5982,1539,9,17
5983,1539,3,7
5984,1540,2,19
5985,1540,9,18
5986,1541,24,16
5987,1541,19,22
5988,1541,22,8
5989,1543,23,17
5990,1543,16,4
5991,1543,2,11
5992,1543,7,20
5993,1544,16,7
5994,1544,8,21
5995,1544,13,0
5996,1544,21,4
5997,1544,7,19
5998,1544,6,3
5999,1545,2,23
6000,1545,4,1
6001,1545,11,17
6002,1546,2,9
6003,1546,10,2
6004,1546,6,21
6005,1546,19,0
6006,1547,0,4
6007,1547,0,17
6008,1547,5,24
6009,1547,14,2
6010,1547,5,19
6011,1547,5,16
6012,1547,5,1
6013,1547,17,20
6014,1548,4,20
6015,1548,20,5
6016,1548,23,19
6017,1548,18,6
6018,1549,22,11
6019,1549,0,17
6020,1549,18,24
6021,1550,23,10
6022,1550,3,15
6023,1551,20,18
6024,1551,9,21
6025,1552,24,20
6026,1552,8,4
6027,1553,7,22
6028,1553,6,12
6029,1553,15,13
6030,1553,0,18
6031,1554,14,24
6032,1554,4,17
6033,1554,18,15
6034,1556,24,15
6035,1557,3,16
6036,1558,3,21
6037,1558,1,19
6038,1558,15,9
6039,1558,21,19
6040,1558,19,13
6041,1558,15,6
6042,1559,23,8
6043,1560,15,17
6044,1560,8,12
6045,1560,17,4
6046,1560,5,4
6047,1560,3,24
6048,1560,19,15
6049,1561,3,12
6050,1561,21,12
6051,1561,11,8
6052,1562,6,16
6053,1562,16,22
6054,1562,6,14
6055,1562,6,12
6056,1562,18,7
6057,1562,24,8
6058,1563,9,10
6059,1563,7,17
6060,1563,6,12
6061,1563,9,13
6062,1563,23,19
6063,1563,16,4
6064,1563,22,2
6065,1563,16,5
6066,1563,5,14
6067,1564,15,1
6068,1564,23,20
6069,1565,22,0
6070,1565,19,8
6071,1565,16,0
6072,1565,2,0
6073,1566,14,4
6074,1566,3,10
6075,1566,3,24
6076,1566,20,12
6077,1566,5,1
6078,1567,15,2
6079,1567,23,8
6080,1567,20,8
6081,1567,9,2
6082,1567,15,7
6083,1568,23,1
6084,1568,19,0
6085,1568,14,22
6086,1568,15,19
6087,1568,5,17
6088,1568,1,3
6089,1569,11,17
6090,1569,0,24
6091,1569,20,8
6092,1570,1,23
6093,1570,10,0
6094,1570,17,15
6095,1570,12,14
6096,1570,9,5
6097,1570,14,15
6098,1571,10,23
6099,1571,21,13
6100,1571,3,10
6101,1573,22,2
6102,1573,11,23
6103,1573,10,7
6104,1574,16,2
6105,1574,14,3
6106,1574,0,11
6107,1574,10,1
6108,1574,1,9
6109,1574,8,11
6110,1574,21,5
6111,1574,10,21
6112,1574,10,8
6113,1574,18,0
6114,1574,10,12
6115,1575,19,22
6116,1575,10,20
6117,1576,10,1
6118,1576,8,21
6119,1576,2,13
6120,1576,5,22
6121,1576,23,5
6122,1576,3,16
6123,1577,19,3
6124,1577,3,21
6125,1577,2,6
6126,1577,18,22
6127,1577,14,10
6128,1578,13,24
6129,1578,23,9
6130,1578,18,4
6131,1578,16,7
6132,1578,2,4
6133,1578,24,16
6134,1579,0,10
6135,1580,13,19
6136,1580,1,13
6137,1580,22,3
6138,1580,4,13
6139,1580,24,5
6140,1580,22,8
6141,1580,22,15
6142,1581,7,13
6143,1582,20,6
6144,1582,1,22
6145,1582,13,9
6146,1582,14,4
6147,1582,24,11
6148,1583,24,13
6149,1583,14,24
6150,1584,4,20
6151,1584,17,13
6152,1584,11,22
6153,1585,20,2
6154,1585,22,3
6155,1585,19,10
6156,1586,3,22
6157,1586,14,18
6158,1586,23,3
6159,1586,22,9
6160,1587,16,22
6161,1587,2,9
6162,1587,19,15
6163,1587,9,11
6164,1587,12,20
6165,1587,17,3
6166,1588,20,8
6167,1588,16,12
6168,1588,22,13
6169,1589,5,2
6170,1589,11,7
6171,1589,4,10
6172,1589,16,18
6173,1589,23,7
6174,1589,6,22
6175,1589,9,1
6176,1590,9,21
6177,1591,10,23
6178,1591,15,11
6179,1591,8,18
6180,1591,11,15
6181,1592,12,8
6182,1592,15,1
6183,1592,0,11
6184,1592,8,17
6185,1592,9,1
6186,1592,22,5
6187,1593,2,19
6188,1593,18,22
6189,1594,23,11
6190,1594,14,1
6191,1594,19,23
6192,1594,24,3
6193,1594,23,9
6194,1595,11,24
6195,1595,0,21
6196,1595,4,23
6197,1595,14,11
6198,1595,10,12
6199,1596,1,22
6200,1596,18,16
6201,1597,7,3
6202,1597,13,6
6203,1597,24,18
6204,1598,24,2
6205,1599,5,4
6206,1600,24,6
6207,1600,5,11
6208,1600,11,2
6209,1600,2,24
6210,1601,3,5
6211,1601,10,13
6212,1602,21,3
6213,1602,2,5
6214,1602,22,3
6215,1602,6,17
6216,1602,3,22
6217,1602,7,4
6218,1602,11,18
6219,1603,24,20
6220,1603,19,6
6221,1604,6,17
6222,1604,21,4
6223,1604,10,17
6224,1604,13,22
6225,1604,15,23
6226,1604,6,21
6227,1604,7,10
6228,1604,12,16
6229,1605,5,21
6230,1605,20,10
6231,1606,19,20
6232,1606,10,24
6233,1606,0,23
6234,1607,9,7
6235,1607,4,5
6236,1607,0,6
6237,1608,13,6
6238,1608,5,24
6239,1608,6,18
6240,1608,13,6
6241,1608,23,15
6242,1609,2,9
6243,1609,5,18
6244,1609,7,10
6245,1609,9,10
6246,1609,24,5
6247,1610,0,20
6248,1610,5,24
6249,1610,6,17
6250,1610,16,20
6251,1611,3,17
6252,1611,6,17
6253,1611,14,12
6254,1611,1,5
6255,1612,11,4
6256,1612,17,20
6257,1612,10,19
6258,1613,20,3
6259,1613,24,20
6260,1613,1,12
6261,1614,4,8
6262,1614,16,4
6263,1614,5,23
6264,1614,16,8
6265,1614,15,23
6266,1615,21,10
6267,1615,0,6
6268,1616,24,6
6269,1616,13,7
6270,1616,12,18
6271,1616,3,6
6272,1616,2,0
6273,1616,14,20
6274,1616,6,17
6275,1617,9,17
6276,1617,19,2
6277,1617,12,23
6278,1617,2,18
6279,1617,2,20
6280,1617,19,6
6281,1618,20,5
6282,1618,9,19
6283,1618,18,9
6284,1618,24,1
6285,1618,1,9
6286,1618,14,23
6287,1619,13,4
6288,1619,13,4
6289,1619,19,16
6290,1619,21,2
6291,1619,4,19
6292,1620,15,1
6293,1620,9,19
6294,1621,5,7
6295,1621,16,10
6296,1621,13,15
6297,1621,17,14
6298,1621,24,8
6299,1621,13,1
6300,1621,0,17
6301,1622,7,11
6302,1622,20,14
6303,1622,11,14
6304,1622,8,17
6305,1622,19,7
6306,1623,10,12
6307,1623,5,7
6308,1623,17,24
6309,1623,11,0
6310,1623,12,10
6311,1624,14,12
6312,1624,17,1
6313,1624,21,11
6314,1627,12,18
6315,1627,6,13
6316,1627,21,17
6317,1628,20,7
6318,1628,4,6
6319,1628,20,9
6320,1628,22,18
6321,1628,20,17
6322,1628,18,16
6323,1628,21,3
6324,1628,19,0
6325,1629,19,3
6326,1629,15,23
6327,1629,9,13
6328,1629,1,23
6329,1629,20,0
6330,1629,12,20
6331,1629,14,23
6332,1630,23,13
6333,1630,8,17
6334,1630,4,0
6335,1630,0,17
6336,1630,13,0
6337,1631,15,1
6338,1631,11,3
6339,1631,2,17
6340,1632,5,22
6341,1632,0,9
6342,1632,18,20
6343,1632,0,7
6344,1632,13,5
6345,1632,6,21
6346,1633,3,13
6347,1634,18,16
6348,1634,20,6
6349,1634,18,5
6350,1634,2,20
6351,1635,24,1
6352,1635,8,18
6353,1635,15,23
6354,1635,8,24
6355,1635,0,20
6356,1636,11,1
6357,1636,22,14
6358,1637,22,24
6359,1637,6,10
6360,1637,9,7
6361,1638,13,1
6362,1638,3,20
6363,1639,0,7
6364,1639,11,18
6365,1639,6,21
6366,1640,18,1
6367,1640,11,3
6368,1640,14,3
6369,1641,4,6
6370,1641,8,23
6371,1641,9,23
6372,1641,24,18
6373,1641,17,10
6374,1641,19,10
6375,1642,22,3
6376,1642,22,15
6377,1642,4,1
6378,1642,22,3
6379,1642,14,17
6380,1643,3,9
6381,1643,11,19
6382,1644,2,20
6383,1644,4,12
6384,1644,17,7
6385,1645,21,14
6386,1645,0,8
6387,1646,6,9
6388,1646,14,22
6389,1646,17,9
6390,1647,23,7
6391,1647,23,7
6392,1647,10,13
6393,1647,15,6
6394,1648,23,7
6395,1648,15,18
6396,1648,13,24
6397,1648,19,21
6398,1649,10,14
6399,1649,16,8
6400,1649,17,1
6401,1649,1,22
6402,1650,1,20
6403,1650,1,24
6404,1650,6,2
6405,1651,14,23
6406,1651,1,3
6407,1651,15,11
6408,1651,9,2
6409,1652,18,14
6410,1652,20,7
6411,1652,3,16
6412,1652,12,8
6413,1653,1,3
6414,1653,23,19
6415,1653,3,12
6416,1654,22,3
6417,1654,22,12
6418,1655,3,10
6419,1655,2,20
6420,1655,14,8
6421,1655,4,18
6422,1655,16,20
6423,1656,3,17
6424,1656,14,8
6425,1656,7,13
6426,1656,7,5
6427,1656,19,11
6428,1656,5,20
6429,1658,9,0
6430,1658,13,7
6431,1658,0,22
6432,1658,22,12
6433,1659,3,9
6434,1660,16,12
6435,1660,3,16
6436,1660,3,9
6437,1660,22,5
6438,1661,21,10
6439,1662,7,20
6440,1662,7,15
6441,1662,5,8
6442,1662,15,5
6443,1662,17,7
6444,1663,14,7
6445,1663,9,15
6446,1663,5,8
6447,1663,17,14
6448,1664,17,8
6449,1664,5,24
6450,1664,19,6
6451,1664,11,13
6452,1664,9,20
6453,1665,23,7
6454,1665,1,4
6455,1665,15,8
6456,1665,23,21
6457,1666,23,14
6458,1666,9,13
6459,1666,12,24
6460,1666,0,16
6461,1666,2,6
6462,1666,13,7
6463,1666,5,15
6464,1666,19,10
6465,1667,20,13
6466,1667,12,18
6467,1667,24,6
6468,1667,16,7
6469,1668,13,1
6470,1668,3,16
6471,1668,0,20
6472,1669,19,3
6473,1669,8,6
6474,1669,1,13
6475,1669,10,18
6476,1669,1,10
6477,1669,17,10
6478,1670,13,3
6479,1670,5,16
6480,1671,16,12
6481,1671,24,0
6482,1672,19,13
6483,1672,19,17
6484,1672,23,6
6485,1672,6,21
6486,1673,8,11
6487,1673,18,21
6488,1673,10,21
6489,1673,16,6
6490,1673,8,5
6491,1673,4,2
6492,1673,14,18
6493,1673,17,6
6494,1674,19,22
6495,1674,1,20
6496,1674,1,22
6497,1674,16,9
6498,1674,11,0
6499,1674,20,1
6500,1675,23,5
6501,1675,10,16
6502,1676,1,3
6503,1676,19,7
6504,1676,17,19
6505,1676,18,22
6506,1676,11,18
6507,1676,1,23
6508,1677,8,20
6509,1678,21,5
6510,1678,15,24
6511,1678,21,12
6512,1679,15,22
6513,1679,21,18
6514,1679,22,18
6515,1680,2,6
6516,1680,12,20
6517,1680,1,22
6518,1681,0,17
6519,1681,10,4
6520,1681,0,6
6521,1681,11,1
6522,1681,20,0
6523,1681,1,16
6524,1681,2,9
6525,1682,0,17
6526,1682,15,7
6527,1683,13,7
6528,1683,21,24
6529,1683,9,11
6530,1683,5,12
6531,1684,0,14
6532,1684,10,9
6533,1685,0,8
6534,1685,13,20
6535,1686,14,11
6536,1686,1,9
6537,1686,6,9
6538,1686,14,4
6539,1686,18,10
6540,1686,18,2
6541,1686,23,9
6542,1687,0,4
6543,1687,19,2
6544,1688,9,18
6545,1688,19,23
6546,1688,3,6
6547,1688,16,13
6548,1688,6,19
6549,1689,0,10
6550,1689,19,17
6551,1689,12,20
6552,1689,0,7
6553,1690,15,21
6554,1690,19,2
6555,1690,23,0
6556,1690,9,20
6557,1690,19,10
6558,1691,3,7
6559,1691,5,2
6560,1691,15,1
6561,1691,2,9
6562,1692,20,12
6563,1692,2,13
6564,1692,12,22
6565,1692,15,17
6566,1693,4,1
6567,1693,20,8
6568,1693,0,7
6569,1693,18,16
6570,1693,10,3
6571,1694,6,18
6572,1694,8,12
6573,1695,9,1
6574,1695,7,3
6575,1695,21,6
6576,1695,12,5
6577,1695,2,6
6578,1695,4,1
6579,1696,24,9
6580,1696,1,19
6581,1696,9,22
6582,1696,15,3
6583,1696,22,10
6584,1696,16,10
6585,1696,5,19
6586,1697,1,23
6587,1697,6,24
6588,1698,9,19
6589,1698,5,16
6590,1698,8,11
6591,1698,11,15
6592,1698,20,11
6593,1699,9,15
6594,1699,24,21
6595,1699,18,12
6596,1699,22,11
6597,1699,4,20
6598,1699,17,10
6599,1700,19,22
6600,1700,23,15
6601,1700,2,22
6602,1700,2,23
6603,1700,12,0
6604,1700,20,3
6605,1700,2,4
6606,1701,14,22
6607,1701,18,14
6608,1701,17,4
6609,1702,6,0
6610,1702,24,7
6611,1702,18,3
6612,1702,7,18
6613,1702,22,1
6614,1702,24,5
6615,1703,1,12
6616,1703,22,3
6617,1704,3,0
6618,1704,4,7
6619,1706,15,17
6620,1706,8,2
6621,1706,21,5
6622,1707,12,18
6623,1708,7,14
6624,1708,15,22
6625,1708,11,9
6626,1708,1,15
6627,1709,4,5
6628,1709,4,19
6629,1709,22,3
6630,1709,10,13
6631,1709,4,16
6632,1710,13,15
6633,1710,7,23
6634,1710,15,12
6635,1710,12,3
6636,1710,15,9
6637,1710,12,24
6638,1710,24,8
6639,1710,2,23
6640,1710,7,5
6641,1711,22,16
6642,1711,11,20
6643,1711,9,5
6644,1711,17,14
6645,1712,10,8
6646,1712,5,15
6647,1712,4,12
6648,1712,1,18
6649,1712,18,2
6650,1712,2,24
6651,1713,15,2
6652,1713,13,10
6653,1713,23,7
6654,1714,21,3
6655,1714,21,18
6656,1714,4,7
6657,1714,3,11
6658,1714,7,10
6659,1715,2,21
6660,1715,0,4
6661,1716,5,1
6662,1716,3,19
6663,1716,8,24
6664,1716,2,0
6665,1716,22,19
6666,1716,11,0
6667,1717,23,7
6668,1717,23,7
6669,1717,5,24
6670,1717,6,8
6671,1717,1,3
6672,1717,18,6
6673,1718,15,14
6674,1718,11,22
6675,1718,20,13
6676,1718,12,4
6677,1719,3,1
6678,1719,9,13
6679,1719,7,17
6680,1719,0,4
6681,1720,21,15
6682,1720,9,21
6683,1721,1,12
6684,1721,8,10
6685,1722,11,7
6686,1722,14,4
6687,1722,22,11
6688,1722,23,10
6689,1722,9,17
6690,1722,9,22
6691,1723,12,14
6692,1723,14,3
6693,1723,22,24
6694,1724,8,10
6695,1724,21,2
6696,1724,20,5
6697,1724,1,22
6698,1724,4,13
6699,1724,22,0
6700,1725,23,5
6701,1725,10,9
6702,1725,16,24
6703,1725,11,5
6704,1725,5,13
6705,1726,1,17
6706,1726,4,20
6707,1727,12,21
6708,1727,5,18
6709,1727,18,5
6710,1727,11,15
6711,1728,2,8
6712,1728,10,13
6713,1728,0,12
6714,1728,3,22
6715,1729,8,17
6716,1729,22,8
6717,1729,3,18
6718,1730,10,17
6719,1730,4,18
6720,1731,5,1
6721,1731,18,11
6722,1731,11,1
6723,1731,19,0
6724,1732,12,0
6725,1732,3,7
6726,1732,14,0
6727,1732,3,16
6728,1732,16,24
6729,1732,22,18
6730,1732,3,13
6731,1732,3,1
6732,1732,12,6
6733,1733,9,2
6734,1733,23,3
6735,1733,23,14
6736,1734,14,17
6737,1734,15,19
6738,1734,20,12
6739,1734,7,20
6740,1735,17,14
6741,1735,0,9
6742,1736,24,4
6743,1736,0,24
6744,1736,8,18
6745,1737,10,8
6746,1737,24,10
6747,1737,8,23
6748,1737,12,9
6749,1737,3,12
6750,1737,22,19
6751,1738,5,13
6752,1738,24,9
6753,1739,10,19
6754,1739,2,12
6755,1739,6,21
6756,1739,2,16
6757,1740,20,7
6758,1740,19,10
6759,1740,12,1
6760,1740,4,0
6761,1742,20,13
6762,1742,12,5
6763,1742,2,12
6764,1742,8,24
6765,1744,10,7
6766,1744,3,16
6767,1744,0,10
6768,1745,3,17
6769,1745,11,13
6770,1745,9,3
6771,1746,3,9
6772,1746,0,4
6773,1746,7,0
6774,1746,22,5
6775,1747,13,6
6776,1747,20,2
6777,1747,0,23
6778,1747,15,17
6779,1747,19,9
6780,1748,2,5
6781,1748,11,21
6782,1748,10,18
6783,1748,4,2
6784,1748,17,0
6785,1748,3,13
6786,1749,0,20
6787,1749,5,1
6788,1749,18,0
6789,1749,1,13
6790,1749,24,6
6791,1750,19,7
6792,1750,1,17
6793,1750,15,8
6794,1750,5,24
6795,1750,4,15
6796,1751,4,13
6797,1751,18,8
6798,1751,24,2
6799,1751,3,24
6800,1751,19,4
6801,1751,23,11
6802,1751,13,19
6803,1752,8,22
6804,1752,11,5
6805,1752,8,20
6806,1752,7,17
6807,1752,16,13
6808,1753,1,17
6809,1753,4,1
6810,1753,22,5
6811,1754,21,13
6812,1754,2,10
6813,1754,8,2
6814,1755,12,19
6815,1755,21,12
6816,1755,5,3
6817,1755,24,14
6818,1756,23,3
6819,1756,8,11
6820,1756,8,22
6821,1757,23,2
6822,1757,3,10
6823,1757,7,4
6824,1758,6,23
6825,1759,3,21
6826,1759,8,17
6827,1759,12,4
6828,1760,16,2
6829,1760,6,18
6830,1760,21,24
6831,1760,5,22
6832,1760,24,13
6833,1760,24,16
6834,1761,22,9
6835,1761,12,21
6836,1761,13,23
6837,1762,17,24
6838,1762,20,16
6839,1762,1,15
6840,1762,0,18
6841,1763,16,7
6842,1763,10,16
6843,1763,17,10
6844,1764,4,24
6845,1764,14,16
6846,1764,2,13
6847,1764,0,2
6848,1764,23,8
6849,1764,18,0
6850,1764,6,17
6851,1764,19,2
6852,1765,24,15
6853,1765,19,2
6854,1765,3,20
6855,1765,12,10
6856,1765,23,4
6857,1766,2,17
6858,1766,19,8
6859,1766,22,16
6860,1767,14,12
6861,1767,24,5
6862,1767,1,12
6863,1767,8,23
6864,1767,12,4
6865,1767,21,5
6866,1768,9,7
6867,1768,13,10
6868,1768,8,4
6869,1768,1,20
6870,1769,9,17
6871,1769,0,23
6872,1769,3,17
6873,1769,13,23
6874,1769,0,12
6875,1769,6,9
6876,1769,20,14
6877,1769,10,8
6878,1770,23,17
6879,1770,22,4
6880,1770,7,11
6881,1770,8,22
6882,1770,3,19
6883,1771,19,22
6884,1771,8,11
6885,1771,11,20
6886,1772,14,17
6887,1772,12,1
6888,1772,13,23
6889,1772,13,17
6890,1772,2,6
6891,1772,19,21
6892,1773,14,6
6893,1773,15,18
6894,1773,4,17
6895,1774,10,12
6896,1774,14,1
6897,1775,21,11
6898,1775,6,21
6899,1776,12,0
6900,1776,20,12
6901,1776,11,0
6902,1776,24,12
6903,1776,14,4
6904,1776,3,13
6905,1777,17,1
6906,1777,10,18
6907,1777,14,1
6908,1777,21,9
6909,1777,23,4
6910,1777,0,4
6911,1777,21,14
6912,1778,3,14
6913,1778,22,14
6914,1778,14,18
6915,1779,23,1
6916,1779,8,15
6917,1779,23,20
6918,1780,23,20
6919,1780,20,4
6920,1780,2,12
6921,1781,21,0
6922,1781,10,18
6923,1781,20,2
6924,1781,11,5
6925,1781,7,9
6926,1781,1,8
6927,1782,18,9
6928,1782,14,24
6929,1782,8,16
6930,1782,11,15
6931,1782,9,2
6932,1782,18,22
6933,1782,11,4
6934,1783,5,3
6935,1783,9,19
6936,1783,14,10
6937,1784,15,6
6938,1784,1,21
6939,1784,21,4
6940,1784,1,18
6941,1785,1,13
6942,1785,23,15
6943,1785,5,16
6944,1786,11,13
6945,1786,0,17
6946,1786,12,15
6947,1786,15,12
6948,1786,4,1
6949,1786,16,9
6950,1786,6,19
6951,1787,10,9
6952,1787,24,18
6953,1787,8,5
6954,1787,14,11
6955,1787,4,16
6956,1787,4,11
6957,1788,9,7
6958,1788,22,12
6959,1788,14,18
6960,1789,7,9
6961,1789,22,1
6962,1789,23,1
6963,1789,7,15
6964,1790,20,10
6965,1791,4,14
6966,1791,2,24
6967,1791,24,13
6968,1792,2,24
6969,1792,14,11
6970,1792,20,13
6971,1792,11,9
6972,1793,9,13
6973,1794,4,20
6974,1794,14,3
6975,1794,7,4
6976,1795,23,16
6977,1795,19,22
6978,1795,8,0
6979,1796,8,1
6980,1796,23,1
6981,1796,3,24
6982,1796,21,24
6983,1797,21,0
6984,1797,16,10
6985,1797,18,21
6986,1798,22,19
6987,1798,24,20
6988,1798,21,14
6989,1798,10,21
6990,1798,21,3
6991,1799,15,22
6992,1799,9,24
6993,1799,14,0
6994,1799,23,11
6995,1799,15,1
